trial,exp,algorithm,top_k,query,recall_at_k,ndcg_at_k,kendall_tau
1,E,Scrambling,1,what is non controlling interest on balance sheet,1.0,1.0,1.0
1,E,Scrambling,1,how many episodes are in chicago fire season 4,1.0,1.0,1.0
1,E,Scrambling,1,who sings love will keep us alive by the eagles,1.0,1.0,1.0
1,E,Scrambling,1,who is the leader of the ontario pc party,1.0,1.0,1.0
1,E,Scrambling,1,nitty gritty dirt band fishin in the dark album,1.0,1.0,1.0
1,E,Scrambling,1,who were the three elves who got rings,1.0,1.0,1.0
1,E,Scrambling,1,converting stereo signal to mono signal is called,1.0,1.0,1.0
1,E,Scrambling,1,in order to prove disparate impact you first must establish,1.0,1.0,1.0
1,E,Scrambling,1,where do characters live in this is us,1.0,1.0,1.0
1,E,Scrambling,1,who makes the decisions about what to produce in a market economy,1.0,1.0,1.0
1,E,Scrambling,5,what is non controlling interest on balance sheet,1.0,1.0,1.0
1,E,Scrambling,5,how many episodes are in chicago fire season 4,1.0,1.0,1.0
1,E,Scrambling,5,who sings love will keep us alive by the eagles,1.0,1.0,1.0
1,E,Scrambling,5,who is the leader of the ontario pc party,1.0,1.0,1.0
1,E,Scrambling,5,nitty gritty dirt band fishin in the dark album,1.0,1.0,1.0
1,E,Scrambling,5,who were the three elves who got rings,1.0,1.0,1.0
1,E,Scrambling,5,converting stereo signal to mono signal is called,1.0,1.0,1.0
1,E,Scrambling,5,in order to prove disparate impact you first must establish,1.0,1.0,1.0
1,E,Scrambling,5,where do characters live in this is us,1.0,1.0,1.0
1,E,Scrambling,5,who makes the decisions about what to produce in a market economy,1.0,1.0,1.0
1,E,Scrambling,10,what is non controlling interest on balance sheet,1.0,1.0,1.0
1,E,Scrambling,10,how many episodes are in chicago fire season 4,1.0,1.0,1.0
1,E,Scrambling,10,who sings love will keep us alive by the eagles,1.0,1.0,1.0
1,E,Scrambling,10,who is the leader of the ontario pc party,1.0,1.0,1.0
1,E,Scrambling,10,nitty gritty dirt band fishin in the dark album,1.0,1.0,1.0
1,E,Scrambling,10,who were the three elves who got rings,1.0,1.0,1.0
1,E,Scrambling,10,converting stereo signal to mono signal is called,1.0,1.0,1.0
1,E,Scrambling,10,in order to prove disparate impact you first must establish,1.0,1.0,1.0
1,E,Scrambling,10,where do characters live in this is us,1.0,1.0,1.0
1,E,Scrambling,10,who makes the decisions about what to produce in a market economy,1.0,1.0,1.0
1,E,Scrambling,20,what is non controlling interest on balance sheet,1.0,1.0,1.0
1,E,Scrambling,20,how many episodes are in chicago fire season 4,1.0,1.0,1.0
1,E,Scrambling,20,who sings love will keep us alive by the eagles,1.0,1.0,1.0
1,E,Scrambling,20,who is the leader of the ontario pc party,1.0,1.0,1.0
1,E,Scrambling,20,nitty gritty dirt band fishin in the dark album,1.0,1.0,1.0
1,E,Scrambling,20,who were the three elves who got rings,1.0,1.0,1.0
1,E,Scrambling,20,converting stereo signal to mono signal is called,1.0,1.0,1.0
1,E,Scrambling,20,in order to prove disparate impact you first must establish,1.0,1.0,1.0
1,E,Scrambling,20,where do characters live in this is us,1.0,1.0,1.0
1,E,Scrambling,20,who makes the decisions about what to produce in a market economy,1.0,1.0,1.0
1,E,Scrambling,50,what is non controlling interest on balance sheet,1.0,1.0,1.0
1,E,Scrambling,50,how many episodes are in chicago fire season 4,1.0,1.0,1.0
1,E,Scrambling,50,who sings love will keep us alive by the eagles,1.0,1.0,1.0
1,E,Scrambling,50,who is the leader of the ontario pc party,1.0,1.0,1.0
1,E,Scrambling,50,nitty gritty dirt band fishin in the dark album,1.0,1.0,1.0
1,E,Scrambling,50,who were the three elves who got rings,1.0,1.0,1.0
1,E,Scrambling,50,converting stereo signal to mono signal is called,1.0,1.0,1.0
1,E,Scrambling,50,in order to prove disparate impact you first must establish,1.0,1.0,1.0
1,E,Scrambling,50,where do characters live in this is us,1.0,1.0,1.0
1,E,Scrambling,50,who makes the decisions about what to produce in a market economy,1.0,1.0,1.0
1,E,Noise,1,what is non controlling interest on balance sheet,1.0,1.0,1.0
1,E,Noise,1,how many episodes are in chicago fire season 4,1.0,1.0,1.0
1,E,Noise,1,who sings love will keep us alive by the eagles,1.0,1.0,1.0
1,E,Noise,1,who is the leader of the ontario pc party,1.0,1.0,1.0
1,E,Noise,1,nitty gritty dirt band fishin in the dark album,1.0,1.0,1.0
1,E,Noise,1,who were the three elves who got rings,1.0,1.0,1.0
1,E,Noise,1,converting stereo signal to mono signal is called,1.0,1.0,1.0
1,E,Noise,1,in order to prove disparate impact you first must establish,1.0,1.0,1.0
1,E,Noise,1,where do characters live in this is us,1.0,1.0,1.0
1,E,Noise,1,who makes the decisions about what to produce in a market economy,1.0,1.0,1.0
1,E,Noise,5,what is non controlling interest on balance sheet,1.0,1.0,0.8
1,E,Noise,5,how many episodes are in chicago fire season 4,1.0,1.0,0.8
1,E,Noise,5,who sings love will keep us alive by the eagles,0.8,0.9998,1.0
1,E,Noise,5,who is the leader of the ontario pc party,1.0,1.0,1.0
1,E,Noise,5,nitty gritty dirt band fishin in the dark album,1.0,1.0,1.0
1,E,Noise,5,who were the three elves who got rings,1.0,1.0,1.0
1,E,Noise,5,converting stereo signal to mono signal is called,1.0,0.9999,0.8
1,E,Noise,5,in order to prove disparate impact you first must establish,1.0,0.9999,0.8
1,E,Noise,5,where do characters live in this is us,1.0,1.0,1.0
1,E,Noise,5,who makes the decisions about what to produce in a market economy,1.0,1.0,1.0
1,E,Noise,10,what is non controlling interest on balance sheet,1.0,1.0,0.9556
1,E,Noise,10,how many episodes are in chicago fire season 4,1.0,1.0,0.9111
1,E,Noise,10,who sings love will keep us alive by the eagles,0.9,0.9999,0.9556
1,E,Noise,10,who is the leader of the ontario pc party,0.9,0.9998,0.9556
1,E,Noise,10,nitty gritty dirt band fishin in the dark album,1.0,1.0,0.9556
1,E,Noise,10,who were the three elves who got rings,1.0,1.0,0.9556
1,E,Noise,10,converting stereo signal to mono signal is called,1.0,0.9999,0.9556
1,E,Noise,10,in order to prove disparate impact you first must establish,1.0,0.9999,0.9556
1,E,Noise,10,where do characters live in this is us,1.0,1.0,1.0
1,E,Noise,10,who makes the decisions about what to produce in a market economy,1.0,1.0,1.0
1,E,Noise,20,what is non controlling interest on balance sheet,1.0,1.0,0.9684
1,E,Noise,20,how many episodes are in chicago fire season 4,1.0,1.0,0.9684
1,E,Noise,20,who sings love will keep us alive by the eagles,1.0,1.0,0.9789
1,E,Noise,20,who is the leader of the ontario pc party,1.0,1.0,0.9474
1,E,Noise,20,nitty gritty dirt band fishin in the dark album,1.0,1.0,0.9684
1,E,Noise,20,who were the three elves who got rings,1.0,1.0,0.9895
1,E,Noise,20,converting stereo signal to mono signal is called,1.0,0.9999,0.9895
1,E,Noise,20,in order to prove disparate impact you first must establish,1.0,0.9999,0.9789
1,E,Noise,20,where do characters live in this is us,1.0,1.0,0.9895
1,E,Noise,20,who makes the decisions about what to produce in a market economy,1.0,1.0,0.9789
1,E,Noise,50,what is non controlling interest on balance sheet,1.0,1.0,0.9576
1,E,Noise,50,how many episodes are in chicago fire season 4,1.0,1.0,0.982
1,E,Noise,50,who sings love will keep us alive by the eagles,1.0,1.0,0.9804
1,E,Noise,50,who is the leader of the ontario pc party,1.0,1.0,0.982
1,E,Noise,50,nitty gritty dirt band fishin in the dark album,1.0,1.0,0.9902
1,E,Noise,50,who were the three elves who got rings,1.0,1.0,0.9804
1,E,Noise,50,converting stereo signal to mono signal is called,1.0,1.0,0.9902
1,E,Noise,50,in order to prove disparate impact you first must establish,0.98,0.9904,0.983
1,E,Noise,50,where do characters live in this is us,1.0,1.0,0.9918
1,E,Noise,50,who makes the decisions about what to produce in a market economy,1.0,1.0,0.9771
1,E,Combined,1,what is non controlling interest on balance sheet,0.0,0.9987,1.0
1,E,Combined,1,how many episodes are in chicago fire season 4,1.0,1.0,1.0
1,E,Combined,1,who sings love will keep us alive by the eagles,1.0,1.0,1.0
1,E,Combined,1,who is the leader of the ontario pc party,1.0,1.0,1.0
1,E,Combined,1,nitty gritty dirt band fishin in the dark album,1.0,1.0,1.0
1,E,Combined,1,who were the three elves who got rings,0.0,0.9992,1.0
1,E,Combined,1,converting stereo signal to mono signal is called,1.0,1.0,1.0
1,E,Combined,1,in order to prove disparate impact you first must establish,1.0,1.0,1.0
1,E,Combined,1,where do characters live in this is us,1.0,1.0,1.0
1,E,Combined,1,who makes the decisions about what to produce in a market economy,1.0,1.0,1.0
1,E,Combined,5,what is non controlling interest on balance sheet,0.8,0.9994,0.8
1,E,Combined,5,how many episodes are in chicago fire season 4,1.0,1.0,1.0
1,E,Combined,5,who sings love will keep us alive by the eagles,1.0,1.0,1.0
1,E,Combined,5,who is the leader of the ontario pc party,1.0,1.0,1.0
1,E,Combined,5,nitty gritty dirt band fishin in the dark album,1.0,1.0,1.0
1,E,Combined,5,who were the three elves who got rings,1.0,0.9999,0.8
1,E,Combined,5,converting stereo signal to mono signal is called,1.0,1.0,1.0
1,E,Combined,5,in order to prove disparate impact you first must establish,1.0,1.0,1.0
1,E,Combined,5,where do characters live in this is us,1.0,1.0,1.0
1,E,Combined,5,who makes the decisions about what to produce in a market economy,1.0,1.0,1.0
1,E,Combined,10,what is non controlling interest on balance sheet,1.0,0.9999,0.9111
1,E,Combined,10,how many episodes are in chicago fire season 4,0.9,0.9993,0.9111
1,E,Combined,10,who sings love will keep us alive by the eagles,1.0,1.0,1.0
1,E,Combined,10,who is the leader of the ontario pc party,1.0,1.0,1.0
1,E,Combined,10,nitty gritty dirt band fishin in the dark album,1.0,1.0,0.9556
1,E,Combined,10,who were the three elves who got rings,1.0,0.9999,0.9556
1,E,Combined,10,converting stereo signal to mono signal is called,1.0,1.0,1.0
1,E,Combined,10,in order to prove disparate impact you first must establish,1.0,1.0,0.9556
1,E,Combined,10,where do characters live in this is us,1.0,1.0,1.0
1,E,Combined,10,who makes the decisions about what to produce in a market economy,1.0,1.0,1.0
1,E,Combined,20,what is non controlling interest on balance sheet,1.0,0.9999,0.9579
1,E,Combined,20,how many episodes are in chicago fire season 4,1.0,1.0,0.9579
1,E,Combined,20,who sings love will keep us alive by the eagles,1.0,1.0,1.0
1,E,Combined,20,who is the leader of the ontario pc party,0.95,0.9999,0.9895
1,E,Combined,20,nitty gritty dirt band fishin in the dark album,1.0,1.0,0.9789
1,E,Combined,20,who were the three elves who got rings,1.0,1.0,0.9895
1,E,Combined,20,converting stereo signal to mono signal is called,1.0,1.0,0.9789
1,E,Combined,20,in order to prove disparate impact you first must establish,1.0,1.0,0.9684
1,E,Combined,20,where do characters live in this is us,1.0,1.0,0.9895
1,E,Combined,20,who makes the decisions about what to produce in a market economy,1.0,1.0,0.9789
1,E,Combined,50,what is non controlling interest on balance sheet,1.0,0.9999,0.9722
1,E,Combined,50,how many episodes are in chicago fire season 4,0.98,0.9904,0.9745
1,E,Combined,50,who sings love will keep us alive by the eagles,0.98,0.9903,0.9711
1,E,Combined,50,who is the leader of the ontario pc party,1.0,1.0,0.9853
1,E,Combined,50,nitty gritty dirt band fishin in the dark album,1.0,1.0,0.9951
1,E,Combined,50,who were the three elves who got rings,1.0,1.0,0.982
1,E,Combined,50,converting stereo signal to mono signal is called,1.0,1.0,0.9837
1,E,Combined,50,in order to prove disparate impact you first must establish,1.0,1.0,0.9902
1,E,Combined,50,where do characters live in this is us,1.0,1.0,0.9853
1,E,Combined,50,who makes the decisions about what to produce in a market economy,1.0,1.0,0.9837
1,E,Rome,1,what is non controlling interest on balance sheet,1.0,1.0,1.0
1,E,Rome,1,how many episodes are in chicago fire season 4,1.0,1.0,1.0
1,E,Rome,1,who sings love will keep us alive by the eagles,1.0,1.0,1.0
1,E,Rome,1,who is the leader of the ontario pc party,1.0,1.0,1.0
1,E,Rome,1,nitty gritty dirt band fishin in the dark album,1.0,1.0,1.0
1,E,Rome,1,who were the three elves who got rings,1.0,1.0,1.0
1,E,Rome,1,converting stereo signal to mono signal is called,1.0,1.0,1.0
1,E,Rome,1,in order to prove disparate impact you first must establish,1.0,1.0,1.0
1,E,Rome,1,where do characters live in this is us,1.0,1.0,1.0
1,E,Rome,1,who makes the decisions about what to produce in a market economy,1.0,1.0,1.0
1,E,Rome,5,what is non controlling interest on balance sheet,1.0,1.0,1.0
1,E,Rome,5,how many episodes are in chicago fire season 4,1.0,1.0,1.0
1,E,Rome,5,who sings love will keep us alive by the eagles,1.0,1.0,1.0
1,E,Rome,5,who is the leader of the ontario pc party,1.0,1.0,1.0
1,E,Rome,5,nitty gritty dirt band fishin in the dark album,1.0,1.0,1.0
1,E,Rome,5,who were the three elves who got rings,1.0,1.0,1.0
1,E,Rome,5,converting stereo signal to mono signal is called,1.0,1.0,1.0
1,E,Rome,5,in order to prove disparate impact you first must establish,1.0,1.0,1.0
1,E,Rome,5,where do characters live in this is us,1.0,1.0,1.0
1,E,Rome,5,who makes the decisions about what to produce in a market economy,1.0,1.0,1.0
1,E,Rome,10,what is non controlling interest on balance sheet,1.0,1.0,1.0
1,E,Rome,10,how many episodes are in chicago fire season 4,1.0,1.0,1.0
1,E,Rome,10,who sings love will keep us alive by the eagles,1.0,1.0,1.0
1,E,Rome,10,who is the leader of the ontario pc party,1.0,1.0,1.0
1,E,Rome,10,nitty gritty dirt band fishin in the dark album,1.0,1.0,1.0
1,E,Rome,10,who were the three elves who got rings,1.0,1.0,1.0
1,E,Rome,10,converting stereo signal to mono signal is called,1.0,1.0,1.0
1,E,Rome,10,in order to prove disparate impact you first must establish,1.0,1.0,1.0
1,E,Rome,10,where do characters live in this is us,1.0,1.0,1.0
1,E,Rome,10,who makes the decisions about what to produce in a market economy,1.0,1.0,1.0
1,E,Rome,20,what is non controlling interest on balance sheet,1.0,1.0,1.0
1,E,Rome,20,how many episodes are in chicago fire season 4,1.0,1.0,1.0
1,E,Rome,20,who sings love will keep us alive by the eagles,1.0,1.0,1.0
1,E,Rome,20,who is the leader of the ontario pc party,1.0,1.0,1.0
1,E,Rome,20,nitty gritty dirt band fishin in the dark album,1.0,1.0,1.0
1,E,Rome,20,who were the three elves who got rings,1.0,1.0,1.0
1,E,Rome,20,converting stereo signal to mono signal is called,1.0,1.0,1.0
1,E,Rome,20,in order to prove disparate impact you first must establish,1.0,1.0,1.0
1,E,Rome,20,where do characters live in this is us,1.0,1.0,1.0
1,E,Rome,20,who makes the decisions about what to produce in a market economy,1.0,1.0,1.0
1,E,Rome,50,what is non controlling interest on balance sheet,1.0,1.0,1.0
1,E,Rome,50,how many episodes are in chicago fire season 4,1.0,1.0,1.0
1,E,Rome,50,who sings love will keep us alive by the eagles,1.0,1.0,1.0
1,E,Rome,50,who is the leader of the ontario pc party,1.0,1.0,1.0
1,E,Rome,50,nitty gritty dirt band fishin in the dark album,1.0,1.0,1.0
1,E,Rome,50,who were the three elves who got rings,1.0,1.0,1.0
1,E,Rome,50,converting stereo signal to mono signal is called,1.0,1.0,1.0
1,E,Rome,50,in order to prove disparate impact you first must establish,1.0,1.0,1.0
1,E,Rome,50,where do characters live in this is us,1.0,1.0,1.0
1,E,Rome,50,who makes the decisions about what to produce in a market economy,1.0,1.0,1.0
1,E,RomeCombined,1,what is non controlling interest on balance sheet,0.0,0.9987,1.0
1,E,RomeCombined,1,how many episodes are in chicago fire season 4,1.0,1.0,1.0
1,E,RomeCombined,1,who sings love will keep us alive by the eagles,1.0,1.0,1.0
1,E,RomeCombined,1,who is the leader of the ontario pc party,1.0,1.0,1.0
1,E,RomeCombined,1,nitty gritty dirt band fishin in the dark album,1.0,1.0,1.0
1,E,RomeCombined,1,who were the three elves who got rings,0.0,0.9992,1.0
1,E,RomeCombined,1,converting stereo signal to mono signal is called,1.0,1.0,1.0
1,E,RomeCombined,1,in order to prove disparate impact you first must establish,1.0,1.0,1.0
1,E,RomeCombined,1,where do characters live in this is us,1.0,1.0,1.0
1,E,RomeCombined,1,who makes the decisions about what to produce in a market economy,1.0,1.0,1.0
1,E,RomeCombined,5,what is non controlling interest on balance sheet,1.0,0.9998,0.8
1,E,RomeCombined,5,how many episodes are in chicago fire season 4,1.0,1.0,0.8
1,E,RomeCombined,5,who sings love will keep us alive by the eagles,1.0,1.0,1.0
1,E,RomeCombined,5,who is the leader of the ontario pc party,1.0,1.0,1.0
1,E,RomeCombined,5,nitty gritty dirt band fishin in the dark album,1.0,1.0,1.0
1,E,RomeCombined,5,who were the three elves who got rings,1.0,0.9999,0.8
1,E,RomeCombined,5,converting stereo signal to mono signal is called,1.0,1.0,1.0
1,E,RomeCombined,5,in order to prove disparate impact you first must establish,1.0,1.0,1.0
1,E,RomeCombined,5,where do characters live in this is us,1.0,1.0,0.8
1,E,RomeCombined,5,who makes the decisions about what to produce in a market economy,0.8,0.9992,0.8
1,E,RomeCombined,10,what is non controlling interest on balance sheet,1.0,0.9999,0.9556
1,E,RomeCombined,10,how many episodes are in chicago fire season 4,1.0,1.0,0.9111
1,E,RomeCombined,10,who sings love will keep us alive by the eagles,1.0,1.0,1.0
1,E,RomeCombined,10,who is the leader of the ontario pc party,1.0,1.0,0.9556
1,E,RomeCombined,10,nitty gritty dirt band fishin in the dark album,1.0,1.0,1.0
1,E,RomeCombined,10,who were the three elves who got rings,1.0,0.9999,0.9556
1,E,RomeCombined,10,converting stereo signal to mono signal is called,1.0,1.0,1.0
1,E,RomeCombined,10,in order to prove disparate impact you first must establish,1.0,1.0,0.9556
1,E,RomeCombined,10,where do characters live in this is us,1.0,1.0,0.9556
1,E,RomeCombined,10,who makes the decisions about what to produce in a market economy,1.0,1.0,0.9111
1,E,RomeCombined,20,what is non controlling interest on balance sheet,1.0,0.9999,0.9895
1,E,RomeCombined,20,how many episodes are in chicago fire season 4,1.0,1.0,0.9684
1,E,RomeCombined,20,who sings love will keep us alive by the eagles,1.0,1.0,0.9684
1,E,RomeCombined,20,who is the leader of the ontario pc party,1.0,1.0,0.9895
1,E,RomeCombined,20,nitty gritty dirt band fishin in the dark album,1.0,1.0,0.9684
1,E,RomeCombined,20,who were the three elves who got rings,1.0,1.0,0.9895
1,E,RomeCombined,20,converting stereo signal to mono signal is called,1.0,1.0,1.0
1,E,RomeCombined,20,in order to prove disparate impact you first must establish,1.0,1.0,0.9579
1,E,RomeCombined,20,where do characters live in this is us,1.0,1.0,0.9789
1,E,RomeCombined,20,who makes the decisions about what to produce in a market economy,1.0,1.0,0.9579
1,E,RomeCombined,50,what is non controlling interest on balance sheet,1.0,0.9999,0.9755
1,E,RomeCombined,50,how many episodes are in chicago fire season 4,1.0,1.0,0.9739
1,E,RomeCombined,50,who sings love will keep us alive by the eagles,1.0,1.0,0.9853
1,E,RomeCombined,50,who is the leader of the ontario pc party,0.98,0.9905,0.9949
1,E,RomeCombined,50,nitty gritty dirt band fishin in the dark album,1.0,1.0,0.9886
1,E,RomeCombined,50,who were the three elves who got rings,1.0,1.0,0.9886
1,E,RomeCombined,50,converting stereo signal to mono signal is called,1.0,1.0,0.9886
1,E,RomeCombined,50,in order to prove disparate impact you first must establish,1.0,1.0,0.9804
1,E,RomeCombined,50,where do characters live in this is us,1.0,1.0,0.9935
1,E,RomeCombined,50,who makes the decisions about what to produce in a market economy,1.0,1.0,0.9804
1,E,Ckks,1,what is non controlling interest on balance sheet,1.0,1.0,1.0
1,E,Ckks,1,how many episodes are in chicago fire season 4,1.0,1.0,1.0
1,E,Ckks,1,who sings love will keep us alive by the eagles,1.0,1.0,1.0
1,E,Ckks,1,who is the leader of the ontario pc party,1.0,1.0,1.0
1,E,Ckks,1,nitty gritty dirt band fishin in the dark album,1.0,1.0,1.0
1,E,Ckks,1,who were the three elves who got rings,1.0,1.0,1.0
1,E,Ckks,1,converting stereo signal to mono signal is called,1.0,1.0,1.0
1,E,Ckks,1,in order to prove disparate impact you first must establish,1.0,1.0,1.0
1,E,Ckks,1,where do characters live in this is us,1.0,1.0,1.0
1,E,Ckks,1,who makes the decisions about what to produce in a market economy,1.0,1.0,1.0
1,E,Ckks,5,what is non controlling interest on balance sheet,1.0,1.0,1.0
1,E,Ckks,5,how many episodes are in chicago fire season 4,1.0,1.0,1.0
1,E,Ckks,5,who sings love will keep us alive by the eagles,1.0,1.0,1.0
1,E,Ckks,5,who is the leader of the ontario pc party,1.0,1.0,1.0
1,E,Ckks,5,nitty gritty dirt band fishin in the dark album,1.0,1.0,1.0
1,E,Ckks,5,who were the three elves who got rings,1.0,1.0,1.0
1,E,Ckks,5,converting stereo signal to mono signal is called,1.0,1.0,1.0
1,E,Ckks,5,in order to prove disparate impact you first must establish,1.0,1.0,1.0
1,E,Ckks,5,where do characters live in this is us,1.0,1.0,1.0
1,E,Ckks,5,who makes the decisions about what to produce in a market economy,1.0,1.0,1.0
1,E,Ckks,10,what is non controlling interest on balance sheet,1.0,1.0,1.0
1,E,Ckks,10,how many episodes are in chicago fire season 4,1.0,1.0,1.0
1,E,Ckks,10,who sings love will keep us alive by the eagles,1.0,1.0,1.0
1,E,Ckks,10,who is the leader of the ontario pc party,1.0,1.0,1.0
1,E,Ckks,10,nitty gritty dirt band fishin in the dark album,1.0,1.0,1.0
1,E,Ckks,10,who were the three elves who got rings,1.0,1.0,1.0
1,E,Ckks,10,converting stereo signal to mono signal is called,1.0,1.0,1.0
1,E,Ckks,10,in order to prove disparate impact you first must establish,1.0,1.0,1.0
1,E,Ckks,10,where do characters live in this is us,1.0,1.0,1.0
1,E,Ckks,10,who makes the decisions about what to produce in a market economy,1.0,1.0,1.0
1,E,Ckks,20,what is non controlling interest on balance sheet,1.0,1.0,1.0
1,E,Ckks,20,how many episodes are in chicago fire season 4,1.0,1.0,1.0
1,E,Ckks,20,who sings love will keep us alive by the eagles,1.0,1.0,1.0
1,E,Ckks,20,who is the leader of the ontario pc party,1.0,1.0,1.0
1,E,Ckks,20,nitty gritty dirt band fishin in the dark album,1.0,1.0,1.0
1,E,Ckks,20,who were the three elves who got rings,1.0,1.0,1.0
1,E,Ckks,20,converting stereo signal to mono signal is called,1.0,1.0,1.0
1,E,Ckks,20,in order to prove disparate impact you first must establish,1.0,1.0,1.0
1,E,Ckks,20,where do characters live in this is us,1.0,1.0,1.0
1,E,Ckks,20,who makes the decisions about what to produce in a market economy,1.0,1.0,1.0
1,E,Ckks,50,what is non controlling interest on balance sheet,1.0,1.0,1.0
1,E,Ckks,50,how many episodes are in chicago fire season 4,1.0,1.0,1.0
1,E,Ckks,50,who sings love will keep us alive by the eagles,1.0,1.0,1.0
1,E,Ckks,50,who is the leader of the ontario pc party,1.0,1.0,1.0
1,E,Ckks,50,nitty gritty dirt band fishin in the dark album,1.0,1.0,1.0
1,E,Ckks,50,who were the three elves who got rings,1.0,1.0,1.0
1,E,Ckks,50,converting stereo signal to mono signal is called,1.0,1.0,1.0
1,E,Ckks,50,in order to prove disparate impact you first must establish,1.0,1.0,1.0
1,E,Ckks,50,where do characters live in this is us,1.0,1.0,1.0
1,E,Ckks,50,who makes the decisions about what to produce in a market economy,1.0,1.0,1.0
1,E,CkksCombined,1,what is non controlling interest on balance sheet,1.0,1.0,1.0
1,E,CkksCombined,1,how many episodes are in chicago fire season 4,1.0,1.0,1.0
1,E,CkksCombined,1,who sings love will keep us alive by the eagles,1.0,1.0,1.0
1,E,CkksCombined,1,who is the leader of the ontario pc party,1.0,1.0,1.0
1,E,CkksCombined,1,nitty gritty dirt band fishin in the dark album,1.0,1.0,1.0
1,E,CkksCombined,1,who were the three elves who got rings,0.0,0.9992,1.0
1,E,CkksCombined,1,converting stereo signal to mono signal is called,1.0,1.0,1.0
1,E,CkksCombined,1,in order to prove disparate impact you first must establish,1.0,1.0,1.0
1,E,CkksCombined,1,where do characters live in this is us,1.0,1.0,1.0
1,E,CkksCombined,1,who makes the decisions about what to produce in a market economy,1.0,1.0,1.0
1,E,CkksCombined,5,what is non controlling interest on balance sheet,1.0,1.0,1.0
1,E,CkksCombined,5,how many episodes are in chicago fire season 4,1.0,1.0,1.0
1,E,CkksCombined,5,who sings love will keep us alive by the eagles,0.8,0.9998,1.0
1,E,CkksCombined,5,who is the leader of the ontario pc party,1.0,1.0,1.0
1,E,CkksCombined,5,nitty gritty dirt band fishin in the dark album,1.0,1.0,1.0
1,E,CkksCombined,5,who were the three elves who got rings,1.0,0.9999,0.8
1,E,CkksCombined,5,converting stereo signal to mono signal is called,1.0,1.0,1.0
1,E,CkksCombined,5,in order to prove disparate impact you first must establish,1.0,1.0,1.0
1,E,CkksCombined,5,where do characters live in this is us,1.0,1.0,1.0
1,E,CkksCombined,5,who makes the decisions about what to produce in a market economy,1.0,1.0,1.0
1,E,CkksCombined,10,what is non controlling interest on balance sheet,1.0,1.0,1.0
1,E,CkksCombined,10,how many episodes are in chicago fire season 4,1.0,1.0,0.9556
1,E,CkksCombined,10,who sings love will keep us alive by the eagles,1.0,1.0,0.9556
1,E,CkksCombined,10,who is the leader of the ontario pc party,1.0,1.0,1.0
1,E,CkksCombined,10,nitty gritty dirt band fishin in the dark album,1.0,1.0,0.9556
1,E,CkksCombined,10,who were the three elves who got rings,1.0,0.9999,0.9111
1,E,CkksCombined,10,converting stereo signal to mono signal is called,1.0,1.0,1.0
1,E,CkksCombined,10,in order to prove disparate impact you first must establish,1.0,1.0,0.9556
1,E,CkksCombined,10,where do characters live in this is us,1.0,1.0,1.0
1,E,CkksCombined,10,who makes the decisions about what to produce in a market economy,1.0,1.0,0.9556
1,E,CkksCombined,20,what is non controlling interest on balance sheet,1.0,1.0,1.0
1,E,CkksCombined,20,how many episodes are in chicago fire season 4,1.0,1.0,0.9789
1,E,CkksCombined,20,who sings love will keep us alive by the eagles,1.0,1.0,0.9895
1,E,CkksCombined,20,who is the leader of the ontario pc party,0.95,0.9999,0.9789
1,E,CkksCombined,20,nitty gritty dirt band fishin in the dark album,1.0,1.0,0.9789
1,E,CkksCombined,20,who were the three elves who got rings,1.0,0.9999,0.9789
1,E,CkksCombined,20,converting stereo signal to mono signal is called,1.0,1.0,0.9895
1,E,CkksCombined,20,in order to prove disparate impact you first must establish,1.0,1.0,0.9789
1,E,CkksCombined,20,where do characters live in this is us,1.0,1.0,1.0
1,E,CkksCombined,20,who makes the decisions about what to produce in a market economy,1.0,1.0,0.9789
1,E,CkksCombined,50,what is non controlling interest on balance sheet,1.0,1.0,0.9853
1,E,CkksCombined,50,how many episodes are in chicago fire season 4,0.98,0.9904,0.9711
1,E,CkksCombined,50,who sings love will keep us alive by the eagles,1.0,1.0,0.9739
1,E,CkksCombined,50,who is the leader of the ontario pc party,1.0,1.0,0.9771
1,E,CkksCombined,50,nitty gritty dirt band fishin in the dark album,1.0,1.0,0.9918
1,E,CkksCombined,50,who were the three elves who got rings,1.0,1.0,0.9837
1,E,CkksCombined,50,converting stereo signal to mono signal is called,1.0,1.0,0.9935
1,E,CkksCombined,50,in order to prove disparate impact you first must establish,0.98,0.9904,0.9932
1,E,CkksCombined,50,where do characters live in this is us,1.0,1.0,0.9918
1,E,CkksCombined,50,who makes the decisions about what to produce in a market economy,0.98,0.99,0.9881
2,E,Scrambling,1,what is non controlling interest on balance sheet,1.0,1.0,1.0
2,E,Scrambling,1,how many episodes are in chicago fire season 4,1.0,1.0,1.0
2,E,Scrambling,1,who sings love will keep us alive by the eagles,1.0,1.0,1.0
2,E,Scrambling,1,who is the leader of the ontario pc party,1.0,1.0,1.0
2,E,Scrambling,1,nitty gritty dirt band fishin in the dark album,1.0,1.0,1.0
2,E,Scrambling,1,who were the three elves who got rings,1.0,1.0,1.0
2,E,Scrambling,1,converting stereo signal to mono signal is called,1.0,1.0,1.0
2,E,Scrambling,1,in order to prove disparate impact you first must establish,1.0,1.0,1.0
2,E,Scrambling,1,where do characters live in this is us,1.0,1.0,1.0
2,E,Scrambling,1,who makes the decisions about what to produce in a market economy,1.0,1.0,1.0
2,E,Scrambling,5,what is non controlling interest on balance sheet,1.0,1.0,1.0
2,E,Scrambling,5,how many episodes are in chicago fire season 4,1.0,1.0,1.0
2,E,Scrambling,5,who sings love will keep us alive by the eagles,1.0,1.0,1.0
2,E,Scrambling,5,who is the leader of the ontario pc party,1.0,1.0,1.0
2,E,Scrambling,5,nitty gritty dirt band fishin in the dark album,1.0,1.0,1.0
2,E,Scrambling,5,who were the three elves who got rings,1.0,1.0,1.0
2,E,Scrambling,5,converting stereo signal to mono signal is called,1.0,1.0,1.0
2,E,Scrambling,5,in order to prove disparate impact you first must establish,1.0,1.0,1.0
2,E,Scrambling,5,where do characters live in this is us,1.0,1.0,1.0
2,E,Scrambling,5,who makes the decisions about what to produce in a market economy,1.0,1.0,1.0
2,E,Scrambling,10,what is non controlling interest on balance sheet,1.0,1.0,1.0
2,E,Scrambling,10,how many episodes are in chicago fire season 4,1.0,1.0,1.0
2,E,Scrambling,10,who sings love will keep us alive by the eagles,1.0,1.0,1.0
2,E,Scrambling,10,who is the leader of the ontario pc party,1.0,1.0,1.0
2,E,Scrambling,10,nitty gritty dirt band fishin in the dark album,1.0,1.0,1.0
2,E,Scrambling,10,who were the three elves who got rings,1.0,1.0,1.0
2,E,Scrambling,10,converting stereo signal to mono signal is called,1.0,1.0,1.0
2,E,Scrambling,10,in order to prove disparate impact you first must establish,1.0,1.0,1.0
2,E,Scrambling,10,where do characters live in this is us,1.0,1.0,1.0
2,E,Scrambling,10,who makes the decisions about what to produce in a market economy,1.0,1.0,1.0
2,E,Scrambling,20,what is non controlling interest on balance sheet,1.0,1.0,1.0
2,E,Scrambling,20,how many episodes are in chicago fire season 4,1.0,1.0,1.0
2,E,Scrambling,20,who sings love will keep us alive by the eagles,1.0,1.0,1.0
2,E,Scrambling,20,who is the leader of the ontario pc party,1.0,1.0,1.0
2,E,Scrambling,20,nitty gritty dirt band fishin in the dark album,1.0,1.0,1.0
2,E,Scrambling,20,who were the three elves who got rings,1.0,1.0,1.0
2,E,Scrambling,20,converting stereo signal to mono signal is called,1.0,1.0,1.0
2,E,Scrambling,20,in order to prove disparate impact you first must establish,1.0,1.0,1.0
2,E,Scrambling,20,where do characters live in this is us,1.0,1.0,1.0
2,E,Scrambling,20,who makes the decisions about what to produce in a market economy,1.0,1.0,1.0
2,E,Scrambling,50,what is non controlling interest on balance sheet,1.0,1.0,1.0
2,E,Scrambling,50,how many episodes are in chicago fire season 4,1.0,1.0,1.0
2,E,Scrambling,50,who sings love will keep us alive by the eagles,1.0,1.0,1.0
2,E,Scrambling,50,who is the leader of the ontario pc party,1.0,1.0,1.0
2,E,Scrambling,50,nitty gritty dirt band fishin in the dark album,1.0,1.0,1.0
2,E,Scrambling,50,who were the three elves who got rings,1.0,1.0,1.0
2,E,Scrambling,50,converting stereo signal to mono signal is called,1.0,1.0,1.0
2,E,Scrambling,50,in order to prove disparate impact you first must establish,1.0,1.0,1.0
2,E,Scrambling,50,where do characters live in this is us,1.0,1.0,1.0
2,E,Scrambling,50,who makes the decisions about what to produce in a market economy,1.0,1.0,1.0
2,E,Noise,1,what is non controlling interest on balance sheet,0.0,0.9987,1.0
2,E,Noise,1,how many episodes are in chicago fire season 4,1.0,1.0,1.0
2,E,Noise,1,who sings love will keep us alive by the eagles,1.0,1.0,1.0
2,E,Noise,1,who is the leader of the ontario pc party,1.0,1.0,1.0
2,E,Noise,1,nitty gritty dirt band fishin in the dark album,1.0,1.0,1.0
2,E,Noise,1,who were the three elves who got rings,1.0,1.0,1.0
2,E,Noise,1,converting stereo signal to mono signal is called,1.0,1.0,1.0
2,E,Noise,1,in order to prove disparate impact you first must establish,1.0,1.0,1.0
2,E,Noise,1,where do characters live in this is us,1.0,1.0,1.0
2,E,Noise,1,who makes the decisions about what to produce in a market economy,1.0,1.0,1.0
2,E,Noise,5,what is non controlling interest on balance sheet,0.8,0.9994,0.8
2,E,Noise,5,how many episodes are in chicago fire season 4,1.0,1.0,1.0
2,E,Noise,5,who sings love will keep us alive by the eagles,1.0,1.0,1.0
2,E,Noise,5,who is the leader of the ontario pc party,1.0,1.0,1.0
2,E,Noise,5,nitty gritty dirt band fishin in the dark album,1.0,1.0,1.0
2,E,Noise,5,who were the three elves who got rings,1.0,1.0,1.0
2,E,Noise,5,converting stereo signal to mono signal is called,1.0,1.0,0.8
2,E,Noise,5,in order to prove disparate impact you first must establish,1.0,1.0,1.0
2,E,Noise,5,where do characters live in this is us,1.0,1.0,0.8
2,E,Noise,5,who makes the decisions about what to produce in a market economy,0.8,0.9992,0.8
2,E,Noise,10,what is non controlling interest on balance sheet,1.0,0.9999,0.9111
2,E,Noise,10,how many episodes are in chicago fire season 4,1.0,1.0,0.9111
2,E,Noise,10,who sings love will keep us alive by the eagles,1.0,1.0,1.0
2,E,Noise,10,who is the leader of the ontario pc party,0.9,0.9998,0.9556
2,E,Noise,10,nitty gritty dirt band fishin in the dark album,1.0,1.0,1.0
2,E,Noise,10,who were the three elves who got rings,1.0,1.0,0.9111
2,E,Noise,10,converting stereo signal to mono signal is called,1.0,1.0,0.9556
2,E,Noise,10,in order to prove disparate impact you first must establish,1.0,1.0,0.9556
2,E,Noise,10,where do characters live in this is us,1.0,1.0,0.9556
2,E,Noise,10,who makes the decisions about what to produce in a market economy,1.0,1.0,0.9111
2,E,Noise,20,what is non controlling interest on balance sheet,1.0,0.9999,0.9579
2,E,Noise,20,how many episodes are in chicago fire season 4,1.0,1.0,0.9579
2,E,Noise,20,who sings love will keep us alive by the eagles,1.0,1.0,0.9789
2,E,Noise,20,who is the leader of the ontario pc party,1.0,1.0,0.9789
2,E,Noise,20,nitty gritty dirt band fishin in the dark album,1.0,1.0,0.9579
2,E,Noise,20,who were the three elves who got rings,1.0,1.0,0.9789
2,E,Noise,20,converting stereo signal to mono signal is called,1.0,1.0,0.9789
2,E,Noise,20,in order to prove disparate impact you first must establish,1.0,1.0,0.9579
2,E,Noise,20,where do characters live in this is us,1.0,1.0,0.9789
2,E,Noise,20,who makes the decisions about what to produce in a market economy,1.0,1.0,0.9684
2,E,Noise,50,what is non controlling interest on balance sheet,1.0,0.9999,0.9853
2,E,Noise,50,how many episodes are in chicago fire season 4,1.0,1.0,0.9788
2,E,Noise,50,who sings love will keep us alive by the eagles,1.0,1.0,0.9837
2,E,Noise,50,who is the leader of the ontario pc party,1.0,1.0,0.9853
2,E,Noise,50,nitty gritty dirt band fishin in the dark album,1.0,1.0,0.9853
2,E,Noise,50,who were the three elves who got rings,1.0,1.0,0.9788
2,E,Noise,50,converting stereo signal to mono signal is called,1.0,1.0,0.9853
2,E,Noise,50,in order to prove disparate impact you first must establish,1.0,1.0,0.9804
2,E,Noise,50,where do characters live in this is us,1.0,1.0,0.9902
2,E,Noise,50,who makes the decisions about what to produce in a market economy,0.98,0.9899,0.983
2,E,Combined,1,what is non controlling interest on balance sheet,0.0,0.9987,1.0
2,E,Combined,1,how many episodes are in chicago fire season 4,0.0,0.9974,1.0
2,E,Combined,1,who sings love will keep us alive by the eagles,1.0,1.0,1.0
2,E,Combined,1,who is the leader of the ontario pc party,1.0,1.0,1.0
2,E,Combined,1,nitty gritty dirt band fishin in the dark album,1.0,1.0,1.0
2,E,Combined,1,who were the three elves who got rings,1.0,1.0,1.0
2,E,Combined,1,converting stereo signal to mono signal is called,1.0,1.0,1.0
2,E,Combined,1,in order to prove disparate impact you first must establish,1.0,1.0,1.0
2,E,Combined,1,where do characters live in this is us,1.0,1.0,1.0
2,E,Combined,1,who makes the decisions about what to produce in a market economy,1.0,1.0,1.0
2,E,Combined,5,what is non controlling interest on balance sheet,1.0,0.9998,0.6
2,E,Combined,5,how many episodes are in chicago fire season 4,1.0,0.9997,0.8
2,E,Combined,5,who sings love will keep us alive by the eagles,1.0,1.0,1.0
2,E,Combined,5,who is the leader of the ontario pc party,1.0,1.0,1.0
2,E,Combined,5,nitty gritty dirt band fishin in the dark album,1.0,1.0,1.0
2,E,Combined,5,who were the three elves who got rings,1.0,1.0,1.0
2,E,Combined,5,converting stereo signal to mono signal is called,1.0,1.0,1.0
2,E,Combined,5,in order to prove disparate impact you first must establish,1.0,1.0,1.0
2,E,Combined,5,where do characters live in this is us,1.0,1.0,1.0
2,E,Combined,5,who makes the decisions about what to produce in a market economy,0.8,0.9992,0.8
2,E,Combined,10,what is non controlling interest on balance sheet,1.0,0.9999,0.9111
2,E,Combined,10,how many episodes are in chicago fire season 4,1.0,0.9998,0.9556
2,E,Combined,10,who sings love will keep us alive by the eagles,1.0,1.0,1.0
2,E,Combined,10,who is the leader of the ontario pc party,1.0,1.0,1.0
2,E,Combined,10,nitty gritty dirt band fishin in the dark album,1.0,1.0,0.9111
2,E,Combined,10,who were the three elves who got rings,1.0,1.0,0.9556
2,E,Combined,10,converting stereo signal to mono signal is called,1.0,1.0,1.0
2,E,Combined,10,in order to prove disparate impact you first must establish,1.0,1.0,1.0
2,E,Combined,10,where do characters live in this is us,1.0,1.0,1.0
2,E,Combined,10,who makes the decisions about what to produce in a market economy,1.0,0.9999,0.8667
2,E,Combined,20,what is non controlling interest on balance sheet,0.95,0.9998,0.9684
2,E,Combined,20,how many episodes are in chicago fire season 4,1.0,0.9998,0.9789
2,E,Combined,20,who sings love will keep us alive by the eagles,1.0,1.0,0.9895
2,E,Combined,20,who is the leader of the ontario pc party,1.0,1.0,0.9684
2,E,Combined,20,nitty gritty dirt band fishin in the dark album,1.0,1.0,0.9368
2,E,Combined,20,who were the three elves who got rings,1.0,1.0,0.9789
2,E,Combined,20,converting stereo signal to mono signal is called,1.0,1.0,0.9895
2,E,Combined,20,in order to prove disparate impact you first must establish,0.95,0.9998,0.9579
2,E,Combined,20,where do characters live in this is us,1.0,1.0,1.0
2,E,Combined,20,who makes the decisions about what to produce in a market economy,1.0,1.0,0.9684
2,E,Combined,50,what is non controlling interest on balance sheet,1.0,0.9999,0.9722
2,E,Combined,50,how many episodes are in chicago fire season 4,0.98,0.9903,0.983
2,E,Combined,50,who sings love will keep us alive by the eagles,0.98,0.9904,0.9898
2,E,Combined,50,who is the leader of the ontario pc party,1.0,1.0,0.9886
2,E,Combined,50,nitty gritty dirt band fishin in the dark album,1.0,1.0,0.9853
2,E,Combined,50,who were the three elves who got rings,1.0,1.0,0.9853
2,E,Combined,50,converting stereo signal to mono signal is called,1.0,1.0,0.9837
2,E,Combined,50,in order to prove disparate impact you first must establish,1.0,1.0,0.982
2,E,Combined,50,where do characters live in this is us,1.0,1.0,0.9918
2,E,Combined,50,who makes the decisions about what to produce in a market economy,1.0,1.0,0.982
2,E,Rome,1,what is non controlling interest on balance sheet,1.0,1.0,1.0
2,E,Rome,1,how many episodes are in chicago fire season 4,1.0,1.0,1.0
2,E,Rome,1,who sings love will keep us alive by the eagles,1.0,1.0,1.0
2,E,Rome,1,who is the leader of the ontario pc party,1.0,1.0,1.0
2,E,Rome,1,nitty gritty dirt band fishin in the dark album,1.0,1.0,1.0
2,E,Rome,1,who were the three elves who got rings,1.0,1.0,1.0
2,E,Rome,1,converting stereo signal to mono signal is called,1.0,1.0,1.0
2,E,Rome,1,in order to prove disparate impact you first must establish,1.0,1.0,1.0
2,E,Rome,1,where do characters live in this is us,1.0,1.0,1.0
2,E,Rome,1,who makes the decisions about what to produce in a market economy,1.0,1.0,1.0
2,E,Rome,5,what is non controlling interest on balance sheet,1.0,1.0,1.0
2,E,Rome,5,how many episodes are in chicago fire season 4,1.0,1.0,1.0
2,E,Rome,5,who sings love will keep us alive by the eagles,1.0,1.0,1.0
2,E,Rome,5,who is the leader of the ontario pc party,1.0,1.0,1.0
2,E,Rome,5,nitty gritty dirt band fishin in the dark album,1.0,1.0,1.0
2,E,Rome,5,who were the three elves who got rings,1.0,1.0,1.0
2,E,Rome,5,converting stereo signal to mono signal is called,1.0,1.0,1.0
2,E,Rome,5,in order to prove disparate impact you first must establish,1.0,1.0,1.0
2,E,Rome,5,where do characters live in this is us,1.0,1.0,1.0
2,E,Rome,5,who makes the decisions about what to produce in a market economy,1.0,1.0,1.0
2,E,Rome,10,what is non controlling interest on balance sheet,1.0,1.0,1.0
2,E,Rome,10,how many episodes are in chicago fire season 4,1.0,1.0,1.0
2,E,Rome,10,who sings love will keep us alive by the eagles,1.0,1.0,1.0
2,E,Rome,10,who is the leader of the ontario pc party,1.0,1.0,1.0
2,E,Rome,10,nitty gritty dirt band fishin in the dark album,1.0,1.0,1.0
2,E,Rome,10,who were the three elves who got rings,1.0,1.0,1.0
2,E,Rome,10,converting stereo signal to mono signal is called,1.0,1.0,1.0
2,E,Rome,10,in order to prove disparate impact you first must establish,1.0,1.0,1.0
2,E,Rome,10,where do characters live in this is us,1.0,1.0,1.0
2,E,Rome,10,who makes the decisions about what to produce in a market economy,1.0,1.0,1.0
2,E,Rome,20,what is non controlling interest on balance sheet,1.0,1.0,1.0
2,E,Rome,20,how many episodes are in chicago fire season 4,1.0,1.0,1.0
2,E,Rome,20,who sings love will keep us alive by the eagles,1.0,1.0,1.0
2,E,Rome,20,who is the leader of the ontario pc party,1.0,1.0,1.0
2,E,Rome,20,nitty gritty dirt band fishin in the dark album,1.0,1.0,1.0
2,E,Rome,20,who were the three elves who got rings,1.0,1.0,1.0
2,E,Rome,20,converting stereo signal to mono signal is called,1.0,1.0,1.0
2,E,Rome,20,in order to prove disparate impact you first must establish,1.0,1.0,1.0
2,E,Rome,20,where do characters live in this is us,1.0,1.0,1.0
2,E,Rome,20,who makes the decisions about what to produce in a market economy,1.0,1.0,1.0
2,E,Rome,50,what is non controlling interest on balance sheet,1.0,1.0,1.0
2,E,Rome,50,how many episodes are in chicago fire season 4,1.0,1.0,1.0
2,E,Rome,50,who sings love will keep us alive by the eagles,1.0,1.0,1.0
2,E,Rome,50,who is the leader of the ontario pc party,1.0,1.0,1.0
2,E,Rome,50,nitty gritty dirt band fishin in the dark album,1.0,1.0,1.0
2,E,Rome,50,who were the three elves who got rings,1.0,1.0,1.0
2,E,Rome,50,converting stereo signal to mono signal is called,1.0,1.0,1.0
2,E,Rome,50,in order to prove disparate impact you first must establish,1.0,1.0,1.0
2,E,Rome,50,where do characters live in this is us,1.0,1.0,1.0
2,E,Rome,50,who makes the decisions about what to produce in a market economy,1.0,1.0,1.0
2,E,RomeCombined,1,what is non controlling interest on balance sheet,1.0,1.0,1.0
2,E,RomeCombined,1,how many episodes are in chicago fire season 4,1.0,1.0,1.0
2,E,RomeCombined,1,who sings love will keep us alive by the eagles,1.0,1.0,1.0
2,E,RomeCombined,1,who is the leader of the ontario pc party,1.0,1.0,1.0
2,E,RomeCombined,1,nitty gritty dirt band fishin in the dark album,1.0,1.0,1.0
2,E,RomeCombined,1,who were the three elves who got rings,1.0,1.0,1.0
2,E,RomeCombined,1,converting stereo signal to mono signal is called,1.0,1.0,1.0
2,E,RomeCombined,1,in order to prove disparate impact you first must establish,1.0,1.0,1.0
2,E,RomeCombined,1,where do characters live in this is us,1.0,1.0,1.0
2,E,RomeCombined,1,who makes the decisions about what to produce in a market economy,1.0,1.0,1.0
2,E,RomeCombined,5,what is non controlling interest on balance sheet,0.8,0.9996,1.0
2,E,RomeCombined,5,how many episodes are in chicago fire season 4,1.0,1.0,1.0
2,E,RomeCombined,5,who sings love will keep us alive by the eagles,1.0,1.0,1.0
2,E,RomeCombined,5,who is the leader of the ontario pc party,1.0,1.0,1.0
2,E,RomeCombined,5,nitty gritty dirt band fishin in the dark album,1.0,1.0,1.0
2,E,RomeCombined,5,who were the three elves who got rings,1.0,1.0,1.0
2,E,RomeCombined,5,converting stereo signal to mono signal is called,1.0,1.0,1.0
2,E,RomeCombined,5,in order to prove disparate impact you first must establish,1.0,1.0,1.0
2,E,RomeCombined,5,where do characters live in this is us,1.0,1.0,1.0
2,E,RomeCombined,5,who makes the decisions about what to produce in a market economy,1.0,1.0,1.0
2,E,RomeCombined,10,what is non controlling interest on balance sheet,1.0,1.0,0.9556
2,E,RomeCombined,10,how many episodes are in chicago fire season 4,1.0,1.0,0.9556
2,E,RomeCombined,10,who sings love will keep us alive by the eagles,1.0,1.0,1.0
2,E,RomeCombined,10,who is the leader of the ontario pc party,1.0,1.0,1.0
2,E,RomeCombined,10,nitty gritty dirt band fishin in the dark album,1.0,1.0,0.9111
2,E,RomeCombined,10,who were the three elves who got rings,1.0,1.0,1.0
2,E,RomeCombined,10,converting stereo signal to mono signal is called,1.0,1.0,1.0
2,E,RomeCombined,10,in order to prove disparate impact you first must establish,1.0,1.0,0.8667
2,E,RomeCombined,10,where do characters live in this is us,1.0,1.0,1.0
2,E,RomeCombined,10,who makes the decisions about what to produce in a market economy,1.0,1.0,1.0
2,E,RomeCombined,20,what is non controlling interest on balance sheet,0.95,0.9999,0.9789
2,E,RomeCombined,20,how many episodes are in chicago fire season 4,1.0,1.0,0.9895
2,E,RomeCombined,20,who sings love will keep us alive by the eagles,1.0,1.0,1.0
2,E,RomeCombined,20,who is the leader of the ontario pc party,1.0,1.0,0.9684
2,E,RomeCombined,20,nitty gritty dirt band fishin in the dark album,1.0,1.0,0.9474
2,E,RomeCombined,20,who were the three elves who got rings,1.0,1.0,1.0
2,E,RomeCombined,20,converting stereo signal to mono signal is called,1.0,1.0,0.9895
2,E,RomeCombined,20,in order to prove disparate impact you first must establish,1.0,1.0,0.9474
2,E,RomeCombined,20,where do characters live in this is us,1.0,1.0,0.9895
2,E,RomeCombined,20,who makes the decisions about what to produce in a market economy,1.0,1.0,0.9474
2,E,RomeCombined,50,what is non controlling interest on balance sheet,0.98,0.9887,0.9796
2,E,RomeCombined,50,how many episodes are in chicago fire season 4,0.98,0.9904,0.9898
2,E,RomeCombined,50,who sings love will keep us alive by the eagles,1.0,1.0,0.9853
2,E,RomeCombined,50,who is the leader of the ontario pc party,0.98,0.9905,0.9881
2,E,RomeCombined,50,nitty gritty dirt band fishin in the dark album,1.0,1.0,0.9869
2,E,RomeCombined,50,who were the three elves who got rings,1.0,1.0,0.9869
2,E,RomeCombined,50,converting stereo signal to mono signal is called,1.0,1.0,0.9902
2,E,RomeCombined,50,in order to prove disparate impact you first must establish,0.98,0.9904,0.9898
2,E,RomeCombined,50,where do characters live in this is us,1.0,1.0,0.9918
2,E,RomeCombined,50,who makes the decisions about what to produce in a market economy,1.0,1.0,0.9804
2,E,Ckks,1,what is non controlling interest on balance sheet,1.0,1.0,1.0
2,E,Ckks,1,how many episodes are in chicago fire season 4,1.0,1.0,1.0
2,E,Ckks,1,who sings love will keep us alive by the eagles,1.0,1.0,1.0
2,E,Ckks,1,who is the leader of the ontario pc party,1.0,1.0,1.0
2,E,Ckks,1,nitty gritty dirt band fishin in the dark album,1.0,1.0,1.0
2,E,Ckks,1,who were the three elves who got rings,1.0,1.0,1.0
2,E,Ckks,1,converting stereo signal to mono signal is called,1.0,1.0,1.0
2,E,Ckks,1,in order to prove disparate impact you first must establish,1.0,1.0,1.0
2,E,Ckks,1,where do characters live in this is us,1.0,1.0,1.0
2,E,Ckks,1,who makes the decisions about what to produce in a market economy,1.0,1.0,1.0
2,E,Ckks,5,what is non controlling interest on balance sheet,1.0,1.0,1.0
2,E,Ckks,5,how many episodes are in chicago fire season 4,1.0,1.0,1.0
2,E,Ckks,5,who sings love will keep us alive by the eagles,1.0,1.0,1.0
2,E,Ckks,5,who is the leader of the ontario pc party,1.0,1.0,1.0
2,E,Ckks,5,nitty gritty dirt band fishin in the dark album,1.0,1.0,1.0
2,E,Ckks,5,who were the three elves who got rings,1.0,1.0,1.0
2,E,Ckks,5,converting stereo signal to mono signal is called,1.0,1.0,1.0
2,E,Ckks,5,in order to prove disparate impact you first must establish,1.0,1.0,1.0
2,E,Ckks,5,where do characters live in this is us,1.0,1.0,1.0
2,E,Ckks,5,who makes the decisions about what to produce in a market economy,1.0,1.0,1.0
2,E,Ckks,10,what is non controlling interest on balance sheet,1.0,1.0,1.0
2,E,Ckks,10,how many episodes are in chicago fire season 4,1.0,1.0,1.0
2,E,Ckks,10,who sings love will keep us alive by the eagles,1.0,1.0,1.0
2,E,Ckks,10,who is the leader of the ontario pc party,1.0,1.0,1.0
2,E,Ckks,10,nitty gritty dirt band fishin in the dark album,1.0,1.0,1.0
2,E,Ckks,10,who were the three elves who got rings,1.0,1.0,1.0
2,E,Ckks,10,converting stereo signal to mono signal is called,1.0,1.0,1.0
2,E,Ckks,10,in order to prove disparate impact you first must establish,1.0,1.0,1.0
2,E,Ckks,10,where do characters live in this is us,1.0,1.0,1.0
2,E,Ckks,10,who makes the decisions about what to produce in a market economy,1.0,1.0,1.0
2,E,Ckks,20,what is non controlling interest on balance sheet,1.0,1.0,1.0
2,E,Ckks,20,how many episodes are in chicago fire season 4,1.0,1.0,1.0
2,E,Ckks,20,who sings love will keep us alive by the eagles,1.0,1.0,1.0
2,E,Ckks,20,who is the leader of the ontario pc party,1.0,1.0,1.0
2,E,Ckks,20,nitty gritty dirt band fishin in the dark album,1.0,1.0,1.0
2,E,Ckks,20,who were the three elves who got rings,1.0,1.0,1.0
2,E,Ckks,20,converting stereo signal to mono signal is called,1.0,1.0,1.0
2,E,Ckks,20,in order to prove disparate impact you first must establish,1.0,1.0,1.0
2,E,Ckks,20,where do characters live in this is us,1.0,1.0,1.0
2,E,Ckks,20,who makes the decisions about what to produce in a market economy,1.0,1.0,1.0
2,E,Ckks,50,what is non controlling interest on balance sheet,1.0,1.0,1.0
2,E,Ckks,50,how many episodes are in chicago fire season 4,1.0,1.0,1.0
2,E,Ckks,50,who sings love will keep us alive by the eagles,1.0,1.0,1.0
2,E,Ckks,50,who is the leader of the ontario pc party,1.0,1.0,1.0
2,E,Ckks,50,nitty gritty dirt band fishin in the dark album,1.0,1.0,1.0
2,E,Ckks,50,who were the three elves who got rings,1.0,1.0,1.0
2,E,Ckks,50,converting stereo signal to mono signal is called,1.0,1.0,1.0
2,E,Ckks,50,in order to prove disparate impact you first must establish,1.0,1.0,1.0
2,E,Ckks,50,where do characters live in this is us,1.0,1.0,1.0
2,E,Ckks,50,who makes the decisions about what to produce in a market economy,1.0,1.0,1.0
2,E,CkksCombined,1,what is non controlling interest on balance sheet,1.0,1.0,1.0
2,E,CkksCombined,1,how many episodes are in chicago fire season 4,0.0,0.9974,1.0
2,E,CkksCombined,1,who sings love will keep us alive by the eagles,1.0,1.0,1.0
2,E,CkksCombined,1,who is the leader of the ontario pc party,1.0,1.0,1.0
2,E,CkksCombined,1,nitty gritty dirt band fishin in the dark album,1.0,1.0,1.0
2,E,CkksCombined,1,who were the three elves who got rings,1.0,1.0,1.0
2,E,CkksCombined,1,converting stereo signal to mono signal is called,1.0,1.0,1.0
2,E,CkksCombined,1,in order to prove disparate impact you first must establish,1.0,1.0,1.0
2,E,CkksCombined,1,where do characters live in this is us,1.0,1.0,1.0
2,E,CkksCombined,1,who makes the decisions about what to produce in a market economy,1.0,1.0,1.0
2,E,CkksCombined,5,what is non controlling interest on balance sheet,1.0,1.0,1.0
2,E,CkksCombined,5,how many episodes are in chicago fire season 4,1.0,0.9996,0.6
2,E,CkksCombined,5,who sings love will keep us alive by the eagles,0.8,0.9998,1.0
2,E,CkksCombined,5,who is the leader of the ontario pc party,1.0,1.0,1.0
2,E,CkksCombined,5,nitty gritty dirt band fishin in the dark album,1.0,1.0,1.0
2,E,CkksCombined,5,who were the three elves who got rings,1.0,0.9999,0.8
2,E,CkksCombined,5,converting stereo signal to mono signal is called,1.0,1.0,1.0
2,E,CkksCombined,5,in order to prove disparate impact you first must establish,1.0,1.0,1.0
2,E,CkksCombined,5,where do characters live in this is us,1.0,1.0,1.0
2,E,CkksCombined,5,who makes the decisions about what to produce in a market economy,1.0,1.0,1.0
2,E,CkksCombined,10,what is non controlling interest on balance sheet,1.0,1.0,0.9556
2,E,CkksCombined,10,how many episodes are in chicago fire season 4,1.0,0.9997,0.8222
2,E,CkksCombined,10,who sings love will keep us alive by the eagles,0.9,0.9999,0.9556
2,E,CkksCombined,10,who is the leader of the ontario pc party,0.9,0.9998,1.0
2,E,CkksCombined,10,nitty gritty dirt band fishin in the dark album,1.0,1.0,0.9556
2,E,CkksCombined,10,who were the three elves who got rings,1.0,0.9999,0.8667
2,E,CkksCombined,10,converting stereo signal to mono signal is called,1.0,1.0,1.0
2,E,CkksCombined,10,in order to prove disparate impact you first must establish,1.0,1.0,0.9556
2,E,CkksCombined,10,where do characters live in this is us,1.0,1.0,1.0
2,E,CkksCombined,10,who makes the decisions about what to produce in a market economy,1.0,1.0,0.9556
2,E,CkksCombined,20,what is non controlling interest on balance sheet,0.95,0.9999,0.9789
2,E,CkksCombined,20,how many episodes are in chicago fire season 4,1.0,0.9998,0.9368
2,E,CkksCombined,20,who sings love will keep us alive by the eagles,0.95,0.9998,0.9789
2,E,CkksCombined,20,who is the leader of the ontario pc party,1.0,1.0,0.9579
2,E,CkksCombined,20,nitty gritty dirt band fishin in the dark album,1.0,1.0,0.9789
2,E,CkksCombined,20,who were the three elves who got rings,1.0,0.9999,0.9684
2,E,CkksCombined,20,converting stereo signal to mono signal is called,1.0,1.0,0.9789
2,E,CkksCombined,20,in order to prove disparate impact you first must establish,1.0,1.0,0.9684
2,E,CkksCombined,20,where do characters live in this is us,1.0,1.0,0.9895
2,E,CkksCombined,20,who makes the decisions about what to produce in a market economy,1.0,1.0,0.9684
2,E,CkksCombined,50,what is non controlling interest on balance sheet,0.98,0.9886,0.9728
2,E,CkksCombined,50,how many episodes are in chicago fire season 4,1.0,0.9999,0.969
2,E,CkksCombined,50,who sings love will keep us alive by the eagles,1.0,1.0,0.9804
2,E,CkksCombined,50,who is the leader of the ontario pc party,0.98,0.9905,0.9847
2,E,CkksCombined,50,nitty gritty dirt band fishin in the dark album,1.0,1.0,0.9902
2,E,CkksCombined,50,who were the three elves who got rings,1.0,0.9999,0.9722
2,E,CkksCombined,50,converting stereo signal to mono signal is called,1.0,1.0,0.9918
2,E,CkksCombined,50,in order to prove disparate impact you first must establish,0.96,0.9808,0.9858
2,E,CkksCombined,50,where do characters live in this is us,1.0,1.0,0.9869
2,E,CkksCombined,50,who makes the decisions about what to produce in a market economy,1.0,1.0,0.9592
3,E,Scrambling,1,what is non controlling interest on balance sheet,1.0,1.0,1.0
3,E,Scrambling,1,how many episodes are in chicago fire season 4,1.0,1.0,1.0
3,E,Scrambling,1,who sings love will keep us alive by the eagles,1.0,1.0,1.0
3,E,Scrambling,1,who is the leader of the ontario pc party,1.0,1.0,1.0
3,E,Scrambling,1,nitty gritty dirt band fishin in the dark album,1.0,1.0,1.0
3,E,Scrambling,1,who were the three elves who got rings,1.0,1.0,1.0
3,E,Scrambling,1,converting stereo signal to mono signal is called,1.0,1.0,1.0
3,E,Scrambling,1,in order to prove disparate impact you first must establish,1.0,1.0,1.0
3,E,Scrambling,1,where do characters live in this is us,1.0,1.0,1.0
3,E,Scrambling,1,who makes the decisions about what to produce in a market economy,1.0,1.0,1.0
3,E,Scrambling,5,what is non controlling interest on balance sheet,1.0,1.0,1.0
3,E,Scrambling,5,how many episodes are in chicago fire season 4,1.0,1.0,1.0
3,E,Scrambling,5,who sings love will keep us alive by the eagles,1.0,1.0,1.0
3,E,Scrambling,5,who is the leader of the ontario pc party,1.0,1.0,1.0
3,E,Scrambling,5,nitty gritty dirt band fishin in the dark album,1.0,1.0,1.0
3,E,Scrambling,5,who were the three elves who got rings,1.0,1.0,1.0
3,E,Scrambling,5,converting stereo signal to mono signal is called,1.0,1.0,1.0
3,E,Scrambling,5,in order to prove disparate impact you first must establish,1.0,1.0,1.0
3,E,Scrambling,5,where do characters live in this is us,1.0,1.0,1.0
3,E,Scrambling,5,who makes the decisions about what to produce in a market economy,1.0,1.0,1.0
3,E,Scrambling,10,what is non controlling interest on balance sheet,1.0,1.0,1.0
3,E,Scrambling,10,how many episodes are in chicago fire season 4,1.0,1.0,1.0
3,E,Scrambling,10,who sings love will keep us alive by the eagles,1.0,1.0,1.0
3,E,Scrambling,10,who is the leader of the ontario pc party,1.0,1.0,1.0
3,E,Scrambling,10,nitty gritty dirt band fishin in the dark album,1.0,1.0,1.0
3,E,Scrambling,10,who were the three elves who got rings,1.0,1.0,1.0
3,E,Scrambling,10,converting stereo signal to mono signal is called,1.0,1.0,1.0
3,E,Scrambling,10,in order to prove disparate impact you first must establish,1.0,1.0,1.0
3,E,Scrambling,10,where do characters live in this is us,1.0,1.0,1.0
3,E,Scrambling,10,who makes the decisions about what to produce in a market economy,1.0,1.0,1.0
3,E,Scrambling,20,what is non controlling interest on balance sheet,1.0,1.0,1.0
3,E,Scrambling,20,how many episodes are in chicago fire season 4,1.0,1.0,1.0
3,E,Scrambling,20,who sings love will keep us alive by the eagles,1.0,1.0,1.0
3,E,Scrambling,20,who is the leader of the ontario pc party,1.0,1.0,1.0
3,E,Scrambling,20,nitty gritty dirt band fishin in the dark album,1.0,1.0,1.0
3,E,Scrambling,20,who were the three elves who got rings,1.0,1.0,1.0
3,E,Scrambling,20,converting stereo signal to mono signal is called,1.0,1.0,1.0
3,E,Scrambling,20,in order to prove disparate impact you first must establish,1.0,1.0,1.0
3,E,Scrambling,20,where do characters live in this is us,1.0,1.0,1.0
3,E,Scrambling,20,who makes the decisions about what to produce in a market economy,1.0,1.0,1.0
3,E,Scrambling,50,what is non controlling interest on balance sheet,1.0,1.0,1.0
3,E,Scrambling,50,how many episodes are in chicago fire season 4,1.0,1.0,1.0
3,E,Scrambling,50,who sings love will keep us alive by the eagles,1.0,1.0,1.0
3,E,Scrambling,50,who is the leader of the ontario pc party,1.0,1.0,1.0
3,E,Scrambling,50,nitty gritty dirt band fishin in the dark album,1.0,1.0,1.0
3,E,Scrambling,50,who were the three elves who got rings,1.0,1.0,1.0
3,E,Scrambling,50,converting stereo signal to mono signal is called,1.0,1.0,1.0
3,E,Scrambling,50,in order to prove disparate impact you first must establish,1.0,1.0,1.0
3,E,Scrambling,50,where do characters live in this is us,1.0,1.0,1.0
3,E,Scrambling,50,who makes the decisions about what to produce in a market economy,1.0,1.0,1.0
3,E,Noise,1,what is non controlling interest on balance sheet,0.0,0.9987,1.0
3,E,Noise,1,how many episodes are in chicago fire season 4,1.0,1.0,1.0
3,E,Noise,1,who sings love will keep us alive by the eagles,1.0,1.0,1.0
3,E,Noise,1,who is the leader of the ontario pc party,1.0,1.0,1.0
3,E,Noise,1,nitty gritty dirt band fishin in the dark album,1.0,1.0,1.0
3,E,Noise,1,who were the three elves who got rings,0.0,0.9992,1.0
3,E,Noise,1,converting stereo signal to mono signal is called,1.0,1.0,1.0
3,E,Noise,1,in order to prove disparate impact you first must establish,1.0,1.0,1.0
3,E,Noise,1,where do characters live in this is us,1.0,1.0,1.0
3,E,Noise,1,who makes the decisions about what to produce in a market economy,1.0,1.0,1.0
3,E,Noise,5,what is non controlling interest on balance sheet,0.8,0.9994,0.6
3,E,Noise,5,how many episodes are in chicago fire season 4,1.0,1.0,1.0
3,E,Noise,5,who sings love will keep us alive by the eagles,0.8,0.9996,0.8
3,E,Noise,5,who is the leader of the ontario pc party,1.0,1.0,1.0
3,E,Noise,5,nitty gritty dirt band fishin in the dark album,1.0,1.0,1.0
3,E,Noise,5,who were the three elves who got rings,1.0,0.9999,0.8
3,E,Noise,5,converting stereo signal to mono signal is called,1.0,1.0,1.0
3,E,Noise,5,in order to prove disparate impact you first must establish,1.0,1.0,1.0
3,E,Noise,5,where do characters live in this is us,1.0,1.0,0.8
3,E,Noise,5,who makes the decisions about what to produce in a market economy,1.0,1.0,1.0
3,E,Noise,10,what is non controlling interest on balance sheet,1.0,0.9998,0.8667
3,E,Noise,10,how many episodes are in chicago fire season 4,1.0,1.0,1.0
3,E,Noise,10,who sings love will keep us alive by the eagles,1.0,0.9998,0.9111
3,E,Noise,10,who is the leader of the ontario pc party,1.0,1.0,0.9556
3,E,Noise,10,nitty gritty dirt band fishin in the dark album,1.0,1.0,0.9556
3,E,Noise,10,who were the three elves who got rings,0.9,0.9996,0.9556
3,E,Noise,10,converting stereo signal to mono signal is called,1.0,1.0,1.0
3,E,Noise,10,in order to prove disparate impact you first must establish,1.0,1.0,0.9556
3,E,Noise,10,where do characters live in this is us,1.0,1.0,0.9556
3,E,Noise,10,who makes the decisions about what to produce in a market economy,1.0,1.0,1.0
3,E,Noise,20,what is non controlling interest on balance sheet,1.0,0.9999,0.9368
3,E,Noise,20,how many episodes are in chicago fire season 4,1.0,1.0,1.0
3,E,Noise,20,who sings love will keep us alive by the eagles,1.0,0.9999,0.9684
3,E,Noise,20,who is the leader of the ontario pc party,1.0,1.0,0.9579
3,E,Noise,20,nitty gritty dirt band fishin in the dark album,1.0,1.0,0.9579
3,E,Noise,20,who were the three elves who got rings,1.0,0.9999,0.9684
3,E,Noise,20,converting stereo signal to mono signal is called,1.0,1.0,0.9895
3,E,Noise,20,in order to prove disparate impact you first must establish,1.0,1.0,0.9789
3,E,Noise,20,where do characters live in this is us,1.0,1.0,0.9789
3,E,Noise,20,who makes the decisions about what to produce in a market economy,1.0,1.0,0.9895
3,E,Noise,50,what is non controlling interest on balance sheet,1.0,0.9999,0.9673
3,E,Noise,50,how many episodes are in chicago fire season 4,0.98,0.9904,0.9745
3,E,Noise,50,who sings love will keep us alive by the eagles,0.98,0.9903,0.9762
3,E,Noise,50,who is the leader of the ontario pc party,1.0,1.0,0.9837
3,E,Noise,50,nitty gritty dirt band fishin in the dark album,1.0,1.0,0.9886
3,E,Noise,50,who were the three elves who got rings,1.0,1.0,0.9771
3,E,Noise,50,converting stereo signal to mono signal is called,1.0,1.0,0.982
3,E,Noise,50,in order to prove disparate impact you first must establish,1.0,1.0,0.9935
3,E,Noise,50,where do characters live in this is us,1.0,1.0,0.9853
3,E,Noise,50,who makes the decisions about what to produce in a market economy,0.98,0.99,0.9813
3,E,Combined,1,what is non controlling interest on balance sheet,1.0,1.0,1.0
3,E,Combined,1,how many episodes are in chicago fire season 4,1.0,1.0,1.0
3,E,Combined,1,who sings love will keep us alive by the eagles,1.0,1.0,1.0
3,E,Combined,1,who is the leader of the ontario pc party,1.0,1.0,1.0
3,E,Combined,1,nitty gritty dirt band fishin in the dark album,1.0,1.0,1.0
3,E,Combined,1,who were the three elves who got rings,1.0,1.0,1.0
3,E,Combined,1,converting stereo signal to mono signal is called,1.0,1.0,1.0
3,E,Combined,1,in order to prove disparate impact you first must establish,1.0,1.0,1.0
3,E,Combined,1,where do characters live in this is us,1.0,1.0,1.0
3,E,Combined,1,who makes the decisions about what to produce in a market economy,1.0,1.0,1.0
3,E,Combined,5,what is non controlling interest on balance sheet,1.0,1.0,1.0
3,E,Combined,5,how many episodes are in chicago fire season 4,1.0,1.0,0.8
3,E,Combined,5,who sings love will keep us alive by the eagles,1.0,1.0,1.0
3,E,Combined,5,who is the leader of the ontario pc party,1.0,1.0,1.0
3,E,Combined,5,nitty gritty dirt band fishin in the dark album,1.0,1.0,1.0
3,E,Combined,5,who were the three elves who got rings,1.0,1.0,1.0
3,E,Combined,5,converting stereo signal to mono signal is called,1.0,1.0,1.0
3,E,Combined,5,in order to prove disparate impact you first must establish,1.0,1.0,1.0
3,E,Combined,5,where do characters live in this is us,1.0,1.0,0.8
3,E,Combined,5,who makes the decisions about what to produce in a market economy,1.0,1.0,1.0
3,E,Combined,10,what is non controlling interest on balance sheet,0.9,0.9998,1.0
3,E,Combined,10,how many episodes are in chicago fire season 4,0.9,0.9996,0.9556
3,E,Combined,10,who sings love will keep us alive by the eagles,0.9,0.9999,1.0
3,E,Combined,10,who is the leader of the ontario pc party,0.9,0.9998,1.0
3,E,Combined,10,nitty gritty dirt band fishin in the dark album,1.0,1.0,1.0
3,E,Combined,10,who were the three elves who got rings,1.0,1.0,0.9556
3,E,Combined,10,converting stereo signal to mono signal is called,1.0,1.0,1.0
3,E,Combined,10,in order to prove disparate impact you first must establish,1.0,1.0,0.9111
3,E,Combined,10,where do characters live in this is us,1.0,1.0,0.9556
3,E,Combined,10,who makes the decisions about what to produce in a market economy,1.0,1.0,1.0
3,E,Combined,20,what is non controlling interest on balance sheet,1.0,1.0,0.9684
3,E,Combined,20,how many episodes are in chicago fire season 4,1.0,1.0,0.9684
3,E,Combined,20,who sings love will keep us alive by the eagles,1.0,1.0,0.9579
3,E,Combined,20,who is the leader of the ontario pc party,0.95,0.9999,0.9789
3,E,Combined,20,nitty gritty dirt band fishin in the dark album,1.0,1.0,0.9789
3,E,Combined,20,who were the three elves who got rings,1.0,1.0,0.9895
3,E,Combined,20,converting stereo signal to mono signal is called,1.0,1.0,0.9895
3,E,Combined,20,in order to prove disparate impact you first must establish,1.0,1.0,0.9474
3,E,Combined,20,where do characters live in this is us,1.0,1.0,0.9895
3,E,Combined,20,who makes the decisions about what to produce in a market economy,1.0,1.0,0.9789
3,E,Combined,50,what is non controlling interest on balance sheet,1.0,1.0,0.9706
3,E,Combined,50,how many episodes are in chicago fire season 4,1.0,1.0,0.9788
3,E,Combined,50,who sings love will keep us alive by the eagles,1.0,1.0,0.9739
3,E,Combined,50,who is the leader of the ontario pc party,1.0,1.0,0.9869
3,E,Combined,50,nitty gritty dirt band fishin in the dark album,1.0,1.0,0.9869
3,E,Combined,50,who were the three elves who got rings,1.0,1.0,0.9804
3,E,Combined,50,converting stereo signal to mono signal is called,1.0,1.0,0.9804
3,E,Combined,50,in order to prove disparate impact you first must establish,0.98,0.9904,0.9796
3,E,Combined,50,where do characters live in this is us,1.0,1.0,0.9902
3,E,Combined,50,who makes the decisions about what to produce in a market economy,1.0,1.0,0.9886
3,E,Rome,1,what is non controlling interest on balance sheet,1.0,1.0,1.0
3,E,Rome,1,how many episodes are in chicago fire season 4,1.0,1.0,1.0
3,E,Rome,1,who sings love will keep us alive by the eagles,1.0,1.0,1.0
3,E,Rome,1,who is the leader of the ontario pc party,1.0,1.0,1.0
3,E,Rome,1,nitty gritty dirt band fishin in the dark album,1.0,1.0,1.0
3,E,Rome,1,who were the three elves who got rings,1.0,1.0,1.0
3,E,Rome,1,converting stereo signal to mono signal is called,1.0,1.0,1.0
3,E,Rome,1,in order to prove disparate impact you first must establish,1.0,1.0,1.0
3,E,Rome,1,where do characters live in this is us,1.0,1.0,1.0
3,E,Rome,1,who makes the decisions about what to produce in a market economy,1.0,1.0,1.0
3,E,Rome,5,what is non controlling interest on balance sheet,1.0,1.0,1.0
3,E,Rome,5,how many episodes are in chicago fire season 4,1.0,1.0,1.0
3,E,Rome,5,who sings love will keep us alive by the eagles,1.0,1.0,1.0
3,E,Rome,5,who is the leader of the ontario pc party,1.0,1.0,1.0
3,E,Rome,5,nitty gritty dirt band fishin in the dark album,1.0,1.0,1.0
3,E,Rome,5,who were the three elves who got rings,1.0,1.0,1.0
3,E,Rome,5,converting stereo signal to mono signal is called,1.0,1.0,1.0
3,E,Rome,5,in order to prove disparate impact you first must establish,1.0,1.0,1.0
3,E,Rome,5,where do characters live in this is us,1.0,1.0,1.0
3,E,Rome,5,who makes the decisions about what to produce in a market economy,1.0,1.0,1.0
3,E,Rome,10,what is non controlling interest on balance sheet,1.0,1.0,1.0
3,E,Rome,10,how many episodes are in chicago fire season 4,1.0,1.0,1.0
3,E,Rome,10,who sings love will keep us alive by the eagles,1.0,1.0,1.0
3,E,Rome,10,who is the leader of the ontario pc party,1.0,1.0,1.0
3,E,Rome,10,nitty gritty dirt band fishin in the dark album,1.0,1.0,1.0
3,E,Rome,10,who were the three elves who got rings,1.0,1.0,1.0
3,E,Rome,10,converting stereo signal to mono signal is called,1.0,1.0,1.0
3,E,Rome,10,in order to prove disparate impact you first must establish,1.0,1.0,1.0
3,E,Rome,10,where do characters live in this is us,1.0,1.0,1.0
3,E,Rome,10,who makes the decisions about what to produce in a market economy,1.0,1.0,1.0
3,E,Rome,20,what is non controlling interest on balance sheet,1.0,1.0,1.0
3,E,Rome,20,how many episodes are in chicago fire season 4,1.0,1.0,1.0
3,E,Rome,20,who sings love will keep us alive by the eagles,1.0,1.0,1.0
3,E,Rome,20,who is the leader of the ontario pc party,1.0,1.0,1.0
3,E,Rome,20,nitty gritty dirt band fishin in the dark album,1.0,1.0,1.0
3,E,Rome,20,who were the three elves who got rings,1.0,1.0,1.0
3,E,Rome,20,converting stereo signal to mono signal is called,1.0,1.0,1.0
3,E,Rome,20,in order to prove disparate impact you first must establish,1.0,1.0,1.0
3,E,Rome,20,where do characters live in this is us,1.0,1.0,1.0
3,E,Rome,20,who makes the decisions about what to produce in a market economy,1.0,1.0,1.0
3,E,Rome,50,what is non controlling interest on balance sheet,1.0,1.0,1.0
3,E,Rome,50,how many episodes are in chicago fire season 4,1.0,1.0,1.0
3,E,Rome,50,who sings love will keep us alive by the eagles,1.0,1.0,1.0
3,E,Rome,50,who is the leader of the ontario pc party,1.0,1.0,1.0
3,E,Rome,50,nitty gritty dirt band fishin in the dark album,1.0,1.0,1.0
3,E,Rome,50,who were the three elves who got rings,1.0,1.0,1.0
3,E,Rome,50,converting stereo signal to mono signal is called,1.0,1.0,1.0
3,E,Rome,50,in order to prove disparate impact you first must establish,1.0,1.0,1.0
3,E,Rome,50,where do characters live in this is us,1.0,1.0,1.0
3,E,Rome,50,who makes the decisions about what to produce in a market economy,1.0,1.0,1.0
3,E,RomeCombined,1,what is non controlling interest on balance sheet,1.0,1.0,1.0
3,E,RomeCombined,1,how many episodes are in chicago fire season 4,0.0,0.9974,1.0
3,E,RomeCombined,1,who sings love will keep us alive by the eagles,1.0,1.0,1.0
3,E,RomeCombined,1,who is the leader of the ontario pc party,1.0,1.0,1.0
3,E,RomeCombined,1,nitty gritty dirt band fishin in the dark album,1.0,1.0,1.0
3,E,RomeCombined,1,who were the three elves who got rings,1.0,1.0,1.0
3,E,RomeCombined,1,converting stereo signal to mono signal is called,1.0,1.0,1.0
3,E,RomeCombined,1,in order to prove disparate impact you first must establish,1.0,1.0,1.0
3,E,RomeCombined,1,where do characters live in this is us,1.0,1.0,1.0
3,E,RomeCombined,1,who makes the decisions about what to produce in a market economy,1.0,1.0,1.0
3,E,RomeCombined,5,what is non controlling interest on balance sheet,0.8,0.9996,1.0
3,E,RomeCombined,5,how many episodes are in chicago fire season 4,1.0,0.9997,0.8
3,E,RomeCombined,5,who sings love will keep us alive by the eagles,1.0,1.0,1.0
3,E,RomeCombined,5,who is the leader of the ontario pc party,1.0,1.0,1.0
3,E,RomeCombined,5,nitty gritty dirt band fishin in the dark album,1.0,1.0,1.0
3,E,RomeCombined,5,who were the three elves who got rings,1.0,1.0,1.0
3,E,RomeCombined,5,converting stereo signal to mono signal is called,1.0,0.9999,0.8
3,E,RomeCombined,5,in order to prove disparate impact you first must establish,1.0,1.0,1.0
3,E,RomeCombined,5,where do characters live in this is us,1.0,1.0,0.8
3,E,RomeCombined,5,who makes the decisions about what to produce in a market economy,1.0,1.0,0.8
3,E,RomeCombined,10,what is non controlling interest on balance sheet,0.9,0.9998,0.9556
3,E,RomeCombined,10,how many episodes are in chicago fire season 4,1.0,0.9998,0.9556
3,E,RomeCombined,10,who sings love will keep us alive by the eagles,1.0,1.0,1.0
3,E,RomeCombined,10,who is the leader of the ontario pc party,1.0,1.0,1.0
3,E,RomeCombined,10,nitty gritty dirt band fishin in the dark album,1.0,1.0,1.0
3,E,RomeCombined,10,who were the three elves who got rings,1.0,1.0,0.9556
3,E,RomeCombined,10,converting stereo signal to mono signal is called,1.0,0.9999,0.9556
3,E,RomeCombined,10,in order to prove disparate impact you first must establish,1.0,1.0,0.8667
3,E,RomeCombined,10,where do characters live in this is us,1.0,1.0,0.9556
3,E,RomeCombined,10,who makes the decisions about what to produce in a market economy,1.0,1.0,0.9111
3,E,RomeCombined,20,what is non controlling interest on balance sheet,1.0,1.0,0.9684
3,E,RomeCombined,20,how many episodes are in chicago fire season 4,1.0,0.9998,0.9789
3,E,RomeCombined,20,who sings love will keep us alive by the eagles,1.0,1.0,0.9789
3,E,RomeCombined,20,who is the leader of the ontario pc party,1.0,1.0,0.9895
3,E,RomeCombined,20,nitty gritty dirt band fishin in the dark album,1.0,1.0,0.9895
3,E,RomeCombined,20,who were the three elves who got rings,1.0,1.0,0.9895
3,E,RomeCombined,20,converting stereo signal to mono signal is called,1.0,0.9999,0.9789
3,E,RomeCombined,20,in order to prove disparate impact you first must establish,1.0,1.0,0.9368
3,E,RomeCombined,20,where do characters live in this is us,1.0,1.0,0.9895
3,E,RomeCombined,20,who makes the decisions about what to produce in a market economy,1.0,1.0,0.9579
3,E,RomeCombined,50,what is non controlling interest on balance sheet,1.0,1.0,0.9853
3,E,RomeCombined,50,how many episodes are in chicago fire season 4,0.98,0.9903,0.9796
3,E,RomeCombined,50,who sings love will keep us alive by the eagles,1.0,1.0,0.9771
3,E,RomeCombined,50,who is the leader of the ontario pc party,1.0,1.0,0.9935
3,E,RomeCombined,50,nitty gritty dirt band fishin in the dark album,1.0,1.0,0.9935
3,E,RomeCombined,50,who were the three elves who got rings,1.0,1.0,0.9837
3,E,RomeCombined,50,converting stereo signal to mono signal is called,1.0,1.0,0.9886
3,E,RomeCombined,50,in order to prove disparate impact you first must establish,0.98,0.9904,0.9864
3,E,RomeCombined,50,where do characters live in this is us,1.0,1.0,0.9869
3,E,RomeCombined,50,who makes the decisions about what to produce in a market economy,1.0,1.0,0.9837
3,E,Ckks,1,what is non controlling interest on balance sheet,1.0,1.0,1.0
3,E,Ckks,1,how many episodes are in chicago fire season 4,1.0,1.0,1.0
3,E,Ckks,1,who sings love will keep us alive by the eagles,1.0,1.0,1.0
3,E,Ckks,1,who is the leader of the ontario pc party,1.0,1.0,1.0
3,E,Ckks,1,nitty gritty dirt band fishin in the dark album,1.0,1.0,1.0
3,E,Ckks,1,who were the three elves who got rings,1.0,1.0,1.0
3,E,Ckks,1,converting stereo signal to mono signal is called,1.0,1.0,1.0
3,E,Ckks,1,in order to prove disparate impact you first must establish,1.0,1.0,1.0
3,E,Ckks,1,where do characters live in this is us,1.0,1.0,1.0
3,E,Ckks,1,who makes the decisions about what to produce in a market economy,1.0,1.0,1.0
3,E,Ckks,5,what is non controlling interest on balance sheet,1.0,1.0,1.0
3,E,Ckks,5,how many episodes are in chicago fire season 4,1.0,1.0,1.0
3,E,Ckks,5,who sings love will keep us alive by the eagles,1.0,1.0,1.0
3,E,Ckks,5,who is the leader of the ontario pc party,1.0,1.0,1.0
3,E,Ckks,5,nitty gritty dirt band fishin in the dark album,1.0,1.0,1.0
3,E,Ckks,5,who were the three elves who got rings,1.0,1.0,1.0
3,E,Ckks,5,converting stereo signal to mono signal is called,1.0,1.0,1.0
3,E,Ckks,5,in order to prove disparate impact you first must establish,1.0,1.0,1.0
3,E,Ckks,5,where do characters live in this is us,1.0,1.0,1.0
3,E,Ckks,5,who makes the decisions about what to produce in a market economy,1.0,1.0,1.0
3,E,Ckks,10,what is non controlling interest on balance sheet,1.0,1.0,1.0
3,E,Ckks,10,how many episodes are in chicago fire season 4,1.0,1.0,1.0
3,E,Ckks,10,who sings love will keep us alive by the eagles,1.0,1.0,1.0
3,E,Ckks,10,who is the leader of the ontario pc party,1.0,1.0,1.0
3,E,Ckks,10,nitty gritty dirt band fishin in the dark album,1.0,1.0,1.0
3,E,Ckks,10,who were the three elves who got rings,1.0,1.0,1.0
3,E,Ckks,10,converting stereo signal to mono signal is called,1.0,1.0,1.0
3,E,Ckks,10,in order to prove disparate impact you first must establish,1.0,1.0,1.0
3,E,Ckks,10,where do characters live in this is us,1.0,1.0,1.0
3,E,Ckks,10,who makes the decisions about what to produce in a market economy,1.0,1.0,1.0
3,E,Ckks,20,what is non controlling interest on balance sheet,1.0,1.0,1.0
3,E,Ckks,20,how many episodes are in chicago fire season 4,1.0,1.0,1.0
3,E,Ckks,20,who sings love will keep us alive by the eagles,1.0,1.0,1.0
3,E,Ckks,20,who is the leader of the ontario pc party,1.0,1.0,1.0
3,E,Ckks,20,nitty gritty dirt band fishin in the dark album,1.0,1.0,1.0
3,E,Ckks,20,who were the three elves who got rings,1.0,1.0,1.0
3,E,Ckks,20,converting stereo signal to mono signal is called,1.0,1.0,1.0
3,E,Ckks,20,in order to prove disparate impact you first must establish,1.0,1.0,1.0
3,E,Ckks,20,where do characters live in this is us,1.0,1.0,1.0
3,E,Ckks,20,who makes the decisions about what to produce in a market economy,1.0,1.0,1.0
3,E,Ckks,50,what is non controlling interest on balance sheet,1.0,1.0,1.0
3,E,Ckks,50,how many episodes are in chicago fire season 4,1.0,1.0,1.0
3,E,Ckks,50,who sings love will keep us alive by the eagles,1.0,1.0,1.0
3,E,Ckks,50,who is the leader of the ontario pc party,1.0,1.0,1.0
3,E,Ckks,50,nitty gritty dirt band fishin in the dark album,1.0,1.0,1.0
3,E,Ckks,50,who were the three elves who got rings,1.0,1.0,1.0
3,E,Ckks,50,converting stereo signal to mono signal is called,1.0,1.0,1.0
3,E,Ckks,50,in order to prove disparate impact you first must establish,1.0,1.0,1.0
3,E,Ckks,50,where do characters live in this is us,1.0,1.0,1.0
3,E,Ckks,50,who makes the decisions about what to produce in a market economy,1.0,1.0,1.0
3,E,CkksCombined,1,what is non controlling interest on balance sheet,0.0,0.9987,1.0
3,E,CkksCombined,1,how many episodes are in chicago fire season 4,1.0,1.0,1.0
3,E,CkksCombined,1,who sings love will keep us alive by the eagles,1.0,1.0,1.0
3,E,CkksCombined,1,who is the leader of the ontario pc party,1.0,1.0,1.0
3,E,CkksCombined,1,nitty gritty dirt band fishin in the dark album,1.0,1.0,1.0
3,E,CkksCombined,1,who were the three elves who got rings,1.0,1.0,1.0
3,E,CkksCombined,1,converting stereo signal to mono signal is called,1.0,1.0,1.0
3,E,CkksCombined,1,in order to prove disparate impact you first must establish,1.0,1.0,1.0
3,E,CkksCombined,1,where do characters live in this is us,1.0,1.0,1.0
3,E,CkksCombined,1,who makes the decisions about what to produce in a market economy,1.0,1.0,1.0
3,E,CkksCombined,5,what is non controlling interest on balance sheet,1.0,0.9998,0.8
3,E,CkksCombined,5,how many episodes are in chicago fire season 4,1.0,1.0,0.8
3,E,CkksCombined,5,who sings love will keep us alive by the eagles,1.0,1.0,1.0
3,E,CkksCombined,5,who is the leader of the ontario pc party,1.0,1.0,1.0
3,E,CkksCombined,5,nitty gritty dirt band fishin in the dark album,1.0,1.0,1.0
3,E,CkksCombined,5,who were the three elves who got rings,1.0,1.0,1.0
3,E,CkksCombined,5,converting stereo signal to mono signal is called,1.0,0.9999,0.8
3,E,CkksCombined,5,in order to prove disparate impact you first must establish,1.0,1.0,1.0
3,E,CkksCombined,5,where do characters live in this is us,1.0,1.0,0.8
3,E,CkksCombined,5,who makes the decisions about what to produce in a market economy,1.0,1.0,0.8
3,E,CkksCombined,10,what is non controlling interest on balance sheet,1.0,0.9999,0.9556
3,E,CkksCombined,10,how many episodes are in chicago fire season 4,1.0,1.0,0.9556
3,E,CkksCombined,10,who sings love will keep us alive by the eagles,1.0,1.0,1.0
3,E,CkksCombined,10,who is the leader of the ontario pc party,1.0,1.0,0.9556
3,E,CkksCombined,10,nitty gritty dirt band fishin in the dark album,1.0,1.0,0.9111
3,E,CkksCombined,10,who were the three elves who got rings,1.0,1.0,0.9111
3,E,CkksCombined,10,converting stereo signal to mono signal is called,1.0,0.9999,0.9556
3,E,CkksCombined,10,in order to prove disparate impact you first must establish,1.0,1.0,1.0
3,E,CkksCombined,10,where do characters live in this is us,1.0,1.0,0.9556
3,E,CkksCombined,10,who makes the decisions about what to produce in a market economy,1.0,1.0,0.9556
3,E,CkksCombined,20,what is non controlling interest on balance sheet,1.0,0.9999,0.9789
3,E,CkksCombined,20,how many episodes are in chicago fire season 4,1.0,1.0,0.9684
3,E,CkksCombined,20,who sings love will keep us alive by the eagles,1.0,1.0,0.9789
3,E,CkksCombined,20,who is the leader of the ontario pc party,1.0,1.0,0.9895
3,E,CkksCombined,20,nitty gritty dirt band fishin in the dark album,1.0,1.0,0.9474
3,E,CkksCombined,20,who were the three elves who got rings,1.0,1.0,0.9789
3,E,CkksCombined,20,converting stereo signal to mono signal is called,1.0,0.9999,0.9579
3,E,CkksCombined,20,in order to prove disparate impact you first must establish,1.0,1.0,0.9789
3,E,CkksCombined,20,where do characters live in this is us,1.0,1.0,0.9789
3,E,CkksCombined,20,who makes the decisions about what to produce in a market economy,1.0,1.0,0.9579
3,E,CkksCombined,50,what is non controlling interest on balance sheet,1.0,0.9999,0.9722
3,E,CkksCombined,50,how many episodes are in chicago fire season 4,1.0,1.0,0.9771
3,E,CkksCombined,50,who sings love will keep us alive by the eagles,0.98,0.9904,0.9779
3,E,CkksCombined,50,who is the leader of the ontario pc party,1.0,1.0,0.9902
3,E,CkksCombined,50,nitty gritty dirt band fishin in the dark album,1.0,1.0,0.9869
3,E,CkksCombined,50,who were the three elves who got rings,1.0,1.0,0.9853
3,E,CkksCombined,50,converting stereo signal to mono signal is called,1.0,0.9999,0.982
3,E,CkksCombined,50,in order to prove disparate impact you first must establish,1.0,1.0,0.9886
3,E,CkksCombined,50,where do characters live in this is us,1.0,1.0,0.9837
3,E,CkksCombined,50,who makes the decisions about what to produce in a market economy,0.98,0.9899,0.9796
4,E,Scrambling,1,what is non controlling interest on balance sheet,1.0,1.0,1.0
4,E,Scrambling,1,how many episodes are in chicago fire season 4,1.0,1.0,1.0
4,E,Scrambling,1,who sings love will keep us alive by the eagles,1.0,1.0,1.0
4,E,Scrambling,1,who is the leader of the ontario pc party,1.0,1.0,1.0
4,E,Scrambling,1,nitty gritty dirt band fishin in the dark album,1.0,1.0,1.0
4,E,Scrambling,1,who were the three elves who got rings,1.0,1.0,1.0
4,E,Scrambling,1,converting stereo signal to mono signal is called,1.0,1.0,1.0
4,E,Scrambling,1,in order to prove disparate impact you first must establish,1.0,1.0,1.0
4,E,Scrambling,1,where do characters live in this is us,1.0,1.0,1.0
4,E,Scrambling,1,who makes the decisions about what to produce in a market economy,1.0,1.0,1.0
4,E,Scrambling,5,what is non controlling interest on balance sheet,1.0,1.0,1.0
4,E,Scrambling,5,how many episodes are in chicago fire season 4,1.0,1.0,1.0
4,E,Scrambling,5,who sings love will keep us alive by the eagles,1.0,1.0,1.0
4,E,Scrambling,5,who is the leader of the ontario pc party,1.0,1.0,1.0
4,E,Scrambling,5,nitty gritty dirt band fishin in the dark album,1.0,1.0,1.0
4,E,Scrambling,5,who were the three elves who got rings,1.0,1.0,1.0
4,E,Scrambling,5,converting stereo signal to mono signal is called,1.0,1.0,1.0
4,E,Scrambling,5,in order to prove disparate impact you first must establish,1.0,1.0,1.0
4,E,Scrambling,5,where do characters live in this is us,1.0,1.0,1.0
4,E,Scrambling,5,who makes the decisions about what to produce in a market economy,1.0,1.0,1.0
4,E,Scrambling,10,what is non controlling interest on balance sheet,1.0,1.0,1.0
4,E,Scrambling,10,how many episodes are in chicago fire season 4,1.0,1.0,1.0
4,E,Scrambling,10,who sings love will keep us alive by the eagles,1.0,1.0,1.0
4,E,Scrambling,10,who is the leader of the ontario pc party,1.0,1.0,1.0
4,E,Scrambling,10,nitty gritty dirt band fishin in the dark album,1.0,1.0,1.0
4,E,Scrambling,10,who were the three elves who got rings,1.0,1.0,1.0
4,E,Scrambling,10,converting stereo signal to mono signal is called,1.0,1.0,1.0
4,E,Scrambling,10,in order to prove disparate impact you first must establish,1.0,1.0,1.0
4,E,Scrambling,10,where do characters live in this is us,1.0,1.0,1.0
4,E,Scrambling,10,who makes the decisions about what to produce in a market economy,1.0,1.0,1.0
4,E,Scrambling,20,what is non controlling interest on balance sheet,1.0,1.0,1.0
4,E,Scrambling,20,how many episodes are in chicago fire season 4,1.0,1.0,1.0
4,E,Scrambling,20,who sings love will keep us alive by the eagles,1.0,1.0,1.0
4,E,Scrambling,20,who is the leader of the ontario pc party,1.0,1.0,1.0
4,E,Scrambling,20,nitty gritty dirt band fishin in the dark album,1.0,1.0,1.0
4,E,Scrambling,20,who were the three elves who got rings,1.0,1.0,1.0
4,E,Scrambling,20,converting stereo signal to mono signal is called,1.0,1.0,1.0
4,E,Scrambling,20,in order to prove disparate impact you first must establish,1.0,1.0,1.0
4,E,Scrambling,20,where do characters live in this is us,1.0,1.0,1.0
4,E,Scrambling,20,who makes the decisions about what to produce in a market economy,1.0,1.0,1.0
4,E,Scrambling,50,what is non controlling interest on balance sheet,1.0,1.0,1.0
4,E,Scrambling,50,how many episodes are in chicago fire season 4,1.0,1.0,1.0
4,E,Scrambling,50,who sings love will keep us alive by the eagles,1.0,1.0,1.0
4,E,Scrambling,50,who is the leader of the ontario pc party,1.0,1.0,1.0
4,E,Scrambling,50,nitty gritty dirt band fishin in the dark album,1.0,1.0,1.0
4,E,Scrambling,50,who were the three elves who got rings,1.0,1.0,1.0
4,E,Scrambling,50,converting stereo signal to mono signal is called,1.0,1.0,1.0
4,E,Scrambling,50,in order to prove disparate impact you first must establish,1.0,1.0,1.0
4,E,Scrambling,50,where do characters live in this is us,1.0,1.0,1.0
4,E,Scrambling,50,who makes the decisions about what to produce in a market economy,1.0,1.0,1.0
4,E,Noise,1,what is non controlling interest on balance sheet,1.0,1.0,1.0
4,E,Noise,1,how many episodes are in chicago fire season 4,0.0,0.9974,1.0
4,E,Noise,1,who sings love will keep us alive by the eagles,1.0,1.0,1.0
4,E,Noise,1,who is the leader of the ontario pc party,1.0,1.0,1.0
4,E,Noise,1,nitty gritty dirt band fishin in the dark album,1.0,1.0,1.0
4,E,Noise,1,who were the three elves who got rings,1.0,1.0,1.0
4,E,Noise,1,converting stereo signal to mono signal is called,1.0,1.0,1.0
4,E,Noise,1,in order to prove disparate impact you first must establish,1.0,1.0,1.0
4,E,Noise,1,where do characters live in this is us,1.0,1.0,1.0
4,E,Noise,1,who makes the decisions about what to produce in a market economy,1.0,1.0,1.0
4,E,Noise,5,what is non controlling interest on balance sheet,1.0,1.0,0.8
4,E,Noise,5,how many episodes are in chicago fire season 4,1.0,0.9997,0.8
4,E,Noise,5,who sings love will keep us alive by the eagles,1.0,1.0,1.0
4,E,Noise,5,who is the leader of the ontario pc party,1.0,1.0,1.0
4,E,Noise,5,nitty gritty dirt band fishin in the dark album,1.0,1.0,1.0
4,E,Noise,5,who were the three elves who got rings,0.8,0.9988,1.0
4,E,Noise,5,converting stereo signal to mono signal is called,1.0,1.0,1.0
4,E,Noise,5,in order to prove disparate impact you first must establish,1.0,1.0,1.0
4,E,Noise,5,where do characters live in this is us,1.0,1.0,1.0
4,E,Noise,5,who makes the decisions about what to produce in a market economy,1.0,1.0,1.0
4,E,Noise,10,what is non controlling interest on balance sheet,1.0,1.0,0.9111
4,E,Noise,10,how many episodes are in chicago fire season 4,1.0,0.9998,0.9111
4,E,Noise,10,who sings love will keep us alive by the eagles,1.0,1.0,1.0
4,E,Noise,10,who is the leader of the ontario pc party,1.0,1.0,0.9556
4,E,Noise,10,nitty gritty dirt band fishin in the dark album,1.0,1.0,0.9556
4,E,Noise,10,who were the three elves who got rings,1.0,0.9999,0.9111
4,E,Noise,10,converting stereo signal to mono signal is called,1.0,1.0,1.0
4,E,Noise,10,in order to prove disparate impact you first must establish,1.0,1.0,0.9556
4,E,Noise,10,where do characters live in this is us,1.0,1.0,1.0
4,E,Noise,10,who makes the decisions about what to produce in a market economy,1.0,1.0,1.0
4,E,Noise,20,what is non controlling interest on balance sheet,0.95,0.9998,0.9684
4,E,Noise,20,how many episodes are in chicago fire season 4,1.0,0.9998,0.9579
4,E,Noise,20,who sings love will keep us alive by the eagles,1.0,1.0,0.9895
4,E,Noise,20,who is the leader of the ontario pc party,1.0,1.0,0.9684
4,E,Noise,20,nitty gritty dirt band fishin in the dark album,1.0,1.0,0.9368
4,E,Noise,20,who were the three elves who got rings,1.0,0.9999,0.9474
4,E,Noise,20,converting stereo signal to mono signal is called,1.0,1.0,1.0
4,E,Noise,20,in order to prove disparate impact you first must establish,1.0,1.0,0.9368
4,E,Noise,20,where do characters live in this is us,1.0,1.0,1.0
4,E,Noise,20,who makes the decisions about what to produce in a market economy,1.0,1.0,0.9789
4,E,Noise,50,what is non controlling interest on balance sheet,1.0,1.0,0.982
4,E,Noise,50,how many episodes are in chicago fire season 4,1.0,0.9999,0.9739
4,E,Noise,50,who sings love will keep us alive by the eagles,1.0,1.0,0.9853
4,E,Noise,50,who is the leader of the ontario pc party,1.0,1.0,0.9837
4,E,Noise,50,nitty gritty dirt band fishin in the dark album,1.0,1.0,0.9837
4,E,Noise,50,who were the three elves who got rings,1.0,1.0,0.9755
4,E,Noise,50,converting stereo signal to mono signal is called,1.0,1.0,0.9886
4,E,Noise,50,in order to prove disparate impact you first must establish,0.98,0.9904,0.9864
4,E,Noise,50,where do characters live in this is us,1.0,1.0,0.9918
4,E,Noise,50,who makes the decisions about what to produce in a market economy,1.0,1.0,0.982
4,E,Combined,1,what is non controlling interest on balance sheet,0.0,0.9987,1.0
4,E,Combined,1,how many episodes are in chicago fire season 4,1.0,1.0,1.0
4,E,Combined,1,who sings love will keep us alive by the eagles,1.0,1.0,1.0
4,E,Combined,1,who is the leader of the ontario pc party,1.0,1.0,1.0
4,E,Combined,1,nitty gritty dirt band fishin in the dark album,1.0,1.0,1.0
4,E,Combined,1,who were the three elves who got rings,0.0,0.9992,1.0
4,E,Combined,1,converting stereo signal to mono signal is called,1.0,1.0,1.0
4,E,Combined,1,in order to prove disparate impact you first must establish,1.0,1.0,1.0
4,E,Combined,1,where do characters live in this is us,1.0,1.0,1.0
4,E,Combined,1,who makes the decisions about what to produce in a market economy,1.0,1.0,1.0
4,E,Combined,5,what is non controlling interest on balance sheet,1.0,0.9998,0.8
4,E,Combined,5,how many episodes are in chicago fire season 4,1.0,1.0,1.0
4,E,Combined,5,who sings love will keep us alive by the eagles,1.0,1.0,1.0
4,E,Combined,5,who is the leader of the ontario pc party,1.0,1.0,1.0
4,E,Combined,5,nitty gritty dirt band fishin in the dark album,1.0,1.0,1.0
4,E,Combined,5,who were the three elves who got rings,1.0,0.9999,0.8
4,E,Combined,5,converting stereo signal to mono signal is called,1.0,1.0,1.0
4,E,Combined,5,in order to prove disparate impact you first must establish,1.0,1.0,1.0
4,E,Combined,5,where do characters live in this is us,1.0,1.0,1.0
4,E,Combined,5,who makes the decisions about what to produce in a market economy,1.0,1.0,0.8
4,E,Combined,10,what is non controlling interest on balance sheet,1.0,0.9999,0.9556
4,E,Combined,10,how many episodes are in chicago fire season 4,0.9,0.9996,0.8667
4,E,Combined,10,who sings love will keep us alive by the eagles,1.0,1.0,1.0
4,E,Combined,10,who is the leader of the ontario pc party,1.0,1.0,1.0
4,E,Combined,10,nitty gritty dirt band fishin in the dark album,1.0,1.0,0.9556
4,E,Combined,10,who were the three elves who got rings,1.0,0.9999,0.9111
4,E,Combined,10,converting stereo signal to mono signal is called,1.0,1.0,1.0
4,E,Combined,10,in order to prove disparate impact you first must establish,1.0,1.0,0.9556
4,E,Combined,10,where do characters live in this is us,1.0,1.0,1.0
4,E,Combined,10,who makes the decisions about what to produce in a market economy,1.0,1.0,0.9556
4,E,Combined,20,what is non controlling interest on balance sheet,1.0,0.9999,0.9895
4,E,Combined,20,how many episodes are in chicago fire season 4,1.0,0.9999,0.9474
4,E,Combined,20,who sings love will keep us alive by the eagles,1.0,1.0,0.9789
4,E,Combined,20,who is the leader of the ontario pc party,1.0,1.0,0.9895
4,E,Combined,20,nitty gritty dirt band fishin in the dark album,1.0,1.0,0.9474
4,E,Combined,20,who were the three elves who got rings,1.0,0.9999,0.9684
4,E,Combined,20,converting stereo signal to mono signal is called,1.0,1.0,0.9789
4,E,Combined,20,in order to prove disparate impact you first must establish,1.0,1.0,0.9684
4,E,Combined,20,where do characters live in this is us,1.0,1.0,1.0
4,E,Combined,20,who makes the decisions about what to produce in a market economy,1.0,1.0,0.9684
4,E,Combined,50,what is non controlling interest on balance sheet,1.0,0.9999,0.9804
4,E,Combined,50,how many episodes are in chicago fire season 4,0.98,0.9904,0.9711
4,E,Combined,50,who sings love will keep us alive by the eagles,1.0,1.0,0.9804
4,E,Combined,50,who is the leader of the ontario pc party,1.0,1.0,0.9886
4,E,Combined,50,nitty gritty dirt band fishin in the dark album,1.0,1.0,0.9869
4,E,Combined,50,who were the three elves who got rings,1.0,1.0,0.9788
4,E,Combined,50,converting stereo signal to mono signal is called,1.0,1.0,0.9771
4,E,Combined,50,in order to prove disparate impact you first must establish,0.96,0.9808,0.9894
4,E,Combined,50,where do characters live in this is us,1.0,1.0,0.9886
4,E,Combined,50,who makes the decisions about what to produce in a market economy,1.0,1.0,0.9771
4,E,Rome,1,what is non controlling interest on balance sheet,1.0,1.0,1.0
4,E,Rome,1,how many episodes are in chicago fire season 4,1.0,1.0,1.0
4,E,Rome,1,who sings love will keep us alive by the eagles,1.0,1.0,1.0
4,E,Rome,1,who is the leader of the ontario pc party,1.0,1.0,1.0
4,E,Rome,1,nitty gritty dirt band fishin in the dark album,1.0,1.0,1.0
4,E,Rome,1,who were the three elves who got rings,1.0,1.0,1.0
4,E,Rome,1,converting stereo signal to mono signal is called,1.0,1.0,1.0
4,E,Rome,1,in order to prove disparate impact you first must establish,1.0,1.0,1.0
4,E,Rome,1,where do characters live in this is us,1.0,1.0,1.0
4,E,Rome,1,who makes the decisions about what to produce in a market economy,1.0,1.0,1.0
4,E,Rome,5,what is non controlling interest on balance sheet,1.0,1.0,1.0
4,E,Rome,5,how many episodes are in chicago fire season 4,1.0,1.0,1.0
4,E,Rome,5,who sings love will keep us alive by the eagles,1.0,1.0,1.0
4,E,Rome,5,who is the leader of the ontario pc party,1.0,1.0,1.0
4,E,Rome,5,nitty gritty dirt band fishin in the dark album,1.0,1.0,1.0
4,E,Rome,5,who were the three elves who got rings,1.0,1.0,1.0
4,E,Rome,5,converting stereo signal to mono signal is called,1.0,1.0,1.0
4,E,Rome,5,in order to prove disparate impact you first must establish,1.0,1.0,1.0
4,E,Rome,5,where do characters live in this is us,1.0,1.0,1.0
4,E,Rome,5,who makes the decisions about what to produce in a market economy,1.0,1.0,1.0
4,E,Rome,10,what is non controlling interest on balance sheet,1.0,1.0,1.0
4,E,Rome,10,how many episodes are in chicago fire season 4,1.0,1.0,1.0
4,E,Rome,10,who sings love will keep us alive by the eagles,1.0,1.0,1.0
4,E,Rome,10,who is the leader of the ontario pc party,1.0,1.0,1.0
4,E,Rome,10,nitty gritty dirt band fishin in the dark album,1.0,1.0,1.0
4,E,Rome,10,who were the three elves who got rings,1.0,1.0,1.0
4,E,Rome,10,converting stereo signal to mono signal is called,1.0,1.0,1.0
4,E,Rome,10,in order to prove disparate impact you first must establish,1.0,1.0,1.0
4,E,Rome,10,where do characters live in this is us,1.0,1.0,1.0
4,E,Rome,10,who makes the decisions about what to produce in a market economy,1.0,1.0,1.0
4,E,Rome,20,what is non controlling interest on balance sheet,1.0,1.0,1.0
4,E,Rome,20,how many episodes are in chicago fire season 4,1.0,1.0,1.0
4,E,Rome,20,who sings love will keep us alive by the eagles,1.0,1.0,1.0
4,E,Rome,20,who is the leader of the ontario pc party,1.0,1.0,1.0
4,E,Rome,20,nitty gritty dirt band fishin in the dark album,1.0,1.0,1.0
4,E,Rome,20,who were the three elves who got rings,1.0,1.0,1.0
4,E,Rome,20,converting stereo signal to mono signal is called,1.0,1.0,1.0
4,E,Rome,20,in order to prove disparate impact you first must establish,1.0,1.0,1.0
4,E,Rome,20,where do characters live in this is us,1.0,1.0,1.0
4,E,Rome,20,who makes the decisions about what to produce in a market economy,1.0,1.0,1.0
4,E,Rome,50,what is non controlling interest on balance sheet,1.0,1.0,1.0
4,E,Rome,50,how many episodes are in chicago fire season 4,1.0,1.0,1.0
4,E,Rome,50,who sings love will keep us alive by the eagles,1.0,1.0,1.0
4,E,Rome,50,who is the leader of the ontario pc party,1.0,1.0,1.0
4,E,Rome,50,nitty gritty dirt band fishin in the dark album,1.0,1.0,1.0
4,E,Rome,50,who were the three elves who got rings,1.0,1.0,1.0
4,E,Rome,50,converting stereo signal to mono signal is called,1.0,1.0,1.0
4,E,Rome,50,in order to prove disparate impact you first must establish,1.0,1.0,1.0
4,E,Rome,50,where do characters live in this is us,1.0,1.0,1.0
4,E,Rome,50,who makes the decisions about what to produce in a market economy,1.0,1.0,1.0
4,E,RomeCombined,1,what is non controlling interest on balance sheet,1.0,1.0,1.0
4,E,RomeCombined,1,how many episodes are in chicago fire season 4,0.0,0.9974,1.0
4,E,RomeCombined,1,who sings love will keep us alive by the eagles,1.0,1.0,1.0
4,E,RomeCombined,1,who is the leader of the ontario pc party,1.0,1.0,1.0
4,E,RomeCombined,1,nitty gritty dirt band fishin in the dark album,1.0,1.0,1.0
4,E,RomeCombined,1,who were the three elves who got rings,1.0,1.0,1.0
4,E,RomeCombined,1,converting stereo signal to mono signal is called,1.0,1.0,1.0
4,E,RomeCombined,1,in order to prove disparate impact you first must establish,1.0,1.0,1.0
4,E,RomeCombined,1,where do characters live in this is us,1.0,1.0,1.0
4,E,RomeCombined,1,who makes the decisions about what to produce in a market economy,1.0,1.0,1.0
4,E,RomeCombined,5,what is non controlling interest on balance sheet,1.0,1.0,1.0
4,E,RomeCombined,5,how many episodes are in chicago fire season 4,1.0,0.9996,0.6
4,E,RomeCombined,5,who sings love will keep us alive by the eagles,0.8,0.9998,1.0
4,E,RomeCombined,5,who is the leader of the ontario pc party,1.0,1.0,1.0
4,E,RomeCombined,5,nitty gritty dirt band fishin in the dark album,1.0,1.0,1.0
4,E,RomeCombined,5,who were the three elves who got rings,1.0,1.0,1.0
4,E,RomeCombined,5,converting stereo signal to mono signal is called,1.0,1.0,1.0
4,E,RomeCombined,5,in order to prove disparate impact you first must establish,1.0,1.0,1.0
4,E,RomeCombined,5,where do characters live in this is us,1.0,1.0,0.8
4,E,RomeCombined,5,who makes the decisions about what to produce in a market economy,1.0,1.0,0.8
4,E,RomeCombined,10,what is non controlling interest on balance sheet,1.0,1.0,1.0
4,E,RomeCombined,10,how many episodes are in chicago fire season 4,1.0,0.9997,0.8667
4,E,RomeCombined,10,who sings love will keep us alive by the eagles,1.0,1.0,0.9556
4,E,RomeCombined,10,who is the leader of the ontario pc party,1.0,1.0,0.9556
4,E,RomeCombined,10,nitty gritty dirt band fishin in the dark album,1.0,1.0,1.0
4,E,RomeCombined,10,who were the three elves who got rings,1.0,1.0,1.0
4,E,RomeCombined,10,converting stereo signal to mono signal is called,1.0,1.0,1.0
4,E,RomeCombined,10,in order to prove disparate impact you first must establish,1.0,1.0,0.8667
4,E,RomeCombined,10,where do characters live in this is us,1.0,1.0,0.9556
4,E,RomeCombined,10,who makes the decisions about what to produce in a market economy,1.0,1.0,0.9556
4,E,RomeCombined,20,what is non controlling interest on balance sheet,0.95,0.9999,1.0
4,E,RomeCombined,20,how many episodes are in chicago fire season 4,1.0,0.9998,0.9579
4,E,RomeCombined,20,who sings love will keep us alive by the eagles,1.0,1.0,0.9895
4,E,RomeCombined,20,who is the leader of the ontario pc party,1.0,1.0,0.9789
4,E,RomeCombined,20,nitty gritty dirt band fishin in the dark album,1.0,1.0,0.9789
4,E,RomeCombined,20,who were the three elves who got rings,1.0,1.0,1.0
4,E,RomeCombined,20,converting stereo signal to mono signal is called,1.0,1.0,0.9895
4,E,RomeCombined,20,in order to prove disparate impact you first must establish,1.0,1.0,0.9368
4,E,RomeCombined,20,where do characters live in this is us,1.0,1.0,0.9789
4,E,RomeCombined,20,who makes the decisions about what to produce in a market economy,1.0,1.0,0.9789
4,E,RomeCombined,50,what is non controlling interest on balance sheet,1.0,1.0,0.9788
4,E,RomeCombined,50,how many episodes are in chicago fire season 4,1.0,0.9999,0.9788
4,E,RomeCombined,50,who sings love will keep us alive by the eagles,1.0,1.0,0.982
4,E,RomeCombined,50,who is the leader of the ontario pc party,1.0,1.0,0.9918
4,E,RomeCombined,50,nitty gritty dirt band fishin in the dark album,1.0,1.0,0.9902
4,E,RomeCombined,50,who were the three elves who got rings,1.0,1.0,0.982
4,E,RomeCombined,50,converting stereo signal to mono signal is called,1.0,1.0,0.9869
4,E,RomeCombined,50,in order to prove disparate impact you first must establish,0.98,0.9904,0.9796
4,E,RomeCombined,50,where do characters live in this is us,1.0,1.0,0.9902
4,E,RomeCombined,50,who makes the decisions about what to produce in a market economy,0.98,0.99,0.9813
4,E,Ckks,1,what is non controlling interest on balance sheet,1.0,1.0,1.0
4,E,Ckks,1,how many episodes are in chicago fire season 4,1.0,1.0,1.0
4,E,Ckks,1,who sings love will keep us alive by the eagles,1.0,1.0,1.0
4,E,Ckks,1,who is the leader of the ontario pc party,1.0,1.0,1.0
4,E,Ckks,1,nitty gritty dirt band fishin in the dark album,1.0,1.0,1.0
4,E,Ckks,1,who were the three elves who got rings,1.0,1.0,1.0
4,E,Ckks,1,converting stereo signal to mono signal is called,1.0,1.0,1.0
4,E,Ckks,1,in order to prove disparate impact you first must establish,1.0,1.0,1.0
4,E,Ckks,1,where do characters live in this is us,1.0,1.0,1.0
4,E,Ckks,1,who makes the decisions about what to produce in a market economy,1.0,1.0,1.0
4,E,Ckks,5,what is non controlling interest on balance sheet,1.0,1.0,1.0
4,E,Ckks,5,how many episodes are in chicago fire season 4,1.0,1.0,1.0
4,E,Ckks,5,who sings love will keep us alive by the eagles,1.0,1.0,1.0
4,E,Ckks,5,who is the leader of the ontario pc party,1.0,1.0,1.0
4,E,Ckks,5,nitty gritty dirt band fishin in the dark album,1.0,1.0,1.0
4,E,Ckks,5,who were the three elves who got rings,1.0,1.0,1.0
4,E,Ckks,5,converting stereo signal to mono signal is called,1.0,1.0,1.0
4,E,Ckks,5,in order to prove disparate impact you first must establish,1.0,1.0,1.0
4,E,Ckks,5,where do characters live in this is us,1.0,1.0,1.0
4,E,Ckks,5,who makes the decisions about what to produce in a market economy,1.0,1.0,1.0
4,E,Ckks,10,what is non controlling interest on balance sheet,1.0,1.0,1.0
4,E,Ckks,10,how many episodes are in chicago fire season 4,1.0,1.0,1.0
4,E,Ckks,10,who sings love will keep us alive by the eagles,1.0,1.0,1.0
4,E,Ckks,10,who is the leader of the ontario pc party,1.0,1.0,1.0
4,E,Ckks,10,nitty gritty dirt band fishin in the dark album,1.0,1.0,1.0
4,E,Ckks,10,who were the three elves who got rings,1.0,1.0,1.0
4,E,Ckks,10,converting stereo signal to mono signal is called,1.0,1.0,1.0
4,E,Ckks,10,in order to prove disparate impact you first must establish,1.0,1.0,1.0
4,E,Ckks,10,where do characters live in this is us,1.0,1.0,1.0
4,E,Ckks,10,who makes the decisions about what to produce in a market economy,1.0,1.0,1.0
4,E,Ckks,20,what is non controlling interest on balance sheet,1.0,1.0,1.0
4,E,Ckks,20,how many episodes are in chicago fire season 4,1.0,1.0,1.0
4,E,Ckks,20,who sings love will keep us alive by the eagles,1.0,1.0,1.0
4,E,Ckks,20,who is the leader of the ontario pc party,1.0,1.0,1.0
4,E,Ckks,20,nitty gritty dirt band fishin in the dark album,1.0,1.0,1.0
4,E,Ckks,20,who were the three elves who got rings,1.0,1.0,1.0
4,E,Ckks,20,converting stereo signal to mono signal is called,1.0,1.0,1.0
4,E,Ckks,20,in order to prove disparate impact you first must establish,1.0,1.0,1.0
4,E,Ckks,20,where do characters live in this is us,1.0,1.0,1.0
4,E,Ckks,20,who makes the decisions about what to produce in a market economy,1.0,1.0,1.0
4,E,Ckks,50,what is non controlling interest on balance sheet,1.0,1.0,1.0
4,E,Ckks,50,how many episodes are in chicago fire season 4,1.0,1.0,1.0
4,E,Ckks,50,who sings love will keep us alive by the eagles,1.0,1.0,1.0
4,E,Ckks,50,who is the leader of the ontario pc party,1.0,1.0,1.0
4,E,Ckks,50,nitty gritty dirt band fishin in the dark album,1.0,1.0,1.0
4,E,Ckks,50,who were the three elves who got rings,1.0,1.0,1.0
4,E,Ckks,50,converting stereo signal to mono signal is called,1.0,1.0,1.0
4,E,Ckks,50,in order to prove disparate impact you first must establish,1.0,1.0,1.0
4,E,Ckks,50,where do characters live in this is us,1.0,1.0,1.0
4,E,Ckks,50,who makes the decisions about what to produce in a market economy,1.0,1.0,1.0
4,E,CkksCombined,1,what is non controlling interest on balance sheet,1.0,1.0,1.0
4,E,CkksCombined,1,how many episodes are in chicago fire season 4,1.0,1.0,1.0
4,E,CkksCombined,1,who sings love will keep us alive by the eagles,1.0,1.0,1.0
4,E,CkksCombined,1,who is the leader of the ontario pc party,1.0,1.0,1.0
4,E,CkksCombined,1,nitty gritty dirt band fishin in the dark album,1.0,1.0,1.0
4,E,CkksCombined,1,who were the three elves who got rings,0.0,0.9992,1.0
4,E,CkksCombined,1,converting stereo signal to mono signal is called,1.0,1.0,1.0
4,E,CkksCombined,1,in order to prove disparate impact you first must establish,1.0,1.0,1.0
4,E,CkksCombined,1,where do characters live in this is us,1.0,1.0,1.0
4,E,CkksCombined,1,who makes the decisions about what to produce in a market economy,1.0,1.0,1.0
4,E,CkksCombined,5,what is non controlling interest on balance sheet,1.0,1.0,1.0
4,E,CkksCombined,5,how many episodes are in chicago fire season 4,1.0,1.0,1.0
4,E,CkksCombined,5,who sings love will keep us alive by the eagles,0.8,0.9998,1.0
4,E,CkksCombined,5,who is the leader of the ontario pc party,1.0,1.0,1.0
4,E,CkksCombined,5,nitty gritty dirt band fishin in the dark album,1.0,1.0,1.0
4,E,CkksCombined,5,who were the three elves who got rings,1.0,0.9999,0.8
4,E,CkksCombined,5,converting stereo signal to mono signal is called,1.0,0.9999,0.6
4,E,CkksCombined,5,in order to prove disparate impact you first must establish,1.0,1.0,1.0
4,E,CkksCombined,5,where do characters live in this is us,1.0,1.0,1.0
4,E,CkksCombined,5,who makes the decisions about what to produce in a market economy,1.0,1.0,1.0
4,E,CkksCombined,10,what is non controlling interest on balance sheet,1.0,1.0,1.0
4,E,CkksCombined,10,how many episodes are in chicago fire season 4,1.0,1.0,1.0
4,E,CkksCombined,10,who sings love will keep us alive by the eagles,1.0,1.0,0.9556
4,E,CkksCombined,10,who is the leader of the ontario pc party,1.0,1.0,0.9556
4,E,CkksCombined,10,nitty gritty dirt band fishin in the dark album,1.0,1.0,0.9556
4,E,CkksCombined,10,who were the three elves who got rings,1.0,0.9999,0.9111
4,E,CkksCombined,10,converting stereo signal to mono signal is called,1.0,0.9999,0.9111
4,E,CkksCombined,10,in order to prove disparate impact you first must establish,1.0,1.0,0.9556
4,E,CkksCombined,10,where do characters live in this is us,1.0,1.0,1.0
4,E,CkksCombined,10,who makes the decisions about what to produce in a market economy,1.0,1.0,0.9556
4,E,CkksCombined,20,what is non controlling interest on balance sheet,1.0,1.0,0.9895
4,E,CkksCombined,20,how many episodes are in chicago fire season 4,1.0,1.0,1.0
4,E,CkksCombined,20,who sings love will keep us alive by the eagles,1.0,1.0,0.9789
4,E,CkksCombined,20,who is the leader of the ontario pc party,1.0,1.0,0.9684
4,E,CkksCombined,20,nitty gritty dirt band fishin in the dark album,1.0,1.0,0.9474
4,E,CkksCombined,20,who were the three elves who got rings,1.0,0.9999,0.9684
4,E,CkksCombined,20,converting stereo signal to mono signal is called,1.0,0.9999,0.9684
4,E,CkksCombined,20,in order to prove disparate impact you first must establish,1.0,1.0,0.9789
4,E,CkksCombined,20,where do characters live in this is us,1.0,1.0,1.0
4,E,CkksCombined,20,who makes the decisions about what to produce in a market economy,1.0,1.0,0.9789
4,E,CkksCombined,50,what is non controlling interest on balance sheet,1.0,1.0,0.9804
4,E,CkksCombined,50,how many episodes are in chicago fire season 4,1.0,1.0,0.9804
4,E,CkksCombined,50,who sings love will keep us alive by the eagles,1.0,1.0,0.969
4,E,CkksCombined,50,who is the leader of the ontario pc party,1.0,1.0,0.9837
4,E,CkksCombined,50,nitty gritty dirt band fishin in the dark album,1.0,1.0,0.9869
4,E,CkksCombined,50,who were the three elves who got rings,1.0,1.0,0.9804
4,E,CkksCombined,50,converting stereo signal to mono signal is called,1.0,0.9999,0.9804
4,E,CkksCombined,50,in order to prove disparate impact you first must establish,0.98,0.9904,0.9881
4,E,CkksCombined,50,where do characters live in this is us,1.0,1.0,0.9902
4,E,CkksCombined,50,who makes the decisions about what to produce in a market economy,1.0,1.0,0.982
5,E,Scrambling,1,what is non controlling interest on balance sheet,1.0,1.0,1.0
5,E,Scrambling,1,how many episodes are in chicago fire season 4,1.0,1.0,1.0
5,E,Scrambling,1,who sings love will keep us alive by the eagles,1.0,1.0,1.0
5,E,Scrambling,1,who is the leader of the ontario pc party,1.0,1.0,1.0
5,E,Scrambling,1,nitty gritty dirt band fishin in the dark album,1.0,1.0,1.0
5,E,Scrambling,1,who were the three elves who got rings,1.0,1.0,1.0
5,E,Scrambling,1,converting stereo signal to mono signal is called,1.0,1.0,1.0
5,E,Scrambling,1,in order to prove disparate impact you first must establish,1.0,1.0,1.0
5,E,Scrambling,1,where do characters live in this is us,1.0,1.0,1.0
5,E,Scrambling,1,who makes the decisions about what to produce in a market economy,1.0,1.0,1.0
5,E,Scrambling,5,what is non controlling interest on balance sheet,1.0,1.0,1.0
5,E,Scrambling,5,how many episodes are in chicago fire season 4,1.0,1.0,1.0
5,E,Scrambling,5,who sings love will keep us alive by the eagles,1.0,1.0,1.0
5,E,Scrambling,5,who is the leader of the ontario pc party,1.0,1.0,1.0
5,E,Scrambling,5,nitty gritty dirt band fishin in the dark album,1.0,1.0,1.0
5,E,Scrambling,5,who were the three elves who got rings,1.0,1.0,1.0
5,E,Scrambling,5,converting stereo signal to mono signal is called,1.0,1.0,1.0
5,E,Scrambling,5,in order to prove disparate impact you first must establish,1.0,1.0,1.0
5,E,Scrambling,5,where do characters live in this is us,1.0,1.0,1.0
5,E,Scrambling,5,who makes the decisions about what to produce in a market economy,1.0,1.0,1.0
5,E,Scrambling,10,what is non controlling interest on balance sheet,1.0,1.0,1.0
5,E,Scrambling,10,how many episodes are in chicago fire season 4,1.0,1.0,1.0
5,E,Scrambling,10,who sings love will keep us alive by the eagles,1.0,1.0,1.0
5,E,Scrambling,10,who is the leader of the ontario pc party,1.0,1.0,1.0
5,E,Scrambling,10,nitty gritty dirt band fishin in the dark album,1.0,1.0,1.0
5,E,Scrambling,10,who were the three elves who got rings,1.0,1.0,1.0
5,E,Scrambling,10,converting stereo signal to mono signal is called,1.0,1.0,1.0
5,E,Scrambling,10,in order to prove disparate impact you first must establish,1.0,1.0,1.0
5,E,Scrambling,10,where do characters live in this is us,1.0,1.0,1.0
5,E,Scrambling,10,who makes the decisions about what to produce in a market economy,1.0,1.0,1.0
5,E,Scrambling,20,what is non controlling interest on balance sheet,1.0,1.0,1.0
5,E,Scrambling,20,how many episodes are in chicago fire season 4,1.0,1.0,1.0
5,E,Scrambling,20,who sings love will keep us alive by the eagles,1.0,1.0,1.0
5,E,Scrambling,20,who is the leader of the ontario pc party,1.0,1.0,1.0
5,E,Scrambling,20,nitty gritty dirt band fishin in the dark album,1.0,1.0,1.0
5,E,Scrambling,20,who were the three elves who got rings,1.0,1.0,1.0
5,E,Scrambling,20,converting stereo signal to mono signal is called,1.0,1.0,1.0
5,E,Scrambling,20,in order to prove disparate impact you first must establish,1.0,1.0,1.0
5,E,Scrambling,20,where do characters live in this is us,1.0,1.0,1.0
5,E,Scrambling,20,who makes the decisions about what to produce in a market economy,1.0,1.0,1.0
5,E,Scrambling,50,what is non controlling interest on balance sheet,1.0,1.0,1.0
5,E,Scrambling,50,how many episodes are in chicago fire season 4,1.0,1.0,1.0
5,E,Scrambling,50,who sings love will keep us alive by the eagles,1.0,1.0,1.0
5,E,Scrambling,50,who is the leader of the ontario pc party,1.0,1.0,1.0
5,E,Scrambling,50,nitty gritty dirt band fishin in the dark album,1.0,1.0,1.0
5,E,Scrambling,50,who were the three elves who got rings,1.0,1.0,1.0
5,E,Scrambling,50,converting stereo signal to mono signal is called,1.0,1.0,1.0
5,E,Scrambling,50,in order to prove disparate impact you first must establish,1.0,1.0,1.0
5,E,Scrambling,50,where do characters live in this is us,1.0,1.0,1.0
5,E,Scrambling,50,who makes the decisions about what to produce in a market economy,1.0,1.0,1.0
5,E,Noise,1,what is non controlling interest on balance sheet,1.0,1.0,1.0
5,E,Noise,1,how many episodes are in chicago fire season 4,0.0,0.9974,1.0
5,E,Noise,1,who sings love will keep us alive by the eagles,1.0,1.0,1.0
5,E,Noise,1,who is the leader of the ontario pc party,1.0,1.0,1.0
5,E,Noise,1,nitty gritty dirt band fishin in the dark album,1.0,1.0,1.0
5,E,Noise,1,who were the three elves who got rings,1.0,1.0,1.0
5,E,Noise,1,converting stereo signal to mono signal is called,1.0,1.0,1.0
5,E,Noise,1,in order to prove disparate impact you first must establish,1.0,1.0,1.0
5,E,Noise,1,where do characters live in this is us,1.0,1.0,1.0
5,E,Noise,1,who makes the decisions about what to produce in a market economy,1.0,1.0,1.0
5,E,Noise,5,what is non controlling interest on balance sheet,0.8,0.9992,1.0
5,E,Noise,5,how many episodes are in chicago fire season 4,1.0,0.9997,0.8
5,E,Noise,5,who sings love will keep us alive by the eagles,0.8,0.9998,1.0
5,E,Noise,5,who is the leader of the ontario pc party,1.0,0.9997,0.8
5,E,Noise,5,nitty gritty dirt band fishin in the dark album,1.0,1.0,1.0
5,E,Noise,5,who were the three elves who got rings,1.0,1.0,1.0
5,E,Noise,5,converting stereo signal to mono signal is called,1.0,1.0,1.0
5,E,Noise,5,in order to prove disparate impact you first must establish,1.0,1.0,1.0
5,E,Noise,5,where do characters live in this is us,1.0,1.0,0.8
5,E,Noise,5,who makes the decisions about what to produce in a market economy,1.0,1.0,0.8
5,E,Noise,10,what is non controlling interest on balance sheet,1.0,0.9999,0.8667
5,E,Noise,10,how many episodes are in chicago fire season 4,1.0,0.9998,0.9556
5,E,Noise,10,who sings love will keep us alive by the eagles,1.0,1.0,0.9556
5,E,Noise,10,who is the leader of the ontario pc party,1.0,0.9998,0.9111
5,E,Noise,10,nitty gritty dirt band fishin in the dark album,1.0,1.0,1.0
5,E,Noise,10,who were the three elves who got rings,1.0,1.0,0.9111
5,E,Noise,10,converting stereo signal to mono signal is called,1.0,1.0,1.0
5,E,Noise,10,in order to prove disparate impact you first must establish,1.0,1.0,0.9556
5,E,Noise,10,where do characters live in this is us,1.0,1.0,0.9556
5,E,Noise,10,who makes the decisions about what to produce in a market economy,1.0,1.0,0.8667
5,E,Noise,20,what is non controlling interest on balance sheet,1.0,0.9999,0.9684
5,E,Noise,20,how many episodes are in chicago fire season 4,1.0,0.9998,0.9684
5,E,Noise,20,who sings love will keep us alive by the eagles,1.0,1.0,0.9684
5,E,Noise,20,who is the leader of the ontario pc party,0.95,0.9998,0.9684
5,E,Noise,20,nitty gritty dirt band fishin in the dark album,1.0,1.0,0.9579
5,E,Noise,20,who were the three elves who got rings,1.0,1.0,0.9684
5,E,Noise,20,converting stereo signal to mono signal is called,1.0,1.0,1.0
5,E,Noise,20,in order to prove disparate impact you first must establish,1.0,1.0,0.9474
5,E,Noise,20,where do characters live in this is us,1.0,1.0,0.9895
5,E,Noise,20,who makes the decisions about what to produce in a market economy,1.0,1.0,0.9579
5,E,Noise,50,what is non controlling interest on balance sheet,1.0,1.0,0.9771
5,E,Noise,50,how many episodes are in chicago fire season 4,1.0,0.9999,0.9837
5,E,Noise,50,who sings love will keep us alive by the eagles,1.0,1.0,0.9755
5,E,Noise,50,who is the leader of the ontario pc party,1.0,0.9999,0.982
5,E,Noise,50,nitty gritty dirt band fishin in the dark album,1.0,1.0,0.9869
5,E,Noise,50,who were the three elves who got rings,1.0,1.0,0.9886
5,E,Noise,50,converting stereo signal to mono signal is called,1.0,1.0,0.9804
5,E,Noise,50,in order to prove disparate impact you first must establish,0.98,0.9904,0.9813
5,E,Noise,50,where do characters live in this is us,1.0,1.0,0.9935
5,E,Noise,50,who makes the decisions about what to produce in a market economy,1.0,1.0,0.9771
5,E,Combined,1,what is non controlling interest on balance sheet,1.0,1.0,1.0
5,E,Combined,1,how many episodes are in chicago fire season 4,1.0,1.0,1.0
5,E,Combined,1,who sings love will keep us alive by the eagles,1.0,1.0,1.0
5,E,Combined,1,who is the leader of the ontario pc party,1.0,1.0,1.0
5,E,Combined,1,nitty gritty dirt band fishin in the dark album,1.0,1.0,1.0
5,E,Combined,1,who were the three elves who got rings,0.0,0.9992,1.0
5,E,Combined,1,converting stereo signal to mono signal is called,1.0,1.0,1.0
5,E,Combined,1,in order to prove disparate impact you first must establish,1.0,1.0,1.0
5,E,Combined,1,where do characters live in this is us,1.0,1.0,1.0
5,E,Combined,1,who makes the decisions about what to produce in a market economy,1.0,1.0,1.0
5,E,Combined,5,what is non controlling interest on balance sheet,0.8,0.9996,0.8
5,E,Combined,5,how many episodes are in chicago fire season 4,1.0,1.0,1.0
5,E,Combined,5,who sings love will keep us alive by the eagles,1.0,0.9995,0.8
5,E,Combined,5,who is the leader of the ontario pc party,1.0,1.0,1.0
5,E,Combined,5,nitty gritty dirt band fishin in the dark album,1.0,1.0,1.0
5,E,Combined,5,who were the three elves who got rings,1.0,0.9999,0.8
5,E,Combined,5,converting stereo signal to mono signal is called,1.0,1.0,1.0
5,E,Combined,5,in order to prove disparate impact you first must establish,1.0,1.0,1.0
5,E,Combined,5,where do characters live in this is us,1.0,1.0,1.0
5,E,Combined,5,who makes the decisions about what to produce in a market economy,1.0,1.0,1.0
5,E,Combined,10,what is non controlling interest on balance sheet,1.0,1.0,0.9111
5,E,Combined,10,how many episodes are in chicago fire season 4,0.9,0.9996,0.9556
5,E,Combined,10,who sings love will keep us alive by the eagles,1.0,0.9996,0.9556
5,E,Combined,10,who is the leader of the ontario pc party,1.0,1.0,1.0
5,E,Combined,10,nitty gritty dirt band fishin in the dark album,1.0,1.0,0.9556
5,E,Combined,10,who were the three elves who got rings,1.0,0.9999,0.9556
5,E,Combined,10,converting stereo signal to mono signal is called,1.0,1.0,1.0
5,E,Combined,10,in order to prove disparate impact you first must establish,1.0,1.0,1.0
5,E,Combined,10,where do characters live in this is us,1.0,1.0,1.0
5,E,Combined,10,who makes the decisions about what to produce in a market economy,1.0,1.0,0.9556
5,E,Combined,20,what is non controlling interest on balance sheet,1.0,1.0,0.9684
5,E,Combined,20,how many episodes are in chicago fire season 4,1.0,1.0,0.9789
5,E,Combined,20,who sings love will keep us alive by the eagles,1.0,0.9997,0.9789
5,E,Combined,20,who is the leader of the ontario pc party,1.0,1.0,1.0
5,E,Combined,20,nitty gritty dirt band fishin in the dark album,1.0,1.0,0.9789
5,E,Combined,20,who were the three elves who got rings,1.0,1.0,0.9895
5,E,Combined,20,converting stereo signal to mono signal is called,1.0,1.0,0.9895
5,E,Combined,20,in order to prove disparate impact you first must establish,1.0,1.0,0.9684
5,E,Combined,20,where do characters live in this is us,1.0,1.0,1.0
5,E,Combined,20,who makes the decisions about what to produce in a market economy,1.0,1.0,0.9579
5,E,Combined,50,what is non controlling interest on balance sheet,0.98,0.9887,0.9694
5,E,Combined,50,how many episodes are in chicago fire season 4,0.98,0.9904,0.9762
5,E,Combined,50,who sings love will keep us alive by the eagles,0.98,0.9902,0.9796
5,E,Combined,50,who is the leader of the ontario pc party,1.0,1.0,0.9837
5,E,Combined,50,nitty gritty dirt band fishin in the dark album,1.0,1.0,0.9886
5,E,Combined,50,who were the three elves who got rings,1.0,1.0,0.9935
5,E,Combined,50,converting stereo signal to mono signal is called,1.0,1.0,0.9804
5,E,Combined,50,in order to prove disparate impact you first must establish,0.98,0.9904,0.983
5,E,Combined,50,where do characters live in this is us,1.0,1.0,0.9984
5,E,Combined,50,who makes the decisions about what to produce in a market economy,1.0,1.0,0.9853
5,E,Rome,1,what is non controlling interest on balance sheet,1.0,1.0,1.0
5,E,Rome,1,how many episodes are in chicago fire season 4,1.0,1.0,1.0
5,E,Rome,1,who sings love will keep us alive by the eagles,1.0,1.0,1.0
5,E,Rome,1,who is the leader of the ontario pc party,1.0,1.0,1.0
5,E,Rome,1,nitty gritty dirt band fishin in the dark album,1.0,1.0,1.0
5,E,Rome,1,who were the three elves who got rings,1.0,1.0,1.0
5,E,Rome,1,converting stereo signal to mono signal is called,1.0,1.0,1.0
5,E,Rome,1,in order to prove disparate impact you first must establish,1.0,1.0,1.0
5,E,Rome,1,where do characters live in this is us,1.0,1.0,1.0
5,E,Rome,1,who makes the decisions about what to produce in a market economy,1.0,1.0,1.0
5,E,Rome,5,what is non controlling interest on balance sheet,1.0,1.0,1.0
5,E,Rome,5,how many episodes are in chicago fire season 4,1.0,1.0,1.0
5,E,Rome,5,who sings love will keep us alive by the eagles,1.0,1.0,1.0
5,E,Rome,5,who is the leader of the ontario pc party,1.0,1.0,1.0
5,E,Rome,5,nitty gritty dirt band fishin in the dark album,1.0,1.0,1.0
5,E,Rome,5,who were the three elves who got rings,1.0,1.0,1.0
5,E,Rome,5,converting stereo signal to mono signal is called,1.0,1.0,1.0
5,E,Rome,5,in order to prove disparate impact you first must establish,1.0,1.0,1.0
5,E,Rome,5,where do characters live in this is us,1.0,1.0,1.0
5,E,Rome,5,who makes the decisions about what to produce in a market economy,1.0,1.0,1.0
5,E,Rome,10,what is non controlling interest on balance sheet,1.0,1.0,1.0
5,E,Rome,10,how many episodes are in chicago fire season 4,1.0,1.0,1.0
5,E,Rome,10,who sings love will keep us alive by the eagles,1.0,1.0,1.0
5,E,Rome,10,who is the leader of the ontario pc party,1.0,1.0,1.0
5,E,Rome,10,nitty gritty dirt band fishin in the dark album,1.0,1.0,1.0
5,E,Rome,10,who were the three elves who got rings,1.0,1.0,1.0
5,E,Rome,10,converting stereo signal to mono signal is called,1.0,1.0,1.0
5,E,Rome,10,in order to prove disparate impact you first must establish,1.0,1.0,1.0
5,E,Rome,10,where do characters live in this is us,1.0,1.0,1.0
5,E,Rome,10,who makes the decisions about what to produce in a market economy,1.0,1.0,1.0
5,E,Rome,20,what is non controlling interest on balance sheet,1.0,1.0,1.0
5,E,Rome,20,how many episodes are in chicago fire season 4,1.0,1.0,1.0
5,E,Rome,20,who sings love will keep us alive by the eagles,1.0,1.0,1.0
5,E,Rome,20,who is the leader of the ontario pc party,1.0,1.0,1.0
5,E,Rome,20,nitty gritty dirt band fishin in the dark album,1.0,1.0,1.0
5,E,Rome,20,who were the three elves who got rings,1.0,1.0,1.0
5,E,Rome,20,converting stereo signal to mono signal is called,1.0,1.0,1.0
5,E,Rome,20,in order to prove disparate impact you first must establish,1.0,1.0,1.0
5,E,Rome,20,where do characters live in this is us,1.0,1.0,1.0
5,E,Rome,20,who makes the decisions about what to produce in a market economy,1.0,1.0,1.0
5,E,Rome,50,what is non controlling interest on balance sheet,1.0,1.0,1.0
5,E,Rome,50,how many episodes are in chicago fire season 4,1.0,1.0,1.0
5,E,Rome,50,who sings love will keep us alive by the eagles,1.0,1.0,1.0
5,E,Rome,50,who is the leader of the ontario pc party,1.0,1.0,1.0
5,E,Rome,50,nitty gritty dirt band fishin in the dark album,1.0,1.0,1.0
5,E,Rome,50,who were the three elves who got rings,1.0,1.0,1.0
5,E,Rome,50,converting stereo signal to mono signal is called,1.0,1.0,1.0
5,E,Rome,50,in order to prove disparate impact you first must establish,1.0,1.0,1.0
5,E,Rome,50,where do characters live in this is us,1.0,1.0,1.0
5,E,Rome,50,who makes the decisions about what to produce in a market economy,1.0,1.0,1.0
5,E,RomeCombined,1,what is non controlling interest on balance sheet,1.0,1.0,1.0
5,E,RomeCombined,1,how many episodes are in chicago fire season 4,1.0,1.0,1.0
5,E,RomeCombined,1,who sings love will keep us alive by the eagles,1.0,1.0,1.0
5,E,RomeCombined,1,who is the leader of the ontario pc party,1.0,1.0,1.0
5,E,RomeCombined,1,nitty gritty dirt band fishin in the dark album,1.0,1.0,1.0
5,E,RomeCombined,1,who were the three elves who got rings,1.0,1.0,1.0
5,E,RomeCombined,1,converting stereo signal to mono signal is called,1.0,1.0,1.0
5,E,RomeCombined,1,in order to prove disparate impact you first must establish,1.0,1.0,1.0
5,E,RomeCombined,1,where do characters live in this is us,1.0,1.0,1.0
5,E,RomeCombined,1,who makes the decisions about what to produce in a market economy,1.0,1.0,1.0
5,E,RomeCombined,5,what is non controlling interest on balance sheet,1.0,1.0,0.8
5,E,RomeCombined,5,how many episodes are in chicago fire season 4,1.0,1.0,0.8
5,E,RomeCombined,5,who sings love will keep us alive by the eagles,1.0,1.0,1.0
5,E,RomeCombined,5,who is the leader of the ontario pc party,1.0,1.0,1.0
5,E,RomeCombined,5,nitty gritty dirt band fishin in the dark album,1.0,1.0,1.0
5,E,RomeCombined,5,who were the three elves who got rings,1.0,1.0,1.0
5,E,RomeCombined,5,converting stereo signal to mono signal is called,1.0,1.0,1.0
5,E,RomeCombined,5,in order to prove disparate impact you first must establish,1.0,1.0,1.0
5,E,RomeCombined,5,where do characters live in this is us,1.0,1.0,0.8
5,E,RomeCombined,5,who makes the decisions about what to produce in a market economy,1.0,1.0,1.0
5,E,RomeCombined,10,what is non controlling interest on balance sheet,1.0,1.0,0.9111
5,E,RomeCombined,10,how many episodes are in chicago fire season 4,0.9,0.9996,0.9556
5,E,RomeCombined,10,who sings love will keep us alive by the eagles,0.9,0.9999,1.0
5,E,RomeCombined,10,who is the leader of the ontario pc party,1.0,1.0,1.0
5,E,RomeCombined,10,nitty gritty dirt band fishin in the dark album,1.0,1.0,1.0
5,E,RomeCombined,10,who were the three elves who got rings,1.0,1.0,0.9556
5,E,RomeCombined,10,converting stereo signal to mono signal is called,1.0,1.0,1.0
5,E,RomeCombined,10,in order to prove disparate impact you first must establish,1.0,1.0,1.0
5,E,RomeCombined,10,where do characters live in this is us,1.0,1.0,0.9556
5,E,RomeCombined,10,who makes the decisions about what to produce in a market economy,1.0,1.0,0.9556
5,E,RomeCombined,20,what is non controlling interest on balance sheet,0.95,0.9999,0.9684
5,E,RomeCombined,20,how many episodes are in chicago fire season 4,1.0,1.0,0.9684
5,E,RomeCombined,20,who sings love will keep us alive by the eagles,1.0,1.0,0.9684
5,E,RomeCombined,20,who is the leader of the ontario pc party,1.0,1.0,0.9684
5,E,RomeCombined,20,nitty gritty dirt band fishin in the dark album,1.0,1.0,0.9579
5,E,RomeCombined,20,who were the three elves who got rings,1.0,1.0,0.9789
5,E,RomeCombined,20,converting stereo signal to mono signal is called,1.0,1.0,0.9895
5,E,RomeCombined,20,in order to prove disparate impact you first must establish,1.0,1.0,0.9684
5,E,RomeCombined,20,where do characters live in this is us,1.0,1.0,0.9895
5,E,RomeCombined,20,who makes the decisions about what to produce in a market economy,1.0,1.0,0.9789
5,E,RomeCombined,50,what is non controlling interest on balance sheet,1.0,1.0,0.9804
5,E,RomeCombined,50,how many episodes are in chicago fire season 4,0.98,0.9904,0.9779
5,E,RomeCombined,50,who sings love will keep us alive by the eagles,1.0,1.0,0.9837
5,E,RomeCombined,50,who is the leader of the ontario pc party,0.98,0.9905,0.9847
5,E,RomeCombined,50,nitty gritty dirt band fishin in the dark album,1.0,1.0,0.9869
5,E,RomeCombined,50,who were the three elves who got rings,1.0,1.0,0.9869
5,E,RomeCombined,50,converting stereo signal to mono signal is called,1.0,1.0,0.9853
5,E,RomeCombined,50,in order to prove disparate impact you first must establish,0.98,0.9904,0.9915
5,E,RomeCombined,50,where do characters live in this is us,1.0,1.0,0.9951
5,E,RomeCombined,50,who makes the decisions about what to produce in a market economy,1.0,1.0,0.982
5,E,Ckks,1,what is non controlling interest on balance sheet,1.0,1.0,1.0
5,E,Ckks,1,how many episodes are in chicago fire season 4,1.0,1.0,1.0
5,E,Ckks,1,who sings love will keep us alive by the eagles,1.0,1.0,1.0
5,E,Ckks,1,who is the leader of the ontario pc party,1.0,1.0,1.0
5,E,Ckks,1,nitty gritty dirt band fishin in the dark album,1.0,1.0,1.0
5,E,Ckks,1,who were the three elves who got rings,1.0,1.0,1.0
5,E,Ckks,1,converting stereo signal to mono signal is called,1.0,1.0,1.0
5,E,Ckks,1,in order to prove disparate impact you first must establish,1.0,1.0,1.0
5,E,Ckks,1,where do characters live in this is us,1.0,1.0,1.0
5,E,Ckks,1,who makes the decisions about what to produce in a market economy,1.0,1.0,1.0
5,E,Ckks,5,what is non controlling interest on balance sheet,1.0,1.0,1.0
5,E,Ckks,5,how many episodes are in chicago fire season 4,1.0,1.0,1.0
5,E,Ckks,5,who sings love will keep us alive by the eagles,1.0,1.0,1.0
5,E,Ckks,5,who is the leader of the ontario pc party,1.0,1.0,1.0
5,E,Ckks,5,nitty gritty dirt band fishin in the dark album,1.0,1.0,1.0
5,E,Ckks,5,who were the three elves who got rings,1.0,1.0,1.0
5,E,Ckks,5,converting stereo signal to mono signal is called,1.0,1.0,1.0
5,E,Ckks,5,in order to prove disparate impact you first must establish,1.0,1.0,1.0
5,E,Ckks,5,where do characters live in this is us,1.0,1.0,1.0
5,E,Ckks,5,who makes the decisions about what to produce in a market economy,1.0,1.0,1.0
5,E,Ckks,10,what is non controlling interest on balance sheet,1.0,1.0,1.0
5,E,Ckks,10,how many episodes are in chicago fire season 4,1.0,1.0,1.0
5,E,Ckks,10,who sings love will keep us alive by the eagles,1.0,1.0,1.0
5,E,Ckks,10,who is the leader of the ontario pc party,1.0,1.0,1.0
5,E,Ckks,10,nitty gritty dirt band fishin in the dark album,1.0,1.0,1.0
5,E,Ckks,10,who were the three elves who got rings,1.0,1.0,1.0
5,E,Ckks,10,converting stereo signal to mono signal is called,1.0,1.0,1.0
5,E,Ckks,10,in order to prove disparate impact you first must establish,1.0,1.0,1.0
5,E,Ckks,10,where do characters live in this is us,1.0,1.0,1.0
5,E,Ckks,10,who makes the decisions about what to produce in a market economy,1.0,1.0,1.0
5,E,Ckks,20,what is non controlling interest on balance sheet,1.0,1.0,1.0
5,E,Ckks,20,how many episodes are in chicago fire season 4,1.0,1.0,1.0
5,E,Ckks,20,who sings love will keep us alive by the eagles,1.0,1.0,1.0
5,E,Ckks,20,who is the leader of the ontario pc party,1.0,1.0,1.0
5,E,Ckks,20,nitty gritty dirt band fishin in the dark album,1.0,1.0,1.0
5,E,Ckks,20,who were the three elves who got rings,1.0,1.0,1.0
5,E,Ckks,20,converting stereo signal to mono signal is called,1.0,1.0,1.0
5,E,Ckks,20,in order to prove disparate impact you first must establish,1.0,1.0,1.0
5,E,Ckks,20,where do characters live in this is us,1.0,1.0,1.0
5,E,Ckks,20,who makes the decisions about what to produce in a market economy,1.0,1.0,1.0
5,E,Ckks,50,what is non controlling interest on balance sheet,1.0,1.0,1.0
5,E,Ckks,50,how many episodes are in chicago fire season 4,1.0,1.0,1.0
5,E,Ckks,50,who sings love will keep us alive by the eagles,1.0,1.0,1.0
5,E,Ckks,50,who is the leader of the ontario pc party,1.0,1.0,1.0
5,E,Ckks,50,nitty gritty dirt band fishin in the dark album,1.0,1.0,1.0
5,E,Ckks,50,who were the three elves who got rings,1.0,1.0,1.0
5,E,Ckks,50,converting stereo signal to mono signal is called,1.0,1.0,1.0
5,E,Ckks,50,in order to prove disparate impact you first must establish,1.0,1.0,1.0
5,E,Ckks,50,where do characters live in this is us,1.0,1.0,1.0
5,E,Ckks,50,who makes the decisions about what to produce in a market economy,1.0,1.0,1.0
5,E,CkksCombined,1,what is non controlling interest on balance sheet,1.0,1.0,1.0
5,E,CkksCombined,1,how many episodes are in chicago fire season 4,0.0,0.9974,1.0
5,E,CkksCombined,1,who sings love will keep us alive by the eagles,1.0,1.0,1.0
5,E,CkksCombined,1,who is the leader of the ontario pc party,1.0,1.0,1.0
5,E,CkksCombined,1,nitty gritty dirt band fishin in the dark album,1.0,1.0,1.0
5,E,CkksCombined,1,who were the three elves who got rings,0.0,0.9872,1.0
5,E,CkksCombined,1,converting stereo signal to mono signal is called,1.0,1.0,1.0
5,E,CkksCombined,1,in order to prove disparate impact you first must establish,1.0,1.0,1.0
5,E,CkksCombined,1,where do characters live in this is us,1.0,1.0,1.0
5,E,CkksCombined,1,who makes the decisions about what to produce in a market economy,1.0,1.0,1.0
5,E,CkksCombined,5,what is non controlling interest on balance sheet,1.0,0.9999,0.8
5,E,CkksCombined,5,how many episodes are in chicago fire season 4,1.0,0.9996,0.6
5,E,CkksCombined,5,who sings love will keep us alive by the eagles,0.8,0.9998,1.0
5,E,CkksCombined,5,who is the leader of the ontario pc party,1.0,1.0,1.0
5,E,CkksCombined,5,nitty gritty dirt band fishin in the dark album,1.0,1.0,1.0
5,E,CkksCombined,5,who were the three elves who got rings,1.0,0.9978,0.6
5,E,CkksCombined,5,converting stereo signal to mono signal is called,1.0,1.0,0.8
5,E,CkksCombined,5,in order to prove disparate impact you first must establish,1.0,1.0,1.0
5,E,CkksCombined,5,where do characters live in this is us,1.0,1.0,1.0
5,E,CkksCombined,5,who makes the decisions about what to produce in a market economy,1.0,1.0,1.0
5,E,CkksCombined,10,what is non controlling interest on balance sheet,1.0,0.9999,0.9111
5,E,CkksCombined,10,how many episodes are in chicago fire season 4,1.0,0.9997,0.8667
5,E,CkksCombined,10,who sings love will keep us alive by the eagles,0.9,0.9999,0.9556
5,E,CkksCombined,10,who is the leader of the ontario pc party,0.9,0.9998,1.0
5,E,CkksCombined,10,nitty gritty dirt band fishin in the dark album,1.0,1.0,0.9556
5,E,CkksCombined,10,who were the three elves who got rings,0.9,0.9982,0.9111
5,E,CkksCombined,10,converting stereo signal to mono signal is called,1.0,1.0,0.9556
5,E,CkksCombined,10,in order to prove disparate impact you first must establish,1.0,1.0,0.9556
5,E,CkksCombined,10,where do characters live in this is us,1.0,1.0,1.0
5,E,CkksCombined,10,who makes the decisions about what to produce in a market economy,1.0,1.0,0.9556
5,E,CkksCombined,20,what is non controlling interest on balance sheet,0.95,0.9998,0.9684
5,E,CkksCombined,20,how many episodes are in chicago fire season 4,1.0,0.9998,0.9579
5,E,CkksCombined,20,who sings love will keep us alive by the eagles,1.0,1.0,0.9789
5,E,CkksCombined,20,who is the leader of the ontario pc party,1.0,1.0,0.9789
5,E,CkksCombined,20,nitty gritty dirt band fishin in the dark album,1.0,1.0,0.9684
5,E,CkksCombined,20,who were the three elves who got rings,1.0,0.999,0.9474
5,E,CkksCombined,20,converting stereo signal to mono signal is called,1.0,1.0,0.9579
5,E,CkksCombined,20,in order to prove disparate impact you first must establish,1.0,1.0,0.9789
5,E,CkksCombined,20,where do characters live in this is us,1.0,1.0,1.0
5,E,CkksCombined,20,who makes the decisions about what to produce in a market economy,1.0,1.0,0.9789
5,E,CkksCombined,50,what is non controlling interest on balance sheet,1.0,1.0,0.9673
5,E,CkksCombined,50,how many episodes are in chicago fire season 4,1.0,0.9999,0.9837
5,E,CkksCombined,50,who sings love will keep us alive by the eagles,1.0,1.0,0.9788
5,E,CkksCombined,50,who is the leader of the ontario pc party,1.0,1.0,0.9886
5,E,CkksCombined,50,nitty gritty dirt band fishin in the dark album,1.0,1.0,0.9902
5,E,CkksCombined,50,who were the three elves who got rings,1.0,0.9994,0.9788
5,E,CkksCombined,50,converting stereo signal to mono signal is called,1.0,1.0,0.9755
5,E,CkksCombined,50,in order to prove disparate impact you first must establish,1.0,1.0,0.9902
5,E,CkksCombined,50,where do characters live in this is us,1.0,1.0,0.9951
5,E,CkksCombined,50,who makes the decisions about what to produce in a market economy,1.0,1.0,0.9886
1,E,Diehard,1,what is non controlling interest on balance sheet,1.0,1.0,1.0
1,E,Diehard,1,how many episodes are in chicago fire season 4,1.0,1.0,1.0
1,E,Diehard,1,who sings love will keep us alive by the eagles,1.0,1.0,1.0
1,E,Diehard,1,who is the leader of the ontario pc party,1.0,1.0,1.0
1,E,Diehard,1,nitty gritty dirt band fishin in the dark album,1.0,1.0,1.0
1,E,Diehard,1,who were the three elves who got rings,1.0,1.0,1.0
1,E,Diehard,1,converting stereo signal to mono signal is called,1.0,1.0,1.0
1,E,Diehard,1,in order to prove disparate impact you first must establish,1.0,1.0,1.0
1,E,Diehard,1,where do characters live in this is us,1.0,1.0,1.0
1,E,Diehard,1,who makes the decisions about what to produce in a market economy,1.0,1.0,1.0
1,E,Diehard,5,what is non controlling interest on balance sheet,1.0,1.0,1.0
1,E,Diehard,5,how many episodes are in chicago fire season 4,1.0,1.0,1.0
1,E,Diehard,5,who sings love will keep us alive by the eagles,1.0,1.0,1.0
1,E,Diehard,5,who is the leader of the ontario pc party,1.0,1.0,1.0
1,E,Diehard,5,nitty gritty dirt band fishin in the dark album,1.0,1.0,1.0
1,E,Diehard,5,who were the three elves who got rings,1.0,1.0,1.0
1,E,Diehard,5,converting stereo signal to mono signal is called,1.0,1.0,1.0
1,E,Diehard,5,in order to prove disparate impact you first must establish,1.0,1.0,1.0
1,E,Diehard,5,where do characters live in this is us,1.0,1.0,1.0
1,E,Diehard,5,who makes the decisions about what to produce in a market economy,1.0,1.0,1.0
1,E,Diehard,10,what is non controlling interest on balance sheet,1.0,1.0,1.0
1,E,Diehard,10,how many episodes are in chicago fire season 4,1.0,1.0,1.0
1,E,Diehard,10,who sings love will keep us alive by the eagles,1.0,1.0,1.0
1,E,Diehard,10,who is the leader of the ontario pc party,1.0,1.0,1.0
1,E,Diehard,10,nitty gritty dirt band fishin in the dark album,1.0,1.0,1.0
1,E,Diehard,10,who were the three elves who got rings,1.0,1.0,1.0
1,E,Diehard,10,converting stereo signal to mono signal is called,1.0,1.0,1.0
1,E,Diehard,10,in order to prove disparate impact you first must establish,1.0,1.0,1.0
1,E,Diehard,10,where do characters live in this is us,1.0,1.0,1.0
1,E,Diehard,10,who makes the decisions about what to produce in a market economy,1.0,1.0,1.0
1,E,Diehard,20,what is non controlling interest on balance sheet,1.0,1.0,1.0
1,E,Diehard,20,how many episodes are in chicago fire season 4,1.0,1.0,1.0
1,E,Diehard,20,who sings love will keep us alive by the eagles,1.0,1.0,1.0
1,E,Diehard,20,who is the leader of the ontario pc party,1.0,1.0,1.0
1,E,Diehard,20,nitty gritty dirt band fishin in the dark album,1.0,1.0,1.0
1,E,Diehard,20,who were the three elves who got rings,1.0,1.0,1.0
1,E,Diehard,20,converting stereo signal to mono signal is called,1.0,1.0,1.0
1,E,Diehard,20,in order to prove disparate impact you first must establish,1.0,1.0,1.0
1,E,Diehard,20,where do characters live in this is us,1.0,1.0,1.0
1,E,Diehard,20,who makes the decisions about what to produce in a market economy,1.0,1.0,1.0
1,E,Diehard,50,what is non controlling interest on balance sheet,1.0,1.0,1.0
1,E,Diehard,50,how many episodes are in chicago fire season 4,1.0,1.0,1.0
1,E,Diehard,50,who sings love will keep us alive by the eagles,1.0,1.0,1.0
1,E,Diehard,50,who is the leader of the ontario pc party,1.0,1.0,1.0
1,E,Diehard,50,nitty gritty dirt band fishin in the dark album,1.0,1.0,1.0
1,E,Diehard,50,who were the three elves who got rings,1.0,1.0,1.0
1,E,Diehard,50,converting stereo signal to mono signal is called,1.0,1.0,1.0
1,E,Diehard,50,in order to prove disparate impact you first must establish,1.0,1.0,1.0
1,E,Diehard,50,where do characters live in this is us,1.0,1.0,1.0
1,E,Diehard,50,who makes the decisions about what to produce in a market economy,1.0,1.0,1.0
1,E,DiehardCombined,1,what is non controlling interest on balance sheet,1.0,1.0,1.0
1,E,DiehardCombined,1,how many episodes are in chicago fire season 4,0.0,0.9974,1.0
1,E,DiehardCombined,1,who sings love will keep us alive by the eagles,0.0,0.96,1.0
1,E,DiehardCombined,1,who is the leader of the ontario pc party,1.0,1.0,1.0
1,E,DiehardCombined,1,nitty gritty dirt band fishin in the dark album,0.0,0.9843,1.0
1,E,DiehardCombined,1,who were the three elves who got rings,0.0,0.9992,1.0
1,E,DiehardCombined,1,converting stereo signal to mono signal is called,1.0,1.0,1.0
1,E,DiehardCombined,1,in order to prove disparate impact you first must establish,1.0,1.0,1.0
1,E,DiehardCombined,1,where do characters live in this is us,1.0,1.0,1.0
1,E,DiehardCombined,1,who makes the decisions about what to produce in a market economy,1.0,1.0,1.0
1,E,DiehardCombined,5,what is non controlling interest on balance sheet,0.6,0.9976,0.8
1,E,DiehardCombined,5,how many episodes are in chicago fire season 4,0.8,0.9928,0.8
1,E,DiehardCombined,5,who sings love will keep us alive by the eagles,0.4,0.9655,0.6
1,E,DiehardCombined,5,who is the leader of the ontario pc party,0.6,0.9887,0.6
1,E,DiehardCombined,5,nitty gritty dirt band fishin in the dark album,0.6,0.9752,0.8
1,E,DiehardCombined,5,who were the three elves who got rings,0.4,0.9867,0.4
1,E,DiehardCombined,5,converting stereo signal to mono signal is called,1.0,0.9999,0.6
1,E,DiehardCombined,5,in order to prove disparate impact you first must establish,0.8,0.9843,0.2
1,E,DiehardCombined,5,where do characters live in this is us,0.8,0.9973,0.8
1,E,DiehardCombined,5,who makes the decisions about what to produce in a market economy,0.8,0.998,1.0
1,E,DiehardCombined,10,what is non controlling interest on balance sheet,0.8,0.9922,0.3778
1,E,DiehardCombined,10,how many episodes are in chicago fire season 4,0.8,0.9916,0.7333
1,E,DiehardCombined,10,who sings love will keep us alive by the eagles,0.7,0.9744,0.5111
1,E,DiehardCombined,10,who is the leader of the ontario pc party,0.8,0.9937,0.6444
1,E,DiehardCombined,10,nitty gritty dirt band fishin in the dark album,0.7,0.989,0.3333
1,E,DiehardCombined,10,who were the three elves who got rings,0.8,0.9871,0.3778
1,E,DiehardCombined,10,converting stereo signal to mono signal is called,0.8,0.9902,0.8667
1,E,DiehardCombined,10,in order to prove disparate impact you first must establish,1.0,0.992,0.4222
1,E,DiehardCombined,10,where do characters live in this is us,1.0,0.9994,0.7778
1,E,DiehardCombined,10,who makes the decisions about what to produce in a market economy,0.8,0.9918,0.8222
1,E,DiehardCombined,20,what is non controlling interest on balance sheet,0.9,0.9909,0.6526
1,E,DiehardCombined,20,how many episodes are in chicago fire season 4,0.85,0.9935,0.7158
1,E,DiehardCombined,20,who sings love will keep us alive by the eagles,0.9,0.9893,0.6211
1,E,DiehardCombined,20,who is the leader of the ontario pc party,0.9,0.9921,0.6632
1,E,DiehardCombined,20,nitty gritty dirt band fishin in the dark album,0.9,0.9896,0.4947
1,E,DiehardCombined,20,who were the three elves who got rings,0.85,0.989,0.6
1,E,DiehardCombined,20,converting stereo signal to mono signal is called,0.95,0.9977,0.7053
1,E,DiehardCombined,20,in order to prove disparate impact you first must establish,0.85,0.9867,0.6842
1,E,DiehardCombined,20,where do characters live in this is us,0.95,0.9978,0.8842
1,E,DiehardCombined,20,who makes the decisions about what to produce in a market economy,0.8,0.9858,0.7263
1,E,DiehardCombined,50,what is non controlling interest on balance sheet,0.92,0.9497,0.6792
1,E,DiehardCombined,50,how many episodes are in chicago fire season 4,0.94,0.968,0.7447
1,E,DiehardCombined,50,who sings love will keep us alive by the eagles,0.96,0.9744,0.7305
1,E,DiehardCombined,50,who is the leader of the ontario pc party,0.92,0.9584,0.8145
1,E,DiehardCombined,50,nitty gritty dirt band fishin in the dark album,0.92,0.9585,0.7874
1,E,DiehardCombined,50,who were the three elves who got rings,0.92,0.9528,0.7314
1,E,DiehardCombined,50,converting stereo signal to mono signal is called,0.92,0.9596,0.7507
1,E,DiehardCombined,50,in order to prove disparate impact you first must establish,0.92,0.9533,0.7082
1,E,DiehardCombined,50,where do characters live in this is us,0.94,0.9731,0.8594
1,E,DiehardCombined,50,who makes the decisions about what to produce in a market economy,0.94,0.965,0.7613
2,E,Diehard,1,what is non controlling interest on balance sheet,1.0,1.0,1.0
2,E,Diehard,1,how many episodes are in chicago fire season 4,1.0,1.0,1.0
2,E,Diehard,1,who sings love will keep us alive by the eagles,1.0,1.0,1.0
2,E,Diehard,1,who is the leader of the ontario pc party,1.0,1.0,1.0
2,E,Diehard,1,nitty gritty dirt band fishin in the dark album,1.0,1.0,1.0
2,E,Diehard,1,who were the three elves who got rings,1.0,1.0,1.0
2,E,Diehard,1,converting stereo signal to mono signal is called,1.0,1.0,1.0
2,E,Diehard,1,in order to prove disparate impact you first must establish,1.0,1.0,1.0
2,E,Diehard,1,where do characters live in this is us,1.0,1.0,1.0
2,E,Diehard,1,who makes the decisions about what to produce in a market economy,1.0,1.0,1.0
2,E,Diehard,5,what is non controlling interest on balance sheet,1.0,1.0,1.0
2,E,Diehard,5,how many episodes are in chicago fire season 4,1.0,1.0,1.0
2,E,Diehard,5,who sings love will keep us alive by the eagles,1.0,1.0,1.0
2,E,Diehard,5,who is the leader of the ontario pc party,1.0,1.0,1.0
2,E,Diehard,5,nitty gritty dirt band fishin in the dark album,1.0,1.0,1.0
2,E,Diehard,5,who were the three elves who got rings,1.0,1.0,1.0
2,E,Diehard,5,converting stereo signal to mono signal is called,1.0,1.0,1.0
2,E,Diehard,5,in order to prove disparate impact you first must establish,1.0,1.0,1.0
2,E,Diehard,5,where do characters live in this is us,1.0,1.0,1.0
2,E,Diehard,5,who makes the decisions about what to produce in a market economy,1.0,1.0,1.0
2,E,Diehard,10,what is non controlling interest on balance sheet,1.0,1.0,1.0
2,E,Diehard,10,how many episodes are in chicago fire season 4,1.0,1.0,1.0
2,E,Diehard,10,who sings love will keep us alive by the eagles,1.0,1.0,1.0
2,E,Diehard,10,who is the leader of the ontario pc party,1.0,1.0,1.0
2,E,Diehard,10,nitty gritty dirt band fishin in the dark album,1.0,1.0,1.0
2,E,Diehard,10,who were the three elves who got rings,1.0,1.0,1.0
2,E,Diehard,10,converting stereo signal to mono signal is called,1.0,1.0,1.0
2,E,Diehard,10,in order to prove disparate impact you first must establish,1.0,1.0,1.0
2,E,Diehard,10,where do characters live in this is us,1.0,1.0,1.0
2,E,Diehard,10,who makes the decisions about what to produce in a market economy,1.0,1.0,1.0
2,E,Diehard,20,what is non controlling interest on balance sheet,1.0,1.0,1.0
2,E,Diehard,20,how many episodes are in chicago fire season 4,1.0,1.0,1.0
2,E,Diehard,20,who sings love will keep us alive by the eagles,1.0,1.0,1.0
2,E,Diehard,20,who is the leader of the ontario pc party,1.0,1.0,1.0
2,E,Diehard,20,nitty gritty dirt band fishin in the dark album,1.0,1.0,1.0
2,E,Diehard,20,who were the three elves who got rings,1.0,1.0,1.0
2,E,Diehard,20,converting stereo signal to mono signal is called,1.0,1.0,1.0
2,E,Diehard,20,in order to prove disparate impact you first must establish,1.0,1.0,1.0
2,E,Diehard,20,where do characters live in this is us,1.0,1.0,1.0
2,E,Diehard,20,who makes the decisions about what to produce in a market economy,1.0,1.0,1.0
2,E,Diehard,50,what is non controlling interest on balance sheet,1.0,1.0,1.0
2,E,Diehard,50,how many episodes are in chicago fire season 4,1.0,1.0,1.0
2,E,Diehard,50,who sings love will keep us alive by the eagles,1.0,1.0,1.0
2,E,Diehard,50,who is the leader of the ontario pc party,1.0,1.0,1.0
2,E,Diehard,50,nitty gritty dirt band fishin in the dark album,1.0,1.0,1.0
2,E,Diehard,50,who were the three elves who got rings,1.0,1.0,1.0
2,E,Diehard,50,converting stereo signal to mono signal is called,1.0,1.0,1.0
2,E,Diehard,50,in order to prove disparate impact you first must establish,1.0,1.0,1.0
2,E,Diehard,50,where do characters live in this is us,1.0,1.0,1.0
2,E,Diehard,50,who makes the decisions about what to produce in a market economy,1.0,1.0,1.0
2,E,DiehardCombined,1,what is non controlling interest on balance sheet,1.0,1.0,1.0
2,E,DiehardCombined,1,how many episodes are in chicago fire season 4,1.0,1.0,1.0
2,E,DiehardCombined,1,who sings love will keep us alive by the eagles,0.0,0.9242,1.0
2,E,DiehardCombined,1,who is the leader of the ontario pc party,1.0,1.0,1.0
2,E,DiehardCombined,1,nitty gritty dirt band fishin in the dark album,0.0,0.9843,1.0
2,E,DiehardCombined,1,who were the three elves who got rings,0.0,0.9721,1.0
2,E,DiehardCombined,1,converting stereo signal to mono signal is called,1.0,1.0,1.0
2,E,DiehardCombined,1,in order to prove disparate impact you first must establish,0.0,0.9498,1.0
2,E,DiehardCombined,1,where do characters live in this is us,1.0,1.0,1.0
2,E,DiehardCombined,1,who makes the decisions about what to produce in a market economy,1.0,1.0,1.0
2,E,DiehardCombined,5,what is non controlling interest on balance sheet,0.4,0.9828,0.4
2,E,DiehardCombined,5,how many episodes are in chicago fire season 4,0.8,0.9967,0.6
2,E,DiehardCombined,5,who sings love will keep us alive by the eagles,0.6,0.9819,0.4
2,E,DiehardCombined,5,who is the leader of the ontario pc party,0.8,0.986,0.8
2,E,DiehardCombined,5,nitty gritty dirt band fishin in the dark album,0.8,0.9856,0.4
2,E,DiehardCombined,5,who were the three elves who got rings,0.6,0.9786,0.2
2,E,DiehardCombined,5,converting stereo signal to mono signal is called,0.8,0.9979,0.8
2,E,DiehardCombined,5,in order to prove disparate impact you first must establish,0.8,0.9861,0.6
2,E,DiehardCombined,5,where do characters live in this is us,0.6,0.9719,0.6
2,E,DiehardCombined,5,who makes the decisions about what to produce in a market economy,0.8,0.9978,0.8
2,E,DiehardCombined,10,what is non controlling interest on balance sheet,0.7,0.9857,0.3333
2,E,DiehardCombined,10,how many episodes are in chicago fire season 4,0.9,0.9967,0.6444
2,E,DiehardCombined,10,who sings love will keep us alive by the eagles,0.9,0.9884,0.5556
2,E,DiehardCombined,10,who is the leader of the ontario pc party,0.9,0.9931,0.5556
2,E,DiehardCombined,10,nitty gritty dirt band fishin in the dark album,0.6,0.9836,0.6
2,E,DiehardCombined,10,who were the three elves who got rings,0.8,0.9882,0.2889
2,E,DiehardCombined,10,converting stereo signal to mono signal is called,0.9,0.9964,0.8667
2,E,DiehardCombined,10,in order to prove disparate impact you first must establish,0.9,0.9925,0.5556
2,E,DiehardCombined,10,where do characters live in this is us,0.9,0.9885,0.4667
2,E,DiehardCombined,10,who makes the decisions about what to produce in a market economy,0.7,0.9868,0.8222
2,E,DiehardCombined,20,what is non controlling interest on balance sheet,0.85,0.9914,0.5368
2,E,DiehardCombined,20,how many episodes are in chicago fire season 4,0.9,0.9952,0.7368
2,E,DiehardCombined,20,who sings love will keep us alive by the eagles,0.8,0.987,0.7895
2,E,DiehardCombined,20,who is the leader of the ontario pc party,0.9,0.9945,0.6316
2,E,DiehardCombined,20,nitty gritty dirt band fishin in the dark album,0.95,0.993,0.4632
2,E,DiehardCombined,20,who were the three elves who got rings,0.9,0.9898,0.6
2,E,DiehardCombined,20,converting stereo signal to mono signal is called,0.95,0.9968,0.8211
2,E,DiehardCombined,20,in order to prove disparate impact you first must establish,0.8,0.9871,0.7474
2,E,DiehardCombined,20,where do characters live in this is us,0.9,0.9934,0.7579
2,E,DiehardCombined,20,who makes the decisions about what to produce in a market economy,0.9,0.9951,0.6316
2,E,DiehardCombined,50,what is non controlling interest on balance sheet,0.86,0.9117,0.6811
2,E,DiehardCombined,50,how many episodes are in chicago fire season 4,0.94,0.9661,0.7058
2,E,DiehardCombined,50,who sings love will keep us alive by the eagles,0.96,0.9743,0.6862
2,E,DiehardCombined,50,who is the leader of the ontario pc party,0.94,0.9684,0.8039
2,E,DiehardCombined,50,nitty gritty dirt band fishin in the dark album,0.94,0.969,0.815
2,E,DiehardCombined,50,who were the three elves who got rings,0.98,0.9855,0.716
2,E,DiehardCombined,50,converting stereo signal to mono signal is called,0.94,0.9698,0.778
2,E,DiehardCombined,50,in order to prove disparate impact you first must establish,0.94,0.9645,0.7891
2,E,DiehardCombined,50,where do characters live in this is us,0.98,0.9879,0.8146
2,E,DiehardCombined,50,who makes the decisions about what to produce in a market economy,0.86,0.9246,0.7231
3,E,Diehard,1,what is non controlling interest on balance sheet,1.0,1.0,1.0
3,E,Diehard,1,how many episodes are in chicago fire season 4,1.0,1.0,1.0
3,E,Diehard,1,who sings love will keep us alive by the eagles,1.0,1.0,1.0
3,E,Diehard,1,who is the leader of the ontario pc party,1.0,1.0,1.0
3,E,Diehard,1,nitty gritty dirt band fishin in the dark album,1.0,1.0,1.0
3,E,Diehard,1,who were the three elves who got rings,1.0,1.0,1.0
3,E,Diehard,1,converting stereo signal to mono signal is called,1.0,1.0,1.0
3,E,Diehard,1,in order to prove disparate impact you first must establish,1.0,1.0,1.0
3,E,Diehard,1,where do characters live in this is us,1.0,1.0,1.0
3,E,Diehard,1,who makes the decisions about what to produce in a market economy,1.0,1.0,1.0
3,E,Diehard,5,what is non controlling interest on balance sheet,1.0,1.0,1.0
3,E,Diehard,5,how many episodes are in chicago fire season 4,1.0,1.0,1.0
3,E,Diehard,5,who sings love will keep us alive by the eagles,1.0,1.0,1.0
3,E,Diehard,5,who is the leader of the ontario pc party,1.0,1.0,1.0
3,E,Diehard,5,nitty gritty dirt band fishin in the dark album,1.0,1.0,1.0
3,E,Diehard,5,who were the three elves who got rings,1.0,1.0,1.0
3,E,Diehard,5,converting stereo signal to mono signal is called,1.0,1.0,1.0
3,E,Diehard,5,in order to prove disparate impact you first must establish,1.0,1.0,1.0
3,E,Diehard,5,where do characters live in this is us,1.0,1.0,1.0
3,E,Diehard,5,who makes the decisions about what to produce in a market economy,1.0,1.0,1.0
3,E,Diehard,10,what is non controlling interest on balance sheet,1.0,1.0,1.0
3,E,Diehard,10,how many episodes are in chicago fire season 4,1.0,1.0,1.0
3,E,Diehard,10,who sings love will keep us alive by the eagles,1.0,1.0,1.0
3,E,Diehard,10,who is the leader of the ontario pc party,1.0,1.0,1.0
3,E,Diehard,10,nitty gritty dirt band fishin in the dark album,1.0,1.0,1.0
3,E,Diehard,10,who were the three elves who got rings,1.0,1.0,1.0
3,E,Diehard,10,converting stereo signal to mono signal is called,1.0,1.0,1.0
3,E,Diehard,10,in order to prove disparate impact you first must establish,1.0,1.0,1.0
3,E,Diehard,10,where do characters live in this is us,1.0,1.0,1.0
3,E,Diehard,10,who makes the decisions about what to produce in a market economy,1.0,1.0,1.0
3,E,Diehard,20,what is non controlling interest on balance sheet,1.0,1.0,1.0
3,E,Diehard,20,how many episodes are in chicago fire season 4,1.0,1.0,1.0
3,E,Diehard,20,who sings love will keep us alive by the eagles,1.0,1.0,1.0
3,E,Diehard,20,who is the leader of the ontario pc party,1.0,1.0,1.0
3,E,Diehard,20,nitty gritty dirt band fishin in the dark album,1.0,1.0,1.0
3,E,Diehard,20,who were the three elves who got rings,1.0,1.0,1.0
3,E,Diehard,20,converting stereo signal to mono signal is called,1.0,1.0,1.0
3,E,Diehard,20,in order to prove disparate impact you first must establish,1.0,1.0,1.0
3,E,Diehard,20,where do characters live in this is us,1.0,1.0,1.0
3,E,Diehard,20,who makes the decisions about what to produce in a market economy,1.0,1.0,1.0
3,E,Diehard,50,what is non controlling interest on balance sheet,1.0,1.0,1.0
3,E,Diehard,50,how many episodes are in chicago fire season 4,1.0,1.0,1.0
3,E,Diehard,50,who sings love will keep us alive by the eagles,1.0,1.0,1.0
3,E,Diehard,50,who is the leader of the ontario pc party,1.0,1.0,1.0
3,E,Diehard,50,nitty gritty dirt band fishin in the dark album,1.0,1.0,1.0
3,E,Diehard,50,who were the three elves who got rings,1.0,1.0,1.0
3,E,Diehard,50,converting stereo signal to mono signal is called,1.0,1.0,1.0
3,E,Diehard,50,in order to prove disparate impact you first must establish,1.0,1.0,1.0
3,E,Diehard,50,where do characters live in this is us,1.0,1.0,1.0
3,E,Diehard,50,who makes the decisions about what to produce in a market economy,1.0,1.0,1.0
3,E,DiehardCombined,1,what is non controlling interest on balance sheet,1.0,1.0,1.0
3,E,DiehardCombined,1,how many episodes are in chicago fire season 4,1.0,1.0,1.0
3,E,DiehardCombined,1,who sings love will keep us alive by the eagles,0.0,0.96,1.0
3,E,DiehardCombined,1,who is the leader of the ontario pc party,1.0,1.0,1.0
3,E,DiehardCombined,1,nitty gritty dirt band fishin in the dark album,0.0,0.9843,1.0
3,E,DiehardCombined,1,who were the three elves who got rings,0.0,0.9992,1.0
3,E,DiehardCombined,1,converting stereo signal to mono signal is called,1.0,1.0,1.0
3,E,DiehardCombined,1,in order to prove disparate impact you first must establish,1.0,1.0,1.0
3,E,DiehardCombined,1,where do characters live in this is us,1.0,1.0,1.0
3,E,DiehardCombined,1,who makes the decisions about what to produce in a market economy,0.0,0.9444,1.0
3,E,DiehardCombined,5,what is non controlling interest on balance sheet,0.6,0.9883,0.6
3,E,DiehardCombined,5,how many episodes are in chicago fire season 4,0.8,0.998,0.8
3,E,DiehardCombined,5,who sings love will keep us alive by the eagles,0.8,0.9865,0.4
3,E,DiehardCombined,5,who is the leader of the ontario pc party,0.8,0.9931,0.6
3,E,DiehardCombined,5,nitty gritty dirt band fishin in the dark album,0.8,0.9843,0.8
3,E,DiehardCombined,5,who were the three elves who got rings,0.6,0.9941,0.2
3,E,DiehardCombined,5,converting stereo signal to mono signal is called,1.0,0.9999,0.6
3,E,DiehardCombined,5,in order to prove disparate impact you first must establish,1.0,0.9992,0.6
3,E,DiehardCombined,5,where do characters live in this is us,0.8,0.989,1.0
3,E,DiehardCombined,5,who makes the decisions about what to produce in a market economy,1.0,0.9922,0.4
3,E,DiehardCombined,10,what is non controlling interest on balance sheet,0.7,0.9842,0.6444
3,E,DiehardCombined,10,how many episodes are in chicago fire season 4,0.6,0.9867,0.7778
3,E,DiehardCombined,10,who sings love will keep us alive by the eagles,1.0,0.9933,0.6444
3,E,DiehardCombined,10,who is the leader of the ontario pc party,0.8,0.9939,0.6889
3,E,DiehardCombined,10,nitty gritty dirt band fishin in the dark album,0.9,0.9941,0.6
3,E,DiehardCombined,10,who were the three elves who got rings,0.9,0.9965,0.4222
3,E,DiehardCombined,10,converting stereo signal to mono signal is called,0.9,0.9913,0.8222
3,E,DiehardCombined,10,in order to prove disparate impact you first must establish,0.8,0.9911,0.7778
3,E,DiehardCombined,10,where do characters live in this is us,1.0,0.9982,0.6444
3,E,DiehardCombined,10,who makes the decisions about what to produce in a market economy,0.9,0.9918,0.8667
3,E,DiehardCombined,20,what is non controlling interest on balance sheet,0.9,0.9892,0.6
3,E,DiehardCombined,20,how many episodes are in chicago fire season 4,0.9,0.993,0.6842
3,E,DiehardCombined,20,who sings love will keep us alive by the eagles,0.85,0.992,0.7368
3,E,DiehardCombined,20,who is the leader of the ontario pc party,0.9,0.9924,0.7684
3,E,DiehardCombined,20,nitty gritty dirt band fishin in the dark album,0.9,0.9937,0.6421
3,E,DiehardCombined,20,who were the three elves who got rings,1.0,0.9981,0.6737
3,E,DiehardCombined,20,converting stereo signal to mono signal is called,0.9,0.9975,0.7789
3,E,DiehardCombined,20,in order to prove disparate impact you first must establish,0.9,0.9966,0.7158
3,E,DiehardCombined,20,where do characters live in this is us,0.85,0.9941,0.8421
3,E,DiehardCombined,20,who makes the decisions about what to produce in a market economy,0.8,0.9869,0.6947
3,E,DiehardCombined,50,what is non controlling interest on balance sheet,0.92,0.9489,0.6425
3,E,DiehardCombined,50,how many episodes are in chicago fire season 4,0.92,0.9575,0.8126
3,E,DiehardCombined,50,who sings love will keep us alive by the eagles,0.94,0.9663,0.7946
3,E,DiehardCombined,50,who is the leader of the ontario pc party,0.94,0.9683,0.8427
3,E,DiehardCombined,50,nitty gritty dirt band fishin in the dark album,0.92,0.9615,0.857
3,E,DiehardCombined,50,who were the three elves who got rings,0.94,0.966,0.7909
3,E,DiehardCombined,50,converting stereo signal to mono signal is called,0.92,0.9585,0.7527
3,E,DiehardCombined,50,in order to prove disparate impact you first must establish,0.94,0.9677,0.7632
3,E,DiehardCombined,50,where do characters live in this is us,0.98,0.9898,0.8163
3,E,DiehardCombined,50,who makes the decisions about what to produce in a market economy,0.92,0.9542,0.7507
4,E,Diehard,1,what is non controlling interest on balance sheet,1.0,1.0,1.0
4,E,Diehard,1,how many episodes are in chicago fire season 4,1.0,1.0,1.0
4,E,Diehard,1,who sings love will keep us alive by the eagles,1.0,1.0,1.0
4,E,Diehard,1,who is the leader of the ontario pc party,1.0,1.0,1.0
4,E,Diehard,1,nitty gritty dirt band fishin in the dark album,1.0,1.0,1.0
4,E,Diehard,1,who were the three elves who got rings,1.0,1.0,1.0
4,E,Diehard,1,converting stereo signal to mono signal is called,1.0,1.0,1.0
4,E,Diehard,1,in order to prove disparate impact you first must establish,1.0,1.0,1.0
4,E,Diehard,1,where do characters live in this is us,1.0,1.0,1.0
4,E,Diehard,1,who makes the decisions about what to produce in a market economy,1.0,1.0,1.0
4,E,Diehard,5,what is non controlling interest on balance sheet,1.0,1.0,1.0
4,E,Diehard,5,how many episodes are in chicago fire season 4,1.0,1.0,1.0
4,E,Diehard,5,who sings love will keep us alive by the eagles,1.0,1.0,1.0
4,E,Diehard,5,who is the leader of the ontario pc party,1.0,1.0,1.0
4,E,Diehard,5,nitty gritty dirt band fishin in the dark album,1.0,1.0,1.0
4,E,Diehard,5,who were the three elves who got rings,1.0,1.0,1.0
4,E,Diehard,5,converting stereo signal to mono signal is called,1.0,1.0,1.0
4,E,Diehard,5,in order to prove disparate impact you first must establish,1.0,1.0,1.0
4,E,Diehard,5,where do characters live in this is us,1.0,1.0,1.0
4,E,Diehard,5,who makes the decisions about what to produce in a market economy,1.0,1.0,1.0
4,E,Diehard,10,what is non controlling interest on balance sheet,1.0,1.0,1.0
4,E,Diehard,10,how many episodes are in chicago fire season 4,1.0,1.0,1.0
4,E,Diehard,10,who sings love will keep us alive by the eagles,1.0,1.0,1.0
4,E,Diehard,10,who is the leader of the ontario pc party,1.0,1.0,1.0
4,E,Diehard,10,nitty gritty dirt band fishin in the dark album,1.0,1.0,1.0
4,E,Diehard,10,who were the three elves who got rings,1.0,1.0,1.0
4,E,Diehard,10,converting stereo signal to mono signal is called,1.0,1.0,1.0
4,E,Diehard,10,in order to prove disparate impact you first must establish,1.0,1.0,1.0
4,E,Diehard,10,where do characters live in this is us,1.0,1.0,1.0
4,E,Diehard,10,who makes the decisions about what to produce in a market economy,1.0,1.0,1.0
4,E,Diehard,20,what is non controlling interest on balance sheet,1.0,1.0,1.0
4,E,Diehard,20,how many episodes are in chicago fire season 4,1.0,1.0,1.0
4,E,Diehard,20,who sings love will keep us alive by the eagles,1.0,1.0,1.0
4,E,Diehard,20,who is the leader of the ontario pc party,1.0,1.0,1.0
4,E,Diehard,20,nitty gritty dirt band fishin in the dark album,1.0,1.0,1.0
4,E,Diehard,20,who were the three elves who got rings,1.0,1.0,1.0
4,E,Diehard,20,converting stereo signal to mono signal is called,1.0,1.0,1.0
4,E,Diehard,20,in order to prove disparate impact you first must establish,1.0,1.0,1.0
4,E,Diehard,20,where do characters live in this is us,1.0,1.0,1.0
4,E,Diehard,20,who makes the decisions about what to produce in a market economy,1.0,1.0,1.0
4,E,Diehard,50,what is non controlling interest on balance sheet,1.0,1.0,1.0
4,E,Diehard,50,how many episodes are in chicago fire season 4,1.0,1.0,1.0
4,E,Diehard,50,who sings love will keep us alive by the eagles,1.0,1.0,1.0
4,E,Diehard,50,who is the leader of the ontario pc party,1.0,1.0,1.0
4,E,Diehard,50,nitty gritty dirt band fishin in the dark album,1.0,1.0,1.0
4,E,Diehard,50,who were the three elves who got rings,1.0,1.0,1.0
4,E,Diehard,50,converting stereo signal to mono signal is called,1.0,1.0,1.0
4,E,Diehard,50,in order to prove disparate impact you first must establish,1.0,1.0,1.0
4,E,Diehard,50,where do characters live in this is us,1.0,1.0,1.0
4,E,Diehard,50,who makes the decisions about what to produce in a market economy,1.0,1.0,1.0
4,E,DiehardCombined,1,what is non controlling interest on balance sheet,1.0,1.0,1.0
4,E,DiehardCombined,1,how many episodes are in chicago fire season 4,1.0,1.0,1.0
4,E,DiehardCombined,1,who sings love will keep us alive by the eagles,0.0,0.9395,1.0
4,E,DiehardCombined,1,who is the leader of the ontario pc party,1.0,1.0,1.0
4,E,DiehardCombined,1,nitty gritty dirt band fishin in the dark album,0.0,0.9843,1.0
4,E,DiehardCombined,1,who were the three elves who got rings,0.0,0.9992,1.0
4,E,DiehardCombined,1,converting stereo signal to mono signal is called,1.0,1.0,1.0
4,E,DiehardCombined,1,in order to prove disparate impact you first must establish,1.0,1.0,1.0
4,E,DiehardCombined,1,where do characters live in this is us,1.0,1.0,1.0
4,E,DiehardCombined,1,who makes the decisions about what to produce in a market economy,1.0,1.0,1.0
4,E,DiehardCombined,5,what is non controlling interest on balance sheet,0.8,0.9945,0.8
4,E,DiehardCombined,5,how many episodes are in chicago fire season 4,0.8,0.9633,0.6
4,E,DiehardCombined,5,who sings love will keep us alive by the eagles,0.8,0.9873,0.4
4,E,DiehardCombined,5,who is the leader of the ontario pc party,0.8,0.9961,0.8
4,E,DiehardCombined,5,nitty gritty dirt band fishin in the dark album,0.8,0.9918,0.6
4,E,DiehardCombined,5,who were the three elves who got rings,0.8,0.9904,0.4
4,E,DiehardCombined,5,converting stereo signal to mono signal is called,1.0,0.9999,0.8
4,E,DiehardCombined,5,in order to prove disparate impact you first must establish,1.0,0.9999,0.8
4,E,DiehardCombined,5,where do characters live in this is us,1.0,0.999,0.6
4,E,DiehardCombined,5,who makes the decisions about what to produce in a market economy,1.0,0.9999,0.8
4,E,DiehardCombined,10,what is non controlling interest on balance sheet,0.8,0.9889,0.5556
4,E,DiehardCombined,10,how many episodes are in chicago fire season 4,0.8,0.984,0.4222
4,E,DiehardCombined,10,who sings love will keep us alive by the eagles,0.9,0.9932,0.6444
4,E,DiehardCombined,10,who is the leader of the ontario pc party,0.8,0.9857,0.8222
4,E,DiehardCombined,10,nitty gritty dirt band fishin in the dark album,0.7,0.9863,0.6889
4,E,DiehardCombined,10,who were the three elves who got rings,0.7,0.9766,0.5111
4,E,DiehardCombined,10,converting stereo signal to mono signal is called,0.9,0.9948,0.9111
4,E,DiehardCombined,10,in order to prove disparate impact you first must establish,0.9,0.9972,0.7333
4,E,DiehardCombined,10,where do characters live in this is us,1.0,0.9985,0.6889
4,E,DiehardCombined,10,who makes the decisions about what to produce in a market economy,0.9,0.998,0.8222
4,E,DiehardCombined,20,what is non controlling interest on balance sheet,0.85,0.9632,0.6959
4,E,DiehardCombined,20,how many episodes are in chicago fire season 4,0.9,0.9868,0.6632
4,E,DiehardCombined,20,who sings love will keep us alive by the eagles,0.8,0.9865,0.8105
4,E,DiehardCombined,20,who is the leader of the ontario pc party,0.9,0.9915,0.6947
4,E,DiehardCombined,20,nitty gritty dirt band fishin in the dark album,0.9,0.993,0.5789
4,E,DiehardCombined,20,who were the three elves who got rings,0.85,0.9835,0.5579
4,E,DiehardCombined,20,converting stereo signal to mono signal is called,0.9,0.9984,0.8
4,E,DiehardCombined,20,in order to prove disparate impact you first must establish,0.85,0.9955,0.7053
4,E,DiehardCombined,20,where do characters live in this is us,0.9,0.9937,0.7474
4,E,DiehardCombined,20,who makes the decisions about what to produce in a market economy,0.9,0.9963,0.7263
4,E,DiehardCombined,50,what is non controlling interest on balance sheet,0.92,0.944,0.6734
4,E,DiehardCombined,50,how many episodes are in chicago fire season 4,0.96,0.9739,0.7518
4,E,DiehardCombined,50,who sings love will keep us alive by the eagles,0.94,0.9656,0.6929
4,E,DiehardCombined,50,who is the leader of the ontario pc party,0.96,0.9778,0.7872
4,E,DiehardCombined,50,nitty gritty dirt band fishin in the dark album,0.96,0.9793,0.7872
4,E,DiehardCombined,50,who were the three elves who got rings,0.92,0.9501,0.6928
4,E,DiehardCombined,50,converting stereo signal to mono signal is called,0.92,0.9605,0.8106
4,E,DiehardCombined,50,in order to prove disparate impact you first must establish,0.94,0.9692,0.815
4,E,DiehardCombined,50,where do characters live in this is us,0.98,0.9893,0.8214
4,E,DiehardCombined,50,who makes the decisions about what to produce in a market economy,0.84,0.9144,0.784
5,E,Diehard,1,what is non controlling interest on balance sheet,1.0,1.0,1.0
5,E,Diehard,1,how many episodes are in chicago fire season 4,1.0,1.0,1.0
5,E,Diehard,1,who sings love will keep us alive by the eagles,1.0,1.0,1.0
5,E,Diehard,1,who is the leader of the ontario pc party,1.0,1.0,1.0
5,E,Diehard,1,nitty gritty dirt band fishin in the dark album,1.0,1.0,1.0
5,E,Diehard,1,who were the three elves who got rings,1.0,1.0,1.0
5,E,Diehard,1,converting stereo signal to mono signal is called,1.0,1.0,1.0
5,E,Diehard,1,in order to prove disparate impact you first must establish,1.0,1.0,1.0
5,E,Diehard,1,where do characters live in this is us,1.0,1.0,1.0
5,E,Diehard,1,who makes the decisions about what to produce in a market economy,1.0,1.0,1.0
5,E,Diehard,5,what is non controlling interest on balance sheet,1.0,1.0,1.0
5,E,Diehard,5,how many episodes are in chicago fire season 4,1.0,1.0,1.0
5,E,Diehard,5,who sings love will keep us alive by the eagles,1.0,1.0,1.0
5,E,Diehard,5,who is the leader of the ontario pc party,1.0,1.0,1.0
5,E,Diehard,5,nitty gritty dirt band fishin in the dark album,1.0,1.0,1.0
5,E,Diehard,5,who were the three elves who got rings,1.0,1.0,1.0
5,E,Diehard,5,converting stereo signal to mono signal is called,1.0,1.0,1.0
5,E,Diehard,5,in order to prove disparate impact you first must establish,1.0,1.0,1.0
5,E,Diehard,5,where do characters live in this is us,1.0,1.0,1.0
5,E,Diehard,5,who makes the decisions about what to produce in a market economy,1.0,1.0,1.0
5,E,Diehard,10,what is non controlling interest on balance sheet,1.0,1.0,1.0
5,E,Diehard,10,how many episodes are in chicago fire season 4,1.0,1.0,1.0
5,E,Diehard,10,who sings love will keep us alive by the eagles,1.0,1.0,1.0
5,E,Diehard,10,who is the leader of the ontario pc party,1.0,1.0,1.0
5,E,Diehard,10,nitty gritty dirt band fishin in the dark album,1.0,1.0,1.0
5,E,Diehard,10,who were the three elves who got rings,1.0,1.0,1.0
5,E,Diehard,10,converting stereo signal to mono signal is called,1.0,1.0,1.0
5,E,Diehard,10,in order to prove disparate impact you first must establish,1.0,1.0,1.0
5,E,Diehard,10,where do characters live in this is us,1.0,1.0,1.0
5,E,Diehard,10,who makes the decisions about what to produce in a market economy,1.0,1.0,1.0
5,E,Diehard,20,what is non controlling interest on balance sheet,1.0,1.0,1.0
5,E,Diehard,20,how many episodes are in chicago fire season 4,1.0,1.0,1.0
5,E,Diehard,20,who sings love will keep us alive by the eagles,1.0,1.0,1.0
5,E,Diehard,20,who is the leader of the ontario pc party,1.0,1.0,1.0
5,E,Diehard,20,nitty gritty dirt band fishin in the dark album,1.0,1.0,1.0
5,E,Diehard,20,who were the three elves who got rings,1.0,1.0,1.0
5,E,Diehard,20,converting stereo signal to mono signal is called,1.0,1.0,1.0
5,E,Diehard,20,in order to prove disparate impact you first must establish,1.0,1.0,1.0
5,E,Diehard,20,where do characters live in this is us,1.0,1.0,1.0
5,E,Diehard,20,who makes the decisions about what to produce in a market economy,1.0,1.0,1.0
5,E,Diehard,50,what is non controlling interest on balance sheet,1.0,1.0,1.0
5,E,Diehard,50,how many episodes are in chicago fire season 4,1.0,1.0,1.0
5,E,Diehard,50,who sings love will keep us alive by the eagles,1.0,1.0,1.0
5,E,Diehard,50,who is the leader of the ontario pc party,1.0,1.0,1.0
5,E,Diehard,50,nitty gritty dirt band fishin in the dark album,1.0,1.0,1.0
5,E,Diehard,50,who were the three elves who got rings,1.0,1.0,1.0
5,E,Diehard,50,converting stereo signal to mono signal is called,1.0,1.0,1.0
5,E,Diehard,50,in order to prove disparate impact you first must establish,1.0,1.0,1.0
5,E,Diehard,50,where do characters live in this is us,1.0,1.0,1.0
5,E,Diehard,50,who makes the decisions about what to produce in a market economy,1.0,1.0,1.0
5,E,DiehardCombined,1,what is non controlling interest on balance sheet,1.0,1.0,1.0
5,E,DiehardCombined,1,how many episodes are in chicago fire season 4,1.0,1.0,1.0
5,E,DiehardCombined,1,who sings love will keep us alive by the eagles,1.0,1.0,1.0
5,E,DiehardCombined,1,who is the leader of the ontario pc party,1.0,1.0,1.0
5,E,DiehardCombined,1,nitty gritty dirt band fishin in the dark album,0.0,0.9843,1.0
5,E,DiehardCombined,1,who were the three elves who got rings,0.0,0.9627,1.0
5,E,DiehardCombined,1,converting stereo signal to mono signal is called,1.0,1.0,1.0
5,E,DiehardCombined,1,in order to prove disparate impact you first must establish,0.0,0.9355,1.0
5,E,DiehardCombined,1,where do characters live in this is us,1.0,1.0,1.0
5,E,DiehardCombined,1,who makes the decisions about what to produce in a market economy,1.0,1.0,1.0
5,E,DiehardCombined,5,what is non controlling interest on balance sheet,0.8,0.9979,0.8
5,E,DiehardCombined,5,how many episodes are in chicago fire season 4,0.8,0.9931,1.0
5,E,DiehardCombined,5,who sings love will keep us alive by the eagles,0.4,0.9717,1.0
5,E,DiehardCombined,5,who is the leader of the ontario pc party,0.6,0.9868,0.8
5,E,DiehardCombined,5,nitty gritty dirt band fishin in the dark album,0.8,0.9769,0.6
5,E,DiehardCombined,5,who were the three elves who got rings,0.6,0.9838,0.4
5,E,DiehardCombined,5,converting stereo signal to mono signal is called,0.8,0.9982,0.8
5,E,DiehardCombined,5,in order to prove disparate impact you first must establish,1.0,0.9907,0.6
5,E,DiehardCombined,5,where do characters live in this is us,0.8,0.9929,0.6
5,E,DiehardCombined,5,who makes the decisions about what to produce in a market economy,0.8,0.9939,0.2
5,E,DiehardCombined,10,what is non controlling interest on balance sheet,0.7,0.9855,0.6444
5,E,DiehardCombined,10,how many episodes are in chicago fire season 4,0.8,0.9967,0.6
5,E,DiehardCombined,10,who sings love will keep us alive by the eagles,1.0,0.9941,0.2889
5,E,DiehardCombined,10,who is the leader of the ontario pc party,0.9,0.9954,0.4667
5,E,DiehardCombined,10,nitty gritty dirt band fishin in the dark album,0.8,0.99,0.5556
5,E,DiehardCombined,10,who were the three elves who got rings,0.9,0.9882,0.4222
5,E,DiehardCombined,10,converting stereo signal to mono signal is called,0.9,0.9957,0.8667
5,E,DiehardCombined,10,in order to prove disparate impact you first must establish,0.8,0.9797,0.6444
5,E,DiehardCombined,10,where do characters live in this is us,1.0,0.9986,0.7333
5,E,DiehardCombined,10,who makes the decisions about what to produce in a market economy,0.7,0.9873,0.6889
5,E,DiehardCombined,20,what is non controlling interest on balance sheet,0.85,0.9928,0.5789
5,E,DiehardCombined,20,how many episodes are in chicago fire season 4,0.95,0.9973,0.8
5,E,DiehardCombined,20,who sings love will keep us alive by the eagles,0.85,0.9898,0.6842
5,E,DiehardCombined,20,who is the leader of the ontario pc party,0.95,0.9948,0.6737
5,E,DiehardCombined,20,nitty gritty dirt band fishin in the dark album,0.9,0.9909,0.6211
5,E,DiehardCombined,20,who were the three elves who got rings,0.9,0.9903,0.6737
5,E,DiehardCombined,20,converting stereo signal to mono signal is called,0.85,0.995,0.8105
5,E,DiehardCombined,20,in order to prove disparate impact you first must establish,0.9,0.99,0.6421
5,E,DiehardCombined,20,where do characters live in this is us,0.9,0.9961,0.7263
5,E,DiehardCombined,20,who makes the decisions about what to produce in a market economy,0.85,0.9908,0.5789
5,E,DiehardCombined,50,what is non controlling interest on balance sheet,0.94,0.9612,0.6651
5,E,DiehardCombined,50,how many episodes are in chicago fire season 4,0.96,0.9778,0.8457
5,E,DiehardCombined,50,who sings love will keep us alive by the eagles,0.98,0.9855,0.7721
5,E,DiehardCombined,50,who is the leader of the ontario pc party,0.94,0.9678,0.8353
5,E,DiehardCombined,50,nitty gritty dirt band fishin in the dark album,0.98,0.9884,0.8639
5,E,DiehardCombined,50,who were the three elves who got rings,0.94,0.9641,0.7854
5,E,DiehardCombined,50,converting stereo signal to mono signal is called,0.92,0.9582,0.7469
5,E,DiehardCombined,50,in order to prove disparate impact you first must establish,0.96,0.9762,0.8174
5,E,DiehardCombined,50,where do characters live in this is us,0.96,0.9811,0.8121
5,E,DiehardCombined,50,who makes the decisions about what to produce in a market economy,0.88,0.9327,0.7759
6,E,Diehard,1,what is non controlling interest on balance sheet,1.0,1.0,1.0
6,E,Diehard,1,how many episodes are in chicago fire season 4,1.0,1.0,1.0
6,E,Diehard,1,who sings love will keep us alive by the eagles,1.0,1.0,1.0
6,E,Diehard,1,who is the leader of the ontario pc party,1.0,1.0,1.0
6,E,Diehard,1,nitty gritty dirt band fishin in the dark album,1.0,1.0,1.0
6,E,Diehard,1,who were the three elves who got rings,1.0,1.0,1.0
6,E,Diehard,1,converting stereo signal to mono signal is called,1.0,1.0,1.0
6,E,Diehard,1,in order to prove disparate impact you first must establish,1.0,1.0,1.0
6,E,Diehard,1,where do characters live in this is us,1.0,1.0,1.0
6,E,Diehard,1,who makes the decisions about what to produce in a market economy,1.0,1.0,1.0
6,E,Diehard,5,what is non controlling interest on balance sheet,1.0,1.0,1.0
6,E,Diehard,5,how many episodes are in chicago fire season 4,1.0,1.0,1.0
6,E,Diehard,5,who sings love will keep us alive by the eagles,1.0,1.0,1.0
6,E,Diehard,5,who is the leader of the ontario pc party,1.0,1.0,1.0
6,E,Diehard,5,nitty gritty dirt band fishin in the dark album,1.0,1.0,1.0
6,E,Diehard,5,who were the three elves who got rings,1.0,1.0,1.0
6,E,Diehard,5,converting stereo signal to mono signal is called,1.0,1.0,1.0
6,E,Diehard,5,in order to prove disparate impact you first must establish,1.0,1.0,1.0
6,E,Diehard,5,where do characters live in this is us,1.0,1.0,1.0
6,E,Diehard,5,who makes the decisions about what to produce in a market economy,1.0,1.0,1.0
6,E,Diehard,10,what is non controlling interest on balance sheet,1.0,1.0,1.0
6,E,Diehard,10,how many episodes are in chicago fire season 4,1.0,1.0,1.0
6,E,Diehard,10,who sings love will keep us alive by the eagles,1.0,1.0,1.0
6,E,Diehard,10,who is the leader of the ontario pc party,1.0,1.0,1.0
6,E,Diehard,10,nitty gritty dirt band fishin in the dark album,1.0,1.0,1.0
6,E,Diehard,10,who were the three elves who got rings,1.0,1.0,1.0
6,E,Diehard,10,converting stereo signal to mono signal is called,1.0,1.0,1.0
6,E,Diehard,10,in order to prove disparate impact you first must establish,1.0,1.0,1.0
6,E,Diehard,10,where do characters live in this is us,1.0,1.0,1.0
6,E,Diehard,10,who makes the decisions about what to produce in a market economy,1.0,1.0,1.0
6,E,Diehard,20,what is non controlling interest on balance sheet,1.0,1.0,1.0
6,E,Diehard,20,how many episodes are in chicago fire season 4,1.0,1.0,1.0
6,E,Diehard,20,who sings love will keep us alive by the eagles,1.0,1.0,1.0
6,E,Diehard,20,who is the leader of the ontario pc party,1.0,1.0,1.0
6,E,Diehard,20,nitty gritty dirt band fishin in the dark album,1.0,1.0,1.0
6,E,Diehard,20,who were the three elves who got rings,1.0,1.0,1.0
6,E,Diehard,20,converting stereo signal to mono signal is called,1.0,1.0,1.0
6,E,Diehard,20,in order to prove disparate impact you first must establish,1.0,1.0,1.0
6,E,Diehard,20,where do characters live in this is us,1.0,1.0,1.0
6,E,Diehard,20,who makes the decisions about what to produce in a market economy,1.0,1.0,1.0
6,E,Diehard,50,what is non controlling interest on balance sheet,1.0,1.0,1.0
6,E,Diehard,50,how many episodes are in chicago fire season 4,1.0,1.0,1.0
6,E,Diehard,50,who sings love will keep us alive by the eagles,1.0,1.0,1.0
6,E,Diehard,50,who is the leader of the ontario pc party,1.0,1.0,1.0
6,E,Diehard,50,nitty gritty dirt band fishin in the dark album,1.0,1.0,1.0
6,E,Diehard,50,who were the three elves who got rings,1.0,1.0,1.0
6,E,Diehard,50,converting stereo signal to mono signal is called,1.0,1.0,1.0
6,E,Diehard,50,in order to prove disparate impact you first must establish,1.0,1.0,1.0
6,E,Diehard,50,where do characters live in this is us,1.0,1.0,1.0
6,E,Diehard,50,who makes the decisions about what to produce in a market economy,1.0,1.0,1.0
6,E,DiehardCombined,1,what is non controlling interest on balance sheet,0.0,0.9037,1.0
6,E,DiehardCombined,1,how many episodes are in chicago fire season 4,0.0,0.9974,1.0
6,E,DiehardCombined,1,who sings love will keep us alive by the eagles,0.0,0.9242,1.0
6,E,DiehardCombined,1,who is the leader of the ontario pc party,1.0,1.0,1.0
6,E,DiehardCombined,1,nitty gritty dirt band fishin in the dark album,0.0,0.9843,1.0
6,E,DiehardCombined,1,who were the three elves who got rings,0.0,0.9992,1.0
6,E,DiehardCombined,1,converting stereo signal to mono signal is called,1.0,1.0,1.0
6,E,DiehardCombined,1,in order to prove disparate impact you first must establish,0.0,0.8351,1.0
6,E,DiehardCombined,1,where do characters live in this is us,1.0,1.0,1.0
6,E,DiehardCombined,1,who makes the decisions about what to produce in a market economy,1.0,1.0,1.0
6,E,DiehardCombined,5,what is non controlling interest on balance sheet,0.6,0.9717,-0.8
6,E,DiehardCombined,5,how many episodes are in chicago fire season 4,0.8,0.9858,0.4
6,E,DiehardCombined,5,who sings love will keep us alive by the eagles,0.8,0.9845,-0.4
6,E,DiehardCombined,5,who is the leader of the ontario pc party,0.4,0.9721,0.8
6,E,DiehardCombined,5,nitty gritty dirt band fishin in the dark album,0.8,0.9837,0.6
6,E,DiehardCombined,5,who were the three elves who got rings,0.8,0.9959,0.2
6,E,DiehardCombined,5,converting stereo signal to mono signal is called,1.0,1.0,0.8
6,E,DiehardCombined,5,in order to prove disparate impact you first must establish,0.6,0.9602,0.2
6,E,DiehardCombined,5,where do characters live in this is us,0.8,0.9864,0.8
6,E,DiehardCombined,5,who makes the decisions about what to produce in a market economy,0.8,0.9992,1.0
6,E,DiehardCombined,10,what is non controlling interest on balance sheet,0.9,0.9814,-0.0222
6,E,DiehardCombined,10,how many episodes are in chicago fire season 4,0.8,0.9885,0.5556
6,E,DiehardCombined,10,who sings love will keep us alive by the eagles,0.9,0.9886,0.4667
6,E,DiehardCombined,10,who is the leader of the ontario pc party,0.6,0.9752,0.5556
6,E,DiehardCombined,10,nitty gritty dirt band fishin in the dark album,0.7,0.9892,0.5111
6,E,DiehardCombined,10,who were the three elves who got rings,0.8,0.9917,0.6889
6,E,DiehardCombined,10,converting stereo signal to mono signal is called,0.8,0.9889,0.8667
6,E,DiehardCombined,10,in order to prove disparate impact you first must establish,0.9,0.9713,0.5111
6,E,DiehardCombined,10,where do characters live in this is us,0.9,0.989,0.7778
6,E,DiehardCombined,10,who makes the decisions about what to produce in a market economy,0.9,0.9967,0.8222
6,E,DiehardCombined,20,what is non controlling interest on balance sheet,0.9,0.9828,0.5158
6,E,DiehardCombined,20,how many episodes are in chicago fire season 4,0.9,0.9919,0.7158
6,E,DiehardCombined,20,who sings love will keep us alive by the eagles,0.85,0.9855,0.7158
6,E,DiehardCombined,20,who is the leader of the ontario pc party,0.95,0.99,0.5158
6,E,DiehardCombined,20,nitty gritty dirt band fishin in the dark album,0.85,0.9842,0.6211
6,E,DiehardCombined,20,who were the three elves who got rings,0.95,0.9959,0.6526
6,E,DiehardCombined,20,converting stereo signal to mono signal is called,0.8,0.9929,0.8421
6,E,DiehardCombined,20,in order to prove disparate impact you first must establish,1.0,0.9832,0.7158
6,E,DiehardCombined,20,where do characters live in this is us,0.9,0.9913,0.8632
6,E,DiehardCombined,20,who makes the decisions about what to produce in a market economy,0.85,0.9963,0.8105
6,E,DiehardCombined,50,what is non controlling interest on balance sheet,0.92,0.9432,0.6754
6,E,DiehardCombined,50,how many episodes are in chicago fire season 4,0.96,0.9767,0.7518
6,E,DiehardCombined,50,who sings love will keep us alive by the eagles,0.92,0.9519,0.7256
6,E,DiehardCombined,50,who is the leader of the ontario pc party,0.92,0.955,0.7952
6,E,DiehardCombined,50,nitty gritty dirt band fishin in the dark album,0.94,0.9677,0.8057
6,E,DiehardCombined,50,who were the three elves who got rings,0.92,0.9536,0.7333
6,E,DiehardCombined,50,converting stereo signal to mono signal is called,0.96,0.9791,0.7145
6,E,DiehardCombined,50,in order to prove disparate impact you first must establish,0.94,0.9575,0.8335
6,E,DiehardCombined,50,where do characters live in this is us,0.98,0.9881,0.8741
6,E,DiehardCombined,50,who makes the decisions about what to produce in a market economy,0.92,0.9586,0.83
7,E,Diehard,1,what is non controlling interest on balance sheet,1.0,1.0,1.0
7,E,Diehard,1,how many episodes are in chicago fire season 4,1.0,1.0,1.0
7,E,Diehard,1,who sings love will keep us alive by the eagles,1.0,1.0,1.0
7,E,Diehard,1,who is the leader of the ontario pc party,1.0,1.0,1.0
7,E,Diehard,1,nitty gritty dirt band fishin in the dark album,1.0,1.0,1.0
7,E,Diehard,1,who were the three elves who got rings,1.0,1.0,1.0
7,E,Diehard,1,converting stereo signal to mono signal is called,1.0,1.0,1.0
7,E,Diehard,1,in order to prove disparate impact you first must establish,1.0,1.0,1.0
7,E,Diehard,1,where do characters live in this is us,1.0,1.0,1.0
7,E,Diehard,1,who makes the decisions about what to produce in a market economy,1.0,1.0,1.0
7,E,Diehard,5,what is non controlling interest on balance sheet,1.0,1.0,1.0
7,E,Diehard,5,how many episodes are in chicago fire season 4,1.0,1.0,1.0
7,E,Diehard,5,who sings love will keep us alive by the eagles,1.0,1.0,1.0
7,E,Diehard,5,who is the leader of the ontario pc party,1.0,1.0,1.0
7,E,Diehard,5,nitty gritty dirt band fishin in the dark album,1.0,1.0,1.0
7,E,Diehard,5,who were the three elves who got rings,1.0,1.0,1.0
7,E,Diehard,5,converting stereo signal to mono signal is called,1.0,1.0,1.0
7,E,Diehard,5,in order to prove disparate impact you first must establish,1.0,1.0,1.0
7,E,Diehard,5,where do characters live in this is us,1.0,1.0,1.0
7,E,Diehard,5,who makes the decisions about what to produce in a market economy,1.0,1.0,1.0
7,E,Diehard,10,what is non controlling interest on balance sheet,1.0,1.0,1.0
7,E,Diehard,10,how many episodes are in chicago fire season 4,1.0,1.0,1.0
7,E,Diehard,10,who sings love will keep us alive by the eagles,1.0,1.0,1.0
7,E,Diehard,10,who is the leader of the ontario pc party,1.0,1.0,1.0
7,E,Diehard,10,nitty gritty dirt band fishin in the dark album,1.0,1.0,1.0
7,E,Diehard,10,who were the three elves who got rings,1.0,1.0,1.0
7,E,Diehard,10,converting stereo signal to mono signal is called,1.0,1.0,1.0
7,E,Diehard,10,in order to prove disparate impact you first must establish,1.0,1.0,1.0
7,E,Diehard,10,where do characters live in this is us,1.0,1.0,1.0
7,E,Diehard,10,who makes the decisions about what to produce in a market economy,1.0,1.0,1.0
7,E,Diehard,20,what is non controlling interest on balance sheet,1.0,1.0,1.0
7,E,Diehard,20,how many episodes are in chicago fire season 4,1.0,1.0,1.0
7,E,Diehard,20,who sings love will keep us alive by the eagles,1.0,1.0,1.0
7,E,Diehard,20,who is the leader of the ontario pc party,1.0,1.0,1.0
7,E,Diehard,20,nitty gritty dirt band fishin in the dark album,1.0,1.0,1.0
7,E,Diehard,20,who were the three elves who got rings,1.0,1.0,1.0
7,E,Diehard,20,converting stereo signal to mono signal is called,1.0,1.0,1.0
7,E,Diehard,20,in order to prove disparate impact you first must establish,1.0,1.0,1.0
7,E,Diehard,20,where do characters live in this is us,1.0,1.0,1.0
7,E,Diehard,20,who makes the decisions about what to produce in a market economy,1.0,1.0,1.0
7,E,Diehard,50,what is non controlling interest on balance sheet,1.0,1.0,1.0
7,E,Diehard,50,how many episodes are in chicago fire season 4,1.0,1.0,1.0
7,E,Diehard,50,who sings love will keep us alive by the eagles,1.0,1.0,1.0
7,E,Diehard,50,who is the leader of the ontario pc party,1.0,1.0,1.0
7,E,Diehard,50,nitty gritty dirt band fishin in the dark album,1.0,1.0,1.0
7,E,Diehard,50,who were the three elves who got rings,1.0,1.0,1.0
7,E,Diehard,50,converting stereo signal to mono signal is called,1.0,1.0,1.0
7,E,Diehard,50,in order to prove disparate impact you first must establish,1.0,1.0,1.0
7,E,Diehard,50,where do characters live in this is us,1.0,1.0,1.0
7,E,Diehard,50,who makes the decisions about what to produce in a market economy,1.0,1.0,1.0
7,E,DiehardCombined,1,what is non controlling interest on balance sheet,0.0,0.8881,1.0
7,E,DiehardCombined,1,how many episodes are in chicago fire season 4,0.0,0.9974,1.0
7,E,DiehardCombined,1,who sings love will keep us alive by the eagles,0.0,0.9254,1.0
7,E,DiehardCombined,1,who is the leader of the ontario pc party,1.0,1.0,1.0
7,E,DiehardCombined,1,nitty gritty dirt band fishin in the dark album,0.0,0.9843,1.0
7,E,DiehardCombined,1,who were the three elves who got rings,0.0,0.9992,1.0
7,E,DiehardCombined,1,converting stereo signal to mono signal is called,1.0,1.0,1.0
7,E,DiehardCombined,1,in order to prove disparate impact you first must establish,0.0,0.9498,1.0
7,E,DiehardCombined,1,where do characters live in this is us,1.0,1.0,1.0
7,E,DiehardCombined,1,who makes the decisions about what to produce in a market economy,1.0,1.0,1.0
7,E,DiehardCombined,5,what is non controlling interest on balance sheet,0.4,0.9574,-0.6
7,E,DiehardCombined,5,how many episodes are in chicago fire season 4,0.8,0.9962,0.4
7,E,DiehardCombined,5,who sings love will keep us alive by the eagles,0.8,0.9726,0.0
7,E,DiehardCombined,5,who is the leader of the ontario pc party,0.6,0.9884,0.8
7,E,DiehardCombined,5,nitty gritty dirt band fishin in the dark album,0.8,0.9792,0.2
7,E,DiehardCombined,5,who were the three elves who got rings,0.4,0.9744,-0.4
7,E,DiehardCombined,5,converting stereo signal to mono signal is called,1.0,0.9999,0.8
7,E,DiehardCombined,5,in order to prove disparate impact you first must establish,0.8,0.9626,0.2
7,E,DiehardCombined,5,where do characters live in this is us,1.0,1.0,0.8
7,E,DiehardCombined,5,who makes the decisions about what to produce in a market economy,1.0,0.9949,0.2
7,E,DiehardCombined,10,what is non controlling interest on balance sheet,0.8,0.9665,-0.0222
7,E,DiehardCombined,10,how many episodes are in chicago fire season 4,0.7,0.9837,0.8667
7,E,DiehardCombined,10,who sings love will keep us alive by the eagles,0.9,0.9877,0.5111
7,E,DiehardCombined,10,who is the leader of the ontario pc party,0.8,0.9944,0.6889
7,E,DiehardCombined,10,nitty gritty dirt band fishin in the dark album,0.8,0.9839,0.5111
7,E,DiehardCombined,10,who were the three elves who got rings,0.8,0.9845,0.2889
7,E,DiehardCombined,10,converting stereo signal to mono signal is called,1.0,0.9994,0.8222
7,E,DiehardCombined,10,in order to prove disparate impact you first must establish,0.8,0.9737,0.4667
7,E,DiehardCombined,10,where do characters live in this is us,0.8,0.9883,0.8222
7,E,DiehardCombined,10,who makes the decisions about what to produce in a market economy,0.8,0.9913,0.8222
7,E,DiehardCombined,20,what is non controlling interest on balance sheet,0.85,0.9756,0.4105
7,E,DiehardCombined,20,how many episodes are in chicago fire season 4,0.9,0.9928,0.7263
7,E,DiehardCombined,20,who sings love will keep us alive by the eagles,0.85,0.9874,0.6632
7,E,DiehardCombined,20,who is the leader of the ontario pc party,0.85,0.992,0.7579
7,E,DiehardCombined,20,nitty gritty dirt band fishin in the dark album,0.9,0.9864,0.6316
7,E,DiehardCombined,20,who were the three elves who got rings,1.0,0.9933,0.5474
7,E,DiehardCombined,20,converting stereo signal to mono signal is called,0.8,0.9954,0.8842
7,E,DiehardCombined,20,in order to prove disparate impact you first must establish,0.85,0.9764,0.6421
7,E,DiehardCombined,20,where do characters live in this is us,0.85,0.9929,0.8105
7,E,DiehardCombined,20,who makes the decisions about what to produce in a market economy,0.9,0.993,0.6842
7,E,DiehardCombined,50,what is non controlling interest on balance sheet,0.86,0.9045,0.6656
7,E,DiehardCombined,50,how many episodes are in chicago fire season 4,0.96,0.9769,0.7465
7,E,DiehardCombined,50,who sings love will keep us alive by the eagles,0.96,0.9718,0.7713
7,E,DiehardCombined,50,who is the leader of the ontario pc party,0.84,0.9177,0.7445
7,E,DiehardCombined,50,nitty gritty dirt band fishin in the dark album,0.96,0.975,0.8014
7,E,DiehardCombined,50,who were the three elves who got rings,0.9,0.9417,0.7576
7,E,DiehardCombined,50,converting stereo signal to mono signal is called,0.92,0.9589,0.7275
7,E,DiehardCombined,50,in order to prove disparate impact you first must establish,0.94,0.9604,0.7428
7,E,DiehardCombined,50,where do characters live in this is us,0.98,0.9897,0.8163
7,E,DiehardCombined,50,who makes the decisions about what to produce in a market economy,0.88,0.9343,0.7949
8,E,Diehard,1,what is non controlling interest on balance sheet,1.0,1.0,1.0
8,E,Diehard,1,how many episodes are in chicago fire season 4,1.0,1.0,1.0
8,E,Diehard,1,who sings love will keep us alive by the eagles,1.0,1.0,1.0
8,E,Diehard,1,who is the leader of the ontario pc party,1.0,1.0,1.0
8,E,Diehard,1,nitty gritty dirt band fishin in the dark album,1.0,1.0,1.0
8,E,Diehard,1,who were the three elves who got rings,1.0,1.0,1.0
8,E,Diehard,1,converting stereo signal to mono signal is called,1.0,1.0,1.0
8,E,Diehard,1,in order to prove disparate impact you first must establish,1.0,1.0,1.0
8,E,Diehard,1,where do characters live in this is us,1.0,1.0,1.0
8,E,Diehard,1,who makes the decisions about what to produce in a market economy,1.0,1.0,1.0
8,E,Diehard,5,what is non controlling interest on balance sheet,1.0,1.0,1.0
8,E,Diehard,5,how many episodes are in chicago fire season 4,1.0,1.0,1.0
8,E,Diehard,5,who sings love will keep us alive by the eagles,1.0,1.0,1.0
8,E,Diehard,5,who is the leader of the ontario pc party,1.0,1.0,1.0
8,E,Diehard,5,nitty gritty dirt band fishin in the dark album,1.0,1.0,1.0
8,E,Diehard,5,who were the three elves who got rings,1.0,1.0,1.0
8,E,Diehard,5,converting stereo signal to mono signal is called,1.0,1.0,1.0
8,E,Diehard,5,in order to prove disparate impact you first must establish,1.0,1.0,1.0
8,E,Diehard,5,where do characters live in this is us,1.0,1.0,1.0
8,E,Diehard,5,who makes the decisions about what to produce in a market economy,1.0,1.0,1.0
8,E,Diehard,10,what is non controlling interest on balance sheet,1.0,1.0,1.0
8,E,Diehard,10,how many episodes are in chicago fire season 4,1.0,1.0,1.0
8,E,Diehard,10,who sings love will keep us alive by the eagles,1.0,1.0,1.0
8,E,Diehard,10,who is the leader of the ontario pc party,1.0,1.0,1.0
8,E,Diehard,10,nitty gritty dirt band fishin in the dark album,1.0,1.0,1.0
8,E,Diehard,10,who were the three elves who got rings,1.0,1.0,1.0
8,E,Diehard,10,converting stereo signal to mono signal is called,1.0,1.0,1.0
8,E,Diehard,10,in order to prove disparate impact you first must establish,1.0,1.0,1.0
8,E,Diehard,10,where do characters live in this is us,1.0,1.0,1.0
8,E,Diehard,10,who makes the decisions about what to produce in a market economy,1.0,1.0,1.0
8,E,Diehard,20,what is non controlling interest on balance sheet,1.0,1.0,1.0
8,E,Diehard,20,how many episodes are in chicago fire season 4,1.0,1.0,1.0
8,E,Diehard,20,who sings love will keep us alive by the eagles,1.0,1.0,1.0
8,E,Diehard,20,who is the leader of the ontario pc party,1.0,1.0,1.0
8,E,Diehard,20,nitty gritty dirt band fishin in the dark album,1.0,1.0,1.0
8,E,Diehard,20,who were the three elves who got rings,1.0,1.0,1.0
8,E,Diehard,20,converting stereo signal to mono signal is called,1.0,1.0,1.0
8,E,Diehard,20,in order to prove disparate impact you first must establish,1.0,1.0,1.0
8,E,Diehard,20,where do characters live in this is us,1.0,1.0,1.0
8,E,Diehard,20,who makes the decisions about what to produce in a market economy,1.0,1.0,1.0
8,E,Diehard,50,what is non controlling interest on balance sheet,1.0,1.0,1.0
8,E,Diehard,50,how many episodes are in chicago fire season 4,1.0,1.0,1.0
8,E,Diehard,50,who sings love will keep us alive by the eagles,1.0,1.0,1.0
8,E,Diehard,50,who is the leader of the ontario pc party,1.0,1.0,1.0
8,E,Diehard,50,nitty gritty dirt band fishin in the dark album,1.0,1.0,1.0
8,E,Diehard,50,who were the three elves who got rings,1.0,1.0,1.0
8,E,Diehard,50,converting stereo signal to mono signal is called,1.0,1.0,1.0
8,E,Diehard,50,in order to prove disparate impact you first must establish,1.0,1.0,1.0
8,E,Diehard,50,where do characters live in this is us,1.0,1.0,1.0
8,E,Diehard,50,who makes the decisions about what to produce in a market economy,1.0,1.0,1.0
8,E,DiehardCombined,1,what is non controlling interest on balance sheet,0.0,0.9987,1.0
8,E,DiehardCombined,1,how many episodes are in chicago fire season 4,0.0,0.9974,1.0
8,E,DiehardCombined,1,who sings love will keep us alive by the eagles,1.0,1.0,1.0
8,E,DiehardCombined,1,who is the leader of the ontario pc party,1.0,1.0,1.0
8,E,DiehardCombined,1,nitty gritty dirt band fishin in the dark album,1.0,1.0,1.0
8,E,DiehardCombined,1,who were the three elves who got rings,0.0,0.9721,1.0
8,E,DiehardCombined,1,converting stereo signal to mono signal is called,1.0,1.0,1.0
8,E,DiehardCombined,1,in order to prove disparate impact you first must establish,0.0,0.9498,1.0
8,E,DiehardCombined,1,where do characters live in this is us,1.0,1.0,1.0
8,E,DiehardCombined,1,who makes the decisions about what to produce in a market economy,1.0,1.0,1.0
8,E,DiehardCombined,5,what is non controlling interest on balance sheet,0.2,0.9661,1.0
8,E,DiehardCombined,5,how many episodes are in chicago fire season 4,0.6,0.9793,0.6
8,E,DiehardCombined,5,who sings love will keep us alive by the eagles,1.0,0.9976,0.4
8,E,DiehardCombined,5,who is the leader of the ontario pc party,0.8,0.9911,0.8
8,E,DiehardCombined,5,nitty gritty dirt band fishin in the dark album,0.8,0.9927,0.8
8,E,DiehardCombined,5,who were the three elves who got rings,0.8,0.9857,0.2
8,E,DiehardCombined,5,converting stereo signal to mono signal is called,0.8,0.9979,0.8
8,E,DiehardCombined,5,in order to prove disparate impact you first must establish,1.0,0.9933,0.8
8,E,DiehardCombined,5,where do characters live in this is us,1.0,0.9907,0.4
8,E,DiehardCombined,5,who makes the decisions about what to produce in a market economy,1.0,0.9971,0.8
8,E,DiehardCombined,10,what is non controlling interest on balance sheet,1.0,0.9914,0.0667
8,E,DiehardCombined,10,how many episodes are in chicago fire season 4,0.8,0.9892,0.4667
8,E,DiehardCombined,10,who sings love will keep us alive by the eagles,1.0,0.9977,0.6889
8,E,DiehardCombined,10,who is the leader of the ontario pc party,0.6,0.9806,0.5111
8,E,DiehardCombined,10,nitty gritty dirt band fishin in the dark album,0.8,0.9954,0.6889
8,E,DiehardCombined,10,who were the three elves who got rings,0.9,0.9849,0.4667
8,E,DiehardCombined,10,converting stereo signal to mono signal is called,0.9,0.9959,0.8222
8,E,DiehardCombined,10,in order to prove disparate impact you first must establish,0.9,0.9897,0.8222
8,E,DiehardCombined,10,where do characters live in this is us,0.9,0.9878,0.7333
8,E,DiehardCombined,10,who makes the decisions about what to produce in a market economy,0.8,0.9872,0.9111
8,E,DiehardCombined,20,what is non controlling interest on balance sheet,0.9,0.9861,0.7053
8,E,DiehardCombined,20,how many episodes are in chicago fire season 4,0.85,0.9896,0.6526
8,E,DiehardCombined,20,who sings love will keep us alive by the eagles,0.85,0.9929,0.8105
8,E,DiehardCombined,20,who is the leader of the ontario pc party,0.95,0.994,0.3789
8,E,DiehardCombined,20,nitty gritty dirt band fishin in the dark album,0.95,0.9948,0.7263
8,E,DiehardCombined,20,who were the three elves who got rings,0.85,0.988,0.6421
8,E,DiehardCombined,20,converting stereo signal to mono signal is called,0.95,0.9985,0.7263
8,E,DiehardCombined,20,in order to prove disparate impact you first must establish,0.9,0.9917,0.7368
8,E,DiehardCombined,20,where do characters live in this is us,0.9,0.9912,0.8105
8,E,DiehardCombined,20,who makes the decisions about what to produce in a market economy,0.8,0.9871,0.6421
8,E,DiehardCombined,50,what is non controlling interest on balance sheet,0.92,0.9451,0.7159
8,E,DiehardCombined,50,how many episodes are in chicago fire season 4,0.96,0.9763,0.7518
8,E,DiehardCombined,50,who sings love will keep us alive by the eagles,0.9,0.948,0.798
8,E,DiehardCombined,50,who is the leader of the ontario pc party,0.94,0.9673,0.778
8,E,DiehardCombined,50,nitty gritty dirt band fishin in the dark album,0.94,0.9725,0.8501
8,E,DiehardCombined,50,who were the three elves who got rings,0.92,0.9497,0.7932
8,E,DiehardCombined,50,converting stereo signal to mono signal is called,0.96,0.9781,0.727
8,E,DiehardCombined,50,in order to prove disparate impact you first must establish,0.96,0.9761,0.8103
8,E,DiehardCombined,50,where do characters live in this is us,0.94,0.969,0.8446
8,E,DiehardCombined,50,who makes the decisions about what to produce in a market economy,0.92,0.9554,0.7333
9,E,Diehard,1,what is non controlling interest on balance sheet,1.0,1.0,1.0
9,E,Diehard,1,how many episodes are in chicago fire season 4,1.0,1.0,1.0
9,E,Diehard,1,who sings love will keep us alive by the eagles,1.0,1.0,1.0
9,E,Diehard,1,who is the leader of the ontario pc party,1.0,1.0,1.0
9,E,Diehard,1,nitty gritty dirt band fishin in the dark album,1.0,1.0,1.0
9,E,Diehard,1,who were the three elves who got rings,1.0,1.0,1.0
9,E,Diehard,1,converting stereo signal to mono signal is called,1.0,1.0,1.0
9,E,Diehard,1,in order to prove disparate impact you first must establish,1.0,1.0,1.0
9,E,Diehard,1,where do characters live in this is us,1.0,1.0,1.0
9,E,Diehard,1,who makes the decisions about what to produce in a market economy,1.0,1.0,1.0
9,E,Diehard,5,what is non controlling interest on balance sheet,1.0,1.0,1.0
9,E,Diehard,5,how many episodes are in chicago fire season 4,1.0,1.0,1.0
9,E,Diehard,5,who sings love will keep us alive by the eagles,1.0,1.0,1.0
9,E,Diehard,5,who is the leader of the ontario pc party,1.0,1.0,1.0
9,E,Diehard,5,nitty gritty dirt band fishin in the dark album,1.0,1.0,1.0
9,E,Diehard,5,who were the three elves who got rings,1.0,1.0,1.0
9,E,Diehard,5,converting stereo signal to mono signal is called,1.0,1.0,1.0
9,E,Diehard,5,in order to prove disparate impact you first must establish,1.0,1.0,1.0
9,E,Diehard,5,where do characters live in this is us,1.0,1.0,1.0
9,E,Diehard,5,who makes the decisions about what to produce in a market economy,1.0,1.0,1.0
9,E,Diehard,10,what is non controlling interest on balance sheet,1.0,1.0,1.0
9,E,Diehard,10,how many episodes are in chicago fire season 4,1.0,1.0,1.0
9,E,Diehard,10,who sings love will keep us alive by the eagles,1.0,1.0,1.0
9,E,Diehard,10,who is the leader of the ontario pc party,1.0,1.0,1.0
9,E,Diehard,10,nitty gritty dirt band fishin in the dark album,1.0,1.0,1.0
9,E,Diehard,10,who were the three elves who got rings,1.0,1.0,1.0
9,E,Diehard,10,converting stereo signal to mono signal is called,1.0,1.0,1.0
9,E,Diehard,10,in order to prove disparate impact you first must establish,1.0,1.0,1.0
9,E,Diehard,10,where do characters live in this is us,1.0,1.0,1.0
9,E,Diehard,10,who makes the decisions about what to produce in a market economy,1.0,1.0,1.0
9,E,Diehard,20,what is non controlling interest on balance sheet,1.0,1.0,1.0
9,E,Diehard,20,how many episodes are in chicago fire season 4,1.0,1.0,1.0
9,E,Diehard,20,who sings love will keep us alive by the eagles,1.0,1.0,1.0
9,E,Diehard,20,who is the leader of the ontario pc party,1.0,1.0,1.0
9,E,Diehard,20,nitty gritty dirt band fishin in the dark album,1.0,1.0,1.0
9,E,Diehard,20,who were the three elves who got rings,1.0,1.0,1.0
9,E,Diehard,20,converting stereo signal to mono signal is called,1.0,1.0,1.0
9,E,Diehard,20,in order to prove disparate impact you first must establish,1.0,1.0,1.0
9,E,Diehard,20,where do characters live in this is us,1.0,1.0,1.0
9,E,Diehard,20,who makes the decisions about what to produce in a market economy,1.0,1.0,1.0
9,E,Diehard,50,what is non controlling interest on balance sheet,1.0,1.0,1.0
9,E,Diehard,50,how many episodes are in chicago fire season 4,1.0,1.0,1.0
9,E,Diehard,50,who sings love will keep us alive by the eagles,1.0,1.0,1.0
9,E,Diehard,50,who is the leader of the ontario pc party,1.0,1.0,1.0
9,E,Diehard,50,nitty gritty dirt band fishin in the dark album,1.0,1.0,1.0
9,E,Diehard,50,who were the three elves who got rings,1.0,1.0,1.0
9,E,Diehard,50,converting stereo signal to mono signal is called,1.0,1.0,1.0
9,E,Diehard,50,in order to prove disparate impact you first must establish,1.0,1.0,1.0
9,E,Diehard,50,where do characters live in this is us,1.0,1.0,1.0
9,E,Diehard,50,who makes the decisions about what to produce in a market economy,1.0,1.0,1.0
9,E,DiehardCombined,1,what is non controlling interest on balance sheet,1.0,1.0,1.0
9,E,DiehardCombined,1,how many episodes are in chicago fire season 4,1.0,1.0,1.0
9,E,DiehardCombined,1,who sings love will keep us alive by the eagles,0.0,0.96,1.0
9,E,DiehardCombined,1,who is the leader of the ontario pc party,1.0,1.0,1.0
9,E,DiehardCombined,1,nitty gritty dirt band fishin in the dark album,1.0,1.0,1.0
9,E,DiehardCombined,1,who were the three elves who got rings,0.0,0.9872,1.0
9,E,DiehardCombined,1,converting stereo signal to mono signal is called,1.0,1.0,1.0
9,E,DiehardCombined,1,in order to prove disparate impact you first must establish,1.0,1.0,1.0
9,E,DiehardCombined,1,where do characters live in this is us,1.0,1.0,1.0
9,E,DiehardCombined,1,who makes the decisions about what to produce in a market economy,1.0,1.0,1.0
9,E,DiehardCombined,5,what is non controlling interest on balance sheet,0.8,0.9995,0.8
9,E,DiehardCombined,5,how many episodes are in chicago fire season 4,1.0,1.0,1.0
9,E,DiehardCombined,5,who sings love will keep us alive by the eagles,0.6,0.9796,0.0
9,E,DiehardCombined,5,who is the leader of the ontario pc party,1.0,0.9993,0.6
9,E,DiehardCombined,5,nitty gritty dirt band fishin in the dark album,0.8,0.9922,0.8
9,E,DiehardCombined,5,who were the three elves who got rings,0.8,0.993,-0.4
9,E,DiehardCombined,5,converting stereo signal to mono signal is called,0.8,0.9982,0.8
9,E,DiehardCombined,5,in order to prove disparate impact you first must establish,0.8,0.9957,0.8
9,E,DiehardCombined,5,where do characters live in this is us,0.8,0.9877,0.8
9,E,DiehardCombined,5,who makes the decisions about what to produce in a market economy,0.8,0.9853,0.6
9,E,DiehardCombined,10,what is non controlling interest on balance sheet,0.8,0.9817,0.8222
9,E,DiehardCombined,10,how many episodes are in chicago fire season 4,0.8,0.9923,0.5556
9,E,DiehardCombined,10,who sings love will keep us alive by the eagles,0.8,0.9836,0.4222
9,E,DiehardCombined,10,who is the leader of the ontario pc party,0.8,0.9864,0.7333
9,E,DiehardCombined,10,nitty gritty dirt band fishin in the dark album,0.8,0.9889,0.6889
9,E,DiehardCombined,10,who were the three elves who got rings,0.8,0.9887,0.3778
9,E,DiehardCombined,10,converting stereo signal to mono signal is called,0.9,0.9957,0.8667
9,E,DiehardCombined,10,in order to prove disparate impact you first must establish,0.9,0.9945,0.7778
9,E,DiehardCombined,10,where do characters live in this is us,1.0,0.9978,0.7333
9,E,DiehardCombined,10,who makes the decisions about what to produce in a market economy,0.8,0.9848,0.6889
9,E,DiehardCombined,20,what is non controlling interest on balance sheet,0.8,0.9881,0.5368
9,E,DiehardCombined,20,how many episodes are in chicago fire season 4,0.9,0.9928,0.7684
9,E,DiehardCombined,20,who sings love will keep us alive by the eagles,0.85,0.9864,0.7053
9,E,DiehardCombined,20,who is the leader of the ontario pc party,0.95,0.9963,0.6211
9,E,DiehardCombined,20,nitty gritty dirt band fishin in the dark album,0.9,0.9948,0.5895
9,E,DiehardCombined,20,who were the three elves who got rings,0.85,0.9854,0.6526
9,E,DiehardCombined,20,converting stereo signal to mono signal is called,0.85,0.9945,0.8
9,E,DiehardCombined,20,in order to prove disparate impact you first must establish,0.85,0.9944,0.7895
9,E,DiehardCombined,20,where do characters live in this is us,0.85,0.9916,0.8105
9,E,DiehardCombined,20,who makes the decisions about what to produce in a market economy,0.85,0.9898,0.5789
9,E,DiehardCombined,50,what is non controlling interest on balance sheet,0.92,0.9484,0.5865
9,E,DiehardCombined,50,how many episodes are in chicago fire season 4,0.96,0.9787,0.7465
9,E,DiehardCombined,50,who sings love will keep us alive by the eagles,0.96,0.9752,0.7642
9,E,DiehardCombined,50,who is the leader of the ontario pc party,0.88,0.938,0.7949
9,E,DiehardCombined,50,nitty gritty dirt band fishin in the dark album,0.96,0.9803,0.8422
9,E,DiehardCombined,50,who were the three elves who got rings,0.92,0.9525,0.7024
9,E,DiehardCombined,50,converting stereo signal to mono signal is called,0.96,0.9782,0.7606
9,E,DiehardCombined,50,in order to prove disparate impact you first must establish,0.96,0.9787,0.8652
9,E,DiehardCombined,50,where do characters live in this is us,0.92,0.9626,0.8667
9,E,DiehardCombined,50,who makes the decisions about what to produce in a market economy,0.94,0.9651,0.7151
10,E,Diehard,1,what is non controlling interest on balance sheet,1.0,1.0,1.0
10,E,Diehard,1,how many episodes are in chicago fire season 4,1.0,1.0,1.0
10,E,Diehard,1,who sings love will keep us alive by the eagles,1.0,1.0,1.0
10,E,Diehard,1,who is the leader of the ontario pc party,1.0,1.0,1.0
10,E,Diehard,1,nitty gritty dirt band fishin in the dark album,1.0,1.0,1.0
10,E,Diehard,1,who were the three elves who got rings,1.0,1.0,1.0
10,E,Diehard,1,converting stereo signal to mono signal is called,1.0,1.0,1.0
10,E,Diehard,1,in order to prove disparate impact you first must establish,1.0,1.0,1.0
10,E,Diehard,1,where do characters live in this is us,1.0,1.0,1.0
10,E,Diehard,1,who makes the decisions about what to produce in a market economy,1.0,1.0,1.0
10,E,Diehard,5,what is non controlling interest on balance sheet,1.0,1.0,1.0
10,E,Diehard,5,how many episodes are in chicago fire season 4,1.0,1.0,1.0
10,E,Diehard,5,who sings love will keep us alive by the eagles,1.0,1.0,1.0
10,E,Diehard,5,who is the leader of the ontario pc party,1.0,1.0,1.0
10,E,Diehard,5,nitty gritty dirt band fishin in the dark album,1.0,1.0,1.0
10,E,Diehard,5,who were the three elves who got rings,1.0,1.0,1.0
10,E,Diehard,5,converting stereo signal to mono signal is called,1.0,1.0,1.0
10,E,Diehard,5,in order to prove disparate impact you first must establish,1.0,1.0,1.0
10,E,Diehard,5,where do characters live in this is us,1.0,1.0,1.0
10,E,Diehard,5,who makes the decisions about what to produce in a market economy,1.0,1.0,1.0
10,E,Diehard,10,what is non controlling interest on balance sheet,1.0,1.0,1.0
10,E,Diehard,10,how many episodes are in chicago fire season 4,1.0,1.0,1.0
10,E,Diehard,10,who sings love will keep us alive by the eagles,1.0,1.0,1.0
10,E,Diehard,10,who is the leader of the ontario pc party,1.0,1.0,1.0
10,E,Diehard,10,nitty gritty dirt band fishin in the dark album,1.0,1.0,1.0
10,E,Diehard,10,who were the three elves who got rings,1.0,1.0,1.0
10,E,Diehard,10,converting stereo signal to mono signal is called,1.0,1.0,1.0
10,E,Diehard,10,in order to prove disparate impact you first must establish,1.0,1.0,1.0
10,E,Diehard,10,where do characters live in this is us,1.0,1.0,1.0
10,E,Diehard,10,who makes the decisions about what to produce in a market economy,1.0,1.0,1.0
10,E,Diehard,20,what is non controlling interest on balance sheet,1.0,1.0,1.0
10,E,Diehard,20,how many episodes are in chicago fire season 4,1.0,1.0,1.0
10,E,Diehard,20,who sings love will keep us alive by the eagles,1.0,1.0,1.0
10,E,Diehard,20,who is the leader of the ontario pc party,1.0,1.0,1.0
10,E,Diehard,20,nitty gritty dirt band fishin in the dark album,1.0,1.0,1.0
10,E,Diehard,20,who were the three elves who got rings,1.0,1.0,1.0
10,E,Diehard,20,converting stereo signal to mono signal is called,1.0,1.0,1.0
10,E,Diehard,20,in order to prove disparate impact you first must establish,1.0,1.0,1.0
10,E,Diehard,20,where do characters live in this is us,1.0,1.0,1.0
10,E,Diehard,20,who makes the decisions about what to produce in a market economy,1.0,1.0,1.0
10,E,Diehard,50,what is non controlling interest on balance sheet,1.0,1.0,1.0
10,E,Diehard,50,how many episodes are in chicago fire season 4,1.0,1.0,1.0
10,E,Diehard,50,who sings love will keep us alive by the eagles,1.0,1.0,1.0
10,E,Diehard,50,who is the leader of the ontario pc party,1.0,1.0,1.0
10,E,Diehard,50,nitty gritty dirt band fishin in the dark album,1.0,1.0,1.0
10,E,Diehard,50,who were the three elves who got rings,1.0,1.0,1.0
10,E,Diehard,50,converting stereo signal to mono signal is called,1.0,1.0,1.0
10,E,Diehard,50,in order to prove disparate impact you first must establish,1.0,1.0,1.0
10,E,Diehard,50,where do characters live in this is us,1.0,1.0,1.0
10,E,Diehard,50,who makes the decisions about what to produce in a market economy,1.0,1.0,1.0
10,E,DiehardCombined,1,what is non controlling interest on balance sheet,0.0,0.9987,1.0
10,E,DiehardCombined,1,how many episodes are in chicago fire season 4,0.0,0.9974,1.0
10,E,DiehardCombined,1,who sings love will keep us alive by the eagles,0.0,0.9242,1.0
10,E,DiehardCombined,1,who is the leader of the ontario pc party,1.0,1.0,1.0
10,E,DiehardCombined,1,nitty gritty dirt band fishin in the dark album,0.0,0.9032,1.0
10,E,DiehardCombined,1,who were the three elves who got rings,1.0,1.0,1.0
10,E,DiehardCombined,1,converting stereo signal to mono signal is called,1.0,1.0,1.0
10,E,DiehardCombined,1,in order to prove disparate impact you first must establish,1.0,1.0,1.0
10,E,DiehardCombined,1,where do characters live in this is us,1.0,1.0,1.0
10,E,DiehardCombined,1,who makes the decisions about what to produce in a market economy,1.0,1.0,1.0
10,E,DiehardCombined,5,what is non controlling interest on balance sheet,0.6,0.9867,-0.2
10,E,DiehardCombined,5,how many episodes are in chicago fire season 4,0.6,0.9896,0.4
10,E,DiehardCombined,5,who sings love will keep us alive by the eagles,0.6,0.98,0.2
10,E,DiehardCombined,5,who is the leader of the ontario pc party,0.6,0.975,0.8
10,E,DiehardCombined,5,nitty gritty dirt band fishin in the dark album,1.0,0.9787,0.2
10,E,DiehardCombined,5,who were the three elves who got rings,0.4,0.9611,0.6
10,E,DiehardCombined,5,converting stereo signal to mono signal is called,0.8,0.9983,1.0
10,E,DiehardCombined,5,in order to prove disparate impact you first must establish,0.8,0.9964,1.0
10,E,DiehardCombined,5,where do characters live in this is us,0.6,0.9875,0.8
10,E,DiehardCombined,5,who makes the decisions about what to produce in a market economy,0.8,0.995,0.6
10,E,DiehardCombined,10,what is non controlling interest on balance sheet,0.9,0.9906,0.2444
10,E,DiehardCombined,10,how many episodes are in chicago fire season 4,0.9,0.994,0.5556
10,E,DiehardCombined,10,who sings love will keep us alive by the eagles,0.9,0.9853,0.4667
10,E,DiehardCombined,10,who is the leader of the ontario pc party,0.7,0.9837,0.4222
10,E,DiehardCombined,10,nitty gritty dirt band fishin in the dark album,0.8,0.9823,0.7333
10,E,DiehardCombined,10,who were the three elves who got rings,0.8,0.9806,0.0667
10,E,DiehardCombined,10,converting stereo signal to mono signal is called,1.0,0.9992,0.7778
10,E,DiehardCombined,10,in order to prove disparate impact you first must establish,0.8,0.9904,0.9111
10,E,DiehardCombined,10,where do characters live in this is us,0.9,0.9916,0.5556
10,E,DiehardCombined,10,who makes the decisions about what to produce in a market economy,0.8,0.9921,0.6889
10,E,DiehardCombined,20,what is non controlling interest on balance sheet,0.8,0.9855,0.5895
10,E,DiehardCombined,20,how many episodes are in chicago fire season 4,0.95,0.9966,0.7579
10,E,DiehardCombined,20,who sings love will keep us alive by the eagles,0.85,0.9842,0.6737
10,E,DiehardCombined,20,who is the leader of the ontario pc party,0.95,0.9951,0.5895
10,E,DiehardCombined,20,nitty gritty dirt band fishin in the dark album,0.95,0.9854,0.5158
10,E,DiehardCombined,20,who were the three elves who got rings,0.85,0.9869,0.5053
10,E,DiehardCombined,20,converting stereo signal to mono signal is called,0.9,0.9969,0.8211
10,E,DiehardCombined,20,in order to prove disparate impact you first must establish,0.95,0.9949,0.8105
10,E,DiehardCombined,20,where do characters live in this is us,0.9,0.9946,0.6947
10,E,DiehardCombined,20,who makes the decisions about what to produce in a market economy,0.9,0.9946,0.7263
10,E,DiehardCombined,50,what is non controlling interest on balance sheet,0.84,0.8975,0.6446
10,E,DiehardCombined,50,how many episodes are in chicago fire season 4,0.94,0.9679,0.7521
10,E,DiehardCombined,50,who sings love will keep us alive by the eagles,0.96,0.9743,0.7784
10,E,DiehardCombined,50,who is the leader of the ontario pc party,0.92,0.9571,0.8087
10,E,DiehardCombined,50,nitty gritty dirt band fishin in the dark album,0.96,0.9731,0.8599
10,E,DiehardCombined,50,who were the three elves who got rings,0.94,0.9598,0.6688
10,E,DiehardCombined,50,converting stereo signal to mono signal is called,0.98,0.9892,0.7364
10,E,DiehardCombined,50,in order to prove disparate impact you first must establish,0.96,0.9787,0.8599
10,E,DiehardCombined,50,where do characters live in this is us,0.94,0.971,0.7965
10,E,DiehardCombined,50,who makes the decisions about what to produce in a market economy,0.9,0.9452,0.7495
