trial,exp,algorithm,corpus_size,noise_label,noise_min,noise_max,noise_range_pct,top_k,query,recall_at_k,ndcg_at_k,score_entropy,score_variance,enc_total_us
1,I,Combined,3190,0%,1.0,1.0,0.0,10,what is non controlling interest on balance sheet,1.0,1.0,2.164,0.007733,30275
1,I,Combined,3190,0%,1.0,1.0,0.0,10,how many episodes are in chicago fire season 4,1.0,1.0,1.5571,0.028354,19506
1,I,Combined,3190,0%,1.0,1.0,0.0,10,who sings love will keep us alive by the eagles,1.0,1.0,1.1683,0.021697,11851
1,I,Combined,3190,0%,1.0,1.0,0.0,10,who is the leader of the ontario pc party,1.0,1.0,1.6434,0.018128,11480
1,I,Combined,3190,0%,1.0,1.0,0.0,10,nitty gritty dirt band fishin in the dark album,1.0,1.0,1.2799,0.018568,12186
1,I,Combined,3190,0%,1.0,1.0,0.0,10,who were the three elves who got rings,1.0,1.0,1.973,0.013581,11036
1,I,Combined,3190,0%,1.0,1.0,0.0,10,converting stereo signal to mono signal is called,1.0,1.0,1.973,0.011298,12795
1,I,Combined,3190,0%,1.0,1.0,0.0,10,in order to prove disparate impact you first must establish,1.0,1.0,1.6957,0.003484,10947
1,I,Combined,3190,0%,1.0,1.0,0.0,10,where do characters live in this is us,1.0,1.0,1.2799,0.011781,10718
1,I,Combined,3190,0%,1.0,1.0,0.0,10,who makes the decisions about what to produce in a market economy,1.0,1.0,1.1683,0.015682,10175
1,I,Combined,3190,0%,1.0,1.0,0.0,10,when is the new tappan zee bridge going to be finished,1.0,1.0,0.8018,0.031165,9576
1,I,Combined,3190,0%,1.0,1.0,0.0,10,who recorded i can't help falling in love with you,1.0,1.0,1.5048,0.011207,10637
1,I,Combined,3190,0%,1.0,1.0,0.0,10,who plays the doc in back to the future,1.0,1.0,1.3662,0.008204,10709
1,I,Combined,3190,0%,1.0,1.0,0.0,10,when did they stop cigarette advertising on television,1.0,1.0,1.3592,0.022908,11894
1,I,Combined,3190,0%,1.0,1.0,0.0,10,who has been chosen as the brand ambassador of the campaign 'beti bachao-beti padhao,1.0,1.0,1.1683,0.014328,11631
1,I,Combined,3190,0%,1.0,1.0,0.0,10,how many seasons of prison break are on netflix,1.0,1.0,1.4185,0.021162,10949
1,I,Combined,3190,0%,1.0,1.0,0.0,10,what was the name of atom bomb dropped by usa on hiroshima,1.0,1.0,1.6957,0.017727,10648
1,I,Combined,3190,0%,1.0,1.0,0.0,10,when did the us take over wake island,1.0,1.0,1.4185,0.026058,10984
1,I,Combined,3190,0%,1.0,1.0,0.0,10,when did american two party system began to emerge,1.0,1.0,1.4979,0.021058,10078
1,I,Combined,3190,0%,1.0,1.0,0.0,10,where are the mitochondria located in the sperm,1.0,1.0,2.164,0.008227,10644
1,I,Combined,3190,0%,1.0,1.0,0.0,10,how many lines of symmetry are there in a equilateral triangle,1.0,1.0,1.2275,0.03056,10221
1,I,Combined,3190,0%,1.0,1.0,0.0,10,how many seasons of the oc are there,1.0,1.0,1.2799,0.006332,11225
1,I,Combined,3190,0%,1.0,1.0,0.0,10,latest season on keeping up with the kardashians,1.0,1.0,1.1683,0.011513,10778
1,I,Combined,3190,0%,1.0,1.0,0.0,10,how dose the poet present death as a voyage in crossing the bar,1.0,1.0,1.5048,0.011719,10665
1,I,Combined,3190,0%,1.0,1.0,0.0,10,who were farmers who kept a small portion of their crops & gave the rest to the landowners,1.0,1.0,1.8344,0.005261,10541
1,I,Combined,3190,0%,1.0,1.0,0.0,10,what is pumped up kicks the song about,1.0,1.0,1.6094,0.03212,10322
1,I,Combined,3190,0%,1.0,1.0,0.0,10,2. what are the reasons states impose protectionists policies on other countries,1.0,1.0,1.6434,0.009925,10624
1,I,Combined,3190,0%,1.0,1.0,0.0,10,where are they building the new raiders stadium,1.0,1.0,1.8344,0.013377,10254
1,I,Combined,3190,0%,1.0,1.0,0.0,10,what event provoked congress to propose the eleventh amendment and the states to ratify it,1.0,1.0,1.973,0.017713,10516
1,I,Combined,3190,0%,1.0,1.0,0.0,10,does joe die in the purge election year,1.0,1.0,0.9404,0.013761,11837
1,I,Combined,3190,1%,0.99,1.01,1.0,10,what is non controlling interest on balance sheet,1.0,1.0,2.164,0.007743,27322
1,I,Combined,3190,1%,0.99,1.01,1.0,10,how many episodes are in chicago fire season 4,1.0,1.0,1.5571,0.028308,19885
1,I,Combined,3190,1%,0.99,1.01,1.0,10,who sings love will keep us alive by the eagles,1.0,1.0,1.1683,0.021695,12169
1,I,Combined,3190,1%,0.99,1.01,1.0,10,who is the leader of the ontario pc party,1.0,1.0,1.6434,0.01817,19155
1,I,Combined,3190,1%,0.99,1.01,1.0,10,nitty gritty dirt band fishin in the dark album,1.0,1.0,1.2799,0.018563,11618
1,I,Combined,3190,1%,0.99,1.01,1.0,10,who were the three elves who got rings,1.0,1.0,1.973,0.013589,11947
1,I,Combined,3190,1%,0.99,1.01,1.0,10,converting stereo signal to mono signal is called,1.0,1.0,1.973,0.011311,12203
1,I,Combined,3190,1%,0.99,1.01,1.0,10,in order to prove disparate impact you first must establish,0.9,0.9498,1.6957,0.003486,12118
1,I,Combined,3190,1%,0.99,1.01,1.0,10,where do characters live in this is us,1.0,1.0,1.2799,0.011783,13155
1,I,Combined,3190,1%,0.99,1.01,1.0,10,who makes the decisions about what to produce in a market economy,1.0,1.0,1.1683,0.015669,11868
1,I,Combined,3190,1%,0.99,1.01,1.0,10,when is the new tappan zee bridge going to be finished,1.0,1.0,0.8018,0.031137,11642
1,I,Combined,3190,1%,0.99,1.01,1.0,10,who recorded i can't help falling in love with you,1.0,1.0,1.5048,0.011186,11342
1,I,Combined,3190,1%,0.99,1.01,1.0,10,who plays the doc in back to the future,1.0,1.0,1.3662,0.008209,10887
1,I,Combined,3190,1%,0.99,1.01,1.0,10,when did they stop cigarette advertising on television,1.0,1.0,1.3592,0.022927,11768
1,I,Combined,3190,1%,0.99,1.01,1.0,10,who has been chosen as the brand ambassador of the campaign 'beti bachao-beti padhao,1.0,1.0,1.1683,0.014315,9840
1,I,Combined,3190,1%,0.99,1.01,1.0,10,how many seasons of prison break are on netflix,1.0,1.0,1.4185,0.021157,10109
1,I,Combined,3190,1%,0.99,1.01,1.0,10,what was the name of atom bomb dropped by usa on hiroshima,1.0,1.0,1.6957,0.017742,11744
1,I,Combined,3190,1%,0.99,1.01,1.0,10,when did the us take over wake island,1.0,1.0,1.4185,0.026055,15138
1,I,Combined,3190,1%,0.99,1.01,1.0,10,when did american two party system began to emerge,1.0,1.0,1.4979,0.021077,10045
1,I,Combined,3190,1%,0.99,1.01,1.0,10,where are the mitochondria located in the sperm,1.0,1.0,2.164,0.008222,9955
1,I,Combined,3190,1%,0.99,1.01,1.0,10,how many lines of symmetry are there in a equilateral triangle,1.0,1.0,1.2275,0.030566,10230
1,I,Combined,3190,1%,0.99,1.01,1.0,10,how many seasons of the oc are there,1.0,1.0,1.2799,0.00633,9931
1,I,Combined,3190,1%,0.99,1.01,1.0,10,latest season on keeping up with the kardashians,1.0,1.0,1.1683,0.011508,10482
1,I,Combined,3190,1%,0.99,1.01,1.0,10,how dose the poet present death as a voyage in crossing the bar,1.0,1.0,1.5048,0.011729,11059
1,I,Combined,3190,1%,0.99,1.01,1.0,10,who were farmers who kept a small portion of their crops & gave the rest to the landowners,1.0,1.0,1.8344,0.005246,10299
1,I,Combined,3190,1%,0.99,1.01,1.0,10,what is pumped up kicks the song about,1.0,1.0,1.6094,0.032107,11440
1,I,Combined,3190,1%,0.99,1.01,1.0,10,2. what are the reasons states impose protectionists policies on other countries,1.0,1.0,1.6434,0.009909,10123
1,I,Combined,3190,1%,0.99,1.01,1.0,10,where are they building the new raiders stadium,1.0,1.0,1.8344,0.013368,11384
1,I,Combined,3190,1%,0.99,1.01,1.0,10,what event provoked congress to propose the eleventh amendment and the states to ratify it,1.0,1.0,1.973,0.017681,10191
1,I,Combined,3190,1%,0.99,1.01,1.0,10,does joe die in the purge election year,1.0,1.0,0.9404,0.013769,11194
1,I,Combined,3190,10%,0.9,1.1,10.0,10,what is non controlling interest on balance sheet,1.0,1.0,2.0253,0.007811,23465
1,I,Combined,3190,10%,0.9,1.1,10.0,10,how many episodes are in chicago fire season 4,1.0,1.0,1.5571,0.028009,18054
1,I,Combined,3190,10%,0.9,1.1,10.0,10,who sings love will keep us alive by the eagles,1.0,1.0,1.1683,0.021499,18810
1,I,Combined,3190,10%,0.9,1.1,10.0,10,who is the leader of the ontario pc party,1.0,1.0,1.6434,0.017968,13640
1,I,Combined,3190,10%,0.9,1.1,10.0,10,nitty gritty dirt band fishin in the dark album,1.0,1.0,1.2799,0.017941,12370
1,I,Combined,3190,10%,0.9,1.1,10.0,10,who were the three elves who got rings,1.0,1.0,1.973,0.0133,10111
1,I,Combined,3190,10%,0.9,1.1,10.0,10,converting stereo signal to mono signal is called,1.0,1.0,1.973,0.011306,13482
1,I,Combined,3190,10%,0.9,1.1,10.0,10,in order to prove disparate impact you first must establish,1.0,1.0,1.6434,0.003415,22105
1,I,Combined,3190,10%,0.9,1.1,10.0,10,where do characters live in this is us,0.9,0.9539,1.2799,0.011569,39592
1,I,Combined,3190,10%,0.9,1.1,10.0,10,who makes the decisions about what to produce in a market economy,1.0,1.0,1.1935,0.0155,11747
1,I,Combined,3190,10%,0.9,1.1,10.0,10,when is the new tappan zee bridge going to be finished,1.0,1.0,0.8018,0.030647,11514
1,I,Combined,3190,10%,0.9,1.1,10.0,10,who recorded i can't help falling in love with you,1.0,1.0,1.5048,0.010736,11999
1,I,Combined,3190,10%,0.9,1.1,10.0,10,who plays the doc in back to the future,1.0,1.0,1.3662,0.008245,10778
1,I,Combined,3190,10%,0.9,1.1,10.0,10,when did they stop cigarette advertising on television,1.0,1.0,1.3592,0.022006,12224
1,I,Combined,3190,10%,0.9,1.1,10.0,10,who has been chosen as the brand ambassador of the campaign 'beti bachao-beti padhao,0.9,0.9535,1.1683,0.014531,10276
1,I,Combined,3190,10%,0.9,1.1,10.0,10,how many seasons of prison break are on netflix,1.0,1.0,1.4185,0.020445,11621
1,I,Combined,3190,10%,0.9,1.1,10.0,10,what was the name of atom bomb dropped by usa on hiroshima,1.0,1.0,1.4185,0.017848,10678
1,I,Combined,3190,10%,0.9,1.1,10.0,10,when did the us take over wake island,1.0,1.0,1.6094,0.025729,10907
1,I,Combined,3190,10%,0.9,1.1,10.0,10,when did american two party system began to emerge,1.0,1.0,1.4979,0.020781,9836
1,I,Combined,3190,10%,0.9,1.1,10.0,10,where are the mitochondria located in the sperm,1.0,1.0,1.8867,0.007977,10340
1,I,Combined,3190,10%,0.9,1.1,10.0,10,how many lines of symmetry are there in a equilateral triangle,1.0,1.0,1.2275,0.029856,8726
1,I,Combined,3190,10%,0.9,1.1,10.0,10,how many seasons of the oc are there,1.0,1.0,1.3592,0.006294,9574
1,I,Combined,3190,10%,0.9,1.1,10.0,10,latest season on keeping up with the kardashians,1.0,1.0,1.1683,0.011719,9638
1,I,Combined,3190,10%,0.9,1.1,10.0,10,how dose the poet present death as a voyage in crossing the bar,1.0,1.0,1.5048,0.011737,12013
1,I,Combined,3190,10%,0.9,1.1,10.0,10,who were farmers who kept a small portion of their crops & gave the rest to the landowners,1.0,1.0,1.8344,0.005238,11551
1,I,Combined,3190,10%,0.9,1.1,10.0,10,what is pumped up kicks the song about,0.9,0.9623,1.6094,0.031858,11739
1,I,Combined,3190,10%,0.9,1.1,10.0,10,2. what are the reasons states impose protectionists policies on other countries,1.0,1.0,1.6434,0.010012,9543
1,I,Combined,3190,10%,0.9,1.1,10.0,10,where are they building the new raiders stadium,1.0,1.0,1.8344,0.01321,11086
1,I,Combined,3190,10%,0.9,1.1,10.0,10,what event provoked congress to propose the eleventh amendment and the states to ratify it,1.0,1.0,1.973,0.017111,9747
1,I,Combined,3190,10%,0.9,1.1,10.0,10,does joe die in the purge election year,0.9,0.9539,0.9404,0.01372,11946
1,I,Combined,3190,30%,0.7,1.3,30.0,10,what is non controlling interest on balance sheet,1.0,1.0,2.164,0.006858,28148
1,I,Combined,3190,30%,0.7,1.3,30.0,10,how many episodes are in chicago fire season 4,0.9,0.9643,1.6957,0.025257,19277
1,I,Combined,3190,30%,0.7,1.3,30.0,10,who sings love will keep us alive by the eagles,0.9,0.952,1.1683,0.018819,13324
1,I,Combined,3190,30%,0.7,1.3,30.0,10,who is the leader of the ontario pc party,1.0,1.0,1.4979,0.016565,12138
1,I,Combined,3190,30%,0.7,1.3,30.0,10,nitty gritty dirt band fishin in the dark album,1.0,0.9999,1.2799,0.015788,14322
1,I,Combined,3190,30%,0.7,1.3,30.0,10,who were the three elves who got rings,0.9,0.9595,1.973,0.012349,13753
1,I,Combined,3190,30%,0.7,1.3,30.0,10,converting stereo signal to mono signal is called,1.0,1.0,1.973,0.010234,12260
1,I,Combined,3190,30%,0.7,1.3,30.0,10,in order to prove disparate impact you first must establish,0.9,0.9496,1.6434,0.002953,12069
1,I,Combined,3190,30%,0.7,1.3,30.0,10,where do characters live in this is us,0.9,0.9466,1.0889,0.010859,11933
1,I,Combined,3190,30%,0.7,1.3,30.0,10,who makes the decisions about what to produce in a market economy,0.9,0.9528,1.0889,0.013742,11087
1,I,Combined,3190,30%,0.7,1.3,30.0,10,when is the new tappan zee bridge going to be finished,1.0,0.9998,0.9404,0.027342,13669
1,I,Combined,3190,30%,0.7,1.3,30.0,10,who recorded i can't help falling in love with you,1.0,0.9999,1.5048,0.009511,12445
1,I,Combined,3190,30%,0.7,1.3,30.0,10,who plays the doc in back to the future,0.9,0.9507,1.5048,0.007193,11454
1,I,Combined,3190,30%,0.7,1.3,30.0,10,when did they stop cigarette advertising on television,1.0,1.0,1.3592,0.019725,16892
1,I,Combined,3190,30%,0.7,1.3,30.0,10,who has been chosen as the brand ambassador of the campaign 'beti bachao-beti padhao,0.9,0.9553,1.0889,0.012543,12278
1,I,Combined,3190,30%,0.7,1.3,30.0,10,how many seasons of prison break are on netflix,0.9,0.9595,1.4185,0.018999,10355
1,I,Combined,3190,30%,0.7,1.3,30.0,10,what was the name of atom bomb dropped by usa on hiroshima,1.0,0.9997,1.3592,0.015313,11709
1,I,Combined,3190,30%,0.7,1.3,30.0,10,when did the us take over wake island,1.0,0.9999,1.6094,0.023856,11040
1,I,Combined,3190,30%,0.7,1.3,30.0,10,when did american two party system began to emerge,1.0,1.0,1.3592,0.018158,10624
1,I,Combined,3190,30%,0.7,1.3,30.0,10,where are the mitochondria located in the sperm,1.0,0.9999,1.973,0.007448,11736
1,I,Combined,3190,30%,0.7,1.3,30.0,10,how many lines of symmetry are there in a equilateral triangle,1.0,1.0,1.2275,0.026955,10395
1,I,Combined,3190,30%,0.7,1.3,30.0,10,how many seasons of the oc are there,1.0,1.0,1.2206,0.005821,11322
1,I,Combined,3190,30%,0.7,1.3,30.0,10,latest season on keeping up with the kardashians,1.0,0.9994,1.4708,0.00977,12268
1,I,Combined,3190,30%,0.7,1.3,30.0,10,how dose the poet present death as a voyage in crossing the bar,0.9,0.9541,1.4185,0.010111,11701
1,I,Combined,3190,30%,0.7,1.3,30.0,10,who were farmers who kept a small portion of their crops & gave the rest to the landowners,1.0,1.0,1.8867,0.00488,9043
1,I,Combined,3190,30%,0.7,1.3,30.0,10,what is pumped up kicks the song about,0.9,0.9623,1.6094,0.02745,10605
1,I,Combined,3190,30%,0.7,1.3,30.0,10,2. what are the reasons states impose protectionists policies on other countries,1.0,0.9999,1.5048,0.008272,8958
1,I,Combined,3190,30%,0.7,1.3,30.0,10,where are they building the new raiders stadium,1.0,1.0,1.973,0.012562,11153
1,I,Combined,3190,30%,0.7,1.3,30.0,10,what event provoked congress to propose the eleventh amendment and the states to ratify it,1.0,1.0,1.8344,0.016012,8701
1,I,Combined,3190,30%,0.7,1.3,30.0,10,does joe die in the purge election year,1.0,1.0,0.9404,0.012015,10642
1,I,Combined,3190,50%,0.5,1.5,50.0,10,what is non controlling interest on balance sheet,1.0,1.0,2.0253,0.005536,32269
1,I,Combined,3190,50%,0.5,1.5,50.0,10,how many episodes are in chicago fire season 4,1.0,1.0,1.5571,0.020259,20594
1,I,Combined,3190,50%,0.5,1.5,50.0,10,who sings love will keep us alive by the eagles,0.9,0.9497,0.8979,0.016679,12332
1,I,Combined,3190,50%,0.5,1.5,50.0,10,who is the leader of the ontario pc party,0.9,0.9586,1.8344,0.01315,11889
1,I,Combined,3190,50%,0.5,1.5,50.0,10,nitty gritty dirt band fishin in the dark album,0.9,0.9505,1.2799,0.012013,13287
1,I,Combined,3190,50%,0.5,1.5,50.0,10,who were the three elves who got rings,1.0,0.9999,2.0253,0.009552,11513
1,I,Combined,3190,50%,0.5,1.5,50.0,10,converting stereo signal to mono signal is called,1.0,1.0,1.8344,0.008574,12362
1,I,Combined,3190,50%,0.5,1.5,50.0,10,in order to prove disparate impact you first must establish,0.9,0.9497,1.3592,0.002788,11831
1,I,Combined,3190,50%,0.5,1.5,50.0,10,where do characters live in this is us,0.8,0.9052,1.2799,0.00809,12861
1,I,Combined,3190,50%,0.5,1.5,50.0,10,who makes the decisions about what to produce in a market economy,0.9,0.9509,1.0889,0.011028,11712
1,I,Combined,3190,50%,0.5,1.5,50.0,10,when is the new tappan zee bridge going to be finished,1.0,0.9998,0.8018,0.019934,12479
1,I,Combined,3190,50%,0.5,1.5,50.0,10,who recorded i can't help falling in love with you,1.0,0.9999,1.5571,0.008327,11086
1,I,Combined,3190,50%,0.5,1.5,50.0,10,who plays the doc in back to the future,0.9,0.9505,1.6094,0.006114,11895
1,I,Combined,3190,50%,0.5,1.5,50.0,10,when did they stop cigarette advertising on television,1.0,0.9994,1.4708,0.016224,12783
1,I,Combined,3190,50%,0.5,1.5,50.0,10,who has been chosen as the brand ambassador of the campaign 'beti bachao-beti padhao,1.0,0.9998,1.1683,0.009335,11114
1,I,Combined,3190,50%,0.5,1.5,50.0,10,how many seasons of prison break are on netflix,0.8,0.916,1.4185,0.015414,11152
1,I,Combined,3190,50%,0.5,1.5,50.0,10,what was the name of atom bomb dropped by usa on hiroshima,0.9,0.9593,1.3592,0.013741,11889
1,I,Combined,3190,50%,0.5,1.5,50.0,10,when did the us take over wake island,1.0,0.9999,1.4708,0.01851,11996
1,I,Combined,3190,50%,0.5,1.5,50.0,10,when did american two party system began to emerge,0.9,0.9565,1.4979,0.016067,11433
1,I,Combined,3190,50%,0.5,1.5,50.0,10,where are the mitochondria located in the sperm,1.0,0.9942,1.7481,0.005681,10226
1,I,Combined,3190,50%,0.5,1.5,50.0,10,how many lines of symmetry are there in a equilateral triangle,1.0,0.9998,1.2275,0.021922,11016
1,I,Combined,3190,50%,0.5,1.5,50.0,10,how many seasons of the oc are there,0.9,0.9479,0.8018,0.005266,10083
1,I,Combined,3190,50%,0.5,1.5,50.0,10,latest season on keeping up with the kardashians,0.9,0.9497,1.1683,0.009301,10061
1,I,Combined,3190,50%,0.5,1.5,50.0,10,how dose the poet present death as a voyage in crossing the bar,0.9,0.9535,1.5048,0.00861,11014
1,I,Combined,3190,50%,0.5,1.5,50.0,10,who were farmers who kept a small portion of their crops & gave the rest to the landowners,0.9,0.9519,1.8344,0.003324,12669
1,I,Combined,3190,50%,0.5,1.5,50.0,10,what is pumped up kicks the song about,1.0,0.9998,1.6094,0.023327,12158
1,I,Combined,3190,50%,0.5,1.5,50.0,10,2. what are the reasons states impose protectionists policies on other countries,1.0,0.9999,1.4708,0.006953,11465
1,I,Combined,3190,50%,0.5,1.5,50.0,10,where are they building the new raiders stadium,0.9,0.9585,1.7481,0.010576,14158
1,I,Combined,3190,50%,0.5,1.5,50.0,10,what event provoked congress to propose the eleventh amendment and the states to ratify it,1.0,1.0,1.973,0.012501,11546
1,I,Combined,3190,50%,0.5,1.5,50.0,10,does joe die in the purge election year,0.9,0.9534,0.9404,0.009544,10201
1,I,Combined,3190,70%,0.3,1.7,70.0,10,what is non controlling interest on balance sheet,1.0,1.0,2.3026,0.002532,30776
1,I,Combined,3190,70%,0.3,1.7,70.0,10,how many episodes are in chicago fire season 4,0.9,0.9641,1.7481,0.01117,19324
1,I,Combined,3190,70%,0.3,1.7,70.0,10,who sings love will keep us alive by the eagles,0.9,0.9537,1.0889,0.009562,15324
1,I,Combined,3190,70%,0.3,1.7,70.0,10,who is the leader of the ontario pc party,0.9,0.9583,1.6434,0.008365,12423
1,I,Combined,3190,70%,0.3,1.7,70.0,10,nitty gritty dirt band fishin in the dark album,0.9,0.9497,1.1935,0.008113,11693
1,I,Combined,3190,70%,0.3,1.7,70.0,10,who were the three elves who got rings,0.9,0.9598,1.973,0.006676,10940
1,I,Combined,3190,70%,0.3,1.7,70.0,10,converting stereo signal to mono signal is called,1.0,0.9998,1.8344,0.004651,11408
1,I,Combined,3190,70%,0.3,1.7,70.0,10,in order to prove disparate impact you first must establish,0.8,0.8948,1.5048,0.001459,11028
1,I,Combined,3190,70%,0.3,1.7,70.0,10,where do characters live in this is us,1.0,0.9999,1.2799,0.005032,11038
1,I,Combined,3190,70%,0.3,1.7,70.0,10,who makes the decisions about what to produce in a market economy,0.9,0.9517,1.2799,0.007366,9858
1,I,Combined,3190,70%,0.3,1.7,70.0,10,when is the new tappan zee bridge going to be finished,0.9,0.9598,0.8018,0.014281,10158
1,I,Combined,3190,70%,0.3,1.7,70.0,10,who recorded i can't help falling in love with you,1.0,1.0,1.6957,0.004106,10865
1,I,Combined,3190,70%,0.3,1.7,70.0,10,who plays the doc in back to the future,1.0,0.998,1.6957,0.003608,10858
1,I,Combined,3190,70%,0.3,1.7,70.0,10,when did they stop cigarette advertising on television,1.0,1.0,1.4979,0.009423,11800
1,I,Combined,3190,70%,0.3,1.7,70.0,10,who has been chosen as the brand ambassador of the campaign 'beti bachao-beti padhao,0.9,0.9553,1.1683,0.00549,10220
1,I,Combined,3190,70%,0.3,1.7,70.0,10,how many seasons of prison break are on netflix,1.0,1.0,1.6094,0.007271,11715
1,I,Combined,3190,70%,0.3,1.7,70.0,10,what was the name of atom bomb dropped by usa on hiroshima,0.9,0.9589,1.4708,0.007978,10744
1,I,Combined,3190,70%,0.3,1.7,70.0,10,when did the us take over wake island,1.0,1.0,1.6957,0.010749,12513
1,I,Combined,3190,70%,0.3,1.7,70.0,10,when did american two party system began to emerge,0.8,0.9158,1.7481,0.008642,11342
1,I,Combined,3190,70%,0.3,1.7,70.0,10,where are the mitochondria located in the sperm,1.0,0.9998,1.8344,0.00364,11084
1,I,Combined,3190,70%,0.3,1.7,70.0,10,how many lines of symmetry are there in a equilateral triangle,0.9,0.9625,1.2275,0.01235,10297
1,I,Combined,3190,70%,0.3,1.7,70.0,10,how many seasons of the oc are there,1.0,0.9996,1.3592,0.002197,10377
1,I,Combined,3190,70%,0.3,1.7,70.0,10,latest season on keeping up with the kardashians,0.9,0.9506,0.9404,0.004583,11351
1,I,Combined,3190,70%,0.3,1.7,70.0,10,how dose the poet present death as a voyage in crossing the bar,1.0,0.9999,1.5048,0.004158,10865
1,I,Combined,3190,70%,0.3,1.7,70.0,10,who were farmers who kept a small portion of their crops & gave the rest to the landowners,0.9,0.9519,1.8867,0.001955,9498
1,I,Combined,3190,70%,0.3,1.7,70.0,10,what is pumped up kicks the song about,0.9,0.9623,1.6957,0.013182,10543
1,I,Combined,3190,70%,0.3,1.7,70.0,10,2. what are the reasons states impose protectionists policies on other countries,0.9,0.954,1.4708,0.004036,8463
1,I,Combined,3190,70%,0.3,1.7,70.0,10,where are they building the new raiders stadium,1.0,1.0,1.973,0.005787,10698
1,I,Combined,3190,70%,0.3,1.7,70.0,10,what event provoked congress to propose the eleventh amendment and the states to ratify it,0.9,0.9569,1.8344,0.006309,11086
1,I,Combined,3190,70%,0.3,1.7,70.0,10,does joe die in the purge election year,0.9,0.9555,0.9404,0.005878,10695
2,I,Combined,3190,0%,1.0,1.0,0.0,10,what is non controlling interest on balance sheet,1.0,1.0,2.164,0.007733,30640
2,I,Combined,3190,0%,1.0,1.0,0.0,10,how many episodes are in chicago fire season 4,1.0,1.0,1.5571,0.028354,20330
2,I,Combined,3190,0%,1.0,1.0,0.0,10,who sings love will keep us alive by the eagles,1.0,1.0,1.1683,0.021697,13139
2,I,Combined,3190,0%,1.0,1.0,0.0,10,who is the leader of the ontario pc party,1.0,1.0,1.6434,0.018128,10056
2,I,Combined,3190,0%,1.0,1.0,0.0,10,nitty gritty dirt band fishin in the dark album,1.0,1.0,1.2799,0.018568,10946
2,I,Combined,3190,0%,1.0,1.0,0.0,10,who were the three elves who got rings,1.0,1.0,1.973,0.013581,10773
2,I,Combined,3190,0%,1.0,1.0,0.0,10,converting stereo signal to mono signal is called,1.0,1.0,1.973,0.011298,10254
2,I,Combined,3190,0%,1.0,1.0,0.0,10,in order to prove disparate impact you first must establish,1.0,1.0,1.6957,0.003484,11253
2,I,Combined,3190,0%,1.0,1.0,0.0,10,where do characters live in this is us,1.0,1.0,1.2799,0.011781,11143
2,I,Combined,3190,0%,1.0,1.0,0.0,10,who makes the decisions about what to produce in a market economy,1.0,1.0,1.1683,0.015682,10789
2,I,Combined,3190,0%,1.0,1.0,0.0,10,when is the new tappan zee bridge going to be finished,1.0,1.0,0.8018,0.031165,10285
2,I,Combined,3190,0%,1.0,1.0,0.0,10,who recorded i can't help falling in love with you,1.0,1.0,1.5048,0.011207,11188
2,I,Combined,3190,0%,1.0,1.0,0.0,10,who plays the doc in back to the future,1.0,1.0,1.3662,0.008204,10686
2,I,Combined,3190,0%,1.0,1.0,0.0,10,when did they stop cigarette advertising on television,1.0,1.0,1.3592,0.022908,9548
2,I,Combined,3190,0%,1.0,1.0,0.0,10,who has been chosen as the brand ambassador of the campaign 'beti bachao-beti padhao,1.0,1.0,1.1683,0.014328,12438
2,I,Combined,3190,0%,1.0,1.0,0.0,10,how many seasons of prison break are on netflix,1.0,1.0,1.4185,0.021162,10073
2,I,Combined,3190,0%,1.0,1.0,0.0,10,what was the name of atom bomb dropped by usa on hiroshima,1.0,1.0,1.6957,0.017727,10282
2,I,Combined,3190,0%,1.0,1.0,0.0,10,when did the us take over wake island,1.0,1.0,1.4185,0.026058,11119
2,I,Combined,3190,0%,1.0,1.0,0.0,10,when did american two party system began to emerge,1.0,1.0,1.4979,0.021058,10315
2,I,Combined,3190,0%,1.0,1.0,0.0,10,where are the mitochondria located in the sperm,1.0,1.0,2.164,0.008227,11030
2,I,Combined,3190,0%,1.0,1.0,0.0,10,how many lines of symmetry are there in a equilateral triangle,1.0,1.0,1.2275,0.03056,10387
2,I,Combined,3190,0%,1.0,1.0,0.0,10,how many seasons of the oc are there,1.0,1.0,1.2799,0.006332,10973
2,I,Combined,3190,0%,1.0,1.0,0.0,10,latest season on keeping up with the kardashians,1.0,1.0,1.1683,0.011513,10129
2,I,Combined,3190,0%,1.0,1.0,0.0,10,how dose the poet present death as a voyage in crossing the bar,1.0,1.0,1.5048,0.011719,11068
2,I,Combined,3190,0%,1.0,1.0,0.0,10,who were farmers who kept a small portion of their crops & gave the rest to the landowners,1.0,1.0,1.8344,0.005261,10150
2,I,Combined,3190,0%,1.0,1.0,0.0,10,what is pumped up kicks the song about,1.0,1.0,1.6094,0.03212,10428
2,I,Combined,3190,0%,1.0,1.0,0.0,10,2. what are the reasons states impose protectionists policies on other countries,1.0,1.0,1.6434,0.009925,9975
2,I,Combined,3190,0%,1.0,1.0,0.0,10,where are they building the new raiders stadium,1.0,1.0,1.8344,0.013377,10626
2,I,Combined,3190,0%,1.0,1.0,0.0,10,what event provoked congress to propose the eleventh amendment and the states to ratify it,1.0,1.0,1.973,0.017713,9837
2,I,Combined,3190,0%,1.0,1.0,0.0,10,does joe die in the purge election year,1.0,1.0,0.9404,0.013761,10425
2,I,Combined,3190,1%,0.99,1.01,1.0,10,what is non controlling interest on balance sheet,1.0,1.0,2.164,0.007729,22386
2,I,Combined,3190,1%,0.99,1.01,1.0,10,how many episodes are in chicago fire season 4,1.0,1.0,1.5571,0.028292,23389
2,I,Combined,3190,1%,0.99,1.01,1.0,10,who sings love will keep us alive by the eagles,1.0,1.0,1.1683,0.021679,19220
2,I,Combined,3190,1%,0.99,1.01,1.0,10,who is the leader of the ontario pc party,1.0,1.0,1.6434,0.018123,16202
2,I,Combined,3190,1%,0.99,1.01,1.0,10,nitty gritty dirt band fishin in the dark album,1.0,1.0,1.2799,0.018532,12525
2,I,Combined,3190,1%,0.99,1.01,1.0,10,who were the three elves who got rings,1.0,1.0,1.973,0.013613,11849
2,I,Combined,3190,1%,0.99,1.01,1.0,10,converting stereo signal to mono signal is called,1.0,1.0,1.973,0.011315,11989
2,I,Combined,3190,1%,0.99,1.01,1.0,10,in order to prove disparate impact you first must establish,1.0,1.0,1.6957,0.003485,11362
2,I,Combined,3190,1%,0.99,1.01,1.0,10,where do characters live in this is us,1.0,1.0,1.2799,0.011785,12905
2,I,Combined,3190,1%,0.99,1.01,1.0,10,who makes the decisions about what to produce in a market economy,1.0,1.0,1.1683,0.015668,12097
2,I,Combined,3190,1%,0.99,1.01,1.0,10,when is the new tappan zee bridge going to be finished,1.0,1.0,0.8018,0.031082,10492
2,I,Combined,3190,1%,0.99,1.01,1.0,10,who recorded i can't help falling in love with you,1.0,1.0,1.5048,0.01119,10835
2,I,Combined,3190,1%,0.99,1.01,1.0,10,who plays the doc in back to the future,1.0,1.0,1.3662,0.008208,11364
2,I,Combined,3190,1%,0.99,1.01,1.0,10,when did they stop cigarette advertising on television,1.0,1.0,1.3592,0.022928,12528
2,I,Combined,3190,1%,0.99,1.01,1.0,10,who has been chosen as the brand ambassador of the campaign 'beti bachao-beti padhao,1.0,1.0,1.1683,0.014332,10999
2,I,Combined,3190,1%,0.99,1.01,1.0,10,how many seasons of prison break are on netflix,1.0,1.0,1.4185,0.021184,11219
2,I,Combined,3190,1%,0.99,1.01,1.0,10,what was the name of atom bomb dropped by usa on hiroshima,1.0,1.0,1.6957,0.01773,10141
2,I,Combined,3190,1%,0.99,1.01,1.0,10,when did the us take over wake island,1.0,1.0,1.4185,0.02602,11187
2,I,Combined,3190,1%,0.99,1.01,1.0,10,when did american two party system began to emerge,1.0,1.0,1.4979,0.021024,11421
2,I,Combined,3190,1%,0.99,1.01,1.0,10,where are the mitochondria located in the sperm,1.0,1.0,2.164,0.008245,11318
2,I,Combined,3190,1%,0.99,1.01,1.0,10,how many lines of symmetry are there in a equilateral triangle,1.0,1.0,1.2275,0.030568,9647
2,I,Combined,3190,1%,0.99,1.01,1.0,10,how many seasons of the oc are there,1.0,1.0,1.2799,0.006334,10308
2,I,Combined,3190,1%,0.99,1.01,1.0,10,latest season on keeping up with the kardashians,1.0,1.0,1.1683,0.011478,10193
2,I,Combined,3190,1%,0.99,1.01,1.0,10,how dose the poet present death as a voyage in crossing the bar,1.0,1.0,1.5048,0.011726,11263
2,I,Combined,3190,1%,0.99,1.01,1.0,10,who were farmers who kept a small portion of their crops & gave the rest to the landowners,1.0,1.0,1.8344,0.005254,10067
2,I,Combined,3190,1%,0.99,1.01,1.0,10,what is pumped up kicks the song about,1.0,1.0,1.6094,0.032121,10641
2,I,Combined,3190,1%,0.99,1.01,1.0,10,2. what are the reasons states impose protectionists policies on other countries,1.0,1.0,1.6434,0.009914,10450
2,I,Combined,3190,1%,0.99,1.01,1.0,10,where are they building the new raiders stadium,1.0,1.0,1.8344,0.01335,10851
2,I,Combined,3190,1%,0.99,1.01,1.0,10,what event provoked congress to propose the eleventh amendment and the states to ratify it,1.0,1.0,1.973,0.017715,10005
2,I,Combined,3190,1%,0.99,1.01,1.0,10,does joe die in the purge election year,1.0,1.0,0.9404,0.013773,11343
2,I,Combined,3190,10%,0.9,1.1,10.0,10,what is non controlling interest on balance sheet,1.0,1.0,2.0253,0.00758,19454
2,I,Combined,3190,10%,0.9,1.1,10.0,10,how many episodes are in chicago fire season 4,0.9,0.9643,1.5571,0.028419,18872
2,I,Combined,3190,10%,0.9,1.1,10.0,10,who sings love will keep us alive by the eagles,1.0,1.0,1.1683,0.021353,18843
2,I,Combined,3190,10%,0.9,1.1,10.0,10,who is the leader of the ontario pc party,1.0,1.0,1.6434,0.01784,12977
2,I,Combined,3190,10%,0.9,1.1,10.0,10,nitty gritty dirt band fishin in the dark album,1.0,1.0,1.2799,0.018202,11525
2,I,Combined,3190,10%,0.9,1.1,10.0,10,who were the three elves who got rings,1.0,1.0,1.973,0.013259,12835
2,I,Combined,3190,10%,0.9,1.1,10.0,10,converting stereo signal to mono signal is called,1.0,1.0,1.8344,0.011109,20326
2,I,Combined,3190,10%,0.9,1.1,10.0,10,in order to prove disparate impact you first must establish,0.9,0.9498,1.6957,0.003472,12427
2,I,Combined,3190,10%,0.9,1.1,10.0,10,where do characters live in this is us,0.9,0.9539,1.2206,0.011695,11079
2,I,Combined,3190,10%,0.9,1.1,10.0,10,who makes the decisions about what to produce in a market economy,1.0,1.0,1.1683,0.015524,10466
2,I,Combined,3190,10%,0.9,1.1,10.0,10,when is the new tappan zee bridge going to be finished,1.0,1.0,0.8018,0.030542,10585
2,I,Combined,3190,10%,0.9,1.1,10.0,10,who recorded i can't help falling in love with you,1.0,1.0,1.5048,0.011033,10825
2,I,Combined,3190,10%,0.9,1.1,10.0,10,who plays the doc in back to the future,1.0,1.0,1.3662,0.008345,11211
2,I,Combined,3190,10%,0.9,1.1,10.0,10,when did they stop cigarette advertising on television,1.0,1.0,1.3592,0.022334,11050
2,I,Combined,3190,10%,0.9,1.1,10.0,10,who has been chosen as the brand ambassador of the campaign 'beti bachao-beti padhao,1.0,1.0,1.0889,0.014411,10426
2,I,Combined,3190,10%,0.9,1.1,10.0,10,how many seasons of prison break are on netflix,1.0,1.0,1.4185,0.021113,11571
2,I,Combined,3190,10%,0.9,1.1,10.0,10,what was the name of atom bomb dropped by usa on hiroshima,1.0,1.0,1.5048,0.017816,11149
2,I,Combined,3190,10%,0.9,1.1,10.0,10,when did the us take over wake island,1.0,1.0,1.4185,0.025585,11852
2,I,Combined,3190,10%,0.9,1.1,10.0,10,when did american two party system began to emerge,1.0,1.0,1.4979,0.020769,10694
2,I,Combined,3190,10%,0.9,1.1,10.0,10,where are the mitochondria located in the sperm,1.0,1.0,2.0253,0.007855,10553
2,I,Combined,3190,10%,0.9,1.1,10.0,10,how many lines of symmetry are there in a equilateral triangle,1.0,1.0,1.2275,0.029833,9840
2,I,Combined,3190,10%,0.9,1.1,10.0,10,how many seasons of the oc are there,1.0,1.0,1.0889,0.006169,10061
2,I,Combined,3190,10%,0.9,1.1,10.0,10,latest season on keeping up with the kardashians,1.0,1.0,1.1935,0.011501,11195
2,I,Combined,3190,10%,0.9,1.1,10.0,10,how dose the poet present death as a voyage in crossing the bar,0.9,0.9521,1.5048,0.011561,10952
2,I,Combined,3190,10%,0.9,1.1,10.0,10,who were farmers who kept a small portion of their crops & gave the rest to the landowners,1.0,1.0,1.6094,0.005192,9849
2,I,Combined,3190,10%,0.9,1.1,10.0,10,what is pumped up kicks the song about,1.0,1.0,1.4708,0.031954,10684
2,I,Combined,3190,10%,0.9,1.1,10.0,10,2. what are the reasons states impose protectionists policies on other countries,1.0,1.0,1.6434,0.009761,9627
2,I,Combined,3190,10%,0.9,1.1,10.0,10,where are they building the new raiders stadium,1.0,1.0,1.8344,0.012971,11340
2,I,Combined,3190,10%,0.9,1.1,10.0,10,what event provoked congress to propose the eleventh amendment and the states to ratify it,1.0,1.0,1.8344,0.017346,9885
2,I,Combined,3190,10%,0.9,1.1,10.0,10,does joe die in the purge election year,1.0,1.0,0.9404,0.0138,11748
2,I,Combined,3190,30%,0.7,1.3,30.0,10,what is non controlling interest on balance sheet,1.0,1.0,2.164,0.007109,29831
2,I,Combined,3190,30%,0.7,1.3,30.0,10,how many episodes are in chicago fire season 4,1.0,1.0,1.5571,0.023691,19369
2,I,Combined,3190,30%,0.7,1.3,30.0,10,who sings love will keep us alive by the eagles,0.9,0.9541,1.1683,0.01977,10932
2,I,Combined,3190,30%,0.7,1.3,30.0,10,who is the leader of the ontario pc party,1.0,0.9999,1.4979,0.015431,9712
2,I,Combined,3190,30%,0.7,1.3,30.0,10,nitty gritty dirt band fishin in the dark album,1.0,0.9998,1.3138,0.015956,10386
2,I,Combined,3190,30%,0.7,1.3,30.0,10,who were the three elves who got rings,1.0,1.0,1.8344,0.011865,17857
2,I,Combined,3190,30%,0.7,1.3,30.0,10,converting stereo signal to mono signal is called,1.0,1.0,1.8344,0.009143,14544
2,I,Combined,3190,30%,0.7,1.3,30.0,10,in order to prove disparate impact you first must establish,0.9,0.9497,1.6957,0.003155,11380
2,I,Combined,3190,30%,0.7,1.3,30.0,10,where do characters live in this is us,0.9,0.9515,1.2206,0.010297,10513
2,I,Combined,3190,30%,0.7,1.3,30.0,10,who makes the decisions about what to produce in a market economy,0.9,0.9519,1.2799,0.013581,10791
2,I,Combined,3190,30%,0.7,1.3,30.0,10,when is the new tappan zee bridge going to be finished,0.9,0.9597,0.8018,0.027063,11226
2,I,Combined,3190,30%,0.7,1.3,30.0,10,who recorded i can't help falling in love with you,1.0,0.9999,1.6957,0.009845,14852
2,I,Combined,3190,30%,0.7,1.3,30.0,10,who plays the doc in back to the future,1.0,1.0,1.6957,0.006569,9980
2,I,Combined,3190,30%,0.7,1.3,30.0,10,when did they stop cigarette advertising on television,1.0,0.9999,1.3592,0.020697,12820
2,I,Combined,3190,30%,0.7,1.3,30.0,10,who has been chosen as the brand ambassador of the campaign 'beti bachao-beti padhao,0.9,0.9507,0.9433,0.0131,11810
2,I,Combined,3190,30%,0.7,1.3,30.0,10,how many seasons of prison break are on netflix,1.0,1.0,1.4185,0.017701,10134
2,I,Combined,3190,30%,0.7,1.3,30.0,10,what was the name of atom bomb dropped by usa on hiroshima,1.0,1.0,1.6094,0.01516,11163
2,I,Combined,3190,30%,0.7,1.3,30.0,10,when did the us take over wake island,1.0,0.9998,1.4185,0.023664,10939
2,I,Combined,3190,30%,0.7,1.3,30.0,10,when did american two party system began to emerge,1.0,1.0,1.3592,0.01841,10862
2,I,Combined,3190,30%,0.7,1.3,30.0,10,where are the mitochondria located in the sperm,1.0,1.0,2.0253,0.007184,11660
2,I,Combined,3190,30%,0.7,1.3,30.0,10,how many lines of symmetry are there in a equilateral triangle,0.9,0.9657,1.2275,0.02708,10126
2,I,Combined,3190,30%,0.7,1.3,30.0,10,how many seasons of the oc are there,1.0,1.0,1.2799,0.005333,10591
2,I,Combined,3190,30%,0.7,1.3,30.0,10,latest season on keeping up with the kardashians,0.9,0.9501,1.1935,0.010527,10332
2,I,Combined,3190,30%,0.7,1.3,30.0,10,how dose the poet present death as a voyage in crossing the bar,0.9,0.954,1.5048,0.010044,10771
2,I,Combined,3190,30%,0.7,1.3,30.0,10,who were farmers who kept a small portion of their crops & gave the rest to the landowners,1.0,1.0,1.973,0.004649,10300
2,I,Combined,3190,30%,0.7,1.3,30.0,10,what is pumped up kicks the song about,0.9,0.9607,1.7481,0.028272,12042
2,I,Combined,3190,30%,0.7,1.3,30.0,10,2. what are the reasons states impose protectionists policies on other countries,0.9,0.9545,1.5048,0.008448,9849
2,I,Combined,3190,30%,0.7,1.3,30.0,10,where are they building the new raiders stadium,1.0,1.0,1.7481,0.011856,10919
2,I,Combined,3190,30%,0.7,1.3,30.0,10,what event provoked congress to propose the eleventh amendment and the states to ratify it,1.0,1.0,2.0253,0.014786,9827
2,I,Combined,3190,30%,0.7,1.3,30.0,10,does joe die in the purge election year,1.0,1.0,0.9404,0.011427,10902
2,I,Combined,3190,50%,0.5,1.5,50.0,10,what is non controlling interest on balance sheet,1.0,1.0,2.164,0.005385,25258
2,I,Combined,3190,50%,0.5,1.5,50.0,10,how many episodes are in chicago fire season 4,1.0,1.0,1.5571,0.018125,18391
2,I,Combined,3190,50%,0.5,1.5,50.0,10,who sings love will keep us alive by the eagles,0.9,0.9537,1.2799,0.014371,18394
2,I,Combined,3190,50%,0.5,1.5,50.0,10,who is the leader of the ontario pc party,1.0,0.9999,1.4979,0.012526,13463
2,I,Combined,3190,50%,0.5,1.5,50.0,10,nitty gritty dirt band fishin in the dark album,0.9,0.9544,1.1935,0.011388,12159
2,I,Combined,3190,50%,0.5,1.5,50.0,10,who were the three elves who got rings,1.0,1.0,1.8344,0.009349,11330
2,I,Combined,3190,50%,0.5,1.5,50.0,10,converting stereo signal to mono signal is called,1.0,0.9999,1.8344,0.008364,11977
2,I,Combined,3190,50%,0.5,1.5,50.0,10,in order to prove disparate impact you first must establish,1.0,0.9994,1.6094,0.001873,10939
2,I,Combined,3190,50%,0.5,1.5,50.0,10,where do characters live in this is us,0.8,0.9035,1.3592,0.007614,13488
2,I,Combined,3190,50%,0.5,1.5,50.0,10,who makes the decisions about what to produce in a market economy,1.0,0.9997,1.1683,0.010283,12176
2,I,Combined,3190,50%,0.5,1.5,50.0,10,when is the new tappan zee bridge going to be finished,0.9,0.952,0.9404,0.021622,11761
2,I,Combined,3190,50%,0.5,1.5,50.0,10,who recorded i can't help falling in love with you,0.9,0.9547,1.7481,0.007952,12047
2,I,Combined,3190,50%,0.5,1.5,50.0,10,who plays the doc in back to the future,1.0,0.9999,1.5048,0.006836,10777
2,I,Combined,3190,50%,0.5,1.5,50.0,10,when did they stop cigarette advertising on television,0.9,0.9603,1.4979,0.016554,11687
2,I,Combined,3190,50%,0.5,1.5,50.0,10,who has been chosen as the brand ambassador of the campaign 'beti bachao-beti padhao,0.9,0.9525,1.1683,0.010417,11233
2,I,Combined,3190,50%,0.5,1.5,50.0,10,how many seasons of prison break are on netflix,0.9,0.959,1.4185,0.014402,11711
2,I,Combined,3190,50%,0.5,1.5,50.0,10,what was the name of atom bomb dropped by usa on hiroshima,1.0,0.9999,1.6094,0.012247,10489
2,I,Combined,3190,50%,0.5,1.5,50.0,10,when did the us take over wake island,1.0,0.9998,1.4185,0.016832,10883
2,I,Combined,3190,50%,0.5,1.5,50.0,10,when did american two party system began to emerge,1.0,0.9997,1.6094,0.012839,13698
2,I,Combined,3190,50%,0.5,1.5,50.0,10,where are the mitochondria located in the sperm,1.0,1.0,1.8867,0.006223,11534
2,I,Combined,3190,50%,0.5,1.5,50.0,10,how many lines of symmetry are there in a equilateral triangle,1.0,1.0,1.2275,0.021308,10460
2,I,Combined,3190,50%,0.5,1.5,50.0,10,how many seasons of the oc are there,1.0,0.9997,1.4185,0.004069,11623
2,I,Combined,3190,50%,0.5,1.5,50.0,10,latest season on keeping up with the kardashians,0.9,0.9489,1.1683,0.009106,10093
2,I,Combined,3190,50%,0.5,1.5,50.0,10,how dose the poet present death as a voyage in crossing the bar,0.9,0.954,1.4185,0.008766,10986
2,I,Combined,3190,50%,0.5,1.5,50.0,10,who were farmers who kept a small portion of their crops & gave the rest to the landowners,0.9,0.9479,1.6094,0.003635,10605
2,I,Combined,3190,50%,0.5,1.5,50.0,10,what is pumped up kicks the song about,0.9,0.9564,1.6094,0.020003,11271
2,I,Combined,3190,50%,0.5,1.5,50.0,10,2. what are the reasons states impose protectionists policies on other countries,0.9,0.9525,1.6434,0.007386,10243
2,I,Combined,3190,50%,0.5,1.5,50.0,10,where are they building the new raiders stadium,1.0,0.9999,1.8344,0.0085,11161
2,I,Combined,3190,50%,0.5,1.5,50.0,10,what event provoked congress to propose the eleventh amendment and the states to ratify it,0.9,0.9569,1.973,0.01294,10607
2,I,Combined,3190,50%,0.5,1.5,50.0,10,does joe die in the purge election year,0.8,0.9081,0.9404,0.008729,11652
2,I,Combined,3190,70%,0.3,1.7,70.0,10,what is non controlling interest on balance sheet,1.0,1.0,2.0253,0.003328,34196
2,I,Combined,3190,70%,0.3,1.7,70.0,10,how many episodes are in chicago fire season 4,0.9,0.9635,1.5571,0.011174,21706
2,I,Combined,3190,70%,0.3,1.7,70.0,10,who sings love will keep us alive by the eagles,0.9,0.9541,1.2799,0.008939,20724
2,I,Combined,3190,70%,0.3,1.7,70.0,10,who is the leader of the ontario pc party,1.0,0.9996,1.7481,0.006375,17499
2,I,Combined,3190,70%,0.3,1.7,70.0,10,nitty gritty dirt band fishin in the dark album,1.0,0.9999,1.2206,0.008127,16508
2,I,Combined,3190,70%,0.3,1.7,70.0,10,who were the three elves who got rings,1.0,0.9998,1.8344,0.00558,15015
2,I,Combined,3190,70%,0.3,1.7,70.0,10,converting stereo signal to mono signal is called,1.0,1.0,1.6094,0.00497,14323
2,I,Combined,3190,70%,0.3,1.7,70.0,10,in order to prove disparate impact you first must establish,0.8,0.8955,1.4185,0.001826,13986
2,I,Combined,3190,70%,0.3,1.7,70.0,10,where do characters live in this is us,0.8,0.8992,1.2206,0.004638,14698
2,I,Combined,3190,70%,0.3,1.7,70.0,10,who makes the decisions about what to produce in a market economy,0.9,0.9526,1.1935,0.006922,13547
2,I,Combined,3190,70%,0.3,1.7,70.0,10,when is the new tappan zee bridge going to be finished,1.0,1.0,0.8018,0.01313,17073
2,I,Combined,3190,70%,0.3,1.7,70.0,10,who recorded i can't help falling in love with you,0.9,0.9544,1.6957,0.003925,13809
2,I,Combined,3190,70%,0.3,1.7,70.0,10,who plays the doc in back to the future,1.0,0.9981,1.5571,0.003197,12897
2,I,Combined,3190,70%,0.3,1.7,70.0,10,when did they stop cigarette advertising on television,0.9,0.9592,1.4708,0.010706,13399
2,I,Combined,3190,70%,0.3,1.7,70.0,10,who has been chosen as the brand ambassador of the campaign 'beti bachao-beti padhao,0.9,0.9548,1.1683,0.006182,13612
2,I,Combined,3190,70%,0.3,1.7,70.0,10,how many seasons of prison break are on netflix,1.0,0.9999,1.3592,0.009956,12210
2,I,Combined,3190,70%,0.3,1.7,70.0,10,what was the name of atom bomb dropped by usa on hiroshima,1.0,0.9999,1.6957,0.007158,11559
2,I,Combined,3190,70%,0.3,1.7,70.0,10,when did the us take over wake island,0.9,0.9579,1.6094,0.011534,13281
2,I,Combined,3190,70%,0.3,1.7,70.0,10,when did american two party system began to emerge,1.0,1.0,1.7481,0.008547,13373
2,I,Combined,3190,70%,0.3,1.7,70.0,10,where are the mitochondria located in the sperm,1.0,0.9999,1.8344,0.003228,12431
2,I,Combined,3190,70%,0.3,1.7,70.0,10,how many lines of symmetry are there in a equilateral triangle,1.0,0.9998,1.2275,0.013271,12697
2,I,Combined,3190,70%,0.3,1.7,70.0,10,how many seasons of the oc are there,1.0,0.9998,1.4708,0.002425,11409
2,I,Combined,3190,70%,0.3,1.7,70.0,10,latest season on keeping up with the kardashians,1.0,0.9994,1.4708,0.003988,12285
2,I,Combined,3190,70%,0.3,1.7,70.0,10,how dose the poet present death as a voyage in crossing the bar,0.8,0.9053,1.4185,0.005998,11455
2,I,Combined,3190,70%,0.3,1.7,70.0,10,who were farmers who kept a small portion of their crops & gave the rest to the landowners,0.9,0.9499,1.6434,0.002353,11950
2,I,Combined,3190,70%,0.3,1.7,70.0,10,what is pumped up kicks the song about,1.0,0.9998,1.4708,0.015276,12547
2,I,Combined,3190,70%,0.3,1.7,70.0,10,2. what are the reasons states impose protectionists policies on other countries,0.9,0.9531,1.5048,0.004484,9608
2,I,Combined,3190,70%,0.3,1.7,70.0,10,where are they building the new raiders stadium,0.9,0.9558,1.6094,0.006283,11683
2,I,Combined,3190,70%,0.3,1.7,70.0,10,what event provoked congress to propose the eleventh amendment and the states to ratify it,0.9,0.9547,1.8344,0.008033,10439
2,I,Combined,3190,70%,0.3,1.7,70.0,10,does joe die in the purge election year,0.9,0.9532,1.0889,0.006122,11904
3,I,Combined,3190,0%,1.0,1.0,0.0,10,what is non controlling interest on balance sheet,1.0,1.0,2.164,0.007733,31237
3,I,Combined,3190,0%,1.0,1.0,0.0,10,how many episodes are in chicago fire season 4,1.0,1.0,1.5571,0.028354,20597
3,I,Combined,3190,0%,1.0,1.0,0.0,10,who sings love will keep us alive by the eagles,1.0,1.0,1.1683,0.021697,12205
3,I,Combined,3190,0%,1.0,1.0,0.0,10,who is the leader of the ontario pc party,1.0,1.0,1.6434,0.018128,15025
3,I,Combined,3190,0%,1.0,1.0,0.0,10,nitty gritty dirt band fishin in the dark album,1.0,1.0,1.2799,0.018568,13662
3,I,Combined,3190,0%,1.0,1.0,0.0,10,who were the three elves who got rings,1.0,1.0,1.973,0.013581,13341
3,I,Combined,3190,0%,1.0,1.0,0.0,10,converting stereo signal to mono signal is called,1.0,1.0,1.973,0.011298,13024
3,I,Combined,3190,0%,1.0,1.0,0.0,10,in order to prove disparate impact you first must establish,1.0,1.0,1.6957,0.003484,11972
3,I,Combined,3190,0%,1.0,1.0,0.0,10,where do characters live in this is us,1.0,1.0,1.2799,0.011781,13933
3,I,Combined,3190,0%,1.0,1.0,0.0,10,who makes the decisions about what to produce in a market economy,1.0,1.0,1.1683,0.015682,12673
3,I,Combined,3190,0%,1.0,1.0,0.0,10,when is the new tappan zee bridge going to be finished,1.0,1.0,0.8018,0.031165,11808
3,I,Combined,3190,0%,1.0,1.0,0.0,10,who recorded i can't help falling in love with you,1.0,1.0,1.5048,0.011207,11196
3,I,Combined,3190,0%,1.0,1.0,0.0,10,who plays the doc in back to the future,1.0,1.0,1.3662,0.008204,11554
3,I,Combined,3190,0%,1.0,1.0,0.0,10,when did they stop cigarette advertising on television,1.0,1.0,1.3592,0.022908,11857
3,I,Combined,3190,0%,1.0,1.0,0.0,10,who has been chosen as the brand ambassador of the campaign 'beti bachao-beti padhao,1.0,1.0,1.1683,0.014328,11760
3,I,Combined,3190,0%,1.0,1.0,0.0,10,how many seasons of prison break are on netflix,1.0,1.0,1.4185,0.021162,11055
3,I,Combined,3190,0%,1.0,1.0,0.0,10,what was the name of atom bomb dropped by usa on hiroshima,1.0,1.0,1.6957,0.017727,10261
3,I,Combined,3190,0%,1.0,1.0,0.0,10,when did the us take over wake island,1.0,1.0,1.4185,0.026058,10516
3,I,Combined,3190,0%,1.0,1.0,0.0,10,when did american two party system began to emerge,1.0,1.0,1.4979,0.021058,9726
3,I,Combined,3190,0%,1.0,1.0,0.0,10,where are the mitochondria located in the sperm,1.0,1.0,2.164,0.008227,9787
3,I,Combined,3190,0%,1.0,1.0,0.0,10,how many lines of symmetry are there in a equilateral triangle,1.0,1.0,1.2275,0.03056,10592
3,I,Combined,3190,0%,1.0,1.0,0.0,10,how many seasons of the oc are there,1.0,1.0,1.2799,0.006332,11679
3,I,Combined,3190,0%,1.0,1.0,0.0,10,latest season on keeping up with the kardashians,1.0,1.0,1.1683,0.011513,11623
3,I,Combined,3190,0%,1.0,1.0,0.0,10,how dose the poet present death as a voyage in crossing the bar,1.0,1.0,1.5048,0.011719,11791
3,I,Combined,3190,0%,1.0,1.0,0.0,10,who were farmers who kept a small portion of their crops & gave the rest to the landowners,1.0,1.0,1.8344,0.005261,10359
3,I,Combined,3190,0%,1.0,1.0,0.0,10,what is pumped up kicks the song about,1.0,1.0,1.6094,0.03212,12240
3,I,Combined,3190,0%,1.0,1.0,0.0,10,2. what are the reasons states impose protectionists policies on other countries,1.0,1.0,1.6434,0.009925,10042
3,I,Combined,3190,0%,1.0,1.0,0.0,10,where are they building the new raiders stadium,1.0,1.0,1.8344,0.013377,10263
3,I,Combined,3190,0%,1.0,1.0,0.0,10,what event provoked congress to propose the eleventh amendment and the states to ratify it,1.0,1.0,1.973,0.017713,11052
3,I,Combined,3190,0%,1.0,1.0,0.0,10,does joe die in the purge election year,1.0,1.0,0.9404,0.013761,10387
3,I,Combined,3190,1%,0.99,1.01,1.0,10,what is non controlling interest on balance sheet,1.0,1.0,2.0253,0.007735,33696
3,I,Combined,3190,1%,0.99,1.01,1.0,10,how many episodes are in chicago fire season 4,1.0,1.0,1.5571,0.028375,22458
3,I,Combined,3190,1%,0.99,1.01,1.0,10,who sings love will keep us alive by the eagles,1.0,1.0,1.1683,0.021697,20340
3,I,Combined,3190,1%,0.99,1.01,1.0,10,who is the leader of the ontario pc party,1.0,1.0,1.6434,0.018127,16261
3,I,Combined,3190,1%,0.99,1.01,1.0,10,nitty gritty dirt band fishin in the dark album,1.0,1.0,1.2799,0.018598,16027
3,I,Combined,3190,1%,0.99,1.01,1.0,10,who were the three elves who got rings,1.0,1.0,1.973,0.013553,15469
3,I,Combined,3190,1%,0.99,1.01,1.0,10,converting stereo signal to mono signal is called,1.0,1.0,1.973,0.011297,15950
3,I,Combined,3190,1%,0.99,1.01,1.0,10,in order to prove disparate impact you first must establish,1.0,1.0,1.6957,0.003489,14446
3,I,Combined,3190,1%,0.99,1.01,1.0,10,where do characters live in this is us,1.0,1.0,1.2799,0.011777,14983
3,I,Combined,3190,1%,0.99,1.01,1.0,10,who makes the decisions about what to produce in a market economy,1.0,1.0,1.1683,0.015644,14635
3,I,Combined,3190,1%,0.99,1.01,1.0,10,when is the new tappan zee bridge going to be finished,1.0,1.0,0.8018,0.031139,14403
3,I,Combined,3190,1%,0.99,1.01,1.0,10,who recorded i can't help falling in love with you,1.0,1.0,1.5048,0.011224,13919
3,I,Combined,3190,1%,0.99,1.01,1.0,10,who plays the doc in back to the future,1.0,1.0,1.3662,0.008201,13949
3,I,Combined,3190,1%,0.99,1.01,1.0,10,when did they stop cigarette advertising on television,1.0,1.0,1.3592,0.022877,13398
3,I,Combined,3190,1%,0.99,1.01,1.0,10,who has been chosen as the brand ambassador of the campaign 'beti bachao-beti padhao,1.0,1.0,1.1683,0.014336,11508
3,I,Combined,3190,1%,0.99,1.01,1.0,10,how many seasons of prison break are on netflix,1.0,1.0,1.4185,0.021165,11094
3,I,Combined,3190,1%,0.99,1.01,1.0,10,what was the name of atom bomb dropped by usa on hiroshima,1.0,1.0,1.6957,0.017704,11198
3,I,Combined,3190,1%,0.99,1.01,1.0,10,when did the us take over wake island,1.0,1.0,1.4185,0.026081,15813
3,I,Combined,3190,1%,0.99,1.01,1.0,10,when did american two party system began to emerge,1.0,1.0,1.4979,0.021085,33259
3,I,Combined,3190,1%,0.99,1.01,1.0,10,where are the mitochondria located in the sperm,1.0,1.0,2.164,0.008227,15135
3,I,Combined,3190,1%,0.99,1.01,1.0,10,how many lines of symmetry are there in a equilateral triangle,1.0,1.0,1.2275,0.030554,12856
3,I,Combined,3190,1%,0.99,1.01,1.0,10,how many seasons of the oc are there,1.0,1.0,1.2799,0.006329,12198
3,I,Combined,3190,1%,0.99,1.01,1.0,10,latest season on keeping up with the kardashians,1.0,1.0,1.1683,0.011499,12857
3,I,Combined,3190,1%,0.99,1.01,1.0,10,how dose the poet present death as a voyage in crossing the bar,1.0,1.0,1.5048,0.011702,11813
3,I,Combined,3190,1%,0.99,1.01,1.0,10,who were farmers who kept a small portion of their crops & gave the rest to the landowners,1.0,1.0,1.8344,0.005265,11725
3,I,Combined,3190,1%,0.99,1.01,1.0,10,what is pumped up kicks the song about,1.0,1.0,1.6094,0.032112,13824
3,I,Combined,3190,1%,0.99,1.01,1.0,10,2. what are the reasons states impose protectionists policies on other countries,1.0,1.0,1.6434,0.009906,16410
3,I,Combined,3190,1%,0.99,1.01,1.0,10,where are they building the new raiders stadium,1.0,1.0,1.8344,0.013375,13363
3,I,Combined,3190,1%,0.99,1.01,1.0,10,what event provoked congress to propose the eleventh amendment and the states to ratify it,1.0,1.0,1.973,0.017731,11444
3,I,Combined,3190,1%,0.99,1.01,1.0,10,does joe die in the purge election year,1.0,1.0,0.9404,0.013763,11508
3,I,Combined,3190,10%,0.9,1.1,10.0,10,what is non controlling interest on balance sheet,1.0,1.0,2.0253,0.007629,37054
3,I,Combined,3190,10%,0.9,1.1,10.0,10,how many episodes are in chicago fire season 4,1.0,1.0,1.5571,0.028118,33316
3,I,Combined,3190,10%,0.9,1.1,10.0,10,who sings love will keep us alive by the eagles,1.0,1.0,1.1683,0.021461,17571
3,I,Combined,3190,10%,0.9,1.1,10.0,10,who is the leader of the ontario pc party,1.0,1.0,1.6434,0.017829,13920
3,I,Combined,3190,10%,0.9,1.1,10.0,10,nitty gritty dirt band fishin in the dark album,1.0,1.0,1.2799,0.018098,15354
3,I,Combined,3190,10%,0.9,1.1,10.0,10,who were the three elves who got rings,1.0,1.0,1.973,0.013706,12683
3,I,Combined,3190,10%,0.9,1.1,10.0,10,converting stereo signal to mono signal is called,1.0,1.0,1.973,0.011271,12097
3,I,Combined,3190,10%,0.9,1.1,10.0,10,in order to prove disparate impact you first must establish,1.0,1.0,1.5048,0.003366,10713
3,I,Combined,3190,10%,0.9,1.1,10.0,10,where do characters live in this is us,1.0,1.0,1.2206,0.011601,11059
3,I,Combined,3190,10%,0.9,1.1,10.0,10,who makes the decisions about what to produce in a market economy,0.9,0.9528,1.1683,0.015209,11743
3,I,Combined,3190,10%,0.9,1.1,10.0,10,when is the new tappan zee bridge going to be finished,0.9,0.9598,0.8018,0.030882,10927
3,I,Combined,3190,10%,0.9,1.1,10.0,10,who recorded i can't help falling in love with you,1.0,0.9999,1.6957,0.01129,12640
3,I,Combined,3190,10%,0.9,1.1,10.0,10,who plays the doc in back to the future,1.0,1.0,1.3662,0.008091,11641
3,I,Combined,3190,10%,0.9,1.1,10.0,10,when did they stop cigarette advertising on television,1.0,1.0,1.3592,0.02297,13358
3,I,Combined,3190,10%,0.9,1.1,10.0,10,who has been chosen as the brand ambassador of the campaign 'beti bachao-beti padhao,0.9,0.9554,1.1683,0.013965,12582
3,I,Combined,3190,10%,0.9,1.1,10.0,10,how many seasons of prison break are on netflix,1.0,1.0,1.4185,0.020701,12909
3,I,Combined,3190,10%,0.9,1.1,10.0,10,what was the name of atom bomb dropped by usa on hiroshima,1.0,1.0,1.6957,0.01712,16280
3,I,Combined,3190,10%,0.9,1.1,10.0,10,when did the us take over wake island,1.0,1.0,1.4185,0.025488,15753
3,I,Combined,3190,10%,0.9,1.1,10.0,10,when did american two party system began to emerge,0.9,0.9603,1.4979,0.020848,15123
3,I,Combined,3190,10%,0.9,1.1,10.0,10,where are the mitochondria located in the sperm,1.0,1.0,2.164,0.007937,15784
3,I,Combined,3190,10%,0.9,1.1,10.0,10,how many lines of symmetry are there in a equilateral triangle,1.0,1.0,1.2275,0.030197,14076
3,I,Combined,3190,10%,0.9,1.1,10.0,10,how many seasons of the oc are there,1.0,1.0,1.3592,0.006186,14455
3,I,Combined,3190,10%,0.9,1.1,10.0,10,latest season on keeping up with the kardashians,1.0,1.0,1.1935,0.0116,14136
3,I,Combined,3190,10%,0.9,1.1,10.0,10,how dose the poet present death as a voyage in crossing the bar,0.9,0.9541,1.5048,0.011303,13283
3,I,Combined,3190,10%,0.9,1.1,10.0,10,who were farmers who kept a small portion of their crops & gave the rest to the landowners,0.9,0.9524,1.8344,0.00517,13174
3,I,Combined,3190,10%,0.9,1.1,10.0,10,what is pumped up kicks the song about,1.0,1.0,1.6094,0.03149,14255
3,I,Combined,3190,10%,0.9,1.1,10.0,10,2. what are the reasons states impose protectionists policies on other countries,1.0,1.0,1.6434,0.009652,12437
3,I,Combined,3190,10%,0.9,1.1,10.0,10,where are they building the new raiders stadium,1.0,1.0,1.973,0.013045,13053
3,I,Combined,3190,10%,0.9,1.1,10.0,10,what event provoked congress to propose the eleventh amendment and the states to ratify it,1.0,1.0,1.973,0.017004,11930
3,I,Combined,3190,10%,0.9,1.1,10.0,10,does joe die in the purge election year,1.0,1.0,0.9404,0.013319,13897
3,I,Combined,3190,30%,0.7,1.3,30.0,10,what is non controlling interest on balance sheet,1.0,1.0,2.164,0.007162,34485
3,I,Combined,3190,30%,0.7,1.3,30.0,10,how many episodes are in chicago fire season 4,0.9,0.9643,1.6957,0.026092,25536
3,I,Combined,3190,30%,0.7,1.3,30.0,10,who sings love will keep us alive by the eagles,1.0,1.0,1.1683,0.020015,19199
3,I,Combined,3190,30%,0.7,1.3,30.0,10,who is the leader of the ontario pc party,1.0,1.0,1.8344,0.015599,16558
3,I,Combined,3190,30%,0.7,1.3,30.0,10,nitty gritty dirt band fishin in the dark album,1.0,0.9998,1.3138,0.015889,16604
3,I,Combined,3190,30%,0.7,1.3,30.0,10,who were the three elves who got rings,1.0,1.0,1.6094,0.012641,16134
3,I,Combined,3190,30%,0.7,1.3,30.0,10,converting stereo signal to mono signal is called,1.0,1.0,1.8344,0.010361,15734
3,I,Combined,3190,30%,0.7,1.3,30.0,10,in order to prove disparate impact you first must establish,1.0,1.0,1.6957,0.002937,15869
3,I,Combined,3190,30%,0.7,1.3,30.0,10,where do characters live in this is us,1.0,1.0,1.2799,0.009653,14724
3,I,Combined,3190,30%,0.7,1.3,30.0,10,who makes the decisions about what to produce in a market economy,1.0,0.9999,1.1935,0.013752,14935
3,I,Combined,3190,30%,0.7,1.3,30.0,10,when is the new tappan zee bridge going to be finished,0.9,0.9556,1.0889,0.027753,15240
3,I,Combined,3190,30%,0.7,1.3,30.0,10,who recorded i can't help falling in love with you,0.9,0.9549,1.6957,0.009573,15148
3,I,Combined,3190,30%,0.7,1.3,30.0,10,who plays the doc in back to the future,1.0,1.0,1.5048,0.007258,15574
3,I,Combined,3190,30%,0.7,1.3,30.0,10,when did they stop cigarette advertising on television,1.0,1.0,1.4979,0.021218,15475
3,I,Combined,3190,30%,0.7,1.3,30.0,10,who has been chosen as the brand ambassador of the campaign 'beti bachao-beti padhao,0.9,0.9553,1.2206,0.013017,13973
3,I,Combined,3190,30%,0.7,1.3,30.0,10,how many seasons of prison break are on netflix,0.9,0.9571,1.3592,0.018306,14768
3,I,Combined,3190,30%,0.7,1.3,30.0,10,what was the name of atom bomb dropped by usa on hiroshima,0.9,0.9576,1.6094,0.015916,14573
3,I,Combined,3190,30%,0.7,1.3,30.0,10,when did the us take over wake island,1.0,0.9999,1.6094,0.022832,14415
3,I,Combined,3190,30%,0.7,1.3,30.0,10,when did american two party system began to emerge,0.9,0.9602,1.6094,0.0185,13241
3,I,Combined,3190,30%,0.7,1.3,30.0,10,where are the mitochondria located in the sperm,1.0,1.0,2.0253,0.006997,13186
3,I,Combined,3190,30%,0.7,1.3,30.0,10,how many lines of symmetry are there in a equilateral triangle,1.0,1.0,1.2275,0.027362,11095
3,I,Combined,3190,30%,0.7,1.3,30.0,10,how many seasons of the oc are there,1.0,0.9999,1.2275,0.00608,12663
3,I,Combined,3190,30%,0.7,1.3,30.0,10,latest season on keeping up with the kardashians,0.9,0.9511,1.0889,0.009864,12465
3,I,Combined,3190,30%,0.7,1.3,30.0,10,how dose the poet present death as a voyage in crossing the bar,1.0,1.0,1.6957,0.009702,12757
3,I,Combined,3190,30%,0.7,1.3,30.0,10,who were farmers who kept a small portion of their crops & gave the rest to the landowners,1.0,0.9996,1.6094,0.004862,12474
3,I,Combined,3190,30%,0.7,1.3,30.0,10,what is pumped up kicks the song about,1.0,1.0,1.3592,0.029245,13442
3,I,Combined,3190,30%,0.7,1.3,30.0,10,2. what are the reasons states impose protectionists policies on other countries,1.0,0.9998,1.5048,0.008621,12029
3,I,Combined,3190,30%,0.7,1.3,30.0,10,where are they building the new raiders stadium,1.0,1.0,1.8344,0.012118,12684
3,I,Combined,3190,30%,0.7,1.3,30.0,10,what event provoked congress to propose the eleventh amendment and the states to ratify it,1.0,1.0,1.8344,0.015845,11928
3,I,Combined,3190,30%,0.7,1.3,30.0,10,does joe die in the purge election year,0.9,0.9488,0.9404,0.011566,11537
3,I,Combined,3190,50%,0.5,1.5,50.0,10,what is non controlling interest on balance sheet,1.0,1.0,2.3026,0.005768,36912
3,I,Combined,3190,50%,0.5,1.5,50.0,10,how many episodes are in chicago fire season 4,1.0,1.0,1.7481,0.019103,23533
3,I,Combined,3190,50%,0.5,1.5,50.0,10,who sings love will keep us alive by the eagles,0.9,0.9522,1.1683,0.015657,19656
3,I,Combined,3190,50%,0.5,1.5,50.0,10,who is the leader of the ontario pc party,1.0,0.9999,1.4979,0.012834,16411
3,I,Combined,3190,50%,0.5,1.5,50.0,10,nitty gritty dirt band fishin in the dark album,1.0,0.9994,1.3138,0.011475,16320
3,I,Combined,3190,50%,0.5,1.5,50.0,10,who were the three elves who got rings,1.0,1.0,1.8344,0.009651,15463
3,I,Combined,3190,50%,0.5,1.5,50.0,10,converting stereo signal to mono signal is called,1.0,1.0,1.973,0.008151,14696
3,I,Combined,3190,50%,0.5,1.5,50.0,10,in order to prove disparate impact you first must establish,1.0,0.9997,1.6957,0.002091,14797
3,I,Combined,3190,50%,0.5,1.5,50.0,10,where do characters live in this is us,0.8,0.9035,1.0889,0.007803,15435
3,I,Combined,3190,50%,0.5,1.5,50.0,10,who makes the decisions about what to produce in a market economy,1.0,0.9996,0.8018,0.009968,15012
3,I,Combined,3190,50%,0.5,1.5,50.0,10,when is the new tappan zee bridge going to be finished,0.9,0.9595,0.8018,0.021714,14605
3,I,Combined,3190,50%,0.5,1.5,50.0,10,who recorded i can't help falling in love with you,1.0,0.9999,1.6957,0.008636,14354
3,I,Combined,3190,50%,0.5,1.5,50.0,10,who plays the doc in back to the future,1.0,0.9982,1.5048,0.005861,13270
3,I,Combined,3190,50%,0.5,1.5,50.0,10,when did they stop cigarette advertising on television,1.0,1.0,1.4979,0.016153,13205
3,I,Combined,3190,50%,0.5,1.5,50.0,10,who has been chosen as the brand ambassador of the campaign 'beti bachao-beti padhao,0.9,0.9545,1.2206,0.010109,13375
3,I,Combined,3190,50%,0.5,1.5,50.0,10,how many seasons of prison break are on netflix,0.9,0.957,1.3592,0.014057,12792
3,I,Combined,3190,50%,0.5,1.5,50.0,10,what was the name of atom bomb dropped by usa on hiroshima,0.9,0.959,1.5048,0.012884,13231
3,I,Combined,3190,50%,0.5,1.5,50.0,10,when did the us take over wake island,1.0,0.9999,1.5048,0.017484,12825
3,I,Combined,3190,50%,0.5,1.5,50.0,10,when did american two party system began to emerge,0.8,0.9124,1.6094,0.015725,12726
3,I,Combined,3190,50%,0.5,1.5,50.0,10,where are the mitochondria located in the sperm,1.0,0.9999,1.8344,0.005856,12411
3,I,Combined,3190,50%,0.5,1.5,50.0,10,how many lines of symmetry are there in a equilateral triangle,0.9,0.965,1.2275,0.020037,12274
3,I,Combined,3190,50%,0.5,1.5,50.0,10,how many seasons of the oc are there,1.0,0.9996,1.4185,0.003869,10863
3,I,Combined,3190,50%,0.5,1.5,50.0,10,latest season on keeping up with the kardashians,1.0,0.9994,1.4708,0.009006,12210
3,I,Combined,3190,50%,0.5,1.5,50.0,10,how dose the poet present death as a voyage in crossing the bar,0.9,0.9521,1.4708,0.008731,11349
3,I,Combined,3190,50%,0.5,1.5,50.0,10,who were farmers who kept a small portion of their crops & gave the rest to the landowners,1.0,0.9997,2.164,0.003627,11133
3,I,Combined,3190,50%,0.5,1.5,50.0,10,what is pumped up kicks the song about,1.0,1.0,1.6094,0.021513,12228
3,I,Combined,3190,50%,0.5,1.5,50.0,10,2. what are the reasons states impose protectionists policies on other countries,1.0,0.9999,1.4708,0.006361,10271
3,I,Combined,3190,50%,0.5,1.5,50.0,10,where are they building the new raiders stadium,1.0,0.9998,1.8344,0.009111,11975
3,I,Combined,3190,50%,0.5,1.5,50.0,10,what event provoked congress to propose the eleventh amendment and the states to ratify it,1.0,1.0,2.0253,0.011697,11980
3,I,Combined,3190,50%,0.5,1.5,50.0,10,does joe die in the purge election year,0.9,0.9548,0.9404,0.009553,12064
3,I,Combined,3190,70%,0.3,1.7,70.0,10,what is non controlling interest on balance sheet,1.0,1.0,2.164,0.003247,34223
3,I,Combined,3190,70%,0.3,1.7,70.0,10,how many episodes are in chicago fire season 4,1.0,1.0,1.7481,0.013864,23318
3,I,Combined,3190,70%,0.3,1.7,70.0,10,who sings love will keep us alive by the eagles,1.0,0.9997,1.0889,0.010367,21269
3,I,Combined,3190,70%,0.3,1.7,70.0,10,who is the leader of the ontario pc party,1.0,0.9999,1.4979,0.009147,17018
3,I,Combined,3190,70%,0.3,1.7,70.0,10,nitty gritty dirt band fishin in the dark album,0.9,0.9549,1.2799,0.008064,15963
3,I,Combined,3190,70%,0.3,1.7,70.0,10,who were the three elves who got rings,0.9,0.9595,1.6957,0.006642,16118
3,I,Combined,3190,70%,0.3,1.7,70.0,10,converting stereo signal to mono signal is called,0.9,0.9605,1.6434,0.005191,15811
3,I,Combined,3190,70%,0.3,1.7,70.0,10,in order to prove disparate impact you first must establish,0.9,0.9483,1.6957,0.001547,15848
3,I,Combined,3190,70%,0.3,1.7,70.0,10,where do characters live in this is us,1.0,1.0,1.0889,0.005833,14549
3,I,Combined,3190,70%,0.3,1.7,70.0,10,who makes the decisions about what to produce in a market economy,0.9,0.9449,1.0889,0.008935,13096
3,I,Combined,3190,70%,0.3,1.7,70.0,10,when is the new tappan zee bridge going to be finished,0.9,0.9598,0.8018,0.014182,12397
3,I,Combined,3190,70%,0.3,1.7,70.0,10,who recorded i can't help falling in love with you,0.9,0.9547,1.6957,0.005309,11892
3,I,Combined,3190,70%,0.3,1.7,70.0,10,who plays the doc in back to the future,0.9,0.9487,1.6957,0.003741,10954
3,I,Combined,3190,70%,0.3,1.7,70.0,10,when did they stop cigarette advertising on television,0.9,0.9601,1.4979,0.012035,11274
3,I,Combined,3190,70%,0.3,1.7,70.0,10,who has been chosen as the brand ambassador of the campaign 'beti bachao-beti padhao,0.8,0.9078,1.1683,0.006018,11001
3,I,Combined,3190,70%,0.3,1.7,70.0,10,how many seasons of prison break are on netflix,1.0,0.9992,1.2275,0.008846,11844
3,I,Combined,3190,70%,0.3,1.7,70.0,10,what was the name of atom bomb dropped by usa on hiroshima,1.0,0.9999,1.6094,0.007455,10630
3,I,Combined,3190,70%,0.3,1.7,70.0,10,when did the us take over wake island,1.0,0.9996,1.6434,0.011537,12730
3,I,Combined,3190,70%,0.3,1.7,70.0,10,when did american two party system began to emerge,0.9,0.9586,1.4979,0.012631,12026
3,I,Combined,3190,70%,0.3,1.7,70.0,10,where are the mitochondria located in the sperm,1.0,0.9998,1.6957,0.003391,11701
3,I,Combined,3190,70%,0.3,1.7,70.0,10,how many lines of symmetry are there in a equilateral triangle,0.8,0.9257,1.4185,0.014823,11214
3,I,Combined,3190,70%,0.3,1.7,70.0,10,how many seasons of the oc are there,0.9,0.9487,1.3592,0.002639,12277
3,I,Combined,3190,70%,0.3,1.7,70.0,10,latest season on keeping up with the kardashians,0.8,0.8993,1.1683,0.004821,12513
3,I,Combined,3190,70%,0.3,1.7,70.0,10,how dose the poet present death as a voyage in crossing the bar,0.8,0.9049,1.6094,0.004958,12277
3,I,Combined,3190,70%,0.3,1.7,70.0,10,who were farmers who kept a small portion of their crops & gave the rest to the landowners,0.9,0.9517,2.164,0.002299,11465
3,I,Combined,3190,70%,0.3,1.7,70.0,10,what is pumped up kicks the song about,0.9,0.9584,1.6094,0.016482,12415
3,I,Combined,3190,70%,0.3,1.7,70.0,10,2. what are the reasons states impose protectionists policies on other countries,0.9,0.954,1.6434,0.005006,10767
3,I,Combined,3190,70%,0.3,1.7,70.0,10,where are they building the new raiders stadium,1.0,0.9999,1.973,0.006237,12514
3,I,Combined,3190,70%,0.3,1.7,70.0,10,what event provoked congress to propose the eleventh amendment and the states to ratify it,1.0,0.9998,1.6094,0.007899,11895
3,I,Combined,3190,70%,0.3,1.7,70.0,10,does joe die in the purge election year,0.9,0.9515,0.639,0.006489,11185
4,I,Combined,3190,0%,1.0,1.0,0.0,10,what is non controlling interest on balance sheet,1.0,1.0,2.164,0.007733,32420
4,I,Combined,3190,0%,1.0,1.0,0.0,10,how many episodes are in chicago fire season 4,1.0,1.0,1.5571,0.028354,23281
4,I,Combined,3190,0%,1.0,1.0,0.0,10,who sings love will keep us alive by the eagles,1.0,1.0,1.1683,0.021697,20664
4,I,Combined,3190,0%,1.0,1.0,0.0,10,who is the leader of the ontario pc party,1.0,1.0,1.6434,0.018128,18458
4,I,Combined,3190,0%,1.0,1.0,0.0,10,nitty gritty dirt band fishin in the dark album,1.0,1.0,1.2799,0.018568,17347
4,I,Combined,3190,0%,1.0,1.0,0.0,10,who were the three elves who got rings,1.0,1.0,1.973,0.013581,17073
4,I,Combined,3190,0%,1.0,1.0,0.0,10,converting stereo signal to mono signal is called,1.0,1.0,1.973,0.011298,15521
4,I,Combined,3190,0%,1.0,1.0,0.0,10,in order to prove disparate impact you first must establish,1.0,1.0,1.6957,0.003484,15136
4,I,Combined,3190,0%,1.0,1.0,0.0,10,where do characters live in this is us,1.0,1.0,1.2799,0.011781,14618
4,I,Combined,3190,0%,1.0,1.0,0.0,10,who makes the decisions about what to produce in a market economy,1.0,1.0,1.1683,0.015682,14728
4,I,Combined,3190,0%,1.0,1.0,0.0,10,when is the new tappan zee bridge going to be finished,1.0,1.0,0.8018,0.031165,14239
4,I,Combined,3190,0%,1.0,1.0,0.0,10,who recorded i can't help falling in love with you,1.0,1.0,1.5048,0.011207,13893
4,I,Combined,3190,0%,1.0,1.0,0.0,10,who plays the doc in back to the future,1.0,1.0,1.3662,0.008204,13554
4,I,Combined,3190,0%,1.0,1.0,0.0,10,when did they stop cigarette advertising on television,1.0,1.0,1.3592,0.022908,12604
4,I,Combined,3190,0%,1.0,1.0,0.0,10,who has been chosen as the brand ambassador of the campaign 'beti bachao-beti padhao,1.0,1.0,1.1683,0.014328,12655
4,I,Combined,3190,0%,1.0,1.0,0.0,10,how many seasons of prison break are on netflix,1.0,1.0,1.4185,0.021162,13223
4,I,Combined,3190,0%,1.0,1.0,0.0,10,what was the name of atom bomb dropped by usa on hiroshima,1.0,1.0,1.6957,0.017727,11153
4,I,Combined,3190,0%,1.0,1.0,0.0,10,when did the us take over wake island,1.0,1.0,1.4185,0.026058,14318
4,I,Combined,3190,0%,1.0,1.0,0.0,10,when did american two party system began to emerge,1.0,1.0,1.4979,0.021058,13354
4,I,Combined,3190,0%,1.0,1.0,0.0,10,where are the mitochondria located in the sperm,1.0,1.0,2.164,0.008227,12885
4,I,Combined,3190,0%,1.0,1.0,0.0,10,how many lines of symmetry are there in a equilateral triangle,1.0,1.0,1.2275,0.03056,11377
4,I,Combined,3190,0%,1.0,1.0,0.0,10,how many seasons of the oc are there,1.0,1.0,1.2799,0.006332,12364
4,I,Combined,3190,0%,1.0,1.0,0.0,10,latest season on keeping up with the kardashians,1.0,1.0,1.1683,0.011513,11492
4,I,Combined,3190,0%,1.0,1.0,0.0,10,how dose the poet present death as a voyage in crossing the bar,1.0,1.0,1.5048,0.011719,11508
4,I,Combined,3190,0%,1.0,1.0,0.0,10,who were farmers who kept a small portion of their crops & gave the rest to the landowners,1.0,1.0,1.8344,0.005261,11601
4,I,Combined,3190,0%,1.0,1.0,0.0,10,what is pumped up kicks the song about,1.0,1.0,1.6094,0.03212,11746
4,I,Combined,3190,0%,1.0,1.0,0.0,10,2. what are the reasons states impose protectionists policies on other countries,1.0,1.0,1.6434,0.009925,10248
4,I,Combined,3190,0%,1.0,1.0,0.0,10,where are they building the new raiders stadium,1.0,1.0,1.8344,0.013377,11451
4,I,Combined,3190,0%,1.0,1.0,0.0,10,what event provoked congress to propose the eleventh amendment and the states to ratify it,1.0,1.0,1.973,0.017713,11753
4,I,Combined,3190,0%,1.0,1.0,0.0,10,does joe die in the purge election year,1.0,1.0,0.9404,0.013761,11313
4,I,Combined,3190,1%,0.99,1.01,1.0,10,what is non controlling interest on balance sheet,1.0,1.0,2.0253,0.00775,18861
4,I,Combined,3190,1%,0.99,1.01,1.0,10,how many episodes are in chicago fire season 4,1.0,1.0,1.5571,0.028359,18765
4,I,Combined,3190,1%,0.99,1.01,1.0,10,who sings love will keep us alive by the eagles,1.0,1.0,1.1683,0.021716,22237
4,I,Combined,3190,1%,0.99,1.01,1.0,10,who is the leader of the ontario pc party,1.0,1.0,1.6434,0.018115,11861
4,I,Combined,3190,1%,0.99,1.01,1.0,10,nitty gritty dirt band fishin in the dark album,1.0,1.0,1.2799,0.018502,19060
4,I,Combined,3190,1%,0.99,1.01,1.0,10,who were the three elves who got rings,1.0,1.0,1.973,0.013568,15019
4,I,Combined,3190,1%,0.99,1.01,1.0,10,converting stereo signal to mono signal is called,1.0,1.0,1.973,0.011282,21973
4,I,Combined,3190,1%,0.99,1.01,1.0,10,in order to prove disparate impact you first must establish,0.9,0.9498,1.6957,0.00349,31733
4,I,Combined,3190,1%,0.99,1.01,1.0,10,where do characters live in this is us,1.0,1.0,1.2799,0.011796,16412
4,I,Combined,3190,1%,0.99,1.01,1.0,10,who makes the decisions about what to produce in a market economy,1.0,1.0,1.1683,0.015667,16157
4,I,Combined,3190,1%,0.99,1.01,1.0,10,when is the new tappan zee bridge going to be finished,1.0,1.0,0.8018,0.031109,14027
4,I,Combined,3190,1%,0.99,1.01,1.0,10,who recorded i can't help falling in love with you,0.9,0.9549,1.5048,0.011197,13882
4,I,Combined,3190,1%,0.99,1.01,1.0,10,who plays the doc in back to the future,1.0,1.0,1.3662,0.008204,14093
4,I,Combined,3190,1%,0.99,1.01,1.0,10,when did they stop cigarette advertising on television,1.0,1.0,1.3592,0.022864,14853
4,I,Combined,3190,1%,0.99,1.01,1.0,10,who has been chosen as the brand ambassador of the campaign 'beti bachao-beti padhao,1.0,1.0,1.1683,0.014313,13713
4,I,Combined,3190,1%,0.99,1.01,1.0,10,how many seasons of prison break are on netflix,1.0,1.0,1.4185,0.021213,14545
4,I,Combined,3190,1%,0.99,1.01,1.0,10,what was the name of atom bomb dropped by usa on hiroshima,1.0,1.0,1.6957,0.017741,12712
4,I,Combined,3190,1%,0.99,1.01,1.0,10,when did the us take over wake island,1.0,1.0,1.4185,0.026096,13236
4,I,Combined,3190,1%,0.99,1.01,1.0,10,when did american two party system began to emerge,0.9,0.9603,1.4979,0.021084,13684
4,I,Combined,3190,1%,0.99,1.01,1.0,10,where are the mitochondria located in the sperm,1.0,1.0,2.164,0.008221,13364
4,I,Combined,3190,1%,0.99,1.01,1.0,10,how many lines of symmetry are there in a equilateral triangle,1.0,1.0,1.2275,0.030599,13057
4,I,Combined,3190,1%,0.99,1.01,1.0,10,how many seasons of the oc are there,1.0,1.0,1.2206,0.006339,12725
4,I,Combined,3190,1%,0.99,1.01,1.0,10,latest season on keeping up with the kardashians,1.0,1.0,1.1683,0.011483,12748
4,I,Combined,3190,1%,0.99,1.01,1.0,10,how dose the poet present death as a voyage in crossing the bar,1.0,1.0,1.5048,0.011719,12653
4,I,Combined,3190,1%,0.99,1.01,1.0,10,who were farmers who kept a small portion of their crops & gave the rest to the landowners,1.0,1.0,1.8344,0.00528,12048
4,I,Combined,3190,1%,0.99,1.01,1.0,10,what is pumped up kicks the song about,1.0,1.0,1.6094,0.032121,12616
4,I,Combined,3190,1%,0.99,1.01,1.0,10,2. what are the reasons states impose protectionists policies on other countries,1.0,1.0,1.6434,0.00992,11972
4,I,Combined,3190,1%,0.99,1.01,1.0,10,where are they building the new raiders stadium,1.0,1.0,1.8344,0.013396,13465
4,I,Combined,3190,1%,0.99,1.01,1.0,10,what event provoked congress to propose the eleventh amendment and the states to ratify it,1.0,1.0,1.973,0.017735,11927
4,I,Combined,3190,1%,0.99,1.01,1.0,10,does joe die in the purge election year,1.0,1.0,0.9404,0.013731,12764
4,I,Combined,3190,10%,0.9,1.1,10.0,10,what is non controlling interest on balance sheet,1.0,1.0,2.0253,0.007533,33310
4,I,Combined,3190,10%,0.9,1.1,10.0,10,how many episodes are in chicago fire season 4,1.0,1.0,1.5571,0.028357,23151
4,I,Combined,3190,10%,0.9,1.1,10.0,10,who sings love will keep us alive by the eagles,1.0,1.0,1.1683,0.021352,21814
4,I,Combined,3190,10%,0.9,1.1,10.0,10,who is the leader of the ontario pc party,1.0,1.0,1.6434,0.018206,17281
4,I,Combined,3190,10%,0.9,1.1,10.0,10,nitty gritty dirt band fishin in the dark album,1.0,1.0,1.2799,0.018366,16259
4,I,Combined,3190,10%,0.9,1.1,10.0,10,who were the three elves who got rings,1.0,1.0,1.973,0.013284,15400
4,I,Combined,3190,10%,0.9,1.1,10.0,10,converting stereo signal to mono signal is called,1.0,1.0,1.973,0.010982,14561
4,I,Combined,3190,10%,0.9,1.1,10.0,10,in order to prove disparate impact you first must establish,0.9,0.9498,1.6957,0.003428,15116
4,I,Combined,3190,10%,0.9,1.1,10.0,10,where do characters live in this is us,1.0,1.0,1.2206,0.011491,15517
4,I,Combined,3190,10%,0.9,1.1,10.0,10,who makes the decisions about what to produce in a market economy,0.9,0.9528,1.1683,0.015545,14313
4,I,Combined,3190,10%,0.9,1.1,10.0,10,when is the new tappan zee bridge going to be finished,1.0,1.0,0.8018,0.030718,22148
4,I,Combined,3190,10%,0.9,1.1,10.0,10,who recorded i can't help falling in love with you,0.9,0.9549,1.6957,0.011084,14947
4,I,Combined,3190,10%,0.9,1.1,10.0,10,who plays the doc in back to the future,1.0,1.0,1.3662,0.008022,12686
4,I,Combined,3190,10%,0.9,1.1,10.0,10,when did they stop cigarette advertising on television,1.0,1.0,1.3592,0.022669,12910
4,I,Combined,3190,10%,0.9,1.1,10.0,10,who has been chosen as the brand ambassador of the campaign 'beti bachao-beti padhao,0.9,0.9535,1.1683,0.013856,13230
4,I,Combined,3190,10%,0.9,1.1,10.0,10,how many seasons of prison break are on netflix,0.9,0.9595,1.4185,0.020758,13010
4,I,Combined,3190,10%,0.9,1.1,10.0,10,what was the name of atom bomb dropped by usa on hiroshima,1.0,1.0,1.6094,0.017848,14130
4,I,Combined,3190,10%,0.9,1.1,10.0,10,when did the us take over wake island,1.0,1.0,1.6094,0.025716,12933
4,I,Combined,3190,10%,0.9,1.1,10.0,10,when did american two party system began to emerge,0.9,0.9603,1.4979,0.020643,12759
4,I,Combined,3190,10%,0.9,1.1,10.0,10,where are the mitochondria located in the sperm,1.0,1.0,2.0253,0.008006,12922
4,I,Combined,3190,10%,0.9,1.1,10.0,10,how many lines of symmetry are there in a equilateral triangle,1.0,1.0,1.2275,0.030392,12427
4,I,Combined,3190,10%,0.9,1.1,10.0,10,how many seasons of the oc are there,0.9,0.9502,1.2206,0.006302,12335
4,I,Combined,3190,10%,0.9,1.1,10.0,10,latest season on keeping up with the kardashians,1.0,1.0,1.1683,0.011458,12757
4,I,Combined,3190,10%,0.9,1.1,10.0,10,how dose the poet present death as a voyage in crossing the bar,1.0,1.0,1.5048,0.011589,12837
4,I,Combined,3190,10%,0.9,1.1,10.0,10,who were farmers who kept a small portion of their crops & gave the rest to the landowners,1.0,1.0,1.8344,0.005033,11488
4,I,Combined,3190,10%,0.9,1.1,10.0,10,what is pumped up kicks the song about,0.9,0.9607,1.6094,0.031462,12709
4,I,Combined,3190,10%,0.9,1.1,10.0,10,2. what are the reasons states impose protectionists policies on other countries,1.0,1.0,1.6434,0.009994,12069
4,I,Combined,3190,10%,0.9,1.1,10.0,10,where are they building the new raiders stadium,1.0,1.0,1.8344,0.013439,13534
4,I,Combined,3190,10%,0.9,1.1,10.0,10,what event provoked congress to propose the eleventh amendment and the states to ratify it,1.0,1.0,1.973,0.017368,12247
4,I,Combined,3190,10%,0.9,1.1,10.0,10,does joe die in the purge election year,0.9,0.9556,0.9404,0.013748,13412
4,I,Combined,3190,30%,0.7,1.3,30.0,10,what is non controlling interest on balance sheet,1.0,1.0,2.3026,0.007544,31244
4,I,Combined,3190,30%,0.7,1.3,30.0,10,how many episodes are in chicago fire season 4,1.0,1.0,1.8867,0.023711,20707
4,I,Combined,3190,30%,0.7,1.3,30.0,10,who sings love will keep us alive by the eagles,1.0,1.0,0.9433,0.019474,19099
4,I,Combined,3190,30%,0.7,1.3,30.0,10,who is the leader of the ontario pc party,0.9,0.9586,1.6434,0.016889,16981
4,I,Combined,3190,30%,0.7,1.3,30.0,10,nitty gritty dirt band fishin in the dark album,1.0,0.9992,1.2799,0.016281,17419
4,I,Combined,3190,30%,0.7,1.3,30.0,10,who were the three elves who got rings,1.0,1.0,1.973,0.013063,15973
4,I,Combined,3190,30%,0.7,1.3,30.0,10,converting stereo signal to mono signal is called,1.0,1.0,1.6957,0.010716,15891
4,I,Combined,3190,30%,0.7,1.3,30.0,10,in order to prove disparate impact you first must establish,1.0,1.0,1.6957,0.003068,15215
4,I,Combined,3190,30%,0.7,1.3,30.0,10,where do characters live in this is us,1.0,0.9999,1.2206,0.01031,15322
4,I,Combined,3190,30%,0.7,1.3,30.0,10,who makes the decisions about what to produce in a market economy,1.0,1.0,1.1935,0.013495,14435
4,I,Combined,3190,30%,0.7,1.3,30.0,10,when is the new tappan zee bridge going to be finished,1.0,1.0,0.8018,0.027427,18460
4,I,Combined,3190,30%,0.7,1.3,30.0,10,who recorded i can't help falling in love with you,1.0,0.9995,1.8867,0.009746,16630
4,I,Combined,3190,30%,0.7,1.3,30.0,10,who plays the doc in back to the future,1.0,1.0,1.5571,0.007572,16672
4,I,Combined,3190,30%,0.7,1.3,30.0,10,when did they stop cigarette advertising on television,1.0,1.0,1.4979,0.021018,17760
4,I,Combined,3190,30%,0.7,1.3,30.0,10,who has been chosen as the brand ambassador of the campaign 'beti bachao-beti padhao,0.9,0.9553,1.2206,0.012351,15940
4,I,Combined,3190,30%,0.7,1.3,30.0,10,how many seasons of prison break are on netflix,0.9,0.9595,1.4185,0.019478,15280
4,I,Combined,3190,30%,0.7,1.3,30.0,10,what was the name of atom bomb dropped by usa on hiroshima,0.9,0.9593,1.6957,0.016222,15445
4,I,Combined,3190,30%,0.7,1.3,30.0,10,when did the us take over wake island,1.0,1.0,1.4185,0.023244,13960
4,I,Combined,3190,30%,0.7,1.3,30.0,10,when did american two party system began to emerge,0.9,0.9603,1.3592,0.019111,12820
4,I,Combined,3190,30%,0.7,1.3,30.0,10,where are the mitochondria located in the sperm,1.0,1.0,2.0253,0.00728,12549
4,I,Combined,3190,30%,0.7,1.3,30.0,10,how many lines of symmetry are there in a equilateral triangle,0.9,0.9656,1.2275,0.026864,12602
4,I,Combined,3190,30%,0.7,1.3,30.0,10,how many seasons of the oc are there,0.9,0.9502,1.0889,0.005068,11265
4,I,Combined,3190,30%,0.7,1.3,30.0,10,latest season on keeping up with the kardashians,1.0,1.0,1.1683,0.011028,11826
4,I,Combined,3190,30%,0.7,1.3,30.0,10,how dose the poet present death as a voyage in crossing the bar,1.0,1.0,1.5048,0.0106,11267
4,I,Combined,3190,30%,0.7,1.3,30.0,10,who were farmers who kept a small portion of their crops & gave the rest to the landowners,0.9,0.9522,1.973,0.004306,10617
4,I,Combined,3190,30%,0.7,1.3,30.0,10,what is pumped up kicks the song about,0.9,0.9607,1.6094,0.028086,12374
4,I,Combined,3190,30%,0.7,1.3,30.0,10,2. what are the reasons states impose protectionists policies on other countries,1.0,1.0,1.4708,0.009037,10344
4,I,Combined,3190,30%,0.7,1.3,30.0,10,where are they building the new raiders stadium,1.0,0.9999,1.8344,0.011608,11972
4,I,Combined,3190,30%,0.7,1.3,30.0,10,what event provoked congress to propose the eleventh amendment and the states to ratify it,1.0,1.0,1.973,0.015615,11868
4,I,Combined,3190,30%,0.7,1.3,30.0,10,does joe die in the purge election year,1.0,0.9998,0.9404,0.011482,12627
4,I,Combined,3190,50%,0.5,1.5,50.0,10,what is non controlling interest on balance sheet,1.0,1.0,2.164,0.005783,23211
4,I,Combined,3190,50%,0.5,1.5,50.0,10,how many episodes are in chicago fire season 4,1.0,0.9999,1.8867,0.019353,24213
4,I,Combined,3190,50%,0.5,1.5,50.0,10,who sings love will keep us alive by the eagles,0.9,0.9496,1.0889,0.014756,20722
4,I,Combined,3190,50%,0.5,1.5,50.0,10,who is the leader of the ontario pc party,1.0,0.9995,1.6094,0.012375,16393
4,I,Combined,3190,50%,0.5,1.5,50.0,10,nitty gritty dirt band fishin in the dark album,1.0,0.9999,1.2799,0.013644,15725
4,I,Combined,3190,50%,0.5,1.5,50.0,10,who were the three elves who got rings,1.0,1.0,1.973,0.009288,15475
4,I,Combined,3190,50%,0.5,1.5,50.0,10,converting stereo signal to mono signal is called,1.0,1.0,1.8344,0.007912,15315
4,I,Combined,3190,50%,0.5,1.5,50.0,10,in order to prove disparate impact you first must establish,1.0,0.9996,1.5048,0.00256,14714
4,I,Combined,3190,50%,0.5,1.5,50.0,10,where do characters live in this is us,1.0,0.9998,1.1683,0.008613,15452
4,I,Combined,3190,50%,0.5,1.5,50.0,10,who makes the decisions about what to produce in a market economy,1.0,0.9997,1.1935,0.0109,12820
4,I,Combined,3190,50%,0.5,1.5,50.0,10,when is the new tappan zee bridge going to be finished,1.0,0.9997,0.9404,0.023393,13361
4,I,Combined,3190,50%,0.5,1.5,50.0,10,who recorded i can't help falling in love with you,1.0,1.0,1.6957,0.007466,12460
4,I,Combined,3190,50%,0.5,1.5,50.0,10,who plays the doc in back to the future,1.0,0.9998,1.3592,0.006011,12016
4,I,Combined,3190,50%,0.5,1.5,50.0,10,when did they stop cigarette advertising on television,1.0,1.0,1.4979,0.016632,12630
4,I,Combined,3190,50%,0.5,1.5,50.0,10,who has been chosen as the brand ambassador of the campaign 'beti bachao-beti padhao,0.9,0.9542,1.0889,0.010208,12659
4,I,Combined,3190,50%,0.5,1.5,50.0,10,how many seasons of prison break are on netflix,0.9,0.9592,1.4185,0.014076,12923
4,I,Combined,3190,50%,0.5,1.5,50.0,10,what was the name of atom bomb dropped by usa on hiroshima,0.9,0.9566,1.4185,0.012261,12620
4,I,Combined,3190,50%,0.5,1.5,50.0,10,when did the us take over wake island,1.0,0.9998,1.6434,0.018197,13124
4,I,Combined,3190,50%,0.5,1.5,50.0,10,when did american two party system began to emerge,1.0,0.9997,1.4979,0.013871,12813
4,I,Combined,3190,50%,0.5,1.5,50.0,10,where are the mitochondria located in the sperm,1.0,0.9999,1.8867,0.00584,13066
4,I,Combined,3190,50%,0.5,1.5,50.0,10,how many lines of symmetry are there in a equilateral triangle,0.9,0.9656,1.2275,0.022355,12535
4,I,Combined,3190,50%,0.5,1.5,50.0,10,how many seasons of the oc are there,0.9,0.948,1.2799,0.004307,12778
4,I,Combined,3190,50%,0.5,1.5,50.0,10,latest season on keeping up with the kardashians,0.9,0.9487,1.4185,0.008161,12189
4,I,Combined,3190,50%,0.5,1.5,50.0,10,how dose the poet present death as a voyage in crossing the bar,1.0,0.9997,1.6957,0.008802,12987
4,I,Combined,3190,50%,0.5,1.5,50.0,10,who were farmers who kept a small portion of their crops & gave the rest to the landowners,0.9,0.9479,1.8344,0.003579,10371
4,I,Combined,3190,50%,0.5,1.5,50.0,10,what is pumped up kicks the song about,1.0,1.0,1.4708,0.021429,12871
4,I,Combined,3190,50%,0.5,1.5,50.0,10,2. what are the reasons states impose protectionists policies on other countries,0.9,0.9528,1.5048,0.007598,12083
4,I,Combined,3190,50%,0.5,1.5,50.0,10,where are they building the new raiders stadium,1.0,0.9999,1.8344,0.008818,11221
4,I,Combined,3190,50%,0.5,1.5,50.0,10,what event provoked congress to propose the eleventh amendment and the states to ratify it,1.0,1.0,1.8344,0.012218,11855
4,I,Combined,3190,50%,0.5,1.5,50.0,10,does joe die in the purge election year,0.8,0.9021,0.9404,0.009877,12151
4,I,Combined,3190,70%,0.3,1.7,70.0,10,what is non controlling interest on balance sheet,1.0,0.9998,2.0253,0.003375,28980
4,I,Combined,3190,70%,0.3,1.7,70.0,10,how many episodes are in chicago fire season 4,0.9,0.9632,1.8867,0.013551,21062
4,I,Combined,3190,70%,0.3,1.7,70.0,10,who sings love will keep us alive by the eagles,0.9,0.9541,1.1683,0.010537,19969
4,I,Combined,3190,70%,0.3,1.7,70.0,10,who is the leader of the ontario pc party,0.9,0.9585,1.6957,0.008932,16526
4,I,Combined,3190,70%,0.3,1.7,70.0,10,nitty gritty dirt band fishin in the dark album,1.0,0.9998,1.2799,0.008899,16807
4,I,Combined,3190,70%,0.3,1.7,70.0,10,who were the three elves who got rings,0.9,0.9581,1.8344,0.007032,15706
4,I,Combined,3190,70%,0.3,1.7,70.0,10,converting stereo signal to mono signal is called,1.0,0.9999,1.8344,0.005198,14015
4,I,Combined,3190,70%,0.3,1.7,70.0,10,in order to prove disparate impact you first must establish,0.9,0.9477,1.4708,0.001968,14714
4,I,Combined,3190,70%,0.3,1.7,70.0,10,where do characters live in this is us,0.9,0.9512,1.2799,0.006057,14618
4,I,Combined,3190,70%,0.3,1.7,70.0,10,who makes the decisions about what to produce in a market economy,0.9,0.9528,1.0889,0.007777,14215
4,I,Combined,3190,70%,0.3,1.7,70.0,10,when is the new tappan zee bridge going to be finished,1.0,0.9995,0.8018,0.013523,14051
4,I,Combined,3190,70%,0.3,1.7,70.0,10,who recorded i can't help falling in love with you,0.9,0.953,1.5048,0.005463,12325
4,I,Combined,3190,70%,0.3,1.7,70.0,10,who plays the doc in back to the future,1.0,0.9995,1.5571,0.003539,11723
4,I,Combined,3190,70%,0.3,1.7,70.0,10,when did they stop cigarette advertising on television,0.9,0.9603,1.6434,0.010504,12012
4,I,Combined,3190,70%,0.3,1.7,70.0,10,who has been chosen as the brand ambassador of the campaign 'beti bachao-beti padhao,0.9,0.947,1.1683,0.007364,11230
4,I,Combined,3190,70%,0.3,1.7,70.0,10,how many seasons of prison break are on netflix,0.9,0.9592,1.4185,0.009535,10389
4,I,Combined,3190,70%,0.3,1.7,70.0,10,what was the name of atom bomb dropped by usa on hiroshima,1.0,0.9999,1.6957,0.008074,10454
4,I,Combined,3190,70%,0.3,1.7,70.0,10,when did the us take over wake island,1.0,0.9999,1.6434,0.010754,9765
4,I,Combined,3190,70%,0.3,1.7,70.0,10,when did american two party system began to emerge,0.9,0.9602,1.4979,0.008861,10012
4,I,Combined,3190,70%,0.3,1.7,70.0,10,where are the mitochondria located in the sperm,1.0,0.9996,1.8867,0.003118,9557
4,I,Combined,3190,70%,0.3,1.7,70.0,10,how many lines of symmetry are there in a equilateral triangle,0.9,0.9634,1.2275,0.012901,9171
4,I,Combined,3190,70%,0.3,1.7,70.0,10,how many seasons of the oc are there,0.9,0.9501,1.4979,0.002429,11774
4,I,Combined,3190,70%,0.3,1.7,70.0,10,latest season on keeping up with the kardashians,0.8,0.8915,1.1683,0.005584,12745
4,I,Combined,3190,70%,0.3,1.7,70.0,10,how dose the poet present death as a voyage in crossing the bar,0.9,0.952,1.4708,0.005525,12535
4,I,Combined,3190,70%,0.3,1.7,70.0,10,who were farmers who kept a small portion of their crops & gave the rest to the landowners,0.8,0.8917,1.6094,0.001949,11907
4,I,Combined,3190,70%,0.3,1.7,70.0,10,what is pumped up kicks the song about,0.9,0.9623,1.7481,0.017812,12427
4,I,Combined,3190,70%,0.3,1.7,70.0,10,2. what are the reasons states impose protectionists policies on other countries,1.0,0.9999,1.4708,0.004305,11432
4,I,Combined,3190,70%,0.3,1.7,70.0,10,where are they building the new raiders stadium,1.0,0.9976,1.7481,0.005636,12667
4,I,Combined,3190,70%,0.3,1.7,70.0,10,what event provoked congress to propose the eleventh amendment and the states to ratify it,0.9,0.9569,2.0253,0.007684,9812
4,I,Combined,3190,70%,0.3,1.7,70.0,10,does joe die in the purge election year,0.8,0.8878,0.639,0.005372,10810
5,I,Combined,3190,0%,1.0,1.0,0.0,10,what is non controlling interest on balance sheet,1.0,1.0,2.164,0.007733,31578
5,I,Combined,3190,0%,1.0,1.0,0.0,10,how many episodes are in chicago fire season 4,1.0,1.0,1.5571,0.028354,20882
5,I,Combined,3190,0%,1.0,1.0,0.0,10,who sings love will keep us alive by the eagles,1.0,1.0,1.1683,0.021697,19415
5,I,Combined,3190,0%,1.0,1.0,0.0,10,who is the leader of the ontario pc party,1.0,1.0,1.6434,0.018128,17248
5,I,Combined,3190,0%,1.0,1.0,0.0,10,nitty gritty dirt band fishin in the dark album,1.0,1.0,1.2799,0.018568,17048
5,I,Combined,3190,0%,1.0,1.0,0.0,10,who were the three elves who got rings,1.0,1.0,1.973,0.013581,15919
5,I,Combined,3190,0%,1.0,1.0,0.0,10,converting stereo signal to mono signal is called,1.0,1.0,1.973,0.011298,15325
5,I,Combined,3190,0%,1.0,1.0,0.0,10,in order to prove disparate impact you first must establish,1.0,1.0,1.6957,0.003484,14519
5,I,Combined,3190,0%,1.0,1.0,0.0,10,where do characters live in this is us,1.0,1.0,1.2799,0.011781,15473
5,I,Combined,3190,0%,1.0,1.0,0.0,10,who makes the decisions about what to produce in a market economy,1.0,1.0,1.1683,0.015682,13847
5,I,Combined,3190,0%,1.0,1.0,0.0,10,when is the new tappan zee bridge going to be finished,1.0,1.0,0.8018,0.031165,14784
5,I,Combined,3190,0%,1.0,1.0,0.0,10,who recorded i can't help falling in love with you,1.0,1.0,1.5048,0.011207,13585
5,I,Combined,3190,0%,1.0,1.0,0.0,10,who plays the doc in back to the future,1.0,1.0,1.3662,0.008204,12704
5,I,Combined,3190,0%,1.0,1.0,0.0,10,when did they stop cigarette advertising on television,1.0,1.0,1.3592,0.022908,14119
5,I,Combined,3190,0%,1.0,1.0,0.0,10,who has been chosen as the brand ambassador of the campaign 'beti bachao-beti padhao,1.0,1.0,1.1683,0.014328,12506
5,I,Combined,3190,0%,1.0,1.0,0.0,10,how many seasons of prison break are on netflix,1.0,1.0,1.4185,0.021162,13796
5,I,Combined,3190,0%,1.0,1.0,0.0,10,what was the name of atom bomb dropped by usa on hiroshima,1.0,1.0,1.6957,0.017727,13498
5,I,Combined,3190,0%,1.0,1.0,0.0,10,when did the us take over wake island,1.0,1.0,1.4185,0.026058,13617
5,I,Combined,3190,0%,1.0,1.0,0.0,10,when did american two party system began to emerge,1.0,1.0,1.4979,0.021058,12712
5,I,Combined,3190,0%,1.0,1.0,0.0,10,where are the mitochondria located in the sperm,1.0,1.0,2.164,0.008227,12834
5,I,Combined,3190,0%,1.0,1.0,0.0,10,how many lines of symmetry are there in a equilateral triangle,1.0,1.0,1.2275,0.03056,12132
5,I,Combined,3190,0%,1.0,1.0,0.0,10,how many seasons of the oc are there,1.0,1.0,1.2799,0.006332,13081
5,I,Combined,3190,0%,1.0,1.0,0.0,10,latest season on keeping up with the kardashians,1.0,1.0,1.1683,0.011513,13070
5,I,Combined,3190,0%,1.0,1.0,0.0,10,how dose the poet present death as a voyage in crossing the bar,1.0,1.0,1.5048,0.011719,12603
5,I,Combined,3190,0%,1.0,1.0,0.0,10,who were farmers who kept a small portion of their crops & gave the rest to the landowners,1.0,1.0,1.8344,0.005261,12119
5,I,Combined,3190,0%,1.0,1.0,0.0,10,what is pumped up kicks the song about,1.0,1.0,1.6094,0.03212,13651
5,I,Combined,3190,0%,1.0,1.0,0.0,10,2. what are the reasons states impose protectionists policies on other countries,1.0,1.0,1.6434,0.009925,12233
5,I,Combined,3190,0%,1.0,1.0,0.0,10,where are they building the new raiders stadium,1.0,1.0,1.8344,0.013377,13037
5,I,Combined,3190,0%,1.0,1.0,0.0,10,what event provoked congress to propose the eleventh amendment and the states to ratify it,1.0,1.0,1.973,0.017713,12126
5,I,Combined,3190,0%,1.0,1.0,0.0,10,does joe die in the purge election year,1.0,1.0,0.9404,0.013761,12953
5,I,Combined,3190,1%,0.99,1.01,1.0,10,what is non controlling interest on balance sheet,1.0,1.0,2.164,0.00772,29985
5,I,Combined,3190,1%,0.99,1.01,1.0,10,how many episodes are in chicago fire season 4,1.0,1.0,1.5571,0.028379,20855
5,I,Combined,3190,1%,0.99,1.01,1.0,10,who sings love will keep us alive by the eagles,1.0,1.0,1.1683,0.021692,17755
5,I,Combined,3190,1%,0.99,1.01,1.0,10,who is the leader of the ontario pc party,1.0,1.0,1.6434,0.01813,16759
5,I,Combined,3190,1%,0.99,1.01,1.0,10,nitty gritty dirt band fishin in the dark album,1.0,1.0,1.2799,0.018569,15453
5,I,Combined,3190,1%,0.99,1.01,1.0,10,who were the three elves who got rings,1.0,1.0,1.973,0.013576,14827
5,I,Combined,3190,1%,0.99,1.01,1.0,10,converting stereo signal to mono signal is called,1.0,1.0,1.973,0.01127,12708
5,I,Combined,3190,1%,0.99,1.01,1.0,10,in order to prove disparate impact you first must establish,0.9,0.9498,1.6957,0.003493,12400
5,I,Combined,3190,1%,0.99,1.01,1.0,10,where do characters live in this is us,1.0,1.0,1.2799,0.01177,11816
5,I,Combined,3190,1%,0.99,1.01,1.0,10,who makes the decisions about what to produce in a market economy,1.0,1.0,1.1683,0.015677,11843
5,I,Combined,3190,1%,0.99,1.01,1.0,10,when is the new tappan zee bridge going to be finished,1.0,1.0,0.8018,0.031186,12105
5,I,Combined,3190,1%,0.99,1.01,1.0,10,who recorded i can't help falling in love with you,0.9,0.9549,1.5048,0.011218,12080
5,I,Combined,3190,1%,0.99,1.01,1.0,10,who plays the doc in back to the future,1.0,1.0,1.3662,0.008223,11274
5,I,Combined,3190,1%,0.99,1.01,1.0,10,when did they stop cigarette advertising on television,1.0,1.0,1.3592,0.022894,13033
5,I,Combined,3190,1%,0.99,1.01,1.0,10,who has been chosen as the brand ambassador of the campaign 'beti bachao-beti padhao,0.9,0.9554,1.1683,0.014324,10752
5,I,Combined,3190,1%,0.99,1.01,1.0,10,how many seasons of prison break are on netflix,1.0,1.0,1.4185,0.021152,11757
5,I,Combined,3190,1%,0.99,1.01,1.0,10,what was the name of atom bomb dropped by usa on hiroshima,1.0,1.0,1.6957,0.017701,13162
5,I,Combined,3190,1%,0.99,1.01,1.0,10,when did the us take over wake island,1.0,1.0,1.4185,0.026047,13513
5,I,Combined,3190,1%,0.99,1.01,1.0,10,when did american two party system began to emerge,1.0,1.0,1.4979,0.021061,13336
5,I,Combined,3190,1%,0.99,1.01,1.0,10,where are the mitochondria located in the sperm,1.0,1.0,2.164,0.008207,13185
5,I,Combined,3190,1%,0.99,1.01,1.0,10,how many lines of symmetry are there in a equilateral triangle,1.0,1.0,1.2275,0.030594,11384
5,I,Combined,3190,1%,0.99,1.01,1.0,10,how many seasons of the oc are there,1.0,1.0,1.2799,0.00633,12399
5,I,Combined,3190,1%,0.99,1.01,1.0,10,latest season on keeping up with the kardashians,1.0,1.0,1.1683,0.011511,13155
5,I,Combined,3190,1%,0.99,1.01,1.0,10,how dose the poet present death as a voyage in crossing the bar,1.0,1.0,1.5048,0.011731,12938
5,I,Combined,3190,1%,0.99,1.01,1.0,10,who were farmers who kept a small portion of their crops & gave the rest to the landowners,1.0,1.0,1.8344,0.005253,12086
5,I,Combined,3190,1%,0.99,1.01,1.0,10,what is pumped up kicks the song about,1.0,1.0,1.6094,0.032102,13016
5,I,Combined,3190,1%,0.99,1.01,1.0,10,2. what are the reasons states impose protectionists policies on other countries,1.0,1.0,1.6434,0.009912,12185
5,I,Combined,3190,1%,0.99,1.01,1.0,10,where are they building the new raiders stadium,1.0,1.0,1.8344,0.013368,13288
5,I,Combined,3190,1%,0.99,1.01,1.0,10,what event provoked congress to propose the eleventh amendment and the states to ratify it,1.0,1.0,1.973,0.017723,11595
5,I,Combined,3190,1%,0.99,1.01,1.0,10,does joe die in the purge election year,1.0,1.0,0.9404,0.013757,12441
5,I,Combined,3190,10%,0.9,1.1,10.0,10,what is non controlling interest on balance sheet,1.0,1.0,2.164,0.00762,33517
5,I,Combined,3190,10%,0.9,1.1,10.0,10,how many episodes are in chicago fire season 4,1.0,1.0,1.5571,0.028249,22010
5,I,Combined,3190,10%,0.9,1.1,10.0,10,who sings love will keep us alive by the eagles,1.0,1.0,1.1683,0.021598,19109
5,I,Combined,3190,10%,0.9,1.1,10.0,10,who is the leader of the ontario pc party,1.0,1.0,1.6434,0.017899,16531
5,I,Combined,3190,10%,0.9,1.1,10.0,10,nitty gritty dirt band fishin in the dark album,1.0,1.0,1.3138,0.017885,15284
5,I,Combined,3190,10%,0.9,1.1,10.0,10,who were the three elves who got rings,1.0,1.0,2.0253,0.013248,14888
5,I,Combined,3190,10%,0.9,1.1,10.0,10,converting stereo signal to mono signal is called,1.0,1.0,1.973,0.011149,15503
5,I,Combined,3190,10%,0.9,1.1,10.0,10,in order to prove disparate impact you first must establish,0.9,0.9498,1.6957,0.003378,14500
5,I,Combined,3190,10%,0.9,1.1,10.0,10,where do characters live in this is us,1.0,1.0,1.2799,0.011487,15179
5,I,Combined,3190,10%,0.9,1.1,10.0,10,who makes the decisions about what to produce in a market economy,0.9,0.9528,1.2799,0.015503,14826
5,I,Combined,3190,10%,0.9,1.1,10.0,10,when is the new tappan zee bridge going to be finished,1.0,1.0,0.8018,0.030211,14275
5,I,Combined,3190,10%,0.9,1.1,10.0,10,who recorded i can't help falling in love with you,0.9,0.9549,1.6434,0.010992,12839
5,I,Combined,3190,10%,0.9,1.1,10.0,10,who plays the doc in back to the future,1.0,1.0,1.6434,0.008247,13453
5,I,Combined,3190,10%,0.9,1.1,10.0,10,when did they stop cigarette advertising on television,1.0,1.0,1.3592,0.022793,13903
5,I,Combined,3190,10%,0.9,1.1,10.0,10,who has been chosen as the brand ambassador of the campaign 'beti bachao-beti padhao,0.9,0.9535,1.1683,0.013893,13068
5,I,Combined,3190,10%,0.9,1.1,10.0,10,how many seasons of prison break are on netflix,1.0,1.0,1.4185,0.020852,12741
5,I,Combined,3190,10%,0.9,1.1,10.0,10,what was the name of atom bomb dropped by usa on hiroshima,1.0,1.0,1.6094,0.016998,12875
5,I,Combined,3190,10%,0.9,1.1,10.0,10,when did the us take over wake island,1.0,1.0,1.4185,0.025836,14187
5,I,Combined,3190,10%,0.9,1.1,10.0,10,when did american two party system began to emerge,1.0,1.0,1.4979,0.020837,13095
5,I,Combined,3190,10%,0.9,1.1,10.0,10,where are the mitochondria located in the sperm,1.0,1.0,2.0253,0.008213,13281
5,I,Combined,3190,10%,0.9,1.1,10.0,10,how many lines of symmetry are there in a equilateral triangle,1.0,1.0,1.2275,0.030846,11214
5,I,Combined,3190,10%,0.9,1.1,10.0,10,how many seasons of the oc are there,1.0,1.0,1.3592,0.006149,12505
5,I,Combined,3190,10%,0.9,1.1,10.0,10,latest season on keeping up with the kardashians,1.0,1.0,1.1683,0.011211,11010
5,I,Combined,3190,10%,0.9,1.1,10.0,10,how dose the poet present death as a voyage in crossing the bar,1.0,1.0,1.5048,0.011683,12059
5,I,Combined,3190,10%,0.9,1.1,10.0,10,who were farmers who kept a small portion of their crops & gave the rest to the landowners,0.9,0.9524,1.8344,0.005373,11495
5,I,Combined,3190,10%,0.9,1.1,10.0,10,what is pumped up kicks the song about,1.0,1.0,1.6094,0.031675,11034
5,I,Combined,3190,10%,0.9,1.1,10.0,10,2. what are the reasons states impose protectionists policies on other countries,1.0,1.0,1.4708,0.0099,10995
5,I,Combined,3190,10%,0.9,1.1,10.0,10,where are they building the new raiders stadium,1.0,1.0,1.973,0.01342,10803
5,I,Combined,3190,10%,0.9,1.1,10.0,10,what event provoked congress to propose the eleventh amendment and the states to ratify it,1.0,1.0,1.8344,0.01739,10553
5,I,Combined,3190,10%,0.9,1.1,10.0,10,does joe die in the purge election year,0.9,0.9558,0.639,0.013544,10880
5,I,Combined,3190,30%,0.7,1.3,30.0,10,what is non controlling interest on balance sheet,1.0,0.9998,2.0253,0.006391,34585
5,I,Combined,3190,30%,0.7,1.3,30.0,10,how many episodes are in chicago fire season 4,1.0,1.0,1.7481,0.024967,24208
5,I,Combined,3190,30%,0.7,1.3,30.0,10,who sings love will keep us alive by the eagles,1.0,1.0,1.2206,0.019352,22284
5,I,Combined,3190,30%,0.7,1.3,30.0,10,who is the leader of the ontario pc party,1.0,0.9998,1.6094,0.016158,17082
5,I,Combined,3190,30%,0.7,1.3,30.0,10,nitty gritty dirt band fishin in the dark album,1.0,0.9999,1.2799,0.017424,16803
5,I,Combined,3190,30%,0.7,1.3,30.0,10,who were the three elves who got rings,1.0,1.0,1.8344,0.011941,16536
5,I,Combined,3190,30%,0.7,1.3,30.0,10,converting stereo signal to mono signal is called,1.0,1.0,1.8344,0.009402,15287
5,I,Combined,3190,30%,0.7,1.3,30.0,10,in order to prove disparate impact you first must establish,0.9,0.9497,1.5048,0.003183,15012
5,I,Combined,3190,30%,0.7,1.3,30.0,10,where do characters live in this is us,0.9,0.9532,1.2799,0.010709,14415
5,I,Combined,3190,30%,0.7,1.3,30.0,10,who makes the decisions about what to produce in a market economy,0.9,0.9497,1.1683,0.014948,14212
5,I,Combined,3190,30%,0.7,1.3,30.0,10,when is the new tappan zee bridge going to be finished,1.0,1.0,0.8018,0.027346,14443
5,I,Combined,3190,30%,0.7,1.3,30.0,10,who recorded i can't help falling in love with you,0.9,0.9549,1.8344,0.009999,13119
5,I,Combined,3190,30%,0.7,1.3,30.0,10,who plays the doc in back to the future,1.0,1.0,1.6957,0.007382,13124
5,I,Combined,3190,30%,0.7,1.3,30.0,10,when did they stop cigarette advertising on television,1.0,0.9994,1.3592,0.02052,13380
5,I,Combined,3190,30%,0.7,1.3,30.0,10,who has been chosen as the brand ambassador of the campaign 'beti bachao-beti padhao,0.9,0.951,0.9433,0.013075,12911
5,I,Combined,3190,30%,0.7,1.3,30.0,10,how many seasons of prison break are on netflix,1.0,1.0,1.3592,0.017872,13341
5,I,Combined,3190,30%,0.7,1.3,30.0,10,what was the name of atom bomb dropped by usa on hiroshima,1.0,0.9999,1.6957,0.016321,12262
5,I,Combined,3190,30%,0.7,1.3,30.0,10,when did the us take over wake island,1.0,0.9999,1.6094,0.023538,12949
5,I,Combined,3190,30%,0.7,1.3,30.0,10,when did american two party system began to emerge,0.9,0.9603,1.3592,0.01811,12316
5,I,Combined,3190,30%,0.7,1.3,30.0,10,where are the mitochondria located in the sperm,1.0,0.9998,2.0253,0.006931,11791
5,I,Combined,3190,30%,0.7,1.3,30.0,10,how many lines of symmetry are there in a equilateral triangle,0.9,0.9657,1.2275,0.027988,9284
5,I,Combined,3190,30%,0.7,1.3,30.0,10,how many seasons of the oc are there,1.0,0.9999,1.2275,0.006126,10384
5,I,Combined,3190,30%,0.7,1.3,30.0,10,latest season on keeping up with the kardashians,0.9,0.951,1.1683,0.010271,12177
5,I,Combined,3190,30%,0.7,1.3,30.0,10,how dose the poet present death as a voyage in crossing the bar,1.0,1.0,1.6957,0.009748,11173
5,I,Combined,3190,30%,0.7,1.3,30.0,10,who were farmers who kept a small portion of their crops & gave the rest to the landowners,1.0,0.9996,1.7481,0.004651,9837
5,I,Combined,3190,30%,0.7,1.3,30.0,10,what is pumped up kicks the song about,0.9,0.9604,1.2206,0.028685,10728
5,I,Combined,3190,30%,0.7,1.3,30.0,10,2. what are the reasons states impose protectionists policies on other countries,1.0,1.0,1.4708,0.008756,9367
5,I,Combined,3190,30%,0.7,1.3,30.0,10,where are they building the new raiders stadium,1.0,0.9999,1.6094,0.011371,10509
5,I,Combined,3190,30%,0.7,1.3,30.0,10,what event provoked congress to propose the eleventh amendment and the states to ratify it,1.0,1.0,2.0253,0.016613,9700
5,I,Combined,3190,30%,0.7,1.3,30.0,10,does joe die in the purge election year,1.0,0.9999,0.639,0.012655,11978
5,I,Combined,3190,50%,0.5,1.5,50.0,10,what is non controlling interest on balance sheet,1.0,1.0,2.164,0.005346,32802
5,I,Combined,3190,50%,0.5,1.5,50.0,10,how many episodes are in chicago fire season 4,1.0,1.0,1.5571,0.019653,22425
5,I,Combined,3190,50%,0.5,1.5,50.0,10,who sings love will keep us alive by the eagles,1.0,0.9982,1.1683,0.014421,21893
5,I,Combined,3190,50%,0.5,1.5,50.0,10,who is the leader of the ontario pc party,1.0,0.9997,1.6094,0.013042,20057
5,I,Combined,3190,50%,0.5,1.5,50.0,10,nitty gritty dirt band fishin in the dark album,1.0,0.9993,1.1935,0.012853,18726
5,I,Combined,3190,50%,0.5,1.5,50.0,10,who were the three elves who got rings,1.0,1.0,1.8344,0.009083,17169
5,I,Combined,3190,50%,0.5,1.5,50.0,10,converting stereo signal to mono signal is called,1.0,0.9999,1.8344,0.007903,15304
5,I,Combined,3190,50%,0.5,1.5,50.0,10,in order to prove disparate impact you first must establish,0.9,0.9457,1.6434,0.002244,14763
5,I,Combined,3190,50%,0.5,1.5,50.0,10,where do characters live in this is us,0.9,0.9464,1.0889,0.008372,14782
5,I,Combined,3190,50%,0.5,1.5,50.0,10,who makes the decisions about what to produce in a market economy,0.9,0.9517,1.1935,0.011704,14300
5,I,Combined,3190,50%,0.5,1.5,50.0,10,when is the new tappan zee bridge going to be finished,0.9,0.959,1.0889,0.02309,14469
5,I,Combined,3190,50%,0.5,1.5,50.0,10,who recorded i can't help falling in love with you,0.9,0.9549,1.6957,0.007957,12884
5,I,Combined,3190,50%,0.5,1.5,50.0,10,who plays the doc in back to the future,1.0,0.9982,1.5571,0.005915,13782
5,I,Combined,3190,50%,0.5,1.5,50.0,10,when did they stop cigarette advertising on television,0.9,0.9601,1.6434,0.015073,13024
5,I,Combined,3190,50%,0.5,1.5,50.0,10,who has been chosen as the brand ambassador of the campaign 'beti bachao-beti padhao,0.9,0.9506,1.1683,0.010062,10933
5,I,Combined,3190,50%,0.5,1.5,50.0,10,how many seasons of prison break are on netflix,0.9,0.9592,1.4185,0.013946,11014
5,I,Combined,3190,50%,0.5,1.5,50.0,10,what was the name of atom bomb dropped by usa on hiroshima,0.9,0.9576,1.4185,0.012619,10627
5,I,Combined,3190,50%,0.5,1.5,50.0,10,when did the us take over wake island,1.0,0.9999,1.5048,0.017282,11571
5,I,Combined,3190,50%,0.5,1.5,50.0,10,when did american two party system began to emerge,1.0,0.9999,1.6094,0.013348,11462
5,I,Combined,3190,50%,0.5,1.5,50.0,10,where are the mitochondria located in the sperm,1.0,1.0,2.164,0.006462,11006
5,I,Combined,3190,50%,0.5,1.5,50.0,10,how many lines of symmetry are there in a equilateral triangle,1.0,1.0,1.2275,0.021342,11529
5,I,Combined,3190,50%,0.5,1.5,50.0,10,how many seasons of the oc are there,1.0,0.9998,1.4185,0.004246,11822
5,I,Combined,3190,50%,0.5,1.5,50.0,10,latest season on keeping up with the kardashians,1.0,0.9994,1.1683,0.008013,13883
5,I,Combined,3190,50%,0.5,1.5,50.0,10,how dose the poet present death as a voyage in crossing the bar,1.0,0.9995,1.4185,0.007703,13637
5,I,Combined,3190,50%,0.5,1.5,50.0,10,who were farmers who kept a small portion of their crops & gave the rest to the landowners,0.9,0.9523,1.973,0.003789,13032
5,I,Combined,3190,50%,0.5,1.5,50.0,10,what is pumped up kicks the song about,0.8,0.9227,1.4708,0.022651,13004
5,I,Combined,3190,50%,0.5,1.5,50.0,10,2. what are the reasons states impose protectionists policies on other countries,0.9,0.9544,1.6957,0.006804,10510
5,I,Combined,3190,50%,0.5,1.5,50.0,10,where are they building the new raiders stadium,0.9,0.9568,1.973,0.009642,11239
5,I,Combined,3190,50%,0.5,1.5,50.0,10,what event provoked congress to propose the eleventh amendment and the states to ratify it,0.9,0.9564,1.8344,0.012113,10444
5,I,Combined,3190,50%,0.5,1.5,50.0,10,does joe die in the purge election year,0.8,0.9053,0.639,0.009969,11026
5,I,Combined,3190,70%,0.3,1.7,70.0,10,what is non controlling interest on balance sheet,1.0,1.0,2.0253,0.003219,29390
5,I,Combined,3190,70%,0.3,1.7,70.0,10,how many episodes are in chicago fire season 4,1.0,0.9997,1.7481,0.011295,20806
5,I,Combined,3190,70%,0.3,1.7,70.0,10,who sings love will keep us alive by the eagles,1.0,0.9994,1.2206,0.007536,19423
5,I,Combined,3190,70%,0.3,1.7,70.0,10,who is the leader of the ontario pc party,1.0,0.9995,1.0889,0.007893,16616
5,I,Combined,3190,70%,0.3,1.7,70.0,10,nitty gritty dirt band fishin in the dark album,0.9,0.9512,1.1683,0.007404,16038
5,I,Combined,3190,70%,0.3,1.7,70.0,10,who were the three elves who got rings,0.9,0.9598,2.0253,0.005573,16267
5,I,Combined,3190,70%,0.3,1.7,70.0,10,converting stereo signal to mono signal is called,1.0,1.0,1.6957,0.004223,15204
5,I,Combined,3190,70%,0.3,1.7,70.0,10,in order to prove disparate impact you first must establish,0.9,0.9442,1.6957,0.001289,14139
5,I,Combined,3190,70%,0.3,1.7,70.0,10,where do characters live in this is us,0.9,0.9532,0.8979,0.004667,15093
5,I,Combined,3190,70%,0.3,1.7,70.0,10,who makes the decisions about what to produce in a market economy,0.9,0.9494,1.2799,0.007096,13899
5,I,Combined,3190,70%,0.3,1.7,70.0,10,when is the new tappan zee bridge going to be finished,0.9,0.9585,0.8979,0.013343,14453
5,I,Combined,3190,70%,0.3,1.7,70.0,10,who recorded i can't help falling in love with you,0.9,0.9524,1.8344,0.00499,13553
5,I,Combined,3190,70%,0.3,1.7,70.0,10,who plays the doc in back to the future,1.0,0.9982,1.6957,0.003157,13834
5,I,Combined,3190,70%,0.3,1.7,70.0,10,when did they stop cigarette advertising on television,1.0,0.9999,1.3592,0.009703,13158
5,I,Combined,3190,70%,0.3,1.7,70.0,10,who has been chosen as the brand ambassador of the campaign 'beti bachao-beti padhao,1.0,0.9998,1.0889,0.005446,14937
5,I,Combined,3190,70%,0.3,1.7,70.0,10,how many seasons of prison break are on netflix,1.0,0.9998,1.3592,0.008043,12825
5,I,Combined,3190,70%,0.3,1.7,70.0,10,what was the name of atom bomb dropped by usa on hiroshima,0.8,0.9159,1.3592,0.009101,12463
5,I,Combined,3190,70%,0.3,1.7,70.0,10,when did the us take over wake island,0.9,0.9582,1.5571,0.01087,13597
5,I,Combined,3190,70%,0.3,1.7,70.0,10,when did american two party system began to emerge,0.9,0.9564,1.6094,0.007623,12609
5,I,Combined,3190,70%,0.3,1.7,70.0,10,where are the mitochondria located in the sperm,1.0,0.9997,1.6957,0.003618,13263
5,I,Combined,3190,70%,0.3,1.7,70.0,10,how many lines of symmetry are there in a equilateral triangle,1.0,0.9999,1.3592,0.011824,12631
5,I,Combined,3190,70%,0.3,1.7,70.0,10,how many seasons of the oc are there,0.9,0.9468,0.8018,0.002387,12993
5,I,Combined,3190,70%,0.3,1.7,70.0,10,latest season on keeping up with the kardashians,0.9,0.9513,1.0889,0.004498,13057
5,I,Combined,3190,70%,0.3,1.7,70.0,10,how dose the poet present death as a voyage in crossing the bar,0.8,0.9056,1.4708,0.00575,13194
5,I,Combined,3190,70%,0.3,1.7,70.0,10,who were farmers who kept a small portion of their crops & gave the rest to the landowners,0.8,0.9003,1.973,0.002361,11732
5,I,Combined,3190,70%,0.3,1.7,70.0,10,what is pumped up kicks the song about,0.8,0.9227,1.3592,0.013477,13253
5,I,Combined,3190,70%,0.3,1.7,70.0,10,2. what are the reasons states impose protectionists policies on other countries,0.9,0.952,1.4708,0.004339,12218
5,I,Combined,3190,70%,0.3,1.7,70.0,10,where are they building the new raiders stadium,1.0,0.9998,1.7481,0.006058,12651
5,I,Combined,3190,70%,0.3,1.7,70.0,10,what event provoked congress to propose the eleventh amendment and the states to ratify it,1.0,0.9998,1.7481,0.006721,11671
5,I,Combined,3190,70%,0.3,1.7,70.0,10,does joe die in the purge election year,0.9,0.9544,1.0889,0.005674,12759
1,I,Combined,1190,0%,1.0,1.0,0.0,10,what is non controlling interest on balance sheet,1.0,1.0,1.8867,4e-05,39681
1,I,Combined,1190,0%,1.0,1.0,0.0,10,how many episodes are in chicago fire season 4,1.0,1.0,1.6957,7.6e-05,26239
1,I,Combined,1190,0%,1.0,1.0,0.0,10,who sings love will keep us alive by the eagles,1.0,1.0,2.164,2.7e-05,20449
1,I,Combined,1190,0%,1.0,1.0,0.0,10,who is the leader of the ontario pc party,1.0,1.0,1.7481,0.000275,17707
1,I,Combined,1190,0%,1.0,1.0,0.0,10,nitty gritty dirt band fishin in the dark album,1.0,1.0,1.7481,7.7e-05,19298
1,I,Combined,1190,0%,1.0,1.0,0.0,10,who were the three elves who got rings,1.0,1.0,2.0253,2.8e-05,18824
1,I,Combined,1190,0%,1.0,1.0,0.0,10,converting stereo signal to mono signal is called,1.0,1.0,1.6957,0.001218,17783
1,I,Combined,1190,0%,1.0,1.0,0.0,10,in order to prove disparate impact you first must establish,1.0,1.0,1.8344,6e-05,17253
1,I,Combined,1190,0%,1.0,1.0,0.0,10,where do characters live in this is us,1.0,1.0,2.0253,0.000148,19581
1,I,Combined,1190,0%,1.0,1.0,0.0,10,who makes the decisions about what to produce in a market economy,1.0,1.0,1.6434,9.2e-05,19096
1,I,Combined,1190,0%,1.0,1.0,0.0,10,when is the new tappan zee bridge going to be finished,1.0,1.0,1.6957,0.000355,18124
1,I,Combined,1190,0%,1.0,1.0,0.0,10,who recorded i can't help falling in love with you,1.0,1.0,2.0253,0.000217,18768
1,I,Combined,1190,0%,1.0,1.0,0.0,10,who plays the doc in back to the future,1.0,1.0,2.0253,0.000551,17327
1,I,Combined,1190,0%,1.0,1.0,0.0,10,when did they stop cigarette advertising on television,1.0,1.0,2.0253,0.000669,18835
1,I,Combined,1190,0%,1.0,1.0,0.0,10,who has been chosen as the brand ambassador of the campaign 'beti bachao-beti padhao,1.0,1.0,1.6957,0.000573,19645
1,I,Combined,1190,0%,1.0,1.0,0.0,10,how many seasons of prison break are on netflix,1.0,1.0,1.973,9.4e-05,18181
1,I,Combined,1190,0%,1.0,1.0,0.0,10,what was the name of atom bomb dropped by usa on hiroshima,1.0,1.0,1.8867,0.00011,18119
1,I,Combined,1190,0%,1.0,1.0,0.0,10,when did the us take over wake island,1.0,1.0,1.973,0.000696,19799
1,I,Combined,1190,0%,1.0,1.0,0.0,10,when did american two party system began to emerge,1.0,1.0,1.6094,0.00019,16872
1,I,Combined,1190,0%,1.0,1.0,0.0,10,where are the mitochondria located in the sperm,1.0,1.0,2.164,0.00018,17380
1,I,Combined,1190,0%,1.0,1.0,0.0,10,how many lines of symmetry are there in a equilateral triangle,1.0,1.0,2.164,0.000394,17848
1,I,Combined,1190,0%,1.0,1.0,0.0,10,how many seasons of the oc are there,1.0,1.0,1.8867,0.000938,17731
1,I,Combined,1190,0%,1.0,1.0,0.0,10,latest season on keeping up with the kardashians,1.0,1.0,1.3592,0.000327,17432
1,I,Combined,1190,0%,1.0,1.0,0.0,10,how dose the poet present death as a voyage in crossing the bar,1.0,1.0,1.8344,0.000307,18550
1,I,Combined,1190,0%,1.0,1.0,0.0,10,who were farmers who kept a small portion of their crops & gave the rest to the landowners,1.0,1.0,1.8867,0.000119,18303
1,I,Combined,1190,0%,1.0,1.0,0.0,10,what is pumped up kicks the song about,1.0,1.0,1.8344,0.000141,19089
1,I,Combined,1190,0%,1.0,1.0,0.0,10,2. what are the reasons states impose protectionists policies on other countries,1.0,1.0,2.0253,0.000159,17249
1,I,Combined,1190,0%,1.0,1.0,0.0,10,where are they building the new raiders stadium,1.0,1.0,2.164,0.000102,20859
1,I,Combined,1190,0%,1.0,1.0,0.0,10,what event provoked congress to propose the eleventh amendment and the states to ratify it,1.0,1.0,1.973,0.000125,18101
1,I,Combined,1190,0%,1.0,1.0,0.0,10,does joe die in the purge election year,1.0,1.0,1.8344,0.000228,17762
1,I,Combined,1190,1%,0.99,1.01,1.0,10,what is non controlling interest on balance sheet,1.0,1.0,1.8867,4e-05,40471
1,I,Combined,1190,1%,0.99,1.01,1.0,10,how many episodes are in chicago fire season 4,1.0,1.0,1.6957,7.6e-05,24862
1,I,Combined,1190,1%,0.99,1.01,1.0,10,who sings love will keep us alive by the eagles,1.0,1.0,2.164,2.7e-05,21641
1,I,Combined,1190,1%,0.99,1.01,1.0,10,who is the leader of the ontario pc party,1.0,1.0,1.7481,0.000274,17903
1,I,Combined,1190,1%,0.99,1.01,1.0,10,nitty gritty dirt band fishin in the dark album,1.0,1.0,1.7481,7.7e-05,17581
1,I,Combined,1190,1%,0.99,1.01,1.0,10,who were the three elves who got rings,1.0,1.0,2.0253,2.8e-05,17216
1,I,Combined,1190,1%,0.99,1.01,1.0,10,converting stereo signal to mono signal is called,1.0,1.0,1.6957,0.001216,16933
1,I,Combined,1190,1%,0.99,1.01,1.0,10,in order to prove disparate impact you first must establish,1.0,1.0,1.8344,6e-05,15658
1,I,Combined,1190,1%,0.99,1.01,1.0,10,where do characters live in this is us,1.0,1.0,2.0253,0.000149,18387
1,I,Combined,1190,1%,0.99,1.01,1.0,10,who makes the decisions about what to produce in a market economy,1.0,1.0,1.6434,9.2e-05,15859
1,I,Combined,1190,1%,0.99,1.01,1.0,10,when is the new tappan zee bridge going to be finished,1.0,1.0,1.6957,0.000355,16833
1,I,Combined,1190,1%,0.99,1.01,1.0,10,who recorded i can't help falling in love with you,1.0,1.0,1.8867,0.000218,16496
1,I,Combined,1190,1%,0.99,1.01,1.0,10,who plays the doc in back to the future,1.0,1.0,2.0253,0.00055,17806
1,I,Combined,1190,1%,0.99,1.01,1.0,10,when did they stop cigarette advertising on television,1.0,1.0,2.0253,0.00067,17629
1,I,Combined,1190,1%,0.99,1.01,1.0,10,who has been chosen as the brand ambassador of the campaign 'beti bachao-beti padhao,1.0,1.0,1.6957,0.000574,20748
1,I,Combined,1190,1%,0.99,1.01,1.0,10,how many seasons of prison break are on netflix,1.0,1.0,1.973,9.4e-05,19155
1,I,Combined,1190,1%,0.99,1.01,1.0,10,what was the name of atom bomb dropped by usa on hiroshima,1.0,1.0,1.7481,0.00011,16937
1,I,Combined,1190,1%,0.99,1.01,1.0,10,when did the us take over wake island,1.0,1.0,1.973,0.000698,16536
1,I,Combined,1190,1%,0.99,1.01,1.0,10,when did american two party system began to emerge,1.0,1.0,1.6094,0.00019,17245
1,I,Combined,1190,1%,0.99,1.01,1.0,10,where are the mitochondria located in the sperm,1.0,1.0,2.164,0.000181,17758
1,I,Combined,1190,1%,0.99,1.01,1.0,10,how many lines of symmetry are there in a equilateral triangle,1.0,1.0,2.164,0.000393,17763
1,I,Combined,1190,1%,0.99,1.01,1.0,10,how many seasons of the oc are there,1.0,1.0,1.8867,0.000937,19463
1,I,Combined,1190,1%,0.99,1.01,1.0,10,latest season on keeping up with the kardashians,1.0,1.0,1.3592,0.000326,18510
1,I,Combined,1190,1%,0.99,1.01,1.0,10,how dose the poet present death as a voyage in crossing the bar,1.0,1.0,1.8344,0.000308,17367
1,I,Combined,1190,1%,0.99,1.01,1.0,10,who were farmers who kept a small portion of their crops & gave the rest to the landowners,1.0,1.0,1.8867,0.000119,17480
1,I,Combined,1190,1%,0.99,1.01,1.0,10,what is pumped up kicks the song about,1.0,1.0,1.8344,0.000142,21916
1,I,Combined,1190,1%,0.99,1.01,1.0,10,2. what are the reasons states impose protectionists policies on other countries,1.0,1.0,2.0253,0.000158,18085
1,I,Combined,1190,1%,0.99,1.01,1.0,10,where are they building the new raiders stadium,1.0,1.0,2.164,0.000102,16852
1,I,Combined,1190,1%,0.99,1.01,1.0,10,what event provoked congress to propose the eleventh amendment and the states to ratify it,1.0,1.0,1.973,0.000125,17098
1,I,Combined,1190,1%,0.99,1.01,1.0,10,does joe die in the purge election year,1.0,1.0,1.8344,0.000228,16892
1,I,Combined,1190,10%,0.9,1.1,10.0,10,what is non controlling interest on balance sheet,1.0,0.9998,1.973,4e-05,45222
1,I,Combined,1190,10%,0.9,1.1,10.0,10,how many episodes are in chicago fire season 4,1.0,1.0,1.8344,8.2e-05,26508
1,I,Combined,1190,10%,0.9,1.1,10.0,10,who sings love will keep us alive by the eagles,1.0,1.0,2.164,2.5e-05,21198
1,I,Combined,1190,10%,0.9,1.1,10.0,10,who is the leader of the ontario pc party,1.0,1.0,1.8344,0.000279,18949
1,I,Combined,1190,10%,0.9,1.1,10.0,10,nitty gritty dirt band fishin in the dark album,1.0,1.0,1.6957,7.7e-05,18430
1,I,Combined,1190,10%,0.9,1.1,10.0,10,who were the three elves who got rings,1.0,1.0,2.0253,2.7e-05,17852
1,I,Combined,1190,10%,0.9,1.1,10.0,10,converting stereo signal to mono signal is called,1.0,1.0,1.8867,0.001178,17846
1,I,Combined,1190,10%,0.9,1.1,10.0,10,in order to prove disparate impact you first must establish,1.0,1.0,1.7481,5.7e-05,17955
1,I,Combined,1190,10%,0.9,1.1,10.0,10,where do characters live in this is us,1.0,1.0,2.0253,0.000154,17099
1,I,Combined,1190,10%,0.9,1.1,10.0,10,who makes the decisions about what to produce in a market economy,1.0,1.0,1.6957,8.9e-05,17789
1,I,Combined,1190,10%,0.9,1.1,10.0,10,when is the new tappan zee bridge going to be finished,1.0,1.0,1.8344,0.000359,18169
1,I,Combined,1190,10%,0.9,1.1,10.0,10,who recorded i can't help falling in love with you,1.0,1.0,2.164,0.000211,18104
1,I,Combined,1190,10%,0.9,1.1,10.0,10,who plays the doc in back to the future,1.0,1.0,1.8344,0.000547,17160
1,I,Combined,1190,10%,0.9,1.1,10.0,10,when did they stop cigarette advertising on television,1.0,1.0,2.0253,0.000659,20544
1,I,Combined,1190,10%,0.9,1.1,10.0,10,who has been chosen as the brand ambassador of the campaign 'beti bachao-beti padhao,1.0,1.0,1.8867,0.000559,18209
1,I,Combined,1190,10%,0.9,1.1,10.0,10,how many seasons of prison break are on netflix,1.0,0.9999,2.0253,9.3e-05,17370
1,I,Combined,1190,10%,0.9,1.1,10.0,10,what was the name of atom bomb dropped by usa on hiroshima,1.0,1.0,2.0253,0.000115,17180
1,I,Combined,1190,10%,0.9,1.1,10.0,10,when did the us take over wake island,1.0,1.0,1.8344,0.000645,17356
1,I,Combined,1190,10%,0.9,1.1,10.0,10,when did american two party system began to emerge,1.0,1.0,1.6094,0.000187,17534
1,I,Combined,1190,10%,0.9,1.1,10.0,10,where are the mitochondria located in the sperm,1.0,1.0,1.8867,0.000187,16590
1,I,Combined,1190,10%,0.9,1.1,10.0,10,how many lines of symmetry are there in a equilateral triangle,1.0,1.0,2.164,0.000389,16683
1,I,Combined,1190,10%,0.9,1.1,10.0,10,how many seasons of the oc are there,1.0,1.0,1.8867,0.000888,18255
1,I,Combined,1190,10%,0.9,1.1,10.0,10,latest season on keeping up with the kardashians,0.9,0.9572,1.4979,0.000319,19285
1,I,Combined,1190,10%,0.9,1.1,10.0,10,how dose the poet present death as a voyage in crossing the bar,1.0,1.0,2.0253,0.000294,18360
1,I,Combined,1190,10%,0.9,1.1,10.0,10,who were farmers who kept a small portion of their crops & gave the rest to the landowners,1.0,1.0,1.8867,0.000121,18191
1,I,Combined,1190,10%,0.9,1.1,10.0,10,what is pumped up kicks the song about,1.0,1.0,2.0253,0.000134,17831
1,I,Combined,1190,10%,0.9,1.1,10.0,10,2. what are the reasons states impose protectionists policies on other countries,1.0,1.0,2.164,0.000156,18739
1,I,Combined,1190,10%,0.9,1.1,10.0,10,where are they building the new raiders stadium,1.0,1.0,2.164,9.5e-05,17825
1,I,Combined,1190,10%,0.9,1.1,10.0,10,what event provoked congress to propose the eleventh amendment and the states to ratify it,1.0,1.0,1.973,0.000122,18030
1,I,Combined,1190,10%,0.9,1.1,10.0,10,does joe die in the purge election year,1.0,1.0,2.0253,0.000222,16550
1,I,Combined,1190,30%,0.7,1.3,30.0,10,what is non controlling interest on balance sheet,1.0,0.9995,2.0253,2.9e-05,39569
1,I,Combined,1190,30%,0.7,1.3,30.0,10,how many episodes are in chicago fire season 4,1.0,1.0,1.8867,6.9e-05,24221
1,I,Combined,1190,30%,0.7,1.3,30.0,10,who sings love will keep us alive by the eagles,0.9,0.9452,2.0253,2.5e-05,21180
1,I,Combined,1190,30%,0.7,1.3,30.0,10,who is the leader of the ontario pc party,1.0,1.0,1.973,0.00025,17859
1,I,Combined,1190,30%,0.7,1.3,30.0,10,nitty gritty dirt band fishin in the dark album,1.0,0.9998,1.4979,7.6e-05,17800
1,I,Combined,1190,30%,0.7,1.3,30.0,10,who were the three elves who got rings,0.9,0.9413,1.8867,2.4e-05,17905
1,I,Combined,1190,30%,0.7,1.3,30.0,10,converting stereo signal to mono signal is called,1.0,1.0,2.0253,0.001064,16816
1,I,Combined,1190,30%,0.7,1.3,30.0,10,in order to prove disparate impact you first must establish,1.0,0.9998,1.7481,5e-05,17513
1,I,Combined,1190,30%,0.7,1.3,30.0,10,where do characters live in this is us,1.0,0.9998,2.0253,0.00012,18058
1,I,Combined,1190,30%,0.7,1.3,30.0,10,who makes the decisions about what to produce in a market economy,1.0,1.0,2.0253,8.6e-05,18630
1,I,Combined,1190,30%,0.7,1.3,30.0,10,when is the new tappan zee bridge going to be finished,1.0,0.9999,2.0253,0.000333,18487
1,I,Combined,1190,30%,0.7,1.3,30.0,10,who recorded i can't help falling in love with you,0.9,0.9458,2.0253,0.00018,18664
1,I,Combined,1190,30%,0.7,1.3,30.0,10,who plays the doc in back to the future,0.9,0.9473,1.8344,0.000574,18426
1,I,Combined,1190,30%,0.7,1.3,30.0,10,when did they stop cigarette advertising on television,1.0,1.0,2.0253,0.00065,18680
1,I,Combined,1190,30%,0.7,1.3,30.0,10,who has been chosen as the brand ambassador of the campaign 'beti bachao-beti padhao,1.0,1.0,1.8867,0.000504,18508
1,I,Combined,1190,30%,0.7,1.3,30.0,10,how many seasons of prison break are on netflix,0.9,0.9435,1.973,7.9e-05,17495
1,I,Combined,1190,30%,0.7,1.3,30.0,10,what was the name of atom bomb dropped by usa on hiroshima,1.0,1.0,2.0253,7.8e-05,18124
1,I,Combined,1190,30%,0.7,1.3,30.0,10,when did the us take over wake island,0.9,0.9515,1.6957,0.000677,17440
1,I,Combined,1190,30%,0.7,1.3,30.0,10,when did american two party system began to emerge,0.9,0.9481,1.6957,0.000144,18400
1,I,Combined,1190,30%,0.7,1.3,30.0,10,where are the mitochondria located in the sperm,1.0,1.0,2.0253,0.000152,19000
1,I,Combined,1190,30%,0.7,1.3,30.0,10,how many lines of symmetry are there in a equilateral triangle,1.0,1.0,2.164,0.000361,19284
1,I,Combined,1190,30%,0.7,1.3,30.0,10,how many seasons of the oc are there,1.0,1.0,1.973,0.000818,18850
1,I,Combined,1190,30%,0.7,1.3,30.0,10,latest season on keeping up with the kardashians,0.9,0.9532,1.4979,0.000285,18953
1,I,Combined,1190,30%,0.7,1.3,30.0,10,how dose the poet present death as a voyage in crossing the bar,1.0,0.9999,1.8867,0.000259,18532
1,I,Combined,1190,30%,0.7,1.3,30.0,10,who were farmers who kept a small portion of their crops & gave the rest to the landowners,1.0,0.9999,1.973,0.000107,18462
1,I,Combined,1190,30%,0.7,1.3,30.0,10,what is pumped up kicks the song about,0.9,0.9458,1.8867,0.000134,17940
1,I,Combined,1190,30%,0.7,1.3,30.0,10,2. what are the reasons states impose protectionists policies on other countries,1.0,0.9999,2.0253,0.000161,18630
1,I,Combined,1190,30%,0.7,1.3,30.0,10,where are they building the new raiders stadium,1.0,0.9999,1.8867,8.4e-05,18381
1,I,Combined,1190,30%,0.7,1.3,30.0,10,what event provoked congress to propose the eleventh amendment and the states to ratify it,1.0,1.0,2.164,0.000129,19619
1,I,Combined,1190,30%,0.7,1.3,30.0,10,does joe die in the purge election year,1.0,0.9999,2.0253,0.000188,19004
1,I,Combined,1190,50%,0.5,1.5,50.0,10,what is non controlling interest on balance sheet,0.9,0.9409,2.0253,4e-05,46497
1,I,Combined,1190,50%,0.5,1.5,50.0,10,how many episodes are in chicago fire season 4,0.8,0.8826,1.8344,5.4e-05,26483
1,I,Combined,1190,50%,0.5,1.5,50.0,10,who sings love will keep us alive by the eagles,1.0,0.9992,2.164,2.4e-05,19157
1,I,Combined,1190,50%,0.5,1.5,50.0,10,who is the leader of the ontario pc party,0.9,0.9437,1.8867,0.000176,24841
1,I,Combined,1190,50%,0.5,1.5,50.0,10,nitty gritty dirt band fishin in the dark album,0.9,0.9428,2.0253,5.3e-05,18565
1,I,Combined,1190,50%,0.5,1.5,50.0,10,who were the three elves who got rings,0.9,0.9386,1.8867,1.9e-05,19300
1,I,Combined,1190,50%,0.5,1.5,50.0,10,converting stereo signal to mono signal is called,1.0,0.9997,1.6957,0.000951,19188
1,I,Combined,1190,50%,0.5,1.5,50.0,10,in order to prove disparate impact you first must establish,0.9,0.9355,1.8344,4.4e-05,19650
1,I,Combined,1190,50%,0.5,1.5,50.0,10,where do characters live in this is us,1.0,1.0,2.0253,0.000113,18016
1,I,Combined,1190,50%,0.5,1.5,50.0,10,who makes the decisions about what to produce in a market economy,1.0,0.9997,1.8344,7.2e-05,17859
1,I,Combined,1190,50%,0.5,1.5,50.0,10,when is the new tappan zee bridge going to be finished,1.0,0.9986,1.8344,0.000248,17449
1,I,Combined,1190,50%,0.5,1.5,50.0,10,who recorded i can't help falling in love with you,1.0,0.9996,1.8867,0.000164,17696
1,I,Combined,1190,50%,0.5,1.5,50.0,10,who plays the doc in back to the future,1.0,0.9995,2.164,0.00037,17225
1,I,Combined,1190,50%,0.5,1.5,50.0,10,when did they stop cigarette advertising on television,1.0,0.9996,2.164,0.000539,16753
1,I,Combined,1190,50%,0.5,1.5,50.0,10,who has been chosen as the brand ambassador of the campaign 'beti bachao-beti padhao,1.0,0.9999,1.8867,0.000373,23604
1,I,Combined,1190,50%,0.5,1.5,50.0,10,how many seasons of prison break are on netflix,0.9,0.9432,2.0253,8.5e-05,16695
1,I,Combined,1190,50%,0.5,1.5,50.0,10,what was the name of atom bomb dropped by usa on hiroshima,0.9,0.9402,1.6957,7.9e-05,20401
1,I,Combined,1190,50%,0.5,1.5,50.0,10,when did the us take over wake island,0.9,0.9517,1.973,0.000489,17830
1,I,Combined,1190,50%,0.5,1.5,50.0,10,when did american two party system began to emerge,1.0,0.9997,1.6957,0.000123,17890
1,I,Combined,1190,50%,0.5,1.5,50.0,10,where are the mitochondria located in the sperm,0.9,0.9413,2.164,0.000122,18114
1,I,Combined,1190,50%,0.5,1.5,50.0,10,how many lines of symmetry are there in a equilateral triangle,0.9,0.9526,2.0253,0.000304,17524
1,I,Combined,1190,50%,0.5,1.5,50.0,10,how many seasons of the oc are there,1.0,0.9999,2.0253,0.000698,18179
1,I,Combined,1190,50%,0.5,1.5,50.0,10,latest season on keeping up with the kardashians,0.9,0.9572,1.7481,0.000257,17679
1,I,Combined,1190,50%,0.5,1.5,50.0,10,how dose the poet present death as a voyage in crossing the bar,0.9,0.9469,2.0253,0.000208,17384
1,I,Combined,1190,50%,0.5,1.5,50.0,10,who were farmers who kept a small portion of their crops & gave the rest to the landowners,0.9,0.9487,1.8344,8.5e-05,17477
1,I,Combined,1190,50%,0.5,1.5,50.0,10,what is pumped up kicks the song about,0.9,0.9455,2.164,8.6e-05,21850
1,I,Combined,1190,50%,0.5,1.5,50.0,10,2. what are the reasons states impose protectionists policies on other countries,1.0,0.9999,2.164,0.000134,16497
1,I,Combined,1190,50%,0.5,1.5,50.0,10,where are they building the new raiders stadium,1.0,1.0,2.0253,7.3e-05,17101
1,I,Combined,1190,50%,0.5,1.5,50.0,10,what event provoked congress to propose the eleventh amendment and the states to ratify it,1.0,0.9959,1.8867,8.7e-05,17890
1,I,Combined,1190,50%,0.5,1.5,50.0,10,does joe die in the purge election year,0.9,0.9468,2.0253,0.000137,16785
1,I,Combined,1190,70%,0.3,1.7,70.0,10,what is non controlling interest on balance sheet,1.0,0.9996,2.164,2.2e-05,38499
1,I,Combined,1190,70%,0.3,1.7,70.0,10,how many episodes are in chicago fire season 4,0.9,0.9331,1.7481,3.5e-05,27342
1,I,Combined,1190,70%,0.3,1.7,70.0,10,who sings love will keep us alive by the eagles,1.0,0.9987,1.8344,9e-06,21152
1,I,Combined,1190,70%,0.3,1.7,70.0,10,who is the leader of the ontario pc party,0.9,0.9442,1.6094,9.9e-05,18401
1,I,Combined,1190,70%,0.3,1.7,70.0,10,nitty gritty dirt band fishin in the dark album,0.8,0.8759,1.8867,2.8e-05,20074
1,I,Combined,1190,70%,0.3,1.7,70.0,10,who were the three elves who got rings,0.8,0.872,1.8867,8e-06,19221
1,I,Combined,1190,70%,0.3,1.7,70.0,10,converting stereo signal to mono signal is called,1.0,0.9997,2.0253,0.000494,18109
1,I,Combined,1190,70%,0.3,1.7,70.0,10,in order to prove disparate impact you first must establish,1.0,0.9999,2.0253,2.8e-05,16100
1,I,Combined,1190,70%,0.3,1.7,70.0,10,where do characters live in this is us,1.0,0.9998,2.0253,5.8e-05,17428
1,I,Combined,1190,70%,0.3,1.7,70.0,10,who makes the decisions about what to produce in a market economy,1.0,0.9997,1.8867,3.2e-05,19660
1,I,Combined,1190,70%,0.3,1.7,70.0,10,when is the new tappan zee bridge going to be finished,0.9,0.9414,1.7481,0.000135,18530
1,I,Combined,1190,70%,0.3,1.7,70.0,10,who recorded i can't help falling in love with you,1.0,0.9997,1.8867,7.7e-05,16946
1,I,Combined,1190,70%,0.3,1.7,70.0,10,who plays the doc in back to the future,1.0,0.9999,2.164,0.000262,17347
1,I,Combined,1190,70%,0.3,1.7,70.0,10,when did they stop cigarette advertising on television,0.9,0.9484,1.8867,0.000248,16515
1,I,Combined,1190,70%,0.3,1.7,70.0,10,who has been chosen as the brand ambassador of the campaign 'beti bachao-beti padhao,1.0,1.0,2.0253,0.000263,17779
1,I,Combined,1190,70%,0.3,1.7,70.0,10,how many seasons of prison break are on netflix,1.0,0.9949,1.8344,3.9e-05,16562
1,I,Combined,1190,70%,0.3,1.7,70.0,10,what was the name of atom bomb dropped by usa on hiroshima,0.9,0.9453,2.0253,6e-05,16970
1,I,Combined,1190,70%,0.3,1.7,70.0,10,when did the us take over wake island,1.0,1.0,1.973,0.000269,17218
1,I,Combined,1190,70%,0.3,1.7,70.0,10,when did american two party system began to emerge,0.9,0.9459,1.8867,6.1e-05,17672
1,I,Combined,1190,70%,0.3,1.7,70.0,10,where are the mitochondria located in the sperm,0.9,0.9418,1.7481,8.9e-05,17407
1,I,Combined,1190,70%,0.3,1.7,70.0,10,how many lines of symmetry are there in a equilateral triangle,0.9,0.9517,2.164,0.000139,17951
1,I,Combined,1190,70%,0.3,1.7,70.0,10,how many seasons of the oc are there,1.0,1.0,2.0253,0.000436,17673
1,I,Combined,1190,70%,0.3,1.7,70.0,10,latest season on keeping up with the kardashians,0.9,0.9528,1.6094,0.000139,22302
1,I,Combined,1190,70%,0.3,1.7,70.0,10,how dose the poet present death as a voyage in crossing the bar,0.9,0.9466,1.973,0.000138,18406
1,I,Combined,1190,70%,0.3,1.7,70.0,10,who were farmers who kept a small portion of their crops & gave the rest to the landowners,0.9,0.9476,1.6094,5.2e-05,19021
1,I,Combined,1190,70%,0.3,1.7,70.0,10,what is pumped up kicks the song about,0.9,0.9404,2.0253,4.1e-05,17217
1,I,Combined,1190,70%,0.3,1.7,70.0,10,2. what are the reasons states impose protectionists policies on other countries,1.0,0.9985,1.8344,5.1e-05,17444
1,I,Combined,1190,70%,0.3,1.7,70.0,10,where are they building the new raiders stadium,1.0,0.9998,1.7481,5.3e-05,17461
1,I,Combined,1190,70%,0.3,1.7,70.0,10,what event provoked congress to propose the eleventh amendment and the states to ratify it,0.9,0.9461,2.0253,4.6e-05,17476
1,I,Combined,1190,70%,0.3,1.7,70.0,10,does joe die in the purge election year,1.0,0.9999,1.6957,8.9e-05,18907
2,I,Combined,1190,0%,1.0,1.0,0.0,10,what is non controlling interest on balance sheet,1.0,1.0,1.8867,4e-05,41717
2,I,Combined,1190,0%,1.0,1.0,0.0,10,how many episodes are in chicago fire season 4,1.0,1.0,1.6957,7.6e-05,27317
2,I,Combined,1190,0%,1.0,1.0,0.0,10,who sings love will keep us alive by the eagles,1.0,1.0,2.164,2.7e-05,20942
2,I,Combined,1190,0%,1.0,1.0,0.0,10,who is the leader of the ontario pc party,1.0,1.0,1.7481,0.000275,18430
2,I,Combined,1190,0%,1.0,1.0,0.0,10,nitty gritty dirt band fishin in the dark album,1.0,1.0,1.7481,7.7e-05,17867
2,I,Combined,1190,0%,1.0,1.0,0.0,10,who were the three elves who got rings,1.0,1.0,2.0253,2.8e-05,18650
2,I,Combined,1190,0%,1.0,1.0,0.0,10,converting stereo signal to mono signal is called,1.0,1.0,1.6957,0.001218,18951
2,I,Combined,1190,0%,1.0,1.0,0.0,10,in order to prove disparate impact you first must establish,1.0,1.0,1.8344,6e-05,17329
2,I,Combined,1190,0%,1.0,1.0,0.0,10,where do characters live in this is us,1.0,1.0,2.0253,0.000148,17652
2,I,Combined,1190,0%,1.0,1.0,0.0,10,who makes the decisions about what to produce in a market economy,1.0,1.0,1.6434,9.2e-05,16953
2,I,Combined,1190,0%,1.0,1.0,0.0,10,when is the new tappan zee bridge going to be finished,1.0,1.0,1.6957,0.000355,17523
2,I,Combined,1190,0%,1.0,1.0,0.0,10,who recorded i can't help falling in love with you,1.0,1.0,2.0253,0.000217,16892
2,I,Combined,1190,0%,1.0,1.0,0.0,10,who plays the doc in back to the future,1.0,1.0,2.0253,0.000551,17611
2,I,Combined,1190,0%,1.0,1.0,0.0,10,when did they stop cigarette advertising on television,1.0,1.0,2.0253,0.000669,18547
2,I,Combined,1190,0%,1.0,1.0,0.0,10,who has been chosen as the brand ambassador of the campaign 'beti bachao-beti padhao,1.0,1.0,1.6957,0.000573,17891
2,I,Combined,1190,0%,1.0,1.0,0.0,10,how many seasons of prison break are on netflix,1.0,1.0,1.973,9.4e-05,17575
2,I,Combined,1190,0%,1.0,1.0,0.0,10,what was the name of atom bomb dropped by usa on hiroshima,1.0,1.0,1.8867,0.00011,17944
2,I,Combined,1190,0%,1.0,1.0,0.0,10,when did the us take over wake island,1.0,1.0,1.973,0.000696,17690
2,I,Combined,1190,0%,1.0,1.0,0.0,10,when did american two party system began to emerge,1.0,1.0,1.6094,0.00019,24621
2,I,Combined,1190,0%,1.0,1.0,0.0,10,where are the mitochondria located in the sperm,1.0,1.0,2.164,0.00018,19250
2,I,Combined,1190,0%,1.0,1.0,0.0,10,how many lines of symmetry are there in a equilateral triangle,1.0,1.0,2.164,0.000394,18313
2,I,Combined,1190,0%,1.0,1.0,0.0,10,how many seasons of the oc are there,1.0,1.0,1.8867,0.000938,18433
2,I,Combined,1190,0%,1.0,1.0,0.0,10,latest season on keeping up with the kardashians,1.0,1.0,1.3592,0.000327,20014
2,I,Combined,1190,0%,1.0,1.0,0.0,10,how dose the poet present death as a voyage in crossing the bar,1.0,1.0,1.8344,0.000307,18361
2,I,Combined,1190,0%,1.0,1.0,0.0,10,who were farmers who kept a small portion of their crops & gave the rest to the landowners,1.0,1.0,1.8867,0.000119,18723
2,I,Combined,1190,0%,1.0,1.0,0.0,10,what is pumped up kicks the song about,1.0,1.0,1.8344,0.000141,16281
2,I,Combined,1190,0%,1.0,1.0,0.0,10,2. what are the reasons states impose protectionists policies on other countries,1.0,1.0,2.0253,0.000159,17036
2,I,Combined,1190,0%,1.0,1.0,0.0,10,where are they building the new raiders stadium,1.0,1.0,2.164,0.000102,21676
2,I,Combined,1190,0%,1.0,1.0,0.0,10,what event provoked congress to propose the eleventh amendment and the states to ratify it,1.0,1.0,1.973,0.000125,17906
2,I,Combined,1190,0%,1.0,1.0,0.0,10,does joe die in the purge election year,1.0,1.0,1.8344,0.000228,18166
2,I,Combined,1190,1%,0.99,1.01,1.0,10,what is non controlling interest on balance sheet,1.0,1.0,1.8867,4e-05,37950
2,I,Combined,1190,1%,0.99,1.01,1.0,10,how many episodes are in chicago fire season 4,1.0,1.0,1.6957,7.6e-05,24380
2,I,Combined,1190,1%,0.99,1.01,1.0,10,who sings love will keep us alive by the eagles,1.0,1.0,2.164,2.7e-05,20520
2,I,Combined,1190,1%,0.99,1.01,1.0,10,who is the leader of the ontario pc party,1.0,1.0,1.7481,0.000276,17875
2,I,Combined,1190,1%,0.99,1.01,1.0,10,nitty gritty dirt band fishin in the dark album,1.0,1.0,1.7481,7.7e-05,18488
2,I,Combined,1190,1%,0.99,1.01,1.0,10,who were the three elves who got rings,1.0,1.0,2.0253,2.8e-05,17376
2,I,Combined,1190,1%,0.99,1.01,1.0,10,converting stereo signal to mono signal is called,1.0,1.0,1.6957,0.001216,17962
2,I,Combined,1190,1%,0.99,1.01,1.0,10,in order to prove disparate impact you first must establish,1.0,1.0,1.8344,6e-05,17851
2,I,Combined,1190,1%,0.99,1.01,1.0,10,where do characters live in this is us,1.0,1.0,2.0253,0.000149,17422
2,I,Combined,1190,1%,0.99,1.01,1.0,10,who makes the decisions about what to produce in a market economy,1.0,1.0,1.6434,9.1e-05,17182
2,I,Combined,1190,1%,0.99,1.01,1.0,10,when is the new tappan zee bridge going to be finished,1.0,1.0,1.6957,0.000356,16942
2,I,Combined,1190,1%,0.99,1.01,1.0,10,who recorded i can't help falling in love with you,1.0,1.0,1.8867,0.000216,17480
2,I,Combined,1190,1%,0.99,1.01,1.0,10,who plays the doc in back to the future,1.0,1.0,2.0253,0.000551,21234
2,I,Combined,1190,1%,0.99,1.01,1.0,10,when did they stop cigarette advertising on television,1.0,1.0,2.0253,0.00067,17659
2,I,Combined,1190,1%,0.99,1.01,1.0,10,who has been chosen as the brand ambassador of the campaign 'beti bachao-beti padhao,1.0,1.0,1.6957,0.000573,17981
2,I,Combined,1190,1%,0.99,1.01,1.0,10,how many seasons of prison break are on netflix,1.0,1.0,1.973,9.4e-05,16908
2,I,Combined,1190,1%,0.99,1.01,1.0,10,what was the name of atom bomb dropped by usa on hiroshima,1.0,1.0,1.8867,0.000109,17678
2,I,Combined,1190,1%,0.99,1.01,1.0,10,when did the us take over wake island,1.0,1.0,1.973,0.000693,18826
2,I,Combined,1190,1%,0.99,1.01,1.0,10,when did american two party system began to emerge,1.0,1.0,1.6094,0.00019,17598
2,I,Combined,1190,1%,0.99,1.01,1.0,10,where are the mitochondria located in the sperm,1.0,1.0,2.164,0.000181,18473
2,I,Combined,1190,1%,0.99,1.01,1.0,10,how many lines of symmetry are there in a equilateral triangle,1.0,1.0,2.164,0.000393,18861
2,I,Combined,1190,1%,0.99,1.01,1.0,10,how many seasons of the oc are there,1.0,1.0,1.8867,0.000935,17277
2,I,Combined,1190,1%,0.99,1.01,1.0,10,latest season on keeping up with the kardashians,1.0,1.0,1.3592,0.000326,17790
2,I,Combined,1190,1%,0.99,1.01,1.0,10,how dose the poet present death as a voyage in crossing the bar,1.0,1.0,1.8344,0.000308,19136
2,I,Combined,1190,1%,0.99,1.01,1.0,10,who were farmers who kept a small portion of their crops & gave the rest to the landowners,1.0,1.0,1.8867,0.000118,18627
2,I,Combined,1190,1%,0.99,1.01,1.0,10,what is pumped up kicks the song about,1.0,1.0,1.8344,0.000142,19281
2,I,Combined,1190,1%,0.99,1.01,1.0,10,2. what are the reasons states impose protectionists policies on other countries,1.0,1.0,2.0253,0.000159,19282
2,I,Combined,1190,1%,0.99,1.01,1.0,10,where are they building the new raiders stadium,1.0,1.0,2.164,0.000102,18235
2,I,Combined,1190,1%,0.99,1.01,1.0,10,what event provoked congress to propose the eleventh amendment and the states to ratify it,1.0,1.0,1.973,0.000125,19147
2,I,Combined,1190,1%,0.99,1.01,1.0,10,does joe die in the purge election year,1.0,1.0,1.8344,0.000228,19616
2,I,Combined,1190,10%,0.9,1.1,10.0,10,what is non controlling interest on balance sheet,1.0,0.9998,1.973,4e-05,37020
2,I,Combined,1190,10%,0.9,1.1,10.0,10,how many episodes are in chicago fire season 4,1.0,0.9998,1.6957,7.5e-05,22304
2,I,Combined,1190,10%,0.9,1.1,10.0,10,who sings love will keep us alive by the eagles,1.0,1.0,2.0253,2.9e-05,19679
2,I,Combined,1190,10%,0.9,1.1,10.0,10,who is the leader of the ontario pc party,0.9,0.9442,1.7481,0.000271,18543
2,I,Combined,1190,10%,0.9,1.1,10.0,10,nitty gritty dirt band fishin in the dark album,1.0,1.0,1.6957,7.2e-05,18825
2,I,Combined,1190,10%,0.9,1.1,10.0,10,who were the three elves who got rings,0.9,0.9413,1.973,2.7e-05,17242
2,I,Combined,1190,10%,0.9,1.1,10.0,10,converting stereo signal to mono signal is called,1.0,0.9999,1.6957,0.001228,17190
2,I,Combined,1190,10%,0.9,1.1,10.0,10,in order to prove disparate impact you first must establish,1.0,1.0,1.8344,5.9e-05,25785
2,I,Combined,1190,10%,0.9,1.1,10.0,10,where do characters live in this is us,1.0,1.0,2.0253,0.000146,19122
2,I,Combined,1190,10%,0.9,1.1,10.0,10,who makes the decisions about what to produce in a market economy,1.0,1.0,2.0253,9.5e-05,17747
2,I,Combined,1190,10%,0.9,1.1,10.0,10,when is the new tappan zee bridge going to be finished,1.0,0.9999,1.6957,0.000342,17676
2,I,Combined,1190,10%,0.9,1.1,10.0,10,who recorded i can't help falling in love with you,1.0,1.0,2.0253,0.000217,19285
2,I,Combined,1190,10%,0.9,1.1,10.0,10,who plays the doc in back to the future,1.0,0.9999,1.8344,0.000537,17238
2,I,Combined,1190,10%,0.9,1.1,10.0,10,when did they stop cigarette advertising on television,1.0,1.0,2.0253,0.000679,17586
2,I,Combined,1190,10%,0.9,1.1,10.0,10,who has been chosen as the brand ambassador of the campaign 'beti bachao-beti padhao,1.0,1.0,1.6957,0.000574,18249
2,I,Combined,1190,10%,0.9,1.1,10.0,10,how many seasons of prison break are on netflix,0.9,0.9434,1.973,0.000102,18030
2,I,Combined,1190,10%,0.9,1.1,10.0,10,what was the name of atom bomb dropped by usa on hiroshima,1.0,1.0,1.7481,0.000105,17698
2,I,Combined,1190,10%,0.9,1.1,10.0,10,when did the us take over wake island,1.0,1.0,1.973,0.000689,17392
2,I,Combined,1190,10%,0.9,1.1,10.0,10,when did american two party system began to emerge,0.9,0.946,1.6094,0.000186,15490
2,I,Combined,1190,10%,0.9,1.1,10.0,10,where are the mitochondria located in the sperm,1.0,1.0,2.0253,0.000173,16829
2,I,Combined,1190,10%,0.9,1.1,10.0,10,how many lines of symmetry are there in a equilateral triangle,1.0,1.0,2.164,0.000381,16622
2,I,Combined,1190,10%,0.9,1.1,10.0,10,how many seasons of the oc are there,1.0,1.0,1.8867,0.00094,16385
2,I,Combined,1190,10%,0.9,1.1,10.0,10,latest season on keeping up with the kardashians,1.0,1.0,1.4979,0.000323,15769
2,I,Combined,1190,10%,0.9,1.1,10.0,10,how dose the poet present death as a voyage in crossing the bar,1.0,1.0,1.973,0.000306,16670
2,I,Combined,1190,10%,0.9,1.1,10.0,10,who were farmers who kept a small portion of their crops & gave the rest to the landowners,1.0,0.9998,1.8344,0.000117,17708
2,I,Combined,1190,10%,0.9,1.1,10.0,10,what is pumped up kicks the song about,1.0,1.0,2.164,0.000136,17851
2,I,Combined,1190,10%,0.9,1.1,10.0,10,2. what are the reasons states impose protectionists policies on other countries,1.0,1.0,2.0253,0.000155,16685
2,I,Combined,1190,10%,0.9,1.1,10.0,10,where are they building the new raiders stadium,1.0,1.0,2.164,0.000103,18624
2,I,Combined,1190,10%,0.9,1.1,10.0,10,what event provoked congress to propose the eleventh amendment and the states to ratify it,1.0,1.0,1.973,0.000123,17732
2,I,Combined,1190,10%,0.9,1.1,10.0,10,does joe die in the purge election year,0.9,0.9468,2.164,0.000227,19545
2,I,Combined,1190,30%,0.7,1.3,30.0,10,what is non controlling interest on balance sheet,0.9,0.9409,1.6957,3.2e-05,43020
2,I,Combined,1190,30%,0.7,1.3,30.0,10,how many episodes are in chicago fire season 4,0.9,0.9427,1.8867,7.4e-05,24430
2,I,Combined,1190,30%,0.7,1.3,30.0,10,who sings love will keep us alive by the eagles,1.0,0.9992,2.0253,2.9e-05,23805
2,I,Combined,1190,30%,0.7,1.3,30.0,10,who is the leader of the ontario pc party,0.9,0.9442,1.6957,0.000228,17973
2,I,Combined,1190,30%,0.7,1.3,30.0,10,nitty gritty dirt band fishin in the dark album,1.0,1.0,1.8344,7e-05,16902
2,I,Combined,1190,30%,0.7,1.3,30.0,10,who were the three elves who got rings,1.0,0.9998,1.8867,2.9e-05,18199
2,I,Combined,1190,30%,0.7,1.3,30.0,10,converting stereo signal to mono signal is called,1.0,1.0,2.0253,0.00108,18425
2,I,Combined,1190,30%,0.7,1.3,30.0,10,in order to prove disparate impact you first must establish,1.0,0.9999,2.0253,4.8e-05,17976
2,I,Combined,1190,30%,0.7,1.3,30.0,10,where do characters live in this is us,1.0,1.0,2.0253,0.000131,17935
2,I,Combined,1190,30%,0.7,1.3,30.0,10,who makes the decisions about what to produce in a market economy,1.0,0.9999,1.8344,7.9e-05,17919
2,I,Combined,1190,30%,0.7,1.3,30.0,10,when is the new tappan zee bridge going to be finished,1.0,0.9997,1.6434,0.000278,19820
2,I,Combined,1190,30%,0.7,1.3,30.0,10,who recorded i can't help falling in love with you,1.0,0.9999,1.6957,0.000209,20991
2,I,Combined,1190,30%,0.7,1.3,30.0,10,who plays the doc in back to the future,1.0,0.9999,1.8867,0.000474,16572
2,I,Combined,1190,30%,0.7,1.3,30.0,10,when did they stop cigarette advertising on television,1.0,0.9999,2.0253,0.000597,17560
2,I,Combined,1190,30%,0.7,1.3,30.0,10,who has been chosen as the brand ambassador of the campaign 'beti bachao-beti padhao,1.0,1.0,1.8867,0.000486,17900
2,I,Combined,1190,30%,0.7,1.3,30.0,10,how many seasons of prison break are on netflix,0.9,0.9441,2.164,8.1e-05,18214
2,I,Combined,1190,30%,0.7,1.3,30.0,10,what was the name of atom bomb dropped by usa on hiroshima,1.0,1.0,2.164,0.000107,19250
2,I,Combined,1190,30%,0.7,1.3,30.0,10,when did the us take over wake island,0.9,0.9473,1.973,0.00073,18302
2,I,Combined,1190,30%,0.7,1.3,30.0,10,when did american two party system began to emerge,1.0,0.9999,1.6957,0.000148,17103
2,I,Combined,1190,30%,0.7,1.3,30.0,10,where are the mitochondria located in the sperm,0.9,0.9446,1.8867,0.000151,22099
2,I,Combined,1190,30%,0.7,1.3,30.0,10,how many lines of symmetry are there in a equilateral triangle,0.9,0.9525,2.0253,0.000345,17690
2,I,Combined,1190,30%,0.7,1.3,30.0,10,how many seasons of the oc are there,1.0,0.9999,1.8867,0.000756,17072
2,I,Combined,1190,30%,0.7,1.3,30.0,10,latest season on keeping up with the kardashians,0.9,0.9571,1.7481,0.00029,19709
2,I,Combined,1190,30%,0.7,1.3,30.0,10,how dose the poet present death as a voyage in crossing the bar,1.0,0.9999,2.0253,0.000268,18161
2,I,Combined,1190,30%,0.7,1.3,30.0,10,who were farmers who kept a small portion of their crops & gave the rest to the landowners,0.9,0.9487,1.8344,9.5e-05,19398
2,I,Combined,1190,30%,0.7,1.3,30.0,10,what is pumped up kicks the song about,1.0,0.9997,2.164,0.000128,18077
2,I,Combined,1190,30%,0.7,1.3,30.0,10,2. what are the reasons states impose protectionists policies on other countries,0.9,0.9424,2.164,0.000138,18335
2,I,Combined,1190,30%,0.7,1.3,30.0,10,where are they building the new raiders stadium,1.0,1.0,2.164,9.5e-05,19111
2,I,Combined,1190,30%,0.7,1.3,30.0,10,what event provoked congress to propose the eleventh amendment and the states to ratify it,0.9,0.9433,1.973,0.000112,22035
2,I,Combined,1190,30%,0.7,1.3,30.0,10,does joe die in the purge election year,1.0,0.9999,2.3026,0.000195,17802
2,I,Combined,1190,50%,0.5,1.5,50.0,10,what is non controlling interest on balance sheet,0.9,0.9384,2.164,4e-05,37396
2,I,Combined,1190,50%,0.5,1.5,50.0,10,how many episodes are in chicago fire season 4,0.9,0.9403,1.8867,4.7e-05,26763
2,I,Combined,1190,50%,0.5,1.5,50.0,10,who sings love will keep us alive by the eagles,0.9,0.9447,2.164,2e-05,21545
2,I,Combined,1190,50%,0.5,1.5,50.0,10,who is the leader of the ontario pc party,1.0,1.0,2.0253,0.000186,19010
2,I,Combined,1190,50%,0.5,1.5,50.0,10,nitty gritty dirt band fishin in the dark album,1.0,0.9985,1.973,5.2e-05,18278
2,I,Combined,1190,50%,0.5,1.5,50.0,10,who were the three elves who got rings,0.9,0.9381,2.0253,2.4e-05,17789
2,I,Combined,1190,50%,0.5,1.5,50.0,10,converting stereo signal to mono signal is called,1.0,1.0,1.6957,0.000738,18816
2,I,Combined,1190,50%,0.5,1.5,50.0,10,in order to prove disparate impact you first must establish,0.9,0.9404,1.7481,4.8e-05,17976
2,I,Combined,1190,50%,0.5,1.5,50.0,10,where do characters live in this is us,1.0,1.0,1.973,0.000112,18276
2,I,Combined,1190,50%,0.5,1.5,50.0,10,who makes the decisions about what to produce in a market economy,1.0,0.9997,2.0253,7.8e-05,17588
2,I,Combined,1190,50%,0.5,1.5,50.0,10,when is the new tappan zee bridge going to be finished,1.0,0.9999,2.0253,0.000274,17847
2,I,Combined,1190,50%,0.5,1.5,50.0,10,who recorded i can't help falling in love with you,1.0,0.9987,1.6957,0.000154,18650
2,I,Combined,1190,50%,0.5,1.5,50.0,10,who plays the doc in back to the future,0.9,0.9474,1.8867,0.000418,19128
2,I,Combined,1190,50%,0.5,1.5,50.0,10,when did they stop cigarette advertising on television,1.0,1.0,2.0253,0.000394,18096
2,I,Combined,1190,50%,0.5,1.5,50.0,10,who has been chosen as the brand ambassador of the campaign 'beti bachao-beti padhao,1.0,1.0,1.8867,0.000447,18726
2,I,Combined,1190,50%,0.5,1.5,50.0,10,how many seasons of prison break are on netflix,1.0,0.9994,1.8867,7.2e-05,18063
2,I,Combined,1190,50%,0.5,1.5,50.0,10,what was the name of atom bomb dropped by usa on hiroshima,1.0,0.9999,2.0253,7.2e-05,21020
2,I,Combined,1190,50%,0.5,1.5,50.0,10,when did the us take over wake island,1.0,1.0,1.8344,0.000473,17952
2,I,Combined,1190,50%,0.5,1.5,50.0,10,when did american two party system began to emerge,0.9,0.9477,1.6957,0.000151,18708
2,I,Combined,1190,50%,0.5,1.5,50.0,10,where are the mitochondria located in the sperm,0.9,0.9444,2.0253,0.000112,16495
2,I,Combined,1190,50%,0.5,1.5,50.0,10,how many lines of symmetry are there in a equilateral triangle,1.0,1.0,2.0253,0.000263,17040
2,I,Combined,1190,50%,0.5,1.5,50.0,10,how many seasons of the oc are there,1.0,0.9999,2.3026,0.000625,17344
2,I,Combined,1190,50%,0.5,1.5,50.0,10,latest season on keeping up with the kardashians,0.9,0.9568,1.3592,0.00022,18221
2,I,Combined,1190,50%,0.5,1.5,50.0,10,how dose the poet present death as a voyage in crossing the bar,0.9,0.9469,1.8867,0.000224,18341
2,I,Combined,1190,50%,0.5,1.5,50.0,10,who were farmers who kept a small portion of their crops & gave the rest to the landowners,1.0,0.9981,1.8867,8.6e-05,18509
2,I,Combined,1190,50%,0.5,1.5,50.0,10,what is pumped up kicks the song about,0.9,0.9458,2.3026,0.000104,18243
2,I,Combined,1190,50%,0.5,1.5,50.0,10,2. what are the reasons states impose protectionists policies on other countries,1.0,0.9996,2.0253,9.7e-05,18065
2,I,Combined,1190,50%,0.5,1.5,50.0,10,where are they building the new raiders stadium,1.0,0.9998,1.8867,7e-05,21310
2,I,Combined,1190,50%,0.5,1.5,50.0,10,what event provoked congress to propose the eleventh amendment and the states to ratify it,0.8,0.8901,1.8344,9.4e-05,17322
2,I,Combined,1190,50%,0.5,1.5,50.0,10,does joe die in the purge election year,1.0,1.0,2.0253,0.00016,16548
2,I,Combined,1190,70%,0.3,1.7,70.0,10,what is non controlling interest on balance sheet,0.9,0.9379,2.0253,2e-05,39480
2,I,Combined,1190,70%,0.3,1.7,70.0,10,how many episodes are in chicago fire season 4,1.0,0.9989,1.8867,3e-05,27362
2,I,Combined,1190,70%,0.3,1.7,70.0,10,who sings love will keep us alive by the eagles,0.9,0.9434,2.164,1.2e-05,20881
2,I,Combined,1190,70%,0.3,1.7,70.0,10,who is the leader of the ontario pc party,1.0,1.0,1.6957,0.000128,17322
2,I,Combined,1190,70%,0.3,1.7,70.0,10,nitty gritty dirt band fishin in the dark album,0.9,0.9441,1.973,3.6e-05,17634
2,I,Combined,1190,70%,0.3,1.7,70.0,10,who were the three elves who got rings,0.9,0.9404,2.3026,7e-06,18443
2,I,Combined,1190,70%,0.3,1.7,70.0,10,converting stereo signal to mono signal is called,1.0,1.0,1.8344,0.000536,18193
2,I,Combined,1190,70%,0.3,1.7,70.0,10,in order to prove disparate impact you first must establish,0.9,0.9411,1.7481,3.2e-05,17112
2,I,Combined,1190,70%,0.3,1.7,70.0,10,where do characters live in this is us,1.0,0.9999,1.8344,7.9e-05,18388
2,I,Combined,1190,70%,0.3,1.7,70.0,10,who makes the decisions about what to produce in a market economy,1.0,1.0,1.973,4.7e-05,19879
2,I,Combined,1190,70%,0.3,1.7,70.0,10,when is the new tappan zee bridge going to be finished,0.9,0.9422,1.8344,0.00019,18565
2,I,Combined,1190,70%,0.3,1.7,70.0,10,who recorded i can't help falling in love with you,1.0,0.9994,1.8867,8.4e-05,17871
2,I,Combined,1190,70%,0.3,1.7,70.0,10,who plays the doc in back to the future,0.9,0.9465,2.0253,0.00025,16649
2,I,Combined,1190,70%,0.3,1.7,70.0,10,when did they stop cigarette advertising on television,1.0,0.9999,1.8344,0.000314,17115
2,I,Combined,1190,70%,0.3,1.7,70.0,10,who has been chosen as the brand ambassador of the campaign 'beti bachao-beti padhao,1.0,1.0,1.8867,0.000201,17034
2,I,Combined,1190,70%,0.3,1.7,70.0,10,how many seasons of prison break are on netflix,1.0,0.9961,2.0253,5.3e-05,16217
2,I,Combined,1190,70%,0.3,1.7,70.0,10,what was the name of atom bomb dropped by usa on hiroshima,0.9,0.942,1.973,5.7e-05,16567
2,I,Combined,1190,70%,0.3,1.7,70.0,10,when did the us take over wake island,0.9,0.9516,1.8344,0.000291,16899
2,I,Combined,1190,70%,0.3,1.7,70.0,10,when did american two party system began to emerge,0.9,0.946,1.8867,7.8e-05,16636
2,I,Combined,1190,70%,0.3,1.7,70.0,10,where are the mitochondria located in the sperm,1.0,0.9971,2.164,8.3e-05,16222
2,I,Combined,1190,70%,0.3,1.7,70.0,10,how many lines of symmetry are there in a equilateral triangle,0.9,0.9516,1.7481,0.00013,17531
2,I,Combined,1190,70%,0.3,1.7,70.0,10,how many seasons of the oc are there,1.0,0.9999,1.8867,0.000296,18210
2,I,Combined,1190,70%,0.3,1.7,70.0,10,latest season on keeping up with the kardashians,0.9,0.9532,1.4979,0.000128,18427
2,I,Combined,1190,70%,0.3,1.7,70.0,10,how dose the poet present death as a voyage in crossing the bar,1.0,0.9989,1.8867,0.000143,18153
2,I,Combined,1190,70%,0.3,1.7,70.0,10,who were farmers who kept a small portion of their crops & gave the rest to the landowners,1.0,0.9993,1.8344,8.1e-05,17850
2,I,Combined,1190,70%,0.3,1.7,70.0,10,what is pumped up kicks the song about,0.9,0.9458,1.8867,7.1e-05,17629
2,I,Combined,1190,70%,0.3,1.7,70.0,10,2. what are the reasons states impose protectionists policies on other countries,1.0,0.9998,2.0253,6.5e-05,18313
2,I,Combined,1190,70%,0.3,1.7,70.0,10,where are they building the new raiders stadium,1.0,0.9992,2.0253,4e-05,19464
2,I,Combined,1190,70%,0.3,1.7,70.0,10,what event provoked congress to propose the eleventh amendment and the states to ratify it,0.9,0.9412,1.8344,5.6e-05,17775
2,I,Combined,1190,70%,0.3,1.7,70.0,10,does joe die in the purge election year,1.0,0.9953,2.164,8.8e-05,19377
3,I,Combined,1190,0%,1.0,1.0,0.0,10,what is non controlling interest on balance sheet,1.0,1.0,1.8867,4e-05,41265
3,I,Combined,1190,0%,1.0,1.0,0.0,10,how many episodes are in chicago fire season 4,1.0,1.0,1.6957,7.6e-05,21767
3,I,Combined,1190,0%,1.0,1.0,0.0,10,who sings love will keep us alive by the eagles,1.0,1.0,2.164,2.7e-05,22478
3,I,Combined,1190,0%,1.0,1.0,0.0,10,who is the leader of the ontario pc party,1.0,1.0,1.7481,0.000275,20713
3,I,Combined,1190,0%,1.0,1.0,0.0,10,nitty gritty dirt band fishin in the dark album,1.0,1.0,1.7481,7.7e-05,18101
3,I,Combined,1190,0%,1.0,1.0,0.0,10,who were the three elves who got rings,1.0,1.0,2.0253,2.8e-05,18037
3,I,Combined,1190,0%,1.0,1.0,0.0,10,converting stereo signal to mono signal is called,1.0,1.0,1.6957,0.001218,16558
3,I,Combined,1190,0%,1.0,1.0,0.0,10,in order to prove disparate impact you first must establish,1.0,1.0,1.8344,6e-05,17012
3,I,Combined,1190,0%,1.0,1.0,0.0,10,where do characters live in this is us,1.0,1.0,2.0253,0.000148,17845
3,I,Combined,1190,0%,1.0,1.0,0.0,10,who makes the decisions about what to produce in a market economy,1.0,1.0,1.6434,9.2e-05,17978
3,I,Combined,1190,0%,1.0,1.0,0.0,10,when is the new tappan zee bridge going to be finished,1.0,1.0,1.6957,0.000355,18135
3,I,Combined,1190,0%,1.0,1.0,0.0,10,who recorded i can't help falling in love with you,1.0,1.0,2.0253,0.000217,18811
3,I,Combined,1190,0%,1.0,1.0,0.0,10,who plays the doc in back to the future,1.0,1.0,2.0253,0.000551,17513
3,I,Combined,1190,0%,1.0,1.0,0.0,10,when did they stop cigarette advertising on television,1.0,1.0,2.0253,0.000669,16543
3,I,Combined,1190,0%,1.0,1.0,0.0,10,who has been chosen as the brand ambassador of the campaign 'beti bachao-beti padhao,1.0,1.0,1.6957,0.000573,18553
3,I,Combined,1190,0%,1.0,1.0,0.0,10,how many seasons of prison break are on netflix,1.0,1.0,1.973,9.4e-05,20388
3,I,Combined,1190,0%,1.0,1.0,0.0,10,what was the name of atom bomb dropped by usa on hiroshima,1.0,1.0,1.8867,0.00011,19718
3,I,Combined,1190,0%,1.0,1.0,0.0,10,when did the us take over wake island,1.0,1.0,1.973,0.000696,16954
3,I,Combined,1190,0%,1.0,1.0,0.0,10,when did american two party system began to emerge,1.0,1.0,1.6094,0.00019,18533
3,I,Combined,1190,0%,1.0,1.0,0.0,10,where are the mitochondria located in the sperm,1.0,1.0,2.164,0.00018,16515
3,I,Combined,1190,0%,1.0,1.0,0.0,10,how many lines of symmetry are there in a equilateral triangle,1.0,1.0,2.164,0.000394,18375
3,I,Combined,1190,0%,1.0,1.0,0.0,10,how many seasons of the oc are there,1.0,1.0,1.8867,0.000938,19260
3,I,Combined,1190,0%,1.0,1.0,0.0,10,latest season on keeping up with the kardashians,1.0,1.0,1.3592,0.000327,18839
3,I,Combined,1190,0%,1.0,1.0,0.0,10,how dose the poet present death as a voyage in crossing the bar,1.0,1.0,1.8344,0.000307,18181
3,I,Combined,1190,0%,1.0,1.0,0.0,10,who were farmers who kept a small portion of their crops & gave the rest to the landowners,1.0,1.0,1.8867,0.000119,22106
3,I,Combined,1190,0%,1.0,1.0,0.0,10,what is pumped up kicks the song about,1.0,1.0,1.8344,0.000141,18324
3,I,Combined,1190,0%,1.0,1.0,0.0,10,2. what are the reasons states impose protectionists policies on other countries,1.0,1.0,2.0253,0.000159,17699
3,I,Combined,1190,0%,1.0,1.0,0.0,10,where are they building the new raiders stadium,1.0,1.0,2.164,0.000102,19587
3,I,Combined,1190,0%,1.0,1.0,0.0,10,what event provoked congress to propose the eleventh amendment and the states to ratify it,1.0,1.0,1.973,0.000125,18538
3,I,Combined,1190,0%,1.0,1.0,0.0,10,does joe die in the purge election year,1.0,1.0,1.8344,0.000228,18531
3,I,Combined,1190,1%,0.99,1.01,1.0,10,what is non controlling interest on balance sheet,1.0,1.0,1.8867,4e-05,36113
3,I,Combined,1190,1%,0.99,1.01,1.0,10,how many episodes are in chicago fire season 4,1.0,1.0,1.6957,7.6e-05,19971
3,I,Combined,1190,1%,0.99,1.01,1.0,10,who sings love will keep us alive by the eagles,1.0,1.0,2.164,2.7e-05,17692
3,I,Combined,1190,1%,0.99,1.01,1.0,10,who is the leader of the ontario pc party,1.0,1.0,1.7481,0.000275,16852
3,I,Combined,1190,1%,0.99,1.01,1.0,10,nitty gritty dirt band fishin in the dark album,1.0,1.0,1.7481,7.7e-05,17279
3,I,Combined,1190,1%,0.99,1.01,1.0,10,who were the three elves who got rings,1.0,1.0,2.0253,2.8e-05,17561
3,I,Combined,1190,1%,0.99,1.01,1.0,10,converting stereo signal to mono signal is called,1.0,1.0,1.6957,0.001219,19581
3,I,Combined,1190,1%,0.99,1.01,1.0,10,in order to prove disparate impact you first must establish,1.0,1.0,1.8344,6e-05,19206
3,I,Combined,1190,1%,0.99,1.01,1.0,10,where do characters live in this is us,1.0,1.0,2.0253,0.000149,26276
3,I,Combined,1190,1%,0.99,1.01,1.0,10,who makes the decisions about what to produce in a market economy,1.0,1.0,1.6434,9.2e-05,17082
3,I,Combined,1190,1%,0.99,1.01,1.0,10,when is the new tappan zee bridge going to be finished,1.0,1.0,1.6957,0.000356,18745
3,I,Combined,1190,1%,0.99,1.01,1.0,10,who recorded i can't help falling in love with you,1.0,1.0,1.8867,0.000217,17381
3,I,Combined,1190,1%,0.99,1.01,1.0,10,who plays the doc in back to the future,1.0,1.0,2.0253,0.000551,18369
3,I,Combined,1190,1%,0.99,1.01,1.0,10,when did they stop cigarette advertising on television,1.0,1.0,2.0253,0.000671,20782
3,I,Combined,1190,1%,0.99,1.01,1.0,10,who has been chosen as the brand ambassador of the campaign 'beti bachao-beti padhao,1.0,1.0,1.6957,0.000573,17289
3,I,Combined,1190,1%,0.99,1.01,1.0,10,how many seasons of prison break are on netflix,1.0,1.0,2.164,9.4e-05,16974
3,I,Combined,1190,1%,0.99,1.01,1.0,10,what was the name of atom bomb dropped by usa on hiroshima,1.0,1.0,1.7481,0.00011,17816
3,I,Combined,1190,1%,0.99,1.01,1.0,10,when did the us take over wake island,1.0,1.0,1.973,0.000697,18222
3,I,Combined,1190,1%,0.99,1.01,1.0,10,when did american two party system began to emerge,1.0,1.0,1.6094,0.00019,16640
3,I,Combined,1190,1%,0.99,1.01,1.0,10,where are the mitochondria located in the sperm,1.0,1.0,2.164,0.000182,16714
3,I,Combined,1190,1%,0.99,1.01,1.0,10,how many lines of symmetry are there in a equilateral triangle,1.0,1.0,2.164,0.000394,17499
3,I,Combined,1190,1%,0.99,1.01,1.0,10,how many seasons of the oc are there,1.0,1.0,1.8867,0.00094,17274
3,I,Combined,1190,1%,0.99,1.01,1.0,10,latest season on keeping up with the kardashians,1.0,1.0,1.3592,0.000326,18438
3,I,Combined,1190,1%,0.99,1.01,1.0,10,how dose the poet present death as a voyage in crossing the bar,1.0,1.0,1.8344,0.000308,17497
3,I,Combined,1190,1%,0.99,1.01,1.0,10,who were farmers who kept a small portion of their crops & gave the rest to the landowners,1.0,1.0,1.8867,0.000118,18081
3,I,Combined,1190,1%,0.99,1.01,1.0,10,what is pumped up kicks the song about,1.0,1.0,1.8344,0.000141,17357
3,I,Combined,1190,1%,0.99,1.01,1.0,10,2. what are the reasons states impose protectionists policies on other countries,1.0,1.0,2.0253,0.00016,17654
3,I,Combined,1190,1%,0.99,1.01,1.0,10,where are they building the new raiders stadium,1.0,1.0,2.164,0.000102,20434
3,I,Combined,1190,1%,0.99,1.01,1.0,10,what event provoked congress to propose the eleventh amendment and the states to ratify it,1.0,1.0,1.973,0.000125,17031
3,I,Combined,1190,1%,0.99,1.01,1.0,10,does joe die in the purge election year,1.0,1.0,1.8344,0.000227,17237
3,I,Combined,1190,10%,0.9,1.1,10.0,10,what is non controlling interest on balance sheet,0.9,0.941,1.8344,3.8e-05,42483
3,I,Combined,1190,10%,0.9,1.1,10.0,10,how many episodes are in chicago fire season 4,0.9,0.9426,1.8344,7.6e-05,25020
3,I,Combined,1190,10%,0.9,1.1,10.0,10,who sings love will keep us alive by the eagles,1.0,1.0,2.0253,2.5e-05,21589
3,I,Combined,1190,10%,0.9,1.1,10.0,10,who is the leader of the ontario pc party,1.0,1.0,1.973,0.000267,18224
3,I,Combined,1190,10%,0.9,1.1,10.0,10,nitty gritty dirt band fishin in the dark album,1.0,1.0,1.7481,7.6e-05,17756
3,I,Combined,1190,10%,0.9,1.1,10.0,10,who were the three elves who got rings,1.0,1.0,1.8867,2.8e-05,18330
3,I,Combined,1190,10%,0.9,1.1,10.0,10,converting stereo signal to mono signal is called,1.0,1.0,1.6957,0.001201,18741
3,I,Combined,1190,10%,0.9,1.1,10.0,10,in order to prove disparate impact you first must establish,0.9,0.942,1.8344,5.9e-05,18821
3,I,Combined,1190,10%,0.9,1.1,10.0,10,where do characters live in this is us,1.0,1.0,2.0253,0.000143,19167
3,I,Combined,1190,10%,0.9,1.1,10.0,10,who makes the decisions about what to produce in a market economy,1.0,0.9999,1.8344,9.9e-05,18978
3,I,Combined,1190,10%,0.9,1.1,10.0,10,when is the new tappan zee bridge going to be finished,1.0,1.0,1.6957,0.000348,19237
3,I,Combined,1190,10%,0.9,1.1,10.0,10,who recorded i can't help falling in love with you,1.0,1.0,1.8867,0.000218,17765
3,I,Combined,1190,10%,0.9,1.1,10.0,10,who plays the doc in back to the future,1.0,1.0,2.0253,0.000551,18443
3,I,Combined,1190,10%,0.9,1.1,10.0,10,when did they stop cigarette advertising on television,1.0,1.0,1.8867,0.000646,20719
3,I,Combined,1190,10%,0.9,1.1,10.0,10,who has been chosen as the brand ambassador of the campaign 'beti bachao-beti padhao,1.0,1.0,1.6957,0.000578,19448
3,I,Combined,1190,10%,0.9,1.1,10.0,10,how many seasons of prison break are on netflix,1.0,0.9995,1.6957,9.9e-05,18587
3,I,Combined,1190,10%,0.9,1.1,10.0,10,what was the name of atom bomb dropped by usa on hiroshima,1.0,0.9999,1.8867,0.000106,18429
3,I,Combined,1190,10%,0.9,1.1,10.0,10,when did the us take over wake island,0.9,0.9497,1.973,0.000691,16831
3,I,Combined,1190,10%,0.9,1.1,10.0,10,when did american two party system began to emerge,1.0,1.0,1.6094,0.00019,16424
3,I,Combined,1190,10%,0.9,1.1,10.0,10,where are the mitochondria located in the sperm,1.0,1.0,2.3026,0.000171,18056
3,I,Combined,1190,10%,0.9,1.1,10.0,10,how many lines of symmetry are there in a equilateral triangle,1.0,1.0,2.164,0.000386,17544
3,I,Combined,1190,10%,0.9,1.1,10.0,10,how many seasons of the oc are there,1.0,1.0,2.0253,0.000986,22830
3,I,Combined,1190,10%,0.9,1.1,10.0,10,latest season on keeping up with the kardashians,1.0,1.0,1.3592,0.000318,17771
3,I,Combined,1190,10%,0.9,1.1,10.0,10,how dose the poet present death as a voyage in crossing the bar,1.0,1.0,1.973,0.000294,17350
3,I,Combined,1190,10%,0.9,1.1,10.0,10,who were farmers who kept a small portion of their crops & gave the rest to the landowners,1.0,1.0,1.8344,0.000124,16854
3,I,Combined,1190,10%,0.9,1.1,10.0,10,what is pumped up kicks the song about,0.9,0.9459,1.8867,0.00014,17691
3,I,Combined,1190,10%,0.9,1.1,10.0,10,2. what are the reasons states impose protectionists policies on other countries,1.0,1.0,2.164,0.000161,16723
3,I,Combined,1190,10%,0.9,1.1,10.0,10,where are they building the new raiders stadium,1.0,1.0,2.164,0.000101,17008
3,I,Combined,1190,10%,0.9,1.1,10.0,10,what event provoked congress to propose the eleventh amendment and the states to ratify it,1.0,1.0,1.973,0.00012,17565
3,I,Combined,1190,10%,0.9,1.1,10.0,10,does joe die in the purge election year,0.9,0.9468,2.0253,0.000224,16623
3,I,Combined,1190,30%,0.7,1.3,30.0,10,what is non controlling interest on balance sheet,1.0,0.9998,2.0253,3.2e-05,44851
3,I,Combined,1190,30%,0.7,1.3,30.0,10,how many episodes are in chicago fire season 4,0.9,0.9401,1.4708,7e-05,29691
3,I,Combined,1190,30%,0.7,1.3,30.0,10,who sings love will keep us alive by the eagles,1.0,0.9998,1.973,3e-05,21936
3,I,Combined,1190,30%,0.7,1.3,30.0,10,who is the leader of the ontario pc party,0.9,0.9442,2.0253,0.00025,18973
3,I,Combined,1190,30%,0.7,1.3,30.0,10,nitty gritty dirt band fishin in the dark album,1.0,0.9999,1.8867,7.6e-05,19012
3,I,Combined,1190,30%,0.7,1.3,30.0,10,who were the three elves who got rings,0.9,0.9395,1.8867,3.1e-05,17339
3,I,Combined,1190,30%,0.7,1.3,30.0,10,converting stereo signal to mono signal is called,1.0,1.0,1.8867,0.001175,17669
3,I,Combined,1190,30%,0.7,1.3,30.0,10,in order to prove disparate impact you first must establish,1.0,1.0,1.973,4.8e-05,17813
3,I,Combined,1190,30%,0.7,1.3,30.0,10,where do characters live in this is us,1.0,1.0,2.0253,0.000116,21142
3,I,Combined,1190,30%,0.7,1.3,30.0,10,who makes the decisions about what to produce in a market economy,1.0,0.9997,1.8344,8.7e-05,17382
3,I,Combined,1190,30%,0.7,1.3,30.0,10,when is the new tappan zee bridge going to be finished,1.0,0.9999,1.7481,0.000328,18100
3,I,Combined,1190,30%,0.7,1.3,30.0,10,who recorded i can't help falling in love with you,0.9,0.946,1.6094,0.000182,17219
3,I,Combined,1190,30%,0.7,1.3,30.0,10,who plays the doc in back to the future,1.0,0.9999,2.0253,0.000523,16161
3,I,Combined,1190,30%,0.7,1.3,30.0,10,when did they stop cigarette advertising on television,1.0,1.0,2.164,0.000583,17366
3,I,Combined,1190,30%,0.7,1.3,30.0,10,who has been chosen as the brand ambassador of the campaign 'beti bachao-beti padhao,1.0,1.0,1.6957,0.000483,17513
3,I,Combined,1190,30%,0.7,1.3,30.0,10,how many seasons of prison break are on netflix,1.0,0.9999,2.0253,7.9e-05,17234
3,I,Combined,1190,30%,0.7,1.3,30.0,10,what was the name of atom bomb dropped by usa on hiroshima,0.9,0.9433,2.0253,9.1e-05,18462
3,I,Combined,1190,30%,0.7,1.3,30.0,10,when did the us take over wake island,0.9,0.9517,1.973,0.000634,18430
3,I,Combined,1190,30%,0.7,1.3,30.0,10,when did american two party system began to emerge,0.9,0.9481,1.6957,0.000141,18608
3,I,Combined,1190,30%,0.7,1.3,30.0,10,where are the mitochondria located in the sperm,1.0,0.9998,2.0253,0.000159,17179
3,I,Combined,1190,30%,0.7,1.3,30.0,10,how many lines of symmetry are there in a equilateral triangle,1.0,0.9996,2.0253,0.000338,17251
3,I,Combined,1190,30%,0.7,1.3,30.0,10,how many seasons of the oc are there,1.0,1.0,2.0253,0.000886,16177
3,I,Combined,1190,30%,0.7,1.3,30.0,10,latest season on keeping up with the kardashians,1.0,1.0,1.4979,0.000277,17533
3,I,Combined,1190,30%,0.7,1.3,30.0,10,how dose the poet present death as a voyage in crossing the bar,1.0,0.9999,2.0253,0.000265,19702
3,I,Combined,1190,30%,0.7,1.3,30.0,10,who were farmers who kept a small portion of their crops & gave the rest to the landowners,1.0,0.9994,1.6094,0.000108,19565
3,I,Combined,1190,30%,0.7,1.3,30.0,10,what is pumped up kicks the song about,1.0,1.0,2.0253,0.000115,18818
3,I,Combined,1190,30%,0.7,1.3,30.0,10,2. what are the reasons states impose protectionists policies on other countries,1.0,0.9996,2.164,0.000127,17551
3,I,Combined,1190,30%,0.7,1.3,30.0,10,where are they building the new raiders stadium,1.0,1.0,2.164,0.000118,17766
3,I,Combined,1190,30%,0.7,1.3,30.0,10,what event provoked congress to propose the eleventh amendment and the states to ratify it,1.0,1.0,2.0253,0.000104,17266
3,I,Combined,1190,30%,0.7,1.3,30.0,10,does joe die in the purge election year,0.9,0.9468,2.0253,0.00021,17988
3,I,Combined,1190,50%,0.5,1.5,50.0,10,what is non controlling interest on balance sheet,0.9,0.9401,2.164,2e-05,40782
3,I,Combined,1190,50%,0.5,1.5,50.0,10,how many episodes are in chicago fire season 4,1.0,0.9997,1.973,5.6e-05,22093
3,I,Combined,1190,50%,0.5,1.5,50.0,10,who sings love will keep us alive by the eagles,0.9,0.945,2.164,2e-05,20142
3,I,Combined,1190,50%,0.5,1.5,50.0,10,who is the leader of the ontario pc party,1.0,0.9997,2.0253,0.000188,18083
3,I,Combined,1190,50%,0.5,1.5,50.0,10,nitty gritty dirt band fishin in the dark album,0.8,0.8847,1.8867,4.8e-05,17645
3,I,Combined,1190,50%,0.5,1.5,50.0,10,who were the three elves who got rings,0.9,0.9405,2.164,1.2e-05,17753
3,I,Combined,1190,50%,0.5,1.5,50.0,10,converting stereo signal to mono signal is called,1.0,1.0,1.8867,0.000801,17969
3,I,Combined,1190,50%,0.5,1.5,50.0,10,in order to prove disparate impact you first must establish,1.0,0.995,1.6957,4.7e-05,17519
3,I,Combined,1190,50%,0.5,1.5,50.0,10,where do characters live in this is us,1.0,0.9996,1.8344,0.000141,21294
3,I,Combined,1190,50%,0.5,1.5,50.0,10,who makes the decisions about what to produce in a market economy,1.0,1.0,1.6434,5.2e-05,17525
3,I,Combined,1190,50%,0.5,1.5,50.0,10,when is the new tappan zee bridge going to be finished,0.9,0.9423,2.0253,0.000205,18512
3,I,Combined,1190,50%,0.5,1.5,50.0,10,who recorded i can't help falling in love with you,1.0,0.9998,1.973,0.000143,16903
3,I,Combined,1190,50%,0.5,1.5,50.0,10,who plays the doc in back to the future,1.0,0.9998,1.8867,0.000321,17435
3,I,Combined,1190,50%,0.5,1.5,50.0,10,when did they stop cigarette advertising on television,1.0,1.0,1.8867,0.000452,16731
3,I,Combined,1190,50%,0.5,1.5,50.0,10,who has been chosen as the brand ambassador of the campaign 'beti bachao-beti padhao,1.0,0.9999,1.6957,0.000377,18790
3,I,Combined,1190,50%,0.5,1.5,50.0,10,how many seasons of prison break are on netflix,1.0,1.0,2.0253,7.9e-05,18832
3,I,Combined,1190,50%,0.5,1.5,50.0,10,what was the name of atom bomb dropped by usa on hiroshima,0.8,0.8885,1.8867,6.2e-05,17570
3,I,Combined,1190,50%,0.5,1.5,50.0,10,when did the us take over wake island,0.9,0.947,1.8344,0.000463,18756
3,I,Combined,1190,50%,0.5,1.5,50.0,10,when did american two party system began to emerge,1.0,1.0,1.6957,0.000132,18838
3,I,Combined,1190,50%,0.5,1.5,50.0,10,where are the mitochondria located in the sperm,1.0,1.0,2.0253,0.000139,20785
3,I,Combined,1190,50%,0.5,1.5,50.0,10,how many lines of symmetry are there in a equilateral triangle,0.9,0.9525,2.0253,0.000253,19146
3,I,Combined,1190,50%,0.5,1.5,50.0,10,how many seasons of the oc are there,1.0,0.9999,1.973,0.000591,17200
3,I,Combined,1190,50%,0.5,1.5,50.0,10,latest season on keeping up with the kardashians,0.9,0.9554,1.7481,0.000216,17847
3,I,Combined,1190,50%,0.5,1.5,50.0,10,how dose the poet present death as a voyage in crossing the bar,0.9,0.9463,1.8867,0.000176,17829
3,I,Combined,1190,50%,0.5,1.5,50.0,10,who were farmers who kept a small portion of their crops & gave the rest to the landowners,0.9,0.9484,1.6094,6.9e-05,18881
3,I,Combined,1190,50%,0.5,1.5,50.0,10,what is pumped up kicks the song about,1.0,0.9997,2.164,0.000108,18097
3,I,Combined,1190,50%,0.5,1.5,50.0,10,2. what are the reasons states impose protectionists policies on other countries,0.9,0.9426,2.164,0.000135,17618
3,I,Combined,1190,50%,0.5,1.5,50.0,10,where are they building the new raiders stadium,1.0,1.0,2.0253,7.3e-05,20163
3,I,Combined,1190,50%,0.5,1.5,50.0,10,what event provoked congress to propose the eleventh amendment and the states to ratify it,0.9,0.9398,1.8344,9.2e-05,19281
3,I,Combined,1190,50%,0.5,1.5,50.0,10,does joe die in the purge election year,1.0,1.0,1.8867,0.000158,18421
3,I,Combined,1190,70%,0.3,1.7,70.0,10,what is non controlling interest on balance sheet,0.9,0.93,1.8867,1.5e-05,46043
3,I,Combined,1190,70%,0.3,1.7,70.0,10,how many episodes are in chicago fire season 4,0.8,0.8791,1.8344,4.3e-05,25048
3,I,Combined,1190,70%,0.3,1.7,70.0,10,who sings love will keep us alive by the eagles,1.0,0.9922,2.0253,1.3e-05,22306
3,I,Combined,1190,70%,0.3,1.7,70.0,10,who is the leader of the ontario pc party,0.9,0.9415,2.0253,0.000119,17909
3,I,Combined,1190,70%,0.3,1.7,70.0,10,nitty gritty dirt band fishin in the dark album,0.9,0.942,2.0253,3.4e-05,18312
3,I,Combined,1190,70%,0.3,1.7,70.0,10,who were the three elves who got rings,0.9,0.9366,2.164,1.3e-05,17846
3,I,Combined,1190,70%,0.3,1.7,70.0,10,converting stereo signal to mono signal is called,1.0,1.0,2.0253,0.000553,17574
3,I,Combined,1190,70%,0.3,1.7,70.0,10,in order to prove disparate impact you first must establish,0.9,0.9406,1.973,3.7e-05,18258
3,I,Combined,1190,70%,0.3,1.7,70.0,10,where do characters live in this is us,1.0,0.9998,1.8344,6.2e-05,17988
3,I,Combined,1190,70%,0.3,1.7,70.0,10,who makes the decisions about what to produce in a market economy,0.8,0.8898,1.8344,4.5e-05,19098
3,I,Combined,1190,70%,0.3,1.7,70.0,10,when is the new tappan zee bridge going to be finished,0.9,0.9437,2.0253,0.000166,18572
3,I,Combined,1190,70%,0.3,1.7,70.0,10,who recorded i can't help falling in love with you,0.9,0.9459,1.8344,7.2e-05,19512
3,I,Combined,1190,70%,0.3,1.7,70.0,10,who plays the doc in back to the future,1.0,0.9993,1.8867,0.000308,18852
3,I,Combined,1190,70%,0.3,1.7,70.0,10,when did they stop cigarette advertising on television,1.0,0.9996,2.164,0.00029,17734
3,I,Combined,1190,70%,0.3,1.7,70.0,10,who has been chosen as the brand ambassador of the campaign 'beti bachao-beti padhao,1.0,1.0,1.6957,0.00021,18772
3,I,Combined,1190,70%,0.3,1.7,70.0,10,how many seasons of prison break are on netflix,1.0,0.9999,2.0253,4.7e-05,16507
3,I,Combined,1190,70%,0.3,1.7,70.0,10,what was the name of atom bomb dropped by usa on hiroshima,0.9,0.9431,2.0253,3.4e-05,16781
3,I,Combined,1190,70%,0.3,1.7,70.0,10,when did the us take over wake island,0.9,0.9471,1.8344,0.000297,17064
3,I,Combined,1190,70%,0.3,1.7,70.0,10,when did american two party system began to emerge,1.0,0.9998,2.0253,5.1e-05,16057
3,I,Combined,1190,70%,0.3,1.7,70.0,10,where are the mitochondria located in the sperm,0.8,0.8802,2.164,5.5e-05,17703
3,I,Combined,1190,70%,0.3,1.7,70.0,10,how many lines of symmetry are there in a equilateral triangle,1.0,0.9991,2.0253,0.000175,17019
3,I,Combined,1190,70%,0.3,1.7,70.0,10,how many seasons of the oc are there,1.0,0.9998,1.8344,0.000374,18829
3,I,Combined,1190,70%,0.3,1.7,70.0,10,latest season on keeping up with the kardashians,0.9,0.9565,1.7481,0.000133,19349
3,I,Combined,1190,70%,0.3,1.7,70.0,10,how dose the poet present death as a voyage in crossing the bar,1.0,0.9999,2.0253,0.000134,18661
3,I,Combined,1190,70%,0.3,1.7,70.0,10,who were farmers who kept a small portion of their crops & gave the rest to the landowners,1.0,0.9999,2.0253,6.8e-05,28920
3,I,Combined,1190,70%,0.3,1.7,70.0,10,what is pumped up kicks the song about,0.9,0.9451,2.0253,8.2e-05,17290
3,I,Combined,1190,70%,0.3,1.7,70.0,10,2. what are the reasons states impose protectionists policies on other countries,0.9,0.9387,2.164,6.1e-05,18588
3,I,Combined,1190,70%,0.3,1.7,70.0,10,where are they building the new raiders stadium,1.0,1.0,2.0253,3.8e-05,18557
3,I,Combined,1190,70%,0.3,1.7,70.0,10,what event provoked congress to propose the eleventh amendment and the states to ratify it,0.9,0.946,2.0253,5.4e-05,17946
3,I,Combined,1190,70%,0.3,1.7,70.0,10,does joe die in the purge election year,0.9,0.9463,2.164,0.000116,18211
4,I,Combined,1190,0%,1.0,1.0,0.0,10,what is non controlling interest on balance sheet,1.0,1.0,1.8867,4e-05,41500
4,I,Combined,1190,0%,1.0,1.0,0.0,10,how many episodes are in chicago fire season 4,1.0,1.0,1.6957,7.6e-05,22939
4,I,Combined,1190,0%,1.0,1.0,0.0,10,who sings love will keep us alive by the eagles,1.0,1.0,2.164,2.7e-05,20767
4,I,Combined,1190,0%,1.0,1.0,0.0,10,who is the leader of the ontario pc party,1.0,1.0,1.7481,0.000275,17129
4,I,Combined,1190,0%,1.0,1.0,0.0,10,nitty gritty dirt band fishin in the dark album,1.0,1.0,1.7481,7.7e-05,17440
4,I,Combined,1190,0%,1.0,1.0,0.0,10,who were the three elves who got rings,1.0,1.0,2.0253,2.8e-05,17255
4,I,Combined,1190,0%,1.0,1.0,0.0,10,converting stereo signal to mono signal is called,1.0,1.0,1.6957,0.001218,18321
4,I,Combined,1190,0%,1.0,1.0,0.0,10,in order to prove disparate impact you first must establish,1.0,1.0,1.8344,6e-05,21073
4,I,Combined,1190,0%,1.0,1.0,0.0,10,where do characters live in this is us,1.0,1.0,2.0253,0.000148,18534
4,I,Combined,1190,0%,1.0,1.0,0.0,10,who makes the decisions about what to produce in a market economy,1.0,1.0,1.6434,9.2e-05,17993
4,I,Combined,1190,0%,1.0,1.0,0.0,10,when is the new tappan zee bridge going to be finished,1.0,1.0,1.6957,0.000355,16711
4,I,Combined,1190,0%,1.0,1.0,0.0,10,who recorded i can't help falling in love with you,1.0,1.0,2.0253,0.000217,17644
4,I,Combined,1190,0%,1.0,1.0,0.0,10,who plays the doc in back to the future,1.0,1.0,2.0253,0.000551,18788
4,I,Combined,1190,0%,1.0,1.0,0.0,10,when did they stop cigarette advertising on television,1.0,1.0,2.0253,0.000669,17554
4,I,Combined,1190,0%,1.0,1.0,0.0,10,who has been chosen as the brand ambassador of the campaign 'beti bachao-beti padhao,1.0,1.0,1.6957,0.000573,19493
4,I,Combined,1190,0%,1.0,1.0,0.0,10,how many seasons of prison break are on netflix,1.0,1.0,1.973,9.4e-05,16885
4,I,Combined,1190,0%,1.0,1.0,0.0,10,what was the name of atom bomb dropped by usa on hiroshima,1.0,1.0,1.8867,0.00011,18424
4,I,Combined,1190,0%,1.0,1.0,0.0,10,when did the us take over wake island,1.0,1.0,1.973,0.000696,20624
4,I,Combined,1190,0%,1.0,1.0,0.0,10,when did american two party system began to emerge,1.0,1.0,1.6094,0.00019,17775
4,I,Combined,1190,0%,1.0,1.0,0.0,10,where are the mitochondria located in the sperm,1.0,1.0,2.164,0.00018,17438
4,I,Combined,1190,0%,1.0,1.0,0.0,10,how many lines of symmetry are there in a equilateral triangle,1.0,1.0,2.164,0.000394,17913
4,I,Combined,1190,0%,1.0,1.0,0.0,10,how many seasons of the oc are there,1.0,1.0,1.8867,0.000938,17343
4,I,Combined,1190,0%,1.0,1.0,0.0,10,latest season on keeping up with the kardashians,1.0,1.0,1.3592,0.000327,19287
4,I,Combined,1190,0%,1.0,1.0,0.0,10,how dose the poet present death as a voyage in crossing the bar,1.0,1.0,1.8344,0.000307,19395
4,I,Combined,1190,0%,1.0,1.0,0.0,10,who were farmers who kept a small portion of their crops & gave the rest to the landowners,1.0,1.0,1.8867,0.000119,17915
4,I,Combined,1190,0%,1.0,1.0,0.0,10,what is pumped up kicks the song about,1.0,1.0,1.8344,0.000141,18318
4,I,Combined,1190,0%,1.0,1.0,0.0,10,2. what are the reasons states impose protectionists policies on other countries,1.0,1.0,2.0253,0.000159,18410
4,I,Combined,1190,0%,1.0,1.0,0.0,10,where are they building the new raiders stadium,1.0,1.0,2.164,0.000102,17878
4,I,Combined,1190,0%,1.0,1.0,0.0,10,what event provoked congress to propose the eleventh amendment and the states to ratify it,1.0,1.0,1.973,0.000125,18461
4,I,Combined,1190,0%,1.0,1.0,0.0,10,does joe die in the purge election year,1.0,1.0,1.8344,0.000228,18135
4,I,Combined,1190,1%,0.99,1.01,1.0,10,what is non controlling interest on balance sheet,1.0,1.0,1.8867,4e-05,45276
4,I,Combined,1190,1%,0.99,1.01,1.0,10,how many episodes are in chicago fire season 4,1.0,1.0,1.6957,7.6e-05,25876
4,I,Combined,1190,1%,0.99,1.01,1.0,10,who sings love will keep us alive by the eagles,1.0,1.0,2.164,2.7e-05,21173
4,I,Combined,1190,1%,0.99,1.01,1.0,10,who is the leader of the ontario pc party,1.0,1.0,1.7481,0.000274,18282
4,I,Combined,1190,1%,0.99,1.01,1.0,10,nitty gritty dirt band fishin in the dark album,1.0,1.0,1.7481,7.7e-05,18799
4,I,Combined,1190,1%,0.99,1.01,1.0,10,who were the three elves who got rings,1.0,1.0,2.0253,2.8e-05,20509
4,I,Combined,1190,1%,0.99,1.01,1.0,10,converting stereo signal to mono signal is called,1.0,1.0,1.6957,0.001217,18407
4,I,Combined,1190,1%,0.99,1.01,1.0,10,in order to prove disparate impact you first must establish,1.0,1.0,1.8344,6.1e-05,18809
4,I,Combined,1190,1%,0.99,1.01,1.0,10,where do characters live in this is us,1.0,1.0,2.0253,0.000149,19534
4,I,Combined,1190,1%,0.99,1.01,1.0,10,who makes the decisions about what to produce in a market economy,1.0,1.0,1.6434,9.2e-05,16667
4,I,Combined,1190,1%,0.99,1.01,1.0,10,when is the new tappan zee bridge going to be finished,1.0,1.0,1.6957,0.000355,17164
4,I,Combined,1190,1%,0.99,1.01,1.0,10,who recorded i can't help falling in love with you,1.0,1.0,2.0253,0.000217,18055
4,I,Combined,1190,1%,0.99,1.01,1.0,10,who plays the doc in back to the future,1.0,1.0,2.0253,0.000552,17464
4,I,Combined,1190,1%,0.99,1.01,1.0,10,when did they stop cigarette advertising on television,1.0,1.0,2.0253,0.000669,17139
4,I,Combined,1190,1%,0.99,1.01,1.0,10,who has been chosen as the brand ambassador of the campaign 'beti bachao-beti padhao,1.0,1.0,1.6957,0.000573,17804
4,I,Combined,1190,1%,0.99,1.01,1.0,10,how many seasons of prison break are on netflix,1.0,1.0,1.973,9.4e-05,17441
4,I,Combined,1190,1%,0.99,1.01,1.0,10,what was the name of atom bomb dropped by usa on hiroshima,1.0,1.0,1.7481,0.00011,16938
4,I,Combined,1190,1%,0.99,1.01,1.0,10,when did the us take over wake island,1.0,1.0,1.973,0.000695,16708
4,I,Combined,1190,1%,0.99,1.01,1.0,10,when did american two party system began to emerge,1.0,1.0,1.6094,0.000189,16240
4,I,Combined,1190,1%,0.99,1.01,1.0,10,where are the mitochondria located in the sperm,1.0,1.0,2.164,0.000179,17501
4,I,Combined,1190,1%,0.99,1.01,1.0,10,how many lines of symmetry are there in a equilateral triangle,1.0,1.0,2.164,0.000393,18473
4,I,Combined,1190,1%,0.99,1.01,1.0,10,how many seasons of the oc are there,1.0,1.0,1.8867,0.000936,20709
4,I,Combined,1190,1%,0.99,1.01,1.0,10,latest season on keeping up with the kardashians,1.0,1.0,1.3592,0.000327,18063
4,I,Combined,1190,1%,0.99,1.01,1.0,10,how dose the poet present death as a voyage in crossing the bar,1.0,1.0,1.8344,0.000307,17768
4,I,Combined,1190,1%,0.99,1.01,1.0,10,who were farmers who kept a small portion of their crops & gave the rest to the landowners,1.0,1.0,1.8867,0.000119,17085
4,I,Combined,1190,1%,0.99,1.01,1.0,10,what is pumped up kicks the song about,1.0,1.0,1.8344,0.000141,17747
4,I,Combined,1190,1%,0.99,1.01,1.0,10,2. what are the reasons states impose protectionists policies on other countries,1.0,1.0,2.0253,0.000159,18660
4,I,Combined,1190,1%,0.99,1.01,1.0,10,where are they building the new raiders stadium,1.0,1.0,2.164,0.000102,18309
4,I,Combined,1190,1%,0.99,1.01,1.0,10,what event provoked congress to propose the eleventh amendment and the states to ratify it,1.0,1.0,1.973,0.000125,17752
4,I,Combined,1190,1%,0.99,1.01,1.0,10,does joe die in the purge election year,1.0,1.0,1.8344,0.000229,18215
4,I,Combined,1190,10%,0.9,1.1,10.0,10,what is non controlling interest on balance sheet,1.0,1.0,1.8867,3.6e-05,49356
4,I,Combined,1190,10%,0.9,1.1,10.0,10,how many episodes are in chicago fire season 4,1.0,1.0,1.6094,7.7e-05,26867
4,I,Combined,1190,10%,0.9,1.1,10.0,10,who sings love will keep us alive by the eagles,1.0,1.0,2.3026,2.6e-05,21028
4,I,Combined,1190,10%,0.9,1.1,10.0,10,who is the leader of the ontario pc party,1.0,1.0,1.8867,0.000272,18701
4,I,Combined,1190,10%,0.9,1.1,10.0,10,nitty gritty dirt band fishin in the dark album,1.0,1.0,1.6094,7.4e-05,19522
4,I,Combined,1190,10%,0.9,1.1,10.0,10,who were the three elves who got rings,1.0,0.9999,2.0253,2.8e-05,17310
4,I,Combined,1190,10%,0.9,1.1,10.0,10,converting stereo signal to mono signal is called,1.0,1.0,1.8867,0.00117,17165
4,I,Combined,1190,10%,0.9,1.1,10.0,10,in order to prove disparate impact you first must establish,1.0,1.0,1.6957,6e-05,16644
4,I,Combined,1190,10%,0.9,1.1,10.0,10,where do characters live in this is us,1.0,1.0,2.0253,0.00015,17913
4,I,Combined,1190,10%,0.9,1.1,10.0,10,who makes the decisions about what to produce in a market economy,1.0,1.0,1.8344,8.7e-05,20378
4,I,Combined,1190,10%,0.9,1.1,10.0,10,when is the new tappan zee bridge going to be finished,1.0,1.0,1.6094,0.000367,22362
4,I,Combined,1190,10%,0.9,1.1,10.0,10,who recorded i can't help falling in love with you,1.0,1.0,2.0253,0.000213,21234
4,I,Combined,1190,10%,0.9,1.1,10.0,10,who plays the doc in back to the future,1.0,1.0,2.0253,0.00056,17978
4,I,Combined,1190,10%,0.9,1.1,10.0,10,when did they stop cigarette advertising on television,1.0,1.0,2.0253,0.00064,18322
4,I,Combined,1190,10%,0.9,1.1,10.0,10,who has been chosen as the brand ambassador of the campaign 'beti bachao-beti padhao,1.0,1.0,1.6957,0.00056,18075
4,I,Combined,1190,10%,0.9,1.1,10.0,10,how many seasons of prison break are on netflix,0.9,0.9443,1.8867,9.4e-05,17495
4,I,Combined,1190,10%,0.9,1.1,10.0,10,what was the name of atom bomb dropped by usa on hiroshima,1.0,1.0,2.164,0.000108,18164
4,I,Combined,1190,10%,0.9,1.1,10.0,10,when did the us take over wake island,1.0,1.0,1.973,0.000692,17881
4,I,Combined,1190,10%,0.9,1.1,10.0,10,when did american two party system began to emerge,1.0,1.0,1.6094,0.000184,17769
4,I,Combined,1190,10%,0.9,1.1,10.0,10,where are the mitochondria located in the sperm,1.0,1.0,2.164,0.000176,17965
4,I,Combined,1190,10%,0.9,1.1,10.0,10,how many lines of symmetry are there in a equilateral triangle,1.0,1.0,2.164,0.000398,16844
4,I,Combined,1190,10%,0.9,1.1,10.0,10,how many seasons of the oc are there,1.0,1.0,1.8867,0.000925,21180
4,I,Combined,1190,10%,0.9,1.1,10.0,10,latest season on keeping up with the kardashians,0.9,0.9572,1.3592,0.000322,17490
4,I,Combined,1190,10%,0.9,1.1,10.0,10,how dose the poet present death as a voyage in crossing the bar,1.0,1.0,2.0253,0.000298,17636
4,I,Combined,1190,10%,0.9,1.1,10.0,10,who were farmers who kept a small portion of their crops & gave the rest to the landowners,1.0,1.0,1.8344,0.000121,18517
4,I,Combined,1190,10%,0.9,1.1,10.0,10,what is pumped up kicks the song about,1.0,1.0,2.0253,0.000139,19236
4,I,Combined,1190,10%,0.9,1.1,10.0,10,2. what are the reasons states impose protectionists policies on other countries,1.0,1.0,2.0253,0.000162,18171
4,I,Combined,1190,10%,0.9,1.1,10.0,10,where are they building the new raiders stadium,1.0,1.0,2.164,0.000106,18486
4,I,Combined,1190,10%,0.9,1.1,10.0,10,what event provoked congress to propose the eleventh amendment and the states to ratify it,1.0,1.0,1.973,0.000124,17640
4,I,Combined,1190,10%,0.9,1.1,10.0,10,does joe die in the purge election year,1.0,1.0,1.8344,0.00022,17333
4,I,Combined,1190,30%,0.7,1.3,30.0,10,what is non controlling interest on balance sheet,1.0,0.9995,2.164,3.8e-05,42662
4,I,Combined,1190,30%,0.7,1.3,30.0,10,how many episodes are in chicago fire season 4,0.9,0.9417,2.0253,7.9e-05,19709
4,I,Combined,1190,30%,0.7,1.3,30.0,10,who sings love will keep us alive by the eagles,0.9,0.9445,2.0253,2.7e-05,20751
4,I,Combined,1190,30%,0.7,1.3,30.0,10,who is the leader of the ontario pc party,0.9,0.9442,1.6957,0.000242,19228
4,I,Combined,1190,30%,0.7,1.3,30.0,10,nitty gritty dirt band fishin in the dark album,1.0,1.0,1.7481,6.8e-05,28756
4,I,Combined,1190,30%,0.7,1.3,30.0,10,who were the three elves who got rings,0.9,0.9386,2.164,1.8e-05,18166
4,I,Combined,1190,30%,0.7,1.3,30.0,10,converting stereo signal to mono signal is called,1.0,1.0,1.6957,0.001022,19110
4,I,Combined,1190,30%,0.7,1.3,30.0,10,in order to prove disparate impact you first must establish,1.0,0.9997,1.8867,4.9e-05,20977
4,I,Combined,1190,30%,0.7,1.3,30.0,10,where do characters live in this is us,1.0,0.9999,2.0253,0.000139,19775
4,I,Combined,1190,30%,0.7,1.3,30.0,10,who makes the decisions about what to produce in a market economy,1.0,1.0,1.8344,8.7e-05,41776
4,I,Combined,1190,30%,0.7,1.3,30.0,10,when is the new tappan zee bridge going to be finished,1.0,0.9997,1.8344,0.000344,55005
4,I,Combined,1190,30%,0.7,1.3,30.0,10,who recorded i can't help falling in love with you,1.0,1.0,2.0253,0.000197,20339
4,I,Combined,1190,30%,0.7,1.3,30.0,10,who plays the doc in back to the future,1.0,1.0,2.0253,0.000502,21780
4,I,Combined,1190,30%,0.7,1.3,30.0,10,when did they stop cigarette advertising on television,1.0,1.0,1.8867,0.000593,23388
4,I,Combined,1190,30%,0.7,1.3,30.0,10,who has been chosen as the brand ambassador of the campaign 'beti bachao-beti padhao,1.0,1.0,1.6957,0.000557,21960
4,I,Combined,1190,30%,0.7,1.3,30.0,10,how many seasons of prison break are on netflix,1.0,0.9994,2.0253,8.2e-05,23060
4,I,Combined,1190,30%,0.7,1.3,30.0,10,what was the name of atom bomb dropped by usa on hiroshima,0.9,0.9453,2.164,0.000108,28818
4,I,Combined,1190,30%,0.7,1.3,30.0,10,when did the us take over wake island,0.9,0.947,1.8344,0.00069,29989
4,I,Combined,1190,30%,0.7,1.3,30.0,10,when did american two party system began to emerge,1.0,1.0,1.6094,0.000168,51066
4,I,Combined,1190,30%,0.7,1.3,30.0,10,where are the mitochondria located in the sperm,0.9,0.945,2.0253,0.000191,44385
4,I,Combined,1190,30%,0.7,1.3,30.0,10,how many lines of symmetry are there in a equilateral triangle,1.0,1.0,2.0253,0.000381,25204
4,I,Combined,1190,30%,0.7,1.3,30.0,10,how many seasons of the oc are there,1.0,0.9999,2.0253,0.000832,17683
4,I,Combined,1190,30%,0.7,1.3,30.0,10,latest season on keeping up with the kardashians,0.9,0.9572,1.4979,0.000277,17718
4,I,Combined,1190,30%,0.7,1.3,30.0,10,how dose the poet present death as a voyage in crossing the bar,1.0,1.0,1.7481,0.000268,19578
4,I,Combined,1190,30%,0.7,1.3,30.0,10,who were farmers who kept a small portion of their crops & gave the rest to the landowners,1.0,0.9996,1.6094,0.000111,24361
4,I,Combined,1190,30%,0.7,1.3,30.0,10,what is pumped up kicks the song about,0.9,0.9459,2.0253,0.000108,19689
4,I,Combined,1190,30%,0.7,1.3,30.0,10,2. what are the reasons states impose protectionists policies on other countries,1.0,1.0,2.164,0.000155,19271
4,I,Combined,1190,30%,0.7,1.3,30.0,10,where are they building the new raiders stadium,1.0,1.0,2.164,0.000102,17850
4,I,Combined,1190,30%,0.7,1.3,30.0,10,what event provoked congress to propose the eleventh amendment and the states to ratify it,1.0,1.0,1.8344,0.000107,18732
4,I,Combined,1190,30%,0.7,1.3,30.0,10,does joe die in the purge election year,0.9,0.9468,2.0253,0.000199,17133
4,I,Combined,1190,50%,0.5,1.5,50.0,10,what is non controlling interest on balance sheet,0.9,0.9383,1.3662,4e-05,36650
4,I,Combined,1190,50%,0.5,1.5,50.0,10,how many episodes are in chicago fire season 4,0.8,0.8767,1.8867,5.5e-05,21636
4,I,Combined,1190,50%,0.5,1.5,50.0,10,who sings love will keep us alive by the eagles,0.9,0.9452,2.0253,2.1e-05,18311
4,I,Combined,1190,50%,0.5,1.5,50.0,10,who is the leader of the ontario pc party,0.9,0.9442,1.973,0.000163,17772
4,I,Combined,1190,50%,0.5,1.5,50.0,10,nitty gritty dirt band fishin in the dark album,0.9,0.9435,2.0253,4.8e-05,16908
4,I,Combined,1190,50%,0.5,1.5,50.0,10,who were the three elves who got rings,0.9,0.9398,1.8867,2.5e-05,17936
4,I,Combined,1190,50%,0.5,1.5,50.0,10,converting stereo signal to mono signal is called,1.0,1.0,1.6957,0.000866,16668
4,I,Combined,1190,50%,0.5,1.5,50.0,10,in order to prove disparate impact you first must establish,1.0,0.9997,1.973,4.7e-05,17260
4,I,Combined,1190,50%,0.5,1.5,50.0,10,where do characters live in this is us,1.0,1.0,2.3026,0.000119,17421
4,I,Combined,1190,50%,0.5,1.5,50.0,10,who makes the decisions about what to produce in a market economy,1.0,0.9998,1.8344,7.3e-05,17620
4,I,Combined,1190,50%,0.5,1.5,50.0,10,when is the new tappan zee bridge going to be finished,1.0,0.9999,1.6957,0.000274,17500
4,I,Combined,1190,50%,0.5,1.5,50.0,10,who recorded i can't help falling in love with you,1.0,0.9992,1.8344,0.000152,17712
4,I,Combined,1190,50%,0.5,1.5,50.0,10,who plays the doc in back to the future,0.9,0.9475,2.164,0.000426,16852
4,I,Combined,1190,50%,0.5,1.5,50.0,10,when did they stop cigarette advertising on television,1.0,0.9995,2.3026,0.000444,18021
4,I,Combined,1190,50%,0.5,1.5,50.0,10,who has been chosen as the brand ambassador of the campaign 'beti bachao-beti padhao,1.0,0.9999,1.8867,0.000401,21861
4,I,Combined,1190,50%,0.5,1.5,50.0,10,how many seasons of prison break are on netflix,0.8,0.8821,2.0253,6.7e-05,29571
4,I,Combined,1190,50%,0.5,1.5,50.0,10,what was the name of atom bomb dropped by usa on hiroshima,0.8,0.8884,1.973,8.9e-05,19241
4,I,Combined,1190,50%,0.5,1.5,50.0,10,when did the us take over wake island,0.9,0.9494,1.8344,0.000441,19563
4,I,Combined,1190,50%,0.5,1.5,50.0,10,when did american two party system began to emerge,0.9,0.9459,1.8344,0.000128,38259
4,I,Combined,1190,50%,0.5,1.5,50.0,10,where are the mitochondria located in the sperm,0.9,0.9413,1.8867,0.000126,22746
4,I,Combined,1190,50%,0.5,1.5,50.0,10,how many lines of symmetry are there in a equilateral triangle,0.9,0.9526,1.8867,0.000227,17695
4,I,Combined,1190,50%,0.5,1.5,50.0,10,how many seasons of the oc are there,1.0,0.9995,2.0253,0.000853,18288
4,I,Combined,1190,50%,0.5,1.5,50.0,10,latest season on keeping up with the kardashians,0.9,0.9553,1.6094,0.000227,21104
4,I,Combined,1190,50%,0.5,1.5,50.0,10,how dose the poet present death as a voyage in crossing the bar,1.0,0.9999,2.0253,0.000245,21546
4,I,Combined,1190,50%,0.5,1.5,50.0,10,who were farmers who kept a small portion of their crops & gave the rest to the landowners,0.9,0.9476,1.973,7.9e-05,19549
4,I,Combined,1190,50%,0.5,1.5,50.0,10,what is pumped up kicks the song about,0.9,0.9457,1.8867,0.000101,18163
4,I,Combined,1190,50%,0.5,1.5,50.0,10,2. what are the reasons states impose protectionists policies on other countries,1.0,0.9991,2.3026,9.6e-05,19182
4,I,Combined,1190,50%,0.5,1.5,50.0,10,where are they building the new raiders stadium,1.0,0.9999,2.0253,8.6e-05,17240
4,I,Combined,1190,50%,0.5,1.5,50.0,10,what event provoked congress to propose the eleventh amendment and the states to ratify it,0.9,0.9463,2.0253,9.3e-05,17416
4,I,Combined,1190,50%,0.5,1.5,50.0,10,does joe die in the purge election year,1.0,0.9953,1.7481,0.00014,17873
4,I,Combined,1190,70%,0.3,1.7,70.0,10,what is non controlling interest on balance sheet,0.9,0.9383,1.8867,1.5e-05,43355
4,I,Combined,1190,70%,0.3,1.7,70.0,10,how many episodes are in chicago fire season 4,0.9,0.9348,1.8867,2.7e-05,25638
4,I,Combined,1190,70%,0.3,1.7,70.0,10,who sings love will keep us alive by the eagles,0.9,0.945,2.0253,1.3e-05,20925
4,I,Combined,1190,70%,0.3,1.7,70.0,10,who is the leader of the ontario pc party,1.0,0.9999,1.6094,0.000157,19563
4,I,Combined,1190,70%,0.3,1.7,70.0,10,nitty gritty dirt band fishin in the dark album,0.8,0.8793,1.8344,4.3e-05,18831
4,I,Combined,1190,70%,0.3,1.7,70.0,10,who were the three elves who got rings,0.9,0.9403,1.8867,1.6e-05,17612
4,I,Combined,1190,70%,0.3,1.7,70.0,10,converting stereo signal to mono signal is called,1.0,0.9999,1.6957,0.00071,20092
4,I,Combined,1190,70%,0.3,1.7,70.0,10,in order to prove disparate impact you first must establish,0.9,0.9421,1.8344,2.1e-05,18193
4,I,Combined,1190,70%,0.3,1.7,70.0,10,where do characters live in this is us,1.0,0.9994,1.6957,6.1e-05,17815
4,I,Combined,1190,70%,0.3,1.7,70.0,10,who makes the decisions about what to produce in a market economy,1.0,0.9997,2.164,5.6e-05,17925
4,I,Combined,1190,70%,0.3,1.7,70.0,10,when is the new tappan zee bridge going to be finished,1.0,0.9992,1.4708,0.000203,17786
4,I,Combined,1190,70%,0.3,1.7,70.0,10,who recorded i can't help falling in love with you,0.9,0.9459,1.8867,8.2e-05,17973
4,I,Combined,1190,70%,0.3,1.7,70.0,10,who plays the doc in back to the future,0.9,0.9464,2.0253,0.000295,16110
4,I,Combined,1190,70%,0.3,1.7,70.0,10,when did they stop cigarette advertising on television,1.0,1.0,2.0253,0.000314,17085
4,I,Combined,1190,70%,0.3,1.7,70.0,10,who has been chosen as the brand ambassador of the campaign 'beti bachao-beti padhao,1.0,1.0,2.0253,0.000255,17513
4,I,Combined,1190,70%,0.3,1.7,70.0,10,how many seasons of prison break are on netflix,1.0,0.9959,1.8867,6.1e-05,16996
4,I,Combined,1190,70%,0.3,1.7,70.0,10,what was the name of atom bomb dropped by usa on hiroshima,0.9,0.943,2.0253,5.2e-05,18198
4,I,Combined,1190,70%,0.3,1.7,70.0,10,when did the us take over wake island,0.9,0.9497,1.973,0.00029,16726
4,I,Combined,1190,70%,0.3,1.7,70.0,10,when did american two party system began to emerge,0.9,0.9477,1.8344,0.000121,17387
4,I,Combined,1190,70%,0.3,1.7,70.0,10,where are the mitochondria located in the sperm,0.9,0.9397,2.164,8.5e-05,17932
4,I,Combined,1190,70%,0.3,1.7,70.0,10,how many lines of symmetry are there in a equilateral triangle,0.9,0.9526,2.0253,0.00015,16307
4,I,Combined,1190,70%,0.3,1.7,70.0,10,how many seasons of the oc are there,1.0,0.9997,2.3026,0.000412,17315
4,I,Combined,1190,70%,0.3,1.7,70.0,10,latest season on keeping up with the kardashians,0.8,0.9058,1.6094,0.000141,17309
4,I,Combined,1190,70%,0.3,1.7,70.0,10,how dose the poet present death as a voyage in crossing the bar,1.0,0.9998,1.6094,0.00013,18604
4,I,Combined,1190,70%,0.3,1.7,70.0,10,who were farmers who kept a small portion of their crops & gave the rest to the landowners,1.0,0.9985,1.6957,5.7e-05,18275
4,I,Combined,1190,70%,0.3,1.7,70.0,10,what is pumped up kicks the song about,0.9,0.9456,2.3026,6.8e-05,18064
4,I,Combined,1190,70%,0.3,1.7,70.0,10,2. what are the reasons states impose protectionists policies on other countries,1.0,0.9987,2.3026,6.4e-05,17595
4,I,Combined,1190,70%,0.3,1.7,70.0,10,where are they building the new raiders stadium,1.0,0.9999,2.0253,4.3e-05,16490
4,I,Combined,1190,70%,0.3,1.7,70.0,10,what event provoked congress to propose the eleventh amendment and the states to ratify it,1.0,0.9998,2.0253,5.1e-05,18667
4,I,Combined,1190,70%,0.3,1.7,70.0,10,does joe die in the purge election year,1.0,0.999,2.0253,9.4e-05,19396
5,I,Combined,1190,0%,1.0,1.0,0.0,10,what is non controlling interest on balance sheet,1.0,1.0,1.8867,4e-05,39937
5,I,Combined,1190,0%,1.0,1.0,0.0,10,how many episodes are in chicago fire season 4,1.0,1.0,1.6957,7.6e-05,25798
5,I,Combined,1190,0%,1.0,1.0,0.0,10,who sings love will keep us alive by the eagles,1.0,1.0,2.164,2.7e-05,20874
5,I,Combined,1190,0%,1.0,1.0,0.0,10,who is the leader of the ontario pc party,1.0,1.0,1.7481,0.000275,18423
5,I,Combined,1190,0%,1.0,1.0,0.0,10,nitty gritty dirt band fishin in the dark album,1.0,1.0,1.7481,7.7e-05,16876
5,I,Combined,1190,0%,1.0,1.0,0.0,10,who were the three elves who got rings,1.0,1.0,2.0253,2.8e-05,16511
5,I,Combined,1190,0%,1.0,1.0,0.0,10,converting stereo signal to mono signal is called,1.0,1.0,1.6957,0.001218,18885
5,I,Combined,1190,0%,1.0,1.0,0.0,10,in order to prove disparate impact you first must establish,1.0,1.0,1.8344,6e-05,17009
5,I,Combined,1190,0%,1.0,1.0,0.0,10,where do characters live in this is us,1.0,1.0,2.0253,0.000148,17871
5,I,Combined,1190,0%,1.0,1.0,0.0,10,who makes the decisions about what to produce in a market economy,1.0,1.0,1.6434,9.2e-05,17270
5,I,Combined,1190,0%,1.0,1.0,0.0,10,when is the new tappan zee bridge going to be finished,1.0,1.0,1.6957,0.000355,17628
5,I,Combined,1190,0%,1.0,1.0,0.0,10,who recorded i can't help falling in love with you,1.0,1.0,2.0253,0.000217,17221
5,I,Combined,1190,0%,1.0,1.0,0.0,10,who plays the doc in back to the future,1.0,1.0,2.0253,0.000551,17322
5,I,Combined,1190,0%,1.0,1.0,0.0,10,when did they stop cigarette advertising on television,1.0,1.0,2.0253,0.000669,17010
5,I,Combined,1190,0%,1.0,1.0,0.0,10,who has been chosen as the brand ambassador of the campaign 'beti bachao-beti padhao,1.0,1.0,1.6957,0.000573,17426
5,I,Combined,1190,0%,1.0,1.0,0.0,10,how many seasons of prison break are on netflix,1.0,1.0,1.973,9.4e-05,21504
5,I,Combined,1190,0%,1.0,1.0,0.0,10,what was the name of atom bomb dropped by usa on hiroshima,1.0,1.0,1.8867,0.00011,17028
5,I,Combined,1190,0%,1.0,1.0,0.0,10,when did the us take over wake island,1.0,1.0,1.973,0.000696,17886
5,I,Combined,1190,0%,1.0,1.0,0.0,10,when did american two party system began to emerge,1.0,1.0,1.6094,0.00019,17435
5,I,Combined,1190,0%,1.0,1.0,0.0,10,where are the mitochondria located in the sperm,1.0,1.0,2.164,0.00018,17865
5,I,Combined,1190,0%,1.0,1.0,0.0,10,how many lines of symmetry are there in a equilateral triangle,1.0,1.0,2.164,0.000394,16904
5,I,Combined,1190,0%,1.0,1.0,0.0,10,how many seasons of the oc are there,1.0,1.0,1.8867,0.000938,17518
5,I,Combined,1190,0%,1.0,1.0,0.0,10,latest season on keeping up with the kardashians,1.0,1.0,1.3592,0.000327,17893
5,I,Combined,1190,0%,1.0,1.0,0.0,10,how dose the poet present death as a voyage in crossing the bar,1.0,1.0,1.8344,0.000307,18066
5,I,Combined,1190,0%,1.0,1.0,0.0,10,who were farmers who kept a small portion of their crops & gave the rest to the landowners,1.0,1.0,1.8867,0.000119,16239
5,I,Combined,1190,0%,1.0,1.0,0.0,10,what is pumped up kicks the song about,1.0,1.0,1.8344,0.000141,16397
5,I,Combined,1190,0%,1.0,1.0,0.0,10,2. what are the reasons states impose protectionists policies on other countries,1.0,1.0,2.0253,0.000159,18324
5,I,Combined,1190,0%,1.0,1.0,0.0,10,where are they building the new raiders stadium,1.0,1.0,2.164,0.000102,16948
5,I,Combined,1190,0%,1.0,1.0,0.0,10,what event provoked congress to propose the eleventh amendment and the states to ratify it,1.0,1.0,1.973,0.000125,16122
5,I,Combined,1190,0%,1.0,1.0,0.0,10,does joe die in the purge election year,1.0,1.0,1.8344,0.000228,16705
5,I,Combined,1190,1%,0.99,1.01,1.0,10,what is non controlling interest on balance sheet,1.0,1.0,1.8867,4e-05,42864
5,I,Combined,1190,1%,0.99,1.01,1.0,10,how many episodes are in chicago fire season 4,1.0,1.0,1.6957,7.5e-05,25765
5,I,Combined,1190,1%,0.99,1.01,1.0,10,who sings love will keep us alive by the eagles,1.0,1.0,2.164,2.7e-05,19861
5,I,Combined,1190,1%,0.99,1.01,1.0,10,who is the leader of the ontario pc party,1.0,1.0,1.7481,0.000276,17680
5,I,Combined,1190,1%,0.99,1.01,1.0,10,nitty gritty dirt band fishin in the dark album,1.0,1.0,1.7481,7.7e-05,16973
5,I,Combined,1190,1%,0.99,1.01,1.0,10,who were the three elves who got rings,1.0,0.9999,2.0253,2.8e-05,16490
5,I,Combined,1190,1%,0.99,1.01,1.0,10,converting stereo signal to mono signal is called,1.0,1.0,1.6957,0.001218,18222
5,I,Combined,1190,1%,0.99,1.01,1.0,10,in order to prove disparate impact you first must establish,1.0,1.0,1.8344,6.1e-05,17085
5,I,Combined,1190,1%,0.99,1.01,1.0,10,where do characters live in this is us,1.0,1.0,2.0253,0.000148,17930
5,I,Combined,1190,1%,0.99,1.01,1.0,10,who makes the decisions about what to produce in a market economy,1.0,1.0,1.6434,9.2e-05,17336
5,I,Combined,1190,1%,0.99,1.01,1.0,10,when is the new tappan zee bridge going to be finished,1.0,1.0,1.6957,0.000356,17601
5,I,Combined,1190,1%,0.99,1.01,1.0,10,who recorded i can't help falling in love with you,1.0,1.0,2.0253,0.000217,16994
5,I,Combined,1190,1%,0.99,1.01,1.0,10,who plays the doc in back to the future,1.0,1.0,2.0253,0.000552,17172
5,I,Combined,1190,1%,0.99,1.01,1.0,10,when did they stop cigarette advertising on television,1.0,1.0,2.0253,0.00067,17851
5,I,Combined,1190,1%,0.99,1.01,1.0,10,who has been chosen as the brand ambassador of the campaign 'beti bachao-beti padhao,1.0,1.0,1.6957,0.000573,17563
5,I,Combined,1190,1%,0.99,1.01,1.0,10,how many seasons of prison break are on netflix,1.0,1.0,1.973,9.4e-05,16703
5,I,Combined,1190,1%,0.99,1.01,1.0,10,what was the name of atom bomb dropped by usa on hiroshima,1.0,1.0,1.7481,0.000109,18264
5,I,Combined,1190,1%,0.99,1.01,1.0,10,when did the us take over wake island,1.0,1.0,1.973,0.000695,17931
5,I,Combined,1190,1%,0.99,1.01,1.0,10,when did american two party system began to emerge,1.0,1.0,1.6094,0.000189,17110
5,I,Combined,1190,1%,0.99,1.01,1.0,10,where are the mitochondria located in the sperm,1.0,1.0,2.164,0.00018,18268
5,I,Combined,1190,1%,0.99,1.01,1.0,10,how many lines of symmetry are there in a equilateral triangle,1.0,1.0,2.164,0.000392,17630
5,I,Combined,1190,1%,0.99,1.01,1.0,10,how many seasons of the oc are there,1.0,1.0,1.8867,0.000937,18308
5,I,Combined,1190,1%,0.99,1.01,1.0,10,latest season on keeping up with the kardashians,1.0,1.0,1.3592,0.000326,17125
5,I,Combined,1190,1%,0.99,1.01,1.0,10,how dose the poet present death as a voyage in crossing the bar,1.0,1.0,1.8344,0.000307,17988
5,I,Combined,1190,1%,0.99,1.01,1.0,10,who were farmers who kept a small portion of their crops & gave the rest to the landowners,1.0,1.0,1.8867,0.000118,16692
5,I,Combined,1190,1%,0.99,1.01,1.0,10,what is pumped up kicks the song about,1.0,1.0,1.8344,0.000142,16753
5,I,Combined,1190,1%,0.99,1.01,1.0,10,2. what are the reasons states impose protectionists policies on other countries,1.0,1.0,2.0253,0.000159,18020
5,I,Combined,1190,1%,0.99,1.01,1.0,10,where are they building the new raiders stadium,1.0,1.0,2.164,0.000102,16272
5,I,Combined,1190,1%,0.99,1.01,1.0,10,what event provoked congress to propose the eleventh amendment and the states to ratify it,1.0,1.0,1.973,0.000124,15042
5,I,Combined,1190,1%,0.99,1.01,1.0,10,does joe die in the purge election year,1.0,1.0,1.8344,0.000228,15584
5,I,Combined,1190,10%,0.9,1.1,10.0,10,what is non controlling interest on balance sheet,0.9,0.9408,1.8867,4.1e-05,34755
5,I,Combined,1190,10%,0.9,1.1,10.0,10,how many episodes are in chicago fire season 4,1.0,1.0,1.973,7.6e-05,21602
5,I,Combined,1190,10%,0.9,1.1,10.0,10,who sings love will keep us alive by the eagles,1.0,1.0,2.164,2.7e-05,19163
5,I,Combined,1190,10%,0.9,1.1,10.0,10,who is the leader of the ontario pc party,1.0,1.0,1.7481,0.000267,18400
5,I,Combined,1190,10%,0.9,1.1,10.0,10,nitty gritty dirt band fishin in the dark album,1.0,1.0,1.8867,7.6e-05,18369
5,I,Combined,1190,10%,0.9,1.1,10.0,10,who were the three elves who got rings,0.9,0.9413,2.164,2.8e-05,18991
5,I,Combined,1190,10%,0.9,1.1,10.0,10,converting stereo signal to mono signal is called,1.0,0.9999,1.6957,0.001179,19493
5,I,Combined,1190,10%,0.9,1.1,10.0,10,in order to prove disparate impact you first must establish,1.0,1.0,1.8344,6.1e-05,18322
5,I,Combined,1190,10%,0.9,1.1,10.0,10,where do characters live in this is us,1.0,1.0,1.973,0.00015,18521
5,I,Combined,1190,10%,0.9,1.1,10.0,10,who makes the decisions about what to produce in a market economy,1.0,1.0,1.6434,8.7e-05,18489
5,I,Combined,1190,10%,0.9,1.1,10.0,10,when is the new tappan zee bridge going to be finished,1.0,1.0,1.7481,0.000355,18846
5,I,Combined,1190,10%,0.9,1.1,10.0,10,who recorded i can't help falling in love with you,1.0,1.0,1.8867,0.000217,17957
5,I,Combined,1190,10%,0.9,1.1,10.0,10,who plays the doc in back to the future,1.0,0.9999,1.8344,0.000546,17609
5,I,Combined,1190,10%,0.9,1.1,10.0,10,when did they stop cigarette advertising on television,1.0,1.0,1.8867,0.000669,18474
5,I,Combined,1190,10%,0.9,1.1,10.0,10,who has been chosen as the brand ambassador of the campaign 'beti bachao-beti padhao,1.0,1.0,1.8867,0.000538,18082
5,I,Combined,1190,10%,0.9,1.1,10.0,10,how many seasons of prison break are on netflix,1.0,0.9999,2.0253,9.2e-05,18313
5,I,Combined,1190,10%,0.9,1.1,10.0,10,what was the name of atom bomb dropped by usa on hiroshima,0.9,0.9433,2.0253,0.000104,17922
5,I,Combined,1190,10%,0.9,1.1,10.0,10,when did the us take over wake island,1.0,1.0,1.973,0.000676,17928
5,I,Combined,1190,10%,0.9,1.1,10.0,10,when did american two party system began to emerge,0.9,0.946,1.6094,0.000191,17803
5,I,Combined,1190,10%,0.9,1.1,10.0,10,where are the mitochondria located in the sperm,1.0,1.0,1.8867,0.000178,17904
5,I,Combined,1190,10%,0.9,1.1,10.0,10,how many lines of symmetry are there in a equilateral triangle,1.0,1.0,2.164,0.000405,17726
5,I,Combined,1190,10%,0.9,1.1,10.0,10,how many seasons of the oc are there,1.0,1.0,1.8867,0.000972,18269
5,I,Combined,1190,10%,0.9,1.1,10.0,10,latest season on keeping up with the kardashians,0.9,0.9572,1.4979,0.000325,18892
5,I,Combined,1190,10%,0.9,1.1,10.0,10,how dose the poet present death as a voyage in crossing the bar,1.0,1.0,2.0253,0.000298,18612
5,I,Combined,1190,10%,0.9,1.1,10.0,10,who were farmers who kept a small portion of their crops & gave the rest to the landowners,1.0,1.0,1.8344,0.000117,20454
5,I,Combined,1190,10%,0.9,1.1,10.0,10,what is pumped up kicks the song about,1.0,1.0,2.0253,0.00014,17887
5,I,Combined,1190,10%,0.9,1.1,10.0,10,2. what are the reasons states impose protectionists policies on other countries,1.0,1.0,2.164,0.000143,18637
5,I,Combined,1190,10%,0.9,1.1,10.0,10,where are they building the new raiders stadium,1.0,1.0,2.3026,9.9e-05,17730
5,I,Combined,1190,10%,0.9,1.1,10.0,10,what event provoked congress to propose the eleventh amendment and the states to ratify it,1.0,1.0,1.973,0.000119,18666
5,I,Combined,1190,10%,0.9,1.1,10.0,10,does joe die in the purge election year,0.9,0.9468,1.973,0.000221,20011
5,I,Combined,1190,30%,0.7,1.3,30.0,10,what is non controlling interest on balance sheet,1.0,0.9996,1.8344,3.5e-05,42642
5,I,Combined,1190,30%,0.7,1.3,30.0,10,how many episodes are in chicago fire season 4,1.0,1.0,1.8867,5.8e-05,25492
5,I,Combined,1190,30%,0.7,1.3,30.0,10,who sings love will keep us alive by the eagles,0.9,0.9451,2.164,2.7e-05,21399
5,I,Combined,1190,30%,0.7,1.3,30.0,10,who is the leader of the ontario pc party,0.9,0.9442,1.6957,0.000255,17841
5,I,Combined,1190,30%,0.7,1.3,30.0,10,nitty gritty dirt band fishin in the dark album,0.9,0.9419,1.8344,7e-05,16254
5,I,Combined,1190,30%,0.7,1.3,30.0,10,who were the three elves who got rings,0.9,0.9388,1.973,1.4e-05,17272
5,I,Combined,1190,30%,0.7,1.3,30.0,10,converting stereo signal to mono signal is called,1.0,1.0,1.6957,0.001174,16560
5,I,Combined,1190,30%,0.7,1.3,30.0,10,in order to prove disparate impact you first must establish,1.0,0.9995,1.8867,5.4e-05,16647
5,I,Combined,1190,30%,0.7,1.3,30.0,10,where do characters live in this is us,1.0,0.9999,1.8867,0.000127,16918
5,I,Combined,1190,30%,0.7,1.3,30.0,10,who makes the decisions about what to produce in a market economy,1.0,1.0,1.8344,0.000103,17046
5,I,Combined,1190,30%,0.7,1.3,30.0,10,when is the new tappan zee bridge going to be finished,1.0,0.9998,1.6957,0.000315,17830
5,I,Combined,1190,30%,0.7,1.3,30.0,10,who recorded i can't help falling in love with you,0.9,0.946,1.8867,0.000191,17679
5,I,Combined,1190,30%,0.7,1.3,30.0,10,who plays the doc in back to the future,1.0,1.0,2.0253,0.000527,18814
5,I,Combined,1190,30%,0.7,1.3,30.0,10,when did they stop cigarette advertising on television,1.0,1.0,1.8867,0.000573,18778
5,I,Combined,1190,30%,0.7,1.3,30.0,10,who has been chosen as the brand ambassador of the campaign 'beti bachao-beti padhao,1.0,0.9999,1.5048,0.000513,17807
5,I,Combined,1190,30%,0.7,1.3,30.0,10,how many seasons of prison break are on netflix,1.0,0.9992,2.164,7.9e-05,17029
5,I,Combined,1190,30%,0.7,1.3,30.0,10,what was the name of atom bomb dropped by usa on hiroshima,1.0,1.0,2.164,0.000102,17221
5,I,Combined,1190,30%,0.7,1.3,30.0,10,when did the us take over wake island,0.9,0.9517,1.973,0.000664,16548
5,I,Combined,1190,30%,0.7,1.3,30.0,10,when did american two party system began to emerge,0.9,0.9392,1.6957,0.000153,21293
5,I,Combined,1190,30%,0.7,1.3,30.0,10,where are the mitochondria located in the sperm,0.8,0.8844,2.0253,0.000192,20498
5,I,Combined,1190,30%,0.7,1.3,30.0,10,how many lines of symmetry are there in a equilateral triangle,1.0,1.0,2.0253,0.000334,16916
5,I,Combined,1190,30%,0.7,1.3,30.0,10,how many seasons of the oc are there,1.0,1.0,2.0253,0.000818,17402
5,I,Combined,1190,30%,0.7,1.3,30.0,10,latest season on keeping up with the kardashians,1.0,1.0,1.6094,0.000296,17604
5,I,Combined,1190,30%,0.7,1.3,30.0,10,how dose the poet present death as a voyage in crossing the bar,0.9,0.9469,2.164,0.000254,18969
5,I,Combined,1190,30%,0.7,1.3,30.0,10,who were farmers who kept a small portion of their crops & gave the rest to the landowners,1.0,0.9997,1.6434,9.4e-05,19416
5,I,Combined,1190,30%,0.7,1.3,30.0,10,what is pumped up kicks the song about,0.9,0.9455,2.0253,0.000131,18573
5,I,Combined,1190,30%,0.7,1.3,30.0,10,2. what are the reasons states impose protectionists policies on other countries,0.9,0.9426,2.0253,0.000157,20016
5,I,Combined,1190,30%,0.7,1.3,30.0,10,where are they building the new raiders stadium,1.0,1.0,2.0253,9.7e-05,18802
5,I,Combined,1190,30%,0.7,1.3,30.0,10,what event provoked congress to propose the eleventh amendment and the states to ratify it,1.0,1.0,1.973,0.000115,16020
5,I,Combined,1190,30%,0.7,1.3,30.0,10,does joe die in the purge election year,0.9,0.9446,2.164,0.000227,16095
5,I,Combined,1190,50%,0.5,1.5,50.0,10,what is non controlling interest on balance sheet,0.9,0.9352,2.0253,2.3e-05,43116
5,I,Combined,1190,50%,0.5,1.5,50.0,10,how many episodes are in chicago fire season 4,0.9,0.9371,2.164,6.9e-05,24903
5,I,Combined,1190,50%,0.5,1.5,50.0,10,who sings love will keep us alive by the eagles,0.9,0.9442,2.3026,1.8e-05,20294
5,I,Combined,1190,50%,0.5,1.5,50.0,10,who is the leader of the ontario pc party,0.9,0.9442,1.8344,0.000187,17746
5,I,Combined,1190,50%,0.5,1.5,50.0,10,nitty gritty dirt band fishin in the dark album,0.9,0.9425,1.6094,5.8e-05,19078
5,I,Combined,1190,50%,0.5,1.5,50.0,10,who were the three elves who got rings,0.9,0.9412,2.0253,2.5e-05,18531
5,I,Combined,1190,50%,0.5,1.5,50.0,10,converting stereo signal to mono signal is called,1.0,0.9998,1.6957,0.000762,17429
5,I,Combined,1190,50%,0.5,1.5,50.0,10,in order to prove disparate impact you first must establish,1.0,1.0,1.6094,4.7e-05,17250
5,I,Combined,1190,50%,0.5,1.5,50.0,10,where do characters live in this is us,1.0,0.9998,2.0253,0.000157,16595
5,I,Combined,1190,50%,0.5,1.5,50.0,10,who makes the decisions about what to produce in a market economy,1.0,0.9999,2.0253,6e-05,16831
5,I,Combined,1190,50%,0.5,1.5,50.0,10,when is the new tappan zee bridge going to be finished,1.0,1.0,2.0253,0.000254,17020
5,I,Combined,1190,50%,0.5,1.5,50.0,10,who recorded i can't help falling in love with you,0.9,0.9459,2.164,0.000153,19775
5,I,Combined,1190,50%,0.5,1.5,50.0,10,who plays the doc in back to the future,1.0,0.9999,1.8344,0.000468,17898
5,I,Combined,1190,50%,0.5,1.5,50.0,10,when did they stop cigarette advertising on television,1.0,1.0,2.164,0.000485,16822
5,I,Combined,1190,50%,0.5,1.5,50.0,10,who has been chosen as the brand ambassador of the campaign 'beti bachao-beti padhao,1.0,0.9999,1.8867,0.000379,18122
5,I,Combined,1190,50%,0.5,1.5,50.0,10,how many seasons of prison break are on netflix,0.9,0.9442,2.164,8.1e-05,16893
5,I,Combined,1190,50%,0.5,1.5,50.0,10,what was the name of atom bomb dropped by usa on hiroshima,0.9,0.9455,2.164,7.7e-05,18873
5,I,Combined,1190,50%,0.5,1.5,50.0,10,when did the us take over wake island,0.9,0.9517,1.973,0.000547,19228
5,I,Combined,1190,50%,0.5,1.5,50.0,10,when did american two party system began to emerge,0.9,0.9479,1.4979,0.000127,16902
5,I,Combined,1190,50%,0.5,1.5,50.0,10,where are the mitochondria located in the sperm,0.9,0.9449,2.0253,0.000101,18676
5,I,Combined,1190,50%,0.5,1.5,50.0,10,how many lines of symmetry are there in a equilateral triangle,1.0,0.9991,2.0253,0.000323,17636
5,I,Combined,1190,50%,0.5,1.5,50.0,10,how many seasons of the oc are there,1.0,0.9998,2.0253,0.000756,16976
5,I,Combined,1190,50%,0.5,1.5,50.0,10,latest season on keeping up with the kardashians,1.0,1.0,1.4979,0.000188,17413
5,I,Combined,1190,50%,0.5,1.5,50.0,10,how dose the poet present death as a voyage in crossing the bar,1.0,0.9999,1.973,0.00019,16741
5,I,Combined,1190,50%,0.5,1.5,50.0,10,who were farmers who kept a small portion of their crops & gave the rest to the landowners,1.0,0.9996,1.8344,0.0001,16650
5,I,Combined,1190,50%,0.5,1.5,50.0,10,what is pumped up kicks the song about,0.9,0.9458,1.973,0.000107,17578
5,I,Combined,1190,50%,0.5,1.5,50.0,10,2. what are the reasons states impose protectionists policies on other countries,1.0,1.0,2.164,0.000145,20334
5,I,Combined,1190,50%,0.5,1.5,50.0,10,where are they building the new raiders stadium,1.0,0.9999,2.0253,7.2e-05,17211
5,I,Combined,1190,50%,0.5,1.5,50.0,10,what event provoked congress to propose the eleventh amendment and the states to ratify it,0.9,0.9463,1.973,9e-05,17207
5,I,Combined,1190,50%,0.5,1.5,50.0,10,does joe die in the purge election year,1.0,1.0,1.8867,0.000158,18145
5,I,Combined,1190,70%,0.3,1.7,70.0,10,what is non controlling interest on balance sheet,0.9,0.9404,2.164,1.4e-05,35208
5,I,Combined,1190,70%,0.3,1.7,70.0,10,how many episodes are in chicago fire season 4,1.0,1.0,1.8867,4e-05,21641
5,I,Combined,1190,70%,0.3,1.7,70.0,10,who sings love will keep us alive by the eagles,0.9,0.9441,2.164,1.4e-05,19139
5,I,Combined,1190,70%,0.3,1.7,70.0,10,who is the leader of the ontario pc party,0.9,0.9437,1.8344,0.000142,17066
5,I,Combined,1190,70%,0.3,1.7,70.0,10,nitty gritty dirt band fishin in the dark album,0.9,0.939,1.8867,3.3e-05,17535
5,I,Combined,1190,70%,0.3,1.7,70.0,10,who were the three elves who got rings,1.0,0.9994,2.0253,1.8e-05,20398
5,I,Combined,1190,70%,0.3,1.7,70.0,10,converting stereo signal to mono signal is called,1.0,1.0,1.6957,0.00051,16634
5,I,Combined,1190,70%,0.3,1.7,70.0,10,in order to prove disparate impact you first must establish,1.0,0.9946,1.6094,2.6e-05,17139
5,I,Combined,1190,70%,0.3,1.7,70.0,10,where do characters live in this is us,1.0,0.9999,1.8867,8.6e-05,17729
5,I,Combined,1190,70%,0.3,1.7,70.0,10,who makes the decisions about what to produce in a market economy,1.0,0.9974,1.8344,3.3e-05,16653
5,I,Combined,1190,70%,0.3,1.7,70.0,10,when is the new tappan zee bridge going to be finished,1.0,0.9996,1.8344,0.000193,16402
5,I,Combined,1190,70%,0.3,1.7,70.0,10,who recorded i can't help falling in love with you,0.9,0.946,1.8344,0.000102,16752
5,I,Combined,1190,70%,0.3,1.7,70.0,10,who plays the doc in back to the future,1.0,0.9995,2.0253,0.000237,17565
5,I,Combined,1190,70%,0.3,1.7,70.0,10,when did they stop cigarette advertising on television,0.9,0.9511,1.8867,0.000318,16289
5,I,Combined,1190,70%,0.3,1.7,70.0,10,who has been chosen as the brand ambassador of the campaign 'beti bachao-beti padhao,1.0,1.0,2.0253,0.00026,17646
5,I,Combined,1190,70%,0.3,1.7,70.0,10,how many seasons of prison break are on netflix,1.0,1.0,2.3026,4.4e-05,18168
5,I,Combined,1190,70%,0.3,1.7,70.0,10,what was the name of atom bomb dropped by usa on hiroshima,0.8,0.8831,2.0253,6.6e-05,18538
5,I,Combined,1190,70%,0.3,1.7,70.0,10,when did the us take over wake island,1.0,1.0,1.8344,0.000304,17622
5,I,Combined,1190,70%,0.3,1.7,70.0,10,when did american two party system began to emerge,0.9,0.9481,1.973,8.4e-05,17370
5,I,Combined,1190,70%,0.3,1.7,70.0,10,where are the mitochondria located in the sperm,0.9,0.9365,2.0253,0.000128,17311
5,I,Combined,1190,70%,0.3,1.7,70.0,10,how many lines of symmetry are there in a equilateral triangle,0.9,0.9526,2.3026,0.000177,17553
5,I,Combined,1190,70%,0.3,1.7,70.0,10,how many seasons of the oc are there,1.0,0.9999,2.0253,0.000384,17619
5,I,Combined,1190,70%,0.3,1.7,70.0,10,latest season on keeping up with the kardashians,0.9,0.9504,1.7481,0.000128,17648
5,I,Combined,1190,70%,0.3,1.7,70.0,10,how dose the poet present death as a voyage in crossing the bar,1.0,0.9999,2.0253,0.000131,26706
5,I,Combined,1190,70%,0.3,1.7,70.0,10,who were farmers who kept a small portion of their crops & gave the rest to the landowners,0.9,0.9487,1.8867,5.1e-05,20128
5,I,Combined,1190,70%,0.3,1.7,70.0,10,what is pumped up kicks the song about,0.9,0.9455,2.0253,4.7e-05,18960
5,I,Combined,1190,70%,0.3,1.7,70.0,10,2. what are the reasons states impose protectionists policies on other countries,1.0,0.9998,2.0253,0.000115,17485
5,I,Combined,1190,70%,0.3,1.7,70.0,10,where are they building the new raiders stadium,1.0,0.9993,2.0253,5.2e-05,17621
5,I,Combined,1190,70%,0.3,1.7,70.0,10,what event provoked congress to propose the eleventh amendment and the states to ratify it,1.0,0.9998,1.8344,9e-05,17418
5,I,Combined,1190,70%,0.3,1.7,70.0,10,does joe die in the purge election year,1.0,0.9999,2.0253,0.000123,18551
