trial,exp,algorithm,noise_min,noise_max,top_k,query,recall_at_k,ndcg_at_k,kendall_tau,enc_embed_us,enc_encrypt_us,enc_search_us,enc_total_us,score_entropy,score_variance,score_distinct_count
1,A,Scrambling,0.9,1.1,10,what is non controlling interest on balance sheet,1.0,1.0,1.0,22433,125,11802,39491,1.8867,4e-05,10
1,A,Scrambling,0.9,1.1,10,how many episodes are in chicago fire season 4,1.0,1.0,1.0,13571,52,7411,24843,1.6957,7.6e-05,10
1,A,Scrambling,0.9,1.1,10,who sings love will keep us alive by the eagles,1.0,1.0,1.0,10599,39,5731,20015,2.164,2.7e-05,10
1,A,Scrambling,0.9,1.1,10,who is the leader of the ontario pc party,1.0,1.0,1.0,8825,33,5144,17425,1.7481,0.000275,10
1,A,Scrambling,0.9,1.1,10,nitty gritty dirt band fishin in the dark album,1.0,1.0,1.0,9246,35,5143,17924,1.7481,7.7e-05,10
1,A,Scrambling,0.9,1.1,10,who were the three elves who got rings,1.0,1.0,1.0,9216,33,5145,18046,2.0253,2.8e-05,10
1,A,Scrambling,0.9,1.1,10,converting stereo signal to mono signal is called,1.0,1.0,1.0,7737,35,5143,16580,1.6957,0.001218,10
1,A,Scrambling,0.9,1.1,10,in order to prove disparate impact you first must establish,1.0,1.0,1.0,8273,33,5142,16998,1.8344,6e-05,9
1,A,Scrambling,0.9,1.1,10,where do characters live in this is us,1.0,1.0,1.0,9108,33,5144,17998,2.0253,0.000148,10
1,A,Scrambling,0.9,1.1,10,who makes the decisions about what to produce in a market economy,1.0,1.0,1.0,8796,34,5163,17453,1.6434,9.2e-05,9
1,A,Scrambling,0.9,1.1,10,when is the new tappan zee bridge going to be finished,1.0,1.0,1.0,8174,33,5144,22419,1.6957,0.000355,10
1,A,Scrambling,0.9,1.1,10,who recorded i can't help falling in love with you,1.0,1.0,1.0,13779,37,5239,23137,2.0253,0.000217,10
1,A,Scrambling,0.9,1.1,10,who plays the doc in back to the future,1.0,1.0,1.0,9739,35,5149,18184,2.0253,0.000551,10
1,A,Scrambling,0.9,1.1,10,when did they stop cigarette advertising on television,1.0,1.0,1.0,8483,35,5160,17453,2.0253,0.000669,10
1,A,Scrambling,0.9,1.1,10,who has been chosen as the brand ambassador of the campaign 'beti bachao-beti padhao,1.0,1.0,1.0,9293,35,5111,17907,1.6957,0.000573,10
1,A,Scrambling,0.9,1.1,10,how many seasons of prison break are on netflix,1.0,1.0,1.0,8867,36,5226,17487,1.973,9.4e-05,10
1,A,Scrambling,0.9,1.1,10,what was the name of atom bomb dropped by usa on hiroshima,1.0,1.0,1.0,7951,34,5227,16586,1.8867,0.00011,9
1,A,Scrambling,0.9,1.1,10,when did the us take over wake island,1.0,1.0,1.0,8535,34,5093,16270,1.973,0.000696,10
1,A,Scrambling,0.9,1.1,10,when did american two party system began to emerge,1.0,1.0,1.0,7338,35,5148,15412,1.6094,0.00019,10
1,A,Scrambling,0.9,1.1,10,where are the mitochondria located in the sperm,1.0,1.0,1.0,7682,33,5153,15384,2.164,0.00018,10
1,A,Scrambling,0.9,1.1,10,how many lines of symmetry are there in a equilateral triangle,1.0,1.0,1.0,8794,33,5146,16903,2.164,0.000394,10
1,A,Scrambling,0.9,1.1,10,how many seasons of the oc are there,1.0,1.0,1.0,8118,35,5139,16023,1.8867,0.000938,10
1,A,Scrambling,0.9,1.1,10,latest season on keeping up with the kardashians,1.0,1.0,1.0,8117,33,5144,16985,1.3592,0.000327,10
1,A,Scrambling,0.9,1.1,10,how dose the poet present death as a voyage in crossing the bar,1.0,1.0,1.0,7981,34,5145,16166,1.8344,0.000307,10
1,A,Scrambling,0.9,1.1,10,who were farmers who kept a small portion of their crops & gave the rest to the landowners,1.0,1.0,1.0,7539,32,5143,16199,1.8867,0.000119,10
1,A,Scrambling,0.9,1.1,10,what is pumped up kicks the song about,1.0,1.0,1.0,8501,35,5141,16887,1.8344,0.000141,10
1,A,Scrambling,0.9,1.1,10,2. what are the reasons states impose protectionists policies on other countries,1.0,1.0,1.0,7791,33,5145,16072,2.0253,0.000159,10
1,A,Scrambling,0.9,1.1,10,where are they building the new raiders stadium,1.0,1.0,1.0,8159,34,5140,17044,2.164,0.000102,10
1,A,Scrambling,0.9,1.1,10,what event provoked congress to propose the eleventh amendment and the states to ratify it,1.0,1.0,1.0,8555,35,5137,16207,1.973,0.000125,10
1,A,Scrambling,0.9,1.1,10,does joe die in the purge election year,1.0,1.0,1.0,9019,34,5149,17830,1.8344,0.000228,10
1,A,Noise,0.9,1.1,10,what is non controlling interest on balance sheet,1.0,1.0,1.0,19718,172,12295,37595,1.5048,4.1e-05,10
1,A,Noise,0.9,1.1,10,how many episodes are in chicago fire season 4,1.0,0.9997,0.8222,15157,90,7793,27182,1.6094,7.3e-05,9
1,A,Noise,0.9,1.1,10,who sings love will keep us alive by the eagles,0.9,0.9452,1.0,10372,71,5741,18909,2.3026,2.7e-05,10
1,A,Noise,0.9,1.1,10,who is the leader of the ontario pc party,1.0,1.0,0.9556,9481,62,5210,17195,1.6094,0.000265,10
1,A,Noise,0.9,1.1,10,nitty gritty dirt band fishin in the dark album,1.0,1.0,0.9111,8814,60,5153,16426,1.973,7.2e-05,9
1,A,Noise,0.9,1.1,10,who were the three elves who got rings,0.9,0.9412,0.8889,9258,62,5146,17956,2.164,3e-05,10
1,A,Noise,0.9,1.1,10,converting stereo signal to mono signal is called,1.0,1.0,0.9556,8274,59,5148,15652,1.6957,0.001185,9
1,A,Noise,0.9,1.1,10,in order to prove disparate impact you first must establish,1.0,1.0,0.9556,8284,60,5158,16068,1.8867,5.6e-05,10
1,A,Noise,0.9,1.1,10,where do characters live in this is us,1.0,1.0,1.0,8932,60,5155,17086,2.0253,0.000143,10
1,A,Noise,0.9,1.1,10,who makes the decisions about what to produce in a market economy,1.0,1.0,0.9556,7494,64,5165,16307,1.6957,9.2e-05,10
1,A,Noise,0.9,1.1,10,when is the new tappan zee bridge going to be finished,1.0,0.9999,0.9111,8700,61,5147,16995,1.6094,0.000346,10
1,A,Noise,0.9,1.1,10,who recorded i can't help falling in love with you,1.0,1.0,1.0,8046,60,5149,16424,1.8867,0.000215,10
1,A,Noise,0.9,1.1,10,who plays the doc in back to the future,1.0,0.9999,0.9556,8308,60,5156,16430,2.0253,0.00053,10
1,A,Noise,0.9,1.1,10,when did they stop cigarette advertising on television,1.0,1.0,0.9556,7671,60,5151,16284,2.0253,0.00066,10
1,A,Noise,0.9,1.1,10,who has been chosen as the brand ambassador of the campaign 'beti bachao-beti padhao,1.0,1.0,1.0,9141,60,5142,18031,1.5048,0.000558,9
1,A,Noise,0.9,1.1,10,how many seasons of prison break are on netflix,1.0,0.9995,0.9111,8974,60,5572,18149,2.0253,9.3e-05,10
1,A,Noise,0.9,1.1,10,what was the name of atom bomb dropped by usa on hiroshima,1.0,0.9999,0.9111,9632,62,5149,18243,2.0253,0.000109,10
1,A,Noise,0.9,1.1,10,when did the us take over wake island,1.0,1.0,1.0,8234,61,5156,16624,1.973,0.000687,10
1,A,Noise,0.9,1.1,10,when did american two party system began to emerge,1.0,1.0,0.9556,7501,60,5157,16071,1.7481,0.00019,10
1,A,Noise,0.9,1.1,10,where are the mitochondria located in the sperm,1.0,1.0,1.0,7728,60,5151,16320,2.0253,0.000168,10
1,A,Noise,0.9,1.1,10,how many lines of symmetry are there in a equilateral triangle,1.0,1.0,1.0,8945,62,5140,17615,2.164,0.000395,10
1,A,Noise,0.9,1.1,10,how many seasons of the oc are there,1.0,1.0,0.9556,8818,59,5141,17431,1.8867,0.000924,10
1,A,Noise,0.9,1.1,10,latest season on keeping up with the kardashians,0.9,0.9572,1.0,8938,62,5148,17583,1.4979,0.000327,10
1,A,Noise,0.9,1.1,10,how dose the poet present death as a voyage in crossing the bar,1.0,1.0,0.9556,8018,60,5160,16786,2.0253,0.000301,10
1,A,Noise,0.9,1.1,10,who were farmers who kept a small portion of their crops & gave the rest to the landowners,1.0,0.9999,0.9556,8794,62,5142,17424,1.973,0.000116,9
1,A,Noise,0.9,1.1,10,what is pumped up kicks the song about,0.9,0.9459,1.0,8027,59,5155,16109,1.8867,0.000145,10
1,A,Noise,0.9,1.1,10,2. what are the reasons states impose protectionists policies on other countries,1.0,1.0,1.0,9260,59,5148,17934,2.164,0.000151,10
1,A,Noise,0.9,1.1,10,where are they building the new raiders stadium,1.0,1.0,1.0,8628,60,5144,17350,2.164,0.0001,10
1,A,Noise,0.9,1.1,10,what event provoked congress to propose the eleventh amendment and the states to ratify it,1.0,1.0,0.9556,8608,60,5141,17148,1.973,0.000122,10
1,A,Noise,0.9,1.1,10,does joe die in the purge election year,1.0,1.0,0.9556,7740,60,5142,16395,2.0253,0.00022,10
1,A,Combined,0.9,1.1,10,what is non controlling interest on balance sheet,0.9,0.9408,0.7778,23459,158,11831,40679,1.6957,4.1e-05,9
1,A,Combined,0.9,1.1,10,how many episodes are in chicago fire season 4,0.9,0.9424,0.9444,14611,99,7655,27535,1.8344,7.1e-05,10
1,A,Combined,0.9,1.1,10,who sings love will keep us alive by the eagles,1.0,1.0,0.9556,11444,76,6327,21524,2.0253,2.7e-05,10
1,A,Combined,0.9,1.1,10,who is the leader of the ontario pc party,1.0,1.0,0.9556,10187,62,5167,18957,1.973,0.000267,10
1,A,Combined,0.9,1.1,10,nitty gritty dirt band fishin in the dark album,1.0,1.0,0.9111,8837,62,5157,17409,1.6957,7.6e-05,10
1,A,Combined,0.9,1.1,10,who were the three elves who got rings,0.9,0.9413,0.8889,8758,61,5166,17711,1.8867,3.1e-05,10
1,A,Combined,0.9,1.1,10,converting stereo signal to mono signal is called,1.0,1.0,1.0,9049,61,5147,17841,1.6957,0.001259,10
1,A,Combined,0.9,1.1,10,in order to prove disparate impact you first must establish,1.0,1.0,0.9111,8362,62,5150,17036,1.6957,6.3e-05,9
1,A,Combined,0.9,1.1,10,where do characters live in this is us,1.0,1.0,0.9556,9212,59,5143,17957,2.0253,0.000154,10
1,A,Combined,0.9,1.1,10,who makes the decisions about what to produce in a market economy,1.0,0.9999,0.9556,8691,61,5164,18197,1.8344,9.3e-05,10
1,A,Combined,0.9,1.1,10,when is the new tappan zee bridge going to be finished,1.0,0.9999,0.9556,8838,59,5150,18542,1.5048,0.000365,10
1,A,Combined,0.9,1.1,10,who recorded i can't help falling in love with you,1.0,1.0,1.0,8739,60,5154,17571,2.0253,0.00022,10
1,A,Combined,0.9,1.1,10,who plays the doc in back to the future,1.0,1.0,1.0,8628,59,5148,17392,2.0253,0.000525,10
1,A,Combined,0.9,1.1,10,when did they stop cigarette advertising on television,1.0,0.9996,0.9556,8565,58,5157,17395,1.8867,0.000654,10
1,A,Combined,0.9,1.1,10,who has been chosen as the brand ambassador of the campaign 'beti bachao-beti padhao,1.0,1.0,0.9556,8288,58,5140,16650,1.6957,0.000547,10
1,A,Combined,0.9,1.1,10,how many seasons of prison break are on netflix,0.9,0.9442,0.8889,8152,59,5140,16381,2.164,9.2e-05,9
1,A,Combined,0.9,1.1,10,what was the name of atom bomb dropped by usa on hiroshima,0.9,0.9455,0.9444,8320,58,5154,16739,1.8867,0.00011,10
1,A,Combined,0.9,1.1,10,when did the us take over wake island,1.0,1.0,1.0,8114,61,5150,16242,1.973,0.000659,10
1,A,Combined,0.9,1.1,10,when did american two party system began to emerge,0.9,0.946,1.0,8125,59,5148,16461,1.6094,0.000181,10
1,A,Combined,0.9,1.1,10,where are the mitochondria located in the sperm,1.0,1.0,0.9556,7750,58,5142,16917,2.164,0.000168,10
1,A,Combined,0.9,1.1,10,how many lines of symmetry are there in a equilateral triangle,1.0,1.0,1.0,7881,60,5145,17001,2.164,0.000383,10
1,A,Combined,0.9,1.1,10,how many seasons of the oc are there,1.0,1.0,0.9556,8404,59,5146,17147,1.8867,0.000917,10
1,A,Combined,0.9,1.1,10,latest season on keeping up with the kardashians,0.9,0.9571,1.0,8876,58,5148,17651,1.3592,0.000322,9
1,A,Combined,0.9,1.1,10,how dose the poet present death as a voyage in crossing the bar,1.0,1.0,1.0,8350,58,5146,17010,2.0253,0.000314,10
1,A,Combined,0.9,1.1,10,who were farmers who kept a small portion of their crops & gave the rest to the landowners,1.0,1.0,0.9556,9436,58,5141,18129,1.8344,0.00012,9
1,A,Combined,0.9,1.1,10,what is pumped up kicks the song about,1.0,1.0,1.0,8156,58,5147,16834,1.6957,0.000143,10
1,A,Combined,0.9,1.1,10,2. what are the reasons states impose protectionists policies on other countries,1.0,1.0,0.9556,8973,58,5145,17696,2.0253,0.000156,9
1,A,Combined,0.9,1.1,10,where are they building the new raiders stadium,1.0,1.0,0.9556,10041,60,5150,18816,2.164,0.000103,10
1,A,Combined,0.9,1.1,10,what event provoked congress to propose the eleventh amendment and the states to ratify it,1.0,1.0,1.0,8685,59,5148,17358,1.973,0.000122,10
1,A,Combined,0.9,1.1,10,does joe die in the purge election year,1.0,1.0,1.0,8169,62,5144,16830,1.8344,0.000226,10
1,A,Rome,1.0,1.0,10,what is non controlling interest on balance sheet,1.0,1.0,1.0,21380,11397,6870,43812,1.8867,4e-05,10
1,A,Rome,1.0,1.0,10,how many episodes are in chicago fire season 4,1.0,1.0,1.0,11275,5825,6756,27468,1.6957,7.6e-05,10
1,A,Rome,1.0,1.0,10,who sings love will keep us alive by the eagles,1.0,1.0,1.0,9217,6109,6812,26042,2.164,2.7e-05,10
1,A,Rome,1.0,1.0,10,who is the leader of the ontario pc party,1.0,1.0,1.0,9309,5804,6760,25125,1.7481,0.000275,10
1,A,Rome,1.0,1.0,10,nitty gritty dirt band fishin in the dark album,1.0,1.0,1.0,8249,5767,6752,24430,1.7481,7.7e-05,10
1,A,Rome,1.0,1.0,10,who were the three elves who got rings,1.0,1.0,1.0,7360,5777,6741,23287,2.0253,2.8e-05,10
1,A,Rome,1.0,1.0,10,converting stereo signal to mono signal is called,1.0,1.0,1.0,7218,5752,6754,22821,1.6957,0.001218,10
1,A,Rome,1.0,1.0,10,in order to prove disparate impact you first must establish,1.0,1.0,1.0,9559,5918,6770,24912,1.8344,6e-05,9
1,A,Rome,1.0,1.0,10,where do characters live in this is us,1.0,1.0,1.0,8793,5923,6781,23944,2.0253,0.000148,10
1,A,Rome,1.0,1.0,10,who makes the decisions about what to produce in a market economy,1.0,1.0,1.0,9098,5871,6756,24426,1.6434,9.2e-05,9
1,A,Rome,1.0,1.0,10,when is the new tappan zee bridge going to be finished,1.0,1.0,1.0,8464,5796,6759,23436,1.6957,0.000355,10
1,A,Rome,1.0,1.0,10,who recorded i can't help falling in love with you,1.0,1.0,1.0,9248,5851,6791,25221,2.0253,0.000217,10
1,A,Rome,1.0,1.0,10,who plays the doc in back to the future,1.0,1.0,1.0,9728,5838,6757,26034,2.0253,0.000551,10
1,A,Rome,1.0,1.0,10,when did they stop cigarette advertising on television,1.0,1.0,1.0,9575,5842,6747,25774,2.0253,0.000669,10
1,A,Rome,1.0,1.0,10,who has been chosen as the brand ambassador of the campaign 'beti bachao-beti padhao,1.0,1.0,1.0,8789,5840,6746,24845,1.6957,0.000573,10
1,A,Rome,1.0,1.0,10,how many seasons of prison break are on netflix,1.0,1.0,1.0,8635,5829,6754,24666,1.973,9.4e-05,10
1,A,Rome,1.0,1.0,10,what was the name of atom bomb dropped by usa on hiroshima,1.0,1.0,1.0,7979,5839,6754,24061,1.8867,0.00011,9
1,A,Rome,1.0,1.0,10,when did the us take over wake island,1.0,1.0,1.0,8435,5825,6759,23784,1.973,0.000696,10
1,A,Rome,1.0,1.0,10,when did american two party system began to emerge,1.0,1.0,1.0,8264,5824,6759,24289,1.6094,0.00019,10
1,A,Rome,1.0,1.0,10,where are the mitochondria located in the sperm,1.0,1.0,1.0,9040,5820,6755,24662,2.164,0.00018,10
1,A,Rome,1.0,1.0,10,how many lines of symmetry are there in a equilateral triangle,1.0,1.0,1.0,8456,5810,6741,24448,2.164,0.000394,10
1,A,Rome,1.0,1.0,10,how many seasons of the oc are there,1.0,1.0,1.0,8429,5829,6769,24848,1.8867,0.000938,10
1,A,Rome,1.0,1.0,10,latest season on keeping up with the kardashians,1.0,1.0,1.0,7828,5826,6745,22989,1.3592,0.000327,10
1,A,Rome,1.0,1.0,10,how dose the poet present death as a voyage in crossing the bar,1.0,1.0,1.0,10484,5820,6752,26810,1.8344,0.000307,10
1,A,Rome,1.0,1.0,10,who were farmers who kept a small portion of their crops & gave the rest to the landowners,1.0,1.0,1.0,7891,5846,6749,23339,1.8867,0.000119,10
1,A,Rome,1.0,1.0,10,what is pumped up kicks the song about,1.0,1.0,1.0,7289,5835,6738,23548,1.8344,0.000141,10
1,A,Rome,1.0,1.0,10,2. what are the reasons states impose protectionists policies on other countries,1.0,1.0,1.0,8130,5748,6757,24111,2.0253,0.000159,10
1,A,Rome,1.0,1.0,10,where are they building the new raiders stadium,1.0,1.0,1.0,7804,5835,6747,23790,2.164,0.000102,10
1,A,Rome,1.0,1.0,10,what event provoked congress to propose the eleventh amendment and the states to ratify it,1.0,1.0,1.0,7789,5830,6739,23587,1.973,0.000125,10
1,A,Rome,1.0,1.0,10,does joe die in the purge election year,1.0,1.0,1.0,7898,5814,6741,23669,1.8344,0.000228,10
1,A,RomeCombined,0.9,1.1,10,what is non controlling interest on balance sheet,0.9,0.941,0.8889,22283,14334,12882,54145,2.0253,4.2e-05,10
1,A,RomeCombined,0.9,1.1,10,how many episodes are in chicago fire season 4,1.0,0.9998,0.9111,12348,7739,7825,31637,1.6957,7.3e-05,9
1,A,RomeCombined,0.9,1.1,10,who sings love will keep us alive by the eagles,1.0,1.0,0.9556,8750,5818,6780,24853,2.164,2.5e-05,10
1,A,RomeCombined,0.9,1.1,10,who is the leader of the ontario pc party,1.0,1.0,0.9556,9493,5771,6751,25445,2.0253,0.00027,10
1,A,RomeCombined,0.9,1.1,10,nitty gritty dirt band fishin in the dark album,1.0,1.0,0.9111,8656,5776,6754,24721,1.7481,7.8e-05,10
1,A,RomeCombined,0.9,1.1,10,who were the three elves who got rings,1.0,0.9999,0.9111,8962,5810,6740,25140,1.8867,2.8e-05,10
1,A,RomeCombined,0.9,1.1,10,converting stereo signal to mono signal is called,1.0,1.0,1.0,8817,5788,6756,24865,1.6957,0.001245,10
1,A,RomeCombined,0.9,1.1,10,in order to prove disparate impact you first must establish,1.0,1.0,0.8667,7523,5791,6737,23270,1.6957,5.8e-05,10
1,A,RomeCombined,0.9,1.1,10,where do characters live in this is us,1.0,1.0,1.0,8605,5784,6752,24474,2.0253,0.000141,10
1,A,RomeCombined,0.9,1.1,10,who makes the decisions about what to produce in a market economy,1.0,1.0,0.9556,8194,5786,6762,24052,1.6957,9.3e-05,10
1,A,RomeCombined,0.9,1.1,10,when is the new tappan zee bridge going to be finished,1.0,0.9999,0.9556,8653,5789,6749,24601,1.6957,0.000345,10
1,A,RomeCombined,0.9,1.1,10,who recorded i can't help falling in love with you,1.0,1.0,1.0,8579,5782,6763,24677,1.8867,0.000218,10
1,A,RomeCombined,0.9,1.1,10,who plays the doc in back to the future,1.0,1.0,1.0,8664,5810,6746,24489,2.0253,0.00052,10
1,A,RomeCombined,0.9,1.1,10,when did they stop cigarette advertising on television,1.0,1.0,1.0,8819,5797,6763,24714,2.0253,0.000665,10
1,A,RomeCombined,0.9,1.1,10,who has been chosen as the brand ambassador of the campaign 'beti bachao-beti padhao,1.0,1.0,1.0,9262,5788,6741,25148,1.6957,0.000577,10
1,A,RomeCombined,0.9,1.1,10,how many seasons of prison break are on netflix,1.0,1.0,1.0,9204,5774,6753,25210,1.8867,9e-05,10
1,A,RomeCombined,0.9,1.1,10,what was the name of atom bomb dropped by usa on hiroshima,1.0,1.0,0.9556,8540,5803,6746,24474,1.8867,0.000108,10
1,A,RomeCombined,0.9,1.1,10,when did the us take over wake island,0.9,0.9497,1.0,8246,5791,6744,23632,1.973,0.000678,10
1,A,RomeCombined,0.9,1.1,10,when did american two party system began to emerge,1.0,1.0,1.0,8299,5791,6751,24090,1.8344,0.000199,10
1,A,RomeCombined,0.9,1.1,10,where are the mitochondria located in the sperm,1.0,1.0,1.0,8520,5778,6741,24799,2.164,0.000176,10
1,A,RomeCombined,0.9,1.1,10,how many lines of symmetry are there in a equilateral triangle,1.0,1.0,1.0,9285,5908,6791,25610,2.164,0.000392,10
1,A,RomeCombined,0.9,1.1,10,how many seasons of the oc are there,1.0,1.0,0.9111,9739,5910,6748,25176,1.8867,0.000898,10
1,A,RomeCombined,0.9,1.1,10,latest season on keeping up with the kardashians,0.9,0.9554,1.0,8859,5960,6743,24018,1.3592,0.000324,10
1,A,RomeCombined,0.9,1.1,10,how dose the poet present death as a voyage in crossing the bar,1.0,1.0,0.9556,9423,5833,6758,25031,1.8344,0.000306,10
1,A,RomeCombined,0.9,1.1,10,who were farmers who kept a small portion of their crops & gave the rest to the landowners,1.0,1.0,0.9556,9056,5814,6750,23972,2.0253,0.000122,10
1,A,RomeCombined,0.9,1.1,10,what is pumped up kicks the song about,1.0,1.0,1.0,8810,5825,6747,23998,1.8867,0.000142,10
1,A,RomeCombined,0.9,1.1,10,2. what are the reasons states impose protectionists policies on other countries,1.0,1.0,0.9556,11866,5813,6745,28119,2.3026,0.000156,10
1,A,RomeCombined,0.9,1.1,10,where are they building the new raiders stadium,1.0,1.0,0.9556,8543,5814,6746,24115,1.973,9.9e-05,10
1,A,RomeCombined,0.9,1.1,10,what event provoked congress to propose the eleventh amendment and the states to ratify it,1.0,1.0,1.0,9844,5797,6747,25536,2.0253,0.00012,10
1,A,RomeCombined,0.9,1.1,10,does joe die in the purge election year,1.0,1.0,0.9556,8875,5799,6746,24761,2.0253,0.00022,10
1,A,Ckks,1.0,1.0,10,what is non controlling interest on balance sheet,1.0,1.0,1.0,22596,90048,36661912,36779198,1.8867,4e-05,10
1,A,Ckks,1.0,1.0,10,how many episodes are in chicago fire season 4,1.0,1.0,1.0,10881,67188,36600323,36682578,1.6957,7.6e-05,10
1,A,Ckks,1.0,1.0,10,who sings love will keep us alive by the eagles,1.0,1.0,1.0,9440,66494,36637025,36717278,2.164,2.7e-05,10
1,A,Ckks,1.0,1.0,10,who is the leader of the ontario pc party,1.0,1.0,1.0,11294,69157,36764159,36849211,1.7481,0.000275,10
1,A,Ckks,1.0,1.0,10,nitty gritty dirt band fishin in the dark album,1.0,1.0,1.0,11474,68163,36681685,36766247,1.7481,7.7e-05,10
1,A,Ckks,1.0,1.0,10,who were the three elves who got rings,1.0,1.0,1.0,9912,68307,36708618,36791066,2.0253,2.8e-05,10
1,A,Ckks,1.0,1.0,10,converting stereo signal to mono signal is called,1.0,1.0,1.0,10568,68544,36629515,36712837,1.6957,0.001218,10
1,A,Ckks,1.0,1.0,10,in order to prove disparate impact you first must establish,1.0,1.0,1.0,9386,67819,36628437,36708428,1.8344,6e-05,9
1,A,Ckks,1.0,1.0,10,where do characters live in this is us,1.0,1.0,1.0,9073,69660,36656230,36739546,2.0253,0.000148,10
1,A,Ckks,1.0,1.0,10,who makes the decisions about what to produce in a market economy,1.0,1.0,1.0,10924,68464,36675798,36759788,1.6434,9.2e-05,9
1,A,Ckks,1.0,1.0,10,when is the new tappan zee bridge going to be finished,1.0,1.0,1.0,9959,66373,36640923,36722043,1.6957,0.000355,10
1,A,Ckks,1.0,1.0,10,who recorded i can't help falling in love with you,1.0,1.0,1.0,9870,66574,36611434,36692262,2.0253,0.000217,10
1,A,Ckks,1.0,1.0,10,who plays the doc in back to the future,1.0,1.0,1.0,10214,66687,36624850,36706317,2.0253,0.000551,10
1,A,Ckks,1.0,1.0,10,when did they stop cigarette advertising on television,1.0,1.0,1.0,10540,67948,36609712,36691412,2.0253,0.000669,10
1,A,Ckks,1.0,1.0,10,who has been chosen as the brand ambassador of the campaign 'beti bachao-beti padhao,1.0,1.0,1.0,11284,68105,36673388,36757268,1.6957,0.000573,10
1,A,Ckks,1.0,1.0,10,how many seasons of prison break are on netflix,1.0,1.0,1.0,9530,66913,36590092,36671036,1.973,9.4e-05,10
1,A,Ckks,1.0,1.0,10,what was the name of atom bomb dropped by usa on hiroshima,1.0,1.0,1.0,10468,69625,36662527,36746908,1.8867,0.00011,9
1,A,Ckks,1.0,1.0,10,when did the us take over wake island,1.0,1.0,1.0,9080,66790,36752065,36832159,1.973,0.000696,10
1,A,Ckks,1.0,1.0,10,when did american two party system began to emerge,1.0,1.0,1.0,9128,69687,36793813,36877320,1.6094,0.00019,10
1,A,Ckks,1.0,1.0,10,where are the mitochondria located in the sperm,1.0,1.0,1.0,12187,68324,36627772,36713551,2.164,0.00018,10
1,A,Ckks,1.0,1.0,10,how many lines of symmetry are there in a equilateral triangle,1.0,1.0,1.0,9872,70035,36608569,36692168,2.164,0.000394,10
1,A,Ckks,1.0,1.0,10,how many seasons of the oc are there,1.0,1.0,1.0,10358,69579,36661701,36747633,1.8867,0.000938,10
1,A,Ckks,1.0,1.0,10,latest season on keeping up with the kardashians,1.0,1.0,1.0,11032,68643,36627401,36711223,1.3592,0.000327,10
1,A,Ckks,1.0,1.0,10,how dose the poet present death as a voyage in crossing the bar,1.0,1.0,1.0,10222,67064,36644773,36726460,1.8344,0.000307,10
1,A,Ckks,1.0,1.0,10,who were farmers who kept a small portion of their crops & gave the rest to the landowners,1.0,1.0,1.0,11375,66824,36643810,36726727,1.8867,0.000119,10
1,A,Ckks,1.0,1.0,10,what is pumped up kicks the song about,1.0,1.0,1.0,10188,68289,36640818,36723543,1.8344,0.000141,10
1,A,Ckks,1.0,1.0,10,2. what are the reasons states impose protectionists policies on other countries,1.0,1.0,1.0,9222,68923,36655839,36738497,2.0253,0.000159,10
1,A,Ckks,1.0,1.0,10,where are they building the new raiders stadium,1.0,1.0,1.0,9948,68042,36631574,36713867,2.164,0.000102,10
1,A,Ckks,1.0,1.0,10,what event provoked congress to propose the eleventh amendment and the states to ratify it,1.0,1.0,1.0,9336,63575,36556551,36633377,1.973,0.000125,10
1,A,Ckks,1.0,1.0,10,does joe die in the purge election year,1.0,1.0,1.0,9659,68126,36607685,36690029,1.8344,0.000228,10
1,A,CkksCombined,0.9,1.1,10,what is non controlling interest on balance sheet,1.0,0.9998,0.8667,21658,92263,36649257,36767671,1.8867,4e-05,9
1,A,CkksCombined,0.9,1.1,10,how many episodes are in chicago fire season 4,1.0,1.0,0.9111,9635,69389,36612890,36694889,1.7481,7.3e-05,10
1,A,CkksCombined,0.9,1.1,10,who sings love will keep us alive by the eagles,1.0,1.0,1.0,10578,68389,36686763,36769979,2.164,2.8e-05,10
1,A,CkksCombined,0.9,1.1,10,who is the leader of the ontario pc party,1.0,0.9998,0.8667,10716,68308,36710105,36793259,1.6094,0.000273,10
1,A,CkksCombined,0.9,1.1,10,nitty gritty dirt band fishin in the dark album,1.0,1.0,0.9556,8839,65561,36645705,36724562,1.8344,7.5e-05,10
1,A,CkksCombined,0.9,1.1,10,who were the three elves who got rings,1.0,1.0,1.0,10009,66871,36583130,36664594,2.0253,2.5e-05,10
1,A,CkksCombined,0.9,1.1,10,converting stereo signal to mono signal is called,1.0,1.0,0.9556,10929,65709,36618185,36698879,1.6957,0.001194,10
1,A,CkksCombined,0.9,1.1,10,in order to prove disparate impact you first must establish,1.0,1.0,0.9556,10105,68271,36624373,36707500,1.973,6.3e-05,10
1,A,CkksCombined,0.9,1.1,10,where do characters live in this is us,1.0,1.0,0.9556,9456,68282,36659858,36741719,2.0253,0.000142,10
1,A,CkksCombined,0.9,1.1,10,who makes the decisions about what to produce in a market economy,1.0,1.0,0.9111,8990,67848,36661235,36741192,1.6434,8.9e-05,9
1,A,CkksCombined,0.9,1.1,10,when is the new tappan zee bridge going to be finished,1.0,0.9999,0.9556,10215,69677,36646624,36731055,1.6957,0.000345,10
1,A,CkksCombined,0.9,1.1,10,who recorded i can't help falling in love with you,1.0,1.0,0.9556,10011,67945,36706699,36789157,1.8867,0.000209,10
1,A,CkksCombined,0.9,1.1,10,who plays the doc in back to the future,1.0,1.0,1.0,9406,68364,36642611,36724496,2.0253,0.00055,10
1,A,CkksCombined,0.9,1.1,10,when did they stop cigarette advertising on television,1.0,1.0,1.0,11544,68551,36700487,36785374,2.0253,0.000672,10
1,A,CkksCombined,0.9,1.1,10,who has been chosen as the brand ambassador of the campaign 'beti bachao-beti padhao,1.0,1.0,1.0,11218,67280,36598437,36681324,1.6957,0.000546,10
1,A,CkksCombined,0.9,1.1,10,how many seasons of prison break are on netflix,1.0,1.0,1.0,10479,68274,36637113,36720417,2.0253,9.3e-05,10
1,A,CkksCombined,0.9,1.1,10,what was the name of atom bomb dropped by usa on hiroshima,1.0,1.0,1.0,10838,67097,36626399,36708516,1.8867,0.000109,10
1,A,CkksCombined,0.9,1.1,10,when did the us take over wake island,1.0,1.0,1.0,10804,69255,36632302,36726014,1.8344,0.000695,10
1,A,CkksCombined,0.9,1.1,10,when did american two party system began to emerge,0.9,0.9481,1.0,11159,67545,36647392,36729990,1.7481,0.000179,10
1,A,CkksCombined,0.9,1.1,10,where are the mitochondria located in the sperm,1.0,1.0,1.0,11253,67249,36619859,36702586,2.0253,0.00018,9
1,A,CkksCombined,0.9,1.1,10,how many lines of symmetry are there in a equilateral triangle,1.0,1.0,1.0,10495,68381,36664540,36746628,2.0253,0.000396,10
1,A,CkksCombined,0.9,1.1,10,how many seasons of the oc are there,1.0,1.0,1.0,9942,68310,36633971,36716771,1.8867,0.000935,10
1,A,CkksCombined,0.9,1.1,10,latest season on keeping up with the kardashians,1.0,1.0,1.0,9171,67093,36615501,36696843,1.3592,0.000319,10
1,A,CkksCombined,0.9,1.1,10,how dose the poet present death as a voyage in crossing the bar,1.0,1.0,1.0,10261,68400,36640079,36722982,1.8344,0.000297,9
1,A,CkksCombined,0.9,1.1,10,who were farmers who kept a small portion of their crops & gave the rest to the landowners,1.0,1.0,0.9556,10767,68994,36648881,36733504,1.6957,0.000122,10
1,A,CkksCombined,0.9,1.1,10,what is pumped up kicks the song about,1.0,1.0,0.9556,9880,67848,36640483,36721047,1.8867,0.00014,10
1,A,CkksCombined,0.9,1.1,10,2. what are the reasons states impose protectionists policies on other countries,1.0,1.0,0.9556,10149,66652,36590590,36671790,2.164,0.00016,10
1,A,CkksCombined,0.9,1.1,10,where are they building the new raiders stadium,1.0,1.0,0.9556,10723,68189,36674958,36758532,2.164,0.000102,10
1,A,CkksCombined,0.9,1.1,10,what event provoked congress to propose the eleventh amendment and the states to ratify it,1.0,1.0,1.0,11893,66863,36614568,36696661,2.0253,0.000125,10
1,A,CkksCombined,0.9,1.1,10,does joe die in the purge election year,1.0,1.0,0.9556,9414,65187,36594288,36673301,2.0253,0.000221,10
2,A,Scrambling,0.9,1.1,10,what is non controlling interest on balance sheet,1.0,1.0,1.0,21555,141,12024,38927,1.8867,4e-05,10
2,A,Scrambling,0.9,1.1,10,how many episodes are in chicago fire season 4,1.0,1.0,1.0,14744,57,8039,27010,1.6957,7.6e-05,10
2,A,Scrambling,0.9,1.1,10,who sings love will keep us alive by the eagles,1.0,1.0,1.0,10512,44,5980,19006,2.164,2.7e-05,10
2,A,Scrambling,0.9,1.1,10,who is the leader of the ontario pc party,1.0,1.0,1.0,9564,34,5152,18244,1.7481,0.000275,10
2,A,Scrambling,0.9,1.1,10,nitty gritty dirt band fishin in the dark album,1.0,1.0,1.0,9038,38,5155,16613,1.7481,7.7e-05,10
2,A,Scrambling,0.9,1.1,10,who were the three elves who got rings,1.0,1.0,1.0,8929,35,5145,16466,2.0253,2.8e-05,10
2,A,Scrambling,0.9,1.1,10,converting stereo signal to mono signal is called,1.0,1.0,1.0,8503,38,5149,16074,1.6957,0.001218,10
2,A,Scrambling,0.9,1.1,10,in order to prove disparate impact you first must establish,1.0,1.0,1.0,8534,35,5148,16451,1.8344,6e-05,9
2,A,Scrambling,0.9,1.1,10,where do characters live in this is us,1.0,1.0,1.0,7589,34,5147,15020,2.0253,0.000148,10
2,A,Scrambling,0.9,1.1,10,who makes the decisions about what to produce in a market economy,1.0,1.0,1.0,9308,34,5144,17756,1.6434,9.2e-05,9
2,A,Scrambling,0.9,1.1,10,when is the new tappan zee bridge going to be finished,1.0,1.0,1.0,8021,35,5152,16133,1.6957,0.000355,10
2,A,Scrambling,0.9,1.1,10,who recorded i can't help falling in love with you,1.0,1.0,1.0,8952,35,5160,17046,2.0253,0.000217,10
2,A,Scrambling,0.9,1.1,10,who plays the doc in back to the future,1.0,1.0,1.0,9052,36,5161,18521,2.0253,0.000551,10
2,A,Scrambling,0.9,1.1,10,when did they stop cigarette advertising on television,1.0,1.0,1.0,8696,35,5151,17580,2.0253,0.000669,10
2,A,Scrambling,0.9,1.1,10,who has been chosen as the brand ambassador of the campaign 'beti bachao-beti padhao,1.0,1.0,1.0,8774,35,5143,17597,1.6957,0.000573,10
2,A,Scrambling,0.9,1.1,10,how many seasons of prison break are on netflix,1.0,1.0,1.0,8942,35,5147,17697,1.973,9.4e-05,10
2,A,Scrambling,0.9,1.1,10,what was the name of atom bomb dropped by usa on hiroshima,1.0,1.0,1.0,9255,34,5151,18080,1.8867,0.00011,9
2,A,Scrambling,0.9,1.1,10,when did the us take over wake island,1.0,1.0,1.0,9093,34,5147,17897,1.973,0.000696,10
2,A,Scrambling,0.9,1.1,10,when did american two party system began to emerge,1.0,1.0,1.0,8964,34,5142,17697,1.6094,0.00019,10
2,A,Scrambling,0.9,1.1,10,where are the mitochondria located in the sperm,1.0,1.0,1.0,8407,33,5145,17295,2.164,0.00018,10
2,A,Scrambling,0.9,1.1,10,how many lines of symmetry are there in a equilateral triangle,1.0,1.0,1.0,8616,33,5146,17250,2.164,0.000394,10
2,A,Scrambling,0.9,1.1,10,how many seasons of the oc are there,1.0,1.0,1.0,8427,34,5144,17088,1.8867,0.000938,10
2,A,Scrambling,0.9,1.1,10,latest season on keeping up with the kardashians,1.0,1.0,1.0,7513,35,5136,15429,1.3592,0.000327,10
2,A,Scrambling,0.9,1.1,10,how dose the poet present death as a voyage in crossing the bar,1.0,1.0,1.0,8072,34,5145,16429,1.8344,0.000307,10
2,A,Scrambling,0.9,1.1,10,who were farmers who kept a small portion of their crops & gave the rest to the landowners,1.0,1.0,1.0,8769,34,5146,16847,1.8867,0.000119,10
2,A,Scrambling,0.9,1.1,10,what is pumped up kicks the song about,1.0,1.0,1.0,9214,33,5145,17752,1.8344,0.000141,10
2,A,Scrambling,0.9,1.1,10,2. what are the reasons states impose protectionists policies on other countries,1.0,1.0,1.0,9276,34,5147,17799,2.0253,0.000159,10
2,A,Scrambling,0.9,1.1,10,where are they building the new raiders stadium,1.0,1.0,1.0,9311,34,5149,17935,2.164,0.000102,10
2,A,Scrambling,0.9,1.1,10,what event provoked congress to propose the eleventh amendment and the states to ratify it,1.0,1.0,1.0,8903,34,5144,17244,1.973,0.000125,10
2,A,Scrambling,0.9,1.1,10,does joe die in the purge election year,1.0,1.0,1.0,7783,34,5147,16440,1.8344,0.000228,10
2,A,Noise,0.9,1.1,10,what is non controlling interest on balance sheet,1.0,0.9999,0.9111,20305,172,7818,32397,1.8867,3.8e-05,10
2,A,Noise,0.9,1.1,10,how many episodes are in chicago fire season 4,0.9,0.9427,1.0,10861,62,5148,19313,1.7481,7.9e-05,10
2,A,Noise,0.9,1.1,10,who sings love will keep us alive by the eagles,1.0,0.9996,0.9556,9091,60,5149,17812,2.3026,2.7e-05,10
2,A,Noise,0.9,1.1,10,who is the leader of the ontario pc party,1.0,1.0,0.9556,8643,59,5143,17409,1.973,0.000274,10
2,A,Noise,0.9,1.1,10,nitty gritty dirt band fishin in the dark album,1.0,1.0,0.9556,8729,59,5155,17422,1.8867,7.4e-05,10
2,A,Noise,0.9,1.1,10,who were the three elves who got rings,1.0,0.9999,0.9556,7997,59,5144,16985,2.0253,2.8e-05,10
2,A,Noise,0.9,1.1,10,converting stereo signal to mono signal is called,1.0,0.9999,0.9556,8360,59,5146,17043,1.6957,0.001193,9
2,A,Noise,0.9,1.1,10,in order to prove disparate impact you first must establish,1.0,1.0,0.9556,8207,63,5146,16851,1.7481,5.8e-05,10
2,A,Noise,0.9,1.1,10,where do characters live in this is us,1.0,1.0,1.0,8067,59,5152,16670,2.0253,0.00015,10
2,A,Noise,0.9,1.1,10,who makes the decisions about what to produce in a market economy,1.0,0.9999,0.9111,8073,59,5146,16718,1.8344,8.6e-05,10
2,A,Noise,0.9,1.1,10,when is the new tappan zee bridge going to be finished,1.0,1.0,1.0,7876,61,5146,16543,1.6957,0.000327,10
2,A,Noise,0.9,1.1,10,who recorded i can't help falling in love with you,1.0,1.0,0.9556,8447,63,5145,17060,2.0253,0.000215,10
2,A,Noise,0.9,1.1,10,who plays the doc in back to the future,1.0,1.0,1.0,8912,60,5149,17656,2.0253,0.000534,10
2,A,Noise,0.9,1.1,10,when did they stop cigarette advertising on television,1.0,1.0,1.0,8614,64,5155,17178,2.0253,0.000639,10
2,A,Noise,0.9,1.1,10,who has been chosen as the brand ambassador of the campaign 'beti bachao-beti padhao,1.0,1.0,1.0,10098,62,5154,18896,1.8867,0.000566,10
2,A,Noise,0.9,1.1,10,how many seasons of prison break are on netflix,1.0,1.0,1.0,8460,62,5147,17219,1.8867,8.8e-05,10
2,A,Noise,0.9,1.1,10,what was the name of atom bomb dropped by usa on hiroshima,1.0,0.9999,0.9556,8402,61,5157,16902,1.8867,0.000113,10
2,A,Noise,0.9,1.1,10,when did the us take over wake island,1.0,1.0,1.0,7524,59,5152,16387,1.973,0.00067,9
2,A,Noise,0.9,1.1,10,when did american two party system began to emerge,1.0,1.0,1.0,7490,61,5141,16480,1.7481,0.000187,10
2,A,Noise,0.9,1.1,10,where are the mitochondria located in the sperm,1.0,1.0,0.9556,7580,59,5156,15392,2.164,0.000187,10
2,A,Noise,0.9,1.1,10,how many lines of symmetry are there in a equilateral triangle,1.0,1.0,1.0,7853,67,5149,16992,2.164,0.000402,10
2,A,Noise,0.9,1.1,10,how many seasons of the oc are there,1.0,1.0,1.0,8501,62,5143,17195,2.0253,0.000889,10
2,A,Noise,0.9,1.1,10,latest season on keeping up with the kardashians,1.0,1.0,1.0,7816,62,5147,16745,1.3592,0.000317,10
2,A,Noise,0.9,1.1,10,how dose the poet present death as a voyage in crossing the bar,1.0,1.0,1.0,8269,60,5162,16545,1.973,0.000303,10
2,A,Noise,0.9,1.1,10,who were farmers who kept a small portion of their crops & gave the rest to the landowners,0.9,0.9487,0.9444,8041,60,5154,16595,1.8344,0.000114,10
2,A,Noise,0.9,1.1,10,what is pumped up kicks the song about,0.9,0.9459,1.0,7986,59,5147,16851,1.8867,0.000137,10
2,A,Noise,0.9,1.1,10,2. what are the reasons states impose protectionists policies on other countries,1.0,0.9998,0.9111,6897,57,5153,15724,1.8344,0.000165,9
2,A,Noise,0.9,1.1,10,where are they building the new raiders stadium,1.0,1.0,0.9556,8098,58,5139,16072,2.164,0.000104,10
2,A,Noise,0.9,1.1,10,what event provoked congress to propose the eleventh amendment and the states to ratify it,1.0,1.0,1.0,8790,60,5145,16451,1.973,0.00012,10
2,A,Noise,0.9,1.1,10,does joe die in the purge election year,1.0,1.0,1.0,8621,62,5156,17499,1.8867,0.000226,10
2,A,Combined,0.9,1.1,10,what is non controlling interest on balance sheet,1.0,0.9997,0.7778,17890,217,12912,36133,1.8344,3.8e-05,9
2,A,Combined,0.9,1.1,10,how many episodes are in chicago fire season 4,1.0,1.0,0.9556,14550,93,7719,25049,1.7481,7.8e-05,10
2,A,Combined,0.9,1.1,10,who sings love will keep us alive by the eagles,0.9,0.9452,1.0,10748,74,5990,19176,2.3026,2.7e-05,10
2,A,Combined,0.9,1.1,10,who is the leader of the ontario pc party,0.9,0.9442,1.0,8805,63,5151,17483,1.7481,0.000281,10
2,A,Combined,0.9,1.1,10,nitty gritty dirt band fishin in the dark album,1.0,1.0,1.0,9203,61,5147,16578,1.6094,7.7e-05,10
2,A,Combined,0.9,1.1,10,who were the three elves who got rings,1.0,0.9999,0.8667,7994,60,5163,15961,2.0253,3e-05,9
2,A,Combined,0.9,1.1,10,converting stereo signal to mono signal is called,1.0,1.0,1.0,8526,58,5143,16770,1.8867,0.001246,10
2,A,Combined,0.9,1.1,10,in order to prove disparate impact you first must establish,1.0,1.0,0.9111,8326,58,5147,17090,1.6094,6e-05,10
2,A,Combined,0.9,1.1,10,where do characters live in this is us,1.0,1.0,1.0,8315,62,5147,17003,2.0253,0.00015,10
2,A,Combined,0.9,1.1,10,who makes the decisions about what to produce in a market economy,1.0,1.0,1.0,7456,59,5154,16123,1.8344,9.1e-05,10
2,A,Combined,0.9,1.1,10,when is the new tappan zee bridge going to be finished,1.0,1.0,1.0,7997,61,5145,16516,1.8344,0.00035,10
2,A,Combined,0.9,1.1,10,who recorded i can't help falling in love with you,1.0,1.0,0.9556,7850,59,5177,16376,1.8867,0.000207,10
2,A,Combined,0.9,1.1,10,who plays the doc in back to the future,1.0,1.0,1.0,8761,60,5135,17467,1.8344,0.000536,10
2,A,Combined,0.9,1.1,10,when did they stop cigarette advertising on television,1.0,1.0,0.9556,8813,60,5152,17576,2.164,0.000665,10
2,A,Combined,0.9,1.1,10,who has been chosen as the brand ambassador of the campaign 'beti bachao-beti padhao,1.0,1.0,1.0,9042,60,5154,17607,1.8867,0.000569,10
2,A,Combined,0.9,1.1,10,how many seasons of prison break are on netflix,1.0,1.0,0.9556,8431,59,5154,17093,2.164,9.7e-05,10
2,A,Combined,0.9,1.1,10,what was the name of atom bomb dropped by usa on hiroshima,1.0,0.9999,0.9556,8319,58,5151,17031,1.7481,0.000104,10
2,A,Combined,0.9,1.1,10,when did the us take over wake island,0.9,0.9515,1.0,8402,59,5145,17065,1.8344,0.000702,10
2,A,Combined,0.9,1.1,10,when did american two party system began to emerge,1.0,1.0,0.9556,7763,62,5141,16484,1.6094,0.000187,10
2,A,Combined,0.9,1.1,10,where are the mitochondria located in the sperm,1.0,1.0,0.9556,7451,59,5146,16040,2.0253,0.000176,10
2,A,Combined,0.9,1.1,10,how many lines of symmetry are there in a equilateral triangle,0.9,0.9526,1.0,8364,59,5142,17015,2.0253,0.000373,10
2,A,Combined,0.9,1.1,10,how many seasons of the oc are there,1.0,1.0,1.0,8288,60,5146,16913,1.8867,0.000924,10
2,A,Combined,0.9,1.1,10,latest season on keeping up with the kardashians,0.9,0.9571,0.9444,9012,58,5143,17607,1.3592,0.000327,10
2,A,Combined,0.9,1.1,10,how dose the poet present death as a voyage in crossing the bar,1.0,1.0,1.0,8584,58,5147,17046,2.164,0.000295,10
2,A,Combined,0.9,1.1,10,who were farmers who kept a small portion of their crops & gave the rest to the landowners,1.0,1.0,1.0,8806,57,5147,17740,1.8867,0.000115,10
2,A,Combined,0.9,1.1,10,what is pumped up kicks the song about,1.0,1.0,1.0,8126,60,5149,17396,1.8867,0.000142,10
2,A,Combined,0.9,1.1,10,2. what are the reasons states impose protectionists policies on other countries,1.0,1.0,0.9556,8490,60,5142,17424,2.0253,0.00015,10
2,A,Combined,0.9,1.1,10,where are they building the new raiders stadium,1.0,1.0,0.9556,8464,58,5142,17206,2.164,0.000101,9
2,A,Combined,0.9,1.1,10,what event provoked congress to propose the eleventh amendment and the states to ratify it,1.0,1.0,1.0,7915,60,5142,16002,1.973,0.000122,10
2,A,Combined,0.9,1.1,10,does joe die in the purge election year,1.0,1.0,0.9556,7361,58,5164,15695,1.8344,0.000215,10
2,A,Rome,1.0,1.0,10,what is non controlling interest on balance sheet,1.0,1.0,1.0,22519,14804,12911,54773,1.8867,4e-05,10
2,A,Rome,1.0,1.0,10,how many episodes are in chicago fire season 4,1.0,1.0,1.0,11831,7519,7958,31076,1.6957,7.6e-05,10
2,A,Rome,1.0,1.0,10,who sings love will keep us alive by the eagles,1.0,1.0,1.0,9508,5745,6758,25025,2.164,2.7e-05,10
2,A,Rome,1.0,1.0,10,who is the leader of the ontario pc party,1.0,1.0,1.0,8089,5758,6747,23722,1.7481,0.000275,10
2,A,Rome,1.0,1.0,10,nitty gritty dirt band fishin in the dark album,1.0,1.0,1.0,8601,5751,6761,24863,1.7481,7.7e-05,10
2,A,Rome,1.0,1.0,10,who were the three elves who got rings,1.0,1.0,1.0,8577,5752,6768,24701,2.0253,2.8e-05,10
2,A,Rome,1.0,1.0,10,converting stereo signal to mono signal is called,1.0,1.0,1.0,8577,5751,6746,24307,1.6957,0.001218,10
2,A,Rome,1.0,1.0,10,in order to prove disparate impact you first must establish,1.0,1.0,1.0,8020,5764,6743,23780,1.8344,6e-05,9
2,A,Rome,1.0,1.0,10,where do characters live in this is us,1.0,1.0,1.0,8281,5746,6766,25929,2.0253,0.000148,10
2,A,Rome,1.0,1.0,10,who makes the decisions about what to produce in a market economy,1.0,1.0,1.0,8604,5767,6745,23723,1.6434,9.2e-05,9
2,A,Rome,1.0,1.0,10,when is the new tappan zee bridge going to be finished,1.0,1.0,1.0,9069,5756,6749,26086,1.6957,0.000355,10
2,A,Rome,1.0,1.0,10,who recorded i can't help falling in love with you,1.0,1.0,1.0,9044,5765,6746,24756,2.0253,0.000217,10
2,A,Rome,1.0,1.0,10,who plays the doc in back to the future,1.0,1.0,1.0,8185,5758,6739,24477,2.0253,0.000551,10
2,A,Rome,1.0,1.0,10,when did they stop cigarette advertising on television,1.0,1.0,1.0,8225,5742,6742,24036,2.0253,0.000669,10
2,A,Rome,1.0,1.0,10,who has been chosen as the brand ambassador of the campaign 'beti bachao-beti padhao,1.0,1.0,1.0,8823,5745,6740,24592,1.6957,0.000573,10
2,A,Rome,1.0,1.0,10,how many seasons of prison break are on netflix,1.0,1.0,1.0,7948,5778,6757,23614,1.973,9.4e-05,10
2,A,Rome,1.0,1.0,10,what was the name of atom bomb dropped by usa on hiroshima,1.0,1.0,1.0,8898,5889,6746,24982,1.8867,0.00011,9
2,A,Rome,1.0,1.0,10,when did the us take over wake island,1.0,1.0,1.0,8166,5758,6743,24137,1.973,0.000696,10
2,A,Rome,1.0,1.0,10,when did american two party system began to emerge,1.0,1.0,1.0,8584,5773,6743,24561,1.6094,0.00019,10
2,A,Rome,1.0,1.0,10,where are the mitochondria located in the sperm,1.0,1.0,1.0,8511,5738,6740,24407,2.164,0.00018,10
2,A,Rome,1.0,1.0,10,how many lines of symmetry are there in a equilateral triangle,1.0,1.0,1.0,7524,5752,6746,23203,2.164,0.000394,10
2,A,Rome,1.0,1.0,10,how many seasons of the oc are there,1.0,1.0,1.0,8624,5737,6750,24769,1.8867,0.000938,10
2,A,Rome,1.0,1.0,10,latest season on keeping up with the kardashians,1.0,1.0,1.0,8506,5760,6747,24283,1.3592,0.000327,10
2,A,Rome,1.0,1.0,10,how dose the poet present death as a voyage in crossing the bar,1.0,1.0,1.0,8426,5748,6751,25386,1.8344,0.000307,10
2,A,Rome,1.0,1.0,10,who were farmers who kept a small portion of their crops & gave the rest to the landowners,1.0,1.0,1.0,8220,5760,7432,25119,1.8867,0.000119,10
2,A,Rome,1.0,1.0,10,what is pumped up kicks the song about,1.0,1.0,1.0,10082,7044,12300,33278,1.8344,0.000141,10
2,A,Rome,1.0,1.0,10,2. what are the reasons states impose protectionists policies on other countries,1.0,1.0,1.0,11692,5764,6765,27892,2.0253,0.000159,10
2,A,Rome,1.0,1.0,10,where are they building the new raiders stadium,1.0,1.0,1.0,8677,5812,6771,24965,2.164,0.000102,10
2,A,Rome,1.0,1.0,10,what event provoked congress to propose the eleventh amendment and the states to ratify it,1.0,1.0,1.0,9264,5739,6754,25413,1.973,0.000125,10
2,A,Rome,1.0,1.0,10,does joe die in the purge election year,1.0,1.0,1.0,8750,5875,6726,24851,1.8344,0.000228,10
2,A,RomeCombined,0.9,1.1,10,what is non controlling interest on balance sheet,1.0,0.9997,0.7778,21179,14789,12990,53351,1.8344,3.8e-05,9
2,A,RomeCombined,0.9,1.1,10,how many episodes are in chicago fire season 4,1.0,1.0,0.9556,12639,7328,7542,31133,1.7481,7.7e-05,10
2,A,RomeCombined,0.9,1.1,10,who sings love will keep us alive by the eagles,0.9,0.9452,1.0,9300,5778,6751,25385,2.164,2.7e-05,10
2,A,RomeCombined,0.9,1.1,10,who is the leader of the ontario pc party,1.0,1.0,1.0,8894,5778,6744,24834,1.7481,0.000271,10
2,A,RomeCombined,0.9,1.1,10,nitty gritty dirt band fishin in the dark album,1.0,1.0,0.9556,8942,5780,6766,25196,1.6094,7.4e-05,10
2,A,RomeCombined,0.9,1.1,10,who were the three elves who got rings,1.0,1.0,0.9111,8179,5815,6750,24060,2.164,2.5e-05,9
2,A,RomeCombined,0.9,1.1,10,converting stereo signal to mono signal is called,1.0,1.0,0.9556,8643,5964,6744,23797,1.6957,0.001201,10
2,A,RomeCombined,0.9,1.1,10,in order to prove disparate impact you first must establish,1.0,1.0,1.0,8817,5973,6769,23936,1.8344,6.2e-05,10
2,A,RomeCombined,0.9,1.1,10,where do characters live in this is us,1.0,1.0,1.0,8997,5813,6766,23955,2.164,0.000148,10
2,A,RomeCombined,0.9,1.1,10,who makes the decisions about what to produce in a market economy,1.0,1.0,0.9556,8623,5826,6754,24479,1.6434,9.1e-05,9
2,A,RomeCombined,0.9,1.1,10,when is the new tappan zee bridge going to be finished,1.0,1.0,0.9556,8617,5830,6760,25036,1.5048,0.000356,9
2,A,RomeCombined,0.9,1.1,10,who recorded i can't help falling in love with you,1.0,1.0,1.0,9017,5800,6758,25250,1.8867,0.000223,10
2,A,RomeCombined,0.9,1.1,10,who plays the doc in back to the future,1.0,1.0,1.0,8125,5787,6758,24167,2.0253,0.000559,10
2,A,RomeCombined,0.9,1.1,10,when did they stop cigarette advertising on television,1.0,1.0,1.0,8590,5778,6749,24492,2.0253,0.000671,10
2,A,RomeCombined,0.9,1.1,10,who has been chosen as the brand ambassador of the campaign 'beti bachao-beti padhao,1.0,1.0,1.0,9374,5818,6757,25461,1.8867,0.000562,10
2,A,RomeCombined,0.9,1.1,10,how many seasons of prison break are on netflix,1.0,0.9999,0.9556,8025,5789,6768,23916,1.8344,9.1e-05,10
2,A,RomeCombined,0.9,1.1,10,what was the name of atom bomb dropped by usa on hiroshima,1.0,1.0,1.0,9080,5787,6757,25115,2.0253,0.000111,10
2,A,RomeCombined,0.9,1.1,10,when did the us take over wake island,0.9,0.9517,1.0,8907,5792,6750,25050,1.973,0.000679,10
2,A,RomeCombined,0.9,1.1,10,when did american two party system began to emerge,0.9,0.9481,1.0,7702,5783,6760,24185,1.6094,0.000188,10
2,A,RomeCombined,0.9,1.1,10,where are the mitochondria located in the sperm,1.0,1.0,1.0,9541,5795,6751,25495,2.0253,0.000184,10
2,A,RomeCombined,0.9,1.1,10,how many lines of symmetry are there in a equilateral triangle,1.0,1.0,1.0,8271,5789,6748,24219,2.164,0.000399,10
2,A,RomeCombined,0.9,1.1,10,how many seasons of the oc are there,1.0,1.0,0.9556,8658,5787,6751,24847,1.8867,0.000908,10
2,A,RomeCombined,0.9,1.1,10,latest season on keeping up with the kardashians,1.0,1.0,0.9556,8299,5783,6755,24233,1.4979,0.000317,9
2,A,RomeCombined,0.9,1.1,10,how dose the poet present death as a voyage in crossing the bar,1.0,0.9999,0.9556,9541,5782,6759,25875,1.973,0.000306,10
2,A,RomeCombined,0.9,1.1,10,who were farmers who kept a small portion of their crops & gave the rest to the landowners,1.0,1.0,1.0,8447,5801,6751,24526,1.6094,0.000118,10
2,A,RomeCombined,0.9,1.1,10,what is pumped up kicks the song about,1.0,1.0,1.0,8400,5916,6780,24800,1.8867,0.00014,10
2,A,RomeCombined,0.9,1.1,10,2. what are the reasons states impose protectionists policies on other countries,1.0,1.0,1.0,9000,5802,6752,25146,2.0253,0.00016,10
2,A,RomeCombined,0.9,1.1,10,where are they building the new raiders stadium,1.0,1.0,0.9556,8298,5779,7014,24463,2.164,0.000103,9
2,A,RomeCombined,0.9,1.1,10,what event provoked congress to propose the eleventh amendment and the states to ratify it,1.0,1.0,1.0,8589,5790,6766,24736,1.973,0.000122,10
2,A,RomeCombined,0.9,1.1,10,does joe die in the purge election year,1.0,1.0,1.0,8906,5817,6765,25092,2.0253,0.000225,10
2,A,Ckks,1.0,1.0,10,what is non controlling interest on balance sheet,1.0,1.0,1.0,22835,88323,36617903,36733773,1.8867,4e-05,10
2,A,Ckks,1.0,1.0,10,how many episodes are in chicago fire season 4,1.0,1.0,1.0,10138,68497,36700593,36783876,1.6957,7.6e-05,10
2,A,Ckks,1.0,1.0,10,who sings love will keep us alive by the eagles,1.0,1.0,1.0,9277,69345,36683001,36765695,2.164,2.7e-05,10
2,A,Ckks,1.0,1.0,10,who is the leader of the ontario pc party,1.0,1.0,1.0,10313,68527,36717281,36800028,1.7481,0.000275,10
2,A,Ckks,1.0,1.0,10,nitty gritty dirt band fishin in the dark album,1.0,1.0,1.0,10001,67942,36846208,36927674,1.7481,7.7e-05,10
2,A,Ckks,1.0,1.0,10,who were the three elves who got rings,1.0,1.0,1.0,9713,66951,36620422,36701487,2.0253,2.8e-05,10
2,A,Ckks,1.0,1.0,10,converting stereo signal to mono signal is called,1.0,1.0,1.0,9207,66877,36680936,36761114,1.6957,0.001218,10
2,A,Ckks,1.0,1.0,10,in order to prove disparate impact you first must establish,1.0,1.0,1.0,9484,68119,36642920,36724809,1.8344,6e-05,9
2,A,Ckks,1.0,1.0,10,where do characters live in this is us,1.0,1.0,1.0,10320,68001,36680727,36762082,2.0253,0.000148,10
2,A,Ckks,1.0,1.0,10,who makes the decisions about what to produce in a market economy,1.0,1.0,1.0,9844,67897,36666886,36748908,1.6434,9.2e-05,9
2,A,Ckks,1.0,1.0,10,when is the new tappan zee bridge going to be finished,1.0,1.0,1.0,11124,68541,36655098,36738905,1.6957,0.000355,10
2,A,Ckks,1.0,1.0,10,who recorded i can't help falling in love with you,1.0,1.0,1.0,9683,68250,36741604,36823915,2.0253,0.000217,10
2,A,Ckks,1.0,1.0,10,who plays the doc in back to the future,1.0,1.0,1.0,11625,67238,36626793,36709772,2.0253,0.000551,10
2,A,Ckks,1.0,1.0,10,when did they stop cigarette advertising on television,1.0,1.0,1.0,10207,68031,36698653,36779490,2.0253,0.000669,10
2,A,Ckks,1.0,1.0,10,who has been chosen as the brand ambassador of the campaign 'beti bachao-beti padhao,1.0,1.0,1.0,10121,68577,36654266,36735705,1.6957,0.000573,10
2,A,Ckks,1.0,1.0,10,how many seasons of prison break are on netflix,1.0,1.0,1.0,9978,66985,36706868,36788249,1.973,9.4e-05,10
2,A,Ckks,1.0,1.0,10,what was the name of atom bomb dropped by usa on hiroshima,1.0,1.0,1.0,11965,68154,36676307,36760784,1.8867,0.00011,9
2,A,Ckks,1.0,1.0,10,when did the us take over wake island,1.0,1.0,1.0,9720,68459,36645493,36728057,1.973,0.000696,10
2,A,Ckks,1.0,1.0,10,when did american two party system began to emerge,1.0,1.0,1.0,11145,68401,36747258,36829951,1.6094,0.00019,10
2,A,Ckks,1.0,1.0,10,where are the mitochondria located in the sperm,1.0,1.0,1.0,9990,68472,36659439,36742183,2.164,0.00018,10
2,A,Ckks,1.0,1.0,10,how many lines of symmetry are there in a equilateral triangle,1.0,1.0,1.0,10351,66369,36641666,36722616,2.164,0.000394,10
2,A,Ckks,1.0,1.0,10,how many seasons of the oc are there,1.0,1.0,1.0,10606,67752,36675033,36757657,1.8867,0.000938,10
2,A,Ckks,1.0,1.0,10,latest season on keeping up with the kardashians,1.0,1.0,1.0,11398,68679,36685059,36769578,1.3592,0.000327,10
2,A,Ckks,1.0,1.0,10,how dose the poet present death as a voyage in crossing the bar,1.0,1.0,1.0,10699,68295,36682229,36764274,1.8344,0.000307,10
2,A,Ckks,1.0,1.0,10,who were farmers who kept a small portion of their crops & gave the rest to the landowners,1.0,1.0,1.0,10689,66814,36664960,36746807,1.8867,0.000119,10
2,A,Ckks,1.0,1.0,10,what is pumped up kicks the song about,1.0,1.0,1.0,9424,67121,36651218,36732310,1.8344,0.000141,10
2,A,Ckks,1.0,1.0,10,2. what are the reasons states impose protectionists policies on other countries,1.0,1.0,1.0,10027,68435,36675570,36757739,2.0253,0.000159,10
2,A,Ckks,1.0,1.0,10,where are they building the new raiders stadium,1.0,1.0,1.0,10068,68498,36705435,36788583,2.164,0.000102,10
2,A,Ckks,1.0,1.0,10,what event provoked congress to propose the eleventh amendment and the states to ratify it,1.0,1.0,1.0,10646,68101,36648719,36730004,1.973,0.000125,10
2,A,Ckks,1.0,1.0,10,does joe die in the purge election year,1.0,1.0,1.0,8765,66630,36675062,36754596,1.8344,0.000228,10
2,A,CkksCombined,0.9,1.1,10,what is non controlling interest on balance sheet,1.0,1.0,0.9111,22255,90396,36692159,36808157,1.8344,4e-05,10
2,A,CkksCombined,0.9,1.1,10,how many episodes are in chicago fire season 4,1.0,0.9998,0.9556,10948,68686,36644195,36728115,1.8867,7.6e-05,10
2,A,CkksCombined,0.9,1.1,10,who sings love will keep us alive by the eagles,1.0,1.0,1.0,10283,68525,36665764,36748641,2.164,2.8e-05,10
2,A,CkksCombined,0.9,1.1,10,who is the leader of the ontario pc party,1.0,1.0,1.0,10404,67019,36823646,36905233,1.7481,0.000277,10
2,A,CkksCombined,0.9,1.1,10,nitty gritty dirt band fishin in the dark album,1.0,1.0,0.9556,11032,67697,36728518,36811860,2.0253,7.8e-05,9
2,A,CkksCombined,0.9,1.1,10,who were the three elves who got rings,0.9,0.9413,0.9444,9434,66829,36670710,36750353,1.8867,2.7e-05,9
2,A,CkksCombined,0.9,1.1,10,converting stereo signal to mono signal is called,1.0,1.0,1.0,8798,70368,36665623,36749561,1.8867,0.00121,10
2,A,CkksCombined,0.9,1.1,10,in order to prove disparate impact you first must establish,1.0,1.0,1.0,10035,68264,36651904,36733499,1.973,5.7e-05,10
2,A,CkksCombined,0.9,1.1,10,where do characters live in this is us,1.0,1.0,1.0,10060,69366,36691045,36774861,2.0253,0.00015,9
2,A,CkksCombined,0.9,1.1,10,who makes the decisions about what to produce in a market economy,1.0,1.0,0.9111,10331,68383,36689952,36772812,1.6434,8.7e-05,10
2,A,CkksCombined,0.9,1.1,10,when is the new tappan zee bridge going to be finished,1.0,1.0,0.9556,10238,68000,36724554,36806947,1.6957,0.000341,10
2,A,CkksCombined,0.9,1.1,10,who recorded i can't help falling in love with you,1.0,1.0,0.9556,12949,70795,36662914,36750945,2.0253,0.000218,10
2,A,CkksCombined,0.9,1.1,10,who plays the doc in back to the future,1.0,1.0,0.9556,10456,68475,36753376,36836379,2.0253,0.00057,10
2,A,CkksCombined,0.9,1.1,10,when did they stop cigarette advertising on television,1.0,1.0,1.0,9272,66815,36620259,36700729,1.8867,0.000656,10
2,A,CkksCombined,0.9,1.1,10,who has been chosen as the brand ambassador of the campaign 'beti bachao-beti padhao,1.0,1.0,1.0,10558,66964,36629712,36711149,1.8867,0.000568,10
2,A,CkksCombined,0.9,1.1,10,how many seasons of prison break are on netflix,1.0,0.9995,0.9556,9799,66966,36655746,36736495,2.0253,9.1e-05,10
2,A,CkksCombined,0.9,1.1,10,what was the name of atom bomb dropped by usa on hiroshima,0.9,0.9433,1.0,9823,68790,36767175,36850702,2.0253,0.000113,10
2,A,CkksCombined,0.9,1.1,10,when did the us take over wake island,0.9,0.9517,0.9444,12267,70917,36885844,36973679,1.8344,0.000683,10
2,A,CkksCombined,0.9,1.1,10,when did american two party system began to emerge,0.9,0.946,1.0,10409,69989,36632945,36716492,1.8344,0.000189,10
2,A,CkksCombined,0.9,1.1,10,where are the mitochondria located in the sperm,1.0,1.0,1.0,10255,68523,36611105,36692830,2.164,0.000178,10
2,A,CkksCombined,0.9,1.1,10,how many lines of symmetry are there in a equilateral triangle,1.0,1.0,1.0,10698,74522,36637276,36727370,2.164,0.000407,10
2,A,CkksCombined,0.9,1.1,10,how many seasons of the oc are there,1.0,1.0,0.9556,10002,68335,36703911,36786886,1.8867,0.000969,10
2,A,CkksCombined,0.9,1.1,10,latest season on keeping up with the kardashians,1.0,1.0,1.0,10929,68904,36692472,36776507,1.3592,0.000316,10
2,A,CkksCombined,0.9,1.1,10,how dose the poet present death as a voyage in crossing the bar,1.0,1.0,0.9556,10951,68803,36650218,36734275,1.973,0.000301,10
2,A,CkksCombined,0.9,1.1,10,who were farmers who kept a small portion of their crops & gave the rest to the landowners,1.0,1.0,1.0,9982,70838,36681076,36764949,1.8344,0.000121,10
2,A,CkksCombined,0.9,1.1,10,what is pumped up kicks the song about,1.0,1.0,1.0,10358,69944,36659361,36744087,2.0253,0.000138,10
2,A,CkksCombined,0.9,1.1,10,2. what are the reasons states impose protectionists policies on other countries,1.0,1.0,0.9556,9668,67010,36653721,36734562,2.3026,0.000156,10
2,A,CkksCombined,0.9,1.1,10,where are they building the new raiders stadium,1.0,1.0,1.0,10120,70069,36670365,36754956,2.164,0.000103,9
2,A,CkksCombined,0.9,1.1,10,what event provoked congress to propose the eleventh amendment and the states to ratify it,1.0,1.0,0.9556,10616,68761,36705755,36789351,1.8344,0.000125,9
2,A,CkksCombined,0.9,1.1,10,does joe die in the purge election year,0.9,0.9468,0.9444,9233,68553,36684694,36766859,2.0253,0.000215,10
3,A,Scrambling,0.9,1.1,10,what is non controlling interest on balance sheet,1.0,1.0,1.0,20921,122,12146,38406,1.8867,4e-05,10
3,A,Scrambling,0.9,1.1,10,how many episodes are in chicago fire season 4,1.0,1.0,1.0,15278,51,7739,27012,1.6957,7.6e-05,10
3,A,Scrambling,0.9,1.1,10,who sings love will keep us alive by the eagles,1.0,1.0,1.0,10911,40,5731,20104,2.164,2.7e-05,10
3,A,Scrambling,0.9,1.1,10,who is the leader of the ontario pc party,1.0,1.0,1.0,9141,34,5143,18101,1.7481,0.000275,10
3,A,Scrambling,0.9,1.1,10,nitty gritty dirt band fishin in the dark album,1.0,1.0,1.0,9869,35,5144,18941,1.7481,7.7e-05,10
3,A,Scrambling,0.9,1.1,10,who were the three elves who got rings,1.0,1.0,1.0,9148,34,5147,18303,2.0253,2.8e-05,10
3,A,Scrambling,0.9,1.1,10,converting stereo signal to mono signal is called,1.0,1.0,1.0,8984,33,5143,17865,1.6957,0.001218,10
3,A,Scrambling,0.9,1.1,10,in order to prove disparate impact you first must establish,1.0,1.0,1.0,10647,37,6136,20656,1.8344,6e-05,9
3,A,Scrambling,0.9,1.1,10,where do characters live in this is us,1.0,1.0,1.0,8146,34,5200,16188,2.0253,0.000148,10
3,A,Scrambling,0.9,1.1,10,who makes the decisions about what to produce in a market economy,1.0,1.0,1.0,7602,34,5144,16546,1.6434,9.2e-05,9
3,A,Scrambling,0.9,1.1,10,when is the new tappan zee bridge going to be finished,1.0,1.0,1.0,9089,34,5153,17543,1.6957,0.000355,10
3,A,Scrambling,0.9,1.1,10,who recorded i can't help falling in love with you,1.0,1.0,1.0,9003,33,5149,17913,2.0253,0.000217,10
3,A,Scrambling,0.9,1.1,10,who plays the doc in back to the future,1.0,1.0,1.0,8680,33,5145,17146,2.0253,0.000551,10
3,A,Scrambling,0.9,1.1,10,when did they stop cigarette advertising on television,1.0,1.0,1.0,8014,35,5148,16922,2.0253,0.000669,10
3,A,Scrambling,0.9,1.1,10,who has been chosen as the brand ambassador of the campaign 'beti bachao-beti padhao,1.0,1.0,1.0,8297,34,5147,17202,1.6957,0.000573,10
3,A,Scrambling,0.9,1.1,10,how many seasons of prison break are on netflix,1.0,1.0,1.0,9196,35,5172,18480,1.973,9.4e-05,10
3,A,Scrambling,0.9,1.1,10,what was the name of atom bomb dropped by usa on hiroshima,1.0,1.0,1.0,10135,36,5208,20908,1.8867,0.00011,9
3,A,Scrambling,0.9,1.1,10,when did the us take over wake island,1.0,1.0,1.0,13822,36,5155,22945,1.973,0.000696,10
3,A,Scrambling,0.9,1.1,10,when did american two party system began to emerge,1.0,1.0,1.0,7954,34,5141,16492,1.6094,0.00019,10
3,A,Scrambling,0.9,1.1,10,where are the mitochondria located in the sperm,1.0,1.0,1.0,8271,35,5144,17221,2.164,0.00018,10
3,A,Scrambling,0.9,1.1,10,how many lines of symmetry are there in a equilateral triangle,1.0,1.0,1.0,8083,34,5145,17001,2.164,0.000394,10
3,A,Scrambling,0.9,1.1,10,how many seasons of the oc are there,1.0,1.0,1.0,8818,35,5144,17211,1.8867,0.000938,10
3,A,Scrambling,0.9,1.1,10,latest season on keeping up with the kardashians,1.0,1.0,1.0,8584,34,5146,16505,1.3592,0.000327,10
3,A,Scrambling,0.9,1.1,10,how dose the poet present death as a voyage in crossing the bar,1.0,1.0,1.0,8326,34,5145,16558,1.8344,0.000307,10
3,A,Scrambling,0.9,1.1,10,who were farmers who kept a small portion of their crops & gave the rest to the landowners,1.0,1.0,1.0,8103,35,5149,16950,1.8867,0.000119,10
3,A,Scrambling,0.9,1.1,10,what is pumped up kicks the song about,1.0,1.0,1.0,8686,34,5149,17531,1.8344,0.000141,10
3,A,Scrambling,0.9,1.1,10,2. what are the reasons states impose protectionists policies on other countries,1.0,1.0,1.0,8387,35,5145,17082,2.0253,0.000159,10
3,A,Scrambling,0.9,1.1,10,where are they building the new raiders stadium,1.0,1.0,1.0,8223,34,5142,16917,2.164,0.000102,10
3,A,Scrambling,0.9,1.1,10,what event provoked congress to propose the eleventh amendment and the states to ratify it,1.0,1.0,1.0,8539,34,5144,17305,1.973,0.000125,10
3,A,Scrambling,0.9,1.1,10,does joe die in the purge election year,1.0,1.0,1.0,8201,34,5147,16897,1.8344,0.000228,10
3,A,Noise,0.9,1.1,10,what is non controlling interest on balance sheet,1.0,0.9999,0.9556,20813,195,12034,38035,1.8867,3.6e-05,10
3,A,Noise,0.9,1.1,10,how many episodes are in chicago fire season 4,1.0,1.0,0.9556,14492,100,7923,26995,1.8344,7.3e-05,9
3,A,Noise,0.9,1.1,10,who sings love will keep us alive by the eagles,1.0,1.0,1.0,10827,71,5869,20499,2.3026,2.7e-05,10
3,A,Noise,0.9,1.1,10,who is the leader of the ontario pc party,1.0,1.0,1.0,9266,58,5161,18091,1.7481,0.00027,10
3,A,Noise,0.9,1.1,10,nitty gritty dirt band fishin in the dark album,1.0,1.0,1.0,8328,60,5143,16708,1.8344,8.1e-05,10
3,A,Noise,0.9,1.1,10,who were the three elves who got rings,1.0,0.9999,0.8667,8645,58,5145,17403,2.0253,2.6e-05,10
3,A,Noise,0.9,1.1,10,converting stereo signal to mono signal is called,1.0,1.0,1.0,7548,59,5141,15947,1.8867,0.001179,10
3,A,Noise,0.9,1.1,10,in order to prove disparate impact you first must establish,1.0,1.0,1.0,7892,58,5167,16195,1.973,5.7e-05,10
3,A,Noise,0.9,1.1,10,where do characters live in this is us,1.0,1.0,1.0,8323,58,5140,17039,1.8344,0.000144,10
3,A,Noise,0.9,1.1,10,who makes the decisions about what to produce in a market economy,1.0,1.0,0.9111,8808,58,5153,17682,1.6957,8.4e-05,10
3,A,Noise,0.9,1.1,10,when is the new tappan zee bridge going to be finished,1.0,1.0,1.0,7770,57,5146,16417,1.6957,0.000343,10
3,A,Noise,0.9,1.1,10,who recorded i can't help falling in love with you,1.0,1.0,0.9556,8711,58,5146,16876,2.164,0.000209,10
3,A,Noise,0.9,1.1,10,who plays the doc in back to the future,1.0,1.0,0.9556,8259,58,5187,17085,2.0253,0.000551,10
3,A,Noise,0.9,1.1,10,when did they stop cigarette advertising on television,1.0,1.0,1.0,8319,62,5156,17308,2.164,0.000668,10
3,A,Noise,0.9,1.1,10,who has been chosen as the brand ambassador of the campaign 'beti bachao-beti padhao,1.0,1.0,1.0,9812,62,5153,17564,1.5048,0.000557,9
3,A,Noise,0.9,1.1,10,how many seasons of prison break are on netflix,1.0,1.0,1.0,8616,61,5154,16211,1.8344,8.8e-05,10
3,A,Noise,0.9,1.1,10,what was the name of atom bomb dropped by usa on hiroshima,0.9,0.9456,1.0,8374,61,5151,15922,2.0253,0.000108,10
3,A,Noise,0.9,1.1,10,when did the us take over wake island,1.0,1.0,1.0,7877,60,5144,16638,1.973,0.000663,10
3,A,Noise,0.9,1.1,10,when did american two party system began to emerge,1.0,1.0,0.9556,8476,59,5144,15881,1.7481,0.000187,10
3,A,Noise,0.9,1.1,10,where are the mitochondria located in the sperm,1.0,1.0,1.0,7875,61,5153,16196,2.0253,0.000187,10
3,A,Noise,0.9,1.1,10,how many lines of symmetry are there in a equilateral triangle,1.0,1.0,1.0,7934,62,5149,16521,2.164,0.00039,10
3,A,Noise,0.9,1.1,10,how many seasons of the oc are there,1.0,1.0,0.9556,7699,60,5153,16752,1.8867,0.000913,10
3,A,Noise,0.9,1.1,10,latest season on keeping up with the kardashians,0.9,0.9571,0.8889,7517,60,5146,15854,1.3592,0.000322,10
3,A,Noise,0.9,1.1,10,how dose the poet present death as a voyage in crossing the bar,1.0,1.0,0.9556,7711,60,5149,16448,1.973,0.000289,10
3,A,Noise,0.9,1.1,10,who were farmers who kept a small portion of their crops & gave the rest to the landowners,1.0,1.0,0.9556,7965,61,5154,16685,1.8867,0.000117,10
3,A,Noise,0.9,1.1,10,what is pumped up kicks the song about,0.9,0.9459,1.0,8210,61,5150,16609,1.8344,0.00014,10
3,A,Noise,0.9,1.1,10,2. what are the reasons states impose protectionists policies on other countries,1.0,1.0,0.9556,8163,60,5148,16392,2.0253,0.000157,10
3,A,Noise,0.9,1.1,10,where are they building the new raiders stadium,1.0,1.0,0.9556,7073,59,5146,15889,1.973,0.000101,10
3,A,Noise,0.9,1.1,10,what event provoked congress to propose the eleventh amendment and the states to ratify it,1.0,1.0,0.9556,7428,58,5146,16245,1.973,0.00012,10
3,A,Noise,0.9,1.1,10,does joe die in the purge election year,1.0,1.0,0.9556,7621,60,5144,15908,2.164,0.000217,10
3,A,Combined,0.9,1.1,10,what is non controlling interest on balance sheet,1.0,1.0,0.9111,17178,154,10947,31184,1.973,4.1e-05,10
3,A,Combined,0.9,1.1,10,how many episodes are in chicago fire season 4,1.0,1.0,0.9556,12483,112,6792,22899,1.7481,7.6e-05,10
3,A,Combined,0.9,1.1,10,who sings love will keep us alive by the eagles,1.0,1.0,1.0,10013,83,6694,20801,2.164,2.5e-05,10
3,A,Combined,0.9,1.1,10,who is the leader of the ontario pc party,1.0,1.0,1.0,10515,65,5330,19000,1.7481,0.000269,10
3,A,Combined,0.9,1.1,10,nitty gritty dirt band fishin in the dark album,1.0,1.0,0.9556,8035,60,5143,16599,2.0253,7.9e-05,10
3,A,Combined,0.9,1.1,10,who were the three elves who got rings,1.0,0.9999,0.8667,7590,58,5148,16331,1.973,2.8e-05,10
3,A,Combined,0.9,1.1,10,converting stereo signal to mono signal is called,1.0,1.0,1.0,7128,58,5147,15490,1.6957,0.001239,10
3,A,Combined,0.9,1.1,10,in order to prove disparate impact you first must establish,0.9,0.9422,1.0,8956,58,5156,17676,1.973,5.9e-05,10
3,A,Combined,0.9,1.1,10,where do characters live in this is us,1.0,1.0,1.0,7807,59,5147,16607,1.8344,0.000146,9
3,A,Combined,0.9,1.1,10,who makes the decisions about what to produce in a market economy,1.0,0.9999,0.8667,9090,57,5141,17488,1.6434,9.3e-05,10
3,A,Combined,0.9,1.1,10,when is the new tappan zee bridge going to be finished,1.0,0.9999,0.9556,8240,61,5144,16972,1.6094,0.000349,10
3,A,Combined,0.9,1.1,10,who recorded i can't help falling in love with you,1.0,1.0,1.0,8210,59,5147,16977,1.8867,0.000216,10
3,A,Combined,0.9,1.1,10,who plays the doc in back to the future,1.0,1.0,1.0,7712,58,5149,16024,2.0253,0.000552,10
3,A,Combined,0.9,1.1,10,when did they stop cigarette advertising on television,1.0,1.0,1.0,7907,60,5142,16327,1.8867,0.000662,10
3,A,Combined,0.9,1.1,10,who has been chosen as the brand ambassador of the campaign 'beti bachao-beti padhao,1.0,1.0,0.9556,8625,57,5141,17183,1.6957,0.000562,9
3,A,Combined,0.9,1.1,10,how many seasons of prison break are on netflix,1.0,1.0,1.0,7369,67,5252,16348,1.8344,8.9e-05,10
3,A,Combined,0.9,1.1,10,what was the name of atom bomb dropped by usa on hiroshima,0.9,0.9455,0.9444,7674,60,5151,16462,1.8867,0.00011,10
3,A,Combined,0.9,1.1,10,when did the us take over wake island,1.0,1.0,1.0,7598,59,5148,15884,1.973,0.00067,10
3,A,Combined,0.9,1.1,10,when did american two party system began to emerge,0.9,0.9482,1.0,8461,60,5143,17126,1.6094,0.000188,10
3,A,Combined,0.9,1.1,10,where are the mitochondria located in the sperm,1.0,1.0,1.0,8520,59,5150,17162,2.0253,0.000172,10
3,A,Combined,0.9,1.1,10,how many lines of symmetry are there in a equilateral triangle,1.0,1.0,1.0,8324,58,5142,16693,2.164,0.000392,10
3,A,Combined,0.9,1.1,10,how many seasons of the oc are there,1.0,1.0,1.0,8593,59,5140,17196,1.8867,0.000943,10
3,A,Combined,0.9,1.1,10,latest season on keeping up with the kardashians,1.0,1.0,0.9111,8137,59,5138,16709,1.3592,0.00032,8
3,A,Combined,0.9,1.1,10,how dose the poet present death as a voyage in crossing the bar,1.0,1.0,1.0,8048,58,5152,16267,2.0253,0.000301,10
3,A,Combined,0.9,1.1,10,who were farmers who kept a small portion of their crops & gave the rest to the landowners,1.0,1.0,1.0,8705,60,5143,17241,1.8867,0.000119,10
3,A,Combined,0.9,1.1,10,what is pumped up kicks the song about,1.0,1.0,0.9556,7900,59,5144,16553,1.8344,0.000136,9
3,A,Combined,0.9,1.1,10,2. what are the reasons states impose protectionists policies on other countries,1.0,1.0,1.0,6987,58,5149,15573,2.164,0.000157,10
3,A,Combined,0.9,1.1,10,where are they building the new raiders stadium,1.0,1.0,0.9556,7607,58,5164,16214,2.164,0.0001,10
3,A,Combined,0.9,1.1,10,what event provoked congress to propose the eleventh amendment and the states to ratify it,1.0,1.0,0.9556,8423,58,5147,17078,1.973,0.000122,10
3,A,Combined,0.9,1.1,10,does joe die in the purge election year,1.0,1.0,1.0,8208,57,5153,16249,1.8344,0.000215,10
3,A,Rome,1.0,1.0,10,what is non controlling interest on balance sheet,1.0,1.0,1.0,21010,14597,12303,52749,1.8867,4e-05,10
3,A,Rome,1.0,1.0,10,how many episodes are in chicago fire season 4,1.0,1.0,1.0,11421,7693,7970,30823,1.6957,7.6e-05,10
3,A,Rome,1.0,1.0,10,who sings love will keep us alive by the eagles,1.0,1.0,1.0,8949,5756,6745,24963,2.164,2.7e-05,10
3,A,Rome,1.0,1.0,10,who is the leader of the ontario pc party,1.0,1.0,1.0,8766,5752,6754,24427,1.7481,0.000275,10
3,A,Rome,1.0,1.0,10,nitty gritty dirt band fishin in the dark album,1.0,1.0,1.0,7976,5757,6765,23895,1.7481,7.7e-05,10
3,A,Rome,1.0,1.0,10,who were the three elves who got rings,1.0,1.0,1.0,8330,5752,6744,23754,2.0253,2.8e-05,10
3,A,Rome,1.0,1.0,10,converting stereo signal to mono signal is called,1.0,1.0,1.0,8130,5768,6739,24061,1.6957,0.001218,10
3,A,Rome,1.0,1.0,10,in order to prove disparate impact you first must establish,1.0,1.0,1.0,7960,5798,6743,24190,1.8344,6e-05,9
3,A,Rome,1.0,1.0,10,where do characters live in this is us,1.0,1.0,1.0,8199,5756,6745,24206,2.0253,0.000148,10
3,A,Rome,1.0,1.0,10,who makes the decisions about what to produce in a market economy,1.0,1.0,1.0,8832,5741,6747,25232,1.6434,9.2e-05,9
3,A,Rome,1.0,1.0,10,when is the new tappan zee bridge going to be finished,1.0,1.0,1.0,8923,5744,6742,24906,1.6957,0.000355,10
3,A,Rome,1.0,1.0,10,who recorded i can't help falling in love with you,1.0,1.0,1.0,7694,5799,6761,23934,2.0253,0.000217,10
3,A,Rome,1.0,1.0,10,who plays the doc in back to the future,1.0,1.0,1.0,8362,5752,6746,24459,2.0253,0.000551,10
3,A,Rome,1.0,1.0,10,when did they stop cigarette advertising on television,1.0,1.0,1.0,8251,5751,6749,24140,2.0253,0.000669,10
3,A,Rome,1.0,1.0,10,who has been chosen as the brand ambassador of the campaign 'beti bachao-beti padhao,1.0,1.0,1.0,9457,5751,6743,25569,1.6957,0.000573,10
3,A,Rome,1.0,1.0,10,how many seasons of prison break are on netflix,1.0,1.0,1.0,8807,5743,6763,24279,1.973,9.4e-05,10
3,A,Rome,1.0,1.0,10,what was the name of atom bomb dropped by usa on hiroshima,1.0,1.0,1.0,8688,5730,6746,23507,1.8867,0.00011,9
3,A,Rome,1.0,1.0,10,when did the us take over wake island,1.0,1.0,1.0,7551,5749,6737,23656,1.973,0.000696,10
3,A,Rome,1.0,1.0,10,when did american two party system began to emerge,1.0,1.0,1.0,8588,5772,6746,24805,1.6094,0.00019,10
3,A,Rome,1.0,1.0,10,where are the mitochondria located in the sperm,1.0,1.0,1.0,8338,5746,6743,24318,2.164,0.00018,10
3,A,Rome,1.0,1.0,10,how many lines of symmetry are there in a equilateral triangle,1.0,1.0,1.0,8342,5748,6740,24112,2.164,0.000394,10
3,A,Rome,1.0,1.0,10,how many seasons of the oc are there,1.0,1.0,1.0,9111,5759,6757,25195,1.8867,0.000938,10
3,A,Rome,1.0,1.0,10,latest season on keeping up with the kardashians,1.0,1.0,1.0,8738,5950,6764,23946,1.3592,0.000327,10
3,A,Rome,1.0,1.0,10,how dose the poet present death as a voyage in crossing the bar,1.0,1.0,1.0,8955,5932,6748,23997,1.8344,0.000307,10
3,A,Rome,1.0,1.0,10,who were farmers who kept a small portion of their crops & gave the rest to the landowners,1.0,1.0,1.0,9378,5823,6754,24418,1.8867,0.000119,10
3,A,Rome,1.0,1.0,10,what is pumped up kicks the song about,1.0,1.0,1.0,8027,5850,6751,23615,1.8344,0.000141,10
3,A,Rome,1.0,1.0,10,2. what are the reasons states impose protectionists policies on other countries,1.0,1.0,1.0,8491,5824,6758,23679,2.0253,0.000159,10
3,A,Rome,1.0,1.0,10,where are they building the new raiders stadium,1.0,1.0,1.0,8086,5764,6860,24160,2.164,0.000102,10
3,A,Rome,1.0,1.0,10,what event provoked congress to propose the eleventh amendment and the states to ratify it,1.0,1.0,1.0,8445,5764,6743,24433,1.973,0.000125,10
3,A,Rome,1.0,1.0,10,does joe die in the purge election year,1.0,1.0,1.0,8058,5769,6760,23881,1.8344,0.000228,10
3,A,RomeCombined,0.9,1.1,10,what is non controlling interest on balance sheet,0.9,0.9409,0.8889,21557,14390,12258,52753,1.6957,4.1e-05,10
3,A,RomeCombined,0.9,1.1,10,how many episodes are in chicago fire season 4,0.9,0.9427,0.9444,11698,7162,7455,29874,1.6957,7.5e-05,10
3,A,RomeCombined,0.9,1.1,10,who sings love will keep us alive by the eagles,0.9,0.9452,0.9444,9146,5789,6742,24016,2.164,2.6e-05,10
3,A,RomeCombined,0.9,1.1,10,who is the leader of the ontario pc party,1.0,1.0,0.9556,9255,5850,6763,25320,1.8344,0.000263,10
3,A,RomeCombined,0.9,1.1,10,nitty gritty dirt band fishin in the dark album,1.0,1.0,1.0,9351,5964,6755,24485,1.973,7.7e-05,10
3,A,RomeCombined,0.9,1.1,10,who were the three elves who got rings,1.0,1.0,0.9111,9176,5979,6759,24282,2.0253,2.8e-05,9
3,A,RomeCombined,0.9,1.1,10,converting stereo signal to mono signal is called,1.0,1.0,1.0,8597,5866,6751,23951,1.6957,0.001215,10
3,A,RomeCombined,0.9,1.1,10,in order to prove disparate impact you first must establish,1.0,1.0,0.9556,8391,5876,6752,24257,1.8344,6e-05,10
3,A,RomeCombined,0.9,1.1,10,where do characters live in this is us,1.0,1.0,1.0,8622,5856,6753,23764,2.0253,0.000151,10
3,A,RomeCombined,0.9,1.1,10,who makes the decisions about what to produce in a market economy,1.0,1.0,0.9111,8585,5779,6747,24911,1.6957,9e-05,9
3,A,RomeCombined,0.9,1.1,10,when is the new tappan zee bridge going to be finished,1.0,1.0,1.0,8432,5782,6753,24357,1.7481,0.000366,9
3,A,RomeCombined,0.9,1.1,10,who recorded i can't help falling in love with you,1.0,1.0,1.0,8308,5799,6754,24390,1.8867,0.000222,10
3,A,RomeCombined,0.9,1.1,10,who plays the doc in back to the future,1.0,1.0,1.0,7371,5792,6762,23429,2.0253,0.00054,10
3,A,RomeCombined,0.9,1.1,10,when did they stop cigarette advertising on television,1.0,1.0,1.0,7062,5798,6738,23085,2.164,0.000656,10
3,A,RomeCombined,0.9,1.1,10,who has been chosen as the brand ambassador of the campaign 'beti bachao-beti padhao,1.0,1.0,1.0,9689,5801,6749,25884,1.8867,0.000571,10
3,A,RomeCombined,0.9,1.1,10,how many seasons of prison break are on netflix,1.0,1.0,1.0,7813,5799,6745,24013,2.0253,9e-05,10
3,A,RomeCombined,0.9,1.1,10,what was the name of atom bomb dropped by usa on hiroshima,1.0,1.0,1.0,9080,5792,6751,25064,2.0253,0.000106,10
3,A,RomeCombined,0.9,1.1,10,when did the us take over wake island,1.0,1.0,0.9556,8046,5800,6759,24062,1.973,0.000645,10
3,A,RomeCombined,0.9,1.1,10,when did american two party system began to emerge,0.9,0.946,1.0,7937,5806,6740,24212,1.6094,0.000183,10
3,A,RomeCombined,0.9,1.1,10,where are the mitochondria located in the sperm,1.0,1.0,0.9556,8983,5784,6746,25112,2.0253,0.00018,10
3,A,RomeCombined,0.9,1.1,10,how many lines of symmetry are there in a equilateral triangle,1.0,1.0,1.0,8556,5799,6740,24033,2.164,0.000392,10
3,A,RomeCombined,0.9,1.1,10,how many seasons of the oc are there,1.0,1.0,1.0,8977,5796,6742,25318,1.8867,0.000926,10
3,A,RomeCombined,0.9,1.1,10,latest season on keeping up with the kardashians,1.0,1.0,0.9556,9115,5767,6747,25130,1.3592,0.00032,10
3,A,RomeCombined,0.9,1.1,10,how dose the poet present death as a voyage in crossing the bar,1.0,1.0,1.0,8597,6026,6951,25297,2.0253,0.00031,10
3,A,RomeCombined,0.9,1.1,10,who were farmers who kept a small portion of their crops & gave the rest to the landowners,1.0,0.9999,0.9556,8832,5776,6764,24653,1.8344,0.000114,10
3,A,RomeCombined,0.9,1.1,10,what is pumped up kicks the song about,1.0,1.0,0.9556,8520,5784,6739,24482,2.0253,0.000138,10
3,A,RomeCombined,0.9,1.1,10,2. what are the reasons states impose protectionists policies on other countries,1.0,1.0,1.0,8388,5779,6747,24477,2.164,0.000152,9
3,A,RomeCombined,0.9,1.1,10,where are they building the new raiders stadium,1.0,1.0,1.0,7801,5799,6743,23590,2.164,0.0001,10
3,A,RomeCombined,0.9,1.1,10,what event provoked congress to propose the eleventh amendment and the states to ratify it,1.0,1.0,1.0,7687,5777,6742,23769,2.0253,0.000124,10
3,A,RomeCombined,0.9,1.1,10,does joe die in the purge election year,1.0,1.0,1.0,7719,5814,6744,23762,2.0253,0.000222,10
3,A,Ckks,1.0,1.0,10,what is non controlling interest on balance sheet,1.0,1.0,1.0,26029,70490,36663652,36765207,1.8867,4e-05,10
3,A,Ckks,1.0,1.0,10,how many episodes are in chicago fire season 4,1.0,1.0,1.0,10910,68223,36666685,36750141,1.6957,7.6e-05,10
3,A,Ckks,1.0,1.0,10,who sings love will keep us alive by the eagles,1.0,1.0,1.0,9820,76305,36669383,36759039,2.164,2.7e-05,10
3,A,Ckks,1.0,1.0,10,who is the leader of the ontario pc party,1.0,1.0,1.0,9413,67860,36795460,36876923,1.7481,0.000275,10
3,A,Ckks,1.0,1.0,10,nitty gritty dirt band fishin in the dark album,1.0,1.0,1.0,9908,68607,36730400,36812489,1.7481,7.7e-05,10
3,A,Ckks,1.0,1.0,10,who were the three elves who got rings,1.0,1.0,1.0,10413,67116,36722418,36804132,2.0253,2.8e-05,10
3,A,Ckks,1.0,1.0,10,converting stereo signal to mono signal is called,1.0,1.0,1.0,10253,68342,36646345,36729148,1.6957,0.001218,10
3,A,Ckks,1.0,1.0,10,in order to prove disparate impact you first must establish,1.0,1.0,1.0,9761,67312,36631034,36712779,1.8344,6e-05,9
3,A,Ckks,1.0,1.0,10,where do characters live in this is us,1.0,1.0,1.0,10095,68233,36685917,36768229,2.0253,0.000148,10
3,A,Ckks,1.0,1.0,10,who makes the decisions about what to produce in a market economy,1.0,1.0,1.0,9300,67666,36635997,36715478,1.6434,9.2e-05,9
3,A,Ckks,1.0,1.0,10,when is the new tappan zee bridge going to be finished,1.0,1.0,1.0,9561,67338,36693496,36774690,1.6957,0.000355,10
3,A,Ckks,1.0,1.0,10,who recorded i can't help falling in love with you,1.0,1.0,1.0,10692,68377,36618122,36700026,2.0253,0.000217,10
3,A,Ckks,1.0,1.0,10,who plays the doc in back to the future,1.0,1.0,1.0,11264,68515,36659381,36743328,2.0253,0.000551,10
3,A,Ckks,1.0,1.0,10,when did they stop cigarette advertising on television,1.0,1.0,1.0,8334,68492,36675113,36755229,2.0253,0.000669,10
3,A,Ckks,1.0,1.0,10,who has been chosen as the brand ambassador of the campaign 'beti bachao-beti padhao,1.0,1.0,1.0,10967,68055,36661460,36743610,1.6957,0.000573,10
3,A,Ckks,1.0,1.0,10,how many seasons of prison break are on netflix,1.0,1.0,1.0,10332,67855,36646392,36728938,1.973,9.4e-05,10
3,A,Ckks,1.0,1.0,10,what was the name of atom bomb dropped by usa on hiroshima,1.0,1.0,1.0,9212,67210,36629464,36710265,1.8867,0.00011,9
3,A,Ckks,1.0,1.0,10,when did the us take over wake island,1.0,1.0,1.0,10688,68090,36657796,36740635,1.973,0.000696,10
3,A,Ckks,1.0,1.0,10,when did american two party system began to emerge,1.0,1.0,1.0,9493,68163,36655074,36737147,1.6094,0.00019,10
3,A,Ckks,1.0,1.0,10,where are the mitochondria located in the sperm,1.0,1.0,1.0,11034,66959,36695694,36777804,2.164,0.00018,10
3,A,Ckks,1.0,1.0,10,how many lines of symmetry are there in a equilateral triangle,1.0,1.0,1.0,10686,67447,36594486,36677061,2.164,0.000394,10
3,A,Ckks,1.0,1.0,10,how many seasons of the oc are there,1.0,1.0,1.0,9830,68256,36664401,36746656,1.8867,0.000938,10
3,A,Ckks,1.0,1.0,10,latest season on keeping up with the kardashians,1.0,1.0,1.0,10399,66664,36660473,36740173,1.3592,0.000327,10
3,A,Ckks,1.0,1.0,10,how dose the poet present death as a voyage in crossing the bar,1.0,1.0,1.0,10475,68694,36597808,36681591,1.8344,0.000307,10
3,A,Ckks,1.0,1.0,10,who were farmers who kept a small portion of their crops & gave the rest to the landowners,1.0,1.0,1.0,11466,66629,36648840,36731086,1.8867,0.000119,10
3,A,Ckks,1.0,1.0,10,what is pumped up kicks the song about,1.0,1.0,1.0,11226,68422,36690393,36774519,1.8344,0.000141,10
3,A,Ckks,1.0,1.0,10,2. what are the reasons states impose protectionists policies on other countries,1.0,1.0,1.0,11759,68560,36714881,36799446,2.0253,0.000159,10
3,A,Ckks,1.0,1.0,10,where are they building the new raiders stadium,1.0,1.0,1.0,9325,70180,36686147,36768372,2.164,0.000102,10
3,A,Ckks,1.0,1.0,10,what event provoked congress to propose the eleventh amendment and the states to ratify it,1.0,1.0,1.0,9806,69533,36719924,36803903,1.973,0.000125,10
3,A,Ckks,1.0,1.0,10,does joe die in the purge election year,1.0,1.0,1.0,11038,68359,36671698,36755211,1.8344,0.000228,10
3,A,CkksCombined,0.9,1.1,10,what is non controlling interest on balance sheet,0.9,0.9409,0.8889,23965,91074,36683048,36803060,1.8344,3.9e-05,10
3,A,CkksCombined,0.9,1.1,10,how many episodes are in chicago fire season 4,0.9,0.9427,0.9444,10193,68189,36662285,36745269,1.4708,7.8e-05,9
3,A,CkksCombined,0.9,1.1,10,who sings love will keep us alive by the eagles,1.0,1.0,1.0,10383,68163,36709946,36792896,2.3026,2.6e-05,10
3,A,CkksCombined,0.9,1.1,10,who is the leader of the ontario pc party,1.0,1.0,0.9556,9333,68503,36686084,36767870,2.0253,0.000269,10
3,A,CkksCombined,0.9,1.1,10,nitty gritty dirt band fishin in the dark album,1.0,1.0,0.9556,10270,70952,36823921,36909170,1.8344,7.7e-05,10
3,A,CkksCombined,0.9,1.1,10,who were the three elves who got rings,1.0,1.0,0.9556,8969,66970,36599678,36680273,2.0253,2.8e-05,9
3,A,CkksCombined,0.9,1.1,10,converting stereo signal to mono signal is called,1.0,1.0,1.0,9915,66910,36652001,36733078,1.6957,0.001224,10
3,A,CkksCombined,0.9,1.1,10,in order to prove disparate impact you first must establish,1.0,1.0,0.9556,10132,68159,36696857,36779654,1.8344,6.5e-05,9
3,A,CkksCombined,0.9,1.1,10,where do characters live in this is us,1.0,1.0,0.9556,11235,66724,36610530,36692686,2.0253,0.000148,10
3,A,CkksCombined,0.9,1.1,10,who makes the decisions about what to produce in a market economy,1.0,0.9999,0.9556,10322,68918,36692066,36774017,1.6434,9.2e-05,10
3,A,CkksCombined,0.9,1.1,10,when is the new tappan zee bridge going to be finished,1.0,1.0,1.0,10612,65094,36587552,36668101,1.6094,0.000363,10
3,A,CkksCombined,0.9,1.1,10,who recorded i can't help falling in love with you,1.0,1.0,1.0,11028,66829,36699145,36781189,1.8867,0.000209,10
3,A,CkksCombined,0.9,1.1,10,who plays the doc in back to the future,1.0,1.0,1.0,10063,67019,36622646,36704109,2.0253,0.000544,10
3,A,CkksCombined,0.9,1.1,10,when did they stop cigarette advertising on television,1.0,1.0,1.0,9580,67790,36670254,36752132,2.164,0.000651,10
3,A,CkksCombined,0.9,1.1,10,who has been chosen as the brand ambassador of the campaign 'beti bachao-beti padhao,1.0,1.0,0.9556,11002,68137,36668167,36749897,1.6957,0.000567,10
3,A,CkksCombined,0.9,1.1,10,how many seasons of prison break are on netflix,1.0,1.0,0.9556,10065,69598,36683514,36768185,2.0253,9.4e-05,9
3,A,CkksCombined,0.9,1.1,10,what was the name of atom bomb dropped by usa on hiroshima,1.0,1.0,1.0,10469,66880,36624150,36706089,2.164,0.00011,10
3,A,CkksCombined,0.9,1.1,10,when did the us take over wake island,1.0,1.0,1.0,10510,67102,36603456,36684238,1.973,0.000693,10
3,A,CkksCombined,0.9,1.1,10,when did american two party system began to emerge,0.9,0.9482,1.0,9730,68831,36718842,36801629,1.6094,0.000199,10
3,A,CkksCombined,0.9,1.1,10,where are the mitochondria located in the sperm,1.0,1.0,0.9556,11031,68193,36650517,36734289,2.0253,0.000182,10
3,A,CkksCombined,0.9,1.1,10,how many lines of symmetry are there in a equilateral triangle,1.0,1.0,1.0,10431,66871,36648300,36729691,2.164,0.000389,10
3,A,CkksCombined,0.9,1.1,10,how many seasons of the oc are there,1.0,1.0,0.9556,9825,68421,36699024,36781762,1.973,0.000907,10
3,A,CkksCombined,0.9,1.1,10,latest season on keeping up with the kardashians,0.9,0.9554,1.0,10627,68220,36638058,36720773,1.3592,0.00032,10
3,A,CkksCombined,0.9,1.1,10,how dose the poet present death as a voyage in crossing the bar,1.0,0.9999,0.9556,10025,66090,36614731,36695395,2.0253,0.000306,10
3,A,CkksCombined,0.9,1.1,10,who were farmers who kept a small portion of their crops & gave the rest to the landowners,1.0,1.0,0.9556,10009,68854,36650714,36735353,1.8344,0.000114,9
3,A,CkksCombined,0.9,1.1,10,what is pumped up kicks the song about,1.0,0.9999,0.9111,9725,68067,36677448,36759534,2.0253,0.000137,9
3,A,CkksCombined,0.9,1.1,10,2. what are the reasons states impose protectionists policies on other countries,1.0,1.0,0.9111,10996,68713,36653846,36737729,2.0253,0.00015,10
3,A,CkksCombined,0.9,1.1,10,where are they building the new raiders stadium,1.0,1.0,0.9556,9874,68277,36693876,36775293,2.164,0.000106,10
3,A,CkksCombined,0.9,1.1,10,what event provoked congress to propose the eleventh amendment and the states to ratify it,1.0,1.0,1.0,9599,67141,36624364,36705950,1.8867,0.000125,10
3,A,CkksCombined,0.9,1.1,10,does joe die in the purge election year,1.0,1.0,0.9556,9595,68779,36664499,36746981,1.973,0.000213,10
4,A,Scrambling,0.9,1.1,10,what is non controlling interest on balance sheet,1.0,1.0,1.0,18495,107,10890,31888,1.8867,4e-05,10
4,A,Scrambling,0.9,1.1,10,how many episodes are in chicago fire season 4,1.0,1.0,1.0,10842,63,6509,20501,1.6957,7.6e-05,10
4,A,Scrambling,0.9,1.1,10,who sings love will keep us alive by the eagles,1.0,1.0,1.0,9582,37,5198,17336,2.164,2.7e-05,10
4,A,Scrambling,0.9,1.1,10,who is the leader of the ontario pc party,1.0,1.0,1.0,9897,35,5155,18723,1.7481,0.000275,10
4,A,Scrambling,0.9,1.1,10,nitty gritty dirt band fishin in the dark album,1.0,1.0,1.0,8687,36,5166,16835,1.7481,7.7e-05,10
4,A,Scrambling,0.9,1.1,10,who were the three elves who got rings,1.0,1.0,1.0,9032,34,5157,17565,2.0253,2.8e-05,10
4,A,Scrambling,0.9,1.1,10,converting stereo signal to mono signal is called,1.0,1.0,1.0,9628,37,7095,19479,1.6957,0.001218,10
4,A,Scrambling,0.9,1.1,10,in order to prove disparate impact you first must establish,1.0,1.0,1.0,9123,34,5157,17801,1.8344,6e-05,9
4,A,Scrambling,0.9,1.1,10,where do characters live in this is us,1.0,1.0,1.0,8370,35,5169,17121,2.0253,0.000148,10
4,A,Scrambling,0.9,1.1,10,who makes the decisions about what to produce in a market economy,1.0,1.0,1.0,7943,34,5158,16534,1.6434,9.2e-05,9
4,A,Scrambling,0.9,1.1,10,when is the new tappan zee bridge going to be finished,1.0,1.0,1.0,8058,33,5154,16793,1.6957,0.000355,10
4,A,Scrambling,0.9,1.1,10,who recorded i can't help falling in love with you,1.0,1.0,1.0,7729,35,5149,16284,2.0253,0.000217,10
4,A,Scrambling,0.9,1.1,10,who plays the doc in back to the future,1.0,1.0,1.0,8498,36,5169,16803,2.0253,0.000551,10
4,A,Scrambling,0.9,1.1,10,when did they stop cigarette advertising on television,1.0,1.0,1.0,12936,36,5283,21865,2.0253,0.000669,10
4,A,Scrambling,0.9,1.1,10,who has been chosen as the brand ambassador of the campaign 'beti bachao-beti padhao,1.0,1.0,1.0,13820,36,5148,21549,1.6957,0.000573,10
4,A,Scrambling,0.9,1.1,10,how many seasons of prison break are on netflix,1.0,1.0,1.0,9455,36,5183,17329,1.973,9.4e-05,10
4,A,Scrambling,0.9,1.1,10,what was the name of atom bomb dropped by usa on hiroshima,1.0,1.0,1.0,10818,36,5160,18670,1.8867,0.00011,9
4,A,Scrambling,0.9,1.1,10,when did the us take over wake island,1.0,1.0,1.0,9857,37,5151,18320,1.973,0.000696,10
4,A,Scrambling,0.9,1.1,10,when did american two party system began to emerge,1.0,1.0,1.0,11277,36,5150,19202,1.6094,0.00019,10
4,A,Scrambling,0.9,1.1,10,where are the mitochondria located in the sperm,1.0,1.0,1.0,8723,34,5146,17417,2.164,0.00018,10
4,A,Scrambling,0.9,1.1,10,how many lines of symmetry are there in a equilateral triangle,1.0,1.0,1.0,8793,35,5144,17579,2.164,0.000394,10
4,A,Scrambling,0.9,1.1,10,how many seasons of the oc are there,1.0,1.0,1.0,8513,35,5149,17268,1.8867,0.000938,10
4,A,Scrambling,0.9,1.1,10,latest season on keeping up with the kardashians,1.0,1.0,1.0,8571,35,5154,17218,1.3592,0.000327,10
4,A,Scrambling,0.9,1.1,10,how dose the poet present death as a voyage in crossing the bar,1.0,1.0,1.0,7918,34,5147,16655,1.8344,0.000307,10
4,A,Scrambling,0.9,1.1,10,who were farmers who kept a small portion of their crops & gave the rest to the landowners,1.0,1.0,1.0,8080,34,5146,16415,1.8867,0.000119,10
4,A,Scrambling,0.9,1.1,10,what is pumped up kicks the song about,1.0,1.0,1.0,8231,34,5170,17294,1.8344,0.000141,10
4,A,Scrambling,0.9,1.1,10,2. what are the reasons states impose protectionists policies on other countries,1.0,1.0,1.0,9146,35,5146,17840,2.0253,0.000159,10
4,A,Scrambling,0.9,1.1,10,where are they building the new raiders stadium,1.0,1.0,1.0,7850,34,5140,16538,2.164,0.000102,10
4,A,Scrambling,0.9,1.1,10,what event provoked congress to propose the eleventh amendment and the states to ratify it,1.0,1.0,1.0,7889,33,5139,16544,1.973,0.000125,10
4,A,Scrambling,0.9,1.1,10,does joe die in the purge election year,1.0,1.0,1.0,8326,33,5277,16723,1.8344,0.000228,10
4,A,Noise,0.9,1.1,10,what is non controlling interest on balance sheet,0.9,0.9408,0.8333,21613,193,11893,38656,2.0253,3.6e-05,10
4,A,Noise,0.9,1.1,10,how many episodes are in chicago fire season 4,1.0,1.0,1.0,14610,103,8159,26486,1.6957,7.7e-05,10
4,A,Noise,0.9,1.1,10,who sings love will keep us alive by the eagles,0.9,0.9452,0.9444,10115,71,6004,19826,2.0253,2.8e-05,10
4,A,Noise,0.9,1.1,10,who is the leader of the ontario pc party,1.0,0.9997,0.8222,9419,57,5147,18192,1.8344,0.00026,10
4,A,Noise,0.9,1.1,10,nitty gritty dirt band fishin in the dark album,1.0,0.9999,0.8667,8456,62,5159,17068,1.7481,7.6e-05,10
4,A,Noise,0.9,1.1,10,who were the three elves who got rings,1.0,0.9999,0.9111,8591,58,5142,17219,2.164,3e-05,9
4,A,Noise,0.9,1.1,10,converting stereo signal to mono signal is called,1.0,1.0,1.0,8386,57,5150,17087,1.8867,0.001207,10
4,A,Noise,0.9,1.1,10,in order to prove disparate impact you first must establish,1.0,1.0,1.0,8948,62,5163,17571,1.8344,5.7e-05,10
4,A,Noise,0.9,1.1,10,where do characters live in this is us,1.0,1.0,0.9556,8098,62,5136,16487,1.8344,0.000151,9
4,A,Noise,0.9,1.1,10,who makes the decisions about what to produce in a market economy,1.0,1.0,1.0,7881,61,5163,16670,1.8344,8.4e-05,10
4,A,Noise,0.9,1.1,10,when is the new tappan zee bridge going to be finished,1.0,0.9999,0.8667,8318,58,5139,16878,1.6957,0.000341,9
4,A,Noise,0.9,1.1,10,who recorded i can't help falling in love with you,1.0,1.0,1.0,8424,60,5149,17093,1.8867,0.000211,10
4,A,Noise,0.9,1.1,10,who plays the doc in back to the future,1.0,1.0,1.0,8394,58,5150,17003,2.0253,0.000541,10
4,A,Noise,0.9,1.1,10,when did they stop cigarette advertising on television,1.0,1.0,1.0,8095,57,5164,16396,2.0253,0.000656,10
4,A,Noise,0.9,1.1,10,who has been chosen as the brand ambassador of the campaign 'beti bachao-beti padhao,1.0,1.0,0.9556,8735,58,5147,17523,1.8867,0.000573,8
4,A,Noise,0.9,1.1,10,how many seasons of prison break are on netflix,1.0,1.0,0.9556,7865,60,5171,16561,2.0253,9.8e-05,10
4,A,Noise,0.9,1.1,10,what was the name of atom bomb dropped by usa on hiroshima,0.9,0.943,1.0,8020,59,5148,19368,1.8867,0.000105,10
4,A,Noise,0.9,1.1,10,when did the us take over wake island,1.0,1.0,0.9556,9528,63,5187,17894,1.973,0.000682,10
4,A,Noise,0.9,1.1,10,when did american two party system began to emerge,1.0,1.0,0.9556,15159,62,5213,23409,1.6094,0.000181,10
4,A,Noise,0.9,1.1,10,where are the mitochondria located in the sperm,1.0,1.0,1.0,10171,61,5151,18937,2.164,0.000175,10
4,A,Noise,0.9,1.1,10,how many lines of symmetry are there in a equilateral triangle,1.0,1.0,1.0,8613,60,5143,17148,2.164,0.000387,10
4,A,Noise,0.9,1.1,10,how many seasons of the oc are there,1.0,1.0,0.9556,7586,61,5141,16168,1.8867,0.000938,10
4,A,Noise,0.9,1.1,10,latest season on keeping up with the kardashians,1.0,1.0,0.9556,8517,62,5148,17194,1.3592,0.000322,10
4,A,Noise,0.9,1.1,10,how dose the poet present death as a voyage in crossing the bar,1.0,1.0,0.9556,7258,58,5147,15810,2.0253,0.00029,10
4,A,Noise,0.9,1.1,10,who were farmers who kept a small portion of their crops & gave the rest to the landowners,1.0,1.0,1.0,8449,58,5151,17031,1.8867,0.000117,9
4,A,Noise,0.9,1.1,10,what is pumped up kicks the song about,0.9,0.9459,1.0,9313,63,5143,18355,1.8867,0.000143,10
4,A,Noise,0.9,1.1,10,2. what are the reasons states impose protectionists policies on other countries,1.0,1.0,1.0,8427,63,5155,16291,2.164,0.000164,10
4,A,Noise,0.9,1.1,10,where are they building the new raiders stadium,1.0,1.0,0.9556,8642,59,5152,16172,2.164,0.000101,10
4,A,Noise,0.9,1.1,10,what event provoked congress to propose the eleventh amendment and the states to ratify it,1.0,1.0,1.0,8768,65,5150,16292,1.973,0.000128,10
4,A,Noise,0.9,1.1,10,does joe die in the purge election year,1.0,1.0,1.0,8076,61,5148,16537,1.8344,0.000221,10
4,A,Combined,0.9,1.1,10,what is non controlling interest on balance sheet,1.0,0.9999,0.9111,20497,174,11968,37662,1.8867,3.9e-05,10
4,A,Combined,0.9,1.1,10,how many episodes are in chicago fire season 4,1.0,1.0,0.9556,14663,101,7865,26491,1.6957,7.5e-05,10
4,A,Combined,0.9,1.1,10,who sings love will keep us alive by the eagles,0.9,0.9452,0.9444,10618,71,5791,19952,2.164,2.8e-05,10
4,A,Combined,0.9,1.1,10,who is the leader of the ontario pc party,0.9,0.9442,1.0,9074,60,5156,16629,1.973,0.000264,10
4,A,Combined,0.9,1.1,10,nitty gritty dirt band fishin in the dark album,1.0,1.0,1.0,8697,62,5147,16275,1.6094,7.6e-05,9
4,A,Combined,0.9,1.1,10,who were the three elves who got rings,0.9,0.9413,0.9444,7647,62,5149,15325,2.0253,2.6e-05,10
4,A,Combined,0.9,1.1,10,converting stereo signal to mono signal is called,1.0,1.0,1.0,7114,59,5143,14832,1.8867,0.001217,10
4,A,Combined,0.9,1.1,10,in order to prove disparate impact you first must establish,1.0,1.0,0.9556,8139,58,5144,15765,1.973,6.1e-05,10
4,A,Combined,0.9,1.1,10,where do characters live in this is us,1.0,1.0,1.0,8488,58,5143,16809,2.0253,0.000152,10
4,A,Combined,0.9,1.1,10,who makes the decisions about what to produce in a market economy,1.0,1.0,0.9556,8408,58,5160,15646,1.6434,9.1e-05,9
4,A,Combined,0.9,1.1,10,when is the new tappan zee bridge going to be finished,1.0,0.9999,0.9556,7994,62,5154,16972,1.6957,0.000358,10
4,A,Combined,0.9,1.1,10,who recorded i can't help falling in love with you,1.0,1.0,1.0,8317,62,5150,17003,2.0253,0.000217,10
4,A,Combined,0.9,1.1,10,who plays the doc in back to the future,1.0,1.0,1.0,8121,58,5158,17071,2.0253,0.000537,10
4,A,Combined,0.9,1.1,10,when did they stop cigarette advertising on television,1.0,1.0,1.0,7845,60,5148,16564,2.0253,0.000662,10
4,A,Combined,0.9,1.1,10,who has been chosen as the brand ambassador of the campaign 'beti bachao-beti padhao,1.0,1.0,1.0,7778,59,5152,16476,1.5048,0.000581,10
4,A,Combined,0.9,1.1,10,how many seasons of prison break are on netflix,1.0,0.9999,0.9556,8030,62,5147,16664,1.973,9.2e-05,10
4,A,Combined,0.9,1.1,10,what was the name of atom bomb dropped by usa on hiroshima,1.0,1.0,0.9556,8060,60,5153,16669,2.0253,0.000115,10
4,A,Combined,0.9,1.1,10,when did the us take over wake island,0.9,0.9517,0.9444,8146,61,5140,16841,1.973,0.000686,10
4,A,Combined,0.9,1.1,10,when did american two party system began to emerge,0.9,0.946,1.0,7967,62,5154,16655,1.6094,0.000184,10
4,A,Combined,0.9,1.1,10,where are the mitochondria located in the sperm,1.0,1.0,1.0,8163,60,5147,16887,2.164,0.000174,10
4,A,Combined,0.9,1.1,10,how many lines of symmetry are there in a equilateral triangle,1.0,1.0,1.0,7639,60,5143,16320,2.164,0.00039,10
4,A,Combined,0.9,1.1,10,how many seasons of the oc are there,1.0,1.0,1.0,7887,58,5139,16578,1.8867,0.000904,10
4,A,Combined,0.9,1.1,10,latest season on keeping up with the kardashians,1.0,1.0,1.0,8034,59,5146,16704,1.3592,0.000319,10
4,A,Combined,0.9,1.1,10,how dose the poet present death as a voyage in crossing the bar,1.0,1.0,0.9556,8899,58,5146,17347,1.8344,0.000303,10
4,A,Combined,0.9,1.1,10,who were farmers who kept a small portion of their crops & gave the rest to the landowners,1.0,1.0,1.0,8584,57,5142,17382,1.8344,0.000119,9
4,A,Combined,0.9,1.1,10,what is pumped up kicks the song about,0.9,0.9458,0.9444,7877,58,5140,16477,2.0253,0.000149,10
4,A,Combined,0.9,1.1,10,2. what are the reasons states impose protectionists policies on other countries,1.0,1.0,0.9556,7953,59,5145,16231,2.0253,0.000156,10
4,A,Combined,0.9,1.1,10,where are they building the new raiders stadium,1.0,1.0,1.0,7914,59,5149,16778,2.3026,0.000105,10
4,A,Combined,0.9,1.1,10,what event provoked congress to propose the eleventh amendment and the states to ratify it,0.9,0.9464,1.0,8890,58,5140,17557,1.973,0.000124,10
4,A,Combined,0.9,1.1,10,does joe die in the purge election year,1.0,1.0,1.0,8004,59,5147,16372,2.164,0.00023,10
4,A,Rome,1.0,1.0,10,what is non controlling interest on balance sheet,1.0,1.0,1.0,16036,14926,11532,45761,1.8867,4e-05,10
4,A,Rome,1.0,1.0,10,how many episodes are in chicago fire season 4,1.0,1.0,1.0,10716,8105,8610,31271,1.6957,7.6e-05,10
4,A,Rome,1.0,1.0,10,who sings love will keep us alive by the eagles,1.0,1.0,1.0,8893,5954,6748,25172,2.164,2.7e-05,10
4,A,Rome,1.0,1.0,10,who is the leader of the ontario pc party,1.0,1.0,1.0,8811,5769,6778,24864,1.7481,0.000275,10
4,A,Rome,1.0,1.0,10,nitty gritty dirt band fishin in the dark album,1.0,1.0,1.0,9509,5748,6751,25529,1.7481,7.7e-05,10
4,A,Rome,1.0,1.0,10,who were the three elves who got rings,1.0,1.0,1.0,8485,5748,6774,24746,2.0253,2.8e-05,10
4,A,Rome,1.0,1.0,10,converting stereo signal to mono signal is called,1.0,1.0,1.0,8546,5775,6755,24689,1.6957,0.001218,10
4,A,Rome,1.0,1.0,10,in order to prove disparate impact you first must establish,1.0,1.0,1.0,8212,5760,6775,24137,1.8344,6e-05,9
4,A,Rome,1.0,1.0,10,where do characters live in this is us,1.0,1.0,1.0,8478,5748,6756,33830,2.0253,0.000148,10
4,A,Rome,1.0,1.0,10,who makes the decisions about what to produce in a market economy,1.0,1.0,1.0,8942,5785,6767,24496,1.6434,9.2e-05,9
4,A,Rome,1.0,1.0,10,when is the new tappan zee bridge going to be finished,1.0,1.0,1.0,8336,5793,6760,23995,1.6957,0.000355,10
4,A,Rome,1.0,1.0,10,who recorded i can't help falling in love with you,1.0,1.0,1.0,8542,5750,6762,24574,2.0253,0.000217,10
4,A,Rome,1.0,1.0,10,who plays the doc in back to the future,1.0,1.0,1.0,7886,5762,6740,23900,2.0253,0.000551,10
4,A,Rome,1.0,1.0,10,when did they stop cigarette advertising on television,1.0,1.0,1.0,8326,5760,6744,24627,2.0253,0.000669,10
4,A,Rome,1.0,1.0,10,who has been chosen as the brand ambassador of the campaign 'beti bachao-beti padhao,1.0,1.0,1.0,8597,5783,6745,24607,1.6957,0.000573,10
4,A,Rome,1.0,1.0,10,how many seasons of prison break are on netflix,1.0,1.0,1.0,7818,5764,6740,24074,1.973,9.4e-05,10
4,A,Rome,1.0,1.0,10,what was the name of atom bomb dropped by usa on hiroshima,1.0,1.0,1.0,8508,5748,6743,24354,1.8867,0.00011,9
4,A,Rome,1.0,1.0,10,when did the us take over wake island,1.0,1.0,1.0,7169,5755,6742,23089,1.973,0.000696,10
4,A,Rome,1.0,1.0,10,when did american two party system began to emerge,1.0,1.0,1.0,7748,5763,6756,23954,1.6094,0.00019,10
4,A,Rome,1.0,1.0,10,where are the mitochondria located in the sperm,1.0,1.0,1.0,8345,5765,6743,24364,2.164,0.00018,10
4,A,Rome,1.0,1.0,10,how many lines of symmetry are there in a equilateral triangle,1.0,1.0,1.0,8519,5748,6740,24498,2.164,0.000394,10
4,A,Rome,1.0,1.0,10,how many seasons of the oc are there,1.0,1.0,1.0,8254,5761,6742,24079,1.8867,0.000938,10
4,A,Rome,1.0,1.0,10,latest season on keeping up with the kardashians,1.0,1.0,1.0,8546,5747,6741,24215,1.3592,0.000327,10
4,A,Rome,1.0,1.0,10,how dose the poet present death as a voyage in crossing the bar,1.0,1.0,1.0,8562,5740,6743,24379,1.8344,0.000307,10
4,A,Rome,1.0,1.0,10,who were farmers who kept a small portion of their crops & gave the rest to the landowners,1.0,1.0,1.0,9027,5749,6746,25080,1.8867,0.000119,10
4,A,Rome,1.0,1.0,10,what is pumped up kicks the song about,1.0,1.0,1.0,7987,5769,6735,23885,1.8344,0.000141,10
4,A,Rome,1.0,1.0,10,2. what are the reasons states impose protectionists policies on other countries,1.0,1.0,1.0,8236,5749,6757,24368,2.0253,0.000159,10
4,A,Rome,1.0,1.0,10,where are they building the new raiders stadium,1.0,1.0,1.0,6953,5749,6740,24465,2.164,0.000102,10
4,A,Rome,1.0,1.0,10,what event provoked congress to propose the eleventh amendment and the states to ratify it,1.0,1.0,1.0,8085,5770,6757,23754,1.973,0.000125,10
4,A,Rome,1.0,1.0,10,does joe die in the purge election year,1.0,1.0,1.0,7953,5762,6761,23678,1.8344,0.000228,10
4,A,RomeCombined,0.9,1.1,10,what is non controlling interest on balance sheet,0.9,0.941,0.9444,22005,15109,12708,54469,1.8344,4e-05,9
4,A,RomeCombined,0.9,1.1,10,how many episodes are in chicago fire season 4,1.0,1.0,0.8667,12780,7611,7765,31988,1.8344,7.1e-05,10
4,A,RomeCombined,0.9,1.1,10,who sings love will keep us alive by the eagles,0.9,0.9452,0.9444,8202,5782,6746,24028,2.164,2.5e-05,10
4,A,RomeCombined,0.9,1.1,10,who is the leader of the ontario pc party,1.0,1.0,1.0,9126,5809,6745,25206,1.7481,0.000266,10
4,A,RomeCombined,0.9,1.1,10,nitty gritty dirt band fishin in the dark album,1.0,1.0,1.0,9196,5793,6760,25356,1.8344,8e-05,10
4,A,RomeCombined,0.9,1.1,10,who were the three elves who got rings,1.0,0.9999,0.9111,8421,5770,6755,24415,2.164,2.9e-05,10
4,A,RomeCombined,0.9,1.1,10,converting stereo signal to mono signal is called,1.0,0.9999,0.9556,7608,5791,6749,22412,1.8867,0.001185,10
4,A,RomeCombined,0.9,1.1,10,in order to prove disparate impact you first must establish,1.0,1.0,0.9111,8963,5818,6763,25048,1.973,5.5e-05,10
4,A,RomeCombined,0.9,1.1,10,where do characters live in this is us,1.0,1.0,1.0,8850,5972,6755,24012,2.0253,0.000149,10
4,A,RomeCombined,0.9,1.1,10,who makes the decisions about what to produce in a market economy,1.0,1.0,0.9556,9180,5967,6750,24328,1.6434,8.7e-05,9
4,A,RomeCombined,0.9,1.1,10,when is the new tappan zee bridge going to be finished,1.0,1.0,0.9111,8952,5869,6748,23925,1.6957,0.000364,10
4,A,RomeCombined,0.9,1.1,10,who recorded i can't help falling in love with you,1.0,1.0,1.0,8724,5847,6792,25532,2.0253,0.000217,10
4,A,RomeCombined,0.9,1.1,10,who plays the doc in back to the future,1.0,1.0,1.0,9703,5841,6753,24463,1.8344,0.000562,10
4,A,RomeCombined,0.9,1.1,10,when did they stop cigarette advertising on television,1.0,1.0,1.0,8957,5804,6750,25226,2.0253,0.00066,10
4,A,RomeCombined,0.9,1.1,10,who has been chosen as the brand ambassador of the campaign 'beti bachao-beti padhao,1.0,1.0,1.0,9612,5797,6742,25965,1.6957,0.000564,10
4,A,RomeCombined,0.9,1.1,10,how many seasons of prison break are on netflix,1.0,1.0,0.9556,8180,5794,6748,24459,1.8344,9.6e-05,10
4,A,RomeCombined,0.9,1.1,10,what was the name of atom bomb dropped by usa on hiroshima,1.0,0.9999,0.9111,8145,5786,6751,24373,2.0253,0.000106,10
4,A,RomeCombined,0.9,1.1,10,when did the us take over wake island,1.0,1.0,0.9556,8205,5797,6752,24222,1.973,0.000692,10
4,A,RomeCombined,0.9,1.1,10,when did american two party system began to emerge,1.0,1.0,0.9556,7980,5801,6746,24377,1.6094,0.000189,10
4,A,RomeCombined,0.9,1.1,10,where are the mitochondria located in the sperm,1.0,1.0,0.9556,8076,5785,6746,23993,2.0253,0.000181,9
4,A,RomeCombined,0.9,1.1,10,how many lines of symmetry are there in a equilateral triangle,1.0,1.0,1.0,8271,5790,6754,24309,2.164,0.000399,10
4,A,RomeCombined,0.9,1.1,10,how many seasons of the oc are there,1.0,1.0,0.9556,7762,5782,6748,23574,1.8867,0.000944,10
4,A,RomeCombined,0.9,1.1,10,latest season on keeping up with the kardashians,1.0,1.0,1.0,7671,5800,6742,23646,1.3592,0.000322,10
4,A,RomeCombined,0.9,1.1,10,how dose the poet present death as a voyage in crossing the bar,1.0,1.0,0.9556,8390,5784,6745,24526,2.0253,0.000312,10
4,A,RomeCombined,0.9,1.1,10,who were farmers who kept a small portion of their crops & gave the rest to the landowners,1.0,1.0,1.0,8943,5796,6747,24930,1.8344,0.000115,10
4,A,RomeCombined,0.9,1.1,10,what is pumped up kicks the song about,0.9,0.9458,0.9444,8064,5787,6750,23699,1.8867,0.000138,10
4,A,RomeCombined,0.9,1.1,10,2. what are the reasons states impose protectionists policies on other countries,1.0,1.0,1.0,8707,5779,6745,24733,2.0253,0.000159,10
4,A,RomeCombined,0.9,1.1,10,where are they building the new raiders stadium,1.0,1.0,0.9556,8517,5789,6751,23737,2.164,0.000103,10
4,A,RomeCombined,0.9,1.1,10,what event provoked congress to propose the eleventh amendment and the states to ratify it,1.0,1.0,1.0,8819,6015,14431,32643,1.973,0.000125,10
4,A,RomeCombined,0.9,1.1,10,does joe die in the purge election year,1.0,1.0,0.9556,10405,5836,6740,26473,1.8344,0.000231,10
4,A,Ckks,1.0,1.0,10,what is non controlling interest on balance sheet,1.0,1.0,1.0,21537,90712,36626469,36743411,1.8867,4e-05,10
4,A,Ckks,1.0,1.0,10,how many episodes are in chicago fire season 4,1.0,1.0,1.0,10461,68632,36675321,36758691,1.6957,7.6e-05,10
4,A,Ckks,1.0,1.0,10,who sings love will keep us alive by the eagles,1.0,1.0,1.0,9741,68022,36716352,36796883,2.164,2.7e-05,10
4,A,Ckks,1.0,1.0,10,who is the leader of the ontario pc party,1.0,1.0,1.0,9212,68277,37046891,37127268,1.7481,0.000275,10
4,A,Ckks,1.0,1.0,10,nitty gritty dirt band fishin in the dark album,1.0,1.0,1.0,9655,70216,36843162,36927427,1.7481,7.7e-05,10
4,A,Ckks,1.0,1.0,10,who were the three elves who got rings,1.0,1.0,1.0,11294,68278,36647027,36730853,2.0253,2.8e-05,10
4,A,Ckks,1.0,1.0,10,converting stereo signal to mono signal is called,1.0,1.0,1.0,10689,68183,36621100,36704280,1.6957,0.001218,10
4,A,Ckks,1.0,1.0,10,in order to prove disparate impact you first must establish,1.0,1.0,1.0,10097,67347,36669780,36751692,1.8344,6e-05,9
4,A,Ckks,1.0,1.0,10,where do characters live in this is us,1.0,1.0,1.0,9961,66149,36573916,36652763,2.0253,0.000148,10
4,A,Ckks,1.0,1.0,10,who makes the decisions about what to produce in a market economy,1.0,1.0,1.0,11151,68676,36677508,36761661,1.6434,9.2e-05,9
4,A,Ckks,1.0,1.0,10,when is the new tappan zee bridge going to be finished,1.0,1.0,1.0,10427,68435,36649760,36732480,1.6957,0.000355,10
4,A,Ckks,1.0,1.0,10,who recorded i can't help falling in love with you,1.0,1.0,1.0,9190,67366,36681550,36762506,2.0253,0.000217,10
4,A,Ckks,1.0,1.0,10,who plays the doc in back to the future,1.0,1.0,1.0,9509,66909,36818050,36898621,2.0253,0.000551,10
4,A,Ckks,1.0,1.0,10,when did they stop cigarette advertising on television,1.0,1.0,1.0,9455,69700,36762834,36846589,2.0253,0.000669,10
4,A,Ckks,1.0,1.0,10,who has been chosen as the brand ambassador of the campaign 'beti bachao-beti padhao,1.0,1.0,1.0,14502,68408,36650753,36738061,1.6957,0.000573,10
4,A,Ckks,1.0,1.0,10,how many seasons of prison break are on netflix,1.0,1.0,1.0,9731,68594,36574066,36655829,1.973,9.4e-05,10
4,A,Ckks,1.0,1.0,10,what was the name of atom bomb dropped by usa on hiroshima,1.0,1.0,1.0,10106,69280,36670215,36753896,1.8867,0.00011,9
4,A,Ckks,1.0,1.0,10,when did the us take over wake island,1.0,1.0,1.0,10020,68673,36650101,36733590,1.973,0.000696,10
4,A,Ckks,1.0,1.0,10,when did american two party system began to emerge,1.0,1.0,1.0,10477,67039,36664047,36744030,1.6094,0.00019,10
4,A,Ckks,1.0,1.0,10,where are the mitochondria located in the sperm,1.0,1.0,1.0,10315,66817,36644313,36724585,2.164,0.00018,10
4,A,Ckks,1.0,1.0,10,how many lines of symmetry are there in a equilateral triangle,1.0,1.0,1.0,9889,67578,36665139,36746868,2.164,0.000394,10
4,A,Ckks,1.0,1.0,10,how many seasons of the oc are there,1.0,1.0,1.0,9890,66901,36631013,36712004,1.8867,0.000938,10
4,A,Ckks,1.0,1.0,10,latest season on keeping up with the kardashians,1.0,1.0,1.0,9450,68013,36623565,36705110,1.3592,0.000327,10
4,A,Ckks,1.0,1.0,10,how dose the poet present death as a voyage in crossing the bar,1.0,1.0,1.0,9525,66955,36643673,36723591,1.8344,0.000307,10
4,A,Ckks,1.0,1.0,10,who were farmers who kept a small portion of their crops & gave the rest to the landowners,1.0,1.0,1.0,10947,68187,36589337,36672947,1.8867,0.000119,10
4,A,Ckks,1.0,1.0,10,what is pumped up kicks the song about,1.0,1.0,1.0,10477,68183,36769881,36853380,1.8344,0.000141,10
4,A,Ckks,1.0,1.0,10,2. what are the reasons states impose protectionists policies on other countries,1.0,1.0,1.0,9306,66885,36665084,36745383,2.0253,0.000159,10
4,A,Ckks,1.0,1.0,10,where are they building the new raiders stadium,1.0,1.0,1.0,11213,67736,36709789,36792769,2.164,0.000102,10
4,A,Ckks,1.0,1.0,10,what event provoked congress to propose the eleventh amendment and the states to ratify it,1.0,1.0,1.0,10650,66986,36610331,36691103,1.973,0.000125,10
4,A,Ckks,1.0,1.0,10,does joe die in the purge election year,1.0,1.0,1.0,13252,69951,36672723,36760430,1.8344,0.000228,10
4,A,CkksCombined,0.9,1.1,10,what is non controlling interest on balance sheet,1.0,0.9999,0.9556,23117,92379,36621354,36741146,2.0253,4e-05,10
4,A,CkksCombined,0.9,1.1,10,how many episodes are in chicago fire season 4,1.0,1.0,0.9111,10319,68139,36670547,36753282,1.8867,7.4e-05,10
4,A,CkksCombined,0.9,1.1,10,who sings love will keep us alive by the eagles,0.9,0.9452,1.0,9339,68242,36640862,36723085,2.3026,2.8e-05,10
4,A,CkksCombined,0.9,1.1,10,who is the leader of the ontario pc party,0.9,0.9442,0.9444,10173,68013,36792465,36873141,1.7481,0.000282,10
4,A,CkksCombined,0.9,1.1,10,nitty gritty dirt band fishin in the dark album,1.0,1.0,0.9111,10085,66811,36626983,36708107,1.6957,7.6e-05,9
4,A,CkksCombined,0.9,1.1,10,who were the three elves who got rings,0.9,0.9413,0.8889,9238,68521,36710022,36792102,2.0253,2.8e-05,10
4,A,CkksCombined,0.9,1.1,10,converting stereo signal to mono signal is called,1.0,1.0,1.0,10311,66829,36630107,36711444,1.6957,0.001203,10
4,A,CkksCombined,0.9,1.1,10,in order to prove disparate impact you first must establish,1.0,1.0,0.9111,10038,66719,36583733,36664902,1.973,5.8e-05,10
4,A,CkksCombined,0.9,1.1,10,where do characters live in this is us,1.0,1.0,1.0,9587,66737,36629240,36710148,2.164,0.000152,10
4,A,CkksCombined,0.9,1.1,10,who makes the decisions about what to produce in a market economy,1.0,1.0,0.9556,9709,66439,36594596,36675104,2.0253,9.2e-05,10
4,A,CkksCombined,0.9,1.1,10,when is the new tappan zee bridge going to be finished,1.0,1.0,0.9556,9743,66855,36667967,36749575,1.6957,0.00034,10
4,A,CkksCombined,0.9,1.1,10,who recorded i can't help falling in love with you,1.0,1.0,1.0,10834,68707,36646799,36730296,2.0253,0.000213,10
4,A,CkksCombined,0.9,1.1,10,who plays the doc in back to the future,1.0,1.0,0.9556,9557,69931,36712397,36796639,2.0253,0.000543,10
4,A,CkksCombined,0.9,1.1,10,when did they stop cigarette advertising on television,1.0,1.0,1.0,8470,67339,36638607,36718721,2.164,0.000671,10
4,A,CkksCombined,0.9,1.1,10,who has been chosen as the brand ambassador of the campaign 'beti bachao-beti padhao,1.0,1.0,1.0,11337,66351,36599898,36680960,1.6957,0.000572,10
4,A,CkksCombined,0.9,1.1,10,how many seasons of prison break are on netflix,0.9,0.9442,0.9444,9310,68455,36650716,36732815,1.973,9.5e-05,10
4,A,CkksCombined,0.9,1.1,10,what was the name of atom bomb dropped by usa on hiroshima,1.0,1.0,0.9556,10115,67880,36633102,36715269,2.0253,0.000101,10
4,A,CkksCombined,0.9,1.1,10,when did the us take over wake island,1.0,1.0,1.0,10419,68257,36699051,36782258,1.973,0.000686,10
4,A,CkksCombined,0.9,1.1,10,when did american two party system began to emerge,0.9,0.9479,0.8889,9997,74819,36582606,36671741,1.6094,0.000185,10
4,A,CkksCombined,0.9,1.1,10,where are the mitochondria located in the sperm,1.0,1.0,1.0,10838,67813,36675462,36758264,2.0253,0.000173,10
4,A,CkksCombined,0.9,1.1,10,how many lines of symmetry are there in a equilateral triangle,1.0,1.0,1.0,10689,69897,36698391,36783140,2.164,0.000398,10
4,A,CkksCombined,0.9,1.1,10,how many seasons of the oc are there,1.0,1.0,1.0,9732,68168,36624349,36706910,1.8867,0.000907,10
4,A,CkksCombined,0.9,1.1,10,latest season on keeping up with the kardashians,1.0,1.0,0.9556,11145,68486,36663401,36747164,1.4979,0.000322,10
4,A,CkksCombined,0.9,1.1,10,how dose the poet present death as a voyage in crossing the bar,1.0,1.0,0.9556,10727,67004,36643768,36725935,1.973,0.000298,10
4,A,CkksCombined,0.9,1.1,10,who were farmers who kept a small portion of their crops & gave the rest to the landowners,1.0,1.0,1.0,11150,68263,36662434,36745953,1.8344,0.000121,10
4,A,CkksCombined,0.9,1.1,10,what is pumped up kicks the song about,0.9,0.9458,0.9444,9809,67635,36607860,36688712,2.0253,0.000137,10
4,A,CkksCombined,0.9,1.1,10,2. what are the reasons states impose protectionists policies on other countries,1.0,1.0,1.0,9973,69010,36680862,36764536,2.164,0.000145,10
4,A,CkksCombined,0.9,1.1,10,where are they building the new raiders stadium,1.0,1.0,0.9556,10257,67749,36691712,36772402,2.164,0.000101,10
4,A,CkksCombined,0.9,1.1,10,what event provoked congress to propose the eleventh amendment and the states to ratify it,1.0,1.0,1.0,8989,68895,36621254,36702646,2.164,0.00013,10
4,A,CkksCombined,0.9,1.1,10,does joe die in the purge election year,1.0,1.0,1.0,9805,68592,36655298,36738840,1.8344,0.00023,10
5,A,Scrambling,0.9,1.1,10,what is non controlling interest on balance sheet,1.0,1.0,1.0,20866,127,12626,38237,1.8867,4e-05,10
5,A,Scrambling,0.9,1.1,10,how many episodes are in chicago fire season 4,1.0,1.0,1.0,14680,58,7938,26502,1.6957,7.6e-05,10
5,A,Scrambling,0.9,1.1,10,who sings love will keep us alive by the eagles,1.0,1.0,1.0,10997,41,5939,20626,2.164,2.7e-05,10
5,A,Scrambling,0.9,1.1,10,who is the leader of the ontario pc party,1.0,1.0,1.0,8317,33,5139,17029,1.7481,0.000275,10
5,A,Scrambling,0.9,1.1,10,nitty gritty dirt band fishin in the dark album,1.0,1.0,1.0,8451,35,5149,17229,1.7481,7.7e-05,10
5,A,Scrambling,0.9,1.1,10,who were the three elves who got rings,1.0,1.0,1.0,9018,34,5143,17407,2.0253,2.8e-05,10
5,A,Scrambling,0.9,1.1,10,converting stereo signal to mono signal is called,1.0,1.0,1.0,7934,33,5147,16495,1.6957,0.001218,10
5,A,Scrambling,0.9,1.1,10,in order to prove disparate impact you first must establish,1.0,1.0,1.0,8760,33,5144,17178,1.8344,6e-05,9
5,A,Scrambling,0.9,1.1,10,where do characters live in this is us,1.0,1.0,1.0,8425,34,5172,17058,2.0253,0.000148,10
5,A,Scrambling,0.9,1.1,10,who makes the decisions about what to produce in a market economy,1.0,1.0,1.0,8674,34,5145,17189,1.6434,9.2e-05,9
5,A,Scrambling,0.9,1.1,10,when is the new tappan zee bridge going to be finished,1.0,1.0,1.0,7894,34,5145,16412,1.6957,0.000355,10
5,A,Scrambling,0.9,1.1,10,who recorded i can't help falling in love with you,1.0,1.0,1.0,9050,34,5160,17681,2.0253,0.000217,10
5,A,Scrambling,0.9,1.1,10,who plays the doc in back to the future,1.0,1.0,1.0,8652,33,5139,17205,2.0253,0.000551,10
5,A,Scrambling,0.9,1.1,10,when did they stop cigarette advertising on television,1.0,1.0,1.0,9307,33,5143,17884,2.0253,0.000669,10
5,A,Scrambling,0.9,1.1,10,who has been chosen as the brand ambassador of the campaign 'beti bachao-beti padhao,1.0,1.0,1.0,10163,35,5144,18793,1.6957,0.000573,10
5,A,Scrambling,0.9,1.1,10,how many seasons of prison break are on netflix,1.0,1.0,1.0,8186,36,5143,16796,1.973,9.4e-05,10
5,A,Scrambling,0.9,1.1,10,what was the name of atom bomb dropped by usa on hiroshima,1.0,1.0,1.0,8867,33,5145,17438,1.8867,0.00011,9
5,A,Scrambling,0.9,1.1,10,when did the us take over wake island,1.0,1.0,1.0,8023,33,5145,16616,1.973,0.000696,10
5,A,Scrambling,0.9,1.1,10,when did american two party system began to emerge,1.0,1.0,1.0,7940,34,5141,16152,1.6094,0.00019,10
5,A,Scrambling,0.9,1.1,10,where are the mitochondria located in the sperm,1.0,1.0,1.0,8301,34,5145,17024,2.164,0.00018,10
5,A,Scrambling,0.9,1.1,10,how many lines of symmetry are there in a equilateral triangle,1.0,1.0,1.0,8118,33,5143,16597,2.164,0.000394,10
5,A,Scrambling,0.9,1.1,10,how many seasons of the oc are there,1.0,1.0,1.0,8345,33,5146,16936,1.8867,0.000938,10
5,A,Scrambling,0.9,1.1,10,latest season on keeping up with the kardashians,1.0,1.0,1.0,8180,36,5140,16784,1.3592,0.000327,10
5,A,Scrambling,0.9,1.1,10,how dose the poet present death as a voyage in crossing the bar,1.0,1.0,1.0,10037,34,5157,18861,1.8344,0.000307,10
5,A,Scrambling,0.9,1.1,10,who were farmers who kept a small portion of their crops & gave the rest to the landowners,1.0,1.0,1.0,9192,34,5141,16830,1.8867,0.000119,10
5,A,Scrambling,0.9,1.1,10,what is pumped up kicks the song about,1.0,1.0,1.0,9273,35,5141,17898,1.8344,0.000141,10
5,A,Scrambling,0.9,1.1,10,2. what are the reasons states impose protectionists policies on other countries,1.0,1.0,1.0,8698,34,8348,20727,2.0253,0.000159,10
5,A,Scrambling,0.9,1.1,10,where are they building the new raiders stadium,1.0,1.0,1.0,8771,34,5082,17279,2.164,0.000102,10
5,A,Scrambling,0.9,1.1,10,what event provoked congress to propose the eleventh amendment and the states to ratify it,1.0,1.0,1.0,8464,34,5130,17185,1.973,0.000125,10
5,A,Scrambling,0.9,1.1,10,does joe die in the purge election year,1.0,1.0,1.0,7876,35,5139,16418,1.8344,0.000228,10
5,A,Noise,0.9,1.1,10,what is non controlling interest on balance sheet,1.0,0.9999,0.9111,20343,198,9848,34693,1.8867,4e-05,10
5,A,Noise,0.9,1.1,10,how many episodes are in chicago fire season 4,1.0,0.9997,0.8667,10205,65,5173,18927,1.6957,7.9e-05,10
5,A,Noise,0.9,1.1,10,who sings love will keep us alive by the eagles,1.0,1.0,1.0,9699,64,5166,18591,2.164,2.7e-05,10
5,A,Noise,0.9,1.1,10,who is the leader of the ontario pc party,0.9,0.9442,1.0,9597,62,5342,19068,1.7481,0.000272,10
5,A,Noise,0.9,1.1,10,nitty gritty dirt band fishin in the dark album,1.0,1.0,0.9556,8873,61,5158,17601,1.8344,7.8e-05,10
5,A,Noise,0.9,1.1,10,who were the three elves who got rings,1.0,0.9999,0.9111,8280,61,5155,16917,1.8867,2.8e-05,10
5,A,Noise,0.9,1.1,10,converting stereo signal to mono signal is called,1.0,1.0,0.9556,8207,61,5142,16731,1.6957,0.00121,9
5,A,Noise,0.9,1.1,10,in order to prove disparate impact you first must establish,1.0,1.0,0.9556,7165,60,5145,15937,1.6957,6.2e-05,10
5,A,Noise,0.9,1.1,10,where do characters live in this is us,1.0,1.0,0.9556,7195,58,5152,16029,2.0253,0.000153,10
5,A,Noise,0.9,1.1,10,who makes the decisions about what to produce in a market economy,1.0,1.0,0.9556,7809,62,5149,16187,1.8344,9.1e-05,10
5,A,Noise,0.9,1.1,10,when is the new tappan zee bridge going to be finished,1.0,1.0,1.0,7772,60,5155,16647,1.6094,0.000365,10
5,A,Noise,0.9,1.1,10,who recorded i can't help falling in love with you,1.0,1.0,0.9556,7923,61,5154,16590,1.8867,0.000209,10
5,A,Noise,0.9,1.1,10,who plays the doc in back to the future,1.0,1.0,1.0,7415,61,5144,16240,2.0253,0.000556,10
5,A,Noise,0.9,1.1,10,when did they stop cigarette advertising on television,1.0,1.0,1.0,8396,61,5140,16885,2.0253,0.000679,10
5,A,Noise,0.9,1.1,10,who has been chosen as the brand ambassador of the campaign 'beti bachao-beti padhao,1.0,1.0,1.0,8448,60,5178,17131,1.8867,0.00058,10
5,A,Noise,0.9,1.1,10,how many seasons of prison break are on netflix,0.9,0.9443,1.0,7393,60,5143,15722,2.164,8.8e-05,10
5,A,Noise,0.9,1.1,10,what was the name of atom bomb dropped by usa on hiroshima,1.0,1.0,0.9556,7603,59,5150,16286,1.8867,0.00011,10
5,A,Noise,0.9,1.1,10,when did the us take over wake island,0.9,0.9497,1.0,8089,63,5161,16362,1.973,0.00069,10
5,A,Noise,0.9,1.1,10,when did american two party system began to emerge,0.9,0.9481,0.9444,8111,62,5149,16770,1.7481,0.000187,9
5,A,Noise,0.9,1.1,10,where are the mitochondria located in the sperm,1.0,1.0,1.0,7636,57,5148,16353,2.164,0.000184,10
5,A,Noise,0.9,1.1,10,how many lines of symmetry are there in a equilateral triangle,1.0,1.0,1.0,7588,60,5153,15803,2.164,0.000383,10
5,A,Noise,0.9,1.1,10,how many seasons of the oc are there,1.0,1.0,1.0,9092,61,5144,17976,1.8867,0.000937,10
5,A,Noise,0.9,1.1,10,latest season on keeping up with the kardashians,1.0,1.0,0.9556,8374,61,5158,16258,1.3592,0.000323,9
5,A,Noise,0.9,1.1,10,how dose the poet present death as a voyage in crossing the bar,1.0,0.9999,0.9556,8138,58,5141,15685,2.0253,0.000302,10
5,A,Noise,0.9,1.1,10,who were farmers who kept a small portion of their crops & gave the rest to the landowners,0.9,0.9487,0.9444,8712,72,5153,16309,1.8344,0.000113,10
5,A,Noise,0.9,1.1,10,what is pumped up kicks the song about,0.9,0.9459,1.0,8382,60,5147,17295,1.8344,0.000136,9
5,A,Noise,0.9,1.1,10,2. what are the reasons states impose protectionists policies on other countries,1.0,1.0,0.9556,7933,58,5156,15373,2.0253,0.000151,9
5,A,Noise,0.9,1.1,10,where are they building the new raiders stadium,1.0,1.0,1.0,8505,61,5144,16419,2.3026,9.7e-05,10
5,A,Noise,0.9,1.1,10,what event provoked congress to propose the eleventh amendment and the states to ratify it,1.0,1.0,1.0,8379,61,5134,16522,1.973,0.000126,10
5,A,Noise,0.9,1.1,10,does joe die in the purge election year,1.0,1.0,1.0,8689,62,5147,17680,2.0253,0.000227,10
5,A,Combined,0.9,1.1,10,what is non controlling interest on balance sheet,0.9,0.9409,0.7778,20657,197,11384,35606,2.0253,4.3e-05,9
5,A,Combined,0.9,1.1,10,how many episodes are in chicago fire season 4,1.0,1.0,0.9556,13221,92,7319,23195,1.8867,7.3e-05,10
5,A,Combined,0.9,1.1,10,who sings love will keep us alive by the eagles,1.0,1.0,0.9556,10269,77,6040,18715,2.164,2.5e-05,9
5,A,Combined,0.9,1.1,10,who is the leader of the ontario pc party,1.0,1.0,0.9556,8772,66,5159,16847,1.973,0.000273,10
5,A,Combined,0.9,1.1,10,nitty gritty dirt band fishin in the dark album,1.0,1.0,0.9556,8367,65,5145,16149,1.8344,7.8e-05,10
5,A,Combined,0.9,1.1,10,who were the three elves who got rings,0.9,0.9414,1.0,9185,62,5144,16573,1.8344,3e-05,10
5,A,Combined,0.9,1.1,10,converting stereo signal to mono signal is called,1.0,1.0,0.9556,9542,61,5184,17382,1.8344,0.001182,10
5,A,Combined,0.9,1.1,10,in order to prove disparate impact you first must establish,1.0,1.0,0.9111,9497,63,5091,18971,1.6957,5.7e-05,9
5,A,Combined,0.9,1.1,10,where do characters live in this is us,1.0,1.0,1.0,14653,62,5245,22719,2.0253,0.000147,10
5,A,Combined,0.9,1.1,10,who makes the decisions about what to produce in a market economy,1.0,1.0,0.9556,8574,61,5153,17506,1.8344,9.1e-05,10
5,A,Combined,0.9,1.1,10,when is the new tappan zee bridge going to be finished,1.0,1.0,0.9556,8305,62,5148,16960,1.6957,0.000347,10
5,A,Combined,0.9,1.1,10,who recorded i can't help falling in love with you,0.9,0.9457,0.9444,9049,61,5153,17839,1.8867,0.00022,10
5,A,Combined,0.9,1.1,10,who plays the doc in back to the future,1.0,1.0,1.0,8201,65,5142,16947,2.0253,0.000531,10
5,A,Combined,0.9,1.1,10,when did they stop cigarette advertising on television,1.0,1.0,1.0,8279,60,5154,16950,2.164,0.000646,10
5,A,Combined,0.9,1.1,10,who has been chosen as the brand ambassador of the campaign 'beti bachao-beti padhao,1.0,1.0,1.0,9246,67,5320,17380,1.5048,0.00056,10
5,A,Combined,0.9,1.1,10,how many seasons of prison break are on netflix,0.9,0.9443,1.0,8267,62,5151,17146,2.0253,9.7e-05,9
5,A,Combined,0.9,1.1,10,what was the name of atom bomb dropped by usa on hiroshima,1.0,1.0,0.9111,8858,61,5146,17761,1.8867,0.000109,10
5,A,Combined,0.9,1.1,10,when did the us take over wake island,1.0,1.0,1.0,8052,60,5157,16258,1.973,0.000694,10
5,A,Combined,0.9,1.1,10,when did american two party system began to emerge,0.9,0.9434,1.0,7946,60,5152,16625,1.7481,0.000201,9
5,A,Combined,0.9,1.1,10,where are the mitochondria located in the sperm,1.0,1.0,1.0,8548,63,5183,17601,2.0253,0.000178,10
5,A,Combined,0.9,1.1,10,how many lines of symmetry are there in a equilateral triangle,1.0,1.0,1.0,7772,59,5145,16492,2.164,0.000395,10
5,A,Combined,0.9,1.1,10,how many seasons of the oc are there,1.0,1.0,1.0,7485,60,5162,16298,1.8867,0.000907,10
5,A,Combined,0.9,1.1,10,latest season on keeping up with the kardashians,0.9,0.9571,1.0,7781,60,5148,16888,1.3592,0.000331,10
5,A,Combined,0.9,1.1,10,how dose the poet present death as a voyage in crossing the bar,1.0,1.0,0.9556,8552,61,5188,16952,1.973,0.000314,9
5,A,Combined,0.9,1.1,10,who were farmers who kept a small portion of their crops & gave the rest to the landowners,1.0,1.0,1.0,8084,60,5145,16641,1.6957,0.000124,10
5,A,Combined,0.9,1.1,10,what is pumped up kicks the song about,0.9,0.9458,0.9444,7208,59,5161,15540,1.8867,0.000141,10
5,A,Combined,0.9,1.1,10,2. what are the reasons states impose protectionists policies on other countries,1.0,1.0,1.0,7567,60,5147,16143,2.3026,0.000165,10
5,A,Combined,0.9,1.1,10,where are they building the new raiders stadium,1.0,1.0,1.0,8295,59,5146,16921,2.164,0.000103,10
5,A,Combined,0.9,1.1,10,what event provoked congress to propose the eleventh amendment and the states to ratify it,1.0,1.0,0.9556,8049,58,5145,16715,1.8344,0.000122,10
5,A,Combined,0.9,1.1,10,does joe die in the purge election year,1.0,1.0,0.9556,7508,58,5149,16142,1.8344,0.000228,10
5,A,Rome,1.0,1.0,10,what is non controlling interest on balance sheet,1.0,1.0,1.0,21305,14885,12548,53735,1.8867,4e-05,10
5,A,Rome,1.0,1.0,10,how many episodes are in chicago fire season 4,1.0,1.0,1.0,12219,7974,7868,31852,1.6957,7.6e-05,10
5,A,Rome,1.0,1.0,10,who sings love will keep us alive by the eagles,1.0,1.0,1.0,9204,5760,6750,25097,2.164,2.7e-05,10
5,A,Rome,1.0,1.0,10,who is the leader of the ontario pc party,1.0,1.0,1.0,8755,5766,6763,24971,1.7481,0.000275,10
5,A,Rome,1.0,1.0,10,nitty gritty dirt band fishin in the dark album,1.0,1.0,1.0,8789,5766,6741,24917,1.7481,7.7e-05,10
5,A,Rome,1.0,1.0,10,who were the three elves who got rings,1.0,1.0,1.0,8501,5749,6866,25944,2.0253,2.8e-05,10
5,A,Rome,1.0,1.0,10,converting stereo signal to mono signal is called,1.0,1.0,1.0,8666,5760,6740,24608,1.6957,0.001218,10
5,A,Rome,1.0,1.0,10,in order to prove disparate impact you first must establish,1.0,1.0,1.0,9872,5774,6744,25711,1.8344,6e-05,9
5,A,Rome,1.0,1.0,10,where do characters live in this is us,1.0,1.0,1.0,8256,5748,6769,24069,2.0253,0.000148,10
5,A,Rome,1.0,1.0,10,who makes the decisions about what to produce in a market economy,1.0,1.0,1.0,8334,5808,6760,24089,1.6434,9.2e-05,9
5,A,Rome,1.0,1.0,10,when is the new tappan zee bridge going to be finished,1.0,1.0,1.0,8644,5752,6747,24528,1.6957,0.000355,10
5,A,Rome,1.0,1.0,10,who recorded i can't help falling in love with you,1.0,1.0,1.0,9093,5757,6767,25133,2.0253,0.000217,10
5,A,Rome,1.0,1.0,10,who plays the doc in back to the future,1.0,1.0,1.0,8328,5765,6741,24383,2.0253,0.000551,10
5,A,Rome,1.0,1.0,10,when did they stop cigarette advertising on television,1.0,1.0,1.0,7919,5772,6743,24032,2.0253,0.000669,10
5,A,Rome,1.0,1.0,10,who has been chosen as the brand ambassador of the campaign 'beti bachao-beti padhao,1.0,1.0,1.0,9662,5735,6759,25628,1.6957,0.000573,10
5,A,Rome,1.0,1.0,10,how many seasons of prison break are on netflix,1.0,1.0,1.0,7651,5751,6751,23785,1.973,9.4e-05,10
5,A,Rome,1.0,1.0,10,what was the name of atom bomb dropped by usa on hiroshima,1.0,1.0,1.0,10915,5916,6754,27186,1.8867,0.00011,9
5,A,Rome,1.0,1.0,10,when did the us take over wake island,1.0,1.0,1.0,8836,5759,6782,24134,1.973,0.000696,10
5,A,Rome,1.0,1.0,10,when did american two party system began to emerge,1.0,1.0,1.0,8077,5776,6743,23937,1.6094,0.00019,10
5,A,Rome,1.0,1.0,10,where are the mitochondria located in the sperm,1.0,1.0,1.0,8192,5753,6757,24416,2.164,0.00018,10
5,A,Rome,1.0,1.0,10,how many lines of symmetry are there in a equilateral triangle,1.0,1.0,1.0,8480,5758,6752,24467,2.164,0.000394,10
5,A,Rome,1.0,1.0,10,how many seasons of the oc are there,1.0,1.0,1.0,8230,5752,6739,24423,1.8867,0.000938,10
5,A,Rome,1.0,1.0,10,latest season on keeping up with the kardashians,1.0,1.0,1.0,8909,5880,6787,25410,1.3592,0.000327,10
5,A,Rome,1.0,1.0,10,how dose the poet present death as a voyage in crossing the bar,1.0,1.0,1.0,10068,5878,6753,25297,1.8344,0.000307,10
5,A,Rome,1.0,1.0,10,who were farmers who kept a small portion of their crops & gave the rest to the landowners,1.0,1.0,1.0,8830,5920,6748,23874,1.8867,0.000119,10
5,A,Rome,1.0,1.0,10,what is pumped up kicks the song about,1.0,1.0,1.0,8541,5787,6761,23840,1.8344,0.000141,10
5,A,Rome,1.0,1.0,10,2. what are the reasons states impose protectionists policies on other countries,1.0,1.0,1.0,8316,5797,6745,23158,2.0253,0.000159,10
5,A,Rome,1.0,1.0,10,where are they building the new raiders stadium,1.0,1.0,1.0,9148,5782,6758,24224,2.164,0.000102,10
5,A,Rome,1.0,1.0,10,what event provoked congress to propose the eleventh amendment and the states to ratify it,1.0,1.0,1.0,8572,5776,6747,24593,1.973,0.000125,10
5,A,Rome,1.0,1.0,10,does joe die in the purge election year,1.0,1.0,1.0,7832,5764,6753,23851,1.8344,0.000228,10
5,A,RomeCombined,0.9,1.1,10,what is non controlling interest on balance sheet,1.0,0.9999,0.9111,22515,14545,12676,54904,1.973,4e-05,10
5,A,RomeCombined,0.9,1.1,10,how many episodes are in chicago fire season 4,1.0,1.0,1.0,11982,7923,7970,31555,1.8867,7.6e-05,9
5,A,RomeCombined,0.9,1.1,10,who sings love will keep us alive by the eagles,1.0,1.0,1.0,10001,5939,6750,25130,2.164,2.7e-05,10
5,A,RomeCombined,0.9,1.1,10,who is the leader of the ontario pc party,1.0,1.0,1.0,8226,5985,6755,23431,1.973,0.000283,10
5,A,RomeCombined,0.9,1.1,10,nitty gritty dirt band fishin in the dark album,1.0,1.0,0.9556,9692,5859,6755,24484,1.6957,7.5e-05,10
5,A,RomeCombined,0.9,1.1,10,who were the three elves who got rings,1.0,1.0,0.9556,8743,5816,6751,24437,1.8867,2.7e-05,10
5,A,RomeCombined,0.9,1.1,10,converting stereo signal to mono signal is called,1.0,1.0,1.0,8403,5828,6751,23267,1.6957,0.001202,9
5,A,RomeCombined,0.9,1.1,10,in order to prove disparate impact you first must establish,1.0,1.0,0.9556,8833,5814,6744,24967,1.6957,6.2e-05,10
5,A,RomeCombined,0.9,1.1,10,where do characters live in this is us,1.0,1.0,1.0,7668,5792,6742,23642,2.0253,0.000149,10
5,A,RomeCombined,0.9,1.1,10,who makes the decisions about what to produce in a market economy,1.0,1.0,0.9556,7734,5797,6749,23241,1.8344,9.1e-05,10
5,A,RomeCombined,0.9,1.1,10,when is the new tappan zee bridge going to be finished,1.0,1.0,0.9111,10231,6025,6777,26595,1.6094,0.000351,10
5,A,RomeCombined,0.9,1.1,10,who recorded i can't help falling in love with you,1.0,1.0,0.9556,10271,6034,6825,27665,2.0253,0.000211,10
5,A,RomeCombined,0.9,1.1,10,who plays the doc in back to the future,1.0,1.0,1.0,9887,6022,6771,25935,2.0253,0.000549,10
5,A,RomeCombined,0.9,1.1,10,when did they stop cigarette advertising on television,1.0,1.0,1.0,14201,5815,6770,30584,2.0253,0.000637,10
5,A,RomeCombined,0.9,1.1,10,who has been chosen as the brand ambassador of the campaign 'beti bachao-beti padhao,1.0,1.0,1.0,8840,5775,6743,24931,1.6957,0.000568,10
5,A,RomeCombined,0.9,1.1,10,how many seasons of prison break are on netflix,1.0,1.0,0.9556,8107,5791,6740,23948,2.0253,9.4e-05,10
5,A,RomeCombined,0.9,1.1,10,what was the name of atom bomb dropped by usa on hiroshima,0.9,0.9456,1.0,8477,5817,6747,24571,1.8867,0.000113,10
5,A,RomeCombined,0.9,1.1,10,when did the us take over wake island,1.0,1.0,0.9556,8720,5790,6758,24771,1.973,0.000679,10
5,A,RomeCombined,0.9,1.1,10,when did american two party system began to emerge,0.9,0.9481,1.0,7823,5806,6743,23833,1.6094,0.000186,10
5,A,RomeCombined,0.9,1.1,10,where are the mitochondria located in the sperm,1.0,1.0,1.0,8243,5816,6744,24369,2.164,0.000177,10
5,A,RomeCombined,0.9,1.1,10,how many lines of symmetry are there in a equilateral triangle,1.0,1.0,1.0,8373,5779,6743,25251,2.164,0.000388,10
5,A,RomeCombined,0.9,1.1,10,how many seasons of the oc are there,1.0,1.0,0.9556,7672,5805,6736,23438,1.8867,0.000956,10
5,A,RomeCombined,0.9,1.1,10,latest season on keeping up with the kardashians,0.9,0.9571,1.0,8122,5788,6741,24143,1.3592,0.000326,9
5,A,RomeCombined,0.9,1.1,10,how dose the poet present death as a voyage in crossing the bar,1.0,1.0,1.0,8296,5800,6758,24379,1.8344,0.000309,10
5,A,RomeCombined,0.9,1.1,10,who were farmers who kept a small portion of their crops & gave the rest to the landowners,1.0,1.0,1.0,7861,5796,6741,24110,1.8344,0.000119,10
5,A,RomeCombined,0.9,1.1,10,what is pumped up kicks the song about,1.0,1.0,0.9556,9424,5782,6744,25605,2.0253,0.000135,10
5,A,RomeCombined,0.9,1.1,10,2. what are the reasons states impose protectionists policies on other countries,1.0,1.0,0.9556,7949,5798,6745,23922,2.164,0.000151,10
5,A,RomeCombined,0.9,1.1,10,where are they building the new raiders stadium,1.0,1.0,1.0,8572,5782,6754,24764,2.164,0.0001,10
5,A,RomeCombined,0.9,1.1,10,what event provoked congress to propose the eleventh amendment and the states to ratify it,0.9,0.9464,1.0,7525,5786,6739,23427,1.973,0.000119,10
5,A,RomeCombined,0.9,1.1,10,does joe die in the purge election year,1.0,1.0,0.9556,8046,5785,6755,23987,2.0253,0.000219,10
5,A,Ckks,1.0,1.0,10,what is non controlling interest on balance sheet,1.0,1.0,1.0,21549,89728,36566941,36683252,1.8867,4e-05,10
5,A,Ckks,1.0,1.0,10,how many episodes are in chicago fire season 4,1.0,1.0,1.0,11057,68038,36681931,36765263,1.6957,7.6e-05,10
5,A,Ckks,1.0,1.0,10,who sings love will keep us alive by the eagles,1.0,1.0,1.0,11277,68749,36643271,36727565,2.164,2.7e-05,10
5,A,Ckks,1.0,1.0,10,who is the leader of the ontario pc party,1.0,1.0,1.0,9932,66541,36712758,36793598,1.7481,0.000275,10
5,A,Ckks,1.0,1.0,10,nitty gritty dirt band fishin in the dark album,1.0,1.0,1.0,10080,67357,36734279,36815545,1.7481,7.7e-05,10
5,A,Ckks,1.0,1.0,10,who were the three elves who got rings,1.0,1.0,1.0,10199,68855,36653993,36738390,2.0253,2.8e-05,10
5,A,Ckks,1.0,1.0,10,converting stereo signal to mono signal is called,1.0,1.0,1.0,10169,70827,36652598,36738665,1.6957,0.001218,10
5,A,Ckks,1.0,1.0,10,in order to prove disparate impact you first must establish,1.0,1.0,1.0,9802,67673,36600645,36682330,1.8344,6e-05,9
5,A,Ckks,1.0,1.0,10,where do characters live in this is us,1.0,1.0,1.0,10024,68450,36676723,36759433,2.0253,0.000148,10
5,A,Ckks,1.0,1.0,10,who makes the decisions about what to produce in a market economy,1.0,1.0,1.0,10400,67424,36600231,36681503,1.6434,9.2e-05,9
5,A,Ckks,1.0,1.0,10,when is the new tappan zee bridge going to be finished,1.0,1.0,1.0,10625,69545,36714711,36799312,1.6957,0.000355,10
5,A,Ckks,1.0,1.0,10,who recorded i can't help falling in love with you,1.0,1.0,1.0,10673,68405,36659037,36742365,2.0253,0.000217,10
5,A,Ckks,1.0,1.0,10,who plays the doc in back to the future,1.0,1.0,1.0,8567,67653,36621727,36702149,2.0253,0.000551,10
5,A,Ckks,1.0,1.0,10,when did they stop cigarette advertising on television,1.0,1.0,1.0,9308,66681,36632984,36713542,2.0253,0.000669,10
5,A,Ckks,1.0,1.0,10,who has been chosen as the brand ambassador of the campaign 'beti bachao-beti padhao,1.0,1.0,1.0,11170,68319,36654548,36738158,1.6957,0.000573,10
5,A,Ckks,1.0,1.0,10,how many seasons of prison break are on netflix,1.0,1.0,1.0,11180,69802,36631526,36716797,1.973,9.4e-05,10
5,A,Ckks,1.0,1.0,10,what was the name of atom bomb dropped by usa on hiroshima,1.0,1.0,1.0,11184,67165,36616170,36698760,1.8867,0.00011,9
5,A,Ckks,1.0,1.0,10,when did the us take over wake island,1.0,1.0,1.0,10412,67210,36725346,36805924,1.973,0.000696,10
5,A,Ckks,1.0,1.0,10,when did american two party system began to emerge,1.0,1.0,1.0,9785,68204,36672811,36754399,1.6094,0.00019,10
5,A,Ckks,1.0,1.0,10,where are the mitochondria located in the sperm,1.0,1.0,1.0,10791,68923,36664100,36747951,2.164,0.00018,10
5,A,Ckks,1.0,1.0,10,how many lines of symmetry are there in a equilateral triangle,1.0,1.0,1.0,9243,67974,36633150,36714493,2.164,0.000394,10
5,A,Ckks,1.0,1.0,10,how many seasons of the oc are there,1.0,1.0,1.0,10583,66436,36568367,36649604,1.8867,0.000938,10
5,A,Ckks,1.0,1.0,10,latest season on keeping up with the kardashians,1.0,1.0,1.0,9853,67222,36626408,36707564,1.3592,0.000327,10
5,A,Ckks,1.0,1.0,10,how dose the poet present death as a voyage in crossing the bar,1.0,1.0,1.0,10992,68778,36617600,36702122,1.8344,0.000307,10
5,A,Ckks,1.0,1.0,10,who were farmers who kept a small portion of their crops & gave the rest to the landowners,1.0,1.0,1.0,10330,68346,36655092,36738454,1.8867,0.000119,10
5,A,Ckks,1.0,1.0,10,what is pumped up kicks the song about,1.0,1.0,1.0,9848,67034,36636033,36715489,1.8344,0.000141,10
5,A,Ckks,1.0,1.0,10,2. what are the reasons states impose protectionists policies on other countries,1.0,1.0,1.0,12133,69667,36662031,36748081,2.0253,0.000159,10
5,A,Ckks,1.0,1.0,10,where are they building the new raiders stadium,1.0,1.0,1.0,9998,68585,36668221,36751001,2.164,0.000102,10
5,A,Ckks,1.0,1.0,10,what event provoked congress to propose the eleventh amendment and the states to ratify it,1.0,1.0,1.0,10045,68157,36616304,36698556,1.973,0.000125,10
5,A,Ckks,1.0,1.0,10,does joe die in the purge election year,1.0,1.0,1.0,9803,68298,36668212,36750990,1.8344,0.000228,10
5,A,CkksCombined,0.9,1.1,10,what is non controlling interest on balance sheet,1.0,0.9999,0.9111,20371,91806,36650758,36767848,1.7481,3.9e-05,9
5,A,CkksCombined,0.9,1.1,10,how many episodes are in chicago fire season 4,1.0,1.0,1.0,9856,69262,36583889,36667574,1.4708,7.2e-05,10
5,A,CkksCombined,0.9,1.1,10,who sings love will keep us alive by the eagles,0.9,0.9452,1.0,10175,68112,36685293,36767413,2.164,2.7e-05,10
5,A,CkksCombined,0.9,1.1,10,who is the leader of the ontario pc party,0.9,0.9442,1.0,8794,67779,36672914,36754026,1.7481,0.000292,10
5,A,CkksCombined,0.9,1.1,10,nitty gritty dirt band fishin in the dark album,1.0,1.0,0.9111,10410,68614,36767812,36851439,1.973,7.3e-05,10
5,A,CkksCombined,0.9,1.1,10,who were the three elves who got rings,1.0,1.0,1.0,8368,66576,36617082,36696453,2.164,2.8e-05,10
5,A,CkksCombined,0.9,1.1,10,converting stereo signal to mono signal is called,1.0,1.0,0.9556,9048,68270,36640218,36721612,1.6957,0.001195,10
5,A,CkksCombined,0.9,1.1,10,in order to prove disparate impact you first must establish,1.0,1.0,0.8667,10071,72023,36642038,36728354,1.8344,6.4e-05,10
5,A,CkksCombined,0.9,1.1,10,where do characters live in this is us,1.0,1.0,1.0,9858,68761,36621424,36704486,2.0253,0.00015,10
5,A,CkksCombined,0.9,1.1,10,who makes the decisions about what to produce in a market economy,1.0,0.9999,0.8667,9316,70473,36637278,36721337,1.6957,8.9e-05,9
5,A,CkksCombined,0.9,1.1,10,when is the new tappan zee bridge going to be finished,1.0,0.9999,0.9111,11021,67994,36615565,36699013,1.6094,0.000363,9
5,A,CkksCombined,0.9,1.1,10,who recorded i can't help falling in love with you,1.0,1.0,1.0,10609,71853,36823351,36911694,1.8867,0.000219,10
5,A,CkksCombined,0.9,1.1,10,who plays the doc in back to the future,1.0,1.0,1.0,11624,68242,36817767,36901143,2.0253,0.000567,10
5,A,CkksCombined,0.9,1.1,10,when did they stop cigarette advertising on television,1.0,1.0,1.0,10993,64486,36502761,36582150,2.0253,0.000664,10
5,A,CkksCombined,0.9,1.1,10,who has been chosen as the brand ambassador of the campaign 'beti bachao-beti padhao,1.0,1.0,0.9556,11077,67655,36560726,36643055,1.6957,0.000552,10
5,A,CkksCombined,0.9,1.1,10,how many seasons of prison break are on netflix,1.0,0.9999,0.9556,10272,66645,36593472,36674824,2.164,9.1e-05,10
5,A,CkksCombined,0.9,1.1,10,what was the name of atom bomb dropped by usa on hiroshima,1.0,1.0,0.9556,11661,67944,36601457,36685834,2.0253,0.000106,10
5,A,CkksCombined,0.9,1.1,10,when did the us take over wake island,1.0,1.0,1.0,10511,68641,36615570,36700168,1.973,0.000685,10
5,A,CkksCombined,0.9,1.1,10,when did american two party system began to emerge,1.0,1.0,0.9556,9941,66968,36681600,36761085,1.6094,0.000192,10
5,A,CkksCombined,0.9,1.1,10,where are the mitochondria located in the sperm,1.0,1.0,1.0,10655,68522,36648977,36732934,2.0253,0.000182,10
5,A,CkksCombined,0.9,1.1,10,how many lines of symmetry are there in a equilateral triangle,1.0,1.0,1.0,9947,68664,36606412,36689310,2.164,0.000392,10
5,A,CkksCombined,0.9,1.1,10,how many seasons of the oc are there,1.0,1.0,1.0,9759,66829,36640435,36720847,1.8867,0.000922,10
5,A,CkksCombined,0.9,1.1,10,latest season on keeping up with the kardashians,0.9,0.9572,1.0,9437,66822,36587687,36668818,1.3592,0.000323,10
5,A,CkksCombined,0.9,1.1,10,how dose the poet present death as a voyage in crossing the bar,1.0,1.0,1.0,10031,67805,36636578,36718985,2.0253,0.000295,10
5,A,CkksCombined,0.9,1.1,10,who were farmers who kept a small portion of their crops & gave the rest to the landowners,1.0,1.0,0.9556,10343,67854,36641253,36723065,1.8344,0.000116,10
5,A,CkksCombined,0.9,1.1,10,what is pumped up kicks the song about,0.9,0.9459,1.0,9075,67482,36683363,36763759,2.0253,0.000146,10
5,A,CkksCombined,0.9,1.1,10,2. what are the reasons states impose protectionists policies on other countries,1.0,1.0,0.9556,10690,68310,36666084,36747852,2.164,0.000161,10
5,A,CkksCombined,0.9,1.1,10,where are they building the new raiders stadium,1.0,1.0,1.0,9478,68709,36639013,36721778,2.164,0.000102,10
5,A,CkksCombined,0.9,1.1,10,what event provoked congress to propose the eleventh amendment and the states to ratify it,1.0,1.0,1.0,10248,68487,36641997,36724471,2.0253,0.000122,10
5,A,CkksCombined,0.9,1.1,10,does joe die in the purge election year,1.0,1.0,0.9556,10084,66678,36584734,36665365,1.973,0.000234,10
6,A,Scrambling,0.9,1.1,10,what is non controlling interest on balance sheet,1.0,1.0,1.0,21760,106,12125,39898,1.8867,4e-05,10
6,A,Scrambling,0.9,1.1,10,how many episodes are in chicago fire season 4,1.0,1.0,1.0,14252,56,7866,26058,1.6957,7.6e-05,10
6,A,Scrambling,0.9,1.1,10,who sings love will keep us alive by the eagles,1.0,1.0,1.0,10142,41,5847,19652,2.164,2.7e-05,10
6,A,Scrambling,0.9,1.1,10,who is the leader of the ontario pc party,1.0,1.0,1.0,8266,36,5150,17715,1.7481,0.000275,10
6,A,Scrambling,0.9,1.1,10,nitty gritty dirt band fishin in the dark album,1.0,1.0,1.0,8794,33,5150,17351,1.7481,7.7e-05,10
6,A,Scrambling,0.9,1.1,10,who were the three elves who got rings,1.0,1.0,1.0,8953,33,5147,17624,2.0253,2.8e-05,10
6,A,Scrambling,0.9,1.1,10,converting stereo signal to mono signal is called,1.0,1.0,1.0,7649,35,5146,16359,1.6957,0.001218,10
6,A,Scrambling,0.9,1.1,10,in order to prove disparate impact you first must establish,1.0,1.0,1.0,8060,33,5150,17088,1.8344,6e-05,9
6,A,Scrambling,0.9,1.1,10,where do characters live in this is us,1.0,1.0,1.0,7291,33,5165,16162,2.0253,0.000148,10
6,A,Scrambling,0.9,1.1,10,who makes the decisions about what to produce in a market economy,1.0,1.0,1.0,8504,35,5145,17285,1.6434,9.2e-05,9
6,A,Scrambling,0.9,1.1,10,when is the new tappan zee bridge going to be finished,1.0,1.0,1.0,9176,34,5142,18202,1.6957,0.000355,10
6,A,Scrambling,0.9,1.1,10,who recorded i can't help falling in love with you,1.0,1.0,1.0,7315,33,5146,16037,2.0253,0.000217,10
6,A,Scrambling,0.9,1.1,10,who plays the doc in back to the future,1.0,1.0,1.0,8226,33,5145,17226,2.0253,0.000551,10
6,A,Scrambling,0.9,1.1,10,when did they stop cigarette advertising on television,1.0,1.0,1.0,8040,34,5150,16845,2.0253,0.000669,10
6,A,Scrambling,0.9,1.1,10,who has been chosen as the brand ambassador of the campaign 'beti bachao-beti padhao,1.0,1.0,1.0,9030,33,5139,17029,1.6957,0.000573,10
6,A,Scrambling,0.9,1.1,10,how many seasons of prison break are on netflix,1.0,1.0,1.0,7683,33,5162,15956,1.973,9.4e-05,10
6,A,Scrambling,0.9,1.1,10,what was the name of atom bomb dropped by usa on hiroshima,1.0,1.0,1.0,8298,34,5142,16625,1.8867,0.00011,9
6,A,Scrambling,0.9,1.1,10,when did the us take over wake island,1.0,1.0,1.0,7628,35,5154,16014,1.973,0.000696,10
6,A,Scrambling,0.9,1.1,10,when did american two party system began to emerge,1.0,1.0,1.0,8867,33,5142,18152,1.6094,0.00019,10
6,A,Scrambling,0.9,1.1,10,where are the mitochondria located in the sperm,1.0,1.0,1.0,8394,34,5148,16644,2.164,0.00018,10
6,A,Scrambling,0.9,1.1,10,how many lines of symmetry are there in a equilateral triangle,1.0,1.0,1.0,8663,33,5149,16873,2.164,0.000394,10
6,A,Scrambling,0.9,1.1,10,how many seasons of the oc are there,1.0,1.0,1.0,8596,34,5147,17370,1.8867,0.000938,10
6,A,Scrambling,0.9,1.1,10,latest season on keeping up with the kardashians,1.0,1.0,1.0,8267,33,5144,16233,1.3592,0.000327,10
6,A,Scrambling,0.9,1.1,10,how dose the poet present death as a voyage in crossing the bar,1.0,1.0,1.0,7704,34,5152,16159,1.8344,0.000307,10
6,A,Scrambling,0.9,1.1,10,who were farmers who kept a small portion of their crops & gave the rest to the landowners,1.0,1.0,1.0,9147,34,5144,17780,1.8867,0.000119,10
6,A,Scrambling,0.9,1.1,10,what is pumped up kicks the song about,1.0,1.0,1.0,7342,33,5140,15667,1.8344,0.000141,10
6,A,Scrambling,0.9,1.1,10,2. what are the reasons states impose protectionists policies on other countries,1.0,1.0,1.0,7878,33,5144,16043,2.0253,0.000159,10
6,A,Scrambling,0.9,1.1,10,where are they building the new raiders stadium,1.0,1.0,1.0,8018,34,5143,16182,2.164,0.000102,10
6,A,Scrambling,0.9,1.1,10,what event provoked congress to propose the eleventh amendment and the states to ratify it,1.0,1.0,1.0,8028,36,5139,16744,1.973,0.000125,10
6,A,Scrambling,0.9,1.1,10,does joe die in the purge election year,1.0,1.0,1.0,7547,33,5141,16521,1.8344,0.000228,10
6,A,Noise,0.9,1.1,10,what is non controlling interest on balance sheet,1.0,0.9999,0.9111,20592,173,11948,37787,1.8867,4e-05,10
6,A,Noise,0.9,1.1,10,how many episodes are in chicago fire season 4,1.0,1.0,0.9556,14361,101,7935,26312,1.6957,7.4e-05,10
6,A,Noise,0.9,1.1,10,who sings love will keep us alive by the eagles,1.0,1.0,0.9556,10321,73,5851,19094,2.3026,2.7e-05,10
6,A,Noise,0.9,1.1,10,who is the leader of the ontario pc party,1.0,1.0,0.9556,8442,63,5147,17089,1.6094,0.000261,10
6,A,Noise,0.9,1.1,10,nitty gritty dirt band fishin in the dark album,1.0,1.0,0.9556,9021,62,5149,17498,1.7481,7.1e-05,10
6,A,Noise,0.9,1.1,10,who were the three elves who got rings,1.0,0.9999,0.9111,8103,59,5145,16737,1.8867,2.8e-05,10
6,A,Noise,0.9,1.1,10,converting stereo signal to mono signal is called,1.0,0.9999,0.9556,7822,58,5139,16401,1.6957,0.001199,10
6,A,Noise,0.9,1.1,10,in order to prove disparate impact you first must establish,1.0,1.0,1.0,8321,60,5150,16977,1.8344,6.3e-05,10
6,A,Noise,0.9,1.1,10,where do characters live in this is us,1.0,1.0,0.9556,8624,61,5143,17436,2.0253,0.000145,10
6,A,Noise,0.9,1.1,10,who makes the decisions about what to produce in a market economy,1.0,1.0,0.9111,8543,60,5142,16919,1.8344,9e-05,10
6,A,Noise,0.9,1.1,10,when is the new tappan zee bridge going to be finished,1.0,0.9999,0.9111,8681,61,5147,17112,1.6094,0.000347,10
6,A,Noise,0.9,1.1,10,who recorded i can't help falling in love with you,1.0,1.0,1.0,8451,58,5144,16734,2.0253,0.00022,10
6,A,Noise,0.9,1.1,10,who plays the doc in back to the future,1.0,1.0,1.0,10038,60,5159,18664,2.0253,0.000528,10
6,A,Noise,0.9,1.1,10,when did they stop cigarette advertising on television,1.0,1.0,0.9556,8809,62,5150,16867,1.8867,0.000653,10
6,A,Noise,0.9,1.1,10,who has been chosen as the brand ambassador of the campaign 'beti bachao-beti padhao,1.0,1.0,1.0,8829,61,5161,16492,1.6957,0.000569,10
6,A,Noise,0.9,1.1,10,how many seasons of prison break are on netflix,1.0,0.9992,0.9111,9453,61,5156,17122,1.973,9.5e-05,9
6,A,Noise,0.9,1.1,10,what was the name of atom bomb dropped by usa on hiroshima,0.9,0.9455,0.8889,8671,60,5149,17357,1.8867,0.000105,10
6,A,Noise,0.9,1.1,10,when did the us take over wake island,1.0,1.0,0.9556,8247,59,5149,15615,1.973,0.000683,10
6,A,Noise,0.9,1.1,10,when did american two party system began to emerge,1.0,1.0,0.9556,8342,63,5156,15882,1.6094,0.000183,10
6,A,Noise,0.9,1.1,10,where are the mitochondria located in the sperm,1.0,1.0,0.9556,8377,62,5143,15888,2.0253,0.000179,10
6,A,Noise,0.9,1.1,10,how many lines of symmetry are there in a equilateral triangle,1.0,1.0,1.0,9117,61,5147,17235,2.164,0.000388,10
6,A,Noise,0.9,1.1,10,how many seasons of the oc are there,1.0,1.0,0.9556,8191,60,5154,17038,1.8867,0.000928,10
6,A,Noise,0.9,1.1,10,latest season on keeping up with the kardashians,1.0,1.0,1.0,7464,59,5145,16316,1.4979,0.000325,10
6,A,Noise,0.9,1.1,10,how dose the poet present death as a voyage in crossing the bar,1.0,1.0,1.0,8578,58,5145,16990,1.973,0.000308,9
6,A,Noise,0.9,1.1,10,who were farmers who kept a small portion of their crops & gave the rest to the landowners,1.0,1.0,1.0,8806,61,5144,17239,1.8867,0.000116,10
6,A,Noise,0.9,1.1,10,what is pumped up kicks the song about,0.9,0.9459,1.0,7397,60,5147,16014,2.0253,0.00014,9
6,A,Noise,0.9,1.1,10,2. what are the reasons states impose protectionists policies on other countries,1.0,1.0,0.9556,8800,58,5147,17106,2.0253,0.000145,10
6,A,Noise,0.9,1.1,10,where are they building the new raiders stadium,1.0,1.0,0.9556,7835,59,5144,15633,2.164,0.000102,10
6,A,Noise,0.9,1.1,10,what event provoked congress to propose the eleventh amendment and the states to ratify it,1.0,1.0,0.9556,8218,58,5142,16982,1.973,0.000125,10
6,A,Noise,0.9,1.1,10,does joe die in the purge election year,1.0,1.0,1.0,7810,58,5153,16626,2.0253,0.00023,10
6,A,Combined,0.9,1.1,10,what is non controlling interest on balance sheet,1.0,0.9998,0.8222,21292,172,11934,38628,1.8867,3.9e-05,10
6,A,Combined,0.9,1.1,10,how many episodes are in chicago fire season 4,1.0,1.0,1.0,12792,100,7799,24633,2.0253,7.3e-05,10
6,A,Combined,0.9,1.1,10,who sings love will keep us alive by the eagles,1.0,1.0,1.0,11289,74,5836,20861,2.164,2.7e-05,9
6,A,Combined,0.9,1.1,10,who is the leader of the ontario pc party,0.9,0.9442,0.9444,8711,62,5164,17552,1.7481,0.000283,10
6,A,Combined,0.9,1.1,10,nitty gritty dirt band fishin in the dark album,1.0,1.0,0.9556,7905,58,5147,16789,1.7481,7.3e-05,10
6,A,Combined,0.9,1.1,10,who were the three elves who got rings,1.0,0.9999,0.9111,8123,62,5165,16877,2.164,2.7e-05,9
6,A,Combined,0.9,1.1,10,converting stereo signal to mono signal is called,1.0,1.0,1.0,7770,62,5149,16463,1.6957,0.001204,10
6,A,Combined,0.9,1.1,10,in order to prove disparate impact you first must establish,1.0,0.9999,0.9111,8140,64,5150,16959,1.6957,6.6e-05,10
6,A,Combined,0.9,1.1,10,where do characters live in this is us,1.0,1.0,1.0,8717,58,5149,17396,2.0253,0.00015,10
6,A,Combined,0.9,1.1,10,who makes the decisions about what to produce in a market economy,1.0,1.0,1.0,8538,60,5145,16359,1.6957,8.6e-05,10
6,A,Combined,0.9,1.1,10,when is the new tappan zee bridge going to be finished,1.0,1.0,1.0,8146,58,5148,16948,1.6957,0.000358,10
6,A,Combined,0.9,1.1,10,who recorded i can't help falling in love with you,1.0,1.0,1.0,8230,59,5160,16760,1.8867,0.000216,10
6,A,Combined,0.9,1.1,10,who plays the doc in back to the future,1.0,0.9999,0.9556,7481,58,5142,16156,1.8344,0.000541,9
6,A,Combined,0.9,1.1,10,when did they stop cigarette advertising on television,1.0,1.0,0.9556,8662,60,5147,16761,2.164,0.000682,10
6,A,Combined,0.9,1.1,10,who has been chosen as the brand ambassador of the campaign 'beti bachao-beti padhao,1.0,1.0,1.0,8595,58,5140,16847,1.6957,0.000555,10
6,A,Combined,0.9,1.1,10,how many seasons of prison break are on netflix,0.9,0.9443,1.0,7674,61,5153,15944,2.164,9.5e-05,10
6,A,Combined,0.9,1.1,10,what was the name of atom bomb dropped by usa on hiroshima,0.9,0.9456,1.0,8484,58,5146,17193,1.8867,0.000107,10
6,A,Combined,0.9,1.1,10,when did the us take over wake island,1.0,1.0,1.0,8447,59,5299,17274,1.973,0.000677,10
6,A,Combined,0.9,1.1,10,when did american two party system began to emerge,1.0,1.0,0.9556,7603,57,5235,16448,1.7481,0.000181,10
6,A,Combined,0.9,1.1,10,where are the mitochondria located in the sperm,0.9,0.945,0.9444,8149,62,5154,16305,2.0253,0.000177,10
6,A,Combined,0.9,1.1,10,how many lines of symmetry are there in a equilateral triangle,1.0,1.0,1.0,7344,58,5140,16065,2.164,0.000392,10
6,A,Combined,0.9,1.1,10,how many seasons of the oc are there,1.0,0.9999,0.9111,8369,57,5146,16721,1.8867,0.000949,10
6,A,Combined,0.9,1.1,10,latest season on keeping up with the kardashians,0.9,0.9572,0.9444,8322,61,5151,16159,1.3592,0.000327,10
6,A,Combined,0.9,1.1,10,how dose the poet present death as a voyage in crossing the bar,1.0,1.0,1.0,8409,58,5146,17227,2.0253,0.0003,10
6,A,Combined,0.9,1.1,10,who were farmers who kept a small portion of their crops & gave the rest to the landowners,1.0,1.0,1.0,7863,60,5159,16204,1.8867,0.000117,10
6,A,Combined,0.9,1.1,10,what is pumped up kicks the song about,1.0,1.0,1.0,7792,58,5157,16795,2.0253,0.000136,10
6,A,Combined,0.9,1.1,10,2. what are the reasons states impose protectionists policies on other countries,1.0,1.0,0.9556,7414,59,5153,15752,2.0253,0.000173,10
6,A,Combined,0.9,1.1,10,where are they building the new raiders stadium,1.0,1.0,0.9556,7496,59,5142,16047,2.164,9.8e-05,10
6,A,Combined,0.9,1.1,10,what event provoked congress to propose the eleventh amendment and the states to ratify it,1.0,1.0,0.9556,7730,58,5143,16407,1.973,0.000121,10
6,A,Combined,0.9,1.1,10,does joe die in the purge election year,1.0,1.0,1.0,7834,58,5146,16459,1.973,0.000212,9
6,A,Rome,1.0,1.0,10,what is non controlling interest on balance sheet,1.0,1.0,1.0,20455,12073,12999,50526,1.8867,4e-05,10
6,A,Rome,1.0,1.0,10,how many episodes are in chicago fire season 4,1.0,1.0,1.0,12365,8173,8147,32705,1.6957,7.6e-05,10
6,A,Rome,1.0,1.0,10,who sings love will keep us alive by the eagles,1.0,1.0,1.0,8873,5947,6743,25002,2.164,2.7e-05,10
6,A,Rome,1.0,1.0,10,who is the leader of the ontario pc party,1.0,1.0,1.0,8154,5745,6752,24300,1.7481,0.000275,10
6,A,Rome,1.0,1.0,10,nitty gritty dirt band fishin in the dark album,1.0,1.0,1.0,8104,5765,6759,24299,1.7481,7.7e-05,10
6,A,Rome,1.0,1.0,10,who were the three elves who got rings,1.0,1.0,1.0,8858,5750,6745,24558,2.0253,2.8e-05,10
6,A,Rome,1.0,1.0,10,converting stereo signal to mono signal is called,1.0,1.0,1.0,7780,5755,6747,23504,1.6957,0.001218,10
6,A,Rome,1.0,1.0,10,in order to prove disparate impact you first must establish,1.0,1.0,1.0,8347,5743,6749,24281,1.8344,6e-05,9
6,A,Rome,1.0,1.0,10,where do characters live in this is us,1.0,1.0,1.0,8056,5759,6757,23976,2.0253,0.000148,10
6,A,Rome,1.0,1.0,10,who makes the decisions about what to produce in a market economy,1.0,1.0,1.0,7561,5753,6744,23524,1.6434,9.2e-05,9
6,A,Rome,1.0,1.0,10,when is the new tappan zee bridge going to be finished,1.0,1.0,1.0,8703,5753,6740,24829,1.6957,0.000355,10
6,A,Rome,1.0,1.0,10,who recorded i can't help falling in love with you,1.0,1.0,1.0,8327,5782,6753,23761,2.0253,0.000217,10
6,A,Rome,1.0,1.0,10,who plays the doc in back to the future,1.0,1.0,1.0,9249,5746,6738,25412,2.0253,0.000551,10
6,A,Rome,1.0,1.0,10,when did they stop cigarette advertising on television,1.0,1.0,1.0,8093,5753,6740,24159,2.0253,0.000669,10
6,A,Rome,1.0,1.0,10,who has been chosen as the brand ambassador of the campaign 'beti bachao-beti padhao,1.0,1.0,1.0,9266,5743,6740,25140,1.6957,0.000573,10
6,A,Rome,1.0,1.0,10,how many seasons of prison break are on netflix,1.0,1.0,1.0,8124,5756,6746,24078,1.973,9.4e-05,10
6,A,Rome,1.0,1.0,10,what was the name of atom bomb dropped by usa on hiroshima,1.0,1.0,1.0,8520,5755,6743,24465,1.8867,0.00011,9
6,A,Rome,1.0,1.0,10,when did the us take over wake island,1.0,1.0,1.0,8724,5772,6739,24765,1.973,0.000696,10
6,A,Rome,1.0,1.0,10,when did american two party system began to emerge,1.0,1.0,1.0,9238,5776,6743,25715,1.6094,0.00019,10
6,A,Rome,1.0,1.0,10,where are the mitochondria located in the sperm,1.0,1.0,1.0,8503,5748,6739,24547,2.164,0.00018,10
6,A,Rome,1.0,1.0,10,how many lines of symmetry are there in a equilateral triangle,1.0,1.0,1.0,8559,5879,6758,24876,2.164,0.000394,10
6,A,Rome,1.0,1.0,10,how many seasons of the oc are there,1.0,1.0,1.0,9770,5870,6748,24977,1.8867,0.000938,10
6,A,Rome,1.0,1.0,10,latest season on keeping up with the kardashians,1.0,1.0,1.0,8371,5917,6753,23337,1.3592,0.000327,10
6,A,Rome,1.0,1.0,10,how dose the poet present death as a voyage in crossing the bar,1.0,1.0,1.0,8857,5856,6752,24093,1.8344,0.000307,10
6,A,Rome,1.0,1.0,10,who were farmers who kept a small portion of their crops & gave the rest to the landowners,1.0,1.0,1.0,8437,5786,6750,23306,1.8867,0.000119,10
6,A,Rome,1.0,1.0,10,what is pumped up kicks the song about,1.0,1.0,1.0,8373,5823,6747,23822,1.8344,0.000141,10
6,A,Rome,1.0,1.0,10,2. what are the reasons states impose protectionists policies on other countries,1.0,1.0,1.0,9293,5758,6754,25425,2.0253,0.000159,10
6,A,Rome,1.0,1.0,10,where are they building the new raiders stadium,1.0,1.0,1.0,7671,5793,6750,23900,2.164,0.000102,10
6,A,Rome,1.0,1.0,10,what event provoked congress to propose the eleventh amendment and the states to ratify it,1.0,1.0,1.0,8379,5745,6747,24376,1.973,0.000125,10
6,A,Rome,1.0,1.0,10,does joe die in the purge election year,1.0,1.0,1.0,8553,5780,6749,24207,1.8344,0.000228,10
6,A,RomeCombined,0.9,1.1,10,what is non controlling interest on balance sheet,1.0,0.9999,0.9111,17718,12169,9844,45019,1.7481,3.9e-05,9
6,A,RomeCombined,0.9,1.1,10,how many episodes are in chicago fire season 4,1.0,1.0,1.0,13114,8563,8638,35103,1.6957,7.6e-05,10
6,A,RomeCombined,0.9,1.1,10,who sings love will keep us alive by the eagles,1.0,1.0,0.9556,9770,6209,6749,26327,2.164,2.6e-05,10
6,A,RomeCombined,0.9,1.1,10,who is the leader of the ontario pc party,1.0,1.0,1.0,8870,5778,6759,25297,1.7481,0.000262,10
6,A,RomeCombined,0.9,1.1,10,nitty gritty dirt band fishin in the dark album,1.0,1.0,0.9556,9108,5799,6748,25003,1.7481,7.3e-05,9
6,A,RomeCombined,0.9,1.1,10,who were the three elves who got rings,1.0,1.0,1.0,9158,5803,6743,25294,2.164,2.5e-05,10
6,A,RomeCombined,0.9,1.1,10,converting stereo signal to mono signal is called,1.0,1.0,0.9556,8164,5792,6741,24342,1.6957,0.001198,10
6,A,RomeCombined,0.9,1.1,10,in order to prove disparate impact you first must establish,1.0,1.0,1.0,8119,5795,6745,24418,1.973,5.8e-05,10
6,A,RomeCombined,0.9,1.1,10,where do characters live in this is us,1.0,1.0,0.9556,8653,5787,6738,24596,1.8344,0.00014,10
6,A,RomeCombined,0.9,1.1,10,who makes the decisions about what to produce in a market economy,1.0,1.0,0.9556,8546,5799,6747,24699,1.8344,8.9e-05,10
6,A,RomeCombined,0.9,1.1,10,when is the new tappan zee bridge going to be finished,1.0,1.0,0.9556,8663,5769,6753,24606,1.6094,0.000364,10
6,A,RomeCombined,0.9,1.1,10,who recorded i can't help falling in love with you,1.0,1.0,1.0,8393,5776,6743,24549,1.8867,0.000213,10
6,A,RomeCombined,0.9,1.1,10,who plays the doc in back to the future,1.0,1.0,1.0,8336,5803,6746,24308,2.0253,0.000551,10
6,A,RomeCombined,0.9,1.1,10,when did they stop cigarette advertising on television,1.0,1.0,1.0,9179,5790,6759,25187,2.164,0.000661,10
6,A,RomeCombined,0.9,1.1,10,who has been chosen as the brand ambassador of the campaign 'beti bachao-beti padhao,1.0,1.0,1.0,7800,5800,6743,23775,1.6957,0.000575,10
6,A,RomeCombined,0.9,1.1,10,how many seasons of prison break are on netflix,1.0,0.9999,0.9556,8547,5789,6744,24550,2.164,9.4e-05,10
6,A,RomeCombined,0.9,1.1,10,what was the name of atom bomb dropped by usa on hiroshima,1.0,1.0,0.9556,9027,5781,6752,25220,1.7481,0.000111,10
6,A,RomeCombined,0.9,1.1,10,when did the us take over wake island,1.0,1.0,0.9556,7955,5797,6745,24112,1.973,0.000676,10
6,A,RomeCombined,0.9,1.1,10,when did american two party system began to emerge,0.9,0.9481,1.0,7827,5788,6746,23966,1.6094,0.000191,9
6,A,RomeCombined,0.9,1.1,10,where are the mitochondria located in the sperm,1.0,1.0,1.0,8475,5769,6749,24424,2.0253,0.000186,10
6,A,RomeCombined,0.9,1.1,10,how many lines of symmetry are there in a equilateral triangle,1.0,1.0,1.0,8021,5793,6751,24087,2.164,0.000386,10
6,A,RomeCombined,0.9,1.1,10,how many seasons of the oc are there,1.0,1.0,1.0,8570,5788,6752,24633,1.8867,0.000909,10
6,A,RomeCombined,0.9,1.1,10,latest season on keeping up with the kardashians,0.9,0.9572,1.0,8287,5791,6743,24352,1.3592,0.000327,8
6,A,RomeCombined,0.9,1.1,10,how dose the poet present death as a voyage in crossing the bar,1.0,1.0,0.9556,8246,5808,6757,24324,2.0253,0.000293,10
6,A,RomeCombined,0.9,1.1,10,who were farmers who kept a small portion of their crops & gave the rest to the landowners,1.0,1.0,1.0,9031,5794,6743,25265,1.8867,0.000117,10
6,A,RomeCombined,0.9,1.1,10,what is pumped up kicks the song about,1.0,0.9999,0.9111,8890,5774,6746,24894,2.0253,0.000134,10
6,A,RomeCombined,0.9,1.1,10,2. what are the reasons states impose protectionists policies on other countries,1.0,1.0,0.9556,8333,5778,6744,24054,2.164,0.000156,10
6,A,RomeCombined,0.9,1.1,10,where are they building the new raiders stadium,1.0,1.0,1.0,7814,5792,6738,23741,2.164,0.0001,10
6,A,RomeCombined,0.9,1.1,10,what event provoked congress to propose the eleventh amendment and the states to ratify it,1.0,1.0,1.0,8226,5800,6754,24542,1.973,0.000126,10
6,A,RomeCombined,0.9,1.1,10,does joe die in the purge election year,1.0,1.0,0.9556,8645,5803,6743,24582,1.8344,0.000226,10
6,A,Ckks,1.0,1.0,10,what is non controlling interest on balance sheet,1.0,1.0,1.0,22745,90839,36649875,36767885,1.8867,4e-05,10
6,A,Ckks,1.0,1.0,10,how many episodes are in chicago fire season 4,1.0,1.0,1.0,10091,69313,36696020,36779827,1.6957,7.6e-05,10
6,A,Ckks,1.0,1.0,10,who sings love will keep us alive by the eagles,1.0,1.0,1.0,10529,68295,36689083,36772103,2.164,2.7e-05,10
6,A,Ckks,1.0,1.0,10,who is the leader of the ontario pc party,1.0,1.0,1.0,9428,68730,36796503,36878995,1.7481,0.000275,10
6,A,Ckks,1.0,1.0,10,nitty gritty dirt band fishin in the dark album,1.0,1.0,1.0,9549,67203,36728453,36809694,1.7481,7.7e-05,10
6,A,Ckks,1.0,1.0,10,who were the three elves who got rings,1.0,1.0,1.0,8917,68998,36729772,36810332,2.0253,2.8e-05,10
6,A,Ckks,1.0,1.0,10,converting stereo signal to mono signal is called,1.0,1.0,1.0,9872,67596,36604631,36686739,1.6957,0.001218,10
6,A,Ckks,1.0,1.0,10,in order to prove disparate impact you first must establish,1.0,1.0,1.0,9801,68340,36668902,36751136,1.8344,6e-05,9
6,A,Ckks,1.0,1.0,10,where do characters live in this is us,1.0,1.0,1.0,10131,66653,36622521,36703198,2.0253,0.000148,10
6,A,Ckks,1.0,1.0,10,who makes the decisions about what to produce in a market economy,1.0,1.0,1.0,9044,66909,36613280,36693444,1.6434,9.2e-05,9
6,A,Ckks,1.0,1.0,10,when is the new tappan zee bridge going to be finished,1.0,1.0,1.0,10208,68181,36656573,36739045,1.6957,0.000355,10
6,A,Ckks,1.0,1.0,10,who recorded i can't help falling in love with you,1.0,1.0,1.0,10560,69026,36683559,36767539,2.0253,0.000217,10
6,A,Ckks,1.0,1.0,10,who plays the doc in back to the future,1.0,1.0,1.0,10179,67485,36660085,36742228,2.0253,0.000551,10
6,A,Ckks,1.0,1.0,10,when did they stop cigarette advertising on television,1.0,1.0,1.0,9088,68180,36622945,36703228,2.0253,0.000669,10
6,A,Ckks,1.0,1.0,10,who has been chosen as the brand ambassador of the campaign 'beti bachao-beti padhao,1.0,1.0,1.0,11174,67451,36633811,36716730,1.6957,0.000573,10
6,A,Ckks,1.0,1.0,10,how many seasons of prison break are on netflix,1.0,1.0,1.0,10131,68415,36626864,36709524,1.973,9.4e-05,10
6,A,Ckks,1.0,1.0,10,what was the name of atom bomb dropped by usa on hiroshima,1.0,1.0,1.0,9864,68537,36670334,36752819,1.8867,0.00011,9
6,A,Ckks,1.0,1.0,10,when did the us take over wake island,1.0,1.0,1.0,9989,66857,36635850,36716925,1.973,0.000696,10
6,A,Ckks,1.0,1.0,10,when did american two party system began to emerge,1.0,1.0,1.0,10694,68838,36653553,36737718,1.6094,0.00019,10
6,A,Ckks,1.0,1.0,10,where are the mitochondria located in the sperm,1.0,1.0,1.0,11259,66495,36620803,36701785,2.164,0.00018,10
6,A,Ckks,1.0,1.0,10,how many lines of symmetry are there in a equilateral triangle,1.0,1.0,1.0,9234,66503,36609639,36690150,2.164,0.000394,10
6,A,Ckks,1.0,1.0,10,how many seasons of the oc are there,1.0,1.0,1.0,10337,74502,36618188,36706259,1.8867,0.000938,10
6,A,Ckks,1.0,1.0,10,latest season on keeping up with the kardashians,1.0,1.0,1.0,13844,68000,36583889,36670119,1.3592,0.000327,10
6,A,Ckks,1.0,1.0,10,how dose the poet present death as a voyage in crossing the bar,1.0,1.0,1.0,9697,67292,36670748,36753179,1.8344,0.000307,10
6,A,Ckks,1.0,1.0,10,who were farmers who kept a small portion of their crops & gave the rest to the landowners,1.0,1.0,1.0,13904,67943,36630426,36714948,1.8867,0.000119,10
6,A,Ckks,1.0,1.0,10,what is pumped up kicks the song about,1.0,1.0,1.0,9527,68917,36653969,36737167,1.8344,0.000141,10
6,A,Ckks,1.0,1.0,10,2. what are the reasons states impose protectionists policies on other countries,1.0,1.0,1.0,10147,66064,36642102,36722645,2.0253,0.000159,10
6,A,Ckks,1.0,1.0,10,where are they building the new raiders stadium,1.0,1.0,1.0,10028,66649,36603128,36684086,2.164,0.000102,10
6,A,Ckks,1.0,1.0,10,what event provoked congress to propose the eleventh amendment and the states to ratify it,1.0,1.0,1.0,11731,67219,36648930,36732360,1.973,0.000125,10
6,A,Ckks,1.0,1.0,10,does joe die in the purge election year,1.0,1.0,1.0,9875,68391,36676815,36759453,1.8344,0.000228,10
6,A,CkksCombined,0.9,1.1,10,what is non controlling interest on balance sheet,1.0,0.9998,0.8222,17320,86074,36641202,36749470,1.6957,3.7e-05,9
6,A,CkksCombined,0.9,1.1,10,how many episodes are in chicago fire season 4,1.0,0.9998,0.9556,10543,68118,36656563,36739455,1.7481,7.4e-05,9
6,A,CkksCombined,0.9,1.1,10,who sings love will keep us alive by the eagles,1.0,1.0,1.0,10017,68122,36626128,36708476,2.3026,2.7e-05,10
6,A,CkksCombined,0.9,1.1,10,who is the leader of the ontario pc party,1.0,1.0,1.0,9254,68035,36779757,36861731,1.973,0.00027,10
6,A,CkksCombined,0.9,1.1,10,nitty gritty dirt band fishin in the dark album,1.0,1.0,0.9556,13830,66786,36753202,36837754,1.8344,7.4e-05,10
6,A,CkksCombined,0.9,1.1,10,who were the three elves who got rings,1.0,0.9999,0.8667,10447,67126,36601022,36681815,2.0253,2.6e-05,9
6,A,CkksCombined,0.9,1.1,10,converting stereo signal to mono signal is called,1.0,1.0,1.0,10008,68428,36687868,36770515,1.6957,0.001194,10
6,A,CkksCombined,0.9,1.1,10,in order to prove disparate impact you first must establish,1.0,1.0,0.9556,9490,67086,36585203,36665826,1.8344,6.1e-05,10
6,A,CkksCombined,0.9,1.1,10,where do characters live in this is us,1.0,1.0,1.0,10350,66754,36625557,36706867,2.0253,0.000143,10
6,A,CkksCombined,0.9,1.1,10,who makes the decisions about what to produce in a market economy,1.0,1.0,1.0,9931,68059,36659017,36739651,1.6434,9.3e-05,10
6,A,CkksCombined,0.9,1.1,10,when is the new tappan zee bridge going to be finished,1.0,1.0,0.9556,10165,68059,36660943,36743126,1.6957,0.000344,10
6,A,CkksCombined,0.9,1.1,10,who recorded i can't help falling in love with you,0.9,0.946,0.9444,11258,67822,36717280,36800850,2.0253,0.000208,10
6,A,CkksCombined,0.9,1.1,10,who plays the doc in back to the future,1.0,1.0,1.0,10083,68089,36655650,36738110,1.8344,0.00051,10
6,A,CkksCombined,0.9,1.1,10,when did they stop cigarette advertising on television,1.0,1.0,1.0,9903,72353,36655944,36742512,2.0253,0.000671,10
6,A,CkksCombined,0.9,1.1,10,who has been chosen as the brand ambassador of the campaign 'beti bachao-beti padhao,1.0,1.0,1.0,11440,69519,36625928,36709779,1.8867,0.000575,10
6,A,CkksCombined,0.9,1.1,10,how many seasons of prison break are on netflix,0.9,0.9442,0.9444,10678,67507,36644890,36727717,2.164,9.1e-05,10
6,A,CkksCombined,0.9,1.1,10,what was the name of atom bomb dropped by usa on hiroshima,0.9,0.9455,0.9444,10914,68694,36645469,36728801,1.8867,0.00011,10
6,A,CkksCombined,0.9,1.1,10,when did the us take over wake island,0.9,0.9517,1.0,11139,69203,36591815,36676078,1.973,0.000685,10
6,A,CkksCombined,0.9,1.1,10,when did american two party system began to emerge,0.9,0.9481,1.0,8496,67054,36679170,36759671,1.6094,0.000188,10
6,A,CkksCombined,0.9,1.1,10,where are the mitochondria located in the sperm,1.0,1.0,1.0,11454,66794,36626515,36708492,2.164,0.000183,10
6,A,CkksCombined,0.9,1.1,10,how many lines of symmetry are there in a equilateral triangle,0.9,0.9526,1.0,10676,68694,36667291,36751078,2.0253,0.000395,10
6,A,CkksCombined,0.9,1.1,10,how many seasons of the oc are there,1.0,0.9999,0.9111,8754,67095,36617121,36697607,1.8867,0.00091,10
6,A,CkksCombined,0.9,1.1,10,latest season on keeping up with the kardashians,0.9,0.9554,1.0,10231,68571,36682428,36764788,1.4979,0.000332,10
6,A,CkksCombined,0.9,1.1,10,how dose the poet present death as a voyage in crossing the bar,1.0,1.0,1.0,10255,67193,36596461,36677758,1.8344,0.000304,10
6,A,CkksCombined,0.9,1.1,10,who were farmers who kept a small portion of their crops & gave the rest to the landowners,1.0,1.0,1.0,10183,70881,36656018,36741338,1.8867,0.000118,10
6,A,CkksCombined,0.9,1.1,10,what is pumped up kicks the song about,0.9,0.9459,0.9444,9984,68669,36698617,36781202,2.0253,0.000137,10
6,A,CkksCombined,0.9,1.1,10,2. what are the reasons states impose protectionists policies on other countries,1.0,1.0,1.0,9166,68104,36630427,36712032,2.0253,0.000166,10
6,A,CkksCombined,0.9,1.1,10,where are they building the new raiders stadium,1.0,1.0,1.0,9393,67369,36641841,36723213,2.3026,0.0001,10
6,A,CkksCombined,0.9,1.1,10,what event provoked congress to propose the eleventh amendment and the states to ratify it,1.0,1.0,1.0,9544,67038,36623785,36704871,1.8344,0.00012,10
6,A,CkksCombined,0.9,1.1,10,does joe die in the purge election year,1.0,1.0,0.9556,9330,66984,36615757,36696258,1.973,0.000231,10
7,A,Scrambling,0.9,1.1,10,what is non controlling interest on balance sheet,1.0,1.0,1.0,21020,122,12109,38908,1.8867,4e-05,10
7,A,Scrambling,0.9,1.1,10,how many episodes are in chicago fire season 4,1.0,1.0,1.0,14875,65,8302,27456,1.6957,7.6e-05,10
7,A,Scrambling,0.9,1.1,10,who sings love will keep us alive by the eagles,1.0,1.0,1.0,9903,42,6033,19187,2.164,2.7e-05,10
7,A,Scrambling,0.9,1.1,10,who is the leader of the ontario pc party,1.0,1.0,1.0,9313,34,5147,17852,1.7481,0.000275,10
7,A,Scrambling,0.9,1.1,10,nitty gritty dirt band fishin in the dark album,1.0,1.0,1.0,7464,33,5151,16163,1.7481,7.7e-05,10
7,A,Scrambling,0.9,1.1,10,who were the three elves who got rings,1.0,1.0,1.0,8696,34,5159,17204,2.0253,2.8e-05,10
7,A,Scrambling,0.9,1.1,10,converting stereo signal to mono signal is called,1.0,1.0,1.0,7465,32,5145,16145,1.6957,0.001218,10
7,A,Scrambling,0.9,1.1,10,in order to prove disparate impact you first must establish,1.0,1.0,1.0,8332,34,5141,16463,1.8344,6e-05,9
7,A,Scrambling,0.9,1.1,10,where do characters live in this is us,1.0,1.0,1.0,9163,33,5147,17238,2.0253,0.000148,10
7,A,Scrambling,0.9,1.1,10,who makes the decisions about what to produce in a market economy,1.0,1.0,1.0,8660,33,5144,17316,1.6434,9.2e-05,9
7,A,Scrambling,0.9,1.1,10,when is the new tappan zee bridge going to be finished,1.0,1.0,1.0,8535,33,5139,15957,1.6957,0.000355,10
7,A,Scrambling,0.9,1.1,10,who recorded i can't help falling in love with you,1.0,1.0,1.0,9824,34,5098,18620,2.0253,0.000217,10
7,A,Scrambling,0.9,1.1,10,who plays the doc in back to the future,1.0,1.0,1.0,9287,34,5155,17621,2.0253,0.000551,10
7,A,Scrambling,0.9,1.1,10,when did they stop cigarette advertising on television,1.0,1.0,1.0,9113,35,5153,16642,2.0253,0.000669,10
7,A,Scrambling,0.9,1.1,10,who has been chosen as the brand ambassador of the campaign 'beti bachao-beti padhao,1.0,1.0,1.0,10095,35,5150,17784,1.6957,0.000573,10
7,A,Scrambling,0.9,1.1,10,how many seasons of prison break are on netflix,1.0,1.0,1.0,8658,35,5154,16594,1.973,9.4e-05,10
7,A,Scrambling,0.9,1.1,10,what was the name of atom bomb dropped by usa on hiroshima,1.0,1.0,1.0,8751,36,5152,16912,1.8867,0.00011,9
7,A,Scrambling,0.9,1.1,10,when did the us take over wake island,1.0,1.0,1.0,8314,35,5150,15729,1.973,0.000696,10
7,A,Scrambling,0.9,1.1,10,when did american two party system began to emerge,1.0,1.0,1.0,7839,35,5145,15132,1.6094,0.00019,10
7,A,Scrambling,0.9,1.1,10,where are the mitochondria located in the sperm,1.0,1.0,1.0,8542,35,5144,16110,2.164,0.00018,10
7,A,Scrambling,0.9,1.1,10,how many lines of symmetry are there in a equilateral triangle,1.0,1.0,1.0,8421,35,5151,16829,2.164,0.000394,10
7,A,Scrambling,0.9,1.1,10,how many seasons of the oc are there,1.0,1.0,1.0,7594,33,5141,16193,1.8867,0.000938,10
7,A,Scrambling,0.9,1.1,10,latest season on keeping up with the kardashians,1.0,1.0,1.0,9121,36,5390,17391,1.3592,0.000327,10
7,A,Scrambling,0.9,1.1,10,how dose the poet present death as a voyage in crossing the bar,1.0,1.0,1.0,8791,36,5626,18306,1.8344,0.000307,10
7,A,Scrambling,0.9,1.1,10,who were farmers who kept a small portion of their crops & gave the rest to the landowners,1.0,1.0,1.0,8929,34,5158,17443,1.8867,0.000119,10
7,A,Scrambling,0.9,1.1,10,what is pumped up kicks the song about,1.0,1.0,1.0,7358,34,5147,16051,1.8344,0.000141,10
7,A,Scrambling,0.9,1.1,10,2. what are the reasons states impose protectionists policies on other countries,1.0,1.0,1.0,8584,35,5155,17460,2.0253,0.000159,10
7,A,Scrambling,0.9,1.1,10,where are they building the new raiders stadium,1.0,1.0,1.0,7933,34,5141,16530,2.164,0.000102,10
7,A,Scrambling,0.9,1.1,10,what event provoked congress to propose the eleventh amendment and the states to ratify it,1.0,1.0,1.0,8431,34,5143,17070,1.973,0.000125,10
7,A,Scrambling,0.9,1.1,10,does joe die in the purge election year,1.0,1.0,1.0,8446,35,5144,17044,1.8344,0.000228,10
7,A,Noise,0.9,1.1,10,what is non controlling interest on balance sheet,1.0,0.9999,0.9111,20289,178,12170,37598,2.0253,3.9e-05,10
7,A,Noise,0.9,1.1,10,how many episodes are in chicago fire season 4,0.9,0.9427,0.9444,13249,97,8142,25560,1.6957,7.9e-05,10
7,A,Noise,0.9,1.1,10,who sings love will keep us alive by the eagles,1.0,1.0,1.0,10004,69,6002,19709,2.164,2.7e-05,10
7,A,Noise,0.9,1.1,10,who is the leader of the ontario pc party,1.0,1.0,1.0,10172,64,5176,18734,1.973,0.000274,10
7,A,Noise,0.9,1.1,10,nitty gritty dirt band fishin in the dark album,1.0,1.0,1.0,9295,62,5149,18045,1.7481,7.7e-05,10
7,A,Noise,0.9,1.1,10,who were the three elves who got rings,1.0,0.9999,0.9111,8592,62,5151,17280,2.0253,2.8e-05,10
7,A,Noise,0.9,1.1,10,converting stereo signal to mono signal is called,1.0,0.9999,0.9556,7167,59,5138,14638,1.8867,0.001224,10
7,A,Noise,0.9,1.1,10,in order to prove disparate impact you first must establish,1.0,1.0,1.0,8363,61,5148,17084,1.973,5.6e-05,10
7,A,Noise,0.9,1.1,10,where do characters live in this is us,1.0,1.0,0.9556,8382,60,5175,16855,2.0253,0.000145,10
7,A,Noise,0.9,1.1,10,who makes the decisions about what to produce in a market economy,1.0,1.0,0.9556,9400,155,6416,19442,1.4185,9.5e-05,10
7,A,Noise,0.9,1.1,10,when is the new tappan zee bridge going to be finished,1.0,0.9999,0.9111,8914,61,5153,17566,1.5048,0.000362,10
7,A,Noise,0.9,1.1,10,who recorded i can't help falling in love with you,1.0,1.0,1.0,8395,60,5059,16899,2.0253,0.000217,10
7,A,Noise,0.9,1.1,10,who plays the doc in back to the future,1.0,0.9999,0.9111,8055,58,5169,16643,1.8344,0.000533,10
7,A,Noise,0.9,1.1,10,when did they stop cigarette advertising on television,1.0,1.0,1.0,8210,59,5090,16773,2.0253,0.000646,10
7,A,Noise,0.9,1.1,10,who has been chosen as the brand ambassador of the campaign 'beti bachao-beti padhao,1.0,1.0,0.9556,8757,62,5151,17461,1.8867,0.000579,10
7,A,Noise,0.9,1.1,10,how many seasons of prison break are on netflix,1.0,1.0,1.0,7956,60,5171,15642,1.973,9.6e-05,10
7,A,Noise,0.9,1.1,10,what was the name of atom bomb dropped by usa on hiroshima,1.0,1.0,0.9556,7445,59,5145,15927,2.0253,0.000103,10
7,A,Noise,0.9,1.1,10,when did the us take over wake island,1.0,1.0,0.9556,7774,61,5158,16349,1.973,0.000665,10
7,A,Noise,0.9,1.1,10,when did american two party system began to emerge,1.0,1.0,0.9556,8139,60,5143,16473,1.6094,0.000196,10
7,A,Noise,0.9,1.1,10,where are the mitochondria located in the sperm,1.0,1.0,0.9556,7722,56,5150,16508,1.8867,0.000179,10
7,A,Noise,0.9,1.1,10,how many lines of symmetry are there in a equilateral triangle,1.0,1.0,1.0,7647,58,5142,16508,2.164,0.000403,10
7,A,Noise,0.9,1.1,10,how many seasons of the oc are there,1.0,1.0,0.9111,7763,62,5149,16465,1.8867,0.000896,9
7,A,Noise,0.9,1.1,10,latest season on keeping up with the kardashians,1.0,1.0,1.0,7296,59,5145,16015,1.3592,0.000327,10
7,A,Noise,0.9,1.1,10,how dose the poet present death as a voyage in crossing the bar,1.0,0.9999,0.9111,8007,59,5148,16524,2.0253,0.000299,10
7,A,Noise,0.9,1.1,10,who were farmers who kept a small portion of their crops & gave the rest to the landowners,1.0,1.0,0.9556,8357,58,5144,17006,1.8867,0.00012,10
7,A,Noise,0.9,1.1,10,what is pumped up kicks the song about,1.0,1.0,1.0,8002,61,5163,16780,2.0253,0.000134,10
7,A,Noise,0.9,1.1,10,2. what are the reasons states impose protectionists policies on other countries,1.0,1.0,1.0,7918,58,5149,16517,2.0253,0.000156,10
7,A,Noise,0.9,1.1,10,where are they building the new raiders stadium,1.0,1.0,0.9556,7632,59,5150,16289,2.164,0.000102,10
7,A,Noise,0.9,1.1,10,what event provoked congress to propose the eleventh amendment and the states to ratify it,1.0,1.0,0.9556,7354,58,5136,16192,1.973,0.000131,10
7,A,Noise,0.9,1.1,10,does joe die in the purge election year,1.0,1.0,1.0,7562,57,5143,19403,2.0253,0.000227,10
7,A,Combined,0.9,1.1,10,what is non controlling interest on balance sheet,1.0,0.9999,0.9556,17394,161,12134,33579,2.0253,3.5e-05,9
7,A,Combined,0.9,1.1,10,how many episodes are in chicago fire season 4,1.0,1.0,0.9111,15727,99,7984,26937,1.6957,7.4e-05,10
7,A,Combined,0.9,1.1,10,who sings love will keep us alive by the eagles,0.9,0.9452,1.0,10485,74,5952,19691,2.164,2.7e-05,10
7,A,Combined,0.9,1.1,10,who is the leader of the ontario pc party,1.0,1.0,0.9556,9748,66,5164,17544,1.8344,0.000267,10
7,A,Combined,0.9,1.1,10,nitty gritty dirt band fishin in the dark album,1.0,1.0,0.9556,8977,60,5151,16762,1.973,7.8e-05,10
7,A,Combined,0.9,1.1,10,who were the three elves who got rings,1.0,1.0,1.0,9097,59,5139,16820,1.8867,3e-05,10
7,A,Combined,0.9,1.1,10,converting stereo signal to mono signal is called,1.0,0.9999,0.9556,7822,58,5146,15522,1.6957,0.001212,10
7,A,Combined,0.9,1.1,10,in order to prove disparate impact you first must establish,1.0,1.0,0.9556,8765,64,5140,16628,1.973,5.9e-05,10
7,A,Combined,0.9,1.1,10,where do characters live in this is us,1.0,1.0,1.0,8849,62,5162,16528,2.164,0.000153,10
7,A,Combined,0.9,1.1,10,who makes the decisions about what to produce in a market economy,1.0,1.0,0.9556,7797,60,5143,15550,1.8344,9.2e-05,10
7,A,Combined,0.9,1.1,10,when is the new tappan zee bridge going to be finished,1.0,0.9999,0.9111,8545,59,5142,16301,1.6094,0.000364,10
7,A,Combined,0.9,1.1,10,who recorded i can't help falling in love with you,1.0,1.0,1.0,8748,58,5154,16519,1.8867,0.000223,10
7,A,Combined,0.9,1.1,10,who plays the doc in back to the future,1.0,1.0,0.9556,9080,58,5145,16856,1.8344,0.000549,10
7,A,Combined,0.9,1.1,10,when did they stop cigarette advertising on television,1.0,1.0,0.9556,8410,58,5148,16756,2.0253,0.000661,10
7,A,Combined,0.9,1.1,10,who has been chosen as the brand ambassador of the campaign 'beti bachao-beti padhao,1.0,1.0,0.9556,8940,58,5148,16689,1.6957,0.000555,10
7,A,Combined,0.9,1.1,10,how many seasons of prison break are on netflix,0.9,0.9442,0.8889,8075,59,5145,15724,2.164,9.6e-05,10
7,A,Combined,0.9,1.1,10,what was the name of atom bomb dropped by usa on hiroshima,1.0,1.0,0.9556,8568,58,5142,16539,2.0253,0.000101,10
7,A,Combined,0.9,1.1,10,when did the us take over wake island,0.9,0.9515,1.0,9838,59,5143,18663,1.973,0.000692,10
7,A,Combined,0.9,1.1,10,when did american two party system began to emerge,1.0,1.0,1.0,9493,64,5146,17949,1.6094,0.000182,10
7,A,Combined,0.9,1.1,10,where are the mitochondria located in the sperm,0.9,0.945,1.0,9252,62,5153,17339,2.0253,0.00017,10
7,A,Combined,0.9,1.1,10,how many lines of symmetry are there in a equilateral triangle,1.0,1.0,1.0,10085,64,5132,18118,2.164,0.000389,10
7,A,Combined,0.9,1.1,10,how many seasons of the oc are there,1.0,1.0,0.9556,9990,60,5157,17882,1.8867,0.000925,10
7,A,Combined,0.9,1.1,10,latest season on keeping up with the kardashians,1.0,1.0,0.9556,8449,59,5202,17888,1.3592,0.000321,9
7,A,Combined,0.9,1.1,10,how dose the poet present death as a voyage in crossing the bar,1.0,1.0,0.9556,9304,61,5154,17459,2.0253,0.000285,10
7,A,Combined,0.9,1.1,10,who were farmers who kept a small portion of their crops & gave the rest to the landowners,1.0,0.9999,0.9111,9337,60,5152,18301,1.8344,0.000116,10
7,A,Combined,0.9,1.1,10,what is pumped up kicks the song about,0.9,0.9459,1.0,10187,64,5177,20302,1.8867,0.000136,10
7,A,Combined,0.9,1.1,10,2. what are the reasons states impose protectionists policies on other countries,1.0,1.0,0.9556,8663,61,5155,16751,2.0253,0.000157,10
7,A,Combined,0.9,1.1,10,where are they building the new raiders stadium,1.0,1.0,1.0,9162,62,5149,17205,2.164,0.0001,10
7,A,Combined,0.9,1.1,10,what event provoked congress to propose the eleventh amendment and the states to ratify it,1.0,1.0,0.9556,8257,62,5157,16305,2.164,0.000122,10
7,A,Combined,0.9,1.1,10,does joe die in the purge election year,1.0,1.0,0.9556,9176,61,5144,17067,1.8344,0.000227,10
7,A,Rome,1.0,1.0,10,what is non controlling interest on balance sheet,1.0,1.0,1.0,20324,11614,9835,44902,1.8867,4e-05,10
7,A,Rome,1.0,1.0,10,how many episodes are in chicago fire season 4,1.0,1.0,1.0,10570,7400,8051,28526,1.6957,7.6e-05,10
7,A,Rome,1.0,1.0,10,who sings love will keep us alive by the eagles,1.0,1.0,1.0,9366,6004,6763,24460,2.164,2.7e-05,10
7,A,Rome,1.0,1.0,10,who is the leader of the ontario pc party,1.0,1.0,1.0,8570,5770,6748,24322,1.7481,0.000275,10
7,A,Rome,1.0,1.0,10,nitty gritty dirt band fishin in the dark album,1.0,1.0,1.0,10001,6268,6876,27076,1.7481,7.7e-05,10
7,A,Rome,1.0,1.0,10,who were the three elves who got rings,1.0,1.0,1.0,10918,5981,6784,27331,2.0253,2.8e-05,10
7,A,Rome,1.0,1.0,10,converting stereo signal to mono signal is called,1.0,1.0,1.0,9111,6068,6812,25125,1.6957,0.001218,10
7,A,Rome,1.0,1.0,10,in order to prove disparate impact you first must establish,1.0,1.0,1.0,14781,5850,6762,32311,1.8344,6e-05,9
7,A,Rome,1.0,1.0,10,where do characters live in this is us,1.0,1.0,1.0,10320,5771,6749,26736,2.0253,0.000148,10
7,A,Rome,1.0,1.0,10,who makes the decisions about what to produce in a market economy,1.0,1.0,1.0,8613,5736,6754,24592,1.6434,9.2e-05,9
7,A,Rome,1.0,1.0,10,when is the new tappan zee bridge going to be finished,1.0,1.0,1.0,8981,5749,6742,25191,1.6957,0.000355,10
7,A,Rome,1.0,1.0,10,who recorded i can't help falling in love with you,1.0,1.0,1.0,9572,5759,6743,26032,2.0253,0.000217,10
7,A,Rome,1.0,1.0,10,who plays the doc in back to the future,1.0,1.0,1.0,8712,5761,6753,24970,2.0253,0.000551,10
7,A,Rome,1.0,1.0,10,when did they stop cigarette advertising on television,1.0,1.0,1.0,8187,5875,6981,23883,2.0253,0.000669,10
7,A,Rome,1.0,1.0,10,who has been chosen as the brand ambassador of the campaign 'beti bachao-beti padhao,1.0,1.0,1.0,9539,5763,6752,25455,1.6957,0.000573,10
7,A,Rome,1.0,1.0,10,how many seasons of prison break are on netflix,1.0,1.0,1.0,8181,5737,6754,24252,1.973,9.4e-05,10
7,A,Rome,1.0,1.0,10,what was the name of atom bomb dropped by usa on hiroshima,1.0,1.0,1.0,8895,5762,6743,25200,1.8867,0.00011,9
7,A,Rome,1.0,1.0,10,when did the us take over wake island,1.0,1.0,1.0,9426,5751,6741,25695,1.973,0.000696,10
7,A,Rome,1.0,1.0,10,when did american two party system began to emerge,1.0,1.0,1.0,8727,5744,6738,24333,1.6094,0.00019,10
7,A,Rome,1.0,1.0,10,where are the mitochondria located in the sperm,1.0,1.0,1.0,9776,5914,6790,25187,2.164,0.00018,10
7,A,Rome,1.0,1.0,10,how many lines of symmetry are there in a equilateral triangle,1.0,1.0,1.0,10474,5933,6825,26177,2.164,0.000394,10
7,A,Rome,1.0,1.0,10,how many seasons of the oc are there,1.0,1.0,1.0,10053,5940,6786,26129,1.8867,0.000938,10
7,A,Rome,1.0,1.0,10,latest season on keeping up with the kardashians,1.0,1.0,1.0,10222,5917,6818,26679,1.3592,0.000327,10
7,A,Rome,1.0,1.0,10,how dose the poet present death as a voyage in crossing the bar,1.0,1.0,1.0,9097,5746,6751,25246,1.8344,0.000307,10
7,A,Rome,1.0,1.0,10,who were farmers who kept a small portion of their crops & gave the rest to the landowners,1.0,1.0,1.0,8541,5767,6750,24365,1.8867,0.000119,10
7,A,Rome,1.0,1.0,10,what is pumped up kicks the song about,1.0,1.0,1.0,9333,5753,6750,25458,1.8344,0.000141,10
7,A,Rome,1.0,1.0,10,2. what are the reasons states impose protectionists policies on other countries,1.0,1.0,1.0,8854,5747,6743,25061,2.0253,0.000159,10
7,A,Rome,1.0,1.0,10,where are they building the new raiders stadium,1.0,1.0,1.0,8849,5758,6752,24908,2.164,0.000102,10
7,A,Rome,1.0,1.0,10,what event provoked congress to propose the eleventh amendment and the states to ratify it,1.0,1.0,1.0,8509,5764,6747,23883,1.973,0.000125,10
7,A,Rome,1.0,1.0,10,does joe die in the purge election year,1.0,1.0,1.0,8425,5745,6740,24437,1.8344,0.000228,10
7,A,RomeCombined,0.9,1.1,10,what is non controlling interest on balance sheet,1.0,1.0,0.9556,21427,14614,12892,53098,1.8867,3.9e-05,10
7,A,RomeCombined,0.9,1.1,10,how many episodes are in chicago fire season 4,1.0,1.0,1.0,12962,8099,8254,33121,1.6957,7.5e-05,10
7,A,RomeCombined,0.9,1.1,10,who sings love will keep us alive by the eagles,1.0,1.0,1.0,9534,5799,6747,25624,2.3026,2.7e-05,10
7,A,RomeCombined,0.9,1.1,10,who is the leader of the ontario pc party,0.9,0.9442,1.0,9283,5784,6740,25305,1.973,0.000273,10
7,A,RomeCombined,0.9,1.1,10,nitty gritty dirt band fishin in the dark album,1.0,1.0,0.9556,8634,5778,6747,24608,1.6094,7.3e-05,10
7,A,RomeCombined,0.9,1.1,10,who were the three elves who got rings,1.0,1.0,1.0,8951,5776,6828,25034,1.8867,3e-05,10
7,A,RomeCombined,0.9,1.1,10,converting stereo signal to mono signal is called,1.0,0.9999,0.9556,8332,5790,6754,23993,1.6957,0.0012,10
7,A,RomeCombined,0.9,1.1,10,in order to prove disparate impact you first must establish,1.0,1.0,1.0,8443,5803,6742,24687,1.6957,6e-05,10
7,A,RomeCombined,0.9,1.1,10,where do characters live in this is us,1.0,1.0,1.0,8400,5791,6746,24410,2.164,0.000154,10
7,A,RomeCombined,0.9,1.1,10,who makes the decisions about what to produce in a market economy,1.0,1.0,0.9556,9039,5794,6746,24988,1.6434,9e-05,8
7,A,RomeCombined,0.9,1.1,10,when is the new tappan zee bridge going to be finished,1.0,1.0,0.9556,8335,5797,6757,24447,1.7481,0.000348,9
7,A,RomeCombined,0.9,1.1,10,who recorded i can't help falling in love with you,1.0,1.0,0.9556,8016,5785,6743,23363,1.7481,0.000215,10
7,A,RomeCombined,0.9,1.1,10,who plays the doc in back to the future,1.0,1.0,1.0,8287,5796,6741,24264,2.0253,0.000544,10
7,A,RomeCombined,0.9,1.1,10,when did they stop cigarette advertising on television,1.0,1.0,1.0,8984,5773,6747,25000,2.0253,0.000664,10
7,A,RomeCombined,0.9,1.1,10,who has been chosen as the brand ambassador of the campaign 'beti bachao-beti padhao,1.0,1.0,1.0,8793,5813,6746,24841,1.6957,0.000565,10
7,A,RomeCombined,0.9,1.1,10,how many seasons of prison break are on netflix,1.0,1.0,1.0,7763,5784,6749,23790,2.164,9.1e-05,10
7,A,RomeCombined,0.9,1.1,10,what was the name of atom bomb dropped by usa on hiroshima,0.9,0.9456,1.0,8295,5782,6754,24511,1.8867,0.000104,10
7,A,RomeCombined,0.9,1.1,10,when did the us take over wake island,1.0,1.0,1.0,9077,5856,6755,24518,1.8344,0.000701,10
7,A,RomeCombined,0.9,1.1,10,when did american two party system began to emerge,0.9,0.946,1.0,8207,5949,6746,23459,1.6094,0.000191,9
7,A,RomeCombined,0.9,1.1,10,where are the mitochondria located in the sperm,1.0,1.0,1.0,8624,5965,6753,23572,2.164,0.000173,10
7,A,RomeCombined,0.9,1.1,10,how many lines of symmetry are there in a equilateral triangle,1.0,1.0,1.0,8353,5819,6757,23455,2.164,0.000383,10
7,A,RomeCombined,0.9,1.1,10,how many seasons of the oc are there,1.0,1.0,0.9556,8741,5820,6749,24148,1.8867,0.000954,10
7,A,RomeCombined,0.9,1.1,10,latest season on keeping up with the kardashians,1.0,1.0,1.0,8187,5858,6763,24291,1.4979,0.000322,10
7,A,RomeCombined,0.9,1.1,10,how dose the poet present death as a voyage in crossing the bar,1.0,1.0,1.0,8478,5805,6763,24492,1.973,0.000301,10
7,A,RomeCombined,0.9,1.1,10,who were farmers who kept a small portion of their crops & gave the rest to the landowners,1.0,1.0,1.0,8065,5783,6741,24141,1.8344,0.000111,10
7,A,RomeCombined,0.9,1.1,10,what is pumped up kicks the song about,1.0,1.0,1.0,8520,5806,6752,24354,2.0253,0.000138,10
7,A,RomeCombined,0.9,1.1,10,2. what are the reasons states impose protectionists policies on other countries,1.0,1.0,1.0,8028,5771,6769,24216,2.164,0.00015,10
7,A,RomeCombined,0.9,1.1,10,where are they building the new raiders stadium,1.0,1.0,1.0,8172,5787,6748,24226,2.164,0.0001,10
7,A,RomeCombined,0.9,1.1,10,what event provoked congress to propose the eleventh amendment and the states to ratify it,1.0,1.0,1.0,7686,5810,6751,23895,1.973,0.000119,10
7,A,RomeCombined,0.9,1.1,10,does joe die in the purge election year,1.0,1.0,1.0,8078,5813,6753,24317,2.0253,0.000226,10
7,A,Ckks,1.0,1.0,10,what is non controlling interest on balance sheet,1.0,1.0,1.0,21978,90008,36592611,36708436,1.8867,4e-05,10
7,A,Ckks,1.0,1.0,10,how many episodes are in chicago fire season 4,1.0,1.0,1.0,8559,67319,36611847,36691946,1.6957,7.6e-05,10
7,A,Ckks,1.0,1.0,10,who sings love will keep us alive by the eagles,1.0,1.0,1.0,9627,68090,36670751,36751068,2.164,2.7e-05,10
7,A,Ckks,1.0,1.0,10,who is the leader of the ontario pc party,1.0,1.0,1.0,9528,68615,36653396,36735662,1.7481,0.000275,10
7,A,Ckks,1.0,1.0,10,nitty gritty dirt band fishin in the dark album,1.0,1.0,1.0,11493,66813,36783004,36865442,1.7481,7.7e-05,10
7,A,Ckks,1.0,1.0,10,who were the three elves who got rings,1.0,1.0,1.0,11160,68306,36659886,36743790,2.0253,2.8e-05,10
7,A,Ckks,1.0,1.0,10,converting stereo signal to mono signal is called,1.0,1.0,1.0,8952,68045,36646869,36728021,1.6957,0.001218,10
7,A,Ckks,1.0,1.0,10,in order to prove disparate impact you first must establish,1.0,1.0,1.0,9392,68543,36738616,36819649,1.8344,6e-05,9
7,A,Ckks,1.0,1.0,10,where do characters live in this is us,1.0,1.0,1.0,10168,70032,36859823,36944318,2.0253,0.000148,10
7,A,Ckks,1.0,1.0,10,who makes the decisions about what to produce in a market economy,1.0,1.0,1.0,10400,69804,36626435,36712066,1.6434,9.2e-05,9
7,A,Ckks,1.0,1.0,10,when is the new tappan zee bridge going to be finished,1.0,1.0,1.0,13179,70791,36587153,36675359,1.6957,0.000355,10
7,A,Ckks,1.0,1.0,10,who recorded i can't help falling in love with you,1.0,1.0,1.0,9216,75936,36593569,36683592,2.0253,0.000217,10
7,A,Ckks,1.0,1.0,10,who plays the doc in back to the future,1.0,1.0,1.0,9822,68585,36672580,36753913,2.0253,0.000551,10
7,A,Ckks,1.0,1.0,10,when did they stop cigarette advertising on television,1.0,1.0,1.0,9838,67259,36665332,36746677,2.0253,0.000669,10
7,A,Ckks,1.0,1.0,10,who has been chosen as the brand ambassador of the campaign 'beti bachao-beti padhao,1.0,1.0,1.0,10047,66848,36609860,36690581,1.6957,0.000573,10
7,A,Ckks,1.0,1.0,10,how many seasons of prison break are on netflix,1.0,1.0,1.0,9579,66983,36640866,36721830,1.973,9.4e-05,10
7,A,Ckks,1.0,1.0,10,what was the name of atom bomb dropped by usa on hiroshima,1.0,1.0,1.0,9415,68467,36637471,36718540,1.8867,0.00011,9
7,A,Ckks,1.0,1.0,10,when did the us take over wake island,1.0,1.0,1.0,9268,69378,36658429,36741224,1.973,0.000696,10
7,A,Ckks,1.0,1.0,10,when did american two party system began to emerge,1.0,1.0,1.0,10110,67577,36638465,36720764,1.6094,0.00019,10
7,A,Ckks,1.0,1.0,10,where are the mitochondria located in the sperm,1.0,1.0,1.0,9466,67175,36589407,36670095,2.164,0.00018,10
7,A,Ckks,1.0,1.0,10,how many lines of symmetry are there in a equilateral triangle,1.0,1.0,1.0,9947,63591,36669986,36746408,2.164,0.000394,10
7,A,Ckks,1.0,1.0,10,how many seasons of the oc are there,1.0,1.0,1.0,10757,64984,36526920,36606959,1.8867,0.000938,10
7,A,Ckks,1.0,1.0,10,latest season on keeping up with the kardashians,1.0,1.0,1.0,9338,66875,36638000,36718261,1.3592,0.000327,10
7,A,Ckks,1.0,1.0,10,how dose the poet present death as a voyage in crossing the bar,1.0,1.0,1.0,9828,68457,36659615,36741797,1.8344,0.000307,10
7,A,Ckks,1.0,1.0,10,who were farmers who kept a small portion of their crops & gave the rest to the landowners,1.0,1.0,1.0,11145,69595,36652290,36737623,1.8867,0.000119,10
7,A,Ckks,1.0,1.0,10,what is pumped up kicks the song about,1.0,1.0,1.0,9564,67045,36616781,36697657,1.8344,0.000141,10
7,A,Ckks,1.0,1.0,10,2. what are the reasons states impose protectionists policies on other countries,1.0,1.0,1.0,10095,66948,36634914,36715463,2.0253,0.000159,10
7,A,Ckks,1.0,1.0,10,where are they building the new raiders stadium,1.0,1.0,1.0,10037,68058,36665802,36748219,2.164,0.000102,10
7,A,Ckks,1.0,1.0,10,what event provoked congress to propose the eleventh amendment and the states to ratify it,1.0,1.0,1.0,9812,67242,36607192,36689041,1.973,0.000125,10
7,A,Ckks,1.0,1.0,10,does joe die in the purge election year,1.0,1.0,1.0,10036,67724,36672300,36754443,1.8344,0.000228,10
7,A,CkksCombined,0.9,1.1,10,what is non controlling interest on balance sheet,1.0,0.9999,0.8667,22216,91291,36623675,36741556,1.6957,4e-05,10
7,A,CkksCombined,0.9,1.1,10,how many episodes are in chicago fire season 4,1.0,0.9997,0.8667,8899,68664,36636923,36717157,1.6957,7.3e-05,9
7,A,CkksCombined,0.9,1.1,10,who sings love will keep us alive by the eagles,1.0,1.0,1.0,10881,69046,36694700,36778011,1.973,2.6e-05,9
7,A,CkksCombined,0.9,1.1,10,who is the leader of the ontario pc party,1.0,1.0,1.0,9730,68201,36752783,36835221,2.0253,0.000266,10
7,A,CkksCombined,0.9,1.1,10,nitty gritty dirt band fishin in the dark album,1.0,1.0,1.0,10606,69134,36664181,36748174,1.7481,7.3e-05,9
7,A,CkksCombined,0.9,1.1,10,who were the three elves who got rings,1.0,0.9999,0.9111,10250,67369,36693565,36775869,1.8867,2.9e-05,10
7,A,CkksCombined,0.9,1.1,10,converting stereo signal to mono signal is called,1.0,1.0,1.0,9019,66197,36560410,36638343,1.6957,0.001244,10
7,A,CkksCombined,0.9,1.1,10,in order to prove disparate impact you first must establish,1.0,1.0,0.9556,10307,69111,36668499,36752099,1.8344,5.8e-05,10
7,A,CkksCombined,0.9,1.1,10,where do characters live in this is us,1.0,1.0,1.0,10060,70270,36628653,36713142,2.0253,0.000139,10
7,A,CkksCombined,0.9,1.1,10,who makes the decisions about what to produce in a market economy,1.0,0.9999,0.8667,9595,68473,36642067,36724349,1.6434,9.1e-05,10
7,A,CkksCombined,0.9,1.1,10,when is the new tappan zee bridge going to be finished,1.0,0.9999,0.9111,9990,66942,36651256,36731238,1.4708,0.000351,10
7,A,CkksCombined,0.9,1.1,10,who recorded i can't help falling in love with you,1.0,1.0,1.0,9600,66785,36612259,36693323,1.8867,0.000219,10
7,A,CkksCombined,0.9,1.1,10,who plays the doc in back to the future,1.0,1.0,1.0,10047,68365,36663058,36744833,2.0253,0.000529,10
7,A,CkksCombined,0.9,1.1,10,when did they stop cigarette advertising on television,1.0,1.0,1.0,10320,68116,36614611,36697261,2.0253,0.000657,10
7,A,CkksCombined,0.9,1.1,10,who has been chosen as the brand ambassador of the campaign 'beti bachao-beti padhao,1.0,1.0,0.9556,9841,68037,36662786,36743292,1.5048,0.000583,10
7,A,CkksCombined,0.9,1.1,10,how many seasons of prison break are on netflix,0.9,0.9443,1.0,9406,69090,36631934,36714617,2.0253,9e-05,10
7,A,CkksCombined,0.9,1.1,10,what was the name of atom bomb dropped by usa on hiroshima,1.0,0.9999,0.9111,10753,67791,36630321,36713081,1.8867,0.000112,10
7,A,CkksCombined,0.9,1.1,10,when did the us take over wake island,0.9,0.9517,0.9444,9212,66794,36679840,36760184,1.973,0.000698,10
7,A,CkksCombined,0.9,1.1,10,when did american two party system began to emerge,1.0,1.0,1.0,9274,66855,36577016,36658131,1.6094,0.000195,10
7,A,CkksCombined,0.9,1.1,10,where are the mitochondria located in the sperm,1.0,1.0,1.0,9041,68495,36685979,36768407,2.164,0.000177,10
7,A,CkksCombined,0.9,1.1,10,how many lines of symmetry are there in a equilateral triangle,1.0,1.0,1.0,10510,68952,36651906,36735439,2.164,0.000379,10
7,A,CkksCombined,0.9,1.1,10,how many seasons of the oc are there,1.0,1.0,0.9556,11041,68129,36653459,36738091,1.8867,0.000928,10
7,A,CkksCombined,0.9,1.1,10,latest season on keeping up with the kardashians,1.0,1.0,0.9556,11244,67821,36611891,36693964,1.3592,0.000321,10
7,A,CkksCombined,0.9,1.1,10,how dose the poet present death as a voyage in crossing the bar,1.0,1.0,1.0,10654,69798,36698630,36783551,2.0253,0.000306,10
7,A,CkksCombined,0.9,1.1,10,who were farmers who kept a small portion of their crops & gave the rest to the landowners,1.0,1.0,0.9556,10126,66774,36607499,36688383,1.8344,0.000114,10
7,A,CkksCombined,0.9,1.1,10,what is pumped up kicks the song about,0.9,0.9458,0.8889,10058,68699,36651966,36734798,1.8344,0.000138,10
7,A,CkksCombined,0.9,1.1,10,2. what are the reasons states impose protectionists policies on other countries,1.0,1.0,0.9556,9644,66734,36627998,36707874,2.164,0.000167,10
7,A,CkksCombined,0.9,1.1,10,where are they building the new raiders stadium,1.0,1.0,1.0,10604,68264,36628620,36711451,2.3026,0.000105,10
7,A,CkksCombined,0.9,1.1,10,what event provoked congress to propose the eleventh amendment and the states to ratify it,1.0,1.0,1.0,10567,66935,36662871,36742959,2.0253,0.000123,10
7,A,CkksCombined,0.9,1.1,10,does joe die in the purge election year,0.9,0.9468,1.0,9402,69328,36597739,36680847,2.0253,0.000234,10
8,A,Scrambling,0.9,1.1,10,what is non controlling interest on balance sheet,1.0,1.0,1.0,21612,116,12527,39600,1.8867,4e-05,10
8,A,Scrambling,0.9,1.1,10,how many episodes are in chicago fire season 4,1.0,1.0,1.0,15767,56,7732,27405,1.6957,7.6e-05,10
8,A,Scrambling,0.9,1.1,10,who sings love will keep us alive by the eagles,1.0,1.0,1.0,10157,40,5740,19504,2.164,2.7e-05,10
8,A,Scrambling,0.9,1.1,10,who is the leader of the ontario pc party,1.0,1.0,1.0,8753,33,5160,17574,1.7481,0.000275,10
8,A,Scrambling,0.9,1.1,10,nitty gritty dirt band fishin in the dark album,1.0,1.0,1.0,8841,34,5280,17660,1.7481,7.7e-05,10
8,A,Scrambling,0.9,1.1,10,who were the three elves who got rings,1.0,1.0,1.0,8738,34,5148,17694,2.0253,2.8e-05,10
8,A,Scrambling,0.9,1.1,10,converting stereo signal to mono signal is called,1.0,1.0,1.0,9018,34,5164,17749,1.6957,0.001218,10
8,A,Scrambling,0.9,1.1,10,in order to prove disparate impact you first must establish,1.0,1.0,1.0,8882,33,5143,17364,1.8344,6e-05,9
8,A,Scrambling,0.9,1.1,10,where do characters live in this is us,1.0,1.0,1.0,8045,34,5151,16726,2.0253,0.000148,10
8,A,Scrambling,0.9,1.1,10,who makes the decisions about what to produce in a market economy,1.0,1.0,1.0,8977,36,5150,17187,1.6434,9.2e-05,9
8,A,Scrambling,0.9,1.1,10,when is the new tappan zee bridge going to be finished,1.0,1.0,1.0,9442,34,5146,18112,1.6957,0.000355,10
8,A,Scrambling,0.9,1.1,10,who recorded i can't help falling in love with you,1.0,1.0,1.0,8439,35,5155,16145,2.0253,0.000217,10
8,A,Scrambling,0.9,1.1,10,who plays the doc in back to the future,1.0,1.0,1.0,9665,35,5149,17181,2.0253,0.000551,10
8,A,Scrambling,0.9,1.1,10,when did they stop cigarette advertising on television,1.0,1.0,1.0,9058,37,5111,16657,2.0253,0.000669,10
8,A,Scrambling,0.9,1.1,10,who has been chosen as the brand ambassador of the campaign 'beti bachao-beti padhao,1.0,1.0,1.0,9356,35,5152,17073,1.6957,0.000573,10
8,A,Scrambling,0.9,1.1,10,how many seasons of prison break are on netflix,1.0,1.0,1.0,8220,35,5141,15634,1.973,9.4e-05,10
8,A,Scrambling,0.9,1.1,10,what was the name of atom bomb dropped by usa on hiroshima,1.0,1.0,1.0,8950,35,5153,16454,1.8867,0.00011,9
8,A,Scrambling,0.9,1.1,10,when did the us take over wake island,1.0,1.0,1.0,8041,36,5163,16094,1.973,0.000696,10
8,A,Scrambling,0.9,1.1,10,when did american two party system began to emerge,1.0,1.0,1.0,8516,35,5147,17262,1.6094,0.00019,10
8,A,Scrambling,0.9,1.1,10,where are the mitochondria located in the sperm,1.0,1.0,1.0,7992,34,5146,16645,2.164,0.00018,10
8,A,Scrambling,0.9,1.1,10,how many lines of symmetry are there in a equilateral triangle,1.0,1.0,1.0,7746,34,5148,16383,2.164,0.000394,10
8,A,Scrambling,0.9,1.1,10,how many seasons of the oc are there,1.0,1.0,1.0,8262,34,5150,16835,1.8867,0.000938,10
8,A,Scrambling,0.9,1.1,10,latest season on keeping up with the kardashians,1.0,1.0,1.0,8425,34,5150,17088,1.3592,0.000327,10
8,A,Scrambling,0.9,1.1,10,how dose the poet present death as a voyage in crossing the bar,1.0,1.0,1.0,8036,33,5148,16715,1.8344,0.000307,10
8,A,Scrambling,0.9,1.1,10,who were farmers who kept a small portion of their crops & gave the rest to the landowners,1.0,1.0,1.0,9392,35,5154,18125,1.8867,0.000119,10
8,A,Scrambling,0.9,1.1,10,what is pumped up kicks the song about,1.0,1.0,1.0,8436,33,5145,16922,1.8344,0.000141,10
8,A,Scrambling,0.9,1.1,10,2. what are the reasons states impose protectionists policies on other countries,1.0,1.0,1.0,8322,35,5150,16953,2.0253,0.000159,10
8,A,Scrambling,0.9,1.1,10,where are they building the new raiders stadium,1.0,1.0,1.0,8072,35,5145,16642,2.164,0.000102,10
8,A,Scrambling,0.9,1.1,10,what event provoked congress to propose the eleventh amendment and the states to ratify it,1.0,1.0,1.0,8411,35,5144,17137,1.973,0.000125,10
8,A,Scrambling,0.9,1.1,10,does joe die in the purge election year,1.0,1.0,1.0,8462,33,5146,17224,1.8344,0.000228,10
8,A,Noise,0.9,1.1,10,what is non controlling interest on balance sheet,0.9,0.941,0.8889,22297,190,11806,39116,2.0253,4.4e-05,9
8,A,Noise,0.9,1.1,10,how many episodes are in chicago fire season 4,1.0,1.0,0.9556,13991,102,7838,25874,1.6957,7.4e-05,10
8,A,Noise,0.9,1.1,10,who sings love will keep us alive by the eagles,0.9,0.9452,0.9444,10086,76,6109,19992,2.3026,2.6e-05,10
8,A,Noise,0.9,1.1,10,who is the leader of the ontario pc party,1.0,1.0,1.0,8479,62,5148,17107,2.0253,0.000276,10
8,A,Noise,0.9,1.1,10,nitty gritty dirt band fishin in the dark album,1.0,1.0,1.0,8175,61,5141,16675,1.6094,7.6e-05,10
8,A,Noise,0.9,1.1,10,who were the three elves who got rings,1.0,0.9999,0.9556,7782,58,5144,16346,2.0253,2.8e-05,10
8,A,Noise,0.9,1.1,10,converting stereo signal to mono signal is called,1.0,1.0,1.0,7138,61,5164,15827,1.6957,0.001217,10
8,A,Noise,0.9,1.1,10,in order to prove disparate impact you first must establish,1.0,1.0,0.9111,7867,57,5141,16518,1.7481,6.4e-05,10
8,A,Noise,0.9,1.1,10,where do characters live in this is us,1.0,1.0,0.9556,7742,63,5155,16547,2.0253,0.000139,10
8,A,Noise,0.9,1.1,10,who makes the decisions about what to produce in a market economy,1.0,1.0,1.0,7866,60,5142,16629,1.6434,9.4e-05,10
8,A,Noise,0.9,1.1,10,when is the new tappan zee bridge going to be finished,1.0,1.0,1.0,7676,59,5145,16593,1.5048,0.000342,10
8,A,Noise,0.9,1.1,10,who recorded i can't help falling in love with you,1.0,1.0,0.9556,8985,57,5140,17760,2.164,0.000208,10
8,A,Noise,0.9,1.1,10,who plays the doc in back to the future,1.0,1.0,1.0,8036,57,5152,16823,2.0253,0.00053,10
8,A,Noise,0.9,1.1,10,when did they stop cigarette advertising on television,1.0,1.0,1.0,7847,60,5162,16524,2.0253,0.000644,10
8,A,Noise,0.9,1.1,10,who has been chosen as the brand ambassador of the campaign 'beti bachao-beti padhao,1.0,1.0,1.0,9036,57,5140,17323,1.6957,0.000563,10
8,A,Noise,0.9,1.1,10,how many seasons of prison break are on netflix,0.9,0.9442,0.9444,8205,61,5149,16896,2.164,9.5e-05,9
8,A,Noise,0.9,1.1,10,what was the name of atom bomb dropped by usa on hiroshima,1.0,0.9999,0.9556,8376,59,5142,17191,1.8867,0.000111,10
8,A,Noise,0.9,1.1,10,when did the us take over wake island,1.0,1.0,1.0,7422,60,5151,15875,1.973,0.000678,10
8,A,Noise,0.9,1.1,10,when did american two party system began to emerge,1.0,1.0,0.9556,7655,58,5140,16125,1.7481,0.000195,10
8,A,Noise,0.9,1.1,10,where are the mitochondria located in the sperm,1.0,1.0,1.0,7589,57,5143,15950,2.164,0.000177,10
8,A,Noise,0.9,1.1,10,how many lines of symmetry are there in a equilateral triangle,0.9,0.9526,1.0,8093,63,5134,16570,2.0253,0.000376,10
8,A,Noise,0.9,1.1,10,how many seasons of the oc are there,1.0,1.0,0.9111,7756,59,5141,16825,1.8344,0.000924,10
8,A,Noise,0.9,1.1,10,latest season on keeping up with the kardashians,0.9,0.9571,1.0,7757,58,5143,16397,1.3592,0.000323,10
8,A,Noise,0.9,1.1,10,how dose the poet present death as a voyage in crossing the bar,1.0,0.9999,0.9556,8827,58,5144,17571,1.973,0.000323,10
8,A,Noise,0.9,1.1,10,who were farmers who kept a small portion of their crops & gave the rest to the landowners,1.0,1.0,1.0,9197,59,5144,17562,1.8344,0.000117,10
8,A,Noise,0.9,1.1,10,what is pumped up kicks the song about,1.0,1.0,0.9556,8831,57,5145,17573,2.0253,0.000148,10
8,A,Noise,0.9,1.1,10,2. what are the reasons states impose protectionists policies on other countries,1.0,1.0,1.0,8609,57,5144,16884,2.164,0.000157,10
8,A,Noise,0.9,1.1,10,where are they building the new raiders stadium,1.0,1.0,0.9556,7618,56,5142,15776,2.164,0.000104,10
8,A,Noise,0.9,1.1,10,what event provoked congress to propose the eleventh amendment and the states to ratify it,1.0,1.0,1.0,7558,62,5140,16284,1.973,0.000122,10
8,A,Noise,0.9,1.1,10,does joe die in the purge election year,1.0,1.0,1.0,7981,59,5137,16657,2.0253,0.000228,10
8,A,Combined,0.9,1.1,10,what is non controlling interest on balance sheet,1.0,0.9998,0.8667,22555,175,12390,39950,1.8867,3.8e-05,9
8,A,Combined,0.9,1.1,10,how many episodes are in chicago fire season 4,1.0,1.0,1.0,15116,102,8034,27500,1.7481,7.7e-05,10
8,A,Combined,0.9,1.1,10,who sings love will keep us alive by the eagles,0.9,0.9452,1.0,10561,74,5901,20396,2.164,2.9e-05,10
8,A,Combined,0.9,1.1,10,who is the leader of the ontario pc party,1.0,1.0,1.0,9380,61,5153,17888,2.0253,0.00027,10
8,A,Combined,0.9,1.1,10,nitty gritty dirt band fishin in the dark album,1.0,1.0,0.9111,8960,62,5141,17604,1.8344,7.7e-05,9
8,A,Combined,0.9,1.1,10,who were the three elves who got rings,1.0,0.9999,0.9556,8949,58,5149,17724,1.8344,2.7e-05,9
8,A,Combined,0.9,1.1,10,converting stereo signal to mono signal is called,1.0,1.0,0.9556,8400,60,5145,17147,1.8867,0.00116,9
8,A,Combined,0.9,1.1,10,in order to prove disparate impact you first must establish,1.0,1.0,0.9556,7354,60,5153,15794,1.973,6.1e-05,10
8,A,Combined,0.9,1.1,10,where do characters live in this is us,1.0,1.0,1.0,8514,58,5152,17019,2.0253,0.00015,10
8,A,Combined,0.9,1.1,10,who makes the decisions about what to produce in a market economy,1.0,1.0,1.0,8169,60,5142,16565,1.8344,9.2e-05,10
8,A,Combined,0.9,1.1,10,when is the new tappan zee bridge going to be finished,1.0,1.0,1.0,8689,60,5148,17232,1.6957,0.00035,10
8,A,Combined,0.9,1.1,10,who recorded i can't help falling in love with you,1.0,1.0,0.9556,8300,59,5145,18409,2.164,0.000214,10
8,A,Combined,0.9,1.1,10,who plays the doc in back to the future,1.0,1.0,0.9556,9175,59,5160,17354,1.8344,0.000564,10
8,A,Combined,0.9,1.1,10,when did they stop cigarette advertising on television,1.0,1.0,1.0,9126,62,5153,17770,2.0253,0.00065,10
8,A,Combined,0.9,1.1,10,who has been chosen as the brand ambassador of the campaign 'beti bachao-beti padhao,1.0,1.0,1.0,9608,62,5149,17887,1.8867,0.000561,10
8,A,Combined,0.9,1.1,10,how many seasons of prison break are on netflix,1.0,0.9999,0.9556,9368,59,5159,16962,1.6957,9.5e-05,10
8,A,Combined,0.9,1.1,10,what was the name of atom bomb dropped by usa on hiroshima,0.9,0.9455,0.8889,8718,64,5162,16346,1.8867,0.000101,10
8,A,Combined,0.9,1.1,10,when did the us take over wake island,1.0,1.0,0.9556,9190,61,5152,17195,1.973,0.000661,10
8,A,Combined,0.9,1.1,10,when did american two party system began to emerge,0.9,0.9482,1.0,8597,65,5147,16671,1.6094,0.000176,9
8,A,Combined,0.9,1.1,10,where are the mitochondria located in the sperm,1.0,1.0,1.0,8197,63,5147,15597,2.164,0.00017,10
8,A,Combined,0.9,1.1,10,how many lines of symmetry are there in a equilateral triangle,1.0,1.0,1.0,8863,60,5147,16271,2.164,0.000389,10
8,A,Combined,0.9,1.1,10,how many seasons of the oc are there,1.0,1.0,0.9556,8046,61,5153,15713,1.8867,0.000941,10
8,A,Combined,0.9,1.1,10,latest season on keeping up with the kardashians,1.0,1.0,0.9111,9060,61,5165,17991,1.3592,0.000316,10
8,A,Combined,0.9,1.1,10,how dose the poet present death as a voyage in crossing the bar,1.0,1.0,0.9556,7840,61,5151,16602,1.8344,0.000312,9
8,A,Combined,0.9,1.1,10,who were farmers who kept a small portion of their crops & gave the rest to the landowners,1.0,1.0,1.0,8914,60,5147,17649,1.8867,0.000121,10
8,A,Combined,0.9,1.1,10,what is pumped up kicks the song about,1.0,1.0,1.0,9053,58,5140,17890,1.8867,0.000139,10
8,A,Combined,0.9,1.1,10,2. what are the reasons states impose protectionists policies on other countries,1.0,1.0,1.0,8224,61,5142,16844,2.164,0.000149,10
8,A,Combined,0.9,1.1,10,where are they building the new raiders stadium,1.0,1.0,0.9556,8165,58,5146,17257,2.164,0.000101,10
8,A,Combined,0.9,1.1,10,what event provoked congress to propose the eleventh amendment and the states to ratify it,1.0,1.0,0.9556,8802,61,5137,17825,1.8344,0.000124,10
8,A,Combined,0.9,1.1,10,does joe die in the purge election year,1.0,1.0,1.0,8601,59,5143,17561,2.0253,0.000236,10
8,A,Rome,1.0,1.0,10,what is non controlling interest on balance sheet,1.0,1.0,1.0,17117,12591,6780,39492,1.8867,4e-05,10
8,A,Rome,1.0,1.0,10,how many episodes are in chicago fire season 4,1.0,1.0,1.0,9088,5835,6766,24996,1.6957,7.6e-05,10
8,A,Rome,1.0,1.0,10,who sings love will keep us alive by the eagles,1.0,1.0,1.0,9419,5847,6767,24870,2.164,2.7e-05,10
8,A,Rome,1.0,1.0,10,who is the leader of the ontario pc party,1.0,1.0,1.0,9214,5866,6762,24924,1.7481,0.000275,10
8,A,Rome,1.0,1.0,10,nitty gritty dirt band fishin in the dark album,1.0,1.0,1.0,8939,5827,6758,25107,1.7481,7.7e-05,10
8,A,Rome,1.0,1.0,10,who were the three elves who got rings,1.0,1.0,1.0,8739,5818,6743,25139,2.0253,2.8e-05,10
8,A,Rome,1.0,1.0,10,converting stereo signal to mono signal is called,1.0,1.0,1.0,8702,5767,6754,24825,1.6957,0.001218,10
8,A,Rome,1.0,1.0,10,in order to prove disparate impact you first must establish,1.0,1.0,1.0,8453,5766,6755,24689,1.8344,6e-05,9
8,A,Rome,1.0,1.0,10,where do characters live in this is us,1.0,1.0,1.0,8932,5840,6748,24238,2.0253,0.000148,10
8,A,Rome,1.0,1.0,10,who makes the decisions about what to produce in a market economy,1.0,1.0,1.0,9596,5793,6774,26222,1.6434,9.2e-05,9
8,A,Rome,1.0,1.0,10,when is the new tappan zee bridge going to be finished,1.0,1.0,1.0,8757,5801,6751,24629,1.6957,0.000355,10
8,A,Rome,1.0,1.0,10,who recorded i can't help falling in love with you,1.0,1.0,1.0,8238,5907,6694,24272,2.0253,0.000217,10
8,A,Rome,1.0,1.0,10,who plays the doc in back to the future,1.0,1.0,1.0,9833,5775,6752,26026,2.0253,0.000551,10
8,A,Rome,1.0,1.0,10,when did they stop cigarette advertising on television,1.0,1.0,1.0,8252,5780,6758,24031,2.0253,0.000669,10
8,A,Rome,1.0,1.0,10,who has been chosen as the brand ambassador of the campaign 'beti bachao-beti padhao,1.0,1.0,1.0,9425,5754,6747,25312,1.6957,0.000573,10
8,A,Rome,1.0,1.0,10,how many seasons of prison break are on netflix,1.0,1.0,1.0,7846,5757,6748,23928,1.973,9.4e-05,10
8,A,Rome,1.0,1.0,10,what was the name of atom bomb dropped by usa on hiroshima,1.0,1.0,1.0,8544,5784,6747,24458,1.8867,0.00011,9
8,A,Rome,1.0,1.0,10,when did the us take over wake island,1.0,1.0,1.0,8726,5755,6741,24004,1.973,0.000696,10
8,A,Rome,1.0,1.0,10,when did american two party system began to emerge,1.0,1.0,1.0,8880,5818,6762,24320,1.6094,0.00019,10
8,A,Rome,1.0,1.0,10,where are the mitochondria located in the sperm,1.0,1.0,1.0,8119,5772,6743,24242,2.164,0.00018,10
8,A,Rome,1.0,1.0,10,how many lines of symmetry are there in a equilateral triangle,1.0,1.0,1.0,9028,5779,6743,25047,2.164,0.000394,10
8,A,Rome,1.0,1.0,10,how many seasons of the oc are there,1.0,1.0,1.0,9185,5761,6738,24831,1.8867,0.000938,10
8,A,Rome,1.0,1.0,10,latest season on keeping up with the kardashians,1.0,1.0,1.0,9431,5786,6736,24587,1.3592,0.000327,10
8,A,Rome,1.0,1.0,10,how dose the poet present death as a voyage in crossing the bar,1.0,1.0,1.0,8270,5874,6758,24754,1.8344,0.000307,10
8,A,Rome,1.0,1.0,10,who were farmers who kept a small portion of their crops & gave the rest to the landowners,1.0,1.0,1.0,10393,5811,6742,26492,1.8867,0.000119,10
8,A,Rome,1.0,1.0,10,what is pumped up kicks the song about,1.0,1.0,1.0,8288,5815,6738,24268,1.8344,0.000141,10
8,A,Rome,1.0,1.0,10,2. what are the reasons states impose protectionists policies on other countries,1.0,1.0,1.0,8629,5817,6750,24437,2.0253,0.000159,10
8,A,Rome,1.0,1.0,10,where are they building the new raiders stadium,1.0,1.0,1.0,7828,5854,6752,23904,2.164,0.000102,10
8,A,Rome,1.0,1.0,10,what event provoked congress to propose the eleventh amendment and the states to ratify it,1.0,1.0,1.0,8306,5865,6750,24486,1.973,0.000125,10
8,A,Rome,1.0,1.0,10,does joe die in the purge election year,1.0,1.0,1.0,7952,5847,6774,24332,1.8344,0.000228,10
8,A,RomeCombined,0.9,1.1,10,what is non controlling interest on balance sheet,0.9,0.941,0.9444,22368,13258,13105,52751,2.0253,3.8e-05,10
8,A,RomeCombined,0.9,1.1,10,how many episodes are in chicago fire season 4,0.9,0.9426,0.8889,11638,7731,7830,31025,1.6957,7.4e-05,8
8,A,RomeCombined,0.9,1.1,10,who sings love will keep us alive by the eagles,1.0,1.0,1.0,8835,5788,6750,24859,2.3026,2.6e-05,10
8,A,RomeCombined,0.9,1.1,10,who is the leader of the ontario pc party,1.0,1.0,0.9556,8602,5809,6738,24849,1.8344,0.000264,10
8,A,RomeCombined,0.9,1.1,10,nitty gritty dirt band fishin in the dark album,1.0,1.0,0.9556,8152,5813,6747,24195,1.7481,7.7e-05,10
8,A,RomeCombined,0.9,1.1,10,who were the three elves who got rings,1.0,0.9999,0.9556,8347,5787,6741,24482,2.0253,2.9e-05,10
8,A,RomeCombined,0.9,1.1,10,converting stereo signal to mono signal is called,1.0,1.0,1.0,8096,5785,6746,24167,1.6957,0.001192,10
8,A,RomeCombined,0.9,1.1,10,in order to prove disparate impact you first must establish,1.0,1.0,0.9111,7541,5796,6744,23742,1.7481,5.9e-05,10
8,A,RomeCombined,0.9,1.1,10,where do characters live in this is us,1.0,1.0,1.0,8008,5799,6741,24210,2.0253,0.000144,10
8,A,RomeCombined,0.9,1.1,10,who makes the decisions about what to produce in a market economy,1.0,0.9999,0.8667,8855,5798,6757,24972,1.8344,8.8e-05,9
8,A,RomeCombined,0.9,1.1,10,when is the new tappan zee bridge going to be finished,1.0,1.0,1.0,9036,5790,6745,25162,1.6957,0.000355,10
8,A,RomeCombined,0.9,1.1,10,who recorded i can't help falling in love with you,1.0,1.0,0.9556,9440,5789,6749,25529,1.8867,0.000211,10
8,A,RomeCombined,0.9,1.1,10,who plays the doc in back to the future,1.0,1.0,1.0,8814,5784,6742,24673,2.0253,0.000557,10
8,A,RomeCombined,0.9,1.1,10,when did they stop cigarette advertising on television,1.0,1.0,1.0,8413,5790,6756,24459,2.164,0.000663,10
8,A,RomeCombined,0.9,1.1,10,who has been chosen as the brand ambassador of the campaign 'beti bachao-beti padhao,1.0,1.0,0.9556,9232,5793,6743,25225,1.8867,0.000559,10
8,A,RomeCombined,0.9,1.1,10,how many seasons of prison break are on netflix,0.9,0.9442,0.9444,7626,5792,6741,23551,2.0253,9.4e-05,10
8,A,RomeCombined,0.9,1.1,10,what was the name of atom bomb dropped by usa on hiroshima,1.0,0.9999,0.9556,8186,5791,6780,23994,1.8867,0.00011,9
8,A,RomeCombined,0.9,1.1,10,when did the us take over wake island,0.9,0.9517,1.0,9299,5810,6742,25010,1.973,0.000704,10
8,A,RomeCombined,0.9,1.1,10,when did american two party system began to emerge,1.0,1.0,0.9556,8419,5978,6737,23508,1.7481,0.000192,10
8,A,RomeCombined,0.9,1.1,10,where are the mitochondria located in the sperm,1.0,1.0,0.9556,8064,5955,6741,23089,2.0253,0.000174,10
8,A,RomeCombined,0.9,1.1,10,how many lines of symmetry are there in a equilateral triangle,1.0,1.0,1.0,8535,5838,6746,23447,2.164,0.000392,10
8,A,RomeCombined,0.9,1.1,10,how many seasons of the oc are there,1.0,0.9999,0.9111,8183,5842,6883,24196,1.8867,0.000922,10
8,A,RomeCombined,0.9,1.1,10,latest season on keeping up with the kardashians,1.0,1.0,0.9556,9083,5844,6767,25399,1.3592,0.000327,10
8,A,RomeCombined,0.9,1.1,10,how dose the poet present death as a voyage in crossing the bar,1.0,1.0,0.9556,9138,5782,6747,25103,1.973,0.000313,10
8,A,RomeCombined,0.9,1.1,10,who were farmers who kept a small portion of their crops & gave the rest to the landowners,1.0,1.0,1.0,8190,5785,6741,24204,2.0253,0.000116,10
8,A,RomeCombined,0.9,1.1,10,what is pumped up kicks the song about,0.9,0.9459,1.0,9509,5833,6752,25583,1.8867,0.000139,10
8,A,RomeCombined,0.9,1.1,10,2. what are the reasons states impose protectionists policies on other countries,1.0,1.0,1.0,8398,5789,6783,24665,2.164,0.000161,10
8,A,RomeCombined,0.9,1.1,10,where are they building the new raiders stadium,1.0,1.0,0.9556,7639,5788,6751,23719,2.164,9.7e-05,10
8,A,RomeCombined,0.9,1.1,10,what event provoked congress to propose the eleventh amendment and the states to ratify it,1.0,1.0,1.0,8213,5791,6737,24165,1.973,0.000126,10
8,A,RomeCombined,0.9,1.1,10,does joe die in the purge election year,1.0,1.0,0.9556,8064,5797,6739,24106,2.164,0.00022,10
8,A,Ckks,1.0,1.0,10,what is non controlling interest on balance sheet,1.0,1.0,1.0,21827,90555,36630443,36745720,1.8867,4e-05,10
8,A,Ckks,1.0,1.0,10,how many episodes are in chicago fire season 4,1.0,1.0,1.0,9708,69045,36647664,36731026,1.6957,7.6e-05,10
8,A,Ckks,1.0,1.0,10,who sings love will keep us alive by the eagles,1.0,1.0,1.0,11257,68873,36692359,36778039,2.164,2.7e-05,10
8,A,Ckks,1.0,1.0,10,who is the leader of the ontario pc party,1.0,1.0,1.0,12031,68228,36792798,36877400,1.7481,0.000275,10
8,A,Ckks,1.0,1.0,10,nitty gritty dirt band fishin in the dark album,1.0,1.0,1.0,11494,68688,36750921,36835558,1.7481,7.7e-05,10
8,A,Ckks,1.0,1.0,10,who were the three elves who got rings,1.0,1.0,1.0,9944,66877,36712917,36794062,2.0253,2.8e-05,10
8,A,Ckks,1.0,1.0,10,converting stereo signal to mono signal is called,1.0,1.0,1.0,9732,66919,36603277,36684329,1.6957,0.001218,10
8,A,Ckks,1.0,1.0,10,in order to prove disparate impact you first must establish,1.0,1.0,1.0,10851,66756,36643071,36724730,1.8344,6e-05,9
8,A,Ckks,1.0,1.0,10,where do characters live in this is us,1.0,1.0,1.0,10077,70453,36686332,36770986,2.0253,0.000148,10
8,A,Ckks,1.0,1.0,10,who makes the decisions about what to produce in a market economy,1.0,1.0,1.0,9959,69328,36681476,36765039,1.6434,9.2e-05,9
8,A,Ckks,1.0,1.0,10,when is the new tappan zee bridge going to be finished,1.0,1.0,1.0,9642,66720,36651283,36732266,1.6957,0.000355,10
8,A,Ckks,1.0,1.0,10,who recorded i can't help falling in love with you,1.0,1.0,1.0,9525,68488,36642910,36725302,2.0253,0.000217,10
8,A,Ckks,1.0,1.0,10,who plays the doc in back to the future,1.0,1.0,1.0,10694,68242,36770466,36851822,2.0253,0.000551,10
8,A,Ckks,1.0,1.0,10,when did they stop cigarette advertising on television,1.0,1.0,1.0,9681,68738,36631139,36713992,2.0253,0.000669,10
8,A,Ckks,1.0,1.0,10,who has been chosen as the brand ambassador of the campaign 'beti bachao-beti padhao,1.0,1.0,1.0,11468,67411,36664485,36747504,1.6957,0.000573,10
8,A,Ckks,1.0,1.0,10,how many seasons of prison break are on netflix,1.0,1.0,1.0,8893,66766,36607158,36686925,1.973,9.4e-05,10
8,A,Ckks,1.0,1.0,10,what was the name of atom bomb dropped by usa on hiroshima,1.0,1.0,1.0,9750,65962,36587091,36667375,1.8867,0.00011,9
8,A,Ckks,1.0,1.0,10,when did the us take over wake island,1.0,1.0,1.0,9629,67991,36679386,36761264,1.973,0.000696,10
8,A,Ckks,1.0,1.0,10,when did american two party system began to emerge,1.0,1.0,1.0,9758,68090,36661478,36743620,1.6094,0.00019,10
8,A,Ckks,1.0,1.0,10,where are the mitochondria located in the sperm,1.0,1.0,1.0,10124,66664,36642650,36723849,2.164,0.00018,10
8,A,Ckks,1.0,1.0,10,how many lines of symmetry are there in a equilateral triangle,1.0,1.0,1.0,10400,66879,36598226,36678193,2.164,0.000394,10
8,A,Ckks,1.0,1.0,10,how many seasons of the oc are there,1.0,1.0,1.0,11373,69726,36746006,36831275,1.8867,0.000938,10
8,A,Ckks,1.0,1.0,10,latest season on keeping up with the kardashians,1.0,1.0,1.0,10808,66975,36591950,36673224,1.3592,0.000327,10
8,A,Ckks,1.0,1.0,10,how dose the poet present death as a voyage in crossing the bar,1.0,1.0,1.0,10162,66411,36626148,36707095,1.8344,0.000307,10
8,A,Ckks,1.0,1.0,10,who were farmers who kept a small portion of their crops & gave the rest to the landowners,1.0,1.0,1.0,9958,66652,36651951,36733332,1.8867,0.000119,10
8,A,Ckks,1.0,1.0,10,what is pumped up kicks the song about,1.0,1.0,1.0,11381,66367,36554253,36636303,1.8344,0.000141,10
8,A,Ckks,1.0,1.0,10,2. what are the reasons states impose protectionists policies on other countries,1.0,1.0,1.0,10438,70566,36711370,36796579,2.0253,0.000159,10
8,A,Ckks,1.0,1.0,10,where are they building the new raiders stadium,1.0,1.0,1.0,10447,68684,36671527,36755103,2.164,0.000102,10
8,A,Ckks,1.0,1.0,10,what event provoked congress to propose the eleventh amendment and the states to ratify it,1.0,1.0,1.0,9761,67421,36677181,36757045,1.973,0.000125,10
8,A,Ckks,1.0,1.0,10,does joe die in the purge election year,1.0,1.0,1.0,10017,69793,36633202,36717046,1.8344,0.000228,10
8,A,CkksCombined,0.9,1.1,10,what is non controlling interest on balance sheet,1.0,0.9998,0.8222,23259,91694,36633153,36750611,1.8867,4.3e-05,10
8,A,CkksCombined,0.9,1.1,10,how many episodes are in chicago fire season 4,1.0,1.0,0.9556,9286,67658,36674150,36755090,1.6957,7.3e-05,10
8,A,CkksCombined,0.9,1.1,10,who sings love will keep us alive by the eagles,1.0,1.0,1.0,9985,67310,36651766,36733348,2.164,2.7e-05,10
8,A,CkksCombined,0.9,1.1,10,who is the leader of the ontario pc party,1.0,1.0,1.0,9953,66830,36631702,36712798,1.8344,0.000278,10
8,A,CkksCombined,0.9,1.1,10,nitty gritty dirt band fishin in the dark album,1.0,1.0,1.0,10809,69980,36850032,36935412,1.973,7.7e-05,10
8,A,CkksCombined,0.9,1.1,10,who were the three elves who got rings,1.0,0.9996,0.9111,11073,65919,36580991,36662442,1.8867,2.7e-05,9
8,A,CkksCombined,0.9,1.1,10,converting stereo signal to mono signal is called,1.0,1.0,1.0,10138,66852,36859837,36941051,1.6957,0.001191,10
8,A,CkksCombined,0.9,1.1,10,in order to prove disparate impact you first must establish,1.0,1.0,0.9556,10081,69354,36744841,36827723,1.8344,6e-05,10
8,A,CkksCombined,0.9,1.1,10,where do characters live in this is us,1.0,1.0,0.9556,12113,68041,36592821,36677877,2.0253,0.000145,10
8,A,CkksCombined,0.9,1.1,10,who makes the decisions about what to produce in a market economy,1.0,1.0,0.9556,13112,67779,36614614,36698436,1.8344,9.2e-05,10
8,A,CkksCombined,0.9,1.1,10,when is the new tappan zee bridge going to be finished,1.0,0.9999,0.9556,9125,67433,36650240,36729818,1.6957,0.000362,10
8,A,CkksCombined,0.9,1.1,10,who recorded i can't help falling in love with you,1.0,1.0,1.0,10428,68538,36663189,36747068,2.0253,0.000226,10
8,A,CkksCombined,0.9,1.1,10,who plays the doc in back to the future,1.0,0.9999,0.9556,12582,68542,36650352,36736323,1.8344,0.000538,10
8,A,CkksCombined,0.9,1.1,10,when did they stop cigarette advertising on television,1.0,1.0,1.0,9783,66711,36682476,36764033,2.0253,0.000683,10
8,A,CkksCombined,0.9,1.1,10,who has been chosen as the brand ambassador of the campaign 'beti bachao-beti padhao,1.0,1.0,0.9556,11363,63670,36535425,36614860,1.6957,0.000555,10
8,A,CkksCombined,0.9,1.1,10,how many seasons of prison break are on netflix,0.9,0.9443,1.0,9293,67077,36643476,36723961,2.164,9.1e-05,10
8,A,CkksCombined,0.9,1.1,10,what was the name of atom bomb dropped by usa on hiroshima,0.9,0.9456,1.0,9543,68492,36657874,36740134,1.8867,0.000109,10
8,A,CkksCombined,0.9,1.1,10,when did the us take over wake island,0.9,0.9517,1.0,9249,67239,36609478,36690429,1.973,0.000691,10
8,A,CkksCombined,0.9,1.1,10,when did american two party system began to emerge,1.0,1.0,1.0,10026,67824,36694846,36776173,1.6094,0.000174,9
8,A,CkksCombined,0.9,1.1,10,where are the mitochondria located in the sperm,1.0,1.0,1.0,9891,68365,36691584,36774005,2.3026,0.000184,10
8,A,CkksCombined,0.9,1.1,10,how many lines of symmetry are there in a equilateral triangle,1.0,1.0,1.0,11120,70264,36696409,36782164,2.164,0.000396,10
8,A,CkksCombined,0.9,1.1,10,how many seasons of the oc are there,1.0,1.0,0.9556,10218,69610,36649171,36733763,1.8867,0.000913,10
8,A,CkksCombined,0.9,1.1,10,latest season on keeping up with the kardashians,1.0,1.0,1.0,9292,66939,36650598,36729805,1.4979,0.000317,10
8,A,CkksCombined,0.9,1.1,10,how dose the poet present death as a voyage in crossing the bar,1.0,1.0,0.9556,10910,67055,36605897,36686443,2.0253,0.000302,10
8,A,CkksCombined,0.9,1.1,10,who were farmers who kept a small portion of their crops & gave the rest to the landowners,1.0,1.0,0.9556,11158,68771,36635554,36719829,1.8344,0.00012,10
8,A,CkksCombined,0.9,1.1,10,what is pumped up kicks the song about,0.9,0.9456,0.9444,9653,68565,36711368,36793910,1.8867,0.000136,10
8,A,CkksCombined,0.9,1.1,10,2. what are the reasons states impose protectionists policies on other countries,1.0,1.0,1.0,9332,68000,36617201,36698758,2.3026,0.000164,10
8,A,CkksCombined,0.9,1.1,10,where are they building the new raiders stadium,1.0,1.0,1.0,10415,65055,36632226,36711727,2.3026,9.8e-05,10
8,A,CkksCombined,0.9,1.1,10,what event provoked congress to propose the eleventh amendment and the states to ratify it,1.0,1.0,0.9556,12194,68221,36636054,36720981,1.973,0.000125,10
8,A,CkksCombined,0.9,1.1,10,does joe die in the purge election year,1.0,1.0,0.9556,10614,69320,36687014,36771247,2.0253,0.000227,10
9,A,Scrambling,0.9,1.1,10,what is non controlling interest on balance sheet,1.0,1.0,1.0,20705,123,12276,37947,1.8867,4e-05,10
9,A,Scrambling,0.9,1.1,10,how many episodes are in chicago fire season 4,1.0,1.0,1.0,13643,58,7961,25661,1.6957,7.6e-05,10
9,A,Scrambling,0.9,1.1,10,who sings love will keep us alive by the eagles,1.0,1.0,1.0,10881,40,5888,20571,2.164,2.7e-05,10
9,A,Scrambling,0.9,1.1,10,who is the leader of the ontario pc party,1.0,1.0,1.0,8814,33,5156,17560,1.7481,0.000275,10
9,A,Scrambling,0.9,1.1,10,nitty gritty dirt band fishin in the dark album,1.0,1.0,1.0,8651,36,5144,17371,1.7481,7.7e-05,10
9,A,Scrambling,0.9,1.1,10,who were the three elves who got rings,1.0,1.0,1.0,8662,35,5155,17354,2.0253,2.8e-05,10
9,A,Scrambling,0.9,1.1,10,converting stereo signal to mono signal is called,1.0,1.0,1.0,8103,35,5159,17073,1.6957,0.001218,10
9,A,Scrambling,0.9,1.1,10,in order to prove disparate impact you first must establish,1.0,1.0,1.0,8055,34,5144,16905,1.8344,6e-05,9
9,A,Scrambling,0.9,1.1,10,where do characters live in this is us,1.0,1.0,1.0,8047,34,5157,16933,2.0253,0.000148,10
9,A,Scrambling,0.9,1.1,10,who makes the decisions about what to produce in a market economy,1.0,1.0,1.0,7936,33,5143,16532,1.6434,9.2e-05,9
9,A,Scrambling,0.9,1.1,10,when is the new tappan zee bridge going to be finished,1.0,1.0,1.0,8709,34,5137,17418,1.6957,0.000355,10
9,A,Scrambling,0.9,1.1,10,who recorded i can't help falling in love with you,1.0,1.0,1.0,8279,35,5145,16984,2.0253,0.000217,10
9,A,Scrambling,0.9,1.1,10,who plays the doc in back to the future,1.0,1.0,1.0,8479,34,5142,17115,2.0253,0.000551,10
9,A,Scrambling,0.9,1.1,10,when did they stop cigarette advertising on television,1.0,1.0,1.0,9130,34,5146,17790,2.0253,0.000669,10
9,A,Scrambling,0.9,1.1,10,who has been chosen as the brand ambassador of the campaign 'beti bachao-beti padhao,1.0,1.0,1.0,8789,32,5147,17800,1.6957,0.000573,10
9,A,Scrambling,0.9,1.1,10,how many seasons of prison break are on netflix,1.0,1.0,1.0,8302,34,5143,16876,1.973,9.4e-05,10
9,A,Scrambling,0.9,1.1,10,what was the name of atom bomb dropped by usa on hiroshima,1.0,1.0,1.0,8360,33,5155,17293,1.8867,0.00011,9
9,A,Scrambling,0.9,1.1,10,when did the us take over wake island,1.0,1.0,1.0,8292,34,5145,15976,1.973,0.000696,10
9,A,Scrambling,0.9,1.1,10,when did american two party system began to emerge,1.0,1.0,1.0,8758,34,5681,18178,1.6094,0.00019,10
9,A,Scrambling,0.9,1.1,10,where are the mitochondria located in the sperm,1.0,1.0,1.0,8788,35,5145,17046,2.164,0.00018,10
9,A,Scrambling,0.9,1.1,10,how many lines of symmetry are there in a equilateral triangle,1.0,1.0,1.0,8593,38,5149,16242,2.164,0.000394,10
9,A,Scrambling,0.9,1.1,10,how many seasons of the oc are there,1.0,1.0,1.0,7993,35,5157,15590,1.8867,0.000938,10
9,A,Scrambling,0.9,1.1,10,latest season on keeping up with the kardashians,1.0,1.0,1.0,8575,33,5149,16332,1.3592,0.000327,10
9,A,Scrambling,0.9,1.1,10,how dose the poet present death as a voyage in crossing the bar,1.0,1.0,1.0,8430,35,5142,15934,1.8344,0.000307,10
9,A,Scrambling,0.9,1.1,10,who were farmers who kept a small portion of their crops & gave the rest to the landowners,1.0,1.0,1.0,7999,35,5147,15526,1.8867,0.000119,10
9,A,Scrambling,0.9,1.1,10,what is pumped up kicks the song about,1.0,1.0,1.0,9759,34,5143,18017,1.8344,0.000141,10
9,A,Scrambling,0.9,1.1,10,2. what are the reasons states impose protectionists policies on other countries,1.0,1.0,1.0,8441,34,5161,16267,2.0253,0.000159,10
9,A,Scrambling,0.9,1.1,10,where are they building the new raiders stadium,1.0,1.0,1.0,9204,35,5144,18468,2.164,0.000102,10
9,A,Scrambling,0.9,1.1,10,what event provoked congress to propose the eleventh amendment and the states to ratify it,1.0,1.0,1.0,8134,34,5162,16877,1.973,0.000125,10
9,A,Scrambling,0.9,1.1,10,does joe die in the purge election year,1.0,1.0,1.0,8591,33,5128,17257,1.8344,0.000228,10
9,A,Noise,0.9,1.1,10,what is non controlling interest on balance sheet,0.9,0.941,0.9444,18419,157,10871,32123,1.973,3.9e-05,9
9,A,Noise,0.9,1.1,10,how many episodes are in chicago fire season 4,0.9,0.9424,0.9444,11230,71,5832,19750,1.6957,7.8e-05,10
9,A,Noise,0.9,1.1,10,who sings love will keep us alive by the eagles,1.0,1.0,1.0,9735,84,6468,19031,2.3026,2.7e-05,10
9,A,Noise,0.9,1.1,10,who is the leader of the ontario pc party,1.0,1.0,0.9556,9399,62,5145,18375,1.7481,0.000269,10
9,A,Noise,0.9,1.1,10,nitty gritty dirt band fishin in the dark album,1.0,1.0,1.0,8791,61,5149,17837,1.8344,7.4e-05,10
9,A,Noise,0.9,1.1,10,who were the three elves who got rings,1.0,1.0,1.0,8302,63,5144,17032,2.0253,2.7e-05,10
9,A,Noise,0.9,1.1,10,converting stereo signal to mono signal is called,1.0,1.0,1.0,8580,60,5159,17345,1.6957,0.001196,10
9,A,Noise,0.9,1.1,10,in order to prove disparate impact you first must establish,1.0,1.0,1.0,8842,62,5175,17557,1.8867,5.9e-05,10
9,A,Noise,0.9,1.1,10,where do characters live in this is us,1.0,1.0,1.0,9316,62,5151,19656,2.0253,0.000146,10
9,A,Noise,0.9,1.1,10,who makes the decisions about what to produce in a market economy,1.0,0.9999,0.8667,9312,62,5156,17920,1.6434,8.9e-05,9
9,A,Noise,0.9,1.1,10,when is the new tappan zee bridge going to be finished,1.0,1.0,0.9111,8422,60,5156,16896,1.4979,0.00036,10
9,A,Noise,0.9,1.1,10,who recorded i can't help falling in love with you,1.0,1.0,0.9556,9682,61,5192,18265,2.0253,0.000215,10
9,A,Noise,0.9,1.1,10,who plays the doc in back to the future,1.0,1.0,1.0,8639,63,5162,17046,2.0253,0.000555,10
9,A,Noise,0.9,1.1,10,when did they stop cigarette advertising on television,1.0,1.0,1.0,8637,60,5148,17519,2.164,0.00065,10
9,A,Noise,0.9,1.1,10,who has been chosen as the brand ambassador of the campaign 'beti bachao-beti padhao,1.0,1.0,0.9556,9276,62,5171,17705,1.6957,0.000551,10
9,A,Noise,0.9,1.1,10,how many seasons of prison break are on netflix,1.0,1.0,1.0,9054,63,5147,17776,1.6957,9e-05,10
9,A,Noise,0.9,1.1,10,what was the name of atom bomb dropped by usa on hiroshima,1.0,1.0,1.0,8476,60,5151,17191,2.0253,0.000109,10
9,A,Noise,0.9,1.1,10,when did the us take over wake island,0.9,0.9517,0.9444,8837,65,5158,17592,1.973,0.000677,10
9,A,Noise,0.9,1.1,10,when did american two party system began to emerge,0.9,0.946,1.0,8171,60,5149,16812,1.8344,0.000193,10
9,A,Noise,0.9,1.1,10,where are the mitochondria located in the sperm,1.0,1.0,1.0,8875,59,5150,17704,2.0253,0.000172,10
9,A,Noise,0.9,1.1,10,how many lines of symmetry are there in a equilateral triangle,1.0,1.0,1.0,7765,60,5147,16867,2.164,0.00039,10
9,A,Noise,0.9,1.1,10,how many seasons of the oc are there,1.0,1.0,0.9111,7858,59,5146,16750,2.0253,0.000965,10
9,A,Noise,0.9,1.1,10,latest season on keeping up with the kardashians,0.9,0.9572,1.0,8076,58,5144,16449,1.3592,0.000318,9
9,A,Noise,0.9,1.1,10,how dose the poet present death as a voyage in crossing the bar,1.0,1.0,1.0,8197,62,5167,16909,2.0253,0.000302,10
9,A,Noise,0.9,1.1,10,who were farmers who kept a small portion of their crops & gave the rest to the landowners,1.0,0.9999,0.9556,8256,60,5148,16917,1.8344,0.000111,10
9,A,Noise,0.9,1.1,10,what is pumped up kicks the song about,0.9,0.9459,1.0,8382,60,5132,17108,2.0253,0.00014,10
9,A,Noise,0.9,1.1,10,2. what are the reasons states impose protectionists policies on other countries,1.0,1.0,0.9556,7807,61,5153,16439,2.164,0.000151,10
9,A,Noise,0.9,1.1,10,where are they building the new raiders stadium,1.0,1.0,1.0,7579,60,5147,16293,2.164,0.000101,9
9,A,Noise,0.9,1.1,10,what event provoked congress to propose the eleventh amendment and the states to ratify it,1.0,1.0,1.0,7282,59,5145,16027,2.164,0.000116,10
9,A,Noise,0.9,1.1,10,does joe die in the purge election year,1.0,1.0,1.0,8975,62,5064,16731,2.164,0.000223,10
9,A,Combined,0.9,1.1,10,what is non controlling interest on balance sheet,1.0,1.0,1.0,21163,175,11953,38063,1.8344,3.6e-05,9
9,A,Combined,0.9,1.1,10,how many episodes are in chicago fire season 4,1.0,1.0,0.9556,14087,102,7782,25594,1.8867,7.6e-05,10
9,A,Combined,0.9,1.1,10,who sings love will keep us alive by the eagles,1.0,1.0,1.0,9606,73,5877,19174,2.3026,2.7e-05,10
9,A,Combined,0.9,1.1,10,who is the leader of the ontario pc party,1.0,1.0,1.0,8534,60,5148,17071,1.8344,0.000271,10
9,A,Combined,0.9,1.1,10,nitty gritty dirt band fishin in the dark album,1.0,1.0,1.0,8473,62,5144,16904,1.8344,7.5e-05,9
9,A,Combined,0.9,1.1,10,who were the three elves who got rings,1.0,1.0,0.9111,7695,60,5143,16255,2.0253,2.9e-05,10
9,A,Combined,0.9,1.1,10,converting stereo signal to mono signal is called,1.0,1.0,1.0,8130,62,5140,16711,1.6957,0.001176,10
9,A,Combined,0.9,1.1,10,in order to prove disparate impact you first must establish,1.0,1.0,1.0,7871,58,5144,16116,1.6957,5.9e-05,10
9,A,Combined,0.9,1.1,10,where do characters live in this is us,1.0,1.0,0.9556,7936,60,5146,16216,2.0253,0.000146,10
9,A,Combined,0.9,1.1,10,who makes the decisions about what to produce in a market economy,1.0,1.0,0.9556,8227,59,5145,16617,1.6957,9e-05,10
9,A,Combined,0.9,1.1,10,when is the new tappan zee bridge going to be finished,1.0,1.0,0.9556,7734,59,5144,16274,1.6094,0.000349,10
9,A,Combined,0.9,1.1,10,who recorded i can't help falling in love with you,1.0,1.0,1.0,8280,60,5148,16859,2.0253,0.000217,10
9,A,Combined,0.9,1.1,10,who plays the doc in back to the future,1.0,1.0,1.0,7786,59,5150,16147,1.8344,0.000542,9
9,A,Combined,0.9,1.1,10,when did they stop cigarette advertising on television,1.0,1.0,1.0,8193,58,5145,16285,2.0253,0.000675,10
9,A,Combined,0.9,1.1,10,who has been chosen as the brand ambassador of the campaign 'beti bachao-beti padhao,1.0,1.0,0.9556,9123,59,5148,17627,1.6957,0.000555,10
9,A,Combined,0.9,1.1,10,how many seasons of prison break are on netflix,0.9,0.9443,1.0,7506,58,5146,15594,1.6957,9e-05,10
9,A,Combined,0.9,1.1,10,what was the name of atom bomb dropped by usa on hiroshima,1.0,1.0,1.0,7543,60,5145,16152,1.7481,0.000101,10
9,A,Combined,0.9,1.1,10,when did the us take over wake island,1.0,1.0,0.9556,8048,58,5148,16317,1.973,0.000693,10
9,A,Combined,0.9,1.1,10,when did american two party system began to emerge,1.0,1.0,1.0,7632,58,5148,16276,1.6094,0.000183,10
9,A,Combined,0.9,1.1,10,where are the mitochondria located in the sperm,1.0,1.0,1.0,8264,59,5167,16598,2.164,0.000184,10
9,A,Combined,0.9,1.1,10,how many lines of symmetry are there in a equilateral triangle,1.0,1.0,1.0,7926,57,5151,15278,2.164,0.00039,10
9,A,Combined,0.9,1.1,10,how many seasons of the oc are there,1.0,1.0,0.9556,9145,64,5330,17701,2.164,0.000908,10
9,A,Combined,0.9,1.1,10,latest season on keeping up with the kardashians,1.0,1.0,0.9556,8630,63,5154,17022,1.3592,0.000323,9
9,A,Combined,0.9,1.1,10,how dose the poet present death as a voyage in crossing the bar,1.0,1.0,1.0,9471,62,5161,17301,2.0253,0.000304,10
9,A,Combined,0.9,1.1,10,who were farmers who kept a small portion of their crops & gave the rest to the landowners,1.0,1.0,0.9556,8871,64,5149,16457,1.8867,0.000115,10
9,A,Combined,0.9,1.1,10,what is pumped up kicks the song about,1.0,1.0,0.9556,8167,62,5144,15709,1.8344,0.000136,10
9,A,Combined,0.9,1.1,10,2. what are the reasons states impose protectionists policies on other countries,1.0,1.0,1.0,7940,62,5159,15547,2.3026,0.000157,10
9,A,Combined,0.9,1.1,10,where are they building the new raiders stadium,1.0,1.0,1.0,8418,61,5163,15971,2.3026,0.000101,10
9,A,Combined,0.9,1.1,10,what event provoked congress to propose the eleventh amendment and the states to ratify it,1.0,1.0,0.9556,8378,62,5155,16502,2.0253,0.000122,10
9,A,Combined,0.9,1.1,10,does joe die in the purge election year,1.0,1.0,1.0,7895,63,5173,15849,1.8344,0.000229,10
9,A,Rome,1.0,1.0,10,what is non controlling interest on balance sheet,1.0,1.0,1.0,20777,12677,13052,50918,1.8867,4e-05,10
9,A,Rome,1.0,1.0,10,how many episodes are in chicago fire season 4,1.0,1.0,1.0,10663,7500,7742,29586,1.6957,7.6e-05,10
9,A,Rome,1.0,1.0,10,who sings love will keep us alive by the eagles,1.0,1.0,1.0,9652,5748,6752,25590,2.164,2.7e-05,10
9,A,Rome,1.0,1.0,10,who is the leader of the ontario pc party,1.0,1.0,1.0,9223,5751,6752,25340,1.7481,0.000275,10
9,A,Rome,1.0,1.0,10,nitty gritty dirt band fishin in the dark album,1.0,1.0,1.0,8972,5766,6761,24980,1.7481,7.7e-05,10
9,A,Rome,1.0,1.0,10,who were the three elves who got rings,1.0,1.0,1.0,8165,5778,6741,24378,2.0253,2.8e-05,10
9,A,Rome,1.0,1.0,10,converting stereo signal to mono signal is called,1.0,1.0,1.0,7551,5742,6750,22934,1.6957,0.001218,10
9,A,Rome,1.0,1.0,10,in order to prove disparate impact you first must establish,1.0,1.0,1.0,8766,5760,6757,24816,1.8344,6e-05,9
9,A,Rome,1.0,1.0,10,where do characters live in this is us,1.0,1.0,1.0,9590,5920,6749,24686,2.0253,0.000148,10
9,A,Rome,1.0,1.0,10,who makes the decisions about what to produce in a market economy,1.0,1.0,1.0,8061,5921,6749,23290,1.6434,9.2e-05,9
9,A,Rome,1.0,1.0,10,when is the new tappan zee bridge going to be finished,1.0,1.0,1.0,9183,5779,6754,23974,1.6957,0.000355,10
9,A,Rome,1.0,1.0,10,who recorded i can't help falling in love with you,1.0,1.0,1.0,8481,5791,6753,23733,2.0253,0.000217,10
9,A,Rome,1.0,1.0,10,who plays the doc in back to the future,1.0,1.0,1.0,7921,5819,6757,24217,2.0253,0.000551,10
9,A,Rome,1.0,1.0,10,when did they stop cigarette advertising on television,1.0,1.0,1.0,8876,5738,6764,24902,2.0253,0.000669,10
9,A,Rome,1.0,1.0,10,who has been chosen as the brand ambassador of the campaign 'beti bachao-beti padhao,1.0,1.0,1.0,9176,5772,6751,25310,1.6957,0.000573,10
9,A,Rome,1.0,1.0,10,how many seasons of prison break are on netflix,1.0,1.0,1.0,7302,5748,6743,23351,1.973,9.4e-05,10
9,A,Rome,1.0,1.0,10,what was the name of atom bomb dropped by usa on hiroshima,1.0,1.0,1.0,9007,5760,6754,25088,1.8867,0.00011,9
9,A,Rome,1.0,1.0,10,when did the us take over wake island,1.0,1.0,1.0,8858,5739,6749,24924,1.973,0.000696,10
9,A,Rome,1.0,1.0,10,when did american two party system began to emerge,1.0,1.0,1.0,8241,5783,6743,24252,1.6094,0.00019,10
9,A,Rome,1.0,1.0,10,where are the mitochondria located in the sperm,1.0,1.0,1.0,8352,5782,6751,24484,2.164,0.00018,10
9,A,Rome,1.0,1.0,10,how many lines of symmetry are there in a equilateral triangle,1.0,1.0,1.0,8814,5746,6740,24457,2.164,0.000394,10
9,A,Rome,1.0,1.0,10,how many seasons of the oc are there,1.0,1.0,1.0,8007,5772,6765,23837,1.8867,0.000938,10
9,A,Rome,1.0,1.0,10,latest season on keeping up with the kardashians,1.0,1.0,1.0,8603,5760,6753,23657,1.3592,0.000327,10
9,A,Rome,1.0,1.0,10,how dose the poet present death as a voyage in crossing the bar,1.0,1.0,1.0,8353,5791,6758,24494,1.8344,0.000307,10
9,A,Rome,1.0,1.0,10,who were farmers who kept a small portion of their crops & gave the rest to the landowners,1.0,1.0,1.0,8843,5778,6773,25009,1.8867,0.000119,10
9,A,Rome,1.0,1.0,10,what is pumped up kicks the song about,1.0,1.0,1.0,9164,5775,6752,25198,1.8344,0.000141,10
9,A,Rome,1.0,1.0,10,2. what are the reasons states impose protectionists policies on other countries,1.0,1.0,1.0,7860,5769,6757,24236,2.0253,0.000159,10
9,A,Rome,1.0,1.0,10,where are they building the new raiders stadium,1.0,1.0,1.0,9334,5785,6749,25710,2.164,0.000102,10
9,A,Rome,1.0,1.0,10,what event provoked congress to propose the eleventh amendment and the states to ratify it,1.0,1.0,1.0,8616,5780,6744,24933,1.973,0.000125,10
9,A,Rome,1.0,1.0,10,does joe die in the purge election year,1.0,1.0,1.0,8098,5796,6748,24027,1.8344,0.000228,10
9,A,RomeCombined,0.9,1.1,10,what is non controlling interest on balance sheet,1.0,1.0,1.0,20534,14821,12065,51934,1.8344,3.6e-05,9
9,A,RomeCombined,0.9,1.1,10,how many episodes are in chicago fire season 4,1.0,1.0,1.0,12241,7621,7776,31349,1.6957,7.5e-05,10
9,A,RomeCombined,0.9,1.1,10,who sings love will keep us alive by the eagles,1.0,1.0,1.0,8920,5791,6752,25005,2.0253,2.7e-05,10
9,A,RomeCombined,0.9,1.1,10,who is the leader of the ontario pc party,0.9,0.9442,0.9444,9587,5768,6769,25591,1.973,0.000272,9
9,A,RomeCombined,0.9,1.1,10,nitty gritty dirt band fishin in the dark album,1.0,1.0,0.9556,8244,5796,6756,24131,1.8867,7.2e-05,10
9,A,RomeCombined,0.9,1.1,10,who were the three elves who got rings,0.9,0.9413,0.9444,9846,5797,6743,25784,2.0253,2.8e-05,10
9,A,RomeCombined,0.9,1.1,10,converting stereo signal to mono signal is called,1.0,1.0,1.0,8724,5783,6745,24790,1.8867,0.001204,10
9,A,RomeCombined,0.9,1.1,10,in order to prove disparate impact you first must establish,1.0,1.0,0.9556,8728,5797,6891,24698,1.6094,5.9e-05,9
9,A,RomeCombined,0.9,1.1,10,where do characters live in this is us,1.0,1.0,1.0,8723,5793,6752,24555,2.0253,0.000141,10
9,A,RomeCombined,0.9,1.1,10,who makes the decisions about what to produce in a market economy,1.0,1.0,1.0,8797,5990,6791,24748,1.6434,8.9e-05,10
9,A,RomeCombined,0.9,1.1,10,when is the new tappan zee bridge going to be finished,1.0,0.9999,0.9556,8318,5785,6748,24438,1.6957,0.000357,10
9,A,RomeCombined,0.9,1.1,10,who recorded i can't help falling in love with you,1.0,1.0,1.0,7955,5793,6744,24253,2.0253,0.000224,9
9,A,RomeCombined,0.9,1.1,10,who plays the doc in back to the future,1.0,1.0,1.0,8556,5789,6751,23626,2.0253,0.000536,10
9,A,RomeCombined,0.9,1.1,10,when did they stop cigarette advertising on television,1.0,1.0,1.0,9702,5779,6749,25711,1.8867,0.000662,10
9,A,RomeCombined,0.9,1.1,10,who has been chosen as the brand ambassador of the campaign 'beti bachao-beti padhao,1.0,1.0,0.9556,8227,5794,6750,24364,1.6957,0.000571,10
9,A,RomeCombined,0.9,1.1,10,how many seasons of prison break are on netflix,1.0,0.9999,0.9556,8155,5793,6744,24479,1.8344,9.1e-05,10
9,A,RomeCombined,0.9,1.1,10,what was the name of atom bomb dropped by usa on hiroshima,1.0,1.0,0.9556,8327,5793,6746,24517,2.0253,0.00011,10
9,A,RomeCombined,0.9,1.1,10,when did the us take over wake island,1.0,1.0,1.0,7751,5832,6748,24188,1.973,0.000677,10
9,A,RomeCombined,0.9,1.1,10,when did american two party system began to emerge,0.9,0.9481,1.0,8219,5783,6774,24200,1.7481,0.000184,10
9,A,RomeCombined,0.9,1.1,10,where are the mitochondria located in the sperm,1.0,1.0,1.0,8062,5793,6750,23938,2.164,0.000175,10
9,A,RomeCombined,0.9,1.1,10,how many lines of symmetry are there in a equilateral triangle,1.0,1.0,1.0,8575,5792,6742,24506,2.164,0.000389,10
9,A,RomeCombined,0.9,1.1,10,how many seasons of the oc are there,1.0,1.0,0.9556,9412,5803,6740,25506,1.8867,0.00091,10
9,A,RomeCombined,0.9,1.1,10,latest season on keeping up with the kardashians,0.9,0.9554,1.0,8122,5790,6749,24197,1.3592,0.000322,9
9,A,RomeCombined,0.9,1.1,10,how dose the poet present death as a voyage in crossing the bar,1.0,1.0,1.0,6946,5783,6744,22850,2.0253,0.000295,10
9,A,RomeCombined,0.9,1.1,10,who were farmers who kept a small portion of their crops & gave the rest to the landowners,1.0,1.0,1.0,9057,5784,6745,25066,1.8344,0.000113,10
9,A,RomeCombined,0.9,1.1,10,what is pumped up kicks the song about,1.0,1.0,0.9556,8652,5773,6747,24656,1.8867,0.000149,10
9,A,RomeCombined,0.9,1.1,10,2. what are the reasons states impose protectionists policies on other countries,1.0,1.0,0.9556,8402,5776,6743,24634,2.0253,0.000167,10
9,A,RomeCombined,0.9,1.1,10,where are they building the new raiders stadium,1.0,1.0,1.0,7956,5786,6744,23813,1.973,0.000102,10
9,A,RomeCombined,0.9,1.1,10,what event provoked congress to propose the eleventh amendment and the states to ratify it,1.0,1.0,1.0,8205,5795,6742,24397,1.973,0.000123,10
9,A,RomeCombined,0.9,1.1,10,does joe die in the purge election year,1.0,1.0,0.9556,7887,5797,6745,23587,1.8344,0.000224,10
9,A,Ckks,1.0,1.0,10,what is non controlling interest on balance sheet,1.0,1.0,1.0,21678,90984,36611914,36728661,1.8867,4e-05,10
9,A,Ckks,1.0,1.0,10,how many episodes are in chicago fire season 4,1.0,1.0,1.0,10167,66838,36608957,36688710,1.6957,7.6e-05,10
9,A,Ckks,1.0,1.0,10,who sings love will keep us alive by the eagles,1.0,1.0,1.0,9844,67021,36608247,36689920,2.164,2.7e-05,10
9,A,Ckks,1.0,1.0,10,who is the leader of the ontario pc party,1.0,1.0,1.0,10027,67147,36613418,36694852,1.7481,0.000275,10
9,A,Ckks,1.0,1.0,10,nitty gritty dirt band fishin in the dark album,1.0,1.0,1.0,10966,68575,36814567,36898467,1.7481,7.7e-05,10
9,A,Ckks,1.0,1.0,10,who were the three elves who got rings,1.0,1.0,1.0,9868,68140,36662432,36745183,2.0253,2.8e-05,10
9,A,Ckks,1.0,1.0,10,converting stereo signal to mono signal is called,1.0,1.0,1.0,8916,75109,36605641,36692268,1.6957,0.001218,10
9,A,Ckks,1.0,1.0,10,in order to prove disparate impact you first must establish,1.0,1.0,1.0,9286,69454,36666658,36750787,1.8344,6e-05,9
9,A,Ckks,1.0,1.0,10,where do characters live in this is us,1.0,1.0,1.0,10236,69551,36647683,36731489,2.0253,0.000148,10
9,A,Ckks,1.0,1.0,10,who makes the decisions about what to produce in a market economy,1.0,1.0,1.0,10617,66669,36610657,36692305,1.6434,9.2e-05,9
9,A,Ckks,1.0,1.0,10,when is the new tappan zee bridge going to be finished,1.0,1.0,1.0,10725,68507,36624472,36708054,1.6957,0.000355,10
9,A,Ckks,1.0,1.0,10,who recorded i can't help falling in love with you,1.0,1.0,1.0,12362,68572,36733831,36818675,2.0253,0.000217,10
9,A,Ckks,1.0,1.0,10,who plays the doc in back to the future,1.0,1.0,1.0,11723,69741,36607965,36693587,2.0253,0.000551,10
9,A,Ckks,1.0,1.0,10,when did they stop cigarette advertising on television,1.0,1.0,1.0,9947,66737,36647099,36728558,2.0253,0.000669,10
9,A,Ckks,1.0,1.0,10,who has been chosen as the brand ambassador of the campaign 'beti bachao-beti padhao,1.0,1.0,1.0,11479,66440,36578560,36659204,1.6957,0.000573,10
9,A,Ckks,1.0,1.0,10,how many seasons of prison break are on netflix,1.0,1.0,1.0,9685,69451,36629616,36713943,1.973,9.4e-05,10
9,A,Ckks,1.0,1.0,10,what was the name of atom bomb dropped by usa on hiroshima,1.0,1.0,1.0,9632,66916,36725014,36805931,1.8867,0.00011,9
9,A,Ckks,1.0,1.0,10,when did the us take over wake island,1.0,1.0,1.0,10297,68541,36637269,36720403,1.973,0.000696,10
9,A,Ckks,1.0,1.0,10,when did american two party system began to emerge,1.0,1.0,1.0,10725,68366,36671131,36754822,1.6094,0.00019,10
9,A,Ckks,1.0,1.0,10,where are the mitochondria located in the sperm,1.0,1.0,1.0,9468,67744,36634218,36716128,2.164,0.00018,10
9,A,Ckks,1.0,1.0,10,how many lines of symmetry are there in a equilateral triangle,1.0,1.0,1.0,9954,70091,36682257,36766834,2.164,0.000394,10
9,A,Ckks,1.0,1.0,10,how many seasons of the oc are there,1.0,1.0,1.0,10466,66841,36587551,36669351,1.8867,0.000938,10
9,A,Ckks,1.0,1.0,10,latest season on keeping up with the kardashians,1.0,1.0,1.0,10673,68296,36676334,36758108,1.3592,0.000327,10
9,A,Ckks,1.0,1.0,10,how dose the poet present death as a voyage in crossing the bar,1.0,1.0,1.0,9223,67115,36612969,36692276,1.8344,0.000307,10
9,A,Ckks,1.0,1.0,10,who were farmers who kept a small portion of their crops & gave the rest to the landowners,1.0,1.0,1.0,10674,68540,36625915,36709921,1.8867,0.000119,10
9,A,Ckks,1.0,1.0,10,what is pumped up kicks the song about,1.0,1.0,1.0,10986,68783,36664099,36747610,1.8344,0.000141,10
9,A,Ckks,1.0,1.0,10,2. what are the reasons states impose protectionists policies on other countries,1.0,1.0,1.0,10045,68821,36649604,36732579,2.0253,0.000159,10
9,A,Ckks,1.0,1.0,10,where are they building the new raiders stadium,1.0,1.0,1.0,10473,68347,36646921,36730911,2.164,0.000102,10
9,A,Ckks,1.0,1.0,10,what event provoked congress to propose the eleventh amendment and the states to ratify it,1.0,1.0,1.0,10612,69642,36611702,36695583,1.973,0.000125,10
9,A,Ckks,1.0,1.0,10,does joe die in the purge election year,1.0,1.0,1.0,9754,66707,36647222,36727787,1.8344,0.000228,10
9,A,CkksCombined,0.9,1.1,10,what is non controlling interest on balance sheet,1.0,1.0,0.9111,23004,98426,36719878,36846069,1.6957,3.9e-05,10
9,A,CkksCombined,0.9,1.1,10,how many episodes are in chicago fire season 4,1.0,1.0,1.0,10626,67924,36635580,36719509,1.7481,7.4e-05,10
9,A,CkksCombined,0.9,1.1,10,who sings love will keep us alive by the eagles,0.9,0.9452,0.9444,12393,68423,36627477,36712638,2.3026,2.8e-05,10
9,A,CkksCombined,0.9,1.1,10,who is the leader of the ontario pc party,1.0,1.0,0.9556,11629,69173,36791114,36876055,1.7481,0.000273,10
9,A,CkksCombined,0.9,1.1,10,nitty gritty dirt band fishin in the dark album,1.0,1.0,0.9111,9882,68398,36658441,36743756,1.7481,7.3e-05,10
9,A,CkksCombined,0.9,1.1,10,who were the three elves who got rings,1.0,0.9999,0.9556,9647,68294,36707290,36789673,2.0253,2.6e-05,10
9,A,CkksCombined,0.9,1.1,10,converting stereo signal to mono signal is called,1.0,1.0,0.9556,10118,67685,36613281,36695634,1.8867,0.001201,9
9,A,CkksCombined,0.9,1.1,10,in order to prove disparate impact you first must establish,1.0,1.0,0.9556,10284,68143,36628634,36709681,1.7481,6.2e-05,9
9,A,CkksCombined,0.9,1.1,10,where do characters live in this is us,1.0,1.0,1.0,10179,69051,36641907,36724948,2.0253,0.000147,10
9,A,CkksCombined,0.9,1.1,10,who makes the decisions about what to produce in a market economy,1.0,1.0,0.9556,10303,67237,36612599,36694403,1.6434,8.8e-05,10
9,A,CkksCombined,0.9,1.1,10,when is the new tappan zee bridge going to be finished,1.0,1.0,1.0,10940,68145,36690557,36772427,1.7481,0.000347,10
9,A,CkksCombined,0.9,1.1,10,who recorded i can't help falling in love with you,1.0,1.0,0.9556,9480,66894,36586775,36667899,1.8867,0.000207,10
9,A,CkksCombined,0.9,1.1,10,who plays the doc in back to the future,1.0,1.0,0.9556,9274,67611,36695201,36776255,2.0253,0.000536,10
9,A,CkksCombined,0.9,1.1,10,when did they stop cigarette advertising on television,1.0,1.0,1.0,10023,66761,36569636,36650730,2.0253,0.000656,10
9,A,CkksCombined,0.9,1.1,10,who has been chosen as the brand ambassador of the campaign 'beti bachao-beti padhao,1.0,1.0,1.0,9217,68414,36676932,36758708,1.8867,0.000566,10
9,A,CkksCombined,0.9,1.1,10,how many seasons of prison break are on netflix,0.9,0.9443,1.0,9703,67146,36624524,36705385,1.973,9.2e-05,10
9,A,CkksCombined,0.9,1.1,10,what was the name of atom bomb dropped by usa on hiroshima,1.0,1.0,0.9556,10097,65256,36539945,36619720,1.8867,0.000102,10
9,A,CkksCombined,0.9,1.1,10,when did the us take over wake island,0.9,0.9517,0.9444,9552,67503,36629762,36711864,1.8344,0.000684,10
9,A,CkksCombined,0.9,1.1,10,when did american two party system began to emerge,1.0,1.0,1.0,10446,68273,36632390,36718191,1.6094,0.000186,10
9,A,CkksCombined,0.9,1.1,10,where are the mitochondria located in the sperm,1.0,1.0,1.0,10561,69950,36657567,36742671,2.164,0.000176,10
9,A,CkksCombined,0.9,1.1,10,how many lines of symmetry are there in a equilateral triangle,1.0,1.0,1.0,10721,67566,36601254,36684593,2.164,0.000387,10
9,A,CkksCombined,0.9,1.1,10,how many seasons of the oc are there,1.0,1.0,0.9556,9337,68454,36681208,36763286,1.8867,0.000937,10
9,A,CkksCombined,0.9,1.1,10,latest season on keeping up with the kardashians,1.0,1.0,0.9556,9688,67323,36591854,36673263,1.3592,0.000322,10
9,A,CkksCombined,0.9,1.1,10,how dose the poet present death as a voyage in crossing the bar,1.0,1.0,1.0,10905,69755,36640405,36724164,1.8344,0.000312,10
9,A,CkksCombined,0.9,1.1,10,who were farmers who kept a small portion of their crops & gave the rest to the landowners,1.0,1.0,0.9556,9771,67534,36661813,36742914,1.8344,0.000114,10
9,A,CkksCombined,0.9,1.1,10,what is pumped up kicks the song about,1.0,0.9997,0.9556,10798,68525,36614497,36702617,1.8867,0.000145,10
9,A,CkksCombined,0.9,1.1,10,2. what are the reasons states impose protectionists policies on other countries,1.0,1.0,0.9556,11480,68414,36702109,36784943,2.0253,0.000158,10
9,A,CkksCombined,0.9,1.1,10,where are they building the new raiders stadium,1.0,1.0,0.9556,10932,68471,36626358,36710375,2.164,0.000101,10
9,A,CkksCombined,0.9,1.1,10,what event provoked congress to propose the eleventh amendment and the states to ratify it,1.0,1.0,1.0,11028,68312,36657778,36741247,1.973,0.000123,10
9,A,CkksCombined,0.9,1.1,10,does joe die in the purge election year,1.0,1.0,1.0,9241,66707,36590062,36668999,2.164,0.000244,10
10,A,Scrambling,0.9,1.1,10,what is non controlling interest on balance sheet,1.0,1.0,1.0,20777,118,12276,38405,1.8867,4e-05,10
10,A,Scrambling,0.9,1.1,10,how many episodes are in chicago fire season 4,1.0,1.0,1.0,14082,57,7730,25813,1.6957,7.6e-05,10
10,A,Scrambling,0.9,1.1,10,who sings love will keep us alive by the eagles,1.0,1.0,1.0,10506,40,5859,20190,2.164,2.7e-05,10
10,A,Scrambling,0.9,1.1,10,who is the leader of the ontario pc party,1.0,1.0,1.0,8861,34,5157,17388,1.7481,0.000275,10
10,A,Scrambling,0.9,1.1,10,nitty gritty dirt band fishin in the dark album,1.0,1.0,1.0,9061,33,5143,17607,1.7481,7.7e-05,10
10,A,Scrambling,0.9,1.1,10,who were the three elves who got rings,1.0,1.0,1.0,8439,33,5145,16861,2.0253,2.8e-05,10
10,A,Scrambling,0.9,1.1,10,converting stereo signal to mono signal is called,1.0,1.0,1.0,8061,34,5145,16686,1.6957,0.001218,10
10,A,Scrambling,0.9,1.1,10,in order to prove disparate impact you first must establish,1.0,1.0,1.0,8033,33,5149,16629,1.8344,6e-05,9
10,A,Scrambling,0.9,1.1,10,where do characters live in this is us,1.0,1.0,1.0,9460,34,5156,19063,2.0253,0.000148,10
10,A,Scrambling,0.9,1.1,10,who makes the decisions about what to produce in a market economy,1.0,1.0,1.0,8747,35,5142,17559,1.6434,9.2e-05,9
10,A,Scrambling,0.9,1.1,10,when is the new tappan zee bridge going to be finished,1.0,1.0,1.0,8434,33,5145,17073,1.6957,0.000355,10
10,A,Scrambling,0.9,1.1,10,who recorded i can't help falling in love with you,1.0,1.0,1.0,8694,33,5151,17452,2.0253,0.000217,10
10,A,Scrambling,0.9,1.1,10,who plays the doc in back to the future,1.0,1.0,1.0,7936,33,5143,16574,2.0253,0.000551,10
10,A,Scrambling,0.9,1.1,10,when did they stop cigarette advertising on television,1.0,1.0,1.0,7618,33,5151,16281,2.0253,0.000669,10
10,A,Scrambling,0.9,1.1,10,who has been chosen as the brand ambassador of the campaign 'beti bachao-beti padhao,1.0,1.0,1.0,8491,33,5147,17308,1.6957,0.000573,10
10,A,Scrambling,0.9,1.1,10,how many seasons of prison break are on netflix,1.0,1.0,1.0,7912,33,5146,17724,1.973,9.4e-05,10
10,A,Scrambling,0.9,1.1,10,what was the name of atom bomb dropped by usa on hiroshima,1.0,1.0,1.0,9251,35,5153,17304,1.8867,0.00011,9
10,A,Scrambling,0.9,1.1,10,when did the us take over wake island,1.0,1.0,1.0,8363,33,5146,16706,1.973,0.000696,10
10,A,Scrambling,0.9,1.1,10,when did american two party system began to emerge,1.0,1.0,1.0,8452,34,5146,16741,1.6094,0.00019,10
10,A,Scrambling,0.9,1.1,10,where are the mitochondria located in the sperm,1.0,1.0,1.0,8190,34,5146,16998,2.164,0.00018,10
10,A,Scrambling,0.9,1.1,10,how many lines of symmetry are there in a equilateral triangle,1.0,1.0,1.0,8472,33,5162,17118,2.164,0.000394,10
10,A,Scrambling,0.9,1.1,10,how many seasons of the oc are there,1.0,1.0,1.0,8151,37,5137,17122,1.8867,0.000938,10
10,A,Scrambling,0.9,1.1,10,latest season on keeping up with the kardashians,1.0,1.0,1.0,7887,34,5146,15859,1.3592,0.000327,10
10,A,Scrambling,0.9,1.1,10,how dose the poet present death as a voyage in crossing the bar,1.0,1.0,1.0,8073,34,5148,16800,1.8344,0.000307,10
10,A,Scrambling,0.9,1.1,10,who were farmers who kept a small portion of their crops & gave the rest to the landowners,1.0,1.0,1.0,8160,36,5141,16198,1.8867,0.000119,10
10,A,Scrambling,0.9,1.1,10,what is pumped up kicks the song about,1.0,1.0,1.0,8336,33,5149,16510,1.8344,0.000141,10
10,A,Scrambling,0.9,1.1,10,2. what are the reasons states impose protectionists policies on other countries,1.0,1.0,1.0,8695,33,5162,16975,2.0253,0.000159,10
10,A,Scrambling,0.9,1.1,10,where are they building the new raiders stadium,1.0,1.0,1.0,7821,34,5147,16085,2.164,0.000102,10
10,A,Scrambling,0.9,1.1,10,what event provoked congress to propose the eleventh amendment and the states to ratify it,1.0,1.0,1.0,7233,34,5145,16196,1.973,0.000125,10
10,A,Scrambling,0.9,1.1,10,does joe die in the purge election year,1.0,1.0,1.0,8017,33,5142,15688,1.8344,0.000228,10
10,A,Noise,0.9,1.1,10,what is non controlling interest on balance sheet,1.0,0.9999,0.8667,21733,177,11968,39042,1.8867,4.4e-05,9
10,A,Noise,0.9,1.1,10,how many episodes are in chicago fire season 4,1.0,0.9998,0.9556,14944,98,7938,27147,1.6957,7.7e-05,10
10,A,Noise,0.9,1.1,10,who sings love will keep us alive by the eagles,1.0,1.0,1.0,11261,77,5774,20580,2.164,2.6e-05,9
10,A,Noise,0.9,1.1,10,who is the leader of the ontario pc party,1.0,1.0,1.0,8391,63,5153,16182,1.8344,0.000263,10
10,A,Noise,0.9,1.1,10,nitty gritty dirt band fishin in the dark album,1.0,1.0,0.9556,9352,63,5207,17315,1.8867,7.1e-05,10
10,A,Noise,0.9,1.1,10,who were the three elves who got rings,1.0,1.0,0.9556,8609,61,5150,16174,2.0253,2.7e-05,10
10,A,Noise,0.9,1.1,10,converting stereo signal to mono signal is called,1.0,1.0,1.0,8225,63,5149,16317,1.6957,0.001239,10
10,A,Noise,0.9,1.1,10,in order to prove disparate impact you first must establish,1.0,1.0,1.0,8508,61,5150,16195,1.6957,5.9e-05,9
10,A,Noise,0.9,1.1,10,where do characters live in this is us,1.0,1.0,0.9556,7850,61,5151,16162,2.0253,0.000142,10
10,A,Noise,0.9,1.1,10,who makes the decisions about what to produce in a market economy,1.0,1.0,0.9111,8626,61,5172,16801,1.8344,8.9e-05,9
10,A,Noise,0.9,1.1,10,when is the new tappan zee bridge going to be finished,1.0,1.0,1.0,7813,61,5144,17023,1.4708,0.000362,10
10,A,Noise,0.9,1.1,10,who recorded i can't help falling in love with you,1.0,1.0,1.0,8583,64,5148,17315,1.8867,0.000222,10
10,A,Noise,0.9,1.1,10,who plays the doc in back to the future,1.0,1.0,1.0,8387,59,5148,17116,2.0253,0.000542,10
10,A,Noise,0.9,1.1,10,when did they stop cigarette advertising on television,1.0,1.0,1.0,7079,59,5153,15451,2.0253,0.000671,10
10,A,Noise,0.9,1.1,10,who has been chosen as the brand ambassador of the campaign 'beti bachao-beti padhao,1.0,1.0,1.0,8016,61,5147,16785,1.6957,0.000576,10
10,A,Noise,0.9,1.1,10,how many seasons of prison break are on netflix,1.0,1.0,1.0,7914,59,5156,16735,2.164,9.3e-05,10
10,A,Noise,0.9,1.1,10,what was the name of atom bomb dropped by usa on hiroshima,0.9,0.9456,1.0,7792,61,5157,16515,1.8867,0.00011,10
10,A,Noise,0.9,1.1,10,when did the us take over wake island,1.0,1.0,1.0,8280,61,5150,16778,1.973,0.000688,10
10,A,Noise,0.9,1.1,10,when did american two party system began to emerge,1.0,1.0,0.9556,7313,59,5141,15971,1.6094,0.000188,10
10,A,Noise,0.9,1.1,10,where are the mitochondria located in the sperm,1.0,1.0,1.0,8561,60,5142,17003,2.164,0.000185,10
10,A,Noise,0.9,1.1,10,how many lines of symmetry are there in a equilateral triangle,1.0,1.0,1.0,8310,62,5069,17050,2.164,0.000388,10
10,A,Noise,0.9,1.1,10,how many seasons of the oc are there,1.0,1.0,0.9556,7996,59,5140,17253,1.8867,0.000961,10
10,A,Noise,0.9,1.1,10,latest season on keeping up with the kardashians,1.0,1.0,0.9111,7783,59,5143,16027,1.3592,0.000315,9
10,A,Noise,0.9,1.1,10,how dose the poet present death as a voyage in crossing the bar,1.0,1.0,1.0,7654,61,5142,16325,2.0253,0.000302,10
10,A,Noise,0.9,1.1,10,who were farmers who kept a small portion of their crops & gave the rest to the landowners,0.9,0.9487,0.9444,9895,61,5137,18566,1.8344,0.000113,10
10,A,Noise,0.9,1.1,10,what is pumped up kicks the song about,0.9,0.9459,1.0,7480,58,5146,15768,1.8867,0.000134,10
10,A,Noise,0.9,1.1,10,2. what are the reasons states impose protectionists policies on other countries,1.0,1.0,1.0,7893,60,5154,16615,2.164,0.000143,10
10,A,Noise,0.9,1.1,10,where are they building the new raiders stadium,1.0,1.0,1.0,7991,59,5140,16323,2.3026,9.9e-05,10
10,A,Noise,0.9,1.1,10,what event provoked congress to propose the eleventh amendment and the states to ratify it,1.0,1.0,1.0,8418,63,5137,17046,1.8344,0.000121,10
10,A,Noise,0.9,1.1,10,does joe die in the purge election year,1.0,1.0,1.0,8563,59,5163,17306,1.8344,0.000224,9
10,A,Combined,0.9,1.1,10,what is non controlling interest on balance sheet,1.0,0.9999,0.9556,21347,172,12406,38730,1.8867,3.8e-05,9
10,A,Combined,0.9,1.1,10,how many episodes are in chicago fire season 4,1.0,1.0,0.9111,13563,102,8028,25504,1.7481,7.6e-05,10
10,A,Combined,0.9,1.1,10,who sings love will keep us alive by the eagles,1.0,1.0,1.0,9412,70,6022,18967,2.3026,2.8e-05,10
10,A,Combined,0.9,1.1,10,who is the leader of the ontario pc party,1.0,1.0,1.0,9093,60,5160,17479,1.973,0.000267,10
10,A,Combined,0.9,1.1,10,nitty gritty dirt band fishin in the dark album,1.0,1.0,1.0,8749,61,5146,17297,1.6094,7.5e-05,10
10,A,Combined,0.9,1.1,10,who were the three elves who got rings,1.0,0.9999,0.9556,8885,58,5147,17640,2.164,2.7e-05,10
10,A,Combined,0.9,1.1,10,converting stereo signal to mono signal is called,1.0,1.0,1.0,8954,61,5158,17584,1.6957,0.00121,10
10,A,Combined,0.9,1.1,10,in order to prove disparate impact you first must establish,1.0,1.0,0.9111,8746,59,5169,17518,1.973,6.1e-05,9
10,A,Combined,0.9,1.1,10,where do characters live in this is us,1.0,1.0,1.0,8745,59,5138,17453,2.0253,0.000156,10
10,A,Combined,0.9,1.1,10,who makes the decisions about what to produce in a market economy,1.0,1.0,1.0,8154,60,5187,16826,1.6957,9.1e-05,10
10,A,Combined,0.9,1.1,10,when is the new tappan zee bridge going to be finished,1.0,1.0,1.0,8875,57,5156,17604,1.8344,0.000343,10
10,A,Combined,0.9,1.1,10,who recorded i can't help falling in love with you,1.0,0.9997,0.9111,8754,58,5145,17550,1.8867,0.000214,10
10,A,Combined,0.9,1.1,10,who plays the doc in back to the future,1.0,1.0,0.9556,7918,60,5153,16657,2.0253,0.000533,10
10,A,Combined,0.9,1.1,10,when did they stop cigarette advertising on television,1.0,1.0,1.0,9000,58,5144,17702,2.0253,0.000664,10
10,A,Combined,0.9,1.1,10,who has been chosen as the brand ambassador of the campaign 'beti bachao-beti padhao,1.0,1.0,0.9556,9536,60,5149,18797,1.8867,0.000563,9
10,A,Combined,0.9,1.1,10,how many seasons of prison break are on netflix,1.0,1.0,0.9556,8757,60,5142,16899,1.8344,9.1e-05,10
10,A,Combined,0.9,1.1,10,what was the name of atom bomb dropped by usa on hiroshima,0.9,0.9455,0.9444,8347,61,5147,16541,1.8867,0.000107,9
10,A,Combined,0.9,1.1,10,when did the us take over wake island,1.0,1.0,0.9556,10609,61,5150,19324,1.973,0.000675,9
10,A,Combined,0.9,1.1,10,when did american two party system began to emerge,0.9,0.9481,1.0,7990,59,5139,15689,1.6094,0.000192,10
10,A,Combined,0.9,1.1,10,where are the mitochondria located in the sperm,1.0,1.0,1.0,7658,61,5149,15922,2.0253,0.000178,10
10,A,Combined,0.9,1.1,10,how many lines of symmetry are there in a equilateral triangle,1.0,1.0,1.0,7458,60,5152,16227,2.164,0.000396,10
10,A,Combined,0.9,1.1,10,how many seasons of the oc are there,1.0,0.9999,0.9111,7864,59,5159,16169,1.8867,0.000924,10
10,A,Combined,0.9,1.1,10,latest season on keeping up with the kardashians,0.9,0.9554,1.0,7787,59,5145,16458,1.3592,0.000318,10
10,A,Combined,0.9,1.1,10,how dose the poet present death as a voyage in crossing the bar,1.0,1.0,0.9556,7172,58,5146,15986,2.0253,0.000296,10
10,A,Combined,0.9,1.1,10,who were farmers who kept a small portion of their crops & gave the rest to the landowners,1.0,1.0,1.0,8333,59,5150,17205,1.8867,0.000119,10
10,A,Combined,0.9,1.1,10,what is pumped up kicks the song about,1.0,1.0,1.0,7949,60,5148,16559,1.8867,0.000136,10
10,A,Combined,0.9,1.1,10,2. what are the reasons states impose protectionists policies on other countries,1.0,1.0,1.0,7470,60,5153,15807,2.164,0.000157,10
10,A,Combined,0.9,1.1,10,where are they building the new raiders stadium,1.0,1.0,0.9556,7718,58,5144,15896,2.164,9.9e-05,10
10,A,Combined,0.9,1.1,10,what event provoked congress to propose the eleventh amendment and the states to ratify it,1.0,1.0,1.0,8367,59,5143,17118,1.973,0.000124,10
10,A,Combined,0.9,1.1,10,does joe die in the purge election year,1.0,1.0,1.0,7778,59,5146,16204,1.8344,0.000217,10
10,A,Rome,1.0,1.0,10,what is non controlling interest on balance sheet,1.0,1.0,1.0,21497,14035,12642,54263,1.8867,4e-05,10
10,A,Rome,1.0,1.0,10,how many episodes are in chicago fire season 4,1.0,1.0,1.0,13880,7933,8085,33729,1.6957,7.6e-05,10
10,A,Rome,1.0,1.0,10,who sings love will keep us alive by the eagles,1.0,1.0,1.0,9283,5753,6744,25422,2.164,2.7e-05,10
10,A,Rome,1.0,1.0,10,who is the leader of the ontario pc party,1.0,1.0,1.0,8890,5768,6762,24741,1.7481,0.000275,10
10,A,Rome,1.0,1.0,10,nitty gritty dirt band fishin in the dark album,1.0,1.0,1.0,9119,5758,6739,25090,1.7481,7.7e-05,10
10,A,Rome,1.0,1.0,10,who were the three elves who got rings,1.0,1.0,1.0,8315,5739,6752,23284,2.0253,2.8e-05,10
10,A,Rome,1.0,1.0,10,converting stereo signal to mono signal is called,1.0,1.0,1.0,9315,5888,6772,25806,1.6957,0.001218,10
10,A,Rome,1.0,1.0,10,in order to prove disparate impact you first must establish,1.0,1.0,1.0,8892,5876,6748,23959,1.8344,6e-05,9
10,A,Rome,1.0,1.0,10,where do characters live in this is us,1.0,1.0,1.0,8824,5920,6753,23812,2.0253,0.000148,10
10,A,Rome,1.0,1.0,10,who makes the decisions about what to produce in a market economy,1.0,1.0,1.0,8071,5825,6745,24611,1.6434,9.2e-05,9
10,A,Rome,1.0,1.0,10,when is the new tappan zee bridge going to be finished,1.0,1.0,1.0,8740,5797,6810,23898,1.6957,0.000355,10
10,A,Rome,1.0,1.0,10,who recorded i can't help falling in love with you,1.0,1.0,1.0,9131,5781,6752,25065,2.0253,0.000217,10
10,A,Rome,1.0,1.0,10,who plays the doc in back to the future,1.0,1.0,1.0,8872,5808,6756,24327,2.0253,0.000551,10
10,A,Rome,1.0,1.0,10,when did they stop cigarette advertising on television,1.0,1.0,1.0,8716,5766,6746,24819,2.0253,0.000669,10
10,A,Rome,1.0,1.0,10,who has been chosen as the brand ambassador of the campaign 'beti bachao-beti padhao,1.0,1.0,1.0,9029,5749,6745,25006,1.6957,0.000573,10
10,A,Rome,1.0,1.0,10,how many seasons of prison break are on netflix,1.0,1.0,1.0,7956,5766,6743,24432,1.973,9.4e-05,10
10,A,Rome,1.0,1.0,10,what was the name of atom bomb dropped by usa on hiroshima,1.0,1.0,1.0,8106,5757,6753,24286,1.8867,0.00011,9
10,A,Rome,1.0,1.0,10,when did the us take over wake island,1.0,1.0,1.0,8051,5771,6751,24210,1.973,0.000696,10
10,A,Rome,1.0,1.0,10,when did american two party system began to emerge,1.0,1.0,1.0,8113,5757,6754,24228,1.6094,0.00019,10
10,A,Rome,1.0,1.0,10,where are the mitochondria located in the sperm,1.0,1.0,1.0,7887,5760,6747,25662,2.164,0.00018,10
10,A,Rome,1.0,1.0,10,how many lines of symmetry are there in a equilateral triangle,1.0,1.0,1.0,9279,5756,6744,25255,2.164,0.000394,10
10,A,Rome,1.0,1.0,10,how many seasons of the oc are there,1.0,1.0,1.0,7823,5895,6754,24048,1.8867,0.000938,10
10,A,Rome,1.0,1.0,10,latest season on keeping up with the kardashians,1.0,1.0,1.0,8412,5746,6757,23818,1.3592,0.000327,10
10,A,Rome,1.0,1.0,10,how dose the poet present death as a voyage in crossing the bar,1.0,1.0,1.0,9703,5758,6763,26017,1.8344,0.000307,10
10,A,Rome,1.0,1.0,10,who were farmers who kept a small portion of their crops & gave the rest to the landowners,1.0,1.0,1.0,9021,5767,6753,25019,1.8867,0.000119,10
10,A,Rome,1.0,1.0,10,what is pumped up kicks the song about,1.0,1.0,1.0,8725,5754,6759,24810,1.8344,0.000141,10
10,A,Rome,1.0,1.0,10,2. what are the reasons states impose protectionists policies on other countries,1.0,1.0,1.0,7759,5746,6744,23771,2.0253,0.000159,10
10,A,Rome,1.0,1.0,10,where are they building the new raiders stadium,1.0,1.0,1.0,8311,5756,6743,24249,2.164,0.000102,10
10,A,Rome,1.0,1.0,10,what event provoked congress to propose the eleventh amendment and the states to ratify it,1.0,1.0,1.0,8811,5778,6744,24827,1.973,0.000125,10
10,A,Rome,1.0,1.0,10,does joe die in the purge election year,1.0,1.0,1.0,8163,5753,6741,24261,1.8344,0.000228,10
10,A,RomeCombined,0.9,1.1,10,what is non controlling interest on balance sheet,0.9,0.9409,0.8889,20233,15021,12680,52450,1.8867,4.2e-05,10
10,A,RomeCombined,0.9,1.1,10,how many episodes are in chicago fire season 4,1.0,1.0,0.9556,11143,7812,7870,30535,1.7481,7.7e-05,9
10,A,RomeCombined,0.9,1.1,10,who sings love will keep us alive by the eagles,1.0,0.9998,0.9111,9302,5793,6748,25358,2.0253,2.7e-05,9
10,A,RomeCombined,0.9,1.1,10,who is the leader of the ontario pc party,0.9,0.9442,0.9444,8778,5775,6744,24835,1.7481,0.000283,10
10,A,RomeCombined,0.9,1.1,10,nitty gritty dirt band fishin in the dark album,1.0,1.0,0.9556,9159,5801,6748,25369,1.7481,7.6e-05,10
10,A,RomeCombined,0.9,1.1,10,who were the three elves who got rings,1.0,1.0,0.8667,8225,5783,6758,24185,1.8344,2.6e-05,8
10,A,RomeCombined,0.9,1.1,10,converting stereo signal to mono signal is called,1.0,1.0,1.0,8504,5804,6746,24529,1.6957,0.001241,10
10,A,RomeCombined,0.9,1.1,10,in order to prove disparate impact you first must establish,1.0,1.0,0.9556,8858,5803,6744,24903,1.8344,6.2e-05,10
10,A,RomeCombined,0.9,1.1,10,where do characters live in this is us,1.0,1.0,1.0,8298,5782,6765,24403,2.164,0.000155,10
10,A,RomeCombined,0.9,1.1,10,who makes the decisions about what to produce in a market economy,1.0,1.0,0.9111,7960,5789,6742,23901,1.8344,9.2e-05,9
10,A,RomeCombined,0.9,1.1,10,when is the new tappan zee bridge going to be finished,1.0,1.0,0.9556,8659,5781,6744,24688,1.6094,0.000364,10
10,A,RomeCombined,0.9,1.1,10,who recorded i can't help falling in love with you,1.0,1.0,0.9556,7906,5804,6738,23859,1.8867,0.00021,10
10,A,RomeCombined,0.9,1.1,10,who plays the doc in back to the future,1.0,1.0,1.0,8982,5787,6760,25124,2.0253,0.000553,10
10,A,RomeCombined,0.9,1.1,10,when did they stop cigarette advertising on television,1.0,1.0,1.0,8264,5786,6878,24363,2.0253,0.000666,10
10,A,RomeCombined,0.9,1.1,10,who has been chosen as the brand ambassador of the campaign 'beti bachao-beti padhao,1.0,1.0,1.0,10599,5790,6745,26915,1.6957,0.000569,10
10,A,RomeCombined,0.9,1.1,10,how many seasons of prison break are on netflix,1.0,0.9999,0.9556,8249,5779,6747,24315,2.164,9.2e-05,10
10,A,RomeCombined,0.9,1.1,10,what was the name of atom bomb dropped by usa on hiroshima,0.9,0.9455,0.9444,8325,5794,6752,24236,1.8867,0.000109,10
10,A,RomeCombined,0.9,1.1,10,when did the us take over wake island,0.9,0.9517,0.9444,8286,5789,7599,24995,1.973,0.000673,10
10,A,RomeCombined,0.9,1.1,10,when did american two party system began to emerge,0.9,0.9482,1.0,9780,5795,6747,25905,1.6094,0.000188,10
10,A,RomeCombined,0.9,1.1,10,where are the mitochondria located in the sperm,1.0,1.0,1.0,8579,5841,6753,24251,2.164,0.000178,10
10,A,RomeCombined,0.9,1.1,10,how many lines of symmetry are there in a equilateral triangle,1.0,1.0,1.0,8052,5796,6752,23730,2.164,0.000394,10
10,A,RomeCombined,0.9,1.1,10,how many seasons of the oc are there,1.0,1.0,0.9556,8476,5789,6745,24374,1.8867,0.000962,10
10,A,RomeCombined,0.9,1.1,10,latest season on keeping up with the kardashians,0.9,0.9572,1.0,7355,5775,6753,23641,1.3592,0.000326,9
10,A,RomeCombined,0.9,1.1,10,how dose the poet present death as a voyage in crossing the bar,1.0,1.0,1.0,7652,5774,6741,22375,2.0253,0.000299,10
10,A,RomeCombined,0.9,1.1,10,who were farmers who kept a small portion of their crops & gave the rest to the landowners,1.0,1.0,1.0,9786,5793,6745,26401,1.8867,0.000119,10
10,A,RomeCombined,0.9,1.1,10,what is pumped up kicks the song about,1.0,1.0,1.0,8605,5971,6765,24367,1.8344,0.000135,9
10,A,RomeCombined,0.9,1.1,10,2. what are the reasons states impose protectionists policies on other countries,1.0,1.0,0.9556,7760,5962,6753,22899,2.164,0.000159,10
10,A,RomeCombined,0.9,1.1,10,where are they building the new raiders stadium,1.0,1.0,1.0,9046,5869,6753,24053,2.164,0.0001,10
10,A,RomeCombined,0.9,1.1,10,what event provoked congress to propose the eleventh amendment and the states to ratify it,1.0,1.0,1.0,8147,5860,6743,23962,1.973,0.000125,10
10,A,RomeCombined,0.9,1.1,10,does joe die in the purge election year,1.0,1.0,0.9556,8933,5864,6756,24107,2.164,0.000223,10
10,A,Ckks,1.0,1.0,10,what is non controlling interest on balance sheet,1.0,1.0,1.0,22634,91425,36596985,36715580,1.8867,4e-05,10
10,A,Ckks,1.0,1.0,10,how many episodes are in chicago fire season 4,1.0,1.0,1.0,9887,67897,36661299,36743443,1.6957,7.6e-05,10
10,A,Ckks,1.0,1.0,10,who sings love will keep us alive by the eagles,1.0,1.0,1.0,10453,75900,36805983,36896886,2.164,2.7e-05,10
10,A,Ckks,1.0,1.0,10,who is the leader of the ontario pc party,1.0,1.0,1.0,10871,68763,36728810,36812673,1.7481,0.000275,10
10,A,Ckks,1.0,1.0,10,nitty gritty dirt band fishin in the dark album,1.0,1.0,1.0,11300,68617,36611891,36695126,1.7481,7.7e-05,10
10,A,Ckks,1.0,1.0,10,who were the three elves who got rings,1.0,1.0,1.0,11090,68851,36570453,36653463,2.0253,2.8e-05,10
10,A,Ckks,1.0,1.0,10,converting stereo signal to mono signal is called,1.0,1.0,1.0,9158,69977,36631481,36715147,1.6957,0.001218,10
10,A,Ckks,1.0,1.0,10,in order to prove disparate impact you first must establish,1.0,1.0,1.0,11071,67385,36650465,36733717,1.8344,6e-05,9
10,A,Ckks,1.0,1.0,10,where do characters live in this is us,1.0,1.0,1.0,10237,68643,36671872,36754795,2.0253,0.000148,10
10,A,Ckks,1.0,1.0,10,who makes the decisions about what to produce in a market economy,1.0,1.0,1.0,10478,66973,36584730,36666888,1.6434,9.2e-05,9
10,A,Ckks,1.0,1.0,10,when is the new tappan zee bridge going to be finished,1.0,1.0,1.0,10120,70060,36617987,36701828,1.6957,0.000355,10
10,A,Ckks,1.0,1.0,10,who recorded i can't help falling in love with you,1.0,1.0,1.0,9975,68190,36634827,36717668,2.0253,0.000217,10
10,A,Ckks,1.0,1.0,10,who plays the doc in back to the future,1.0,1.0,1.0,10082,67012,36636496,36718287,2.0253,0.000551,10
10,A,Ckks,1.0,1.0,10,when did they stop cigarette advertising on television,1.0,1.0,1.0,9803,68409,36664047,36746624,2.0253,0.000669,10
10,A,Ckks,1.0,1.0,10,who has been chosen as the brand ambassador of the campaign 'beti bachao-beti padhao,1.0,1.0,1.0,10250,68404,36626190,36709106,1.6957,0.000573,10
10,A,Ckks,1.0,1.0,10,how many seasons of prison break are on netflix,1.0,1.0,1.0,9598,68301,36678186,36760018,1.973,9.4e-05,10
10,A,Ckks,1.0,1.0,10,what was the name of atom bomb dropped by usa on hiroshima,1.0,1.0,1.0,10373,66879,36586824,36666695,1.8867,0.00011,9
10,A,Ckks,1.0,1.0,10,when did the us take over wake island,1.0,1.0,1.0,9697,69217,36670290,36752472,1.973,0.000696,10
10,A,Ckks,1.0,1.0,10,when did american two party system began to emerge,1.0,1.0,1.0,9490,68389,36648046,36730389,1.6094,0.00019,10
10,A,Ckks,1.0,1.0,10,where are the mitochondria located in the sperm,1.0,1.0,1.0,10051,68203,36664584,36747279,2.164,0.00018,10
10,A,Ckks,1.0,1.0,10,how many lines of symmetry are there in a equilateral triangle,1.0,1.0,1.0,10722,68559,36614175,36698286,2.164,0.000394,10
10,A,Ckks,1.0,1.0,10,how many seasons of the oc are there,1.0,1.0,1.0,11223,71182,36660155,36747556,1.8867,0.000938,10
10,A,Ckks,1.0,1.0,10,latest season on keeping up with the kardashians,1.0,1.0,1.0,11287,68179,36631401,36715022,1.3592,0.000327,10
10,A,Ckks,1.0,1.0,10,how dose the poet present death as a voyage in crossing the bar,1.0,1.0,1.0,11399,68620,36641411,36725782,1.8344,0.000307,10
10,A,Ckks,1.0,1.0,10,who were farmers who kept a small portion of their crops & gave the rest to the landowners,1.0,1.0,1.0,10317,67056,36640245,36726890,1.8867,0.000119,10
10,A,Ckks,1.0,1.0,10,what is pumped up kicks the song about,1.0,1.0,1.0,17265,74646,36622535,36719153,1.8344,0.000141,10
10,A,Ckks,1.0,1.0,10,2. what are the reasons states impose protectionists policies on other countries,1.0,1.0,1.0,8848,66894,36607160,36687477,2.0253,0.000159,10
10,A,Ckks,1.0,1.0,10,where are they building the new raiders stadium,1.0,1.0,1.0,9391,66885,36589237,36668339,2.164,0.000102,10
10,A,Ckks,1.0,1.0,10,what event provoked congress to propose the eleventh amendment and the states to ratify it,1.0,1.0,1.0,8874,64598,36593033,36670809,1.973,0.000125,10
10,A,Ckks,1.0,1.0,10,does joe die in the purge election year,1.0,1.0,1.0,9881,67116,36611542,36692614,1.8344,0.000228,10
10,A,CkksCombined,0.9,1.1,10,what is non controlling interest on balance sheet,0.9,0.941,0.8889,21519,90234,36614482,36730513,2.0253,4e-05,10
10,A,CkksCombined,0.9,1.1,10,how many episodes are in chicago fire season 4,1.0,1.0,0.9111,10498,68015,36630810,36713686,1.8867,7.6e-05,10
10,A,CkksCombined,0.9,1.1,10,who sings love will keep us alive by the eagles,1.0,1.0,1.0,9707,68011,36687573,36768674,2.164,2.6e-05,10
10,A,CkksCombined,0.9,1.1,10,who is the leader of the ontario pc party,1.0,1.0,0.9556,9923,67994,36621005,36703095,1.7481,0.000279,10
10,A,CkksCombined,0.9,1.1,10,nitty gritty dirt band fishin in the dark album,1.0,1.0,1.0,10315,67957,36763466,36846281,1.8344,7.7e-05,10
10,A,CkksCombined,0.9,1.1,10,who were the three elves who got rings,1.0,1.0,0.9556,8784,67053,36585163,36665244,2.164,3e-05,10
10,A,CkksCombined,0.9,1.1,10,converting stereo signal to mono signal is called,1.0,1.0,1.0,10747,67987,36648629,36731688,1.6957,0.001191,10
10,A,CkksCombined,0.9,1.1,10,in order to prove disparate impact you first must establish,1.0,1.0,0.9556,10299,66653,36608050,36690131,1.973,5.5e-05,10
10,A,CkksCombined,0.9,1.1,10,where do characters live in this is us,1.0,1.0,1.0,10559,68468,36644846,36728222,2.0253,0.000138,10
10,A,CkksCombined,0.9,1.1,10,who makes the decisions about what to produce in a market economy,1.0,1.0,0.9556,11619,67757,36634529,36718123,1.8344,9.1e-05,10
10,A,CkksCombined,0.9,1.1,10,when is the new tappan zee bridge going to be finished,1.0,1.0,0.9556,10241,69041,36608862,36691514,1.6094,0.000353,10
10,A,CkksCombined,0.9,1.1,10,who recorded i can't help falling in love with you,1.0,1.0,1.0,9235,69502,36696740,36779658,2.164,0.000214,10
10,A,CkksCombined,0.9,1.1,10,who plays the doc in back to the future,1.0,1.0,0.9556,8850,66777,36572062,36651966,1.8344,0.00054,10
10,A,CkksCombined,0.9,1.1,10,when did they stop cigarette advertising on television,1.0,1.0,1.0,11111,67676,36591318,36672822,2.164,0.00064,10
10,A,CkksCombined,0.9,1.1,10,who has been chosen as the brand ambassador of the campaign 'beti bachao-beti padhao,1.0,1.0,1.0,11086,69171,36639361,36724004,1.6957,0.000562,10
10,A,CkksCombined,0.9,1.1,10,how many seasons of prison break are on netflix,0.9,0.9443,1.0,10143,68091,36638485,36720597,1.973,9.2e-05,9
10,A,CkksCombined,0.9,1.1,10,what was the name of atom bomb dropped by usa on hiroshima,1.0,1.0,0.9556,11294,71333,36653076,36740089,2.0253,0.000104,10
10,A,CkksCombined,0.9,1.1,10,when did the us take over wake island,1.0,1.0,0.9556,9680,68089,36644259,36726304,1.973,0.000693,10
10,A,CkksCombined,0.9,1.1,10,when did american two party system began to emerge,0.9,0.9481,1.0,10205,67557,36635463,36717497,1.6094,0.000187,10
10,A,CkksCombined,0.9,1.1,10,where are the mitochondria located in the sperm,1.0,1.0,0.9556,9580,68352,36645108,36727304,2.0253,0.000176,10
10,A,CkksCombined,0.9,1.1,10,how many lines of symmetry are there in a equilateral triangle,1.0,1.0,1.0,10901,68684,36661499,36745564,2.0253,0.000379,10
10,A,CkksCombined,0.9,1.1,10,how many seasons of the oc are there,1.0,1.0,0.9556,10178,68260,36627971,36709627,1.8867,0.000947,10
10,A,CkksCombined,0.9,1.1,10,latest season on keeping up with the kardashians,0.9,0.9554,1.0,10330,69469,36643264,36727359,1.3592,0.000328,9
10,A,CkksCombined,0.9,1.1,10,how dose the poet present death as a voyage in crossing the bar,1.0,1.0,0.9556,10320,68428,36669836,36752784,1.8344,0.000314,10
10,A,CkksCombined,0.9,1.1,10,who were farmers who kept a small portion of their crops & gave the rest to the landowners,1.0,1.0,1.0,8696,67824,36601351,36681817,1.8867,0.000119,10
10,A,CkksCombined,0.9,1.1,10,what is pumped up kicks the song about,1.0,1.0,0.9556,9586,68204,36649899,36731999,1.8867,0.000136,10
10,A,CkksCombined,0.9,1.1,10,2. what are the reasons states impose protectionists policies on other countries,1.0,1.0,1.0,10272,66838,36624222,36705404,2.164,0.00016,10
10,A,CkksCombined,0.9,1.1,10,where are they building the new raiders stadium,1.0,1.0,1.0,9841,68676,36650643,36733789,2.164,0.0001,10
10,A,CkksCombined,0.9,1.1,10,what event provoked congress to propose the eleventh amendment and the states to ratify it,1.0,1.0,0.9556,9400,68161,36633462,36715604,2.164,0.000124,10
10,A,CkksCombined,0.9,1.1,10,does joe die in the purge election year,1.0,1.0,0.9556,9282,68713,36662022,36742692,2.164,0.000224,10
1,A,Diehard,1.0,1.0,10,what is non controlling interest on balance sheet,1.0,1.0,1.0,23066,12654,7388,47727,1.8867,4e-05,10
1,A,Diehard,1.0,1.0,10,how many episodes are in chicago fire season 4,1.0,1.0,1.0,18796,8270,5865,37118,1.6957,7.6e-05,10
1,A,Diehard,1.0,1.0,10,who sings love will keep us alive by the eagles,1.0,1.0,1.0,16990,6965,5258,33230,2.164,2.7e-05,10
1,A,Diehard,1.0,1.0,10,who is the leader of the ontario pc party,1.0,1.0,1.0,13663,5426,4637,27595,1.7481,0.000275,10
1,A,Diehard,1.0,1.0,10,nitty gritty dirt band fishin in the dark album,1.0,1.0,1.0,13724,4562,3609,25566,1.7481,7.7e-05,10
1,A,Diehard,1.0,1.0,10,who were the three elves who got rings,1.0,1.0,1.0,11970,4417,3660,23620,2.0253,2.8e-05,10
1,A,Diehard,1.0,1.0,10,converting stereo signal to mono signal is called,1.0,1.0,1.0,11892,4404,4192,24032,1.6957,0.001218,10
1,A,Diehard,1.0,1.0,10,in order to prove disparate impact you first must establish,1.0,1.0,1.0,12792,4831,4044,25574,1.8344,6e-05,9
1,A,Diehard,1.0,1.0,10,where do characters live in this is us,1.0,1.0,1.0,13193,4929,4004,25556,2.0253,0.000148,10
1,A,Diehard,1.0,1.0,10,who makes the decisions about what to produce in a market economy,1.0,1.0,1.0,12095,5056,3981,24544,1.6434,9.2e-05,9
1,A,Diehard,1.0,1.0,10,when is the new tappan zee bridge going to be finished,1.0,1.0,1.0,13626,5067,3973,26255,1.6957,0.000355,10
1,A,Diehard,1.0,1.0,10,who recorded i can't help falling in love with you,1.0,1.0,1.0,12888,5094,3954,25837,2.0253,0.000217,10
1,A,Diehard,1.0,1.0,10,who plays the doc in back to the future,1.0,1.0,1.0,15463,5073,4034,28112,2.0253,0.000551,10
1,A,Diehard,1.0,1.0,10,when did they stop cigarette advertising on television,1.0,1.0,1.0,12964,5105,3988,25199,2.0253,0.000669,10
1,A,Diehard,1.0,1.0,10,who has been chosen as the brand ambassador of the campaign 'beti bachao-beti padhao,1.0,1.0,1.0,13434,5057,3956,25747,1.6957,0.000573,10
1,A,Diehard,1.0,1.0,10,how many seasons of prison break are on netflix,1.0,1.0,1.0,11944,5016,3868,24484,1.973,9.4e-05,10
1,A,Diehard,1.0,1.0,10,what was the name of atom bomb dropped by usa on hiroshima,1.0,1.0,1.0,12978,5136,3981,25465,1.8867,0.00011,9
1,A,Diehard,1.0,1.0,10,when did the us take over wake island,1.0,1.0,1.0,12116,5059,3877,24591,1.973,0.000696,10
1,A,Diehard,1.0,1.0,10,when did american two party system began to emerge,1.0,1.0,1.0,10598,4931,3836,22997,1.6094,0.00019,10
1,A,Diehard,1.0,1.0,10,where are the mitochondria located in the sperm,1.0,1.0,1.0,9795,4717,4126,21675,2.164,0.00018,10
1,A,Diehard,1.0,1.0,10,how many lines of symmetry are there in a equilateral triangle,1.0,1.0,1.0,12021,4586,3585,22778,2.164,0.000394,10
1,A,Diehard,1.0,1.0,10,how many seasons of the oc are there,1.0,1.0,1.0,8928,4435,3584,19572,1.8867,0.000938,10
1,A,Diehard,1.0,1.0,10,latest season on keeping up with the kardashians,1.0,1.0,1.0,9871,4439,3616,20302,1.3592,0.000327,10
1,A,Diehard,1.0,1.0,10,how dose the poet present death as a voyage in crossing the bar,1.0,1.0,1.0,11266,4760,3678,22864,1.8344,0.000307,10
1,A,Diehard,1.0,1.0,10,who were farmers who kept a small portion of their crops & gave the rest to the landowners,1.0,1.0,1.0,10829,4449,3651,21227,1.8867,0.000119,10
1,A,Diehard,1.0,1.0,10,what is pumped up kicks the song about,1.0,1.0,1.0,8518,4498,3581,20031,1.8344,0.000141,10
1,A,Diehard,1.0,1.0,10,2. what are the reasons states impose protectionists policies on other countries,1.0,1.0,1.0,9808,4460,3573,21365,2.0253,0.000159,10
1,A,Diehard,1.0,1.0,10,where are they building the new raiders stadium,1.0,1.0,1.0,8904,4457,3664,20408,2.164,0.000102,10
1,A,Diehard,1.0,1.0,10,what event provoked congress to propose the eleventh amendment and the states to ratify it,1.0,1.0,1.0,10517,4363,3588,21926,1.973,0.000125,10
1,A,Diehard,1.0,1.0,10,does joe die in the purge election year,1.0,1.0,1.0,10325,4416,3605,21853,1.8344,0.000228,10
1,A,DiehardCombined,0.9,1.1,10,what is non controlling interest on balance sheet,0.8,0.8426,0.0,23305,13219,7627,48356,2.164,0.0,9
1,A,DiehardCombined,0.9,1.1,10,how many episodes are in chicago fire season 4,0.9,0.9347,0.5556,20733,7496,5300,36478,2.0253,0.0,10
1,A,DiehardCombined,0.9,1.1,10,who sings love will keep us alive by the eagles,1.0,0.9939,0.6444,17431,5730,4314,30079,2.3026,0.0,9
1,A,DiehardCombined,0.9,1.1,10,who is the leader of the ontario pc party,0.9,0.9436,0.6667,14968,5113,3945,26405,2.164,2e-06,10
1,A,DiehardCombined,0.9,1.1,10,nitty gritty dirt band fishin in the dark album,0.8,0.8647,0.7143,12939,4885,3776,23967,2.0253,1e-06,8
1,A,DiehardCombined,0.9,1.1,10,who were the three elves who got rings,0.9,0.9343,0.3889,9854,4376,3589,21353,2.164,0.0,9
1,A,DiehardCombined,0.9,1.1,10,converting stereo signal to mono signal is called,1.0,0.9952,0.5556,12857,4523,3604,25163,0.8018,1e-05,7
1,A,DiehardCombined,0.9,1.1,10,in order to prove disparate impact you first must establish,0.9,0.9298,0.6111,15151,4913,3749,27073,2.0253,0.0,9
1,A,DiehardCombined,0.9,1.1,10,where do characters live in this is us,1.0,0.998,0.6,11121,5804,3926,24903,1.4979,2e-06,8
1,A,DiehardCombined,0.9,1.1,10,who makes the decisions about what to produce in a market economy,0.8,0.8727,0.5714,11575,4583,3646,23066,1.4708,1e-06,7
1,A,DiehardCombined,0.9,1.1,10,when is the new tappan zee bridge going to be finished,0.8,0.8704,0.5714,12412,4460,3659,25386,1.6094,4e-06,9
1,A,DiehardCombined,0.9,1.1,10,who recorded i can't help falling in love with you,0.9,0.9385,0.3889,11613,4681,3811,24412,2.0253,3e-06,9
1,A,DiehardCombined,0.9,1.1,10,who plays the doc in back to the future,0.9,0.9461,0.6667,11102,4788,3784,24178,1.8344,4e-06,8
1,A,DiehardCombined,0.9,1.1,10,when did they stop cigarette advertising on television,0.9,0.9421,0.8889,13223,4791,3852,25493,1.8867,4e-06,10
1,A,DiehardCombined,0.9,1.1,10,who has been chosen as the brand ambassador of the campaign 'beti bachao-beti padhao,1.0,0.9992,0.8222,12214,4976,3862,24814,2.0253,4e-06,9
1,A,DiehardCombined,0.9,1.1,10,how many seasons of prison break are on netflix,0.9,0.934,0.8333,13423,4886,3879,24935,1.8867,1e-06,9
1,A,DiehardCombined,0.9,1.1,10,what was the name of atom bomb dropped by usa on hiroshima,0.9,0.9308,0.6111,13463,5229,4054,25475,1.6957,1e-06,8
1,A,DiehardCombined,0.9,1.1,10,when did the us take over wake island,0.9,0.9489,0.8889,12081,5162,3980,24185,1.8867,5e-06,10
1,A,DiehardCombined,0.9,1.1,10,when did american two party system began to emerge,0.9,0.9388,0.6111,11568,5138,3888,24293,2.164,1e-06,10
1,A,DiehardCombined,0.9,1.1,10,where are the mitochondria located in the sperm,0.8,0.8786,0.7857,13159,5049,3953,25307,2.164,1e-06,10
1,A,DiehardCombined,0.9,1.1,10,how many lines of symmetry are there in a equilateral triangle,0.8,0.8981,0.8571,12132,5018,3911,23785,1.8867,6e-06,9
1,A,DiehardCombined,0.9,1.1,10,how many seasons of the oc are there,1.0,0.9995,0.9111,11136,5024,3866,23684,2.0253,8e-06,9
1,A,DiehardCombined,0.9,1.1,10,latest season on keeping up with the kardashians,0.7,0.8455,0.9048,11371,5008,3752,23724,1.7481,2e-06,9
1,A,DiehardCombined,0.9,1.1,10,how dose the poet present death as a voyage in crossing the bar,0.9,0.9339,0.6111,10805,4912,3807,23258,1.8867,1e-06,7
1,A,DiehardCombined,0.9,1.1,10,who were farmers who kept a small portion of their crops & gave the rest to the landowners,0.9,0.9469,0.6111,13096,4901,3918,25848,1.8344,1e-06,7
1,A,DiehardCombined,0.9,1.1,10,what is pumped up kicks the song about,0.9,0.9413,0.6667,12324,5051,3943,24287,1.8867,2e-06,9
1,A,DiehardCombined,0.9,1.1,10,2. what are the reasons states impose protectionists policies on other countries,1.0,0.9958,0.5556,9743,4919,3770,21142,1.8867,3e-06,9
1,A,DiehardCombined,0.9,1.1,10,where are they building the new raiders stadium,0.9,0.9422,0.6111,12294,5032,4020,25309,2.0253,1e-06,8
1,A,DiehardCombined,0.9,1.1,10,what event provoked congress to propose the eleventh amendment and the states to ratify it,0.8,0.8892,0.8571,13194,5394,4245,26182,2.164,1e-06,10
1,A,DiehardCombined,0.9,1.1,10,does joe die in the purge election year,0.9,0.9227,0.1111,12908,5027,3915,25527,1.8867,3e-06,9
2,A,Diehard,1.0,1.0,10,what is non controlling interest on balance sheet,1.0,1.0,1.0,24981,9033,6158,44521,1.8867,4e-05,10
2,A,Diehard,1.0,1.0,10,how many episodes are in chicago fire season 4,1.0,1.0,1.0,20866,7259,5369,38034,1.6957,7.6e-05,10
2,A,Diehard,1.0,1.0,10,who sings love will keep us alive by the eagles,1.0,1.0,1.0,18127,6678,4959,33580,2.164,2.7e-05,10
2,A,Diehard,1.0,1.0,10,who is the leader of the ontario pc party,1.0,1.0,1.0,15622,5038,3928,27874,1.7481,0.000275,10
2,A,Diehard,1.0,1.0,10,nitty gritty dirt band fishin in the dark album,1.0,1.0,1.0,18547,4507,3627,30003,1.7481,7.7e-05,10
2,A,Diehard,1.0,1.0,10,who were the three elves who got rings,1.0,1.0,1.0,11301,4469,3606,22496,2.0253,2.8e-05,10
2,A,Diehard,1.0,1.0,10,converting stereo signal to mono signal is called,1.0,1.0,1.0,11730,4452,3571,23430,1.6957,0.001218,10
2,A,Diehard,1.0,1.0,10,in order to prove disparate impact you first must establish,1.0,1.0,1.0,12655,4458,3681,24455,1.8344,6e-05,9
2,A,Diehard,1.0,1.0,10,where do characters live in this is us,1.0,1.0,1.0,12323,4538,3628,24154,2.0253,0.000148,10
2,A,Diehard,1.0,1.0,10,who makes the decisions about what to produce in a market economy,1.0,1.0,1.0,12405,4569,3689,24249,1.6434,9.2e-05,9
2,A,Diehard,1.0,1.0,10,when is the new tappan zee bridge going to be finished,1.0,1.0,1.0,12013,4629,3623,22720,1.6957,0.000355,10
2,A,Diehard,1.0,1.0,10,who recorded i can't help falling in love with you,1.0,1.0,1.0,12906,4705,3716,24996,2.0253,0.000217,10
2,A,Diehard,1.0,1.0,10,who plays the doc in back to the future,1.0,1.0,1.0,11162,4699,3744,22368,2.0253,0.000551,10
2,A,Diehard,1.0,1.0,10,when did they stop cigarette advertising on television,1.0,1.0,1.0,11950,4712,3727,24042,2.0253,0.000669,10
2,A,Diehard,1.0,1.0,10,who has been chosen as the brand ambassador of the campaign 'beti bachao-beti padhao,1.0,1.0,1.0,11428,4625,3706,22389,1.6957,0.000573,10
2,A,Diehard,1.0,1.0,10,how many seasons of prison break are on netflix,1.0,1.0,1.0,11721,4689,3770,23865,1.973,9.4e-05,10
2,A,Diehard,1.0,1.0,10,what was the name of atom bomb dropped by usa on hiroshima,1.0,1.0,1.0,13752,4801,3806,26079,1.8867,0.00011,9
2,A,Diehard,1.0,1.0,10,when did the us take over wake island,1.0,1.0,1.0,12007,4721,3739,23735,1.973,0.000696,10
2,A,Diehard,1.0,1.0,10,when did american two party system began to emerge,1.0,1.0,1.0,11954,4683,3732,23582,1.6094,0.00019,10
2,A,Diehard,1.0,1.0,10,where are the mitochondria located in the sperm,1.0,1.0,1.0,12081,4720,3702,23489,2.164,0.00018,10
2,A,Diehard,1.0,1.0,10,how many lines of symmetry are there in a equilateral triangle,1.0,1.0,1.0,12842,4797,3789,23918,2.164,0.000394,10
2,A,Diehard,1.0,1.0,10,how many seasons of the oc are there,1.0,1.0,1.0,12326,4792,3768,24531,1.8867,0.000938,10
2,A,Diehard,1.0,1.0,10,latest season on keeping up with the kardashians,1.0,1.0,1.0,13172,4833,3743,24057,1.3592,0.000327,10
2,A,Diehard,1.0,1.0,10,how dose the poet present death as a voyage in crossing the bar,1.0,1.0,1.0,13005,4807,3967,24800,1.8344,0.000307,10
2,A,Diehard,1.0,1.0,10,who were farmers who kept a small portion of their crops & gave the rest to the landowners,1.0,1.0,1.0,11852,4924,4002,23951,1.8867,0.000119,10
2,A,Diehard,1.0,1.0,10,what is pumped up kicks the song about,1.0,1.0,1.0,11099,4685,3770,22878,1.8344,0.000141,10
2,A,Diehard,1.0,1.0,10,2. what are the reasons states impose protectionists policies on other countries,1.0,1.0,1.0,9288,4408,3681,20927,2.0253,0.000159,10
2,A,Diehard,1.0,1.0,10,where are they building the new raiders stadium,1.0,1.0,1.0,9427,4361,3644,20247,2.164,0.000102,10
2,A,Diehard,1.0,1.0,10,what event provoked congress to propose the eleventh amendment and the states to ratify it,1.0,1.0,1.0,11175,4599,3630,21776,1.973,0.000125,10
2,A,Diehard,1.0,1.0,10,does joe die in the purge election year,1.0,1.0,1.0,10340,4475,3588,20743,1.8344,0.000228,10
2,A,DiehardCombined,0.9,1.1,10,what is non controlling interest on balance sheet,0.7,0.7994,0.4286,23523,13010,7331,48424,2.164,1e-06,9
2,A,DiehardCombined,0.9,1.1,10,how many episodes are in chicago fire season 4,0.9,0.9357,0.2778,18234,8418,5877,36801,2.0253,1e-06,9
2,A,DiehardCombined,0.9,1.1,10,who sings love will keep us alive by the eagles,0.9,0.9422,0.4444,18751,6825,4954,34483,1.973,0.0,8
2,A,DiehardCombined,0.9,1.1,10,who is the leader of the ontario pc party,1.0,0.9945,0.4667,15399,6151,4542,29994,2.0253,2e-06,10
2,A,DiehardCombined,0.9,1.1,10,nitty gritty dirt band fishin in the dark album,0.9,0.9427,0.6667,14393,5707,4296,28254,2.0253,1e-06,8
2,A,DiehardCombined,0.9,1.1,10,who were the three elves who got rings,0.9,0.9257,0.5,14609,5551,4229,28316,1.8344,0.0,5
2,A,DiehardCombined,0.9,1.1,10,converting stereo signal to mono signal is called,1.0,0.9999,0.9111,13056,5366,4188,26156,2.0253,6e-06,9
2,A,DiehardCombined,0.9,1.1,10,in order to prove disparate impact you first must establish,0.8,0.8345,0.4286,12132,4870,3747,23673,2.0253,1e-06,9
2,A,DiehardCombined,0.9,1.1,10,where do characters live in this is us,1.0,0.9983,0.7778,11274,4488,3579,21729,1.973,1e-06,8
2,A,DiehardCombined,0.9,1.1,10,who makes the decisions about what to produce in a market economy,0.8,0.8886,0.6429,9215,4498,3595,20013,2.0253,1e-06,9
2,A,DiehardCombined,0.9,1.1,10,when is the new tappan zee bridge going to be finished,0.7,0.8198,0.7143,10011,4537,3942,21379,1.8344,4e-06,10
2,A,DiehardCombined,0.9,1.1,10,who recorded i can't help falling in love with you,0.8,0.8835,0.8571,11402,4390,3597,21725,1.8344,2e-06,9
2,A,DiehardCombined,0.9,1.1,10,who plays the doc in back to the future,1.0,0.9995,0.8222,10238,4511,3595,21070,2.0253,4e-06,9
2,A,DiehardCombined,0.9,1.1,10,when did they stop cigarette advertising on television,0.8,0.8946,1.0,10264,4468,3622,22065,1.973,4e-06,9
2,A,DiehardCombined,0.9,1.1,10,who has been chosen as the brand ambassador of the campaign 'beti bachao-beti padhao,0.9,0.9554,0.7222,11747,4432,3663,23486,2.0253,6e-06,10
2,A,DiehardCombined,0.9,1.1,10,how many seasons of prison break are on netflix,0.8,0.8676,0.2857,9904,4423,3594,21487,1.8344,1e-06,8
2,A,DiehardCombined,0.9,1.1,10,what was the name of atom bomb dropped by usa on hiroshima,0.7,0.8089,0.4286,9373,4378,3579,20851,2.164,1e-06,10
2,A,DiehardCombined,0.9,1.1,10,when did the us take over wake island,0.9,0.9468,0.9444,10685,4409,3609,22267,2.0253,6e-06,10
2,A,DiehardCombined,0.9,1.1,10,when did american two party system began to emerge,0.8,0.8843,0.7857,9932,4535,3662,21573,1.973,1e-06,8
2,A,DiehardCombined,0.9,1.1,10,where are the mitochondria located in the sperm,0.8,0.8763,0.6429,12158,4687,3648,24035,1.6957,2e-06,8
2,A,DiehardCombined,0.9,1.1,10,how many lines of symmetry are there in a equilateral triangle,0.9,0.95,0.7778,11299,4686,3716,23196,2.0253,3e-06,10
2,A,DiehardCombined,0.9,1.1,10,how many seasons of the oc are there,0.9,0.9452,0.7222,10715,4775,3717,22667,2.164,9e-06,10
2,A,DiehardCombined,0.9,1.1,10,latest season on keeping up with the kardashians,0.9,0.9502,0.8333,11348,4704,3712,23217,1.7481,2e-06,8
2,A,DiehardCombined,0.9,1.1,10,how dose the poet present death as a voyage in crossing the bar,1.0,0.9993,0.7778,11670,4879,3765,23774,1.8867,3e-06,10
2,A,DiehardCombined,0.9,1.1,10,who were farmers who kept a small portion of their crops & gave the rest to the landowners,1.0,0.9966,0.4667,11139,4853,3740,23320,1.8867,1e-06,8
2,A,DiehardCombined,0.9,1.1,10,what is pumped up kicks the song about,0.8,0.8819,0.7857,12002,4871,3753,24332,2.164,2e-06,10
2,A,DiehardCombined,0.9,1.1,10,2. what are the reasons states impose protectionists policies on other countries,0.9,0.9021,0.0556,10637,4859,3742,22745,1.8344,1e-06,8
2,A,DiehardCombined,0.9,1.1,10,where are they building the new raiders stadium,1.0,0.9989,0.8222,12085,4863,3756,24534,2.164,1e-06,8
2,A,DiehardCombined,0.9,1.1,10,what event provoked congress to propose the eleventh amendment and the states to ratify it,0.8,0.8833,0.7143,11511,4867,3762,23748,1.6957,1e-06,6
2,A,DiehardCombined,0.9,1.1,10,does joe die in the purge election year,0.9,0.9463,0.8889,10170,4807,3743,22133,1.8344,4e-06,7
3,A,Diehard,1.0,1.0,10,what is non controlling interest on balance sheet,1.0,1.0,1.0,30688,4520,4210,43896,1.8867,4e-05,10
3,A,Diehard,1.0,1.0,10,how many episodes are in chicago fire season 4,1.0,1.0,1.0,18308,5100,4113,30046,1.6957,7.6e-05,10
3,A,Diehard,1.0,1.0,10,who sings love will keep us alive by the eagles,1.0,1.0,1.0,18418,5229,3956,30363,2.164,2.7e-05,10
3,A,Diehard,1.0,1.0,10,who is the leader of the ontario pc party,1.0,1.0,1.0,14797,5075,4019,27264,1.7481,0.000275,10
3,A,Diehard,1.0,1.0,10,nitty gritty dirt band fishin in the dark album,1.0,1.0,1.0,14463,4978,3952,26205,1.7481,7.7e-05,10
3,A,Diehard,1.0,1.0,10,who were the three elves who got rings,1.0,1.0,1.0,14031,5279,4159,26843,2.0253,2.8e-05,10
3,A,Diehard,1.0,1.0,10,converting stereo signal to mono signal is called,1.0,1.0,1.0,12912,4979,3967,25626,1.6957,0.001218,10
3,A,Diehard,1.0,1.0,10,in order to prove disparate impact you first must establish,1.0,1.0,1.0,13205,4905,3896,25446,1.8344,6e-05,9
3,A,Diehard,1.0,1.0,10,where do characters live in this is us,1.0,1.0,1.0,12552,4857,3839,24860,2.0253,0.000148,10
3,A,Diehard,1.0,1.0,10,who makes the decisions about what to produce in a market economy,1.0,1.0,1.0,13165,4863,3877,25246,1.6434,9.2e-05,9
3,A,Diehard,1.0,1.0,10,when is the new tappan zee bridge going to be finished,1.0,1.0,1.0,12578,4998,3891,24911,1.6957,0.000355,10
3,A,Diehard,1.0,1.0,10,who recorded i can't help falling in love with you,1.0,1.0,1.0,11748,4866,4124,24324,2.0253,0.000217,10
3,A,Diehard,1.0,1.0,10,who plays the doc in back to the future,1.0,1.0,1.0,12739,4866,3893,24555,2.0253,0.000551,10
3,A,Diehard,1.0,1.0,10,when did they stop cigarette advertising on television,1.0,1.0,1.0,9902,4838,3946,22516,2.0253,0.000669,10
3,A,Diehard,1.0,1.0,10,who has been chosen as the brand ambassador of the campaign 'beti bachao-beti padhao,1.0,1.0,1.0,14243,4852,3964,26351,1.6957,0.000573,10
3,A,Diehard,1.0,1.0,10,how many seasons of prison break are on netflix,1.0,1.0,1.0,11929,5011,3845,24587,1.973,9.4e-05,10
3,A,Diehard,1.0,1.0,10,what was the name of atom bomb dropped by usa on hiroshima,1.0,1.0,1.0,11330,4901,3729,23660,1.8867,0.00011,9
3,A,Diehard,1.0,1.0,10,when did the us take over wake island,1.0,1.0,1.0,11572,4544,3664,22404,1.973,0.000696,10
3,A,Diehard,1.0,1.0,10,when did american two party system began to emerge,1.0,1.0,1.0,9828,4401,3678,21071,1.6094,0.00019,10
3,A,Diehard,1.0,1.0,10,where are the mitochondria located in the sperm,1.0,1.0,1.0,11037,4507,3876,22969,2.164,0.00018,10
3,A,Diehard,1.0,1.0,10,how many lines of symmetry are there in a equilateral triangle,1.0,1.0,1.0,12292,4664,3742,23933,2.164,0.000394,10
3,A,Diehard,1.0,1.0,10,how many seasons of the oc are there,1.0,1.0,1.0,11398,4852,3689,23341,1.8867,0.000938,10
3,A,Diehard,1.0,1.0,10,latest season on keeping up with the kardashians,1.0,1.0,1.0,10760,4574,3628,22422,1.3592,0.000327,10
3,A,Diehard,1.0,1.0,10,how dose the poet present death as a voyage in crossing the bar,1.0,1.0,1.0,11730,4604,3689,23701,1.8344,0.000307,10
3,A,Diehard,1.0,1.0,10,who were farmers who kept a small portion of their crops & gave the rest to the landowners,1.0,1.0,1.0,10142,4421,3618,22401,1.8867,0.000119,10
3,A,Diehard,1.0,1.0,10,what is pumped up kicks the song about,1.0,1.0,1.0,10602,4469,3582,21311,1.8344,0.000141,10
3,A,Diehard,1.0,1.0,10,2. what are the reasons states impose protectionists policies on other countries,1.0,1.0,1.0,8999,4505,3682,19629,2.0253,0.000159,10
3,A,Diehard,1.0,1.0,10,where are they building the new raiders stadium,1.0,1.0,1.0,11384,4540,3564,21923,2.164,0.000102,10
3,A,Diehard,1.0,1.0,10,what event provoked congress to propose the eleventh amendment and the states to ratify it,1.0,1.0,1.0,9567,4371,3579,19976,1.973,0.000125,10
3,A,Diehard,1.0,1.0,10,does joe die in the purge election year,1.0,1.0,1.0,10992,4369,3624,22483,1.8344,0.000228,10
3,A,DiehardCombined,0.9,1.1,10,what is non controlling interest on balance sheet,0.8,0.8448,-0.3571,22685,12430,7406,47630,2.0253,0.0,8
3,A,DiehardCombined,0.9,1.1,10,how many episodes are in chicago fire season 4,0.7,0.8124,0.4286,22081,8126,5929,40333,1.8867,1e-06,10
3,A,DiehardCombined,0.9,1.1,10,who sings love will keep us alive by the eagles,0.9,0.9356,0.5,18478,7008,5178,34527,2.0253,1e-06,10
3,A,DiehardCombined,0.9,1.1,10,who is the leader of the ontario pc party,0.8,0.8587,0.2857,16900,6162,4806,31906,1.8867,2e-06,8
3,A,DiehardCombined,0.9,1.1,10,nitty gritty dirt band fishin in the dark album,0.8,0.8782,0.5714,16941,6389,4763,32248,2.0253,1e-06,8
3,A,DiehardCombined,0.9,1.1,10,who were the three elves who got rings,0.6,0.7177,0.0667,16114,4860,3987,28292,1.8344,0.0,8
3,A,DiehardCombined,0.9,1.1,10,converting stereo signal to mono signal is called,1.0,0.998,0.6889,12609,4430,4132,24717,2.0253,1e-05,10
3,A,DiehardCombined,0.9,1.1,10,in order to prove disparate impact you first must establish,0.9,0.9162,0.4444,9527,4574,3613,21101,2.164,0.0,9
3,A,DiehardCombined,0.9,1.1,10,where do characters live in this is us,0.9,0.9397,0.7778,11102,4502,3610,21792,2.0253,1e-06,8
3,A,DiehardCombined,0.9,1.1,10,who makes the decisions about what to produce in a market economy,0.8,0.8889,0.6429,10299,4525,3594,20854,2.164,1e-06,10
3,A,DiehardCombined,0.9,1.1,10,when is the new tappan zee bridge going to be finished,0.7,0.8094,0.5238,11679,4414,3586,22307,1.8344,4e-06,9
3,A,DiehardCombined,0.9,1.1,10,who recorded i can't help falling in love with you,0.7,0.8167,0.4286,10004,4352,3594,20353,1.7481,2e-06,7
3,A,DiehardCombined,0.9,1.1,10,who plays the doc in back to the future,1.0,0.9992,0.8222,11221,4420,3581,21541,2.164,5e-06,10
3,A,DiehardCombined,0.9,1.1,10,when did they stop cigarette advertising on television,0.9,0.9494,0.7778,9462,4439,3592,22115,2.3026,5e-06,10
3,A,DiehardCombined,0.9,1.1,10,who has been chosen as the brand ambassador of the campaign 'beti bachao-beti padhao,0.9,0.9545,0.8333,13411,4391,3587,24990,1.8867,8e-06,7
3,A,DiehardCombined,0.9,1.1,10,how many seasons of prison break are on netflix,0.8,0.8844,0.7143,11922,4374,3617,23552,2.164,1e-06,8
3,A,DiehardCombined,0.9,1.1,10,what was the name of atom bomb dropped by usa on hiroshima,0.8,0.8807,0.5714,13133,4479,3650,24752,2.0253,1e-06,8
3,A,DiehardCombined,0.9,1.1,10,when did the us take over wake island,0.9,0.9488,0.7778,11309,4555,3585,21999,1.8867,7e-06,8
3,A,DiehardCombined,0.9,1.1,10,when did american two party system began to emerge,0.8,0.8812,0.7143,12122,4665,3627,23880,2.164,1e-06,9
3,A,DiehardCombined,0.9,1.1,10,where are the mitochondria located in the sperm,0.7,0.805,0.619,11173,4702,3638,22479,1.6434,2e-06,8
3,A,DiehardCombined,0.9,1.1,10,how many lines of symmetry are there in a equilateral triangle,0.9,0.9518,0.8889,12801,4718,3746,24940,2.164,2e-06,10
3,A,DiehardCombined,0.9,1.1,10,how many seasons of the oc are there,0.9,0.9424,0.8889,10434,4682,3683,22383,2.0253,8e-06,9
3,A,DiehardCombined,0.9,1.1,10,latest season on keeping up with the kardashians,0.8,0.9074,0.7857,12032,4703,3677,24055,1.6957,2e-06,9
3,A,DiehardCombined,0.9,1.1,10,how dose the poet present death as a voyage in crossing the bar,0.9,0.9438,0.7778,13040,4851,3759,25133,2.0253,2e-06,10
3,A,DiehardCombined,0.9,1.1,10,who were farmers who kept a small portion of their crops & gave the rest to the landowners,0.9,0.9446,0.5,12549,4849,3924,24980,1.8344,1e-06,8
3,A,DiehardCombined,0.9,1.1,10,what is pumped up kicks the song about,0.7,0.7912,0.1429,12427,5017,4156,25383,2.0253,0.0,7
3,A,DiehardCombined,0.9,1.1,10,2. what are the reasons states impose protectionists policies on other countries,0.7,0.7808,0.3333,11242,4610,3613,22483,2.164,1e-06,8
3,A,DiehardCombined,0.9,1.1,10,where are they building the new raiders stadium,0.9,0.9429,0.6111,10397,4672,3592,22066,2.0253,1e-06,8
3,A,DiehardCombined,0.9,1.1,10,what event provoked congress to propose the eleventh amendment and the states to ratify it,0.8,0.8612,0.6429,10301,4442,3672,21768,2.164,1e-06,8
3,A,DiehardCombined,0.9,1.1,10,does joe die in the purge election year,0.9,0.9385,0.5556,9090,4440,3650,19976,1.8344,3e-06,9
4,A,Diehard,1.0,1.0,10,what is non controlling interest on balance sheet,1.0,1.0,1.0,24868,12799,7445,49833,1.8867,4e-05,10
4,A,Diehard,1.0,1.0,10,how many episodes are in chicago fire season 4,1.0,1.0,1.0,22449,8113,5747,40619,1.6957,7.6e-05,10
4,A,Diehard,1.0,1.0,10,who sings love will keep us alive by the eagles,1.0,1.0,1.0,17633,6875,5122,33717,2.164,2.7e-05,10
4,A,Diehard,1.0,1.0,10,who is the leader of the ontario pc party,1.0,1.0,1.0,18312,6205,4804,33744,1.7481,0.000275,10
4,A,Diehard,1.0,1.0,10,nitty gritty dirt band fishin in the dark album,1.0,1.0,1.0,12574,6240,4371,27218,1.7481,7.7e-05,10
4,A,Diehard,1.0,1.0,10,who were the three elves who got rings,1.0,1.0,1.0,13288,4697,3994,25936,2.0253,2.8e-05,10
4,A,Diehard,1.0,1.0,10,converting stereo signal to mono signal is called,1.0,1.0,1.0,12484,4568,4230,24965,1.6957,0.001218,10
4,A,Diehard,1.0,1.0,10,in order to prove disparate impact you first must establish,1.0,1.0,1.0,10688,5294,4039,23572,1.8344,6e-05,9
4,A,Diehard,1.0,1.0,10,where do characters live in this is us,1.0,1.0,1.0,11744,4932,4066,24556,2.0253,0.000148,10
4,A,Diehard,1.0,1.0,10,who makes the decisions about what to produce in a market economy,1.0,1.0,1.0,11756,4862,4006,24255,1.6434,9.2e-05,9
4,A,Diehard,1.0,1.0,10,when is the new tappan zee bridge going to be finished,1.0,1.0,1.0,13645,5057,3982,26173,1.6957,0.000355,10
4,A,Diehard,1.0,1.0,10,who recorded i can't help falling in love with you,1.0,1.0,1.0,13078,5059,3931,25551,2.0253,0.000217,10
4,A,Diehard,1.0,1.0,10,who plays the doc in back to the future,1.0,1.0,1.0,13550,5066,4006,26120,2.0253,0.000551,10
4,A,Diehard,1.0,1.0,10,when did they stop cigarette advertising on television,1.0,1.0,1.0,13483,5063,3889,25778,2.0253,0.000669,10
4,A,Diehard,1.0,1.0,10,who has been chosen as the brand ambassador of the campaign 'beti bachao-beti padhao,1.0,1.0,1.0,15233,5089,3952,27845,1.6957,0.000573,10
4,A,Diehard,1.0,1.0,10,how many seasons of prison break are on netflix,1.0,1.0,1.0,12318,5051,3916,24292,1.973,9.4e-05,10
4,A,Diehard,1.0,1.0,10,what was the name of atom bomb dropped by usa on hiroshima,1.0,1.0,1.0,13358,5047,3921,25825,1.8867,0.00011,9
4,A,Diehard,1.0,1.0,10,when did the us take over wake island,1.0,1.0,1.0,12702,4849,3751,25029,1.973,0.000696,10
4,A,Diehard,1.0,1.0,10,when did american two party system began to emerge,1.0,1.0,1.0,9767,4547,3580,21214,1.6094,0.00019,10
4,A,Diehard,1.0,1.0,10,where are the mitochondria located in the sperm,1.0,1.0,1.0,10326,4462,3594,20755,2.164,0.00018,10
4,A,Diehard,1.0,1.0,10,how many lines of symmetry are there in a equilateral triangle,1.0,1.0,1.0,8992,4475,3590,19339,2.164,0.000394,10
4,A,Diehard,1.0,1.0,10,how many seasons of the oc are there,1.0,1.0,1.0,10820,4384,3580,22168,1.8867,0.000938,10
4,A,Diehard,1.0,1.0,10,latest season on keeping up with the kardashians,1.0,1.0,1.0,11232,4370,3584,21569,1.3592,0.000327,10
4,A,Diehard,1.0,1.0,10,how dose the poet present death as a voyage in crossing the bar,1.0,1.0,1.0,9631,4381,3616,19968,1.8344,0.000307,10
4,A,Diehard,1.0,1.0,10,who were farmers who kept a small portion of their crops & gave the rest to the landowners,1.0,1.0,1.0,10852,4465,3639,22675,1.8867,0.000119,10
4,A,Diehard,1.0,1.0,10,what is pumped up kicks the song about,1.0,1.0,1.0,11309,4529,3909,22596,1.8344,0.000141,10
4,A,Diehard,1.0,1.0,10,2. what are the reasons states impose protectionists policies on other countries,1.0,1.0,1.0,11012,4375,3588,22536,2.0253,0.000159,10
4,A,Diehard,1.0,1.0,10,where are they building the new raiders stadium,1.0,1.0,1.0,9936,4415,3606,21240,2.164,0.000102,10
4,A,Diehard,1.0,1.0,10,what event provoked congress to propose the eleventh amendment and the states to ratify it,1.0,1.0,1.0,9958,4465,3765,21664,1.973,0.000125,10
4,A,Diehard,1.0,1.0,10,does joe die in the purge election year,1.0,1.0,1.0,9937,4457,3593,21553,1.8344,0.000228,10
4,A,DiehardCombined,0.9,1.1,10,what is non controlling interest on balance sheet,0.8,0.7126,0.7143,22804,10879,5069,43281,2.164,0.0,9
4,A,DiehardCombined,0.9,1.1,10,how many episodes are in chicago fire season 4,0.9,0.9363,0.7222,19078,6641,5611,35562,1.7481,1e-06,8
4,A,DiehardCombined,0.9,1.1,10,who sings love will keep us alive by the eagles,0.9,0.9441,0.7778,19102,7164,5088,35345,2.0253,0.0,10
4,A,DiehardCombined,0.9,1.1,10,who is the leader of the ontario pc party,0.8,0.8737,0.7143,17129,6438,5008,32336,1.4708,6e-06,9
4,A,DiehardCombined,0.9,1.1,10,nitty gritty dirt band fishin in the dark album,0.7,0.8241,0.8095,15954,6006,4639,30744,2.0253,1e-06,9
4,A,DiehardCombined,0.9,1.1,10,who were the three elves who got rings,0.9,0.9363,0.1111,14592,5694,4279,28114,2.0253,0.0,9
4,A,DiehardCombined,0.9,1.1,10,converting stereo signal to mono signal is called,1.0,0.9996,0.8667,13776,5399,4187,26877,2.164,1.1e-05,10
4,A,DiehardCombined,0.9,1.1,10,in order to prove disparate impact you first must establish,0.9,0.9185,0.3333,13475,5360,4090,26459,2.0253,1e-06,8
4,A,DiehardCombined,0.9,1.1,10,where do characters live in this is us,1.0,0.9994,0.8667,11841,5098,3976,24465,1.6957,1e-06,9
4,A,DiehardCombined,0.9,1.1,10,who makes the decisions about what to produce in a market economy,0.8,0.8789,0.3571,14135,5087,3933,26805,1.8344,0.0,8
4,A,DiehardCombined,0.9,1.1,10,when is the new tappan zee bridge going to be finished,0.8,0.8843,0.7857,12022,5098,3943,24584,1.6094,3e-06,8
4,A,DiehardCombined,0.9,1.1,10,who recorded i can't help falling in love with you,1.0,0.9964,0.6,11561,4871,3866,23985,1.6957,3e-06,8
4,A,DiehardCombined,0.9,1.1,10,who plays the doc in back to the future,0.9,0.9382,0.5556,13139,4932,3799,25448,2.164,3e-06,9
4,A,DiehardCombined,0.9,1.1,10,when did they stop cigarette advertising on television,1.0,0.9999,0.9556,10276,4820,3744,22420,1.8344,5e-06,10
4,A,DiehardCombined,0.9,1.1,10,who has been chosen as the brand ambassador of the campaign 'beti bachao-beti padhao,0.9,0.954,0.8333,13311,4870,3766,24485,1.8344,5e-06,8
4,A,DiehardCombined,0.9,1.1,10,how many seasons of prison break are on netflix,0.8,0.8783,0.7143,11426,4882,3985,24090,1.8344,0.0,8
4,A,DiehardCombined,0.9,1.1,10,what was the name of atom bomb dropped by usa on hiroshima,0.8,0.8778,0.5,12242,5288,3984,25135,2.0253,1e-06,8
4,A,DiehardCombined,0.9,1.1,10,when did the us take over wake island,0.8,0.8985,1.0,11193,4871,3822,23427,1.973,7e-06,9
4,A,DiehardCombined,0.9,1.1,10,when did american two party system began to emerge,0.8,0.8875,0.8571,10665,4445,3831,22393,1.7481,2e-06,8
4,A,DiehardCombined,0.9,1.1,10,where are the mitochondria located in the sperm,0.7,0.821,0.8095,8765,4506,3763,20214,2.0253,1e-06,10
4,A,DiehardCombined,0.9,1.1,10,how many lines of symmetry are there in a equilateral triangle,0.9,0.9525,0.9444,10847,4472,3754,22502,2.0253,2e-06,9
4,A,DiehardCombined,0.9,1.1,10,how many seasons of the oc are there,0.9,0.9456,0.8333,11802,4850,3739,23858,2.0253,4e-06,10
4,A,DiehardCombined,0.9,1.1,10,latest season on keeping up with the kardashians,0.9,0.9545,0.8333,10193,4872,3952,22836,1.6957,3e-06,9
4,A,DiehardCombined,0.9,1.1,10,how dose the poet present death as a voyage in crossing the bar,0.9,0.9463,0.6667,11741,4876,3881,24030,1.973,2e-06,9
4,A,DiehardCombined,0.9,1.1,10,who were farmers who kept a small portion of their crops & gave the rest to the landowners,0.9,0.9435,0.2778,10689,4913,3787,22866,1.8867,1e-06,8
4,A,DiehardCombined,0.9,1.1,10,what is pumped up kicks the song about,0.8,0.8736,0.7143,10637,4782,3746,22724,2.0253,1e-06,8
4,A,DiehardCombined,0.9,1.1,10,2. what are the reasons states impose protectionists policies on other countries,0.8,0.8726,0.6429,10738,4370,3667,22435,1.7481,2e-06,9
4,A,DiehardCombined,0.9,1.1,10,where are they building the new raiders stadium,1.0,0.9989,0.7333,9395,4504,3586,19873,2.0253,1e-06,8
4,A,DiehardCombined,0.9,1.1,10,what event provoked congress to propose the eleventh amendment and the states to ratify it,0.7,0.8231,0.8095,11004,4507,3585,21403,1.8344,2e-06,9
4,A,DiehardCombined,0.9,1.1,10,does joe die in the purge election year,0.9,0.9436,0.7222,9870,4456,3588,20559,1.8867,3e-06,9
5,A,Diehard,1.0,1.0,10,what is non controlling interest on balance sheet,1.0,1.0,1.0,25197,12419,7433,49897,1.8867,4e-05,10
5,A,Diehard,1.0,1.0,10,how many episodes are in chicago fire season 4,1.0,1.0,1.0,20713,6701,4986,36124,1.6957,7.6e-05,10
5,A,Diehard,1.0,1.0,10,who sings love will keep us alive by the eagles,1.0,1.0,1.0,17503,5802,4354,31361,2.164,2.7e-05,10
5,A,Diehard,1.0,1.0,10,who is the leader of the ontario pc party,1.0,1.0,1.0,18649,5587,4306,32351,1.7481,0.000275,10
5,A,Diehard,1.0,1.0,10,nitty gritty dirt band fishin in the dark album,1.0,1.0,1.0,14274,5379,4168,28211,1.7481,7.7e-05,10
5,A,Diehard,1.0,1.0,10,who were the three elves who got rings,1.0,1.0,1.0,13127,5179,4062,26184,2.0253,2.8e-05,10
5,A,Diehard,1.0,1.0,10,converting stereo signal to mono signal is called,1.0,1.0,1.0,14154,5583,4063,27812,1.6957,0.001218,10
5,A,Diehard,1.0,1.0,10,in order to prove disparate impact you first must establish,1.0,1.0,1.0,12822,4882,3887,25288,1.8344,6e-05,9
5,A,Diehard,1.0,1.0,10,where do characters live in this is us,1.0,1.0,1.0,12113,4909,3887,24456,2.0253,0.000148,10
5,A,Diehard,1.0,1.0,10,who makes the decisions about what to produce in a market economy,1.0,1.0,1.0,12077,4834,3845,24350,1.6434,9.2e-05,9
5,A,Diehard,1.0,1.0,10,when is the new tappan zee bridge going to be finished,1.0,1.0,1.0,12373,4828,3821,24690,1.6957,0.000355,10
5,A,Diehard,1.0,1.0,10,who recorded i can't help falling in love with you,1.0,1.0,1.0,10464,4623,3682,22112,2.0253,0.000217,10
5,A,Diehard,1.0,1.0,10,who plays the doc in back to the future,1.0,1.0,1.0,11755,4668,3618,23017,2.0253,0.000551,10
5,A,Diehard,1.0,1.0,10,when did they stop cigarette advertising on television,1.0,1.0,1.0,11097,4452,3652,21687,2.0253,0.000669,10
5,A,Diehard,1.0,1.0,10,who has been chosen as the brand ambassador of the campaign 'beti bachao-beti padhao,1.0,1.0,1.0,10604,4454,3600,21122,1.6957,0.000573,10
5,A,Diehard,1.0,1.0,10,how many seasons of prison break are on netflix,1.0,1.0,1.0,10280,4424,3629,20539,1.973,9.4e-05,10
5,A,Diehard,1.0,1.0,10,what was the name of atom bomb dropped by usa on hiroshima,1.0,1.0,1.0,9079,4399,3585,19659,1.8867,0.00011,9
5,A,Diehard,1.0,1.0,10,when did the us take over wake island,1.0,1.0,1.0,9389,4360,3591,20008,1.973,0.000696,10
5,A,Diehard,1.0,1.0,10,when did american two party system began to emerge,1.0,1.0,1.0,9670,4344,3586,21141,1.6094,0.00019,10
5,A,Diehard,1.0,1.0,10,where are the mitochondria located in the sperm,1.0,1.0,1.0,11256,4340,3619,22815,2.164,0.00018,10
5,A,Diehard,1.0,1.0,10,how many lines of symmetry are there in a equilateral triangle,1.0,1.0,1.0,10587,4384,3575,22063,2.164,0.000394,10
5,A,Diehard,1.0,1.0,10,how many seasons of the oc are there,1.0,1.0,1.0,11570,4380,3578,22092,1.8867,0.000938,10
5,A,Diehard,1.0,1.0,10,latest season on keeping up with the kardashians,1.0,1.0,1.0,12428,4612,3618,23156,1.3592,0.000327,10
5,A,Diehard,1.0,1.0,10,how dose the poet present death as a voyage in crossing the bar,1.0,1.0,1.0,11578,4632,3623,23359,1.8344,0.000307,10
5,A,Diehard,1.0,1.0,10,who were farmers who kept a small portion of their crops & gave the rest to the landowners,1.0,1.0,1.0,12379,4674,3713,24190,1.8867,0.000119,10
5,A,Diehard,1.0,1.0,10,what is pumped up kicks the song about,1.0,1.0,1.0,15198,4840,3754,27014,1.8344,0.000141,10
5,A,Diehard,1.0,1.0,10,2. what are the reasons states impose protectionists policies on other countries,1.0,1.0,1.0,10651,4869,3769,22407,2.0253,0.000159,10
5,A,Diehard,1.0,1.0,10,where are they building the new raiders stadium,1.0,1.0,1.0,9534,4679,3729,21003,2.164,0.000102,10
5,A,Diehard,1.0,1.0,10,what event provoked congress to propose the eleventh amendment and the states to ratify it,1.0,1.0,1.0,10561,4782,3747,22575,1.973,0.000125,10
5,A,Diehard,1.0,1.0,10,does joe die in the purge election year,1.0,1.0,1.0,11358,4836,3759,23467,1.8344,0.000228,10
5,A,DiehardCombined,0.9,1.1,10,what is non controlling interest on balance sheet,0.8,0.8397,0.6429,24526,12675,7444,49503,2.3026,1e-06,10
5,A,DiehardCombined,0.9,1.1,10,how many episodes are in chicago fire season 4,0.9,0.9404,0.5,20738,8171,5793,39075,2.164,0.0,9
5,A,DiehardCombined,0.9,1.1,10,who sings love will keep us alive by the eagles,0.9,0.9309,0.2222,20613,6975,5186,37826,2.0253,0.0,7
5,A,DiehardCombined,0.9,1.1,10,who is the leader of the ontario pc party,0.9,0.9374,0.5556,16123,6174,4702,30285,2.0253,1e-06,10
5,A,DiehardCombined,0.9,1.1,10,nitty gritty dirt band fishin in the dark album,0.8,0.8773,0.7143,15796,5858,4521,30076,2.0253,0.0,9
5,A,DiehardCombined,0.9,1.1,10,who were the three elves who got rings,0.9,0.9303,0.2778,14477,5613,4262,28228,2.164,1e-06,9
5,A,DiehardCombined,0.9,1.1,10,converting stereo signal to mono signal is called,0.9,0.9478,0.7778,14224,5286,4228,27269,1.8867,1.1e-05,10
5,A,DiehardCombined,0.9,1.1,10,in order to prove disparate impact you first must establish,0.8,0.853,0.7143,13771,5082,3877,25673,2.0253,1e-06,7
5,A,DiehardCombined,0.9,1.1,10,where do characters live in this is us,1.0,0.9995,0.9111,9660,4627,3580,20161,1.6957,2e-06,8
5,A,DiehardCombined,0.9,1.1,10,who makes the decisions about what to produce in a market economy,1.0,0.9913,0.4667,9486,4498,3585,19926,2.0253,1e-06,8
5,A,DiehardCombined,0.9,1.1,10,when is the new tappan zee bridge going to be finished,0.8,0.8796,0.7143,12229,4398,3590,22433,2.0253,2e-06,10
5,A,DiehardCombined,0.9,1.1,10,who recorded i can't help falling in love with you,0.9,0.94,0.5,11546,4412,3585,21820,1.7481,1e-06,7
5,A,DiehardCombined,0.9,1.1,10,who plays the doc in back to the future,0.9,0.9408,0.8333,11266,4359,3596,22096,2.0253,9e-06,10
5,A,DiehardCombined,0.9,1.1,10,when did they stop cigarette advertising on television,0.9,0.9474,0.8333,11456,4403,3590,23377,1.8344,8e-06,9
5,A,DiehardCombined,0.9,1.1,10,who has been chosen as the brand ambassador of the campaign 'beti bachao-beti padhao,1.0,1.0,0.9556,13179,4381,3604,24796,2.0253,4e-06,9
5,A,DiehardCombined,0.9,1.1,10,how many seasons of prison break are on netflix,0.8,0.8777,0.5714,12583,4554,3590,24468,2.164,1e-06,9
5,A,DiehardCombined,0.9,1.1,10,what was the name of atom bomb dropped by usa on hiroshima,0.9,0.9342,0.5556,12702,4626,3600,24431,1.7481,2e-06,8
5,A,DiehardCombined,0.9,1.1,10,when did the us take over wake island,0.8,0.8993,0.7857,11231,4674,3651,23080,2.0253,4e-06,8
5,A,DiehardCombined,0.9,1.1,10,when did american two party system began to emerge,0.8,0.8925,1.0,11562,4694,3645,23454,1.8344,2e-06,7
5,A,DiehardCombined,0.9,1.1,10,where are the mitochondria located in the sperm,0.8,0.8747,0.6429,11689,4709,3688,23541,2.0253,1e-06,9
5,A,DiehardCombined,0.9,1.1,10,how many lines of symmetry are there in a equilateral triangle,1.0,0.9985,0.8667,11939,4818,3737,24001,2.164,4e-06,9
5,A,DiehardCombined,0.9,1.1,10,how many seasons of the oc are there,0.9,0.9381,0.8333,11664,4852,3728,23663,2.164,8e-06,10
5,A,DiehardCombined,0.9,1.1,10,latest season on keeping up with the kardashians,0.8,0.898,0.5714,10474,4752,3710,22493,1.5571,2e-06,7
5,A,DiehardCombined,0.9,1.1,10,how dose the poet present death as a voyage in crossing the bar,0.8,0.8823,0.7857,10182,4704,3738,22247,1.8344,9e-06,9
5,A,DiehardCombined,0.9,1.1,10,who were farmers who kept a small portion of their crops & gave the rest to the landowners,1.0,0.9989,0.7333,11287,4820,3754,23387,1.8867,1e-06,8
5,A,DiehardCombined,0.9,1.1,10,what is pumped up kicks the song about,0.8,0.8675,0.5714,11192,4832,3742,23371,2.164,1e-06,9
5,A,DiehardCombined,0.9,1.1,10,2. what are the reasons states impose protectionists policies on other countries,1.0,0.9901,0.4222,10636,4775,3743,22624,2.0253,1e-06,8
5,A,DiehardCombined,0.9,1.1,10,where are they building the new raiders stadium,0.9,0.9417,0.8889,11594,4839,3742,23590,2.0253,1e-06,8
5,A,DiehardCombined,0.9,1.1,10,what event provoked congress to propose the eleventh amendment and the states to ratify it,0.8,0.8831,0.7143,10573,4814,3740,22667,1.973,1e-06,9
5,A,DiehardCombined,0.9,1.1,10,does joe die in the purge election year,1.0,0.9938,0.6,10094,4813,3753,22144,2.0253,3e-06,9
6,A,Diehard,1.0,1.0,10,what is non controlling interest on balance sheet,1.0,1.0,1.0,20461,6419,4810,36732,1.8867,4e-05,10
6,A,Diehard,1.0,1.0,10,how many episodes are in chicago fire season 4,1.0,1.0,1.0,17846,5712,4468,31672,1.6957,7.6e-05,10
6,A,Diehard,1.0,1.0,10,who sings love will keep us alive by the eagles,1.0,1.0,1.0,19472,5903,4560,33560,2.164,2.7e-05,10
6,A,Diehard,1.0,1.0,10,who is the leader of the ontario pc party,1.0,1.0,1.0,16097,5638,4375,30280,1.7481,0.000275,10
6,A,Diehard,1.0,1.0,10,nitty gritty dirt band fishin in the dark album,1.0,1.0,1.0,12758,5325,4200,26213,1.7481,7.7e-05,10
6,A,Diehard,1.0,1.0,10,who were the three elves who got rings,1.0,1.0,1.0,13846,4853,3813,26701,2.0253,2.8e-05,10
6,A,Diehard,1.0,1.0,10,converting stereo signal to mono signal is called,1.0,1.0,1.0,10061,4388,3625,21919,1.6957,0.001218,10
6,A,Diehard,1.0,1.0,10,in order to prove disparate impact you first must establish,1.0,1.0,1.0,11370,4378,3973,23316,1.8344,6e-05,9
6,A,Diehard,1.0,1.0,10,where do characters live in this is us,1.0,1.0,1.0,12447,4379,3607,24159,2.0253,0.000148,10
6,A,Diehard,1.0,1.0,10,who makes the decisions about what to produce in a market economy,1.0,1.0,1.0,11713,4433,3647,22315,1.6434,9.2e-05,9
6,A,Diehard,1.0,1.0,10,when is the new tappan zee bridge going to be finished,1.0,1.0,1.0,10796,4438,3640,21257,1.6957,0.000355,10
6,A,Diehard,1.0,1.0,10,who recorded i can't help falling in love with you,1.0,1.0,1.0,10828,4472,3675,22406,2.0253,0.000217,10
6,A,Diehard,1.0,1.0,10,who plays the doc in back to the future,1.0,1.0,1.0,11855,4335,3635,22427,2.0253,0.000551,10
6,A,Diehard,1.0,1.0,10,when did they stop cigarette advertising on television,1.0,1.0,1.0,9882,4458,3628,20333,2.0253,0.000669,10
6,A,Diehard,1.0,1.0,10,who has been chosen as the brand ambassador of the campaign 'beti bachao-beti padhao,1.0,1.0,1.0,10347,4391,3592,22407,1.6957,0.000573,10
6,A,Diehard,1.0,1.0,10,how many seasons of prison break are on netflix,1.0,1.0,1.0,11964,4387,3584,23614,1.973,9.4e-05,10
6,A,Diehard,1.0,1.0,10,what was the name of atom bomb dropped by usa on hiroshima,1.0,1.0,1.0,11257,4375,3601,22778,1.8867,0.00011,9
6,A,Diehard,1.0,1.0,10,when did the us take over wake island,1.0,1.0,1.0,10464,4387,3578,21996,1.973,0.000696,10
6,A,Diehard,1.0,1.0,10,when did american two party system began to emerge,1.0,1.0,1.0,9137,4401,3605,20749,1.6094,0.00019,10
6,A,Diehard,1.0,1.0,10,where are the mitochondria located in the sperm,1.0,1.0,1.0,12761,4391,3587,24168,2.164,0.00018,10
6,A,Diehard,1.0,1.0,10,how many lines of symmetry are there in a equilateral triangle,1.0,1.0,1.0,9723,4394,3583,21344,2.164,0.000394,10
6,A,Diehard,1.0,1.0,10,how many seasons of the oc are there,1.0,1.0,1.0,12858,4495,3665,24645,1.8867,0.000938,10
6,A,Diehard,1.0,1.0,10,latest season on keeping up with the kardashians,1.0,1.0,1.0,10089,4512,3590,22163,1.3592,0.000327,10
6,A,Diehard,1.0,1.0,10,how dose the poet present death as a voyage in crossing the bar,1.0,1.0,1.0,12437,4672,3745,25039,1.8344,0.000307,10
6,A,Diehard,1.0,1.0,10,who were farmers who kept a small portion of their crops & gave the rest to the landowners,1.0,1.0,1.0,13054,4829,3849,24652,1.8867,0.000119,10
6,A,Diehard,1.0,1.0,10,what is pumped up kicks the song about,1.0,1.0,1.0,11395,5067,3870,23220,1.8344,0.000141,10
6,A,Diehard,1.0,1.0,10,2. what are the reasons states impose protectionists policies on other countries,1.0,1.0,1.0,11094,5151,3967,24188,2.0253,0.000159,10
6,A,Diehard,1.0,1.0,10,where are they building the new raiders stadium,1.0,1.0,1.0,12139,5364,4318,24490,2.164,0.000102,10
6,A,Diehard,1.0,1.0,10,what event provoked congress to propose the eleventh amendment and the states to ratify it,1.0,1.0,1.0,10260,4842,3758,22142,1.973,0.000125,10
6,A,Diehard,1.0,1.0,10,does joe die in the purge election year,1.0,1.0,1.0,10217,4794,3798,22575,1.8344,0.000228,10
6,A,DiehardCombined,0.9,1.1,10,what is non controlling interest on balance sheet,0.7,0.6174,0.5238,23875,8576,5975,43034,2.0253,1e-06,9
6,A,DiehardCombined,0.9,1.1,10,how many episodes are in chicago fire season 4,0.9,0.9228,0.3889,18584,7332,5722,36043,1.7481,1e-06,8
6,A,DiehardCombined,0.9,1.1,10,who sings love will keep us alive by the eagles,0.9,0.9322,0.3889,18286,6417,4495,32200,2.3026,0.0,10
6,A,DiehardCombined,0.9,1.1,10,who is the leader of the ontario pc party,0.8,0.8784,0.5714,15248,5630,4449,27922,1.8867,3e-06,10
6,A,DiehardCombined,0.9,1.1,10,nitty gritty dirt band fishin in the dark album,0.8,0.882,1.0,12534,5426,4100,25490,2.0253,1e-06,8
6,A,DiehardCombined,0.9,1.1,10,who were the three elves who got rings,0.7,0.8097,0.7143,14834,5349,4066,27798,1.6957,1e-06,7
6,A,DiehardCombined,0.9,1.1,10,converting stereo signal to mono signal is called,1.0,0.9993,0.8222,12820,5214,4039,25748,2.3026,1.1e-05,10
6,A,DiehardCombined,0.9,1.1,10,in order to prove disparate impact you first must establish,0.9,0.9333,0.2222,13231,5094,3910,26024,2.0253,0.0,7
6,A,DiehardCombined,0.9,1.1,10,where do characters live in this is us,1.0,0.9976,0.6444,12719,5075,3885,25498,2.0253,1e-06,10
6,A,DiehardCombined,0.9,1.1,10,who makes the decisions about what to produce in a market economy,0.8,0.8749,0.6429,12556,5056,3907,24222,2.164,1e-06,10
6,A,DiehardCombined,0.9,1.1,10,when is the new tappan zee bridge going to be finished,0.7,0.817,0.8095,10907,4882,3952,23888,1.6957,5e-06,8
6,A,DiehardCombined,0.9,1.1,10,who recorded i can't help falling in love with you,0.8,0.8736,0.7857,13554,4883,3848,25709,1.8344,2e-06,9
6,A,DiehardCombined,0.9,1.1,10,who plays the doc in back to the future,1.0,0.9986,0.7333,12410,4943,3829,23973,2.164,6e-06,10
6,A,DiehardCombined,0.9,1.1,10,when did they stop cigarette advertising on television,1.0,0.9997,0.9111,11700,4863,3820,23888,2.0253,4e-06,10
6,A,DiehardCombined,0.9,1.1,10,who has been chosen as the brand ambassador of the campaign 'beti bachao-beti padhao,0.8,0.909,0.7857,12376,4870,3829,23906,1.8867,5e-06,9
6,A,DiehardCombined,0.9,1.1,10,how many seasons of prison break are on netflix,0.9,0.9069,0.4444,13561,4953,3897,26010,2.0253,1e-06,8
6,A,DiehardCombined,0.9,1.1,10,what was the name of atom bomb dropped by usa on hiroshima,0.8,0.8832,0.9286,12595,4878,3887,24559,2.164,1e-06,9
6,A,DiehardCombined,0.9,1.1,10,when did the us take over wake island,0.7,0.8477,0.9048,12152,4928,3856,24434,2.0253,7e-06,10
6,A,DiehardCombined,0.9,1.1,10,when did american two party system began to emerge,0.9,0.9435,0.5556,12691,4861,3985,25174,2.164,1e-06,10
6,A,DiehardCombined,0.9,1.1,10,where are the mitochondria located in the sperm,0.8,0.8767,0.5714,11160,4944,3809,23191,2.164,1e-06,10
6,A,DiehardCombined,0.9,1.1,10,how many lines of symmetry are there in a equilateral triangle,1.0,0.9987,0.9111,10974,4866,3759,22588,1.8867,2e-06,8
6,A,DiehardCombined,0.9,1.1,10,how many seasons of the oc are there,0.9,0.9379,0.7222,11121,4885,3768,23363,1.8867,1.1e-05,9
6,A,DiehardCombined,0.9,1.1,10,latest season on keeping up with the kardashians,0.8,0.9103,0.8571,12656,4883,3846,24954,1.3592,2e-06,6
6,A,DiehardCombined,0.9,1.1,10,how dose the poet present death as a voyage in crossing the bar,0.7,0.8199,0.7143,12512,4902,3829,24872,1.973,2e-06,9
6,A,DiehardCombined,0.9,1.1,10,who were farmers who kept a small portion of their crops & gave the rest to the landowners,0.8,0.8738,0.3571,11588,4886,3820,23851,1.8344,1e-06,8
6,A,DiehardCombined,0.9,1.1,10,what is pumped up kicks the song about,0.9,0.9323,0.8333,10456,4858,4272,22731,2.164,1e-06,10
6,A,DiehardCombined,0.9,1.1,10,2. what are the reasons states impose protectionists policies on other countries,0.8,0.8578,0.5,11192,4657,3601,23196,1.973,2e-06,9
6,A,DiehardCombined,0.9,1.1,10,where are they building the new raiders stadium,1.0,0.9983,0.7778,11340,4702,3638,23726,2.164,2e-06,9
6,A,DiehardCombined,0.9,1.1,10,what event provoked congress to propose the eleventh amendment and the states to ratify it,0.9,0.9352,0.7222,10686,4717,3648,22800,2.0253,1e-06,9
6,A,DiehardCombined,0.9,1.1,10,does joe die in the purge election year,0.8,0.872,0.4286,9693,4421,3591,21442,2.0253,1e-06,8
7,A,Diehard,1.0,1.0,10,what is non controlling interest on balance sheet,1.0,1.0,1.0,21275,11140,3620,39905,1.8867,4e-05,10
7,A,Diehard,1.0,1.0,10,how many episodes are in chicago fire season 4,1.0,1.0,1.0,19132,4380,3584,30681,1.6957,7.6e-05,10
7,A,Diehard,1.0,1.0,10,who sings love will keep us alive by the eagles,1.0,1.0,1.0,15777,4461,3616,27454,2.164,2.7e-05,10
7,A,Diehard,1.0,1.0,10,who is the leader of the ontario pc party,1.0,1.0,1.0,12636,6409,4547,27599,1.7481,0.000275,10
7,A,Diehard,1.0,1.0,10,nitty gritty dirt band fishin in the dark album,1.0,1.0,1.0,14601,5567,4340,28383,1.7481,7.7e-05,10
7,A,Diehard,1.0,1.0,10,who were the three elves who got rings,1.0,1.0,1.0,13655,4458,3612,24431,2.0253,2.8e-05,10
7,A,Diehard,1.0,1.0,10,converting stereo signal to mono signal is called,1.0,1.0,1.0,7893,4357,3587,18853,1.6957,0.001218,10
7,A,Diehard,1.0,1.0,10,in order to prove disparate impact you first must establish,1.0,1.0,1.0,12205,4547,3617,23454,1.8344,6e-05,9
7,A,Diehard,1.0,1.0,10,where do characters live in this is us,1.0,1.0,1.0,10025,4421,3613,20682,2.0253,0.000148,10
7,A,Diehard,1.0,1.0,10,who makes the decisions about what to produce in a market economy,1.0,1.0,1.0,11159,4458,3625,21631,1.6434,9.2e-05,9
7,A,Diehard,1.0,1.0,10,when is the new tappan zee bridge going to be finished,1.0,1.0,1.0,9007,4386,3619,19515,1.6957,0.000355,10
7,A,Diehard,1.0,1.0,10,who recorded i can't help falling in love with you,1.0,1.0,1.0,8240,4423,3606,18637,2.0253,0.000217,10
7,A,Diehard,1.0,1.0,10,who plays the doc in back to the future,1.0,1.0,1.0,13245,4399,3615,24748,2.0253,0.000551,10
7,A,Diehard,1.0,1.0,10,when did they stop cigarette advertising on television,1.0,1.0,1.0,12749,4464,3616,24119,2.0253,0.000669,10
7,A,Diehard,1.0,1.0,10,who has been chosen as the brand ambassador of the campaign 'beti bachao-beti padhao,1.0,1.0,1.0,14870,4396,3590,26437,1.6957,0.000573,10
7,A,Diehard,1.0,1.0,10,how many seasons of prison break are on netflix,1.0,1.0,1.0,9453,4394,3590,20858,1.973,9.4e-05,10
7,A,Diehard,1.0,1.0,10,what was the name of atom bomb dropped by usa on hiroshima,1.0,1.0,1.0,13845,4402,3585,24986,1.8867,0.00011,9
7,A,Diehard,1.0,1.0,10,when did the us take over wake island,1.0,1.0,1.0,10595,4367,3583,21962,1.973,0.000696,10
7,A,Diehard,1.0,1.0,10,when did american two party system began to emerge,1.0,1.0,1.0,12910,4401,3581,24492,1.6094,0.00019,10
7,A,Diehard,1.0,1.0,10,where are the mitochondria located in the sperm,1.0,1.0,1.0,10033,4369,3577,21315,2.164,0.00018,10
7,A,Diehard,1.0,1.0,10,how many lines of symmetry are there in a equilateral triangle,1.0,1.0,1.0,11425,4374,3585,22719,2.164,0.000394,10
7,A,Diehard,1.0,1.0,10,how many seasons of the oc are there,1.0,1.0,1.0,10127,4382,3585,21626,1.8867,0.000938,10
7,A,Diehard,1.0,1.0,10,latest season on keeping up with the kardashians,1.0,1.0,1.0,10338,4385,3578,21611,1.3592,0.000327,10
7,A,Diehard,1.0,1.0,10,how dose the poet present death as a voyage in crossing the bar,1.0,1.0,1.0,10129,4774,3751,22021,1.8344,0.000307,10
7,A,Diehard,1.0,1.0,10,who were farmers who kept a small portion of their crops & gave the rest to the landowners,1.0,1.0,1.0,10241,4381,3585,21799,1.8867,0.000119,10
7,A,Diehard,1.0,1.0,10,what is pumped up kicks the song about,1.0,1.0,1.0,8976,4387,3577,20260,1.8344,0.000141,10
7,A,Diehard,1.0,1.0,10,2. what are the reasons states impose protectionists policies on other countries,1.0,1.0,1.0,10391,4387,3579,21741,2.0253,0.000159,10
7,A,Diehard,1.0,1.0,10,where are they building the new raiders stadium,1.0,1.0,1.0,11470,4380,3580,22880,2.164,0.000102,10
7,A,Diehard,1.0,1.0,10,what event provoked congress to propose the eleventh amendment and the states to ratify it,1.0,1.0,1.0,11093,4383,3594,22477,1.973,0.000125,10
7,A,Diehard,1.0,1.0,10,does joe die in the purge election year,1.0,1.0,1.0,11283,4386,3596,22582,1.8344,0.000228,10
7,A,DiehardCombined,0.9,1.1,10,what is non controlling interest on balance sheet,0.9,0.929,0.6111,23546,7230,5308,39654,1.6957,1e-06,8
7,A,DiehardCombined,0.9,1.1,10,how many episodes are in chicago fire season 4,0.9,0.9372,0.1667,17402,5746,4279,29943,1.6094,1e-06,8
7,A,DiehardCombined,0.9,1.1,10,who sings love will keep us alive by the eagles,0.9,0.933,0.1667,15496,5016,3891,27076,2.164,0.0,9
7,A,DiehardCombined,0.9,1.1,10,who is the leader of the ontario pc party,0.8,0.8763,0.7143,17096,4793,3708,28332,2.164,2e-06,10
7,A,DiehardCombined,0.9,1.1,10,nitty gritty dirt band fishin in the dark album,0.7,0.8044,0.5238,12484,4386,3583,23099,1.8344,1e-06,8
7,A,DiehardCombined,0.9,1.1,10,who were the three elves who got rings,0.6,0.7085,0.2,12247,4374,3599,23718,2.164,0.0,9
7,A,DiehardCombined,0.9,1.1,10,converting stereo signal to mono signal is called,1.0,0.999,0.7778,12072,4536,3604,23874,1.5048,8e-06,9
7,A,DiehardCombined,0.9,1.1,10,in order to prove disparate impact you first must establish,0.8,0.8677,0.6429,16208,5238,3685,28814,1.6957,1e-06,8
7,A,DiehardCombined,0.9,1.1,10,where do characters live in this is us,0.9,0.94,0.7778,12232,4590,3640,23526,2.0253,1e-06,10
7,A,DiehardCombined,0.9,1.1,10,who makes the decisions about what to produce in a market economy,0.8,0.8869,0.6429,10878,4453,3600,22026,1.8344,1e-06,8
7,A,DiehardCombined,0.9,1.1,10,when is the new tappan zee bridge going to be finished,0.8,0.8669,0.6429,12383,4359,3587,23969,1.6434,4e-06,9
7,A,DiehardCombined,0.9,1.1,10,who recorded i can't help falling in love with you,0.9,0.9446,0.9444,12611,4369,3579,23024,2.0253,1e-06,8
7,A,DiehardCombined,0.9,1.1,10,who plays the doc in back to the future,0.9,0.9409,0.7222,13144,4486,3586,24886,1.8344,6e-06,10
7,A,DiehardCombined,0.9,1.1,10,when did they stop cigarette advertising on television,1.0,0.9984,0.8667,11786,4586,3625,22723,2.0253,6e-06,10
7,A,DiehardCombined,0.9,1.1,10,who has been chosen as the brand ambassador of the campaign 'beti bachao-beti padhao,0.9,0.9539,0.8889,12916,4801,3731,24626,1.8344,6e-06,9
7,A,DiehardCombined,0.9,1.1,10,how many seasons of prison break are on netflix,0.9,0.9415,0.6111,10766,4766,3732,21757,2.0253,1e-06,10
7,A,DiehardCombined,0.9,1.1,10,what was the name of atom bomb dropped by usa on hiroshima,0.9,0.9337,0.3889,11054,4869,3774,23546,1.6957,1e-06,7
7,A,DiehardCombined,0.9,1.1,10,when did the us take over wake island,1.0,0.9997,0.8222,11804,4416,3650,23906,2.0253,5e-06,9
7,A,DiehardCombined,0.9,1.1,10,when did american two party system began to emerge,0.9,0.9424,0.8333,12873,4464,3589,23527,2.0253,1e-06,9
7,A,DiehardCombined,0.9,1.1,10,where are the mitochondria located in the sperm,0.8,0.8737,0.8571,10162,4585,3587,21245,2.0253,2e-06,10
7,A,DiehardCombined,0.9,1.1,10,how many lines of symmetry are there in a equilateral triangle,1.0,0.9988,0.8667,9700,4470,3584,21330,1.8867,2e-06,9
7,A,DiehardCombined,0.9,1.1,10,how many seasons of the oc are there,0.9,0.9335,0.6667,10423,4522,3585,21355,1.973,3e-06,9
7,A,DiehardCombined,0.9,1.1,10,latest season on keeping up with the kardashians,0.8,0.9082,0.9286,10393,4615,3625,22275,1.6957,2e-06,8
7,A,DiehardCombined,0.9,1.1,10,how dose the poet present death as a voyage in crossing the bar,0.9,0.9154,0.3889,11380,5043,3749,23671,1.6957,2e-06,8
7,A,DiehardCombined,0.9,1.1,10,who were farmers who kept a small portion of their crops & gave the rest to the landowners,1.0,0.9952,0.5111,10612,4750,3688,22643,1.6957,2e-06,8
7,A,DiehardCombined,0.9,1.1,10,what is pumped up kicks the song about,0.9,0.9414,0.8333,10991,4730,3694,22681,2.0253,2e-06,8
7,A,DiehardCombined,0.9,1.1,10,2. what are the reasons states impose protectionists policies on other countries,0.8,0.8598,0.3571,9917,4722,3656,21898,1.8344,1e-06,9
7,A,DiehardCombined,0.9,1.1,10,where are they building the new raiders stadium,1.0,0.9993,0.7778,11244,4718,3714,22287,1.973,1e-06,8
7,A,DiehardCombined,0.9,1.1,10,what event provoked congress to propose the eleventh amendment and the states to ratify it,0.7,0.828,0.8095,11369,4832,3764,23062,1.8867,1e-06,7
7,A,DiehardCombined,0.9,1.1,10,does joe die in the purge election year,0.9,0.9347,0.7778,11126,4817,3766,22691,2.0253,3e-06,10
8,A,Diehard,1.0,1.0,10,what is non controlling interest on balance sheet,1.0,1.0,1.0,24473,13763,7453,50463,1.8867,4e-05,10
8,A,Diehard,1.0,1.0,10,how many episodes are in chicago fire season 4,1.0,1.0,1.0,22108,8124,5959,40773,1.6957,7.6e-05,10
8,A,Diehard,1.0,1.0,10,who sings love will keep us alive by the eagles,1.0,1.0,1.0,18032,7164,5200,34809,2.164,2.7e-05,10
8,A,Diehard,1.0,1.0,10,who is the leader of the ontario pc party,1.0,1.0,1.0,16288,6361,4766,31933,1.7481,0.000275,10
8,A,Diehard,1.0,1.0,10,nitty gritty dirt band fishin in the dark album,1.0,1.0,1.0,18274,6022,4536,33008,1.7481,7.7e-05,10
8,A,Diehard,1.0,1.0,10,who were the three elves who got rings,1.0,1.0,1.0,15632,5653,4269,29317,2.0253,2.8e-05,10
8,A,Diehard,1.0,1.0,10,converting stereo signal to mono signal is called,1.0,1.0,1.0,13313,5419,4193,26603,1.6957,0.001218,10
8,A,Diehard,1.0,1.0,10,in order to prove disparate impact you first must establish,1.0,1.0,1.0,13972,5027,4533,26852,1.8344,6e-05,9
8,A,Diehard,1.0,1.0,10,where do characters live in this is us,1.0,1.0,1.0,12464,4857,3877,23856,2.0253,0.000148,10
8,A,Diehard,1.0,1.0,10,who makes the decisions about what to produce in a market economy,1.0,1.0,1.0,10162,4463,3583,20847,1.6434,9.2e-05,9
8,A,Diehard,1.0,1.0,10,when is the new tappan zee bridge going to be finished,1.0,1.0,1.0,8672,4459,3582,19425,1.6957,0.000355,10
8,A,Diehard,1.0,1.0,10,who recorded i can't help falling in love with you,1.0,1.0,1.0,11573,4370,3578,22202,2.0253,0.000217,10
8,A,Diehard,1.0,1.0,10,who plays the doc in back to the future,1.0,1.0,1.0,11405,4350,3590,21714,2.0253,0.000551,10
8,A,Diehard,1.0,1.0,10,when did they stop cigarette advertising on television,1.0,1.0,1.0,9959,4374,3582,20757,2.0253,0.000669,10
8,A,Diehard,1.0,1.0,10,who has been chosen as the brand ambassador of the campaign 'beti bachao-beti padhao,1.0,1.0,1.0,15542,4346,3603,26809,1.6957,0.000573,10
8,A,Diehard,1.0,1.0,10,how many seasons of prison break are on netflix,1.0,1.0,1.0,12576,4332,3586,24088,1.973,9.4e-05,10
8,A,Diehard,1.0,1.0,10,what was the name of atom bomb dropped by usa on hiroshima,1.0,1.0,1.0,12423,4448,3583,24248,1.8867,0.00011,9
8,A,Diehard,1.0,1.0,10,when did the us take over wake island,1.0,1.0,1.0,12488,4661,3637,24757,1.973,0.000696,10
8,A,Diehard,1.0,1.0,10,when did american two party system began to emerge,1.0,1.0,1.0,13109,4943,4159,26105,1.6094,0.00019,10
8,A,Diehard,1.0,1.0,10,where are the mitochondria located in the sperm,1.0,1.0,1.0,12116,5328,3756,23825,2.164,0.00018,10
8,A,Diehard,1.0,1.0,10,how many lines of symmetry are there in a equilateral triangle,1.0,1.0,1.0,9952,4732,4534,23071,2.164,0.000394,10
8,A,Diehard,1.0,1.0,10,how many seasons of the oc are there,1.0,1.0,1.0,11489,4742,3790,22834,1.8867,0.000938,10
8,A,Diehard,1.0,1.0,10,latest season on keeping up with the kardashians,1.0,1.0,1.0,12502,4858,3754,24799,1.3592,0.000327,10
8,A,Diehard,1.0,1.0,10,how dose the poet present death as a voyage in crossing the bar,1.0,1.0,1.0,12140,4909,3793,24079,1.8344,0.000307,10
8,A,Diehard,1.0,1.0,10,who were farmers who kept a small portion of their crops & gave the rest to the landowners,1.0,1.0,1.0,12499,4831,3899,24449,1.8867,0.000119,10
8,A,Diehard,1.0,1.0,10,what is pumped up kicks the song about,1.0,1.0,1.0,12396,4976,3825,24263,1.8344,0.000141,10
8,A,Diehard,1.0,1.0,10,2. what are the reasons states impose protectionists policies on other countries,1.0,1.0,1.0,10032,4441,3560,21585,2.0253,0.000159,10
8,A,Diehard,1.0,1.0,10,where are they building the new raiders stadium,1.0,1.0,1.0,11701,4463,3596,23067,2.164,0.000102,10
8,A,Diehard,1.0,1.0,10,what event provoked congress to propose the eleventh amendment and the states to ratify it,1.0,1.0,1.0,12917,4659,3687,24732,1.973,0.000125,10
8,A,Diehard,1.0,1.0,10,does joe die in the purge election year,1.0,1.0,1.0,12817,4673,3692,25534,1.8344,0.000228,10
8,A,DiehardCombined,0.9,1.1,10,what is non controlling interest on balance sheet,0.8,0.8718,0.4286,18336,4944,3879,31328,2.164,1e-06,10
8,A,DiehardCombined,0.9,1.1,10,how many episodes are in chicago fire season 4,0.9,0.9105,0.5,21112,5294,4060,33828,1.8867,0.0,8
8,A,DiehardCombined,0.9,1.1,10,who sings love will keep us alive by the eagles,1.0,0.9977,0.5556,16851,5302,4056,29889,2.3026,0.0,8
8,A,DiehardCombined,0.9,1.1,10,who is the leader of the ontario pc party,1.0,0.9998,0.8222,16308,5302,4050,29392,2.0253,3e-06,10
8,A,DiehardCombined,0.9,1.1,10,nitty gritty dirt band fishin in the dark album,0.8,0.8332,0.5,16554,5391,4196,30025,1.8344,1e-06,8
8,A,DiehardCombined,0.9,1.1,10,who were the three elves who got rings,0.8,0.8444,0.5,14703,5309,4059,26966,2.164,0.0,9
8,A,DiehardCombined,0.9,1.1,10,converting stereo signal to mono signal is called,0.9,0.9503,0.7778,13495,5264,4071,27216,1.8344,8e-06,10
8,A,DiehardCombined,0.9,1.1,10,in order to prove disparate impact you first must establish,0.7,0.8099,1.0,11810,5139,4043,24782,2.0253,1e-06,8
8,A,DiehardCombined,0.9,1.1,10,where do characters live in this is us,1.0,0.9976,0.6,11838,5095,3922,24887,1.8344,1e-06,8
8,A,DiehardCombined,0.9,1.1,10,who makes the decisions about what to produce in a market economy,0.9,0.9271,0.5,13580,5110,3875,26099,1.8344,0.0,7
8,A,DiehardCombined,0.9,1.1,10,when is the new tappan zee bridge going to be finished,0.8,0.8405,0.7143,13256,5100,3870,25907,1.7481,2e-06,8
8,A,DiehardCombined,0.9,1.1,10,who recorded i can't help falling in love with you,0.9,0.9395,0.6111,11978,5088,3910,24467,2.164,1e-06,9
8,A,DiehardCombined,0.9,1.1,10,who plays the doc in back to the future,0.8,0.8868,0.7143,12490,5100,4030,25376,2.164,3e-06,10
8,A,DiehardCombined,0.9,1.1,10,when did they stop cigarette advertising on television,0.9,0.9491,0.8333,11971,4905,3870,24328,2.164,6e-06,10
8,A,DiehardCombined,0.9,1.1,10,who has been chosen as the brand ambassador of the campaign 'beti bachao-beti padhao,1.0,0.9982,0.7778,13493,4907,3863,25934,1.8344,3e-06,9
8,A,DiehardCombined,0.9,1.1,10,how many seasons of prison break are on netflix,0.8,0.8718,0.5714,11039,4939,3850,23482,2.0253,0.0,8
8,A,DiehardCombined,0.9,1.1,10,what was the name of atom bomb dropped by usa on hiroshima,0.9,0.9318,0.7778,11152,4887,3785,23624,1.973,1e-06,8
8,A,DiehardCombined,0.9,1.1,10,when did the us take over wake island,1.0,0.9986,0.7778,11082,4917,3789,23766,2.0253,4e-06,9
8,A,DiehardCombined,0.9,1.1,10,when did american two party system began to emerge,0.8,0.8862,0.7857,11147,4906,3771,23544,1.6434,1e-06,8
8,A,DiehardCombined,0.9,1.1,10,where are the mitochondria located in the sperm,1.0,0.9941,0.7333,11226,4863,3737,23384,2.3026,2e-06,10
8,A,DiehardCombined,0.9,1.1,10,how many lines of symmetry are there in a equilateral triangle,0.9,0.9431,0.6111,12098,4892,3751,24595,2.164,2e-06,10
8,A,DiehardCombined,0.9,1.1,10,how many seasons of the oc are there,0.8,0.8831,0.6429,10592,4824,3728,22704,2.164,5e-06,9
8,A,DiehardCombined,0.9,1.1,10,latest season on keeping up with the kardashians,0.8,0.9117,0.7857,10106,4812,3747,22254,1.8867,3e-06,9
8,A,DiehardCombined,0.9,1.1,10,how dose the poet present death as a voyage in crossing the bar,0.7,0.8231,0.5238,10399,4803,3737,22466,1.8344,3e-06,9
8,A,DiehardCombined,0.9,1.1,10,who were farmers who kept a small portion of their crops & gave the rest to the landowners,0.9,0.9464,0.7222,10824,4810,3740,22906,2.164,1e-06,9
8,A,DiehardCombined,0.9,1.1,10,what is pumped up kicks the song about,0.9,0.9359,0.8333,10288,4761,3735,22265,2.0253,1e-06,9
8,A,DiehardCombined,0.9,1.1,10,2. what are the reasons states impose protectionists policies on other countries,0.8,0.8732,0.4286,9941,4714,3683,21752,1.973,1e-06,8
8,A,DiehardCombined,0.9,1.1,10,where are they building the new raiders stadium,0.9,0.9397,0.7222,9728,4686,3685,21909,2.164,1e-06,8
8,A,DiehardCombined,0.9,1.1,10,what event provoked congress to propose the eleventh amendment and the states to ratify it,0.8,0.8799,0.7143,10792,4704,3738,21861,2.164,1e-06,9
8,A,DiehardCombined,0.9,1.1,10,does joe die in the purge election year,1.0,0.9935,0.6,11611,4803,3725,23726,2.164,2e-06,10
9,A,Diehard,1.0,1.0,10,what is non controlling interest on balance sheet,1.0,1.0,1.0,24124,12065,7458,48853,1.8867,4e-05,10
9,A,Diehard,1.0,1.0,10,how many episodes are in chicago fire season 4,1.0,1.0,1.0,18639,8242,5856,36957,1.6957,7.6e-05,10
9,A,Diehard,1.0,1.0,10,who sings love will keep us alive by the eagles,1.0,1.0,1.0,16857,7032,5288,33153,2.164,2.7e-05,10
9,A,Diehard,1.0,1.0,10,who is the leader of the ontario pc party,1.0,1.0,1.0,17687,6097,4721,33024,1.7481,0.000275,10
9,A,Diehard,1.0,1.0,10,nitty gritty dirt band fishin in the dark album,1.0,1.0,1.0,18349,6001,4547,33288,1.7481,7.7e-05,10
9,A,Diehard,1.0,1.0,10,who were the three elves who got rings,1.0,1.0,1.0,16353,5405,4218,29484,2.0253,2.8e-05,10
9,A,Diehard,1.0,1.0,10,converting stereo signal to mono signal is called,1.0,1.0,1.0,11457,5217,4060,25774,1.6957,0.001218,10
9,A,Diehard,1.0,1.0,10,in order to prove disparate impact you first must establish,1.0,1.0,1.0,13055,5050,3975,25763,1.8344,6e-05,9
9,A,Diehard,1.0,1.0,10,where do characters live in this is us,1.0,1.0,1.0,11669,5032,3875,24119,2.0253,0.000148,10
9,A,Diehard,1.0,1.0,10,who makes the decisions about what to produce in a market economy,1.0,1.0,1.0,12279,5001,3877,24833,1.6434,9.2e-05,9
9,A,Diehard,1.0,1.0,10,when is the new tappan zee bridge going to be finished,1.0,1.0,1.0,13066,4988,3828,25187,1.6957,0.000355,10
9,A,Diehard,1.0,1.0,10,who recorded i can't help falling in love with you,1.0,1.0,1.0,13814,5048,3883,26535,2.0253,0.000217,10
9,A,Diehard,1.0,1.0,10,who plays the doc in back to the future,1.0,1.0,1.0,12736,5093,3891,25466,2.0253,0.000551,10
9,A,Diehard,1.0,1.0,10,when did they stop cigarette advertising on television,1.0,1.0,1.0,13006,4792,3795,25032,2.0253,0.000669,10
9,A,Diehard,1.0,1.0,10,who has been chosen as the brand ambassador of the campaign 'beti bachao-beti padhao,1.0,1.0,1.0,11173,4714,3677,22510,1.6957,0.000573,10
9,A,Diehard,1.0,1.0,10,how many seasons of prison break are on netflix,1.0,1.0,1.0,10302,4540,3581,20940,1.973,9.4e-05,10
9,A,Diehard,1.0,1.0,10,what was the name of atom bomb dropped by usa on hiroshima,1.0,1.0,1.0,10420,4455,3677,20925,1.8867,0.00011,9
9,A,Diehard,1.0,1.0,10,when did the us take over wake island,1.0,1.0,1.0,10177,4382,3596,21230,1.973,0.000696,10
9,A,Diehard,1.0,1.0,10,when did american two party system began to emerge,1.0,1.0,1.0,9982,4350,3589,20397,1.6094,0.00019,10
9,A,Diehard,1.0,1.0,10,where are the mitochondria located in the sperm,1.0,1.0,1.0,10861,4382,3582,21951,2.164,0.00018,10
9,A,Diehard,1.0,1.0,10,how many lines of symmetry are there in a equilateral triangle,1.0,1.0,1.0,12351,4339,3579,23023,2.164,0.000394,10
9,A,Diehard,1.0,1.0,10,how many seasons of the oc are there,1.0,1.0,1.0,10824,4333,3577,22326,1.8867,0.000938,10
9,A,Diehard,1.0,1.0,10,latest season on keeping up with the kardashians,1.0,1.0,1.0,12234,4374,3576,23807,1.3592,0.000327,10
9,A,Diehard,1.0,1.0,10,how dose the poet present death as a voyage in crossing the bar,1.0,1.0,1.0,12559,4463,3618,24915,1.8344,0.000307,10
9,A,Diehard,1.0,1.0,10,who were farmers who kept a small portion of their crops & gave the rest to the landowners,1.0,1.0,1.0,11605,4649,3636,24689,1.8867,0.000119,10
9,A,Diehard,1.0,1.0,10,what is pumped up kicks the song about,1.0,1.0,1.0,11902,4718,3743,23943,1.8344,0.000141,10
9,A,Diehard,1.0,1.0,10,2. what are the reasons states impose protectionists policies on other countries,1.0,1.0,1.0,11878,4714,3749,23992,2.0253,0.000159,10
9,A,Diehard,1.0,1.0,10,where are they building the new raiders stadium,1.0,1.0,1.0,12250,4823,3745,24287,2.164,0.000102,10
9,A,Diehard,1.0,1.0,10,what event provoked congress to propose the eleventh amendment and the states to ratify it,1.0,1.0,1.0,11539,4838,3749,23702,1.973,0.000125,10
9,A,Diehard,1.0,1.0,10,does joe die in the purge election year,1.0,1.0,1.0,10792,4837,3738,23039,1.8344,0.000228,10
9,A,DiehardCombined,0.9,1.1,10,what is non controlling interest on balance sheet,0.8,0.8334,0.5714,24242,13579,7434,49881,1.8867,1e-06,9
9,A,DiehardCombined,0.9,1.1,10,how many episodes are in chicago fire season 4,0.9,0.9255,0.5,20291,8272,5854,38188,1.6957,0.0,6
9,A,DiehardCombined,0.9,1.1,10,who sings love will keep us alive by the eagles,0.9,0.9287,0.3889,16829,6936,5176,33082,2.3026,0.0,10
9,A,DiehardCombined,0.9,1.1,10,who is the leader of the ontario pc party,0.8,0.8799,0.7143,17262,6173,4640,31824,1.6094,3e-06,10
9,A,DiehardCombined,0.9,1.1,10,nitty gritty dirt band fishin in the dark album,0.7,0.8224,0.7143,16189,5728,4398,30287,1.973,0.0,8
9,A,DiehardCombined,0.9,1.1,10,who were the three elves who got rings,0.9,0.9248,0.5556,15116,5613,4255,28743,1.8867,1e-06,10
9,A,DiehardCombined,0.9,1.1,10,converting stereo signal to mono signal is called,1.0,0.9958,0.6,14366,5330,4078,27278,1.7481,9e-06,10
9,A,DiehardCombined,0.9,1.1,10,in order to prove disparate impact you first must establish,0.8,0.8321,0.7857,11483,4662,3602,24116,2.164,0.0,8
9,A,DiehardCombined,0.9,1.1,10,where do characters live in this is us,0.9,0.9457,0.7222,11646,4499,3584,22416,1.8867,2e-06,9
9,A,DiehardCombined,0.9,1.1,10,who makes the decisions about what to produce in a market economy,0.8,0.8868,0.7857,10895,4510,3581,21333,1.6094,1e-06,8
9,A,DiehardCombined,0.9,1.1,10,when is the new tappan zee bridge going to be finished,0.7,0.7972,0.2381,9591,4456,3583,19883,1.6957,6e-06,7
9,A,DiehardCombined,0.9,1.1,10,who recorded i can't help falling in love with you,0.8,0.8804,0.5714,9781,4389,3584,20073,2.164,2e-06,9
9,A,DiehardCombined,0.9,1.1,10,who plays the doc in back to the future,0.8,0.8741,0.5714,12003,4379,3587,22824,1.8344,5e-06,10
9,A,DiehardCombined,0.9,1.1,10,when did they stop cigarette advertising on television,1.0,0.9982,0.7333,10676,4419,3598,21035,2.164,7e-06,10
9,A,DiehardCombined,0.9,1.1,10,who has been chosen as the brand ambassador of the campaign 'beti bachao-beti padhao,0.9,0.9553,0.8333,13719,4372,3593,25612,1.8344,5e-06,10
9,A,DiehardCombined,0.9,1.1,10,how many seasons of prison break are on netflix,0.8,0.8737,0.5,11766,4379,3578,23322,2.0253,1e-06,9
9,A,DiehardCombined,0.9,1.1,10,what was the name of atom bomb dropped by usa on hiroshima,0.7,0.7857,0.5238,13428,4560,3589,24609,1.6957,2e-06,8
9,A,DiehardCombined,0.9,1.1,10,when did the us take over wake island,0.9,0.9497,0.8333,13066,4703,3654,24983,1.973,5e-06,10
9,A,DiehardCombined,0.9,1.1,10,when did american two party system began to emerge,0.9,0.9346,0.7222,11888,4722,3687,24002,1.8344,3e-06,10
9,A,DiehardCombined,0.9,1.1,10,where are the mitochondria located in the sperm,0.9,0.9347,0.6667,12216,4813,3736,24286,2.164,2e-06,9
9,A,DiehardCombined,0.9,1.1,10,how many lines of symmetry are there in a equilateral triangle,0.9,0.9475,0.8889,12002,4861,3745,24100,1.8867,5e-06,9
9,A,DiehardCombined,0.9,1.1,10,how many seasons of the oc are there,0.9,0.9414,0.7222,12396,4880,3809,24615,2.3026,5e-06,10
9,A,DiehardCombined,0.9,1.1,10,latest season on keeping up with the kardashians,0.9,0.953,0.6667,10357,4875,3741,22446,1.6434,2e-06,9
9,A,DiehardCombined,0.9,1.1,10,how dose the poet present death as a voyage in crossing the bar,0.9,0.9352,0.5,11381,4894,3757,23679,1.7481,4e-06,9
9,A,DiehardCombined,0.9,1.1,10,who were farmers who kept a small portion of their crops & gave the rest to the landowners,1.0,0.9979,0.5111,12317,4905,3761,24596,1.6094,1e-06,8
9,A,DiehardCombined,0.9,1.1,10,what is pumped up kicks the song about,1.0,0.9986,0.6889,10916,4841,3736,23151,1.8867,1e-06,8
9,A,DiehardCombined,0.9,1.1,10,2. what are the reasons states impose protectionists policies on other countries,0.9,0.9296,0.4444,9585,4719,3722,21661,2.164,1e-06,10
9,A,DiehardCombined,0.9,1.1,10,where are they building the new raiders stadium,1.0,0.9971,0.7333,11059,4806,3729,23266,2.164,1e-06,9
9,A,DiehardCombined,0.9,1.1,10,what event provoked congress to propose the eleventh amendment and the states to ratify it,0.7,0.8216,0.8095,10872,4795,3743,23451,2.0253,1e-06,7
9,A,DiehardCombined,0.9,1.1,10,does joe die in the purge election year,0.8,0.8895,0.7143,13174,4952,3779,25745,2.0253,2e-06,10
10,A,Diehard,1.0,1.0,10,what is non controlling interest on balance sheet,1.0,1.0,1.0,25213,12280,7534,50474,1.8867,4e-05,10
10,A,Diehard,1.0,1.0,10,how many episodes are in chicago fire season 4,1.0,1.0,1.0,21732,8136,5796,39792,1.6957,7.6e-05,10
10,A,Diehard,1.0,1.0,10,who sings love will keep us alive by the eagles,1.0,1.0,1.0,19846,6869,5151,36107,2.164,2.7e-05,10
10,A,Diehard,1.0,1.0,10,who is the leader of the ontario pc party,1.0,1.0,1.0,17491,6240,4637,32515,1.7481,0.000275,10
10,A,Diehard,1.0,1.0,10,nitty gritty dirt band fishin in the dark album,1.0,1.0,1.0,15682,5676,4429,30141,1.7481,7.7e-05,10
10,A,Diehard,1.0,1.0,10,who were the three elves who got rings,1.0,1.0,1.0,15827,5657,4260,29640,2.0253,2.8e-05,10
10,A,Diehard,1.0,1.0,10,converting stereo signal to mono signal is called,1.0,1.0,1.0,14627,5419,4222,27912,1.6957,0.001218,10
10,A,Diehard,1.0,1.0,10,in order to prove disparate impact you first must establish,1.0,1.0,1.0,14056,5319,4151,27215,1.8344,6e-05,9
10,A,Diehard,1.0,1.0,10,where do characters live in this is us,1.0,1.0,1.0,12565,5204,4046,25346,2.0253,0.000148,10
10,A,Diehard,1.0,1.0,10,who makes the decisions about what to produce in a market economy,1.0,1.0,1.0,12717,5175,4030,25545,1.6434,9.2e-05,9
10,A,Diehard,1.0,1.0,10,when is the new tappan zee bridge going to be finished,1.0,1.0,1.0,13773,5045,3995,26509,1.6957,0.000355,10
10,A,Diehard,1.0,1.0,10,who recorded i can't help falling in love with you,1.0,1.0,1.0,11468,5083,3899,23949,2.0253,0.000217,10
10,A,Diehard,1.0,1.0,10,who plays the doc in back to the future,1.0,1.0,1.0,12374,4922,3884,24894,2.0253,0.000551,10
10,A,Diehard,1.0,1.0,10,when did they stop cigarette advertising on television,1.0,1.0,1.0,11495,4833,3873,24572,2.0253,0.000669,10
10,A,Diehard,1.0,1.0,10,who has been chosen as the brand ambassador of the campaign 'beti bachao-beti padhao,1.0,1.0,1.0,13671,4969,3875,25935,1.6957,0.000573,10
10,A,Diehard,1.0,1.0,10,how many seasons of prison break are on netflix,1.0,1.0,1.0,12161,4835,3839,24495,1.973,9.4e-05,10
10,A,Diehard,1.0,1.0,10,what was the name of atom bomb dropped by usa on hiroshima,1.0,1.0,1.0,11207,4801,3939,23664,1.8867,0.00011,9
10,A,Diehard,1.0,1.0,10,when did the us take over wake island,1.0,1.0,1.0,11191,4675,3653,22623,1.973,0.000696,10
10,A,Diehard,1.0,1.0,10,when did american two party system began to emerge,1.0,1.0,1.0,9298,4472,3581,19764,1.6094,0.00019,10
10,A,Diehard,1.0,1.0,10,where are the mitochondria located in the sperm,1.0,1.0,1.0,9370,4471,3583,20074,2.164,0.00018,10
10,A,Diehard,1.0,1.0,10,how many lines of symmetry are there in a equilateral triangle,1.0,1.0,1.0,9958,4353,3586,20443,2.164,0.000394,10
10,A,Diehard,1.0,1.0,10,how many seasons of the oc are there,1.0,1.0,1.0,9938,4352,3579,20226,1.8867,0.000938,10
10,A,Diehard,1.0,1.0,10,latest season on keeping up with the kardashians,1.0,1.0,1.0,9513,4395,3614,19704,1.3592,0.000327,10
10,A,Diehard,1.0,1.0,10,how dose the poet present death as a voyage in crossing the bar,1.0,1.0,1.0,9548,4370,3620,21374,1.8344,0.000307,10
10,A,Diehard,1.0,1.0,10,who were farmers who kept a small portion of their crops & gave the rest to the landowners,1.0,1.0,1.0,11609,4346,3576,22867,1.8867,0.000119,10
10,A,Diehard,1.0,1.0,10,what is pumped up kicks the song about,1.0,1.0,1.0,11158,4344,3583,21568,1.8344,0.000141,10
10,A,Diehard,1.0,1.0,10,2. what are the reasons states impose protectionists policies on other countries,1.0,1.0,1.0,10902,4391,3615,22367,2.0253,0.000159,10
10,A,Diehard,1.0,1.0,10,where are they building the new raiders stadium,1.0,1.0,1.0,11433,4487,3587,22927,2.164,0.000102,10
10,A,Diehard,1.0,1.0,10,what event provoked congress to propose the eleventh amendment and the states to ratify it,1.0,1.0,1.0,11476,4547,3614,23371,1.973,0.000125,10
10,A,Diehard,1.0,1.0,10,does joe die in the purge election year,1.0,1.0,1.0,10157,4585,3613,22309,1.8344,0.000228,10
10,A,DiehardCombined,0.9,1.1,10,what is non controlling interest on balance sheet,0.7,0.7874,0.5238,24530,12628,7403,49257,1.6957,1e-06,7
10,A,DiehardCombined,0.9,1.1,10,how many episodes are in chicago fire season 4,0.9,0.9377,0.4444,22222,8336,5946,40810,1.8344,1e-06,8
10,A,DiehardCombined,0.9,1.1,10,who sings love will keep us alive by the eagles,0.9,0.9328,0.2778,17014,6745,4975,32219,2.164,0.0,8
10,A,DiehardCombined,0.9,1.1,10,who is the leader of the ontario pc party,0.9,0.9263,0.6111,17182,6131,4591,31910,2.0253,1e-06,9
10,A,DiehardCombined,0.9,1.1,10,nitty gritty dirt band fishin in the dark album,0.7,0.8027,0.8095,15657,5774,4483,29772,1.8867,0.0,7
10,A,DiehardCombined,0.9,1.1,10,who were the three elves who got rings,0.8,0.877,0.6429,14492,5616,4259,28243,2.0253,0.0,9
10,A,DiehardCombined,0.9,1.1,10,converting stereo signal to mono signal is called,1.0,0.9994,0.8222,13103,5350,4141,26214,1.7481,9e-06,9
10,A,DiehardCombined,0.9,1.1,10,in order to prove disparate impact you first must establish,0.9,0.9342,0.6667,12988,5310,4043,26057,1.8344,1e-06,8
10,A,DiehardCombined,0.9,1.1,10,where do characters live in this is us,1.0,0.9989,0.7778,11718,5120,3978,24382,1.8344,2e-06,8
10,A,DiehardCombined,0.9,1.1,10,who makes the decisions about what to produce in a market economy,0.9,0.9426,0.6667,11627,5080,3878,24125,2.3026,1e-06,10
10,A,DiehardCombined,0.9,1.1,10,when is the new tappan zee bridge going to be finished,0.7,0.8127,0.4286,12160,4965,4676,25290,1.7481,3e-06,10
10,A,DiehardCombined,0.9,1.1,10,who recorded i can't help falling in love with you,0.8,0.8782,0.5714,11453,4490,3579,23411,1.8867,1e-06,10
10,A,DiehardCombined,0.9,1.1,10,who plays the doc in back to the future,1.0,0.9998,0.9111,9541,4481,3591,20016,1.8344,8e-06,9
10,A,DiehardCombined,0.9,1.1,10,when did they stop cigarette advertising on television,0.8,0.8891,0.6429,10728,4501,3585,21167,1.8344,5e-06,9
10,A,DiehardCombined,0.9,1.1,10,who has been chosen as the brand ambassador of the campaign 'beti bachao-beti padhao,1.0,0.9961,0.6,9627,4454,3580,20258,1.8344,4e-06,9
10,A,DiehardCombined,0.9,1.1,10,how many seasons of prison break are on netflix,0.8,0.8702,0.5,9894,4408,3582,20140,2.164,1e-06,9
10,A,DiehardCombined,0.9,1.1,10,what was the name of atom bomb dropped by usa on hiroshima,0.8,0.8621,0.8571,11834,4428,3580,22597,1.8344,1e-06,8
10,A,DiehardCombined,0.9,1.1,10,when did the us take over wake island,0.9,0.9512,1.0,9879,4401,3592,21716,2.164,9e-06,10
10,A,DiehardCombined,0.9,1.1,10,when did american two party system began to emerge,0.9,0.9426,0.7222,11803,4392,3581,23315,1.973,1e-06,8
10,A,DiehardCombined,0.9,1.1,10,where are the mitochondria located in the sperm,0.8,0.87,0.6429,11883,4369,3582,23296,2.164,2e-06,10
10,A,DiehardCombined,0.9,1.1,10,how many lines of symmetry are there in a equilateral triangle,0.9,0.9431,0.7778,11799,4492,3585,23670,2.0253,3e-06,9
10,A,DiehardCombined,0.9,1.1,10,how many seasons of the oc are there,1.0,0.9994,0.7778,10516,4602,3579,22227,2.0253,7e-06,9
10,A,DiehardCombined,0.9,1.1,10,latest season on keeping up with the kardashians,0.8,0.897,0.7857,10862,4603,4014,23302,1.4979,2e-06,7
10,A,DiehardCombined,0.9,1.1,10,how dose the poet present death as a voyage in crossing the bar,0.9,0.944,0.8333,11197,4634,3599,23111,1.6957,3e-06,8
10,A,DiehardCombined,0.9,1.1,10,who were farmers who kept a small portion of their crops & gave the rest to the landowners,0.9,0.9455,0.3889,10735,4665,3612,22582,1.973,1e-06,9
10,A,DiehardCombined,0.9,1.1,10,what is pumped up kicks the song about,0.8,0.8821,0.2857,12326,4691,3687,24298,2.3026,2e-06,10
10,A,DiehardCombined,0.9,1.1,10,2. what are the reasons states impose protectionists policies on other countries,0.8,0.8587,0.5,10040,4707,3719,22002,2.3026,1e-06,10
10,A,DiehardCombined,0.9,1.1,10,where are they building the new raiders stadium,0.9,0.9371,0.8333,10069,4393,3584,21677,1.8344,1e-06,6
10,A,DiehardCombined,0.9,1.1,10,what event provoked congress to propose the eleventh amendment and the states to ratify it,0.7,0.8117,0.9048,11302,4444,3657,22737,1.8867,1e-06,7
10,A,DiehardCombined,0.9,1.1,10,does joe die in the purge election year,0.9,0.9311,0.6667,12384,4585,3784,24532,2.0253,2e-06,10
