trial,exp,algorithm,noise_min,noise_max,top_k,query,recall_at_k,ndcg_at_k,kendall_tau,enc_embed_us,enc_encrypt_us,enc_search_us,enc_total_us,score_entropy,score_variance,score_distinct_count
1,A,Scrambling,0.9,1.1,10,What are the symptoms of type 2 diabetes?,1.0,1.0,1.0,17684,119,2378,28377,1.4708,0.010063,10
1,A,Scrambling,0.9,1.1,10,How is hypertension treated?,1.0,1.0,1.0,15079,110,2774,23198,2.0253,0.008239,10
1,A,Scrambling,0.9,1.1,10,What causes heart failure?,1.0,1.0,1.0,10361,78,2180,16559,2.0253,0.007888,10
1,A,Scrambling,0.9,1.1,10,Describe the symptoms of lupus,1.0,1.0,1.0,10307,53,1964,16305,1.6094,0.016206,10
1,A,Scrambling,0.9,1.1,10,What medications treat depression?,1.0,1.0,1.0,9727,55,2055,16054,2.0253,0.008015,10
1,A,Scrambling,0.9,1.1,10,How does Alzheimer's disease progress?,1.0,1.0,1.0,9571,83,1776,15331,1.6094,0.012835,10
1,A,Scrambling,0.9,1.1,10,What are risk factors for stroke?,1.0,1.0,1.0,9248,84,1717,15031,1.3592,0.007561,10
1,A,Scrambling,0.9,1.1,10,How is asthma managed long-term?,1.0,1.0,1.0,9449,84,1800,15570,1.8344,0.006175,10
1,A,Scrambling,0.9,1.1,10,What are signs of kidney disease?,1.0,1.0,1.0,9480,53,2251,16508,1.8344,0.006977,10
1,A,Scrambling,0.9,1.1,10,Describe rheumatoid arthritis treatment,1.0,1.0,1.0,8956,131,1447,14389,1.8344,0.011109,10
1,A,Scrambling,0.9,1.1,10,What causes Parkinson's disease?,1.0,1.0,1.0,8249,53,1177,13401,1.8344,0.010504,10
1,A,Scrambling,0.9,1.1,10,How is multiple sclerosis diagnosed?,1.0,1.0,1.0,9542,53,1177,14632,1.7481,0.018415,10
1,A,Scrambling,0.9,1.1,10,What are symptoms of anemia?,1.0,1.0,1.0,8594,53,2423,15230,1.6094,0.015431,10
1,A,Scrambling,0.9,1.1,10,How is hypothyroidism treated?,1.0,1.0,1.0,9820,137,2822,16750,1.8867,0.015584,10
1,A,Scrambling,0.9,1.1,10,What causes chronic pain?,1.0,1.0,1.0,9411,54,2091,15117,2.164,0.001157,10
1,A,Scrambling,0.9,1.1,10,Describe COPD management,1.0,1.0,1.0,8844,130,1448,14017,1.1683,0.01493,10
1,A,Scrambling,0.9,1.1,10,What are signs of liver disease?,1.0,1.0,1.0,9301,53,1420,15072,2.164,0.005875,10
1,A,Scrambling,0.9,1.1,10,How is epilepsy treated?,1.0,1.0,1.0,8574,54,1476,13813,1.2275,0.009159,10
1,A,Scrambling,0.9,1.1,10,What causes osteoporosis?,1.0,1.0,1.0,9864,137,2770,16615,1.7481,0.011225,10
1,A,Scrambling,0.9,1.1,10,Describe symptoms of anxiety disorder,1.0,1.0,1.0,8288,53,1578,13707,1.6957,0.009914,10
1,A,Scrambling,0.9,1.1,10,What medications are used for HIV/AIDS?,1.0,1.0,1.0,10567,140,2616,17333,1.3592,0.007531,10
1,A,Scrambling,0.9,1.1,10,How is pneumonia diagnosed?,1.0,1.0,1.0,10185,145,2056,16475,1.6957,0.005147,10
1,A,Scrambling,0.9,1.1,10,What causes inflammatory bowel disease?,1.0,1.0,1.0,8644,53,1408,14001,1.8344,0.00574,9
1,A,Scrambling,0.9,1.1,10,Describe treatment for chronic kidney disease,1.0,1.0,1.0,9773,137,1550,15221,1.5048,0.010771,10
1,A,Scrambling,0.9,1.1,10,What are symptoms of schizophrenia?,1.0,1.0,1.0,9088,53,3074,16435,1.6957,0.006151,10
1,A,Scrambling,0.9,1.1,10,How is bipolar disorder managed?,1.0,1.0,1.0,9003,54,2246,15453,1.8867,0.012468,10
1,A,Scrambling,0.9,1.1,10,What causes psoriasis?,1.0,1.0,1.0,9672,53,1411,15300,1.5048,0.01178,10
1,A,Scrambling,0.9,1.1,10,Describe sepsis treatment,1.0,1.0,1.0,8495,54,1452,13966,1.7481,0.010708,10
1,A,Scrambling,0.9,1.1,10,What are risk factors for cancer?,1.0,1.0,1.0,8433,53,1518,14460,2.0253,0.002693,10
1,A,Scrambling,0.9,1.1,10,How is ALS diagnosed?,1.0,1.0,1.0,9288,54,2430,15915,1.6094,0.005529,10
1,A,Noise,0.9,1.1,10,What are the symptoms of type 2 diabetes?,0.9,0.9512,0.9444,21751,230,3479,36581,1.8867,0.009973,10
1,A,Noise,0.9,1.1,10,How is hypertension treated?,1.0,1.0,1.0,20664,257,3009,34744,2.0253,0.008204,10
1,A,Noise,0.9,1.1,10,What causes heart failure?,1.0,1.0,0.9556,18892,228,3230,33036,2.0253,0.007815,10
1,A,Noise,0.9,1.1,10,Describe the symptoms of lupus,1.0,1.0,0.9556,19841,229,3021,33393,1.6094,0.016236,10
1,A,Noise,0.9,1.1,10,What medications treat depression?,1.0,1.0,1.0,19390,229,3038,33380,2.0253,0.007935,10
1,A,Noise,0.9,1.1,10,How does Alzheimer's disease progress?,1.0,1.0,0.9556,20181,228,4480,35470,1.6094,0.012462,10
1,A,Noise,0.9,1.1,10,What are risk factors for stroke?,1.0,1.0,1.0,21692,229,3541,35737,1.4979,0.007687,10
1,A,Noise,0.9,1.1,10,How is asthma managed long-term?,1.0,1.0,1.0,21651,229,5554,37422,1.8344,0.006181,10
1,A,Noise,0.9,1.1,10,What are signs of kidney disease?,1.0,1.0,1.0,32395,406,8939,54183,1.8344,0.006826,10
1,A,Noise,0.9,1.1,10,Describe rheumatoid arthritis treatment,1.0,1.0,1.0,27931,186,4137,39313,1.8344,0.011171,10
1,A,Noise,0.9,1.1,10,What causes Parkinson's disease?,1.0,1.0,1.0,13910,329,2535,21969,1.8344,0.010374,10
1,A,Noise,0.9,1.1,10,How is multiple sclerosis diagnosed?,1.0,1.0,1.0,11446,256,2232,17920,1.973,0.018021,10
1,A,Noise,0.9,1.1,10,What are symptoms of anemia?,1.0,1.0,1.0,10877,93,1914,16983,1.6094,0.014949,10
1,A,Noise,0.9,1.1,10,How is hypothyroidism treated?,1.0,1.0,1.0,10293,94,1792,16375,1.8867,0.01519,10
1,A,Noise,0.9,1.1,10,What causes chronic pain?,1.0,1.0,1.0,10038,91,1701,15651,2.0253,0.001173,10
1,A,Noise,0.9,1.1,10,Describe COPD management,1.0,1.0,1.0,10271,143,3399,18243,1.1683,0.014766,10
1,A,Noise,0.9,1.1,10,What are signs of liver disease?,1.0,1.0,1.0,9906,105,1688,15569,2.0253,0.005739,10
1,A,Noise,0.9,1.1,10,How is epilepsy treated?,1.0,1.0,1.0,10207,139,2641,17097,1.3592,0.008917,10
1,A,Noise,0.9,1.1,10,What causes osteoporosis?,1.0,1.0,0.9556,11082,137,2116,17312,1.4708,0.011094,9
1,A,Noise,0.9,1.1,10,Describe symptoms of anxiety disorder,1.0,1.0,1.0,10226,143,2178,16549,1.6957,0.009926,10
1,A,Noise,0.9,1.1,10,What medications are used for HIV/AIDS?,1.0,1.0,1.0,9750,115,2096,15945,1.3592,0.007437,10
1,A,Noise,0.9,1.1,10,How is pneumonia diagnosed?,1.0,0.9999,0.9111,9592,136,3019,16688,1.8344,0.004993,10
1,A,Noise,0.9,1.1,10,What causes inflammatory bowel disease?,1.0,1.0,0.9111,9805,93,2802,17034,1.8344,0.005632,10
1,A,Noise,0.9,1.1,10,Describe treatment for chronic kidney disease,1.0,1.0,1.0,9947,142,2572,16651,1.5048,0.010522,10
1,A,Noise,0.9,1.1,10,What are symptoms of schizophrenia?,1.0,1.0,1.0,10366,94,2051,16468,1.6434,0.006024,10
1,A,Noise,0.9,1.1,10,How is bipolar disorder managed?,1.0,1.0,1.0,10762,94,2139,17072,1.8867,0.012118,10
1,A,Noise,0.9,1.1,10,What causes psoriasis?,1.0,1.0,0.9556,9587,139,1685,15869,1.5048,0.011781,10
1,A,Noise,0.9,1.1,10,Describe sepsis treatment,0.9,0.9601,0.9444,11251,153,1720,17113,1.7481,0.010528,10
1,A,Noise,0.9,1.1,10,What are risk factors for cancer?,1.0,1.0,1.0,10575,94,1738,16864,2.0253,0.002587,10
1,A,Noise,0.9,1.1,10,How is ALS diagnosed?,1.0,1.0,1.0,9885,147,1709,15758,1.6094,0.005456,10
1,A,Combined,0.9,1.1,10,What are the symptoms of type 2 diabetes?,1.0,1.0,0.9556,21557,228,5509,37665,1.8344,0.009906,10
1,A,Combined,0.9,1.1,10,How is hypertension treated?,1.0,1.0,1.0,20927,228,3006,34448,2.0253,0.008213,10
1,A,Combined,0.9,1.1,10,What causes heart failure?,1.0,1.0,1.0,20511,230,5483,37216,1.8867,0.007545,10
1,A,Combined,0.9,1.1,10,Describe the symptoms of lupus,1.0,1.0,0.9556,26434,229,3928,40886,1.6094,0.015894,10
1,A,Combined,0.9,1.1,10,What medications treat depression?,1.0,1.0,1.0,20442,227,2980,34169,2.0253,0.007836,10
1,A,Combined,0.9,1.1,10,How does Alzheimer's disease progress?,1.0,1.0,1.0,19786,229,4128,35037,1.6094,0.012861,10
1,A,Combined,0.9,1.1,10,What are risk factors for stroke?,1.0,1.0,0.9556,22033,630,5482,39133,1.3592,0.007438,9
1,A,Combined,0.9,1.1,10,How is asthma managed long-term?,1.0,1.0,1.0,19368,260,4398,34351,1.7481,0.005997,10
1,A,Combined,0.9,1.1,10,What are signs of kidney disease?,0.9,0.9497,1.0,22273,229,5461,38819,1.8344,0.00703,10
1,A,Combined,0.9,1.1,10,Describe rheumatoid arthritis treatment,1.0,1.0,1.0,20136,228,3031,33885,1.8344,0.010887,10
1,A,Combined,0.9,1.1,10,What causes Parkinson's disease?,1.0,1.0,1.0,20396,259,3137,34178,1.8344,0.010316,10
1,A,Combined,0.9,1.1,10,How is multiple sclerosis diagnosed?,1.0,1.0,0.9111,20642,227,3507,34536,1.7481,0.018042,10
1,A,Combined,0.9,1.1,10,What are symptoms of anemia?,1.0,1.0,1.0,22507,229,6476,40023,1.6094,0.015213,10
1,A,Combined,0.9,1.1,10,How is hypothyroidism treated?,1.0,1.0,1.0,26961,645,3811,40228,1.8867,0.015544,10
1,A,Combined,0.9,1.1,10,What causes chronic pain?,1.0,1.0,0.9556,15775,133,3172,24786,2.0253,0.001122,10
1,A,Combined,0.9,1.1,10,Describe COPD management,1.0,1.0,1.0,11522,106,1490,17222,1.4185,0.014506,10
1,A,Combined,0.9,1.1,10,What are signs of liver disease?,1.0,1.0,1.0,10348,256,2110,17105,2.0253,0.005809,10
1,A,Combined,0.9,1.1,10,How is epilepsy treated?,1.0,1.0,1.0,11159,257,3395,19092,1.3592,0.009069,10
1,A,Combined,0.9,1.1,10,What causes osteoporosis?,1.0,1.0,1.0,9489,96,1231,14886,1.7481,0.01127,10
1,A,Combined,0.9,1.1,10,Describe symptoms of anxiety disorder,1.0,1.0,1.0,9255,123,1234,14621,1.8867,0.009793,10
1,A,Combined,0.9,1.1,10,What medications are used for HIV/AIDS?,1.0,1.0,1.0,9886,96,1332,15523,1.3592,0.007449,10
1,A,Combined,0.9,1.1,10,How is pneumonia diagnosed?,1.0,1.0,1.0,10736,211,1239,16066,1.6957,0.005149,10
1,A,Combined,0.9,1.1,10,What causes inflammatory bowel disease?,1.0,1.0,1.0,9116,117,1780,15235,1.6094,0.005402,10
1,A,Combined,0.9,1.1,10,Describe treatment for chronic kidney disease,1.0,1.0,1.0,9556,97,1497,15291,1.5048,0.010715,10
1,A,Combined,0.9,1.1,10,What are symptoms of schizophrenia?,0.9,0.9471,1.0,9424,96,1312,14965,1.6434,0.006109,10
1,A,Combined,0.9,1.1,10,How is bipolar disorder managed?,1.0,1.0,1.0,8558,96,1242,14643,1.8867,0.012312,10
1,A,Combined,0.9,1.1,10,What causes psoriasis?,1.0,1.0,0.9111,9047,96,1340,14349,1.5048,0.011908,10
1,A,Combined,0.9,1.1,10,Describe sepsis treatment,1.0,1.0,1.0,10183,256,1241,15653,1.7481,0.010537,10
1,A,Combined,0.9,1.1,10,What are risk factors for cancer?,1.0,1.0,1.0,9901,95,1251,15434,2.164,0.002654,10
1,A,Combined,0.9,1.1,10,How is ALS diagnosed?,1.0,1.0,1.0,9262,97,2183,15985,1.6434,0.005659,10
1,A,Rome,1.0,1.0,10,What are the symptoms of type 2 diabetes?,1.0,1.0,1.0,17365,14105,2387,39992,1.4708,0.010063,10
1,A,Rome,1.0,1.0,10,How is hypertension treated?,1.0,1.0,1.0,9429,8874,1533,23664,2.0253,0.008239,10
1,A,Rome,1.0,1.0,10,What causes heart failure?,1.0,1.0,1.0,9214,7107,3508,24092,2.0253,0.007888,10
1,A,Rome,1.0,1.0,10,Describe the symptoms of lupus,1.0,1.0,1.0,8371,7909,2279,22591,1.6094,0.016206,10
1,A,Rome,1.0,1.0,10,What medications treat depression?,1.0,1.0,1.0,9513,6958,1630,21921,2.0253,0.008015,10
1,A,Rome,1.0,1.0,10,How does Alzheimer's disease progress?,1.0,1.0,1.0,10074,7016,1800,22928,1.6094,0.012835,10
1,A,Rome,1.0,1.0,10,What are risk factors for stroke?,1.0,1.0,1.0,8870,8195,2599,23628,1.3592,0.007561,10
1,A,Rome,1.0,1.0,10,How is asthma managed long-term?,1.0,1.0,1.0,10218,7092,1512,22932,1.8344,0.006175,10
1,A,Rome,1.0,1.0,10,What are signs of kidney disease?,1.0,1.0,1.0,8709,7387,2743,22396,1.8344,0.006977,10
1,A,Rome,1.0,1.0,10,Describe rheumatoid arthritis treatment,1.0,1.0,1.0,8970,7722,2343,23033,1.8344,0.011109,10
1,A,Rome,1.0,1.0,10,What causes Parkinson's disease?,1.0,1.0,1.0,9832,7272,2987,24216,1.8344,0.010504,10
1,A,Rome,1.0,1.0,10,How is multiple sclerosis diagnosed?,1.0,1.0,1.0,9021,8092,1466,22448,1.7481,0.018415,10
1,A,Rome,1.0,1.0,10,What are symptoms of anemia?,1.0,1.0,1.0,10330,7731,1928,24039,1.6094,0.015431,10
1,A,Rome,1.0,1.0,10,How is hypothyroidism treated?,1.0,1.0,1.0,8362,9418,1617,23323,1.8867,0.015584,10
1,A,Rome,1.0,1.0,10,What causes chronic pain?,1.0,1.0,1.0,8587,9698,2182,24625,2.164,0.001157,10
1,A,Rome,1.0,1.0,10,Describe COPD management,1.0,1.0,1.0,9070,9565,2083,24859,1.1683,0.01493,10
1,A,Rome,1.0,1.0,10,What are signs of liver disease?,1.0,1.0,1.0,9275,8167,1580,22877,2.164,0.005875,10
1,A,Rome,1.0,1.0,10,How is epilepsy treated?,1.0,1.0,1.0,9909,7597,2204,23713,1.2275,0.009159,10
1,A,Rome,1.0,1.0,10,What causes osteoporosis?,1.0,1.0,1.0,8358,7351,2853,22545,1.7481,0.011225,10
1,A,Rome,1.0,1.0,10,Describe symptoms of anxiety disorder,1.0,1.0,1.0,10304,7798,3490,25794,1.6957,0.009914,10
1,A,Rome,1.0,1.0,10,What medications are used for HIV/AIDS?,1.0,1.0,1.0,8358,10086,1475,23744,1.3592,0.007531,10
1,A,Rome,1.0,1.0,10,How is pneumonia diagnosed?,1.0,1.0,1.0,10700,8053,1665,24622,1.6957,0.005147,10
1,A,Rome,1.0,1.0,10,What causes inflammatory bowel disease?,1.0,1.0,1.0,8599,7850,2558,22754,1.8344,0.00574,9
1,A,Rome,1.0,1.0,10,Describe treatment for chronic kidney disease,1.0,1.0,1.0,9342,7353,1793,22599,1.5048,0.010771,10
1,A,Rome,1.0,1.0,10,What are symptoms of schizophrenia?,1.0,1.0,1.0,10021,11172,2269,27456,1.6957,0.006151,10
1,A,Rome,1.0,1.0,10,How is bipolar disorder managed?,1.0,1.0,1.0,10360,7388,1541,23385,1.8867,0.012468,10
1,A,Rome,1.0,1.0,10,What causes psoriasis?,1.0,1.0,1.0,8710,7841,2029,22291,1.5048,0.01178,10
1,A,Rome,1.0,1.0,10,Describe sepsis treatment,1.0,1.0,1.0,8858,8463,1779,22901,1.7481,0.010708,10
1,A,Rome,1.0,1.0,10,What are risk factors for cancer?,1.0,1.0,1.0,9893,7503,1636,23559,2.0253,0.002693,10
1,A,Rome,1.0,1.0,10,How is ALS diagnosed?,1.0,1.0,1.0,8574,9325,4659,26755,1.6094,0.005529,10
1,A,RomeCombined,0.9,1.1,10,What are the symptoms of type 2 diabetes?,1.0,1.0,1.0,20126,11861,3421,40071,1.8344,0.009569,10
1,A,RomeCombined,0.9,1.1,10,How is hypertension treated?,1.0,1.0,1.0,9984,7276,1497,23382,2.0253,0.00813,10
1,A,RomeCombined,0.9,1.1,10,What causes heart failure?,1.0,1.0,1.0,10183,10610,2592,27388,2.0253,0.007694,10
1,A,RomeCombined,0.9,1.1,10,Describe the symptoms of lupus,1.0,1.0,1.0,8749,7183,1562,21133,1.6094,0.015969,10
1,A,RomeCombined,0.9,1.1,10,What medications treat depression?,1.0,1.0,1.0,9098,7025,2149,22053,2.0253,0.00775,10
1,A,RomeCombined,0.9,1.1,10,How does Alzheimer's disease progress?,1.0,1.0,0.9556,8957,9258,1487,23588,1.6094,0.012801,10
1,A,RomeCombined,0.9,1.1,10,What are risk factors for stroke?,1.0,1.0,0.9556,9376,7267,1582,22291,1.3592,0.007487,10
1,A,RomeCombined,0.9,1.1,10,How is asthma managed long-term?,1.0,1.0,1.0,8762,8375,1673,22918,1.8344,0.006077,10
1,A,RomeCombined,0.9,1.1,10,What are signs of kidney disease?,1.0,1.0,1.0,8244,7219,1459,20820,1.8344,0.006872,10
1,A,RomeCombined,0.9,1.1,10,Describe rheumatoid arthritis treatment,1.0,1.0,1.0,9087,7739,1468,22363,1.8344,0.01094,10
1,A,RomeCombined,0.9,1.1,10,What causes Parkinson's disease?,1.0,1.0,1.0,9359,7020,2567,22860,1.8344,0.010484,10
1,A,RomeCombined,0.9,1.1,10,How is multiple sclerosis diagnosed?,1.0,1.0,1.0,9697,7691,1785,22877,1.973,0.018133,10
1,A,RomeCombined,0.9,1.1,10,What are symptoms of anemia?,1.0,1.0,0.9556,9392,7444,2067,22949,1.6094,0.015313,10
1,A,RomeCombined,0.9,1.1,10,How is hypothyroidism treated?,1.0,1.0,1.0,10270,7732,1526,23518,1.8867,0.015147,10
1,A,RomeCombined,0.9,1.1,10,What causes chronic pain?,1.0,1.0,0.9556,9845,10632,2131,26874,2.164,0.001126,10
1,A,RomeCombined,0.9,1.1,10,Describe COPD management,1.0,1.0,1.0,11214,7312,1528,23782,1.1683,0.014889,10
1,A,RomeCombined,0.9,1.1,10,What are signs of liver disease?,1.0,1.0,1.0,8880,7643,1528,21779,2.164,0.005879,10
1,A,RomeCombined,0.9,1.1,10,How is epilepsy treated?,1.0,1.0,1.0,9762,7407,2098,23560,1.2275,0.009102,10
1,A,RomeCombined,0.9,1.1,10,What causes osteoporosis?,1.0,1.0,0.9556,8516,9015,1735,23347,1.6094,0.01122,10
1,A,RomeCombined,0.9,1.1,10,Describe symptoms of anxiety disorder,1.0,1.0,0.9556,9509,7631,2666,24133,1.6957,0.009918,10
1,A,RomeCombined,0.9,1.1,10,What medications are used for HIV/AIDS?,1.0,1.0,1.0,8498,7575,2784,22882,1.3592,0.007379,10
1,A,RomeCombined,0.9,1.1,10,How is pneumonia diagnosed?,1.0,1.0,1.0,8979,7515,1679,22166,1.5571,0.005109,10
1,A,RomeCombined,0.9,1.1,10,What causes inflammatory bowel disease?,1.0,1.0,1.0,10140,8012,2600,24564,1.6094,0.005807,10
1,A,RomeCombined,0.9,1.1,10,Describe treatment for chronic kidney disease,1.0,1.0,1.0,8370,9042,2623,24155,1.5048,0.010659,10
1,A,RomeCombined,0.9,1.1,10,What are symptoms of schizophrenia?,0.9,0.9471,1.0,9722,7063,2336,23311,1.4708,0.005974,10
1,A,RomeCombined,0.9,1.1,10,How is bipolar disorder managed?,1.0,1.0,1.0,9381,7701,1628,22903,1.8867,0.012376,10
1,A,RomeCombined,0.9,1.1,10,What causes psoriasis?,1.0,1.0,0.9556,10086,9539,2622,26351,1.5048,0.011471,10
1,A,RomeCombined,0.9,1.1,10,Describe sepsis treatment,1.0,1.0,1.0,8444,8848,1591,22610,1.7481,0.010831,10
1,A,RomeCombined,0.9,1.1,10,What are risk factors for cancer?,1.0,1.0,1.0,8689,7340,1543,21447,2.164,0.00253,10
1,A,RomeCombined,0.9,1.1,10,How is ALS diagnosed?,1.0,1.0,1.0,9253,8720,2646,24509,1.6957,0.005613,10
1,A,Ckks,1.0,1.0,10,What are the symptoms of type 2 diabetes?,1.0,1.0,1.0,21399,9,114141175,114166793,1.4708,0.010063,10
1,A,Ckks,1.0,1.0,10,How is hypertension treated?,1.0,1.0,1.0,8413,5,123481740,123494513,2.0253,0.008239,10
1,A,Ckks,1.0,1.0,10,What causes heart failure?,1.0,1.0,1.0,8680,5,116188286,116201149,2.0253,0.007888,10
1,A,Ckks,1.0,1.0,10,Describe the symptoms of lupus,1.0,1.0,1.0,9281,5,119194033,119207348,1.6094,0.016206,10
1,A,Ckks,1.0,1.0,10,What medications treat depression?,1.0,1.0,1.0,8246,4,112024711,112036971,2.0253,0.008015,10
1,A,Ckks,1.0,1.0,10,How does Alzheimer's disease progress?,1.0,1.0,1.0,9320,4,109382892,109396332,1.6094,0.012835,10
1,A,Ckks,1.0,1.0,10,What are risk factors for stroke?,1.0,1.0,1.0,8702,4,111664646,111677662,1.3592,0.007561,10
1,A,Ckks,1.0,1.0,10,How is asthma managed long-term?,1.0,1.0,1.0,8368,4,107078465,107091221,1.8344,0.006175,10
1,A,Ckks,1.0,1.0,10,What are signs of kidney disease?,1.0,1.0,1.0,8498,4,106470140,106482707,1.8344,0.006977,10
1,A,Ckks,1.0,1.0,10,Describe rheumatoid arthritis treatment,1.0,1.0,1.0,8388,4,106362062,106374812,1.8344,0.011109,10
1,A,Ckks,1.0,1.0,10,What causes Parkinson's disease?,1.0,1.0,1.0,8388,4,106305151,106317427,1.8344,0.010504,10
1,A,Ckks,1.0,1.0,10,How is multiple sclerosis diagnosed?,1.0,1.0,1.0,8274,4,106212445,106224904,1.7481,0.018415,10
1,A,Ckks,1.0,1.0,10,What are symptoms of anemia?,1.0,1.0,1.0,8687,4,106298165,106311211,1.6094,0.015431,10
1,A,Ckks,1.0,1.0,10,How is hypothyroidism treated?,1.0,1.0,1.0,8372,4,106238503,106251314,1.8867,0.015584,10
1,A,Ckks,1.0,1.0,10,What causes chronic pain?,1.0,1.0,1.0,9050,4,106081231,106094563,2.164,0.001157,10
1,A,Ckks,1.0,1.0,10,Describe COPD management,1.0,1.0,1.0,8481,4,106324170,106337234,1.1683,0.01493,10
1,A,Ckks,1.0,1.0,10,What are signs of liver disease?,1.0,1.0,1.0,8401,4,106315918,106328887,2.164,0.005875,10
1,A,Ckks,1.0,1.0,10,How is epilepsy treated?,1.0,1.0,1.0,8420,4,106211666,106224263,1.2275,0.009159,10
1,A,Ckks,1.0,1.0,10,What causes osteoporosis?,1.0,1.0,1.0,8789,4,106204420,106217474,1.7481,0.011225,10
1,A,Ckks,1.0,1.0,10,Describe symptoms of anxiety disorder,1.0,1.0,1.0,8431,4,110691655,110704073,1.6957,0.009914,10
1,A,Ckks,1.0,1.0,10,What medications are used for HIV/AIDS?,1.0,1.0,1.0,8366,4,112937383,112950161,1.3592,0.007531,10
1,A,Ckks,1.0,1.0,10,How is pneumonia diagnosed?,1.0,1.0,1.0,10061,5,112642950,112657149,1.6957,0.005147,10
1,A,Ckks,1.0,1.0,10,What causes inflammatory bowel disease?,1.0,1.0,1.0,9466,4,112599923,112614152,1.8344,0.00574,9
1,A,Ckks,1.0,1.0,10,Describe treatment for chronic kidney disease,1.0,1.0,1.0,8683,4,115625251,115637599,1.5048,0.010771,10
1,A,Ckks,1.0,1.0,10,What are symptoms of schizophrenia?,1.0,1.0,1.0,8357,6,108644989,108657322,1.6957,0.006151,10
1,A,Ckks,1.0,1.0,10,How is bipolar disorder managed?,1.0,1.0,1.0,8251,4,110231556,110243711,1.8867,0.012468,10
1,A,Ckks,1.0,1.0,10,What causes psoriasis?,1.0,1.0,1.0,9185,5,110648843,110662373,1.5048,0.01178,10
1,A,Ckks,1.0,1.0,10,Describe sepsis treatment,1.0,1.0,1.0,8423,5,108884198,108896657,1.7481,0.010708,10
1,A,Ckks,1.0,1.0,10,What are risk factors for cancer?,1.0,1.0,1.0,8492,5,107567191,107579576,2.0253,0.002693,10
1,A,Ckks,1.0,1.0,10,How is ALS diagnosed?,1.0,1.0,1.0,8568,4,107565560,107578280,1.6094,0.005529,10
1,A,CkksCombined,0.9,1.1,10,What are the symptoms of type 2 diabetes?,1.0,1.0,0.9556,11407,66,107682114,107697338,1.6094,0.009364,10
1,A,CkksCombined,0.9,1.1,10,How is hypertension treated?,1.0,1.0,1.0,8198,44,107787471,107799975,2.0253,0.008042,10
1,A,CkksCombined,0.9,1.1,10,What causes heart failure?,1.0,1.0,1.0,8195,43,110006625,110019004,2.0253,0.007913,10
1,A,CkksCombined,0.9,1.1,10,Describe the symptoms of lupus,1.0,1.0,1.0,8269,44,107505566,107517363,1.6094,0.01596,10
1,A,CkksCombined,0.9,1.1,10,What medications treat depression?,1.0,1.0,1.0,8273,42,107768626,107780898,2.0253,0.007987,10
1,A,CkksCombined,0.9,1.1,10,How does Alzheimer's disease progress?,1.0,1.0,0.9556,8306,46,107663661,107676197,1.4708,0.012818,10
1,A,CkksCombined,0.9,1.1,10,What are risk factors for stroke?,1.0,1.0,0.9556,8676,56,107917383,107930331,1.3592,0.007418,10
1,A,CkksCombined,0.9,1.1,10,How is asthma managed long-term?,1.0,1.0,1.0,8876,95,107638241,107651287,1.8344,0.006186,10
1,A,CkksCombined,0.9,1.1,10,What are signs of kidney disease?,1.0,1.0,1.0,8513,43,107715482,107728349,2.0253,0.00694,10
1,A,CkksCombined,0.9,1.1,10,Describe rheumatoid arthritis treatment,1.0,1.0,1.0,8475,42,107769373,107782005,1.8344,0.010913,10
1,A,CkksCombined,0.9,1.1,10,What causes Parkinson's disease?,1.0,1.0,1.0,8301,44,107699496,107712452,1.8344,0.010258,10
1,A,CkksCombined,0.9,1.1,10,How is multiple sclerosis diagnosed?,1.0,1.0,1.0,8572,43,107583098,107595782,1.973,0.017908,10
1,A,CkksCombined,0.9,1.1,10,What are symptoms of anemia?,1.0,1.0,0.9556,8110,43,107540718,107552851,1.4185,0.015032,10
1,A,CkksCombined,0.9,1.1,10,How is hypothyroidism treated?,1.0,1.0,1.0,8748,44,107294886,107307878,1.8867,0.015761,10
1,A,CkksCombined,0.9,1.1,10,What causes chronic pain?,1.0,1.0,1.0,8266,43,107409556,107421995,2.164,0.001198,10
1,A,CkksCombined,0.9,1.1,10,Describe COPD management,1.0,1.0,1.0,8138,44,107534692,107547072,1.1683,0.014972,10
1,A,CkksCombined,0.9,1.1,10,What are signs of liver disease?,1.0,1.0,1.0,8488,43,107553307,107565606,2.164,0.005908,10
1,A,CkksCombined,0.9,1.1,10,How is epilepsy treated?,1.0,1.0,1.0,10646,66,107882274,107897228,1.2275,0.008992,10
1,A,CkksCombined,0.9,1.1,10,What causes osteoporosis?,1.0,1.0,1.0,9353,45,107347284,107360795,1.4708,0.011107,10
1,A,CkksCombined,0.9,1.1,10,Describe symptoms of anxiety disorder,1.0,1.0,1.0,8470,44,107233242,107245974,1.8344,0.009741,10
1,A,CkksCombined,0.9,1.1,10,What medications are used for HIV/AIDS?,1.0,1.0,1.0,8421,45,107644350,107656741,1.3592,0.007435,10
1,A,CkksCombined,0.9,1.1,10,How is pneumonia diagnosed?,1.0,1.0,0.9556,8190,43,107719978,107732249,1.5571,0.005124,10
1,A,CkksCombined,0.9,1.1,10,What causes inflammatory bowel disease?,1.0,1.0,0.9556,8422,44,107757276,107769862,1.8344,0.005568,10
1,A,CkksCombined,0.9,1.1,10,Describe treatment for chronic kidney disease,1.0,1.0,1.0,8975,53,107776137,107789297,1.5048,0.010679,10
1,A,CkksCombined,0.9,1.1,10,What are symptoms of schizophrenia?,1.0,1.0,1.0,8252,45,107412304,107424679,1.6957,0.006061,10
1,A,CkksCombined,0.9,1.1,10,How is bipolar disorder managed?,1.0,1.0,1.0,8592,102,107384283,107397122,1.8867,0.012164,10
1,A,CkksCombined,0.9,1.1,10,What causes psoriasis?,1.0,1.0,0.9111,8648,43,107625525,107638548,1.5048,0.011789,10
1,A,CkksCombined,0.9,1.1,10,Describe sepsis treatment,1.0,1.0,1.0,8744,43,107453530,107466515,1.7481,0.010383,10
1,A,CkksCombined,0.9,1.1,10,What are risk factors for cancer?,1.0,1.0,1.0,8269,44,107459661,107472088,2.164,0.00273,10
1,A,CkksCombined,0.9,1.1,10,How is ALS diagnosed?,1.0,1.0,0.9556,8743,45,107876848,107889528,1.6957,0.005389,9
2,A,Scrambling,0.9,1.1,10,What are the symptoms of type 2 diabetes?,1.0,1.0,1.0,19604,133,3963,33840,1.4708,0.010063,10
2,A,Scrambling,0.9,1.1,10,How is hypertension treated?,1.0,1.0,1.0,18609,133,3786,33011,2.0253,0.008239,10
2,A,Scrambling,0.9,1.1,10,What causes heart failure?,1.0,1.0,1.0,21244,132,3197,35591,2.0253,0.007888,10
2,A,Scrambling,0.9,1.1,10,Describe the symptoms of lupus,1.0,1.0,1.0,21323,132,3233,34946,1.6094,0.016206,10
2,A,Scrambling,0.9,1.1,10,What medications treat depression?,1.0,1.0,1.0,18199,133,3098,31733,2.0253,0.008015,10
2,A,Scrambling,0.9,1.1,10,How does Alzheimer's disease progress?,1.0,1.0,1.0,21211,205,3831,35569,1.6094,0.012835,10
2,A,Scrambling,0.9,1.1,10,What are risk factors for stroke?,1.0,1.0,1.0,21280,133,5483,37044,1.3592,0.007561,10
2,A,Scrambling,0.9,1.1,10,How is asthma managed long-term?,1.0,1.0,1.0,18889,138,3028,32137,1.8344,0.006175,10
2,A,Scrambling,0.9,1.1,10,What are signs of kidney disease?,1.0,1.0,1.0,21451,133,5533,36976,1.8344,0.006977,10
2,A,Scrambling,0.9,1.1,10,Describe rheumatoid arthritis treatment,1.0,1.0,1.0,19432,355,3344,32593,1.8344,0.011109,10
2,A,Scrambling,0.9,1.1,10,What causes Parkinson's disease?,1.0,1.0,1.0,18471,133,2990,32147,1.8344,0.010504,10
2,A,Scrambling,0.9,1.1,10,How is multiple sclerosis diagnosed?,1.0,1.0,1.0,19008,133,3261,32876,1.7481,0.018415,10
2,A,Scrambling,0.9,1.1,10,What are symptoms of anemia?,1.0,1.0,1.0,18650,132,3474,32505,1.6094,0.015431,10
2,A,Scrambling,0.9,1.1,10,How is hypothyroidism treated?,1.0,1.0,1.0,21860,134,5463,38219,1.8867,0.015584,10
2,A,Scrambling,0.9,1.1,10,What causes chronic pain?,1.0,1.0,1.0,18026,133,3436,31897,2.164,0.001157,10
2,A,Scrambling,0.9,1.1,10,Describe COPD management,1.0,1.0,1.0,18146,133,3370,31614,1.1683,0.01493,10
2,A,Scrambling,0.9,1.1,10,What are signs of liver disease?,1.0,1.0,1.0,18283,133,3275,32444,2.164,0.005875,10
2,A,Scrambling,0.9,1.1,10,How is epilepsy treated?,1.0,1.0,1.0,21472,132,5382,37162,1.2275,0.009159,10
2,A,Scrambling,0.9,1.1,10,What causes osteoporosis?,1.0,1.0,1.0,22151,132,2950,35315,1.7481,0.011225,10
2,A,Scrambling,0.9,1.1,10,Describe symptoms of anxiety disorder,1.0,1.0,1.0,17570,125,5074,32552,1.6957,0.009914,10
2,A,Scrambling,0.9,1.1,10,What medications are used for HIV/AIDS?,1.0,1.0,1.0,19498,125,2946,32008,1.3592,0.007531,10
2,A,Scrambling,0.9,1.1,10,How is pneumonia diagnosed?,1.0,1.0,1.0,17118,126,2968,29572,1.6957,0.005147,10
2,A,Scrambling,0.9,1.1,10,What causes inflammatory bowel disease?,1.0,1.0,1.0,17354,125,3005,29872,1.8344,0.00574,9
2,A,Scrambling,0.9,1.1,10,Describe treatment for chronic kidney disease,1.0,1.0,1.0,19899,124,2971,32890,1.5048,0.010771,10
2,A,Scrambling,0.9,1.1,10,What are symptoms of schizophrenia?,1.0,1.0,1.0,19052,125,2827,31878,1.6957,0.006151,10
2,A,Scrambling,0.9,1.1,10,How is bipolar disorder managed?,1.0,1.0,1.0,17825,125,2832,30397,1.8867,0.012468,10
2,A,Scrambling,0.9,1.1,10,What causes psoriasis?,1.0,1.0,1.0,19571,124,2870,31900,1.5048,0.01178,10
2,A,Scrambling,0.9,1.1,10,Describe sepsis treatment,1.0,1.0,1.0,17121,125,3249,29815,1.7481,0.010708,10
2,A,Scrambling,0.9,1.1,10,What are risk factors for cancer?,1.0,1.0,1.0,17877,125,5257,32770,2.0253,0.002693,10
2,A,Scrambling,0.9,1.1,10,How is ALS diagnosed?,1.0,1.0,1.0,20227,125,5075,34946,1.6094,0.005529,10
2,A,Noise,0.9,1.1,10,What are the symptoms of type 2 diabetes?,1.0,1.0,0.9556,23523,295,3706,38196,1.4708,0.010064,10
2,A,Noise,0.9,1.1,10,How is hypertension treated?,1.0,1.0,1.0,18635,228,3718,32971,2.0253,0.008009,10
2,A,Noise,0.9,1.1,10,What causes heart failure?,1.0,0.9996,0.9556,18440,228,3546,32074,1.8867,0.007714,9
2,A,Noise,0.9,1.1,10,Describe the symptoms of lupus,1.0,1.0,0.9556,18201,228,3236,32399,1.6094,0.016134,10
2,A,Noise,0.9,1.1,10,What medications treat depression?,1.0,1.0,1.0,18198,229,3171,31936,2.0253,0.008103,10
2,A,Noise,0.9,1.1,10,How does Alzheimer's disease progress?,1.0,1.0,1.0,21420,229,3536,35639,1.6434,0.013028,10
2,A,Noise,0.9,1.1,10,What are risk factors for stroke?,1.0,0.9999,0.7778,18612,261,3579,32857,1.3592,0.007609,10
2,A,Noise,0.9,1.1,10,How is asthma managed long-term?,1.0,1.0,1.0,18963,229,2990,32475,1.8344,0.005995,10
2,A,Noise,0.9,1.1,10,What are signs of kidney disease?,0.9,0.9497,1.0,18343,229,3169,32018,1.973,0.006754,10
2,A,Noise,0.9,1.1,10,Describe rheumatoid arthritis treatment,1.0,1.0,1.0,18422,251,3195,32186,1.8344,0.010827,10
2,A,Noise,0.9,1.1,10,What causes Parkinson's disease?,1.0,1.0,0.9556,23934,363,4649,39889,1.8344,0.01052,10
2,A,Noise,0.9,1.1,10,How is multiple sclerosis diagnosed?,1.0,1.0,1.0,21216,228,2970,34685,1.7481,0.018193,10
2,A,Noise,0.9,1.1,10,What are symptoms of anemia?,1.0,1.0,1.0,18881,256,3025,32429,1.4185,0.015302,10
2,A,Noise,0.9,1.1,10,How is hypothyroidism treated?,1.0,1.0,1.0,19107,251,3254,32887,1.8867,0.015542,10
2,A,Noise,0.9,1.1,10,What causes chronic pain?,1.0,1.0,1.0,19133,228,3075,33033,2.164,0.001211,10
2,A,Noise,0.9,1.1,10,Describe COPD management,1.0,1.0,1.0,20496,229,4570,35888,1.1683,0.014702,10
2,A,Noise,0.9,1.1,10,What are signs of liver disease?,1.0,1.0,1.0,18259,229,3349,31725,2.0253,0.006067,10
2,A,Noise,0.9,1.1,10,How is epilepsy treated?,1.0,1.0,0.9556,18589,338,2999,31841,1.2275,0.008995,10
2,A,Noise,0.9,1.1,10,What causes osteoporosis?,1.0,1.0,0.9556,18416,246,5055,33381,1.7481,0.011256,10
2,A,Noise,0.9,1.1,10,Describe symptoms of anxiety disorder,1.0,1.0,1.0,17632,244,4107,31505,1.6957,0.009681,10
2,A,Noise,0.9,1.1,10,What medications are used for HIV/AIDS?,1.0,1.0,1.0,18429,215,5108,33508,1.3592,0.007418,10
2,A,Noise,0.9,1.1,10,How is pneumonia diagnosed?,1.0,1.0,1.0,17743,215,5154,32464,1.6957,0.004983,10
2,A,Noise,0.9,1.1,10,What causes inflammatory bowel disease?,1.0,1.0,1.0,17523,246,3683,30840,1.8344,0.005558,10
2,A,Noise,0.9,1.1,10,Describe treatment for chronic kidney disease,1.0,1.0,0.9556,17724,216,2837,29998,1.5048,0.010568,10
2,A,Noise,0.9,1.1,10,What are symptoms of schizophrenia?,0.9,0.9471,1.0,17402,216,2984,30139,1.6957,0.006177,10
2,A,Noise,0.9,1.1,10,How is bipolar disorder managed?,1.0,1.0,1.0,17316,215,2863,30038,1.8867,0.012373,10
2,A,Noise,0.9,1.1,10,What causes psoriasis?,1.0,1.0,1.0,18903,218,3366,32216,1.5048,0.011501,10
2,A,Noise,0.9,1.1,10,Describe sepsis treatment,0.9,0.9601,0.9444,17427,215,4466,31991,1.7481,0.010482,10
2,A,Noise,0.9,1.1,10,What are risk factors for cancer?,1.0,0.9998,0.9556,19043,216,4694,33871,2.164,0.002651,10
2,A,Noise,0.9,1.1,10,How is ALS diagnosed?,0.9,0.9484,1.0,17897,216,3046,31026,1.6957,0.00549,10
2,A,Combined,0.9,1.1,10,What are the symptoms of type 2 diabetes?,1.0,1.0,0.9111,21620,229,3070,35058,1.6957,0.00988,10
2,A,Combined,0.9,1.1,10,How is hypertension treated?,1.0,1.0,1.0,18519,228,2986,32121,2.0253,0.007973,10
2,A,Combined,0.9,1.1,10,What causes heart failure?,1.0,1.0,0.9556,18249,256,3150,32397,1.8867,0.008047,10
2,A,Combined,0.9,1.1,10,Describe the symptoms of lupus,1.0,1.0,1.0,19291,228,3057,33098,1.6094,0.015947,10
2,A,Combined,0.9,1.1,10,What medications treat depression?,1.0,1.0,1.0,18702,228,3277,32523,2.0253,0.008162,10
2,A,Combined,0.9,1.1,10,How does Alzheimer's disease progress?,1.0,1.0,1.0,24107,227,3577,38594,1.6434,0.012542,9
2,A,Combined,0.9,1.1,10,What are risk factors for stroke?,1.0,1.0,1.0,19084,228,3050,32154,1.3592,0.007571,10
2,A,Combined,0.9,1.1,10,How is asthma managed long-term?,1.0,1.0,1.0,18370,252,3382,32932,1.7481,0.006153,10
2,A,Combined,0.9,1.1,10,What are signs of kidney disease?,0.9,0.9497,1.0,19780,462,3184,33052,1.973,0.006977,10
2,A,Combined,0.9,1.1,10,Describe rheumatoid arthritis treatment,1.0,1.0,1.0,20245,228,4427,35906,1.8344,0.011034,10
2,A,Combined,0.9,1.1,10,What causes Parkinson's disease?,1.0,1.0,1.0,18874,230,3457,32501,1.8344,0.010479,10
2,A,Combined,0.9,1.1,10,How is multiple sclerosis diagnosed?,1.0,1.0,0.9556,19275,230,5345,34510,1.7481,0.018535,10
2,A,Combined,0.9,1.1,10,What are symptoms of anemia?,1.0,1.0,1.0,18442,228,3087,32334,1.4185,0.01509,10
2,A,Combined,0.9,1.1,10,How is hypothyroidism treated?,1.0,1.0,1.0,19039,650,3264,33051,1.8867,0.015372,10
2,A,Combined,0.9,1.1,10,What causes chronic pain?,1.0,1.0,0.9556,18731,330,4705,33760,2.0253,0.001092,10
2,A,Combined,0.9,1.1,10,Describe COPD management,1.0,1.0,1.0,18257,228,3013,31644,1.4185,0.014565,10
2,A,Combined,0.9,1.1,10,What are signs of liver disease?,1.0,1.0,1.0,18410,229,5355,34816,2.164,0.005859,10
2,A,Combined,0.9,1.1,10,How is epilepsy treated?,1.0,1.0,1.0,19291,591,2994,32982,1.3592,0.009104,10
2,A,Combined,0.9,1.1,10,What causes osteoporosis?,1.0,1.0,1.0,17963,216,2857,30753,1.4708,0.011086,10
2,A,Combined,0.9,1.1,10,Describe symptoms of anxiety disorder,1.0,1.0,1.0,17234,216,3229,29854,1.6957,0.009938,10
2,A,Combined,0.9,1.1,10,What medications are used for HIV/AIDS?,1.0,1.0,1.0,19871,215,5279,35168,1.3592,0.007439,10
2,A,Combined,0.9,1.1,10,How is pneumonia diagnosed?,1.0,1.0,1.0,17508,215,5041,33002,1.5571,0.005236,10
2,A,Combined,0.9,1.1,10,What causes inflammatory bowel disease?,1.0,1.0,1.0,17426,216,3176,30346,1.6094,0.005508,10
2,A,Combined,0.9,1.1,10,Describe treatment for chronic kidney disease,1.0,1.0,0.9556,17673,216,2917,30321,1.5048,0.010832,10
2,A,Combined,0.9,1.1,10,What are symptoms of schizophrenia?,1.0,1.0,1.0,18014,215,3008,31070,1.6957,0.006133,10
2,A,Combined,0.9,1.1,10,How is bipolar disorder managed?,1.0,1.0,0.9556,18718,216,2905,30951,1.8867,0.012489,10
2,A,Combined,0.9,1.1,10,What causes psoriasis?,1.0,1.0,0.9111,20759,216,3505,34224,1.5048,0.011634,10
2,A,Combined,0.9,1.1,10,Describe sepsis treatment,1.0,1.0,1.0,17054,216,2913,29532,1.7481,0.010663,10
2,A,Combined,0.9,1.1,10,What are risk factors for cancer?,1.0,0.9998,0.9556,17333,216,4047,31114,2.0253,0.002639,10
2,A,Combined,0.9,1.1,10,How is ALS diagnosed?,1.0,1.0,0.9556,19894,215,3253,33160,1.6434,0.005398,10
2,A,Rome,1.0,1.0,10,What are the symptoms of type 2 diabetes?,1.0,1.0,1.0,18787,19771,5616,50616,1.4708,0.010063,10
2,A,Rome,1.0,1.0,10,How is hypertension treated?,1.0,1.0,1.0,12879,8998,1580,27471,2.0253,0.008239,10
2,A,Rome,1.0,1.0,10,What causes heart failure?,1.0,1.0,1.0,8255,7090,1435,20566,2.0253,0.007888,10
2,A,Rome,1.0,1.0,10,Describe the symptoms of lupus,1.0,1.0,1.0,8218,7343,1550,21146,1.6094,0.016206,10
2,A,Rome,1.0,1.0,10,What medications treat depression?,1.0,1.0,1.0,8238,7261,1555,21047,2.0253,0.008015,10
2,A,Rome,1.0,1.0,10,How does Alzheimer's disease progress?,1.0,1.0,1.0,8252,7198,2573,21843,1.6094,0.012835,10
2,A,Rome,1.0,1.0,10,What are risk factors for stroke?,1.0,1.0,1.0,8207,7369,1467,20983,1.3592,0.007561,10
2,A,Rome,1.0,1.0,10,How is asthma managed long-term?,1.0,1.0,1.0,8531,7301,1429,21098,1.8344,0.006175,10
2,A,Rome,1.0,1.0,10,What are signs of kidney disease?,1.0,1.0,1.0,8877,9026,1465,23386,1.8344,0.006977,10
2,A,Rome,1.0,1.0,10,Describe rheumatoid arthritis treatment,1.0,1.0,1.0,8913,7387,2573,22712,1.8344,0.011109,10
2,A,Rome,1.0,1.0,10,What causes Parkinson's disease?,1.0,1.0,1.0,8479,7129,1446,20738,1.8344,0.010504,10
2,A,Rome,1.0,1.0,10,How is multiple sclerosis diagnosed?,1.0,1.0,1.0,8287,7000,1438,20575,1.7481,0.018415,10
2,A,Rome,1.0,1.0,10,What are symptoms of anemia?,1.0,1.0,1.0,8416,7213,1579,21180,1.6094,0.015431,10
2,A,Rome,1.0,1.0,10,How is hypothyroidism treated?,1.0,1.0,1.0,8135,7045,1428,20320,1.8867,0.015584,10
2,A,Rome,1.0,1.0,10,What causes chronic pain?,1.0,1.0,1.0,8032,7192,2566,21358,2.164,0.001157,10
2,A,Rome,1.0,1.0,10,Describe COPD management,1.0,1.0,1.0,8120,7602,1441,20913,1.1683,0.01493,10
2,A,Rome,1.0,1.0,10,What are signs of liver disease?,1.0,1.0,1.0,8832,6998,1496,21526,2.164,0.005875,10
2,A,Rome,1.0,1.0,10,How is epilepsy treated?,1.0,1.0,1.0,9398,7104,1627,21817,1.2275,0.009159,10
2,A,Rome,1.0,1.0,10,What causes osteoporosis?,1.0,1.0,1.0,8333,7676,1562,21543,1.7481,0.011225,10
2,A,Rome,1.0,1.0,10,Describe symptoms of anxiety disorder,1.0,1.0,1.0,8472,7069,1424,20774,1.6957,0.009914,10
2,A,Rome,1.0,1.0,10,What medications are used for HIV/AIDS?,1.0,1.0,1.0,8484,7164,1408,20994,1.3592,0.007531,10
2,A,Rome,1.0,1.0,10,How is pneumonia diagnosed?,1.0,1.0,1.0,9033,8420,1432,22720,1.6957,0.005147,10
2,A,Rome,1.0,1.0,10,What causes inflammatory bowel disease?,1.0,1.0,1.0,9370,13815,2538,29544,1.8344,0.00574,9
2,A,Rome,1.0,1.0,10,Describe treatment for chronic kidney disease,1.0,1.0,1.0,9214,7030,2586,23158,1.5048,0.010771,10
2,A,Rome,1.0,1.0,10,What are symptoms of schizophrenia?,1.0,1.0,1.0,9171,7109,1651,21952,1.6957,0.006151,10
2,A,Rome,1.0,1.0,10,How is bipolar disorder managed?,1.0,1.0,1.0,8097,7088,1647,20887,1.8867,0.012468,10
2,A,Rome,1.0,1.0,10,What causes psoriasis?,1.0,1.0,1.0,9701,7034,1449,21839,1.5048,0.01178,10
2,A,Rome,1.0,1.0,10,Describe sepsis treatment,1.0,1.0,1.0,7939,6978,1554,19787,1.7481,0.010708,10
2,A,Rome,1.0,1.0,10,What are risk factors for cancer?,1.0,1.0,1.0,8156,7283,1545,20730,2.0253,0.002693,10
2,A,Rome,1.0,1.0,10,How is ALS diagnosed?,1.0,1.0,1.0,9022,7686,1438,21886,1.6094,0.005529,10
2,A,RomeCombined,0.9,1.1,10,What are the symptoms of type 2 diabetes?,1.0,1.0,1.0,20204,19534,3401,49522,1.6957,0.009877,10
2,A,RomeCombined,0.9,1.1,10,How is hypertension treated?,1.0,1.0,1.0,10961,9059,1800,26001,2.0253,0.00818,10
2,A,RomeCombined,0.9,1.1,10,What causes heart failure?,1.0,1.0,0.9556,8490,7039,2572,21852,1.8867,0.00782,10
2,A,RomeCombined,0.9,1.1,10,Describe the symptoms of lupus,1.0,1.0,1.0,8206,7074,1464,20652,1.6094,0.015947,10
2,A,RomeCombined,0.9,1.1,10,What medications treat depression?,1.0,1.0,1.0,8065,7368,1518,20660,2.0253,0.007903,10
2,A,RomeCombined,0.9,1.1,10,How does Alzheimer's disease progress?,1.0,1.0,0.9556,8248,8207,1438,21795,1.6094,0.012971,10
2,A,RomeCombined,0.9,1.1,10,What are risk factors for stroke?,1.0,1.0,0.9111,8201,7652,1494,20910,1.3592,0.007401,10
2,A,RomeCombined,0.9,1.1,10,How is asthma managed long-term?,1.0,1.0,1.0,8514,7349,1481,21439,1.8344,0.006075,10
2,A,RomeCombined,0.9,1.1,10,What are signs of kidney disease?,1.0,1.0,1.0,8653,7405,2564,22812,1.8344,0.006711,10
2,A,RomeCombined,0.9,1.1,10,Describe rheumatoid arthritis treatment,1.0,1.0,1.0,8203,7941,1472,21653,1.8344,0.010982,10
2,A,RomeCombined,0.9,1.1,10,What causes Parkinson's disease?,1.0,1.0,1.0,9100,9148,1568,23680,1.8344,0.010203,10
2,A,RomeCombined,0.9,1.1,10,How is multiple sclerosis diagnosed?,1.0,1.0,1.0,8189,7588,1607,21278,1.973,0.017879,10
2,A,RomeCombined,0.9,1.1,10,What are symptoms of anemia?,1.0,1.0,1.0,8409,7732,2686,23265,1.4185,0.015353,10
2,A,RomeCombined,0.9,1.1,10,How is hypothyroidism treated?,1.0,1.0,0.9556,8469,7216,1434,20992,1.8867,0.015786,9
2,A,RomeCombined,0.9,1.1,10,What causes chronic pain?,1.0,1.0,0.9556,8457,7199,1437,20948,2.0253,0.001204,10
2,A,RomeCombined,0.9,1.1,10,Describe COPD management,1.0,1.0,1.0,8864,7036,2541,22139,1.4708,0.014648,10
2,A,RomeCombined,0.9,1.1,10,What are signs of liver disease?,1.0,1.0,1.0,8351,7467,1489,21279,2.164,0.005956,10
2,A,RomeCombined,0.9,1.1,10,How is epilepsy treated?,1.0,1.0,1.0,8269,7560,1518,21278,1.2275,0.008944,10
2,A,RomeCombined,0.9,1.1,10,What causes osteoporosis?,1.0,1.0,0.9556,8419,7054,2591,21849,1.7481,0.011031,10
2,A,RomeCombined,0.9,1.1,10,Describe symptoms of anxiety disorder,1.0,1.0,1.0,8276,7244,1539,21358,1.6957,0.009644,10
2,A,RomeCombined,0.9,1.1,10,What medications are used for HIV/AIDS?,1.0,1.0,1.0,8309,7080,1430,20638,1.3592,0.007528,10
2,A,RomeCombined,0.9,1.1,10,How is pneumonia diagnosed?,1.0,1.0,1.0,8957,8961,1622,23132,1.6957,0.004918,10
2,A,RomeCombined,0.9,1.1,10,What causes inflammatory bowel disease?,1.0,1.0,0.9556,8140,8302,2547,22798,1.6094,0.005731,10
2,A,RomeCombined,0.9,1.1,10,Describe treatment for chronic kidney disease,1.0,1.0,1.0,8132,7138,1431,20581,1.5048,0.010554,10
2,A,RomeCombined,0.9,1.1,10,What are symptoms of schizophrenia?,1.0,1.0,0.9556,8182,7405,1541,21102,1.4185,0.005991,10
2,A,RomeCombined,0.9,1.1,10,How is bipolar disorder managed?,1.0,1.0,0.9556,8268,7661,1561,21451,1.8867,0.01256,10
2,A,RomeCombined,0.9,1.1,10,What causes psoriasis?,1.0,1.0,1.0,9619,9926,1625,25030,1.5048,0.011584,10
2,A,RomeCombined,0.9,1.1,10,Describe sepsis treatment,1.0,0.9999,0.9556,8264,7043,1425,20973,1.7481,0.01038,9
2,A,RomeCombined,0.9,1.1,10,What are risk factors for cancer?,1.0,1.0,1.0,8778,7012,1428,21275,2.164,0.002666,10
2,A,RomeCombined,0.9,1.1,10,How is ALS diagnosed?,1.0,1.0,0.9111,8393,7109,1677,21070,1.6957,0.005437,9
2,A,Ckks,1.0,1.0,10,What are the symptoms of type 2 diabetes?,1.0,1.0,1.0,12124,4,107320077,107336683,1.4708,0.010063,10
2,A,Ckks,1.0,1.0,10,How is hypertension treated?,1.0,1.0,1.0,9853,4,107266319,107280718,2.0253,0.008239,10
2,A,Ckks,1.0,1.0,10,What causes heart failure?,1.0,1.0,1.0,8666,4,107272041,107284830,2.0253,0.007888,10
2,A,Ckks,1.0,1.0,10,Describe the symptoms of lupus,1.0,1.0,1.0,8312,4,107439231,107451621,1.6094,0.016206,10
2,A,Ckks,1.0,1.0,10,What medications treat depression?,1.0,1.0,1.0,8480,4,107653745,107666237,2.0253,0.008015,10
2,A,Ckks,1.0,1.0,10,How does Alzheimer's disease progress?,1.0,1.0,1.0,8323,4,107148549,107160746,1.6094,0.012835,10
2,A,Ckks,1.0,1.0,10,What are risk factors for stroke?,1.0,1.0,1.0,9175,4,107574714,107587939,1.3592,0.007561,10
2,A,Ckks,1.0,1.0,10,How is asthma managed long-term?,1.0,1.0,1.0,8317,4,107497449,107509722,1.8344,0.006175,10
2,A,Ckks,1.0,1.0,10,What are signs of kidney disease?,1.0,1.0,1.0,8468,4,107480434,107492917,1.8344,0.006977,10
2,A,Ckks,1.0,1.0,10,Describe rheumatoid arthritis treatment,1.0,1.0,1.0,8393,4,107736775,107749265,1.8344,0.011109,10
2,A,Ckks,1.0,1.0,10,What causes Parkinson's disease?,1.0,1.0,1.0,9064,4,107255390,107268664,1.8344,0.010504,10
2,A,Ckks,1.0,1.0,10,How is multiple sclerosis diagnosed?,1.0,1.0,1.0,8688,4,107494830,107507322,1.7481,0.018415,10
2,A,Ckks,1.0,1.0,10,What are symptoms of anemia?,1.0,1.0,1.0,8295,4,107508084,107520585,1.6094,0.015431,10
2,A,Ckks,1.0,1.0,10,How is hypothyroidism treated?,1.0,1.0,1.0,8681,4,107296793,107309641,1.8867,0.015584,10
2,A,Ckks,1.0,1.0,10,What causes chronic pain?,1.0,1.0,1.0,8639,4,108670752,108683560,2.164,0.001157,10
2,A,Ckks,1.0,1.0,10,Describe COPD management,1.0,1.0,1.0,9334,6,108442236,108455333,1.1683,0.01493,10
2,A,Ckks,1.0,1.0,10,What are signs of liver disease?,1.0,1.0,1.0,8375,4,108483149,108495873,2.164,0.005875,10
2,A,Ckks,1.0,1.0,10,How is epilepsy treated?,1.0,1.0,1.0,8415,4,108515031,108527264,1.2275,0.009159,10
2,A,Ckks,1.0,1.0,10,What causes osteoporosis?,1.0,1.0,1.0,8800,4,108409550,108422004,1.7481,0.011225,10
2,A,Ckks,1.0,1.0,10,Describe symptoms of anxiety disorder,1.0,1.0,1.0,9044,4,108589574,108602310,1.6957,0.009914,10
2,A,Ckks,1.0,1.0,10,What medications are used for HIV/AIDS?,1.0,1.0,1.0,8664,4,108679263,108691927,1.3592,0.007531,10
2,A,Ckks,1.0,1.0,10,How is pneumonia diagnosed?,1.0,1.0,1.0,8484,4,108398114,108410910,1.6957,0.005147,10
2,A,Ckks,1.0,1.0,10,What causes inflammatory bowel disease?,1.0,1.0,1.0,9066,4,108315541,108329010,1.8344,0.00574,9
2,A,Ckks,1.0,1.0,10,Describe treatment for chronic kidney disease,1.0,1.0,1.0,8766,4,108368188,108381514,1.5048,0.010771,10
2,A,Ckks,1.0,1.0,10,What are symptoms of schizophrenia?,1.0,1.0,1.0,8903,4,108332964,108345841,1.6957,0.006151,10
2,A,Ckks,1.0,1.0,10,How is bipolar disorder managed?,1.0,1.0,1.0,8733,4,108606608,108619391,1.8867,0.012468,10
2,A,Ckks,1.0,1.0,10,What causes psoriasis?,1.0,1.0,1.0,8540,4,108429119,108441782,1.5048,0.01178,10
2,A,Ckks,1.0,1.0,10,Describe sepsis treatment,1.0,1.0,1.0,9248,4,108279077,108292439,1.7481,0.010708,10
2,A,Ckks,1.0,1.0,10,What are risk factors for cancer?,1.0,1.0,1.0,8532,4,108305420,108317798,2.0253,0.002693,10
2,A,Ckks,1.0,1.0,10,How is ALS diagnosed?,1.0,1.0,1.0,8396,6,108231580,108243914,1.6094,0.005529,10
2,A,CkksCombined,0.9,1.1,10,What are the symptoms of type 2 diabetes?,1.0,1.0,1.0,19499,107,108314063,108337760,1.7481,0.010257,10
2,A,CkksCombined,0.9,1.1,10,How is hypertension treated?,1.0,1.0,1.0,8776,44,108283420,108296145,2.0253,0.007831,10
2,A,CkksCombined,0.9,1.1,10,What causes heart failure?,1.0,1.0,0.9556,9046,46,108434927,108448171,1.8867,0.007732,10
2,A,CkksCombined,0.9,1.1,10,Describe the symptoms of lupus,1.0,1.0,1.0,8703,45,108346440,108359220,1.6094,0.016098,10
2,A,CkksCombined,0.9,1.1,10,What medications treat depression?,1.0,1.0,1.0,8953,44,108230884,108244215,1.8867,0.007997,10
2,A,CkksCombined,0.9,1.1,10,How does Alzheimer's disease progress?,1.0,1.0,0.9556,8605,44,108476366,108489183,1.6094,0.012778,10
2,A,CkksCombined,0.9,1.1,10,What are risk factors for stroke?,0.9,0.9501,0.9444,8485,54,108234487,108247055,1.3592,0.007275,9
2,A,CkksCombined,0.9,1.1,10,How is asthma managed long-term?,1.0,1.0,1.0,8479,44,108433711,108446187,1.8344,0.006305,10
2,A,CkksCombined,0.9,1.1,10,What are signs of kidney disease?,1.0,1.0,0.9556,8221,44,108263121,108275431,2.0253,0.006698,10
2,A,CkksCombined,0.9,1.1,10,Describe rheumatoid arthritis treatment,1.0,1.0,1.0,9473,44,108503272,108517198,1.8344,0.011121,10
2,A,CkksCombined,0.9,1.1,10,What causes Parkinson's disease?,1.0,1.0,1.0,8282,43,108408508,108421059,1.8344,0.010391,10
2,A,CkksCombined,0.9,1.1,10,How is multiple sclerosis diagnosed?,1.0,1.0,1.0,10311,45,108238970,108253447,1.7481,0.018264,10
2,A,CkksCombined,0.9,1.1,10,What are symptoms of anemia?,1.0,1.0,1.0,8410,44,108734061,108746606,1.4185,0.01539,10
2,A,CkksCombined,0.9,1.1,10,How is hypothyroidism treated?,1.0,1.0,1.0,8714,54,108216761,108229658,1.8867,0.015301,10
2,A,CkksCombined,0.9,1.1,10,What causes chronic pain?,1.0,1.0,1.0,8129,46,108042220,108054615,2.164,0.001037,10
2,A,CkksCombined,0.9,1.1,10,Describe COPD management,1.0,1.0,1.0,8487,44,108181666,108194267,1.1683,0.014643,10
2,A,CkksCombined,0.9,1.1,10,What are signs of liver disease?,1.0,1.0,1.0,9145,44,108433555,108446858,2.0253,0.005926,10
2,A,CkksCombined,0.9,1.1,10,How is epilepsy treated?,1.0,1.0,1.0,9353,107,108178612,108192166,1.2275,0.008957,10
2,A,CkksCombined,0.9,1.1,10,What causes osteoporosis?,1.0,1.0,1.0,9426,44,108670885,108684553,1.6094,0.010945,10
2,A,CkksCombined,0.9,1.1,10,Describe symptoms of anxiety disorder,1.0,1.0,1.0,8221,44,108635624,108647718,1.8344,0.009946,10
2,A,CkksCombined,0.9,1.1,10,What medications are used for HIV/AIDS?,1.0,1.0,1.0,9283,44,108475413,108488835,1.3592,0.007455,10
2,A,CkksCombined,0.9,1.1,10,How is pneumonia diagnosed?,1.0,1.0,0.9556,8832,108,108636246,108649207,1.7481,0.005134,10
2,A,CkksCombined,0.9,1.1,10,What causes inflammatory bowel disease?,0.9,0.9512,0.9444,8670,44,108619119,108631581,1.6957,0.00567,9
2,A,CkksCombined,0.9,1.1,10,Describe treatment for chronic kidney disease,1.0,1.0,1.0,8249,43,108970466,108982849,1.5048,0.010464,10
2,A,CkksCombined,0.9,1.1,10,What are symptoms of schizophrenia?,1.0,1.0,1.0,8581,64,108766483,108779556,1.4708,0.006074,10
2,A,CkksCombined,0.9,1.1,10,How is bipolar disorder managed?,1.0,1.0,1.0,8709,45,108819626,108832310,1.8867,0.012284,10
2,A,CkksCombined,0.9,1.1,10,What causes psoriasis?,1.0,1.0,1.0,10133,46,108635021,108648919,1.5048,0.011862,10
2,A,CkksCombined,0.9,1.1,10,Describe sepsis treatment,0.9,0.9601,1.0,8484,113,108624450,108637665,1.7481,0.010616,10
2,A,CkksCombined,0.9,1.1,10,What are risk factors for cancer?,1.0,1.0,1.0,8825,47,108607635,108620696,2.0253,0.002708,10
2,A,CkksCombined,0.9,1.1,10,How is ALS diagnosed?,1.0,1.0,1.0,8609,107,108931329,108944448,1.6957,0.005364,10
3,A,Scrambling,0.9,1.1,10,What are the symptoms of type 2 diabetes?,1.0,1.0,1.0,19287,132,5467,35092,1.4708,0.010063,10
3,A,Scrambling,0.9,1.1,10,How is hypertension treated?,1.0,1.0,1.0,19783,133,4067,34502,2.0253,0.008239,10
3,A,Scrambling,0.9,1.1,10,What causes heart failure?,1.0,1.0,1.0,20795,133,4229,35516,2.0253,0.007888,10
3,A,Scrambling,0.9,1.1,10,Describe the symptoms of lupus,1.0,1.0,1.0,21428,133,3813,36394,1.6094,0.016206,10
3,A,Scrambling,0.9,1.1,10,What medications treat depression?,1.0,1.0,1.0,20965,132,4920,36798,2.0253,0.008015,10
3,A,Scrambling,0.9,1.1,10,How does Alzheimer's disease progress?,1.0,1.0,1.0,19904,132,3011,33795,1.6094,0.012835,10
3,A,Scrambling,0.9,1.1,10,What are risk factors for stroke?,1.0,1.0,1.0,20079,152,3013,34015,1.3592,0.007561,10
3,A,Scrambling,0.9,1.1,10,How is asthma managed long-term?,1.0,1.0,1.0,19609,132,3305,34056,1.8344,0.006175,10
3,A,Scrambling,0.9,1.1,10,What are signs of kidney disease?,1.0,1.0,1.0,24440,171,4240,39599,1.8344,0.006977,10
3,A,Scrambling,0.9,1.1,10,Describe rheumatoid arthritis treatment,1.0,1.0,1.0,18630,161,5519,34625,1.8344,0.011109,10
3,A,Scrambling,0.9,1.1,10,What causes Parkinson's disease?,1.0,1.0,1.0,19178,133,5530,34914,1.8344,0.010504,10
3,A,Scrambling,0.9,1.1,10,How is multiple sclerosis diagnosed?,1.0,1.0,1.0,20459,165,5367,36882,1.7481,0.018415,10
3,A,Scrambling,0.9,1.1,10,What are symptoms of anemia?,1.0,1.0,1.0,19333,133,3087,33596,1.6094,0.015431,10
3,A,Scrambling,0.9,1.1,10,How is hypothyroidism treated?,1.0,1.0,1.0,22622,361,3536,37092,1.8867,0.015584,10
3,A,Scrambling,0.9,1.1,10,What causes chronic pain?,1.0,1.0,1.0,21012,132,4591,35991,2.164,0.001157,10
3,A,Scrambling,0.9,1.1,10,Describe COPD management,1.0,1.0,1.0,19912,133,5466,35291,1.1683,0.01493,10
3,A,Scrambling,0.9,1.1,10,What are signs of liver disease?,1.0,1.0,1.0,19479,197,3261,33087,2.164,0.005875,10
3,A,Scrambling,0.9,1.1,10,How is epilepsy treated?,1.0,1.0,1.0,18870,133,5534,35438,1.2275,0.009159,10
3,A,Scrambling,0.9,1.1,10,What causes osteoporosis?,1.0,1.0,1.0,18917,133,3524,32927,1.7481,0.011225,10
3,A,Scrambling,0.9,1.1,10,Describe symptoms of anxiety disorder,1.0,1.0,1.0,19668,133,3140,33735,1.6957,0.009914,10
3,A,Scrambling,0.9,1.1,10,What medications are used for HIV/AIDS?,1.0,1.0,1.0,20276,132,2989,34193,1.3592,0.007531,10
3,A,Scrambling,0.9,1.1,10,How is pneumonia diagnosed?,1.0,1.0,1.0,19423,158,3049,33156,1.6957,0.005147,10
3,A,Scrambling,0.9,1.1,10,What causes inflammatory bowel disease?,1.0,1.0,1.0,21008,133,5376,36989,1.8344,0.00574,9
3,A,Scrambling,0.9,1.1,10,Describe treatment for chronic kidney disease,1.0,1.0,1.0,20727,134,3177,34230,1.5048,0.010771,10
3,A,Scrambling,0.9,1.1,10,What are symptoms of schizophrenia?,1.0,1.0,1.0,19811,132,3080,33579,1.6957,0.006151,10
3,A,Scrambling,0.9,1.1,10,How is bipolar disorder managed?,1.0,1.0,1.0,19280,244,5409,35262,1.8867,0.012468,10
3,A,Scrambling,0.9,1.1,10,What causes psoriasis?,1.0,1.0,1.0,21075,133,4283,35921,1.5048,0.01178,10
3,A,Scrambling,0.9,1.1,10,Describe sepsis treatment,1.0,1.0,1.0,18734,134,5414,34830,1.7481,0.010708,10
3,A,Scrambling,0.9,1.1,10,What are risk factors for cancer?,1.0,1.0,1.0,21237,132,2975,35094,2.0253,0.002693,10
3,A,Scrambling,0.9,1.1,10,How is ALS diagnosed?,1.0,1.0,1.0,19115,164,3378,33265,1.6094,0.005529,10
3,A,Noise,0.9,1.1,10,What are the symptoms of type 2 diabetes?,1.0,1.0,1.0,21536,230,3009,35585,1.6957,0.009776,10
3,A,Noise,0.9,1.1,10,How is hypertension treated?,1.0,1.0,1.0,20372,230,3018,33720,2.0253,0.008047,10
3,A,Noise,0.9,1.1,10,What causes heart failure?,1.0,1.0,1.0,19977,259,3033,33924,2.0253,0.008007,10
3,A,Noise,0.9,1.1,10,Describe the symptoms of lupus,1.0,1.0,1.0,19948,229,2968,33963,1.6094,0.01588,10
3,A,Noise,0.9,1.1,10,What medications treat depression?,1.0,1.0,1.0,19749,229,3024,34115,2.0253,0.007815,10
3,A,Noise,0.9,1.1,10,How does Alzheimer's disease progress?,1.0,1.0,1.0,20712,228,3626,34661,1.6094,0.012863,10
3,A,Noise,0.9,1.1,10,What are risk factors for stroke?,1.0,0.9999,0.8222,21729,358,4389,36614,1.4979,0.007327,10
3,A,Noise,0.9,1.1,10,How is asthma managed long-term?,1.0,1.0,1.0,18917,230,3341,32814,1.8344,0.006124,10
3,A,Noise,0.9,1.1,10,What are signs of kidney disease?,1.0,1.0,1.0,19718,231,5414,35092,1.8344,0.00703,10
3,A,Noise,0.9,1.1,10,Describe rheumatoid arthritis treatment,1.0,1.0,1.0,18512,237,5533,34609,1.8344,0.010774,10
3,A,Noise,0.9,1.1,10,What causes Parkinson's disease?,1.0,1.0,1.0,21369,228,3619,35478,1.8344,0.010394,10
3,A,Noise,0.9,1.1,10,How is multiple sclerosis diagnosed?,1.0,1.0,1.0,19798,228,3139,33582,1.973,0.017835,10
3,A,Noise,0.9,1.1,10,What are symptoms of anemia?,1.0,1.0,1.0,18938,229,5495,35422,1.6094,0.015231,10
3,A,Noise,0.9,1.1,10,How is hypothyroidism treated?,1.0,1.0,0.9556,19349,228,3127,33715,1.8867,0.01542,10
3,A,Noise,0.9,1.1,10,What causes chronic pain?,1.0,1.0,1.0,20624,227,3018,34969,2.164,0.001197,10
3,A,Noise,0.9,1.1,10,Describe COPD management,1.0,1.0,1.0,19003,227,3309,32865,1.1683,0.015049,10
3,A,Noise,0.9,1.1,10,What are signs of liver disease?,1.0,1.0,1.0,19400,258,3065,33254,2.0253,0.00573,10
3,A,Noise,0.9,1.1,10,How is epilepsy treated?,1.0,1.0,0.9556,19314,228,3839,33398,1.2275,0.009012,10
3,A,Noise,0.9,1.1,10,What causes osteoporosis?,1.0,1.0,1.0,20973,229,2980,33773,1.4708,0.010703,10
3,A,Noise,0.9,1.1,10,Describe symptoms of anxiety disorder,1.0,1.0,0.9556,20804,228,5658,37612,1.6957,0.009774,10
3,A,Noise,0.9,1.1,10,What medications are used for HIV/AIDS?,1.0,1.0,1.0,21650,249,3094,35651,1.6094,0.007462,10
3,A,Noise,0.9,1.1,10,How is pneumonia diagnosed?,1.0,1.0,1.0,19775,229,3062,33219,1.5571,0.005093,10
3,A,Noise,0.9,1.1,10,What causes inflammatory bowel disease?,1.0,1.0,1.0,19360,527,3050,33737,1.8867,0.005577,10
3,A,Noise,0.9,1.1,10,Describe treatment for chronic kidney disease,1.0,1.0,1.0,21008,215,3338,34694,1.5048,0.010833,10
3,A,Noise,0.9,1.1,10,What are symptoms of schizophrenia?,1.0,1.0,1.0,19091,216,4093,33317,1.6957,0.006073,10
3,A,Noise,0.9,1.1,10,How is bipolar disorder managed?,1.0,1.0,1.0,19660,215,2844,32414,1.8867,0.012229,10
3,A,Noise,0.9,1.1,10,What causes psoriasis?,1.0,1.0,0.9556,17888,216,2866,30806,1.5048,0.011625,10
3,A,Noise,0.9,1.1,10,Describe sepsis treatment,1.0,1.0,1.0,17803,217,5149,32180,1.7481,0.010484,10
3,A,Noise,0.9,1.1,10,What are risk factors for cancer?,1.0,1.0,1.0,19604,551,4767,34717,1.8867,0.002672,10
3,A,Noise,0.9,1.1,10,How is ALS diagnosed?,1.0,1.0,1.0,19717,215,2907,32525,1.6957,0.005502,10
3,A,Combined,0.9,1.1,10,What are the symptoms of type 2 diabetes?,1.0,1.0,0.9556,20102,256,5539,36448,1.6957,0.010119,10
3,A,Combined,0.9,1.1,10,How is hypertension treated?,1.0,1.0,1.0,20966,229,5410,37018,2.0253,0.008238,10
3,A,Combined,0.9,1.1,10,What causes heart failure?,1.0,1.0,1.0,18732,328,3319,32771,2.0253,0.007766,10
3,A,Combined,0.9,1.1,10,Describe the symptoms of lupus,1.0,1.0,1.0,19289,229,3194,32791,1.6094,0.016058,10
3,A,Combined,0.9,1.1,10,What medications treat depression?,1.0,1.0,1.0,18541,231,5433,34289,2.0253,0.007913,10
3,A,Combined,0.9,1.1,10,How does Alzheimer's disease progress?,1.0,1.0,0.9556,18824,403,5792,35837,1.6434,0.012895,10
3,A,Combined,0.9,1.1,10,What are risk factors for stroke?,1.0,1.0,0.8667,19468,228,3099,33240,1.3592,0.007709,10
3,A,Combined,0.9,1.1,10,How is asthma managed long-term?,1.0,1.0,0.9556,20443,229,3580,34645,1.8344,0.005876,10
3,A,Combined,0.9,1.1,10,What are signs of kidney disease?,0.9,0.9497,1.0,20110,229,2995,34159,1.8344,0.006722,10
3,A,Combined,0.9,1.1,10,Describe rheumatoid arthritis treatment,1.0,1.0,1.0,19648,230,5505,36220,1.8344,0.011217,10
3,A,Combined,0.9,1.1,10,What causes Parkinson's disease?,1.0,1.0,0.9556,19703,256,5416,35809,1.8344,0.010175,10
3,A,Combined,0.9,1.1,10,How is multiple sclerosis diagnosed?,1.0,1.0,0.9556,20241,230,4185,34862,1.7481,0.018213,10
3,A,Combined,0.9,1.1,10,What are symptoms of anemia?,1.0,1.0,0.9556,19007,233,3585,33164,1.4185,0.014853,10
3,A,Combined,0.9,1.1,10,How is hypothyroidism treated?,1.0,1.0,1.0,19814,629,4711,35036,1.8867,0.015296,10
3,A,Combined,0.9,1.1,10,What causes chronic pain?,1.0,1.0,1.0,18675,271,5444,35312,2.164,0.001113,10
3,A,Combined,0.9,1.1,10,Describe COPD management,1.0,1.0,1.0,19254,229,3204,32650,1.4185,0.014709,10
3,A,Combined,0.9,1.1,10,What are signs of liver disease?,1.0,1.0,1.0,19385,229,2981,32753,2.164,0.005636,10
3,A,Combined,0.9,1.1,10,How is epilepsy treated?,1.0,1.0,1.0,19145,229,3161,32626,1.3592,0.008992,10
3,A,Combined,0.9,1.1,10,What causes osteoporosis?,1.0,1.0,1.0,19625,401,3005,33768,1.7481,0.011206,10
3,A,Combined,0.9,1.1,10,Describe symptoms of anxiety disorder,1.0,1.0,1.0,19286,269,3543,33496,1.6957,0.009842,10
3,A,Combined,0.9,1.1,10,What medications are used for HIV/AIDS?,1.0,1.0,1.0,22066,228,3286,35893,1.3592,0.007391,10
3,A,Combined,0.9,1.1,10,How is pneumonia diagnosed?,1.0,0.9999,0.9111,20028,520,3342,34419,1.5571,0.005158,10
3,A,Combined,0.9,1.1,10,What causes inflammatory bowel disease?,1.0,1.0,0.9556,20198,228,3007,33812,1.8867,0.00547,10
3,A,Combined,0.9,1.1,10,Describe treatment for chronic kidney disease,1.0,1.0,0.9556,20361,228,5416,36837,1.5048,0.010573,10
3,A,Combined,0.9,1.1,10,What are symptoms of schizophrenia?,1.0,1.0,1.0,21170,242,3785,35222,1.6957,0.005934,10
3,A,Combined,0.9,1.1,10,How is bipolar disorder managed?,1.0,1.0,1.0,18614,229,5526,34778,1.8867,0.012222,10
3,A,Combined,0.9,1.1,10,What causes psoriasis?,1.0,1.0,0.9556,19454,262,5517,35270,1.5048,0.011566,9
3,A,Combined,0.9,1.1,10,Describe sepsis treatment,1.0,1.0,1.0,18706,271,3856,33008,1.7481,0.010761,10
3,A,Combined,0.9,1.1,10,What are risk factors for cancer?,1.0,0.9998,0.9556,20965,254,5529,36530,2.164,0.002597,10
3,A,Combined,0.9,1.1,10,How is ALS diagnosed?,0.9,0.9483,0.9444,19344,527,3980,34276,1.6957,0.005491,10
3,A,Rome,1.0,1.0,10,What are the symptoms of type 2 diabetes?,1.0,1.0,1.0,21463,18112,2708,48395,1.4708,0.010063,10
3,A,Rome,1.0,1.0,10,How is hypertension treated?,1.0,1.0,1.0,10775,8123,1547,24497,2.0253,0.008239,10
3,A,Rome,1.0,1.0,10,What causes heart failure?,1.0,1.0,1.0,8425,7033,2093,21696,2.0253,0.007888,10
3,A,Rome,1.0,1.0,10,Describe the symptoms of lupus,1.0,1.0,1.0,8131,7010,1513,20580,1.6094,0.016206,10
3,A,Rome,1.0,1.0,10,What medications treat depression?,1.0,1.0,1.0,8866,7298,1492,22012,2.0253,0.008015,10
3,A,Rome,1.0,1.0,10,How does Alzheimer's disease progress?,1.0,1.0,1.0,8256,7408,1673,21243,1.6094,0.012835,10
3,A,Rome,1.0,1.0,10,What are risk factors for stroke?,1.0,1.0,1.0,8391,9098,3838,25144,1.3592,0.007561,10
3,A,Rome,1.0,1.0,10,How is asthma managed long-term?,1.0,1.0,1.0,9025,6956,1434,21413,1.8344,0.006175,10
3,A,Rome,1.0,1.0,10,What are signs of kidney disease?,1.0,1.0,1.0,8411,7120,2475,21978,1.8344,0.006977,10
3,A,Rome,1.0,1.0,10,Describe rheumatoid arthritis treatment,1.0,1.0,1.0,8443,9273,1478,23108,1.8344,0.011109,10
3,A,Rome,1.0,1.0,10,What causes Parkinson's disease?,1.0,1.0,1.0,9413,7322,2658,23483,1.8344,0.010504,10
3,A,Rome,1.0,1.0,10,How is multiple sclerosis diagnosed?,1.0,1.0,1.0,8280,8030,2596,22906,1.7481,0.018415,10
3,A,Rome,1.0,1.0,10,What are symptoms of anemia?,1.0,1.0,1.0,8725,7140,1435,21197,1.6094,0.015431,10
3,A,Rome,1.0,1.0,10,How is hypothyroidism treated?,1.0,1.0,1.0,9448,9126,1697,24292,1.8867,0.015584,10
3,A,Rome,1.0,1.0,10,What causes chronic pain?,1.0,1.0,1.0,8936,7687,2583,23144,2.164,0.001157,10
3,A,Rome,1.0,1.0,10,Describe COPD management,1.0,1.0,1.0,9363,7503,1509,22503,1.1683,0.01493,10
3,A,Rome,1.0,1.0,10,What are signs of liver disease?,1.0,1.0,1.0,8568,7073,1637,21112,2.164,0.005875,10
3,A,Rome,1.0,1.0,10,How is epilepsy treated?,1.0,1.0,1.0,9476,7178,1462,21894,1.2275,0.009159,10
3,A,Rome,1.0,1.0,10,What causes osteoporosis?,1.0,1.0,1.0,9145,7285,2542,22917,1.7481,0.011225,10
3,A,Rome,1.0,1.0,10,Describe symptoms of anxiety disorder,1.0,1.0,1.0,8053,7264,1833,20987,1.6957,0.009914,10
3,A,Rome,1.0,1.0,10,What medications are used for HIV/AIDS?,1.0,1.0,1.0,8514,8165,1454,22086,1.3592,0.007531,10
3,A,Rome,1.0,1.0,10,How is pneumonia diagnosed?,1.0,1.0,1.0,8618,7293,1632,21281,1.6957,0.005147,10
3,A,Rome,1.0,1.0,10,What causes inflammatory bowel disease?,1.0,1.0,1.0,9994,7598,1472,22724,1.8344,0.00574,9
3,A,Rome,1.0,1.0,10,Describe treatment for chronic kidney disease,1.0,1.0,1.0,8278,7158,1453,20806,1.5048,0.010771,10
3,A,Rome,1.0,1.0,10,What are symptoms of schizophrenia?,1.0,1.0,1.0,8372,8666,2551,23991,1.6957,0.006151,10
3,A,Rome,1.0,1.0,10,How is bipolar disorder managed?,1.0,1.0,1.0,9118,7016,1849,22046,1.8867,0.012468,10
3,A,Rome,1.0,1.0,10,What causes psoriasis?,1.0,1.0,1.0,8134,8852,1479,22487,1.5048,0.01178,10
3,A,Rome,1.0,1.0,10,Describe sepsis treatment,1.0,1.0,1.0,8862,7068,1451,21571,1.7481,0.010708,10
3,A,Rome,1.0,1.0,10,What are risk factors for cancer?,1.0,1.0,1.0,8513,6975,2650,22508,2.0253,0.002693,10
3,A,Rome,1.0,1.0,10,How is ALS diagnosed?,1.0,1.0,1.0,8204,7870,1814,21651,1.6094,0.005529,10
3,A,RomeCombined,0.9,1.1,10,What are the symptoms of type 2 diabetes?,1.0,1.0,0.9556,19301,18310,2847,46853,1.8344,0.009889,10
3,A,RomeCombined,0.9,1.1,10,How is hypertension treated?,1.0,1.0,1.0,9920,7831,2888,24846,2.0253,0.008157,10
3,A,RomeCombined,0.9,1.1,10,What causes heart failure?,1.0,1.0,1.0,9329,7916,1452,22479,2.0253,0.007708,10
3,A,RomeCombined,0.9,1.1,10,Describe the symptoms of lupus,1.0,1.0,0.9556,9128,7203,1408,21720,1.6094,0.016215,10
3,A,RomeCombined,0.9,1.1,10,What medications treat depression?,1.0,1.0,1.0,8047,7661,1517,21274,2.0253,0.007813,10
3,A,RomeCombined,0.9,1.1,10,How does Alzheimer's disease progress?,1.0,1.0,0.9556,8317,7090,2558,21524,1.6094,0.012492,10
3,A,RomeCombined,0.9,1.1,10,What are risk factors for stroke?,1.0,1.0,0.9556,8828,7016,1560,21451,1.3592,0.007533,10
3,A,RomeCombined,0.9,1.1,10,How is asthma managed long-term?,1.0,1.0,1.0,8691,7976,1640,22708,1.8344,0.006152,10
3,A,RomeCombined,0.9,1.1,10,What are signs of kidney disease?,1.0,1.0,1.0,8280,7606,1593,21383,1.8344,0.007012,10
3,A,RomeCombined,0.9,1.1,10,Describe rheumatoid arthritis treatment,1.0,1.0,1.0,9319,7160,1448,22089,1.8344,0.010855,10
3,A,RomeCombined,0.9,1.1,10,What causes Parkinson's disease?,1.0,1.0,0.9556,8507,7912,1578,21953,1.8344,0.010312,9
3,A,RomeCombined,0.9,1.1,10,How is multiple sclerosis diagnosed?,1.0,1.0,1.0,8578,7572,1564,21738,1.973,0.018274,10
3,A,RomeCombined,0.9,1.1,10,What are symptoms of anemia?,1.0,1.0,1.0,9003,7115,1437,21275,1.6094,0.015301,10
3,A,RomeCombined,0.9,1.1,10,How is hypothyroidism treated?,1.0,1.0,0.9556,9292,7329,2598,22987,1.8867,0.015309,10
3,A,RomeCombined,0.9,1.1,10,What causes chronic pain?,1.0,1.0,0.9556,9324,7190,2667,23067,2.164,0.001121,10
3,A,RomeCombined,0.9,1.1,10,Describe COPD management,1.0,1.0,1.0,9529,7386,2544,23322,1.1683,0.014823,10
3,A,RomeCombined,0.9,1.1,10,What are signs of liver disease?,1.0,1.0,1.0,8244,9497,2511,23885,2.0253,0.005782,10
3,A,RomeCombined,0.9,1.1,10,How is epilepsy treated?,1.0,1.0,0.9556,9372,7845,1436,22282,1.2275,0.009004,10
3,A,RomeCombined,0.9,1.1,10,What causes osteoporosis?,1.0,1.0,0.9111,8341,8435,1917,23174,1.6094,0.010912,9
3,A,RomeCombined,0.9,1.1,10,Describe symptoms of anxiety disorder,1.0,1.0,0.9556,8117,9129,1542,22671,1.6957,0.00986,10
3,A,RomeCombined,0.9,1.1,10,What medications are used for HIV/AIDS?,1.0,1.0,1.0,9232,6988,1455,21532,1.3592,0.007489,10
3,A,RomeCombined,0.9,1.1,10,How is pneumonia diagnosed?,1.0,1.0,0.9556,9666,7236,2631,22997,1.8344,0.005178,10
3,A,RomeCombined,0.9,1.1,10,What causes inflammatory bowel disease?,1.0,1.0,1.0,9035,7848,1597,22155,1.6094,0.005572,9
3,A,RomeCombined,0.9,1.1,10,Describe treatment for chronic kidney disease,1.0,1.0,1.0,8880,7708,1584,22403,1.5048,0.010668,10
3,A,RomeCombined,0.9,1.1,10,What are symptoms of schizophrenia?,1.0,1.0,1.0,8803,8799,1985,23273,1.6434,0.006117,10
3,A,RomeCombined,0.9,1.1,10,How is bipolar disorder managed?,1.0,1.0,1.0,8454,7546,1504,21735,1.8867,0.012185,10
3,A,RomeCombined,0.9,1.1,10,What causes psoriasis?,1.0,1.0,0.9111,9450,7363,2679,23462,1.5048,0.011434,10
3,A,RomeCombined,0.9,1.1,10,Describe sepsis treatment,1.0,1.0,1.0,8110,7391,1508,20907,1.7481,0.010721,10
3,A,RomeCombined,0.9,1.1,10,What are risk factors for cancer?,1.0,1.0,1.0,8145,7057,1433,20370,2.0253,0.002702,10
3,A,RomeCombined,0.9,1.1,10,How is ALS diagnosed?,1.0,1.0,0.9111,8878,7268,1434,21426,1.6434,0.005413,9
3,A,Ckks,1.0,1.0,10,What are the symptoms of type 2 diabetes?,1.0,1.0,1.0,22211,11,108506209,108532438,1.4708,0.010063,10
3,A,Ckks,1.0,1.0,10,How is hypertension treated?,1.0,1.0,1.0,8477,4,108736046,108748961,2.0253,0.008239,10
3,A,Ckks,1.0,1.0,10,What causes heart failure?,1.0,1.0,1.0,8754,4,108704147,108717142,2.0253,0.007888,10
3,A,Ckks,1.0,1.0,10,Describe the symptoms of lupus,1.0,1.0,1.0,8615,4,108664681,108677537,1.6094,0.016206,10
3,A,Ckks,1.0,1.0,10,What medications treat depression?,1.0,1.0,1.0,8186,4,108631940,108644165,2.0253,0.008015,10
3,A,Ckks,1.0,1.0,10,How does Alzheimer's disease progress?,1.0,1.0,1.0,8742,4,108838363,108851089,1.6094,0.012835,10
3,A,Ckks,1.0,1.0,10,What are risk factors for stroke?,1.0,1.0,1.0,9286,4,108738693,108752020,1.3592,0.007561,10
3,A,Ckks,1.0,1.0,10,How is asthma managed long-term?,1.0,1.0,1.0,8646,4,108391863,108404649,1.8344,0.006175,10
3,A,Ckks,1.0,1.0,10,What are signs of kidney disease?,1.0,1.0,1.0,8547,5,108549198,108561668,1.8344,0.006977,10
3,A,Ckks,1.0,1.0,10,Describe rheumatoid arthritis treatment,1.0,1.0,1.0,8607,4,108608175,108621562,1.8344,0.011109,10
3,A,Ckks,1.0,1.0,10,What causes Parkinson's disease?,1.0,1.0,1.0,8436,4,108619034,108631342,1.8344,0.010504,10
3,A,Ckks,1.0,1.0,10,How is multiple sclerosis diagnosed?,1.0,1.0,1.0,8688,4,108512631,108525368,1.7481,0.018415,10
3,A,Ckks,1.0,1.0,10,What are symptoms of anemia?,1.0,1.0,1.0,9838,5,108548231,108562456,1.6094,0.015431,10
3,A,Ckks,1.0,1.0,10,How is hypothyroidism treated?,1.0,1.0,1.0,8455,5,108582433,108594872,1.8867,0.015584,10
3,A,Ckks,1.0,1.0,10,What causes chronic pain?,1.0,1.0,1.0,9406,6,108506074,108519611,2.164,0.001157,10
3,A,Ckks,1.0,1.0,10,Describe COPD management,1.0,1.0,1.0,8337,5,109080171,109092660,1.1683,0.01493,10
3,A,Ckks,1.0,1.0,10,What are signs of liver disease?,1.0,1.0,1.0,8514,4,107438860,107451613,2.164,0.005875,10
3,A,Ckks,1.0,1.0,10,How is epilepsy treated?,1.0,1.0,1.0,10418,4,107834874,107849416,1.2275,0.009159,10
3,A,Ckks,1.0,1.0,10,What causes osteoporosis?,1.0,1.0,1.0,8355,4,107312466,107325298,1.7481,0.011225,10
3,A,Ckks,1.0,1.0,10,Describe symptoms of anxiety disorder,1.0,1.0,1.0,8952,4,107584885,107598090,1.6957,0.009914,10
3,A,Ckks,1.0,1.0,10,What medications are used for HIV/AIDS?,1.0,1.0,1.0,8529,4,107550394,107562991,1.3592,0.007531,10
3,A,Ckks,1.0,1.0,10,How is pneumonia diagnosed?,1.0,1.0,1.0,8454,4,107368525,107381635,1.6957,0.005147,10
3,A,Ckks,1.0,1.0,10,What causes inflammatory bowel disease?,1.0,1.0,1.0,8567,4,107641232,107653599,1.8344,0.00574,9
3,A,Ckks,1.0,1.0,10,Describe treatment for chronic kidney disease,1.0,1.0,1.0,8998,4,107292708,107305740,1.5048,0.010771,10
3,A,Ckks,1.0,1.0,10,What are symptoms of schizophrenia?,1.0,1.0,1.0,9391,4,107669431,107682868,1.6957,0.006151,10
3,A,Ckks,1.0,1.0,10,How is bipolar disorder managed?,1.0,1.0,1.0,8397,4,107307885,107320441,1.8867,0.012468,10
3,A,Ckks,1.0,1.0,10,What causes psoriasis?,1.0,1.0,1.0,8317,4,107479581,107492052,1.5048,0.01178,10
3,A,Ckks,1.0,1.0,10,Describe sepsis treatment,1.0,1.0,1.0,8445,4,107290799,107303501,1.7481,0.010708,10
3,A,Ckks,1.0,1.0,10,What are risk factors for cancer?,1.0,1.0,1.0,8854,4,107661454,107674158,2.0253,0.002693,10
3,A,Ckks,1.0,1.0,10,How is ALS diagnosed?,1.0,1.0,1.0,8412,4,107349400,107361692,1.6094,0.005529,10
3,A,CkksCombined,0.9,1.1,10,What are the symptoms of type 2 diabetes?,1.0,1.0,0.8667,21595,130,107257339,107283123,1.6957,0.009897,10
3,A,CkksCombined,0.9,1.1,10,How is hypertension treated?,1.0,1.0,1.0,8448,46,107539635,107552531,2.0253,0.008364,10
3,A,CkksCombined,0.9,1.1,10,What causes heart failure?,1.0,1.0,1.0,8390,43,108003789,108016509,2.0253,0.007771,10
3,A,CkksCombined,0.9,1.1,10,Describe the symptoms of lupus,1.0,1.0,1.0,8288,44,106584694,106597230,1.6957,0.01622,10
3,A,CkksCombined,0.9,1.1,10,What medications treat depression?,1.0,1.0,1.0,8174,43,106838267,106850794,2.0253,0.007894,10
3,A,CkksCombined,0.9,1.1,10,How does Alzheimer's disease progress?,1.0,1.0,1.0,9106,44,106715462,106728517,1.6094,0.012337,10
3,A,CkksCombined,0.9,1.1,10,What are risk factors for stroke?,0.9,0.9501,0.9444,8414,44,106852699,106865223,1.4979,0.007463,10
3,A,CkksCombined,0.9,1.1,10,How is asthma managed long-term?,1.0,1.0,1.0,8844,107,106648623,106661456,1.8344,0.006301,10
3,A,CkksCombined,0.9,1.1,10,What are signs of kidney disease?,0.9,0.9497,1.0,8740,43,106736044,106749000,1.8344,0.006815,10
3,A,CkksCombined,0.9,1.1,10,Describe rheumatoid arthritis treatment,1.0,1.0,1.0,8829,43,106612234,106625557,1.8344,0.010864,10
3,A,CkksCombined,0.9,1.1,10,What causes Parkinson's disease?,1.0,1.0,0.9556,8610,107,106672341,106685637,1.8344,0.010247,10
3,A,CkksCombined,0.9,1.1,10,How is multiple sclerosis diagnosed?,1.0,1.0,1.0,8779,43,106690968,106703958,1.973,0.017796,10
3,A,CkksCombined,0.9,1.1,10,What are symptoms of anemia?,1.0,1.0,0.9556,8670,44,106994420,107007118,1.6094,0.015529,10
3,A,CkksCombined,0.9,1.1,10,How is hypothyroidism treated?,1.0,1.0,0.9556,9235,44,106814257,106827576,1.8867,0.015405,10
3,A,CkksCombined,0.9,1.1,10,What causes chronic pain?,1.0,1.0,1.0,9283,44,106434158,106447635,2.164,0.001158,10
3,A,CkksCombined,0.9,1.1,10,Describe COPD management,1.0,1.0,1.0,8470,106,106607310,106620109,1.4708,0.015054,10
3,A,CkksCombined,0.9,1.1,10,What are signs of liver disease?,1.0,1.0,1.0,8225,43,106658005,106670120,2.0253,0.005713,10
3,A,CkksCombined,0.9,1.1,10,How is epilepsy treated?,1.0,1.0,0.9556,8483,45,106647836,106660456,1.3592,0.009056,10
3,A,CkksCombined,0.9,1.1,10,What causes osteoporosis?,1.0,1.0,1.0,8580,44,106553446,106566643,1.6094,0.010985,10
3,A,CkksCombined,0.9,1.1,10,Describe symptoms of anxiety disorder,1.0,1.0,0.9556,9026,44,106645963,106659103,1.6957,0.009838,10
3,A,CkksCombined,0.9,1.1,10,What medications are used for HIV/AIDS?,1.0,1.0,1.0,8380,45,106664542,106677024,1.3592,0.007524,10
3,A,CkksCombined,0.9,1.1,10,How is pneumonia diagnosed?,1.0,0.9999,0.9111,8415,107,106391205,106403916,1.5571,0.005169,10
3,A,CkksCombined,0.9,1.1,10,What causes inflammatory bowel disease?,1.0,1.0,1.0,8888,44,106756266,106769287,1.8344,0.005639,10
3,A,CkksCombined,0.9,1.1,10,Describe treatment for chronic kidney disease,1.0,1.0,1.0,8367,46,106511923,106524552,1.5048,0.010682,10
3,A,CkksCombined,0.9,1.1,10,What are symptoms of schizophrenia?,0.9,0.9471,1.0,8588,43,106861743,106874427,1.6957,0.006135,10
3,A,CkksCombined,0.9,1.1,10,How is bipolar disorder managed?,1.0,1.0,0.9556,9051,43,106566950,106580178,1.8867,0.012133,10
3,A,CkksCombined,0.9,1.1,10,What causes psoriasis?,1.0,1.0,0.9111,8905,44,106676191,106689499,1.5048,0.011637,10
3,A,CkksCombined,0.9,1.1,10,Describe sepsis treatment,1.0,1.0,1.0,8223,43,106706560,106719262,1.7481,0.010806,10
3,A,CkksCombined,0.9,1.1,10,What are risk factors for cancer?,1.0,0.9998,0.9556,8609,45,106829847,106842673,2.0253,0.002742,10
3,A,CkksCombined,0.9,1.1,10,How is ALS diagnosed?,0.9,0.9484,1.0,8256,44,106858209,106870405,1.6434,0.005361,10
4,A,Scrambling,0.9,1.1,10,What are the symptoms of type 2 diabetes?,1.0,1.0,1.0,18236,133,5496,34054,1.4708,0.010063,10
4,A,Scrambling,0.9,1.1,10,How is hypertension treated?,1.0,1.0,1.0,18699,132,2920,31958,2.0253,0.008239,10
4,A,Scrambling,0.9,1.1,10,What causes heart failure?,1.0,1.0,1.0,18185,132,5443,33717,2.0253,0.007888,10
4,A,Scrambling,0.9,1.1,10,Describe the symptoms of lupus,1.0,1.0,1.0,17937,133,3080,31257,1.6094,0.016206,10
4,A,Scrambling,0.9,1.1,10,What medications treat depression?,1.0,1.0,1.0,18573,336,3715,33250,2.0253,0.008015,10
4,A,Scrambling,0.9,1.1,10,How does Alzheimer's disease progress?,1.0,1.0,1.0,18748,125,2780,31371,1.6094,0.012835,10
4,A,Scrambling,0.9,1.1,10,What are risk factors for stroke?,1.0,1.0,1.0,17336,125,2807,29994,1.3592,0.007561,10
4,A,Scrambling,0.9,1.1,10,How is asthma managed long-term?,1.0,1.0,1.0,17287,126,3486,30306,1.8344,0.006175,10
4,A,Scrambling,0.9,1.1,10,What are signs of kidney disease?,1.0,1.0,1.0,17622,126,2865,29932,1.8344,0.006977,10
4,A,Scrambling,0.9,1.1,10,Describe rheumatoid arthritis treatment,1.0,1.0,1.0,18111,125,3425,31270,1.8344,0.011109,10
4,A,Scrambling,0.9,1.1,10,What causes Parkinson's disease?,1.0,1.0,1.0,17605,126,5099,32618,1.8344,0.010504,10
4,A,Scrambling,0.9,1.1,10,How is multiple sclerosis diagnosed?,1.0,1.0,1.0,17678,125,2993,30314,1.7481,0.018415,10
4,A,Scrambling,0.9,1.1,10,What are symptoms of anemia?,1.0,1.0,1.0,17176,125,3111,30061,1.6094,0.015431,10
4,A,Scrambling,0.9,1.1,10,How is hypothyroidism treated?,1.0,1.0,1.0,17939,125,2843,30733,1.8867,0.015584,10
4,A,Scrambling,0.9,1.1,10,What causes chronic pain?,1.0,1.0,1.0,17008,126,3029,30165,2.164,0.001157,10
4,A,Scrambling,0.9,1.1,10,Describe COPD management,1.0,1.0,1.0,16732,126,2772,29169,1.1683,0.01493,10
4,A,Scrambling,0.9,1.1,10,What are signs of liver disease?,1.0,1.0,1.0,18660,125,5036,33330,2.164,0.005875,10
4,A,Scrambling,0.9,1.1,10,How is epilepsy treated?,1.0,1.0,1.0,18706,279,2975,31258,1.2275,0.009159,10
4,A,Scrambling,0.9,1.1,10,What causes osteoporosis?,1.0,1.0,1.0,17228,124,2802,29615,1.7481,0.011225,10
4,A,Scrambling,0.9,1.1,10,Describe symptoms of anxiety disorder,1.0,1.0,1.0,18936,125,2843,31223,1.6957,0.009914,10
4,A,Scrambling,0.9,1.1,10,What medications are used for HIV/AIDS?,1.0,1.0,1.0,17506,124,3073,30091,1.3592,0.007531,10
4,A,Scrambling,0.9,1.1,10,How is pneumonia diagnosed?,1.0,1.0,1.0,17267,125,5065,32112,1.6957,0.005147,10
4,A,Scrambling,0.9,1.1,10,What causes inflammatory bowel disease?,1.0,1.0,1.0,17314,150,3175,30212,1.8344,0.00574,9
4,A,Scrambling,0.9,1.1,10,Describe treatment for chronic kidney disease,1.0,1.0,1.0,17319,126,3104,30003,1.5048,0.010771,10
4,A,Scrambling,0.9,1.1,10,What are symptoms of schizophrenia?,1.0,1.0,1.0,19473,125,2812,32009,1.6957,0.006151,10
4,A,Scrambling,0.9,1.1,10,How is bipolar disorder managed?,1.0,1.0,1.0,17176,124,4103,30656,1.8867,0.012468,10
4,A,Scrambling,0.9,1.1,10,What causes psoriasis?,1.0,1.0,1.0,17912,124,5203,33029,1.5048,0.01178,10
4,A,Scrambling,0.9,1.1,10,Describe sepsis treatment,1.0,1.0,1.0,17257,153,2858,29942,1.7481,0.010708,10
4,A,Scrambling,0.9,1.1,10,What are risk factors for cancer?,1.0,1.0,1.0,20343,135,2853,32897,2.0253,0.002693,10
4,A,Scrambling,0.9,1.1,10,How is ALS diagnosed?,1.0,1.0,1.0,17462,124,3167,30462,1.6094,0.005529,10
4,A,Noise,0.9,1.1,10,What are the symptoms of type 2 diabetes?,1.0,1.0,0.9556,22478,628,3125,36251,1.8344,0.009724,10
4,A,Noise,0.9,1.1,10,How is hypertension treated?,1.0,1.0,1.0,18234,267,3045,31961,2.0253,0.008282,10
4,A,Noise,0.9,1.1,10,What causes heart failure?,1.0,1.0,1.0,18512,256,5378,34373,2.0253,0.007782,10
4,A,Noise,0.9,1.1,10,Describe the symptoms of lupus,1.0,1.0,1.0,18392,229,3417,32003,1.6094,0.015667,10
4,A,Noise,0.9,1.1,10,What medications treat depression?,1.0,1.0,1.0,18467,256,5412,34631,1.8867,0.007899,10
4,A,Noise,0.9,1.1,10,How does Alzheimer's disease progress?,1.0,1.0,1.0,19076,228,3316,32877,1.6094,0.012728,10
4,A,Noise,0.9,1.1,10,What are risk factors for stroke?,1.0,1.0,0.9556,19007,228,2967,32044,1.4979,0.007594,10
4,A,Noise,0.9,1.1,10,How is asthma managed long-term?,1.0,1.0,1.0,18229,257,3010,31494,1.8344,0.006117,10
4,A,Noise,0.9,1.1,10,What are signs of kidney disease?,0.9,0.9497,1.0,19298,230,3260,32943,1.8344,0.007024,10
4,A,Noise,0.9,1.1,10,Describe rheumatoid arthritis treatment,1.0,1.0,1.0,18401,228,3482,32525,1.8344,0.01091,10
4,A,Noise,0.9,1.1,10,What causes Parkinson's disease?,1.0,1.0,1.0,18180,260,3265,31988,1.8344,0.010404,10
4,A,Noise,0.9,1.1,10,How is multiple sclerosis diagnosed?,1.0,1.0,1.0,18428,229,3201,31901,1.7481,0.018149,9
4,A,Noise,0.9,1.1,10,What are symptoms of anemia?,1.0,1.0,0.9111,18921,232,5525,34868,1.6094,0.015583,10
4,A,Noise,0.9,1.1,10,How is hypothyroidism treated?,1.0,1.0,1.0,21481,227,5389,37590,1.8867,0.015727,10
4,A,Noise,0.9,1.1,10,What causes chronic pain?,1.0,1.0,1.0,18527,229,4188,33262,2.164,0.001089,10
4,A,Noise,0.9,1.1,10,Describe COPD management,1.0,1.0,1.0,17794,229,5437,33541,1.1683,0.014712,10
4,A,Noise,0.9,1.1,10,What are signs of liver disease?,1.0,1.0,1.0,18147,229,3210,31710,1.8344,0.005806,10
4,A,Noise,0.9,1.1,10,How is epilepsy treated?,1.0,1.0,1.0,18173,216,2903,30758,1.2275,0.008936,10
4,A,Noise,0.9,1.1,10,What causes osteoporosis?,1.0,1.0,1.0,19054,215,3285,32526,1.7481,0.011193,10
4,A,Noise,0.9,1.1,10,Describe symptoms of anxiety disorder,1.0,1.0,0.9556,17400,408,5123,32673,1.6957,0.009552,10
4,A,Noise,0.9,1.1,10,What medications are used for HIV/AIDS?,1.0,1.0,1.0,20568,216,5074,35479,1.3592,0.007463,10
4,A,Noise,0.9,1.1,10,How is pneumonia diagnosed?,1.0,1.0,0.9556,17223,243,2799,29761,1.8344,0.00512,10
4,A,Noise,0.9,1.1,10,What causes inflammatory bowel disease?,1.0,1.0,0.9111,17837,216,3446,31405,1.6957,0.005522,10
4,A,Noise,0.9,1.1,10,Describe treatment for chronic kidney disease,1.0,1.0,1.0,17326,216,4172,31509,1.5048,0.01087,10
4,A,Noise,0.9,1.1,10,What are symptoms of schizophrenia?,1.0,1.0,1.0,18208,216,2773,30613,1.4185,0.006171,10
4,A,Noise,0.9,1.1,10,How is bipolar disorder managed?,1.0,1.0,1.0,17408,214,4274,31530,1.8867,0.012328,10
4,A,Noise,0.9,1.1,10,What causes psoriasis?,1.0,1.0,0.9556,19416,215,5047,34121,1.5048,0.011379,10
4,A,Noise,0.9,1.1,10,Describe sepsis treatment,1.0,0.9999,0.9111,16539,215,2819,29101,1.7481,0.010738,10
4,A,Noise,0.9,1.1,10,What are risk factors for cancer?,1.0,1.0,1.0,17281,215,3060,30106,2.0253,0.002684,10
4,A,Noise,0.9,1.1,10,How is ALS diagnosed?,1.0,1.0,0.9556,17959,219,2980,30946,1.6434,0.005311,10
4,A,Combined,0.9,1.1,10,What are the symptoms of type 2 diabetes?,1.0,1.0,0.9111,22166,256,3652,36703,1.7481,0.009974,9
4,A,Combined,0.9,1.1,10,How is hypertension treated?,1.0,1.0,1.0,18273,258,3140,32032,2.0253,0.008239,10
4,A,Combined,0.9,1.1,10,What causes heart failure?,1.0,1.0,1.0,18412,228,5410,34405,2.0253,0.00804,10
4,A,Combined,0.9,1.1,10,Describe the symptoms of lupus,1.0,1.0,1.0,18370,229,5484,34562,1.6094,0.015782,10
4,A,Combined,0.9,1.1,10,What medications treat depression?,1.0,1.0,1.0,18651,228,3113,32271,2.0253,0.00805,10
4,A,Combined,0.9,1.1,10,How does Alzheimer's disease progress?,1.0,1.0,1.0,19070,228,3023,32727,1.6094,0.012673,10
4,A,Combined,0.9,1.1,10,What are risk factors for stroke?,0.9,0.9501,1.0,18134,228,3340,31452,1.3592,0.007459,10
4,A,Combined,0.9,1.1,10,How is asthma managed long-term?,1.0,1.0,1.0,18817,227,3349,32480,1.8344,0.006147,10
4,A,Combined,0.9,1.1,10,What are signs of kidney disease?,0.9,0.9497,1.0,19312,261,3139,32759,1.8344,0.006726,10
4,A,Combined,0.9,1.1,10,Describe rheumatoid arthritis treatment,1.0,1.0,1.0,18709,229,3291,32359,1.973,0.01099,10
4,A,Combined,0.9,1.1,10,What causes Parkinson's disease?,1.0,1.0,1.0,18488,228,5395,34324,1.8344,0.010073,10
4,A,Combined,0.9,1.1,10,How is multiple sclerosis diagnosed?,1.0,1.0,0.9556,19250,628,5511,35624,1.7481,0.01829,10
4,A,Combined,0.9,1.1,10,What are symptoms of anemia?,1.0,1.0,1.0,18225,228,2981,31785,1.6094,0.015334,10
4,A,Combined,0.9,1.1,10,How is hypothyroidism treated?,1.0,1.0,1.0,18675,230,2980,32112,1.8867,0.015458,10
4,A,Combined,0.9,1.1,10,What causes chronic pain?,1.0,1.0,1.0,17801,228,5298,33645,2.0253,0.001162,10
4,A,Combined,0.9,1.1,10,Describe COPD management,1.0,1.0,1.0,20329,264,3022,33893,1.4185,0.01493,10
4,A,Combined,0.9,1.1,10,What are signs of liver disease?,1.0,1.0,1.0,18118,264,3172,31845,2.164,0.005618,10
4,A,Combined,0.9,1.1,10,How is epilepsy treated?,1.0,1.0,1.0,17959,253,4568,32589,1.3592,0.009013,10
4,A,Combined,0.9,1.1,10,What causes osteoporosis?,1.0,1.0,0.9111,18073,215,3427,32240,1.7481,0.01123,9
4,A,Combined,0.9,1.1,10,Describe symptoms of anxiety disorder,1.0,1.0,0.9556,17746,266,3159,31586,1.6957,0.009957,10
4,A,Combined,0.9,1.1,10,What medications are used for HIV/AIDS?,1.0,1.0,1.0,17762,216,2812,30801,1.3592,0.007419,10
4,A,Combined,0.9,1.1,10,How is pneumonia diagnosed?,1.0,1.0,0.9556,17206,215,2853,29693,1.8867,0.005045,10
4,A,Combined,0.9,1.1,10,What causes inflammatory bowel disease?,1.0,1.0,0.9556,17426,216,3011,30310,1.8344,0.005717,10
4,A,Combined,0.9,1.1,10,Describe treatment for chronic kidney disease,1.0,1.0,1.0,17656,215,2908,30040,1.5048,0.010791,10
4,A,Combined,0.9,1.1,10,What are symptoms of schizophrenia?,1.0,1.0,0.9556,17442,215,2947,30220,1.4185,0.006166,10
4,A,Combined,0.9,1.1,10,How is bipolar disorder managed?,1.0,1.0,0.9556,17277,216,2958,30806,1.8867,0.012378,10
4,A,Combined,0.9,1.1,10,What causes psoriasis?,1.0,1.0,0.9111,18140,215,4025,32063,1.5048,0.011957,10
4,A,Combined,0.9,1.1,10,Describe sepsis treatment,1.0,1.0,0.9556,18914,215,2832,31614,1.7481,0.010625,10
4,A,Combined,0.9,1.1,10,What are risk factors for cancer?,1.0,0.9998,0.9556,17314,237,2973,29977,2.0253,0.002722,10
4,A,Combined,0.9,1.1,10,How is ALS diagnosed?,1.0,1.0,0.9111,17645,216,2827,30357,1.6434,0.005317,10
4,A,Rome,1.0,1.0,10,What are the symptoms of type 2 diabetes?,1.0,1.0,1.0,19872,21280,4719,51758,1.4708,0.010063,10
4,A,Rome,1.0,1.0,10,How is hypertension treated?,1.0,1.0,1.0,11003,9786,3389,29027,2.0253,0.008239,10
4,A,Rome,1.0,1.0,10,What causes heart failure?,1.0,1.0,1.0,10261,9657,1944,27121,2.0253,0.007888,10
4,A,Rome,1.0,1.0,10,Describe the symptoms of lupus,1.0,1.0,1.0,10051,9585,1986,26794,1.6094,0.016206,10
4,A,Rome,1.0,1.0,10,What medications treat depression?,1.0,1.0,1.0,10064,8386,3170,25292,2.0253,0.008015,10
4,A,Rome,1.0,1.0,10,How does Alzheimer's disease progress?,1.0,1.0,1.0,8188,8815,2539,23282,1.6094,0.012835,10
4,A,Rome,1.0,1.0,10,What are risk factors for stroke?,1.0,1.0,1.0,8189,8733,1458,22213,1.3592,0.007561,10
4,A,Rome,1.0,1.0,10,How is asthma managed long-term?,1.0,1.0,1.0,8907,6959,2544,22170,1.8344,0.006175,10
4,A,Rome,1.0,1.0,10,What are signs of kidney disease?,1.0,1.0,1.0,8388,7689,1501,21397,1.8344,0.006977,10
4,A,Rome,1.0,1.0,10,Describe rheumatoid arthritis treatment,1.0,1.0,1.0,8372,7087,1435,20568,1.8344,0.011109,10
4,A,Rome,1.0,1.0,10,What causes Parkinson's disease?,1.0,1.0,1.0,8210,6981,1494,20358,1.8344,0.010504,10
4,A,Rome,1.0,1.0,10,How is multiple sclerosis diagnosed?,1.0,1.0,1.0,8631,7000,1402,20879,1.7481,0.018415,10
4,A,Rome,1.0,1.0,10,What are symptoms of anemia?,1.0,1.0,1.0,8171,6955,2576,21545,1.6094,0.015431,10
4,A,Rome,1.0,1.0,10,How is hypothyroidism treated?,1.0,1.0,1.0,8472,7094,1536,20631,1.8867,0.015584,10
4,A,Rome,1.0,1.0,10,What causes chronic pain?,1.0,1.0,1.0,8474,7412,1460,21030,2.164,0.001157,10
4,A,Rome,1.0,1.0,10,Describe COPD management,1.0,1.0,1.0,8576,7178,1469,20939,1.1683,0.01493,10
4,A,Rome,1.0,1.0,10,What are signs of liver disease?,1.0,1.0,1.0,8206,7019,1430,20629,2.164,0.005875,10
4,A,Rome,1.0,1.0,10,How is epilepsy treated?,1.0,1.0,1.0,8206,6974,1429,20182,1.2275,0.009159,10
4,A,Rome,1.0,1.0,10,What causes osteoporosis?,1.0,1.0,1.0,8141,7029,1451,20720,1.7481,0.011225,10
4,A,Rome,1.0,1.0,10,Describe symptoms of anxiety disorder,1.0,1.0,1.0,8397,7273,1428,20909,1.6957,0.009914,10
4,A,Rome,1.0,1.0,10,What medications are used for HIV/AIDS?,1.0,1.0,1.0,8216,7159,1568,20461,1.3592,0.007531,10
4,A,Rome,1.0,1.0,10,How is pneumonia diagnosed?,1.0,1.0,1.0,8341,6994,1530,20783,1.6957,0.005147,10
4,A,Rome,1.0,1.0,10,What causes inflammatory bowel disease?,1.0,1.0,1.0,8461,7990,1510,21955,1.8344,0.00574,9
4,A,Rome,1.0,1.0,10,Describe treatment for chronic kidney disease,1.0,1.0,1.0,8337,7319,1697,21280,1.5048,0.010771,10
4,A,Rome,1.0,1.0,10,What are symptoms of schizophrenia?,1.0,1.0,1.0,8721,7522,1430,21468,1.6957,0.006151,10
4,A,Rome,1.0,1.0,10,How is bipolar disorder managed?,1.0,1.0,1.0,8257,7183,1560,21040,1.8867,0.012468,10
4,A,Rome,1.0,1.0,10,What causes psoriasis?,1.0,1.0,1.0,8149,7031,2600,21402,1.5048,0.01178,10
4,A,Rome,1.0,1.0,10,Describe sepsis treatment,1.0,1.0,1.0,9046,7621,1550,22052,1.7481,0.010708,10
4,A,Rome,1.0,1.0,10,What are risk factors for cancer?,1.0,1.0,1.0,8353,6979,1430,20417,2.0253,0.002693,10
4,A,Rome,1.0,1.0,10,How is ALS diagnosed?,1.0,1.0,1.0,8298,7691,1449,21246,1.6094,0.005529,10
4,A,RomeCombined,0.9,1.1,10,What are the symptoms of type 2 diabetes?,0.9,0.9512,0.9444,18341,18680,2575,45588,1.4708,0.009687,10
4,A,RomeCombined,0.9,1.1,10,How is hypertension treated?,1.0,1.0,1.0,9864,7731,1567,23028,2.0253,0.008191,10
4,A,RomeCombined,0.9,1.1,10,What causes heart failure?,1.0,1.0,1.0,8579,7883,2845,23607,2.0253,0.007609,10
4,A,RomeCombined,0.9,1.1,10,Describe the symptoms of lupus,1.0,1.0,1.0,8852,7726,1844,22472,1.6094,0.016115,10
4,A,RomeCombined,0.9,1.1,10,What medications treat depression?,1.0,1.0,1.0,8263,7184,2554,21864,2.0253,0.007943,10
4,A,RomeCombined,0.9,1.1,10,How does Alzheimer's disease progress?,1.0,1.0,1.0,8248,7113,1432,20543,1.6094,0.012501,10
4,A,RomeCombined,0.9,1.1,10,What are risk factors for stroke?,0.9,0.9501,1.0,8021,7268,1433,20398,1.4979,0.007434,10
4,A,RomeCombined,0.9,1.1,10,How is asthma managed long-term?,1.0,1.0,1.0,8377,7186,1436,20659,1.8344,0.005961,10
4,A,RomeCombined,0.9,1.1,10,What are signs of kidney disease?,0.9,0.9497,1.0,9444,6998,2567,23004,1.8344,0.006868,10
4,A,RomeCombined,0.9,1.1,10,Describe rheumatoid arthritis treatment,1.0,1.0,1.0,8621,7364,2542,22345,1.8344,0.011007,10
4,A,RomeCombined,0.9,1.1,10,What causes Parkinson's disease?,1.0,1.0,1.0,8369,7098,1442,20707,1.8344,0.010382,10
4,A,RomeCombined,0.9,1.1,10,How is multiple sclerosis diagnosed?,1.0,1.0,1.0,8841,7043,1439,21099,1.7481,0.01818,9
4,A,RomeCombined,0.9,1.1,10,What are symptoms of anemia?,1.0,0.9999,0.9111,8392,7222,1493,20981,1.6094,0.015265,9
4,A,RomeCombined,0.9,1.1,10,How is hypothyroidism treated?,1.0,1.0,0.9556,8386,7360,1503,20939,1.8867,0.015753,10
4,A,RomeCombined,0.9,1.1,10,What causes chronic pain?,1.0,1.0,1.0,8542,7906,1581,22244,2.0253,0.001141,10
4,A,RomeCombined,0.9,1.1,10,Describe COPD management,1.0,1.0,1.0,8459,7815,1727,21724,1.4708,0.014417,10
4,A,RomeCombined,0.9,1.1,10,What are signs of liver disease?,1.0,1.0,1.0,8225,7495,2689,22357,2.164,0.005918,10
4,A,RomeCombined,0.9,1.1,10,How is epilepsy treated?,1.0,1.0,1.0,8447,7241,1423,21003,1.2275,0.009162,10
4,A,RomeCombined,0.9,1.1,10,What causes osteoporosis?,1.0,1.0,1.0,8566,7402,2549,22551,1.7481,0.011281,10
4,A,RomeCombined,0.9,1.1,10,Describe symptoms of anxiety disorder,1.0,1.0,1.0,8132,7308,1426,20804,1.6957,0.009798,10
4,A,RomeCombined,0.9,1.1,10,What medications are used for HIV/AIDS?,1.0,1.0,1.0,8529,7110,1457,20957,1.3592,0.007436,10
4,A,RomeCombined,0.9,1.1,10,How is pneumonia diagnosed?,1.0,1.0,1.0,9465,7022,2569,22865,1.8867,0.005083,9
4,A,RomeCombined,0.9,1.1,10,What causes inflammatory bowel disease?,1.0,1.0,0.9111,8235,7499,1525,21153,1.7481,0.005531,10
4,A,RomeCombined,0.9,1.1,10,Describe treatment for chronic kidney disease,1.0,1.0,1.0,8328,7482,3271,22909,1.5048,0.010706,10
4,A,RomeCombined,0.9,1.1,10,What are symptoms of schizophrenia?,1.0,1.0,1.0,8376,6998,3221,22242,1.4708,0.006058,10
4,A,RomeCombined,0.9,1.1,10,How is bipolar disorder managed?,1.0,1.0,0.9556,8248,7144,1435,20731,1.8867,0.012313,10
4,A,RomeCombined,0.9,1.1,10,What causes psoriasis?,1.0,1.0,0.9111,8365,7319,1540,21208,1.5048,0.011511,10
4,A,RomeCombined,0.9,1.1,10,Describe sepsis treatment,1.0,0.9999,0.9111,8770,7193,1464,21306,1.7481,0.010473,10
4,A,RomeCombined,0.9,1.1,10,What are risk factors for cancer?,1.0,1.0,1.0,8376,7500,1605,21369,2.164,0.002665,10
4,A,RomeCombined,0.9,1.1,10,How is ALS diagnosed?,1.0,1.0,0.9556,8039,7170,1469,20620,1.6957,0.005284,10
4,A,Ckks,1.0,1.0,10,What are the symptoms of type 2 diabetes?,1.0,1.0,1.0,12059,5,106407038,106423479,1.4708,0.010063,10
4,A,Ckks,1.0,1.0,10,How is hypertension treated?,1.0,1.0,1.0,8879,4,106965428,106978631,2.0253,0.008239,10
4,A,Ckks,1.0,1.0,10,What causes heart failure?,1.0,1.0,1.0,8366,4,106710463,106722853,2.0253,0.007888,10
4,A,Ckks,1.0,1.0,10,Describe the symptoms of lupus,1.0,1.0,1.0,8803,4,106621250,106634113,1.6094,0.016206,10
4,A,Ckks,1.0,1.0,10,What medications treat depression?,1.0,1.0,1.0,8539,4,106615418,106628349,2.0253,0.008015,10
4,A,Ckks,1.0,1.0,10,How does Alzheimer's disease progress?,1.0,1.0,1.0,8686,4,106596375,106609362,1.6094,0.012835,10
4,A,Ckks,1.0,1.0,10,What are risk factors for stroke?,1.0,1.0,1.0,8231,4,106679352,106691432,1.3592,0.007561,10
4,A,Ckks,1.0,1.0,10,How is asthma managed long-term?,1.0,1.0,1.0,8494,4,106709411,106722162,1.8344,0.006175,10
4,A,Ckks,1.0,1.0,10,What are signs of kidney disease?,1.0,1.0,1.0,8457,4,106599850,106612552,1.8344,0.006977,10
4,A,Ckks,1.0,1.0,10,Describe rheumatoid arthritis treatment,1.0,1.0,1.0,8861,4,106711597,106724584,1.8344,0.011109,10
4,A,Ckks,1.0,1.0,10,What causes Parkinson's disease?,1.0,1.0,1.0,8348,4,106781178,106793447,1.8344,0.010504,10
4,A,Ckks,1.0,1.0,10,How is multiple sclerosis diagnosed?,1.0,1.0,1.0,8445,4,106798474,106811044,1.7481,0.018415,10
4,A,Ckks,1.0,1.0,10,What are symptoms of anemia?,1.0,1.0,1.0,8557,4,106709375,106722204,1.6094,0.015431,10
4,A,Ckks,1.0,1.0,10,How is hypothyroidism treated?,1.0,1.0,1.0,8688,4,106705811,106718803,1.8867,0.015584,10
4,A,Ckks,1.0,1.0,10,What causes chronic pain?,1.0,1.0,1.0,8203,4,106723759,106736230,2.164,0.001157,10
4,A,Ckks,1.0,1.0,10,Describe COPD management,1.0,1.0,1.0,8493,4,106715289,106727917,1.1683,0.01493,10
4,A,Ckks,1.0,1.0,10,What are signs of liver disease?,1.0,1.0,1.0,8473,4,106965532,106978117,2.164,0.005875,10
4,A,Ckks,1.0,1.0,10,How is epilepsy treated?,1.0,1.0,1.0,8232,4,106617683,106630021,1.2275,0.009159,10
4,A,Ckks,1.0,1.0,10,What causes osteoporosis?,1.0,1.0,1.0,8372,4,106777895,106790307,1.7481,0.011225,10
4,A,Ckks,1.0,1.0,10,Describe symptoms of anxiety disorder,1.0,1.0,1.0,8420,5,106563981,106576643,1.6957,0.009914,10
4,A,Ckks,1.0,1.0,10,What medications are used for HIV/AIDS?,1.0,1.0,1.0,8353,5,106543209,106555983,1.3592,0.007531,10
4,A,Ckks,1.0,1.0,10,How is pneumonia diagnosed?,1.0,1.0,1.0,8465,4,106760597,106773234,1.6957,0.005147,10
4,A,Ckks,1.0,1.0,10,What causes inflammatory bowel disease?,1.0,1.0,1.0,8243,4,106623771,106636574,1.8344,0.00574,9
4,A,Ckks,1.0,1.0,10,Describe treatment for chronic kidney disease,1.0,1.0,1.0,8582,4,106966021,106978930,1.5048,0.010771,10
4,A,Ckks,1.0,1.0,10,What are symptoms of schizophrenia?,1.0,1.0,1.0,8539,4,106976508,106989410,1.6957,0.006151,10
4,A,Ckks,1.0,1.0,10,How is bipolar disorder managed?,1.0,1.0,1.0,8815,4,106591359,106604320,1.8867,0.012468,10
4,A,Ckks,1.0,1.0,10,What causes psoriasis?,1.0,1.0,1.0,8629,4,106565116,106577806,1.5048,0.01178,10
4,A,Ckks,1.0,1.0,10,Describe sepsis treatment,1.0,1.0,1.0,8478,4,106577206,106589788,1.7481,0.010708,10
4,A,Ckks,1.0,1.0,10,What are risk factors for cancer?,1.0,1.0,1.0,8479,4,106536139,106548575,2.0253,0.002693,10
4,A,Ckks,1.0,1.0,10,How is ALS diagnosed?,1.0,1.0,1.0,8632,4,106685673,106698109,1.6094,0.005529,10
4,A,CkksCombined,0.9,1.1,10,What are the symptoms of type 2 diabetes?,1.0,1.0,0.9556,12212,45,106712292,106728530,1.6957,0.010007,10
4,A,CkksCombined,0.9,1.1,10,How is hypertension treated?,1.0,1.0,1.0,9835,105,106737922,106751925,2.0253,0.008032,10
4,A,CkksCombined,0.9,1.1,10,What causes heart failure?,1.0,1.0,1.0,9410,44,106646002,106659630,1.8867,0.007928,10
4,A,CkksCombined,0.9,1.1,10,Describe the symptoms of lupus,1.0,1.0,1.0,8958,107,106590079,106603396,1.6094,0.016115,10
4,A,CkksCombined,0.9,1.1,10,What medications treat depression?,1.0,1.0,1.0,8216,43,106689556,106701910,2.0253,0.007987,10
4,A,CkksCombined,0.9,1.1,10,How does Alzheimer's disease progress?,1.0,1.0,1.0,8550,44,106439871,106452910,1.6094,0.012721,10
4,A,CkksCombined,0.9,1.1,10,What are risk factors for stroke?,0.9,0.9501,1.0,9221,56,106792554,106805949,1.3592,0.007341,10
4,A,CkksCombined,0.9,1.1,10,How is asthma managed long-term?,1.0,1.0,1.0,9186,43,106716255,106729506,1.8344,0.006101,10
4,A,CkksCombined,0.9,1.1,10,What are signs of kidney disease?,1.0,1.0,1.0,8544,57,106622973,106636025,1.8344,0.006891,10
4,A,CkksCombined,0.9,1.1,10,Describe rheumatoid arthritis treatment,1.0,1.0,1.0,10137,43,106614032,106628693,1.8344,0.010835,10
4,A,CkksCombined,0.9,1.1,10,What causes Parkinson's disease?,1.0,1.0,1.0,8459,45,106756638,106769067,1.8344,0.010203,10
4,A,CkksCombined,0.9,1.1,10,How is multiple sclerosis diagnosed?,1.0,1.0,0.9556,8332,45,106612941,106625334,1.7481,0.018195,10
4,A,CkksCombined,0.9,1.1,10,What are symptoms of anemia?,1.0,1.0,1.0,8633,44,106657391,106669941,1.6094,0.015117,10
4,A,CkksCombined,0.9,1.1,10,How is hypothyroidism treated?,1.0,1.0,1.0,8534,56,106796272,106809061,1.8867,0.015558,10
4,A,CkksCombined,0.9,1.1,10,What causes chronic pain?,1.0,1.0,1.0,8760,108,106712055,106724976,1.8867,0.001146,10
4,A,CkksCombined,0.9,1.1,10,Describe COPD management,1.0,1.0,1.0,9388,108,106704192,106718169,1.1683,0.014596,10
4,A,CkksCombined,0.9,1.1,10,What are signs of liver disease?,1.0,1.0,1.0,8594,43,106797594,106810426,2.164,0.005847,10
4,A,CkksCombined,0.9,1.1,10,How is epilepsy treated?,1.0,1.0,0.9556,8439,43,106295487,106308409,1.3592,0.009158,10
4,A,CkksCombined,0.9,1.1,10,What causes osteoporosis?,1.0,1.0,1.0,8658,43,106837255,106849585,1.7481,0.011189,10
4,A,CkksCombined,0.9,1.1,10,Describe symptoms of anxiety disorder,1.0,1.0,1.0,8392,44,106712208,106724927,1.6957,0.009855,10
4,A,CkksCombined,0.9,1.1,10,What medications are used for HIV/AIDS?,1.0,1.0,1.0,8703,44,106804150,106817277,1.3592,0.007329,10
4,A,CkksCombined,0.9,1.1,10,How is pneumonia diagnosed?,1.0,1.0,1.0,8382,43,106485982,106498239,1.7481,0.004928,10
4,A,CkksCombined,0.9,1.1,10,What causes inflammatory bowel disease?,1.0,1.0,0.9556,8501,43,106573903,106586715,1.6094,0.005552,10
4,A,CkksCombined,0.9,1.1,10,Describe treatment for chronic kidney disease,1.0,1.0,1.0,8216,44,106612107,106624747,1.5048,0.010718,10
4,A,CkksCombined,0.9,1.1,10,What are symptoms of schizophrenia?,1.0,1.0,1.0,8722,44,106841261,106854237,1.6434,0.006198,10
4,A,CkksCombined,0.9,1.1,10,How is bipolar disorder managed?,1.0,1.0,1.0,8537,43,106513025,106525514,1.8867,0.012362,10
4,A,CkksCombined,0.9,1.1,10,What causes psoriasis?,1.0,0.9999,0.8667,8612,44,106803247,106815710,1.5048,0.011751,10
4,A,CkksCombined,0.9,1.1,10,Describe sepsis treatment,1.0,1.0,1.0,9642,47,106806476,106819917,1.7481,0.010547,10
4,A,CkksCombined,0.9,1.1,10,What are risk factors for cancer?,1.0,1.0,1.0,8358,44,106381135,106393689,2.164,0.002694,10
4,A,CkksCombined,0.9,1.1,10,How is ALS diagnosed?,1.0,1.0,0.9111,8273,43,106559262,106571562,1.6434,0.005452,10
5,A,Scrambling,0.9,1.1,10,What are the symptoms of type 2 diabetes?,1.0,1.0,1.0,19409,153,3046,32583,1.4708,0.010063,10
5,A,Scrambling,0.9,1.1,10,How is hypertension treated?,1.0,1.0,1.0,18129,133,4597,32652,2.0253,0.008239,10
5,A,Scrambling,0.9,1.1,10,What causes heart failure?,1.0,1.0,1.0,18422,132,3275,32095,2.0253,0.007888,10
5,A,Scrambling,0.9,1.1,10,Describe the symptoms of lupus,1.0,1.0,1.0,17917,132,3588,31652,1.6094,0.016206,10
5,A,Scrambling,0.9,1.1,10,What medications treat depression?,1.0,1.0,1.0,18285,133,3209,32281,2.0253,0.008015,10
5,A,Scrambling,0.9,1.1,10,How does Alzheimer's disease progress?,1.0,1.0,1.0,18977,136,2998,32337,1.6094,0.012835,10
5,A,Scrambling,0.9,1.1,10,What are risk factors for stroke?,1.0,1.0,1.0,18703,133,3173,32468,1.3592,0.007561,10
5,A,Scrambling,0.9,1.1,10,How is asthma managed long-term?,1.0,1.0,1.0,20988,132,3266,34654,1.8344,0.006175,10
5,A,Scrambling,0.9,1.1,10,What are signs of kidney disease?,1.0,1.0,1.0,17952,132,3001,30826,1.8344,0.006977,10
5,A,Scrambling,0.9,1.1,10,Describe rheumatoid arthritis treatment,1.0,1.0,1.0,19187,132,3123,33040,1.8344,0.011109,10
5,A,Scrambling,0.9,1.1,10,What causes Parkinson's disease?,1.0,1.0,1.0,18896,132,3229,32317,1.8344,0.010504,10
5,A,Scrambling,0.9,1.1,10,How is multiple sclerosis diagnosed?,1.0,1.0,1.0,19279,202,5514,35118,1.7481,0.018415,10
5,A,Scrambling,0.9,1.1,10,What are symptoms of anemia?,1.0,1.0,1.0,18942,132,3036,31756,1.6094,0.015431,10
5,A,Scrambling,0.9,1.1,10,How is hypothyroidism treated?,1.0,1.0,1.0,21174,125,2988,33984,1.8867,0.015584,10
5,A,Scrambling,0.9,1.1,10,What causes chronic pain?,1.0,1.0,1.0,19533,236,5127,34110,2.164,0.001157,10
5,A,Scrambling,0.9,1.1,10,Describe COPD management,1.0,1.0,1.0,19104,194,3997,30094,1.1683,0.01493,10
5,A,Scrambling,0.9,1.1,10,What are signs of liver disease?,1.0,1.0,1.0,12043,66,2721,19749,2.164,0.005875,10
5,A,Scrambling,0.9,1.1,10,How is epilepsy treated?,1.0,1.0,1.0,8901,54,2965,16070,1.2275,0.009159,10
5,A,Scrambling,0.9,1.1,10,What causes osteoporosis?,1.0,1.0,1.0,8451,54,1206,13504,1.7481,0.011225,10
5,A,Scrambling,0.9,1.1,10,Describe symptoms of anxiety disorder,1.0,1.0,1.0,8385,54,1348,13512,1.6957,0.009914,10
5,A,Scrambling,0.9,1.1,10,What medications are used for HIV/AIDS?,1.0,1.0,1.0,8884,54,1230,14061,1.3592,0.007531,10
5,A,Scrambling,0.9,1.1,10,How is pneumonia diagnosed?,1.0,1.0,1.0,8828,141,1609,14245,1.6957,0.005147,10
5,A,Scrambling,0.9,1.1,10,What causes inflammatory bowel disease?,1.0,1.0,1.0,8484,54,2009,14385,1.8344,0.00574,9
5,A,Scrambling,0.9,1.1,10,Describe treatment for chronic kidney disease,1.0,1.0,1.0,8674,140,2139,14870,1.5048,0.010771,10
5,A,Scrambling,0.9,1.1,10,What are symptoms of schizophrenia?,1.0,1.0,1.0,8361,54,1328,13660,1.6957,0.006151,10
5,A,Scrambling,0.9,1.1,10,How is bipolar disorder managed?,1.0,1.0,1.0,8371,54,2091,14254,1.8867,0.012468,10
5,A,Scrambling,0.9,1.1,10,What causes psoriasis?,1.0,1.0,1.0,8242,54,1274,13674,1.5048,0.01178,10
5,A,Scrambling,0.9,1.1,10,Describe sepsis treatment,1.0,1.0,1.0,8648,55,1201,13989,1.7481,0.010708,10
5,A,Scrambling,0.9,1.1,10,What are risk factors for cancer?,1.0,1.0,1.0,8537,55,1208,13660,2.0253,0.002693,10
5,A,Scrambling,0.9,1.1,10,How is ALS diagnosed?,1.0,1.0,1.0,8789,54,1321,13878,1.6094,0.005529,10
5,A,Noise,0.9,1.1,10,What are the symptoms of type 2 diabetes?,1.0,1.0,1.0,18801,228,2997,32225,1.7481,0.009967,10
5,A,Noise,0.9,1.1,10,How is hypertension treated?,1.0,1.0,1.0,18351,228,3240,32171,2.0253,0.007955,10
5,A,Noise,0.9,1.1,10,What causes heart failure?,1.0,0.9996,0.9556,18570,228,3351,31402,2.0253,0.007564,10
5,A,Noise,0.9,1.1,10,Describe the symptoms of lupus,1.0,1.0,0.9556,18300,227,5389,34259,1.6094,0.016036,10
5,A,Noise,0.9,1.1,10,What medications treat depression?,1.0,1.0,1.0,18511,229,3022,32226,2.0253,0.007926,10
5,A,Noise,0.9,1.1,10,How does Alzheimer's disease progress?,1.0,1.0,0.9556,18931,229,5064,34443,1.6094,0.012868,10
5,A,Noise,0.9,1.1,10,What are risk factors for stroke?,1.0,1.0,0.8667,19232,228,3017,32685,1.3592,0.007487,9
5,A,Noise,0.9,1.1,10,How is asthma managed long-term?,1.0,1.0,1.0,18961,229,2985,32744,1.8344,0.005999,10
5,A,Noise,0.9,1.1,10,What are signs of kidney disease?,0.9,0.9497,1.0,19294,493,3975,33827,2.0253,0.006996,10
5,A,Noise,0.9,1.1,10,Describe rheumatoid arthritis treatment,1.0,1.0,1.0,18799,328,2983,31747,1.8344,0.011122,10
5,A,Noise,0.9,1.1,10,What causes Parkinson's disease?,1.0,1.0,0.9556,18739,228,3019,32441,1.8344,0.01022,10
5,A,Noise,0.9,1.1,10,How is multiple sclerosis diagnosed?,1.0,1.0,1.0,18736,241,3045,32444,1.973,0.01811,10
5,A,Noise,0.9,1.1,10,What are symptoms of anemia?,1.0,1.0,0.9556,19390,229,2961,32999,1.4185,0.015134,10
5,A,Noise,0.9,1.1,10,How is hypothyroidism treated?,1.0,1.0,0.9556,18705,648,5541,35516,1.8867,0.015469,10
5,A,Noise,0.9,1.1,10,What causes chronic pain?,1.0,1.0,1.0,22273,419,5194,38240,2.164,0.001157,10
5,A,Noise,0.9,1.1,10,Describe COPD management,1.0,1.0,1.0,20721,315,4082,32425,1.1683,0.014554,10
5,A,Noise,0.9,1.1,10,What are signs of liver disease?,1.0,1.0,1.0,13201,118,2945,21807,2.164,0.005537,10
5,A,Noise,0.9,1.1,10,How is epilepsy treated?,1.0,1.0,0.9556,10630,167,2079,17194,1.3592,0.008863,9
5,A,Noise,0.9,1.1,10,What causes osteoporosis?,1.0,1.0,1.0,9544,92,2002,15313,1.7481,0.011145,10
5,A,Noise,0.9,1.1,10,Describe symptoms of anxiety disorder,1.0,1.0,1.0,9343,158,1936,15197,1.6957,0.009689,10
5,A,Noise,0.9,1.1,10,What medications are used for HIV/AIDS?,1.0,1.0,1.0,9662,93,1977,15747,1.3592,0.007559,10
5,A,Noise,0.9,1.1,10,How is pneumonia diagnosed?,1.0,0.9999,0.9111,8572,97,1687,13915,1.5571,0.00502,10
5,A,Noise,0.9,1.1,10,What causes inflammatory bowel disease?,1.0,1.0,0.9556,8124,87,2005,14107,1.8867,0.005589,10
5,A,Noise,0.9,1.1,10,Describe treatment for chronic kidney disease,1.0,1.0,0.9556,8312,102,1328,13892,1.5048,0.010617,10
5,A,Noise,0.9,1.1,10,What are symptoms of schizophrenia?,0.9,0.9466,0.9444,8656,243,2018,14710,1.6434,0.005928,10
5,A,Noise,0.9,1.1,10,How is bipolar disorder managed?,1.0,1.0,0.9556,9128,94,2114,15062,1.8867,0.0123,10
5,A,Noise,0.9,1.1,10,What causes psoriasis?,1.0,1.0,1.0,8347,92,1432,13855,1.5048,0.011367,10
5,A,Noise,0.9,1.1,10,Describe sepsis treatment,0.9,0.9601,0.9444,8322,93,1233,13708,1.7481,0.01044,10
5,A,Noise,0.9,1.1,10,What are risk factors for cancer?,1.0,1.0,1.0,8359,92,2375,14600,2.0253,0.002619,10
5,A,Noise,0.9,1.1,10,How is ALS diagnosed?,1.0,1.0,0.9556,8073,92,1271,13363,1.6957,0.005565,10
5,A,Combined,0.9,1.1,10,What are the symptoms of type 2 diabetes?,0.9,0.9512,1.0,19612,640,3129,33334,1.6957,0.009945,10
5,A,Combined,0.9,1.1,10,How is hypertension treated?,1.0,1.0,1.0,20757,645,5572,36858,2.0253,0.008144,10
5,A,Combined,0.9,1.1,10,What causes heart failure?,1.0,1.0,1.0,18437,228,3147,31893,2.0253,0.007662,10
5,A,Combined,0.9,1.1,10,Describe the symptoms of lupus,1.0,1.0,1.0,18382,229,5389,34304,1.6094,0.015672,10
5,A,Combined,0.9,1.1,10,What medications treat depression?,1.0,0.9999,0.9556,18862,227,3051,32344,2.0253,0.007773,10
5,A,Combined,0.9,1.1,10,How does Alzheimer's disease progress?,1.0,1.0,0.9556,18602,263,3163,32353,1.6094,0.012802,10
5,A,Combined,0.9,1.1,10,What are risk factors for stroke?,1.0,1.0,0.9111,18967,362,5361,34731,1.4979,0.007381,10
5,A,Combined,0.9,1.1,10,How is asthma managed long-term?,1.0,1.0,1.0,18599,229,4673,33869,1.8344,0.006103,10
5,A,Combined,0.9,1.1,10,What are signs of kidney disease?,0.9,0.9497,1.0,18651,229,2985,32065,1.8344,0.006789,10
5,A,Combined,0.9,1.1,10,Describe rheumatoid arthritis treatment,1.0,1.0,1.0,18129,229,3583,31926,1.8344,0.011051,10
5,A,Combined,0.9,1.1,10,What causes Parkinson's disease?,1.0,1.0,0.9556,22205,228,3303,35392,1.8344,0.01051,10
5,A,Combined,0.9,1.1,10,How is multiple sclerosis diagnosed?,1.0,1.0,1.0,18749,251,5485,34619,1.973,0.018048,10
5,A,Combined,0.9,1.1,10,What are symptoms of anemia?,1.0,1.0,0.9111,18164,227,2987,31820,1.6094,0.015253,10
5,A,Combined,0.9,1.1,10,How is hypothyroidism treated?,1.0,1.0,1.0,18210,215,5085,32710,1.8867,0.015773,10
5,A,Combined,0.9,1.1,10,What causes chronic pain?,1.0,1.0,1.0,17555,216,2829,29891,2.164,0.001134,10
5,A,Combined,0.9,1.1,10,Describe COPD management,1.0,1.0,1.0,17371,216,3058,30139,1.1683,0.014601,10
5,A,Combined,0.9,1.1,10,What are signs of liver disease?,1.0,1.0,1.0,19693,216,2819,32565,2.164,0.005975,10
5,A,Combined,0.9,1.1,10,How is epilepsy treated?,1.0,1.0,1.0,18357,242,5340,33738,1.3592,0.009089,10
5,A,Combined,0.9,1.1,10,What causes osteoporosis?,1.0,1.0,1.0,18710,215,2814,31441,1.6094,0.010819,10
5,A,Combined,0.9,1.1,10,Describe symptoms of anxiety disorder,1.0,1.0,1.0,17386,215,2853,29881,1.6957,0.009525,10
5,A,Combined,0.9,1.1,10,What medications are used for HIV/AIDS?,1.0,1.0,1.0,18180,215,2951,31464,1.3592,0.007464,10
5,A,Combined,0.9,1.1,10,How is pneumonia diagnosed?,1.0,1.0,0.9556,17470,216,3242,30541,1.5571,0.005067,10
5,A,Combined,0.9,1.1,10,What causes inflammatory bowel disease?,1.0,1.0,1.0,17408,215,5050,32190,1.8867,0.005604,10
5,A,Combined,0.9,1.1,10,Describe treatment for chronic kidney disease,1.0,1.0,1.0,17841,214,2846,30304,1.5048,0.010601,10
5,A,Combined,0.9,1.1,10,What are symptoms of schizophrenia?,1.0,1.0,0.9556,17361,215,5111,31970,1.6434,0.005912,10
5,A,Combined,0.9,1.1,10,How is bipolar disorder managed?,1.0,1.0,1.0,18021,215,2972,30863,1.7481,0.012657,10
5,A,Combined,0.9,1.1,10,What causes psoriasis?,1.0,1.0,1.0,18789,215,3108,31749,1.5048,0.011653,10
5,A,Combined,0.9,1.1,10,Describe sepsis treatment,0.9,0.9601,0.9444,19069,215,2967,32017,1.7481,0.010608,10
5,A,Combined,0.9,1.1,10,What are risk factors for cancer?,1.0,1.0,1.0,17551,215,2821,30025,2.0253,0.002608,10
5,A,Combined,0.9,1.1,10,How is ALS diagnosed?,1.0,1.0,1.0,17834,439,5053,33010,1.6957,0.005355,10
5,A,Rome,1.0,1.0,10,What are the symptoms of type 2 diabetes?,1.0,1.0,1.0,19096,20031,3059,49273,1.4708,0.010063,10
5,A,Rome,1.0,1.0,10,How is hypertension treated?,1.0,1.0,1.0,12982,11942,2187,31472,2.0253,0.008239,10
5,A,Rome,1.0,1.0,10,What causes heart failure?,1.0,1.0,1.0,9418,7373,2648,23413,2.0253,0.007888,10
5,A,Rome,1.0,1.0,10,Describe the symptoms of lupus,1.0,1.0,1.0,8767,7630,1438,21509,1.6094,0.016206,10
5,A,Rome,1.0,1.0,10,What medications treat depression?,1.0,1.0,1.0,8300,7058,1428,20741,2.0253,0.008015,10
5,A,Rome,1.0,1.0,10,How does Alzheimer's disease progress?,1.0,1.0,1.0,8554,7339,1447,21269,1.6094,0.012835,10
5,A,Rome,1.0,1.0,10,What are risk factors for stroke?,1.0,1.0,1.0,8097,7178,1641,20921,1.3592,0.007561,10
5,A,Rome,1.0,1.0,10,How is asthma managed long-term?,1.0,1.0,1.0,8298,7064,1490,20748,1.8344,0.006175,10
5,A,Rome,1.0,1.0,10,What are signs of kidney disease?,1.0,1.0,1.0,8128,7296,1507,20727,1.8344,0.006977,10
5,A,Rome,1.0,1.0,10,Describe rheumatoid arthritis treatment,1.0,1.0,1.0,8656,7319,1506,21333,1.8344,0.011109,10
5,A,Rome,1.0,1.0,10,What causes Parkinson's disease?,1.0,1.0,1.0,8467,7729,2690,22646,1.8344,0.010504,10
5,A,Rome,1.0,1.0,10,How is multiple sclerosis diagnosed?,1.0,1.0,1.0,8503,7171,1570,20871,1.7481,0.018415,10
5,A,Rome,1.0,1.0,10,What are symptoms of anemia?,1.0,1.0,1.0,8493,7716,1603,21562,1.6094,0.015431,10
5,A,Rome,1.0,1.0,10,How is hypothyroidism treated?,1.0,1.0,1.0,9917,6995,2897,23273,1.8867,0.015584,10
5,A,Rome,1.0,1.0,10,What causes chronic pain?,1.0,1.0,1.0,8174,7287,1734,21107,2.164,0.001157,10
5,A,Rome,1.0,1.0,10,Describe COPD management,1.0,1.0,1.0,8168,8360,2740,23553,1.1683,0.01493,10
5,A,Rome,1.0,1.0,10,What are signs of liver disease?,1.0,1.0,1.0,8848,7343,1893,21895,2.164,0.005875,10
5,A,Rome,1.0,1.0,10,How is epilepsy treated?,1.0,1.0,1.0,8251,6992,2549,21324,1.2275,0.009159,10
5,A,Rome,1.0,1.0,10,What causes osteoporosis?,1.0,1.0,1.0,8361,6965,1582,20665,1.7481,0.011225,10
5,A,Rome,1.0,1.0,10,Describe symptoms of anxiety disorder,1.0,1.0,1.0,8882,7186,1572,21508,1.6957,0.009914,10
5,A,Rome,1.0,1.0,10,What medications are used for HIV/AIDS?,1.0,1.0,1.0,9044,7292,2581,23057,1.3592,0.007531,10
5,A,Rome,1.0,1.0,10,How is pneumonia diagnosed?,1.0,1.0,1.0,8258,7158,2576,21501,1.6957,0.005147,10
5,A,Rome,1.0,1.0,10,What causes inflammatory bowel disease?,1.0,1.0,1.0,8538,7125,1490,20767,1.8344,0.00574,9
5,A,Rome,1.0,1.0,10,Describe treatment for chronic kidney disease,1.0,1.0,1.0,8159,7183,2608,21641,1.5048,0.010771,10
5,A,Rome,1.0,1.0,10,What are symptoms of schizophrenia?,1.0,1.0,1.0,8272,6955,2565,21589,1.6957,0.006151,10
5,A,Rome,1.0,1.0,10,How is bipolar disorder managed?,1.0,1.0,1.0,8548,7954,2583,22823,1.8867,0.012468,10
5,A,Rome,1.0,1.0,10,What causes psoriasis?,1.0,1.0,1.0,8123,7268,2177,21498,1.5048,0.01178,10
5,A,Rome,1.0,1.0,10,Describe sepsis treatment,1.0,1.0,1.0,8092,7162,2537,21753,1.7481,0.010708,10
5,A,Rome,1.0,1.0,10,What are risk factors for cancer?,1.0,1.0,1.0,8217,7059,1440,20474,2.0253,0.002693,10
5,A,Rome,1.0,1.0,10,How is ALS diagnosed?,1.0,1.0,1.0,8132,6949,1527,20449,1.6094,0.005529,10
5,A,RomeCombined,0.9,1.1,10,What are the symptoms of type 2 diabetes?,1.0,1.0,1.0,18789,18978,3005,47227,1.6957,0.009859,10
5,A,RomeCombined,0.9,1.1,10,How is hypertension treated?,1.0,1.0,1.0,12572,12079,2227,32490,2.0253,0.00818,10
5,A,RomeCombined,0.9,1.1,10,What causes heart failure?,1.0,1.0,1.0,11032,9992,2014,28338,2.0253,0.007719,10
5,A,RomeCombined,0.9,1.1,10,Describe the symptoms of lupus,1.0,1.0,1.0,10713,9288,1729,25762,1.6094,0.016098,10
5,A,RomeCombined,0.9,1.1,10,What medications treat depression?,1.0,1.0,1.0,8413,7534,1625,21179,2.0253,0.007832,10
5,A,RomeCombined,0.9,1.1,10,How does Alzheimer's disease progress?,1.0,1.0,0.9556,8442,8976,1399,22449,1.6094,0.012375,10
5,A,RomeCombined,0.9,1.1,10,What are risk factors for stroke?,1.0,1.0,0.9111,8240,7009,1641,20624,1.3592,0.007734,10
5,A,RomeCombined,0.9,1.1,10,How is asthma managed long-term?,1.0,1.0,1.0,8201,7360,1514,20708,1.8344,0.006028,10
5,A,RomeCombined,0.9,1.1,10,What are signs of kidney disease?,0.9,0.9497,1.0,8669,7929,1400,22013,1.8344,0.006919,10
5,A,RomeCombined,0.9,1.1,10,Describe rheumatoid arthritis treatment,1.0,1.0,1.0,8652,7180,1532,21541,1.8344,0.011119,10
5,A,RomeCombined,0.9,1.1,10,What causes Parkinson's disease?,1.0,1.0,0.9556,8457,7063,2592,21831,1.8344,0.010291,10
5,A,RomeCombined,0.9,1.1,10,How is multiple sclerosis diagnosed?,1.0,1.0,1.0,8439,7033,1452,20810,1.7481,0.018238,10
5,A,RomeCombined,0.9,1.1,10,What are symptoms of anemia?,1.0,1.0,1.0,8210,7098,1425,20510,1.4185,0.015343,10
5,A,RomeCombined,0.9,1.1,10,How is hypothyroidism treated?,1.0,1.0,0.9556,8391,7278,1427,20622,1.8867,0.015395,10
5,A,RomeCombined,0.9,1.1,10,What causes chronic pain?,1.0,1.0,1.0,8940,7336,1570,22247,2.164,0.00117,10
5,A,RomeCombined,0.9,1.1,10,Describe COPD management,1.0,1.0,1.0,8800,7030,2600,22223,1.1683,0.014782,10
5,A,RomeCombined,0.9,1.1,10,What are signs of liver disease?,1.0,1.0,1.0,8343,7558,1647,21534,1.8344,0.005872,10
5,A,RomeCombined,0.9,1.1,10,How is epilepsy treated?,1.0,1.0,1.0,9157,7321,2665,22954,1.2275,0.008922,10
5,A,RomeCombined,0.9,1.1,10,What causes osteoporosis?,1.0,1.0,0.9556,8426,7511,1678,21348,1.7481,0.011032,10
5,A,RomeCombined,0.9,1.1,10,Describe symptoms of anxiety disorder,1.0,1.0,0.9556,8305,7428,2643,22330,1.6957,0.009802,10
5,A,RomeCombined,0.9,1.1,10,What medications are used for HIV/AIDS?,1.0,1.0,1.0,8405,7038,1448,20731,1.3592,0.007433,10
5,A,RomeCombined,0.9,1.1,10,How is pneumonia diagnosed?,1.0,1.0,0.9556,8090,7615,2084,21793,2.0253,0.005158,10
5,A,RomeCombined,0.9,1.1,10,What causes inflammatory bowel disease?,1.0,1.0,0.9111,8128,7116,2584,21652,1.7481,0.005487,9
5,A,RomeCombined,0.9,1.1,10,Describe treatment for chronic kidney disease,1.0,1.0,1.0,9058,7013,1430,21343,1.5048,0.010625,10
5,A,RomeCombined,0.9,1.1,10,What are symptoms of schizophrenia?,1.0,1.0,0.9556,8279,7127,2681,21918,1.6434,0.006075,10
5,A,RomeCombined,0.9,1.1,10,How is bipolar disorder managed?,1.0,1.0,1.0,8377,7189,1428,21070,1.8867,0.012273,10
5,A,RomeCombined,0.9,1.1,10,What causes psoriasis?,1.0,1.0,0.9556,8496,7237,3189,22816,1.5048,0.011719,10
5,A,RomeCombined,0.9,1.1,10,Describe sepsis treatment,1.0,1.0,0.9556,8007,7024,4337,23115,1.7481,0.010429,10
5,A,RomeCombined,0.9,1.1,10,What are risk factors for cancer?,1.0,1.0,1.0,8219,7481,1610,21114,2.164,0.002727,10
5,A,RomeCombined,0.9,1.1,10,How is ALS diagnosed?,1.0,1.0,1.0,8192,7334,1585,20530,1.6957,0.005361,10
5,A,Ckks,1.0,1.0,10,What are the symptoms of type 2 diabetes?,1.0,1.0,1.0,11837,5,106367024,106383273,1.4708,0.010063,10
5,A,Ckks,1.0,1.0,10,How is hypertension treated?,1.0,1.0,1.0,9121,4,106666344,106679495,2.0253,0.008239,10
5,A,Ckks,1.0,1.0,10,What causes heart failure?,1.0,1.0,1.0,8434,4,106738268,106750845,2.0253,0.007888,10
5,A,Ckks,1.0,1.0,10,Describe the symptoms of lupus,1.0,1.0,1.0,8455,4,106647719,106660255,1.6094,0.016206,10
5,A,Ckks,1.0,1.0,10,What medications treat depression?,1.0,1.0,1.0,8291,4,106773065,106785669,2.0253,0.008015,10
5,A,Ckks,1.0,1.0,10,How does Alzheimer's disease progress?,1.0,1.0,1.0,8481,4,106968021,106980819,1.6094,0.012835,10
5,A,Ckks,1.0,1.0,10,What are risk factors for stroke?,1.0,1.0,1.0,8446,5,106669009,106681782,1.3592,0.007561,10
5,A,Ckks,1.0,1.0,10,How is asthma managed long-term?,1.0,1.0,1.0,8596,4,106572921,106585821,1.8344,0.006175,10
5,A,Ckks,1.0,1.0,10,What are signs of kidney disease?,1.0,1.0,1.0,8402,4,106668701,106681577,1.8344,0.006977,10
5,A,Ckks,1.0,1.0,10,Describe rheumatoid arthritis treatment,1.0,1.0,1.0,8652,4,106803488,106816317,1.8344,0.011109,10
5,A,Ckks,1.0,1.0,10,What causes Parkinson's disease?,1.0,1.0,1.0,8648,4,106725608,106738316,1.8344,0.010504,10
5,A,Ckks,1.0,1.0,10,How is multiple sclerosis diagnosed?,1.0,1.0,1.0,8450,4,106541476,106553763,1.7481,0.018415,10
5,A,Ckks,1.0,1.0,10,What are symptoms of anemia?,1.0,1.0,1.0,9578,4,106844665,106858419,1.6094,0.015431,10
5,A,Ckks,1.0,1.0,10,How is hypothyroidism treated?,1.0,1.0,1.0,8616,4,106662285,106675003,1.8867,0.015584,10
5,A,Ckks,1.0,1.0,10,What causes chronic pain?,1.0,1.0,1.0,8183,4,106532342,106544991,2.164,0.001157,10
5,A,Ckks,1.0,1.0,10,Describe COPD management,1.0,1.0,1.0,8255,4,106696338,106708463,1.1683,0.01493,10
5,A,Ckks,1.0,1.0,10,What are signs of liver disease?,1.0,1.0,1.0,9686,4,106783447,106797606,2.164,0.005875,10
5,A,Ckks,1.0,1.0,10,How is epilepsy treated?,1.0,1.0,1.0,8530,4,106646055,106658726,1.2275,0.009159,10
5,A,Ckks,1.0,1.0,10,What causes osteoporosis?,1.0,1.0,1.0,8715,5,106605177,106618426,1.7481,0.011225,10
5,A,Ckks,1.0,1.0,10,Describe symptoms of anxiety disorder,1.0,1.0,1.0,8476,4,106669434,106681809,1.6957,0.009914,10
5,A,Ckks,1.0,1.0,10,What medications are used for HIV/AIDS?,1.0,1.0,1.0,8550,4,106760689,106773687,1.3592,0.007531,10
5,A,Ckks,1.0,1.0,10,How is pneumonia diagnosed?,1.0,1.0,1.0,8429,4,106578265,106590892,1.6957,0.005147,10
5,A,Ckks,1.0,1.0,10,What causes inflammatory bowel disease?,1.0,1.0,1.0,8438,4,107146762,107159164,1.8344,0.00574,9
5,A,Ckks,1.0,1.0,10,Describe treatment for chronic kidney disease,1.0,1.0,1.0,8426,4,106600793,106613132,1.5048,0.010771,10
5,A,Ckks,1.0,1.0,10,What are symptoms of schizophrenia?,1.0,1.0,1.0,8331,4,106663436,106676384,1.6957,0.006151,10
5,A,Ckks,1.0,1.0,10,How is bipolar disorder managed?,1.0,1.0,1.0,8567,4,106651077,106663679,1.8867,0.012468,10
5,A,Ckks,1.0,1.0,10,What causes psoriasis?,1.0,1.0,1.0,8525,5,106451570,106464240,1.5048,0.01178,10
5,A,Ckks,1.0,1.0,10,Describe sepsis treatment,1.0,1.0,1.0,8295,4,106745259,106757506,1.7481,0.010708,10
5,A,Ckks,1.0,1.0,10,What are risk factors for cancer?,1.0,1.0,1.0,8462,5,106814817,106827387,2.0253,0.002693,10
5,A,Ckks,1.0,1.0,10,How is ALS diagnosed?,1.0,1.0,1.0,8679,4,106838464,106851458,1.6094,0.005529,10
5,A,CkksCombined,0.9,1.1,10,What are the symptoms of type 2 diabetes?,1.0,1.0,1.0,11996,64,107117440,107133873,1.6957,0.009818,10
5,A,CkksCombined,0.9,1.1,10,How is hypertension treated?,1.0,1.0,1.0,9004,44,106829941,106843428,2.0253,0.008107,10
5,A,CkksCombined,0.9,1.1,10,What causes heart failure?,1.0,1.0,1.0,8393,43,106719865,106732389,2.0253,0.007981,10
5,A,CkksCombined,0.9,1.1,10,Describe the symptoms of lupus,1.0,1.0,1.0,8280,44,106635363,106647448,1.6094,0.015763,10
5,A,CkksCombined,0.9,1.1,10,What medications treat depression?,1.0,1.0,1.0,8317,44,106551446,106563755,2.0253,0.007808,10
5,A,CkksCombined,0.9,1.1,10,How does Alzheimer's disease progress?,1.0,1.0,0.9556,8453,45,106643221,106656137,1.6094,0.012645,10
5,A,CkksCombined,0.9,1.1,10,What are risk factors for stroke?,1.0,1.0,1.0,9215,46,106748964,106762530,1.4979,0.007371,10
5,A,CkksCombined,0.9,1.1,10,How is asthma managed long-term?,1.0,1.0,1.0,8461,44,106816286,106828596,1.8344,0.006216,10
5,A,CkksCombined,0.9,1.1,10,What are signs of kidney disease?,1.0,1.0,1.0,8707,107,106671372,106684078,1.8344,0.006844,10
5,A,CkksCombined,0.9,1.1,10,Describe rheumatoid arthritis treatment,1.0,1.0,1.0,8563,43,106480198,106493072,1.8344,0.010816,10
5,A,CkksCombined,0.9,1.1,10,What causes Parkinson's disease?,1.0,1.0,1.0,8721,108,106519846,106532764,1.8344,0.010539,10
5,A,CkksCombined,0.9,1.1,10,How is multiple sclerosis diagnosed?,1.0,1.0,1.0,9428,43,106598317,106611707,1.973,0.018582,10
5,A,CkksCombined,0.9,1.1,10,What are symptoms of anemia?,1.0,1.0,0.9556,8150,44,106584163,106596298,1.6094,0.015554,10
5,A,CkksCombined,0.9,1.1,10,How is hypothyroidism treated?,1.0,1.0,1.0,8651,44,106494625,106507504,1.8867,0.015727,10
5,A,CkksCombined,0.9,1.1,10,What causes chronic pain?,1.0,1.0,0.9556,8971,44,106842148,106855085,2.0253,0.001085,10
5,A,CkksCombined,0.9,1.1,10,Describe COPD management,1.0,1.0,1.0,8290,43,106645486,106658023,1.1683,0.01476,10
5,A,CkksCombined,0.9,1.1,10,What are signs of liver disease?,1.0,1.0,1.0,8474,44,106548525,106560899,2.0253,0.005857,10
5,A,CkksCombined,0.9,1.1,10,How is epilepsy treated?,1.0,1.0,0.9556,8725,44,106494569,106507620,1.3592,0.008699,10
5,A,CkksCombined,0.9,1.1,10,What causes osteoporosis?,1.0,1.0,0.9556,8762,108,106647174,106660281,1.7481,0.011162,10
5,A,CkksCombined,0.9,1.1,10,Describe symptoms of anxiety disorder,1.0,1.0,0.9556,8493,44,106675264,106687787,1.6957,0.009623,10
5,A,CkksCombined,0.9,1.1,10,What medications are used for HIV/AIDS?,1.0,1.0,1.0,8700,105,106631062,106644268,1.3592,0.007537,10
5,A,CkksCombined,0.9,1.1,10,How is pneumonia diagnosed?,1.0,1.0,0.9556,8634,43,106608634,106621287,2.0253,0.005069,10
5,A,CkksCombined,0.9,1.1,10,What causes inflammatory bowel disease?,1.0,1.0,1.0,9039,43,106631606,106644448,1.6957,0.005673,10
5,A,CkksCombined,0.9,1.1,10,Describe treatment for chronic kidney disease,1.0,1.0,1.0,8197,44,106729096,106741488,1.5048,0.010569,10
5,A,CkksCombined,0.9,1.1,10,What are symptoms of schizophrenia?,1.0,1.0,1.0,8346,44,106513681,106526705,1.6434,0.005956,10
5,A,CkksCombined,0.9,1.1,10,How is bipolar disorder managed?,1.0,1.0,1.0,8528,44,106790461,106803098,1.8867,0.011973,10
5,A,CkksCombined,0.9,1.1,10,What causes psoriasis?,1.0,1.0,0.9556,8277,44,106722052,106734632,1.5048,0.011517,10
5,A,CkksCombined,0.9,1.1,10,Describe sepsis treatment,1.0,1.0,0.9556,8487,44,106781579,106794295,1.7481,0.010658,10
5,A,CkksCombined,0.9,1.1,10,What are risk factors for cancer?,1.0,1.0,1.0,8396,44,106624232,106636764,2.164,0.002679,10
5,A,CkksCombined,0.9,1.1,10,How is ALS diagnosed?,1.0,1.0,1.0,8428,44,106647292,106659658,1.6434,0.005393,10
6,A,Scrambling,0.9,1.1,10,What are the symptoms of type 2 diabetes?,1.0,1.0,1.0,18900,134,5501,34899,1.4708,0.010063,10
6,A,Scrambling,0.9,1.1,10,How is hypertension treated?,1.0,1.0,1.0,18503,132,5506,34485,2.0253,0.008239,10
6,A,Scrambling,0.9,1.1,10,What causes heart failure?,1.0,1.0,1.0,18627,133,3087,31952,2.0253,0.007888,10
6,A,Scrambling,0.9,1.1,10,Describe the symptoms of lupus,1.0,1.0,1.0,18572,132,6021,35383,1.6094,0.016206,10
6,A,Scrambling,0.9,1.1,10,What medications treat depression?,1.0,1.0,1.0,20772,133,2933,33842,2.0253,0.008015,10
6,A,Scrambling,0.9,1.1,10,How does Alzheimer's disease progress?,1.0,1.0,1.0,18746,133,3154,32180,1.6094,0.012835,10
6,A,Scrambling,0.9,1.1,10,What are risk factors for stroke?,1.0,1.0,1.0,18638,133,4587,33697,1.3592,0.007561,10
6,A,Scrambling,0.9,1.1,10,How is asthma managed long-term?,1.0,1.0,1.0,21858,133,3017,35583,1.8344,0.006175,10
6,A,Scrambling,0.9,1.1,10,What are signs of kidney disease?,1.0,1.0,1.0,21000,133,3016,34661,1.8344,0.006977,10
6,A,Scrambling,0.9,1.1,10,Describe rheumatoid arthritis treatment,1.0,1.0,1.0,18569,132,3045,32205,1.8344,0.011109,10
6,A,Scrambling,0.9,1.1,10,What causes Parkinson's disease?,1.0,1.0,1.0,18144,205,3162,32160,1.8344,0.010504,10
6,A,Scrambling,0.9,1.1,10,How is multiple sclerosis diagnosed?,1.0,1.0,1.0,18547,133,3137,32229,1.7481,0.018415,10
6,A,Scrambling,0.9,1.1,10,What are symptoms of anemia?,1.0,1.0,1.0,18214,133,3181,31322,1.6094,0.015431,10
6,A,Scrambling,0.9,1.1,10,How is hypothyroidism treated?,1.0,1.0,1.0,18858,135,3024,32322,1.8867,0.015584,10
6,A,Scrambling,0.9,1.1,10,What causes chronic pain?,1.0,1.0,1.0,18209,135,3006,31815,2.164,0.001157,10
6,A,Scrambling,0.9,1.1,10,Describe COPD management,1.0,1.0,1.0,17882,131,3095,31393,1.1683,0.01493,10
6,A,Scrambling,0.9,1.1,10,What are signs of liver disease?,1.0,1.0,1.0,18438,126,3016,31410,2.164,0.005875,10
6,A,Scrambling,0.9,1.1,10,How is epilepsy treated?,1.0,1.0,1.0,19201,355,3171,33251,1.2275,0.009159,10
6,A,Scrambling,0.9,1.1,10,What causes osteoporosis?,1.0,1.0,1.0,18018,133,3019,31566,1.7481,0.011225,10
6,A,Scrambling,0.9,1.1,10,Describe symptoms of anxiety disorder,1.0,1.0,1.0,17968,125,2989,30857,1.6957,0.009914,10
6,A,Scrambling,0.9,1.1,10,What medications are used for HIV/AIDS?,1.0,1.0,1.0,17392,124,5196,32483,1.3592,0.007531,10
6,A,Scrambling,0.9,1.1,10,How is pneumonia diagnosed?,1.0,1.0,1.0,19222,126,3025,31847,1.6957,0.005147,10
6,A,Scrambling,0.9,1.1,10,What causes inflammatory bowel disease?,1.0,1.0,1.0,20014,170,4988,35192,1.8344,0.00574,9
6,A,Scrambling,0.9,1.1,10,Describe treatment for chronic kidney disease,1.0,1.0,1.0,19633,125,5063,34464,1.5048,0.010771,10
6,A,Scrambling,0.9,1.1,10,What are symptoms of schizophrenia?,1.0,1.0,1.0,18437,128,5257,33746,1.6957,0.006151,10
6,A,Scrambling,0.9,1.1,10,How is bipolar disorder managed?,1.0,1.0,1.0,18097,124,5066,33427,1.8867,0.012468,10
6,A,Scrambling,0.9,1.1,10,What causes psoriasis?,1.0,1.0,1.0,17375,126,2860,29740,1.5048,0.01178,10
6,A,Scrambling,0.9,1.1,10,Describe sepsis treatment,1.0,1.0,1.0,16505,126,3620,29922,1.7481,0.010708,10
6,A,Scrambling,0.9,1.1,10,What are risk factors for cancer?,1.0,1.0,1.0,19570,124,2874,32085,2.0253,0.002693,10
6,A,Scrambling,0.9,1.1,10,How is ALS diagnosed?,1.0,1.0,1.0,17287,124,2821,29702,1.6094,0.005529,10
6,A,Noise,0.9,1.1,10,What are the symptoms of type 2 diabetes?,1.0,1.0,0.9556,18905,264,3042,32288,1.6957,0.010074,10
6,A,Noise,0.9,1.1,10,How is hypertension treated?,1.0,1.0,1.0,20032,229,3265,33740,2.0253,0.008167,10
6,A,Noise,0.9,1.1,10,What causes heart failure?,1.0,1.0,1.0,18177,228,3084,32041,2.0253,0.007754,10
6,A,Noise,0.9,1.1,10,Describe the symptoms of lupus,1.0,1.0,0.9556,18727,230,3097,32368,1.6094,0.015833,10
6,A,Noise,0.9,1.1,10,What medications treat depression?,1.0,1.0,1.0,17900,229,4341,32858,2.0253,0.007786,10
6,A,Noise,0.9,1.1,10,How does Alzheimer's disease progress?,1.0,1.0,0.9111,19017,229,3048,32323,1.6434,0.012948,10
6,A,Noise,0.9,1.1,10,What are risk factors for stroke?,1.0,0.9999,0.8222,18137,229,4371,33205,1.3592,0.007485,10
6,A,Noise,0.9,1.1,10,How is asthma managed long-term?,1.0,1.0,0.9556,18562,229,4619,34032,1.8344,0.006054,10
6,A,Noise,0.9,1.1,10,What are signs of kidney disease?,0.9,0.9497,1.0,18613,228,2959,31814,2.164,0.00695,10
6,A,Noise,0.9,1.1,10,Describe rheumatoid arthritis treatment,1.0,1.0,1.0,18579,229,3902,33078,1.8344,0.011087,10
6,A,Noise,0.9,1.1,10,What causes Parkinson's disease?,1.0,1.0,1.0,18865,229,2985,32161,1.8344,0.010313,10
6,A,Noise,0.9,1.1,10,How is multiple sclerosis diagnosed?,1.0,1.0,1.0,18508,228,3115,32094,1.973,0.018206,10
6,A,Noise,0.9,1.1,10,What are symptoms of anemia?,1.0,1.0,1.0,18710,248,3269,32640,1.6094,0.014978,10
6,A,Noise,0.9,1.1,10,How is hypothyroidism treated?,1.0,1.0,1.0,19634,259,3018,33628,1.8867,0.014916,10
6,A,Noise,0.9,1.1,10,What causes chronic pain?,1.0,1.0,1.0,18887,649,5614,35649,2.164,0.001146,10
6,A,Noise,0.9,1.1,10,Describe COPD management,1.0,1.0,1.0,17890,259,5418,33606,1.1683,0.014582,10
6,A,Noise,0.9,1.1,10,What are signs of liver disease?,1.0,1.0,1.0,19507,229,3178,33261,2.0253,0.005718,10
6,A,Noise,0.9,1.1,10,How is epilepsy treated?,1.0,1.0,1.0,18469,245,3359,32138,1.2275,0.008846,10
6,A,Noise,0.9,1.1,10,What causes osteoporosis?,1.0,1.0,0.9556,18672,230,3133,32015,1.6094,0.011087,10
6,A,Noise,0.9,1.1,10,Describe symptoms of anxiety disorder,1.0,1.0,1.0,18106,316,4718,33196,1.6957,0.0097,10
6,A,Noise,0.9,1.1,10,What medications are used for HIV/AIDS?,1.0,1.0,1.0,19190,646,3349,33575,1.6094,0.007477,10
6,A,Noise,0.9,1.1,10,How is pneumonia diagnosed?,1.0,1.0,1.0,18168,228,3830,32318,2.0253,0.005054,10
6,A,Noise,0.9,1.1,10,What causes inflammatory bowel disease?,1.0,1.0,0.9111,18556,215,2826,31040,1.8344,0.005663,10
6,A,Noise,0.9,1.1,10,Describe treatment for chronic kidney disease,1.0,1.0,0.9556,17191,215,3146,30045,1.5048,0.010678,10
6,A,Noise,0.9,1.1,10,What are symptoms of schizophrenia?,1.0,1.0,0.9556,19917,215,4048,33694,1.4708,0.006053,10
6,A,Noise,0.9,1.1,10,How is bipolar disorder managed?,1.0,1.0,1.0,17263,216,4768,31772,1.8867,0.012423,10
6,A,Noise,0.9,1.1,10,What causes psoriasis?,1.0,1.0,0.9556,17551,240,5101,32189,1.5048,0.011389,10
6,A,Noise,0.9,1.1,10,Describe sepsis treatment,0.9,0.9601,0.9444,17117,251,2833,29873,1.7481,0.010625,10
6,A,Noise,0.9,1.1,10,What are risk factors for cancer?,1.0,0.9998,0.9556,16696,215,2862,29297,2.0253,0.002574,10
6,A,Noise,0.9,1.1,10,How is ALS diagnosed?,1.0,1.0,1.0,19903,215,3218,32650,1.6094,0.005391,10
6,A,Combined,0.9,1.1,10,What are the symptoms of type 2 diabetes?,1.0,1.0,0.9111,18585,229,2997,31906,1.6957,0.009835,10
6,A,Combined,0.9,1.1,10,How is hypertension treated?,1.0,1.0,1.0,18377,230,3745,32643,2.0253,0.007912,10
6,A,Combined,0.9,1.1,10,What causes heart failure?,1.0,1.0,1.0,18083,229,3922,32321,2.0253,0.007808,10
6,A,Combined,0.9,1.1,10,Describe the symptoms of lupus,0.9,0.9534,1.0,18341,228,3597,31888,1.6094,0.016132,10
6,A,Combined,0.9,1.1,10,What medications treat depression?,0.9,0.9609,1.0,18218,258,3017,31448,2.0253,0.007899,10
6,A,Combined,0.9,1.1,10,How does Alzheimer's disease progress?,1.0,1.0,1.0,18458,262,3168,32110,1.6094,0.012407,10
6,A,Combined,0.9,1.1,10,What are risk factors for stroke?,1.0,1.0,1.0,19114,228,3088,32476,1.3592,0.007569,10
6,A,Combined,0.9,1.1,10,How is asthma managed long-term?,1.0,1.0,1.0,18410,229,3832,32803,1.8344,0.00603,10
6,A,Combined,0.9,1.1,10,What are signs of kidney disease?,0.9,0.9497,1.0,18407,228,3746,32414,1.8344,0.006654,10
6,A,Combined,0.9,1.1,10,Describe rheumatoid arthritis treatment,1.0,1.0,1.0,18649,229,3113,32483,1.8344,0.010774,10
6,A,Combined,0.9,1.1,10,What causes Parkinson's disease?,1.0,1.0,1.0,20718,229,3260,34407,1.8344,0.010204,10
6,A,Combined,0.9,1.1,10,How is multiple sclerosis diagnosed?,1.0,1.0,1.0,19155,229,3577,32877,1.973,0.018204,10
6,A,Combined,0.9,1.1,10,What are symptoms of anemia?,1.0,1.0,0.9556,18121,228,3571,32247,1.6094,0.014861,10
6,A,Combined,0.9,1.1,10,How is hypothyroidism treated?,1.0,1.0,1.0,18494,229,5627,34324,1.8867,0.015517,10
6,A,Combined,0.9,1.1,10,What causes chronic pain?,1.0,1.0,1.0,18093,230,3502,32294,2.0253,0.001107,10
6,A,Combined,0.9,1.1,10,Describe COPD management,1.0,1.0,1.0,17638,239,5104,32529,1.4708,0.014788,10
6,A,Combined,0.9,1.1,10,What are signs of liver disease?,1.0,1.0,1.0,16955,305,2828,29634,2.164,0.005716,10
6,A,Combined,0.9,1.1,10,How is epilepsy treated?,0.9,0.9546,0.9444,17830,216,2823,30731,1.3592,0.008928,10
6,A,Combined,0.9,1.1,10,What causes osteoporosis?,1.0,1.0,0.9556,17753,215,3644,31678,1.6094,0.011089,10
6,A,Combined,0.9,1.1,10,Describe symptoms of anxiety disorder,1.0,1.0,1.0,17164,262,5098,32268,1.6957,0.009597,10
6,A,Combined,0.9,1.1,10,What medications are used for HIV/AIDS?,1.0,1.0,0.9556,21930,216,3202,35004,1.3592,0.007481,10
6,A,Combined,0.9,1.1,10,How is pneumonia diagnosed?,1.0,1.0,0.9556,17273,215,5149,32097,1.5571,0.005058,10
6,A,Combined,0.9,1.1,10,What causes inflammatory bowel disease?,1.0,1.0,0.9556,17500,246,2825,30026,1.8344,0.005705,10
6,A,Combined,0.9,1.1,10,Describe treatment for chronic kidney disease,1.0,1.0,0.9556,17667,215,2842,30073,1.5048,0.010248,10
6,A,Combined,0.9,1.1,10,What are symptoms of schizophrenia?,1.0,1.0,1.0,20136,215,5086,34932,1.6957,0.005995,10
6,A,Combined,0.9,1.1,10,How is bipolar disorder managed?,1.0,1.0,0.9556,17025,216,3374,30343,1.8867,0.012217,10
6,A,Combined,0.9,1.1,10,What causes psoriasis?,1.0,1.0,1.0,17336,216,3326,30581,1.5048,0.011803,10
6,A,Combined,0.9,1.1,10,Describe sepsis treatment,1.0,1.0,1.0,16858,215,5126,31666,1.7481,0.010446,10
6,A,Combined,0.9,1.1,10,What are risk factors for cancer?,1.0,0.9998,0.9556,17013,216,2966,29984,2.0253,0.002609,10
6,A,Combined,0.9,1.1,10,How is ALS diagnosed?,1.0,1.0,1.0,17862,245,3347,31141,1.6957,0.00547,10
6,A,Rome,1.0,1.0,10,What are the symptoms of type 2 diabetes?,1.0,1.0,1.0,19266,20955,5341,52209,1.4708,0.010063,10
6,A,Rome,1.0,1.0,10,How is hypertension treated?,1.0,1.0,1.0,9934,8882,1742,24991,2.0253,0.008239,10
6,A,Rome,1.0,1.0,10,What causes heart failure?,1.0,1.0,1.0,10269,8287,1694,24403,2.0253,0.007888,10
6,A,Rome,1.0,1.0,10,Describe the symptoms of lupus,1.0,1.0,1.0,8176,6961,1426,20215,1.6094,0.016206,10
6,A,Rome,1.0,1.0,10,What medications treat depression?,1.0,1.0,1.0,8149,6958,1470,20568,2.0253,0.008015,10
6,A,Rome,1.0,1.0,10,How does Alzheimer's disease progress?,1.0,1.0,1.0,8662,6990,2139,21603,1.6094,0.012835,10
6,A,Rome,1.0,1.0,10,What are risk factors for stroke?,1.0,1.0,1.0,8629,7092,2578,21801,1.3592,0.007561,10
6,A,Rome,1.0,1.0,10,How is asthma managed long-term?,1.0,1.0,1.0,8514,6990,1436,20905,1.8344,0.006175,10
6,A,Rome,1.0,1.0,10,What are signs of kidney disease?,1.0,1.0,1.0,8136,6950,2569,21684,1.8344,0.006977,10
6,A,Rome,1.0,1.0,10,Describe rheumatoid arthritis treatment,1.0,1.0,1.0,8420,7360,1429,20603,1.8344,0.011109,10
6,A,Rome,1.0,1.0,10,What causes Parkinson's disease?,1.0,1.0,1.0,8171,7193,1433,20465,1.8344,0.010504,10
6,A,Rome,1.0,1.0,10,How is multiple sclerosis diagnosed?,1.0,1.0,1.0,8362,7120,1451,20976,1.7481,0.018415,10
6,A,Rome,1.0,1.0,10,What are symptoms of anemia?,1.0,1.0,1.0,8272,7270,3053,22563,1.6094,0.015431,10
6,A,Rome,1.0,1.0,10,How is hypothyroidism treated?,1.0,1.0,1.0,8570,7393,1623,21607,1.8867,0.015584,10
6,A,Rome,1.0,1.0,10,What causes chronic pain?,1.0,1.0,1.0,8323,7517,1494,21544,2.164,0.001157,10
6,A,Rome,1.0,1.0,10,Describe COPD management,1.0,1.0,1.0,8283,7095,1435,20351,1.1683,0.01493,10
6,A,Rome,1.0,1.0,10,What are signs of liver disease?,1.0,1.0,1.0,8195,7054,1528,20666,2.164,0.005875,10
6,A,Rome,1.0,1.0,10,How is epilepsy treated?,1.0,1.0,1.0,8078,9328,1421,22309,1.2275,0.009159,10
6,A,Rome,1.0,1.0,10,What causes osteoporosis?,1.0,1.0,1.0,8577,8967,1447,22656,1.7481,0.011225,10
6,A,Rome,1.0,1.0,10,Describe symptoms of anxiety disorder,1.0,1.0,1.0,8079,6990,2541,21542,1.6957,0.009914,10
6,A,Rome,1.0,1.0,10,What medications are used for HIV/AIDS?,1.0,1.0,1.0,8226,7139,1567,20928,1.3592,0.007531,10
6,A,Rome,1.0,1.0,10,How is pneumonia diagnosed?,1.0,1.0,1.0,8075,9496,1432,23033,1.6957,0.005147,10
6,A,Rome,1.0,1.0,10,What causes inflammatory bowel disease?,1.0,1.0,1.0,8343,7009,1430,20529,1.8344,0.00574,9
6,A,Rome,1.0,1.0,10,Describe treatment for chronic kidney disease,1.0,1.0,1.0,8444,7341,1436,20840,1.5048,0.010771,10
6,A,Rome,1.0,1.0,10,What are symptoms of schizophrenia?,1.0,1.0,1.0,8493,6974,1440,20517,1.6957,0.006151,10
6,A,Rome,1.0,1.0,10,How is bipolar disorder managed?,1.0,1.0,1.0,8320,6981,1428,20456,1.8867,0.012468,10
6,A,Rome,1.0,1.0,10,What causes psoriasis?,1.0,1.0,1.0,8223,7516,1742,21349,1.5048,0.01178,10
6,A,Rome,1.0,1.0,10,Describe sepsis treatment,1.0,1.0,1.0,8082,7386,3695,23145,1.7481,0.010708,10
6,A,Rome,1.0,1.0,10,What are risk factors for cancer?,1.0,1.0,1.0,8090,7486,1469,20894,2.0253,0.002693,10
6,A,Rome,1.0,1.0,10,How is ALS diagnosed?,1.0,1.0,1.0,8666,7177,1438,21273,1.6094,0.005529,10
6,A,RomeCombined,0.9,1.1,10,What are the symptoms of type 2 diabetes?,1.0,1.0,1.0,19535,18697,4977,49823,1.6957,0.010068,10
6,A,RomeCombined,0.9,1.1,10,How is hypertension treated?,1.0,1.0,1.0,11404,9751,1981,28381,2.0253,0.008024,10
6,A,RomeCombined,0.9,1.1,10,What causes heart failure?,1.0,1.0,0.9556,10322,10462,2149,27893,1.8867,0.007837,10
6,A,RomeCombined,0.9,1.1,10,Describe the symptoms of lupus,1.0,1.0,1.0,10025,9039,1560,24592,1.6094,0.016053,10
6,A,RomeCombined,0.9,1.1,10,What medications treat depression?,1.0,1.0,1.0,8935,7265,1435,21753,2.0253,0.007888,10
6,A,RomeCombined,0.9,1.1,10,How does Alzheimer's disease progress?,1.0,1.0,0.9556,8160,7356,1484,20989,1.6094,0.01246,10
6,A,RomeCombined,0.9,1.1,10,What are risk factors for stroke?,0.9,0.9501,0.9444,9186,7015,1428,21206,1.3592,0.007488,10
6,A,RomeCombined,0.9,1.1,10,How is asthma managed long-term?,1.0,1.0,1.0,8583,7129,1428,21134,1.8344,0.006015,10
6,A,RomeCombined,0.9,1.1,10,What are signs of kidney disease?,1.0,1.0,1.0,8432,7136,1897,21564,1.8344,0.0069,10
6,A,RomeCombined,0.9,1.1,10,Describe rheumatoid arthritis treatment,1.0,1.0,1.0,8523,9320,1434,23227,1.8344,0.010926,10
6,A,RomeCombined,0.9,1.1,10,What causes Parkinson's disease?,1.0,1.0,1.0,10269,7218,1501,23056,1.8344,0.010267,10
6,A,RomeCombined,0.9,1.1,10,How is multiple sclerosis diagnosed?,1.0,1.0,0.9556,10910,13850,2598,31167,1.7481,0.018155,10
6,A,RomeCombined,0.9,1.1,10,What are symptoms of anemia?,1.0,1.0,1.0,8304,7104,1439,20553,1.4185,0.015287,10
6,A,RomeCombined,0.9,1.1,10,How is hypothyroidism treated?,1.0,1.0,1.0,8882,7338,1435,21384,1.8867,0.015933,10
6,A,RomeCombined,0.9,1.1,10,What causes chronic pain?,1.0,1.0,1.0,8480,7012,1437,20760,2.164,0.001151,10
6,A,RomeCombined,0.9,1.1,10,Describe COPD management,1.0,1.0,1.0,8225,7023,1612,20831,1.2206,0.014623,10
6,A,RomeCombined,0.9,1.1,10,What are signs of liver disease?,1.0,1.0,1.0,8242,7409,1584,21450,2.0253,0.005817,10
6,A,RomeCombined,0.9,1.1,10,How is epilepsy treated?,1.0,1.0,1.0,8211,7940,1443,21633,1.2275,0.008968,10
6,A,RomeCombined,0.9,1.1,10,What causes osteoporosis?,1.0,1.0,0.9556,8695,7723,1494,21756,1.7481,0.011205,10
6,A,RomeCombined,0.9,1.1,10,Describe symptoms of anxiety disorder,1.0,1.0,1.0,8001,7168,1488,20344,1.6957,0.009795,10
6,A,RomeCombined,0.9,1.1,10,What medications are used for HIV/AIDS?,1.0,1.0,0.9556,8383,7082,1438,20985,1.3592,0.007364,10
6,A,RomeCombined,0.9,1.1,10,How is pneumonia diagnosed?,1.0,1.0,1.0,8278,7023,1432,20450,1.5571,0.005018,10
6,A,RomeCombined,0.9,1.1,10,What causes inflammatory bowel disease?,1.0,1.0,1.0,8177,7411,2804,22137,1.8344,0.00563,10
6,A,RomeCombined,0.9,1.1,10,Describe treatment for chronic kidney disease,1.0,1.0,1.0,8359,7519,1519,21347,1.5048,0.010587,10
6,A,RomeCombined,0.9,1.1,10,What are symptoms of schizophrenia?,1.0,0.9999,0.9111,8203,7313,1459,20767,1.6434,0.006085,10
6,A,RomeCombined,0.9,1.1,10,How is bipolar disorder managed?,1.0,1.0,1.0,8246,7533,1395,21335,1.8867,0.012408,9
6,A,RomeCombined,0.9,1.1,10,What causes psoriasis?,1.0,1.0,0.9556,9230,7057,1458,21549,1.5048,0.011701,10
6,A,RomeCombined,0.9,1.1,10,Describe sepsis treatment,1.0,0.9999,0.9556,8541,7602,1480,21507,1.7481,0.010429,10
6,A,RomeCombined,0.9,1.1,10,What are risk factors for cancer?,1.0,1.0,1.0,8272,7398,1478,20853,2.0253,0.002695,10
6,A,RomeCombined,0.9,1.1,10,How is ALS diagnosed?,1.0,1.0,1.0,8136,7585,1504,21258,1.6957,0.005446,10
6,A,Ckks,1.0,1.0,10,What are the symptoms of type 2 diabetes?,1.0,1.0,1.0,12151,5,106557990,106574668,1.4708,0.010063,10
6,A,Ckks,1.0,1.0,10,How is hypertension treated?,1.0,1.0,1.0,8287,4,106693130,106705186,2.0253,0.008239,10
6,A,Ckks,1.0,1.0,10,What causes heart failure?,1.0,1.0,1.0,8234,4,106495201,106507504,2.0253,0.007888,10
6,A,Ckks,1.0,1.0,10,Describe the symptoms of lupus,1.0,1.0,1.0,8442,4,106704589,106716953,1.6094,0.016206,10
6,A,Ckks,1.0,1.0,10,What medications treat depression?,1.0,1.0,1.0,8805,4,106734932,106748090,2.0253,0.008015,10
6,A,Ckks,1.0,1.0,10,How does Alzheimer's disease progress?,1.0,1.0,1.0,8710,4,106760453,106773003,1.6094,0.012835,10
6,A,Ckks,1.0,1.0,10,What are risk factors for stroke?,1.0,1.0,1.0,8281,5,106980727,106992841,1.3592,0.007561,10
6,A,Ckks,1.0,1.0,10,How is asthma managed long-term?,1.0,1.0,1.0,8508,4,106658118,106670672,1.8344,0.006175,10
6,A,Ckks,1.0,1.0,10,What are signs of kidney disease?,1.0,1.0,1.0,8734,4,106522154,106534757,1.8344,0.006977,10
6,A,Ckks,1.0,1.0,10,Describe rheumatoid arthritis treatment,1.0,1.0,1.0,8663,4,106802190,106814596,1.8344,0.011109,10
6,A,Ckks,1.0,1.0,10,What causes Parkinson's disease?,1.0,1.0,1.0,8832,4,106675332,106688437,1.8344,0.010504,10
6,A,Ckks,1.0,1.0,10,How is multiple sclerosis diagnosed?,1.0,1.0,1.0,8842,4,106811795,106827777,1.7481,0.018415,10
6,A,Ckks,1.0,1.0,10,What are symptoms of anemia?,1.0,1.0,1.0,39745,6,106774310,106818169,1.6094,0.015431,10
6,A,Ckks,1.0,1.0,10,How is hypothyroidism treated?,1.0,1.0,1.0,9151,4,106552231,106565299,1.8867,0.015584,10
6,A,Ckks,1.0,1.0,10,What causes chronic pain?,1.0,1.0,1.0,8472,4,106837191,106849915,2.164,0.001157,10
6,A,Ckks,1.0,1.0,10,Describe COPD management,1.0,1.0,1.0,8190,4,106579414,106591738,1.1683,0.01493,10
6,A,Ckks,1.0,1.0,10,What are signs of liver disease?,1.0,1.0,1.0,8744,4,106534310,106547433,2.164,0.005875,10
6,A,Ckks,1.0,1.0,10,How is epilepsy treated?,1.0,1.0,1.0,8599,5,106842005,106854737,1.2275,0.009159,10
6,A,Ckks,1.0,1.0,10,What causes osteoporosis?,1.0,1.0,1.0,8684,4,106683875,106696822,1.7481,0.011225,10
6,A,Ckks,1.0,1.0,10,Describe symptoms of anxiety disorder,1.0,1.0,1.0,9394,4,106580583,106594322,1.6957,0.009914,10
6,A,Ckks,1.0,1.0,10,What medications are used for HIV/AIDS?,1.0,1.0,1.0,8553,4,106655993,106668543,1.3592,0.007531,10
6,A,Ckks,1.0,1.0,10,How is pneumonia diagnosed?,1.0,1.0,1.0,8279,4,106859032,106871701,1.6957,0.005147,10
6,A,Ckks,1.0,1.0,10,What causes inflammatory bowel disease?,1.0,1.0,1.0,8750,4,106955739,106968465,1.8344,0.00574,9
6,A,Ckks,1.0,1.0,10,Describe treatment for chronic kidney disease,1.0,1.0,1.0,8454,4,106688415,106700854,1.5048,0.010771,10
6,A,Ckks,1.0,1.0,10,What are symptoms of schizophrenia?,1.0,1.0,1.0,8226,4,106948063,106960139,1.6957,0.006151,10
6,A,Ckks,1.0,1.0,10,How is bipolar disorder managed?,1.0,1.0,1.0,8754,4,106798177,106810808,1.8867,0.012468,10
6,A,Ckks,1.0,1.0,10,What causes psoriasis?,1.0,1.0,1.0,8159,4,106667817,106680074,1.5048,0.01178,10
6,A,Ckks,1.0,1.0,10,Describe sepsis treatment,1.0,1.0,1.0,8440,4,106873128,106885730,1.7481,0.010708,10
6,A,Ckks,1.0,1.0,10,What are risk factors for cancer?,1.0,1.0,1.0,9078,4,106938515,106952001,2.0253,0.002693,10
6,A,Ckks,1.0,1.0,10,How is ALS diagnosed?,1.0,1.0,1.0,8595,4,106728605,106741190,1.6094,0.005529,10
6,A,CkksCombined,0.9,1.1,10,What are the symptoms of type 2 diabetes?,1.0,1.0,0.9556,12043,45,106605898,106622038,1.6094,0.009912,10
6,A,CkksCombined,0.9,1.1,10,How is hypertension treated?,1.0,1.0,1.0,8204,43,106756578,106768996,2.0253,0.008087,10
6,A,CkksCombined,0.9,1.1,10,What causes heart failure?,1.0,1.0,1.0,8268,44,106750488,106763222,2.0253,0.007887,10
6,A,CkksCombined,0.9,1.1,10,Describe the symptoms of lupus,1.0,1.0,1.0,8444,43,106692486,106705010,1.6094,0.015977,10
6,A,CkksCombined,0.9,1.1,10,What medications treat depression?,1.0,1.0,1.0,8208,43,106870756,106883268,2.0253,0.007886,10
6,A,CkksCombined,0.9,1.1,10,How does Alzheimer's disease progress?,1.0,1.0,1.0,8442,44,106666155,106678729,1.6094,0.012809,10
6,A,CkksCombined,0.9,1.1,10,What are risk factors for stroke?,0.9,0.9477,0.9444,8274,43,106927362,106939604,1.3592,0.007564,10
6,A,CkksCombined,0.9,1.1,10,How is asthma managed long-term?,1.0,1.0,1.0,8238,44,106690301,106702793,1.8344,0.006148,10
6,A,CkksCombined,0.9,1.1,10,What are signs of kidney disease?,1.0,1.0,1.0,8303,44,106622521,106635399,1.8344,0.006788,10
6,A,CkksCombined,0.9,1.1,10,Describe rheumatoid arthritis treatment,1.0,1.0,1.0,8580,43,106643187,106655494,1.8344,0.011012,10
6,A,CkksCombined,0.9,1.1,10,What causes Parkinson's disease?,1.0,1.0,0.9556,8536,43,106561045,106573968,1.8344,0.010451,10
6,A,CkksCombined,0.9,1.1,10,How is multiple sclerosis diagnosed?,1.0,1.0,1.0,8424,43,106833843,106846518,1.7481,0.01828,10
6,A,CkksCombined,0.9,1.1,10,What are symptoms of anemia?,1.0,1.0,0.9111,8836,104,106548095,106561703,1.4185,0.015283,10
6,A,CkksCombined,0.9,1.1,10,How is hypothyroidism treated?,1.0,1.0,1.0,8710,44,106591843,106604792,1.8867,0.015427,10
6,A,CkksCombined,0.9,1.1,10,What causes chronic pain?,1.0,1.0,1.0,8407,43,106687670,106700562,2.164,0.001155,10
6,A,CkksCombined,0.9,1.1,10,Describe COPD management,1.0,1.0,1.0,8308,43,106813988,106826511,1.1683,0.014626,10
6,A,CkksCombined,0.9,1.1,10,What are signs of liver disease?,1.0,1.0,1.0,8461,44,106900127,106912479,2.0253,0.00566,10
6,A,CkksCombined,0.9,1.1,10,How is epilepsy treated?,1.0,1.0,1.0,9181,108,106839176,106852683,1.3592,0.009226,10
6,A,CkksCombined,0.9,1.1,10,What causes osteoporosis?,1.0,1.0,0.9556,8488,45,106737716,106750441,1.4708,0.011113,9
6,A,CkksCombined,0.9,1.1,10,Describe symptoms of anxiety disorder,1.0,1.0,1.0,8805,44,106620795,106633445,1.6957,0.009863,10
6,A,CkksCombined,0.9,1.1,10,What medications are used for HIV/AIDS?,1.0,1.0,0.9556,8325,45,106675181,106687341,1.6094,0.007245,10
6,A,CkksCombined,0.9,1.1,10,How is pneumonia diagnosed?,1.0,1.0,1.0,8697,44,106630078,106642336,1.7481,0.004986,10
6,A,CkksCombined,0.9,1.1,10,What causes inflammatory bowel disease?,1.0,1.0,0.9556,8635,83,106804867,106818055,1.8867,0.005503,10
6,A,CkksCombined,0.9,1.1,10,Describe treatment for chronic kidney disease,1.0,1.0,1.0,8899,44,106551566,106565022,1.5048,0.010622,10
6,A,CkksCombined,0.9,1.1,10,What are symptoms of schizophrenia?,1.0,1.0,0.9556,8735,118,106807657,106820028,1.6434,0.006324,9
6,A,CkksCombined,0.9,1.1,10,How is bipolar disorder managed?,1.0,1.0,1.0,9439,44,106484898,106498569,1.8867,0.01259,10
6,A,CkksCombined,0.9,1.1,10,What causes psoriasis?,1.0,1.0,1.0,8695,44,106745519,106758102,1.5048,0.011505,10
6,A,CkksCombined,0.9,1.1,10,Describe sepsis treatment,0.9,0.9601,0.8889,8101,44,106679767,106692341,1.7481,0.010482,10
6,A,CkksCombined,0.9,1.1,10,What are risk factors for cancer?,1.0,1.0,1.0,8419,45,106594350,106607310,2.0253,0.002712,10
6,A,CkksCombined,0.9,1.1,10,How is ALS diagnosed?,0.9,0.9484,0.9444,8535,144,106647353,106660404,1.6434,0.005335,10
7,A,Scrambling,0.9,1.1,10,What are the symptoms of type 2 diabetes?,1.0,1.0,1.0,18673,157,3388,32560,1.4708,0.010063,10
7,A,Scrambling,0.9,1.1,10,How is hypertension treated?,1.0,1.0,1.0,18436,132,5387,34089,2.0253,0.008239,10
7,A,Scrambling,0.9,1.1,10,What causes heart failure?,1.0,1.0,1.0,18389,132,3128,31715,2.0253,0.007888,10
7,A,Scrambling,0.9,1.1,10,Describe the symptoms of lupus,1.0,1.0,1.0,18402,132,2972,31457,1.6094,0.016206,10
7,A,Scrambling,0.9,1.1,10,What medications treat depression?,1.0,1.0,1.0,20334,132,4004,34602,2.0253,0.008015,10
7,A,Scrambling,0.9,1.1,10,How does Alzheimer's disease progress?,1.0,1.0,1.0,21715,133,3270,35415,1.6094,0.012835,10
7,A,Scrambling,0.9,1.1,10,What are risk factors for stroke?,1.0,1.0,1.0,18766,133,3477,32681,1.3592,0.007561,10
7,A,Scrambling,0.9,1.1,10,How is asthma managed long-term?,1.0,1.0,1.0,18310,132,5686,34146,1.8344,0.006175,10
7,A,Scrambling,0.9,1.1,10,What are signs of kidney disease?,1.0,1.0,1.0,18392,133,5247,33769,1.8344,0.006977,10
7,A,Scrambling,0.9,1.1,10,Describe rheumatoid arthritis treatment,1.0,1.0,1.0,18806,133,3285,32357,1.8344,0.011109,10
7,A,Scrambling,0.9,1.1,10,What causes Parkinson's disease?,1.0,1.0,1.0,18159,133,3436,31897,1.8344,0.010504,10
7,A,Scrambling,0.9,1.1,10,How is multiple sclerosis diagnosed?,1.0,1.0,1.0,21067,133,3193,34758,1.7481,0.018415,10
7,A,Scrambling,0.9,1.1,10,What are symptoms of anemia?,1.0,1.0,1.0,19060,319,3157,32725,1.6094,0.015431,10
7,A,Scrambling,0.9,1.1,10,How is hypothyroidism treated?,1.0,1.0,1.0,18689,132,4620,34274,1.8867,0.015584,10
7,A,Scrambling,0.9,1.1,10,What causes chronic pain?,1.0,1.0,1.0,18328,131,3077,31467,2.164,0.001157,10
7,A,Scrambling,0.9,1.1,10,Describe COPD management,1.0,1.0,1.0,17970,170,3118,31257,1.1683,0.01493,10
7,A,Scrambling,0.9,1.1,10,What are signs of liver disease?,1.0,1.0,1.0,17888,124,4607,33281,2.164,0.005875,10
7,A,Scrambling,0.9,1.1,10,How is epilepsy treated?,1.0,1.0,1.0,20683,145,5060,35844,1.2275,0.009159,10
7,A,Scrambling,0.9,1.1,10,What causes osteoporosis?,1.0,1.0,1.0,17216,125,3099,30059,1.7481,0.011225,10
7,A,Scrambling,0.9,1.1,10,Describe symptoms of anxiety disorder,1.0,1.0,1.0,17104,125,3091,29989,1.6957,0.009914,10
7,A,Scrambling,0.9,1.1,10,What medications are used for HIV/AIDS?,1.0,1.0,1.0,17918,126,2860,30344,1.3592,0.007531,10
7,A,Scrambling,0.9,1.1,10,How is pneumonia diagnosed?,1.0,1.0,1.0,17415,124,3132,29933,1.6957,0.005147,10
7,A,Scrambling,0.9,1.1,10,What causes inflammatory bowel disease?,1.0,1.0,1.0,17530,125,2832,29737,1.8344,0.00574,9
7,A,Scrambling,0.9,1.1,10,Describe treatment for chronic kidney disease,1.0,1.0,1.0,17988,125,2911,31235,1.5048,0.010771,10
7,A,Scrambling,0.9,1.1,10,What are symptoms of schizophrenia?,1.0,1.0,1.0,17268,125,3099,29903,1.6957,0.006151,10
7,A,Scrambling,0.9,1.1,10,How is bipolar disorder managed?,1.0,1.0,1.0,17283,124,2970,29883,1.8867,0.012468,10
7,A,Scrambling,0.9,1.1,10,What causes psoriasis?,1.0,1.0,1.0,17803,125,2851,29920,1.5048,0.01178,10
7,A,Scrambling,0.9,1.1,10,Describe sepsis treatment,1.0,1.0,1.0,17001,124,2863,29721,1.7481,0.010708,10
7,A,Scrambling,0.9,1.1,10,What are risk factors for cancer?,1.0,1.0,1.0,17189,125,2874,29798,2.0253,0.002693,10
7,A,Scrambling,0.9,1.1,10,How is ALS diagnosed?,1.0,1.0,1.0,17825,124,5065,32163,1.6094,0.005529,10
7,A,Noise,0.9,1.1,10,What are the symptoms of type 2 diabetes?,1.0,1.0,0.8667,21476,257,3105,35313,1.6957,0.009894,10
7,A,Noise,0.9,1.1,10,How is hypertension treated?,1.0,1.0,1.0,18039,228,3284,31813,2.0253,0.008026,10
7,A,Noise,0.9,1.1,10,What causes heart failure?,1.0,1.0,1.0,19095,231,3366,32770,1.8867,0.007928,10
7,A,Noise,0.9,1.1,10,Describe the symptoms of lupus,1.0,1.0,0.9556,18707,248,3258,32394,1.6094,0.016099,10
7,A,Noise,0.9,1.1,10,What medications treat depression?,1.0,1.0,1.0,17745,253,5498,34031,2.0253,0.008154,10
7,A,Noise,0.9,1.1,10,How does Alzheimer's disease progress?,1.0,1.0,1.0,19502,247,3290,32808,1.6094,0.012769,10
7,A,Noise,0.9,1.1,10,What are risk factors for stroke?,1.0,1.0,0.9111,18181,228,3661,32473,1.3592,0.007607,10
7,A,Noise,0.9,1.1,10,How is asthma managed long-term?,1.0,1.0,1.0,18072,228,5424,34073,1.8344,0.006077,10
7,A,Noise,0.9,1.1,10,What are signs of kidney disease?,0.9,0.9496,0.9444,18387,229,3102,32331,1.8344,0.006786,10
7,A,Noise,0.9,1.1,10,Describe rheumatoid arthritis treatment,1.0,1.0,1.0,19079,228,5433,35056,1.6094,0.010992,10
7,A,Noise,0.9,1.1,10,What causes Parkinson's disease?,1.0,1.0,1.0,18040,253,4079,32491,1.8344,0.010248,10
7,A,Noise,0.9,1.1,10,How is multiple sclerosis diagnosed?,1.0,1.0,0.9556,19524,257,3048,33178,1.7481,0.018529,10
7,A,Noise,0.9,1.1,10,What are symptoms of anemia?,1.0,1.0,0.9556,18679,535,3061,32336,1.6094,0.015257,9
7,A,Noise,0.9,1.1,10,How is hypothyroidism treated?,1.0,1.0,1.0,19074,229,4471,33674,1.8867,0.015374,10
7,A,Noise,0.9,1.1,10,What causes chronic pain?,1.0,1.0,1.0,20657,346,4225,35789,2.0253,0.001186,10
7,A,Noise,0.9,1.1,10,Describe COPD management,1.0,1.0,1.0,18486,229,3002,31954,1.1683,0.014935,10
7,A,Noise,0.9,1.1,10,What are signs of liver disease?,1.0,1.0,1.0,18173,258,5479,34186,2.0253,0.005977,10
7,A,Noise,0.9,1.1,10,How is epilepsy treated?,1.0,1.0,0.9556,18448,228,2982,31616,1.2275,0.009163,10
7,A,Noise,0.9,1.1,10,What causes osteoporosis?,1.0,1.0,1.0,18432,258,3238,32261,1.7481,0.011158,10
7,A,Noise,0.9,1.1,10,Describe symptoms of anxiety disorder,1.0,1.0,1.0,18384,538,4069,33312,1.6957,0.009879,10
7,A,Noise,0.9,1.1,10,What medications are used for HIV/AIDS?,1.0,0.9999,0.9556,18558,228,3237,32299,1.3592,0.007388,10
7,A,Noise,0.9,1.1,10,How is pneumonia diagnosed?,1.0,1.0,0.9556,17782,254,3322,31287,1.5571,0.005029,10
7,A,Noise,0.9,1.1,10,What causes inflammatory bowel disease?,1.0,1.0,1.0,17849,229,5421,33463,1.8344,0.005587,10
7,A,Noise,0.9,1.1,10,Describe treatment for chronic kidney disease,1.0,1.0,0.9556,18895,228,3230,32671,1.5048,0.010506,10
7,A,Noise,0.9,1.1,10,What are symptoms of schizophrenia?,0.9,0.9471,1.0,18042,228,4565,33233,1.4708,0.00638,10
7,A,Noise,0.9,1.1,10,How is bipolar disorder managed?,1.0,1.0,0.9556,18041,252,3205,31976,1.8867,0.012426,10
7,A,Noise,0.9,1.1,10,What causes psoriasis?,1.0,1.0,0.9556,18105,228,3284,31925,1.5048,0.011422,10
7,A,Noise,0.9,1.1,10,Describe sepsis treatment,1.0,0.9999,0.9556,17864,229,3274,31863,1.7481,0.010646,10
7,A,Noise,0.9,1.1,10,What are risk factors for cancer?,1.0,0.9998,0.9556,18649,258,3014,32015,2.164,0.002593,10
7,A,Noise,0.9,1.1,10,How is ALS diagnosed?,0.9,0.9483,0.9444,18312,267,3565,32265,1.6434,0.00546,10
7,A,Combined,0.9,1.1,10,What are the symptoms of type 2 diabetes?,1.0,1.0,1.0,18433,245,5366,35067,1.8344,0.010032,10
7,A,Combined,0.9,1.1,10,How is hypertension treated?,1.0,1.0,1.0,19416,227,5369,35043,2.0253,0.007985,10
7,A,Combined,0.9,1.1,10,What causes heart failure?,1.0,1.0,0.9556,20791,253,5428,37017,1.8867,0.007725,10
7,A,Combined,0.9,1.1,10,Describe the symptoms of lupus,1.0,1.0,1.0,18299,450,3473,32161,1.6094,0.016076,10
7,A,Combined,0.9,1.1,10,What medications treat depression?,1.0,1.0,1.0,17982,247,2997,31833,1.8867,0.007921,10
7,A,Combined,0.9,1.1,10,How does Alzheimer's disease progress?,1.0,1.0,1.0,20975,267,3222,34590,1.6094,0.012625,10
7,A,Combined,0.9,1.1,10,What are risk factors for stroke?,1.0,1.0,0.9556,18708,228,3415,32776,1.3592,0.007391,10
7,A,Combined,0.9,1.1,10,How is asthma managed long-term?,1.0,1.0,1.0,18443,229,3457,32355,1.8344,0.006077,10
7,A,Combined,0.9,1.1,10,What are signs of kidney disease?,1.0,1.0,1.0,21225,269,3270,35225,1.8344,0.006825,10
7,A,Combined,0.9,1.1,10,Describe rheumatoid arthritis treatment,1.0,1.0,1.0,19379,294,3199,32705,1.8344,0.010667,10
7,A,Combined,0.9,1.1,10,What causes Parkinson's disease?,1.0,1.0,1.0,18555,229,3593,32801,1.8344,0.010446,10
7,A,Combined,0.9,1.1,10,How is multiple sclerosis diagnosed?,1.0,1.0,1.0,22093,229,5406,37692,1.973,0.01806,10
7,A,Combined,0.9,1.1,10,What are symptoms of anemia?,1.0,1.0,1.0,18904,229,3006,32185,1.6094,0.015812,10
7,A,Combined,0.9,1.1,10,How is hypothyroidism treated?,1.0,1.0,1.0,18514,228,5458,34147,1.8867,0.01551,10
7,A,Combined,0.9,1.1,10,What causes chronic pain?,1.0,1.0,0.9556,18137,362,2988,31272,2.164,0.001154,10
7,A,Combined,0.9,1.1,10,Describe COPD management,1.0,1.0,1.0,22028,642,3128,36326,1.2206,0.014559,10
7,A,Combined,0.9,1.1,10,What are signs of liver disease?,1.0,1.0,1.0,18559,257,2965,31885,2.0253,0.005846,10
7,A,Combined,0.9,1.1,10,How is epilepsy treated?,1.0,1.0,1.0,19246,228,3242,32368,1.2275,0.008894,10
7,A,Combined,0.9,1.1,10,What causes osteoporosis?,1.0,1.0,0.9556,18449,228,3033,32028,1.7481,0.011322,10
7,A,Combined,0.9,1.1,10,Describe symptoms of anxiety disorder,1.0,1.0,1.0,17937,229,5449,33920,1.6957,0.00974,10
7,A,Combined,0.9,1.1,10,What medications are used for HIV/AIDS?,1.0,1.0,1.0,18485,229,5453,34509,1.3592,0.007494,10
7,A,Combined,0.9,1.1,10,How is pneumonia diagnosed?,1.0,1.0,1.0,19119,557,5367,34938,1.8344,0.005165,10
7,A,Combined,0.9,1.1,10,What causes inflammatory bowel disease?,1.0,1.0,0.9556,18294,257,3011,31774,1.8867,0.005731,10
7,A,Combined,0.9,1.1,10,Describe treatment for chronic kidney disease,1.0,1.0,1.0,18912,230,4008,33299,1.5048,0.010488,10
7,A,Combined,0.9,1.1,10,What are symptoms of schizophrenia?,1.0,0.9999,0.9111,18772,255,3139,32287,1.6434,0.006138,10
7,A,Combined,0.9,1.1,10,How is bipolar disorder managed?,1.0,1.0,1.0,18031,229,5418,34224,1.8867,0.012328,10
7,A,Combined,0.9,1.1,10,What causes psoriasis?,1.0,1.0,0.9556,18556,228,3109,32044,1.5048,0.011662,10
7,A,Combined,0.9,1.1,10,Describe sepsis treatment,0.9,0.9601,1.0,17955,215,2948,30223,1.7481,0.010447,10
7,A,Combined,0.9,1.1,10,What are risk factors for cancer?,1.0,1.0,1.0,17633,215,2952,30151,2.164,0.002653,10
7,A,Combined,0.9,1.1,10,How is ALS diagnosed?,1.0,1.0,1.0,17868,215,3580,31064,1.6094,0.005465,10
7,A,Rome,1.0,1.0,10,What are the symptoms of type 2 diabetes?,1.0,1.0,1.0,18393,20653,3226,49191,1.4708,0.010063,10
7,A,Rome,1.0,1.0,10,How is hypertension treated?,1.0,1.0,1.0,11330,11002,3193,30565,2.0253,0.008239,10
7,A,Rome,1.0,1.0,10,What causes heart failure?,1.0,1.0,1.0,10760,8524,3101,26766,2.0253,0.007888,10
7,A,Rome,1.0,1.0,10,Describe the symptoms of lupus,1.0,1.0,1.0,10224,8223,1607,24051,1.6094,0.016206,10
7,A,Rome,1.0,1.0,10,What medications treat depression?,1.0,1.0,1.0,8208,6967,1466,20386,2.0253,0.008015,10
7,A,Rome,1.0,1.0,10,How does Alzheimer's disease progress?,1.0,1.0,1.0,8148,6972,1692,20771,1.6094,0.012835,10
7,A,Rome,1.0,1.0,10,What are risk factors for stroke?,1.0,1.0,1.0,8271,7351,1444,20912,1.3592,0.007561,10
7,A,Rome,1.0,1.0,10,How is asthma managed long-term?,1.0,1.0,1.0,8346,7430,1551,20976,1.8344,0.006175,10
7,A,Rome,1.0,1.0,10,What are signs of kidney disease?,1.0,1.0,1.0,8856,6966,3508,23272,1.8344,0.006977,10
7,A,Rome,1.0,1.0,10,Describe rheumatoid arthritis treatment,1.0,1.0,1.0,8184,6963,1425,20433,1.8344,0.011109,10
7,A,Rome,1.0,1.0,10,What causes Parkinson's disease?,1.0,1.0,1.0,8245,7070,2637,21946,1.8344,0.010504,10
7,A,Rome,1.0,1.0,10,How is multiple sclerosis diagnosed?,1.0,1.0,1.0,9610,8157,2550,23868,1.7481,0.018415,10
7,A,Rome,1.0,1.0,10,What are symptoms of anemia?,1.0,1.0,1.0,8249,7118,1442,20676,1.6094,0.015431,10
7,A,Rome,1.0,1.0,10,How is hypothyroidism treated?,1.0,1.0,1.0,8423,8912,1397,22599,1.8867,0.015584,10
7,A,Rome,1.0,1.0,10,What causes chronic pain?,1.0,1.0,1.0,8543,6940,2563,21824,2.164,0.001157,10
7,A,Rome,1.0,1.0,10,Describe COPD management,1.0,1.0,1.0,8367,8333,1513,22306,1.1683,0.01493,10
7,A,Rome,1.0,1.0,10,What are signs of liver disease?,1.0,1.0,1.0,8127,7383,1502,20805,2.164,0.005875,10
7,A,Rome,1.0,1.0,10,How is epilepsy treated?,1.0,1.0,1.0,8383,7249,1415,20747,1.2275,0.009159,10
7,A,Rome,1.0,1.0,10,What causes osteoporosis?,1.0,1.0,1.0,8188,6986,1684,20449,1.7481,0.011225,10
7,A,Rome,1.0,1.0,10,Describe symptoms of anxiety disorder,1.0,1.0,1.0,8124,6998,1430,20437,1.6957,0.009914,10
7,A,Rome,1.0,1.0,10,What medications are used for HIV/AIDS?,1.0,1.0,1.0,8242,7295,1539,20891,1.3592,0.007531,10
7,A,Rome,1.0,1.0,10,How is pneumonia diagnosed?,1.0,1.0,1.0,8758,7337,2656,22643,1.6957,0.005147,10
7,A,Rome,1.0,1.0,10,What causes inflammatory bowel disease?,1.0,1.0,1.0,8617,8654,1446,22921,1.8344,0.00574,9
7,A,Rome,1.0,1.0,10,Describe treatment for chronic kidney disease,1.0,1.0,1.0,8337,7437,1508,21484,1.5048,0.010771,10
7,A,Rome,1.0,1.0,10,What are symptoms of schizophrenia?,1.0,1.0,1.0,9134,7023,1430,21648,1.6957,0.006151,10
7,A,Rome,1.0,1.0,10,How is bipolar disorder managed?,1.0,1.0,1.0,8115,7011,1423,20476,1.8867,0.012468,10
7,A,Rome,1.0,1.0,10,What causes psoriasis?,1.0,1.0,1.0,8212,7002,1431,20710,1.5048,0.01178,10
7,A,Rome,1.0,1.0,10,Describe sepsis treatment,1.0,1.0,1.0,8378,7224,1429,20718,1.7481,0.010708,10
7,A,Rome,1.0,1.0,10,What are risk factors for cancer?,1.0,1.0,1.0,8216,7375,1499,20907,2.0253,0.002693,10
7,A,Rome,1.0,1.0,10,How is ALS diagnosed?,1.0,1.0,1.0,8475,7216,1441,21786,1.6094,0.005529,10
7,A,RomeCombined,0.9,1.1,10,What are the symptoms of type 2 diabetes?,1.0,1.0,0.8667,22004,18701,2894,50235,1.6094,0.009738,10
7,A,RomeCombined,0.9,1.1,10,How is hypertension treated?,1.0,1.0,1.0,11249,9318,1857,26351,2.0253,0.008147,10
7,A,RomeCombined,0.9,1.1,10,What causes heart failure?,1.0,1.0,1.0,8246,7193,1463,20952,2.0253,0.007704,10
7,A,RomeCombined,0.9,1.1,10,Describe the symptoms of lupus,1.0,1.0,1.0,8277,7100,1462,20543,1.6094,0.015932,10
7,A,RomeCombined,0.9,1.1,10,What medications treat depression?,1.0,1.0,1.0,8279,7389,2270,21647,2.0253,0.008072,10
7,A,RomeCombined,0.9,1.1,10,How does Alzheimer's disease progress?,1.0,1.0,1.0,8115,7096,2547,21663,1.6094,0.012867,10
7,A,RomeCombined,0.9,1.1,10,What are risk factors for stroke?,1.0,0.9999,0.8667,8076,10104,1451,23351,1.3592,0.007406,10
7,A,RomeCombined,0.9,1.1,10,How is asthma managed long-term?,1.0,1.0,1.0,8684,8779,1457,22727,1.8344,0.006054,10
7,A,RomeCombined,0.9,1.1,10,What are signs of kidney disease?,1.0,1.0,1.0,8411,7269,1429,21257,2.0253,0.006867,10
7,A,RomeCombined,0.9,1.1,10,Describe rheumatoid arthritis treatment,1.0,1.0,1.0,9186,8370,1440,22885,1.8344,0.010929,10
7,A,RomeCombined,0.9,1.1,10,What causes Parkinson's disease?,1.0,1.0,1.0,8453,7335,1475,21172,1.8344,0.010479,10
7,A,RomeCombined,0.9,1.1,10,How is multiple sclerosis diagnosed?,1.0,1.0,1.0,8467,7607,1492,21404,1.7481,0.018191,10
7,A,RomeCombined,0.9,1.1,10,What are symptoms of anemia?,1.0,1.0,1.0,8341,7327,1431,20970,1.6094,0.014978,10
7,A,RomeCombined,0.9,1.1,10,How is hypothyroidism treated?,1.0,1.0,1.0,8478,7065,1447,20591,1.8867,0.015264,10
7,A,RomeCombined,0.9,1.1,10,What causes chronic pain?,1.0,1.0,1.0,8188,7083,1445,20637,2.164,0.001137,10
7,A,RomeCombined,0.9,1.1,10,Describe COPD management,1.0,1.0,1.0,8437,7087,2557,22137,1.1683,0.014617,10
7,A,RomeCombined,0.9,1.1,10,What are signs of liver disease?,1.0,1.0,1.0,8374,7128,1473,20790,2.164,0.005794,10
7,A,RomeCombined,0.9,1.1,10,How is epilepsy treated?,1.0,1.0,1.0,8272,7067,1383,20564,1.2275,0.008885,10
7,A,RomeCombined,0.9,1.1,10,What causes osteoporosis?,1.0,1.0,0.9556,8576,8313,1426,22160,1.4708,0.011016,10
7,A,RomeCombined,0.9,1.1,10,Describe symptoms of anxiety disorder,1.0,1.0,1.0,8131,7100,1422,20397,1.6957,0.00988,9
7,A,RomeCombined,0.9,1.1,10,What medications are used for HIV/AIDS?,1.0,0.9999,0.9556,8399,7214,1470,20954,1.3592,0.007407,10
7,A,RomeCombined,0.9,1.1,10,How is pneumonia diagnosed?,1.0,1.0,0.9556,8389,8165,1452,22259,1.6957,0.004978,10
7,A,RomeCombined,0.9,1.1,10,What causes inflammatory bowel disease?,1.0,1.0,1.0,8378,7327,2581,22646,1.8344,0.0057,10
7,A,RomeCombined,0.9,1.1,10,Describe treatment for chronic kidney disease,1.0,1.0,1.0,8272,7082,1451,20753,1.5048,0.010645,10
7,A,RomeCombined,0.9,1.1,10,What are symptoms of schizophrenia?,1.0,1.0,1.0,8296,7282,1520,20782,1.6957,0.006118,10
7,A,RomeCombined,0.9,1.1,10,How is bipolar disorder managed?,1.0,1.0,0.9556,8725,7281,1442,21288,1.8867,0.012141,10
7,A,RomeCombined,0.9,1.1,10,What causes psoriasis?,1.0,1.0,0.9556,8057,7520,1531,20873,1.5048,0.011627,10
7,A,RomeCombined,0.9,1.1,10,Describe sepsis treatment,1.0,1.0,1.0,8173,7336,1562,20920,1.7481,0.010487,10
7,A,RomeCombined,0.9,1.1,10,What are risk factors for cancer?,1.0,1.0,1.0,8262,7342,2116,21672,2.164,0.002681,10
7,A,RomeCombined,0.9,1.1,10,How is ALS diagnosed?,0.9,0.9484,0.9444,8262,7839,1497,21562,1.6094,0.005464,10
7,A,Ckks,1.0,1.0,10,What are the symptoms of type 2 diabetes?,1.0,1.0,1.0,11790,4,106550948,106567183,1.4708,0.010063,10
7,A,Ckks,1.0,1.0,10,How is hypertension treated?,1.0,1.0,1.0,8698,4,106529870,106542826,2.0253,0.008239,10
7,A,Ckks,1.0,1.0,10,What causes heart failure?,1.0,1.0,1.0,8349,4,106681414,106693483,2.0253,0.007888,10
7,A,Ckks,1.0,1.0,10,Describe the symptoms of lupus,1.0,1.0,1.0,8467,4,106702944,106715628,1.6094,0.016206,10
7,A,Ckks,1.0,1.0,10,What medications treat depression?,1.0,1.0,1.0,9556,4,106601274,106614973,2.0253,0.008015,10
7,A,Ckks,1.0,1.0,10,How does Alzheimer's disease progress?,1.0,1.0,1.0,8574,4,106697966,106710531,1.6094,0.012835,10
7,A,Ckks,1.0,1.0,10,What are risk factors for stroke?,1.0,1.0,1.0,8768,16,106670212,106683056,1.3592,0.007561,10
7,A,Ckks,1.0,1.0,10,How is asthma managed long-term?,1.0,1.0,1.0,8524,4,106636508,106649474,1.8344,0.006175,10
7,A,Ckks,1.0,1.0,10,What are signs of kidney disease?,1.0,1.0,1.0,8549,4,106867518,106879959,1.8344,0.006977,10
7,A,Ckks,1.0,1.0,10,Describe rheumatoid arthritis treatment,1.0,1.0,1.0,10159,5,106719480,106733929,1.8344,0.011109,10
7,A,Ckks,1.0,1.0,10,What causes Parkinson's disease?,1.0,1.0,1.0,8188,4,106686834,106699102,1.8344,0.010504,10
7,A,Ckks,1.0,1.0,10,How is multiple sclerosis diagnosed?,1.0,1.0,1.0,8652,4,106721461,106734297,1.7481,0.018415,10
7,A,Ckks,1.0,1.0,10,What are symptoms of anemia?,1.0,1.0,1.0,9264,4,107025160,107038454,1.6094,0.015431,10
7,A,Ckks,1.0,1.0,10,How is hypothyroidism treated?,1.0,1.0,1.0,9799,4,106688354,106702177,1.8867,0.015584,10
7,A,Ckks,1.0,1.0,10,What causes chronic pain?,1.0,1.0,1.0,8454,4,106633231,106645418,2.164,0.001157,10
7,A,Ckks,1.0,1.0,10,Describe COPD management,1.0,1.0,1.0,8500,4,106603865,106616417,1.1683,0.01493,10
7,A,Ckks,1.0,1.0,10,What are signs of liver disease?,1.0,1.0,1.0,8502,4,106804616,106816973,2.164,0.005875,10
7,A,Ckks,1.0,1.0,10,How is epilepsy treated?,1.0,1.0,1.0,8607,4,106818263,106831570,1.2275,0.009159,10
7,A,Ckks,1.0,1.0,10,What causes osteoporosis?,1.0,1.0,1.0,8459,4,106989284,107001989,1.7481,0.011225,10
7,A,Ckks,1.0,1.0,10,Describe symptoms of anxiety disorder,1.0,1.0,1.0,8372,4,107053082,107065453,1.6957,0.009914,10
7,A,Ckks,1.0,1.0,10,What medications are used for HIV/AIDS?,1.0,1.0,1.0,8524,4,106610133,106622652,1.3592,0.007531,10
7,A,Ckks,1.0,1.0,10,How is pneumonia diagnosed?,1.0,1.0,1.0,8352,4,106737171,106749635,1.6957,0.005147,10
7,A,Ckks,1.0,1.0,10,What causes inflammatory bowel disease?,1.0,1.0,1.0,8305,4,106594030,106605942,1.8344,0.00574,9
7,A,Ckks,1.0,1.0,10,Describe treatment for chronic kidney disease,1.0,1.0,1.0,8289,5,106794700,106807152,1.5048,0.010771,10
7,A,Ckks,1.0,1.0,10,What are symptoms of schizophrenia?,1.0,1.0,1.0,8715,4,106968979,106981958,1.6957,0.006151,10
7,A,Ckks,1.0,1.0,10,How is bipolar disorder managed?,1.0,1.0,1.0,8188,4,106757927,106770345,1.8867,0.012468,10
7,A,Ckks,1.0,1.0,10,What causes psoriasis?,1.0,1.0,1.0,8332,4,106663199,106675723,1.5048,0.01178,10
7,A,Ckks,1.0,1.0,10,Describe sepsis treatment,1.0,1.0,1.0,9240,4,106885967,106899280,1.7481,0.010708,10
7,A,Ckks,1.0,1.0,10,What are risk factors for cancer?,1.0,1.0,1.0,8574,4,106496813,106509524,2.0253,0.002693,10
7,A,Ckks,1.0,1.0,10,How is ALS diagnosed?,1.0,1.0,1.0,8367,4,106606508,106618650,1.6094,0.005529,10
7,A,CkksCombined,0.9,1.1,10,What are the symptoms of type 2 diabetes?,1.0,1.0,1.0,12048,45,106622421,106638365,1.7481,0.010103,10
7,A,CkksCombined,0.9,1.1,10,How is hypertension treated?,1.0,1.0,1.0,8513,43,106662947,106675805,2.0253,0.008186,10
7,A,CkksCombined,0.9,1.1,10,What causes heart failure?,1.0,1.0,1.0,8489,108,106698730,106711321,2.0253,0.007784,10
7,A,CkksCombined,0.9,1.1,10,Describe the symptoms of lupus,1.0,1.0,1.0,9013,45,116980995,116994214,1.6094,0.015654,10
7,A,CkksCombined,0.9,1.1,10,What medications treat depression?,1.0,1.0,1.0,8681,43,115401398,115414042,2.0253,0.007877,10
7,A,CkksCombined,0.9,1.1,10,How does Alzheimer's disease progress?,1.0,1.0,1.0,9775,108,114842027,114856130,1.6094,0.012469,10
7,A,CkksCombined,0.9,1.1,10,What are risk factors for stroke?,0.9,0.9501,0.9444,9598,44,110807562,110821114,1.3592,0.007548,10
7,A,CkksCombined,0.9,1.1,10,How is asthma managed long-term?,1.0,1.0,1.0,9874,44,112107632,112121806,1.8344,0.006088,10
7,A,CkksCombined,0.9,1.1,10,What are signs of kidney disease?,1.0,1.0,1.0,8389,45,110517840,110530128,2.0253,0.007017,10
7,A,CkksCombined,0.9,1.1,10,Describe rheumatoid arthritis treatment,1.0,1.0,1.0,8889,44,112214263,112227080,1.8344,0.010952,10
7,A,CkksCombined,0.9,1.1,10,What causes Parkinson's disease?,1.0,1.0,1.0,8509,45,111009903,111022367,1.8344,0.010535,10
7,A,CkksCombined,0.9,1.1,10,How is multiple sclerosis diagnosed?,1.0,1.0,0.9556,9459,44,111528419,111541915,1.7481,0.01871,10
7,A,CkksCombined,0.9,1.1,10,What are symptoms of anemia?,1.0,1.0,0.9556,9482,44,112100372,112113679,1.6094,0.015384,10
7,A,CkksCombined,0.9,1.1,10,How is hypothyroidism treated?,1.0,1.0,1.0,9288,47,112655745,112669045,1.8867,0.015277,10
7,A,CkksCombined,0.9,1.1,10,What causes chronic pain?,1.0,1.0,1.0,8622,105,116436700,116449811,2.0253,0.001193,10
7,A,CkksCombined,0.9,1.1,10,Describe COPD management,1.0,1.0,1.0,8369,43,114085052,114097230,1.1683,0.014859,10
7,A,CkksCombined,0.9,1.1,10,What are signs of liver disease?,1.0,1.0,1.0,9193,57,110287679,110301327,2.0253,0.005892,10
7,A,CkksCombined,0.9,1.1,10,How is epilepsy treated?,1.0,1.0,0.9556,8412,45,110010090,110022574,1.2275,0.009182,10
7,A,CkksCombined,0.9,1.1,10,What causes osteoporosis?,1.0,1.0,1.0,9573,107,111017666,111031475,1.7481,0.010981,10
7,A,CkksCombined,0.9,1.1,10,Describe symptoms of anxiety disorder,1.0,1.0,1.0,8197,44,110899750,110912298,1.6957,0.009914,10
7,A,CkksCombined,0.9,1.1,10,What medications are used for HIV/AIDS?,1.0,1.0,0.9556,10437,46,111373958,111388285,1.3592,0.007552,10
7,A,CkksCombined,0.9,1.1,10,How is pneumonia diagnosed?,1.0,0.9999,0.9111,8737,44,111348411,111360911,1.6957,0.00524,10
7,A,CkksCombined,0.9,1.1,10,What causes inflammatory bowel disease?,1.0,1.0,1.0,9694,46,113010925,113024832,1.8344,0.005557,10
7,A,CkksCombined,0.9,1.1,10,Describe treatment for chronic kidney disease,1.0,1.0,1.0,9403,110,107035343,107048977,1.5048,0.010696,10
7,A,CkksCombined,0.9,1.1,10,What are symptoms of schizophrenia?,1.0,0.9999,0.9111,8090,43,106464385,106478623,1.4185,0.006184,10
7,A,CkksCombined,0.9,1.1,10,How is bipolar disorder managed?,1.0,1.0,0.9556,17757,80,105925692,105947580,1.8867,0.012587,10
7,A,CkksCombined,0.9,1.1,10,What causes psoriasis?,1.0,1.0,0.9111,8619,107,106146721,106160161,1.5048,0.011344,10
7,A,CkksCombined,0.9,1.1,10,Describe sepsis treatment,0.9,0.9601,1.0,8416,108,106320656,106332917,1.7481,0.010498,10
7,A,CkksCombined,0.9,1.1,10,What are risk factors for cancer?,1.0,1.0,1.0,8248,44,106107502,106119838,2.164,0.002693,10
7,A,CkksCombined,0.9,1.1,10,How is ALS diagnosed?,1.0,1.0,1.0,8333,44,106038708,106051147,1.6957,0.005424,10
8,A,Scrambling,0.9,1.1,10,What are the symptoms of type 2 diabetes?,1.0,1.0,1.0,18712,133,3099,32149,1.4708,0.010063,10
8,A,Scrambling,0.9,1.1,10,How is hypertension treated?,1.0,1.0,1.0,18196,133,5535,34349,2.0253,0.008239,10
8,A,Scrambling,0.9,1.1,10,What causes heart failure?,1.0,1.0,1.0,19156,158,3019,32730,2.0253,0.007888,10
8,A,Scrambling,0.9,1.1,10,Describe the symptoms of lupus,1.0,1.0,1.0,18864,158,2956,31928,1.6094,0.016206,10
8,A,Scrambling,0.9,1.1,10,What medications treat depression?,1.0,1.0,1.0,18149,133,3233,31851,2.0253,0.008015,10
8,A,Scrambling,0.9,1.1,10,How does Alzheimer's disease progress?,1.0,1.0,1.0,18871,134,3132,32540,1.6094,0.012835,10
8,A,Scrambling,0.9,1.1,10,What are risk factors for stroke?,1.0,1.0,1.0,19192,355,5458,35108,1.3592,0.007561,10
8,A,Scrambling,0.9,1.1,10,How is asthma managed long-term?,1.0,1.0,1.0,18230,132,2987,31358,1.8344,0.006175,10
8,A,Scrambling,0.9,1.1,10,What are signs of kidney disease?,1.0,1.0,1.0,21144,134,5382,37275,1.8344,0.006977,10
8,A,Scrambling,0.9,1.1,10,Describe rheumatoid arthritis treatment,1.0,1.0,1.0,18182,132,2962,31475,1.8344,0.011109,10
8,A,Scrambling,0.9,1.1,10,What causes Parkinson's disease?,1.0,1.0,1.0,18614,158,2972,31505,1.8344,0.010504,10
8,A,Scrambling,0.9,1.1,10,How is multiple sclerosis diagnosed?,1.0,1.0,1.0,18243,125,5091,33053,1.7481,0.018415,10
8,A,Scrambling,0.9,1.1,10,What are symptoms of anemia?,1.0,1.0,1.0,18005,334,3029,31290,1.6094,0.015431,10
8,A,Scrambling,0.9,1.1,10,How is hypothyroidism treated?,1.0,1.0,1.0,17509,125,3003,30185,1.8867,0.015584,10
8,A,Scrambling,0.9,1.1,10,What causes chronic pain?,1.0,1.0,1.0,17082,125,5105,31907,2.164,0.001157,10
8,A,Scrambling,0.9,1.1,10,Describe COPD management,1.0,1.0,1.0,16592,126,3181,29138,1.1683,0.01493,10
8,A,Scrambling,0.9,1.1,10,What are signs of liver disease?,1.0,1.0,1.0,17896,124,2918,30553,2.164,0.005875,10
8,A,Scrambling,0.9,1.1,10,How is epilepsy treated?,1.0,1.0,1.0,16983,151,2816,29270,1.2275,0.009159,10
8,A,Scrambling,0.9,1.1,10,What causes osteoporosis?,1.0,1.0,1.0,17697,125,2923,29802,1.7481,0.011225,10
8,A,Scrambling,0.9,1.1,10,Describe symptoms of anxiety disorder,1.0,1.0,1.0,17167,124,2840,29622,1.6957,0.009914,10
8,A,Scrambling,0.9,1.1,10,What medications are used for HIV/AIDS?,1.0,1.0,1.0,17423,124,3030,30285,1.3592,0.007531,10
8,A,Scrambling,0.9,1.1,10,How is pneumonia diagnosed?,1.0,1.0,1.0,17442,125,3255,30266,1.6957,0.005147,10
8,A,Scrambling,0.9,1.1,10,What causes inflammatory bowel disease?,1.0,1.0,1.0,16716,126,2984,29540,1.8344,0.00574,9
8,A,Scrambling,0.9,1.1,10,Describe treatment for chronic kidney disease,1.0,1.0,1.0,16900,125,3514,29990,1.5048,0.010771,10
8,A,Scrambling,0.9,1.1,10,What are symptoms of schizophrenia?,1.0,1.0,1.0,17087,125,5054,31615,1.6957,0.006151,10
8,A,Scrambling,0.9,1.1,10,How is bipolar disorder managed?,1.0,1.0,1.0,16698,159,3443,29944,1.8867,0.012468,10
8,A,Scrambling,0.9,1.1,10,What causes psoriasis?,1.0,1.0,1.0,17323,125,4965,31941,1.5048,0.01178,10
8,A,Scrambling,0.9,1.1,10,Describe sepsis treatment,1.0,1.0,1.0,17022,126,2924,29591,1.7481,0.010708,10
8,A,Scrambling,0.9,1.1,10,What are risk factors for cancer?,1.0,1.0,1.0,17895,126,2861,30328,2.0253,0.002693,10
8,A,Scrambling,0.9,1.1,10,How is ALS diagnosed?,1.0,1.0,1.0,17389,126,2846,29949,1.6094,0.005529,10
8,A,Noise,0.9,1.1,10,What are the symptoms of type 2 diabetes?,1.0,1.0,0.9111,21150,261,3074,34757,1.4708,0.009957,10
8,A,Noise,0.9,1.1,10,How is hypertension treated?,1.0,1.0,1.0,20810,228,5470,36425,2.0253,0.00822,10
8,A,Noise,0.9,1.1,10,What causes heart failure?,1.0,0.9996,0.9556,19462,253,3801,33407,2.0253,0.007942,10
8,A,Noise,0.9,1.1,10,Describe the symptoms of lupus,1.0,1.0,1.0,18348,229,3249,31997,1.7481,0.016102,10
8,A,Noise,0.9,1.1,10,What medications treat depression?,1.0,1.0,1.0,18028,229,3074,30894,2.0253,0.007854,10
8,A,Noise,0.9,1.1,10,How does Alzheimer's disease progress?,1.0,1.0,1.0,18462,255,3197,32164,1.6094,0.01265,10
8,A,Noise,0.9,1.1,10,What are risk factors for stroke?,1.0,1.0,0.9111,18088,235,3321,31872,1.4979,0.007398,10
8,A,Noise,0.9,1.1,10,How is asthma managed long-term?,1.0,1.0,1.0,20270,311,3106,33792,1.8344,0.006084,10
8,A,Noise,0.9,1.1,10,What are signs of kidney disease?,1.0,1.0,1.0,20645,229,3028,34277,1.8344,0.006827,10
8,A,Noise,0.9,1.1,10,Describe rheumatoid arthritis treatment,1.0,1.0,1.0,18673,228,3164,32253,1.8344,0.010785,10
8,A,Noise,0.9,1.1,10,What causes Parkinson's disease?,1.0,1.0,0.9556,18320,229,3249,31747,1.8344,0.010414,10
8,A,Noise,0.9,1.1,10,How is multiple sclerosis diagnosed?,1.0,1.0,0.9556,18259,228,3003,31462,1.973,0.017917,10
8,A,Noise,0.9,1.1,10,What are symptoms of anemia?,1.0,1.0,0.9556,20360,227,5620,36557,1.6094,0.015111,10
8,A,Noise,0.9,1.1,10,How is hypothyroidism treated?,1.0,1.0,1.0,18545,235,5389,34384,1.8867,0.015501,10
8,A,Noise,0.9,1.1,10,What causes chronic pain?,1.0,1.0,0.9556,17914,228,4706,32628,2.0253,0.001186,10
8,A,Noise,0.9,1.1,10,Describe COPD management,1.0,1.0,1.0,18169,281,3913,32299,1.4708,0.01485,10
8,A,Noise,0.9,1.1,10,What are signs of liver disease?,1.0,1.0,1.0,18433,228,3956,32848,2.164,0.005747,10
8,A,Noise,0.9,1.1,10,How is epilepsy treated?,1.0,0.9999,0.9111,18276,229,3858,32496,1.2275,0.008925,9
8,A,Noise,0.9,1.1,10,What causes osteoporosis?,1.0,1.0,0.8667,18312,269,3001,31631,1.7481,0.010597,10
8,A,Noise,0.9,1.1,10,Describe symptoms of anxiety disorder,1.0,1.0,1.0,17942,256,3484,31528,1.6957,0.009696,9
8,A,Noise,0.9,1.1,10,What medications are used for HIV/AIDS?,1.0,1.0,1.0,18614,259,3123,32135,1.3592,0.007252,10
8,A,Noise,0.9,1.1,10,How is pneumonia diagnosed?,1.0,1.0,1.0,17207,214,3325,30605,1.5571,0.005056,10
8,A,Noise,0.9,1.1,10,What causes inflammatory bowel disease?,1.0,1.0,0.9111,17391,215,2987,30701,1.8344,0.005657,10
8,A,Noise,0.9,1.1,10,Describe treatment for chronic kidney disease,1.0,1.0,1.0,17387,561,3520,31481,1.5048,0.010551,10
8,A,Noise,0.9,1.1,10,What are symptoms of schizophrenia?,0.9,0.9469,0.8333,18274,274,5037,32687,1.6434,0.006101,10
8,A,Noise,0.9,1.1,10,How is bipolar disorder managed?,1.0,1.0,1.0,16916,216,2858,29779,1.8867,0.012676,10
8,A,Noise,0.9,1.1,10,What causes psoriasis?,1.0,1.0,0.9556,17417,235,2843,30292,1.5048,0.011556,10
8,A,Noise,0.9,1.1,10,Describe sepsis treatment,1.0,1.0,0.9556,17266,216,2899,30519,1.7481,0.010633,9
8,A,Noise,0.9,1.1,10,What are risk factors for cancer?,1.0,0.9998,0.9556,17703,214,5072,32443,2.0253,0.002685,10
8,A,Noise,0.9,1.1,10,How is ALS diagnosed?,1.0,1.0,1.0,17038,215,5064,32092,1.6957,0.005557,10
8,A,Combined,0.9,1.1,10,What are the symptoms of type 2 diabetes?,1.0,1.0,1.0,18336,230,3423,31725,1.6957,0.009954,10
8,A,Combined,0.9,1.1,10,How is hypertension treated?,1.0,1.0,1.0,18307,229,3009,31525,2.0253,0.007869,10
8,A,Combined,0.9,1.1,10,What causes heart failure?,1.0,1.0,0.9556,17837,255,2979,30961,1.8867,0.007827,10
8,A,Combined,0.9,1.1,10,Describe the symptoms of lupus,1.0,1.0,1.0,20600,254,5507,36498,1.6094,0.015839,10
8,A,Combined,0.9,1.1,10,What medications treat depression?,0.9,0.9609,1.0,18251,227,3004,31566,2.0253,0.007856,10
8,A,Combined,0.9,1.1,10,How does Alzheimer's disease progress?,1.0,1.0,0.9556,18282,229,5255,33862,1.6434,0.012812,10
8,A,Combined,0.9,1.1,10,What are risk factors for stroke?,1.0,1.0,1.0,18650,241,2823,31209,1.3592,0.007573,9
8,A,Combined,0.9,1.1,10,How is asthma managed long-term?,1.0,1.0,1.0,17778,215,2979,30658,1.8344,0.006071,10
8,A,Combined,0.9,1.1,10,What are signs of kidney disease?,0.9,0.9497,1.0,16932,216,2898,29880,1.8344,0.006865,10
8,A,Combined,0.9,1.1,10,Describe rheumatoid arthritis treatment,1.0,1.0,1.0,17646,215,2855,30449,1.8344,0.011027,10
8,A,Combined,0.9,1.1,10,What causes Parkinson's disease?,1.0,1.0,1.0,17068,217,2936,29884,1.8344,0.010227,10
8,A,Combined,0.9,1.1,10,How is multiple sclerosis diagnosed?,1.0,1.0,1.0,17910,216,3017,30658,1.7481,0.018169,10
8,A,Combined,0.9,1.1,10,What are symptoms of anemia?,1.0,1.0,0.9556,20200,215,5348,35694,1.4185,0.014844,10
8,A,Combined,0.9,1.1,10,How is hypothyroidism treated?,1.0,1.0,1.0,20068,331,4116,31532,1.8867,0.015631,10
8,A,Combined,0.9,1.1,10,What causes chronic pain?,1.0,1.0,1.0,12460,209,2617,20335,2.164,0.001095,10
8,A,Combined,0.9,1.1,10,Describe COPD management,1.0,1.0,1.0,8891,104,1497,14251,1.4708,0.014745,10
8,A,Combined,0.9,1.1,10,What are signs of liver disease?,1.0,1.0,1.0,8630,251,1359,14256,2.0253,0.005641,10
8,A,Combined,0.9,1.1,10,How is epilepsy treated?,1.0,1.0,1.0,8348,94,2143,14374,1.3592,0.009043,10
8,A,Combined,0.9,1.1,10,What causes osteoporosis?,1.0,1.0,0.9556,8508,94,2167,14675,1.4708,0.010981,10
8,A,Combined,0.9,1.1,10,Describe symptoms of anxiety disorder,1.0,1.0,0.9556,8349,94,1657,13841,1.6957,0.009658,10
8,A,Combined,0.9,1.1,10,What medications are used for HIV/AIDS?,1.0,1.0,1.0,8780,95,2101,14753,1.3592,0.007177,10
8,A,Combined,0.9,1.1,10,How is pneumonia diagnosed?,1.0,1.0,0.9556,8577,248,2982,15935,1.8344,0.005097,10
8,A,Combined,0.9,1.1,10,What causes inflammatory bowel disease?,1.0,1.0,0.9556,8543,94,1198,13770,1.6094,0.005648,10
8,A,Combined,0.9,1.1,10,Describe treatment for chronic kidney disease,1.0,1.0,1.0,8128,94,1231,13228,1.5048,0.010777,10
8,A,Combined,0.9,1.1,10,What are symptoms of schizophrenia?,1.0,1.0,0.9556,9155,95,1191,14553,1.6434,0.005917,10
8,A,Combined,0.9,1.1,10,How is bipolar disorder managed?,1.0,1.0,0.9556,8448,94,1202,13366,1.8867,0.01228,10
8,A,Combined,0.9,1.1,10,What causes psoriasis?,1.0,1.0,0.9556,8227,94,1197,13363,1.5048,0.011182,10
8,A,Combined,0.9,1.1,10,Describe sepsis treatment,1.0,1.0,1.0,8515,95,1196,13809,1.7481,0.010389,10
8,A,Combined,0.9,1.1,10,What are risk factors for cancer?,1.0,1.0,1.0,8507,94,2128,14698,2.164,0.002656,10
8,A,Combined,0.9,1.1,10,How is ALS diagnosed?,1.0,1.0,1.0,8328,94,1172,13600,1.6957,0.005488,9
8,A,Rome,1.0,1.0,10,What are the symptoms of type 2 diabetes?,1.0,1.0,1.0,18471,18252,2768,45735,1.4708,0.010063,10
8,A,Rome,1.0,1.0,10,How is hypertension treated?,1.0,1.0,1.0,9763,7855,1731,23800,2.0253,0.008239,10
8,A,Rome,1.0,1.0,10,What causes heart failure?,1.0,1.0,1.0,8600,7692,1573,21639,2.0253,0.007888,10
8,A,Rome,1.0,1.0,10,Describe the symptoms of lupus,1.0,1.0,1.0,8154,7162,1427,20232,1.6094,0.016206,10
8,A,Rome,1.0,1.0,10,What medications treat depression?,1.0,1.0,1.0,8435,6952,1446,20612,2.0253,0.008015,10
8,A,Rome,1.0,1.0,10,How does Alzheimer's disease progress?,1.0,1.0,1.0,8393,7138,1457,20979,1.6094,0.012835,10
8,A,Rome,1.0,1.0,10,What are risk factors for stroke?,1.0,1.0,1.0,8239,7257,1466,20845,1.3592,0.007561,10
8,A,Rome,1.0,1.0,10,How is asthma managed long-term?,1.0,1.0,1.0,9469,7557,2566,23625,1.8344,0.006175,10
8,A,Rome,1.0,1.0,10,What are signs of kidney disease?,1.0,1.0,1.0,8444,6958,1430,20835,1.8344,0.006977,10
8,A,Rome,1.0,1.0,10,Describe rheumatoid arthritis treatment,1.0,1.0,1.0,8095,6940,2571,21203,1.8344,0.011109,10
8,A,Rome,1.0,1.0,10,What causes Parkinson's disease?,1.0,1.0,1.0,8126,7129,1836,20880,1.8344,0.010504,10
8,A,Rome,1.0,1.0,10,How is multiple sclerosis diagnosed?,1.0,1.0,1.0,8243,7180,1484,20753,1.7481,0.018415,10
8,A,Rome,1.0,1.0,10,What are symptoms of anemia?,1.0,1.0,1.0,8150,7227,1412,20508,1.6094,0.015431,10
8,A,Rome,1.0,1.0,10,How is hypothyroidism treated?,1.0,1.0,1.0,8190,7035,1458,20198,1.8867,0.015584,10
8,A,Rome,1.0,1.0,10,What causes chronic pain?,1.0,1.0,1.0,8175,7284,1507,21129,2.164,0.001157,10
8,A,Rome,1.0,1.0,10,Describe COPD management,1.0,1.0,1.0,8345,8045,1515,21903,1.1683,0.01493,10
8,A,Rome,1.0,1.0,10,What are signs of liver disease?,1.0,1.0,1.0,8178,7028,1427,20394,2.164,0.005875,10
8,A,Rome,1.0,1.0,10,How is epilepsy treated?,1.0,1.0,1.0,8000,6989,1583,20226,1.2275,0.009159,10
8,A,Rome,1.0,1.0,10,What causes osteoporosis?,1.0,1.0,1.0,8178,7003,1433,20583,1.7481,0.011225,10
8,A,Rome,1.0,1.0,10,Describe symptoms of anxiety disorder,1.0,1.0,1.0,8317,7663,1620,21646,1.6957,0.009914,10
8,A,Rome,1.0,1.0,10,What medications are used for HIV/AIDS?,1.0,1.0,1.0,8289,7363,1492,21015,1.3592,0.007531,10
8,A,Rome,1.0,1.0,10,How is pneumonia diagnosed?,1.0,1.0,1.0,8413,7276,1657,21181,1.6957,0.005147,10
8,A,Rome,1.0,1.0,10,What causes inflammatory bowel disease?,1.0,1.0,1.0,8357,7076,1516,21079,1.8344,0.00574,9
8,A,Rome,1.0,1.0,10,Describe treatment for chronic kidney disease,1.0,1.0,1.0,8296,6987,1439,20652,1.5048,0.010771,10
8,A,Rome,1.0,1.0,10,What are symptoms of schizophrenia?,1.0,1.0,1.0,8177,7318,1493,20850,1.6957,0.006151,10
8,A,Rome,1.0,1.0,10,How is bipolar disorder managed?,1.0,1.0,1.0,8247,7477,1512,21365,1.8867,0.012468,10
8,A,Rome,1.0,1.0,10,What causes psoriasis?,1.0,1.0,1.0,8257,7329,1439,20803,1.5048,0.01178,10
8,A,Rome,1.0,1.0,10,Describe sepsis treatment,1.0,1.0,1.0,8112,6980,1439,20045,1.7481,0.010708,10
8,A,Rome,1.0,1.0,10,What are risk factors for cancer?,1.0,1.0,1.0,8572,7179,2545,22112,2.0253,0.002693,10
8,A,Rome,1.0,1.0,10,How is ALS diagnosed?,1.0,1.0,1.0,8167,7360,1562,20781,1.6094,0.005529,10
8,A,RomeCombined,0.9,1.1,10,What are the symptoms of type 2 diabetes?,0.9,0.9512,1.0,18655,19393,3084,47971,1.6957,0.010015,10
8,A,RomeCombined,0.9,1.1,10,How is hypertension treated?,1.0,1.0,1.0,12470,12930,2567,34646,2.0253,0.00809,10
8,A,RomeCombined,0.9,1.1,10,What causes heart failure?,1.0,1.0,0.9556,12612,12820,2209,32845,2.0253,0.007768,10
8,A,RomeCombined,0.9,1.1,10,Describe the symptoms of lupus,1.0,1.0,0.9556,9986,9654,1966,26382,1.6094,0.015908,10
8,A,RomeCombined,0.9,1.1,10,What medications treat depression?,1.0,1.0,1.0,9105,7658,1453,21982,2.0253,0.007979,10
8,A,RomeCombined,0.9,1.1,10,How does Alzheimer's disease progress?,1.0,1.0,1.0,8201,6998,1527,20602,1.6094,0.012723,10
8,A,RomeCombined,0.9,1.1,10,What are risk factors for stroke?,1.0,1.0,0.9556,8222,7326,1493,20773,1.3592,0.007556,10
8,A,RomeCombined,0.9,1.1,10,How is asthma managed long-term?,1.0,1.0,1.0,8393,7120,1443,20584,1.8344,0.006149,10
8,A,RomeCombined,0.9,1.1,10,What are signs of kidney disease?,1.0,1.0,1.0,8096,7148,1923,21030,1.8344,0.006818,10
8,A,RomeCombined,0.9,1.1,10,Describe rheumatoid arthritis treatment,1.0,1.0,1.0,8409,7083,1489,21174,1.8344,0.010879,10
8,A,RomeCombined,0.9,1.1,10,What causes Parkinson's disease?,1.0,1.0,1.0,8231,7318,2620,22355,1.8344,0.010512,10
8,A,RomeCombined,0.9,1.1,10,How is multiple sclerosis diagnosed?,1.0,1.0,1.0,8103,9099,1568,22704,1.7481,0.018759,10
8,A,RomeCombined,0.9,1.1,10,What are symptoms of anemia?,1.0,1.0,1.0,8187,7592,1490,20873,1.6094,0.015477,9
8,A,RomeCombined,0.9,1.1,10,How is hypothyroidism treated?,1.0,1.0,0.9556,8291,7174,1441,20469,1.8867,0.01547,10
8,A,RomeCombined,0.9,1.1,10,What causes chronic pain?,1.0,1.0,1.0,8278,7643,2687,22588,2.0253,0.001163,10
8,A,RomeCombined,0.9,1.1,10,Describe COPD management,1.0,1.0,1.0,9817,7338,1495,22792,1.1683,0.014776,10
8,A,RomeCombined,0.9,1.1,10,What are signs of liver disease?,1.0,1.0,1.0,8818,7113,1433,20998,2.0253,0.005686,10
8,A,RomeCombined,0.9,1.1,10,How is epilepsy treated?,1.0,1.0,0.9556,8321,7082,1432,20470,1.3592,0.00909,10
8,A,RomeCombined,0.9,1.1,10,What causes osteoporosis?,1.0,1.0,0.9556,8076,7005,2564,21256,1.6094,0.010965,10
8,A,RomeCombined,0.9,1.1,10,Describe symptoms of anxiety disorder,1.0,1.0,1.0,8161,7366,1517,21208,1.6957,0.009889,10
8,A,RomeCombined,0.9,1.1,10,What medications are used for HIV/AIDS?,1.0,1.0,1.0,8368,7331,1571,21043,1.3592,0.007402,10
8,A,RomeCombined,0.9,1.1,10,How is pneumonia diagnosed?,1.0,1.0,1.0,8363,7594,1467,20687,1.8867,0.005155,10
8,A,RomeCombined,0.9,1.1,10,What causes inflammatory bowel disease?,1.0,1.0,1.0,8092,7054,2552,21535,1.8344,0.005641,10
8,A,RomeCombined,0.9,1.1,10,Describe treatment for chronic kidney disease,1.0,1.0,1.0,8060,7279,2063,21431,1.5048,0.01065,10
8,A,RomeCombined,0.9,1.1,10,What are symptoms of schizophrenia?,0.9,0.9471,0.9444,8122,7390,1484,20843,1.6434,0.006139,10
8,A,RomeCombined,0.9,1.1,10,How is bipolar disorder managed?,1.0,1.0,1.0,8247,7383,1578,21257,1.8867,0.01227,10
8,A,RomeCombined,0.9,1.1,10,What causes psoriasis?,1.0,1.0,1.0,8018,7249,1466,20798,1.5048,0.011641,9
8,A,RomeCombined,0.9,1.1,10,Describe sepsis treatment,1.0,1.0,1.0,8312,7967,2538,22543,1.7481,0.010681,10
8,A,RomeCombined,0.9,1.1,10,What are risk factors for cancer?,1.0,1.0,1.0,8107,7121,1428,20297,2.0253,0.002658,10
8,A,RomeCombined,0.9,1.1,10,How is ALS diagnosed?,1.0,1.0,0.9556,8003,7250,1434,20746,1.6957,0.005544,10
8,A,Ckks,1.0,1.0,10,What are the symptoms of type 2 diabetes?,1.0,1.0,1.0,12046,4,106128849,106145074,1.4708,0.010063,10
8,A,Ckks,1.0,1.0,10,How is hypertension treated?,1.0,1.0,1.0,8095,4,106166932,106179494,2.0253,0.008239,10
8,A,Ckks,1.0,1.0,10,What causes heart failure?,1.0,1.0,1.0,8216,5,106244540,106257347,2.0253,0.007888,10
8,A,Ckks,1.0,1.0,10,Describe the symptoms of lupus,1.0,1.0,1.0,8390,4,106190708,106203132,1.6094,0.016206,10
8,A,Ckks,1.0,1.0,10,What medications treat depression?,1.0,1.0,1.0,8392,17,106213349,106225930,2.0253,0.008015,10
8,A,Ckks,1.0,1.0,10,How does Alzheimer's disease progress?,1.0,1.0,1.0,9084,4,106505343,106518300,1.6094,0.012835,10
8,A,Ckks,1.0,1.0,10,What are risk factors for stroke?,1.0,1.0,1.0,8242,4,106470257,106482483,1.3592,0.007561,10
8,A,Ckks,1.0,1.0,10,How is asthma managed long-term?,1.0,1.0,1.0,8633,4,106402924,106415734,1.8344,0.006175,10
8,A,Ckks,1.0,1.0,10,What are signs of kidney disease?,1.0,1.0,1.0,8710,4,106185362,106198260,1.8344,0.006977,10
8,A,Ckks,1.0,1.0,10,Describe rheumatoid arthritis treatment,1.0,1.0,1.0,8865,4,106385467,106398363,1.8344,0.011109,10
8,A,Ckks,1.0,1.0,10,What causes Parkinson's disease?,1.0,1.0,1.0,8435,4,106245267,106257930,1.8344,0.010504,10
8,A,Ckks,1.0,1.0,10,How is multiple sclerosis diagnosed?,1.0,1.0,1.0,8408,4,106355343,106367843,1.7481,0.018415,10
8,A,Ckks,1.0,1.0,10,What are symptoms of anemia?,1.0,1.0,1.0,9174,4,106311184,106324573,1.6094,0.015431,10
8,A,Ckks,1.0,1.0,10,How is hypothyroidism treated?,1.0,1.0,1.0,9552,4,106312368,106325837,1.8867,0.015584,10
8,A,Ckks,1.0,1.0,10,What causes chronic pain?,1.0,1.0,1.0,8276,4,106933362,106945717,2.164,0.001157,10
8,A,Ckks,1.0,1.0,10,Describe COPD management,1.0,1.0,1.0,9015,4,111152962,111165887,1.1683,0.01493,10
8,A,Ckks,1.0,1.0,10,What are signs of liver disease?,1.0,1.0,1.0,9344,4,110846153,110863844,2.164,0.005875,10
8,A,Ckks,1.0,1.0,10,How is epilepsy treated?,1.0,1.0,1.0,24021,7,111468775,111497202,1.2275,0.009159,10
8,A,Ckks,1.0,1.0,10,What causes osteoporosis?,1.0,1.0,1.0,8690,4,108249337,108261903,1.7481,0.011225,10
8,A,Ckks,1.0,1.0,10,Describe symptoms of anxiety disorder,1.0,1.0,1.0,8891,4,108282073,108295433,1.6957,0.009914,10
8,A,Ckks,1.0,1.0,10,What medications are used for HIV/AIDS?,1.0,1.0,1.0,8403,4,107797851,107810666,1.3592,0.007531,10
8,A,Ckks,1.0,1.0,10,How is pneumonia diagnosed?,1.0,1.0,1.0,9269,4,108287327,108300626,1.6957,0.005147,10
8,A,Ckks,1.0,1.0,10,What causes inflammatory bowel disease?,1.0,1.0,1.0,8753,4,107848159,107860767,1.8344,0.00574,9
8,A,Ckks,1.0,1.0,10,Describe treatment for chronic kidney disease,1.0,1.0,1.0,8520,4,108209278,108221891,1.5048,0.010771,10
8,A,Ckks,1.0,1.0,10,What are symptoms of schizophrenia?,1.0,1.0,1.0,8925,4,107737647,107750634,1.6957,0.006151,10
8,A,Ckks,1.0,1.0,10,How is bipolar disorder managed?,1.0,1.0,1.0,8187,4,107982525,107995434,1.8867,0.012468,10
8,A,Ckks,1.0,1.0,10,What causes psoriasis?,1.0,1.0,1.0,8260,4,107924907,107937459,1.5048,0.01178,10
8,A,Ckks,1.0,1.0,10,Describe sepsis treatment,1.0,1.0,1.0,8218,4,107977252,107989127,1.7481,0.010708,10
8,A,Ckks,1.0,1.0,10,What are risk factors for cancer?,1.0,1.0,1.0,8409,5,107751039,107763425,2.0253,0.002693,10
8,A,Ckks,1.0,1.0,10,How is ALS diagnosed?,1.0,1.0,1.0,8367,4,107826874,107838967,1.6094,0.005529,10
8,A,CkksCombined,0.9,1.1,10,What are the symptoms of type 2 diabetes?,1.0,1.0,0.9111,11595,45,107807396,107822836,1.6957,0.009869,10
8,A,CkksCombined,0.9,1.1,10,How is hypertension treated?,1.0,1.0,1.0,8390,44,107915597,107928265,2.0253,0.008033,10
8,A,CkksCombined,0.9,1.1,10,What causes heart failure?,1.0,1.0,1.0,8885,43,107781924,107794935,2.0253,0.007707,10
8,A,CkksCombined,0.9,1.1,10,Describe the symptoms of lupus,1.0,1.0,1.0,8317,44,107789211,107801908,1.6094,0.016044,9
8,A,CkksCombined,0.9,1.1,10,What medications treat depression?,1.0,1.0,1.0,8869,44,107693277,107706309,2.0253,0.007853,10
8,A,CkksCombined,0.9,1.1,10,How does Alzheimer's disease progress?,1.0,1.0,1.0,8980,107,107837882,107851003,1.6094,0.012689,10
8,A,CkksCombined,0.9,1.1,10,What are risk factors for stroke?,1.0,1.0,0.9111,9047,108,110361625,110374836,1.3592,0.007424,10
8,A,CkksCombined,0.9,1.1,10,How is asthma managed long-term?,1.0,1.0,0.9556,8603,108,106547001,106559460,1.8344,0.006119,10
8,A,CkksCombined,0.9,1.1,10,What are signs of kidney disease?,0.9,0.9497,1.0,8678,43,111011940,111025073,1.8344,0.006931,10
8,A,CkksCombined,0.9,1.1,10,Describe rheumatoid arthritis treatment,1.0,1.0,1.0,9841,112,109460449,109474243,1.8344,0.011173,10
8,A,CkksCombined,0.9,1.1,10,What causes Parkinson's disease?,1.0,1.0,1.0,10989,44,109615161,109630215,1.8344,0.010329,10
8,A,CkksCombined,0.9,1.1,10,How is multiple sclerosis diagnosed?,1.0,1.0,1.0,8253,43,110270599,110282981,1.7481,0.018332,10
8,A,CkksCombined,0.9,1.1,10,What are symptoms of anemia?,1.0,1.0,1.0,9057,44,111365117,111378264,1.6094,0.015329,10
8,A,CkksCombined,0.9,1.1,10,How is hypothyroidism treated?,1.0,1.0,1.0,8432,46,112934073,112946407,1.8867,0.015681,10
8,A,CkksCombined,0.9,1.1,10,What causes chronic pain?,1.0,1.0,1.0,8518,43,109917851,109930405,2.164,0.001136,10
8,A,CkksCombined,0.9,1.1,10,Describe COPD management,1.0,1.0,1.0,8189,43,106426442,106438733,1.4708,0.014754,10
8,A,CkksCombined,0.9,1.1,10,What are signs of liver disease?,1.0,1.0,1.0,8711,42,106303451,106316123,2.0253,0.005725,10
8,A,CkksCombined,0.9,1.1,10,How is epilepsy treated?,1.0,1.0,1.0,8598,44,106163897,106176363,1.3592,0.009033,10
8,A,CkksCombined,0.9,1.1,10,What causes osteoporosis?,1.0,1.0,1.0,8381,45,106565748,106577981,1.7481,0.011002,10
8,A,CkksCombined,0.9,1.1,10,Describe symptoms of anxiety disorder,1.0,1.0,0.9556,8342,43,106351591,106364174,1.8867,0.009502,10
8,A,CkksCombined,0.9,1.1,10,What medications are used for HIV/AIDS?,1.0,1.0,1.0,8861,105,106087202,106100232,1.3592,0.007369,10
8,A,CkksCombined,0.9,1.1,10,How is pneumonia diagnosed?,1.0,1.0,1.0,8402,42,106307468,106319972,1.6957,0.00514,10
8,A,CkksCombined,0.9,1.1,10,What causes inflammatory bowel disease?,1.0,1.0,1.0,8274,43,106272533,106284799,1.8867,0.005721,10
8,A,CkksCombined,0.9,1.1,10,Describe treatment for chronic kidney disease,1.0,1.0,0.9556,8364,44,106210412,106222746,1.5048,0.010815,10
8,A,CkksCombined,0.9,1.1,10,What are symptoms of schizophrenia?,0.9,0.9471,0.9444,8438,55,106280512,106293036,1.6434,0.006018,10
8,A,CkksCombined,0.9,1.1,10,How is bipolar disorder managed?,1.0,1.0,1.0,8560,44,106301161,106313698,1.8867,0.012379,9
8,A,CkksCombined,0.9,1.1,10,What causes psoriasis?,1.0,1.0,0.9111,8691,105,106391455,106404324,1.5048,0.011811,10
8,A,CkksCombined,0.9,1.1,10,Describe sepsis treatment,1.0,1.0,1.0,8228,44,106163873,106175912,1.7481,0.010539,10
8,A,CkksCombined,0.9,1.1,10,What are risk factors for cancer?,1.0,0.9998,0.9556,8310,44,106104292,106116762,2.164,0.002685,10
8,A,CkksCombined,0.9,1.1,10,How is ALS diagnosed?,0.9,0.9484,1.0,8473,44,106412910,106425658,1.6094,0.005632,10
9,A,Scrambling,0.9,1.1,10,What are the symptoms of type 2 diabetes?,1.0,1.0,1.0,19530,132,2985,32722,1.4708,0.010063,10
9,A,Scrambling,0.9,1.1,10,How is hypertension treated?,1.0,1.0,1.0,18381,135,5426,34047,2.0253,0.008239,10
9,A,Scrambling,0.9,1.1,10,What causes heart failure?,1.0,1.0,1.0,18038,132,3172,31632,2.0253,0.007888,10
9,A,Scrambling,0.9,1.1,10,Describe the symptoms of lupus,1.0,1.0,1.0,20757,133,5497,36836,1.6094,0.016206,10
9,A,Scrambling,0.9,1.1,10,What medications treat depression?,1.0,1.0,1.0,18171,170,3298,31796,2.0253,0.008015,10
9,A,Scrambling,0.9,1.1,10,How does Alzheimer's disease progress?,1.0,1.0,1.0,18194,124,3083,31194,1.6094,0.012835,10
9,A,Scrambling,0.9,1.1,10,What are risk factors for stroke?,1.0,1.0,1.0,18000,157,3083,31297,1.3592,0.007561,10
9,A,Scrambling,0.9,1.1,10,How is asthma managed long-term?,1.0,1.0,1.0,18278,132,3045,31726,1.8344,0.006175,10
9,A,Scrambling,0.9,1.1,10,What are signs of kidney disease?,1.0,1.0,1.0,18187,149,7111,35944,1.8344,0.006977,10
9,A,Scrambling,0.9,1.1,10,Describe rheumatoid arthritis treatment,1.0,1.0,1.0,18414,147,3185,31773,1.8344,0.011109,10
9,A,Scrambling,0.9,1.1,10,What causes Parkinson's disease?,1.0,1.0,1.0,18537,133,3449,32423,1.8344,0.010504,10
9,A,Scrambling,0.9,1.1,10,How is multiple sclerosis diagnosed?,1.0,1.0,1.0,18392,133,2930,31911,1.7481,0.018415,10
9,A,Scrambling,0.9,1.1,10,What are symptoms of anemia?,1.0,1.0,1.0,18095,146,3416,31842,1.6094,0.015431,10
9,A,Scrambling,0.9,1.1,10,How is hypothyroidism treated?,1.0,1.0,1.0,18501,124,2976,30836,1.8867,0.015584,10
9,A,Scrambling,0.9,1.1,10,What causes chronic pain?,1.0,1.0,1.0,16962,149,3278,30108,2.164,0.001157,10
9,A,Scrambling,0.9,1.1,10,Describe COPD management,1.0,1.0,1.0,17234,125,5062,32145,1.1683,0.01493,10
9,A,Scrambling,0.9,1.1,10,What are signs of liver disease?,1.0,1.0,1.0,17323,163,2825,29235,2.164,0.005875,10
9,A,Scrambling,0.9,1.1,10,How is epilepsy treated?,1.0,1.0,1.0,17456,125,2839,30116,1.2275,0.009159,10
9,A,Scrambling,0.9,1.1,10,What causes osteoporosis?,1.0,1.0,1.0,17584,125,2722,29577,1.7481,0.011225,10
9,A,Scrambling,0.9,1.1,10,Describe symptoms of anxiety disorder,1.0,1.0,1.0,17102,124,2850,29390,1.6957,0.009914,10
9,A,Scrambling,0.9,1.1,10,What medications are used for HIV/AIDS?,1.0,1.0,1.0,17380,125,3045,30155,1.3592,0.007531,10
9,A,Scrambling,0.9,1.1,10,How is pneumonia diagnosed?,1.0,1.0,1.0,17077,125,2911,30034,1.6957,0.005147,10
9,A,Scrambling,0.9,1.1,10,What causes inflammatory bowel disease?,1.0,1.0,1.0,17251,169,3119,30128,1.8344,0.00574,9
9,A,Scrambling,0.9,1.1,10,Describe treatment for chronic kidney disease,1.0,1.0,1.0,18040,164,2846,30606,1.5048,0.010771,10
9,A,Scrambling,0.9,1.1,10,What are symptoms of schizophrenia?,1.0,1.0,1.0,17221,152,5090,31771,1.6957,0.006151,10
9,A,Scrambling,0.9,1.1,10,How is bipolar disorder managed?,1.0,1.0,1.0,17027,125,2784,29179,1.8867,0.012468,10
9,A,Scrambling,0.9,1.1,10,What causes psoriasis?,1.0,1.0,1.0,17413,125,3014,29858,1.5048,0.01178,10
9,A,Scrambling,0.9,1.1,10,Describe sepsis treatment,1.0,1.0,1.0,17678,148,3325,30824,1.7481,0.010708,10
9,A,Scrambling,0.9,1.1,10,What are risk factors for cancer?,1.0,1.0,1.0,17382,125,2817,29388,2.0253,0.002693,10
9,A,Scrambling,0.9,1.1,10,How is ALS diagnosed?,1.0,1.0,1.0,16941,125,2814,29184,1.6094,0.005529,10
9,A,Noise,0.9,1.1,10,What are the symptoms of type 2 diabetes?,0.9,0.9512,1.0,18411,257,3296,32399,1.8344,0.010124,10
9,A,Noise,0.9,1.1,10,How is hypertension treated?,1.0,1.0,1.0,18210,229,3225,31874,2.0253,0.008215,10
9,A,Noise,0.9,1.1,10,What causes heart failure?,1.0,1.0,1.0,18253,228,3052,31744,2.0253,0.007909,10
9,A,Noise,0.9,1.1,10,Describe the symptoms of lupus,1.0,1.0,1.0,18032,228,5379,33840,1.6094,0.016199,10
9,A,Noise,0.9,1.1,10,What medications treat depression?,1.0,1.0,1.0,17992,228,3127,31540,1.8867,0.007984,10
9,A,Noise,0.9,1.1,10,How does Alzheimer's disease progress?,1.0,1.0,0.9556,18359,215,4200,32021,1.6434,0.012677,10
9,A,Noise,0.9,1.1,10,What are risk factors for stroke?,0.9,0.948,1.0,17374,216,2904,30152,1.3592,0.007721,10
9,A,Noise,0.9,1.1,10,How is asthma managed long-term?,1.0,1.0,1.0,17060,336,3284,30348,1.8344,0.006148,10
9,A,Noise,0.9,1.1,10,What are signs of kidney disease?,1.0,1.0,1.0,17183,216,2849,30043,2.0253,0.006979,10
9,A,Noise,0.9,1.1,10,Describe rheumatoid arthritis treatment,1.0,1.0,1.0,17673,216,2984,30206,1.8344,0.010912,10
9,A,Noise,0.9,1.1,10,What causes Parkinson's disease?,1.0,1.0,1.0,17457,228,2892,30209,1.8344,0.010344,10
9,A,Noise,0.9,1.1,10,How is multiple sclerosis diagnosed?,1.0,1.0,0.9556,17398,243,5099,31879,1.7481,0.018314,10
9,A,Noise,0.9,1.1,10,What are symptoms of anemia?,1.0,1.0,1.0,17404,220,3099,30264,1.6094,0.015172,10
9,A,Noise,0.9,1.1,10,How is hypothyroidism treated?,1.0,1.0,1.0,17488,217,2850,30086,1.8867,0.01499,10
9,A,Noise,0.9,1.1,10,What causes chronic pain?,1.0,1.0,1.0,17186,214,3142,29825,2.0253,0.00111,10
9,A,Noise,0.9,1.1,10,Describe COPD management,1.0,1.0,1.0,17535,215,5059,31725,1.4185,0.014843,10
9,A,Noise,0.9,1.1,10,What are signs of liver disease?,1.0,1.0,1.0,16937,215,5087,31996,2.164,0.005799,10
9,A,Noise,0.9,1.1,10,How is epilepsy treated?,1.0,1.0,1.0,17340,215,5069,31942,1.3592,0.009142,10
9,A,Noise,0.9,1.1,10,What causes osteoporosis?,1.0,1.0,1.0,17216,215,3123,30471,1.6094,0.011311,10
9,A,Noise,0.9,1.1,10,Describe symptoms of anxiety disorder,1.0,1.0,0.9556,19833,604,3129,33685,1.6957,0.009786,10
9,A,Noise,0.9,1.1,10,What medications are used for HIV/AIDS?,1.0,1.0,0.9556,17525,216,3042,30654,1.4979,0.007432,10
9,A,Noise,0.9,1.1,10,How is pneumonia diagnosed?,1.0,1.0,1.0,16744,214,5041,32000,1.8867,0.005163,10
9,A,Noise,0.9,1.1,10,What causes inflammatory bowel disease?,0.9,0.9512,0.9444,18419,274,4995,33591,1.6094,0.005694,10
9,A,Noise,0.9,1.1,10,Describe treatment for chronic kidney disease,1.0,1.0,1.0,17482,216,3298,30785,1.5048,0.010753,10
9,A,Noise,0.9,1.1,10,What are symptoms of schizophrenia?,1.0,1.0,1.0,17168,216,2843,29460,1.4708,0.006086,10
9,A,Noise,0.9,1.1,10,How is bipolar disorder managed?,1.0,1.0,0.9556,16996,244,3997,30919,1.8867,0.012625,10
9,A,Noise,0.9,1.1,10,What causes psoriasis?,1.0,1.0,0.9556,17960,220,3105,30869,1.5048,0.011642,10
9,A,Noise,0.9,1.1,10,Describe sepsis treatment,1.0,1.0,1.0,17153,217,2809,30369,1.7481,0.010638,10
9,A,Noise,0.9,1.1,10,What are risk factors for cancer?,1.0,1.0,1.0,19712,216,5105,34859,2.164,0.002774,10
9,A,Noise,0.9,1.1,10,How is ALS diagnosed?,1.0,1.0,0.9556,17269,215,3065,29836,1.6957,0.005354,9
9,A,Combined,0.9,1.1,10,What are the symptoms of type 2 diabetes?,1.0,0.9999,0.8222,19143,228,3129,32964,1.8344,0.009849,10
9,A,Combined,0.9,1.1,10,How is hypertension treated?,1.0,1.0,1.0,18133,314,3152,31909,2.0253,0.008149,10
9,A,Combined,0.9,1.1,10,What causes heart failure?,1.0,1.0,1.0,21595,259,3407,35703,2.0253,0.007634,10
9,A,Combined,0.9,1.1,10,Describe the symptoms of lupus,1.0,1.0,1.0,18601,483,3036,32373,1.6094,0.015804,10
9,A,Combined,0.9,1.1,10,What medications treat depression?,1.0,1.0,1.0,17880,257,3340,31851,2.0253,0.007806,10
9,A,Combined,0.9,1.1,10,How does Alzheimer's disease progress?,1.0,1.0,1.0,19184,229,3043,32432,1.6434,0.012388,10
9,A,Combined,0.9,1.1,10,What are risk factors for stroke?,0.9,0.9501,0.9444,19563,229,3108,33064,1.6094,0.007496,10
9,A,Combined,0.9,1.1,10,How is asthma managed long-term?,1.0,1.0,1.0,18236,228,3019,31421,1.8344,0.006107,10
9,A,Combined,0.9,1.1,10,What are signs of kidney disease?,1.0,1.0,0.9556,18635,228,3301,32540,1.8344,0.006725,10
9,A,Combined,0.9,1.1,10,Describe rheumatoid arthritis treatment,1.0,1.0,1.0,17411,215,3114,29968,1.8344,0.010853,10
9,A,Combined,0.9,1.1,10,What causes Parkinson's disease?,1.0,1.0,0.9556,17511,215,3048,30310,1.8344,0.010409,10
9,A,Combined,0.9,1.1,10,How is multiple sclerosis diagnosed?,1.0,1.0,0.9111,17171,215,3436,30500,1.7481,0.018275,10
9,A,Combined,0.9,1.1,10,What are symptoms of anemia?,1.0,1.0,1.0,17558,251,3041,30020,1.6094,0.015044,10
9,A,Combined,0.9,1.1,10,How is hypothyroidism treated?,1.0,1.0,0.9556,17828,215,3275,30485,1.8867,0.015252,10
9,A,Combined,0.9,1.1,10,What causes chronic pain?,1.0,1.0,1.0,16897,217,5083,31691,2.0253,0.001169,10
9,A,Combined,0.9,1.1,10,Describe COPD management,1.0,1.0,1.0,16586,216,2850,29023,1.1683,0.014413,10
9,A,Combined,0.9,1.1,10,What are signs of liver disease?,1.0,1.0,1.0,19479,235,5066,34180,2.0253,0.005818,10
9,A,Combined,0.9,1.1,10,How is epilepsy treated?,1.0,1.0,0.9556,16827,217,3086,29688,1.3592,0.009058,10
9,A,Combined,0.9,1.1,10,What causes osteoporosis?,1.0,1.0,1.0,16980,216,5171,32014,1.7481,0.011109,10
9,A,Combined,0.9,1.1,10,Describe symptoms of anxiety disorder,1.0,1.0,1.0,16773,218,5105,31910,1.8344,0.009665,10
9,A,Combined,0.9,1.1,10,What medications are used for HIV/AIDS?,1.0,1.0,1.0,17262,215,2880,30141,1.3592,0.0074,10
9,A,Combined,0.9,1.1,10,How is pneumonia diagnosed?,1.0,1.0,1.0,17071,216,5054,32145,1.8867,0.005191,10
9,A,Combined,0.9,1.1,10,What causes inflammatory bowel disease?,1.0,1.0,0.9556,17076,236,2838,29824,1.8344,0.005666,10
9,A,Combined,0.9,1.1,10,Describe treatment for chronic kidney disease,1.0,1.0,1.0,17674,218,2837,30520,1.5048,0.010599,10
9,A,Combined,0.9,1.1,10,What are symptoms of schizophrenia?,0.9,0.9471,1.0,17000,217,2766,28961,1.6957,0.006059,10
9,A,Combined,0.9,1.1,10,How is bipolar disorder managed?,1.0,1.0,1.0,17110,221,5104,31570,1.8867,0.01236,10
9,A,Combined,0.9,1.1,10,What causes psoriasis?,1.0,1.0,1.0,17141,236,3163,29730,1.5048,0.011536,10
9,A,Combined,0.9,1.1,10,Describe sepsis treatment,0.9,0.9601,1.0,16931,217,2913,29593,1.7481,0.010449,10
9,A,Combined,0.9,1.1,10,What are risk factors for cancer?,1.0,1.0,1.0,16891,216,2930,29727,2.164,0.002611,10
9,A,Combined,0.9,1.1,10,How is ALS diagnosed?,1.0,1.0,0.9556,17097,216,3110,29653,1.6957,0.005471,10
9,A,Rome,1.0,1.0,10,What are the symptoms of type 2 diabetes?,1.0,1.0,1.0,19215,20010,3043,48670,1.4708,0.010063,10
9,A,Rome,1.0,1.0,10,How is hypertension treated?,1.0,1.0,1.0,11613,8653,1741,26517,2.0253,0.008239,10
9,A,Rome,1.0,1.0,10,What causes heart failure?,1.0,1.0,1.0,9031,8531,1737,23920,2.0253,0.007888,10
9,A,Rome,1.0,1.0,10,Describe the symptoms of lupus,1.0,1.0,1.0,9022,8610,1565,23239,1.6094,0.016206,10
9,A,Rome,1.0,1.0,10,What medications treat depression?,1.0,1.0,1.0,8093,7330,2548,21763,2.0253,0.008015,10
9,A,Rome,1.0,1.0,10,How does Alzheimer's disease progress?,1.0,1.0,1.0,8536,6995,1462,20749,1.6094,0.012835,10
9,A,Rome,1.0,1.0,10,What are risk factors for stroke?,1.0,1.0,1.0,8019,7353,1499,20814,1.3592,0.007561,10
9,A,Rome,1.0,1.0,10,How is asthma managed long-term?,1.0,1.0,1.0,8218,7420,1444,20476,1.8344,0.006175,10
9,A,Rome,1.0,1.0,10,What are signs of kidney disease?,1.0,1.0,1.0,8217,7268,1431,20579,1.8344,0.006977,10
9,A,Rome,1.0,1.0,10,Describe rheumatoid arthritis treatment,1.0,1.0,1.0,8186,7055,1434,20629,1.8344,0.011109,10
9,A,Rome,1.0,1.0,10,What causes Parkinson's disease?,1.0,1.0,1.0,8069,7007,1437,20295,1.8344,0.010504,10
9,A,Rome,1.0,1.0,10,How is multiple sclerosis diagnosed?,1.0,1.0,1.0,8347,9290,1574,23210,1.7481,0.018415,10
9,A,Rome,1.0,1.0,10,What are symptoms of anemia?,1.0,1.0,1.0,8300,7527,1499,21372,1.6094,0.015431,10
9,A,Rome,1.0,1.0,10,How is hypothyroidism treated?,1.0,1.0,1.0,8754,9236,1423,23235,1.8867,0.015584,10
9,A,Rome,1.0,1.0,10,What causes chronic pain?,1.0,1.0,1.0,8389,7015,2592,21697,2.164,0.001157,10
9,A,Rome,1.0,1.0,10,Describe COPD management,1.0,1.0,1.0,8010,7156,1416,20619,1.1683,0.01493,10
9,A,Rome,1.0,1.0,10,What are signs of liver disease?,1.0,1.0,1.0,8912,7531,4061,24533,2.164,0.005875,10
9,A,Rome,1.0,1.0,10,How is epilepsy treated?,1.0,1.0,1.0,8474,7420,1432,21137,1.2275,0.009159,10
9,A,Rome,1.0,1.0,10,What causes osteoporosis?,1.0,1.0,1.0,8518,6991,1440,20524,1.7481,0.011225,10
9,A,Rome,1.0,1.0,10,Describe symptoms of anxiety disorder,1.0,1.0,1.0,8177,7292,1529,20794,1.6957,0.009914,10
9,A,Rome,1.0,1.0,10,What medications are used for HIV/AIDS?,1.0,1.0,1.0,8276,6991,1462,20184,1.3592,0.007531,10
9,A,Rome,1.0,1.0,10,How is pneumonia diagnosed?,1.0,1.0,1.0,8109,7316,1599,20914,1.6957,0.005147,10
9,A,Rome,1.0,1.0,10,What causes inflammatory bowel disease?,1.0,1.0,1.0,8364,6966,1581,20913,1.8344,0.00574,9
9,A,Rome,1.0,1.0,10,Describe treatment for chronic kidney disease,1.0,1.0,1.0,8111,7948,1678,21697,1.5048,0.010771,10
9,A,Rome,1.0,1.0,10,What are symptoms of schizophrenia?,1.0,1.0,1.0,8626,8188,1508,22187,1.6957,0.006151,10
9,A,Rome,1.0,1.0,10,How is bipolar disorder managed?,1.0,1.0,1.0,8411,7306,1432,20863,1.8867,0.012468,10
9,A,Rome,1.0,1.0,10,What causes psoriasis?,1.0,1.0,1.0,8352,7052,1516,20687,1.5048,0.01178,10
9,A,Rome,1.0,1.0,10,Describe sepsis treatment,1.0,1.0,1.0,7939,7156,2597,21639,1.7481,0.010708,10
9,A,Rome,1.0,1.0,10,What are risk factors for cancer?,1.0,1.0,1.0,8416,7054,1432,21045,2.0253,0.002693,10
9,A,Rome,1.0,1.0,10,How is ALS diagnosed?,1.0,1.0,1.0,8340,7231,1436,20796,1.6094,0.005529,10
9,A,RomeCombined,0.9,1.1,10,What are the symptoms of type 2 diabetes?,1.0,1.0,1.0,18316,21243,3059,49659,1.8344,0.009881,10
9,A,RomeCombined,0.9,1.1,10,How is hypertension treated?,1.0,1.0,1.0,10766,9202,2530,26335,2.0253,0.008141,10
9,A,RomeCombined,0.9,1.1,10,What causes heart failure?,1.0,1.0,0.9556,7929,6998,1433,20089,2.0253,0.007807,10
9,A,RomeCombined,0.9,1.1,10,Describe the symptoms of lupus,1.0,1.0,0.9556,8132,7122,1446,20439,1.6094,0.016138,10
9,A,RomeCombined,0.9,1.1,10,What medications treat depression?,1.0,1.0,1.0,8741,7023,1429,20927,2.0253,0.007949,10
9,A,RomeCombined,0.9,1.1,10,How does Alzheimer's disease progress?,1.0,1.0,0.9556,8381,7584,1502,21252,1.6094,0.012676,10
9,A,RomeCombined,0.9,1.1,10,What are risk factors for stroke?,1.0,1.0,1.0,8293,7478,2572,22577,1.4979,0.007384,9
9,A,RomeCombined,0.9,1.1,10,How is asthma managed long-term?,1.0,1.0,1.0,8584,7753,1493,21678,1.8344,0.006063,10
9,A,RomeCombined,0.9,1.1,10,What are signs of kidney disease?,1.0,1.0,1.0,8348,7296,1578,21104,1.8344,0.006903,10
9,A,RomeCombined,0.9,1.1,10,Describe rheumatoid arthritis treatment,1.0,1.0,1.0,8216,7029,2560,21576,1.8344,0.010911,10
9,A,RomeCombined,0.9,1.1,10,What causes Parkinson's disease?,1.0,1.0,1.0,8392,7382,1508,21242,1.8344,0.010314,10
9,A,RomeCombined,0.9,1.1,10,How is multiple sclerosis diagnosed?,1.0,1.0,0.9556,8169,7346,1454,20880,1.7481,0.01822,10
9,A,RomeCombined,0.9,1.1,10,What are symptoms of anemia?,1.0,1.0,1.0,8208,7320,1446,20727,1.6094,0.015571,10
9,A,RomeCombined,0.9,1.1,10,How is hypothyroidism treated?,1.0,1.0,1.0,9292,6995,2543,22616,1.8867,0.015151,10
9,A,RomeCombined,0.9,1.1,10,What causes chronic pain?,1.0,1.0,1.0,8032,7521,1440,20939,2.164,0.00114,10
9,A,RomeCombined,0.9,1.1,10,Describe COPD management,1.0,1.0,1.0,8215,7553,1516,21328,1.1683,0.014582,10
9,A,RomeCombined,0.9,1.1,10,What are signs of liver disease?,1.0,1.0,1.0,8247,7629,1536,21304,2.0253,0.005756,10
9,A,RomeCombined,0.9,1.1,10,How is epilepsy treated?,1.0,1.0,1.0,8469,7322,1499,21181,1.2275,0.008878,10
9,A,RomeCombined,0.9,1.1,10,What causes osteoporosis?,1.0,1.0,0.9111,8293,7568,1500,21407,1.7481,0.011266,10
9,A,RomeCombined,0.9,1.1,10,Describe symptoms of anxiety disorder,1.0,1.0,1.0,8202,8189,1508,21898,1.6957,0.009773,10
9,A,RomeCombined,0.9,1.1,10,What medications are used for HIV/AIDS?,1.0,1.0,1.0,8287,7209,2566,21594,1.3592,0.007388,10
9,A,RomeCombined,0.9,1.1,10,How is pneumonia diagnosed?,1.0,1.0,1.0,8063,7375,1500,21068,1.8867,0.005007,10
9,A,RomeCombined,0.9,1.1,10,What causes inflammatory bowel disease?,1.0,1.0,1.0,8290,7362,1475,21099,1.8344,0.005755,10
9,A,RomeCombined,0.9,1.1,10,Describe treatment for chronic kidney disease,1.0,1.0,1.0,8564,7033,1421,21074,1.5048,0.010568,10
9,A,RomeCombined,0.9,1.1,10,What are symptoms of schizophrenia?,1.0,1.0,0.9556,8324,7316,1511,20680,1.6434,0.006092,9
9,A,RomeCombined,0.9,1.1,10,How is bipolar disorder managed?,1.0,1.0,1.0,8144,7117,1469,20430,1.8867,0.012307,10
9,A,RomeCombined,0.9,1.1,10,What causes psoriasis?,1.0,1.0,0.9556,8048,7033,1416,20042,1.5048,0.011802,10
9,A,RomeCombined,0.9,1.1,10,Describe sepsis treatment,0.9,0.9601,0.9444,8008,7369,1429,20604,1.7481,0.010497,10
9,A,RomeCombined,0.9,1.1,10,What are risk factors for cancer?,1.0,1.0,1.0,8591,7178,1445,20920,2.0253,0.0027,10
9,A,RomeCombined,0.9,1.1,10,How is ALS diagnosed?,1.0,1.0,0.9111,8132,7215,1433,21027,1.6434,0.005293,9
9,A,Ckks,1.0,1.0,10,What are the symptoms of type 2 diabetes?,1.0,1.0,1.0,12350,4,105962757,105979358,1.4708,0.010063,10
9,A,Ckks,1.0,1.0,10,How is hypertension treated?,1.0,1.0,1.0,8395,4,106575559,106588365,2.0253,0.008239,10
9,A,Ckks,1.0,1.0,10,What causes heart failure?,1.0,1.0,1.0,8309,5,106273632,106285573,2.0253,0.007888,10
9,A,Ckks,1.0,1.0,10,Describe the symptoms of lupus,1.0,1.0,1.0,9210,4,106296892,106310727,1.6094,0.016206,10
9,A,Ckks,1.0,1.0,10,What medications treat depression?,1.0,1.0,1.0,8172,4,106354026,106366639,2.0253,0.008015,10
9,A,Ckks,1.0,1.0,10,How does Alzheimer's disease progress?,1.0,1.0,1.0,8642,5,106399832,106412989,1.6094,0.012835,10
9,A,Ckks,1.0,1.0,10,What are risk factors for stroke?,1.0,1.0,1.0,8545,4,106202834,106215476,1.3592,0.007561,10
9,A,Ckks,1.0,1.0,10,How is asthma managed long-term?,1.0,1.0,1.0,8209,4,106370316,106382749,1.8344,0.006175,10
9,A,Ckks,1.0,1.0,10,What are signs of kidney disease?,1.0,1.0,1.0,9106,4,106360246,106373591,1.8344,0.006977,10
9,A,Ckks,1.0,1.0,10,Describe rheumatoid arthritis treatment,1.0,1.0,1.0,8501,4,106685552,106698215,1.8344,0.011109,10
9,A,Ckks,1.0,1.0,10,What causes Parkinson's disease?,1.0,1.0,1.0,8518,5,106358455,106370929,1.8344,0.010504,10
9,A,Ckks,1.0,1.0,10,How is multiple sclerosis diagnosed?,1.0,1.0,1.0,8526,4,106163316,106176320,1.7481,0.018415,10
9,A,Ckks,1.0,1.0,10,What are symptoms of anemia?,1.0,1.0,1.0,8655,4,106351730,106364511,1.6094,0.015431,10
9,A,Ckks,1.0,1.0,10,How is hypothyroidism treated?,1.0,1.0,1.0,8636,4,106640125,106653042,1.8867,0.015584,10
9,A,Ckks,1.0,1.0,10,What causes chronic pain?,1.0,1.0,1.0,8407,4,106377402,106389936,2.164,0.001157,10
9,A,Ckks,1.0,1.0,10,Describe COPD management,1.0,1.0,1.0,8243,4,106370018,106382163,1.1683,0.01493,10
9,A,Ckks,1.0,1.0,10,What are signs of liver disease?,1.0,1.0,1.0,8243,4,106327561,106340112,2.164,0.005875,10
9,A,Ckks,1.0,1.0,10,How is epilepsy treated?,1.0,1.0,1.0,8502,4,106418631,106431359,1.2275,0.009159,10
9,A,Ckks,1.0,1.0,10,What causes osteoporosis?,1.0,1.0,1.0,8299,4,106529897,106542449,1.7481,0.011225,10
9,A,Ckks,1.0,1.0,10,Describe symptoms of anxiety disorder,1.0,1.0,1.0,8464,4,106265530,106278244,1.6957,0.009914,10
9,A,Ckks,1.0,1.0,10,What medications are used for HIV/AIDS?,1.0,1.0,1.0,8474,4,106441872,106454146,1.3592,0.007531,10
9,A,Ckks,1.0,1.0,10,How is pneumonia diagnosed?,1.0,1.0,1.0,8228,5,106759693,106772244,1.6957,0.005147,10
9,A,Ckks,1.0,1.0,10,What causes inflammatory bowel disease?,1.0,1.0,1.0,8443,4,106525288,106538243,1.8344,0.00574,9
9,A,Ckks,1.0,1.0,10,Describe treatment for chronic kidney disease,1.0,1.0,1.0,8469,4,106283685,106296488,1.5048,0.010771,10
9,A,Ckks,1.0,1.0,10,What are symptoms of schizophrenia?,1.0,1.0,1.0,8634,4,106324966,106338076,1.6957,0.006151,10
9,A,Ckks,1.0,1.0,10,How is bipolar disorder managed?,1.0,1.0,1.0,8339,4,106221990,106234042,1.8867,0.012468,10
9,A,Ckks,1.0,1.0,10,What causes psoriasis?,1.0,1.0,1.0,13052,4,106471075,106488097,1.5048,0.01178,10
9,A,Ckks,1.0,1.0,10,Describe sepsis treatment,1.0,1.0,1.0,8697,4,106421646,106434479,1.7481,0.010708,10
9,A,Ckks,1.0,1.0,10,What are risk factors for cancer?,1.0,1.0,1.0,8366,4,106233165,106246237,2.0253,0.002693,10
9,A,Ckks,1.0,1.0,10,How is ALS diagnosed?,1.0,1.0,1.0,8193,4,106253284,106265282,1.6094,0.005529,10
9,A,CkksCombined,0.9,1.1,10,What are the symptoms of type 2 diabetes?,1.0,1.0,0.8667,14711,42,106015434,106034173,1.6094,0.009986,10
9,A,CkksCombined,0.9,1.1,10,How is hypertension treated?,1.0,1.0,1.0,9033,43,105996661,106009934,2.0253,0.007915,10
9,A,CkksCombined,0.9,1.1,10,What causes heart failure?,1.0,1.0,1.0,8681,108,106467599,106480970,1.8867,0.007672,10
9,A,CkksCombined,0.9,1.1,10,Describe the symptoms of lupus,1.0,1.0,1.0,8942,44,106198066,106211180,1.6094,0.016324,10
9,A,CkksCombined,0.9,1.1,10,What medications treat depression?,1.0,1.0,1.0,8162,43,106326178,106338477,1.8867,0.00784,10
9,A,CkksCombined,0.9,1.1,10,How does Alzheimer's disease progress?,1.0,1.0,1.0,8480,43,106372202,106384881,1.6094,0.012976,10
9,A,CkksCombined,0.9,1.1,10,What are risk factors for stroke?,1.0,1.0,0.8222,8772,44,106606074,106619003,1.3592,0.007295,10
9,A,CkksCombined,0.9,1.1,10,How is asthma managed long-term?,1.0,1.0,1.0,8317,44,106462896,106475264,1.7481,0.006015,10
9,A,CkksCombined,0.9,1.1,10,What are signs of kidney disease?,1.0,1.0,0.9556,8953,45,106456912,106470204,1.8344,0.007004,10
9,A,CkksCombined,0.9,1.1,10,Describe rheumatoid arthritis treatment,1.0,1.0,1.0,8674,45,106187682,106200619,1.8344,0.010923,10
9,A,CkksCombined,0.9,1.1,10,What causes Parkinson's disease?,1.0,1.0,0.9556,9245,45,106414377,106428026,1.8344,0.010506,10
9,A,CkksCombined,0.9,1.1,10,How is multiple sclerosis diagnosed?,1.0,1.0,1.0,8325,43,106221271,106233567,1.973,0.017866,10
9,A,CkksCombined,0.9,1.1,10,What are symptoms of anemia?,1.0,0.9999,0.9111,8308,43,106341738,106354031,1.4185,0.015151,10
9,A,CkksCombined,0.9,1.1,10,How is hypothyroidism treated?,1.0,1.0,1.0,8777,107,106218339,106231577,1.8867,0.015139,10
9,A,CkksCombined,0.9,1.1,10,What causes chronic pain?,1.0,1.0,1.0,8590,53,106216159,106228793,2.0253,0.001205,10
9,A,CkksCombined,0.9,1.1,10,Describe COPD management,1.0,1.0,1.0,8338,44,106204241,106216687,1.4708,0.014716,10
9,A,CkksCombined,0.9,1.1,10,What are signs of liver disease?,1.0,1.0,1.0,8509,44,106149328,106161866,2.164,0.005852,10
9,A,CkksCombined,0.9,1.1,10,How is epilepsy treated?,1.0,1.0,0.9556,8519,43,106386320,106398862,1.2275,0.008988,9
9,A,CkksCombined,0.9,1.1,10,What causes osteoporosis?,1.0,1.0,1.0,8639,120,106142228,106155066,1.6094,0.011033,10
9,A,CkksCombined,0.9,1.1,10,Describe symptoms of anxiety disorder,1.0,1.0,1.0,8583,52,106440376,106453370,1.8867,0.009782,10
9,A,CkksCombined,0.9,1.1,10,What medications are used for HIV/AIDS?,1.0,1.0,1.0,8721,43,106368321,106381064,1.3592,0.007531,10
9,A,CkksCombined,0.9,1.1,10,How is pneumonia diagnosed?,1.0,1.0,1.0,8164,45,106297187,106309393,1.7481,0.005062,10
9,A,CkksCombined,0.9,1.1,10,What causes inflammatory bowel disease?,1.0,1.0,1.0,8971,88,106371228,106384542,1.7481,0.00577,10
9,A,CkksCombined,0.9,1.1,10,Describe treatment for chronic kidney disease,1.0,1.0,0.9556,8408,44,105939554,105951891,1.5048,0.010628,9
9,A,CkksCombined,0.9,1.1,10,What are symptoms of schizophrenia?,1.0,1.0,1.0,8304,43,106363492,106375625,1.6957,0.006197,10
9,A,CkksCombined,0.9,1.1,10,How is bipolar disorder managed?,1.0,1.0,0.9556,8434,43,106181589,106194162,1.8867,0.012379,10
9,A,CkksCombined,0.9,1.1,10,What causes psoriasis?,1.0,1.0,1.0,8557,43,106319493,106331901,1.5048,0.011647,10
9,A,CkksCombined,0.9,1.1,10,Describe sepsis treatment,0.9,0.9601,1.0,8480,107,106153865,106166536,1.7481,0.010455,10
9,A,CkksCombined,0.9,1.1,10,What are risk factors for cancer?,1.0,1.0,1.0,8404,44,106212312,106224836,2.164,0.002598,10
9,A,CkksCombined,0.9,1.1,10,How is ALS diagnosed?,0.9,0.9484,0.9444,8422,43,106448366,106461418,1.6094,0.005332,10
10,A,Scrambling,0.9,1.1,10,What are the symptoms of type 2 diabetes?,1.0,1.0,1.0,21296,132,2976,34947,1.4708,0.010063,10
10,A,Scrambling,0.9,1.1,10,How is hypertension treated?,1.0,1.0,1.0,17674,107,2299,26568,2.0253,0.008239,10
10,A,Scrambling,0.9,1.1,10,What causes heart failure?,1.0,1.0,1.0,10070,61,2461,16760,2.0253,0.007888,10
10,A,Scrambling,0.9,1.1,10,Describe the symptoms of lupus,1.0,1.0,1.0,8029,51,2053,13985,1.6094,0.016206,10
10,A,Scrambling,0.9,1.1,10,What medications treat depression?,1.0,1.0,1.0,7957,51,1314,12791,2.0253,0.008015,10
10,A,Scrambling,0.9,1.1,10,How does Alzheimer's disease progress?,1.0,1.0,1.0,8348,50,1247,13471,1.6094,0.012835,10
10,A,Scrambling,0.9,1.1,10,What are risk factors for stroke?,1.0,1.0,1.0,8754,51,1953,15007,1.3592,0.007561,10
10,A,Scrambling,0.9,1.1,10,How is asthma managed long-term?,1.0,1.0,1.0,8083,53,1631,13605,1.8344,0.006175,10
10,A,Scrambling,0.9,1.1,10,What are signs of kidney disease?,1.0,1.0,1.0,8305,53,2411,14783,1.8344,0.006977,10
10,A,Scrambling,0.9,1.1,10,Describe rheumatoid arthritis treatment,1.0,1.0,1.0,8591,53,1258,13746,1.8344,0.011109,10
10,A,Scrambling,0.9,1.1,10,What causes Parkinson's disease?,1.0,1.0,1.0,8368,53,1185,13153,1.8344,0.010504,10
10,A,Scrambling,0.9,1.1,10,How is multiple sclerosis diagnosed?,1.0,1.0,1.0,8205,53,3078,15299,1.7481,0.018415,10
10,A,Scrambling,0.9,1.1,10,What are symptoms of anemia?,1.0,1.0,1.0,8087,52,2184,14505,1.6094,0.015431,10
10,A,Scrambling,0.9,1.1,10,How is hypothyroidism treated?,1.0,1.0,1.0,8559,137,2025,14528,1.8867,0.015584,10
10,A,Scrambling,0.9,1.1,10,What causes chronic pain?,1.0,1.0,1.0,8586,53,1211,13934,2.164,0.001157,10
10,A,Scrambling,0.9,1.1,10,Describe COPD management,1.0,1.0,1.0,8366,53,2068,14485,1.1683,0.01493,10
10,A,Scrambling,0.9,1.1,10,What are signs of liver disease?,1.0,1.0,1.0,8238,54,1461,13640,2.164,0.005875,10
10,A,Scrambling,0.9,1.1,10,How is epilepsy treated?,1.0,1.0,1.0,8225,53,1189,13304,1.2275,0.009159,10
10,A,Scrambling,0.9,1.1,10,What causes osteoporosis?,1.0,1.0,1.0,8469,53,1181,13686,1.7481,0.011225,10
10,A,Scrambling,0.9,1.1,10,Describe symptoms of anxiety disorder,1.0,1.0,1.0,8159,53,1311,13301,1.6957,0.009914,10
10,A,Scrambling,0.9,1.1,10,What medications are used for HIV/AIDS?,1.0,1.0,1.0,8243,52,1184,13579,1.3592,0.007531,10
10,A,Scrambling,0.9,1.1,10,How is pneumonia diagnosed?,1.0,1.0,1.0,8263,52,1192,13427,1.6957,0.005147,10
10,A,Scrambling,0.9,1.1,10,What causes inflammatory bowel disease?,1.0,1.0,1.0,9058,53,1422,14392,1.8344,0.00574,9
10,A,Scrambling,0.9,1.1,10,Describe treatment for chronic kidney disease,1.0,1.0,1.0,8153,53,1165,13092,1.5048,0.010771,10
10,A,Scrambling,0.9,1.1,10,What are symptoms of schizophrenia?,1.0,1.0,1.0,8360,53,2067,14167,1.6957,0.006151,10
10,A,Scrambling,0.9,1.1,10,How is bipolar disorder managed?,1.0,1.0,1.0,8607,53,1176,13676,1.8867,0.012468,10
10,A,Scrambling,0.9,1.1,10,What causes psoriasis?,1.0,1.0,1.0,9703,144,2703,16548,1.5048,0.01178,10
10,A,Scrambling,0.9,1.1,10,Describe sepsis treatment,1.0,1.0,1.0,8360,52,2080,14470,1.7481,0.010708,10
10,A,Scrambling,0.9,1.1,10,What are risk factors for cancer?,1.0,1.0,1.0,8487,53,1247,13926,2.0253,0.002693,10
10,A,Scrambling,0.9,1.1,10,How is ALS diagnosed?,1.0,1.0,1.0,9045,53,1298,14261,1.6094,0.005529,10
10,A,Noise,0.9,1.1,10,What are the symptoms of type 2 diabetes?,1.0,1.0,1.0,19646,230,3156,33102,1.7481,0.010181,10
10,A,Noise,0.9,1.1,10,How is hypertension treated?,1.0,1.0,1.0,18288,228,3000,31656,2.0253,0.008034,10
10,A,Noise,0.9,1.1,10,What causes heart failure?,1.0,1.0,0.9556,18416,228,3025,31507,1.8867,0.007568,10
10,A,Noise,0.9,1.1,10,Describe the symptoms of lupus,1.0,1.0,1.0,18082,285,3662,32050,1.6094,0.015828,10
10,A,Noise,0.9,1.1,10,What medications treat depression?,1.0,1.0,1.0,18346,228,3242,32029,2.0253,0.007976,10
10,A,Noise,0.9,1.1,10,How does Alzheimer's disease progress?,1.0,1.0,0.9556,18694,258,3162,32394,1.6094,0.012633,10
10,A,Noise,0.9,1.1,10,What are risk factors for stroke?,0.9,0.9501,1.0,18263,229,2950,31405,1.3592,0.007605,10
10,A,Noise,0.9,1.1,10,How is asthma managed long-term?,1.0,1.0,1.0,19294,644,3226,33556,1.8344,0.00609,10
10,A,Noise,0.9,1.1,10,What are signs of kidney disease?,0.9,0.9497,1.0,18123,229,4509,32772,1.973,0.006817,10
10,A,Noise,0.9,1.1,10,Describe rheumatoid arthritis treatment,1.0,1.0,0.9556,18163,228,3034,31775,1.8344,0.011188,10
10,A,Noise,0.9,1.1,10,What causes Parkinson's disease?,1.0,1.0,0.9556,18312,228,3336,31270,1.8344,0.010428,10
10,A,Noise,0.9,1.1,10,How is multiple sclerosis diagnosed?,1.0,1.0,1.0,18482,230,3066,31397,1.973,0.018125,10
10,A,Noise,0.9,1.1,10,What are symptoms of anemia?,1.0,1.0,1.0,18253,268,5391,34071,1.6094,0.014811,10
10,A,Noise,0.9,1.1,10,How is hypothyroidism treated?,1.0,1.0,1.0,18655,550,3254,32550,1.8867,0.015658,10
10,A,Noise,0.9,1.1,10,What causes chronic pain?,1.0,1.0,0.9556,18102,228,5396,33923,2.164,0.001133,10
10,A,Noise,0.9,1.1,10,Describe COPD management,1.0,1.0,1.0,17701,228,3032,30917,1.1683,0.014573,10
10,A,Noise,0.9,1.1,10,What are signs of liver disease?,1.0,1.0,1.0,18315,229,3346,32608,2.0253,0.005609,10
10,A,Noise,0.9,1.1,10,How is epilepsy treated?,1.0,1.0,1.0,18329,228,3024,31804,1.2275,0.009023,10
10,A,Noise,0.9,1.1,10,What causes osteoporosis?,1.0,1.0,0.9111,18201,229,3135,31965,1.6094,0.010957,10
10,A,Noise,0.9,1.1,10,Describe symptoms of anxiety disorder,1.0,1.0,1.0,18042,214,2813,30618,1.6957,0.009669,10
10,A,Noise,0.9,1.1,10,What medications are used for HIV/AIDS?,1.0,1.0,1.0,20386,353,4507,35420,1.3592,0.007532,10
10,A,Noise,0.9,1.1,10,How is pneumonia diagnosed?,1.0,1.0,0.9556,17048,215,2844,29639,2.0253,0.005091,10
10,A,Noise,0.9,1.1,10,What causes inflammatory bowel disease?,1.0,1.0,0.9556,18424,217,3045,31138,1.8344,0.005883,10
10,A,Noise,0.9,1.1,10,Describe treatment for chronic kidney disease,1.0,1.0,0.9556,17156,216,2845,29577,1.5048,0.010618,10
10,A,Noise,0.9,1.1,10,What are symptoms of schizophrenia?,1.0,1.0,1.0,17552,216,2825,30023,1.6434,0.005918,10
10,A,Noise,0.9,1.1,10,How is bipolar disorder managed?,1.0,1.0,1.0,18306,217,2832,30593,1.8867,0.012474,10
10,A,Noise,0.9,1.1,10,What causes psoriasis?,1.0,1.0,0.9556,17399,216,2842,30226,1.5048,0.012026,10
10,A,Noise,0.9,1.1,10,Describe sepsis treatment,0.9,0.9601,1.0,17671,216,2933,30184,1.7481,0.010622,10
10,A,Noise,0.9,1.1,10,What are risk factors for cancer?,1.0,1.0,1.0,17740,238,2897,29891,2.0253,0.002589,10
10,A,Noise,0.9,1.1,10,How is ALS diagnosed?,1.0,1.0,0.9556,17639,235,2801,30372,1.6957,0.005326,10
10,A,Combined,0.9,1.1,10,What are the symptoms of type 2 diabetes?,1.0,1.0,0.9111,18571,228,3101,31455,1.4708,0.009717,10
10,A,Combined,0.9,1.1,10,How is hypertension treated?,1.0,1.0,1.0,18661,229,3530,32362,2.0253,0.008345,10
10,A,Combined,0.9,1.1,10,What causes heart failure?,1.0,1.0,1.0,17944,231,3660,31867,2.0253,0.007958,10
10,A,Combined,0.9,1.1,10,Describe the symptoms of lupus,1.0,1.0,1.0,18876,629,3002,32880,1.6094,0.01587,10
10,A,Combined,0.9,1.1,10,What medications treat depression?,1.0,1.0,1.0,18037,228,3013,30779,2.0253,0.00767,10
10,A,Combined,0.9,1.1,10,How does Alzheimer's disease progress?,1.0,1.0,0.9556,19527,254,3089,33349,1.6094,0.012306,10
10,A,Combined,0.9,1.1,10,What are risk factors for stroke?,0.9,0.9501,0.9444,19060,228,5378,35062,1.4979,0.007424,9
10,A,Combined,0.9,1.1,10,How is asthma managed long-term?,1.0,1.0,1.0,18346,229,2988,31364,1.8344,0.006201,10
10,A,Combined,0.9,1.1,10,What are signs of kidney disease?,1.0,1.0,1.0,18406,229,3089,31773,2.0253,0.006996,10
10,A,Combined,0.9,1.1,10,Describe rheumatoid arthritis treatment,1.0,1.0,1.0,18756,229,3531,32715,1.8344,0.010832,10
10,A,Combined,0.9,1.1,10,What causes Parkinson's disease?,1.0,1.0,1.0,17918,252,3122,31335,1.8344,0.010222,10
10,A,Combined,0.9,1.1,10,How is multiple sclerosis diagnosed?,1.0,1.0,0.9556,18245,228,4691,33757,1.7481,0.017781,10
10,A,Combined,0.9,1.1,10,What are symptoms of anemia?,1.0,1.0,0.9111,18449,265,5378,34947,1.4185,0.015699,10
10,A,Combined,0.9,1.1,10,How is hypothyroidism treated?,1.0,1.0,0.9556,17997,229,3282,31798,1.8867,0.015972,10
10,A,Combined,0.9,1.1,10,What causes chronic pain?,1.0,1.0,1.0,18766,229,2998,31586,2.164,0.001117,10
10,A,Combined,0.9,1.1,10,Describe COPD management,1.0,1.0,1.0,18017,230,3335,31603,1.4708,0.014862,10
10,A,Combined,0.9,1.1,10,What are signs of liver disease?,1.0,1.0,1.0,21175,229,3192,34777,2.0253,0.005828,10
10,A,Combined,0.9,1.1,10,How is epilepsy treated?,1.0,1.0,0.9556,18121,230,3035,31961,1.2275,0.009344,10
10,A,Combined,0.9,1.1,10,What causes osteoporosis?,1.0,1.0,0.9556,18608,228,3194,32231,1.7481,0.011357,9
10,A,Combined,0.9,1.1,10,Describe symptoms of anxiety disorder,1.0,1.0,0.9556,18249,229,3013,31239,1.6957,0.009617,10
10,A,Combined,0.9,1.1,10,What medications are used for HIV/AIDS?,1.0,1.0,1.0,18276,258,3451,32450,1.3592,0.007425,10
10,A,Combined,0.9,1.1,10,How is pneumonia diagnosed?,1.0,1.0,0.9556,18279,229,3337,31868,1.8344,0.005091,10
10,A,Combined,0.9,1.1,10,What causes inflammatory bowel disease?,1.0,1.0,0.9556,18792,436,3014,31613,1.6094,0.005749,10
10,A,Combined,0.9,1.1,10,Describe treatment for chronic kidney disease,1.0,1.0,1.0,18058,228,3376,31543,1.5048,0.010824,10
10,A,Combined,0.9,1.1,10,What are symptoms of schizophrenia?,1.0,1.0,0.9556,18102,230,3020,31310,1.4708,0.00592,10
10,A,Combined,0.9,1.1,10,How is bipolar disorder managed?,1.0,1.0,1.0,18303,216,5151,33301,1.8867,0.012122,10
10,A,Combined,0.9,1.1,10,What causes psoriasis?,1.0,1.0,0.9111,17153,337,5115,31678,1.5048,0.011908,9
10,A,Combined,0.9,1.1,10,Describe sepsis treatment,0.9,0.9601,1.0,16963,215,5062,31710,1.7481,0.010677,10
10,A,Combined,0.9,1.1,10,What are risk factors for cancer?,1.0,1.0,1.0,17354,216,3156,30255,2.164,0.002708,10
10,A,Combined,0.9,1.1,10,How is ALS diagnosed?,1.0,1.0,0.9556,17523,350,2965,30465,1.6957,0.005428,10
10,A,Rome,1.0,1.0,10,What are the symptoms of type 2 diabetes?,1.0,1.0,1.0,18524,19700,3129,48022,1.4708,0.010063,10
10,A,Rome,1.0,1.0,10,How is hypertension treated?,1.0,1.0,1.0,10779,9351,1571,25572,2.0253,0.008239,10
10,A,Rome,1.0,1.0,10,What causes heart failure?,1.0,1.0,1.0,8292,6962,1453,20423,2.0253,0.007888,10
10,A,Rome,1.0,1.0,10,Describe the symptoms of lupus,1.0,1.0,1.0,8139,7040,1435,20360,1.6094,0.016206,10
10,A,Rome,1.0,1.0,10,What medications treat depression?,1.0,1.0,1.0,8495,8401,1513,22273,2.0253,0.008015,10
10,A,Rome,1.0,1.0,10,How does Alzheimer's disease progress?,1.0,1.0,1.0,8175,6985,1440,20314,1.6094,0.012835,10
10,A,Rome,1.0,1.0,10,What are risk factors for stroke?,1.0,1.0,1.0,8529,7520,1448,21365,1.3592,0.007561,10
10,A,Rome,1.0,1.0,10,How is asthma managed long-term?,1.0,1.0,1.0,9391,7491,1499,22872,1.8344,0.006175,10
10,A,Rome,1.0,1.0,10,What are signs of kidney disease?,1.0,1.0,1.0,8269,7516,2604,22236,1.8344,0.006977,10
10,A,Rome,1.0,1.0,10,Describe rheumatoid arthritis treatment,1.0,1.0,1.0,8345,7169,3777,23270,1.8344,0.011109,10
10,A,Rome,1.0,1.0,10,What causes Parkinson's disease?,1.0,1.0,1.0,8170,6973,1438,20327,1.8344,0.010504,10
10,A,Rome,1.0,1.0,10,How is multiple sclerosis diagnosed?,1.0,1.0,1.0,8330,6954,1417,20535,1.7481,0.018415,10
10,A,Rome,1.0,1.0,10,What are symptoms of anemia?,1.0,1.0,1.0,8069,8942,1443,22244,1.6094,0.015431,10
10,A,Rome,1.0,1.0,10,How is hypothyroidism treated?,1.0,1.0,1.0,8390,7107,1437,20930,1.8867,0.015584,10
10,A,Rome,1.0,1.0,10,What causes chronic pain?,1.0,1.0,1.0,8018,6993,1430,20278,2.164,0.001157,10
10,A,Rome,1.0,1.0,10,Describe COPD management,1.0,1.0,1.0,8051,7222,1425,20735,1.1683,0.01493,10
10,A,Rome,1.0,1.0,10,What are signs of liver disease?,1.0,1.0,1.0,8187,6994,1554,20372,2.164,0.005875,10
10,A,Rome,1.0,1.0,10,How is epilepsy treated?,1.0,1.0,1.0,8603,7352,1452,21462,1.2275,0.009159,10
10,A,Rome,1.0,1.0,10,What causes osteoporosis?,1.0,1.0,1.0,8589,7310,1436,20927,1.7481,0.011225,10
10,A,Rome,1.0,1.0,10,Describe symptoms of anxiety disorder,1.0,1.0,1.0,8087,6986,1427,20656,1.6957,0.009914,10
10,A,Rome,1.0,1.0,10,What medications are used for HIV/AIDS?,1.0,1.0,1.0,8285,10319,1484,24204,1.3592,0.007531,10
10,A,Rome,1.0,1.0,10,How is pneumonia diagnosed?,1.0,1.0,1.0,8467,6950,1442,20738,1.6957,0.005147,10
10,A,Rome,1.0,1.0,10,What causes inflammatory bowel disease?,1.0,1.0,1.0,8276,8927,1418,22221,1.8344,0.00574,9
10,A,Rome,1.0,1.0,10,Describe treatment for chronic kidney disease,1.0,1.0,1.0,8098,7299,2631,21690,1.5048,0.010771,10
10,A,Rome,1.0,1.0,10,What are symptoms of schizophrenia?,1.0,1.0,1.0,8081,7098,4488,23457,1.6957,0.006151,10
10,A,Rome,1.0,1.0,10,How is bipolar disorder managed?,1.0,1.0,1.0,8460,7590,1436,21406,1.8867,0.012468,10
10,A,Rome,1.0,1.0,10,What causes psoriasis?,1.0,1.0,1.0,8821,6977,1433,20887,1.5048,0.01178,10
10,A,Rome,1.0,1.0,10,Describe sepsis treatment,1.0,1.0,1.0,7905,6983,1727,20355,1.7481,0.010708,10
10,A,Rome,1.0,1.0,10,What are risk factors for cancer?,1.0,1.0,1.0,8297,6972,1445,20642,2.0253,0.002693,10
10,A,Rome,1.0,1.0,10,How is ALS diagnosed?,1.0,1.0,1.0,8229,7212,1478,20775,1.6094,0.005529,10
10,A,RomeCombined,0.9,1.1,10,What are the symptoms of type 2 diabetes?,1.0,1.0,0.9556,21467,18296,2555,48517,1.8867,0.009832,10
10,A,RomeCombined,0.9,1.1,10,How is hypertension treated?,1.0,1.0,1.0,10137,8697,1735,25145,2.0253,0.00788,10
10,A,RomeCombined,0.9,1.1,10,What causes heart failure?,1.0,1.0,1.0,9024,8713,1740,24318,2.0253,0.007726,10
10,A,RomeCombined,0.9,1.1,10,Describe the symptoms of lupus,1.0,1.0,1.0,9604,9731,3046,26189,1.6094,0.016238,10
10,A,RomeCombined,0.9,1.1,10,What medications treat depression?,1.0,1.0,1.0,8653,7340,3049,22794,1.8867,0.007968,10
10,A,RomeCombined,0.9,1.1,10,How does Alzheimer's disease progress?,1.0,1.0,1.0,8142,7366,2684,22470,1.6094,0.012615,10
10,A,RomeCombined,0.9,1.1,10,What are risk factors for stroke?,1.0,1.0,0.9556,8318,7319,1619,20879,1.3592,0.007533,10
10,A,RomeCombined,0.9,1.1,10,How is asthma managed long-term?,1.0,1.0,1.0,8336,8972,2603,24057,1.8344,0.006044,10
10,A,RomeCombined,0.9,1.1,10,What are signs of kidney disease?,0.9,0.9497,1.0,8153,7005,1437,20287,1.8344,0.006972,10
10,A,RomeCombined,0.9,1.1,10,Describe rheumatoid arthritis treatment,1.0,1.0,1.0,8216,7087,2228,21577,1.8344,0.010759,10
10,A,RomeCombined,0.9,1.1,10,What causes Parkinson's disease?,1.0,1.0,1.0,8458,7487,1511,21463,1.8344,0.010353,10
10,A,RomeCombined,0.9,1.1,10,How is multiple sclerosis diagnosed?,1.0,1.0,0.9556,8418,7648,1553,21363,1.7481,0.018023,10
10,A,RomeCombined,0.9,1.1,10,What are symptoms of anemia?,1.0,1.0,1.0,8311,7261,1437,20798,1.6094,0.015586,10
10,A,RomeCombined,0.9,1.1,10,How is hypothyroidism treated?,1.0,1.0,1.0,8418,6996,1433,20616,1.8867,0.015239,10
10,A,RomeCombined,0.9,1.1,10,What causes chronic pain?,1.0,1.0,1.0,8421,7483,1504,21720,2.164,0.001133,10
10,A,RomeCombined,0.9,1.1,10,Describe COPD management,1.0,1.0,1.0,8383,7106,1460,20596,1.4708,0.014874,10
10,A,RomeCombined,0.9,1.1,10,What are signs of liver disease?,1.0,1.0,1.0,8887,7094,1511,21209,1.8344,0.005833,10
10,A,RomeCombined,0.9,1.1,10,How is epilepsy treated?,1.0,1.0,1.0,9552,8609,2558,24231,1.2275,0.008897,10
10,A,RomeCombined,0.9,1.1,10,What causes osteoporosis?,1.0,1.0,1.0,8134,7163,1433,20528,1.7481,0.011147,10
10,A,RomeCombined,0.9,1.1,10,Describe symptoms of anxiety disorder,1.0,1.0,1.0,8284,7908,2656,22396,1.6957,0.009729,10
10,A,RomeCombined,0.9,1.1,10,What medications are used for HIV/AIDS?,1.0,1.0,1.0,8268,7161,1366,20090,1.3592,0.007392,10
10,A,RomeCombined,0.9,1.1,10,How is pneumonia diagnosed?,1.0,1.0,1.0,8415,7706,1494,21504,1.5571,0.005085,10
10,A,RomeCombined,0.9,1.1,10,What causes inflammatory bowel disease?,1.0,1.0,1.0,8259,7260,1559,21026,1.6094,0.005697,10
10,A,RomeCombined,0.9,1.1,10,Describe treatment for chronic kidney disease,1.0,1.0,1.0,8339,8636,1721,22442,1.5048,0.010583,10
10,A,RomeCombined,0.9,1.1,10,What are symptoms of schizophrenia?,0.9,0.9471,1.0,8310,7477,2810,22497,1.4185,0.006139,10
10,A,RomeCombined,0.9,1.1,10,How is bipolar disorder managed?,1.0,1.0,0.9556,8498,7656,1453,21447,1.8867,0.01207,10
10,A,RomeCombined,0.9,1.1,10,What causes psoriasis?,1.0,1.0,1.0,8171,7390,1456,21700,1.5048,0.011811,10
10,A,RomeCombined,0.9,1.1,10,Describe sepsis treatment,1.0,1.0,1.0,8225,6997,2602,21619,1.7481,0.010521,10
10,A,RomeCombined,0.9,1.1,10,What are risk factors for cancer?,1.0,1.0,1.0,8284,7011,1434,20436,2.0253,0.002698,10
10,A,RomeCombined,0.9,1.1,10,How is ALS diagnosed?,1.0,1.0,0.9556,8027,7339,1502,21221,1.6434,0.0055,10
10,A,Ckks,1.0,1.0,10,What are the symptoms of type 2 diabetes?,1.0,1.0,1.0,11959,4,106113896,106129511,1.4708,0.010063,10
10,A,Ckks,1.0,1.0,10,How is hypertension treated?,1.0,1.0,1.0,8375,5,106114708,106127081,2.0253,0.008239,10
10,A,Ckks,1.0,1.0,10,What causes heart failure?,1.0,1.0,1.0,8395,4,105861826,105874211,2.0253,0.007888,10
10,A,Ckks,1.0,1.0,10,Describe the symptoms of lupus,1.0,1.0,1.0,8683,4,106362737,106375916,1.6094,0.016206,10
10,A,Ckks,1.0,1.0,10,What medications treat depression?,1.0,1.0,1.0,8691,4,106232832,106245777,2.0253,0.008015,10
10,A,Ckks,1.0,1.0,10,How does Alzheimer's disease progress?,1.0,1.0,1.0,8232,4,106161268,106173583,1.6094,0.012835,10
10,A,Ckks,1.0,1.0,10,What are risk factors for stroke?,1.0,1.0,1.0,8614,4,106156848,106169704,1.3592,0.007561,10
10,A,Ckks,1.0,1.0,10,How is asthma managed long-term?,1.0,1.0,1.0,8393,4,106240067,106252503,1.8344,0.006175,10
10,A,Ckks,1.0,1.0,10,What are signs of kidney disease?,1.0,1.0,1.0,8598,4,106117323,106130041,1.8344,0.006977,10
10,A,Ckks,1.0,1.0,10,Describe rheumatoid arthritis treatment,1.0,1.0,1.0,8677,4,106211623,106224552,1.8344,0.011109,10
10,A,Ckks,1.0,1.0,10,What causes Parkinson's disease?,1.0,1.0,1.0,8648,4,106398755,106411325,1.8344,0.010504,10
10,A,Ckks,1.0,1.0,10,How is multiple sclerosis diagnosed?,1.0,1.0,1.0,8336,4,106291996,106304382,1.7481,0.018415,10
10,A,Ckks,1.0,1.0,10,What are symptoms of anemia?,1.0,1.0,1.0,8524,5,106290490,106303116,1.6094,0.015431,10
10,A,Ckks,1.0,1.0,10,How is hypothyroidism treated?,1.0,1.0,1.0,8444,4,106271824,106284366,1.8867,0.015584,10
10,A,Ckks,1.0,1.0,10,What causes chronic pain?,1.0,1.0,1.0,8091,4,106252874,106265273,2.164,0.001157,10
10,A,Ckks,1.0,1.0,10,Describe COPD management,1.0,1.0,1.0,8172,4,106087131,106099596,1.1683,0.01493,10
10,A,Ckks,1.0,1.0,10,What are signs of liver disease?,1.0,1.0,1.0,8150,4,106272496,106284760,2.164,0.005875,10
10,A,Ckks,1.0,1.0,10,How is epilepsy treated?,1.0,1.0,1.0,8240,4,106150980,106163234,1.2275,0.009159,10
10,A,Ckks,1.0,1.0,10,What causes osteoporosis?,1.0,1.0,1.0,8334,5,106267042,106279660,1.7481,0.011225,10
10,A,Ckks,1.0,1.0,10,Describe symptoms of anxiety disorder,1.0,1.0,1.0,8438,4,106177376,106189716,1.6957,0.009914,10
10,A,Ckks,1.0,1.0,10,What medications are used for HIV/AIDS?,1.0,1.0,1.0,9148,4,106033740,106047155,1.3592,0.007531,10
10,A,Ckks,1.0,1.0,10,How is pneumonia diagnosed?,1.0,1.0,1.0,8389,4,106246280,106258414,1.6957,0.005147,10
10,A,Ckks,1.0,1.0,10,What causes inflammatory bowel disease?,1.0,1.0,1.0,9112,4,106223793,106236982,1.8344,0.00574,9
10,A,Ckks,1.0,1.0,10,Describe treatment for chronic kidney disease,1.0,1.0,1.0,8237,5,106217122,106229400,1.5048,0.010771,10
10,A,Ckks,1.0,1.0,10,What are symptoms of schizophrenia?,1.0,1.0,1.0,8330,5,106378119,106390213,1.6957,0.006151,10
10,A,Ckks,1.0,1.0,10,How is bipolar disorder managed?,1.0,1.0,1.0,8477,4,106244718,106257217,1.8867,0.012468,10
10,A,Ckks,1.0,1.0,10,What causes psoriasis?,1.0,1.0,1.0,8192,4,106310731,106322742,1.5048,0.01178,10
10,A,Ckks,1.0,1.0,10,Describe sepsis treatment,1.0,1.0,1.0,8236,4,106116977,106129535,1.7481,0.010708,10
10,A,Ckks,1.0,1.0,10,What are risk factors for cancer?,1.0,1.0,1.0,8524,4,106176930,106189675,2.0253,0.002693,10
10,A,Ckks,1.0,1.0,10,How is ALS diagnosed?,1.0,1.0,1.0,8332,4,106267627,106280254,1.6094,0.005529,10
10,A,CkksCombined,0.9,1.1,10,What are the symptoms of type 2 diabetes?,1.0,1.0,1.0,9933,47,106175950,106190255,1.6957,0.009597,10
10,A,CkksCombined,0.9,1.1,10,How is hypertension treated?,1.0,1.0,1.0,8350,44,106324115,106337108,2.0253,0.008256,10
10,A,CkksCombined,0.9,1.1,10,What causes heart failure?,1.0,1.0,1.0,8239,45,106223506,106235540,2.0253,0.007696,10
10,A,CkksCombined,0.9,1.1,10,Describe the symptoms of lupus,1.0,1.0,1.0,8365,44,106307103,106319543,1.6094,0.015972,10
10,A,CkksCombined,0.9,1.1,10,What medications treat depression?,1.0,1.0,1.0,8535,43,106040889,106053726,2.0253,0.007871,10
10,A,CkksCombined,0.9,1.1,10,How does Alzheimer's disease progress?,1.0,1.0,1.0,8452,43,106258463,106271314,1.6094,0.012445,10
10,A,CkksCombined,0.9,1.1,10,What are risk factors for stroke?,0.9,0.9501,0.8889,8602,107,106690990,106703680,1.4979,0.007513,10
10,A,CkksCombined,0.9,1.1,10,How is asthma managed long-term?,1.0,1.0,1.0,9064,44,106108443,106121430,1.8344,0.006072,10
10,A,CkksCombined,0.9,1.1,10,What are signs of kidney disease?,1.0,1.0,1.0,8187,45,106418286,106430609,1.8344,0.006925,10
10,A,CkksCombined,0.9,1.1,10,Describe rheumatoid arthritis treatment,1.0,1.0,1.0,9080,44,106201320,106214755,1.8344,0.011037,10
10,A,CkksCombined,0.9,1.1,10,What causes Parkinson's disease?,1.0,1.0,0.9556,8688,117,106160512,106173516,1.8344,0.010438,10
10,A,CkksCombined,0.9,1.1,10,How is multiple sclerosis diagnosed?,1.0,1.0,1.0,8612,107,106146266,106159009,1.973,0.017621,10
10,A,CkksCombined,0.9,1.1,10,What are symptoms of anemia?,1.0,1.0,0.9556,8546,44,106152008,106164854,1.6094,0.015256,10
10,A,CkksCombined,0.9,1.1,10,How is hypothyroidism treated?,1.0,1.0,1.0,8770,45,106228094,106240934,1.8867,0.015048,10
10,A,CkksCombined,0.9,1.1,10,What causes chronic pain?,1.0,1.0,1.0,8516,107,106204836,106217241,2.164,0.001158,10
10,A,CkksCombined,0.9,1.1,10,Describe COPD management,1.0,1.0,1.0,8221,46,106012610,106025032,1.1683,0.014741,10
10,A,CkksCombined,0.9,1.1,10,What are signs of liver disease?,1.0,1.0,1.0,8261,44,106371737,106384105,2.0253,0.005793,10
10,A,CkksCombined,0.9,1.1,10,How is epilepsy treated?,1.0,1.0,1.0,8530,105,106205496,106218465,1.3592,0.009089,10
10,A,CkksCombined,0.9,1.1,10,What causes osteoporosis?,1.0,1.0,0.9556,8359,44,106083226,106095835,1.6094,0.011011,10
10,A,CkksCombined,0.9,1.1,10,Describe symptoms of anxiety disorder,1.0,1.0,0.9556,8196,43,106166943,106179729,1.6957,0.009888,10
10,A,CkksCombined,0.9,1.1,10,What medications are used for HIV/AIDS?,1.0,1.0,1.0,8735,105,106306810,106320065,1.3592,0.007397,10
10,A,CkksCombined,0.9,1.1,10,How is pneumonia diagnosed?,1.0,0.9999,0.9111,8284,57,106275624,106287935,1.6957,0.004996,9
10,A,CkksCombined,0.9,1.1,10,What causes inflammatory bowel disease?,1.0,1.0,0.9556,8286,43,106081698,106094187,1.8344,0.005873,10
10,A,CkksCombined,0.9,1.1,10,Describe treatment for chronic kidney disease,1.0,1.0,1.0,8505,44,106221553,106234307,1.5048,0.010735,10
10,A,CkksCombined,0.9,1.1,10,What are symptoms of schizophrenia?,1.0,1.0,1.0,8274,43,106106438,106119026,1.4185,0.006247,10
10,A,CkksCombined,0.9,1.1,10,How is bipolar disorder managed?,1.0,1.0,1.0,8455,44,106005395,106018065,1.8867,0.012138,10
10,A,CkksCombined,0.9,1.1,10,What causes psoriasis?,1.0,1.0,1.0,8264,43,106108032,106120541,1.5048,0.011716,10
10,A,CkksCombined,0.9,1.1,10,Describe sepsis treatment,0.9,0.9601,1.0,8792,43,106215240,106228369,1.7481,0.010509,10
10,A,CkksCombined,0.9,1.1,10,What are risk factors for cancer?,1.0,1.0,1.0,8639,46,106065897,106079111,2.0253,0.002672,10
10,A,CkksCombined,0.9,1.1,10,How is ALS diagnosed?,1.0,1.0,0.9556,8456,44,106108531,106121362,1.6957,0.00532,10
