trial,exp,algorithm,noise_label,noise_min,noise_max,noise_range_pct,top_k,query,recall_at_k,ndcg_at_k,score_entropy,score_variance,enc_total_us
1,G,Combined,0%,1.0,1.0,0.0,10,What are the symptoms of type 2 diabetes?,1.0,1.0,2.0253,0.005505,22163
1,G,Combined,0%,1.0,1.0,0.0,10,How is hypertension treated?,1.0,1.0,2.164,0.008063,19995
1,G,Combined,0%,1.0,1.0,0.0,10,What causes heart failure?,1.0,1.0,2.0253,0.001569,21214
1,G,Combined,0%,1.0,1.0,0.0,10,Describe the symptoms of lupus,1.0,1.0,2.164,0.008025,18446
1,G,Combined,0%,1.0,1.0,0.0,10,What medications treat depression?,1.0,1.0,1.8344,0.005777,18414
1,G,Combined,0%,1.0,1.0,0.0,10,How does Alzheimer's disease progress?,1.0,1.0,2.0253,0.007851,18661
1,G,Combined,0%,1.0,1.0,0.0,10,What are risk factors for stroke?,1.0,1.0,1.4979,0.007439,17862
1,G,Combined,0%,1.0,1.0,0.0,10,How is asthma managed long-term?,1.0,1.0,2.0253,0.005191,16032
1,G,Combined,0%,1.0,1.0,0.0,10,What are signs of kidney disease?,1.0,1.0,1.6957,0.004912,15898
1,G,Combined,0%,1.0,1.0,0.0,10,Describe rheumatoid arthritis treatment,1.0,1.0,2.0253,0.007646,16273
1,G,Combined,0%,1.0,1.0,0.0,10,What causes Parkinson's disease?,1.0,1.0,2.0253,0.009459,15838
1,G,Combined,0%,1.0,1.0,0.0,10,How is multiple sclerosis diagnosed?,1.0,1.0,1.973,0.008741,15875
1,G,Combined,0%,1.0,1.0,0.0,10,What are symptoms of anemia?,1.0,1.0,2.0253,0.004847,15477
1,G,Combined,0%,1.0,1.0,0.0,10,How is hypothyroidism treated?,1.0,1.0,2.0253,0.006409,16323
1,G,Combined,0%,1.0,1.0,0.0,10,What causes chronic pain?,1.0,1.0,1.973,0.000479,17731
1,G,Combined,0%,1.0,1.0,0.0,10,Describe COPD management,1.0,1.0,2.0253,0.020794,17306
1,G,Combined,0%,1.0,1.0,0.0,10,What are signs of liver disease?,1.0,1.0,1.8867,0.000719,16624
1,G,Combined,0%,1.0,1.0,0.0,10,How is epilepsy treated?,1.0,1.0,2.0253,0.007898,15219
1,G,Combined,0%,1.0,1.0,0.0,10,What causes osteoporosis?,1.0,1.0,2.0253,0.008767,16138
1,G,Combined,0%,1.0,1.0,0.0,10,Describe symptoms of anxiety disorder,1.0,1.0,2.0253,0.012617,15041
1,G,Combined,0%,1.0,1.0,0.0,10,What medications are used for HIV/AIDS?,1.0,1.0,2.164,0.006178,15978
1,G,Combined,0%,1.0,1.0,0.0,10,How is pneumonia diagnosed?,1.0,1.0,2.0253,0.008521,16599
1,G,Combined,0%,1.0,1.0,0.0,10,What causes inflammatory bowel disease?,1.0,1.0,1.6957,0.000444,16804
1,G,Combined,0%,1.0,1.0,0.0,10,Describe treatment for chronic kidney disease,1.0,1.0,1.8867,0.00808,16756
1,G,Combined,0%,1.0,1.0,0.0,10,What are symptoms of schizophrenia?,1.0,1.0,1.7481,0.011327,17240
1,G,Combined,0%,1.0,1.0,0.0,10,How is bipolar disorder managed?,1.0,1.0,2.0253,0.009573,16354
1,G,Combined,0%,1.0,1.0,0.0,10,What causes psoriasis?,1.0,1.0,1.8344,0.014653,15976
1,G,Combined,0%,1.0,1.0,0.0,10,Describe sepsis treatment,1.0,1.0,2.0253,0.012907,15220
1,G,Combined,0%,1.0,1.0,0.0,10,What are risk factors for cancer?,1.0,1.0,2.0253,0.000536,15638
1,G,Combined,0%,1.0,1.0,0.0,10,How is ALS diagnosed?,1.0,1.0,1.8867,0.010726,17329
1,G,Combined,1%,0.99,1.01,1.0,10,What are the symptoms of type 2 diabetes?,1.0,1.0,1.6434,0.005502,24561
1,G,Combined,1%,0.99,1.01,1.0,10,How is hypertension treated?,1.0,1.0,2.164,0.008062,17065
1,G,Combined,1%,0.99,1.01,1.0,10,What causes heart failure?,1.0,1.0,1.8867,0.001566,15769
1,G,Combined,1%,0.99,1.01,1.0,10,Describe the symptoms of lupus,1.0,1.0,1.973,0.008009,15588
1,G,Combined,1%,0.99,1.01,1.0,10,What medications treat depression?,1.0,1.0,1.8344,0.005783,16620
1,G,Combined,1%,0.99,1.01,1.0,10,How does Alzheimer's disease progress?,1.0,1.0,2.0253,0.007818,16300
1,G,Combined,1%,0.99,1.01,1.0,10,What are risk factors for stroke?,1.0,1.0,1.4979,0.007473,16039
1,G,Combined,1%,0.99,1.01,1.0,10,How is asthma managed long-term?,1.0,1.0,2.0253,0.005186,15922
1,G,Combined,1%,0.99,1.01,1.0,10,What are signs of kidney disease?,1.0,1.0,1.6957,0.004899,17099
1,G,Combined,1%,0.99,1.01,1.0,10,Describe rheumatoid arthritis treatment,1.0,1.0,2.0253,0.007651,16262
1,G,Combined,1%,0.99,1.01,1.0,10,What causes Parkinson's disease?,1.0,1.0,2.0253,0.009461,16950
1,G,Combined,1%,0.99,1.01,1.0,10,How is multiple sclerosis diagnosed?,1.0,1.0,1.973,0.008749,16019
1,G,Combined,1%,0.99,1.01,1.0,10,What are symptoms of anemia?,1.0,1.0,2.0253,0.004849,17011
1,G,Combined,1%,0.99,1.01,1.0,10,How is hypothyroidism treated?,1.0,1.0,2.0253,0.006415,16532
1,G,Combined,1%,0.99,1.01,1.0,10,What causes chronic pain?,0.9,0.9406,1.973,0.000479,17364
1,G,Combined,1%,0.99,1.01,1.0,10,Describe COPD management,1.0,1.0,2.0253,0.020796,15878
1,G,Combined,1%,0.99,1.01,1.0,10,What are signs of liver disease?,1.0,1.0,1.8867,0.000719,16493
1,G,Combined,1%,0.99,1.01,1.0,10,How is epilepsy treated?,1.0,1.0,2.0253,0.007879,16721
1,G,Combined,1%,0.99,1.01,1.0,10,What causes osteoporosis?,1.0,1.0,2.0253,0.00876,16869
1,G,Combined,1%,0.99,1.01,1.0,10,Describe symptoms of anxiety disorder,1.0,1.0,2.0253,0.012627,15827
1,G,Combined,1%,0.99,1.01,1.0,10,What medications are used for HIV/AIDS?,1.0,1.0,2.164,0.006191,15990
1,G,Combined,1%,0.99,1.01,1.0,10,How is pneumonia diagnosed?,1.0,1.0,2.0253,0.008514,16907
1,G,Combined,1%,0.99,1.01,1.0,10,What causes inflammatory bowel disease?,1.0,1.0,1.6957,0.000443,17075
1,G,Combined,1%,0.99,1.01,1.0,10,Describe treatment for chronic kidney disease,1.0,1.0,1.8867,0.008084,17583
1,G,Combined,1%,0.99,1.01,1.0,10,What are symptoms of schizophrenia?,1.0,1.0,1.7481,0.011329,17296
1,G,Combined,1%,0.99,1.01,1.0,10,How is bipolar disorder managed?,1.0,1.0,2.0253,0.009592,15148
1,G,Combined,1%,0.99,1.01,1.0,10,What causes psoriasis?,1.0,1.0,1.8344,0.014716,15691
1,G,Combined,1%,0.99,1.01,1.0,10,Describe sepsis treatment,1.0,1.0,2.0253,0.012906,15153
1,G,Combined,1%,0.99,1.01,1.0,10,What are risk factors for cancer?,1.0,1.0,1.8867,0.000534,15634
1,G,Combined,1%,0.99,1.01,1.0,10,How is ALS diagnosed?,1.0,1.0,1.8867,0.010727,16383
1,G,Combined,5%,0.95,1.05,5.0,10,What are the symptoms of type 2 diabetes?,1.0,1.0,1.6434,0.005485,29058
1,G,Combined,5%,0.95,1.05,5.0,10,How is hypertension treated?,1.0,1.0,2.164,0.00801,17295
1,G,Combined,5%,0.95,1.05,5.0,10,What causes heart failure?,1.0,1.0,1.8867,0.001547,17604
1,G,Combined,5%,0.95,1.05,5.0,10,Describe the symptoms of lupus,1.0,1.0,1.973,0.007971,17215
1,G,Combined,5%,0.95,1.05,5.0,10,What medications treat depression?,1.0,1.0,1.973,0.005646,16680
1,G,Combined,5%,0.95,1.05,5.0,10,How does Alzheimer's disease progress?,0.9,0.954,2.0253,0.007948,17312
1,G,Combined,5%,0.95,1.05,5.0,10,What are risk factors for stroke?,0.9,0.946,1.4979,0.007419,17717
1,G,Combined,5%,0.95,1.05,5.0,10,How is asthma managed long-term?,1.0,1.0,2.0253,0.00513,18727
1,G,Combined,5%,0.95,1.05,5.0,10,What are signs of kidney disease?,1.0,1.0,1.8344,0.004863,16634
1,G,Combined,5%,0.95,1.05,5.0,10,Describe rheumatoid arthritis treatment,1.0,1.0,2.0253,0.007584,16050
1,G,Combined,5%,0.95,1.05,5.0,10,What causes Parkinson's disease?,1.0,1.0,2.0253,0.00933,15798
1,G,Combined,5%,0.95,1.05,5.0,10,How is multiple sclerosis diagnosed?,1.0,1.0,1.973,0.008606,15941
1,G,Combined,5%,0.95,1.05,5.0,10,What are symptoms of anemia?,1.0,1.0,2.0253,0.004874,17318
1,G,Combined,5%,0.95,1.05,5.0,10,How is hypothyroidism treated?,1.0,1.0,1.6957,0.006377,15762
1,G,Combined,5%,0.95,1.05,5.0,10,What causes chronic pain?,1.0,1.0,1.973,0.000463,15279
1,G,Combined,5%,0.95,1.05,5.0,10,Describe COPD management,1.0,1.0,2.0253,0.020762,15537
1,G,Combined,5%,0.95,1.05,5.0,10,What are signs of liver disease?,1.0,1.0,1.8867,0.000702,15484
1,G,Combined,5%,0.95,1.05,5.0,10,How is epilepsy treated?,1.0,1.0,1.8867,0.008016,15407
1,G,Combined,5%,0.95,1.05,5.0,10,What causes osteoporosis?,0.9,0.9557,2.0253,0.008799,15317
1,G,Combined,5%,0.95,1.05,5.0,10,Describe symptoms of anxiety disorder,0.9,0.9528,2.0253,0.012659,15361
1,G,Combined,5%,0.95,1.05,5.0,10,What medications are used for HIV/AIDS?,1.0,1.0,2.164,0.006162,15639
1,G,Combined,5%,0.95,1.05,5.0,10,How is pneumonia diagnosed?,1.0,1.0,1.973,0.008455,16472
1,G,Combined,5%,0.95,1.05,5.0,10,What causes inflammatory bowel disease?,1.0,1.0,1.6957,0.000426,17645
1,G,Combined,5%,0.95,1.05,5.0,10,Describe treatment for chronic kidney disease,1.0,1.0,1.8867,0.008024,15801
1,G,Combined,5%,0.95,1.05,5.0,10,What are symptoms of schizophrenia?,1.0,1.0,1.7481,0.011222,15388
1,G,Combined,5%,0.95,1.05,5.0,10,How is bipolar disorder managed?,1.0,1.0,2.0253,0.00955,15429
1,G,Combined,5%,0.95,1.05,5.0,10,What causes psoriasis?,1.0,1.0,1.6957,0.014521,15324
1,G,Combined,5%,0.95,1.05,5.0,10,Describe sepsis treatment,1.0,1.0,2.0253,0.012873,15311
1,G,Combined,5%,0.95,1.05,5.0,10,What are risk factors for cancer?,1.0,1.0,1.8867,0.000521,15666
1,G,Combined,5%,0.95,1.05,5.0,10,How is ALS diagnosed?,1.0,1.0,1.6957,0.010647,14989
1,G,Combined,10%,0.9,1.1,10.0,10,What are the symptoms of type 2 diabetes?,1.0,1.0,2.0253,0.005501,22410
1,G,Combined,10%,0.9,1.1,10.0,10,How is hypertension treated?,0.9,0.9513,2.164,0.007954,19338
1,G,Combined,10%,0.9,1.1,10.0,10,What causes heart failure?,1.0,1.0,2.164,0.001603,17868
1,G,Combined,10%,0.9,1.1,10.0,10,Describe the symptoms of lupus,1.0,1.0,2.164,0.007985,18157
1,G,Combined,10%,0.9,1.1,10.0,10,What medications treat depression?,1.0,1.0,1.7481,0.005521,16258
1,G,Combined,10%,0.9,1.1,10.0,10,How does Alzheimer's disease progress?,1.0,1.0,2.0253,0.00815,16517
1,G,Combined,10%,0.9,1.1,10.0,10,What are risk factors for stroke?,0.9,0.946,1.4979,0.007234,15824
1,G,Combined,10%,0.9,1.1,10.0,10,How is asthma managed long-term?,1.0,1.0,2.164,0.005158,15740
1,G,Combined,10%,0.9,1.1,10.0,10,What are signs of kidney disease?,1.0,1.0,1.8344,0.005085,15601
1,G,Combined,10%,0.9,1.1,10.0,10,Describe rheumatoid arthritis treatment,1.0,1.0,2.0253,0.007409,16520
1,G,Combined,10%,0.9,1.1,10.0,10,What causes Parkinson's disease?,1.0,0.9994,2.0253,0.00942,15909
1,G,Combined,10%,0.9,1.1,10.0,10,How is multiple sclerosis diagnosed?,1.0,1.0,1.973,0.008679,15158
1,G,Combined,10%,0.9,1.1,10.0,10,What are symptoms of anemia?,1.0,1.0,1.7481,0.004799,15881
1,G,Combined,10%,0.9,1.1,10.0,10,How is hypothyroidism treated?,1.0,1.0,2.0253,0.006197,15747
1,G,Combined,10%,0.9,1.1,10.0,10,What causes chronic pain?,0.9,0.9406,1.8344,0.000495,16486
1,G,Combined,10%,0.9,1.1,10.0,10,Describe COPD management,0.9,0.9644,2.0253,0.02054,16443
1,G,Combined,10%,0.9,1.1,10.0,10,What are signs of liver disease?,1.0,1.0,1.8867,0.000711,18018
1,G,Combined,10%,0.9,1.1,10.0,10,How is epilepsy treated?,1.0,1.0,1.8867,0.007694,18185
1,G,Combined,10%,0.9,1.1,10.0,10,What causes osteoporosis?,1.0,1.0,2.0253,0.008759,17268
1,G,Combined,10%,0.9,1.1,10.0,10,Describe symptoms of anxiety disorder,1.0,1.0,2.0253,0.012468,15854
1,G,Combined,10%,0.9,1.1,10.0,10,What medications are used for HIV/AIDS?,0.9,0.9519,2.164,0.006103,14596
1,G,Combined,10%,0.9,1.1,10.0,10,How is pneumonia diagnosed?,1.0,1.0,2.0253,0.008625,15556
1,G,Combined,10%,0.9,1.1,10.0,10,What causes inflammatory bowel disease?,1.0,1.0,2.0253,0.000437,14979
1,G,Combined,10%,0.9,1.1,10.0,10,Describe treatment for chronic kidney disease,1.0,1.0,1.973,0.008137,15282
1,G,Combined,10%,0.9,1.1,10.0,10,What are symptoms of schizophrenia?,1.0,1.0,1.7481,0.011201,15381
1,G,Combined,10%,0.9,1.1,10.0,10,How is bipolar disorder managed?,1.0,0.9999,1.8867,0.009124,14367
1,G,Combined,10%,0.9,1.1,10.0,10,What causes psoriasis?,1.0,1.0,1.8344,0.014075,16152
1,G,Combined,10%,0.9,1.1,10.0,10,Describe sepsis treatment,1.0,1.0,2.0253,0.012548,15736
1,G,Combined,10%,0.9,1.1,10.0,10,What are risk factors for cancer?,1.0,0.9999,1.8867,0.000538,15921
1,G,Combined,10%,0.9,1.1,10.0,10,How is ALS diagnosed?,1.0,1.0,1.8867,0.010634,15996
1,G,Combined,20%,0.8,1.2,20.0,10,What are the symptoms of type 2 diabetes?,1.0,1.0,1.6957,0.004905,26601
1,G,Combined,20%,0.8,1.2,20.0,10,How is hypertension treated?,0.9,0.9513,2.0253,0.007443,17304
1,G,Combined,20%,0.8,1.2,20.0,10,What causes heart failure?,1.0,1.0,1.8867,0.001477,17128
1,G,Combined,20%,0.8,1.2,20.0,10,Describe the symptoms of lupus,0.9,0.951,2.164,0.007537,17138
1,G,Combined,20%,0.8,1.2,20.0,10,What medications treat depression?,1.0,1.0,1.6094,0.005203,17731
1,G,Combined,20%,0.8,1.2,20.0,10,How does Alzheimer's disease progress?,0.9,0.954,1.8867,0.007058,18635
1,G,Combined,20%,0.8,1.2,20.0,10,What are risk factors for stroke?,0.9,0.946,1.2275,0.007103,18549
1,G,Combined,20%,0.8,1.2,20.0,10,How is asthma managed long-term?,1.0,1.0,2.0253,0.005113,16767
1,G,Combined,20%,0.8,1.2,20.0,10,What are signs of kidney disease?,1.0,1.0,1.6957,0.004189,17503
1,G,Combined,20%,0.8,1.2,20.0,10,Describe rheumatoid arthritis treatment,1.0,1.0,2.0253,0.007441,16200
1,G,Combined,20%,0.8,1.2,20.0,10,What causes Parkinson's disease?,1.0,1.0,2.0253,0.009414,16632
1,G,Combined,20%,0.8,1.2,20.0,10,How is multiple sclerosis diagnosed?,1.0,1.0,1.973,0.008212,16151
1,G,Combined,20%,0.8,1.2,20.0,10,What are symptoms of anemia?,1.0,0.9999,2.164,0.004592,16705
1,G,Combined,20%,0.8,1.2,20.0,10,How is hypothyroidism treated?,1.0,1.0,1.6957,0.005944,15632
1,G,Combined,20%,0.8,1.2,20.0,10,What causes chronic pain?,1.0,1.0,1.8344,0.000486,16601
1,G,Combined,20%,0.8,1.2,20.0,10,Describe COPD management,0.9,0.9644,2.0253,0.019726,16558
1,G,Combined,20%,0.8,1.2,20.0,10,What are signs of liver disease?,1.0,0.9996,2.0253,0.000646,16547
1,G,Combined,20%,0.8,1.2,20.0,10,How is epilepsy treated?,1.0,1.0,1.8867,0.007486,18153
1,G,Combined,20%,0.8,1.2,20.0,10,What causes osteoporosis?,0.9,0.9557,2.164,0.008396,17308
1,G,Combined,20%,0.8,1.2,20.0,10,Describe symptoms of anxiety disorder,0.9,0.9528,2.0253,0.012229,16320
1,G,Combined,20%,0.8,1.2,20.0,10,What medications are used for HIV/AIDS?,0.9,0.9519,2.164,0.005744,17424
1,G,Combined,20%,0.8,1.2,20.0,10,How is pneumonia diagnosed?,0.9,0.9501,2.0253,0.008083,19107
1,G,Combined,20%,0.8,1.2,20.0,10,What causes inflammatory bowel disease?,1.0,1.0,1.8867,0.000422,17609
1,G,Combined,20%,0.8,1.2,20.0,10,Describe treatment for chronic kidney disease,1.0,0.9999,1.6957,0.007825,18007
1,G,Combined,20%,0.8,1.2,20.0,10,What are symptoms of schizophrenia?,1.0,1.0,1.7481,0.010688,18311
1,G,Combined,20%,0.8,1.2,20.0,10,How is bipolar disorder managed?,1.0,0.9999,1.8867,0.008613,16927
1,G,Combined,20%,0.8,1.2,20.0,10,What causes psoriasis?,1.0,1.0,1.6957,0.014027,17967
1,G,Combined,20%,0.8,1.2,20.0,10,Describe sepsis treatment,1.0,1.0,2.0253,0.012224,16983
1,G,Combined,20%,0.8,1.2,20.0,10,What are risk factors for cancer?,1.0,0.9999,1.8867,0.000479,16562
1,G,Combined,20%,0.8,1.2,20.0,10,How is ALS diagnosed?,0.9,0.9561,2.0253,0.009599,16020
1,G,Combined,30%,0.7,1.3,30.0,10,What are the symptoms of type 2 diabetes?,1.0,1.0,1.6434,0.005074,26778
1,G,Combined,30%,0.7,1.3,30.0,10,How is hypertension treated?,1.0,1.0,2.0253,0.006923,19021
1,G,Combined,30%,0.7,1.3,30.0,10,What causes heart failure?,1.0,0.9999,1.8867,0.001315,16299
1,G,Combined,30%,0.7,1.3,30.0,10,Describe the symptoms of lupus,1.0,0.9999,2.164,0.007162,18472
1,G,Combined,30%,0.7,1.3,30.0,10,What medications treat depression?,1.0,0.9999,1.6094,0.005015,17170
1,G,Combined,30%,0.7,1.3,30.0,10,How does Alzheimer's disease progress?,1.0,0.9996,1.6957,0.006782,17732
1,G,Combined,30%,0.7,1.3,30.0,10,What are risk factors for stroke?,1.0,0.9999,1.4979,0.006775,17288
1,G,Combined,30%,0.7,1.3,30.0,10,How is asthma managed long-term?,1.0,0.9999,2.164,0.004539,18805
1,G,Combined,30%,0.7,1.3,30.0,10,What are signs of kidney disease?,0.9,0.944,1.973,0.004022,17735
1,G,Combined,30%,0.7,1.3,30.0,10,Describe rheumatoid arthritis treatment,0.9,0.9515,2.0253,0.006935,16809
1,G,Combined,30%,0.7,1.3,30.0,10,What causes Parkinson's disease?,1.0,1.0,2.0253,0.008635,16338
1,G,Combined,30%,0.7,1.3,30.0,10,How is multiple sclerosis diagnosed?,1.0,1.0,2.0253,0.007477,16720
1,G,Combined,30%,0.7,1.3,30.0,10,What are symptoms of anemia?,1.0,1.0,1.8867,0.00502,17079
1,G,Combined,30%,0.7,1.3,30.0,10,How is hypothyroidism treated?,1.0,1.0,1.8344,0.005678,17151
1,G,Combined,30%,0.7,1.3,30.0,10,What causes chronic pain?,0.9,0.9401,1.8867,0.000332,16681
1,G,Combined,30%,0.7,1.3,30.0,10,Describe COPD management,0.9,0.9631,1.8867,0.017707,16060
1,G,Combined,30%,0.7,1.3,30.0,10,What are signs of liver disease?,1.0,0.9999,2.0253,0.000598,16292
1,G,Combined,30%,0.7,1.3,30.0,10,How is epilepsy treated?,0.9,0.9513,1.8867,0.006862,17626
1,G,Combined,30%,0.7,1.3,30.0,10,What causes osteoporosis?,0.9,0.9557,2.3026,0.007829,16683
1,G,Combined,30%,0.7,1.3,30.0,10,Describe symptoms of anxiety disorder,0.9,0.9528,2.0253,0.011706,20155
1,G,Combined,30%,0.7,1.3,30.0,10,What medications are used for HIV/AIDS?,0.9,0.9519,1.8344,0.005725,19558
1,G,Combined,30%,0.7,1.3,30.0,10,How is pneumonia diagnosed?,1.0,1.0,2.164,0.007428,18451
1,G,Combined,30%,0.7,1.3,30.0,10,What causes inflammatory bowel disease?,1.0,0.9997,2.164,0.000375,18281
1,G,Combined,30%,0.7,1.3,30.0,10,Describe treatment for chronic kidney disease,1.0,1.0,1.8867,0.007411,17197
1,G,Combined,30%,0.7,1.3,30.0,10,What are symptoms of schizophrenia?,1.0,0.9999,1.7481,0.010122,16730
1,G,Combined,30%,0.7,1.3,30.0,10,How is bipolar disorder managed?,0.9,0.9552,2.0253,0.00885,17079
1,G,Combined,30%,0.7,1.3,30.0,10,What causes psoriasis?,1.0,1.0,1.973,0.013532,16818
1,G,Combined,30%,0.7,1.3,30.0,10,Describe sepsis treatment,1.0,1.0,2.164,0.011243,16987
1,G,Combined,30%,0.7,1.3,30.0,10,What are risk factors for cancer?,1.0,0.9999,1.973,0.000548,16456
1,G,Combined,30%,0.7,1.3,30.0,10,How is ALS diagnosed?,1.0,0.9998,2.0253,0.009652,15457
1,G,Combined,50%,0.5,1.5,50.0,10,What are the symptoms of type 2 diabetes?,1.0,0.9997,2.0253,0.003582,24510
1,G,Combined,50%,0.5,1.5,50.0,10,How is hypertension treated?,0.9,0.9513,2.0253,0.005393,17090
1,G,Combined,50%,0.5,1.5,50.0,10,What causes heart failure?,1.0,0.9983,2.3026,0.001194,17931
1,G,Combined,50%,0.5,1.5,50.0,10,Describe the symptoms of lupus,1.0,0.9995,2.164,0.005254,15415
1,G,Combined,50%,0.5,1.5,50.0,10,What medications treat depression?,1.0,0.9995,1.8344,0.004216,14831
1,G,Combined,50%,0.5,1.5,50.0,10,How does Alzheimer's disease progress?,0.9,0.9538,2.0253,0.006289,18067
1,G,Combined,50%,0.5,1.5,50.0,10,What are risk factors for stroke?,0.9,0.9434,1.3592,0.004994,17354
1,G,Combined,50%,0.5,1.5,50.0,10,How is asthma managed long-term?,1.0,1.0,2.164,0.003086,16075
1,G,Combined,50%,0.5,1.5,50.0,10,What are signs of kidney disease?,1.0,0.9999,1.8344,0.003582,15700
1,G,Combined,50%,0.5,1.5,50.0,10,Describe rheumatoid arthritis treatment,1.0,1.0,2.0253,0.004788,15820
1,G,Combined,50%,0.5,1.5,50.0,10,What causes Parkinson's disease?,1.0,1.0,2.164,0.00718,15572
1,G,Combined,50%,0.5,1.5,50.0,10,How is multiple sclerosis diagnosed?,1.0,0.9998,1.8344,0.005974,15344
1,G,Combined,50%,0.5,1.5,50.0,10,What are symptoms of anemia?,1.0,0.9991,1.8867,0.003095,15731
1,G,Combined,50%,0.5,1.5,50.0,10,How is hypothyroidism treated?,1.0,0.9997,2.0253,0.004748,16946
1,G,Combined,50%,0.5,1.5,50.0,10,What causes chronic pain?,0.8,0.866,1.8344,0.000461,16227
1,G,Combined,50%,0.5,1.5,50.0,10,Describe COPD management,1.0,1.0,2.0253,0.013884,16891
1,G,Combined,50%,0.5,1.5,50.0,10,What are signs of liver disease?,1.0,0.9993,1.6957,0.000448,15832
1,G,Combined,50%,0.5,1.5,50.0,10,How is epilepsy treated?,1.0,1.0,2.0253,0.00518,15717
1,G,Combined,50%,0.5,1.5,50.0,10,What causes osteoporosis?,0.9,0.9557,2.3026,0.006535,19803
1,G,Combined,50%,0.5,1.5,50.0,10,Describe symptoms of anxiety disorder,1.0,1.0,2.164,0.007284,16270
1,G,Combined,50%,0.5,1.5,50.0,10,What medications are used for HIV/AIDS?,1.0,0.9999,2.0253,0.004364,14897
1,G,Combined,50%,0.5,1.5,50.0,10,How is pneumonia diagnosed?,1.0,1.0,2.164,0.005671,15739
1,G,Combined,50%,0.5,1.5,50.0,10,What causes inflammatory bowel disease?,1.0,0.999,1.8344,0.000221,15726
1,G,Combined,50%,0.5,1.5,50.0,10,Describe treatment for chronic kidney disease,1.0,1.0,1.973,0.005833,16371
1,G,Combined,50%,0.5,1.5,50.0,10,What are symptoms of schizophrenia?,1.0,0.9999,1.3592,0.007982,15654
1,G,Combined,50%,0.5,1.5,50.0,10,How is bipolar disorder managed?,1.0,0.9999,1.8867,0.006925,15025
1,G,Combined,50%,0.5,1.5,50.0,10,What causes psoriasis?,1.0,0.9978,1.8867,0.01089,15461
1,G,Combined,50%,0.5,1.5,50.0,10,Describe sepsis treatment,1.0,1.0,2.164,0.008242,15473
1,G,Combined,50%,0.5,1.5,50.0,10,What are risk factors for cancer?,1.0,0.999,2.0253,0.000417,15155
1,G,Combined,50%,0.5,1.5,50.0,10,How is ALS diagnosed?,0.8,0.9101,1.8867,0.008207,15114
1,G,Combined,70%,0.3,1.7,70.0,10,What are the symptoms of type 2 diabetes?,1.0,1.0,1.8867,0.002807,22650
1,G,Combined,70%,0.3,1.7,70.0,10,How is hypertension treated?,0.9,0.9513,2.3026,0.00389,16504
1,G,Combined,70%,0.3,1.7,70.0,10,What causes heart failure?,1.0,0.9997,1.6957,0.00084,15912
1,G,Combined,70%,0.3,1.7,70.0,10,Describe the symptoms of lupus,1.0,0.9995,2.164,0.00395,16629
1,G,Combined,70%,0.3,1.7,70.0,10,What medications treat depression?,0.9,0.9474,1.973,0.002719,16050
1,G,Combined,70%,0.3,1.7,70.0,10,How does Alzheimer's disease progress?,0.9,0.9539,2.0253,0.004275,15137
1,G,Combined,70%,0.3,1.7,70.0,10,What are risk factors for stroke?,0.8,0.8887,1.2206,0.002755,15892
1,G,Combined,70%,0.3,1.7,70.0,10,How is asthma managed long-term?,1.0,1.0,2.164,0.00231,16625
1,G,Combined,70%,0.3,1.7,70.0,10,What are signs of kidney disease?,0.9,0.9439,2.0253,0.002192,16490
1,G,Combined,70%,0.3,1.7,70.0,10,Describe rheumatoid arthritis treatment,1.0,0.9994,2.0253,0.003622,15701
1,G,Combined,70%,0.3,1.7,70.0,10,What causes Parkinson's disease?,1.0,0.9996,2.164,0.003969,16728
1,G,Combined,70%,0.3,1.7,70.0,10,How is multiple sclerosis diagnosed?,1.0,1.0,1.973,0.00453,16444
1,G,Combined,70%,0.3,1.7,70.0,10,What are symptoms of anemia?,1.0,0.9988,1.8867,0.002392,16736
1,G,Combined,70%,0.3,1.7,70.0,10,How is hypothyroidism treated?,1.0,0.9997,1.8867,0.003209,16236
1,G,Combined,70%,0.3,1.7,70.0,10,What causes chronic pain?,0.9,0.935,2.0253,0.000155,16434
1,G,Combined,70%,0.3,1.7,70.0,10,Describe COPD management,0.9,0.9644,2.0253,0.009359,15620
1,G,Combined,70%,0.3,1.7,70.0,10,What are signs of liver disease?,1.0,0.9989,1.6434,0.000211,16745
1,G,Combined,70%,0.3,1.7,70.0,10,How is epilepsy treated?,0.9,0.9492,2.164,0.004166,15715
1,G,Combined,70%,0.3,1.7,70.0,10,What causes osteoporosis?,0.9,0.9556,2.164,0.003934,16280
1,G,Combined,70%,0.3,1.7,70.0,10,Describe symptoms of anxiety disorder,0.9,0.9517,1.8867,0.005521,16494
1,G,Combined,70%,0.3,1.7,70.0,10,What medications are used for HIV/AIDS?,0.9,0.9518,2.0253,0.002854,15350
1,G,Combined,70%,0.3,1.7,70.0,10,How is pneumonia diagnosed?,1.0,0.9998,1.973,0.003687,16894
1,G,Combined,70%,0.3,1.7,70.0,10,What causes inflammatory bowel disease?,0.8,0.874,2.0253,0.000373,17490
1,G,Combined,70%,0.3,1.7,70.0,10,Describe treatment for chronic kidney disease,1.0,0.9999,2.164,0.004205,16644
1,G,Combined,70%,0.3,1.7,70.0,10,What are symptoms of schizophrenia?,1.0,1.0,1.6957,0.005801,16248
1,G,Combined,70%,0.3,1.7,70.0,10,How is bipolar disorder managed?,1.0,0.9999,2.0253,0.00524,15992
1,G,Combined,70%,0.3,1.7,70.0,10,What causes psoriasis?,1.0,0.9997,1.6957,0.007938,15733
1,G,Combined,70%,0.3,1.7,70.0,10,Describe sepsis treatment,0.9,0.9504,1.973,0.006159,15475
1,G,Combined,70%,0.3,1.7,70.0,10,What are risk factors for cancer?,0.9,0.9363,2.164,0.000384,15977
1,G,Combined,70%,0.3,1.7,70.0,10,How is ALS diagnosed?,0.9,0.9537,1.8344,0.004691,16642
2,G,Combined,0%,1.0,1.0,0.0,10,What are the symptoms of type 2 diabetes?,1.0,1.0,2.0253,0.005505,20339
2,G,Combined,0%,1.0,1.0,0.0,10,How is hypertension treated?,1.0,1.0,2.164,0.008063,20229
2,G,Combined,0%,1.0,1.0,0.0,10,What causes heart failure?,1.0,1.0,2.0253,0.001569,18097
2,G,Combined,0%,1.0,1.0,0.0,10,Describe the symptoms of lupus,1.0,1.0,2.164,0.008025,17906
2,G,Combined,0%,1.0,1.0,0.0,10,What medications treat depression?,1.0,1.0,1.8344,0.005777,16257
2,G,Combined,0%,1.0,1.0,0.0,10,How does Alzheimer's disease progress?,1.0,1.0,2.0253,0.007851,16624
2,G,Combined,0%,1.0,1.0,0.0,10,What are risk factors for stroke?,1.0,1.0,1.4979,0.007439,17295
2,G,Combined,0%,1.0,1.0,0.0,10,How is asthma managed long-term?,1.0,1.0,2.0253,0.005191,16936
2,G,Combined,0%,1.0,1.0,0.0,10,What are signs of kidney disease?,1.0,1.0,1.6957,0.004912,15613
2,G,Combined,0%,1.0,1.0,0.0,10,Describe rheumatoid arthritis treatment,1.0,1.0,2.0253,0.007646,16831
2,G,Combined,0%,1.0,1.0,0.0,10,What causes Parkinson's disease?,1.0,1.0,2.0253,0.009459,16903
2,G,Combined,0%,1.0,1.0,0.0,10,How is multiple sclerosis diagnosed?,1.0,1.0,1.973,0.008741,16727
2,G,Combined,0%,1.0,1.0,0.0,10,What are symptoms of anemia?,1.0,1.0,2.0253,0.004847,15750
2,G,Combined,0%,1.0,1.0,0.0,10,How is hypothyroidism treated?,1.0,1.0,2.0253,0.006409,15333
2,G,Combined,0%,1.0,1.0,0.0,10,What causes chronic pain?,1.0,1.0,1.973,0.000479,16221
2,G,Combined,0%,1.0,1.0,0.0,10,Describe COPD management,1.0,1.0,2.0253,0.020794,15480
2,G,Combined,0%,1.0,1.0,0.0,10,What are signs of liver disease?,1.0,1.0,1.8867,0.000719,16755
2,G,Combined,0%,1.0,1.0,0.0,10,How is epilepsy treated?,1.0,1.0,2.0253,0.007898,16114
2,G,Combined,0%,1.0,1.0,0.0,10,What causes osteoporosis?,1.0,1.0,2.0253,0.008767,15134
2,G,Combined,0%,1.0,1.0,0.0,10,Describe symptoms of anxiety disorder,1.0,1.0,2.0253,0.012617,16084
2,G,Combined,0%,1.0,1.0,0.0,10,What medications are used for HIV/AIDS?,1.0,1.0,2.164,0.006178,16024
2,G,Combined,0%,1.0,1.0,0.0,10,How is pneumonia diagnosed?,1.0,1.0,2.0253,0.008521,15760
2,G,Combined,0%,1.0,1.0,0.0,10,What causes inflammatory bowel disease?,1.0,1.0,1.6957,0.000444,16485
2,G,Combined,0%,1.0,1.0,0.0,10,Describe treatment for chronic kidney disease,1.0,1.0,1.8867,0.00808,15682
2,G,Combined,0%,1.0,1.0,0.0,10,What are symptoms of schizophrenia?,1.0,1.0,1.7481,0.011327,16281
2,G,Combined,0%,1.0,1.0,0.0,10,How is bipolar disorder managed?,1.0,1.0,2.0253,0.009573,16658
2,G,Combined,0%,1.0,1.0,0.0,10,What causes psoriasis?,1.0,1.0,1.8344,0.014653,15920
2,G,Combined,0%,1.0,1.0,0.0,10,Describe sepsis treatment,1.0,1.0,2.0253,0.012907,16214
2,G,Combined,0%,1.0,1.0,0.0,10,What are risk factors for cancer?,1.0,1.0,2.0253,0.000536,18797
2,G,Combined,0%,1.0,1.0,0.0,10,How is ALS diagnosed?,1.0,1.0,1.8867,0.010726,17413
2,G,Combined,1%,0.99,1.01,1.0,10,What are the symptoms of type 2 diabetes?,1.0,1.0,1.8344,0.005493,30720
2,G,Combined,1%,0.99,1.01,1.0,10,How is hypertension treated?,1.0,1.0,2.164,0.008051,22593
2,G,Combined,1%,0.99,1.01,1.0,10,What causes heart failure?,1.0,1.0,2.0253,0.001564,18460
2,G,Combined,1%,0.99,1.01,1.0,10,Describe the symptoms of lupus,1.0,1.0,2.164,0.00801,18100
2,G,Combined,1%,0.99,1.01,1.0,10,What medications treat depression?,1.0,1.0,1.8344,0.005778,16738
2,G,Combined,1%,0.99,1.01,1.0,10,How does Alzheimer's disease progress?,1.0,1.0,2.0253,0.007855,17014
2,G,Combined,1%,0.99,1.01,1.0,10,What are risk factors for stroke?,1.0,1.0,1.4979,0.007439,15703
2,G,Combined,1%,0.99,1.01,1.0,10,How is asthma managed long-term?,1.0,1.0,2.0253,0.005197,16940
2,G,Combined,1%,0.99,1.01,1.0,10,What are signs of kidney disease?,1.0,1.0,1.6957,0.004906,15367
2,G,Combined,1%,0.99,1.01,1.0,10,Describe rheumatoid arthritis treatment,1.0,1.0,2.0253,0.007664,16651
2,G,Combined,1%,0.99,1.01,1.0,10,What causes Parkinson's disease?,1.0,1.0,2.0253,0.009459,16949
2,G,Combined,1%,0.99,1.01,1.0,10,How is multiple sclerosis diagnosed?,1.0,1.0,1.973,0.008758,15872
2,G,Combined,1%,0.99,1.01,1.0,10,What are symptoms of anemia?,1.0,1.0,2.0253,0.004863,15059
2,G,Combined,1%,0.99,1.01,1.0,10,How is hypothyroidism treated?,1.0,1.0,2.0253,0.006401,15491
2,G,Combined,1%,0.99,1.01,1.0,10,What causes chronic pain?,0.9,0.9406,1.973,0.000479,16230
2,G,Combined,1%,0.99,1.01,1.0,10,Describe COPD management,1.0,1.0,2.0253,0.020773,16036
2,G,Combined,1%,0.99,1.01,1.0,10,What are signs of liver disease?,1.0,1.0,1.8867,0.000721,16122
2,G,Combined,1%,0.99,1.01,1.0,10,How is epilepsy treated?,1.0,1.0,1.8867,0.007882,16234
2,G,Combined,1%,0.99,1.01,1.0,10,What causes osteoporosis?,1.0,1.0,2.0253,0.008786,16136
2,G,Combined,1%,0.99,1.01,1.0,10,Describe symptoms of anxiety disorder,1.0,1.0,2.0253,0.012634,16026
2,G,Combined,1%,0.99,1.01,1.0,10,What medications are used for HIV/AIDS?,1.0,1.0,2.164,0.006192,15941
2,G,Combined,1%,0.99,1.01,1.0,10,How is pneumonia diagnosed?,1.0,1.0,1.8867,0.008523,15921
2,G,Combined,1%,0.99,1.01,1.0,10,What causes inflammatory bowel disease?,1.0,1.0,1.8867,0.000443,16542
2,G,Combined,1%,0.99,1.01,1.0,10,Describe treatment for chronic kidney disease,1.0,1.0,1.8867,0.008084,16196
2,G,Combined,1%,0.99,1.01,1.0,10,What are symptoms of schizophrenia?,1.0,1.0,1.7481,0.01135,16257
2,G,Combined,1%,0.99,1.01,1.0,10,How is bipolar disorder managed?,1.0,1.0,2.0253,0.009594,15558
2,G,Combined,1%,0.99,1.01,1.0,10,What causes psoriasis?,1.0,1.0,1.8344,0.014635,16101
2,G,Combined,1%,0.99,1.01,1.0,10,Describe sepsis treatment,1.0,1.0,2.0253,0.012916,15938
2,G,Combined,1%,0.99,1.01,1.0,10,What are risk factors for cancer?,1.0,1.0,2.0253,0.000535,16370
2,G,Combined,1%,0.99,1.01,1.0,10,How is ALS diagnosed?,1.0,1.0,1.8867,0.010697,16122
2,G,Combined,5%,0.95,1.05,5.0,10,What are the symptoms of type 2 diabetes?,1.0,1.0,1.8344,0.005512,27134
2,G,Combined,5%,0.95,1.05,5.0,10,How is hypertension treated?,0.9,0.9513,2.164,0.008026,22838
2,G,Combined,5%,0.95,1.05,5.0,10,What causes heart failure?,1.0,1.0,1.8867,0.00157,20730
2,G,Combined,5%,0.95,1.05,5.0,10,Describe the symptoms of lupus,1.0,1.0,2.164,0.007946,18489
2,G,Combined,5%,0.95,1.05,5.0,10,What medications treat depression?,1.0,1.0,1.8344,0.005712,18057
2,G,Combined,5%,0.95,1.05,5.0,10,How does Alzheimer's disease progress?,0.9,0.954,1.8344,0.007834,17909
2,G,Combined,5%,0.95,1.05,5.0,10,What are risk factors for stroke?,1.0,1.0,1.4979,0.007397,17137
2,G,Combined,5%,0.95,1.05,5.0,10,How is asthma managed long-term?,1.0,1.0,2.0253,0.005236,16679
2,G,Combined,5%,0.95,1.05,5.0,10,What are signs of kidney disease?,1.0,1.0,1.6957,0.004874,16578
2,G,Combined,5%,0.95,1.05,5.0,10,Describe rheumatoid arthritis treatment,1.0,1.0,2.0253,0.007546,17042
2,G,Combined,5%,0.95,1.05,5.0,10,What causes Parkinson's disease?,1.0,1.0,2.0253,0.009487,16270
2,G,Combined,5%,0.95,1.05,5.0,10,How is multiple sclerosis diagnosed?,1.0,1.0,1.973,0.008638,16461
2,G,Combined,5%,0.95,1.05,5.0,10,What are symptoms of anemia?,1.0,1.0,1.8867,0.004875,16296
2,G,Combined,5%,0.95,1.05,5.0,10,How is hypothyroidism treated?,1.0,1.0,2.0253,0.006442,15634
2,G,Combined,5%,0.95,1.05,5.0,10,What causes chronic pain?,1.0,1.0,1.973,0.000474,20157
2,G,Combined,5%,0.95,1.05,5.0,10,Describe COPD management,1.0,1.0,2.0253,0.020753,14895
2,G,Combined,5%,0.95,1.05,5.0,10,What are signs of liver disease?,1.0,1.0,2.0253,0.00069,16408
2,G,Combined,5%,0.95,1.05,5.0,10,How is epilepsy treated?,1.0,1.0,1.8867,0.007959,16486
2,G,Combined,5%,0.95,1.05,5.0,10,What causes osteoporosis?,1.0,1.0,2.0253,0.008691,16118
2,G,Combined,5%,0.95,1.05,5.0,10,Describe symptoms of anxiety disorder,1.0,1.0,2.164,0.01265,16257
2,G,Combined,5%,0.95,1.05,5.0,10,What medications are used for HIV/AIDS?,1.0,1.0,2.164,0.006209,15502
2,G,Combined,5%,0.95,1.05,5.0,10,How is pneumonia diagnosed?,1.0,1.0,2.0253,0.008416,16303
2,G,Combined,5%,0.95,1.05,5.0,10,What causes inflammatory bowel disease?,1.0,1.0,2.0253,0.00045,16524
2,G,Combined,5%,0.95,1.05,5.0,10,Describe treatment for chronic kidney disease,1.0,1.0,2.164,0.008007,16331
2,G,Combined,5%,0.95,1.05,5.0,10,What are symptoms of schizophrenia?,1.0,1.0,1.7481,0.011153,16535
2,G,Combined,5%,0.95,1.05,5.0,10,How is bipolar disorder managed?,1.0,1.0,1.8867,0.009488,15815
2,G,Combined,5%,0.95,1.05,5.0,10,What causes psoriasis?,1.0,1.0,1.8344,0.014696,16318
2,G,Combined,5%,0.95,1.05,5.0,10,Describe sepsis treatment,1.0,1.0,2.0253,0.012986,15890
2,G,Combined,5%,0.95,1.05,5.0,10,What are risk factors for cancer?,1.0,1.0,1.8867,0.000546,17865
2,G,Combined,5%,0.95,1.05,5.0,10,How is ALS diagnosed?,1.0,1.0,1.8867,0.010794,15126
2,G,Combined,10%,0.9,1.1,10.0,10,What are the symptoms of type 2 diabetes?,1.0,1.0,1.6434,0.005708,24802
2,G,Combined,10%,0.9,1.1,10.0,10,How is hypertension treated?,1.0,1.0,2.164,0.008006,22314
2,G,Combined,10%,0.9,1.1,10.0,10,What causes heart failure?,1.0,1.0,2.164,0.001561,20420
2,G,Combined,10%,0.9,1.1,10.0,10,Describe the symptoms of lupus,1.0,1.0,2.164,0.007804,19165
2,G,Combined,10%,0.9,1.1,10.0,10,What medications treat depression?,1.0,1.0,1.8344,0.005712,17985
2,G,Combined,10%,0.9,1.1,10.0,10,How does Alzheimer's disease progress?,0.9,0.954,1.8344,0.007929,19430
2,G,Combined,10%,0.9,1.1,10.0,10,What are risk factors for stroke?,1.0,1.0,1.4979,0.007346,18796
2,G,Combined,10%,0.9,1.1,10.0,10,How is asthma managed long-term?,1.0,1.0,2.164,0.005046,18375
2,G,Combined,10%,0.9,1.1,10.0,10,What are signs of kidney disease?,1.0,1.0,1.6957,0.00479,25379
2,G,Combined,10%,0.9,1.1,10.0,10,Describe rheumatoid arthritis treatment,1.0,1.0,2.0253,0.007693,17572
2,G,Combined,10%,0.9,1.1,10.0,10,What causes Parkinson's disease?,1.0,1.0,2.0253,0.009074,18473
2,G,Combined,10%,0.9,1.1,10.0,10,How is multiple sclerosis diagnosed?,1.0,1.0,1.973,0.008487,18563
2,G,Combined,10%,0.9,1.1,10.0,10,What are symptoms of anemia?,1.0,1.0,2.0253,0.00435,16354
2,G,Combined,10%,0.9,1.1,10.0,10,How is hypothyroidism treated?,1.0,1.0,1.8867,0.006492,15907
2,G,Combined,10%,0.9,1.1,10.0,10,What causes chronic pain?,0.9,0.9406,1.8867,0.000468,15989
2,G,Combined,10%,0.9,1.1,10.0,10,Describe COPD management,0.9,0.9644,2.0253,0.020539,16365
2,G,Combined,10%,0.9,1.1,10.0,10,What are signs of liver disease?,1.0,0.9997,2.0253,0.000661,16084
2,G,Combined,10%,0.9,1.1,10.0,10,How is epilepsy treated?,1.0,1.0,1.8867,0.007803,17265
2,G,Combined,10%,0.9,1.1,10.0,10,What causes osteoporosis?,1.0,1.0,2.0253,0.008565,21342
2,G,Combined,10%,0.9,1.1,10.0,10,Describe symptoms of anxiety disorder,1.0,1.0,2.0253,0.012602,17790
2,G,Combined,10%,0.9,1.1,10.0,10,What medications are used for HIV/AIDS?,1.0,1.0,2.164,0.006086,18082
2,G,Combined,10%,0.9,1.1,10.0,10,How is pneumonia diagnosed?,1.0,1.0,2.0253,0.00844,17368
2,G,Combined,10%,0.9,1.1,10.0,10,What causes inflammatory bowel disease?,1.0,1.0,1.6957,0.000458,17494
2,G,Combined,10%,0.9,1.1,10.0,10,Describe treatment for chronic kidney disease,1.0,1.0,2.0253,0.007975,16523
2,G,Combined,10%,0.9,1.1,10.0,10,What are symptoms of schizophrenia?,1.0,1.0,1.7481,0.01102,16614
2,G,Combined,10%,0.9,1.1,10.0,10,How is bipolar disorder managed?,1.0,1.0,1.8867,0.009475,17326
2,G,Combined,10%,0.9,1.1,10.0,10,What causes psoriasis?,1.0,1.0,1.6957,0.014517,17334
2,G,Combined,10%,0.9,1.1,10.0,10,Describe sepsis treatment,1.0,1.0,2.0253,0.012821,16054
2,G,Combined,10%,0.9,1.1,10.0,10,What are risk factors for cancer?,1.0,1.0,2.0253,0.000527,16076
2,G,Combined,10%,0.9,1.1,10.0,10,How is ALS diagnosed?,1.0,0.9997,1.8867,0.011,15383
2,G,Combined,20%,0.8,1.2,20.0,10,What are the symptoms of type 2 diabetes?,1.0,1.0,2.0253,0.005171,31745
2,G,Combined,20%,0.8,1.2,20.0,10,How is hypertension treated?,1.0,0.9999,1.8867,0.007175,28988
2,G,Combined,20%,0.8,1.2,20.0,10,What causes heart failure?,1.0,1.0,2.164,0.001381,26582
2,G,Combined,20%,0.8,1.2,20.0,10,Describe the symptoms of lupus,1.0,1.0,1.973,0.00771,23485
2,G,Combined,20%,0.8,1.2,20.0,10,What medications treat depression?,1.0,0.9999,2.0253,0.005516,19171
2,G,Combined,20%,0.8,1.2,20.0,10,How does Alzheimer's disease progress?,1.0,1.0,1.6434,0.007839,18151
2,G,Combined,20%,0.8,1.2,20.0,10,What are risk factors for stroke?,0.9,0.9431,1.4979,0.007142,17486
2,G,Combined,20%,0.8,1.2,20.0,10,How is asthma managed long-term?,1.0,1.0,2.0253,0.004637,17175
2,G,Combined,20%,0.8,1.2,20.0,10,What are signs of kidney disease?,0.8,0.8901,1.6957,0.004776,16327
2,G,Combined,20%,0.8,1.2,20.0,10,Describe rheumatoid arthritis treatment,1.0,1.0,2.0253,0.007227,15698
2,G,Combined,20%,0.8,1.2,20.0,10,What causes Parkinson's disease?,1.0,0.9994,2.0253,0.008841,16048
2,G,Combined,20%,0.8,1.2,20.0,10,How is multiple sclerosis diagnosed?,1.0,1.0,1.973,0.008438,15531
2,G,Combined,20%,0.8,1.2,20.0,10,What are symptoms of anemia?,1.0,1.0,1.8867,0.00509,19420
2,G,Combined,20%,0.8,1.2,20.0,10,How is hypothyroidism treated?,1.0,1.0,1.7481,0.005949,15410
2,G,Combined,20%,0.8,1.2,20.0,10,What causes chronic pain?,0.9,0.9401,1.8344,0.000512,15505
2,G,Combined,20%,0.8,1.2,20.0,10,Describe COPD management,0.9,0.9644,2.0253,0.019415,15561
2,G,Combined,20%,0.8,1.2,20.0,10,What are signs of liver disease?,1.0,0.9999,1.8867,0.000658,15381
2,G,Combined,20%,0.8,1.2,20.0,10,How is epilepsy treated?,0.9,0.9489,1.8867,0.007361,15738
2,G,Combined,20%,0.8,1.2,20.0,10,What causes osteoporosis?,0.9,0.9556,2.0253,0.008111,15110
2,G,Combined,20%,0.8,1.2,20.0,10,Describe symptoms of anxiety disorder,1.0,1.0,2.0253,0.01234,16693
2,G,Combined,20%,0.8,1.2,20.0,10,What medications are used for HIV/AIDS?,0.9,0.9517,1.8867,0.005795,15692
2,G,Combined,20%,0.8,1.2,20.0,10,How is pneumonia diagnosed?,1.0,1.0,2.164,0.00787,17202
2,G,Combined,20%,0.8,1.2,20.0,10,What causes inflammatory bowel disease?,1.0,0.9999,1.8867,0.000352,15768
2,G,Combined,20%,0.8,1.2,20.0,10,Describe treatment for chronic kidney disease,1.0,1.0,2.0253,0.007143,16984
2,G,Combined,20%,0.8,1.2,20.0,10,What are symptoms of schizophrenia?,1.0,1.0,1.7481,0.011468,16120
2,G,Combined,20%,0.8,1.2,20.0,10,How is bipolar disorder managed?,1.0,1.0,1.8867,0.008753,15166
2,G,Combined,20%,0.8,1.2,20.0,10,What causes psoriasis?,1.0,1.0,1.8867,0.013719,15230
2,G,Combined,20%,0.8,1.2,20.0,10,Describe sepsis treatment,1.0,1.0,2.0253,0.012213,16664
2,G,Combined,20%,0.8,1.2,20.0,10,What are risk factors for cancer?,1.0,1.0,2.3026,0.000556,36204
2,G,Combined,20%,0.8,1.2,20.0,10,How is ALS diagnosed?,0.9,0.9561,1.5571,0.010001,17544
2,G,Combined,30%,0.7,1.3,30.0,10,What are the symptoms of type 2 diabetes?,1.0,0.9999,1.6434,0.005041,31231
2,G,Combined,30%,0.7,1.3,30.0,10,How is hypertension treated?,1.0,0.9999,2.164,0.006656,25362
2,G,Combined,30%,0.7,1.3,30.0,10,What causes heart failure?,1.0,1.0,2.0253,0.001529,21192
2,G,Combined,30%,0.7,1.3,30.0,10,Describe the symptoms of lupus,1.0,1.0,2.164,0.006992,19534
2,G,Combined,30%,0.7,1.3,30.0,10,What medications treat depression?,1.0,1.0,1.8344,0.005429,18696
2,G,Combined,30%,0.7,1.3,30.0,10,How does Alzheimer's disease progress?,0.9,0.9514,1.6957,0.00741,18850
2,G,Combined,30%,0.7,1.3,30.0,10,What are risk factors for stroke?,0.9,0.9403,1.7481,0.006208,18284
2,G,Combined,30%,0.7,1.3,30.0,10,How is asthma managed long-term?,1.0,1.0,2.164,0.005298,17116
2,G,Combined,30%,0.7,1.3,30.0,10,What are signs of kidney disease?,1.0,1.0,1.8344,0.004602,17307
2,G,Combined,30%,0.7,1.3,30.0,10,Describe rheumatoid arthritis treatment,1.0,1.0,2.0253,0.006711,16732
2,G,Combined,30%,0.7,1.3,30.0,10,What causes Parkinson's disease?,1.0,0.9994,2.164,0.008267,16716
2,G,Combined,30%,0.7,1.3,30.0,10,How is multiple sclerosis diagnosed?,1.0,1.0,1.973,0.008284,16298
2,G,Combined,30%,0.7,1.3,30.0,10,What are symptoms of anemia?,1.0,1.0,2.3026,0.004307,19435
2,G,Combined,30%,0.7,1.3,30.0,10,How is hypothyroidism treated?,1.0,0.9999,1.973,0.005691,17168
2,G,Combined,30%,0.7,1.3,30.0,10,What causes chronic pain?,0.9,0.9374,1.7481,0.000413,16123
2,G,Combined,30%,0.7,1.3,30.0,10,Describe COPD management,0.9,0.9644,2.0253,0.017776,16232
2,G,Combined,30%,0.7,1.3,30.0,10,What are signs of liver disease?,1.0,0.9991,2.164,0.000469,17880
2,G,Combined,30%,0.7,1.3,30.0,10,How is epilepsy treated?,1.0,0.9999,1.8867,0.006907,16594
2,G,Combined,30%,0.7,1.3,30.0,10,What causes osteoporosis?,1.0,0.9998,2.0253,0.00778,15783
2,G,Combined,30%,0.7,1.3,30.0,10,Describe symptoms of anxiety disorder,1.0,1.0,2.0253,0.011373,15559
2,G,Combined,30%,0.7,1.3,30.0,10,What medications are used for HIV/AIDS?,1.0,1.0,2.164,0.005681,15954
2,G,Combined,30%,0.7,1.3,30.0,10,How is pneumonia diagnosed?,1.0,1.0,2.0253,0.007551,16183
2,G,Combined,30%,0.7,1.3,30.0,10,What causes inflammatory bowel disease?,1.0,0.9995,1.8344,0.000525,16340
2,G,Combined,30%,0.7,1.3,30.0,10,Describe treatment for chronic kidney disease,1.0,0.9999,1.8867,0.007218,16189
2,G,Combined,30%,0.7,1.3,30.0,10,What are symptoms of schizophrenia?,1.0,1.0,1.7481,0.009539,16417
2,G,Combined,30%,0.7,1.3,30.0,10,How is bipolar disorder managed?,1.0,0.9999,1.8867,0.008477,15756
2,G,Combined,30%,0.7,1.3,30.0,10,What causes psoriasis?,1.0,1.0,1.6957,0.01234,16197
2,G,Combined,30%,0.7,1.3,30.0,10,Describe sepsis treatment,1.0,1.0,2.164,0.011725,15860
2,G,Combined,30%,0.7,1.3,30.0,10,What are risk factors for cancer?,1.0,0.9998,2.0253,0.000473,15368
2,G,Combined,30%,0.7,1.3,30.0,10,How is ALS diagnosed?,1.0,0.9997,1.5571,0.00981,16182
2,G,Combined,50%,0.5,1.5,50.0,10,What are the symptoms of type 2 diabetes?,1.0,1.0,1.8344,0.004114,32087
2,G,Combined,50%,0.5,1.5,50.0,10,How is hypertension treated?,0.9,0.9512,1.8344,0.006158,23533
2,G,Combined,50%,0.5,1.5,50.0,10,What causes heart failure?,1.0,0.9983,2.0253,0.00103,19712
2,G,Combined,50%,0.5,1.5,50.0,10,Describe the symptoms of lupus,1.0,0.9996,2.0253,0.004667,19123
2,G,Combined,50%,0.5,1.5,50.0,10,What medications treat depression?,1.0,0.9999,1.7481,0.004398,16960
2,G,Combined,50%,0.5,1.5,50.0,10,How does Alzheimer's disease progress?,0.9,0.9522,1.8867,0.004625,16512
2,G,Combined,50%,0.5,1.5,50.0,10,What are risk factors for stroke?,0.9,0.9431,1.2275,0.005549,15917
2,G,Combined,50%,0.5,1.5,50.0,10,How is asthma managed long-term?,1.0,0.9999,2.0253,0.00372,16489
2,G,Combined,50%,0.5,1.5,50.0,10,What are signs of kidney disease?,0.9,0.9449,1.7481,0.003525,16894
2,G,Combined,50%,0.5,1.5,50.0,10,Describe rheumatoid arthritis treatment,1.0,0.9999,2.0253,0.005135,17398
2,G,Combined,50%,0.5,1.5,50.0,10,What causes Parkinson's disease?,1.0,0.9997,2.164,0.006113,16957
2,G,Combined,50%,0.5,1.5,50.0,10,How is multiple sclerosis diagnosed?,1.0,0.9998,2.164,0.005256,16744
2,G,Combined,50%,0.5,1.5,50.0,10,What are symptoms of anemia?,1.0,0.9999,2.0253,0.002957,16397
2,G,Combined,50%,0.5,1.5,50.0,10,How is hypothyroidism treated?,1.0,1.0,1.8867,0.004199,16490
2,G,Combined,50%,0.5,1.5,50.0,10,What causes chronic pain?,0.7,0.8104,2.164,0.000369,16396
2,G,Combined,50%,0.5,1.5,50.0,10,Describe COPD management,1.0,1.0,1.8867,0.014361,16845
2,G,Combined,50%,0.5,1.5,50.0,10,What are signs of liver disease?,1.0,0.9984,1.6094,0.000334,16665
2,G,Combined,50%,0.5,1.5,50.0,10,How is epilepsy treated?,0.9,0.9513,2.164,0.005264,16248
2,G,Combined,50%,0.5,1.5,50.0,10,What causes osteoporosis?,0.9,0.9557,2.164,0.005389,16256
2,G,Combined,50%,0.5,1.5,50.0,10,Describe symptoms of anxiety disorder,0.8,0.9031,2.164,0.008057,16297
2,G,Combined,50%,0.5,1.5,50.0,10,What medications are used for HIV/AIDS?,0.9,0.9519,2.0253,0.005126,15478
2,G,Combined,50%,0.5,1.5,50.0,10,How is pneumonia diagnosed?,0.9,0.948,1.8867,0.005675,16744
2,G,Combined,50%,0.5,1.5,50.0,10,What causes inflammatory bowel disease?,1.0,0.9993,2.3026,0.000332,17802
2,G,Combined,50%,0.5,1.5,50.0,10,Describe treatment for chronic kidney disease,1.0,0.9994,1.8344,0.00554,16647
2,G,Combined,50%,0.5,1.5,50.0,10,What are symptoms of schizophrenia?,1.0,0.9999,1.7481,0.008153,20940
2,G,Combined,50%,0.5,1.5,50.0,10,How is bipolar disorder managed?,0.9,0.955,2.0253,0.00627,17174
2,G,Combined,50%,0.5,1.5,50.0,10,What causes psoriasis?,1.0,1.0,1.6957,0.011382,17030
2,G,Combined,50%,0.5,1.5,50.0,10,Describe sepsis treatment,1.0,1.0,2.0253,0.008926,16642
2,G,Combined,50%,0.5,1.5,50.0,10,What are risk factors for cancer?,1.0,0.9999,1.8867,0.000231,16470
2,G,Combined,50%,0.5,1.5,50.0,10,How is ALS diagnosed?,1.0,0.9995,1.8867,0.006813,16572
2,G,Combined,70%,0.3,1.7,70.0,10,What are the symptoms of type 2 diabetes?,1.0,1.0,1.8867,0.002314,20162
2,G,Combined,70%,0.3,1.7,70.0,10,How is hypertension treated?,0.9,0.9513,2.0253,0.004509,17738
2,G,Combined,70%,0.3,1.7,70.0,10,What causes heart failure?,1.0,0.9982,1.8867,0.000623,17057
2,G,Combined,70%,0.3,1.7,70.0,10,Describe the symptoms of lupus,1.0,0.9999,1.8867,0.003282,17314
2,G,Combined,70%,0.3,1.7,70.0,10,What medications treat depression?,0.9,0.9436,1.6094,0.002729,16208
2,G,Combined,70%,0.3,1.7,70.0,10,How does Alzheimer's disease progress?,0.9,0.9528,1.6957,0.003681,17720
2,G,Combined,70%,0.3,1.7,70.0,10,What are risk factors for stroke?,0.8,0.8812,1.4979,0.003298,17554
2,G,Combined,70%,0.3,1.7,70.0,10,How is asthma managed long-term?,1.0,0.9996,2.0253,0.002074,16710
2,G,Combined,70%,0.3,1.7,70.0,10,What are signs of kidney disease?,0.8,0.8847,2.164,0.002281,17041
2,G,Combined,70%,0.3,1.7,70.0,10,Describe rheumatoid arthritis treatment,1.0,0.9999,2.0253,0.003951,17396
2,G,Combined,70%,0.3,1.7,70.0,10,What causes Parkinson's disease?,1.0,0.9994,2.0253,0.00329,17036
2,G,Combined,70%,0.3,1.7,70.0,10,How is multiple sclerosis diagnosed?,1.0,0.9956,1.6957,0.004448,17423
2,G,Combined,70%,0.3,1.7,70.0,10,What are symptoms of anemia?,1.0,0.9992,2.3026,0.002143,17179
2,G,Combined,70%,0.3,1.7,70.0,10,How is hypothyroidism treated?,1.0,0.9997,1.7481,0.002688,16247
2,G,Combined,70%,0.3,1.7,70.0,10,What causes chronic pain?,0.9,0.9343,1.7481,0.000211,16144
2,G,Combined,70%,0.3,1.7,70.0,10,Describe COPD management,0.9,0.9631,2.0253,0.010022,16623
2,G,Combined,70%,0.3,1.7,70.0,10,What are signs of liver disease?,0.9,0.939,1.6434,0.000299,17083
2,G,Combined,70%,0.3,1.7,70.0,10,How is epilepsy treated?,0.8,0.9002,1.8867,0.002389,15865
2,G,Combined,70%,0.3,1.7,70.0,10,What causes osteoporosis?,0.9,0.9557,2.164,0.003839,17619
2,G,Combined,70%,0.3,1.7,70.0,10,Describe symptoms of anxiety disorder,0.8,0.9031,2.0253,0.004872,17950
2,G,Combined,70%,0.3,1.7,70.0,10,What medications are used for HIV/AIDS?,0.9,0.9513,2.164,0.002366,17091
2,G,Combined,70%,0.3,1.7,70.0,10,How is pneumonia diagnosed?,0.9,0.9484,2.0253,0.003251,16752
2,G,Combined,70%,0.3,1.7,70.0,10,What causes inflammatory bowel disease?,0.9,0.9348,1.8344,0.000191,18290
2,G,Combined,70%,0.3,1.7,70.0,10,Describe treatment for chronic kidney disease,1.0,0.9999,2.164,0.003714,16516
2,G,Combined,70%,0.3,1.7,70.0,10,What are symptoms of schizophrenia?,1.0,1.0,1.973,0.004926,16551
2,G,Combined,70%,0.3,1.7,70.0,10,How is bipolar disorder managed?,1.0,0.9999,2.0253,0.003998,16525
2,G,Combined,70%,0.3,1.7,70.0,10,What causes psoriasis?,1.0,0.9999,1.7481,0.005992,16438
2,G,Combined,70%,0.3,1.7,70.0,10,Describe sepsis treatment,1.0,1.0,2.164,0.006053,15437
2,G,Combined,70%,0.3,1.7,70.0,10,What are risk factors for cancer?,1.0,0.9925,2.0253,0.000233,16308
2,G,Combined,70%,0.3,1.7,70.0,10,How is ALS diagnosed?,0.8,0.9095,2.0253,0.003549,15923
3,G,Combined,0%,1.0,1.0,0.0,10,What are the symptoms of type 2 diabetes?,1.0,1.0,2.0253,0.005505,32914
3,G,Combined,0%,1.0,1.0,0.0,10,How is hypertension treated?,1.0,1.0,2.164,0.008063,22950
3,G,Combined,0%,1.0,1.0,0.0,10,What causes heart failure?,1.0,1.0,2.0253,0.001569,20840
3,G,Combined,0%,1.0,1.0,0.0,10,Describe the symptoms of lupus,1.0,1.0,2.164,0.008025,19708
3,G,Combined,0%,1.0,1.0,0.0,10,What medications treat depression?,1.0,1.0,1.8344,0.005777,18973
3,G,Combined,0%,1.0,1.0,0.0,10,How does Alzheimer's disease progress?,1.0,1.0,2.0253,0.007851,20475
3,G,Combined,0%,1.0,1.0,0.0,10,What are risk factors for stroke?,1.0,1.0,1.4979,0.007439,17316
3,G,Combined,0%,1.0,1.0,0.0,10,How is asthma managed long-term?,1.0,1.0,2.0253,0.005191,17679
3,G,Combined,0%,1.0,1.0,0.0,10,What are signs of kidney disease?,1.0,1.0,1.6957,0.004912,21295
3,G,Combined,0%,1.0,1.0,0.0,10,Describe rheumatoid arthritis treatment,1.0,1.0,2.0253,0.007646,17456
3,G,Combined,0%,1.0,1.0,0.0,10,What causes Parkinson's disease?,1.0,1.0,2.0253,0.009459,17100
3,G,Combined,0%,1.0,1.0,0.0,10,How is multiple sclerosis diagnosed?,1.0,1.0,1.973,0.008741,15739
3,G,Combined,0%,1.0,1.0,0.0,10,What are symptoms of anemia?,1.0,1.0,2.0253,0.004847,16798
3,G,Combined,0%,1.0,1.0,0.0,10,How is hypothyroidism treated?,1.0,1.0,2.0253,0.006409,16749
3,G,Combined,0%,1.0,1.0,0.0,10,What causes chronic pain?,1.0,1.0,1.973,0.000479,16517
3,G,Combined,0%,1.0,1.0,0.0,10,Describe COPD management,1.0,1.0,2.0253,0.020794,16197
3,G,Combined,0%,1.0,1.0,0.0,10,What are signs of liver disease?,1.0,1.0,1.8867,0.000719,17697
3,G,Combined,0%,1.0,1.0,0.0,10,How is epilepsy treated?,1.0,1.0,2.0253,0.007898,20741
3,G,Combined,0%,1.0,1.0,0.0,10,What causes osteoporosis?,1.0,1.0,2.0253,0.008767,18526
3,G,Combined,0%,1.0,1.0,0.0,10,Describe symptoms of anxiety disorder,1.0,1.0,2.0253,0.012617,16671
3,G,Combined,0%,1.0,1.0,0.0,10,What medications are used for HIV/AIDS?,1.0,1.0,2.164,0.006178,15602
3,G,Combined,0%,1.0,1.0,0.0,10,How is pneumonia diagnosed?,1.0,1.0,2.0253,0.008521,15858
3,G,Combined,0%,1.0,1.0,0.0,10,What causes inflammatory bowel disease?,1.0,1.0,1.6957,0.000444,15936
3,G,Combined,0%,1.0,1.0,0.0,10,Describe treatment for chronic kidney disease,1.0,1.0,1.8867,0.00808,15617
3,G,Combined,0%,1.0,1.0,0.0,10,What are symptoms of schizophrenia?,1.0,1.0,1.7481,0.011327,16260
3,G,Combined,0%,1.0,1.0,0.0,10,How is bipolar disorder managed?,1.0,1.0,2.0253,0.009573,16545
3,G,Combined,0%,1.0,1.0,0.0,10,What causes psoriasis?,1.0,1.0,1.8344,0.014653,16045
3,G,Combined,0%,1.0,1.0,0.0,10,Describe sepsis treatment,1.0,1.0,2.0253,0.012907,17277
3,G,Combined,0%,1.0,1.0,0.0,10,What are risk factors for cancer?,1.0,1.0,2.0253,0.000536,17586
3,G,Combined,0%,1.0,1.0,0.0,10,How is ALS diagnosed?,1.0,1.0,1.8867,0.010726,16902
3,G,Combined,1%,0.99,1.01,1.0,10,What are the symptoms of type 2 diabetes?,1.0,1.0,2.0253,0.005499,26842
3,G,Combined,1%,0.99,1.01,1.0,10,How is hypertension treated?,1.0,1.0,2.164,0.00805,24301
3,G,Combined,1%,0.99,1.01,1.0,10,What causes heart failure?,1.0,1.0,2.0253,0.001579,23390
3,G,Combined,1%,0.99,1.01,1.0,10,Describe the symptoms of lupus,1.0,1.0,2.164,0.008007,24222
3,G,Combined,1%,0.99,1.01,1.0,10,What medications treat depression?,1.0,1.0,1.8344,0.005791,20370
3,G,Combined,1%,0.99,1.01,1.0,10,How does Alzheimer's disease progress?,1.0,1.0,2.0253,0.007847,20027
3,G,Combined,1%,0.99,1.01,1.0,10,What are risk factors for stroke?,1.0,1.0,1.4979,0.007417,18248
3,G,Combined,1%,0.99,1.01,1.0,10,How is asthma managed long-term?,1.0,1.0,2.0253,0.005179,17715
3,G,Combined,1%,0.99,1.01,1.0,10,What are signs of kidney disease?,1.0,1.0,1.6957,0.004921,17356
3,G,Combined,1%,0.99,1.01,1.0,10,Describe rheumatoid arthritis treatment,1.0,1.0,2.0253,0.007654,17399
3,G,Combined,1%,0.99,1.01,1.0,10,What causes Parkinson's disease?,1.0,1.0,2.0253,0.009451,16377
3,G,Combined,1%,0.99,1.01,1.0,10,How is multiple sclerosis diagnosed?,1.0,1.0,1.973,0.008726,17857
3,G,Combined,1%,0.99,1.01,1.0,10,What are symptoms of anemia?,1.0,1.0,2.0253,0.004844,16040
3,G,Combined,1%,0.99,1.01,1.0,10,How is hypothyroidism treated?,1.0,1.0,2.0253,0.006386,15815
3,G,Combined,1%,0.99,1.01,1.0,10,What causes chronic pain?,1.0,1.0,1.973,0.000479,16524
3,G,Combined,1%,0.99,1.01,1.0,10,Describe COPD management,1.0,1.0,2.0253,0.020762,14852
3,G,Combined,1%,0.99,1.01,1.0,10,What are signs of liver disease?,1.0,1.0,1.8867,0.000723,16076
3,G,Combined,1%,0.99,1.01,1.0,10,How is epilepsy treated?,1.0,1.0,1.8867,0.007916,15094
3,G,Combined,1%,0.99,1.01,1.0,10,What causes osteoporosis?,1.0,1.0,2.0253,0.008755,17169
3,G,Combined,1%,0.99,1.01,1.0,10,Describe symptoms of anxiety disorder,1.0,1.0,2.0253,0.012595,15804
3,G,Combined,1%,0.99,1.01,1.0,10,What medications are used for HIV/AIDS?,1.0,1.0,2.164,0.006175,16666
3,G,Combined,1%,0.99,1.01,1.0,10,How is pneumonia diagnosed?,1.0,1.0,2.0253,0.008528,17184
3,G,Combined,1%,0.99,1.01,1.0,10,What causes inflammatory bowel disease?,1.0,1.0,1.6957,0.000444,17805
3,G,Combined,1%,0.99,1.01,1.0,10,Describe treatment for chronic kidney disease,1.0,1.0,1.8867,0.008089,16783
3,G,Combined,1%,0.99,1.01,1.0,10,What are symptoms of schizophrenia?,1.0,1.0,1.7481,0.011351,16980
3,G,Combined,1%,0.99,1.01,1.0,10,How is bipolar disorder managed?,1.0,1.0,2.0253,0.009546,16061
3,G,Combined,1%,0.99,1.01,1.0,10,What causes psoriasis?,1.0,1.0,1.8344,0.014632,17355
3,G,Combined,1%,0.99,1.01,1.0,10,Describe sepsis treatment,1.0,1.0,2.0253,0.012912,16222
3,G,Combined,1%,0.99,1.01,1.0,10,What are risk factors for cancer?,1.0,1.0,2.0253,0.000538,16523
3,G,Combined,1%,0.99,1.01,1.0,10,How is ALS diagnosed?,1.0,1.0,1.6957,0.010707,15785
3,G,Combined,5%,0.95,1.05,5.0,10,What are the symptoms of type 2 diabetes?,1.0,1.0,2.0253,0.005329,23870
3,G,Combined,5%,0.95,1.05,5.0,10,How is hypertension treated?,0.9,0.9513,2.164,0.007979,17964
3,G,Combined,5%,0.95,1.05,5.0,10,What causes heart failure?,1.0,1.0,1.8867,0.001574,19984
3,G,Combined,5%,0.95,1.05,5.0,10,Describe the symptoms of lupus,1.0,1.0,2.164,0.007987,17842
3,G,Combined,5%,0.95,1.05,5.0,10,What medications treat depression?,1.0,1.0,1.8867,0.005814,17304
3,G,Combined,5%,0.95,1.05,5.0,10,How does Alzheimer's disease progress?,1.0,1.0,2.0253,0.007777,18333
3,G,Combined,5%,0.95,1.05,5.0,10,What are risk factors for stroke?,1.0,1.0,1.4979,0.007393,16895
3,G,Combined,5%,0.95,1.05,5.0,10,How is asthma managed long-term?,1.0,1.0,2.0253,0.005229,17580
3,G,Combined,5%,0.95,1.05,5.0,10,What are signs of kidney disease?,1.0,1.0,1.6957,0.004836,16430
3,G,Combined,5%,0.95,1.05,5.0,10,Describe rheumatoid arthritis treatment,1.0,1.0,2.0253,0.007704,16878
3,G,Combined,5%,0.95,1.05,5.0,10,What causes Parkinson's disease?,1.0,1.0,2.0253,0.009556,17224
3,G,Combined,5%,0.95,1.05,5.0,10,How is multiple sclerosis diagnosed?,1.0,1.0,1.973,0.008686,17229
3,G,Combined,5%,0.95,1.05,5.0,10,What are symptoms of anemia?,1.0,1.0,2.0253,0.004759,19100
3,G,Combined,5%,0.95,1.05,5.0,10,How is hypothyroidism treated?,1.0,1.0,1.8344,0.006365,18949
3,G,Combined,5%,0.95,1.05,5.0,10,What causes chronic pain?,0.9,0.9406,2.0253,0.00049,16264
3,G,Combined,5%,0.95,1.05,5.0,10,Describe COPD management,1.0,1.0,2.0253,0.020639,16229
3,G,Combined,5%,0.95,1.05,5.0,10,What are signs of liver disease?,1.0,1.0,2.0253,0.000763,16893
3,G,Combined,5%,0.95,1.05,5.0,10,How is epilepsy treated?,1.0,1.0,2.0253,0.007844,17000
3,G,Combined,5%,0.95,1.05,5.0,10,What causes osteoporosis?,0.9,0.9557,2.0253,0.008665,16770
3,G,Combined,5%,0.95,1.05,5.0,10,Describe symptoms of anxiety disorder,0.9,0.9528,2.164,0.012468,16070
3,G,Combined,5%,0.95,1.05,5.0,10,What medications are used for HIV/AIDS?,0.9,0.9519,2.0253,0.006209,16010
3,G,Combined,5%,0.95,1.05,5.0,10,How is pneumonia diagnosed?,1.0,1.0,2.0253,0.008498,16620
3,G,Combined,5%,0.95,1.05,5.0,10,What causes inflammatory bowel disease?,1.0,1.0,1.8867,0.00043,16962
3,G,Combined,5%,0.95,1.05,5.0,10,Describe treatment for chronic kidney disease,1.0,1.0,1.8344,0.008071,16666
3,G,Combined,5%,0.95,1.05,5.0,10,What are symptoms of schizophrenia?,1.0,1.0,1.7481,0.011088,17608
3,G,Combined,5%,0.95,1.05,5.0,10,How is bipolar disorder managed?,1.0,1.0,1.8867,0.009467,17297
3,G,Combined,5%,0.95,1.05,5.0,10,What causes psoriasis?,1.0,1.0,1.8344,0.014664,16970
3,G,Combined,5%,0.95,1.05,5.0,10,Describe sepsis treatment,1.0,1.0,2.0253,0.012932,17060
3,G,Combined,5%,0.95,1.05,5.0,10,What are risk factors for cancer?,1.0,1.0,1.8344,0.000546,17465
3,G,Combined,5%,0.95,1.05,5.0,10,How is ALS diagnosed?,1.0,1.0,1.8867,0.010795,16955
3,G,Combined,10%,0.9,1.1,10.0,10,What are the symptoms of type 2 diabetes?,1.0,1.0,1.6434,0.005425,33364
3,G,Combined,10%,0.9,1.1,10.0,10,How is hypertension treated?,1.0,1.0,2.0253,0.007897,26057
3,G,Combined,10%,0.9,1.1,10.0,10,What causes heart failure?,1.0,1.0,2.0253,0.001621,21999
3,G,Combined,10%,0.9,1.1,10.0,10,Describe the symptoms of lupus,1.0,1.0,2.164,0.007882,20377
3,G,Combined,10%,0.9,1.1,10.0,10,What medications treat depression?,1.0,1.0,1.8344,0.005751,20493
3,G,Combined,10%,0.9,1.1,10.0,10,How does Alzheimer's disease progress?,0.9,0.954,2.0253,0.007573,19493
3,G,Combined,10%,0.9,1.1,10.0,10,What are risk factors for stroke?,1.0,1.0,1.3592,0.007296,19695
3,G,Combined,10%,0.9,1.1,10.0,10,How is asthma managed long-term?,1.0,1.0,2.0253,0.005276,17285
3,G,Combined,10%,0.9,1.1,10.0,10,What are signs of kidney disease?,1.0,1.0,1.6957,0.004854,17241
3,G,Combined,10%,0.9,1.1,10.0,10,Describe rheumatoid arthritis treatment,1.0,1.0,2.0253,0.007528,17282
3,G,Combined,10%,0.9,1.1,10.0,10,What causes Parkinson's disease?,1.0,1.0,2.0253,0.009596,16786
3,G,Combined,10%,0.9,1.1,10.0,10,How is multiple sclerosis diagnosed?,1.0,1.0,1.973,0.008703,18730
3,G,Combined,10%,0.9,1.1,10.0,10,What are symptoms of anemia?,1.0,1.0,1.8867,0.004643,17219
3,G,Combined,10%,0.9,1.1,10.0,10,How is hypothyroidism treated?,1.0,1.0,1.6957,0.00647,20094
3,G,Combined,10%,0.9,1.1,10.0,10,What causes chronic pain?,1.0,1.0,2.0253,0.00046,19559
3,G,Combined,10%,0.9,1.1,10.0,10,Describe COPD management,1.0,1.0,2.0253,0.020815,18028
3,G,Combined,10%,0.9,1.1,10.0,10,What are signs of liver disease?,1.0,1.0,1.8344,0.000732,17272
3,G,Combined,10%,0.9,1.1,10.0,10,How is epilepsy treated?,1.0,1.0,2.0253,0.008043,17508
3,G,Combined,10%,0.9,1.1,10.0,10,What causes osteoporosis?,1.0,1.0,2.0253,0.008703,16452
3,G,Combined,10%,0.9,1.1,10.0,10,Describe symptoms of anxiety disorder,0.9,0.9528,2.0253,0.012477,16301
3,G,Combined,10%,0.9,1.1,10.0,10,What medications are used for HIV/AIDS?,1.0,1.0,2.0253,0.006182,15753
3,G,Combined,10%,0.9,1.1,10.0,10,How is pneumonia diagnosed?,1.0,1.0,1.8867,0.008523,17568
3,G,Combined,10%,0.9,1.1,10.0,10,What causes inflammatory bowel disease?,1.0,1.0,1.973,0.00045,17552
3,G,Combined,10%,0.9,1.1,10.0,10,Describe treatment for chronic kidney disease,1.0,1.0,1.973,0.008138,16688
3,G,Combined,10%,0.9,1.1,10.0,10,What are symptoms of schizophrenia?,1.0,1.0,1.4979,0.011372,17776
3,G,Combined,10%,0.9,1.1,10.0,10,How is bipolar disorder managed?,1.0,0.9999,1.8867,0.009538,18905
3,G,Combined,10%,0.9,1.1,10.0,10,What causes psoriasis?,1.0,1.0,1.8344,0.014552,15624
3,G,Combined,10%,0.9,1.1,10.0,10,Describe sepsis treatment,1.0,1.0,2.0253,0.012759,16310
3,G,Combined,10%,0.9,1.1,10.0,10,What are risk factors for cancer?,1.0,0.9999,1.973,0.000524,16976
3,G,Combined,10%,0.9,1.1,10.0,10,How is ALS diagnosed?,0.9,0.9564,1.8867,0.011125,17322
3,G,Combined,20%,0.8,1.2,20.0,10,What are the symptoms of type 2 diabetes?,1.0,1.0,1.8344,0.005325,25747
3,G,Combined,20%,0.8,1.2,20.0,10,How is hypertension treated?,0.9,0.9513,2.164,0.007654,20698
3,G,Combined,20%,0.8,1.2,20.0,10,What causes heart failure?,1.0,1.0,2.164,0.001385,19545
3,G,Combined,20%,0.8,1.2,20.0,10,Describe the symptoms of lupus,1.0,1.0,2.164,0.007915,19061
3,G,Combined,20%,0.8,1.2,20.0,10,What medications treat depression?,1.0,1.0,1.6094,0.005408,17135
3,G,Combined,20%,0.8,1.2,20.0,10,How does Alzheimer's disease progress?,1.0,1.0,1.6957,0.007821,18867
3,G,Combined,20%,0.8,1.2,20.0,10,What are risk factors for stroke?,0.9,0.9437,1.2275,0.006914,19859
3,G,Combined,20%,0.8,1.2,20.0,10,How is asthma managed long-term?,1.0,1.0,2.0253,0.004733,18192
3,G,Combined,20%,0.8,1.2,20.0,10,What are signs of kidney disease?,1.0,1.0,1.8344,0.004315,17514
3,G,Combined,20%,0.8,1.2,20.0,10,Describe rheumatoid arthritis treatment,1.0,1.0,1.973,0.007327,17409
3,G,Combined,20%,0.8,1.2,20.0,10,What causes Parkinson's disease?,1.0,1.0,2.164,0.009153,15800
3,G,Combined,20%,0.8,1.2,20.0,10,How is multiple sclerosis diagnosed?,1.0,1.0,1.973,0.0083,17095
3,G,Combined,20%,0.8,1.2,20.0,10,What are symptoms of anemia?,1.0,1.0,2.0253,0.004647,16775
3,G,Combined,20%,0.8,1.2,20.0,10,How is hypothyroidism treated?,1.0,1.0,1.6957,0.005988,16961
3,G,Combined,20%,0.8,1.2,20.0,10,What causes chronic pain?,0.9,0.9375,1.6094,0.000499,15993
3,G,Combined,20%,0.8,1.2,20.0,10,Describe COPD management,1.0,1.0,2.0253,0.019602,17693
3,G,Combined,20%,0.8,1.2,20.0,10,What are signs of liver disease?,1.0,0.9999,1.8867,0.000753,18358
3,G,Combined,20%,0.8,1.2,20.0,10,How is epilepsy treated?,1.0,1.0,2.0253,0.007694,17191
3,G,Combined,20%,0.8,1.2,20.0,10,What causes osteoporosis?,0.9,0.9556,1.8344,0.008082,18141
3,G,Combined,20%,0.8,1.2,20.0,10,Describe symptoms of anxiety disorder,1.0,1.0,2.0253,0.011705,17649
3,G,Combined,20%,0.8,1.2,20.0,10,What medications are used for HIV/AIDS?,1.0,0.9999,1.8344,0.00583,17845
3,G,Combined,20%,0.8,1.2,20.0,10,How is pneumonia diagnosed?,1.0,1.0,1.973,0.007947,17916
3,G,Combined,20%,0.8,1.2,20.0,10,What causes inflammatory bowel disease?,1.0,1.0,1.8344,0.00046,17480
3,G,Combined,20%,0.8,1.2,20.0,10,Describe treatment for chronic kidney disease,1.0,1.0,1.8344,0.007503,16365
3,G,Combined,20%,0.8,1.2,20.0,10,What are symptoms of schizophrenia?,1.0,1.0,1.6094,0.010761,18022
3,G,Combined,20%,0.8,1.2,20.0,10,How is bipolar disorder managed?,1.0,0.9999,1.8867,0.008708,18682
3,G,Combined,20%,0.8,1.2,20.0,10,What causes psoriasis?,1.0,1.0,1.6957,0.013123,17213
3,G,Combined,20%,0.8,1.2,20.0,10,Describe sepsis treatment,1.0,1.0,2.0253,0.012542,19024
3,G,Combined,20%,0.8,1.2,20.0,10,What are risk factors for cancer?,1.0,1.0,1.8344,0.000452,18814
3,G,Combined,20%,0.8,1.2,20.0,10,How is ALS diagnosed?,1.0,0.9997,1.6957,0.010153,19368
3,G,Combined,30%,0.7,1.3,30.0,10,What are the symptoms of type 2 diabetes?,1.0,1.0,2.0253,0.004263,22381
3,G,Combined,30%,0.7,1.3,30.0,10,How is hypertension treated?,0.9,0.9513,2.164,0.007596,23031
3,G,Combined,30%,0.7,1.3,30.0,10,What causes heart failure?,1.0,0.9996,2.0253,0.001122,21512
3,G,Combined,30%,0.7,1.3,30.0,10,Describe the symptoms of lupus,1.0,1.0,2.164,0.007047,19333
3,G,Combined,30%,0.7,1.3,30.0,10,What medications treat depression?,1.0,1.0,2.0253,0.004872,19225
3,G,Combined,30%,0.7,1.3,30.0,10,How does Alzheimer's disease progress?,0.9,0.954,1.8867,0.006793,23930
3,G,Combined,30%,0.7,1.3,30.0,10,What are risk factors for stroke?,1.0,0.9999,1.2275,0.006781,50654
3,G,Combined,30%,0.7,1.3,30.0,10,How is asthma managed long-term?,1.0,1.0,2.164,0.004424,18618
3,G,Combined,30%,0.7,1.3,30.0,10,What are signs of kidney disease?,1.0,0.9999,1.6957,0.004403,18391
3,G,Combined,30%,0.7,1.3,30.0,10,Describe rheumatoid arthritis treatment,1.0,0.9999,2.0253,0.006914,18362
3,G,Combined,30%,0.7,1.3,30.0,10,What causes Parkinson's disease?,1.0,1.0,2.0253,0.007688,17097
3,G,Combined,30%,0.7,1.3,30.0,10,How is multiple sclerosis diagnosed?,1.0,1.0,1.973,0.007802,17253
3,G,Combined,30%,0.7,1.3,30.0,10,What are symptoms of anemia?,1.0,1.0,1.8867,0.004404,16910
3,G,Combined,30%,0.7,1.3,30.0,10,How is hypothyroidism treated?,1.0,1.0,1.8344,0.005301,19551
3,G,Combined,30%,0.7,1.3,30.0,10,What causes chronic pain?,0.8,0.8781,1.8867,0.000381,21629
3,G,Combined,30%,0.7,1.3,30.0,10,Describe COPD management,0.9,0.9644,1.8867,0.017829,19232
3,G,Combined,30%,0.7,1.3,30.0,10,What are signs of liver disease?,1.0,0.9999,1.3592,0.000759,17674
3,G,Combined,30%,0.7,1.3,30.0,10,How is epilepsy treated?,0.9,0.9512,1.8867,0.006129,18054
3,G,Combined,30%,0.7,1.3,30.0,10,What causes osteoporosis?,0.9,0.9556,1.6957,0.007658,18141
3,G,Combined,30%,0.7,1.3,30.0,10,Describe symptoms of anxiety disorder,0.9,0.9528,2.0253,0.008988,18037
3,G,Combined,30%,0.7,1.3,30.0,10,What medications are used for HIV/AIDS?,1.0,0.9999,1.6957,0.00559,16689
3,G,Combined,30%,0.7,1.3,30.0,10,How is pneumonia diagnosed?,0.9,0.9501,2.0253,0.007233,16890
3,G,Combined,30%,0.7,1.3,30.0,10,What causes inflammatory bowel disease?,1.0,1.0,2.164,0.000423,17606
3,G,Combined,30%,0.7,1.3,30.0,10,Describe treatment for chronic kidney disease,1.0,1.0,1.8344,0.007165,18099
3,G,Combined,30%,0.7,1.3,30.0,10,What are symptoms of schizophrenia?,1.0,1.0,1.8344,0.009636,18290
3,G,Combined,30%,0.7,1.3,30.0,10,How is bipolar disorder managed?,1.0,1.0,2.164,0.008705,18406
3,G,Combined,30%,0.7,1.3,30.0,10,What causes psoriasis?,1.0,1.0,1.6957,0.013785,21199
3,G,Combined,30%,0.7,1.3,30.0,10,Describe sepsis treatment,1.0,1.0,2.0253,0.011616,18687
3,G,Combined,30%,0.7,1.3,30.0,10,What are risk factors for cancer?,1.0,0.9998,2.164,0.000434,22341
3,G,Combined,30%,0.7,1.3,30.0,10,How is ALS diagnosed?,0.9,0.9546,1.8867,0.009219,18952
3,G,Combined,50%,0.5,1.5,50.0,10,What are the symptoms of type 2 diabetes?,1.0,1.0,1.973,0.003786,32349
3,G,Combined,50%,0.5,1.5,50.0,10,How is hypertension treated?,0.9,0.9513,2.164,0.005657,22628
3,G,Combined,50%,0.5,1.5,50.0,10,What causes heart failure?,1.0,0.9994,2.164,0.00111,20547
3,G,Combined,50%,0.5,1.5,50.0,10,Describe the symptoms of lupus,1.0,1.0,2.164,0.00672,19157
3,G,Combined,50%,0.5,1.5,50.0,10,What medications treat depression?,1.0,1.0,1.8867,0.004167,16834
3,G,Combined,50%,0.5,1.5,50.0,10,How does Alzheimer's disease progress?,1.0,1.0,2.0253,0.00485,16828
3,G,Combined,50%,0.5,1.5,50.0,10,What are risk factors for stroke?,0.9,0.9433,1.3592,0.004893,15475
3,G,Combined,50%,0.5,1.5,50.0,10,How is asthma managed long-term?,1.0,1.0,2.3026,0.003426,17325
3,G,Combined,50%,0.5,1.5,50.0,10,What are signs of kidney disease?,1.0,0.9998,1.7481,0.003173,15925
3,G,Combined,50%,0.5,1.5,50.0,10,Describe rheumatoid arthritis treatment,1.0,0.9999,2.0253,0.004921,17925
3,G,Combined,50%,0.5,1.5,50.0,10,What causes Parkinson's disease?,1.0,0.9994,2.0253,0.006294,16607
3,G,Combined,50%,0.5,1.5,50.0,10,How is multiple sclerosis diagnosed?,1.0,1.0,1.973,0.007211,18278
3,G,Combined,50%,0.5,1.5,50.0,10,What are symptoms of anemia?,1.0,0.9999,1.8867,0.00354,17093
3,G,Combined,50%,0.5,1.5,50.0,10,How is hypothyroidism treated?,1.0,0.9999,2.0253,0.004545,17588
3,G,Combined,50%,0.5,1.5,50.0,10,What causes chronic pain?,0.8,0.8653,1.8344,0.000405,17218
3,G,Combined,50%,0.5,1.5,50.0,10,Describe COPD management,0.9,0.9631,1.7481,0.013842,16133
3,G,Combined,50%,0.5,1.5,50.0,10,What are signs of liver disease?,1.0,0.9994,1.6957,0.000686,16643
3,G,Combined,50%,0.5,1.5,50.0,10,How is epilepsy treated?,1.0,1.0,1.8867,0.005463,17895
3,G,Combined,50%,0.5,1.5,50.0,10,What causes osteoporosis?,0.9,0.9556,2.164,0.005902,16650
3,G,Combined,50%,0.5,1.5,50.0,10,Describe symptoms of anxiety disorder,0.9,0.9528,2.164,0.009289,16455
3,G,Combined,50%,0.5,1.5,50.0,10,What medications are used for HIV/AIDS?,0.9,0.9517,2.0253,0.003978,16783
3,G,Combined,50%,0.5,1.5,50.0,10,How is pneumonia diagnosed?,0.9,0.9479,1.973,0.006183,16583
3,G,Combined,50%,0.5,1.5,50.0,10,What causes inflammatory bowel disease?,1.0,0.9975,2.0253,0.000246,16754
3,G,Combined,50%,0.5,1.5,50.0,10,Describe treatment for chronic kidney disease,1.0,1.0,2.0253,0.005507,16670
3,G,Combined,50%,0.5,1.5,50.0,10,What are symptoms of schizophrenia?,1.0,0.9998,1.8344,0.007454,15830
3,G,Combined,50%,0.5,1.5,50.0,10,How is bipolar disorder managed?,0.9,0.9552,2.0253,0.006904,16830
3,G,Combined,50%,0.5,1.5,50.0,10,What causes psoriasis?,1.0,1.0,1.7481,0.010602,16608
3,G,Combined,50%,0.5,1.5,50.0,10,Describe sepsis treatment,0.9,0.9547,2.0253,0.009556,16463
3,G,Combined,50%,0.5,1.5,50.0,10,What are risk factors for cancer?,1.0,0.9989,2.3026,0.000469,17738
3,G,Combined,50%,0.5,1.5,50.0,10,How is ALS diagnosed?,0.9,0.9564,1.8344,0.008016,16438
3,G,Combined,70%,0.3,1.7,70.0,10,What are the symptoms of type 2 diabetes?,0.9,0.9438,2.0253,0.002798,22868
3,G,Combined,70%,0.3,1.7,70.0,10,How is hypertension treated?,0.9,0.9513,2.164,0.00412,19690
3,G,Combined,70%,0.3,1.7,70.0,10,What causes heart failure?,1.0,0.9994,1.973,0.000995,18746
3,G,Combined,70%,0.3,1.7,70.0,10,Describe the symptoms of lupus,1.0,1.0,2.164,0.003786,17793
3,G,Combined,70%,0.3,1.7,70.0,10,What medications treat depression?,1.0,1.0,1.8344,0.002744,17496
3,G,Combined,70%,0.3,1.7,70.0,10,How does Alzheimer's disease progress?,0.9,0.9495,1.973,0.003253,18052
3,G,Combined,70%,0.3,1.7,70.0,10,What are risk factors for stroke?,0.8,0.8883,1.4185,0.003364,17801
3,G,Combined,70%,0.3,1.7,70.0,10,How is asthma managed long-term?,1.0,0.9999,2.164,0.002291,16753
3,G,Combined,70%,0.3,1.7,70.0,10,What are signs of kidney disease?,0.8,0.8892,2.0253,0.002329,17025
3,G,Combined,70%,0.3,1.7,70.0,10,Describe rheumatoid arthritis treatment,1.0,0.9999,1.8867,0.004538,16455
3,G,Combined,70%,0.3,1.7,70.0,10,What causes Parkinson's disease?,1.0,1.0,2.164,0.004021,17131
3,G,Combined,70%,0.3,1.7,70.0,10,How is multiple sclerosis diagnosed?,1.0,0.9996,1.6957,0.004056,15955
3,G,Combined,70%,0.3,1.7,70.0,10,What are symptoms of anemia?,1.0,0.9988,1.8867,0.001962,15376
3,G,Combined,70%,0.3,1.7,70.0,10,How is hypothyroidism treated?,1.0,0.9989,1.8344,0.003153,15689
3,G,Combined,70%,0.3,1.7,70.0,10,What causes chronic pain?,0.9,0.9374,1.5571,0.000196,16510
3,G,Combined,70%,0.3,1.7,70.0,10,Describe COPD management,0.9,0.9644,1.8867,0.009173,15561
3,G,Combined,70%,0.3,1.7,70.0,10,What are signs of liver disease?,0.9,0.9368,1.8867,0.000218,17388
3,G,Combined,70%,0.3,1.7,70.0,10,How is epilepsy treated?,1.0,0.9999,2.0253,0.003799,18164
3,G,Combined,70%,0.3,1.7,70.0,10,What causes osteoporosis?,0.9,0.953,1.973,0.004269,16024
3,G,Combined,70%,0.3,1.7,70.0,10,Describe symptoms of anxiety disorder,0.9,0.9527,2.3026,0.006155,16382
3,G,Combined,70%,0.3,1.7,70.0,10,What medications are used for HIV/AIDS?,0.9,0.9517,1.6957,0.003126,15864
3,G,Combined,70%,0.3,1.7,70.0,10,How is pneumonia diagnosed?,1.0,0.9995,2.0253,0.003706,16401
3,G,Combined,70%,0.3,1.7,70.0,10,What causes inflammatory bowel disease?,0.9,0.9397,2.0253,0.000223,17351
3,G,Combined,70%,0.3,1.7,70.0,10,Describe treatment for chronic kidney disease,0.9,0.9517,1.7481,0.003701,17474
3,G,Combined,70%,0.3,1.7,70.0,10,What are symptoms of schizophrenia?,1.0,0.9997,1.7481,0.005305,15556
3,G,Combined,70%,0.3,1.7,70.0,10,How is bipolar disorder managed?,0.9,0.9522,1.6957,0.004498,16442
3,G,Combined,70%,0.3,1.7,70.0,10,What causes psoriasis?,0.9,0.9587,1.8344,0.005729,16114
3,G,Combined,70%,0.3,1.7,70.0,10,Describe sepsis treatment,1.0,1.0,2.0253,0.006092,16497
3,G,Combined,70%,0.3,1.7,70.0,10,What are risk factors for cancer?,1.0,0.9995,2.164,0.00029,17632
3,G,Combined,70%,0.3,1.7,70.0,10,How is ALS diagnosed?,1.0,0.9994,1.6957,0.004639,16103
4,G,Combined,0%,1.0,1.0,0.0,10,What are the symptoms of type 2 diabetes?,1.0,1.0,2.0253,0.005505,23829
4,G,Combined,0%,1.0,1.0,0.0,10,How is hypertension treated?,1.0,1.0,2.164,0.008063,21517
4,G,Combined,0%,1.0,1.0,0.0,10,What causes heart failure?,1.0,1.0,2.0253,0.001569,19232
4,G,Combined,0%,1.0,1.0,0.0,10,Describe the symptoms of lupus,1.0,1.0,2.164,0.008025,19806
4,G,Combined,0%,1.0,1.0,0.0,10,What medications treat depression?,1.0,1.0,1.8344,0.005777,18612
4,G,Combined,0%,1.0,1.0,0.0,10,How does Alzheimer's disease progress?,1.0,1.0,2.0253,0.007851,18072
4,G,Combined,0%,1.0,1.0,0.0,10,What are risk factors for stroke?,1.0,1.0,1.4979,0.007439,18447
4,G,Combined,0%,1.0,1.0,0.0,10,How is asthma managed long-term?,1.0,1.0,2.0253,0.005191,18151
4,G,Combined,0%,1.0,1.0,0.0,10,What are signs of kidney disease?,1.0,1.0,1.6957,0.004912,18278
4,G,Combined,0%,1.0,1.0,0.0,10,Describe rheumatoid arthritis treatment,1.0,1.0,2.0253,0.007646,18468
4,G,Combined,0%,1.0,1.0,0.0,10,What causes Parkinson's disease?,1.0,1.0,2.0253,0.009459,18035
4,G,Combined,0%,1.0,1.0,0.0,10,How is multiple sclerosis diagnosed?,1.0,1.0,1.973,0.008741,16429
4,G,Combined,0%,1.0,1.0,0.0,10,What are symptoms of anemia?,1.0,1.0,2.0253,0.004847,17088
4,G,Combined,0%,1.0,1.0,0.0,10,How is hypothyroidism treated?,1.0,1.0,2.0253,0.006409,15401
4,G,Combined,0%,1.0,1.0,0.0,10,What causes chronic pain?,1.0,1.0,1.973,0.000479,15925
4,G,Combined,0%,1.0,1.0,0.0,10,Describe COPD management,1.0,1.0,2.0253,0.020794,16384
4,G,Combined,0%,1.0,1.0,0.0,10,What are signs of liver disease?,1.0,1.0,1.8867,0.000719,16197
4,G,Combined,0%,1.0,1.0,0.0,10,How is epilepsy treated?,1.0,1.0,2.0253,0.007898,15049
4,G,Combined,0%,1.0,1.0,0.0,10,What causes osteoporosis?,1.0,1.0,2.0253,0.008767,15484
4,G,Combined,0%,1.0,1.0,0.0,10,Describe symptoms of anxiety disorder,1.0,1.0,2.0253,0.012617,16963
4,G,Combined,0%,1.0,1.0,0.0,10,What medications are used for HIV/AIDS?,1.0,1.0,2.164,0.006178,17083
4,G,Combined,0%,1.0,1.0,0.0,10,How is pneumonia diagnosed?,1.0,1.0,2.0253,0.008521,15758
4,G,Combined,0%,1.0,1.0,0.0,10,What causes inflammatory bowel disease?,1.0,1.0,1.6957,0.000444,16076
4,G,Combined,0%,1.0,1.0,0.0,10,Describe treatment for chronic kidney disease,1.0,1.0,1.8867,0.00808,15793
4,G,Combined,0%,1.0,1.0,0.0,10,What are symptoms of schizophrenia?,1.0,1.0,1.7481,0.011327,15837
4,G,Combined,0%,1.0,1.0,0.0,10,How is bipolar disorder managed?,1.0,1.0,2.0253,0.009573,16038
4,G,Combined,0%,1.0,1.0,0.0,10,What causes psoriasis?,1.0,1.0,1.8344,0.014653,15336
4,G,Combined,0%,1.0,1.0,0.0,10,Describe sepsis treatment,1.0,1.0,2.0253,0.012907,14547
4,G,Combined,0%,1.0,1.0,0.0,10,What are risk factors for cancer?,1.0,1.0,2.0253,0.000536,15791
4,G,Combined,0%,1.0,1.0,0.0,10,How is ALS diagnosed?,1.0,1.0,1.8867,0.010726,15423
4,G,Combined,1%,0.99,1.01,1.0,10,What are the symptoms of type 2 diabetes?,1.0,1.0,2.0253,0.005518,34537
4,G,Combined,1%,0.99,1.01,1.0,10,How is hypertension treated?,1.0,1.0,2.164,0.008083,22956
4,G,Combined,1%,0.99,1.01,1.0,10,What causes heart failure?,1.0,1.0,1.8867,0.001557,18110
4,G,Combined,1%,0.99,1.01,1.0,10,Describe the symptoms of lupus,1.0,1.0,2.164,0.008046,18300
4,G,Combined,1%,0.99,1.01,1.0,10,What medications treat depression?,1.0,1.0,1.8344,0.005785,18291
4,G,Combined,1%,0.99,1.01,1.0,10,How does Alzheimer's disease progress?,1.0,1.0,2.0253,0.007835,17785
4,G,Combined,1%,0.99,1.01,1.0,10,What are risk factors for stroke?,1.0,1.0,1.4979,0.007446,19263
4,G,Combined,1%,0.99,1.01,1.0,10,How is asthma managed long-term?,1.0,1.0,2.0253,0.005187,18132
4,G,Combined,1%,0.99,1.01,1.0,10,What are signs of kidney disease?,1.0,1.0,1.6957,0.004909,17610
4,G,Combined,1%,0.99,1.01,1.0,10,Describe rheumatoid arthritis treatment,1.0,1.0,2.0253,0.007658,17551
4,G,Combined,1%,0.99,1.01,1.0,10,What causes Parkinson's disease?,1.0,1.0,2.0253,0.00945,18084
4,G,Combined,1%,0.99,1.01,1.0,10,How is multiple sclerosis diagnosed?,1.0,1.0,1.973,0.008733,16914
4,G,Combined,1%,0.99,1.01,1.0,10,What are symptoms of anemia?,1.0,1.0,2.0253,0.004847,16965
4,G,Combined,1%,0.99,1.01,1.0,10,How is hypothyroidism treated?,1.0,1.0,2.0253,0.006403,16492
4,G,Combined,1%,0.99,1.01,1.0,10,What causes chronic pain?,0.9,0.9406,1.973,0.00048,16817
4,G,Combined,1%,0.99,1.01,1.0,10,Describe COPD management,0.9,0.9644,2.0253,0.02078,15624
4,G,Combined,1%,0.99,1.01,1.0,10,What are signs of liver disease?,1.0,1.0,1.8867,0.000721,15680
4,G,Combined,1%,0.99,1.01,1.0,10,How is epilepsy treated?,1.0,1.0,2.0253,0.007882,15377
4,G,Combined,1%,0.99,1.01,1.0,10,What causes osteoporosis?,1.0,1.0,2.0253,0.008767,17209
4,G,Combined,1%,0.99,1.01,1.0,10,Describe symptoms of anxiety disorder,1.0,1.0,2.0253,0.012623,15686
4,G,Combined,1%,0.99,1.01,1.0,10,What medications are used for HIV/AIDS?,1.0,1.0,2.164,0.006182,17173
4,G,Combined,1%,0.99,1.01,1.0,10,How is pneumonia diagnosed?,1.0,1.0,1.8867,0.008515,17383
4,G,Combined,1%,0.99,1.01,1.0,10,What causes inflammatory bowel disease?,1.0,1.0,1.8344,0.000447,16915
4,G,Combined,1%,0.99,1.01,1.0,10,Describe treatment for chronic kidney disease,1.0,1.0,2.0253,0.008065,16189
4,G,Combined,1%,0.99,1.01,1.0,10,What are symptoms of schizophrenia?,1.0,1.0,1.7481,0.011347,18926
4,G,Combined,1%,0.99,1.01,1.0,10,How is bipolar disorder managed?,1.0,1.0,2.0253,0.009581,16458
4,G,Combined,1%,0.99,1.01,1.0,10,What causes psoriasis?,1.0,1.0,1.8344,0.014666,18502
4,G,Combined,1%,0.99,1.01,1.0,10,Describe sepsis treatment,1.0,1.0,2.0253,0.012922,17074
4,G,Combined,1%,0.99,1.01,1.0,10,What are risk factors for cancer?,1.0,1.0,2.0253,0.000537,18766
4,G,Combined,1%,0.99,1.01,1.0,10,How is ALS diagnosed?,1.0,1.0,1.8867,0.010712,18174
4,G,Combined,5%,0.95,1.05,5.0,10,What are the symptoms of type 2 diabetes?,1.0,1.0,1.6434,0.005536,29102
4,G,Combined,5%,0.95,1.05,5.0,10,How is hypertension treated?,0.9,0.9513,2.164,0.008052,20015
4,G,Combined,5%,0.95,1.05,5.0,10,What causes heart failure?,1.0,1.0,1.8867,0.001608,18818
4,G,Combined,5%,0.95,1.05,5.0,10,Describe the symptoms of lupus,1.0,1.0,1.973,0.008031,17589
4,G,Combined,5%,0.95,1.05,5.0,10,What medications treat depression?,1.0,1.0,1.8344,0.005747,16921
4,G,Combined,5%,0.95,1.05,5.0,10,How does Alzheimer's disease progress?,1.0,1.0,1.8344,0.00775,18108
4,G,Combined,5%,0.95,1.05,5.0,10,What are risk factors for stroke?,0.9,0.946,1.4979,0.00746,18957
4,G,Combined,5%,0.95,1.05,5.0,10,How is asthma managed long-term?,1.0,1.0,2.0253,0.005199,19588
4,G,Combined,5%,0.95,1.05,5.0,10,What are signs of kidney disease?,1.0,1.0,1.8344,0.004965,17603
4,G,Combined,5%,0.95,1.05,5.0,10,Describe rheumatoid arthritis treatment,1.0,1.0,2.0253,0.00774,17159
4,G,Combined,5%,0.95,1.05,5.0,10,What causes Parkinson's disease?,1.0,1.0,2.0253,0.009468,16368
4,G,Combined,5%,0.95,1.05,5.0,10,How is multiple sclerosis diagnosed?,1.0,1.0,1.973,0.008632,16199
4,G,Combined,5%,0.95,1.05,5.0,10,What are symptoms of anemia?,1.0,1.0,2.0253,0.004885,16436
4,G,Combined,5%,0.95,1.05,5.0,10,How is hypothyroidism treated?,1.0,1.0,1.8867,0.006398,15984
4,G,Combined,5%,0.95,1.05,5.0,10,What causes chronic pain?,0.9,0.9406,1.973,0.000458,16148
4,G,Combined,5%,0.95,1.05,5.0,10,Describe COPD management,1.0,1.0,2.0253,0.02092,17081
4,G,Combined,5%,0.95,1.05,5.0,10,What are signs of liver disease?,1.0,1.0,2.0253,0.000715,15936
4,G,Combined,5%,0.95,1.05,5.0,10,How is epilepsy treated?,1.0,1.0,2.0253,0.007876,16680
4,G,Combined,5%,0.95,1.05,5.0,10,What causes osteoporosis?,1.0,1.0,2.0253,0.008722,16231
4,G,Combined,5%,0.95,1.05,5.0,10,Describe symptoms of anxiety disorder,1.0,1.0,2.0253,0.012264,17283
4,G,Combined,5%,0.95,1.05,5.0,10,What medications are used for HIV/AIDS?,1.0,1.0,2.164,0.00615,20535
4,G,Combined,5%,0.95,1.05,5.0,10,How is pneumonia diagnosed?,1.0,1.0,2.0253,0.008439,19222
4,G,Combined,5%,0.95,1.05,5.0,10,What causes inflammatory bowel disease?,1.0,1.0,1.8867,0.000439,19771
4,G,Combined,5%,0.95,1.05,5.0,10,Describe treatment for chronic kidney disease,1.0,1.0,2.0253,0.008164,18501
4,G,Combined,5%,0.95,1.05,5.0,10,What are symptoms of schizophrenia?,1.0,1.0,1.7481,0.011286,21505
4,G,Combined,5%,0.95,1.05,5.0,10,How is bipolar disorder managed?,1.0,0.9999,2.0253,0.009472,17916
4,G,Combined,5%,0.95,1.05,5.0,10,What causes psoriasis?,1.0,1.0,1.8344,0.014573,18404
4,G,Combined,5%,0.95,1.05,5.0,10,Describe sepsis treatment,1.0,1.0,2.0253,0.012972,17181
4,G,Combined,5%,0.95,1.05,5.0,10,What are risk factors for cancer?,1.0,1.0,1.973,0.000521,17547
4,G,Combined,5%,0.95,1.05,5.0,10,How is ALS diagnosed?,1.0,1.0,1.6957,0.010757,17413
4,G,Combined,10%,0.9,1.1,10.0,10,What are the symptoms of type 2 diabetes?,1.0,1.0,1.6434,0.005558,34176
4,G,Combined,10%,0.9,1.1,10.0,10,How is hypertension treated?,1.0,1.0,2.164,0.007792,23301
4,G,Combined,10%,0.9,1.1,10.0,10,What causes heart failure?,1.0,1.0,2.0253,0.001587,20156
4,G,Combined,10%,0.9,1.1,10.0,10,Describe the symptoms of lupus,1.0,1.0,1.973,0.007731,19231
4,G,Combined,10%,0.9,1.1,10.0,10,What medications treat depression?,1.0,1.0,1.8867,0.005941,18612
4,G,Combined,10%,0.9,1.1,10.0,10,How does Alzheimer's disease progress?,1.0,1.0,1.8344,0.00744,18310
4,G,Combined,10%,0.9,1.1,10.0,10,What are risk factors for stroke?,0.9,0.946,1.4979,0.007448,18785
4,G,Combined,10%,0.9,1.1,10.0,10,How is asthma managed long-term?,1.0,1.0,2.0253,0.005114,17208
4,G,Combined,10%,0.9,1.1,10.0,10,What are signs of kidney disease?,1.0,1.0,1.6957,0.004709,16300
4,G,Combined,10%,0.9,1.1,10.0,10,Describe rheumatoid arthritis treatment,1.0,1.0,2.0253,0.007532,16002
4,G,Combined,10%,0.9,1.1,10.0,10,What causes Parkinson's disease?,1.0,1.0,2.0253,0.009562,16175
4,G,Combined,10%,0.9,1.1,10.0,10,How is multiple sclerosis diagnosed?,1.0,1.0,1.973,0.008333,16033
4,G,Combined,10%,0.9,1.1,10.0,10,What are symptoms of anemia?,1.0,1.0,1.8867,0.004407,16056
4,G,Combined,10%,0.9,1.1,10.0,10,How is hypothyroidism treated?,1.0,1.0,1.8344,0.006329,15448
4,G,Combined,10%,0.9,1.1,10.0,10,What causes chronic pain?,1.0,1.0,2.0253,0.000485,15810
4,G,Combined,10%,0.9,1.1,10.0,10,Describe COPD management,1.0,1.0,1.8867,0.020386,15277
4,G,Combined,10%,0.9,1.1,10.0,10,What are signs of liver disease?,1.0,1.0,2.0253,0.00071,16278
4,G,Combined,10%,0.9,1.1,10.0,10,How is epilepsy treated?,1.0,1.0,1.8867,0.007752,15311
4,G,Combined,10%,0.9,1.1,10.0,10,What causes osteoporosis?,1.0,1.0,2.164,0.008489,16973
4,G,Combined,10%,0.9,1.1,10.0,10,Describe symptoms of anxiety disorder,1.0,1.0,2.164,0.012074,15429
4,G,Combined,10%,0.9,1.1,10.0,10,What medications are used for HIV/AIDS?,1.0,1.0,2.164,0.006159,14886
4,G,Combined,10%,0.9,1.1,10.0,10,How is pneumonia diagnosed?,0.9,0.9499,2.0253,0.008398,15335
4,G,Combined,10%,0.9,1.1,10.0,10,What causes inflammatory bowel disease?,1.0,1.0,1.8344,0.000444,15987
4,G,Combined,10%,0.9,1.1,10.0,10,Describe treatment for chronic kidney disease,1.0,1.0,1.8344,0.007869,17690
4,G,Combined,10%,0.9,1.1,10.0,10,What are symptoms of schizophrenia?,1.0,1.0,1.7481,0.011232,16263
4,G,Combined,10%,0.9,1.1,10.0,10,How is bipolar disorder managed?,1.0,0.9999,2.0253,0.009446,15896
4,G,Combined,10%,0.9,1.1,10.0,10,What causes psoriasis?,1.0,1.0,1.8344,0.014621,15946
4,G,Combined,10%,0.9,1.1,10.0,10,Describe sepsis treatment,1.0,1.0,2.0253,0.012629,15725
4,G,Combined,10%,0.9,1.1,10.0,10,What are risk factors for cancer?,1.0,0.9999,1.8867,0.000575,15955
4,G,Combined,10%,0.9,1.1,10.0,10,How is ALS diagnosed?,1.0,1.0,1.8867,0.010579,15670
4,G,Combined,20%,0.8,1.2,20.0,10,What are the symptoms of type 2 diabetes?,1.0,1.0,1.8344,0.005262,30947
4,G,Combined,20%,0.8,1.2,20.0,10,How is hypertension treated?,0.9,0.9513,1.8344,0.007864,23444
4,G,Combined,20%,0.8,1.2,20.0,10,What causes heart failure?,1.0,1.0,1.8867,0.00148,19944
4,G,Combined,20%,0.8,1.2,20.0,10,Describe the symptoms of lupus,1.0,1.0,2.164,0.007466,18494
4,G,Combined,20%,0.8,1.2,20.0,10,What medications treat depression?,1.0,1.0,1.6094,0.00571,17089
4,G,Combined,20%,0.8,1.2,20.0,10,How does Alzheimer's disease progress?,0.9,0.954,1.6957,0.007233,17358
4,G,Combined,20%,0.8,1.2,20.0,10,What are risk factors for stroke?,0.9,0.946,1.0889,0.007216,17144
4,G,Combined,20%,0.8,1.2,20.0,10,How is asthma managed long-term?,1.0,1.0,2.0253,0.004835,16592
4,G,Combined,20%,0.8,1.2,20.0,10,What are signs of kidney disease?,1.0,1.0,1.8344,0.004867,16403
4,G,Combined,20%,0.8,1.2,20.0,10,Describe rheumatoid arthritis treatment,1.0,0.9999,2.0253,0.00686,16174
4,G,Combined,20%,0.8,1.2,20.0,10,What causes Parkinson's disease?,1.0,1.0,2.0253,0.009086,15157
4,G,Combined,20%,0.8,1.2,20.0,10,How is multiple sclerosis diagnosed?,1.0,1.0,1.973,0.008046,15361
4,G,Combined,20%,0.8,1.2,20.0,10,What are symptoms of anemia?,1.0,1.0,2.0253,0.004317,15273
4,G,Combined,20%,0.8,1.2,20.0,10,How is hypothyroidism treated?,1.0,0.9996,1.6957,0.00591,14729
4,G,Combined,20%,0.8,1.2,20.0,10,What causes chronic pain?,0.9,0.9406,2.164,0.000484,15736
4,G,Combined,20%,0.8,1.2,20.0,10,Describe COPD management,1.0,1.0,2.0253,0.019457,15446
4,G,Combined,20%,0.8,1.2,20.0,10,What are signs of liver disease?,1.0,1.0,1.6957,0.000727,16465
4,G,Combined,20%,0.8,1.2,20.0,10,How is epilepsy treated?,1.0,1.0,2.0253,0.007539,16123
4,G,Combined,20%,0.8,1.2,20.0,10,What causes osteoporosis?,0.9,0.9557,2.164,0.008187,15878
4,G,Combined,20%,0.8,1.2,20.0,10,Describe symptoms of anxiety disorder,0.9,0.9508,2.0253,0.012049,15844
4,G,Combined,20%,0.8,1.2,20.0,10,What medications are used for HIV/AIDS?,0.9,0.9519,2.0253,0.005762,15206
4,G,Combined,20%,0.8,1.2,20.0,10,How is pneumonia diagnosed?,1.0,1.0,2.0253,0.007813,15031
4,G,Combined,20%,0.8,1.2,20.0,10,What causes inflammatory bowel disease?,1.0,1.0,1.8867,0.000399,15084
4,G,Combined,20%,0.8,1.2,20.0,10,Describe treatment for chronic kidney disease,1.0,1.0,2.0253,0.007746,15464
4,G,Combined,20%,0.8,1.2,20.0,10,What are symptoms of schizophrenia?,1.0,1.0,1.4979,0.010824,15310
4,G,Combined,20%,0.8,1.2,20.0,10,How is bipolar disorder managed?,1.0,0.9999,1.8867,0.009182,15452
4,G,Combined,20%,0.8,1.2,20.0,10,What causes psoriasis?,1.0,1.0,1.6957,0.014063,15771
4,G,Combined,20%,0.8,1.2,20.0,10,Describe sepsis treatment,1.0,1.0,2.0253,0.012445,16137
4,G,Combined,20%,0.8,1.2,20.0,10,What are risk factors for cancer?,1.0,0.9998,1.8867,0.000581,17630
4,G,Combined,20%,0.8,1.2,20.0,10,How is ALS diagnosed?,1.0,1.0,1.6957,0.01076,16738
4,G,Combined,30%,0.7,1.3,30.0,10,What are the symptoms of type 2 diabetes?,1.0,1.0,1.8344,0.004912,32378
4,G,Combined,30%,0.7,1.3,30.0,10,How is hypertension treated?,0.9,0.9513,2.0253,0.007264,22352
4,G,Combined,30%,0.7,1.3,30.0,10,What causes heart failure?,1.0,1.0,2.0253,0.001401,20205
4,G,Combined,30%,0.7,1.3,30.0,10,Describe the symptoms of lupus,1.0,1.0,2.164,0.007321,18124
4,G,Combined,30%,0.7,1.3,30.0,10,What medications treat depression?,1.0,1.0,1.8867,0.00473,17677
4,G,Combined,30%,0.7,1.3,30.0,10,How does Alzheimer's disease progress?,0.9,0.9537,1.8867,0.00575,17288
4,G,Combined,30%,0.7,1.3,30.0,10,What are risk factors for stroke?,1.0,0.9999,1.3592,0.006325,16534
4,G,Combined,30%,0.7,1.3,30.0,10,How is asthma managed long-term?,1.0,1.0,2.164,0.004532,15906
4,G,Combined,30%,0.7,1.3,30.0,10,What are signs of kidney disease?,1.0,0.9999,1.8867,0.004047,16155
4,G,Combined,30%,0.7,1.3,30.0,10,Describe rheumatoid arthritis treatment,1.0,1.0,2.164,0.006376,16248
4,G,Combined,30%,0.7,1.3,30.0,10,What causes Parkinson's disease?,1.0,0.9994,2.0253,0.008698,16264
4,G,Combined,30%,0.7,1.3,30.0,10,How is multiple sclerosis diagnosed?,1.0,1.0,1.6434,0.00736,15349
4,G,Combined,30%,0.7,1.3,30.0,10,What are symptoms of anemia?,1.0,1.0,1.8867,0.004806,15127
4,G,Combined,30%,0.7,1.3,30.0,10,How is hypothyroidism treated?,1.0,0.9999,1.7481,0.006242,15345
4,G,Combined,30%,0.7,1.3,30.0,10,What causes chronic pain?,0.9,0.9406,2.164,0.000408,15894
4,G,Combined,30%,0.7,1.3,30.0,10,Describe COPD management,0.9,0.9644,2.0253,0.016913,16062
4,G,Combined,30%,0.7,1.3,30.0,10,What are signs of liver disease?,1.0,0.9993,1.8344,0.000677,16988
4,G,Combined,30%,0.7,1.3,30.0,10,How is epilepsy treated?,1.0,1.0,2.0253,0.006779,16313
4,G,Combined,30%,0.7,1.3,30.0,10,What causes osteoporosis?,0.9,0.9556,1.8344,0.007061,15905
4,G,Combined,30%,0.7,1.3,30.0,10,Describe symptoms of anxiety disorder,1.0,1.0,2.0253,0.011114,15634
4,G,Combined,30%,0.7,1.3,30.0,10,What medications are used for HIV/AIDS?,1.0,0.9999,2.0253,0.005003,15541
4,G,Combined,30%,0.7,1.3,30.0,10,How is pneumonia diagnosed?,0.9,0.9501,2.0253,0.007961,16396
4,G,Combined,30%,0.7,1.3,30.0,10,What causes inflammatory bowel disease?,1.0,1.0,2.0253,0.000517,16414
4,G,Combined,30%,0.7,1.3,30.0,10,Describe treatment for chronic kidney disease,1.0,0.9999,1.8344,0.00722,16555
4,G,Combined,30%,0.7,1.3,30.0,10,What are symptoms of schizophrenia?,1.0,1.0,1.7481,0.010187,16410
4,G,Combined,30%,0.7,1.3,30.0,10,How is bipolar disorder managed?,1.0,1.0,2.0253,0.008389,16462
4,G,Combined,30%,0.7,1.3,30.0,10,What causes psoriasis?,1.0,1.0,1.6434,0.012272,16571
4,G,Combined,30%,0.7,1.3,30.0,10,Describe sepsis treatment,1.0,1.0,1.8344,0.011771,15373
4,G,Combined,30%,0.7,1.3,30.0,10,What are risk factors for cancer?,0.9,0.9397,2.164,0.000499,16001
4,G,Combined,30%,0.7,1.3,30.0,10,How is ALS diagnosed?,1.0,1.0,1.8867,0.008793,15854
4,G,Combined,50%,0.5,1.5,50.0,10,What are the symptoms of type 2 diabetes?,1.0,0.9996,1.6957,0.003826,35748
4,G,Combined,50%,0.5,1.5,50.0,10,How is hypertension treated?,0.9,0.9509,2.0253,0.005372,22519
4,G,Combined,50%,0.5,1.5,50.0,10,What causes heart failure?,1.0,0.9995,2.3026,0.001256,21075
4,G,Combined,50%,0.5,1.5,50.0,10,Describe the symptoms of lupus,0.9,0.9509,2.164,0.00555,18361
4,G,Combined,50%,0.5,1.5,50.0,10,What medications treat depression?,1.0,0.9999,2.164,0.003698,18648
4,G,Combined,50%,0.5,1.5,50.0,10,How does Alzheimer's disease progress?,0.9,0.9528,2.0253,0.004931,17136
4,G,Combined,50%,0.5,1.5,50.0,10,What are risk factors for stroke?,0.9,0.9454,1.6094,0.004888,16236
4,G,Combined,50%,0.5,1.5,50.0,10,How is asthma managed long-term?,1.0,0.9999,2.0253,0.003735,16097
4,G,Combined,50%,0.5,1.5,50.0,10,What are signs of kidney disease?,1.0,0.9992,1.8344,0.003231,15294
4,G,Combined,50%,0.5,1.5,50.0,10,Describe rheumatoid arthritis treatment,1.0,1.0,1.973,0.005573,15261
4,G,Combined,50%,0.5,1.5,50.0,10,What causes Parkinson's disease?,1.0,1.0,2.164,0.006746,15139
4,G,Combined,50%,0.5,1.5,50.0,10,How is multiple sclerosis diagnosed?,1.0,1.0,2.0253,0.005757,15214
4,G,Combined,50%,0.5,1.5,50.0,10,What are symptoms of anemia?,1.0,0.9996,1.8344,0.003226,15574
4,G,Combined,50%,0.5,1.5,50.0,10,How is hypothyroidism treated?,1.0,0.9996,2.0253,0.004381,16640
4,G,Combined,50%,0.5,1.5,50.0,10,What causes chronic pain?,0.7,0.808,1.973,0.000315,15708
4,G,Combined,50%,0.5,1.5,50.0,10,Describe COPD management,1.0,1.0,1.8867,0.013815,15326
4,G,Combined,50%,0.5,1.5,50.0,10,What are signs of liver disease?,1.0,0.9992,1.7481,0.000576,16380
4,G,Combined,50%,0.5,1.5,50.0,10,How is epilepsy treated?,1.0,0.9998,1.8344,0.005373,16558
4,G,Combined,50%,0.5,1.5,50.0,10,What causes osteoporosis?,0.9,0.9534,2.0253,0.005927,16025
4,G,Combined,50%,0.5,1.5,50.0,10,Describe symptoms of anxiety disorder,1.0,1.0,2.164,0.008089,15649
4,G,Combined,50%,0.5,1.5,50.0,10,What medications are used for HIV/AIDS?,1.0,0.9993,1.8344,0.003925,15641
4,G,Combined,50%,0.5,1.5,50.0,10,How is pneumonia diagnosed?,0.9,0.9499,1.973,0.005852,18710
4,G,Combined,50%,0.5,1.5,50.0,10,What causes inflammatory bowel disease?,1.0,0.9984,2.164,0.000422,17278
4,G,Combined,50%,0.5,1.5,50.0,10,Describe treatment for chronic kidney disease,1.0,0.9998,1.8344,0.006101,16364
4,G,Combined,50%,0.5,1.5,50.0,10,What are symptoms of schizophrenia?,1.0,0.9999,2.0253,0.007368,15915
4,G,Combined,50%,0.5,1.5,50.0,10,How is bipolar disorder managed?,1.0,0.9999,2.164,0.006758,16061
4,G,Combined,50%,0.5,1.5,50.0,10,What causes psoriasis?,1.0,0.9997,2.0253,0.009592,15380
4,G,Combined,50%,0.5,1.5,50.0,10,Describe sepsis treatment,1.0,1.0,2.0253,0.008531,15017
4,G,Combined,50%,0.5,1.5,50.0,10,What are risk factors for cancer?,1.0,0.9989,2.0253,0.000353,15313
4,G,Combined,50%,0.5,1.5,50.0,10,How is ALS diagnosed?,1.0,1.0,1.7481,0.007916,15179
4,G,Combined,70%,0.3,1.7,70.0,10,What are the symptoms of type 2 diabetes?,0.9,0.9437,1.8867,0.002903,32703
4,G,Combined,70%,0.3,1.7,70.0,10,How is hypertension treated?,0.9,0.9511,1.8344,0.004145,23397
4,G,Combined,70%,0.3,1.7,70.0,10,What causes heart failure?,1.0,1.0,2.164,0.000633,20178
4,G,Combined,70%,0.3,1.7,70.0,10,Describe the symptoms of lupus,0.9,0.9507,1.973,0.003602,18615
4,G,Combined,70%,0.3,1.7,70.0,10,What medications treat depression?,1.0,0.9998,2.0253,0.002555,16820
4,G,Combined,70%,0.3,1.7,70.0,10,How does Alzheimer's disease progress?,0.9,0.9512,1.6957,0.003291,16896
4,G,Combined,70%,0.3,1.7,70.0,10,What are risk factors for stroke?,0.8,0.882,1.6094,0.002948,16548
4,G,Combined,70%,0.3,1.7,70.0,10,How is asthma managed long-term?,1.0,0.9999,2.164,0.002405,15950
4,G,Combined,70%,0.3,1.7,70.0,10,What are signs of kidney disease?,1.0,1.0,1.8867,0.002188,17094
4,G,Combined,70%,0.3,1.7,70.0,10,Describe rheumatoid arthritis treatment,0.9,0.9514,1.8344,0.003466,16921
4,G,Combined,70%,0.3,1.7,70.0,10,What causes Parkinson's disease?,1.0,0.9994,2.164,0.003176,17625
4,G,Combined,70%,0.3,1.7,70.0,10,How is multiple sclerosis diagnosed?,1.0,0.9991,1.973,0.003556,17484
4,G,Combined,70%,0.3,1.7,70.0,10,What are symptoms of anemia?,1.0,0.9999,2.0253,0.002049,16707
4,G,Combined,70%,0.3,1.7,70.0,10,How is hypothyroidism treated?,1.0,0.9998,2.0253,0.003413,16385
4,G,Combined,70%,0.3,1.7,70.0,10,What causes chronic pain?,0.8,0.8664,2.0253,0.000191,16618
4,G,Combined,70%,0.3,1.7,70.0,10,Describe COPD management,0.9,0.9631,2.0253,0.009762,16704
4,G,Combined,70%,0.3,1.7,70.0,10,What are signs of liver disease?,1.0,0.9988,1.6094,0.000408,17376
4,G,Combined,70%,0.3,1.7,70.0,10,How is epilepsy treated?,0.9,0.9489,1.6957,0.003434,16651
4,G,Combined,70%,0.3,1.7,70.0,10,What causes osteoporosis?,1.0,0.9977,1.8867,0.00396,15943
4,G,Combined,70%,0.3,1.7,70.0,10,Describe symptoms of anxiety disorder,0.9,0.9528,2.0253,0.005339,16040
4,G,Combined,70%,0.3,1.7,70.0,10,What medications are used for HIV/AIDS?,0.9,0.9511,2.164,0.002237,15858
4,G,Combined,70%,0.3,1.7,70.0,10,How is pneumonia diagnosed?,0.9,0.9477,1.7481,0.002991,16275
4,G,Combined,70%,0.3,1.7,70.0,10,What causes inflammatory bowel disease?,1.0,0.9974,2.3026,0.000342,15827
4,G,Combined,70%,0.3,1.7,70.0,10,Describe treatment for chronic kidney disease,0.9,0.9515,1.8867,0.003556,17324
4,G,Combined,70%,0.3,1.7,70.0,10,What are symptoms of schizophrenia?,1.0,0.9978,1.3592,0.00473,17557
4,G,Combined,70%,0.3,1.7,70.0,10,How is bipolar disorder managed?,1.0,0.9998,1.8344,0.004364,21885
4,G,Combined,70%,0.3,1.7,70.0,10,What causes psoriasis?,1.0,1.0,1.973,0.006885,16746
4,G,Combined,70%,0.3,1.7,70.0,10,Describe sepsis treatment,0.9,0.9547,2.164,0.00608,15690
4,G,Combined,70%,0.3,1.7,70.0,10,What are risk factors for cancer?,1.0,0.9999,2.0253,0.000272,16516
4,G,Combined,70%,0.3,1.7,70.0,10,How is ALS diagnosed?,1.0,0.9998,2.0253,0.003748,15944
5,G,Combined,0%,1.0,1.0,0.0,10,What are the symptoms of type 2 diabetes?,1.0,1.0,2.0253,0.005505,19542
5,G,Combined,0%,1.0,1.0,0.0,10,How is hypertension treated?,1.0,1.0,2.164,0.008063,17098
5,G,Combined,0%,1.0,1.0,0.0,10,What causes heart failure?,1.0,1.0,2.0253,0.001569,16513
5,G,Combined,0%,1.0,1.0,0.0,10,Describe the symptoms of lupus,1.0,1.0,2.164,0.008025,16188
5,G,Combined,0%,1.0,1.0,0.0,10,What medications treat depression?,1.0,1.0,1.8344,0.005777,15590
5,G,Combined,0%,1.0,1.0,0.0,10,How does Alzheimer's disease progress?,1.0,1.0,2.0253,0.007851,16507
5,G,Combined,0%,1.0,1.0,0.0,10,What are risk factors for stroke?,1.0,1.0,1.4979,0.007439,16908
5,G,Combined,0%,1.0,1.0,0.0,10,How is asthma managed long-term?,1.0,1.0,2.0253,0.005191,15991
5,G,Combined,0%,1.0,1.0,0.0,10,What are signs of kidney disease?,1.0,1.0,1.6957,0.004912,15337
5,G,Combined,0%,1.0,1.0,0.0,10,Describe rheumatoid arthritis treatment,1.0,1.0,2.0253,0.007646,15454
5,G,Combined,0%,1.0,1.0,0.0,10,What causes Parkinson's disease?,1.0,1.0,2.0253,0.009459,15573
5,G,Combined,0%,1.0,1.0,0.0,10,How is multiple sclerosis diagnosed?,1.0,1.0,1.973,0.008741,16185
5,G,Combined,0%,1.0,1.0,0.0,10,What are symptoms of anemia?,1.0,1.0,2.0253,0.004847,15241
5,G,Combined,0%,1.0,1.0,0.0,10,How is hypothyroidism treated?,1.0,1.0,2.0253,0.006409,15232
5,G,Combined,0%,1.0,1.0,0.0,10,What causes chronic pain?,1.0,1.0,1.973,0.000479,15534
5,G,Combined,0%,1.0,1.0,0.0,10,Describe COPD management,1.0,1.0,2.0253,0.020794,16626
5,G,Combined,0%,1.0,1.0,0.0,10,What are signs of liver disease?,1.0,1.0,1.8867,0.000719,16036
5,G,Combined,0%,1.0,1.0,0.0,10,How is epilepsy treated?,1.0,1.0,2.0253,0.007898,15092
5,G,Combined,0%,1.0,1.0,0.0,10,What causes osteoporosis?,1.0,1.0,2.0253,0.008767,15059
5,G,Combined,0%,1.0,1.0,0.0,10,Describe symptoms of anxiety disorder,1.0,1.0,2.0253,0.012617,15619
5,G,Combined,0%,1.0,1.0,0.0,10,What medications are used for HIV/AIDS?,1.0,1.0,2.164,0.006178,14513
5,G,Combined,0%,1.0,1.0,0.0,10,How is pneumonia diagnosed?,1.0,1.0,2.0253,0.008521,14903
5,G,Combined,0%,1.0,1.0,0.0,10,What causes inflammatory bowel disease?,1.0,1.0,1.6957,0.000444,15104
5,G,Combined,0%,1.0,1.0,0.0,10,Describe treatment for chronic kidney disease,1.0,1.0,1.8867,0.00808,15164
5,G,Combined,0%,1.0,1.0,0.0,10,What are symptoms of schizophrenia?,1.0,1.0,1.7481,0.011327,16215
5,G,Combined,0%,1.0,1.0,0.0,10,How is bipolar disorder managed?,1.0,1.0,2.0253,0.009573,15472
5,G,Combined,0%,1.0,1.0,0.0,10,What causes psoriasis?,1.0,1.0,1.8344,0.014653,15272
5,G,Combined,0%,1.0,1.0,0.0,10,Describe sepsis treatment,1.0,1.0,2.0253,0.012907,15106
5,G,Combined,0%,1.0,1.0,0.0,10,What are risk factors for cancer?,1.0,1.0,2.0253,0.000536,16323
5,G,Combined,0%,1.0,1.0,0.0,10,How is ALS diagnosed?,1.0,1.0,1.8867,0.010726,14912
5,G,Combined,1%,0.99,1.01,1.0,10,What are the symptoms of type 2 diabetes?,1.0,1.0,2.0253,0.005503,36460
5,G,Combined,1%,0.99,1.01,1.0,10,How is hypertension treated?,1.0,1.0,2.164,0.008063,23178
5,G,Combined,1%,0.99,1.01,1.0,10,What causes heart failure?,1.0,1.0,2.0253,0.001586,21004
5,G,Combined,1%,0.99,1.01,1.0,10,Describe the symptoms of lupus,1.0,1.0,1.973,0.008024,18730
5,G,Combined,1%,0.99,1.01,1.0,10,What medications treat depression?,1.0,1.0,1.8344,0.005785,17249
5,G,Combined,1%,0.99,1.01,1.0,10,How does Alzheimer's disease progress?,1.0,1.0,2.0253,0.007826,17552
5,G,Combined,1%,0.99,1.01,1.0,10,What are risk factors for stroke?,1.0,1.0,1.4979,0.007445,15958
5,G,Combined,1%,0.99,1.01,1.0,10,How is asthma managed long-term?,1.0,1.0,2.0253,0.005178,15328
5,G,Combined,1%,0.99,1.01,1.0,10,What are signs of kidney disease?,1.0,1.0,1.6957,0.00491,16135
5,G,Combined,1%,0.99,1.01,1.0,10,Describe rheumatoid arthritis treatment,1.0,1.0,2.0253,0.007646,15825
5,G,Combined,1%,0.99,1.01,1.0,10,What causes Parkinson's disease?,1.0,1.0,2.0253,0.00943,16046
5,G,Combined,1%,0.99,1.01,1.0,10,How is multiple sclerosis diagnosed?,1.0,1.0,1.973,0.00873,16732
5,G,Combined,1%,0.99,1.01,1.0,10,What are symptoms of anemia?,1.0,1.0,2.0253,0.004837,15534
5,G,Combined,1%,0.99,1.01,1.0,10,How is hypothyroidism treated?,1.0,1.0,2.0253,0.006418,15199
5,G,Combined,1%,0.99,1.01,1.0,10,What causes chronic pain?,1.0,1.0,1.973,0.000478,15849
5,G,Combined,1%,0.99,1.01,1.0,10,Describe COPD management,1.0,1.0,2.0253,0.020795,15611
5,G,Combined,1%,0.99,1.01,1.0,10,What are signs of liver disease?,1.0,1.0,1.8867,0.000716,16791
5,G,Combined,1%,0.99,1.01,1.0,10,How is epilepsy treated?,1.0,1.0,2.0253,0.007902,15886
5,G,Combined,1%,0.99,1.01,1.0,10,What causes osteoporosis?,0.9,0.9557,2.0253,0.00879,15739
5,G,Combined,1%,0.99,1.01,1.0,10,Describe symptoms of anxiety disorder,1.0,1.0,2.0253,0.012628,15870
5,G,Combined,1%,0.99,1.01,1.0,10,What medications are used for HIV/AIDS?,1.0,1.0,2.164,0.006167,15608
5,G,Combined,1%,0.99,1.01,1.0,10,How is pneumonia diagnosed?,1.0,1.0,2.0253,0.008505,15855
5,G,Combined,1%,0.99,1.01,1.0,10,What causes inflammatory bowel disease?,1.0,1.0,1.6957,0.000447,15677
5,G,Combined,1%,0.99,1.01,1.0,10,Describe treatment for chronic kidney disease,1.0,1.0,1.8867,0.008087,16019
5,G,Combined,1%,0.99,1.01,1.0,10,What are symptoms of schizophrenia?,1.0,1.0,1.7481,0.011325,16719
5,G,Combined,1%,0.99,1.01,1.0,10,How is bipolar disorder managed?,1.0,1.0,2.0253,0.00957,15933
5,G,Combined,1%,0.99,1.01,1.0,10,What causes psoriasis?,1.0,1.0,1.8344,0.014684,15302
5,G,Combined,1%,0.99,1.01,1.0,10,Describe sepsis treatment,1.0,1.0,2.0253,0.012939,15100
5,G,Combined,1%,0.99,1.01,1.0,10,What are risk factors for cancer?,1.0,1.0,1.973,0.000537,16085
5,G,Combined,1%,0.99,1.01,1.0,10,How is ALS diagnosed?,1.0,1.0,1.6957,0.010707,15289
5,G,Combined,5%,0.95,1.05,5.0,10,What are the symptoms of type 2 diabetes?,1.0,1.0,1.6434,0.005557,32821
5,G,Combined,5%,0.95,1.05,5.0,10,How is hypertension treated?,1.0,1.0,2.164,0.008048,29545
5,G,Combined,5%,0.95,1.05,5.0,10,What causes heart failure?,1.0,1.0,2.164,0.001573,21538
5,G,Combined,5%,0.95,1.05,5.0,10,Describe the symptoms of lupus,1.0,1.0,2.164,0.008064,18597
5,G,Combined,5%,0.95,1.05,5.0,10,What medications treat depression?,1.0,1.0,1.8344,0.005708,17369
5,G,Combined,5%,0.95,1.05,5.0,10,How does Alzheimer's disease progress?,1.0,1.0,1.8867,0.00786,17103
5,G,Combined,5%,0.95,1.05,5.0,10,What are risk factors for stroke?,0.9,0.9434,1.4979,0.007427,15604
5,G,Combined,5%,0.95,1.05,5.0,10,How is asthma managed long-term?,1.0,1.0,2.0253,0.005126,15216
5,G,Combined,5%,0.95,1.05,5.0,10,What are signs of kidney disease?,1.0,1.0,1.6957,0.004883,15231
5,G,Combined,5%,0.95,1.05,5.0,10,Describe rheumatoid arthritis treatment,1.0,1.0,1.973,0.007534,15807
5,G,Combined,5%,0.95,1.05,5.0,10,What causes Parkinson's disease?,1.0,1.0,2.0253,0.009333,15756
5,G,Combined,5%,0.95,1.05,5.0,10,How is multiple sclerosis diagnosed?,1.0,1.0,1.973,0.008612,15172
5,G,Combined,5%,0.95,1.05,5.0,10,What are symptoms of anemia?,1.0,1.0,2.0253,0.004854,15507
5,G,Combined,5%,0.95,1.05,5.0,10,How is hypothyroidism treated?,1.0,1.0,1.6957,0.006292,15777
5,G,Combined,5%,0.95,1.05,5.0,10,What causes chronic pain?,0.9,0.9406,1.973,0.00047,15614
5,G,Combined,5%,0.95,1.05,5.0,10,Describe COPD management,0.9,0.9644,2.0253,0.020599,15592
5,G,Combined,5%,0.95,1.05,5.0,10,What are signs of liver disease?,1.0,1.0,2.0253,0.000744,15608
5,G,Combined,5%,0.95,1.05,5.0,10,How is epilepsy treated?,1.0,1.0,1.8867,0.007778,16020
5,G,Combined,5%,0.95,1.05,5.0,10,What causes osteoporosis?,1.0,1.0,2.0253,0.008782,16188
5,G,Combined,5%,0.95,1.05,5.0,10,Describe symptoms of anxiety disorder,1.0,1.0,2.0253,0.012329,16108
5,G,Combined,5%,0.95,1.05,5.0,10,What medications are used for HIV/AIDS?,1.0,1.0,1.973,0.006186,15275
5,G,Combined,5%,0.95,1.05,5.0,10,How is pneumonia diagnosed?,1.0,1.0,1.8867,0.008572,15133
5,G,Combined,5%,0.95,1.05,5.0,10,What causes inflammatory bowel disease?,1.0,1.0,2.164,0.000439,15748
5,G,Combined,5%,0.95,1.05,5.0,10,Describe treatment for chronic kidney disease,1.0,1.0,2.0253,0.008063,15335
5,G,Combined,5%,0.95,1.05,5.0,10,What are symptoms of schizophrenia?,1.0,1.0,1.7481,0.011425,15140
5,G,Combined,5%,0.95,1.05,5.0,10,How is bipolar disorder managed?,1.0,0.9999,2.0253,0.009474,15429
5,G,Combined,5%,0.95,1.05,5.0,10,What causes psoriasis?,1.0,1.0,1.8344,0.01446,15542
5,G,Combined,5%,0.95,1.05,5.0,10,Describe sepsis treatment,1.0,1.0,2.0253,0.012747,14870
5,G,Combined,5%,0.95,1.05,5.0,10,What are risk factors for cancer?,1.0,1.0,1.8867,0.000508,15508
5,G,Combined,5%,0.95,1.05,5.0,10,How is ALS diagnosed?,1.0,1.0,1.6957,0.010599,15669
5,G,Combined,10%,0.9,1.1,10.0,10,What are the symptoms of type 2 diabetes?,1.0,1.0,2.0253,0.005521,26918
5,G,Combined,10%,0.9,1.1,10.0,10,How is hypertension treated?,0.9,0.9513,2.0253,0.007923,20856
5,G,Combined,10%,0.9,1.1,10.0,10,What causes heart failure?,1.0,1.0,1.8867,0.00153,18918
5,G,Combined,10%,0.9,1.1,10.0,10,Describe the symptoms of lupus,1.0,1.0,2.164,0.007989,17743
5,G,Combined,10%,0.9,1.1,10.0,10,What medications treat depression?,1.0,1.0,1.8344,0.00578,16728
5,G,Combined,10%,0.9,1.1,10.0,10,How does Alzheimer's disease progress?,1.0,1.0,2.0253,0.007624,15910
5,G,Combined,10%,0.9,1.1,10.0,10,What are risk factors for stroke?,1.0,1.0,1.4979,0.007314,15351
5,G,Combined,10%,0.9,1.1,10.0,10,How is asthma managed long-term?,1.0,1.0,2.0253,0.005119,14912
5,G,Combined,10%,0.9,1.1,10.0,10,What are signs of kidney disease?,1.0,1.0,1.6957,0.004816,15188
5,G,Combined,10%,0.9,1.1,10.0,10,Describe rheumatoid arthritis treatment,1.0,1.0,1.973,0.007506,14986
5,G,Combined,10%,0.9,1.1,10.0,10,What causes Parkinson's disease?,1.0,1.0,2.0253,0.009195,14894
5,G,Combined,10%,0.9,1.1,10.0,10,How is multiple sclerosis diagnosed?,1.0,1.0,1.973,0.008908,15004
5,G,Combined,10%,0.9,1.1,10.0,10,What are symptoms of anemia?,1.0,1.0,2.0253,0.00485,15776
5,G,Combined,10%,0.9,1.1,10.0,10,How is hypothyroidism treated?,1.0,1.0,1.8867,0.006387,15340
5,G,Combined,10%,0.9,1.1,10.0,10,What causes chronic pain?,0.9,0.9345,1.6094,0.000504,15400
5,G,Combined,10%,0.9,1.1,10.0,10,Describe COPD management,1.0,1.0,2.0253,0.020275,14927
5,G,Combined,10%,0.9,1.1,10.0,10,What are signs of liver disease?,1.0,1.0,2.0253,0.000753,15343
5,G,Combined,10%,0.9,1.1,10.0,10,How is epilepsy treated?,1.0,1.0,2.0253,0.007864,14667
5,G,Combined,10%,0.9,1.1,10.0,10,What causes osteoporosis?,1.0,1.0,2.0253,0.00848,14526
5,G,Combined,10%,0.9,1.1,10.0,10,Describe symptoms of anxiety disorder,1.0,1.0,2.0253,0.012426,14742
5,G,Combined,10%,0.9,1.1,10.0,10,What medications are used for HIV/AIDS?,0.9,0.9519,2.164,0.006172,14651
5,G,Combined,10%,0.9,1.1,10.0,10,How is pneumonia diagnosed?,1.0,1.0,2.0253,0.008702,14616
5,G,Combined,10%,0.9,1.1,10.0,10,What causes inflammatory bowel disease?,1.0,1.0,2.0253,0.000434,15183
5,G,Combined,10%,0.9,1.1,10.0,10,Describe treatment for chronic kidney disease,1.0,1.0,1.6094,0.008053,15187
5,G,Combined,10%,0.9,1.1,10.0,10,What are symptoms of schizophrenia?,1.0,1.0,1.7481,0.01143,15497
5,G,Combined,10%,0.9,1.1,10.0,10,How is bipolar disorder managed?,1.0,0.9999,1.8867,0.009151,14933
5,G,Combined,10%,0.9,1.1,10.0,10,What causes psoriasis?,1.0,1.0,1.8344,0.014562,14812
5,G,Combined,10%,0.9,1.1,10.0,10,Describe sepsis treatment,1.0,1.0,2.0253,0.012996,14483
5,G,Combined,10%,0.9,1.1,10.0,10,What are risk factors for cancer?,1.0,1.0,2.0253,0.00051,14850
5,G,Combined,10%,0.9,1.1,10.0,10,How is ALS diagnosed?,1.0,1.0,2.0253,0.010539,16408
5,G,Combined,20%,0.8,1.2,20.0,10,What are the symptoms of type 2 diabetes?,1.0,1.0,2.0253,0.005569,36346
5,G,Combined,20%,0.8,1.2,20.0,10,How is hypertension treated?,0.9,0.9513,1.8867,0.007537,23025
5,G,Combined,20%,0.8,1.2,20.0,10,What causes heart failure?,1.0,1.0,2.164,0.001553,19121
5,G,Combined,20%,0.8,1.2,20.0,10,Describe the symptoms of lupus,1.0,1.0,2.164,0.008006,17801
5,G,Combined,20%,0.8,1.2,20.0,10,What medications treat depression?,1.0,1.0,2.0253,0.00548,16307
5,G,Combined,20%,0.8,1.2,20.0,10,How does Alzheimer's disease progress?,0.9,0.954,1.8344,0.007925,17771
5,G,Combined,20%,0.8,1.2,20.0,10,What are risk factors for stroke?,0.9,0.946,1.4979,0.006639,17891
5,G,Combined,20%,0.8,1.2,20.0,10,How is asthma managed long-term?,1.0,1.0,2.0253,0.00483,17195
5,G,Combined,20%,0.8,1.2,20.0,10,What are signs of kidney disease?,1.0,1.0,1.8344,0.004724,15960
5,G,Combined,20%,0.8,1.2,20.0,10,Describe rheumatoid arthritis treatment,1.0,1.0,2.0253,0.007476,16078
5,G,Combined,20%,0.8,1.2,20.0,10,What causes Parkinson's disease?,1.0,1.0,2.0253,0.008784,15613
5,G,Combined,20%,0.8,1.2,20.0,10,How is multiple sclerosis diagnosed?,1.0,1.0,1.973,0.008534,14750
5,G,Combined,20%,0.8,1.2,20.0,10,What are symptoms of anemia?,1.0,1.0,2.164,0.004324,15078
5,G,Combined,20%,0.8,1.2,20.0,10,How is hypothyroidism treated?,1.0,1.0,2.0253,0.005433,14555
5,G,Combined,20%,0.8,1.2,20.0,10,What causes chronic pain?,1.0,0.9999,2.164,0.000507,15565
5,G,Combined,20%,0.8,1.2,20.0,10,Describe COPD management,0.9,0.9644,2.0253,0.01987,15037
5,G,Combined,20%,0.8,1.2,20.0,10,What are signs of liver disease?,1.0,0.9996,1.6094,0.000621,15741
5,G,Combined,20%,0.8,1.2,20.0,10,How is epilepsy treated?,0.9,0.9513,1.8867,0.007926,15583
5,G,Combined,20%,0.8,1.2,20.0,10,What causes osteoporosis?,0.9,0.9557,2.0253,0.008012,15322
5,G,Combined,20%,0.8,1.2,20.0,10,Describe symptoms of anxiety disorder,1.0,1.0,2.0253,0.01192,14991
5,G,Combined,20%,0.8,1.2,20.0,10,What medications are used for HIV/AIDS?,1.0,0.9999,1.8867,0.005717,14320
5,G,Combined,20%,0.8,1.2,20.0,10,How is pneumonia diagnosed?,1.0,1.0,2.0253,0.008125,14880
5,G,Combined,20%,0.8,1.2,20.0,10,What causes inflammatory bowel disease?,1.0,1.0,2.0253,0.000412,15293
5,G,Combined,20%,0.8,1.2,20.0,10,Describe treatment for chronic kidney disease,1.0,1.0,2.0253,0.007535,15033
5,G,Combined,20%,0.8,1.2,20.0,10,What are symptoms of schizophrenia?,1.0,1.0,1.7481,0.011054,14884
5,G,Combined,20%,0.8,1.2,20.0,10,How is bipolar disorder managed?,0.9,0.9552,2.0253,0.008752,15554
5,G,Combined,20%,0.8,1.2,20.0,10,What causes psoriasis?,1.0,1.0,1.6957,0.01435,15490
5,G,Combined,20%,0.8,1.2,20.0,10,Describe sepsis treatment,1.0,1.0,2.0253,0.011863,14651
5,G,Combined,20%,0.8,1.2,20.0,10,What are risk factors for cancer?,1.0,0.9999,1.6094,0.000562,16769
5,G,Combined,20%,0.8,1.2,20.0,10,How is ALS diagnosed?,1.0,0.9997,1.8344,0.010074,14774
5,G,Combined,30%,0.7,1.3,30.0,10,What are the symptoms of type 2 diabetes?,1.0,1.0,2.0253,0.004675,32500
5,G,Combined,30%,0.7,1.3,30.0,10,How is hypertension treated?,1.0,1.0,1.8867,0.006662,22283
5,G,Combined,30%,0.7,1.3,30.0,10,What causes heart failure?,1.0,0.9999,2.0253,0.00138,19036
5,G,Combined,30%,0.7,1.3,30.0,10,Describe the symptoms of lupus,1.0,1.0,2.164,0.007283,18317
5,G,Combined,30%,0.7,1.3,30.0,10,What medications treat depression?,1.0,1.0,1.8867,0.005516,17164
5,G,Combined,30%,0.7,1.3,30.0,10,How does Alzheimer's disease progress?,1.0,1.0,1.5571,0.00699,16802
5,G,Combined,30%,0.7,1.3,30.0,10,What are risk factors for stroke?,0.9,0.9376,1.4979,0.006468,17054
5,G,Combined,30%,0.7,1.3,30.0,10,How is asthma managed long-term?,1.0,1.0,2.164,0.004538,16434
5,G,Combined,30%,0.7,1.3,30.0,10,What are signs of kidney disease?,1.0,1.0,1.8344,0.003725,15803
5,G,Combined,30%,0.7,1.3,30.0,10,Describe rheumatoid arthritis treatment,1.0,1.0,2.0253,0.00649,15608
5,G,Combined,30%,0.7,1.3,30.0,10,What causes Parkinson's disease?,1.0,1.0,2.0253,0.0088,16623
5,G,Combined,30%,0.7,1.3,30.0,10,How is multiple sclerosis diagnosed?,1.0,1.0,1.973,0.008518,16447
5,G,Combined,30%,0.7,1.3,30.0,10,What are symptoms of anemia?,1.0,1.0,2.0253,0.004318,15795
5,G,Combined,30%,0.7,1.3,30.0,10,How is hypothyroidism treated?,1.0,1.0,2.0253,0.006147,14949
5,G,Combined,30%,0.7,1.3,30.0,10,What causes chronic pain?,0.9,0.9344,2.0253,0.000441,16106
5,G,Combined,30%,0.7,1.3,30.0,10,Describe COPD management,1.0,1.0,2.0253,0.018729,15286
5,G,Combined,30%,0.7,1.3,30.0,10,What are signs of liver disease?,1.0,0.9999,1.6957,0.00073,15327
5,G,Combined,30%,0.7,1.3,30.0,10,How is epilepsy treated?,1.0,1.0,1.8344,0.006995,15003
5,G,Combined,30%,0.7,1.3,30.0,10,What causes osteoporosis?,0.9,0.9556,2.3026,0.007534,15163
5,G,Combined,30%,0.7,1.3,30.0,10,Describe symptoms of anxiety disorder,1.0,1.0,2.164,0.011588,15711
5,G,Combined,30%,0.7,1.3,30.0,10,What medications are used for HIV/AIDS?,0.9,0.9519,2.0253,0.004988,15309
5,G,Combined,30%,0.7,1.3,30.0,10,How is pneumonia diagnosed?,0.9,0.9501,2.0253,0.007817,15512
5,G,Combined,30%,0.7,1.3,30.0,10,What causes inflammatory bowel disease?,1.0,0.9999,2.0253,0.000411,15676
5,G,Combined,30%,0.7,1.3,30.0,10,Describe treatment for chronic kidney disease,1.0,0.9999,2.0253,0.007301,15081
5,G,Combined,30%,0.7,1.3,30.0,10,What are symptoms of schizophrenia?,1.0,1.0,1.4979,0.009637,14827
5,G,Combined,30%,0.7,1.3,30.0,10,How is bipolar disorder managed?,1.0,0.9999,1.8867,0.008781,14775
5,G,Combined,30%,0.7,1.3,30.0,10,What causes psoriasis?,0.9,0.9587,1.8867,0.012774,14581
5,G,Combined,30%,0.7,1.3,30.0,10,Describe sepsis treatment,0.9,0.9547,2.164,0.012428,15142
5,G,Combined,30%,0.7,1.3,30.0,10,What are risk factors for cancer?,1.0,0.9998,2.0253,0.000537,14955
5,G,Combined,30%,0.7,1.3,30.0,10,How is ALS diagnosed?,0.9,0.9546,2.0253,0.009968,15140
5,G,Combined,50%,0.5,1.5,50.0,10,What are the symptoms of type 2 diabetes?,0.9,0.9452,2.0253,0.003605,23595
5,G,Combined,50%,0.5,1.5,50.0,10,How is hypertension treated?,1.0,0.9999,2.164,0.005486,17999
5,G,Combined,50%,0.5,1.5,50.0,10,What causes heart failure?,1.0,1.0,2.3026,0.001039,18350
5,G,Combined,50%,0.5,1.5,50.0,10,Describe the symptoms of lupus,1.0,1.0,2.164,0.005846,18356
5,G,Combined,50%,0.5,1.5,50.0,10,What medications treat depression?,1.0,1.0,1.8344,0.003569,18027
5,G,Combined,50%,0.5,1.5,50.0,10,How does Alzheimer's disease progress?,1.0,0.9987,1.8867,0.005244,18525
5,G,Combined,50%,0.5,1.5,50.0,10,What are risk factors for stroke?,0.9,0.9428,1.6094,0.00489,18111
5,G,Combined,50%,0.5,1.5,50.0,10,How is asthma managed long-term?,1.0,0.9999,1.973,0.003344,17776
5,G,Combined,50%,0.5,1.5,50.0,10,What are signs of kidney disease?,1.0,0.9999,1.6957,0.002827,19544
5,G,Combined,50%,0.5,1.5,50.0,10,Describe rheumatoid arthritis treatment,0.9,0.9515,1.7481,0.005455,18671
5,G,Combined,50%,0.5,1.5,50.0,10,What causes Parkinson's disease?,1.0,1.0,2.3026,0.006063,18132
5,G,Combined,50%,0.5,1.5,50.0,10,How is multiple sclerosis diagnosed?,1.0,0.9998,1.8344,0.005647,18680
5,G,Combined,50%,0.5,1.5,50.0,10,What are symptoms of anemia?,1.0,0.9999,2.0253,0.00339,17811
5,G,Combined,50%,0.5,1.5,50.0,10,How is hypothyroidism treated?,1.0,0.9999,1.8344,0.005332,17462
5,G,Combined,50%,0.5,1.5,50.0,10,What causes chronic pain?,0.8,0.8539,2.164,0.000279,16455
5,G,Combined,50%,0.5,1.5,50.0,10,Describe COPD management,1.0,1.0,1.8867,0.014108,17690
5,G,Combined,50%,0.5,1.5,50.0,10,What are signs of liver disease?,0.9,0.9404,1.6957,0.000466,17562
5,G,Combined,50%,0.5,1.5,50.0,10,How is epilepsy treated?,1.0,0.9999,2.0253,0.005741,16960
5,G,Combined,50%,0.5,1.5,50.0,10,What causes osteoporosis?,0.9,0.9557,2.0253,0.005491,17518
5,G,Combined,50%,0.5,1.5,50.0,10,Describe symptoms of anxiety disorder,0.9,0.9528,2.0253,0.008603,17398
5,G,Combined,50%,0.5,1.5,50.0,10,What medications are used for HIV/AIDS?,0.9,0.9517,1.6957,0.00368,16451
5,G,Combined,50%,0.5,1.5,50.0,10,How is pneumonia diagnosed?,0.9,0.9499,2.164,0.005941,16937
5,G,Combined,50%,0.5,1.5,50.0,10,What causes inflammatory bowel disease?,0.9,0.9366,2.3026,0.000329,17041
5,G,Combined,50%,0.5,1.5,50.0,10,Describe treatment for chronic kidney disease,1.0,1.0,2.0253,0.005449,17386
5,G,Combined,50%,0.5,1.5,50.0,10,What are symptoms of schizophrenia?,1.0,1.0,1.7481,0.008149,16935
5,G,Combined,50%,0.5,1.5,50.0,10,How is bipolar disorder managed?,1.0,0.9999,1.6957,0.006371,17496
5,G,Combined,50%,0.5,1.5,50.0,10,What causes psoriasis?,1.0,1.0,1.973,0.009494,16974
5,G,Combined,50%,0.5,1.5,50.0,10,Describe sepsis treatment,0.9,0.9547,2.164,0.008851,16624
5,G,Combined,50%,0.5,1.5,50.0,10,What are risk factors for cancer?,0.9,0.9395,2.3026,0.000353,17506
5,G,Combined,50%,0.5,1.5,50.0,10,How is ALS diagnosed?,0.9,0.9543,1.6957,0.007166,16761
5,G,Combined,70%,0.3,1.7,70.0,10,What are the symptoms of type 2 diabetes?,0.9,0.9475,1.8867,0.002473,32143
5,G,Combined,70%,0.3,1.7,70.0,10,How is hypertension treated?,0.9,0.9491,2.164,0.003252,22449
5,G,Combined,70%,0.3,1.7,70.0,10,What causes heart failure?,1.0,1.0,2.0253,0.000927,18917
5,G,Combined,70%,0.3,1.7,70.0,10,Describe the symptoms of lupus,1.0,0.9997,2.0253,0.004214,18025
5,G,Combined,70%,0.3,1.7,70.0,10,What medications treat depression?,1.0,0.9999,1.6094,0.002754,17247
5,G,Combined,70%,0.3,1.7,70.0,10,How does Alzheimer's disease progress?,0.9,0.9516,1.8867,0.002679,16214
5,G,Combined,70%,0.3,1.7,70.0,10,What are risk factors for stroke?,0.8,0.8504,1.2275,0.004124,15608
5,G,Combined,70%,0.3,1.7,70.0,10,How is asthma managed long-term?,1.0,0.9999,2.0253,0.002437,16343
5,G,Combined,70%,0.3,1.7,70.0,10,What are signs of kidney disease?,1.0,0.9992,1.8867,0.002723,15930
5,G,Combined,70%,0.3,1.7,70.0,10,Describe rheumatoid arthritis treatment,1.0,0.9988,2.0253,0.004037,15308
5,G,Combined,70%,0.3,1.7,70.0,10,What causes Parkinson's disease?,1.0,0.9993,2.164,0.004181,15094
5,G,Combined,70%,0.3,1.7,70.0,10,How is multiple sclerosis diagnosed?,1.0,1.0,2.0253,0.004339,15069
5,G,Combined,70%,0.3,1.7,70.0,10,What are symptoms of anemia?,1.0,0.9998,2.0253,0.001969,15208
5,G,Combined,70%,0.3,1.7,70.0,10,How is hypothyroidism treated?,1.0,0.9998,2.0253,0.002541,14656
5,G,Combined,70%,0.3,1.7,70.0,10,What causes chronic pain?,0.9,0.9305,2.0253,0.00022,15237
5,G,Combined,70%,0.3,1.7,70.0,10,Describe COPD management,1.0,0.9998,2.0253,0.008923,14982
5,G,Combined,70%,0.3,1.7,70.0,10,What are signs of liver disease?,0.8,0.8642,1.7481,0.000483,15785
5,G,Combined,70%,0.3,1.7,70.0,10,How is epilepsy treated?,0.9,0.9509,2.0253,0.003275,15737
5,G,Combined,70%,0.3,1.7,70.0,10,What causes osteoporosis?,0.9,0.9534,1.973,0.004119,14623
5,G,Combined,70%,0.3,1.7,70.0,10,Describe symptoms of anxiety disorder,1.0,1.0,2.0253,0.004945,14599
5,G,Combined,70%,0.3,1.7,70.0,10,What medications are used for HIV/AIDS?,0.9,0.9496,1.8344,0.003061,14215
5,G,Combined,70%,0.3,1.7,70.0,10,How is pneumonia diagnosed?,0.9,0.9478,1.8344,0.004423,14944
5,G,Combined,70%,0.3,1.7,70.0,10,What causes inflammatory bowel disease?,0.9,0.94,2.164,0.000236,14741
5,G,Combined,70%,0.3,1.7,70.0,10,Describe treatment for chronic kidney disease,1.0,0.9997,1.973,0.00381,14717
5,G,Combined,70%,0.3,1.7,70.0,10,What are symptoms of schizophrenia?,1.0,0.9989,1.8344,0.005819,15381
5,G,Combined,70%,0.3,1.7,70.0,10,How is bipolar disorder managed?,1.0,0.9986,1.6957,0.004857,14972
5,G,Combined,70%,0.3,1.7,70.0,10,What causes psoriasis?,1.0,0.9988,1.8867,0.006772,14521
5,G,Combined,70%,0.3,1.7,70.0,10,Describe sepsis treatment,0.9,0.9547,2.0253,0.007021,13940
5,G,Combined,70%,0.3,1.7,70.0,10,What are risk factors for cancer?,1.0,0.9995,2.0253,0.000144,14710
5,G,Combined,70%,0.3,1.7,70.0,10,How is ALS diagnosed?,0.9,0.9561,1.8867,0.005155,15236
6,G,Combined,0%,1.0,1.0,0.0,10,What are the symptoms of type 2 diabetes?,1.0,1.0,2.0253,0.005505,33521
6,G,Combined,0%,1.0,1.0,0.0,10,How is hypertension treated?,1.0,1.0,2.164,0.008063,22911
6,G,Combined,0%,1.0,1.0,0.0,10,What causes heart failure?,1.0,1.0,2.0253,0.001569,18872
6,G,Combined,0%,1.0,1.0,0.0,10,Describe the symptoms of lupus,1.0,1.0,2.164,0.008025,18952
6,G,Combined,0%,1.0,1.0,0.0,10,What medications treat depression?,1.0,1.0,1.8344,0.005777,17916
6,G,Combined,0%,1.0,1.0,0.0,10,How does Alzheimer's disease progress?,1.0,1.0,2.0253,0.007851,17921
6,G,Combined,0%,1.0,1.0,0.0,10,What are risk factors for stroke?,1.0,1.0,1.4979,0.007439,17584
6,G,Combined,0%,1.0,1.0,0.0,10,How is asthma managed long-term?,1.0,1.0,2.0253,0.005191,16290
6,G,Combined,0%,1.0,1.0,0.0,10,What are signs of kidney disease?,1.0,1.0,1.6957,0.004912,16101
6,G,Combined,0%,1.0,1.0,0.0,10,Describe rheumatoid arthritis treatment,1.0,1.0,2.0253,0.007646,15749
6,G,Combined,0%,1.0,1.0,0.0,10,What causes Parkinson's disease?,1.0,1.0,2.0253,0.009459,16048
6,G,Combined,0%,1.0,1.0,0.0,10,How is multiple sclerosis diagnosed?,1.0,1.0,1.973,0.008741,17302
6,G,Combined,0%,1.0,1.0,0.0,10,What are symptoms of anemia?,1.0,1.0,2.0253,0.004847,16337
6,G,Combined,0%,1.0,1.0,0.0,10,How is hypothyroidism treated?,1.0,1.0,2.0253,0.006409,15538
6,G,Combined,0%,1.0,1.0,0.0,10,What causes chronic pain?,1.0,1.0,1.973,0.000479,15841
6,G,Combined,0%,1.0,1.0,0.0,10,Describe COPD management,1.0,1.0,2.0253,0.020794,15407
6,G,Combined,0%,1.0,1.0,0.0,10,What are signs of liver disease?,1.0,1.0,1.8867,0.000719,16136
6,G,Combined,0%,1.0,1.0,0.0,10,How is epilepsy treated?,1.0,1.0,2.0253,0.007898,16016
6,G,Combined,0%,1.0,1.0,0.0,10,What causes osteoporosis?,1.0,1.0,2.0253,0.008767,16147
6,G,Combined,0%,1.0,1.0,0.0,10,Describe symptoms of anxiety disorder,1.0,1.0,2.0253,0.012617,16284
6,G,Combined,0%,1.0,1.0,0.0,10,What medications are used for HIV/AIDS?,1.0,1.0,2.164,0.006178,15584
6,G,Combined,0%,1.0,1.0,0.0,10,How is pneumonia diagnosed?,1.0,1.0,2.0253,0.008521,15275
6,G,Combined,0%,1.0,1.0,0.0,10,What causes inflammatory bowel disease?,1.0,1.0,1.6957,0.000444,16207
6,G,Combined,0%,1.0,1.0,0.0,10,Describe treatment for chronic kidney disease,1.0,1.0,1.8867,0.00808,15935
6,G,Combined,0%,1.0,1.0,0.0,10,What are symptoms of schizophrenia?,1.0,1.0,1.7481,0.011327,15459
6,G,Combined,0%,1.0,1.0,0.0,10,How is bipolar disorder managed?,1.0,1.0,2.0253,0.009573,15570
6,G,Combined,0%,1.0,1.0,0.0,10,What causes psoriasis?,1.0,1.0,1.8344,0.014653,16288
6,G,Combined,0%,1.0,1.0,0.0,10,Describe sepsis treatment,1.0,1.0,2.0253,0.012907,16291
6,G,Combined,0%,1.0,1.0,0.0,10,What are risk factors for cancer?,1.0,1.0,2.0253,0.000536,15311
6,G,Combined,0%,1.0,1.0,0.0,10,How is ALS diagnosed?,1.0,1.0,1.8867,0.010726,15775
6,G,Combined,1%,0.99,1.01,1.0,10,What are the symptoms of type 2 diabetes?,1.0,1.0,1.6434,0.005503,40799
6,G,Combined,1%,0.99,1.01,1.0,10,How is hypertension treated?,1.0,1.0,2.164,0.008055,21926
6,G,Combined,1%,0.99,1.01,1.0,10,What causes heart failure?,1.0,1.0,1.8867,0.001573,20370
6,G,Combined,1%,0.99,1.01,1.0,10,Describe the symptoms of lupus,1.0,1.0,2.164,0.00802,21068
6,G,Combined,1%,0.99,1.01,1.0,10,What medications treat depression?,1.0,1.0,1.8344,0.005776,18582
6,G,Combined,1%,0.99,1.01,1.0,10,How does Alzheimer's disease progress?,1.0,1.0,2.0253,0.007844,18642
6,G,Combined,1%,0.99,1.01,1.0,10,What are risk factors for stroke?,1.0,1.0,1.4979,0.007444,17521
6,G,Combined,1%,0.99,1.01,1.0,10,How is asthma managed long-term?,1.0,1.0,2.0253,0.005167,19160
6,G,Combined,1%,0.99,1.01,1.0,10,What are signs of kidney disease?,1.0,1.0,1.8344,0.00492,17638
6,G,Combined,1%,0.99,1.01,1.0,10,Describe rheumatoid arthritis treatment,1.0,1.0,2.0253,0.007642,17568
6,G,Combined,1%,0.99,1.01,1.0,10,What causes Parkinson's disease?,1.0,1.0,2.0253,0.009474,18792
6,G,Combined,1%,0.99,1.01,1.0,10,How is multiple sclerosis diagnosed?,1.0,1.0,1.973,0.008743,17823
6,G,Combined,1%,0.99,1.01,1.0,10,What are symptoms of anemia?,1.0,1.0,2.0253,0.004847,17573
6,G,Combined,1%,0.99,1.01,1.0,10,How is hypothyroidism treated?,1.0,1.0,2.0253,0.006389,17704
6,G,Combined,1%,0.99,1.01,1.0,10,What causes chronic pain?,1.0,1.0,1.973,0.00048,17194
6,G,Combined,1%,0.99,1.01,1.0,10,Describe COPD management,1.0,1.0,2.0253,0.020836,18109
6,G,Combined,1%,0.99,1.01,1.0,10,What are signs of liver disease?,1.0,1.0,1.8867,0.000709,17469
6,G,Combined,1%,0.99,1.01,1.0,10,How is epilepsy treated?,1.0,1.0,1.8867,0.007904,17924
6,G,Combined,1%,0.99,1.01,1.0,10,What causes osteoporosis?,0.9,0.9557,2.0253,0.008785,17364
6,G,Combined,1%,0.99,1.01,1.0,10,Describe symptoms of anxiety disorder,1.0,1.0,2.0253,0.01264,18241
6,G,Combined,1%,0.99,1.01,1.0,10,What medications are used for HIV/AIDS?,1.0,1.0,2.164,0.006194,17580
6,G,Combined,1%,0.99,1.01,1.0,10,How is pneumonia diagnosed?,1.0,1.0,2.0253,0.008502,16727
6,G,Combined,1%,0.99,1.01,1.0,10,What causes inflammatory bowel disease?,1.0,1.0,1.6957,0.000445,18055
6,G,Combined,1%,0.99,1.01,1.0,10,Describe treatment for chronic kidney disease,1.0,1.0,1.8867,0.008103,17447
6,G,Combined,1%,0.99,1.01,1.0,10,What are symptoms of schizophrenia?,1.0,1.0,1.7481,0.011328,16719
6,G,Combined,1%,0.99,1.01,1.0,10,How is bipolar disorder managed?,1.0,1.0,2.0253,0.009565,16844
6,G,Combined,1%,0.99,1.01,1.0,10,What causes psoriasis?,1.0,1.0,1.8344,0.014665,16805
6,G,Combined,1%,0.99,1.01,1.0,10,Describe sepsis treatment,1.0,1.0,2.0253,0.012918,15205
6,G,Combined,1%,0.99,1.01,1.0,10,What are risk factors for cancer?,1.0,1.0,2.0253,0.000534,17394
6,G,Combined,1%,0.99,1.01,1.0,10,How is ALS diagnosed?,1.0,1.0,1.6957,0.010746,16761
6,G,Combined,5%,0.95,1.05,5.0,10,What are the symptoms of type 2 diabetes?,1.0,1.0,1.8344,0.00548,19378
6,G,Combined,5%,0.95,1.05,5.0,10,How is hypertension treated?,1.0,1.0,2.164,0.008065,18000
6,G,Combined,5%,0.95,1.05,5.0,10,What causes heart failure?,1.0,1.0,2.164,0.001618,16505
6,G,Combined,5%,0.95,1.05,5.0,10,Describe the symptoms of lupus,1.0,1.0,1.973,0.00801,16339
6,G,Combined,5%,0.95,1.05,5.0,10,What medications treat depression?,1.0,1.0,1.8344,0.00566,16163
6,G,Combined,5%,0.95,1.05,5.0,10,How does Alzheimer's disease progress?,1.0,1.0,2.0253,0.007876,16110
6,G,Combined,5%,0.95,1.05,5.0,10,What are risk factors for stroke?,1.0,1.0,1.4979,0.007445,16323
6,G,Combined,5%,0.95,1.05,5.0,10,How is asthma managed long-term?,1.0,1.0,2.0253,0.005184,15654
6,G,Combined,5%,0.95,1.05,5.0,10,What are signs of kidney disease?,1.0,1.0,1.8344,0.004962,15587
6,G,Combined,5%,0.95,1.05,5.0,10,Describe rheumatoid arthritis treatment,1.0,1.0,2.0253,0.007658,15787
6,G,Combined,5%,0.95,1.05,5.0,10,What causes Parkinson's disease?,1.0,1.0,2.0253,0.009427,18770
6,G,Combined,5%,0.95,1.05,5.0,10,How is multiple sclerosis diagnosed?,1.0,1.0,1.973,0.008858,16977
6,G,Combined,5%,0.95,1.05,5.0,10,What are symptoms of anemia?,1.0,1.0,1.7481,0.004923,17547
6,G,Combined,5%,0.95,1.05,5.0,10,How is hypothyroidism treated?,1.0,1.0,2.0253,0.006335,20782
6,G,Combined,5%,0.95,1.05,5.0,10,What causes chronic pain?,1.0,1.0,1.973,0.000491,17040
6,G,Combined,5%,0.95,1.05,5.0,10,Describe COPD management,0.9,0.9644,2.0253,0.020706,16439
6,G,Combined,5%,0.95,1.05,5.0,10,What are signs of liver disease?,1.0,1.0,1.973,0.000703,15784
6,G,Combined,5%,0.95,1.05,5.0,10,How is epilepsy treated?,1.0,1.0,1.8867,0.007892,15513
6,G,Combined,5%,0.95,1.05,5.0,10,What causes osteoporosis?,0.9,0.9557,2.0253,0.008804,15572
6,G,Combined,5%,0.95,1.05,5.0,10,Describe symptoms of anxiety disorder,0.9,0.9528,2.0253,0.012808,15876
6,G,Combined,5%,0.95,1.05,5.0,10,What medications are used for HIV/AIDS?,0.9,0.9519,2.164,0.006185,15046
6,G,Combined,5%,0.95,1.05,5.0,10,How is pneumonia diagnosed?,1.0,1.0,1.8867,0.008491,15123
6,G,Combined,5%,0.95,1.05,5.0,10,What causes inflammatory bowel disease?,1.0,1.0,1.973,0.00046,14956
6,G,Combined,5%,0.95,1.05,5.0,10,Describe treatment for chronic kidney disease,1.0,1.0,2.0253,0.007991,15092
6,G,Combined,5%,0.95,1.05,5.0,10,What are symptoms of schizophrenia?,1.0,1.0,1.7481,0.011329,15362
6,G,Combined,5%,0.95,1.05,5.0,10,How is bipolar disorder managed?,1.0,1.0,2.0253,0.009625,15163
6,G,Combined,5%,0.95,1.05,5.0,10,What causes psoriasis?,1.0,1.0,1.8344,0.014509,15024
6,G,Combined,5%,0.95,1.05,5.0,10,Describe sepsis treatment,1.0,1.0,2.0253,0.01298,15048
6,G,Combined,5%,0.95,1.05,5.0,10,What are risk factors for cancer?,1.0,1.0,2.0253,0.00054,15541
6,G,Combined,5%,0.95,1.05,5.0,10,How is ALS diagnosed?,1.0,1.0,1.8867,0.010776,15388
6,G,Combined,10%,0.9,1.1,10.0,10,What are the symptoms of type 2 diabetes?,1.0,1.0,1.6434,0.005528,19515
6,G,Combined,10%,0.9,1.1,10.0,10,How is hypertension treated?,0.9,0.9513,2.164,0.007974,17259
6,G,Combined,10%,0.9,1.1,10.0,10,What causes heart failure?,1.0,1.0,1.8867,0.00156,17691
6,G,Combined,10%,0.9,1.1,10.0,10,Describe the symptoms of lupus,1.0,1.0,1.973,0.00782,16718
6,G,Combined,10%,0.9,1.1,10.0,10,What medications treat depression?,1.0,1.0,1.8344,0.005643,16500
6,G,Combined,10%,0.9,1.1,10.0,10,How does Alzheimer's disease progress?,0.9,0.954,1.6957,0.00771,16149
6,G,Combined,10%,0.9,1.1,10.0,10,What are risk factors for stroke?,0.9,0.946,1.4979,0.007195,16529
6,G,Combined,10%,0.9,1.1,10.0,10,How is asthma managed long-term?,1.0,1.0,2.0253,0.005024,16066
6,G,Combined,10%,0.9,1.1,10.0,10,What are signs of kidney disease?,1.0,1.0,1.6957,0.004924,15529
6,G,Combined,10%,0.9,1.1,10.0,10,Describe rheumatoid arthritis treatment,1.0,1.0,2.0253,0.007596,16371
6,G,Combined,10%,0.9,1.1,10.0,10,What causes Parkinson's disease?,1.0,1.0,2.0253,0.00957,16311
6,G,Combined,10%,0.9,1.1,10.0,10,How is multiple sclerosis diagnosed?,1.0,1.0,1.973,0.008646,15512
6,G,Combined,10%,0.9,1.1,10.0,10,What are symptoms of anemia?,1.0,1.0,1.8867,0.004741,15887
6,G,Combined,10%,0.9,1.1,10.0,10,How is hypothyroidism treated?,1.0,1.0,2.0253,0.006184,15471
6,G,Combined,10%,0.9,1.1,10.0,10,What causes chronic pain?,1.0,1.0,1.6957,0.000441,15514
6,G,Combined,10%,0.9,1.1,10.0,10,Describe COPD management,1.0,1.0,2.0253,0.020604,15543
6,G,Combined,10%,0.9,1.1,10.0,10,What are signs of liver disease?,1.0,1.0,1.8867,0.000684,16983
6,G,Combined,10%,0.9,1.1,10.0,10,How is epilepsy treated?,1.0,1.0,1.8867,0.007809,15913
6,G,Combined,10%,0.9,1.1,10.0,10,What causes osteoporosis?,1.0,0.9999,2.0253,0.008645,16013
6,G,Combined,10%,0.9,1.1,10.0,10,Describe symptoms of anxiety disorder,1.0,1.0,2.0253,0.012611,16216
6,G,Combined,10%,0.9,1.1,10.0,10,What medications are used for HIV/AIDS?,0.9,0.9519,2.164,0.006181,15580
6,G,Combined,10%,0.9,1.1,10.0,10,How is pneumonia diagnosed?,1.0,1.0,2.0253,0.008433,15869
6,G,Combined,10%,0.9,1.1,10.0,10,What causes inflammatory bowel disease?,1.0,1.0,1.6957,0.000442,15796
6,G,Combined,10%,0.9,1.1,10.0,10,Describe treatment for chronic kidney disease,1.0,1.0,1.8344,0.008071,15699
6,G,Combined,10%,0.9,1.1,10.0,10,What are symptoms of schizophrenia?,1.0,1.0,1.7481,0.011349,15820
6,G,Combined,10%,0.9,1.1,10.0,10,How is bipolar disorder managed?,1.0,0.9999,1.8867,0.009175,16348
6,G,Combined,10%,0.9,1.1,10.0,10,What causes psoriasis?,1.0,1.0,1.8344,0.014659,15839
6,G,Combined,10%,0.9,1.1,10.0,10,Describe sepsis treatment,1.0,1.0,2.0253,0.012632,15562
6,G,Combined,10%,0.9,1.1,10.0,10,What are risk factors for cancer?,1.0,1.0,2.0253,0.000526,15763
6,G,Combined,10%,0.9,1.1,10.0,10,How is ALS diagnosed?,1.0,0.9997,1.6957,0.010759,16043
6,G,Combined,20%,0.8,1.2,20.0,10,What are the symptoms of type 2 diabetes?,1.0,1.0,2.0253,0.005335,26134
6,G,Combined,20%,0.8,1.2,20.0,10,How is hypertension treated?,0.9,0.9513,2.164,0.007488,21297
6,G,Combined,20%,0.8,1.2,20.0,10,What causes heart failure?,1.0,0.9999,2.0253,0.001485,18879
6,G,Combined,20%,0.8,1.2,20.0,10,Describe the symptoms of lupus,1.0,1.0,2.164,0.007852,17579
6,G,Combined,20%,0.8,1.2,20.0,10,What medications treat depression?,1.0,0.9999,1.8867,0.005434,18793
6,G,Combined,20%,0.8,1.2,20.0,10,How does Alzheimer's disease progress?,0.9,0.9518,1.8867,0.007607,18231
6,G,Combined,20%,0.8,1.2,20.0,10,What are risk factors for stroke?,1.0,1.0,1.4979,0.007035,17537
6,G,Combined,20%,0.8,1.2,20.0,10,How is asthma managed long-term?,1.0,1.0,2.0253,0.004963,15775
6,G,Combined,20%,0.8,1.2,20.0,10,What are signs of kidney disease?,1.0,1.0,1.6957,0.00472,15898
6,G,Combined,20%,0.8,1.2,20.0,10,Describe rheumatoid arthritis treatment,1.0,1.0,1.973,0.007414,15474
6,G,Combined,20%,0.8,1.2,20.0,10,What causes Parkinson's disease?,1.0,0.9994,2.164,0.008959,15700
6,G,Combined,20%,0.8,1.2,20.0,10,How is multiple sclerosis diagnosed?,1.0,1.0,1.8344,0.00815,15823
6,G,Combined,20%,0.8,1.2,20.0,10,What are symptoms of anemia?,1.0,1.0,2.0253,0.005032,15305
6,G,Combined,20%,0.8,1.2,20.0,10,How is hypothyroidism treated?,1.0,1.0,1.8344,0.006051,14958
6,G,Combined,20%,0.8,1.2,20.0,10,What causes chronic pain?,1.0,0.9999,2.164,0.000526,14694
6,G,Combined,20%,0.8,1.2,20.0,10,Describe COPD management,0.9,0.9644,2.0253,0.01945,14689
6,G,Combined,20%,0.8,1.2,20.0,10,What are signs of liver disease?,1.0,0.9996,1.8344,0.000628,16492
6,G,Combined,20%,0.8,1.2,20.0,10,How is epilepsy treated?,1.0,1.0,1.8867,0.006912,17358
6,G,Combined,20%,0.8,1.2,20.0,10,What causes osteoporosis?,0.9,0.9556,2.0253,0.00789,15291
6,G,Combined,20%,0.8,1.2,20.0,10,Describe symptoms of anxiety disorder,0.9,0.9508,2.164,0.011747,16789
6,G,Combined,20%,0.8,1.2,20.0,10,What medications are used for HIV/AIDS?,0.9,0.9517,1.8867,0.005734,15083
6,G,Combined,20%,0.8,1.2,20.0,10,How is pneumonia diagnosed?,0.9,0.9501,2.0253,0.007767,15023
6,G,Combined,20%,0.8,1.2,20.0,10,What causes inflammatory bowel disease?,1.0,0.9996,2.164,0.000373,16065
6,G,Combined,20%,0.8,1.2,20.0,10,Describe treatment for chronic kidney disease,1.0,1.0,2.164,0.007224,17072
6,G,Combined,20%,0.8,1.2,20.0,10,What are symptoms of schizophrenia?,1.0,1.0,1.7481,0.010578,16792
6,G,Combined,20%,0.8,1.2,20.0,10,How is bipolar disorder managed?,0.9,0.9552,2.0253,0.009075,15163
6,G,Combined,20%,0.8,1.2,20.0,10,What causes psoriasis?,1.0,1.0,1.8344,0.013482,15203
6,G,Combined,20%,0.8,1.2,20.0,10,Describe sepsis treatment,1.0,1.0,2.164,0.012255,14839
6,G,Combined,20%,0.8,1.2,20.0,10,What are risk factors for cancer?,1.0,1.0,2.0253,0.000459,16226
6,G,Combined,20%,0.8,1.2,20.0,10,How is ALS diagnosed?,1.0,1.0,2.164,0.009497,15153
6,G,Combined,30%,0.7,1.3,30.0,10,What are the symptoms of type 2 diabetes?,1.0,1.0,1.8867,0.004932,28334
6,G,Combined,30%,0.7,1.3,30.0,10,How is hypertension treated?,0.9,0.9513,1.8867,0.007343,21677
6,G,Combined,30%,0.7,1.3,30.0,10,What causes heart failure?,1.0,0.9998,2.164,0.001577,19513
6,G,Combined,30%,0.7,1.3,30.0,10,Describe the symptoms of lupus,1.0,1.0,1.973,0.006842,17588
6,G,Combined,30%,0.7,1.3,30.0,10,What medications treat depression?,1.0,1.0,1.6094,0.005081,16854
6,G,Combined,30%,0.7,1.3,30.0,10,How does Alzheimer's disease progress?,1.0,1.0,2.0253,0.007053,16585
6,G,Combined,30%,0.7,1.3,30.0,10,What are risk factors for stroke?,0.9,0.946,1.4979,0.006228,15218
6,G,Combined,30%,0.7,1.3,30.0,10,How is asthma managed long-term?,1.0,1.0,2.0253,0.004446,15191
6,G,Combined,30%,0.7,1.3,30.0,10,What are signs of kidney disease?,0.9,0.9458,1.8867,0.004307,15479
6,G,Combined,30%,0.7,1.3,30.0,10,Describe rheumatoid arthritis treatment,1.0,1.0,2.164,0.006964,18452
6,G,Combined,30%,0.7,1.3,30.0,10,What causes Parkinson's disease?,1.0,1.0,2.0253,0.008603,18728
6,G,Combined,30%,0.7,1.3,30.0,10,How is multiple sclerosis diagnosed?,1.0,1.0,1.973,0.007706,15611
6,G,Combined,30%,0.7,1.3,30.0,10,What are symptoms of anemia?,1.0,1.0,2.164,0.004737,15183
6,G,Combined,30%,0.7,1.3,30.0,10,How is hypothyroidism treated?,1.0,1.0,1.7481,0.005304,15761
6,G,Combined,30%,0.7,1.3,30.0,10,What causes chronic pain?,0.9,0.9403,2.0253,0.000499,15442
6,G,Combined,30%,0.7,1.3,30.0,10,Describe COPD management,0.9,0.9644,1.8867,0.018916,17787
6,G,Combined,30%,0.7,1.3,30.0,10,What are signs of liver disease?,1.0,0.9999,1.8344,0.000611,15734
6,G,Combined,30%,0.7,1.3,30.0,10,How is epilepsy treated?,1.0,1.0,2.0253,0.006973,15968
6,G,Combined,30%,0.7,1.3,30.0,10,What causes osteoporosis?,0.9,0.9556,2.164,0.00758,16040
6,G,Combined,30%,0.7,1.3,30.0,10,Describe symptoms of anxiety disorder,1.0,1.0,2.164,0.01093,16482
6,G,Combined,30%,0.7,1.3,30.0,10,What medications are used for HIV/AIDS?,0.9,0.9517,1.8867,0.005017,15244
6,G,Combined,30%,0.7,1.3,30.0,10,How is pneumonia diagnosed?,0.9,0.9478,2.164,0.007944,15581
6,G,Combined,30%,0.7,1.3,30.0,10,What causes inflammatory bowel disease?,1.0,0.9995,1.8867,0.000324,15653
6,G,Combined,30%,0.7,1.3,30.0,10,Describe treatment for chronic kidney disease,1.0,1.0,1.973,0.007159,16815
6,G,Combined,30%,0.7,1.3,30.0,10,What are symptoms of schizophrenia?,1.0,1.0,1.4979,0.009515,16073
6,G,Combined,30%,0.7,1.3,30.0,10,How is bipolar disorder managed?,1.0,1.0,2.0253,0.009328,16425
6,G,Combined,30%,0.7,1.3,30.0,10,What causes psoriasis?,1.0,1.0,1.8344,0.012968,16682
6,G,Combined,30%,0.7,1.3,30.0,10,Describe sepsis treatment,1.0,1.0,2.0253,0.011198,15662
6,G,Combined,30%,0.7,1.3,30.0,10,What are risk factors for cancer?,1.0,0.9999,2.164,0.000572,15772
6,G,Combined,30%,0.7,1.3,30.0,10,How is ALS diagnosed?,1.0,0.9997,1.8344,0.009015,15648
6,G,Combined,50%,0.5,1.5,50.0,10,What are the symptoms of type 2 diabetes?,1.0,0.9999,1.6957,0.004039,24000
6,G,Combined,50%,0.5,1.5,50.0,10,How is hypertension treated?,1.0,0.9999,2.0253,0.005619,21270
6,G,Combined,50%,0.5,1.5,50.0,10,What causes heart failure?,1.0,0.9998,1.973,0.001005,18135
6,G,Combined,50%,0.5,1.5,50.0,10,Describe the symptoms of lupus,1.0,1.0,2.0253,0.006879,17273
6,G,Combined,50%,0.5,1.5,50.0,10,What medications treat depression?,0.9,0.9469,1.8344,0.003783,17881
6,G,Combined,50%,0.5,1.5,50.0,10,How does Alzheimer's disease progress?,0.9,0.9536,1.6957,0.007018,16211
6,G,Combined,50%,0.5,1.5,50.0,10,What are risk factors for stroke?,0.9,0.9423,1.4708,0.004491,15372
6,G,Combined,50%,0.5,1.5,50.0,10,How is asthma managed long-term?,1.0,0.9999,2.164,0.003413,15797
6,G,Combined,50%,0.5,1.5,50.0,10,What are signs of kidney disease?,1.0,1.0,1.8344,0.003747,15877
6,G,Combined,50%,0.5,1.5,50.0,10,Describe rheumatoid arthritis treatment,0.9,0.9515,2.0253,0.005545,15701
6,G,Combined,50%,0.5,1.5,50.0,10,What causes Parkinson's disease?,1.0,1.0,2.164,0.007464,17054
6,G,Combined,50%,0.5,1.5,50.0,10,How is multiple sclerosis diagnosed?,1.0,1.0,1.8867,0.00594,16318
6,G,Combined,50%,0.5,1.5,50.0,10,What are symptoms of anemia?,1.0,1.0,1.8867,0.002431,15509
6,G,Combined,50%,0.5,1.5,50.0,10,How is hypothyroidism treated?,1.0,0.9994,1.8344,0.004896,15136
6,G,Combined,50%,0.5,1.5,50.0,10,What causes chronic pain?,0.9,0.9349,2.164,0.000273,14806
6,G,Combined,50%,0.5,1.5,50.0,10,Describe COPD management,0.9,0.9644,1.8867,0.014177,14712
6,G,Combined,50%,0.5,1.5,50.0,10,What are signs of liver disease?,1.0,0.9994,1.8344,0.000589,16918
6,G,Combined,50%,0.5,1.5,50.0,10,How is epilepsy treated?,0.9,0.9489,2.0253,0.00581,15380
6,G,Combined,50%,0.5,1.5,50.0,10,What causes osteoporosis?,0.9,0.9556,1.973,0.006556,15359
6,G,Combined,50%,0.5,1.5,50.0,10,Describe symptoms of anxiety disorder,1.0,1.0,2.0253,0.008734,15820
6,G,Combined,50%,0.5,1.5,50.0,10,What medications are used for HIV/AIDS?,1.0,0.9999,2.0253,0.003811,15841
6,G,Combined,50%,0.5,1.5,50.0,10,How is pneumonia diagnosed?,0.9,0.9495,2.0253,0.005654,15068
6,G,Combined,50%,0.5,1.5,50.0,10,What causes inflammatory bowel disease?,1.0,0.9995,2.0253,0.00039,16471
6,G,Combined,50%,0.5,1.5,50.0,10,Describe treatment for chronic kidney disease,1.0,0.9999,1.973,0.005688,15411
6,G,Combined,50%,0.5,1.5,50.0,10,What are symptoms of schizophrenia?,1.0,0.9996,1.3592,0.008649,15216
6,G,Combined,50%,0.5,1.5,50.0,10,How is bipolar disorder managed?,1.0,0.9998,1.8867,0.006851,15411
6,G,Combined,50%,0.5,1.5,50.0,10,What causes psoriasis?,1.0,0.9978,1.5571,0.009539,14878
6,G,Combined,50%,0.5,1.5,50.0,10,Describe sepsis treatment,1.0,1.0,2.0253,0.008808,14503
6,G,Combined,50%,0.5,1.5,50.0,10,What are risk factors for cancer?,1.0,1.0,2.0253,0.000392,17131
6,G,Combined,50%,0.5,1.5,50.0,10,How is ALS diagnosed?,0.9,0.9559,1.8867,0.008242,15369
6,G,Combined,70%,0.3,1.7,70.0,10,What are the symptoms of type 2 diabetes?,0.9,0.9441,1.6094,0.001837,34825
6,G,Combined,70%,0.3,1.7,70.0,10,How is hypertension treated?,0.9,0.9512,2.0253,0.003657,25273
6,G,Combined,70%,0.3,1.7,70.0,10,What causes heart failure?,1.0,0.9998,2.0253,0.000696,19421
6,G,Combined,70%,0.3,1.7,70.0,10,Describe the symptoms of lupus,0.9,0.9509,2.164,0.004447,17869
6,G,Combined,70%,0.3,1.7,70.0,10,What medications treat depression?,1.0,0.9994,1.6094,0.00262,16911
6,G,Combined,70%,0.3,1.7,70.0,10,How does Alzheimer's disease progress?,1.0,1.0,1.6957,0.003699,22441
6,G,Combined,70%,0.3,1.7,70.0,10,What are risk factors for stroke?,0.8,0.8884,1.2275,0.003651,16847
6,G,Combined,70%,0.3,1.7,70.0,10,How is asthma managed long-term?,1.0,0.9999,2.164,0.002058,17814
6,G,Combined,70%,0.3,1.7,70.0,10,What are signs of kidney disease?,0.8,0.8893,1.6957,0.002159,17795
6,G,Combined,70%,0.3,1.7,70.0,10,Describe rheumatoid arthritis treatment,1.0,0.9997,2.0253,0.003469,15862
6,G,Combined,70%,0.3,1.7,70.0,10,What causes Parkinson's disease?,1.0,1.0,2.0253,0.004022,15993
6,G,Combined,70%,0.3,1.7,70.0,10,How is multiple sclerosis diagnosed?,1.0,0.9998,2.164,0.003829,16097
6,G,Combined,70%,0.3,1.7,70.0,10,What are symptoms of anemia?,1.0,1.0,2.0253,0.002299,16133
6,G,Combined,70%,0.3,1.7,70.0,10,How is hypothyroidism treated?,1.0,1.0,1.8867,0.002973,15650
6,G,Combined,70%,0.3,1.7,70.0,10,What causes chronic pain?,0.9,0.9344,1.8344,0.000248,15715
6,G,Combined,70%,0.3,1.7,70.0,10,Describe COPD management,1.0,0.9998,2.0253,0.008734,15560
6,G,Combined,70%,0.3,1.7,70.0,10,What are signs of liver disease?,0.9,0.9375,1.3592,0.000641,15447
6,G,Combined,70%,0.3,1.7,70.0,10,How is epilepsy treated?,0.8,0.9002,1.8867,0.003517,15990
6,G,Combined,70%,0.3,1.7,70.0,10,What causes osteoporosis?,0.9,0.9557,2.0253,0.003778,16864
6,G,Combined,70%,0.3,1.7,70.0,10,Describe symptoms of anxiety disorder,0.8,0.9031,2.164,0.004844,15487
6,G,Combined,70%,0.3,1.7,70.0,10,What medications are used for HIV/AIDS?,1.0,0.9998,1.6957,0.003537,15290
6,G,Combined,70%,0.3,1.7,70.0,10,How is pneumonia diagnosed?,0.9,0.9473,1.973,0.003684,17843
6,G,Combined,70%,0.3,1.7,70.0,10,What causes inflammatory bowel disease?,1.0,0.9985,1.6957,0.000205,15700
6,G,Combined,70%,0.3,1.7,70.0,10,Describe treatment for chronic kidney disease,1.0,0.9987,2.0253,0.003749,17937
6,G,Combined,70%,0.3,1.7,70.0,10,What are symptoms of schizophrenia?,1.0,0.9999,1.973,0.004812,16397
6,G,Combined,70%,0.3,1.7,70.0,10,How is bipolar disorder managed?,1.0,0.9999,1.8867,0.004177,16116
6,G,Combined,70%,0.3,1.7,70.0,10,What causes psoriasis?,1.0,1.0,2.164,0.005901,15597
6,G,Combined,70%,0.3,1.7,70.0,10,Describe sepsis treatment,1.0,1.0,1.8344,0.005478,15454
6,G,Combined,70%,0.3,1.7,70.0,10,What are risk factors for cancer?,1.0,0.9991,1.8867,0.000375,15915
6,G,Combined,70%,0.3,1.7,70.0,10,How is ALS diagnosed?,0.9,0.9532,2.0253,0.004699,15247
7,G,Combined,0%,1.0,1.0,0.0,10,What are the symptoms of type 2 diabetes?,1.0,1.0,2.0253,0.005505,33949
7,G,Combined,0%,1.0,1.0,0.0,10,How is hypertension treated?,1.0,1.0,2.164,0.008063,23159
7,G,Combined,0%,1.0,1.0,0.0,10,What causes heart failure?,1.0,1.0,2.0253,0.001569,20099
7,G,Combined,0%,1.0,1.0,0.0,10,Describe the symptoms of lupus,1.0,1.0,2.164,0.008025,19346
7,G,Combined,0%,1.0,1.0,0.0,10,What medications treat depression?,1.0,1.0,1.8344,0.005777,17950
7,G,Combined,0%,1.0,1.0,0.0,10,How does Alzheimer's disease progress?,1.0,1.0,2.0253,0.007851,17051
7,G,Combined,0%,1.0,1.0,0.0,10,What are risk factors for stroke?,1.0,1.0,1.4979,0.007439,16674
7,G,Combined,0%,1.0,1.0,0.0,10,How is asthma managed long-term?,1.0,1.0,2.0253,0.005191,16330
7,G,Combined,0%,1.0,1.0,0.0,10,What are signs of kidney disease?,1.0,1.0,1.6957,0.004912,16545
7,G,Combined,0%,1.0,1.0,0.0,10,Describe rheumatoid arthritis treatment,1.0,1.0,2.0253,0.007646,16184
7,G,Combined,0%,1.0,1.0,0.0,10,What causes Parkinson's disease?,1.0,1.0,2.0253,0.009459,19791
7,G,Combined,0%,1.0,1.0,0.0,10,How is multiple sclerosis diagnosed?,1.0,1.0,1.973,0.008741,15973
7,G,Combined,0%,1.0,1.0,0.0,10,What are symptoms of anemia?,1.0,1.0,2.0253,0.004847,16528
7,G,Combined,0%,1.0,1.0,0.0,10,How is hypothyroidism treated?,1.0,1.0,2.0253,0.006409,15140
7,G,Combined,0%,1.0,1.0,0.0,10,What causes chronic pain?,1.0,1.0,1.973,0.000479,15990
7,G,Combined,0%,1.0,1.0,0.0,10,Describe COPD management,1.0,1.0,2.0253,0.020794,17401
7,G,Combined,0%,1.0,1.0,0.0,10,What are signs of liver disease?,1.0,1.0,1.8867,0.000719,16717
7,G,Combined,0%,1.0,1.0,0.0,10,How is epilepsy treated?,1.0,1.0,2.0253,0.007898,16188
7,G,Combined,0%,1.0,1.0,0.0,10,What causes osteoporosis?,1.0,1.0,2.0253,0.008767,15761
7,G,Combined,0%,1.0,1.0,0.0,10,Describe symptoms of anxiety disorder,1.0,1.0,2.0253,0.012617,16113
7,G,Combined,0%,1.0,1.0,0.0,10,What medications are used for HIV/AIDS?,1.0,1.0,2.164,0.006178,16235
7,G,Combined,0%,1.0,1.0,0.0,10,How is pneumonia diagnosed?,1.0,1.0,2.0253,0.008521,16841
7,G,Combined,0%,1.0,1.0,0.0,10,What causes inflammatory bowel disease?,1.0,1.0,1.6957,0.000444,16329
7,G,Combined,0%,1.0,1.0,0.0,10,Describe treatment for chronic kidney disease,1.0,1.0,1.8867,0.00808,16165
7,G,Combined,0%,1.0,1.0,0.0,10,What are symptoms of schizophrenia?,1.0,1.0,1.7481,0.011327,15738
7,G,Combined,0%,1.0,1.0,0.0,10,How is bipolar disorder managed?,1.0,1.0,2.0253,0.009573,16754
7,G,Combined,0%,1.0,1.0,0.0,10,What causes psoriasis?,1.0,1.0,1.8344,0.014653,16454
7,G,Combined,0%,1.0,1.0,0.0,10,Describe sepsis treatment,1.0,1.0,2.0253,0.012907,15577
7,G,Combined,0%,1.0,1.0,0.0,10,What are risk factors for cancer?,1.0,1.0,2.0253,0.000536,16409
7,G,Combined,0%,1.0,1.0,0.0,10,How is ALS diagnosed?,1.0,1.0,1.8867,0.010726,16004
7,G,Combined,1%,0.99,1.01,1.0,10,What are the symptoms of type 2 diabetes?,1.0,1.0,1.6434,0.005518,26152
7,G,Combined,1%,0.99,1.01,1.0,10,How is hypertension treated?,1.0,1.0,2.164,0.008077,20171
7,G,Combined,1%,0.99,1.01,1.0,10,What causes heart failure?,1.0,1.0,1.8867,0.001573,18001
7,G,Combined,1%,0.99,1.01,1.0,10,Describe the symptoms of lupus,1.0,1.0,1.973,0.00804,16005
7,G,Combined,1%,0.99,1.01,1.0,10,What medications treat depression?,1.0,1.0,1.8344,0.00579,16898
7,G,Combined,1%,0.99,1.01,1.0,10,How does Alzheimer's disease progress?,1.0,1.0,2.0253,0.007858,31767
7,G,Combined,1%,0.99,1.01,1.0,10,What are risk factors for stroke?,1.0,1.0,1.4979,0.007452,25848
7,G,Combined,1%,0.99,1.01,1.0,10,How is asthma managed long-term?,1.0,1.0,2.0253,0.005188,17653
7,G,Combined,1%,0.99,1.01,1.0,10,What are signs of kidney disease?,1.0,1.0,1.6957,0.004905,17400
7,G,Combined,1%,0.99,1.01,1.0,10,Describe rheumatoid arthritis treatment,1.0,1.0,2.0253,0.007657,17603
7,G,Combined,1%,0.99,1.01,1.0,10,What causes Parkinson's disease?,1.0,1.0,2.0253,0.009469,17245
7,G,Combined,1%,0.99,1.01,1.0,10,How is multiple sclerosis diagnosed?,1.0,1.0,1.973,0.008744,16898
7,G,Combined,1%,0.99,1.01,1.0,10,What are symptoms of anemia?,1.0,1.0,2.0253,0.004869,16962
7,G,Combined,1%,0.99,1.01,1.0,10,How is hypothyroidism treated?,1.0,1.0,2.0253,0.006404,21202
7,G,Combined,1%,0.99,1.01,1.0,10,What causes chronic pain?,1.0,1.0,1.973,0.000479,17010
7,G,Combined,1%,0.99,1.01,1.0,10,Describe COPD management,1.0,1.0,2.0253,0.020811,17633
7,G,Combined,1%,0.99,1.01,1.0,10,What are signs of liver disease?,1.0,1.0,1.8867,0.000717,17115
7,G,Combined,1%,0.99,1.01,1.0,10,How is epilepsy treated?,1.0,1.0,2.0253,0.007879,17990
7,G,Combined,1%,0.99,1.01,1.0,10,What causes osteoporosis?,0.9,0.9557,2.0253,0.008767,17802
7,G,Combined,1%,0.99,1.01,1.0,10,Describe symptoms of anxiety disorder,1.0,1.0,2.0253,0.012615,16549
7,G,Combined,1%,0.99,1.01,1.0,10,What medications are used for HIV/AIDS?,1.0,1.0,2.164,0.006183,16177
7,G,Combined,1%,0.99,1.01,1.0,10,How is pneumonia diagnosed?,1.0,1.0,1.8867,0.008516,15839
7,G,Combined,1%,0.99,1.01,1.0,10,What causes inflammatory bowel disease?,1.0,1.0,1.6957,0.000443,15662
7,G,Combined,1%,0.99,1.01,1.0,10,Describe treatment for chronic kidney disease,1.0,1.0,1.8867,0.008089,16629
7,G,Combined,1%,0.99,1.01,1.0,10,What are symptoms of schizophrenia?,1.0,1.0,1.7481,0.011324,16682
7,G,Combined,1%,0.99,1.01,1.0,10,How is bipolar disorder managed?,1.0,1.0,2.0253,0.009587,17468
7,G,Combined,1%,0.99,1.01,1.0,10,What causes psoriasis?,1.0,1.0,1.8344,0.014634,16192
7,G,Combined,1%,0.99,1.01,1.0,10,Describe sepsis treatment,1.0,1.0,2.0253,0.012903,16342
7,G,Combined,1%,0.99,1.01,1.0,10,What are risk factors for cancer?,1.0,1.0,2.0253,0.000538,16947
7,G,Combined,1%,0.99,1.01,1.0,10,How is ALS diagnosed?,1.0,1.0,1.8867,0.010712,16681
7,G,Combined,5%,0.95,1.05,5.0,10,What are the symptoms of type 2 diabetes?,1.0,1.0,1.8344,0.005541,32593
7,G,Combined,5%,0.95,1.05,5.0,10,How is hypertension treated?,0.9,0.9513,2.164,0.007987,23616
7,G,Combined,5%,0.95,1.05,5.0,10,What causes heart failure?,1.0,1.0,1.8867,0.001531,20286
7,G,Combined,5%,0.95,1.05,5.0,10,Describe the symptoms of lupus,1.0,1.0,2.164,0.008057,18506
7,G,Combined,5%,0.95,1.05,5.0,10,What medications treat depression?,1.0,1.0,1.8344,0.005769,17432
7,G,Combined,5%,0.95,1.05,5.0,10,How does Alzheimer's disease progress?,0.9,0.954,1.8867,0.007697,16614
7,G,Combined,5%,0.95,1.05,5.0,10,What are risk factors for stroke?,0.9,0.946,1.4979,0.007467,16643
7,G,Combined,5%,0.95,1.05,5.0,10,How is asthma managed long-term?,1.0,1.0,2.0253,0.005108,17872
7,G,Combined,5%,0.95,1.05,5.0,10,What are signs of kidney disease?,1.0,1.0,1.6957,0.004891,17224
7,G,Combined,5%,0.95,1.05,5.0,10,Describe rheumatoid arthritis treatment,1.0,1.0,2.0253,0.007565,16221
7,G,Combined,5%,0.95,1.05,5.0,10,What causes Parkinson's disease?,1.0,1.0,2.0253,0.009446,16196
7,G,Combined,5%,0.95,1.05,5.0,10,How is multiple sclerosis diagnosed?,1.0,1.0,1.973,0.008646,15990
7,G,Combined,5%,0.95,1.05,5.0,10,What are symptoms of anemia?,1.0,1.0,2.0253,0.004779,15489
7,G,Combined,5%,0.95,1.05,5.0,10,How is hypothyroidism treated?,1.0,1.0,1.8344,0.00652,14744
7,G,Combined,5%,0.95,1.05,5.0,10,What causes chronic pain?,0.9,0.9406,2.0253,0.000495,16631
7,G,Combined,5%,0.95,1.05,5.0,10,Describe COPD management,1.0,1.0,2.0253,0.02062,14832
7,G,Combined,5%,0.95,1.05,5.0,10,What are signs of liver disease?,1.0,1.0,2.0253,0.000729,15573
7,G,Combined,5%,0.95,1.05,5.0,10,How is epilepsy treated?,1.0,1.0,2.0253,0.007919,15261
7,G,Combined,5%,0.95,1.05,5.0,10,What causes osteoporosis?,0.9,0.9557,2.0253,0.008704,15250
7,G,Combined,5%,0.95,1.05,5.0,10,Describe symptoms of anxiety disorder,0.9,0.9528,2.0253,0.012369,15470
7,G,Combined,5%,0.95,1.05,5.0,10,What medications are used for HIV/AIDS?,1.0,1.0,2.164,0.006181,15723
7,G,Combined,5%,0.95,1.05,5.0,10,How is pneumonia diagnosed?,1.0,1.0,2.0253,0.008549,15606
7,G,Combined,5%,0.95,1.05,5.0,10,What causes inflammatory bowel disease?,1.0,1.0,1.8867,0.00045,15525
7,G,Combined,5%,0.95,1.05,5.0,10,Describe treatment for chronic kidney disease,1.0,1.0,1.8344,0.008145,14861
7,G,Combined,5%,0.95,1.05,5.0,10,What are symptoms of schizophrenia?,1.0,1.0,1.7481,0.011225,14767
7,G,Combined,5%,0.95,1.05,5.0,10,How is bipolar disorder managed?,1.0,1.0,1.8867,0.009594,16881
7,G,Combined,5%,0.95,1.05,5.0,10,What causes psoriasis?,1.0,1.0,1.8344,0.014709,18448
7,G,Combined,5%,0.95,1.05,5.0,10,Describe sepsis treatment,1.0,1.0,2.0253,0.01295,16535
7,G,Combined,5%,0.95,1.05,5.0,10,What are risk factors for cancer?,1.0,1.0,2.164,0.000552,13206
7,G,Combined,5%,0.95,1.05,5.0,10,How is ALS diagnosed?,1.0,1.0,1.8867,0.01063,16064
7,G,Combined,10%,0.9,1.1,10.0,10,What are the symptoms of type 2 diabetes?,1.0,1.0,1.6434,0.005498,30284
7,G,Combined,10%,0.9,1.1,10.0,10,How is hypertension treated?,1.0,1.0,2.164,0.008056,22057
7,G,Combined,10%,0.9,1.1,10.0,10,What causes heart failure?,1.0,1.0,2.164,0.001702,18039
7,G,Combined,10%,0.9,1.1,10.0,10,Describe the symptoms of lupus,1.0,1.0,2.164,0.007918,17361
7,G,Combined,10%,0.9,1.1,10.0,10,What medications treat depression?,1.0,1.0,1.8344,0.005578,18716
7,G,Combined,10%,0.9,1.1,10.0,10,How does Alzheimer's disease progress?,1.0,1.0,1.8867,0.007784,17489
7,G,Combined,10%,0.9,1.1,10.0,10,What are risk factors for stroke?,0.9,0.946,1.4979,0.007368,16687
7,G,Combined,10%,0.9,1.1,10.0,10,How is asthma managed long-term?,1.0,1.0,2.0253,0.005178,16531
7,G,Combined,10%,0.9,1.1,10.0,10,What are signs of kidney disease?,1.0,1.0,1.6957,0.005004,16064
7,G,Combined,10%,0.9,1.1,10.0,10,Describe rheumatoid arthritis treatment,1.0,1.0,2.0253,0.007683,16342
7,G,Combined,10%,0.9,1.1,10.0,10,What causes Parkinson's disease?,1.0,1.0,2.0253,0.009499,15695
7,G,Combined,10%,0.9,1.1,10.0,10,How is multiple sclerosis diagnosed?,1.0,1.0,1.973,0.008727,15170
7,G,Combined,10%,0.9,1.1,10.0,10,What are symptoms of anemia?,1.0,1.0,1.8867,0.004989,15637
7,G,Combined,10%,0.9,1.1,10.0,10,How is hypothyroidism treated?,1.0,1.0,2.0253,0.006409,14661
7,G,Combined,10%,0.9,1.1,10.0,10,What causes chronic pain?,0.9,0.9406,2.164,0.000474,15580
7,G,Combined,10%,0.9,1.1,10.0,10,Describe COPD management,0.9,0.9644,2.0253,0.02066,15474
7,G,Combined,10%,0.9,1.1,10.0,10,What are signs of liver disease?,1.0,1.0,2.0253,0.000738,16029
7,G,Combined,10%,0.9,1.1,10.0,10,How is epilepsy treated?,1.0,1.0,1.8867,0.007908,17069
7,G,Combined,10%,0.9,1.1,10.0,10,What causes osteoporosis?,1.0,1.0,2.0253,0.008665,16305
7,G,Combined,10%,0.9,1.1,10.0,10,Describe symptoms of anxiety disorder,1.0,1.0,2.0253,0.012344,15752
7,G,Combined,10%,0.9,1.1,10.0,10,What medications are used for HIV/AIDS?,1.0,1.0,2.0253,0.006236,15061
7,G,Combined,10%,0.9,1.1,10.0,10,How is pneumonia diagnosed?,1.0,1.0,2.0253,0.008322,15884
7,G,Combined,10%,0.9,1.1,10.0,10,What causes inflammatory bowel disease?,1.0,1.0,2.0253,0.000448,16308
7,G,Combined,10%,0.9,1.1,10.0,10,Describe treatment for chronic kidney disease,1.0,1.0,1.8344,0.008046,16165
7,G,Combined,10%,0.9,1.1,10.0,10,What are symptoms of schizophrenia?,1.0,1.0,1.7481,0.011408,15901
7,G,Combined,10%,0.9,1.1,10.0,10,How is bipolar disorder managed?,1.0,0.9999,1.8867,0.009305,16161
7,G,Combined,10%,0.9,1.1,10.0,10,What causes psoriasis?,1.0,1.0,1.6957,0.014424,15468
7,G,Combined,10%,0.9,1.1,10.0,10,Describe sepsis treatment,1.0,1.0,2.0253,0.012613,14955
7,G,Combined,10%,0.9,1.1,10.0,10,What are risk factors for cancer?,1.0,1.0,2.164,0.000571,15984
7,G,Combined,10%,0.9,1.1,10.0,10,How is ALS diagnosed?,1.0,1.0,1.8867,0.010881,15409
7,G,Combined,20%,0.8,1.2,20.0,10,What are the symptoms of type 2 diabetes?,1.0,1.0,1.6434,0.004826,32538
7,G,Combined,20%,0.8,1.2,20.0,10,How is hypertension treated?,0.9,0.9513,2.164,0.007909,26622
7,G,Combined,20%,0.8,1.2,20.0,10,What causes heart failure?,1.0,1.0,2.164,0.001627,18511
7,G,Combined,20%,0.8,1.2,20.0,10,Describe the symptoms of lupus,1.0,1.0,1.973,0.007717,18625
7,G,Combined,20%,0.8,1.2,20.0,10,What medications treat depression?,1.0,1.0,1.973,0.005419,16616
7,G,Combined,20%,0.8,1.2,20.0,10,How does Alzheimer's disease progress?,0.9,0.954,1.8867,0.007065,16498
7,G,Combined,20%,0.8,1.2,20.0,10,What are risk factors for stroke?,0.9,0.9457,1.4708,0.007613,17343
7,G,Combined,20%,0.8,1.2,20.0,10,How is asthma managed long-term?,1.0,0.9999,2.0253,0.005098,16008
7,G,Combined,20%,0.8,1.2,20.0,10,What are signs of kidney disease?,1.0,0.9992,1.8344,0.004838,15413
7,G,Combined,20%,0.8,1.2,20.0,10,Describe rheumatoid arthritis treatment,1.0,0.9999,2.0253,0.007468,15854
7,G,Combined,20%,0.8,1.2,20.0,10,What causes Parkinson's disease?,1.0,1.0,2.0253,0.009192,17287
7,G,Combined,20%,0.8,1.2,20.0,10,How is multiple sclerosis diagnosed?,1.0,1.0,1.8344,0.008522,18806
7,G,Combined,20%,0.8,1.2,20.0,10,What are symptoms of anemia?,1.0,1.0,2.0253,0.004378,15349
7,G,Combined,20%,0.8,1.2,20.0,10,How is hypothyroidism treated?,1.0,1.0,2.0253,0.005964,16483
7,G,Combined,20%,0.8,1.2,20.0,10,What causes chronic pain?,0.9,0.9376,1.973,0.000437,15533
7,G,Combined,20%,0.8,1.2,20.0,10,Describe COPD management,1.0,1.0,1.8867,0.020187,15346
7,G,Combined,20%,0.8,1.2,20.0,10,What are signs of liver disease?,1.0,0.9998,1.8867,0.000722,15743
7,G,Combined,20%,0.8,1.2,20.0,10,How is epilepsy treated?,1.0,1.0,2.0253,0.00736,14863
7,G,Combined,20%,0.8,1.2,20.0,10,What causes osteoporosis?,0.9,0.9556,2.0253,0.008698,15987
7,G,Combined,20%,0.8,1.2,20.0,10,Describe symptoms of anxiety disorder,0.9,0.9528,2.0253,0.012562,14889
7,G,Combined,20%,0.8,1.2,20.0,10,What medications are used for HIV/AIDS?,0.9,0.9517,1.973,0.005936,14486
7,G,Combined,20%,0.8,1.2,20.0,10,How is pneumonia diagnosed?,0.9,0.9501,2.164,0.007866,15094
7,G,Combined,20%,0.8,1.2,20.0,10,What causes inflammatory bowel disease?,1.0,0.9996,2.0253,0.000415,16678
7,G,Combined,20%,0.8,1.2,20.0,10,Describe treatment for chronic kidney disease,1.0,0.9999,1.8344,0.007717,18029
7,G,Combined,20%,0.8,1.2,20.0,10,What are symptoms of schizophrenia?,1.0,0.9999,1.7481,0.01032,16678
7,G,Combined,20%,0.8,1.2,20.0,10,How is bipolar disorder managed?,1.0,0.9999,2.0253,0.008266,15702
7,G,Combined,20%,0.8,1.2,20.0,10,What causes psoriasis?,1.0,1.0,1.8344,0.013771,15604
7,G,Combined,20%,0.8,1.2,20.0,10,Describe sepsis treatment,1.0,1.0,2.0253,0.011992,15966
7,G,Combined,20%,0.8,1.2,20.0,10,What are risk factors for cancer?,1.0,1.0,2.3026,0.00051,15196
7,G,Combined,20%,0.8,1.2,20.0,10,How is ALS diagnosed?,1.0,0.9997,1.6957,0.010173,15086
7,G,Combined,30%,0.7,1.3,30.0,10,What are the symptoms of type 2 diabetes?,1.0,0.9997,1.8867,0.004573,18140
7,G,Combined,30%,0.7,1.3,30.0,10,How is hypertension treated?,0.9,0.9513,2.164,0.007194,17768
7,G,Combined,30%,0.7,1.3,30.0,10,What causes heart failure?,1.0,1.0,2.3026,0.001373,16225
7,G,Combined,30%,0.7,1.3,30.0,10,Describe the symptoms of lupus,1.0,1.0,2.164,0.007336,15740
7,G,Combined,30%,0.7,1.3,30.0,10,What medications treat depression?,1.0,0.9999,1.8344,0.005151,15464
7,G,Combined,30%,0.7,1.3,30.0,10,How does Alzheimer's disease progress?,1.0,1.0,1.6957,0.00696,15372
7,G,Combined,30%,0.7,1.3,30.0,10,What are risk factors for stroke?,0.9,0.9437,1.4979,0.006191,15838
7,G,Combined,30%,0.7,1.3,30.0,10,How is asthma managed long-term?,1.0,1.0,2.164,0.004579,17067
7,G,Combined,30%,0.7,1.3,30.0,10,What are signs of kidney disease?,0.9,0.944,1.6957,0.004834,16265
7,G,Combined,30%,0.7,1.3,30.0,10,Describe rheumatoid arthritis treatment,0.9,0.9514,2.164,0.006562,15126
7,G,Combined,30%,0.7,1.3,30.0,10,What causes Parkinson's disease?,1.0,1.0,2.0253,0.008338,15385
7,G,Combined,30%,0.7,1.3,30.0,10,How is multiple sclerosis diagnosed?,1.0,1.0,1.973,0.007535,15299
7,G,Combined,30%,0.7,1.3,30.0,10,What are symptoms of anemia?,1.0,0.9999,1.8867,0.004847,15299
7,G,Combined,30%,0.7,1.3,30.0,10,How is hypothyroidism treated?,1.0,1.0,1.8344,0.005626,14507
7,G,Combined,30%,0.7,1.3,30.0,10,What causes chronic pain?,0.9,0.9376,2.0253,0.000385,16082
7,G,Combined,30%,0.7,1.3,30.0,10,Describe COPD management,1.0,1.0,1.8867,0.018091,14083
7,G,Combined,30%,0.7,1.3,30.0,10,What are signs of liver disease?,1.0,0.9998,1.6094,0.0007,14814
7,G,Combined,30%,0.7,1.3,30.0,10,How is epilepsy treated?,0.9,0.9513,2.0253,0.007239,16110
7,G,Combined,30%,0.7,1.3,30.0,10,What causes osteoporosis?,1.0,1.0,2.164,0.007706,15006
7,G,Combined,30%,0.7,1.3,30.0,10,Describe symptoms of anxiety disorder,0.9,0.9503,2.164,0.011481,14599
7,G,Combined,30%,0.7,1.3,30.0,10,What medications are used for HIV/AIDS?,0.9,0.9519,2.0253,0.005684,14163
7,G,Combined,30%,0.7,1.3,30.0,10,How is pneumonia diagnosed?,1.0,1.0,1.973,0.007447,15173
7,G,Combined,30%,0.7,1.3,30.0,10,What causes inflammatory bowel disease?,1.0,0.9995,2.0253,0.000456,16993
7,G,Combined,30%,0.7,1.3,30.0,10,Describe treatment for chronic kidney disease,1.0,0.9998,1.973,0.00778,17478
7,G,Combined,30%,0.7,1.3,30.0,10,What are symptoms of schizophrenia?,1.0,0.9997,1.6094,0.009511,15191
7,G,Combined,30%,0.7,1.3,30.0,10,How is bipolar disorder managed?,0.9,0.9552,1.8867,0.008463,14802
7,G,Combined,30%,0.7,1.3,30.0,10,What causes psoriasis?,1.0,1.0,1.6957,0.012567,15654
7,G,Combined,30%,0.7,1.3,30.0,10,Describe sepsis treatment,1.0,1.0,2.164,0.010913,16329
7,G,Combined,30%,0.7,1.3,30.0,10,What are risk factors for cancer?,1.0,0.9999,1.973,0.00058,18275
7,G,Combined,30%,0.7,1.3,30.0,10,How is ALS diagnosed?,1.0,1.0,2.0253,0.009883,17094
7,G,Combined,50%,0.5,1.5,50.0,10,What are the symptoms of type 2 diabetes?,1.0,1.0,1.7481,0.0038,18343
7,G,Combined,50%,0.5,1.5,50.0,10,How is hypertension treated?,1.0,1.0,2.0253,0.004405,17263
7,G,Combined,50%,0.5,1.5,50.0,10,What causes heart failure?,1.0,1.0,2.164,0.001233,17408
7,G,Combined,50%,0.5,1.5,50.0,10,Describe the symptoms of lupus,0.9,0.951,2.164,0.005341,15358
7,G,Combined,50%,0.5,1.5,50.0,10,What medications treat depression?,1.0,0.9997,1.8867,0.003707,14382
7,G,Combined,50%,0.5,1.5,50.0,10,How does Alzheimer's disease progress?,0.9,0.9539,1.8867,0.004905,14883
7,G,Combined,50%,0.5,1.5,50.0,10,What are risk factors for stroke?,0.8,0.8772,1.3592,0.004684,14808
7,G,Combined,50%,0.5,1.5,50.0,10,How is asthma managed long-term?,1.0,1.0,2.164,0.003618,15889
7,G,Combined,50%,0.5,1.5,50.0,10,What are signs of kidney disease?,0.8,0.89,2.0253,0.003387,16095
7,G,Combined,50%,0.5,1.5,50.0,10,Describe rheumatoid arthritis treatment,0.9,0.9515,2.0253,0.005118,17346
7,G,Combined,50%,0.5,1.5,50.0,10,What causes Parkinson's disease?,0.9,0.9551,2.164,0.006877,16060
7,G,Combined,50%,0.5,1.5,50.0,10,How is multiple sclerosis diagnosed?,1.0,1.0,2.0253,0.006002,16249
7,G,Combined,50%,0.5,1.5,50.0,10,What are symptoms of anemia?,1.0,1.0,2.164,0.003115,16271
7,G,Combined,50%,0.5,1.5,50.0,10,How is hypothyroidism treated?,1.0,1.0,2.0253,0.004674,16337
7,G,Combined,50%,0.5,1.5,50.0,10,What causes chronic pain?,0.9,0.94,1.8344,0.000328,14791
7,G,Combined,50%,0.5,1.5,50.0,10,Describe COPD management,1.0,0.9987,2.0253,0.01474,14417
7,G,Combined,50%,0.5,1.5,50.0,10,What are signs of liver disease?,1.0,0.9995,1.8867,0.000396,15104
7,G,Combined,50%,0.5,1.5,50.0,10,How is epilepsy treated?,1.0,0.9999,1.973,0.004813,14883
7,G,Combined,50%,0.5,1.5,50.0,10,What causes osteoporosis?,1.0,1.0,2.164,0.005901,14910
7,G,Combined,50%,0.5,1.5,50.0,10,Describe symptoms of anxiety disorder,0.9,0.9495,2.164,0.008433,14878
7,G,Combined,50%,0.5,1.5,50.0,10,What medications are used for HIV/AIDS?,0.9,0.9519,2.164,0.004161,15840
7,G,Combined,50%,0.5,1.5,50.0,10,How is pneumonia diagnosed?,0.9,0.9499,2.0253,0.005289,15453
7,G,Combined,50%,0.5,1.5,50.0,10,What causes inflammatory bowel disease?,1.0,0.9993,2.0253,0.000304,15945
7,G,Combined,50%,0.5,1.5,50.0,10,Describe treatment for chronic kidney disease,1.0,1.0,1.973,0.005525,15580
7,G,Combined,50%,0.5,1.5,50.0,10,What are symptoms of schizophrenia?,1.0,0.9997,1.7481,0.007848,15351
7,G,Combined,50%,0.5,1.5,50.0,10,How is bipolar disorder managed?,1.0,0.9986,1.6434,0.006793,15384
7,G,Combined,50%,0.5,1.5,50.0,10,What causes psoriasis?,1.0,1.0,2.164,0.011403,15286
7,G,Combined,50%,0.5,1.5,50.0,10,Describe sepsis treatment,0.9,0.9547,2.164,0.009036,15291
7,G,Combined,50%,0.5,1.5,50.0,10,What are risk factors for cancer?,0.9,0.9395,2.0253,0.000526,15440
7,G,Combined,50%,0.5,1.5,50.0,10,How is ALS diagnosed?,0.9,0.9559,2.164,0.007808,15006
7,G,Combined,70%,0.3,1.7,70.0,10,What are the symptoms of type 2 diabetes?,0.9,0.9463,1.6957,0.002956,22073
7,G,Combined,70%,0.3,1.7,70.0,10,How is hypertension treated?,1.0,0.9999,2.0253,0.004057,20356
7,G,Combined,70%,0.3,1.7,70.0,10,What causes heart failure?,1.0,0.9994,2.164,0.000844,20352
7,G,Combined,70%,0.3,1.7,70.0,10,Describe the symptoms of lupus,0.9,0.951,2.164,0.003428,19817
7,G,Combined,70%,0.3,1.7,70.0,10,What medications treat depression?,0.9,0.9479,1.973,0.003108,18389
7,G,Combined,70%,0.3,1.7,70.0,10,How does Alzheimer's disease progress?,0.9,0.9517,1.5571,0.004049,18756
7,G,Combined,70%,0.3,1.7,70.0,10,What are risk factors for stroke?,0.8,0.8757,1.0889,0.003741,17392
7,G,Combined,70%,0.3,1.7,70.0,10,How is asthma managed long-term?,1.0,1.0,1.973,0.00224,16374
7,G,Combined,70%,0.3,1.7,70.0,10,What are signs of kidney disease?,0.8,0.89,1.6957,0.002058,16784
7,G,Combined,70%,0.3,1.7,70.0,10,Describe rheumatoid arthritis treatment,0.9,0.9515,1.8867,0.003685,18732
7,G,Combined,70%,0.3,1.7,70.0,10,What causes Parkinson's disease?,1.0,1.0,2.0253,0.004297,16826
7,G,Combined,70%,0.3,1.7,70.0,10,How is multiple sclerosis diagnosed?,0.9,0.9498,2.0253,0.003545,17571
7,G,Combined,70%,0.3,1.7,70.0,10,What are symptoms of anemia?,1.0,0.9999,2.0253,0.002291,16899
7,G,Combined,70%,0.3,1.7,70.0,10,How is hypothyroidism treated?,1.0,0.9994,1.7481,0.002899,16757
7,G,Combined,70%,0.3,1.7,70.0,10,What causes chronic pain?,0.9,0.94,1.7481,0.000262,16195
7,G,Combined,70%,0.3,1.7,70.0,10,Describe COPD management,0.9,0.9644,2.0253,0.010747,16891
7,G,Combined,70%,0.3,1.7,70.0,10,What are signs of liver disease?,0.9,0.9403,1.8344,0.000375,16620
7,G,Combined,70%,0.3,1.7,70.0,10,How is epilepsy treated?,0.8,0.9002,2.0253,0.00288,20336
7,G,Combined,70%,0.3,1.7,70.0,10,What causes osteoporosis?,0.9,0.9523,2.0253,0.00476,16636
7,G,Combined,70%,0.3,1.7,70.0,10,Describe symptoms of anxiety disorder,0.8,0.9031,2.0253,0.004829,17817
7,G,Combined,70%,0.3,1.7,70.0,10,What medications are used for HIV/AIDS?,0.9,0.9519,2.0253,0.002998,16698
7,G,Combined,70%,0.3,1.7,70.0,10,How is pneumonia diagnosed?,0.9,0.9498,1.6957,0.004487,16517
7,G,Combined,70%,0.3,1.7,70.0,10,What causes inflammatory bowel disease?,1.0,0.9987,1.8344,0.000265,16809
7,G,Combined,70%,0.3,1.7,70.0,10,Describe treatment for chronic kidney disease,1.0,1.0,2.0253,0.003668,16287
7,G,Combined,70%,0.3,1.7,70.0,10,What are symptoms of schizophrenia?,1.0,0.9999,1.8344,0.00406,16292
7,G,Combined,70%,0.3,1.7,70.0,10,How is bipolar disorder managed?,0.9,0.9551,1.6957,0.004382,16350
7,G,Combined,70%,0.3,1.7,70.0,10,What causes psoriasis?,1.0,0.9994,1.5048,0.007342,16007
7,G,Combined,70%,0.3,1.7,70.0,10,Describe sepsis treatment,1.0,0.9999,2.0253,0.006664,16358
7,G,Combined,70%,0.3,1.7,70.0,10,What are risk factors for cancer?,0.9,0.9381,2.164,0.000387,16620
7,G,Combined,70%,0.3,1.7,70.0,10,How is ALS diagnosed?,0.8,0.9104,1.8867,0.004552,16242
8,G,Combined,0%,1.0,1.0,0.0,10,What are the symptoms of type 2 diabetes?,1.0,1.0,2.0253,0.005505,28221
8,G,Combined,0%,1.0,1.0,0.0,10,How is hypertension treated?,1.0,1.0,2.164,0.008063,19232
8,G,Combined,0%,1.0,1.0,0.0,10,What causes heart failure?,1.0,1.0,2.0253,0.001569,17115
8,G,Combined,0%,1.0,1.0,0.0,10,Describe the symptoms of lupus,1.0,1.0,2.164,0.008025,17291
8,G,Combined,0%,1.0,1.0,0.0,10,What medications treat depression?,1.0,1.0,1.8344,0.005777,15845
8,G,Combined,0%,1.0,1.0,0.0,10,How does Alzheimer's disease progress?,1.0,1.0,2.0253,0.007851,16035
8,G,Combined,0%,1.0,1.0,0.0,10,What are risk factors for stroke?,1.0,1.0,1.4979,0.007439,15788
8,G,Combined,0%,1.0,1.0,0.0,10,How is asthma managed long-term?,1.0,1.0,2.0253,0.005191,17110
8,G,Combined,0%,1.0,1.0,0.0,10,What are signs of kidney disease?,1.0,1.0,1.6957,0.004912,16846
8,G,Combined,0%,1.0,1.0,0.0,10,Describe rheumatoid arthritis treatment,1.0,1.0,2.0253,0.007646,16518
8,G,Combined,0%,1.0,1.0,0.0,10,What causes Parkinson's disease?,1.0,1.0,2.0253,0.009459,16187
8,G,Combined,0%,1.0,1.0,0.0,10,How is multiple sclerosis diagnosed?,1.0,1.0,1.973,0.008741,15635
8,G,Combined,0%,1.0,1.0,0.0,10,What are symptoms of anemia?,1.0,1.0,2.0253,0.004847,16675
8,G,Combined,0%,1.0,1.0,0.0,10,How is hypothyroidism treated?,1.0,1.0,2.0253,0.006409,15746
8,G,Combined,0%,1.0,1.0,0.0,10,What causes chronic pain?,1.0,1.0,1.973,0.000479,15695
8,G,Combined,0%,1.0,1.0,0.0,10,Describe COPD management,1.0,1.0,2.0253,0.020794,15346
8,G,Combined,0%,1.0,1.0,0.0,10,What are signs of liver disease?,1.0,1.0,1.8867,0.000719,15912
8,G,Combined,0%,1.0,1.0,0.0,10,How is epilepsy treated?,1.0,1.0,2.0253,0.007898,15839
8,G,Combined,0%,1.0,1.0,0.0,10,What causes osteoporosis?,1.0,1.0,2.0253,0.008767,16758
8,G,Combined,0%,1.0,1.0,0.0,10,Describe symptoms of anxiety disorder,1.0,1.0,2.0253,0.012617,15844
8,G,Combined,0%,1.0,1.0,0.0,10,What medications are used for HIV/AIDS?,1.0,1.0,2.164,0.006178,15605
8,G,Combined,0%,1.0,1.0,0.0,10,How is pneumonia diagnosed?,1.0,1.0,2.0253,0.008521,16470
8,G,Combined,0%,1.0,1.0,0.0,10,What causes inflammatory bowel disease?,1.0,1.0,1.6957,0.000444,15657
8,G,Combined,0%,1.0,1.0,0.0,10,Describe treatment for chronic kidney disease,1.0,1.0,1.8867,0.00808,15244
8,G,Combined,0%,1.0,1.0,0.0,10,What are symptoms of schizophrenia?,1.0,1.0,1.7481,0.011327,15805
8,G,Combined,0%,1.0,1.0,0.0,10,How is bipolar disorder managed?,1.0,1.0,2.0253,0.009573,16396
8,G,Combined,0%,1.0,1.0,0.0,10,What causes psoriasis?,1.0,1.0,1.8344,0.014653,15541
8,G,Combined,0%,1.0,1.0,0.0,10,Describe sepsis treatment,1.0,1.0,2.0253,0.012907,15636
8,G,Combined,0%,1.0,1.0,0.0,10,What are risk factors for cancer?,1.0,1.0,2.0253,0.000536,16066
8,G,Combined,0%,1.0,1.0,0.0,10,How is ALS diagnosed?,1.0,1.0,1.8867,0.010726,16709
8,G,Combined,1%,0.99,1.01,1.0,10,What are the symptoms of type 2 diabetes?,1.0,1.0,1.8344,0.005501,18651
8,G,Combined,1%,0.99,1.01,1.0,10,How is hypertension treated?,1.0,1.0,2.164,0.008066,18241
8,G,Combined,1%,0.99,1.01,1.0,10,What causes heart failure?,1.0,1.0,1.8867,0.001566,20554
8,G,Combined,1%,0.99,1.01,1.0,10,Describe the symptoms of lupus,1.0,1.0,1.973,0.008013,17181
8,G,Combined,1%,0.99,1.01,1.0,10,What medications treat depression?,1.0,1.0,1.8344,0.005773,17351
8,G,Combined,1%,0.99,1.01,1.0,10,How does Alzheimer's disease progress?,1.0,1.0,2.0253,0.007837,16820
8,G,Combined,1%,0.99,1.01,1.0,10,What are risk factors for stroke?,1.0,1.0,1.4979,0.007433,18970
8,G,Combined,1%,0.99,1.01,1.0,10,How is asthma managed long-term?,1.0,1.0,2.0253,0.005183,16251
8,G,Combined,1%,0.99,1.01,1.0,10,What are signs of kidney disease?,1.0,1.0,1.8344,0.004925,17788
8,G,Combined,1%,0.99,1.01,1.0,10,Describe rheumatoid arthritis treatment,1.0,1.0,2.0253,0.00765,16608
8,G,Combined,1%,0.99,1.01,1.0,10,What causes Parkinson's disease?,1.0,1.0,2.0253,0.00943,16608
8,G,Combined,1%,0.99,1.01,1.0,10,How is multiple sclerosis diagnosed?,1.0,1.0,1.973,0.008722,17304
8,G,Combined,1%,0.99,1.01,1.0,10,What are symptoms of anemia?,1.0,1.0,2.0253,0.004844,15257
8,G,Combined,1%,0.99,1.01,1.0,10,How is hypothyroidism treated?,1.0,1.0,2.0253,0.006398,15350
8,G,Combined,1%,0.99,1.01,1.0,10,What causes chronic pain?,1.0,1.0,1.973,0.000475,15864
8,G,Combined,1%,0.99,1.01,1.0,10,Describe COPD management,0.9,0.9644,2.0253,0.020799,16011
8,G,Combined,1%,0.99,1.01,1.0,10,What are signs of liver disease?,1.0,1.0,1.8867,0.000725,15288
8,G,Combined,1%,0.99,1.01,1.0,10,How is epilepsy treated?,1.0,1.0,1.8867,0.007912,15055
8,G,Combined,1%,0.99,1.01,1.0,10,What causes osteoporosis?,1.0,1.0,2.0253,0.008765,15088
8,G,Combined,1%,0.99,1.01,1.0,10,Describe symptoms of anxiety disorder,1.0,1.0,2.0253,0.012631,14270
8,G,Combined,1%,0.99,1.01,1.0,10,What medications are used for HIV/AIDS?,1.0,1.0,2.164,0.00617,15381
8,G,Combined,1%,0.99,1.01,1.0,10,How is pneumonia diagnosed?,1.0,1.0,1.8867,0.008503,15246
8,G,Combined,1%,0.99,1.01,1.0,10,What causes inflammatory bowel disease?,1.0,1.0,1.6957,0.000445,16197
8,G,Combined,1%,0.99,1.01,1.0,10,Describe treatment for chronic kidney disease,1.0,1.0,1.8867,0.008067,15528
8,G,Combined,1%,0.99,1.01,1.0,10,What are symptoms of schizophrenia?,1.0,1.0,1.7481,0.011352,15497
8,G,Combined,1%,0.99,1.01,1.0,10,How is bipolar disorder managed?,1.0,1.0,1.8867,0.009554,15439
8,G,Combined,1%,0.99,1.01,1.0,10,What causes psoriasis?,1.0,1.0,1.8344,0.014686,15236
8,G,Combined,1%,0.99,1.01,1.0,10,Describe sepsis treatment,1.0,1.0,2.0253,0.0129,15488
8,G,Combined,1%,0.99,1.01,1.0,10,What are risk factors for cancer?,1.0,1.0,2.0253,0.000538,14953
8,G,Combined,1%,0.99,1.01,1.0,10,How is ALS diagnosed?,1.0,1.0,1.8867,0.010688,14326
8,G,Combined,5%,0.95,1.05,5.0,10,What are the symptoms of type 2 diabetes?,1.0,1.0,1.6434,0.005624,20179
8,G,Combined,5%,0.95,1.05,5.0,10,How is hypertension treated?,0.9,0.9513,2.164,0.008119,17846
8,G,Combined,5%,0.95,1.05,5.0,10,What causes heart failure?,1.0,1.0,2.164,0.001532,16145
8,G,Combined,5%,0.95,1.05,5.0,10,Describe the symptoms of lupus,1.0,1.0,2.164,0.007934,16221
8,G,Combined,5%,0.95,1.05,5.0,10,What medications treat depression?,1.0,1.0,1.8867,0.005708,16551
8,G,Combined,5%,0.95,1.05,5.0,10,How does Alzheimer's disease progress?,1.0,1.0,2.0253,0.007684,17441
8,G,Combined,5%,0.95,1.05,5.0,10,What are risk factors for stroke?,0.9,0.946,1.4979,0.007405,17271
8,G,Combined,5%,0.95,1.05,5.0,10,How is asthma managed long-term?,1.0,1.0,2.0253,0.005227,16368
8,G,Combined,5%,0.95,1.05,5.0,10,What are signs of kidney disease?,1.0,1.0,1.6957,0.004962,16202
8,G,Combined,5%,0.95,1.05,5.0,10,Describe rheumatoid arthritis treatment,1.0,1.0,2.0253,0.007537,16911
8,G,Combined,5%,0.95,1.05,5.0,10,What causes Parkinson's disease?,1.0,1.0,2.0253,0.009419,15617
8,G,Combined,5%,0.95,1.05,5.0,10,How is multiple sclerosis diagnosed?,1.0,1.0,1.973,0.00876,16234
8,G,Combined,5%,0.95,1.05,5.0,10,What are symptoms of anemia?,1.0,1.0,1.8867,0.005005,15802
8,G,Combined,5%,0.95,1.05,5.0,10,How is hypothyroidism treated?,1.0,1.0,1.8867,0.006446,14829
8,G,Combined,5%,0.95,1.05,5.0,10,What causes chronic pain?,0.9,0.9406,1.973,0.00049,15942
8,G,Combined,5%,0.95,1.05,5.0,10,Describe COPD management,1.0,1.0,2.0253,0.020545,15740
8,G,Combined,5%,0.95,1.05,5.0,10,What are signs of liver disease?,1.0,1.0,2.0253,0.000727,16148
8,G,Combined,5%,0.95,1.05,5.0,10,How is epilepsy treated?,1.0,1.0,2.0253,0.007827,15238
8,G,Combined,5%,0.95,1.05,5.0,10,What causes osteoporosis?,0.9,0.9557,2.0253,0.008651,14755
8,G,Combined,5%,0.95,1.05,5.0,10,Describe symptoms of anxiety disorder,1.0,1.0,2.0253,0.012722,14433
8,G,Combined,5%,0.95,1.05,5.0,10,What medications are used for HIV/AIDS?,1.0,1.0,2.164,0.006195,17704
8,G,Combined,5%,0.95,1.05,5.0,10,How is pneumonia diagnosed?,1.0,1.0,2.0253,0.008524,13766
8,G,Combined,5%,0.95,1.05,5.0,10,What causes inflammatory bowel disease?,1.0,1.0,1.8867,0.000449,18661
8,G,Combined,5%,0.95,1.05,5.0,10,Describe treatment for chronic kidney disease,1.0,1.0,1.8867,0.008118,16274
8,G,Combined,5%,0.95,1.05,5.0,10,What are symptoms of schizophrenia?,1.0,1.0,1.7481,0.011349,16570
8,G,Combined,5%,0.95,1.05,5.0,10,How is bipolar disorder managed?,1.0,0.9999,1.8867,0.009586,15598
8,G,Combined,5%,0.95,1.05,5.0,10,What causes psoriasis?,1.0,1.0,1.8344,0.014605,15013
8,G,Combined,5%,0.95,1.05,5.0,10,Describe sepsis treatment,1.0,1.0,2.0253,0.013028,16074
8,G,Combined,5%,0.95,1.05,5.0,10,What are risk factors for cancer?,1.0,1.0,2.164,0.000537,14986
8,G,Combined,5%,0.95,1.05,5.0,10,How is ALS diagnosed?,1.0,1.0,1.8867,0.010794,15018
8,G,Combined,10%,0.9,1.1,10.0,10,What are the symptoms of type 2 diabetes?,1.0,1.0,1.6957,0.005364,31745
8,G,Combined,10%,0.9,1.1,10.0,10,How is hypertension treated?,1.0,1.0,2.164,0.00819,21993
8,G,Combined,10%,0.9,1.1,10.0,10,What causes heart failure?,1.0,1.0,2.164,0.001505,19039
8,G,Combined,10%,0.9,1.1,10.0,10,Describe the symptoms of lupus,1.0,1.0,1.973,0.007777,18475
8,G,Combined,10%,0.9,1.1,10.0,10,What medications treat depression?,1.0,1.0,1.8344,0.005819,17821
8,G,Combined,10%,0.9,1.1,10.0,10,How does Alzheimer's disease progress?,1.0,1.0,1.8344,0.008005,17794
8,G,Combined,10%,0.9,1.1,10.0,10,What are risk factors for stroke?,1.0,1.0,1.4979,0.00737,16994
8,G,Combined,10%,0.9,1.1,10.0,10,How is asthma managed long-term?,1.0,1.0,2.0253,0.004972,18207
8,G,Combined,10%,0.9,1.1,10.0,10,What are signs of kidney disease?,1.0,1.0,1.6957,0.004808,16594
8,G,Combined,10%,0.9,1.1,10.0,10,Describe rheumatoid arthritis treatment,1.0,1.0,1.973,0.007776,16261
8,G,Combined,10%,0.9,1.1,10.0,10,What causes Parkinson's disease?,1.0,1.0,2.0253,0.009308,15892
8,G,Combined,10%,0.9,1.1,10.0,10,How is multiple sclerosis diagnosed?,1.0,1.0,1.8344,0.008349,16069
8,G,Combined,10%,0.9,1.1,10.0,10,What are symptoms of anemia?,1.0,1.0,2.0253,0.004671,15736
8,G,Combined,10%,0.9,1.1,10.0,10,How is hypothyroidism treated?,1.0,1.0,2.0253,0.006376,16695
8,G,Combined,10%,0.9,1.1,10.0,10,What causes chronic pain?,0.9,0.9406,2.164,0.000473,15489
8,G,Combined,10%,0.9,1.1,10.0,10,Describe COPD management,0.9,0.9644,2.0253,0.020469,15315
8,G,Combined,10%,0.9,1.1,10.0,10,What are signs of liver disease?,1.0,1.0,2.0253,0.000758,14914
8,G,Combined,10%,0.9,1.1,10.0,10,How is epilepsy treated?,1.0,1.0,1.8867,0.00793,15702
8,G,Combined,10%,0.9,1.1,10.0,10,What causes osteoporosis?,1.0,1.0,2.0253,0.008861,15402
8,G,Combined,10%,0.9,1.1,10.0,10,Describe symptoms of anxiety disorder,1.0,1.0,2.0253,0.012473,17269
8,G,Combined,10%,0.9,1.1,10.0,10,What medications are used for HIV/AIDS?,0.9,0.9519,2.164,0.006155,15608
8,G,Combined,10%,0.9,1.1,10.0,10,How is pneumonia diagnosed?,1.0,1.0,1.8867,0.008596,14896
8,G,Combined,10%,0.9,1.1,10.0,10,What causes inflammatory bowel disease?,1.0,1.0,1.8867,0.000446,15209
8,G,Combined,10%,0.9,1.1,10.0,10,Describe treatment for chronic kidney disease,1.0,1.0,1.8867,0.008028,15841
8,G,Combined,10%,0.9,1.1,10.0,10,What are symptoms of schizophrenia?,1.0,1.0,1.4979,0.011195,15160
8,G,Combined,10%,0.9,1.1,10.0,10,How is bipolar disorder managed?,1.0,1.0,1.8867,0.009464,16179
8,G,Combined,10%,0.9,1.1,10.0,10,What causes psoriasis?,1.0,1.0,1.8344,0.014576,14742
8,G,Combined,10%,0.9,1.1,10.0,10,Describe sepsis treatment,1.0,1.0,2.164,0.012568,14259
8,G,Combined,10%,0.9,1.1,10.0,10,What are risk factors for cancer?,1.0,1.0,1.973,0.000492,14621
8,G,Combined,10%,0.9,1.1,10.0,10,How is ALS diagnosed?,1.0,1.0,1.8867,0.010692,14570
8,G,Combined,20%,0.8,1.2,20.0,10,What are the symptoms of type 2 diabetes?,1.0,1.0,2.0253,0.005186,29441
8,G,Combined,20%,0.8,1.2,20.0,10,How is hypertension treated?,0.9,0.9513,2.0253,0.007681,21305
8,G,Combined,20%,0.8,1.2,20.0,10,What causes heart failure?,1.0,1.0,2.164,0.001527,18123
8,G,Combined,20%,0.8,1.2,20.0,10,Describe the symptoms of lupus,1.0,1.0,2.164,0.007755,16766
8,G,Combined,20%,0.8,1.2,20.0,10,What medications treat depression?,1.0,1.0,1.973,0.005957,16417
8,G,Combined,20%,0.8,1.2,20.0,10,How does Alzheimer's disease progress?,1.0,1.0,1.6957,0.007377,15719
8,G,Combined,20%,0.8,1.2,20.0,10,What are risk factors for stroke?,0.8,0.8867,1.6094,0.007244,15329
8,G,Combined,20%,0.8,1.2,20.0,10,How is asthma managed long-term?,1.0,1.0,2.164,0.004744,16490
8,G,Combined,20%,0.8,1.2,20.0,10,What are signs of kidney disease?,1.0,0.9992,1.6957,0.00465,18178
8,G,Combined,20%,0.8,1.2,20.0,10,Describe rheumatoid arthritis treatment,1.0,1.0,2.0253,0.007193,19183
8,G,Combined,20%,0.8,1.2,20.0,10,What causes Parkinson's disease?,1.0,1.0,2.0253,0.008946,16747
8,G,Combined,20%,0.8,1.2,20.0,10,How is multiple sclerosis diagnosed?,1.0,1.0,1.973,0.008054,15592
8,G,Combined,20%,0.8,1.2,20.0,10,What are symptoms of anemia?,1.0,1.0,2.164,0.004539,15664
8,G,Combined,20%,0.8,1.2,20.0,10,How is hypothyroidism treated?,1.0,1.0,2.0253,0.006333,15062
8,G,Combined,20%,0.8,1.2,20.0,10,What causes chronic pain?,0.9,0.9381,1.8344,0.000412,15785
8,G,Combined,20%,0.8,1.2,20.0,10,Describe COPD management,1.0,1.0,2.0253,0.020865,15058
8,G,Combined,20%,0.8,1.2,20.0,10,What are signs of liver disease?,1.0,1.0,1.8867,0.000625,16182
8,G,Combined,20%,0.8,1.2,20.0,10,How is epilepsy treated?,1.0,1.0,1.8867,0.007707,16501
8,G,Combined,20%,0.8,1.2,20.0,10,What causes osteoporosis?,1.0,1.0,2.164,0.007916,16086
8,G,Combined,20%,0.8,1.2,20.0,10,Describe symptoms of anxiety disorder,0.9,0.9528,2.0253,0.012694,16049
8,G,Combined,20%,0.8,1.2,20.0,10,What medications are used for HIV/AIDS?,1.0,1.0,2.164,0.005734,15930
8,G,Combined,20%,0.8,1.2,20.0,10,How is pneumonia diagnosed?,0.9,0.9501,2.0253,0.008127,15993
8,G,Combined,20%,0.8,1.2,20.0,10,What causes inflammatory bowel disease?,1.0,0.9999,2.164,0.000417,16388
8,G,Combined,20%,0.8,1.2,20.0,10,Describe treatment for chronic kidney disease,1.0,1.0,1.8867,0.007736,16296
8,G,Combined,20%,0.8,1.2,20.0,10,What are symptoms of schizophrenia?,1.0,1.0,1.7481,0.011184,16069
8,G,Combined,20%,0.8,1.2,20.0,10,How is bipolar disorder managed?,1.0,1.0,2.0253,0.008985,16316
8,G,Combined,20%,0.8,1.2,20.0,10,What causes psoriasis?,1.0,1.0,1.8867,0.013363,16206
8,G,Combined,20%,0.8,1.2,20.0,10,Describe sepsis treatment,1.0,1.0,2.0253,0.012574,14967
8,G,Combined,20%,0.8,1.2,20.0,10,What are risk factors for cancer?,1.0,0.9997,1.7481,0.000549,15547
8,G,Combined,20%,0.8,1.2,20.0,10,How is ALS diagnosed?,1.0,1.0,1.8867,0.010353,15551
8,G,Combined,30%,0.7,1.3,30.0,10,What are the symptoms of type 2 diabetes?,1.0,0.9996,1.5048,0.004708,26223
8,G,Combined,30%,0.7,1.3,30.0,10,How is hypertension treated?,1.0,1.0,2.3026,0.00721,18330
8,G,Combined,30%,0.7,1.3,30.0,10,What causes heart failure?,1.0,1.0,2.0253,0.001748,18788
8,G,Combined,30%,0.7,1.3,30.0,10,Describe the symptoms of lupus,1.0,1.0,2.164,0.007218,18015
8,G,Combined,30%,0.7,1.3,30.0,10,What medications treat depression?,1.0,1.0,1.8867,0.005035,19237
8,G,Combined,30%,0.7,1.3,30.0,10,How does Alzheimer's disease progress?,1.0,1.0,1.6957,0.007442,18258
8,G,Combined,30%,0.7,1.3,30.0,10,What are risk factors for stroke?,0.9,0.946,1.3592,0.006593,16544
8,G,Combined,30%,0.7,1.3,30.0,10,How is asthma managed long-term?,1.0,0.9999,2.0253,0.00458,17454
8,G,Combined,30%,0.7,1.3,30.0,10,What are signs of kidney disease?,0.9,0.9463,1.5048,0.004301,17530
8,G,Combined,30%,0.7,1.3,30.0,10,Describe rheumatoid arthritis treatment,1.0,1.0,2.164,0.006546,18805
8,G,Combined,30%,0.7,1.3,30.0,10,What causes Parkinson's disease?,1.0,1.0,2.164,0.008166,18268
8,G,Combined,30%,0.7,1.3,30.0,10,How is multiple sclerosis diagnosed?,1.0,1.0,1.973,0.007856,15455
8,G,Combined,30%,0.7,1.3,30.0,10,What are symptoms of anemia?,1.0,1.0,1.8867,0.004651,15210
8,G,Combined,30%,0.7,1.3,30.0,10,How is hypothyroidism treated?,1.0,0.9996,2.0253,0.005854,16439
8,G,Combined,30%,0.7,1.3,30.0,10,What causes chronic pain?,0.8,0.8783,2.0253,0.000414,18037
8,G,Combined,30%,0.7,1.3,30.0,10,Describe COPD management,1.0,1.0,2.0253,0.018801,17835
8,G,Combined,30%,0.7,1.3,30.0,10,What are signs of liver disease?,1.0,0.9999,2.0253,0.000779,16618
8,G,Combined,30%,0.7,1.3,30.0,10,How is epilepsy treated?,1.0,0.9999,2.0253,0.00759,16999
8,G,Combined,30%,0.7,1.3,30.0,10,What causes osteoporosis?,1.0,1.0,2.164,0.007937,16708
8,G,Combined,30%,0.7,1.3,30.0,10,Describe symptoms of anxiety disorder,0.9,0.9528,2.164,0.010323,16135
8,G,Combined,30%,0.7,1.3,30.0,10,What medications are used for HIV/AIDS?,1.0,0.9999,1.8867,0.005926,15660
8,G,Combined,30%,0.7,1.3,30.0,10,How is pneumonia diagnosed?,0.9,0.948,2.164,0.007644,14842
8,G,Combined,30%,0.7,1.3,30.0,10,What causes inflammatory bowel disease?,1.0,0.9999,2.164,0.000391,14632
8,G,Combined,30%,0.7,1.3,30.0,10,Describe treatment for chronic kidney disease,1.0,0.9999,1.973,0.007242,14712
8,G,Combined,30%,0.7,1.3,30.0,10,What are symptoms of schizophrenia?,1.0,1.0,1.7481,0.00939,16466
8,G,Combined,30%,0.7,1.3,30.0,10,How is bipolar disorder managed?,1.0,1.0,2.0253,0.008792,15813
8,G,Combined,30%,0.7,1.3,30.0,10,What causes psoriasis?,1.0,0.9999,1.973,0.013233,15435
8,G,Combined,30%,0.7,1.3,30.0,10,Describe sepsis treatment,1.0,1.0,1.973,0.010931,14968
8,G,Combined,30%,0.7,1.3,30.0,10,What are risk factors for cancer?,1.0,0.9999,1.8867,0.000603,15743
8,G,Combined,30%,0.7,1.3,30.0,10,How is ALS diagnosed?,1.0,1.0,1.7481,0.009591,16153
8,G,Combined,50%,0.5,1.5,50.0,10,What are the symptoms of type 2 diabetes?,0.9,0.9448,2.164,0.004152,30556
8,G,Combined,50%,0.5,1.5,50.0,10,How is hypertension treated?,0.9,0.9511,1.8344,0.005231,22529
8,G,Combined,50%,0.5,1.5,50.0,10,What causes heart failure?,1.0,0.9999,2.3026,0.000891,21209
8,G,Combined,50%,0.5,1.5,50.0,10,Describe the symptoms of lupus,1.0,1.0,2.164,0.005947,18571
8,G,Combined,50%,0.5,1.5,50.0,10,What medications treat depression?,1.0,1.0,1.8344,0.003922,17339
8,G,Combined,50%,0.5,1.5,50.0,10,How does Alzheimer's disease progress?,1.0,1.0,1.5571,0.005683,16517
8,G,Combined,50%,0.5,1.5,50.0,10,What are risk factors for stroke?,0.9,0.945,1.6434,0.004957,15670
8,G,Combined,50%,0.5,1.5,50.0,10,How is asthma managed long-term?,1.0,0.9984,1.8867,0.00336,15301
8,G,Combined,50%,0.5,1.5,50.0,10,What are signs of kidney disease?,0.9,0.9412,1.8867,0.004353,15903
8,G,Combined,50%,0.5,1.5,50.0,10,Describe rheumatoid arthritis treatment,0.9,0.9513,1.7481,0.006034,15551
8,G,Combined,50%,0.5,1.5,50.0,10,What causes Parkinson's disease?,1.0,1.0,2.0253,0.007108,14786
8,G,Combined,50%,0.5,1.5,50.0,10,How is multiple sclerosis diagnosed?,1.0,1.0,1.973,0.006436,15255
8,G,Combined,50%,0.5,1.5,50.0,10,What are symptoms of anemia?,1.0,0.9999,1.8867,0.003856,15889
8,G,Combined,50%,0.5,1.5,50.0,10,How is hypothyroidism treated?,1.0,0.9996,1.7481,0.003944,15679
8,G,Combined,50%,0.5,1.5,50.0,10,What causes chronic pain?,0.9,0.9378,2.0253,0.000393,16237
8,G,Combined,50%,0.5,1.5,50.0,10,Describe COPD management,1.0,1.0,2.164,0.01508,15567
8,G,Combined,50%,0.5,1.5,50.0,10,What are signs of liver disease?,1.0,0.9997,2.0253,0.000507,16118
8,G,Combined,50%,0.5,1.5,50.0,10,How is epilepsy treated?,0.9,0.9513,1.8867,0.004827,15832
8,G,Combined,50%,0.5,1.5,50.0,10,What causes osteoporosis?,0.9,0.9556,2.0253,0.006132,16495
8,G,Combined,50%,0.5,1.5,50.0,10,Describe symptoms of anxiety disorder,0.8,0.9031,2.0253,0.008661,16161
8,G,Combined,50%,0.5,1.5,50.0,10,What medications are used for HIV/AIDS?,0.9,0.9472,2.0253,0.004431,15877
8,G,Combined,50%,0.5,1.5,50.0,10,How is pneumonia diagnosed?,0.9,0.9501,2.0253,0.005919,15660
8,G,Combined,50%,0.5,1.5,50.0,10,What causes inflammatory bowel disease?,0.9,0.94,2.3026,0.000213,16359
8,G,Combined,50%,0.5,1.5,50.0,10,Describe treatment for chronic kidney disease,1.0,0.9999,1.8867,0.005568,15504
8,G,Combined,50%,0.5,1.5,50.0,10,What are symptoms of schizophrenia?,1.0,0.9999,1.7481,0.007509,14745
8,G,Combined,50%,0.5,1.5,50.0,10,How is bipolar disorder managed?,1.0,0.9998,1.973,0.007138,14525
8,G,Combined,50%,0.5,1.5,50.0,10,What causes psoriasis?,1.0,0.9997,1.6957,0.009116,14755
8,G,Combined,50%,0.5,1.5,50.0,10,Describe sepsis treatment,1.0,1.0,2.0253,0.009929,14323
8,G,Combined,50%,0.5,1.5,50.0,10,What are risk factors for cancer?,1.0,0.9998,2.0253,0.000376,14680
8,G,Combined,50%,0.5,1.5,50.0,10,How is ALS diagnosed?,0.9,0.9561,1.8867,0.007727,15185
8,G,Combined,70%,0.3,1.7,70.0,10,What are the symptoms of type 2 diabetes?,1.0,0.9999,1.8344,0.002131,28229
8,G,Combined,70%,0.3,1.7,70.0,10,How is hypertension treated?,0.9,0.9468,1.8344,0.003373,22175
8,G,Combined,70%,0.3,1.7,70.0,10,What causes heart failure?,1.0,0.998,1.8867,0.000875,18997
8,G,Combined,70%,0.3,1.7,70.0,10,Describe the symptoms of lupus,1.0,1.0,2.0253,0.004207,18371
8,G,Combined,70%,0.3,1.7,70.0,10,What medications treat depression?,1.0,0.9999,1.973,0.002174,18481
8,G,Combined,70%,0.3,1.7,70.0,10,How does Alzheimer's disease progress?,1.0,0.9998,2.0253,0.002298,17461
8,G,Combined,70%,0.3,1.7,70.0,10,What are risk factors for stroke?,0.9,0.9455,1.4979,0.002649,15755
8,G,Combined,70%,0.3,1.7,70.0,10,How is asthma managed long-term?,1.0,1.0,2.164,0.00206,15356
8,G,Combined,70%,0.3,1.7,70.0,10,What are signs of kidney disease?,0.8,0.8902,2.0253,0.002247,15878
8,G,Combined,70%,0.3,1.7,70.0,10,Describe rheumatoid arthritis treatment,1.0,0.9996,1.8344,0.003686,15128
8,G,Combined,70%,0.3,1.7,70.0,10,What causes Parkinson's disease?,1.0,1.0,2.0253,0.005061,17856
8,G,Combined,70%,0.3,1.7,70.0,10,How is multiple sclerosis diagnosed?,0.9,0.9519,2.0253,0.003552,17250
8,G,Combined,70%,0.3,1.7,70.0,10,What are symptoms of anemia?,1.0,0.9991,1.8867,0.002119,16023
8,G,Combined,70%,0.3,1.7,70.0,10,How is hypothyroidism treated?,1.0,0.9987,1.6094,0.002857,15485
8,G,Combined,70%,0.3,1.7,70.0,10,What causes chronic pain?,0.9,0.9374,1.8867,0.00016,15863
8,G,Combined,70%,0.3,1.7,70.0,10,Describe COPD management,1.0,1.0,2.0253,0.008603,15615
8,G,Combined,70%,0.3,1.7,70.0,10,What are signs of liver disease?,0.9,0.9401,1.973,0.000385,15475
8,G,Combined,70%,0.3,1.7,70.0,10,How is epilepsy treated?,0.9,0.9493,2.0253,0.003367,14621
8,G,Combined,70%,0.3,1.7,70.0,10,What causes osteoporosis?,1.0,1.0,2.0253,0.003428,15000
8,G,Combined,70%,0.3,1.7,70.0,10,Describe symptoms of anxiety disorder,0.8,0.9031,1.8867,0.004986,14451
8,G,Combined,70%,0.3,1.7,70.0,10,What medications are used for HIV/AIDS?,0.8,0.8994,2.0253,0.002504,15299
8,G,Combined,70%,0.3,1.7,70.0,10,How is pneumonia diagnosed?,0.9,0.9479,2.0253,0.003541,15668
8,G,Combined,70%,0.3,1.7,70.0,10,What causes inflammatory bowel disease?,1.0,0.9979,2.164,0.00027,15439
8,G,Combined,70%,0.3,1.7,70.0,10,Describe treatment for chronic kidney disease,1.0,0.9998,1.973,0.003108,15326
8,G,Combined,70%,0.3,1.7,70.0,10,What are symptoms of schizophrenia?,1.0,0.999,1.8867,0.00543,15109
8,G,Combined,70%,0.3,1.7,70.0,10,How is bipolar disorder managed?,1.0,0.9999,1.6957,0.003033,15376
8,G,Combined,70%,0.3,1.7,70.0,10,What causes psoriasis?,1.0,1.0,1.8867,0.006401,15636
8,G,Combined,70%,0.3,1.7,70.0,10,Describe sepsis treatment,1.0,1.0,2.164,0.005596,14715
8,G,Combined,70%,0.3,1.7,70.0,10,What are risk factors for cancer?,1.0,0.9987,1.6434,0.000373,15311
8,G,Combined,70%,0.3,1.7,70.0,10,How is ALS diagnosed?,0.8,0.9104,1.6434,0.005589,15180
9,G,Combined,0%,1.0,1.0,0.0,10,What are the symptoms of type 2 diabetes?,1.0,1.0,2.0253,0.005505,31021
9,G,Combined,0%,1.0,1.0,0.0,10,How is hypertension treated?,1.0,1.0,2.164,0.008063,23553
9,G,Combined,0%,1.0,1.0,0.0,10,What causes heart failure?,1.0,1.0,2.0253,0.001569,18952
9,G,Combined,0%,1.0,1.0,0.0,10,Describe the symptoms of lupus,1.0,1.0,2.164,0.008025,16887
9,G,Combined,0%,1.0,1.0,0.0,10,What medications treat depression?,1.0,1.0,1.8344,0.005777,16037
9,G,Combined,0%,1.0,1.0,0.0,10,How does Alzheimer's disease progress?,1.0,1.0,2.0253,0.007851,15882
9,G,Combined,0%,1.0,1.0,0.0,10,What are risk factors for stroke?,1.0,1.0,1.4979,0.007439,15351
9,G,Combined,0%,1.0,1.0,0.0,10,How is asthma managed long-term?,1.0,1.0,2.0253,0.005191,15560
9,G,Combined,0%,1.0,1.0,0.0,10,What are signs of kidney disease?,1.0,1.0,1.6957,0.004912,14480
9,G,Combined,0%,1.0,1.0,0.0,10,Describe rheumatoid arthritis treatment,1.0,1.0,2.0253,0.007646,15078
9,G,Combined,0%,1.0,1.0,0.0,10,What causes Parkinson's disease?,1.0,1.0,2.0253,0.009459,14740
9,G,Combined,0%,1.0,1.0,0.0,10,How is multiple sclerosis diagnosed?,1.0,1.0,1.973,0.008741,15355
9,G,Combined,0%,1.0,1.0,0.0,10,What are symptoms of anemia?,1.0,1.0,2.0253,0.004847,15501
9,G,Combined,0%,1.0,1.0,0.0,10,How is hypothyroidism treated?,1.0,1.0,2.0253,0.006409,14936
9,G,Combined,0%,1.0,1.0,0.0,10,What causes chronic pain?,1.0,1.0,1.973,0.000479,15106
9,G,Combined,0%,1.0,1.0,0.0,10,Describe COPD management,1.0,1.0,2.0253,0.020794,14973
9,G,Combined,0%,1.0,1.0,0.0,10,What are signs of liver disease?,1.0,1.0,1.8867,0.000719,15492
9,G,Combined,0%,1.0,1.0,0.0,10,How is epilepsy treated?,1.0,1.0,2.0253,0.007898,15350
9,G,Combined,0%,1.0,1.0,0.0,10,What causes osteoporosis?,1.0,1.0,2.0253,0.008767,14644
9,G,Combined,0%,1.0,1.0,0.0,10,Describe symptoms of anxiety disorder,1.0,1.0,2.0253,0.012617,14183
9,G,Combined,0%,1.0,1.0,0.0,10,What medications are used for HIV/AIDS?,1.0,1.0,2.164,0.006178,16156
9,G,Combined,0%,1.0,1.0,0.0,10,How is pneumonia diagnosed?,1.0,1.0,2.0253,0.008521,18324
9,G,Combined,0%,1.0,1.0,0.0,10,What causes inflammatory bowel disease?,1.0,1.0,1.6957,0.000444,13158
9,G,Combined,0%,1.0,1.0,0.0,10,Describe treatment for chronic kidney disease,1.0,1.0,1.8867,0.00808,15420
9,G,Combined,0%,1.0,1.0,0.0,10,What are symptoms of schizophrenia?,1.0,1.0,1.7481,0.011327,15055
9,G,Combined,0%,1.0,1.0,0.0,10,How is bipolar disorder managed?,1.0,1.0,2.0253,0.009573,15125
9,G,Combined,0%,1.0,1.0,0.0,10,What causes psoriasis?,1.0,1.0,1.8344,0.014653,16303
9,G,Combined,0%,1.0,1.0,0.0,10,Describe sepsis treatment,1.0,1.0,2.0253,0.012907,15491
9,G,Combined,0%,1.0,1.0,0.0,10,What are risk factors for cancer?,1.0,1.0,2.0253,0.000536,16450
9,G,Combined,0%,1.0,1.0,0.0,10,How is ALS diagnosed?,1.0,1.0,1.8867,0.010726,16313
9,G,Combined,1%,0.99,1.01,1.0,10,What are the symptoms of type 2 diabetes?,1.0,1.0,2.0253,0.005503,30141
9,G,Combined,1%,0.99,1.01,1.0,10,How is hypertension treated?,1.0,1.0,2.164,0.008064,20681
9,G,Combined,1%,0.99,1.01,1.0,10,What causes heart failure?,1.0,1.0,1.8867,0.001579,19548
9,G,Combined,1%,0.99,1.01,1.0,10,Describe the symptoms of lupus,1.0,1.0,2.164,0.007995,17946
9,G,Combined,1%,0.99,1.01,1.0,10,What medications treat depression?,1.0,1.0,1.8344,0.005768,16962
9,G,Combined,1%,0.99,1.01,1.0,10,How does Alzheimer's disease progress?,1.0,1.0,2.0253,0.007842,16832
9,G,Combined,1%,0.99,1.01,1.0,10,What are risk factors for stroke?,1.0,1.0,1.4979,0.007465,16430
9,G,Combined,1%,0.99,1.01,1.0,10,How is asthma managed long-term?,1.0,1.0,2.0253,0.005206,16232
9,G,Combined,1%,0.99,1.01,1.0,10,What are signs of kidney disease?,1.0,1.0,1.6957,0.004901,16133
9,G,Combined,1%,0.99,1.01,1.0,10,Describe rheumatoid arthritis treatment,1.0,1.0,2.0253,0.007644,15515
9,G,Combined,1%,0.99,1.01,1.0,10,What causes Parkinson's disease?,1.0,1.0,2.0253,0.009452,15976
9,G,Combined,1%,0.99,1.01,1.0,10,How is multiple sclerosis diagnosed?,1.0,1.0,1.973,0.008734,15895
9,G,Combined,1%,0.99,1.01,1.0,10,What are symptoms of anemia?,1.0,1.0,2.0253,0.004859,14879
9,G,Combined,1%,0.99,1.01,1.0,10,How is hypothyroidism treated?,1.0,1.0,2.0253,0.006404,15460
9,G,Combined,1%,0.99,1.01,1.0,10,What causes chronic pain?,0.9,0.9406,1.973,0.00048,16975
9,G,Combined,1%,0.99,1.01,1.0,10,Describe COPD management,0.9,0.9644,2.0253,0.020808,17035
9,G,Combined,1%,0.99,1.01,1.0,10,What are signs of liver disease?,1.0,1.0,1.8867,0.000722,16382
9,G,Combined,1%,0.99,1.01,1.0,10,How is epilepsy treated?,1.0,1.0,2.0253,0.007899,15379
9,G,Combined,1%,0.99,1.01,1.0,10,What causes osteoporosis?,1.0,1.0,2.0253,0.008774,14988
9,G,Combined,1%,0.99,1.01,1.0,10,Describe symptoms of anxiety disorder,1.0,1.0,2.0253,0.012575,14882
9,G,Combined,1%,0.99,1.01,1.0,10,What medications are used for HIV/AIDS?,1.0,1.0,2.164,0.006183,14836
9,G,Combined,1%,0.99,1.01,1.0,10,How is pneumonia diagnosed?,1.0,1.0,2.0253,0.00853,15947
9,G,Combined,1%,0.99,1.01,1.0,10,What causes inflammatory bowel disease?,1.0,1.0,1.8867,0.000445,16216
9,G,Combined,1%,0.99,1.01,1.0,10,Describe treatment for chronic kidney disease,1.0,1.0,1.8867,0.008079,16044
9,G,Combined,1%,0.99,1.01,1.0,10,What are symptoms of schizophrenia?,1.0,1.0,1.7481,0.011296,15688
9,G,Combined,1%,0.99,1.01,1.0,10,How is bipolar disorder managed?,1.0,1.0,1.8867,0.00956,16632
9,G,Combined,1%,0.99,1.01,1.0,10,What causes psoriasis?,1.0,1.0,1.8344,0.014661,14580
9,G,Combined,1%,0.99,1.01,1.0,10,Describe sepsis treatment,1.0,1.0,2.0253,0.012892,15029
9,G,Combined,1%,0.99,1.01,1.0,10,What are risk factors for cancer?,1.0,1.0,1.973,0.000534,24511
9,G,Combined,1%,0.99,1.01,1.0,10,How is ALS diagnosed?,1.0,1.0,1.8867,0.010747,29833
9,G,Combined,5%,0.95,1.05,5.0,10,What are the symptoms of type 2 diabetes?,1.0,1.0,2.0253,0.005433,25677
9,G,Combined,5%,0.95,1.05,5.0,10,How is hypertension treated?,0.9,0.9513,2.164,0.007946,20551
9,G,Combined,5%,0.95,1.05,5.0,10,What causes heart failure?,1.0,1.0,1.8867,0.001569,18525
9,G,Combined,5%,0.95,1.05,5.0,10,Describe the symptoms of lupus,1.0,1.0,1.973,0.007849,18029
9,G,Combined,5%,0.95,1.05,5.0,10,What medications treat depression?,1.0,1.0,1.8344,0.005756,16430
9,G,Combined,5%,0.95,1.05,5.0,10,How does Alzheimer's disease progress?,1.0,1.0,2.0253,0.007668,16992
9,G,Combined,5%,0.95,1.05,5.0,10,What are risk factors for stroke?,0.9,0.946,1.4979,0.007427,16468
9,G,Combined,5%,0.95,1.05,5.0,10,How is asthma managed long-term?,1.0,1.0,2.0253,0.005152,15759
9,G,Combined,5%,0.95,1.05,5.0,10,What are signs of kidney disease?,1.0,1.0,1.8344,0.004925,16388
9,G,Combined,5%,0.95,1.05,5.0,10,Describe rheumatoid arthritis treatment,1.0,1.0,2.0253,0.007576,17023
9,G,Combined,5%,0.95,1.05,5.0,10,What causes Parkinson's disease?,1.0,1.0,2.0253,0.009391,17293
9,G,Combined,5%,0.95,1.05,5.0,10,How is multiple sclerosis diagnosed?,1.0,1.0,1.973,0.008688,17195
9,G,Combined,5%,0.95,1.05,5.0,10,What are symptoms of anemia?,1.0,1.0,2.0253,0.004801,18078
9,G,Combined,5%,0.95,1.05,5.0,10,How is hypothyroidism treated?,1.0,1.0,2.0253,0.0064,20577
9,G,Combined,5%,0.95,1.05,5.0,10,What causes chronic pain?,0.9,0.9406,1.973,0.00048,18469
9,G,Combined,5%,0.95,1.05,5.0,10,Describe COPD management,1.0,1.0,2.0253,0.020551,17648
9,G,Combined,5%,0.95,1.05,5.0,10,What are signs of liver disease?,1.0,1.0,1.8867,0.000714,17319
9,G,Combined,5%,0.95,1.05,5.0,10,How is epilepsy treated?,1.0,1.0,1.8867,0.007885,15877
9,G,Combined,5%,0.95,1.05,5.0,10,What causes osteoporosis?,0.9,0.9557,2.0253,0.008641,15500
9,G,Combined,5%,0.95,1.05,5.0,10,Describe symptoms of anxiety disorder,1.0,1.0,2.0253,0.012693,15179
9,G,Combined,5%,0.95,1.05,5.0,10,What medications are used for HIV/AIDS?,1.0,1.0,2.0253,0.006124,15083
9,G,Combined,5%,0.95,1.05,5.0,10,How is pneumonia diagnosed?,1.0,1.0,2.0253,0.008473,18835
9,G,Combined,5%,0.95,1.05,5.0,10,What causes inflammatory bowel disease?,1.0,1.0,1.8867,0.000443,16169
9,G,Combined,5%,0.95,1.05,5.0,10,Describe treatment for chronic kidney disease,1.0,1.0,1.8867,0.008147,17493
9,G,Combined,5%,0.95,1.05,5.0,10,What are symptoms of schizophrenia?,1.0,1.0,1.7481,0.011443,17835
9,G,Combined,5%,0.95,1.05,5.0,10,How is bipolar disorder managed?,1.0,0.9999,2.0253,0.009404,19109
9,G,Combined,5%,0.95,1.05,5.0,10,What causes psoriasis?,1.0,1.0,1.6957,0.014605,16349
9,G,Combined,5%,0.95,1.05,5.0,10,Describe sepsis treatment,1.0,1.0,2.0253,0.013011,16281
9,G,Combined,5%,0.95,1.05,5.0,10,What are risk factors for cancer?,1.0,1.0,1.973,0.00054,16572
9,G,Combined,5%,0.95,1.05,5.0,10,How is ALS diagnosed?,1.0,1.0,1.8867,0.010762,15295
9,G,Combined,10%,0.9,1.1,10.0,10,What are the symptoms of type 2 diabetes?,1.0,1.0,2.0253,0.00534,28944
9,G,Combined,10%,0.9,1.1,10.0,10,How is hypertension treated?,0.9,0.9513,2.164,0.00794,20689
9,G,Combined,10%,0.9,1.1,10.0,10,What causes heart failure?,1.0,1.0,2.164,0.001545,21418
9,G,Combined,10%,0.9,1.1,10.0,10,Describe the symptoms of lupus,1.0,1.0,1.973,0.007857,19213
9,G,Combined,10%,0.9,1.1,10.0,10,What medications treat depression?,1.0,1.0,1.7481,0.005689,17185
9,G,Combined,10%,0.9,1.1,10.0,10,How does Alzheimer's disease progress?,1.0,1.0,2.0253,0.007839,16584
9,G,Combined,10%,0.9,1.1,10.0,10,What are risk factors for stroke?,1.0,1.0,1.3592,0.007379,15950
9,G,Combined,10%,0.9,1.1,10.0,10,How is asthma managed long-term?,1.0,1.0,2.0253,0.005084,15465
9,G,Combined,10%,0.9,1.1,10.0,10,What are signs of kidney disease?,1.0,1.0,1.6957,0.004884,15459
9,G,Combined,10%,0.9,1.1,10.0,10,Describe rheumatoid arthritis treatment,1.0,1.0,2.0253,0.007349,15055
9,G,Combined,10%,0.9,1.1,10.0,10,What causes Parkinson's disease?,1.0,1.0,2.0253,0.009457,14746
9,G,Combined,10%,0.9,1.1,10.0,10,How is multiple sclerosis diagnosed?,1.0,1.0,1.973,0.008768,15699
9,G,Combined,10%,0.9,1.1,10.0,10,What are symptoms of anemia?,1.0,1.0,2.0253,0.004781,16650
9,G,Combined,10%,0.9,1.1,10.0,10,How is hypothyroidism treated?,1.0,1.0,1.6957,0.006292,14863
9,G,Combined,10%,0.9,1.1,10.0,10,What causes chronic pain?,0.9,0.9406,1.8344,0.000505,15832
9,G,Combined,10%,0.9,1.1,10.0,10,Describe COPD management,1.0,1.0,2.0253,0.020083,14813
9,G,Combined,10%,0.9,1.1,10.0,10,What are signs of liver disease?,1.0,1.0,1.8344,0.000803,16474
9,G,Combined,10%,0.9,1.1,10.0,10,How is epilepsy treated?,1.0,1.0,1.8867,0.007947,16638
9,G,Combined,10%,0.9,1.1,10.0,10,What causes osteoporosis?,0.9,0.9556,2.0253,0.008671,15974
9,G,Combined,10%,0.9,1.1,10.0,10,Describe symptoms of anxiety disorder,1.0,1.0,2.0253,0.012445,15584
9,G,Combined,10%,0.9,1.1,10.0,10,What medications are used for HIV/AIDS?,0.9,0.9519,2.164,0.005985,15238
9,G,Combined,10%,0.9,1.1,10.0,10,How is pneumonia diagnosed?,1.0,1.0,2.0253,0.008321,16149
9,G,Combined,10%,0.9,1.1,10.0,10,What causes inflammatory bowel disease?,1.0,1.0,1.8867,0.000459,16051
9,G,Combined,10%,0.9,1.1,10.0,10,Describe treatment for chronic kidney disease,1.0,1.0,2.0253,0.007853,15564
9,G,Combined,10%,0.9,1.1,10.0,10,What are symptoms of schizophrenia?,1.0,1.0,1.4979,0.011074,15334
9,G,Combined,10%,0.9,1.1,10.0,10,How is bipolar disorder managed?,1.0,1.0,2.0253,0.009654,15633
9,G,Combined,10%,0.9,1.1,10.0,10,What causes psoriasis?,1.0,1.0,1.6957,0.014101,16758
9,G,Combined,10%,0.9,1.1,10.0,10,Describe sepsis treatment,1.0,1.0,2.0253,0.012525,16653
9,G,Combined,10%,0.9,1.1,10.0,10,What are risk factors for cancer?,1.0,1.0,1.8867,0.000535,17217
9,G,Combined,10%,0.9,1.1,10.0,10,How is ALS diagnosed?,0.9,0.9564,1.8867,0.010648,16738
9,G,Combined,20%,0.8,1.2,20.0,10,What are the symptoms of type 2 diabetes?,1.0,1.0,2.0253,0.004895,34719
9,G,Combined,20%,0.8,1.2,20.0,10,How is hypertension treated?,0.9,0.9513,2.3026,0.007556,21883
9,G,Combined,20%,0.8,1.2,20.0,10,What causes heart failure?,1.0,1.0,2.164,0.001633,21692
9,G,Combined,20%,0.8,1.2,20.0,10,Describe the symptoms of lupus,1.0,1.0,2.164,0.007702,18523
9,G,Combined,20%,0.8,1.2,20.0,10,What medications treat depression?,1.0,0.9999,2.0253,0.005739,18146
9,G,Combined,20%,0.8,1.2,20.0,10,How does Alzheimer's disease progress?,1.0,1.0,1.7481,0.007066,17679
9,G,Combined,20%,0.8,1.2,20.0,10,What are risk factors for stroke?,0.9,0.9434,1.4979,0.007239,17572
9,G,Combined,20%,0.8,1.2,20.0,10,How is asthma managed long-term?,1.0,1.0,2.0253,0.005198,15297
9,G,Combined,20%,0.8,1.2,20.0,10,What are signs of kidney disease?,1.0,1.0,1.8344,0.004559,14942
9,G,Combined,20%,0.8,1.2,20.0,10,Describe rheumatoid arthritis treatment,1.0,1.0,1.973,0.007222,15151
9,G,Combined,20%,0.8,1.2,20.0,10,What causes Parkinson's disease?,1.0,1.0,2.0253,0.008703,18536
9,G,Combined,20%,0.8,1.2,20.0,10,How is multiple sclerosis diagnosed?,1.0,1.0,1.973,0.008802,18434
9,G,Combined,20%,0.8,1.2,20.0,10,What are symptoms of anemia?,1.0,1.0,2.164,0.005023,16406
9,G,Combined,20%,0.8,1.2,20.0,10,How is hypothyroidism treated?,1.0,0.9999,1.8867,0.006106,15361
9,G,Combined,20%,0.8,1.2,20.0,10,What causes chronic pain?,0.9,0.935,1.6957,0.000501,15296
9,G,Combined,20%,0.8,1.2,20.0,10,Describe COPD management,1.0,1.0,1.8867,0.019264,15433
9,G,Combined,20%,0.8,1.2,20.0,10,What are signs of liver disease?,1.0,0.9999,1.8344,0.000577,15467
9,G,Combined,20%,0.8,1.2,20.0,10,How is epilepsy treated?,1.0,1.0,1.8867,0.007663,14916
9,G,Combined,20%,0.8,1.2,20.0,10,What causes osteoporosis?,1.0,0.9999,2.0253,0.008316,14683
9,G,Combined,20%,0.8,1.2,20.0,10,Describe symptoms of anxiety disorder,1.0,1.0,2.164,0.011974,16441
9,G,Combined,20%,0.8,1.2,20.0,10,What medications are used for HIV/AIDS?,0.9,0.9517,1.8867,0.0058,14205
9,G,Combined,20%,0.8,1.2,20.0,10,How is pneumonia diagnosed?,1.0,1.0,2.0253,0.008361,14535
9,G,Combined,20%,0.8,1.2,20.0,10,What causes inflammatory bowel disease?,1.0,0.9995,2.164,0.000414,15699
9,G,Combined,20%,0.8,1.2,20.0,10,Describe treatment for chronic kidney disease,1.0,1.0,2.164,0.007788,16263
9,G,Combined,20%,0.8,1.2,20.0,10,What are symptoms of schizophrenia?,1.0,1.0,1.4979,0.011569,15783
9,G,Combined,20%,0.8,1.2,20.0,10,How is bipolar disorder managed?,1.0,1.0,2.0253,0.009249,14914
9,G,Combined,20%,0.8,1.2,20.0,10,What causes psoriasis?,1.0,1.0,1.8344,0.013196,15584
9,G,Combined,20%,0.8,1.2,20.0,10,Describe sepsis treatment,0.9,0.9547,2.164,0.011995,15086
9,G,Combined,20%,0.8,1.2,20.0,10,What are risk factors for cancer?,1.0,1.0,2.164,0.000537,15075
9,G,Combined,20%,0.8,1.2,20.0,10,How is ALS diagnosed?,1.0,1.0,1.8867,0.010436,15239
9,G,Combined,30%,0.7,1.3,30.0,10,What are the symptoms of type 2 diabetes?,1.0,0.9999,1.6957,0.004682,28905
9,G,Combined,30%,0.7,1.3,30.0,10,How is hypertension treated?,0.9,0.9513,2.164,0.007003,22885
9,G,Combined,30%,0.7,1.3,30.0,10,What causes heart failure?,1.0,0.9998,2.164,0.001325,19854
9,G,Combined,30%,0.7,1.3,30.0,10,Describe the symptoms of lupus,1.0,0.9998,2.0253,0.007416,18415
9,G,Combined,30%,0.7,1.3,30.0,10,What medications treat depression?,1.0,1.0,2.0253,0.00543,18616
9,G,Combined,30%,0.7,1.3,30.0,10,How does Alzheimer's disease progress?,0.9,0.9518,1.6957,0.007028,16380
9,G,Combined,30%,0.7,1.3,30.0,10,What are risk factors for stroke?,0.9,0.9459,1.3592,0.006805,15756
9,G,Combined,30%,0.7,1.3,30.0,10,How is asthma managed long-term?,1.0,1.0,2.164,0.004856,15869
9,G,Combined,30%,0.7,1.3,30.0,10,What are signs of kidney disease?,0.8,0.8901,1.6957,0.00424,16142
9,G,Combined,30%,0.7,1.3,30.0,10,Describe rheumatoid arthritis treatment,1.0,1.0,1.8344,0.006726,16290
9,G,Combined,30%,0.7,1.3,30.0,10,What causes Parkinson's disease?,1.0,0.9994,2.164,0.008507,17155
9,G,Combined,30%,0.7,1.3,30.0,10,How is multiple sclerosis diagnosed?,1.0,1.0,1.973,0.007978,15500
9,G,Combined,30%,0.7,1.3,30.0,10,What are symptoms of anemia?,1.0,1.0,1.7481,0.004563,16599
9,G,Combined,30%,0.7,1.3,30.0,10,How is hypothyroidism treated?,1.0,0.9998,2.164,0.005205,14416
9,G,Combined,30%,0.7,1.3,30.0,10,What causes chronic pain?,0.9,0.9405,1.973,0.000399,14162
9,G,Combined,30%,0.7,1.3,30.0,10,Describe COPD management,0.9,0.9644,2.0253,0.018412,14050
9,G,Combined,30%,0.7,1.3,30.0,10,What are signs of liver disease?,0.9,0.9403,1.8344,0.000755,14314
9,G,Combined,30%,0.7,1.3,30.0,10,How is epilepsy treated?,1.0,1.0,2.0253,0.007411,14480
9,G,Combined,30%,0.7,1.3,30.0,10,What causes osteoporosis?,0.9,0.9528,1.8344,0.007363,15148
9,G,Combined,30%,0.7,1.3,30.0,10,Describe symptoms of anxiety disorder,1.0,1.0,2.0253,0.011127,15578
9,G,Combined,30%,0.7,1.3,30.0,10,What medications are used for HIV/AIDS?,0.9,0.9519,2.164,0.005398,15028
9,G,Combined,30%,0.7,1.3,30.0,10,How is pneumonia diagnosed?,0.9,0.9499,2.164,0.00781,15075
9,G,Combined,30%,0.7,1.3,30.0,10,What causes inflammatory bowel disease?,0.9,0.9386,2.164,0.000366,15193
9,G,Combined,30%,0.7,1.3,30.0,10,Describe treatment for chronic kidney disease,1.0,1.0,1.973,0.00715,14923
9,G,Combined,30%,0.7,1.3,30.0,10,What are symptoms of schizophrenia?,1.0,1.0,1.8344,0.009882,14776
9,G,Combined,30%,0.7,1.3,30.0,10,How is bipolar disorder managed?,1.0,1.0,1.8867,0.008354,14759
9,G,Combined,30%,0.7,1.3,30.0,10,What causes psoriasis?,1.0,1.0,1.8867,0.013414,16290
9,G,Combined,30%,0.7,1.3,30.0,10,Describe sepsis treatment,1.0,1.0,2.164,0.011571,17927
9,G,Combined,30%,0.7,1.3,30.0,10,What are risk factors for cancer?,0.9,0.9391,1.8867,0.000505,12851
9,G,Combined,30%,0.7,1.3,30.0,10,How is ALS diagnosed?,1.0,1.0,1.8867,0.008782,14665
9,G,Combined,50%,0.5,1.5,50.0,10,What are the symptoms of type 2 diabetes?,1.0,1.0,2.0253,0.003905,30521
9,G,Combined,50%,0.5,1.5,50.0,10,How is hypertension treated?,0.9,0.9513,1.8344,0.006225,21384
9,G,Combined,50%,0.5,1.5,50.0,10,What causes heart failure?,1.0,0.9998,2.0253,0.001052,20278
9,G,Combined,50%,0.5,1.5,50.0,10,Describe the symptoms of lupus,1.0,0.9999,1.7481,0.005943,17236
9,G,Combined,50%,0.5,1.5,50.0,10,What medications treat depression?,0.9,0.9467,1.8344,0.004071,16417
9,G,Combined,50%,0.5,1.5,50.0,10,How does Alzheimer's disease progress?,1.0,1.0,1.8867,0.005128,16274
9,G,Combined,50%,0.5,1.5,50.0,10,What are risk factors for stroke?,0.9,0.9404,1.4185,0.005066,15601
9,G,Combined,50%,0.5,1.5,50.0,10,How is asthma managed long-term?,1.0,1.0,2.0253,0.004272,16008
9,G,Combined,50%,0.5,1.5,50.0,10,What are signs of kidney disease?,1.0,1.0,1.6957,0.003504,15050
9,G,Combined,50%,0.5,1.5,50.0,10,Describe rheumatoid arthritis treatment,1.0,0.9999,1.973,0.005442,14708
9,G,Combined,50%,0.5,1.5,50.0,10,What causes Parkinson's disease?,1.0,0.9994,1.8344,0.006062,16625
9,G,Combined,50%,0.5,1.5,50.0,10,How is multiple sclerosis diagnosed?,1.0,1.0,1.973,0.008412,18717
9,G,Combined,50%,0.5,1.5,50.0,10,What are symptoms of anemia?,1.0,1.0,1.8867,0.003689,14016
9,G,Combined,50%,0.5,1.5,50.0,10,How is hypothyroidism treated?,1.0,1.0,1.8867,0.004467,16000
9,G,Combined,50%,0.5,1.5,50.0,10,What causes chronic pain?,1.0,0.9999,1.8867,0.000385,15965
9,G,Combined,50%,0.5,1.5,50.0,10,Describe COPD management,0.9,0.9644,1.6957,0.016076,15429
9,G,Combined,50%,0.5,1.5,50.0,10,What are signs of liver disease?,1.0,1.0,1.6434,0.000734,15805
9,G,Combined,50%,0.5,1.5,50.0,10,How is epilepsy treated?,0.9,0.9513,2.0253,0.006006,16100
9,G,Combined,50%,0.5,1.5,50.0,10,What causes osteoporosis?,0.9,0.9557,2.0253,0.006182,15840
9,G,Combined,50%,0.5,1.5,50.0,10,Describe symptoms of anxiety disorder,1.0,1.0,2.164,0.009458,15793
9,G,Combined,50%,0.5,1.5,50.0,10,What medications are used for HIV/AIDS?,0.9,0.9516,2.0253,0.004368,15300
9,G,Combined,50%,0.5,1.5,50.0,10,How is pneumonia diagnosed?,0.9,0.9499,2.0253,0.005952,15287
9,G,Combined,50%,0.5,1.5,50.0,10,What causes inflammatory bowel disease?,1.0,0.9999,2.164,0.000565,15936
9,G,Combined,50%,0.5,1.5,50.0,10,Describe treatment for chronic kidney disease,1.0,0.9989,1.8344,0.005838,15650
9,G,Combined,50%,0.5,1.5,50.0,10,What are symptoms of schizophrenia?,1.0,0.9998,1.7481,0.008342,15915
9,G,Combined,50%,0.5,1.5,50.0,10,How is bipolar disorder managed?,1.0,0.9998,2.0253,0.006436,15783
9,G,Combined,50%,0.5,1.5,50.0,10,What causes psoriasis?,1.0,1.0,2.0253,0.009588,15655
9,G,Combined,50%,0.5,1.5,50.0,10,Describe sepsis treatment,1.0,1.0,2.164,0.010507,15064
9,G,Combined,50%,0.5,1.5,50.0,10,What are risk factors for cancer?,1.0,0.9997,1.8344,0.000548,15898
9,G,Combined,50%,0.5,1.5,50.0,10,How is ALS diagnosed?,0.8,0.908,1.6957,0.007834,15517
9,G,Combined,70%,0.3,1.7,70.0,10,What are the symptoms of type 2 diabetes?,0.9,0.9472,1.8344,0.002034,32411
9,G,Combined,70%,0.3,1.7,70.0,10,How is hypertension treated?,0.9,0.9512,2.0253,0.003592,22420
9,G,Combined,70%,0.3,1.7,70.0,10,What causes heart failure?,1.0,1.0,2.3026,0.000658,18252
9,G,Combined,70%,0.3,1.7,70.0,10,Describe the symptoms of lupus,1.0,1.0,1.973,0.005107,17047
9,G,Combined,70%,0.3,1.7,70.0,10,What medications treat depression?,1.0,1.0,1.8867,0.002787,16243
9,G,Combined,70%,0.3,1.7,70.0,10,How does Alzheimer's disease progress?,0.9,0.9535,1.6957,0.003315,16090
9,G,Combined,70%,0.3,1.7,70.0,10,What are risk factors for stroke?,0.9,0.937,1.4979,0.003194,15145
9,G,Combined,70%,0.3,1.7,70.0,10,How is asthma managed long-term?,1.0,1.0,2.164,0.002407,14453
9,G,Combined,70%,0.3,1.7,70.0,10,What are signs of kidney disease?,0.9,0.9463,1.8867,0.002102,17525
9,G,Combined,70%,0.3,1.7,70.0,10,Describe rheumatoid arthritis treatment,1.0,0.9997,2.164,0.003441,16251
9,G,Combined,70%,0.3,1.7,70.0,10,What causes Parkinson's disease?,0.9,0.9545,2.164,0.003904,16452
9,G,Combined,70%,0.3,1.7,70.0,10,How is multiple sclerosis diagnosed?,1.0,1.0,2.164,0.004009,16172
9,G,Combined,70%,0.3,1.7,70.0,10,What are symptoms of anemia?,1.0,0.9999,2.164,0.00238,16438
9,G,Combined,70%,0.3,1.7,70.0,10,How is hypothyroidism treated?,1.0,1.0,1.973,0.003684,14714
9,G,Combined,70%,0.3,1.7,70.0,10,What causes chronic pain?,0.8,0.8687,1.3592,0.000254,14757
9,G,Combined,70%,0.3,1.7,70.0,10,Describe COPD management,1.0,1.0,1.6957,0.009901,15917
9,G,Combined,70%,0.3,1.7,70.0,10,What are signs of liver disease?,0.8,0.8528,1.6094,0.000319,15703
9,G,Combined,70%,0.3,1.7,70.0,10,How is epilepsy treated?,1.0,1.0,1.8867,0.003753,15417
9,G,Combined,70%,0.3,1.7,70.0,10,What causes osteoporosis?,1.0,0.9971,2.164,0.003325,16972
9,G,Combined,70%,0.3,1.7,70.0,10,Describe symptoms of anxiety disorder,1.0,1.0,2.0253,0.004901,15793
9,G,Combined,70%,0.3,1.7,70.0,10,What medications are used for HIV/AIDS?,0.9,0.9494,2.0253,0.00278,15786
9,G,Combined,70%,0.3,1.7,70.0,10,How is pneumonia diagnosed?,0.9,0.9499,1.973,0.004255,15988
9,G,Combined,70%,0.3,1.7,70.0,10,What causes inflammatory bowel disease?,0.9,0.9329,2.0253,0.000132,16278
9,G,Combined,70%,0.3,1.7,70.0,10,Describe treatment for chronic kidney disease,1.0,0.9998,1.7481,0.003122,16183
9,G,Combined,70%,0.3,1.7,70.0,10,What are symptoms of schizophrenia?,1.0,0.9998,1.8344,0.003832,16272
9,G,Combined,70%,0.3,1.7,70.0,10,How is bipolar disorder managed?,0.9,0.9552,2.0253,0.005051,16050
9,G,Combined,70%,0.3,1.7,70.0,10,What causes psoriasis?,1.0,0.9999,2.0253,0.006117,15278
9,G,Combined,70%,0.3,1.7,70.0,10,Describe sepsis treatment,1.0,1.0,2.164,0.004872,15282
9,G,Combined,70%,0.3,1.7,70.0,10,What are risk factors for cancer?,0.9,0.9319,2.0253,0.000265,16055
9,G,Combined,70%,0.3,1.7,70.0,10,How is ALS diagnosed?,0.9,0.9561,1.6957,0.004729,15474
10,G,Combined,0%,1.0,1.0,0.0,10,What are the symptoms of type 2 diabetes?,1.0,1.0,2.0253,0.005505,24293
10,G,Combined,0%,1.0,1.0,0.0,10,How is hypertension treated?,1.0,1.0,2.164,0.008063,19452
10,G,Combined,0%,1.0,1.0,0.0,10,What causes heart failure?,1.0,1.0,2.0253,0.001569,22366
10,G,Combined,0%,1.0,1.0,0.0,10,Describe the symptoms of lupus,1.0,1.0,2.164,0.008025,19735
10,G,Combined,0%,1.0,1.0,0.0,10,What medications treat depression?,1.0,1.0,1.8344,0.005777,16408
10,G,Combined,0%,1.0,1.0,0.0,10,How does Alzheimer's disease progress?,1.0,1.0,2.0253,0.007851,16610
10,G,Combined,0%,1.0,1.0,0.0,10,What are risk factors for stroke?,1.0,1.0,1.4979,0.007439,17343
10,G,Combined,0%,1.0,1.0,0.0,10,How is asthma managed long-term?,1.0,1.0,2.0253,0.005191,16894
10,G,Combined,0%,1.0,1.0,0.0,10,What are signs of kidney disease?,1.0,1.0,1.6957,0.004912,16464
10,G,Combined,0%,1.0,1.0,0.0,10,Describe rheumatoid arthritis treatment,1.0,1.0,2.0253,0.007646,16119
10,G,Combined,0%,1.0,1.0,0.0,10,What causes Parkinson's disease?,1.0,1.0,2.0253,0.009459,15566
10,G,Combined,0%,1.0,1.0,0.0,10,How is multiple sclerosis diagnosed?,1.0,1.0,1.973,0.008741,16359
10,G,Combined,0%,1.0,1.0,0.0,10,What are symptoms of anemia?,1.0,1.0,2.0253,0.004847,16113
10,G,Combined,0%,1.0,1.0,0.0,10,How is hypothyroidism treated?,1.0,1.0,2.0253,0.006409,15798
10,G,Combined,0%,1.0,1.0,0.0,10,What causes chronic pain?,1.0,1.0,1.973,0.000479,15850
10,G,Combined,0%,1.0,1.0,0.0,10,Describe COPD management,1.0,1.0,2.0253,0.020794,18315
10,G,Combined,0%,1.0,1.0,0.0,10,What are signs of liver disease?,1.0,1.0,1.8867,0.000719,18777
10,G,Combined,0%,1.0,1.0,0.0,10,How is epilepsy treated?,1.0,1.0,2.0253,0.007898,16534
10,G,Combined,0%,1.0,1.0,0.0,10,What causes osteoporosis?,1.0,1.0,2.0253,0.008767,16261
10,G,Combined,0%,1.0,1.0,0.0,10,Describe symptoms of anxiety disorder,1.0,1.0,2.0253,0.012617,15965
10,G,Combined,0%,1.0,1.0,0.0,10,What medications are used for HIV/AIDS?,1.0,1.0,2.164,0.006178,16194
10,G,Combined,0%,1.0,1.0,0.0,10,How is pneumonia diagnosed?,1.0,1.0,2.0253,0.008521,15754
10,G,Combined,0%,1.0,1.0,0.0,10,What causes inflammatory bowel disease?,1.0,1.0,1.6957,0.000444,15736
10,G,Combined,0%,1.0,1.0,0.0,10,Describe treatment for chronic kidney disease,1.0,1.0,1.8867,0.00808,15604
10,G,Combined,0%,1.0,1.0,0.0,10,What are symptoms of schizophrenia?,1.0,1.0,1.7481,0.011327,15493
10,G,Combined,0%,1.0,1.0,0.0,10,How is bipolar disorder managed?,1.0,1.0,2.0253,0.009573,15774
10,G,Combined,0%,1.0,1.0,0.0,10,What causes psoriasis?,1.0,1.0,1.8344,0.014653,15323
10,G,Combined,0%,1.0,1.0,0.0,10,Describe sepsis treatment,1.0,1.0,2.0253,0.012907,15270
10,G,Combined,0%,1.0,1.0,0.0,10,What are risk factors for cancer?,1.0,1.0,2.0253,0.000536,15636
10,G,Combined,0%,1.0,1.0,0.0,10,How is ALS diagnosed?,1.0,1.0,1.8867,0.010726,16168
10,G,Combined,1%,0.99,1.01,1.0,10,What are the symptoms of type 2 diabetes?,1.0,1.0,2.0253,0.005514,33124
10,G,Combined,1%,0.99,1.01,1.0,10,How is hypertension treated?,1.0,1.0,2.164,0.008063,22030
10,G,Combined,1%,0.99,1.01,1.0,10,What causes heart failure?,1.0,1.0,2.0253,0.001569,18722
10,G,Combined,1%,0.99,1.01,1.0,10,Describe the symptoms of lupus,1.0,1.0,2.164,0.008034,17060
10,G,Combined,1%,0.99,1.01,1.0,10,What medications treat depression?,1.0,1.0,1.8344,0.00578,16720
10,G,Combined,1%,0.99,1.01,1.0,10,How does Alzheimer's disease progress?,1.0,1.0,2.0253,0.007836,19102
10,G,Combined,1%,0.99,1.01,1.0,10,What are risk factors for stroke?,1.0,1.0,1.4979,0.007435,21963
10,G,Combined,1%,0.99,1.01,1.0,10,How is asthma managed long-term?,1.0,1.0,2.0253,0.005177,18115
10,G,Combined,1%,0.99,1.01,1.0,10,What are signs of kidney disease?,1.0,1.0,1.8344,0.004914,16541
10,G,Combined,1%,0.99,1.01,1.0,10,Describe rheumatoid arthritis treatment,1.0,1.0,2.0253,0.00765,16635
10,G,Combined,1%,0.99,1.01,1.0,10,What causes Parkinson's disease?,1.0,1.0,2.0253,0.00946,17113
10,G,Combined,1%,0.99,1.01,1.0,10,How is multiple sclerosis diagnosed?,1.0,1.0,1.973,0.008741,15790
10,G,Combined,1%,0.99,1.01,1.0,10,What are symptoms of anemia?,1.0,1.0,2.0253,0.004862,14606
10,G,Combined,1%,0.99,1.01,1.0,10,How is hypothyroidism treated?,1.0,1.0,2.0253,0.006412,14627
10,G,Combined,1%,0.99,1.01,1.0,10,What causes chronic pain?,1.0,1.0,1.973,0.000476,14636
10,G,Combined,1%,0.99,1.01,1.0,10,Describe COPD management,1.0,1.0,2.0253,0.020812,15681
10,G,Combined,1%,0.99,1.01,1.0,10,What are signs of liver disease?,1.0,1.0,1.8867,0.000719,15844
10,G,Combined,1%,0.99,1.01,1.0,10,How is epilepsy treated?,1.0,1.0,2.0253,0.007915,15614
10,G,Combined,1%,0.99,1.01,1.0,10,What causes osteoporosis?,0.9,0.9557,2.0253,0.00874,15319
10,G,Combined,1%,0.99,1.01,1.0,10,Describe symptoms of anxiety disorder,1.0,1.0,2.0253,0.012647,14846
10,G,Combined,1%,0.99,1.01,1.0,10,What medications are used for HIV/AIDS?,1.0,1.0,2.164,0.006182,14857
10,G,Combined,1%,0.99,1.01,1.0,10,How is pneumonia diagnosed?,1.0,1.0,2.0253,0.0085,14940
10,G,Combined,1%,0.99,1.01,1.0,10,What causes inflammatory bowel disease?,1.0,1.0,1.6957,0.000446,14773
10,G,Combined,1%,0.99,1.01,1.0,10,Describe treatment for chronic kidney disease,1.0,1.0,1.8867,0.008077,14521
10,G,Combined,1%,0.99,1.01,1.0,10,What are symptoms of schizophrenia?,1.0,1.0,1.7481,0.011307,16103
10,G,Combined,1%,0.99,1.01,1.0,10,How is bipolar disorder managed?,1.0,1.0,2.0253,0.009588,16978
10,G,Combined,1%,0.99,1.01,1.0,10,What causes psoriasis?,1.0,1.0,1.8344,0.014675,15663
10,G,Combined,1%,0.99,1.01,1.0,10,Describe sepsis treatment,1.0,1.0,2.0253,0.012913,15578
10,G,Combined,1%,0.99,1.01,1.0,10,What are risk factors for cancer?,1.0,1.0,1.973,0.000532,12971
10,G,Combined,1%,0.99,1.01,1.0,10,How is ALS diagnosed?,1.0,1.0,1.8867,0.010733,15453
10,G,Combined,5%,0.95,1.05,5.0,10,What are the symptoms of type 2 diabetes?,1.0,1.0,1.6434,0.005414,23531
10,G,Combined,5%,0.95,1.05,5.0,10,How is hypertension treated?,1.0,1.0,2.164,0.007982,19088
10,G,Combined,5%,0.95,1.05,5.0,10,What causes heart failure?,1.0,1.0,2.164,0.001569,17435
10,G,Combined,5%,0.95,1.05,5.0,10,Describe the symptoms of lupus,1.0,1.0,2.164,0.007974,16209
10,G,Combined,5%,0.95,1.05,5.0,10,What medications treat depression?,1.0,1.0,1.973,0.005722,19542
10,G,Combined,5%,0.95,1.05,5.0,10,How does Alzheimer's disease progress?,0.9,0.954,2.0253,0.007948,18800
10,G,Combined,5%,0.95,1.05,5.0,10,What are risk factors for stroke?,1.0,1.0,1.4979,0.007448,15717
10,G,Combined,5%,0.95,1.05,5.0,10,How is asthma managed long-term?,1.0,1.0,2.0253,0.005133,15291
10,G,Combined,5%,0.95,1.05,5.0,10,What are signs of kidney disease?,1.0,1.0,1.6957,0.004903,15655
10,G,Combined,5%,0.95,1.05,5.0,10,Describe rheumatoid arthritis treatment,1.0,1.0,2.0253,0.007602,15357
10,G,Combined,5%,0.95,1.05,5.0,10,What causes Parkinson's disease?,1.0,1.0,2.0253,0.009502,16905
10,G,Combined,5%,0.95,1.05,5.0,10,How is multiple sclerosis diagnosed?,1.0,1.0,1.973,0.008812,18595
10,G,Combined,5%,0.95,1.05,5.0,10,What are symptoms of anemia?,1.0,1.0,2.0253,0.004832,15995
10,G,Combined,5%,0.95,1.05,5.0,10,How is hypothyroidism treated?,1.0,1.0,1.8344,0.006446,14835
10,G,Combined,5%,0.95,1.05,5.0,10,What causes chronic pain?,1.0,1.0,1.973,0.00048,16442
10,G,Combined,5%,0.95,1.05,5.0,10,Describe COPD management,1.0,1.0,2.0253,0.020719,14778
10,G,Combined,5%,0.95,1.05,5.0,10,What are signs of liver disease?,1.0,1.0,1.8344,0.000723,16457
10,G,Combined,5%,0.95,1.05,5.0,10,How is epilepsy treated?,1.0,1.0,2.0253,0.007901,15254
10,G,Combined,5%,0.95,1.05,5.0,10,What causes osteoporosis?,1.0,1.0,2.0253,0.008866,15220
10,G,Combined,5%,0.95,1.05,5.0,10,Describe symptoms of anxiety disorder,1.0,1.0,2.0253,0.012526,15609
10,G,Combined,5%,0.95,1.05,5.0,10,What medications are used for HIV/AIDS?,0.9,0.9519,2.164,0.006161,14350
10,G,Combined,5%,0.95,1.05,5.0,10,How is pneumonia diagnosed?,1.0,1.0,2.0253,0.008486,14544
10,G,Combined,5%,0.95,1.05,5.0,10,What causes inflammatory bowel disease?,1.0,1.0,1.8867,0.00046,14638
10,G,Combined,5%,0.95,1.05,5.0,10,Describe treatment for chronic kidney disease,1.0,1.0,1.8344,0.008032,14522
10,G,Combined,5%,0.95,1.05,5.0,10,What are symptoms of schizophrenia?,1.0,1.0,1.7481,0.011138,16228
10,G,Combined,5%,0.95,1.05,5.0,10,How is bipolar disorder managed?,1.0,1.0,1.8867,0.00949,15215
10,G,Combined,5%,0.95,1.05,5.0,10,What causes psoriasis?,1.0,1.0,1.8344,0.014576,15328
10,G,Combined,5%,0.95,1.05,5.0,10,Describe sepsis treatment,1.0,1.0,2.0253,0.012868,14975
10,G,Combined,5%,0.95,1.05,5.0,10,What are risk factors for cancer?,1.0,1.0,1.973,0.000533,15634
10,G,Combined,5%,0.95,1.05,5.0,10,How is ALS diagnosed?,1.0,1.0,1.8867,0.010776,15284
10,G,Combined,10%,0.9,1.1,10.0,10,What are the symptoms of type 2 diabetes?,1.0,1.0,2.0253,0.005341,33825
10,G,Combined,10%,0.9,1.1,10.0,10,How is hypertension treated?,1.0,1.0,2.164,0.007865,22375
10,G,Combined,10%,0.9,1.1,10.0,10,What causes heart failure?,1.0,1.0,1.8867,0.00156,19050
10,G,Combined,10%,0.9,1.1,10.0,10,Describe the symptoms of lupus,1.0,1.0,1.973,0.007975,18979
10,G,Combined,10%,0.9,1.1,10.0,10,What medications treat depression?,1.0,1.0,1.8344,0.005766,19167
10,G,Combined,10%,0.9,1.1,10.0,10,How does Alzheimer's disease progress?,0.9,0.954,2.0253,0.008037,17017
10,G,Combined,10%,0.9,1.1,10.0,10,What are risk factors for stroke?,1.0,1.0,1.4979,0.007341,16147
10,G,Combined,10%,0.9,1.1,10.0,10,How is asthma managed long-term?,1.0,1.0,2.0253,0.005012,15852
10,G,Combined,10%,0.9,1.1,10.0,10,What are signs of kidney disease?,1.0,1.0,1.6957,0.004732,16277
10,G,Combined,10%,0.9,1.1,10.0,10,Describe rheumatoid arthritis treatment,1.0,1.0,2.0253,0.007646,15365
10,G,Combined,10%,0.9,1.1,10.0,10,What causes Parkinson's disease?,1.0,1.0,2.0253,0.009538,15982
10,G,Combined,10%,0.9,1.1,10.0,10,How is multiple sclerosis diagnosed?,1.0,1.0,1.973,0.008345,16318
10,G,Combined,10%,0.9,1.1,10.0,10,What are symptoms of anemia?,1.0,1.0,2.0253,0.004727,15849
10,G,Combined,10%,0.9,1.1,10.0,10,How is hypothyroidism treated?,1.0,1.0,2.0253,0.006214,15478
10,G,Combined,10%,0.9,1.1,10.0,10,What causes chronic pain?,1.0,1.0,1.8344,0.000502,15472
10,G,Combined,10%,0.9,1.1,10.0,10,Describe COPD management,1.0,1.0,1.8867,0.02029,14971
10,G,Combined,10%,0.9,1.1,10.0,10,What are signs of liver disease?,1.0,1.0,2.0253,0.000702,15782
10,G,Combined,10%,0.9,1.1,10.0,10,How is epilepsy treated?,1.0,1.0,2.164,0.007842,16394
10,G,Combined,10%,0.9,1.1,10.0,10,What causes osteoporosis?,0.9,0.9557,2.0253,0.008845,17335
10,G,Combined,10%,0.9,1.1,10.0,10,Describe symptoms of anxiety disorder,0.9,0.9528,2.0253,0.012282,17936
10,G,Combined,10%,0.9,1.1,10.0,10,What medications are used for HIV/AIDS?,0.9,0.9519,2.0253,0.006317,16281
10,G,Combined,10%,0.9,1.1,10.0,10,How is pneumonia diagnosed?,1.0,1.0,2.0253,0.008442,16067
10,G,Combined,10%,0.9,1.1,10.0,10,What causes inflammatory bowel disease?,1.0,1.0,1.8344,0.000446,15855
10,G,Combined,10%,0.9,1.1,10.0,10,Describe treatment for chronic kidney disease,1.0,1.0,1.8344,0.007967,15815
10,G,Combined,10%,0.9,1.1,10.0,10,What are symptoms of schizophrenia?,1.0,1.0,1.4979,0.011376,15763
10,G,Combined,10%,0.9,1.1,10.0,10,How is bipolar disorder managed?,1.0,1.0,1.8867,0.009574,16205
10,G,Combined,10%,0.9,1.1,10.0,10,What causes psoriasis?,1.0,1.0,1.8344,0.014227,15334
10,G,Combined,10%,0.9,1.1,10.0,10,Describe sepsis treatment,1.0,1.0,2.0253,0.012667,14938
10,G,Combined,10%,0.9,1.1,10.0,10,What are risk factors for cancer?,1.0,0.9999,1.8344,0.00053,15161
10,G,Combined,10%,0.9,1.1,10.0,10,How is ALS diagnosed?,1.0,1.0,1.8867,0.010567,14513
10,G,Combined,20%,0.8,1.2,20.0,10,What are the symptoms of type 2 diabetes?,1.0,1.0,1.8344,0.005334,30483
10,G,Combined,20%,0.8,1.2,20.0,10,How is hypertension treated?,0.9,0.9513,1.8344,0.00758,21629
10,G,Combined,20%,0.8,1.2,20.0,10,What causes heart failure?,1.0,1.0,2.0253,0.00149,18112
10,G,Combined,20%,0.8,1.2,20.0,10,Describe the symptoms of lupus,1.0,1.0,1.973,0.0076,17178
10,G,Combined,20%,0.8,1.2,20.0,10,What medications treat depression?,1.0,0.9999,1.7481,0.005471,15722
10,G,Combined,20%,0.8,1.2,20.0,10,How does Alzheimer's disease progress?,0.9,0.954,2.0253,0.007468,15562
10,G,Combined,20%,0.8,1.2,20.0,10,What are risk factors for stroke?,1.0,1.0,1.2275,0.00723,16493
10,G,Combined,20%,0.8,1.2,20.0,10,How is asthma managed long-term?,1.0,1.0,2.164,0.005325,15378
10,G,Combined,20%,0.8,1.2,20.0,10,What are signs of kidney disease?,0.9,0.9413,1.6957,0.004585,14931
10,G,Combined,20%,0.8,1.2,20.0,10,Describe rheumatoid arthritis treatment,1.0,0.9999,1.973,0.00678,16010
10,G,Combined,20%,0.8,1.2,20.0,10,What causes Parkinson's disease?,1.0,1.0,2.0253,0.009022,14646
10,G,Combined,20%,0.8,1.2,20.0,10,How is multiple sclerosis diagnosed?,1.0,1.0,1.973,0.007924,15046
10,G,Combined,20%,0.8,1.2,20.0,10,What are symptoms of anemia?,1.0,1.0,2.164,0.004529,16657
10,G,Combined,20%,0.8,1.2,20.0,10,How is hypothyroidism treated?,1.0,1.0,2.0253,0.005862,15843
10,G,Combined,20%,0.8,1.2,20.0,10,What causes chronic pain?,0.9,0.9308,1.7481,0.000491,15902
10,G,Combined,20%,0.8,1.2,20.0,10,Describe COPD management,1.0,1.0,2.0253,0.019237,15986
10,G,Combined,20%,0.8,1.2,20.0,10,What are signs of liver disease?,1.0,0.9999,1.8344,0.000783,15726
10,G,Combined,20%,0.8,1.2,20.0,10,How is epilepsy treated?,1.0,1.0,1.8867,0.007931,15555
10,G,Combined,20%,0.8,1.2,20.0,10,What causes osteoporosis?,1.0,1.0,2.0253,0.008265,15239
10,G,Combined,20%,0.8,1.2,20.0,10,Describe symptoms of anxiety disorder,1.0,1.0,2.164,0.011793,18092
10,G,Combined,20%,0.8,1.2,20.0,10,What medications are used for HIV/AIDS?,1.0,1.0,1.8867,0.006194,15530
10,G,Combined,20%,0.8,1.2,20.0,10,How is pneumonia diagnosed?,1.0,1.0,2.0253,0.008106,15401
10,G,Combined,20%,0.8,1.2,20.0,10,What causes inflammatory bowel disease?,1.0,1.0,1.8867,0.000385,14777
10,G,Combined,20%,0.8,1.2,20.0,10,Describe treatment for chronic kidney disease,1.0,1.0,2.0253,0.007954,14824
10,G,Combined,20%,0.8,1.2,20.0,10,What are symptoms of schizophrenia?,1.0,1.0,1.8344,0.010516,15971
10,G,Combined,20%,0.8,1.2,20.0,10,How is bipolar disorder managed?,1.0,0.9999,2.0253,0.009231,17121
10,G,Combined,20%,0.8,1.2,20.0,10,What causes psoriasis?,1.0,1.0,1.8344,0.014005,15823
10,G,Combined,20%,0.8,1.2,20.0,10,Describe sepsis treatment,1.0,1.0,2.0253,0.011731,16052
10,G,Combined,20%,0.8,1.2,20.0,10,What are risk factors for cancer?,1.0,0.9998,1.973,0.000426,16474
10,G,Combined,20%,0.8,1.2,20.0,10,How is ALS diagnosed?,1.0,1.0,1.6957,0.010201,16299
10,G,Combined,30%,0.7,1.3,30.0,10,What are the symptoms of type 2 diabetes?,1.0,1.0,2.164,0.004761,31427
10,G,Combined,30%,0.7,1.3,30.0,10,How is hypertension treated?,1.0,1.0,2.0253,0.007169,22286
10,G,Combined,30%,0.7,1.3,30.0,10,What causes heart failure?,1.0,1.0,1.7481,0.001394,19570
10,G,Combined,30%,0.7,1.3,30.0,10,Describe the symptoms of lupus,1.0,1.0,2.164,0.007009,18603
10,G,Combined,30%,0.7,1.3,30.0,10,What medications treat depression?,1.0,1.0,1.8344,0.005009,17151
10,G,Combined,30%,0.7,1.3,30.0,10,How does Alzheimer's disease progress?,0.9,0.954,2.0253,0.006821,16877
10,G,Combined,30%,0.7,1.3,30.0,10,What are risk factors for stroke?,1.0,0.9995,1.3592,0.007106,16454
10,G,Combined,30%,0.7,1.3,30.0,10,How is asthma managed long-term?,1.0,1.0,2.0253,0.004632,16125
10,G,Combined,30%,0.7,1.3,30.0,10,What are signs of kidney disease?,0.9,0.9461,1.8344,0.004517,15879
10,G,Combined,30%,0.7,1.3,30.0,10,Describe rheumatoid arthritis treatment,1.0,1.0,2.164,0.006987,15899
10,G,Combined,30%,0.7,1.3,30.0,10,What causes Parkinson's disease?,1.0,0.9994,2.0253,0.008681,15654
10,G,Combined,30%,0.7,1.3,30.0,10,How is multiple sclerosis diagnosed?,1.0,1.0,1.6434,0.00706,16519
10,G,Combined,30%,0.7,1.3,30.0,10,What are symptoms of anemia?,1.0,1.0,2.0253,0.004827,17079
10,G,Combined,30%,0.7,1.3,30.0,10,How is hypothyroidism treated?,1.0,0.9997,1.8867,0.005853,16103
10,G,Combined,30%,0.7,1.3,30.0,10,What causes chronic pain?,0.9,0.9261,2.164,0.000447,15200
10,G,Combined,30%,0.7,1.3,30.0,10,Describe COPD management,0.9,0.9644,2.0253,0.018944,16042
10,G,Combined,30%,0.7,1.3,30.0,10,What are signs of liver disease?,1.0,0.9997,2.0253,0.000715,17476
10,G,Combined,30%,0.7,1.3,30.0,10,How is epilepsy treated?,0.9,0.9513,1.8867,0.00665,15873
10,G,Combined,30%,0.7,1.3,30.0,10,What causes osteoporosis?,0.9,0.9556,2.0253,0.007125,16221
10,G,Combined,30%,0.7,1.3,30.0,10,Describe symptoms of anxiety disorder,0.9,0.9508,1.8867,0.010167,16100
10,G,Combined,30%,0.7,1.3,30.0,10,What medications are used for HIV/AIDS?,1.0,1.0,1.8867,0.00525,14897
10,G,Combined,30%,0.7,1.3,30.0,10,How is pneumonia diagnosed?,0.9,0.948,2.164,0.007734,14264
10,G,Combined,30%,0.7,1.3,30.0,10,What causes inflammatory bowel disease?,0.9,0.9373,1.8344,0.000359,18638
10,G,Combined,30%,0.7,1.3,30.0,10,Describe treatment for chronic kidney disease,1.0,0.9999,1.8344,0.007147,18565
10,G,Combined,30%,0.7,1.3,30.0,10,What are symptoms of schizophrenia?,1.0,0.9999,1.8344,0.009883,15794
10,G,Combined,30%,0.7,1.3,30.0,10,How is bipolar disorder managed?,1.0,0.9999,2.0253,0.0077,15525
10,G,Combined,30%,0.7,1.3,30.0,10,What causes psoriasis?,1.0,1.0,1.8344,0.013023,15284
10,G,Combined,30%,0.7,1.3,30.0,10,Describe sepsis treatment,1.0,1.0,2.0253,0.010904,15970
10,G,Combined,30%,0.7,1.3,30.0,10,What are risk factors for cancer?,1.0,1.0,2.0253,0.000556,16857
10,G,Combined,30%,0.7,1.3,30.0,10,How is ALS diagnosed?,1.0,1.0,2.164,0.009278,16200
10,G,Combined,50%,0.5,1.5,50.0,10,What are the symptoms of type 2 diabetes?,1.0,1.0,2.0253,0.003875,24500
10,G,Combined,50%,0.5,1.5,50.0,10,How is hypertension treated?,0.9,0.9513,2.0253,0.005862,16980
10,G,Combined,50%,0.5,1.5,50.0,10,What causes heart failure?,1.0,0.9999,2.0253,0.001323,15656
10,G,Combined,50%,0.5,1.5,50.0,10,Describe the symptoms of lupus,1.0,1.0,2.0253,0.005939,15461
10,G,Combined,50%,0.5,1.5,50.0,10,What medications treat depression?,0.9,0.9444,1.8344,0.00422,15196
10,G,Combined,50%,0.5,1.5,50.0,10,How does Alzheimer's disease progress?,0.9,0.954,1.6957,0.005434,16241
10,G,Combined,50%,0.5,1.5,50.0,10,What are risk factors for stroke?,1.0,0.9999,1.3592,0.004774,18075
10,G,Combined,50%,0.5,1.5,50.0,10,How is asthma managed long-term?,1.0,1.0,2.0253,0.003331,30533
10,G,Combined,50%,0.5,1.5,50.0,10,What are signs of kidney disease?,1.0,0.9998,1.6957,0.003528,23441
10,G,Combined,50%,0.5,1.5,50.0,10,Describe rheumatoid arthritis treatment,1.0,0.9999,1.973,0.006211,16255
10,G,Combined,50%,0.5,1.5,50.0,10,What causes Parkinson's disease?,1.0,0.9994,2.0253,0.006352,17608
10,G,Combined,50%,0.5,1.5,50.0,10,How is multiple sclerosis diagnosed?,1.0,1.0,1.973,0.005907,17512
10,G,Combined,50%,0.5,1.5,50.0,10,What are symptoms of anemia?,1.0,0.9992,2.164,0.003696,17298
10,G,Combined,50%,0.5,1.5,50.0,10,How is hypothyroidism treated?,1.0,0.9997,2.0253,0.00451,16321
10,G,Combined,50%,0.5,1.5,50.0,10,What causes chronic pain?,0.9,0.9352,1.6094,0.000343,15814
10,G,Combined,50%,0.5,1.5,50.0,10,Describe COPD management,0.9,0.9644,2.164,0.013063,16713
10,G,Combined,50%,0.5,1.5,50.0,10,What are signs of liver disease?,1.0,0.9996,1.4185,0.000686,17508
10,G,Combined,50%,0.5,1.5,50.0,10,How is epilepsy treated?,0.9,0.9512,2.164,0.005314,16753
10,G,Combined,50%,0.5,1.5,50.0,10,What causes osteoporosis?,1.0,0.9999,2.0253,0.006413,16968
10,G,Combined,50%,0.5,1.5,50.0,10,Describe symptoms of anxiety disorder,1.0,1.0,1.8867,0.008287,15882
10,G,Combined,50%,0.5,1.5,50.0,10,What medications are used for HIV/AIDS?,1.0,0.9998,2.164,0.00389,15217
10,G,Combined,50%,0.5,1.5,50.0,10,How is pneumonia diagnosed?,0.8,0.8953,1.6094,0.005574,16466
10,G,Combined,50%,0.5,1.5,50.0,10,What causes inflammatory bowel disease?,1.0,0.9986,2.164,0.000407,16393
10,G,Combined,50%,0.5,1.5,50.0,10,Describe treatment for chronic kidney disease,1.0,0.9994,1.973,0.005652,16713
10,G,Combined,50%,0.5,1.5,50.0,10,What are symptoms of schizophrenia?,0.9,0.9501,1.8344,0.008292,16671
10,G,Combined,50%,0.5,1.5,50.0,10,How is bipolar disorder managed?,1.0,0.9997,2.0253,0.005925,16321
10,G,Combined,50%,0.5,1.5,50.0,10,What causes psoriasis?,0.9,0.9587,2.0253,0.009302,16160
10,G,Combined,50%,0.5,1.5,50.0,10,Describe sepsis treatment,1.0,1.0,2.164,0.00974,15495
10,G,Combined,50%,0.5,1.5,50.0,10,What are risk factors for cancer?,1.0,0.9999,1.7481,0.000613,16207
10,G,Combined,50%,0.5,1.5,50.0,10,How is ALS diagnosed?,1.0,0.9998,1.8344,0.008319,15763
10,G,Combined,70%,0.3,1.7,70.0,10,What are the symptoms of type 2 diabetes?,1.0,1.0,1.8344,0.002093,29644
10,G,Combined,70%,0.3,1.7,70.0,10,How is hypertension treated?,0.9,0.9511,1.8344,0.003385,21380
10,G,Combined,70%,0.3,1.7,70.0,10,What causes heart failure?,1.0,0.9998,2.164,0.000382,21824
10,G,Combined,70%,0.3,1.7,70.0,10,Describe the symptoms of lupus,0.9,0.9508,2.0253,0.003708,18844
10,G,Combined,70%,0.3,1.7,70.0,10,What medications treat depression?,1.0,0.9996,2.0253,0.002834,17139
10,G,Combined,70%,0.3,1.7,70.0,10,How does Alzheimer's disease progress?,0.9,0.951,1.5048,0.00397,17705
10,G,Combined,70%,0.3,1.7,70.0,10,What are risk factors for stroke?,0.8,0.8732,1.6094,0.003309,16163
10,G,Combined,70%,0.3,1.7,70.0,10,How is asthma managed long-term?,1.0,0.9996,1.8344,0.00277,17649
10,G,Combined,70%,0.3,1.7,70.0,10,What are signs of kidney disease?,0.9,0.9435,1.8344,0.001849,17023
10,G,Combined,70%,0.3,1.7,70.0,10,Describe rheumatoid arthritis treatment,0.9,0.9512,1.8344,0.003647,15673
10,G,Combined,70%,0.3,1.7,70.0,10,What causes Parkinson's disease?,1.0,1.0,2.164,0.003812,15315
10,G,Combined,70%,0.3,1.7,70.0,10,How is multiple sclerosis diagnosed?,1.0,0.9996,1.973,0.003199,15073
10,G,Combined,70%,0.3,1.7,70.0,10,What are symptoms of anemia?,1.0,0.9998,1.8867,0.001659,18425
10,G,Combined,70%,0.3,1.7,70.0,10,How is hypothyroidism treated?,1.0,1.0,2.0253,0.002618,17626
10,G,Combined,70%,0.3,1.7,70.0,10,What causes chronic pain?,0.8,0.8719,1.6094,0.000173,16343
10,G,Combined,70%,0.3,1.7,70.0,10,Describe COPD management,1.0,0.9994,1.8867,0.00903,16137
10,G,Combined,70%,0.3,1.7,70.0,10,What are signs of liver disease?,1.0,0.999,1.3592,0.000312,16049
10,G,Combined,70%,0.3,1.7,70.0,10,How is epilepsy treated?,1.0,1.0,1.8867,0.003193,15363
10,G,Combined,70%,0.3,1.7,70.0,10,What causes osteoporosis?,0.9,0.9557,2.164,0.003248,15328
10,G,Combined,70%,0.3,1.7,70.0,10,Describe symptoms of anxiety disorder,0.9,0.9508,2.0253,0.005837,14789
10,G,Combined,70%,0.3,1.7,70.0,10,What medications are used for HIV/AIDS?,0.9,0.9516,1.8344,0.002708,14176
10,G,Combined,70%,0.3,1.7,70.0,10,How is pneumonia diagnosed?,0.9,0.948,2.164,0.004074,14417
10,G,Combined,70%,0.3,1.7,70.0,10,What causes inflammatory bowel disease?,0.9,0.9376,1.8344,0.00013,14647
10,G,Combined,70%,0.3,1.7,70.0,10,Describe treatment for chronic kidney disease,0.9,0.9504,1.973,0.003372,14710
10,G,Combined,70%,0.3,1.7,70.0,10,What are symptoms of schizophrenia?,1.0,0.9999,1.8344,0.004651,15587
10,G,Combined,70%,0.3,1.7,70.0,10,How is bipolar disorder managed?,1.0,0.9998,2.0253,0.003945,15553
10,G,Combined,70%,0.3,1.7,70.0,10,What causes psoriasis?,1.0,0.9988,1.8344,0.005984,14781
10,G,Combined,70%,0.3,1.7,70.0,10,Describe sepsis treatment,0.9,0.9547,2.164,0.005449,15165
10,G,Combined,70%,0.3,1.7,70.0,10,What are risk factors for cancer?,0.9,0.9357,1.6434,0.000324,15606
10,G,Combined,70%,0.3,1.7,70.0,10,How is ALS diagnosed?,1.0,0.9997,2.0253,0.004517,14954
