trial,exp,algorithm,noise_label,noise_min,noise_max,noise_range_pct,top_k,query,recall_at_k,ndcg_at_k,kendall_tau,score_entropy,score_variance,score_distinct_count,enc_total_us
1,D,Noise,1%,0.99,1.01,1.0,10,What are the symptoms of type 2 diabetes?,1.0,1.0,1.0,2.164,0.007887,10,24699
1,D,Noise,1%,0.99,1.01,1.0,10,How is hypertension treated?,1.0,1.0,1.0,1.6094,0.007059,10,25127
1,D,Noise,1%,0.99,1.01,1.0,10,What causes heart failure?,1.0,1.0,1.0,2.0253,0.00683,10,25980
1,D,Noise,1%,0.99,1.01,1.0,10,Describe the symptoms of lupus,1.0,1.0,1.0,2.0253,0.014622,10,24372
1,D,Noise,1%,0.99,1.01,1.0,10,What medications treat depression?,1.0,1.0,1.0,2.164,0.008111,10,24246
1,D,Noise,1%,0.99,1.01,1.0,10,How does Alzheimer's disease progress?,1.0,1.0,1.0,1.973,0.015865,10,27582
1,D,Noise,1%,0.99,1.01,1.0,10,What are risk factors for stroke?,1.0,1.0,1.0,1.4185,0.007745,10,24687
1,D,Noise,1%,0.99,1.01,1.0,10,How is asthma managed long-term?,1.0,1.0,1.0,2.164,0.006721,10,24363
1,D,Noise,1%,0.99,1.01,1.0,10,What are signs of kidney disease?,1.0,1.0,1.0,1.8344,0.006626,10,25668
1,D,Noise,1%,0.99,1.01,1.0,10,Describe rheumatoid arthritis treatment,1.0,1.0,1.0,1.8344,0.009165,10,27247
1,D,Noise,1%,0.99,1.01,1.0,10,What causes Parkinson's disease?,1.0,1.0,1.0,1.973,0.015143,10,25307
1,D,Noise,1%,0.99,1.01,1.0,10,How is multiple sclerosis diagnosed?,1.0,1.0,1.0,1.8344,0.014327,10,24145
1,D,Noise,1%,0.99,1.01,1.0,10,What are symptoms of anemia?,1.0,1.0,1.0,1.6957,0.018166,10,25121
1,D,Noise,1%,0.99,1.01,1.0,10,How is hypothyroidism treated?,1.0,1.0,1.0,1.5048,0.014395,10,25431
1,D,Noise,1%,0.99,1.01,1.0,10,What causes chronic pain?,1.0,1.0,1.0,2.164,0.000761,10,23836
1,D,Noise,1%,0.99,1.01,1.0,10,Describe COPD management,1.0,1.0,1.0,1.2206,0.024943,10,26635
1,D,Noise,1%,0.99,1.01,1.0,10,What are signs of liver disease?,1.0,1.0,1.0,2.0253,0.001755,10,25455
1,D,Noise,1%,0.99,1.01,1.0,10,How is epilepsy treated?,1.0,1.0,1.0,1.3592,0.017457,10,25816
1,D,Noise,1%,0.99,1.01,1.0,10,What causes osteoporosis?,1.0,1.0,1.0,1.8344,0.014138,10,26427
1,D,Noise,1%,0.99,1.01,1.0,10,Describe symptoms of anxiety disorder,1.0,1.0,1.0,1.6094,0.013858,10,25261
1,D,Noise,1%,0.99,1.01,1.0,10,What medications are used for HIV/AIDS?,1.0,1.0,1.0,1.4979,0.009627,10,26812
1,D,Noise,1%,0.99,1.01,1.0,10,How is pneumonia diagnosed?,1.0,1.0,1.0,1.8344,0.007208,10,24480
1,D,Noise,1%,0.99,1.01,1.0,10,What causes inflammatory bowel disease?,1.0,1.0,1.0,2.164,0.001504,10,24408
1,D,Noise,1%,0.99,1.01,1.0,10,Describe treatment for chronic kidney disease,1.0,1.0,1.0,1.3592,0.016559,10,24730
1,D,Noise,1%,0.99,1.01,1.0,10,What are symptoms of schizophrenia?,1.0,1.0,1.0,1.4185,0.010769,10,27043
1,D,Noise,1%,0.99,1.01,1.0,10,How is bipolar disorder managed?,1.0,1.0,1.0,1.4708,0.016108,10,25429
1,D,Noise,1%,0.99,1.01,1.0,10,What causes psoriasis?,1.0,1.0,1.0,1.6094,0.01611,10,24653
1,D,Noise,1%,0.99,1.01,1.0,10,Describe sepsis treatment,1.0,1.0,1.0,1.6434,0.017429,10,24517
1,D,Noise,1%,0.99,1.01,1.0,10,What are risk factors for cancer?,1.0,1.0,1.0,1.973,0.000534,10,25589
1,D,Noise,1%,0.99,1.01,1.0,10,How is ALS diagnosed?,1.0,1.0,1.0,1.6094,0.011293,10,25519
1,D,Noise,5%,0.95,1.05,5.0,10,What are the symptoms of type 2 diabetes?,1.0,1.0,1.0,2.0253,0.00794,10,26198
1,D,Noise,5%,0.95,1.05,5.0,10,How is hypertension treated?,1.0,1.0,1.0,1.6094,0.006995,10,19980
1,D,Noise,5%,0.95,1.05,5.0,10,What causes heart failure?,1.0,1.0,1.0,2.0253,0.006809,10,17600
1,D,Noise,5%,0.95,1.05,5.0,10,Describe the symptoms of lupus,1.0,1.0,1.0,2.0253,0.014691,10,11675
1,D,Noise,5%,0.95,1.05,5.0,10,What medications treat depression?,1.0,1.0,1.0,2.164,0.00797,10,12403
1,D,Noise,5%,0.95,1.05,5.0,10,How does Alzheimer's disease progress?,1.0,1.0,0.9556,1.973,0.015911,10,12301
1,D,Noise,5%,0.95,1.05,5.0,10,What are risk factors for stroke?,1.0,1.0,1.0,1.4185,0.007779,10,12708
1,D,Noise,5%,0.95,1.05,5.0,10,How is asthma managed long-term?,1.0,1.0,1.0,2.164,0.006801,10,12948
1,D,Noise,5%,0.95,1.05,5.0,10,What are signs of kidney disease?,1.0,1.0,1.0,1.6094,0.006654,10,13064
1,D,Noise,5%,0.95,1.05,5.0,10,Describe rheumatoid arthritis treatment,1.0,1.0,1.0,1.8344,0.009194,10,12497
1,D,Noise,5%,0.95,1.05,5.0,10,What causes Parkinson's disease?,1.0,1.0,0.9556,1.973,0.015155,10,12883
1,D,Noise,5%,0.95,1.05,5.0,10,How is multiple sclerosis diagnosed?,1.0,1.0,1.0,1.8344,0.014276,10,11563
1,D,Noise,5%,0.95,1.05,5.0,10,What are symptoms of anemia?,1.0,1.0,1.0,1.6957,0.018121,10,10975
1,D,Noise,5%,0.95,1.05,5.0,10,How is hypothyroidism treated?,1.0,1.0,1.0,1.5048,0.014444,10,12428
1,D,Noise,5%,0.95,1.05,5.0,10,What causes chronic pain?,1.0,1.0,1.0,2.0253,0.000768,10,12644
1,D,Noise,5%,0.95,1.05,5.0,10,Describe COPD management,1.0,1.0,1.0,1.2206,0.024794,10,12211
1,D,Noise,5%,0.95,1.05,5.0,10,What are signs of liver disease?,1.0,1.0,1.0,2.0253,0.001788,10,11341
1,D,Noise,5%,0.95,1.05,5.0,10,How is epilepsy treated?,1.0,1.0,1.0,1.3592,0.0174,10,13443
1,D,Noise,5%,0.95,1.05,5.0,10,What causes osteoporosis?,1.0,1.0,1.0,1.8344,0.014109,10,12250
1,D,Noise,5%,0.95,1.05,5.0,10,Describe symptoms of anxiety disorder,1.0,1.0,1.0,1.6434,0.01379,10,11481
1,D,Noise,5%,0.95,1.05,5.0,10,What medications are used for HIV/AIDS?,1.0,1.0,1.0,1.4979,0.009548,10,12488
1,D,Noise,5%,0.95,1.05,5.0,10,How is pneumonia diagnosed?,1.0,1.0,1.0,1.7481,0.007161,10,13785
1,D,Noise,5%,0.95,1.05,5.0,10,What causes inflammatory bowel disease?,1.0,1.0,1.0,2.164,0.001539,10,11717
1,D,Noise,5%,0.95,1.05,5.0,10,Describe treatment for chronic kidney disease,1.0,1.0,1.0,1.3592,0.016486,10,11113
1,D,Noise,5%,0.95,1.05,5.0,10,What are symptoms of schizophrenia?,1.0,1.0,1.0,1.1683,0.010747,10,11157
1,D,Noise,5%,0.95,1.05,5.0,10,How is bipolar disorder managed?,1.0,1.0,1.0,1.4708,0.016312,10,12197
1,D,Noise,5%,0.95,1.05,5.0,10,What causes psoriasis?,1.0,1.0,0.9556,1.6094,0.016089,9,10832
1,D,Noise,5%,0.95,1.05,5.0,10,Describe sepsis treatment,1.0,1.0,1.0,1.6434,0.017391,10,11048
1,D,Noise,5%,0.95,1.05,5.0,10,What are risk factors for cancer?,1.0,1.0,0.9111,1.7481,0.000535,10,12054
1,D,Noise,5%,0.95,1.05,5.0,10,How is ALS diagnosed?,1.0,1.0,1.0,1.6094,0.011282,10,12457
1,D,Noise,10%,0.9,1.1,10.0,10,What are the symptoms of type 2 diabetes?,1.0,1.0,1.0,2.0253,0.007697,10,30826
1,D,Noise,10%,0.9,1.1,10.0,10,How is hypertension treated?,1.0,1.0,1.0,1.6094,0.00693,10,32491
1,D,Noise,10%,0.9,1.1,10.0,10,What causes heart failure?,1.0,1.0,1.0,2.164,0.006697,10,29418
1,D,Noise,10%,0.9,1.1,10.0,10,Describe the symptoms of lupus,0.9,0.9541,1.0,2.0253,0.014404,10,28830
1,D,Noise,10%,0.9,1.1,10.0,10,What medications treat depression?,1.0,1.0,1.0,2.164,0.007968,10,31164
1,D,Noise,10%,0.9,1.1,10.0,10,How does Alzheimer's disease progress?,1.0,1.0,1.0,1.973,0.015456,10,30480
1,D,Noise,10%,0.9,1.1,10.0,10,What are risk factors for stroke?,1.0,1.0,1.0,1.2275,0.007496,10,36254
1,D,Noise,10%,0.9,1.1,10.0,10,How is asthma managed long-term?,1.0,1.0,1.0,2.0253,0.006666,10,35157
1,D,Noise,10%,0.9,1.1,10.0,10,What are signs of kidney disease?,1.0,1.0,1.0,1.8344,0.006282,10,17603
1,D,Noise,10%,0.9,1.1,10.0,10,Describe rheumatoid arthritis treatment,1.0,1.0,1.0,1.8344,0.009097,10,16828
1,D,Noise,10%,0.9,1.1,10.0,10,What causes Parkinson's disease?,1.0,1.0,1.0,1.973,0.01515,10,15964
1,D,Noise,10%,0.9,1.1,10.0,10,How is multiple sclerosis diagnosed?,1.0,1.0,1.0,1.8344,0.01412,10,15137
1,D,Noise,10%,0.9,1.1,10.0,10,What are symptoms of anemia?,1.0,1.0,1.0,1.6957,0.017778,10,14792
1,D,Noise,10%,0.9,1.1,10.0,10,How is hypothyroidism treated?,1.0,1.0,0.9556,1.5048,0.014342,10,15777
1,D,Noise,10%,0.9,1.1,10.0,10,What causes chronic pain?,1.0,1.0,0.9556,1.973,0.000725,10,14191
1,D,Noise,10%,0.9,1.1,10.0,10,Describe COPD management,1.0,1.0,1.0,1.2206,0.024635,10,13542
1,D,Noise,10%,0.9,1.1,10.0,10,What are signs of liver disease?,1.0,1.0,1.0,2.0253,0.001689,10,14761
1,D,Noise,10%,0.9,1.1,10.0,10,How is epilepsy treated?,1.0,1.0,0.9556,1.3592,0.016983,10,14824
1,D,Noise,10%,0.9,1.1,10.0,10,What causes osteoporosis?,1.0,0.9999,0.9556,1.6957,0.014091,10,17983
1,D,Noise,10%,0.9,1.1,10.0,10,Describe symptoms of anxiety disorder,1.0,1.0,1.0,1.6094,0.013852,10,14814
1,D,Noise,10%,0.9,1.1,10.0,10,What medications are used for HIV/AIDS?,1.0,1.0,1.0,1.4979,0.009388,10,16053
1,D,Noise,10%,0.9,1.1,10.0,10,How is pneumonia diagnosed?,1.0,1.0,0.9556,1.8344,0.006768,10,15333
1,D,Noise,10%,0.9,1.1,10.0,10,What causes inflammatory bowel disease?,1.0,1.0,0.9556,2.164,0.001437,10,21850
1,D,Noise,10%,0.9,1.1,10.0,10,Describe treatment for chronic kidney disease,1.0,1.0,0.9556,1.4708,0.016055,10,14720
1,D,Noise,10%,0.9,1.1,10.0,10,What are symptoms of schizophrenia?,0.9,0.9491,1.0,1.6094,0.010741,10,18392
1,D,Noise,10%,0.9,1.1,10.0,10,How is bipolar disorder managed?,1.0,1.0,0.9556,1.4708,0.016055,10,16152
1,D,Noise,10%,0.9,1.1,10.0,10,What causes psoriasis?,1.0,1.0,0.9556,1.6094,0.015901,10,15506
1,D,Noise,10%,0.9,1.1,10.0,10,Describe sepsis treatment,1.0,1.0,0.9556,1.6434,0.017389,10,14498
1,D,Noise,10%,0.9,1.1,10.0,10,What are risk factors for cancer?,1.0,1.0,0.9556,2.0253,0.00053,10,16057
1,D,Noise,10%,0.9,1.1,10.0,10,How is ALS diagnosed?,1.0,1.0,1.0,1.6094,0.011249,10,16416
1,D,Noise,20%,0.8,1.2,20.0,10,What are the symptoms of type 2 diabetes?,1.0,0.9999,0.9556,1.6094,0.007146,10,28987
1,D,Noise,20%,0.8,1.2,20.0,10,How is hypertension treated?,1.0,1.0,0.9111,1.8344,0.006683,10,16972
1,D,Noise,20%,0.8,1.2,20.0,10,What causes heart failure?,1.0,1.0,1.0,2.0253,0.006388,10,35873
1,D,Noise,20%,0.8,1.2,20.0,10,Describe the symptoms of lupus,1.0,1.0,1.0,2.0253,0.013219,10,15074
1,D,Noise,20%,0.8,1.2,20.0,10,What medications treat depression?,1.0,1.0,1.0,2.0253,0.007373,10,18175
1,D,Noise,20%,0.8,1.2,20.0,10,How does Alzheimer's disease progress?,1.0,1.0,0.9556,1.973,0.014854,10,15458
1,D,Noise,20%,0.8,1.2,20.0,10,What are risk factors for stroke?,0.9,0.946,0.9444,1.4185,0.007576,10,15073
1,D,Noise,20%,0.8,1.2,20.0,10,How is asthma managed long-term?,1.0,1.0,1.0,2.164,0.006123,10,16385
1,D,Noise,20%,0.8,1.2,20.0,10,What are signs of kidney disease?,1.0,0.9999,0.8667,1.8344,0.006549,10,14667
1,D,Noise,20%,0.8,1.2,20.0,10,Describe rheumatoid arthritis treatment,1.0,1.0,1.0,1.973,0.009012,9,14620
1,D,Noise,20%,0.8,1.2,20.0,10,What causes Parkinson's disease?,1.0,1.0,0.9556,1.973,0.014366,10,17352
1,D,Noise,20%,0.8,1.2,20.0,10,How is multiple sclerosis diagnosed?,1.0,1.0,0.9556,1.8344,0.013843,10,15066
1,D,Noise,20%,0.8,1.2,20.0,10,What are symptoms of anemia?,1.0,1.0,1.0,1.6957,0.016362,10,43669
1,D,Noise,20%,0.8,1.2,20.0,10,How is hypothyroidism treated?,1.0,1.0,0.9556,1.6434,0.014176,10,52997
1,D,Noise,20%,0.8,1.2,20.0,10,What causes chronic pain?,0.9,0.9426,0.9444,1.8344,0.000725,10,34006
1,D,Noise,20%,0.8,1.2,20.0,10,Describe COPD management,1.0,1.0,0.9556,1.3592,0.023776,10,29297
1,D,Noise,20%,0.8,1.2,20.0,10,What are signs of liver disease?,1.0,1.0,1.0,2.0253,0.00176,10,31496
1,D,Noise,20%,0.8,1.2,20.0,10,How is epilepsy treated?,0.9,0.9613,1.0,1.6094,0.016104,10,14597
1,D,Noise,20%,0.8,1.2,20.0,10,What causes osteoporosis?,1.0,1.0,1.0,1.8344,0.013833,10,13909
1,D,Noise,20%,0.8,1.2,20.0,10,Describe symptoms of anxiety disorder,1.0,0.9999,0.9111,1.5048,0.014105,10,17275
1,D,Noise,20%,0.8,1.2,20.0,10,What medications are used for HIV/AIDS?,1.0,1.0,1.0,1.4979,0.009393,10,14955
1,D,Noise,20%,0.8,1.2,20.0,10,How is pneumonia diagnosed?,1.0,1.0,0.9556,1.7481,0.007256,10,13713
1,D,Noise,20%,0.8,1.2,20.0,10,What causes inflammatory bowel disease?,1.0,0.9999,0.9111,1.973,0.001428,10,14681
1,D,Noise,20%,0.8,1.2,20.0,10,Describe treatment for chronic kidney disease,1.0,0.9999,0.8667,1.0889,0.015866,10,14749
1,D,Noise,20%,0.8,1.2,20.0,10,What are symptoms of schizophrenia?,0.9,0.9488,0.7778,1.3592,0.010311,10,15579
1,D,Noise,20%,0.8,1.2,20.0,10,How is bipolar disorder managed?,1.0,1.0,0.9556,1.4708,0.01563,10,17910
1,D,Noise,20%,0.8,1.2,20.0,10,What causes psoriasis?,1.0,1.0,1.0,1.6094,0.015,10,14186
1,D,Noise,20%,0.8,1.2,20.0,10,Describe sepsis treatment,1.0,1.0,1.0,1.6434,0.016571,10,13068
1,D,Noise,20%,0.8,1.2,20.0,10,What are risk factors for cancer?,1.0,0.9999,0.8667,1.7481,0.000534,10,14175
1,D,Noise,20%,0.8,1.2,20.0,10,How is ALS diagnosed?,1.0,1.0,0.9111,1.6094,0.010693,10,14174
1,D,Noise,30%,0.7,1.3,30.0,10,What are the symptoms of type 2 diabetes?,1.0,0.9999,0.9111,1.8867,0.007032,10,26137
1,D,Noise,30%,0.7,1.3,30.0,10,How is hypertension treated?,1.0,1.0,1.0,1.8867,0.006093,10,25360
1,D,Noise,30%,0.7,1.3,30.0,10,What causes heart failure?,1.0,0.9998,0.9111,2.0253,0.006356,10,27038
1,D,Noise,30%,0.7,1.3,30.0,10,Describe the symptoms of lupus,0.9,0.954,0.9444,2.0253,0.012585,9,25581
1,D,Noise,30%,0.7,1.3,30.0,10,What medications treat depression?,1.0,0.9999,0.9556,2.3026,0.006769,10,25377
1,D,Noise,30%,0.7,1.3,30.0,10,How does Alzheimer's disease progress?,1.0,1.0,0.9556,1.973,0.01344,10,24818
1,D,Noise,30%,0.7,1.3,30.0,10,What are risk factors for stroke?,0.9,0.9429,0.7778,1.2275,0.007039,10,28797
1,D,Noise,30%,0.7,1.3,30.0,10,How is asthma managed long-term?,1.0,0.9999,0.9556,2.0253,0.006107,10,29375
1,D,Noise,30%,0.7,1.3,30.0,10,What are signs of kidney disease?,1.0,1.0,0.9556,2.164,0.006004,10,30113
1,D,Noise,30%,0.7,1.3,30.0,10,Describe rheumatoid arthritis treatment,1.0,1.0,0.9556,1.8344,0.007831,10,17262
1,D,Noise,30%,0.7,1.3,30.0,10,What causes Parkinson's disease?,1.0,1.0,1.0,1.8344,0.01258,10,15100
1,D,Noise,30%,0.7,1.3,30.0,10,How is multiple sclerosis diagnosed?,1.0,1.0,1.0,1.8867,0.012356,10,13086
1,D,Noise,30%,0.7,1.3,30.0,10,What are symptoms of anemia?,1.0,1.0,1.0,1.7481,0.015775,10,11626
1,D,Noise,30%,0.7,1.3,30.0,10,How is hypothyroidism treated?,1.0,1.0,0.9556,1.5048,0.013425,10,12267
1,D,Noise,30%,0.7,1.3,30.0,10,What causes chronic pain?,1.0,1.0,0.9556,2.164,0.00067,10,10750
1,D,Noise,30%,0.7,1.3,30.0,10,Describe COPD management,1.0,1.0,1.0,1.4979,0.021495,10,11273
1,D,Noise,30%,0.7,1.3,30.0,10,What are signs of liver disease?,0.9,0.9463,1.0,2.0253,0.001421,10,10921
1,D,Noise,30%,0.7,1.3,30.0,10,How is epilepsy treated?,0.9,0.9613,1.0,1.6094,0.014963,10,11185
1,D,Noise,30%,0.7,1.3,30.0,10,What causes osteoporosis?,1.0,0.9999,0.9556,1.7481,0.01194,10,12411
1,D,Noise,30%,0.7,1.3,30.0,10,Describe symptoms of anxiety disorder,1.0,0.9998,0.8222,1.5048,0.01288,10,10924
1,D,Noise,30%,0.7,1.3,30.0,10,What medications are used for HIV/AIDS?,0.9,0.96,0.9444,1.4979,0.00866,10,10811
1,D,Noise,30%,0.7,1.3,30.0,10,How is pneumonia diagnosed?,1.0,1.0,1.0,1.6094,0.006617,10,12154
1,D,Noise,30%,0.7,1.3,30.0,10,What causes inflammatory bowel disease?,1.0,1.0,0.9556,2.164,0.001235,10,11412
1,D,Noise,30%,0.7,1.3,30.0,10,Describe treatment for chronic kidney disease,1.0,1.0,0.9556,1.3592,0.014247,10,11436
1,D,Noise,30%,0.7,1.3,30.0,10,What are symptoms of schizophrenia?,0.9,0.9464,0.7778,1.4708,0.008673,10,11889
1,D,Noise,30%,0.7,1.3,30.0,10,How is bipolar disorder managed?,1.0,0.9998,0.9111,1.5048,0.014862,9,12326
1,D,Noise,30%,0.7,1.3,30.0,10,What causes psoriasis?,1.0,1.0,0.9111,1.6094,0.014571,9,10381
1,D,Noise,30%,0.7,1.3,30.0,10,Describe sepsis treatment,1.0,1.0,0.9556,1.6434,0.015084,10,11197
1,D,Noise,30%,0.7,1.3,30.0,10,What are risk factors for cancer?,1.0,0.9998,0.9111,2.164,0.000501,10,11236
1,D,Noise,30%,0.7,1.3,30.0,10,How is ALS diagnosed?,1.0,1.0,0.9556,1.6094,0.010445,10,11002
1,D,Noise,50%,0.5,1.5,50.0,10,What are the symptoms of type 2 diabetes?,1.0,1.0,1.0,1.8344,0.005397,10,31878
1,D,Noise,50%,0.5,1.5,50.0,10,How is hypertension treated?,1.0,0.9999,0.9111,1.6094,0.005241,10,39377
1,D,Noise,50%,0.5,1.5,50.0,10,What causes heart failure?,1.0,1.0,0.9556,2.164,0.004498,10,30628
1,D,Noise,50%,0.5,1.5,50.0,10,Describe the symptoms of lupus,1.0,1.0,0.9556,1.973,0.009874,10,29943
1,D,Noise,50%,0.5,1.5,50.0,10,What medications treat depression?,1.0,0.9999,0.9556,2.0253,0.005542,10,29018
1,D,Noise,50%,0.5,1.5,50.0,10,How does Alzheimer's disease progress?,1.0,1.0,0.9556,1.8344,0.011158,10,44497
1,D,Noise,50%,0.5,1.5,50.0,10,What are risk factors for stroke?,0.9,0.9452,0.7778,1.2275,0.006398,10,31075
1,D,Noise,50%,0.5,1.5,50.0,10,How is asthma managed long-term?,1.0,1.0,1.0,2.164,0.005536,10,24783
1,D,Noise,50%,0.5,1.5,50.0,10,What are signs of kidney disease?,1.0,0.9999,0.9111,1.973,0.005228,10,15086
1,D,Noise,50%,0.5,1.5,50.0,10,Describe rheumatoid arthritis treatment,1.0,1.0,0.9556,1.7481,0.007259,10,15492
1,D,Noise,50%,0.5,1.5,50.0,10,What causes Parkinson's disease?,1.0,1.0,1.0,2.0253,0.011425,10,13697
1,D,Noise,50%,0.5,1.5,50.0,10,How is multiple sclerosis diagnosed?,1.0,1.0,0.9556,1.8344,0.010929,10,21284
1,D,Noise,50%,0.5,1.5,50.0,10,What are symptoms of anemia?,1.0,0.9991,0.9111,1.6957,0.013237,10,15260
1,D,Noise,50%,0.5,1.5,50.0,10,How is hypothyroidism treated?,1.0,1.0,1.0,1.5048,0.010575,10,15232
1,D,Noise,50%,0.5,1.5,50.0,10,What causes chronic pain?,1.0,0.9999,0.8667,2.0253,0.000756,10,15170
1,D,Noise,50%,0.5,1.5,50.0,10,Describe COPD management,1.0,0.9998,0.9556,1.6094,0.016556,10,14352
1,D,Noise,50%,0.5,1.5,50.0,10,What are signs of liver disease?,0.9,0.9451,0.6667,1.7481,0.001202,10,15108
1,D,Noise,50%,0.5,1.5,50.0,10,How is epilepsy treated?,1.0,0.9995,0.9556,1.3592,0.01257,10,16098
1,D,Noise,50%,0.5,1.5,50.0,10,What causes osteoporosis?,1.0,0.9998,0.9111,1.8867,0.010658,10,16003
1,D,Noise,50%,0.5,1.5,50.0,10,Describe symptoms of anxiety disorder,1.0,0.9999,0.8667,1.4708,0.011086,10,24069
1,D,Noise,50%,0.5,1.5,50.0,10,What medications are used for HIV/AIDS?,0.9,0.96,0.9444,1.7481,0.007107,10,22889
1,D,Noise,50%,0.5,1.5,50.0,10,How is pneumonia diagnosed?,0.9,0.9373,0.8889,1.4708,0.005548,10,67549
1,D,Noise,50%,0.5,1.5,50.0,10,What causes inflammatory bowel disease?,1.0,0.9999,0.8667,2.0253,0.00107,10,19346
1,D,Noise,50%,0.5,1.5,50.0,10,Describe treatment for chronic kidney disease,1.0,0.9999,0.9111,1.3592,0.013,10,33606
1,D,Noise,50%,0.5,1.5,50.0,10,What are symptoms of schizophrenia?,0.9,0.9468,0.8333,1.4708,0.006868,10,19303
1,D,Noise,50%,0.5,1.5,50.0,10,How is bipolar disorder managed?,1.0,0.9998,0.8667,1.2799,0.011425,10,37434
1,D,Noise,50%,0.5,1.5,50.0,10,What causes psoriasis?,1.0,0.9998,0.9111,1.3592,0.011568,10,34655
1,D,Noise,50%,0.5,1.5,50.0,10,Describe sepsis treatment,1.0,0.9999,0.9111,1.6434,0.012995,10,21667
1,D,Noise,50%,0.5,1.5,50.0,10,What are risk factors for cancer?,0.9,0.9389,0.8889,2.0253,0.00052,10,18973
1,D,Noise,50%,0.5,1.5,50.0,10,How is ALS diagnosed?,1.0,1.0,0.9556,1.4979,0.008154,9,13851
1,D,Noise,70%,0.3,1.7,70.0,10,What are the symptoms of type 2 diabetes?,1.0,0.9985,0.6444,1.5571,0.00311,10,23979
1,D,Noise,70%,0.3,1.7,70.0,10,How is hypertension treated?,0.8,0.9034,0.8571,2.0253,0.002981,10,26502
1,D,Noise,70%,0.3,1.7,70.0,10,What causes heart failure?,1.0,0.9996,0.8667,2.3026,0.002909,10,33309
1,D,Noise,70%,0.3,1.7,70.0,10,Describe the symptoms of lupus,1.0,1.0,0.9556,2.0253,0.006516,10,23884
1,D,Noise,70%,0.3,1.7,70.0,10,What medications treat depression?,1.0,0.9998,0.9556,1.8867,0.003119,10,24487
1,D,Noise,70%,0.3,1.7,70.0,10,How does Alzheimer's disease progress?,0.9,0.959,0.8889,2.0253,0.00688,10,21703
1,D,Noise,70%,0.3,1.7,70.0,10,What are risk factors for stroke?,0.9,0.9405,0.8333,1.7481,0.003291,10,14513
1,D,Noise,70%,0.3,1.7,70.0,10,How is asthma managed long-term?,1.0,0.9999,0.9111,1.8344,0.003091,10,20783
1,D,Noise,70%,0.3,1.7,70.0,10,What are signs of kidney disease?,0.9,0.9462,0.7778,1.6094,0.002519,10,19581
1,D,Noise,70%,0.3,1.7,70.0,10,Describe rheumatoid arthritis treatment,1.0,0.9999,0.9556,2.0253,0.003687,10,14177
1,D,Noise,70%,0.3,1.7,70.0,10,What causes Parkinson's disease?,0.9,0.9559,1.0,2.0253,0.006008,10,13951
1,D,Noise,70%,0.3,1.7,70.0,10,How is multiple sclerosis diagnosed?,0.9,0.9565,0.9444,2.0253,0.0066,10,14004
1,D,Noise,70%,0.3,1.7,70.0,10,What are symptoms of anemia?,1.0,1.0,0.9556,1.6957,0.008128,10,15771
1,D,Noise,70%,0.3,1.7,70.0,10,How is hypothyroidism treated?,0.9,0.9572,0.9444,1.6957,0.006082,10,14856
1,D,Noise,70%,0.3,1.7,70.0,10,What causes chronic pain?,0.8,0.8787,0.7857,2.3026,0.000347,10,13687
1,D,Noise,70%,0.3,1.7,70.0,10,Describe COPD management,0.9,0.9603,0.7222,1.2206,0.010951,10,13022
1,D,Noise,70%,0.3,1.7,70.0,10,What are signs of liver disease?,1.0,0.9994,0.8667,2.164,0.000523,10,14983
1,D,Noise,70%,0.3,1.7,70.0,10,How is epilepsy treated?,0.9,0.9608,0.8889,1.3592,0.006903,10,13357
1,D,Noise,70%,0.3,1.7,70.0,10,What causes osteoporosis?,1.0,0.9998,0.8667,1.6434,0.006657,10,14981
1,D,Noise,70%,0.3,1.7,70.0,10,Describe symptoms of anxiety disorder,0.9,0.9403,0.8333,1.0889,0.007375,10,14537
1,D,Noise,70%,0.3,1.7,70.0,10,What medications are used for HIV/AIDS?,1.0,0.9998,0.8222,1.7481,0.004206,10,15307
1,D,Noise,70%,0.3,1.7,70.0,10,How is pneumonia diagnosed?,1.0,0.9999,0.8667,1.6957,0.003021,10,14835
1,D,Noise,70%,0.3,1.7,70.0,10,What causes inflammatory bowel disease?,0.9,0.9464,0.8889,1.973,0.001049,10,12167
1,D,Noise,70%,0.3,1.7,70.0,10,Describe treatment for chronic kidney disease,1.0,1.0,0.9111,1.4979,0.007811,10,12746
1,D,Noise,70%,0.3,1.7,70.0,10,What are symptoms of schizophrenia?,0.9,0.9466,0.7222,1.4185,0.005073,10,14892
1,D,Noise,70%,0.3,1.7,70.0,10,How is bipolar disorder managed?,1.0,0.9998,0.8222,1.4708,0.007494,10,14115
1,D,Noise,70%,0.3,1.7,70.0,10,What causes psoriasis?,1.0,0.9999,0.8222,1.3592,0.006557,10,14146
1,D,Noise,70%,0.3,1.7,70.0,10,Describe sepsis treatment,0.9,0.9616,1.0,1.8344,0.008992,10,13612
1,D,Noise,70%,0.3,1.7,70.0,10,What are risk factors for cancer?,0.9,0.936,0.5,1.973,0.000301,10,13457
1,D,Noise,70%,0.3,1.7,70.0,10,How is ALS diagnosed?,0.9,0.9391,0.9444,1.6094,0.006122,9,12649
1,D,Combined,1%,0.99,1.01,1.0,10,What are the symptoms of type 2 diabetes?,1.0,1.0,1.0,2.0253,0.007919,10,10334
1,D,Combined,1%,0.99,1.01,1.0,10,How is hypertension treated?,1.0,1.0,1.0,1.6094,0.007069,10,11020
1,D,Combined,1%,0.99,1.01,1.0,10,What causes heart failure?,1.0,1.0,1.0,2.0253,0.006819,10,11783
1,D,Combined,1%,0.99,1.01,1.0,10,Describe the symptoms of lupus,1.0,1.0,1.0,2.0253,0.014642,10,10927
1,D,Combined,1%,0.99,1.01,1.0,10,What medications treat depression?,1.0,1.0,1.0,2.164,0.008105,10,11354
1,D,Combined,1%,0.99,1.01,1.0,10,How does Alzheimer's disease progress?,1.0,1.0,1.0,1.973,0.015885,10,10466
1,D,Combined,1%,0.99,1.01,1.0,10,What are risk factors for stroke?,1.0,1.0,1.0,1.3592,0.007744,10,11386
1,D,Combined,1%,0.99,1.01,1.0,10,How is asthma managed long-term?,1.0,1.0,1.0,2.164,0.006719,10,11036
1,D,Combined,1%,0.99,1.01,1.0,10,What are signs of kidney disease?,1.0,1.0,1.0,1.8344,0.006653,10,11538
1,D,Combined,1%,0.99,1.01,1.0,10,Describe rheumatoid arthritis treatment,1.0,1.0,1.0,1.8344,0.00919,10,12551
1,D,Combined,1%,0.99,1.01,1.0,10,What causes Parkinson's disease?,1.0,1.0,1.0,1.973,0.01514,10,12781
1,D,Combined,1%,0.99,1.01,1.0,10,How is multiple sclerosis diagnosed?,1.0,1.0,1.0,1.8344,0.014307,10,13145
1,D,Combined,1%,0.99,1.01,1.0,10,What are symptoms of anemia?,1.0,1.0,1.0,1.6957,0.018159,10,14892
1,D,Combined,1%,0.99,1.01,1.0,10,How is hypothyroidism treated?,1.0,1.0,1.0,1.5048,0.014443,10,13924
1,D,Combined,1%,0.99,1.01,1.0,10,What causes chronic pain?,1.0,1.0,0.9556,2.164,0.000765,9,12321
1,D,Combined,1%,0.99,1.01,1.0,10,Describe COPD management,1.0,1.0,1.0,1.2206,0.024912,10,12892
1,D,Combined,1%,0.99,1.01,1.0,10,What are signs of liver disease?,1.0,1.0,1.0,2.0253,0.00176,10,12043
1,D,Combined,1%,0.99,1.01,1.0,10,How is epilepsy treated?,1.0,1.0,1.0,1.3592,0.01741,10,12939
1,D,Combined,1%,0.99,1.01,1.0,10,What causes osteoporosis?,1.0,1.0,1.0,1.8344,0.014102,10,11909
1,D,Combined,1%,0.99,1.01,1.0,10,Describe symptoms of anxiety disorder,1.0,1.0,1.0,1.6094,0.013905,10,12435
1,D,Combined,1%,0.99,1.01,1.0,10,What medications are used for HIV/AIDS?,1.0,1.0,1.0,1.4979,0.009643,10,13915
1,D,Combined,1%,0.99,1.01,1.0,10,How is pneumonia diagnosed?,1.0,1.0,1.0,1.8344,0.00723,10,12025
1,D,Combined,1%,0.99,1.01,1.0,10,What causes inflammatory bowel disease?,1.0,1.0,0.9556,1.973,0.001505,9,10737
1,D,Combined,1%,0.99,1.01,1.0,10,Describe treatment for chronic kidney disease,1.0,1.0,1.0,1.3592,0.016596,10,12202
1,D,Combined,1%,0.99,1.01,1.0,10,What are symptoms of schizophrenia?,1.0,1.0,1.0,1.6957,0.010782,10,12753
1,D,Combined,1%,0.99,1.01,1.0,10,How is bipolar disorder managed?,1.0,1.0,1.0,1.4708,0.016112,10,11228
1,D,Combined,1%,0.99,1.01,1.0,10,What causes psoriasis?,1.0,1.0,1.0,1.6094,0.016066,10,11399
1,D,Combined,1%,0.99,1.01,1.0,10,Describe sepsis treatment,1.0,1.0,1.0,1.6434,0.017391,10,13036
1,D,Combined,1%,0.99,1.01,1.0,10,What are risk factors for cancer?,1.0,1.0,1.0,1.8867,0.00053,10,11161
1,D,Combined,1%,0.99,1.01,1.0,10,How is ALS diagnosed?,1.0,1.0,1.0,1.6094,0.01136,10,11203
1,D,Combined,5%,0.95,1.05,5.0,10,What are the symptoms of type 2 diabetes?,1.0,1.0,1.0,2.0253,0.008037,10,21243
1,D,Combined,5%,0.95,1.05,5.0,10,How is hypertension treated?,1.0,1.0,1.0,1.6094,0.007007,10,20649
1,D,Combined,5%,0.95,1.05,5.0,10,What causes heart failure?,1.0,1.0,1.0,2.0253,0.006798,10,21581
1,D,Combined,5%,0.95,1.05,5.0,10,Describe the symptoms of lupus,1.0,1.0,1.0,2.0253,0.014623,10,20943
1,D,Combined,5%,0.95,1.05,5.0,10,What medications treat depression?,1.0,1.0,1.0,2.164,0.008094,10,19593
1,D,Combined,5%,0.95,1.05,5.0,10,How does Alzheimer's disease progress?,1.0,1.0,1.0,1.973,0.01598,10,19895
1,D,Combined,5%,0.95,1.05,5.0,10,What are risk factors for stroke?,1.0,1.0,1.0,1.4185,0.007732,10,19357
1,D,Combined,5%,0.95,1.05,5.0,10,How is asthma managed long-term?,1.0,1.0,1.0,2.0253,0.006678,10,19296
1,D,Combined,5%,0.95,1.05,5.0,10,What are signs of kidney disease?,1.0,1.0,1.0,1.8344,0.006716,10,21716
1,D,Combined,5%,0.95,1.05,5.0,10,Describe rheumatoid arthritis treatment,1.0,1.0,1.0,1.8344,0.009169,10,22494
1,D,Combined,5%,0.95,1.05,5.0,10,What causes Parkinson's disease?,1.0,1.0,0.9556,1.973,0.015007,10,19517
1,D,Combined,5%,0.95,1.05,5.0,10,How is multiple sclerosis diagnosed?,1.0,1.0,1.0,1.8344,0.014306,10,19733
1,D,Combined,5%,0.95,1.05,5.0,10,What are symptoms of anemia?,1.0,1.0,0.9556,1.6957,0.018175,10,21516
1,D,Combined,5%,0.95,1.05,5.0,10,How is hypothyroidism treated?,1.0,1.0,1.0,1.5048,0.014493,10,23270
1,D,Combined,5%,0.95,1.05,5.0,10,What causes chronic pain?,1.0,1.0,1.0,2.164,0.000778,10,22439
1,D,Combined,5%,0.95,1.05,5.0,10,Describe COPD management,1.0,1.0,1.0,1.2206,0.025141,10,21144
1,D,Combined,5%,0.95,1.05,5.0,10,What are signs of liver disease?,1.0,1.0,1.0,2.0253,0.001753,10,23499
1,D,Combined,5%,0.95,1.05,5.0,10,How is epilepsy treated?,1.0,1.0,1.0,1.3592,0.017431,10,22848
1,D,Combined,5%,0.95,1.05,5.0,10,What causes osteoporosis?,1.0,1.0,1.0,1.7481,0.013983,10,24591
1,D,Combined,5%,0.95,1.05,5.0,10,Describe symptoms of anxiety disorder,1.0,1.0,1.0,1.6094,0.013827,10,23378
1,D,Combined,5%,0.95,1.05,5.0,10,What medications are used for HIV/AIDS?,1.0,1.0,1.0,1.4979,0.009643,10,25442
1,D,Combined,5%,0.95,1.05,5.0,10,How is pneumonia diagnosed?,1.0,1.0,0.9556,1.8344,0.007232,10,20417
1,D,Combined,5%,0.95,1.05,5.0,10,What causes inflammatory bowel disease?,1.0,1.0,1.0,1.973,0.001503,10,15971
1,D,Combined,5%,0.95,1.05,5.0,10,Describe treatment for chronic kidney disease,1.0,1.0,1.0,1.3592,0.016746,10,13780
1,D,Combined,5%,0.95,1.05,5.0,10,What are symptoms of schizophrenia?,1.0,1.0,1.0,1.5048,0.010657,10,15684
1,D,Combined,5%,0.95,1.05,5.0,10,How is bipolar disorder managed?,1.0,1.0,1.0,1.4708,0.016093,10,13208
1,D,Combined,5%,0.95,1.05,5.0,10,What causes psoriasis?,1.0,1.0,1.0,1.6094,0.015982,10,13533
1,D,Combined,5%,0.95,1.05,5.0,10,Describe sepsis treatment,1.0,1.0,1.0,1.6434,0.017424,10,10949
1,D,Combined,5%,0.95,1.05,5.0,10,What are risk factors for cancer?,1.0,1.0,0.9556,2.0253,0.000547,10,12188
1,D,Combined,5%,0.95,1.05,5.0,10,How is ALS diagnosed?,1.0,1.0,1.0,1.6094,0.011351,10,12255
1,D,Combined,10%,0.9,1.1,10.0,10,What are the symptoms of type 2 diabetes?,0.9,0.9513,1.0,2.0253,0.007567,10,25651
1,D,Combined,10%,0.9,1.1,10.0,10,How is hypertension treated?,1.0,1.0,1.0,1.6094,0.007032,10,24409
1,D,Combined,10%,0.9,1.1,10.0,10,What causes heart failure?,1.0,1.0,1.0,2.0253,0.006674,10,24642
1,D,Combined,10%,0.9,1.1,10.0,10,Describe the symptoms of lupus,1.0,1.0,1.0,1.8867,0.014116,10,26118
1,D,Combined,10%,0.9,1.1,10.0,10,What medications treat depression?,1.0,1.0,1.0,2.164,0.008135,10,27460
1,D,Combined,10%,0.9,1.1,10.0,10,How does Alzheimer's disease progress?,1.0,1.0,0.9556,1.973,0.016073,10,35879
1,D,Combined,10%,0.9,1.1,10.0,10,What are risk factors for stroke?,1.0,1.0,1.0,1.3592,0.007553,10,31499
1,D,Combined,10%,0.9,1.1,10.0,10,How is asthma managed long-term?,1.0,1.0,1.0,2.0253,0.00674,10,27585
1,D,Combined,10%,0.9,1.1,10.0,10,What are signs of kidney disease?,1.0,1.0,1.0,1.8344,0.006744,10,16055
1,D,Combined,10%,0.9,1.1,10.0,10,Describe rheumatoid arthritis treatment,1.0,1.0,1.0,1.8344,0.009052,10,13630
1,D,Combined,10%,0.9,1.1,10.0,10,What causes Parkinson's disease?,1.0,1.0,1.0,2.164,0.014808,10,13301
1,D,Combined,10%,0.9,1.1,10.0,10,How is multiple sclerosis diagnosed?,1.0,1.0,0.9556,1.8344,0.014761,9,12245
1,D,Combined,10%,0.9,1.1,10.0,10,What are symptoms of anemia?,1.0,1.0,0.9556,1.6957,0.017959,10,13108
1,D,Combined,10%,0.9,1.1,10.0,10,How is hypothyroidism treated?,1.0,1.0,1.0,1.5048,0.014545,10,13732
1,D,Combined,10%,0.9,1.1,10.0,10,What causes chronic pain?,1.0,1.0,0.9556,2.164,0.000752,10,12104
1,D,Combined,10%,0.9,1.1,10.0,10,Describe COPD management,1.0,1.0,1.0,1.2206,0.024823,10,12456
1,D,Combined,10%,0.9,1.1,10.0,10,What are signs of liver disease?,1.0,1.0,1.0,2.0253,0.001727,10,13150
1,D,Combined,10%,0.9,1.1,10.0,10,How is epilepsy treated?,1.0,1.0,1.0,1.3592,0.017204,10,13181
1,D,Combined,10%,0.9,1.1,10.0,10,What causes osteoporosis?,1.0,1.0,0.9556,1.8344,0.013867,10,11464
1,D,Combined,10%,0.9,1.1,10.0,10,Describe symptoms of anxiety disorder,1.0,1.0,0.9556,1.6094,0.013926,9,11566
1,D,Combined,10%,0.9,1.1,10.0,10,What medications are used for HIV/AIDS?,1.0,1.0,1.0,1.4979,0.009501,10,13932
1,D,Combined,10%,0.9,1.1,10.0,10,How is pneumonia diagnosed?,0.9,0.9471,1.0,1.4708,0.007221,10,12506
1,D,Combined,10%,0.9,1.1,10.0,10,What causes inflammatory bowel disease?,1.0,1.0,1.0,2.0253,0.00153,10,11685
1,D,Combined,10%,0.9,1.1,10.0,10,Describe treatment for chronic kidney disease,1.0,1.0,1.0,1.3592,0.016757,10,11523
1,D,Combined,10%,0.9,1.1,10.0,10,What are symptoms of schizophrenia?,1.0,1.0,0.9111,1.6094,0.010718,9,11233
1,D,Combined,10%,0.9,1.1,10.0,10,How is bipolar disorder managed?,1.0,1.0,0.9556,1.4708,0.016143,10,11526
1,D,Combined,10%,0.9,1.1,10.0,10,What causes psoriasis?,1.0,1.0,1.0,1.6094,0.016071,10,11209
1,D,Combined,10%,0.9,1.1,10.0,10,Describe sepsis treatment,1.0,1.0,1.0,1.6434,0.017331,10,11488
1,D,Combined,10%,0.9,1.1,10.0,10,What are risk factors for cancer?,1.0,0.9999,0.8667,1.8344,0.000537,10,10852
1,D,Combined,10%,0.9,1.1,10.0,10,How is ALS diagnosed?,1.0,1.0,0.9111,1.6094,0.011414,10,10713
1,D,Combined,20%,0.8,1.2,20.0,10,What are the symptoms of type 2 diabetes?,0.9,0.9513,1.0,2.0253,0.007422,10,25299
1,D,Combined,20%,0.8,1.2,20.0,10,How is hypertension treated?,1.0,1.0,1.0,1.4185,0.006473,10,26343
1,D,Combined,20%,0.8,1.2,20.0,10,What causes heart failure?,1.0,1.0,0.9556,2.0253,0.007016,10,24062
1,D,Combined,20%,0.8,1.2,20.0,10,Describe the symptoms of lupus,1.0,1.0,1.0,2.0253,0.013315,10,25436
1,D,Combined,20%,0.8,1.2,20.0,10,What medications treat depression?,1.0,1.0,1.0,2.0253,0.007675,10,24345
1,D,Combined,20%,0.8,1.2,20.0,10,How does Alzheimer's disease progress?,1.0,1.0,0.9556,1.973,0.015147,10,24633
1,D,Combined,20%,0.8,1.2,20.0,10,What are risk factors for stroke?,1.0,1.0,1.0,1.3592,0.007312,10,25080
1,D,Combined,20%,0.8,1.2,20.0,10,How is asthma managed long-term?,1.0,1.0,1.0,2.164,0.006179,10,25923
1,D,Combined,20%,0.8,1.2,20.0,10,What are signs of kidney disease?,1.0,1.0,0.9556,1.8344,0.005894,10,27209
1,D,Combined,20%,0.8,1.2,20.0,10,Describe rheumatoid arthritis treatment,1.0,1.0,1.0,1.8344,0.008166,10,24714
1,D,Combined,20%,0.8,1.2,20.0,10,What causes Parkinson's disease?,1.0,1.0,1.0,1.973,0.014416,10,24327
1,D,Combined,20%,0.8,1.2,20.0,10,How is multiple sclerosis diagnosed?,1.0,1.0,1.0,1.973,0.013959,10,24981
1,D,Combined,20%,0.8,1.2,20.0,10,What are symptoms of anemia?,1.0,1.0,0.9111,1.6957,0.017408,10,23767
1,D,Combined,20%,0.8,1.2,20.0,10,How is hypothyroidism treated?,1.0,1.0,0.9111,1.5048,0.013067,10,26339
1,D,Combined,20%,0.8,1.2,20.0,10,What causes chronic pain?,1.0,1.0,1.0,2.0253,0.000706,10,26588
1,D,Combined,20%,0.8,1.2,20.0,10,Describe COPD management,0.9,0.9606,1.0,1.2206,0.023371,10,24516
1,D,Combined,20%,0.8,1.2,20.0,10,What are signs of liver disease?,1.0,1.0,1.0,2.164,0.001822,10,27174
1,D,Combined,20%,0.8,1.2,20.0,10,How is epilepsy treated?,1.0,1.0,0.9556,1.3592,0.015948,10,24755
1,D,Combined,20%,0.8,1.2,20.0,10,What causes osteoporosis?,1.0,1.0,1.0,1.8867,0.013343,10,24260
1,D,Combined,20%,0.8,1.2,20.0,10,Describe symptoms of anxiety disorder,1.0,1.0,0.9556,1.6434,0.012832,10,27110
1,D,Combined,20%,0.8,1.2,20.0,10,What medications are used for HIV/AIDS?,1.0,0.9999,0.9111,1.4979,0.00897,10,24756
1,D,Combined,20%,0.8,1.2,20.0,10,How is pneumonia diagnosed?,1.0,1.0,1.0,1.8344,0.006932,10,24820
1,D,Combined,20%,0.8,1.2,20.0,10,What causes inflammatory bowel disease?,1.0,0.9999,0.8667,2.164,0.001351,10,26682
1,D,Combined,20%,0.8,1.2,20.0,10,Describe treatment for chronic kidney disease,1.0,1.0,1.0,1.3592,0.015103,10,25027
1,D,Combined,20%,0.8,1.2,20.0,10,What are symptoms of schizophrenia?,0.9,0.9489,0.9444,1.6957,0.010394,10,24694
1,D,Combined,20%,0.8,1.2,20.0,10,How is bipolar disorder managed?,1.0,1.0,0.9556,1.4708,0.01443,10,24089
1,D,Combined,20%,0.8,1.2,20.0,10,What causes psoriasis?,1.0,1.0,1.0,1.6094,0.014795,10,24411
1,D,Combined,20%,0.8,1.2,20.0,10,Describe sepsis treatment,1.0,1.0,0.9111,1.6434,0.01666,10,24553
1,D,Combined,20%,0.8,1.2,20.0,10,What are risk factors for cancer?,1.0,1.0,0.8667,2.0253,0.000528,9,25212
1,D,Combined,20%,0.8,1.2,20.0,10,How is ALS diagnosed?,1.0,1.0,0.9111,1.6094,0.011075,10,24812
1,D,Combined,30%,0.7,1.3,30.0,10,What are the symptoms of type 2 diabetes?,0.9,0.9513,1.0,2.0253,0.006482,10,12521
1,D,Combined,30%,0.7,1.3,30.0,10,How is hypertension treated?,1.0,0.9998,0.9111,1.6094,0.006245,9,14239
1,D,Combined,30%,0.7,1.3,30.0,10,What causes heart failure?,1.0,0.9999,0.9556,1.8867,0.005688,10,15453
1,D,Combined,30%,0.7,1.3,30.0,10,Describe the symptoms of lupus,1.0,1.0,0.9556,1.8867,0.012882,10,12909
1,D,Combined,30%,0.7,1.3,30.0,10,What medications treat depression?,1.0,1.0,1.0,2.164,0.007361,10,12569
1,D,Combined,30%,0.7,1.3,30.0,10,How does Alzheimer's disease progress?,1.0,1.0,0.9111,1.973,0.014006,10,13810
1,D,Combined,30%,0.7,1.3,30.0,10,What are risk factors for stroke?,0.9,0.9436,0.7778,1.0889,0.007416,10,15665
1,D,Combined,30%,0.7,1.3,30.0,10,How is asthma managed long-term?,1.0,1.0,1.0,2.164,0.005693,10,10983
1,D,Combined,30%,0.7,1.3,30.0,10,What are signs of kidney disease?,1.0,0.9999,0.9111,1.8867,0.006125,10,11240
1,D,Combined,30%,0.7,1.3,30.0,10,Describe rheumatoid arthritis treatment,1.0,1.0,0.9556,1.8344,0.008069,10,10426
1,D,Combined,30%,0.7,1.3,30.0,10,What causes Parkinson's disease?,1.0,1.0,1.0,2.0253,0.014108,10,10777
1,D,Combined,30%,0.7,1.3,30.0,10,How is multiple sclerosis diagnosed?,1.0,1.0,1.0,2.0253,0.012303,10,11975
1,D,Combined,30%,0.7,1.3,30.0,10,What are symptoms of anemia?,1.0,1.0,1.0,2.0253,0.017186,10,10904
1,D,Combined,30%,0.7,1.3,30.0,10,How is hypothyroidism treated?,1.0,1.0,1.0,1.6957,0.014263,10,11757
1,D,Combined,30%,0.7,1.3,30.0,10,What causes chronic pain?,0.9,0.9426,0.8889,2.164,0.000743,10,11387
1,D,Combined,30%,0.7,1.3,30.0,10,Describe COPD management,1.0,1.0,0.9556,1.3592,0.021332,10,10596
1,D,Combined,30%,0.7,1.3,30.0,10,What are signs of liver disease?,1.0,0.9998,0.9111,2.0253,0.001732,10,11767
1,D,Combined,30%,0.7,1.3,30.0,10,How is epilepsy treated?,0.9,0.9606,0.9444,1.3592,0.016014,10,11626
1,D,Combined,30%,0.7,1.3,30.0,10,What causes osteoporosis?,1.0,1.0,1.0,1.7481,0.012984,10,11549
1,D,Combined,30%,0.7,1.3,30.0,10,Describe symptoms of anxiety disorder,1.0,1.0,0.9556,1.7481,0.012125,10,11203
1,D,Combined,30%,0.7,1.3,30.0,10,What medications are used for HIV/AIDS?,1.0,1.0,0.9556,1.8344,0.009289,10,12277
1,D,Combined,30%,0.7,1.3,30.0,10,How is pneumonia diagnosed?,0.9,0.9473,1.0,1.4185,0.006708,10,11397
1,D,Combined,30%,0.7,1.3,30.0,10,What causes inflammatory bowel disease?,1.0,0.9999,0.9111,1.973,0.001438,10,11756
1,D,Combined,30%,0.7,1.3,30.0,10,Describe treatment for chronic kidney disease,1.0,1.0,1.0,1.4708,0.014839,10,11655
1,D,Combined,30%,0.7,1.3,30.0,10,What are symptoms of schizophrenia?,0.9,0.9489,0.7778,1.6957,0.010695,10,12065
1,D,Combined,30%,0.7,1.3,30.0,10,How is bipolar disorder managed?,1.0,1.0,0.8667,1.8344,0.014592,10,11647
1,D,Combined,30%,0.7,1.3,30.0,10,What causes psoriasis?,1.0,1.0,0.9556,1.6094,0.013781,10,12064
1,D,Combined,30%,0.7,1.3,30.0,10,Describe sepsis treatment,1.0,1.0,0.9556,1.6434,0.014755,10,11428
1,D,Combined,30%,0.7,1.3,30.0,10,What are risk factors for cancer?,1.0,0.9999,0.8667,1.973,0.000545,10,11758
1,D,Combined,30%,0.7,1.3,30.0,10,How is ALS diagnosed?,1.0,1.0,1.0,1.6094,0.010083,10,12114
1,D,Combined,50%,0.5,1.5,50.0,10,What are the symptoms of type 2 diabetes?,0.9,0.9512,0.8889,1.8867,0.004927,10,25554
1,D,Combined,50%,0.5,1.5,50.0,10,How is hypertension treated?,0.9,0.9508,0.8889,1.973,0.004685,10,24534
1,D,Combined,50%,0.5,1.5,50.0,10,What causes heart failure?,0.9,0.9478,0.9444,2.0253,0.005385,10,24760
1,D,Combined,50%,0.5,1.5,50.0,10,Describe the symptoms of lupus,0.9,0.9521,1.0,1.973,0.010735,10,24385
1,D,Combined,50%,0.5,1.5,50.0,10,What medications treat depression?,1.0,0.9999,0.9556,1.8867,0.005566,10,28714
1,D,Combined,50%,0.5,1.5,50.0,10,How does Alzheimer's disease progress?,1.0,1.0,0.9111,1.973,0.010945,10,25415
1,D,Combined,50%,0.5,1.5,50.0,10,What are risk factors for stroke?,0.9,0.946,0.8889,1.3592,0.005437,10,30745
1,D,Combined,50%,0.5,1.5,50.0,10,How is asthma managed long-term?,1.0,0.9999,0.9556,2.164,0.004887,10,29433
1,D,Combined,50%,0.5,1.5,50.0,10,What are signs of kidney disease?,0.9,0.9482,0.7222,1.8344,0.004721,10,25829
1,D,Combined,50%,0.5,1.5,50.0,10,Describe rheumatoid arthritis treatment,1.0,1.0,1.0,1.973,0.006175,10,25112
1,D,Combined,50%,0.5,1.5,50.0,10,What causes Parkinson's disease?,1.0,1.0,1.0,2.164,0.010371,10,24563
1,D,Combined,50%,0.5,1.5,50.0,10,How is multiple sclerosis diagnosed?,1.0,1.0,0.9556,1.973,0.009962,10,26761
1,D,Combined,50%,0.5,1.5,50.0,10,What are symptoms of anemia?,1.0,1.0,0.8667,1.8344,0.012691,10,25080
1,D,Combined,50%,0.5,1.5,50.0,10,How is hypothyroidism treated?,1.0,0.9981,0.7778,1.5048,0.009344,10,26025
1,D,Combined,50%,0.5,1.5,50.0,10,What causes chronic pain?,0.9,0.9398,0.7778,2.0253,0.00052,10,26999
1,D,Combined,50%,0.5,1.5,50.0,10,Describe COPD management,1.0,0.9998,0.9111,1.3592,0.018933,10,26035
1,D,Combined,50%,0.5,1.5,50.0,10,What are signs of liver disease?,1.0,0.9994,0.9111,2.164,0.001239,10,29141
1,D,Combined,50%,0.5,1.5,50.0,10,How is epilepsy treated?,0.9,0.9613,1.0,1.6094,0.013044,10,28610
1,D,Combined,50%,0.5,1.5,50.0,10,What causes osteoporosis?,1.0,0.9998,0.8667,1.8344,0.010481,10,29451
1,D,Combined,50%,0.5,1.5,50.0,10,Describe symptoms of anxiety disorder,1.0,1.0,0.9556,1.6434,0.010206,10,25447
1,D,Combined,50%,0.5,1.5,50.0,10,What medications are used for HIV/AIDS?,1.0,0.9999,0.9111,1.4979,0.006469,10,17732
1,D,Combined,50%,0.5,1.5,50.0,10,How is pneumonia diagnosed?,1.0,0.9999,0.9111,1.8867,0.00406,10,14873
1,D,Combined,50%,0.5,1.5,50.0,10,What causes inflammatory bowel disease?,0.9,0.9464,0.8889,2.164,0.001084,10,14304
1,D,Combined,50%,0.5,1.5,50.0,10,Describe treatment for chronic kidney disease,0.9,0.957,1.0,1.4708,0.012409,10,13912
1,D,Combined,50%,0.5,1.5,50.0,10,What are symptoms of schizophrenia?,0.9,0.9442,0.9444,1.1935,0.00731,10,46876
1,D,Combined,50%,0.5,1.5,50.0,10,How is bipolar disorder managed?,1.0,1.0,0.9111,1.6957,0.011698,10,14203
1,D,Combined,50%,0.5,1.5,50.0,10,What causes psoriasis?,1.0,1.0,0.9556,1.6957,0.0109,10,13395
1,D,Combined,50%,0.5,1.5,50.0,10,Describe sepsis treatment,1.0,0.9999,0.9111,1.8344,0.012592,10,11255
1,D,Combined,50%,0.5,1.5,50.0,10,What are risk factors for cancer?,1.0,0.9997,0.6,2.164,0.000364,9,16767
1,D,Combined,50%,0.5,1.5,50.0,10,How is ALS diagnosed?,1.0,1.0,0.9556,1.6094,0.007507,10,54875
1,D,Combined,70%,0.3,1.7,70.0,10,What are the symptoms of type 2 diabetes?,0.9,0.9483,0.7778,2.0253,0.003311,10,24756
1,D,Combined,70%,0.3,1.7,70.0,10,How is hypertension treated?,0.9,0.9509,1.0,1.6094,0.003056,10,25474
1,D,Combined,70%,0.3,1.7,70.0,10,What causes heart failure?,0.9,0.9499,0.9444,2.0253,0.003463,10,25317
1,D,Combined,70%,0.3,1.7,70.0,10,Describe the symptoms of lupus,0.9,0.954,0.9444,2.0253,0.006776,10,26630
1,D,Combined,70%,0.3,1.7,70.0,10,What medications treat depression?,1.0,0.9999,0.9556,2.3026,0.003577,10,26010
1,D,Combined,70%,0.3,1.7,70.0,10,How does Alzheimer's disease progress?,1.0,1.0,0.9556,1.973,0.007345,10,25496
1,D,Combined,70%,0.3,1.7,70.0,10,What are risk factors for stroke?,0.8,0.8821,0.6429,1.2275,0.003185,10,25890
1,D,Combined,70%,0.3,1.7,70.0,10,How is asthma managed long-term?,1.0,0.9997,0.8667,1.8867,0.003154,10,32256
1,D,Combined,70%,0.3,1.7,70.0,10,What are signs of kidney disease?,0.9,0.9485,0.8889,2.164,0.002841,10,26588
1,D,Combined,70%,0.3,1.7,70.0,10,Describe rheumatoid arthritis treatment,1.0,1.0,0.9556,1.8867,0.003397,10,18532
1,D,Combined,70%,0.3,1.7,70.0,10,What causes Parkinson's disease?,1.0,0.9999,0.9111,2.164,0.005973,10,15132
1,D,Combined,70%,0.3,1.7,70.0,10,How is multiple sclerosis diagnosed?,0.9,0.9559,0.9444,1.8344,0.006902,10,13152
1,D,Combined,70%,0.3,1.7,70.0,10,What are symptoms of anemia?,1.0,0.9999,0.9111,1.7481,0.009383,10,13418
1,D,Combined,70%,0.3,1.7,70.0,10,How is hypothyroidism treated?,0.9,0.9556,0.8333,1.6434,0.007009,10,13498
1,D,Combined,70%,0.3,1.7,70.0,10,What causes chronic pain?,0.9,0.9415,0.6111,2.164,0.000199,10,12843
1,D,Combined,70%,0.3,1.7,70.0,10,Describe COPD management,0.9,0.9602,0.9444,1.3592,0.010624,10,12733
1,D,Combined,70%,0.3,1.7,70.0,10,What are signs of liver disease?,1.0,0.9999,0.9556,2.0253,0.000873,10,13887
1,D,Combined,70%,0.3,1.7,70.0,10,How is epilepsy treated?,0.8,0.919,0.8571,1.6094,0.008361,10,13986
1,D,Combined,70%,0.3,1.7,70.0,10,What causes osteoporosis?,1.0,0.9999,0.9111,1.8344,0.00655,10,13216
1,D,Combined,70%,0.3,1.7,70.0,10,Describe symptoms of anxiety disorder,1.0,0.9996,0.7333,1.6094,0.005438,10,14835
1,D,Combined,70%,0.3,1.7,70.0,10,What medications are used for HIV/AIDS?,1.0,0.9997,0.7333,1.4979,0.004452,10,27454
1,D,Combined,70%,0.3,1.7,70.0,10,How is pneumonia diagnosed?,0.9,0.9419,0.7778,1.8867,0.002718,10,12943
1,D,Combined,70%,0.3,1.7,70.0,10,What causes inflammatory bowel disease?,0.9,0.9432,0.5556,2.164,0.000718,10,12735
1,D,Combined,70%,0.3,1.7,70.0,10,Describe treatment for chronic kidney disease,1.0,1.0,0.9556,1.6094,0.007499,10,13774
1,D,Combined,70%,0.3,1.7,70.0,10,What are symptoms of schizophrenia?,0.8,0.8834,0.6429,1.5048,0.005998,10,13839
1,D,Combined,70%,0.3,1.7,70.0,10,How is bipolar disorder managed?,1.0,1.0,0.9111,1.8344,0.007323,10,19308
1,D,Combined,70%,0.3,1.7,70.0,10,What causes psoriasis?,1.0,0.9999,0.8667,1.6094,0.007131,10,13177
1,D,Combined,70%,0.3,1.7,70.0,10,Describe sepsis treatment,1.0,0.9999,0.8667,1.8344,0.007159,10,13293
1,D,Combined,70%,0.3,1.7,70.0,10,What are risk factors for cancer?,0.9,0.9369,0.6667,1.8344,0.000215,10,12830
1,D,Combined,70%,0.3,1.7,70.0,10,How is ALS diagnosed?,0.9,0.9498,1.0,1.3592,0.004515,10,13097
1,D,RomeCombined,1%,0.99,1.01,1.0,10,What are the symptoms of type 2 diabetes?,1.0,1.0,1.0,2.164,0.007905,10,24418
1,D,RomeCombined,1%,0.99,1.01,1.0,10,How is hypertension treated?,1.0,1.0,1.0,1.6094,0.007043,10,27426
1,D,RomeCombined,1%,0.99,1.01,1.0,10,What causes heart failure?,1.0,1.0,1.0,2.0253,0.006821,10,26602
1,D,RomeCombined,1%,0.99,1.01,1.0,10,Describe the symptoms of lupus,1.0,1.0,1.0,2.0253,0.014627,10,26031
1,D,RomeCombined,1%,0.99,1.01,1.0,10,What medications treat depression?,1.0,1.0,1.0,2.164,0.008107,10,29394
1,D,RomeCombined,1%,0.99,1.01,1.0,10,How does Alzheimer's disease progress?,1.0,1.0,0.9556,1.973,0.015912,10,28497
1,D,RomeCombined,1%,0.99,1.01,1.0,10,What are risk factors for stroke?,1.0,1.0,1.0,1.3592,0.007772,10,25375
1,D,RomeCombined,1%,0.99,1.01,1.0,10,How is asthma managed long-term?,1.0,1.0,1.0,2.164,0.006697,10,25143
1,D,RomeCombined,1%,0.99,1.01,1.0,10,What are signs of kidney disease?,1.0,1.0,1.0,1.8344,0.006642,10,25483
1,D,RomeCombined,1%,0.99,1.01,1.0,10,Describe rheumatoid arthritis treatment,1.0,1.0,1.0,1.8344,0.009161,10,30937
1,D,RomeCombined,1%,0.99,1.01,1.0,10,What causes Parkinson's disease?,1.0,1.0,1.0,1.973,0.015169,10,25615
1,D,RomeCombined,1%,0.99,1.01,1.0,10,How is multiple sclerosis diagnosed?,1.0,1.0,1.0,1.8344,0.014305,10,25902
1,D,RomeCombined,1%,0.99,1.01,1.0,10,What are symptoms of anemia?,1.0,1.0,1.0,1.6957,0.018165,10,26695
1,D,RomeCombined,1%,0.99,1.01,1.0,10,How is hypothyroidism treated?,1.0,1.0,1.0,1.5048,0.014434,10,25838
1,D,RomeCombined,1%,0.99,1.01,1.0,10,What causes chronic pain?,1.0,1.0,1.0,2.164,0.000762,10,24902
1,D,RomeCombined,1%,0.99,1.01,1.0,10,Describe COPD management,1.0,1.0,1.0,1.2206,0.024897,10,25541
1,D,RomeCombined,1%,0.99,1.01,1.0,10,What are signs of liver disease?,1.0,1.0,1.0,2.0253,0.001757,10,25886
1,D,RomeCombined,1%,0.99,1.01,1.0,10,How is epilepsy treated?,1.0,1.0,1.0,1.3592,0.017408,10,26515
1,D,RomeCombined,1%,0.99,1.01,1.0,10,What causes osteoporosis?,1.0,1.0,1.0,1.8344,0.014128,10,29193
1,D,RomeCombined,1%,0.99,1.01,1.0,10,Describe symptoms of anxiety disorder,1.0,1.0,1.0,1.6094,0.013864,10,25797
1,D,RomeCombined,1%,0.99,1.01,1.0,10,What medications are used for HIV/AIDS?,1.0,1.0,1.0,1.4979,0.009617,10,27654
1,D,RomeCombined,1%,0.99,1.01,1.0,10,How is pneumonia diagnosed?,1.0,1.0,1.0,1.8344,0.007205,10,28540
1,D,RomeCombined,1%,0.99,1.01,1.0,10,What causes inflammatory bowel disease?,1.0,1.0,1.0,2.164,0.001515,9,26395
1,D,RomeCombined,1%,0.99,1.01,1.0,10,Describe treatment for chronic kidney disease,1.0,1.0,1.0,1.3592,0.016566,10,32071
1,D,RomeCombined,1%,0.99,1.01,1.0,10,What are symptoms of schizophrenia?,1.0,1.0,1.0,1.6434,0.010798,10,27359
1,D,RomeCombined,1%,0.99,1.01,1.0,10,How is bipolar disorder managed?,1.0,1.0,1.0,1.4708,0.016136,10,31216
1,D,RomeCombined,1%,0.99,1.01,1.0,10,What causes psoriasis?,1.0,1.0,1.0,1.6094,0.016081,10,27510
1,D,RomeCombined,1%,0.99,1.01,1.0,10,Describe sepsis treatment,1.0,1.0,1.0,1.6434,0.01742,10,30172
1,D,RomeCombined,1%,0.99,1.01,1.0,10,What are risk factors for cancer?,1.0,1.0,1.0,1.973,0.000535,10,25533
1,D,RomeCombined,1%,0.99,1.01,1.0,10,How is ALS diagnosed?,1.0,1.0,1.0,1.6094,0.011341,10,25831
1,D,RomeCombined,5%,0.95,1.05,5.0,10,What are the symptoms of type 2 diabetes?,0.9,0.9513,1.0,2.0253,0.007853,10,31614
1,D,RomeCombined,5%,0.95,1.05,5.0,10,How is hypertension treated?,1.0,1.0,1.0,1.6094,0.006955,10,26195
1,D,RomeCombined,5%,0.95,1.05,5.0,10,What causes heart failure?,1.0,1.0,1.0,2.0253,0.00685,10,26232
1,D,RomeCombined,5%,0.95,1.05,5.0,10,Describe the symptoms of lupus,1.0,1.0,1.0,1.8867,0.014769,10,25547
1,D,RomeCombined,5%,0.95,1.05,5.0,10,What medications treat depression?,1.0,1.0,1.0,2.164,0.008065,10,24840
1,D,RomeCombined,5%,0.95,1.05,5.0,10,How does Alzheimer's disease progress?,1.0,1.0,1.0,1.973,0.01599,9,28759
1,D,RomeCombined,5%,0.95,1.05,5.0,10,What are risk factors for stroke?,1.0,1.0,1.0,1.3592,0.007718,10,25296
1,D,RomeCombined,5%,0.95,1.05,5.0,10,How is asthma managed long-term?,1.0,1.0,1.0,2.164,0.006671,10,26246
1,D,RomeCombined,5%,0.95,1.05,5.0,10,What are signs of kidney disease?,1.0,1.0,1.0,1.8344,0.00665,10,41116
1,D,RomeCombined,5%,0.95,1.05,5.0,10,Describe rheumatoid arthritis treatment,1.0,1.0,1.0,1.8344,0.009131,10,26731
1,D,RomeCombined,5%,0.95,1.05,5.0,10,What causes Parkinson's disease?,1.0,1.0,1.0,1.973,0.015064,10,25197
1,D,RomeCombined,5%,0.95,1.05,5.0,10,How is multiple sclerosis diagnosed?,1.0,1.0,1.0,1.8344,0.014397,10,27070
1,D,RomeCombined,5%,0.95,1.05,5.0,10,What are symptoms of anemia?,1.0,1.0,1.0,1.6957,0.018271,10,24767
1,D,RomeCombined,5%,0.95,1.05,5.0,10,How is hypothyroidism treated?,1.0,1.0,1.0,1.5048,0.01432,10,25938
1,D,RomeCombined,5%,0.95,1.05,5.0,10,What causes chronic pain?,1.0,1.0,1.0,2.164,0.000774,10,24780
1,D,RomeCombined,5%,0.95,1.05,5.0,10,Describe COPD management,1.0,1.0,1.0,1.2206,0.024648,10,25466
1,D,RomeCombined,5%,0.95,1.05,5.0,10,What are signs of liver disease?,1.0,1.0,1.0,2.0253,0.001769,10,28837
1,D,RomeCombined,5%,0.95,1.05,5.0,10,How is epilepsy treated?,1.0,1.0,1.0,1.3592,0.01736,10,28250
1,D,RomeCombined,5%,0.95,1.05,5.0,10,What causes osteoporosis?,1.0,1.0,0.9556,1.8867,0.014041,10,24942
1,D,RomeCombined,5%,0.95,1.05,5.0,10,Describe symptoms of anxiety disorder,1.0,1.0,1.0,1.6094,0.013904,9,24766
1,D,RomeCombined,5%,0.95,1.05,5.0,10,What medications are used for HIV/AIDS?,1.0,1.0,1.0,1.4979,0.009576,10,26978
1,D,RomeCombined,5%,0.95,1.05,5.0,10,How is pneumonia diagnosed?,1.0,1.0,1.0,1.8344,0.007175,10,26643
1,D,RomeCombined,5%,0.95,1.05,5.0,10,What causes inflammatory bowel disease?,1.0,1.0,1.0,2.164,0.001535,10,25070
1,D,RomeCombined,5%,0.95,1.05,5.0,10,Describe treatment for chronic kidney disease,1.0,1.0,1.0,1.3592,0.016515,10,28187
1,D,RomeCombined,5%,0.95,1.05,5.0,10,What are symptoms of schizophrenia?,0.9,0.9491,1.0,1.6094,0.010799,10,28238
1,D,RomeCombined,5%,0.95,1.05,5.0,10,How is bipolar disorder managed?,1.0,1.0,0.9111,1.2799,0.016146,10,25817
1,D,RomeCombined,5%,0.95,1.05,5.0,10,What causes psoriasis?,1.0,1.0,1.0,1.6094,0.016022,10,25113
1,D,RomeCombined,5%,0.95,1.05,5.0,10,Describe sepsis treatment,1.0,1.0,1.0,1.6434,0.017383,10,27012
1,D,RomeCombined,5%,0.95,1.05,5.0,10,What are risk factors for cancer?,1.0,1.0,0.9556,2.164,0.000507,10,28939
1,D,RomeCombined,5%,0.95,1.05,5.0,10,How is ALS diagnosed?,1.0,1.0,1.0,1.6094,0.011328,10,26759
1,D,RomeCombined,10%,0.9,1.1,10.0,10,What are the symptoms of type 2 diabetes?,1.0,1.0,1.0,2.164,0.007645,10,31637
1,D,RomeCombined,10%,0.9,1.1,10.0,10,How is hypertension treated?,1.0,1.0,0.9556,1.6094,0.006731,10,49836
1,D,RomeCombined,10%,0.9,1.1,10.0,10,What causes heart failure?,1.0,1.0,0.9556,2.0253,0.006629,10,27880
1,D,RomeCombined,10%,0.9,1.1,10.0,10,Describe the symptoms of lupus,1.0,1.0,1.0,2.0253,0.014461,10,40293
1,D,RomeCombined,10%,0.9,1.1,10.0,10,What medications treat depression?,1.0,1.0,1.0,2.3026,0.007809,10,14536
1,D,RomeCombined,10%,0.9,1.1,10.0,10,How does Alzheimer's disease progress?,1.0,1.0,1.0,1.973,0.015667,10,15570
1,D,RomeCombined,10%,0.9,1.1,10.0,10,What are risk factors for stroke?,1.0,1.0,0.9556,1.4185,0.007496,10,15281
1,D,RomeCombined,10%,0.9,1.1,10.0,10,How is asthma managed long-term?,1.0,1.0,1.0,2.164,0.006582,10,13843
1,D,RomeCombined,10%,0.9,1.1,10.0,10,What are signs of kidney disease?,1.0,1.0,1.0,1.6094,0.006644,10,14321
1,D,RomeCombined,10%,0.9,1.1,10.0,10,Describe rheumatoid arthritis treatment,1.0,1.0,1.0,1.8344,0.008917,9,14554
1,D,RomeCombined,10%,0.9,1.1,10.0,10,What causes Parkinson's disease?,1.0,1.0,1.0,1.973,0.014806,10,14669
1,D,RomeCombined,10%,0.9,1.1,10.0,10,How is multiple sclerosis diagnosed?,1.0,1.0,1.0,1.8344,0.01406,10,16655
1,D,RomeCombined,10%,0.9,1.1,10.0,10,What are symptoms of anemia?,1.0,1.0,0.9556,1.6957,0.018073,10,14263
1,D,RomeCombined,10%,0.9,1.1,10.0,10,How is hypothyroidism treated?,1.0,0.9999,0.9556,1.5048,0.014115,9,14225
1,D,RomeCombined,10%,0.9,1.1,10.0,10,What causes chronic pain?,1.0,1.0,0.9556,2.0253,0.000722,10,13972
1,D,RomeCombined,10%,0.9,1.1,10.0,10,Describe COPD management,1.0,1.0,1.0,1.2206,0.024686,10,14110
1,D,RomeCombined,10%,0.9,1.1,10.0,10,What are signs of liver disease?,1.0,1.0,1.0,2.0253,0.001716,10,25850
1,D,RomeCombined,10%,0.9,1.1,10.0,10,How is epilepsy treated?,1.0,1.0,1.0,1.3592,0.017442,10,17532
1,D,RomeCombined,10%,0.9,1.1,10.0,10,What causes osteoporosis?,1.0,1.0,1.0,1.7481,0.014101,10,13824
1,D,RomeCombined,10%,0.9,1.1,10.0,10,Describe symptoms of anxiety disorder,1.0,1.0,1.0,1.8344,0.013755,10,18897
1,D,RomeCombined,10%,0.9,1.1,10.0,10,What medications are used for HIV/AIDS?,1.0,1.0,1.0,1.4979,0.009314,10,16648
1,D,RomeCombined,10%,0.9,1.1,10.0,10,How is pneumonia diagnosed?,1.0,1.0,1.0,1.8344,0.007103,10,37770
1,D,RomeCombined,10%,0.9,1.1,10.0,10,What causes inflammatory bowel disease?,1.0,0.9999,0.9111,2.164,0.001464,10,18057
1,D,RomeCombined,10%,0.9,1.1,10.0,10,Describe treatment for chronic kidney disease,1.0,1.0,1.0,1.3592,0.016206,10,20627
1,D,RomeCombined,10%,0.9,1.1,10.0,10,What are symptoms of schizophrenia?,1.0,1.0,0.9556,1.4185,0.010623,10,14819
1,D,RomeCombined,10%,0.9,1.1,10.0,10,How is bipolar disorder managed?,1.0,1.0,0.9111,1.2799,0.016025,10,14980
1,D,RomeCombined,10%,0.9,1.1,10.0,10,What causes psoriasis?,1.0,1.0,1.0,1.4185,0.01605,10,14622
1,D,RomeCombined,10%,0.9,1.1,10.0,10,Describe sepsis treatment,1.0,1.0,1.0,1.6434,0.017023,10,14664
1,D,RomeCombined,10%,0.9,1.1,10.0,10,What are risk factors for cancer?,1.0,1.0,0.9556,2.164,0.000498,10,14244
1,D,RomeCombined,10%,0.9,1.1,10.0,10,How is ALS diagnosed?,1.0,1.0,0.9556,1.6094,0.011327,10,25000
1,D,RomeCombined,20%,0.8,1.2,20.0,10,What are the symptoms of type 2 diabetes?,0.9,0.9513,1.0,1.8867,0.007724,10,27040
1,D,RomeCombined,20%,0.8,1.2,20.0,10,How is hypertension treated?,1.0,1.0,0.9111,1.8344,0.006677,10,25067
1,D,RomeCombined,20%,0.8,1.2,20.0,10,What causes heart failure?,1.0,0.9999,0.9556,1.8867,0.006649,10,26144
1,D,RomeCombined,20%,0.8,1.2,20.0,10,Describe the symptoms of lupus,0.9,0.9541,1.0,2.0253,0.014564,10,25966
1,D,RomeCombined,20%,0.8,1.2,20.0,10,What medications treat depression?,1.0,0.9998,0.9556,2.164,0.007734,10,24662
1,D,RomeCombined,20%,0.8,1.2,20.0,10,How does Alzheimer's disease progress?,1.0,1.0,1.0,1.973,0.015728,10,26143
1,D,RomeCombined,20%,0.8,1.2,20.0,10,What are risk factors for stroke?,1.0,0.9999,0.9111,1.3592,0.00755,9,23720
1,D,RomeCombined,20%,0.8,1.2,20.0,10,How is asthma managed long-term?,1.0,0.9999,0.9556,2.164,0.006313,10,24725
1,D,RomeCombined,20%,0.8,1.2,20.0,10,What are signs of kidney disease?,1.0,1.0,1.0,1.8344,0.006353,10,23809
1,D,RomeCombined,20%,0.8,1.2,20.0,10,Describe rheumatoid arthritis treatment,1.0,1.0,1.0,1.8344,0.00867,10,23463
1,D,RomeCombined,20%,0.8,1.2,20.0,10,What causes Parkinson's disease?,1.0,1.0,1.0,1.973,0.013899,10,23088
1,D,RomeCombined,20%,0.8,1.2,20.0,10,How is multiple sclerosis diagnosed?,0.9,0.9565,0.9444,1.8867,0.013838,10,24453
1,D,RomeCombined,20%,0.8,1.2,20.0,10,What are symptoms of anemia?,1.0,1.0,1.0,1.8344,0.017031,10,24768
1,D,RomeCombined,20%,0.8,1.2,20.0,10,How is hypothyroidism treated?,1.0,1.0,1.0,1.5048,0.013681,10,25339
1,D,RomeCombined,20%,0.8,1.2,20.0,10,What causes chronic pain?,1.0,1.0,1.0,2.3026,0.000671,10,23495
1,D,RomeCombined,20%,0.8,1.2,20.0,10,Describe COPD management,1.0,1.0,1.0,1.3592,0.023474,10,24101
1,D,RomeCombined,20%,0.8,1.2,20.0,10,What are signs of liver disease?,0.9,0.9462,0.9444,1.8344,0.001627,10,23507
1,D,RomeCombined,20%,0.8,1.2,20.0,10,How is epilepsy treated?,1.0,1.0,0.9111,1.3592,0.016462,10,24393
1,D,RomeCombined,20%,0.8,1.2,20.0,10,What causes osteoporosis?,1.0,1.0,1.0,1.8344,0.013809,10,24086
1,D,RomeCombined,20%,0.8,1.2,20.0,10,Describe symptoms of anxiety disorder,1.0,1.0,1.0,1.4708,0.01282,10,23558
1,D,RomeCombined,20%,0.8,1.2,20.0,10,What medications are used for HIV/AIDS?,1.0,1.0,0.9556,1.4979,0.009072,10,26846
1,D,RomeCombined,20%,0.8,1.2,20.0,10,How is pneumonia diagnosed?,1.0,1.0,0.9556,1.8344,0.006517,10,24121
1,D,RomeCombined,20%,0.8,1.2,20.0,10,What causes inflammatory bowel disease?,1.0,0.9999,0.9111,2.164,0.001458,10,24768
1,D,RomeCombined,20%,0.8,1.2,20.0,10,Describe treatment for chronic kidney disease,1.0,1.0,1.0,1.3592,0.015618,10,24619
1,D,RomeCombined,20%,0.8,1.2,20.0,10,What are symptoms of schizophrenia?,0.9,0.9491,0.9444,1.6434,0.010075,10,23825
1,D,RomeCombined,20%,0.8,1.2,20.0,10,How is bipolar disorder managed?,1.0,1.0,0.9111,1.4708,0.015089,10,23705
1,D,RomeCombined,20%,0.8,1.2,20.0,10,What causes psoriasis?,1.0,1.0,0.9556,1.6094,0.014977,10,24115
1,D,RomeCombined,20%,0.8,1.2,20.0,10,Describe sepsis treatment,1.0,1.0,0.9556,1.6434,0.0162,10,23421
1,D,RomeCombined,20%,0.8,1.2,20.0,10,What are risk factors for cancer?,1.0,0.9999,0.8222,1.8344,0.000507,10,23570
1,D,RomeCombined,20%,0.8,1.2,20.0,10,How is ALS diagnosed?,1.0,1.0,0.9556,1.6094,0.01105,10,26462
1,D,RomeCombined,30%,0.7,1.3,30.0,10,What are the symptoms of type 2 diabetes?,0.9,0.9513,0.9444,2.0253,0.006593,10,26914
1,D,RomeCombined,30%,0.7,1.3,30.0,10,How is hypertension treated?,1.0,1.0,1.0,1.6094,0.00597,9,25863
1,D,RomeCombined,30%,0.7,1.3,30.0,10,What causes heart failure?,0.9,0.9498,0.9444,2.0253,0.005983,10,25982
1,D,RomeCombined,30%,0.7,1.3,30.0,10,Describe the symptoms of lupus,0.9,0.9541,1.0,2.0253,0.013276,10,26139
1,D,RomeCombined,30%,0.7,1.3,30.0,10,What medications treat depression?,1.0,1.0,1.0,2.164,0.006938,10,25098
1,D,RomeCombined,30%,0.7,1.3,30.0,10,How does Alzheimer's disease progress?,1.0,1.0,0.9556,1.973,0.014175,10,26161
1,D,RomeCombined,30%,0.7,1.3,30.0,10,What are risk factors for stroke?,0.9,0.943,0.7778,1.6094,0.006921,10,25233
1,D,RomeCombined,30%,0.7,1.3,30.0,10,How is asthma managed long-term?,1.0,1.0,1.0,2.164,0.005778,10,25577
1,D,RomeCombined,30%,0.7,1.3,30.0,10,What are signs of kidney disease?,1.0,0.9999,0.8667,1.6094,0.005871,10,24818
1,D,RomeCombined,30%,0.7,1.3,30.0,10,Describe rheumatoid arthritis treatment,1.0,1.0,1.0,1.8344,0.00762,10,25355
1,D,RomeCombined,30%,0.7,1.3,30.0,10,What causes Parkinson's disease?,1.0,1.0,0.9556,1.973,0.013865,10,26827
1,D,RomeCombined,30%,0.7,1.3,30.0,10,How is multiple sclerosis diagnosed?,1.0,1.0,1.0,1.973,0.013456,10,24994
1,D,RomeCombined,30%,0.7,1.3,30.0,10,What are symptoms of anemia?,1.0,0.9998,0.8667,1.6957,0.015179,10,24634
1,D,RomeCombined,30%,0.7,1.3,30.0,10,How is hypothyroidism treated?,1.0,0.9999,0.9111,1.5048,0.012164,10,25909
1,D,RomeCombined,30%,0.7,1.3,30.0,10,What causes chronic pain?,1.0,0.9999,0.9111,2.0253,0.0007,10,25175
1,D,RomeCombined,30%,0.7,1.3,30.0,10,Describe COPD management,0.9,0.959,1.0,1.3592,0.021108,10,24580
1,D,RomeCombined,30%,0.7,1.3,30.0,10,What are signs of liver disease?,1.0,0.9994,0.9111,1.973,0.001583,10,27310
1,D,RomeCombined,30%,0.7,1.3,30.0,10,How is epilepsy treated?,1.0,1.0,0.9111,1.3592,0.016256,10,27856
1,D,RomeCombined,30%,0.7,1.3,30.0,10,What causes osteoporosis?,1.0,1.0,0.9556,1.8344,0.012717,10,28339
1,D,RomeCombined,30%,0.7,1.3,30.0,10,Describe symptoms of anxiety disorder,1.0,1.0,1.0,1.8344,0.012848,10,24544
1,D,RomeCombined,30%,0.7,1.3,30.0,10,What medications are used for HIV/AIDS?,1.0,1.0,1.0,1.4979,0.008248,10,26965
1,D,RomeCombined,30%,0.7,1.3,30.0,10,How is pneumonia diagnosed?,1.0,1.0,1.0,1.7481,0.006775,10,24986
1,D,RomeCombined,30%,0.7,1.3,30.0,10,What causes inflammatory bowel disease?,1.0,1.0,0.9556,1.8867,0.001252,10,25112
1,D,RomeCombined,30%,0.7,1.3,30.0,10,Describe treatment for chronic kidney disease,1.0,1.0,1.0,1.3592,0.014683,10,25853
1,D,RomeCombined,30%,0.7,1.3,30.0,10,What are symptoms of schizophrenia?,0.9,0.9491,0.9444,1.6957,0.00988,10,26358
1,D,RomeCombined,30%,0.7,1.3,30.0,10,How is bipolar disorder managed?,1.0,1.0,0.9556,1.4708,0.014504,10,25812
1,D,RomeCombined,30%,0.7,1.3,30.0,10,What causes psoriasis?,1.0,1.0,0.9556,1.6094,0.014828,10,24915
1,D,RomeCombined,30%,0.7,1.3,30.0,10,Describe sepsis treatment,1.0,1.0,0.9556,1.6434,0.015829,10,24534
1,D,RomeCombined,30%,0.7,1.3,30.0,10,What are risk factors for cancer?,1.0,1.0,0.9111,2.164,0.000495,10,25763
1,D,RomeCombined,30%,0.7,1.3,30.0,10,How is ALS diagnosed?,1.0,1.0,1.0,1.6094,0.009937,10,25990
1,D,RomeCombined,50%,0.5,1.5,50.0,10,What are the symptoms of type 2 diabetes?,1.0,0.9999,0.9111,1.6094,0.004863,10,27919
1,D,RomeCombined,50%,0.5,1.5,50.0,10,How is hypertension treated?,1.0,1.0,0.9556,1.6094,0.004875,10,28579
1,D,RomeCombined,50%,0.5,1.5,50.0,10,What causes heart failure?,1.0,1.0,1.0,2.0253,0.004737,10,29571
1,D,RomeCombined,50%,0.5,1.5,50.0,10,Describe the symptoms of lupus,1.0,1.0,0.9556,1.8867,0.009765,10,29400
1,D,RomeCombined,50%,0.5,1.5,50.0,10,What medications treat depression?,1.0,0.9998,0.9556,1.8867,0.005618,10,30208
1,D,RomeCombined,50%,0.5,1.5,50.0,10,How does Alzheimer's disease progress?,1.0,1.0,0.9556,1.973,0.010707,10,29323
1,D,RomeCombined,50%,0.5,1.5,50.0,10,What are risk factors for stroke?,0.7,0.8231,0.8095,0.9404,0.005019,10,24900
1,D,RomeCombined,50%,0.5,1.5,50.0,10,How is asthma managed long-term?,1.0,1.0,1.0,2.164,0.005025,10,16568
1,D,RomeCombined,50%,0.5,1.5,50.0,10,What are signs of kidney disease?,1.0,0.9999,0.9111,1.7481,0.004341,10,13399
1,D,RomeCombined,50%,0.5,1.5,50.0,10,Describe rheumatoid arthritis treatment,1.0,1.0,1.0,1.973,0.006031,10,15400
1,D,RomeCombined,50%,0.5,1.5,50.0,10,What causes Parkinson's disease?,1.0,1.0,1.0,1.973,0.010594,10,15892
1,D,RomeCombined,50%,0.5,1.5,50.0,10,How is multiple sclerosis diagnosed?,0.9,0.9565,0.9444,2.0253,0.009094,10,14822
1,D,RomeCombined,50%,0.5,1.5,50.0,10,What are symptoms of anemia?,1.0,0.9999,0.8667,1.7481,0.012054,10,15444
1,D,RomeCombined,50%,0.5,1.5,50.0,10,How is hypothyroidism treated?,1.0,1.0,0.9556,1.5048,0.010379,10,16574
1,D,RomeCombined,50%,0.5,1.5,50.0,10,What causes chronic pain?,1.0,0.9999,0.9111,2.164,0.000663,10,14926
1,D,RomeCombined,50%,0.5,1.5,50.0,10,Describe COPD management,1.0,1.0,1.0,1.3592,0.017693,10,14385
1,D,RomeCombined,50%,0.5,1.5,50.0,10,What are signs of liver disease?,0.9,0.9462,0.9444,1.8344,0.001516,10,14072
1,D,RomeCombined,50%,0.5,1.5,50.0,10,How is epilepsy treated?,1.0,1.0,0.9111,1.4979,0.011728,10,13897
1,D,RomeCombined,50%,0.5,1.5,50.0,10,What causes osteoporosis?,1.0,0.9999,0.9111,1.973,0.009081,10,13240
1,D,RomeCombined,50%,0.5,1.5,50.0,10,Describe symptoms of anxiety disorder,1.0,0.9998,0.8222,1.4708,0.009631,10,14574
1,D,RomeCombined,50%,0.5,1.5,50.0,10,What medications are used for HIV/AIDS?,1.0,0.9999,0.8667,1.4979,0.006542,10,14947
1,D,RomeCombined,50%,0.5,1.5,50.0,10,How is pneumonia diagnosed?,0.9,0.9471,0.9444,1.7481,0.004264,10,16714
1,D,RomeCombined,50%,0.5,1.5,50.0,10,What causes inflammatory bowel disease?,1.0,1.0,0.9556,2.164,0.001062,10,18232
1,D,RomeCombined,50%,0.5,1.5,50.0,10,Describe treatment for chronic kidney disease,1.0,0.9999,0.8222,1.0889,0.011446,10,16083
1,D,RomeCombined,50%,0.5,1.5,50.0,10,What are symptoms of schizophrenia?,0.9,0.9487,0.7778,1.6434,0.006741,10,15147
1,D,RomeCombined,50%,0.5,1.5,50.0,10,How is bipolar disorder managed?,1.0,0.9993,0.9111,1.5048,0.011381,10,17440
1,D,RomeCombined,50%,0.5,1.5,50.0,10,What causes psoriasis?,1.0,0.9999,0.8667,1.6094,0.010151,10,18904
1,D,RomeCombined,50%,0.5,1.5,50.0,10,Describe sepsis treatment,1.0,1.0,1.0,1.6434,0.011722,10,15356
1,D,RomeCombined,50%,0.5,1.5,50.0,10,What are risk factors for cancer?,1.0,0.9996,0.7333,1.6434,0.000441,10,14051
1,D,RomeCombined,50%,0.5,1.5,50.0,10,How is ALS diagnosed?,0.9,0.9517,0.9444,1.6094,0.006713,10,14248
1,D,RomeCombined,70%,0.3,1.7,70.0,10,What are the symptoms of type 2 diabetes?,0.9,0.9504,0.8333,1.7481,0.003251,10,28439
1,D,RomeCombined,70%,0.3,1.7,70.0,10,How is hypertension treated?,0.9,0.9454,1.0,1.6094,0.002961,10,26832
1,D,RomeCombined,70%,0.3,1.7,70.0,10,What causes heart failure?,0.9,0.9477,0.9444,2.0253,0.002643,10,24661
1,D,RomeCombined,70%,0.3,1.7,70.0,10,Describe the symptoms of lupus,0.8,0.905,1.0,1.8344,0.005722,10,25739
1,D,RomeCombined,70%,0.3,1.7,70.0,10,What medications treat depression?,1.0,1.0,1.0,2.0253,0.003061,10,30033
1,D,RomeCombined,70%,0.3,1.7,70.0,10,How does Alzheimer's disease progress?,1.0,1.0,0.8667,1.973,0.006754,10,26671
1,D,RomeCombined,70%,0.3,1.7,70.0,10,What are risk factors for stroke?,0.9,0.9321,0.7222,1.2275,0.003649,9,24992
1,D,RomeCombined,70%,0.3,1.7,70.0,10,How is asthma managed long-term?,1.0,1.0,0.9556,1.8344,0.002581,10,29268
1,D,RomeCombined,70%,0.3,1.7,70.0,10,What are signs of kidney disease?,1.0,0.9998,0.8222,2.164,0.003679,10,26205
1,D,RomeCombined,70%,0.3,1.7,70.0,10,Describe rheumatoid arthritis treatment,1.0,0.9994,0.8222,2.0253,0.004136,10,26364
1,D,RomeCombined,70%,0.3,1.7,70.0,10,What causes Parkinson's disease?,1.0,0.9998,0.9111,1.973,0.005533,10,27531
1,D,RomeCombined,70%,0.3,1.7,70.0,10,How is multiple sclerosis diagnosed?,0.9,0.956,1.0,2.164,0.005514,10,25669
1,D,RomeCombined,70%,0.3,1.7,70.0,10,What are symptoms of anemia?,1.0,0.9997,0.8667,2.0253,0.006939,10,27047
1,D,RomeCombined,70%,0.3,1.7,70.0,10,How is hypothyroidism treated?,1.0,0.9982,0.8222,1.6957,0.005717,9,26620
1,D,RomeCombined,70%,0.3,1.7,70.0,10,What causes chronic pain?,0.9,0.9415,0.6667,2.164,0.000347,10,25182
1,D,RomeCombined,70%,0.3,1.7,70.0,10,Describe COPD management,0.9,0.9586,1.0,1.2206,0.010556,10,26888
1,D,RomeCombined,70%,0.3,1.7,70.0,10,What are signs of liver disease?,0.9,0.9447,0.6111,2.164,0.000529,10,29487
1,D,RomeCombined,70%,0.3,1.7,70.0,10,How is epilepsy treated?,0.9,0.9608,0.8889,1.3592,0.006859,10,27380
1,D,RomeCombined,70%,0.3,1.7,70.0,10,What causes osteoporosis?,0.9,0.954,0.8889,2.0253,0.005928,10,26459
1,D,RomeCombined,70%,0.3,1.7,70.0,10,Describe symptoms of anxiety disorder,0.9,0.9502,0.9444,1.8344,0.006814,10,28325
1,D,RomeCombined,70%,0.3,1.7,70.0,10,What medications are used for HIV/AIDS?,1.0,0.9999,0.8667,1.4979,0.004904,10,29564
1,D,RomeCombined,70%,0.3,1.7,70.0,10,How is pneumonia diagnosed?,0.9,0.947,0.8889,1.4979,0.00314,10,28369
1,D,RomeCombined,70%,0.3,1.7,70.0,10,What causes inflammatory bowel disease?,1.0,0.9999,0.9111,2.164,0.000548,10,28932
1,D,RomeCombined,70%,0.3,1.7,70.0,10,Describe treatment for chronic kidney disease,1.0,0.9999,0.8667,1.5048,0.007529,10,29842
1,D,RomeCombined,70%,0.3,1.7,70.0,10,What are symptoms of schizophrenia?,1.0,0.9993,0.6889,1.4185,0.004965,10,32130
1,D,RomeCombined,70%,0.3,1.7,70.0,10,How is bipolar disorder managed?,1.0,1.0,0.8667,1.4708,0.006375,10,28789
1,D,RomeCombined,70%,0.3,1.7,70.0,10,What causes psoriasis?,1.0,0.9999,0.9111,1.6094,0.00676,10,28397
1,D,RomeCombined,70%,0.3,1.7,70.0,10,Describe sepsis treatment,1.0,0.9999,0.8667,1.6434,0.007417,10,27569
1,D,RomeCombined,70%,0.3,1.7,70.0,10,What are risk factors for cancer?,0.9,0.9332,0.7778,2.0253,0.000255,10,28109
1,D,RomeCombined,70%,0.3,1.7,70.0,10,How is ALS diagnosed?,0.9,0.9469,0.8889,1.6434,0.004555,10,28910
1,D,CkksCombined,1%,0.99,1.01,1.0,10,What are the symptoms of type 2 diabetes?,1.0,1.0,1.0,2.164,0.007913,10,6953558
1,D,CkksCombined,1%,0.99,1.01,1.0,10,How is hypertension treated?,1.0,1.0,1.0,1.6094,0.007033,10,6281604
1,D,CkksCombined,1%,0.99,1.01,1.0,10,What causes heart failure?,1.0,1.0,1.0,2.0253,0.00683,10,6685447
1,D,CkksCombined,1%,0.99,1.01,1.0,10,Describe the symptoms of lupus,1.0,1.0,1.0,2.0253,0.014606,10,6567581
1,D,CkksCombined,1%,0.99,1.01,1.0,10,What medications treat depression?,1.0,1.0,1.0,2.164,0.008104,10,6502297
1,D,CkksCombined,1%,0.99,1.01,1.0,10,How does Alzheimer's disease progress?,1.0,1.0,1.0,1.973,0.015876,10,7469962
1,D,CkksCombined,1%,0.99,1.01,1.0,10,What are risk factors for stroke?,1.0,1.0,1.0,1.3592,0.007761,10,6775994
1,D,CkksCombined,1%,0.99,1.01,1.0,10,How is asthma managed long-term?,1.0,1.0,1.0,2.164,0.006707,10,6685012
1,D,CkksCombined,1%,0.99,1.01,1.0,10,What are signs of kidney disease?,1.0,1.0,1.0,1.8344,0.006672,10,7043547
1,D,CkksCombined,1%,0.99,1.01,1.0,10,Describe rheumatoid arthritis treatment,1.0,1.0,1.0,1.8344,0.009174,10,7455273
1,D,CkksCombined,1%,0.99,1.01,1.0,10,What causes Parkinson's disease?,1.0,1.0,1.0,1.973,0.015164,10,6747519
1,D,CkksCombined,1%,0.99,1.01,1.0,10,How is multiple sclerosis diagnosed?,1.0,1.0,1.0,1.8344,0.014304,10,7077937
1,D,CkksCombined,1%,0.99,1.01,1.0,10,What are symptoms of anemia?,1.0,1.0,1.0,1.6957,0.018207,10,6901550
1,D,CkksCombined,1%,0.99,1.01,1.0,10,How is hypothyroidism treated?,1.0,1.0,1.0,1.5048,0.014458,10,6935945
1,D,CkksCombined,1%,0.99,1.01,1.0,10,What causes chronic pain?,1.0,1.0,1.0,2.164,0.000765,9,7262378
1,D,CkksCombined,1%,0.99,1.01,1.0,10,Describe COPD management,1.0,1.0,1.0,1.2206,0.024973,10,6565343
1,D,CkksCombined,1%,0.99,1.01,1.0,10,What are signs of liver disease?,1.0,1.0,1.0,2.0253,0.001765,10,6468834
1,D,CkksCombined,1%,0.99,1.01,1.0,10,How is epilepsy treated?,1.0,1.0,1.0,1.3592,0.0174,10,6291547
1,D,CkksCombined,1%,0.99,1.01,1.0,10,What causes osteoporosis?,1.0,1.0,1.0,1.8344,0.014122,10,6494472
1,D,CkksCombined,1%,0.99,1.01,1.0,10,Describe symptoms of anxiety disorder,1.0,1.0,1.0,1.6094,0.013882,10,6860447
1,D,CkksCombined,1%,0.99,1.01,1.0,10,What medications are used for HIV/AIDS?,1.0,1.0,1.0,1.4979,0.009633,10,6464510
1,D,CkksCombined,1%,0.99,1.01,1.0,10,How is pneumonia diagnosed?,1.0,1.0,1.0,1.8344,0.007216,10,6466273
1,D,CkksCombined,1%,0.99,1.01,1.0,10,What causes inflammatory bowel disease?,1.0,1.0,1.0,2.164,0.001509,10,6359833
1,D,CkksCombined,1%,0.99,1.01,1.0,10,Describe treatment for chronic kidney disease,1.0,1.0,1.0,1.3592,0.016612,10,6287137
1,D,CkksCombined,1%,0.99,1.01,1.0,10,What are symptoms of schizophrenia?,1.0,1.0,1.0,1.4185,0.010832,10,6300475
1,D,CkksCombined,1%,0.99,1.01,1.0,10,How is bipolar disorder managed?,1.0,1.0,0.9556,1.4708,0.016111,10,6393211
1,D,CkksCombined,1%,0.99,1.01,1.0,10,What causes psoriasis?,1.0,1.0,1.0,1.6094,0.0161,10,6730804
1,D,CkksCombined,1%,0.99,1.01,1.0,10,Describe sepsis treatment,1.0,1.0,1.0,1.6434,0.017435,10,6697007
1,D,CkksCombined,1%,0.99,1.01,1.0,10,What are risk factors for cancer?,1.0,1.0,1.0,2.0253,0.00053,10,6911043
1,D,CkksCombined,1%,0.99,1.01,1.0,10,How is ALS diagnosed?,1.0,1.0,1.0,1.6094,0.011308,10,6838406
1,D,CkksCombined,5%,0.95,1.05,5.0,10,What are the symptoms of type 2 diabetes?,0.9,0.9513,1.0,2.0253,0.007879,10,6801475
1,D,CkksCombined,5%,0.95,1.05,5.0,10,How is hypertension treated?,1.0,1.0,0.9556,1.6094,0.007045,10,6401932
1,D,CkksCombined,5%,0.95,1.05,5.0,10,What causes heart failure?,1.0,1.0,1.0,2.0253,0.006763,10,6373016
1,D,CkksCombined,5%,0.95,1.05,5.0,10,Describe the symptoms of lupus,1.0,1.0,1.0,1.8867,0.014676,10,6516071
1,D,CkksCombined,5%,0.95,1.05,5.0,10,What medications treat depression?,1.0,1.0,1.0,2.0253,0.008069,10,6354048
1,D,CkksCombined,5%,0.95,1.05,5.0,10,How does Alzheimer's disease progress?,1.0,1.0,0.9556,1.973,0.01593,10,6662405
1,D,CkksCombined,5%,0.95,1.05,5.0,10,What are risk factors for stroke?,1.0,1.0,1.0,1.4185,0.007726,10,6881519
1,D,CkksCombined,5%,0.95,1.05,5.0,10,How is asthma managed long-term?,1.0,1.0,1.0,2.0253,0.006702,10,6544610
1,D,CkksCombined,5%,0.95,1.05,5.0,10,What are signs of kidney disease?,1.0,1.0,1.0,1.8344,0.006694,10,6502521
1,D,CkksCombined,5%,0.95,1.05,5.0,10,Describe rheumatoid arthritis treatment,1.0,1.0,1.0,1.8344,0.009093,10,6404582
1,D,CkksCombined,5%,0.95,1.05,5.0,10,What causes Parkinson's disease?,1.0,1.0,1.0,1.973,0.015122,10,6383287
1,D,CkksCombined,5%,0.95,1.05,5.0,10,How is multiple sclerosis diagnosed?,1.0,1.0,1.0,1.8344,0.01438,10,6345097
1,D,CkksCombined,5%,0.95,1.05,5.0,10,What are symptoms of anemia?,1.0,1.0,1.0,1.6957,0.018107,10,6337714
1,D,CkksCombined,5%,0.95,1.05,5.0,10,How is hypothyroidism treated?,1.0,1.0,0.9556,1.5048,0.014331,10,6337242
1,D,CkksCombined,5%,0.95,1.05,5.0,10,What causes chronic pain?,1.0,1.0,1.0,2.164,0.000771,10,6362368
1,D,CkksCombined,5%,0.95,1.05,5.0,10,Describe COPD management,1.0,1.0,1.0,1.2206,0.024908,10,6313493
1,D,CkksCombined,5%,0.95,1.05,5.0,10,What are signs of liver disease?,1.0,1.0,1.0,2.0253,0.001804,10,6391615
1,D,CkksCombined,5%,0.95,1.05,5.0,10,How is epilepsy treated?,1.0,1.0,1.0,1.3592,0.017327,10,6329285
1,D,CkksCombined,5%,0.95,1.05,5.0,10,What causes osteoporosis?,1.0,1.0,1.0,1.8344,0.014056,9,6553014
1,D,CkksCombined,5%,0.95,1.05,5.0,10,Describe symptoms of anxiety disorder,1.0,1.0,1.0,1.6094,0.014014,10,6486485
1,D,CkksCombined,5%,0.95,1.05,5.0,10,What medications are used for HIV/AIDS?,1.0,1.0,1.0,1.4979,0.009573,10,6513698
1,D,CkksCombined,5%,0.95,1.05,5.0,10,How is pneumonia diagnosed?,1.0,1.0,1.0,1.8344,0.007233,10,6544418
1,D,CkksCombined,5%,0.95,1.05,5.0,10,What causes inflammatory bowel disease?,1.0,1.0,0.9556,1.973,0.001529,10,6389946
1,D,CkksCombined,5%,0.95,1.05,5.0,10,Describe treatment for chronic kidney disease,1.0,1.0,1.0,1.3592,0.016767,10,6469787
1,D,CkksCombined,5%,0.95,1.05,5.0,10,What are symptoms of schizophrenia?,1.0,1.0,1.0,1.6957,0.010647,10,6377166
1,D,CkksCombined,5%,0.95,1.05,5.0,10,How is bipolar disorder managed?,1.0,1.0,0.8667,1.2799,0.016114,10,6510995
1,D,CkksCombined,5%,0.95,1.05,5.0,10,What causes psoriasis?,1.0,1.0,1.0,1.6094,0.016077,10,6464630
1,D,CkksCombined,5%,0.95,1.05,5.0,10,Describe sepsis treatment,1.0,1.0,1.0,1.6434,0.017285,10,6498207
1,D,CkksCombined,5%,0.95,1.05,5.0,10,What are risk factors for cancer?,1.0,1.0,0.9556,2.0253,0.000532,10,6477312
1,D,CkksCombined,5%,0.95,1.05,5.0,10,How is ALS diagnosed?,1.0,1.0,1.0,1.6094,0.011336,10,6554652
1,D,CkksCombined,10%,0.9,1.1,10.0,10,What are the symptoms of type 2 diabetes?,1.0,1.0,0.9556,1.8867,0.007723,10,6906902
1,D,CkksCombined,10%,0.9,1.1,10.0,10,How is hypertension treated?,1.0,1.0,1.0,1.8344,0.007015,10,6579655
1,D,CkksCombined,10%,0.9,1.1,10.0,10,What causes heart failure?,1.0,1.0,1.0,2.0253,0.00679,10,6698552
1,D,CkksCombined,10%,0.9,1.1,10.0,10,Describe the symptoms of lupus,1.0,1.0,1.0,2.164,0.014588,10,6561543
1,D,CkksCombined,10%,0.9,1.1,10.0,10,What medications treat depression?,1.0,1.0,1.0,2.0253,0.008049,10,6939837
1,D,CkksCombined,10%,0.9,1.1,10.0,10,How does Alzheimer's disease progress?,1.0,1.0,1.0,1.973,0.015864,10,6502154
1,D,CkksCombined,10%,0.9,1.1,10.0,10,What are risk factors for stroke?,1.0,1.0,1.0,1.2275,0.007714,10,6388535
1,D,CkksCombined,10%,0.9,1.1,10.0,10,How is asthma managed long-term?,1.0,1.0,1.0,2.164,0.006394,10,6300506
1,D,CkksCombined,10%,0.9,1.1,10.0,10,What are signs of kidney disease?,1.0,1.0,1.0,1.8344,0.006446,10,6400418
1,D,CkksCombined,10%,0.9,1.1,10.0,10,Describe rheumatoid arthritis treatment,1.0,1.0,1.0,1.8344,0.009217,10,6225752
1,D,CkksCombined,10%,0.9,1.1,10.0,10,What causes Parkinson's disease?,1.0,1.0,1.0,2.164,0.015008,10,6358546
1,D,CkksCombined,10%,0.9,1.1,10.0,10,How is multiple sclerosis diagnosed?,1.0,1.0,1.0,1.973,0.014412,10,6824159
1,D,CkksCombined,10%,0.9,1.1,10.0,10,What are symptoms of anemia?,1.0,1.0,1.0,1.8344,0.018132,10,7495185
1,D,CkksCombined,10%,0.9,1.1,10.0,10,How is hypothyroidism treated?,1.0,0.9999,0.9556,1.6434,0.013943,10,6652600
1,D,CkksCombined,10%,0.9,1.1,10.0,10,What causes chronic pain?,1.0,0.9999,0.9556,2.0253,0.00078,9,6561928
1,D,CkksCombined,10%,0.9,1.1,10.0,10,Describe COPD management,1.0,1.0,0.9556,1.2206,0.024864,10,6438051
1,D,CkksCombined,10%,0.9,1.1,10.0,10,What are signs of liver disease?,0.9,0.9463,1.0,2.0253,0.001808,10,6678435
1,D,CkksCombined,10%,0.9,1.1,10.0,10,How is epilepsy treated?,1.0,1.0,0.9556,1.3592,0.017493,10,6647448
1,D,CkksCombined,10%,0.9,1.1,10.0,10,What causes osteoporosis?,1.0,1.0,0.9556,1.8344,0.013781,10,6447430
1,D,CkksCombined,10%,0.9,1.1,10.0,10,Describe symptoms of anxiety disorder,1.0,1.0,1.0,1.8344,0.013654,10,6291713
1,D,CkksCombined,10%,0.9,1.1,10.0,10,What medications are used for HIV/AIDS?,1.0,1.0,0.9556,1.4979,0.009571,10,6476828
1,D,CkksCombined,10%,0.9,1.1,10.0,10,How is pneumonia diagnosed?,1.0,1.0,0.9111,1.7481,0.007196,10,6480827
1,D,CkksCombined,10%,0.9,1.1,10.0,10,What causes inflammatory bowel disease?,1.0,1.0,1.0,2.164,0.001517,10,6619675
1,D,CkksCombined,10%,0.9,1.1,10.0,10,Describe treatment for chronic kidney disease,1.0,1.0,0.9556,1.3592,0.016137,10,6628162
1,D,CkksCombined,10%,0.9,1.1,10.0,10,What are symptoms of schizophrenia?,1.0,1.0,0.9111,1.5048,0.010721,10,6798503
1,D,CkksCombined,10%,0.9,1.1,10.0,10,How is bipolar disorder managed?,1.0,1.0,0.9556,1.2799,0.015725,9,6483231
1,D,CkksCombined,10%,0.9,1.1,10.0,10,What causes psoriasis?,1.0,1.0,1.0,1.4185,0.01602,10,6674199
1,D,CkksCombined,10%,0.9,1.1,10.0,10,Describe sepsis treatment,1.0,1.0,0.9556,1.6434,0.017244,10,6523351
1,D,CkksCombined,10%,0.9,1.1,10.0,10,What are risk factors for cancer?,1.0,1.0,0.9556,1.973,0.000525,10,6558258
1,D,CkksCombined,10%,0.9,1.1,10.0,10,How is ALS diagnosed?,1.0,1.0,1.0,1.6094,0.01153,10,6443986
1,D,CkksCombined,20%,0.8,1.2,20.0,10,What are the symptoms of type 2 diabetes?,1.0,1.0,1.0,1.8867,0.007618,10,6563074
1,D,CkksCombined,20%,0.8,1.2,20.0,10,How is hypertension treated?,1.0,0.9999,0.9111,1.8344,0.006786,10,6505847
1,D,CkksCombined,20%,0.8,1.2,20.0,10,What causes heart failure?,1.0,1.0,1.0,2.164,0.006109,10,6549352
1,D,CkksCombined,20%,0.8,1.2,20.0,10,Describe the symptoms of lupus,1.0,1.0,1.0,1.8867,0.013734,10,6559200
1,D,CkksCombined,20%,0.8,1.2,20.0,10,What medications treat depression?,1.0,1.0,1.0,2.0253,0.00773,10,6328338
1,D,CkksCombined,20%,0.8,1.2,20.0,10,How does Alzheimer's disease progress?,1.0,1.0,1.0,1.973,0.014882,10,6278646
1,D,CkksCombined,20%,0.8,1.2,20.0,10,What are risk factors for stroke?,0.9,0.946,0.9444,1.4185,0.007168,10,6996286
1,D,CkksCombined,20%,0.8,1.2,20.0,10,How is asthma managed long-term?,1.0,1.0,0.9556,1.973,0.006428,10,6688004
1,D,CkksCombined,20%,0.8,1.2,20.0,10,What are signs of kidney disease?,1.0,0.9999,0.9111,1.8867,0.006552,10,7029434
1,D,CkksCombined,20%,0.8,1.2,20.0,10,Describe rheumatoid arthritis treatment,1.0,1.0,1.0,1.8344,0.00882,10,6664584
1,D,CkksCombined,20%,0.8,1.2,20.0,10,What causes Parkinson's disease?,1.0,1.0,1.0,1.973,0.01395,10,6490180
1,D,CkksCombined,20%,0.8,1.2,20.0,10,How is multiple sclerosis diagnosed?,1.0,1.0,1.0,1.973,0.013013,10,7058160
1,D,CkksCombined,20%,0.8,1.2,20.0,10,What are symptoms of anemia?,1.0,1.0,0.9111,1.8344,0.015923,10,6536357
1,D,CkksCombined,20%,0.8,1.2,20.0,10,How is hypothyroidism treated?,1.0,1.0,0.9556,1.6434,0.013239,10,6620954
1,D,CkksCombined,20%,0.8,1.2,20.0,10,What causes chronic pain?,1.0,0.9999,0.8667,1.973,0.000714,10,6455056
1,D,CkksCombined,20%,0.8,1.2,20.0,10,Describe COPD management,1.0,1.0,1.0,1.3592,0.023269,10,6388929
1,D,CkksCombined,20%,0.8,1.2,20.0,10,What are signs of liver disease?,0.9,0.9463,1.0,2.0253,0.001824,10,6427445
1,D,CkksCombined,20%,0.8,1.2,20.0,10,How is epilepsy treated?,1.0,1.0,0.9556,1.3592,0.016625,10,6511734
1,D,CkksCombined,20%,0.8,1.2,20.0,10,What causes osteoporosis?,1.0,1.0,0.9556,1.8344,0.013616,10,6194937
1,D,CkksCombined,20%,0.8,1.2,20.0,10,Describe symptoms of anxiety disorder,1.0,1.0,0.9556,1.4708,0.013069,10,6275798
1,D,CkksCombined,20%,0.8,1.2,20.0,10,What medications are used for HIV/AIDS?,1.0,1.0,0.9556,1.4979,0.00884,10,6243954
1,D,CkksCombined,20%,0.8,1.2,20.0,10,How is pneumonia diagnosed?,0.9,0.9473,1.0,1.8344,0.007085,9,6235781
1,D,CkksCombined,20%,0.8,1.2,20.0,10,What causes inflammatory bowel disease?,0.9,0.9465,1.0,2.0253,0.001546,10,6248807
1,D,CkksCombined,20%,0.8,1.2,20.0,10,Describe treatment for chronic kidney disease,1.0,1.0,1.0,1.3592,0.016651,10,6214442
1,D,CkksCombined,20%,0.8,1.2,20.0,10,What are symptoms of schizophrenia?,1.0,1.0,0.9111,1.6957,0.009935,10,6362945
1,D,CkksCombined,20%,0.8,1.2,20.0,10,How is bipolar disorder managed?,1.0,1.0,0.9111,1.4708,0.014657,10,6589114
1,D,CkksCombined,20%,0.8,1.2,20.0,10,What causes psoriasis?,1.0,1.0,0.9556,1.6094,0.015021,10,6376879
1,D,CkksCombined,20%,0.8,1.2,20.0,10,Describe sepsis treatment,1.0,1.0,1.0,1.6434,0.016596,10,6364258
1,D,CkksCombined,20%,0.8,1.2,20.0,10,What are risk factors for cancer?,1.0,0.9999,0.8222,2.164,0.000583,10,6303725
1,D,CkksCombined,20%,0.8,1.2,20.0,10,How is ALS diagnosed?,1.0,1.0,1.0,1.6094,0.010411,10,7200681
1,D,CkksCombined,30%,0.7,1.3,30.0,10,What are the symptoms of type 2 diabetes?,1.0,1.0,1.0,2.164,0.006849,10,6344712
1,D,CkksCombined,30%,0.7,1.3,30.0,10,How is hypertension treated?,1.0,0.9999,0.9111,1.8344,0.006615,10,6220957
1,D,CkksCombined,30%,0.7,1.3,30.0,10,What causes heart failure?,1.0,0.9999,0.9556,1.8867,0.006028,10,6620584
1,D,CkksCombined,30%,0.7,1.3,30.0,10,Describe the symptoms of lupus,0.9,0.954,0.9444,2.0253,0.013571,10,6333839
1,D,CkksCombined,30%,0.7,1.3,30.0,10,What medications treat depression?,1.0,1.0,1.0,2.0253,0.007285,10,6652174
1,D,CkksCombined,30%,0.7,1.3,30.0,10,How does Alzheimer's disease progress?,1.0,1.0,0.9556,1.973,0.014403,10,6813636
1,D,CkksCombined,30%,0.7,1.3,30.0,10,What are risk factors for stroke?,0.9,0.94,0.8333,1.2275,0.006785,10,7159852
1,D,CkksCombined,30%,0.7,1.3,30.0,10,How is asthma managed long-term?,1.0,0.9999,0.9111,1.973,0.005952,10,6762839
1,D,CkksCombined,30%,0.7,1.3,30.0,10,What are signs of kidney disease?,1.0,1.0,0.9556,1.6094,0.005513,10,7270632
1,D,CkksCombined,30%,0.7,1.3,30.0,10,Describe rheumatoid arthritis treatment,1.0,0.9999,0.9556,1.973,0.007979,10,6591969
1,D,CkksCombined,30%,0.7,1.3,30.0,10,What causes Parkinson's disease?,1.0,1.0,1.0,2.0253,0.012835,10,6667273
1,D,CkksCombined,30%,0.7,1.3,30.0,10,How is multiple sclerosis diagnosed?,1.0,1.0,1.0,1.8344,0.012122,10,6562319
1,D,CkksCombined,30%,0.7,1.3,30.0,10,What are symptoms of anemia?,1.0,1.0,1.0,1.6957,0.015643,10,6641662
1,D,CkksCombined,30%,0.7,1.3,30.0,10,How is hypothyroidism treated?,1.0,0.9999,0.9556,1.5048,0.012688,10,6314931
1,D,CkksCombined,30%,0.7,1.3,30.0,10,What causes chronic pain?,0.9,0.9425,0.8333,1.973,0.000673,10,6778992
1,D,CkksCombined,30%,0.7,1.3,30.0,10,Describe COPD management,1.0,1.0,0.9556,1.2206,0.022157,10,6578355
1,D,CkksCombined,30%,0.7,1.3,30.0,10,What are signs of liver disease?,1.0,0.9998,0.9111,2.164,0.00149,10,7765199
1,D,CkksCombined,30%,0.7,1.3,30.0,10,How is epilepsy treated?,1.0,1.0,1.0,1.3592,0.015692,10,6491925
1,D,CkksCombined,30%,0.7,1.3,30.0,10,What causes osteoporosis?,1.0,0.9999,0.9111,1.8344,0.012687,10,6678250
1,D,CkksCombined,30%,0.7,1.3,30.0,10,Describe symptoms of anxiety disorder,0.9,0.9507,1.0,1.4708,0.013077,10,6745008
1,D,CkksCombined,30%,0.7,1.3,30.0,10,What medications are used for HIV/AIDS?,1.0,0.9999,0.9111,1.4979,0.009122,10,6353682
1,D,CkksCombined,30%,0.7,1.3,30.0,10,How is pneumonia diagnosed?,1.0,1.0,0.9111,1.6957,0.006041,10,6246731
1,D,CkksCombined,30%,0.7,1.3,30.0,10,What causes inflammatory bowel disease?,0.9,0.9464,0.8889,2.164,0.001339,10,6460948
1,D,CkksCombined,30%,0.7,1.3,30.0,10,Describe treatment for chronic kidney disease,1.0,1.0,1.0,1.4708,0.015033,10,6196522
1,D,CkksCombined,30%,0.7,1.3,30.0,10,What are symptoms of schizophrenia?,0.9,0.9491,0.9444,1.5048,0.010127,10,6398896
1,D,CkksCombined,30%,0.7,1.3,30.0,10,How is bipolar disorder managed?,1.0,1.0,0.8667,1.2799,0.014432,10,6141674
1,D,CkksCombined,30%,0.7,1.3,30.0,10,What causes psoriasis?,1.0,1.0,0.9111,1.6094,0.015637,10,6559807
1,D,CkksCombined,30%,0.7,1.3,30.0,10,Describe sepsis treatment,1.0,0.9999,0.8667,1.6434,0.015664,10,6527891
1,D,CkksCombined,30%,0.7,1.3,30.0,10,What are risk factors for cancer?,0.9,0.9396,0.7778,2.164,0.000391,10,6890830
1,D,CkksCombined,30%,0.7,1.3,30.0,10,How is ALS diagnosed?,0.9,0.9518,1.0,1.6094,0.010062,10,6469694
1,D,CkksCombined,50%,0.5,1.5,50.0,10,What are the symptoms of type 2 diabetes?,0.9,0.9513,1.0,1.8867,0.005043,10,6428568
1,D,CkksCombined,50%,0.5,1.5,50.0,10,How is hypertension treated?,0.9,0.9528,1.0,1.973,0.005258,10,6347572
1,D,CkksCombined,50%,0.5,1.5,50.0,10,What causes heart failure?,1.0,1.0,0.9556,2.0253,0.004522,10,6414798
1,D,CkksCombined,50%,0.5,1.5,50.0,10,Describe the symptoms of lupus,0.8,0.9045,0.8571,2.0253,0.010063,10,6370375
1,D,CkksCombined,50%,0.5,1.5,50.0,10,What medications treat depression?,1.0,0.9999,0.9556,2.0253,0.005545,10,6140398
1,D,CkksCombined,50%,0.5,1.5,50.0,10,How does Alzheimer's disease progress?,1.0,1.0,0.9111,1.8344,0.011821,10,6477642
1,D,CkksCombined,50%,0.5,1.5,50.0,10,What are risk factors for stroke?,0.9,0.9437,0.8889,1.0889,0.005391,10,6443143
1,D,CkksCombined,50%,0.5,1.5,50.0,10,How is asthma managed long-term?,0.9,0.9552,0.9444,1.8344,0.00471,10,6730072
1,D,CkksCombined,50%,0.5,1.5,50.0,10,What are signs of kidney disease?,1.0,0.9992,0.9556,1.6094,0.004316,10,6474852
1,D,CkksCombined,50%,0.5,1.5,50.0,10,Describe rheumatoid arthritis treatment,0.9,0.9566,1.0,1.8344,0.006982,10,6500439
1,D,CkksCombined,50%,0.5,1.5,50.0,10,What causes Parkinson's disease?,1.0,1.0,0.9556,1.973,0.011383,10,6860632
1,D,CkksCombined,50%,0.5,1.5,50.0,10,How is multiple sclerosis diagnosed?,1.0,0.9999,0.9111,1.973,0.010352,10,7393391
1,D,CkksCombined,50%,0.5,1.5,50.0,10,What are symptoms of anemia?,1.0,0.9999,0.9556,1.6094,0.011149,10,8643311
1,D,CkksCombined,50%,0.5,1.5,50.0,10,How is hypothyroidism treated?,1.0,0.9983,0.8667,1.8344,0.009241,10,7955567
1,D,CkksCombined,50%,0.5,1.5,50.0,10,What causes chronic pain?,1.0,0.9997,0.8222,2.0253,0.000589,10,7674913
1,D,CkksCombined,50%,0.5,1.5,50.0,10,Describe COPD management,1.0,1.0,0.9556,1.2206,0.016244,10,6458293
1,D,CkksCombined,50%,0.5,1.5,50.0,10,What are signs of liver disease?,0.9,0.9462,0.8889,1.7481,0.001491,10,6545901
1,D,CkksCombined,50%,0.5,1.5,50.0,10,How is epilepsy treated?,1.0,1.0,1.0,1.3592,0.012379,10,6561359
1,D,CkksCombined,50%,0.5,1.5,50.0,10,What causes osteoporosis?,1.0,0.9999,0.9556,1.6957,0.009601,10,6571150
1,D,CkksCombined,50%,0.5,1.5,50.0,10,Describe symptoms of anxiety disorder,1.0,0.9999,0.8667,1.5048,0.009715,10,6360971
1,D,CkksCombined,50%,0.5,1.5,50.0,10,What medications are used for HIV/AIDS?,1.0,0.9999,0.8667,1.7481,0.006549,10,6440562
1,D,CkksCombined,50%,0.5,1.5,50.0,10,How is pneumonia diagnosed?,0.9,0.9388,0.8889,1.4979,0.005154,10,6236651
1,D,CkksCombined,50%,0.5,1.5,50.0,10,What causes inflammatory bowel disease?,0.9,0.9463,0.8333,2.0253,0.000852,10,6454087
1,D,CkksCombined,50%,0.5,1.5,50.0,10,Describe treatment for chronic kidney disease,0.9,0.9537,0.8333,1.4708,0.011232,10,6378894
1,D,CkksCombined,50%,0.5,1.5,50.0,10,What are symptoms of schizophrenia?,0.9,0.9487,0.9444,1.5048,0.00736,10,6316346
1,D,CkksCombined,50%,0.5,1.5,50.0,10,How is bipolar disorder managed?,1.0,0.9991,0.9111,1.4708,0.010946,10,6360979
1,D,CkksCombined,50%,0.5,1.5,50.0,10,What causes psoriasis?,1.0,0.9999,0.9111,1.6434,0.011518,10,6284160
1,D,CkksCombined,50%,0.5,1.5,50.0,10,Describe sepsis treatment,1.0,1.0,0.9111,1.5048,0.011538,10,6273472
1,D,CkksCombined,50%,0.5,1.5,50.0,10,What are risk factors for cancer?,1.0,0.9984,0.6,2.0253,0.000395,10,6404383
1,D,CkksCombined,50%,0.5,1.5,50.0,10,How is ALS diagnosed?,0.9,0.9518,0.9444,1.6957,0.00772,10,6692105
1,D,CkksCombined,70%,0.3,1.7,70.0,10,What are the symptoms of type 2 diabetes?,1.0,0.9999,0.9556,1.8867,0.00389,10,7059178
1,D,CkksCombined,70%,0.3,1.7,70.0,10,How is hypertension treated?,1.0,0.9997,0.8667,1.8867,0.003371,10,6465802
1,D,CkksCombined,70%,0.3,1.7,70.0,10,What causes heart failure?,0.8,0.8979,0.9286,2.0253,0.002456,10,6851192
1,D,CkksCombined,70%,0.3,1.7,70.0,10,Describe the symptoms of lupus,0.9,0.9459,0.8889,1.8344,0.006318,10,6404614
1,D,CkksCombined,70%,0.3,1.7,70.0,10,What medications treat depression?,1.0,1.0,1.0,2.164,0.003167,10,6683831
1,D,CkksCombined,70%,0.3,1.7,70.0,10,How does Alzheimer's disease progress?,1.0,1.0,0.8667,2.0253,0.007318,10,6666810
1,D,CkksCombined,70%,0.3,1.7,70.0,10,What are risk factors for stroke?,0.9,0.9441,0.3889,1.4185,0.003315,10,7135143
1,D,CkksCombined,70%,0.3,1.7,70.0,10,How is asthma managed long-term?,0.9,0.9556,0.9444,2.0253,0.002556,10,6761838
1,D,CkksCombined,70%,0.3,1.7,70.0,10,What are signs of kidney disease?,1.0,0.9998,0.8222,1.973,0.002621,10,7094407
1,D,CkksCombined,70%,0.3,1.7,70.0,10,Describe rheumatoid arthritis treatment,1.0,1.0,0.9556,1.973,0.004023,9,6693347
1,D,CkksCombined,70%,0.3,1.7,70.0,10,What causes Parkinson's disease?,0.9,0.9575,0.9444,1.973,0.007082,10,6828041
1,D,CkksCombined,70%,0.3,1.7,70.0,10,How is multiple sclerosis diagnosed?,1.0,1.0,1.0,1.8344,0.005595,10,6530897
1,D,CkksCombined,70%,0.3,1.7,70.0,10,What are symptoms of anemia?,0.9,0.9533,0.9444,1.8344,0.007221,10,6803956
1,D,CkksCombined,70%,0.3,1.7,70.0,10,How is hypothyroidism treated?,0.9,0.9507,0.7222,1.6434,0.006249,10,7278224
1,D,CkksCombined,70%,0.3,1.7,70.0,10,What causes chronic pain?,1.0,0.9999,0.8667,2.0253,0.000392,10,6906897
1,D,CkksCombined,70%,0.3,1.7,70.0,10,Describe COPD management,0.9,0.9544,0.8889,1.3592,0.010936,10,6503462
1,D,CkksCombined,70%,0.3,1.7,70.0,10,What are signs of liver disease?,0.9,0.9461,0.8889,2.164,0.000921,10,6419087
1,D,CkksCombined,70%,0.3,1.7,70.0,10,How is epilepsy treated?,0.9,0.959,0.8889,1.3592,0.007132,10,6545845
1,D,CkksCombined,70%,0.3,1.7,70.0,10,What causes osteoporosis?,1.0,0.9993,0.6889,1.4979,0.006194,10,6558901
1,D,CkksCombined,70%,0.3,1.7,70.0,10,Describe symptoms of anxiety disorder,0.9,0.9506,0.8889,1.6957,0.006482,10,6345646
1,D,CkksCombined,70%,0.3,1.7,70.0,10,What medications are used for HIV/AIDS?,1.0,0.9998,0.8222,1.4979,0.003393,10,6596227
1,D,CkksCombined,70%,0.3,1.7,70.0,10,How is pneumonia diagnosed?,0.9,0.9451,1.0,1.6434,0.003188,10,6339514
1,D,CkksCombined,70%,0.3,1.7,70.0,10,What causes inflammatory bowel disease?,0.9,0.9404,0.6111,2.0253,0.000723,10,6440216
1,D,CkksCombined,70%,0.3,1.7,70.0,10,Describe treatment for chronic kidney disease,0.9,0.957,0.9444,1.6094,0.00637,10,6532117
1,D,CkksCombined,70%,0.3,1.7,70.0,10,What are symptoms of schizophrenia?,0.9,0.9461,0.6111,1.6434,0.005448,10,7120600
1,D,CkksCombined,70%,0.3,1.7,70.0,10,How is bipolar disorder managed?,1.0,1.0,0.9111,1.6957,0.007886,10,6686462
1,D,CkksCombined,70%,0.3,1.7,70.0,10,What causes psoriasis?,1.0,1.0,0.9111,1.6957,0.007219,10,6923882
1,D,CkksCombined,70%,0.3,1.7,70.0,10,Describe sepsis treatment,1.0,0.9999,0.9111,1.6434,0.008927,10,6705736
1,D,CkksCombined,70%,0.3,1.7,70.0,10,What are risk factors for cancer?,0.9,0.9272,0.7778,1.6957,0.000322,10,7070578
1,D,CkksCombined,70%,0.3,1.7,70.0,10,How is ALS diagnosed?,0.9,0.9443,0.9444,1.7481,0.004122,10,6843690
2,D,Noise,1%,0.99,1.01,1.0,10,What are the symptoms of type 2 diabetes?,1.0,1.0,1.0,2.164,0.007889,10,12257
2,D,Noise,1%,0.99,1.01,1.0,10,How is hypertension treated?,1.0,1.0,1.0,1.6094,0.007061,10,12210
2,D,Noise,1%,0.99,1.01,1.0,10,What causes heart failure?,1.0,1.0,1.0,2.0253,0.006829,10,12860
2,D,Noise,1%,0.99,1.01,1.0,10,Describe the symptoms of lupus,1.0,1.0,1.0,2.0253,0.014672,10,13045
2,D,Noise,1%,0.99,1.01,1.0,10,What medications treat depression?,1.0,1.0,1.0,2.164,0.0081,10,12770
2,D,Noise,1%,0.99,1.01,1.0,10,How does Alzheimer's disease progress?,1.0,1.0,1.0,1.973,0.015899,10,12594
2,D,Noise,1%,0.99,1.01,1.0,10,What are risk factors for stroke?,1.0,1.0,1.0,1.4185,0.007755,10,13561
2,D,Noise,1%,0.99,1.01,1.0,10,How is asthma managed long-term?,1.0,1.0,1.0,2.164,0.006701,10,11843
2,D,Noise,1%,0.99,1.01,1.0,10,What are signs of kidney disease?,1.0,1.0,1.0,1.8344,0.006669,10,10483
2,D,Noise,1%,0.99,1.01,1.0,10,Describe rheumatoid arthritis treatment,1.0,1.0,1.0,1.8344,0.009177,10,12153
2,D,Noise,1%,0.99,1.01,1.0,10,What causes Parkinson's disease?,1.0,1.0,1.0,1.973,0.015137,10,10618
2,D,Noise,1%,0.99,1.01,1.0,10,How is multiple sclerosis diagnosed?,1.0,1.0,1.0,1.8344,0.01434,10,13565
2,D,Noise,1%,0.99,1.01,1.0,10,What are symptoms of anemia?,1.0,1.0,1.0,1.6957,0.018108,10,13285
2,D,Noise,1%,0.99,1.01,1.0,10,How is hypothyroidism treated?,1.0,1.0,1.0,1.5048,0.014425,10,13806
2,D,Noise,1%,0.99,1.01,1.0,10,What causes chronic pain?,1.0,1.0,1.0,2.164,0.000761,10,13312
2,D,Noise,1%,0.99,1.01,1.0,10,Describe COPD management,1.0,1.0,1.0,1.2206,0.024968,10,12389
2,D,Noise,1%,0.99,1.01,1.0,10,What are signs of liver disease?,1.0,1.0,1.0,2.0253,0.001764,10,12994
2,D,Noise,1%,0.99,1.01,1.0,10,How is epilepsy treated?,1.0,1.0,1.0,1.3592,0.017398,10,16315
2,D,Noise,1%,0.99,1.01,1.0,10,What causes osteoporosis?,1.0,1.0,1.0,1.8344,0.014117,10,15851
2,D,Noise,1%,0.99,1.01,1.0,10,Describe symptoms of anxiety disorder,1.0,1.0,1.0,1.6094,0.013895,10,14061
2,D,Noise,1%,0.99,1.01,1.0,10,What medications are used for HIV/AIDS?,1.0,1.0,1.0,1.4979,0.009658,10,14998
2,D,Noise,1%,0.99,1.01,1.0,10,How is pneumonia diagnosed?,1.0,1.0,1.0,1.8344,0.007189,10,14297
2,D,Noise,1%,0.99,1.01,1.0,10,What causes inflammatory bowel disease?,1.0,1.0,0.9556,1.973,0.001508,9,16017
2,D,Noise,1%,0.99,1.01,1.0,10,Describe treatment for chronic kidney disease,1.0,1.0,1.0,1.3592,0.01661,10,12257
2,D,Noise,1%,0.99,1.01,1.0,10,What are symptoms of schizophrenia?,1.0,1.0,1.0,1.4185,0.010829,10,13925
2,D,Noise,1%,0.99,1.01,1.0,10,How is bipolar disorder managed?,1.0,1.0,0.9556,1.4708,0.016104,10,14781
2,D,Noise,1%,0.99,1.01,1.0,10,What causes psoriasis?,1.0,1.0,1.0,1.6094,0.016069,10,13895
2,D,Noise,1%,0.99,1.01,1.0,10,Describe sepsis treatment,1.0,1.0,1.0,1.6434,0.01741,10,14744
2,D,Noise,1%,0.99,1.01,1.0,10,What are risk factors for cancer?,1.0,1.0,1.0,1.8867,0.000539,10,13237
2,D,Noise,1%,0.99,1.01,1.0,10,How is ALS diagnosed?,1.0,1.0,1.0,1.6094,0.011344,10,11709
2,D,Noise,5%,0.95,1.05,5.0,10,What are the symptoms of type 2 diabetes?,1.0,1.0,0.9556,2.0253,0.007902,10,29007
2,D,Noise,5%,0.95,1.05,5.0,10,How is hypertension treated?,1.0,1.0,1.0,1.6094,0.006989,10,28016
2,D,Noise,5%,0.95,1.05,5.0,10,What causes heart failure?,1.0,1.0,1.0,2.0253,0.006818,10,27361
2,D,Noise,5%,0.95,1.05,5.0,10,Describe the symptoms of lupus,1.0,1.0,1.0,2.0253,0.014514,10,26833
2,D,Noise,5%,0.95,1.05,5.0,10,What medications treat depression?,1.0,1.0,1.0,2.164,0.008066,10,28542
2,D,Noise,5%,0.95,1.05,5.0,10,How does Alzheimer's disease progress?,1.0,1.0,1.0,1.973,0.015796,9,27542
2,D,Noise,5%,0.95,1.05,5.0,10,What are risk factors for stroke?,1.0,1.0,0.9556,1.4185,0.007692,10,29367
2,D,Noise,5%,0.95,1.05,5.0,10,How is asthma managed long-term?,1.0,1.0,1.0,2.164,0.00663,10,28922
2,D,Noise,5%,0.95,1.05,5.0,10,What are signs of kidney disease?,1.0,1.0,1.0,1.8344,0.006652,10,29007
2,D,Noise,5%,0.95,1.05,5.0,10,Describe rheumatoid arthritis treatment,1.0,1.0,1.0,1.8344,0.009157,10,27584
2,D,Noise,5%,0.95,1.05,5.0,10,What causes Parkinson's disease?,1.0,1.0,1.0,1.973,0.015124,10,28483
2,D,Noise,5%,0.95,1.05,5.0,10,How is multiple sclerosis diagnosed?,1.0,1.0,1.0,1.8344,0.014197,10,30104
2,D,Noise,5%,0.95,1.05,5.0,10,What are symptoms of anemia?,1.0,1.0,1.0,1.6957,0.017939,10,26551
2,D,Noise,5%,0.95,1.05,5.0,10,How is hypothyroidism treated?,1.0,1.0,1.0,1.5048,0.014433,10,28917
2,D,Noise,5%,0.95,1.05,5.0,10,What causes chronic pain?,1.0,1.0,0.9556,2.164,0.000775,10,28699
2,D,Noise,5%,0.95,1.05,5.0,10,Describe COPD management,1.0,1.0,1.0,1.2206,0.024869,10,26389
2,D,Noise,5%,0.95,1.05,5.0,10,What are signs of liver disease?,1.0,1.0,1.0,2.0253,0.00174,10,28777
2,D,Noise,5%,0.95,1.05,5.0,10,How is epilepsy treated?,1.0,1.0,1.0,1.3592,0.01745,10,27737
2,D,Noise,5%,0.95,1.05,5.0,10,What causes osteoporosis?,1.0,1.0,0.9556,1.7481,0.014148,10,29351
2,D,Noise,5%,0.95,1.05,5.0,10,Describe symptoms of anxiety disorder,1.0,1.0,1.0,1.6094,0.013839,10,28409
2,D,Noise,5%,0.95,1.05,5.0,10,What medications are used for HIV/AIDS?,1.0,1.0,1.0,1.4979,0.009714,10,29231
2,D,Noise,5%,0.95,1.05,5.0,10,How is pneumonia diagnosed?,1.0,1.0,0.9556,1.8344,0.007101,9,30863
2,D,Noise,5%,0.95,1.05,5.0,10,What causes inflammatory bowel disease?,1.0,1.0,1.0,2.164,0.001528,10,29999
2,D,Noise,5%,0.95,1.05,5.0,10,Describe treatment for chronic kidney disease,1.0,1.0,1.0,1.3592,0.016523,10,28753
2,D,Noise,5%,0.95,1.05,5.0,10,What are symptoms of schizophrenia?,1.0,1.0,1.0,1.4185,0.010803,10,28889
2,D,Noise,5%,0.95,1.05,5.0,10,How is bipolar disorder managed?,1.0,1.0,1.0,1.4708,0.016041,10,31753
2,D,Noise,5%,0.95,1.05,5.0,10,What causes psoriasis?,1.0,1.0,1.0,1.4185,0.016019,10,24352
2,D,Noise,5%,0.95,1.05,5.0,10,Describe sepsis treatment,1.0,1.0,0.9556,1.6434,0.017591,10,24391
2,D,Noise,5%,0.95,1.05,5.0,10,What are risk factors for cancer?,1.0,1.0,1.0,1.973,0.00054,10,17319
2,D,Noise,5%,0.95,1.05,5.0,10,How is ALS diagnosed?,1.0,1.0,1.0,1.6094,0.011336,10,15025
2,D,Noise,10%,0.9,1.1,10.0,10,What are the symptoms of type 2 diabetes?,0.9,0.9513,1.0,2.0253,0.007667,10,26486
2,D,Noise,10%,0.9,1.1,10.0,10,How is hypertension treated?,1.0,1.0,1.0,1.8344,0.007114,10,24862
2,D,Noise,10%,0.9,1.1,10.0,10,What causes heart failure?,1.0,1.0,1.0,2.0253,0.006802,10,26022
2,D,Noise,10%,0.9,1.1,10.0,10,Describe the symptoms of lupus,1.0,1.0,1.0,2.0253,0.014455,10,25748
2,D,Noise,10%,0.9,1.1,10.0,10,What medications treat depression?,1.0,1.0,1.0,2.164,0.00809,10,26797
2,D,Noise,10%,0.9,1.1,10.0,10,How does Alzheimer's disease progress?,1.0,1.0,1.0,1.973,0.01582,10,27490
2,D,Noise,10%,0.9,1.1,10.0,10,What are risk factors for stroke?,0.9,0.9461,1.0,1.3592,0.00746,10,27532
2,D,Noise,10%,0.9,1.1,10.0,10,How is asthma managed long-term?,1.0,1.0,1.0,1.8867,0.006562,10,26942
2,D,Noise,10%,0.9,1.1,10.0,10,What are signs of kidney disease?,1.0,1.0,1.0,1.6094,0.006511,10,25204
2,D,Noise,10%,0.9,1.1,10.0,10,Describe rheumatoid arthritis treatment,1.0,1.0,1.0,1.8344,0.009042,10,24676
2,D,Noise,10%,0.9,1.1,10.0,10,What causes Parkinson's disease?,1.0,1.0,1.0,1.973,0.01502,10,26387
2,D,Noise,10%,0.9,1.1,10.0,10,How is multiple sclerosis diagnosed?,1.0,1.0,1.0,1.8344,0.014223,10,25672
2,D,Noise,10%,0.9,1.1,10.0,10,What are symptoms of anemia?,1.0,1.0,0.9556,1.6957,0.018426,10,26267
2,D,Noise,10%,0.9,1.1,10.0,10,How is hypothyroidism treated?,1.0,1.0,1.0,1.5048,0.014279,10,25941
2,D,Noise,10%,0.9,1.1,10.0,10,What causes chronic pain?,1.0,1.0,1.0,2.0253,0.00076,10,23483
2,D,Noise,10%,0.9,1.1,10.0,10,Describe COPD management,1.0,1.0,1.0,1.2206,0.024377,10,25276
2,D,Noise,10%,0.9,1.1,10.0,10,What are signs of liver disease?,1.0,1.0,1.0,2.0253,0.001739,10,23385
2,D,Noise,10%,0.9,1.1,10.0,10,How is epilepsy treated?,1.0,1.0,1.0,1.3592,0.017324,10,26231
2,D,Noise,10%,0.9,1.1,10.0,10,What causes osteoporosis?,1.0,1.0,1.0,1.8344,0.013534,9,26823
2,D,Noise,10%,0.9,1.1,10.0,10,Describe symptoms of anxiety disorder,1.0,1.0,0.9556,1.4708,0.013861,10,31004
2,D,Noise,10%,0.9,1.1,10.0,10,What medications are used for HIV/AIDS?,1.0,1.0,1.0,1.4979,0.009439,10,27469
2,D,Noise,10%,0.9,1.1,10.0,10,How is pneumonia diagnosed?,1.0,1.0,1.0,1.6094,0.007038,10,24628
2,D,Noise,10%,0.9,1.1,10.0,10,What causes inflammatory bowel disease?,1.0,0.9999,0.9111,2.164,0.001433,10,25044
2,D,Noise,10%,0.9,1.1,10.0,10,Describe treatment for chronic kidney disease,1.0,1.0,0.9556,1.3592,0.016439,10,23691
2,D,Noise,10%,0.9,1.1,10.0,10,What are symptoms of schizophrenia?,0.9,0.9491,1.0,1.6434,0.010767,9,24777
2,D,Noise,10%,0.9,1.1,10.0,10,How is bipolar disorder managed?,1.0,1.0,0.8667,1.4708,0.016009,10,25788
2,D,Noise,10%,0.9,1.1,10.0,10,What causes psoriasis?,1.0,1.0,1.0,1.6094,0.015868,10,26086
2,D,Noise,10%,0.9,1.1,10.0,10,Describe sepsis treatment,1.0,1.0,0.9556,1.6434,0.017148,9,22909
2,D,Noise,10%,0.9,1.1,10.0,10,What are risk factors for cancer?,1.0,1.0,1.0,2.0253,0.000537,10,23858
2,D,Noise,10%,0.9,1.1,10.0,10,How is ALS diagnosed?,1.0,1.0,0.9556,1.6094,0.011136,10,25059
2,D,Noise,20%,0.8,1.2,20.0,10,What are the symptoms of type 2 diabetes?,0.9,0.9513,1.0,2.0253,0.007423,10,26137
2,D,Noise,20%,0.8,1.2,20.0,10,How is hypertension treated?,0.9,0.9528,0.9444,1.6094,0.006854,10,25128
2,D,Noise,20%,0.8,1.2,20.0,10,What causes heart failure?,1.0,1.0,0.9556,1.8867,0.006176,10,25224
2,D,Noise,20%,0.8,1.2,20.0,10,Describe the symptoms of lupus,1.0,1.0,1.0,1.8867,0.013451,10,25814
2,D,Noise,20%,0.8,1.2,20.0,10,What medications treat depression?,1.0,1.0,1.0,2.164,0.007365,10,27770
2,D,Noise,20%,0.8,1.2,20.0,10,How does Alzheimer's disease progress?,1.0,1.0,0.9111,1.973,0.015135,10,26319
2,D,Noise,20%,0.8,1.2,20.0,10,What are risk factors for stroke?,1.0,1.0,1.0,1.4185,0.007272,9,27821
2,D,Noise,20%,0.8,1.2,20.0,10,How is asthma managed long-term?,1.0,1.0,1.0,2.164,0.006337,10,26017
2,D,Noise,20%,0.8,1.2,20.0,10,What are signs of kidney disease?,1.0,0.9998,0.8667,1.6094,0.006793,10,25834
2,D,Noise,20%,0.8,1.2,20.0,10,Describe rheumatoid arthritis treatment,1.0,1.0,0.9556,1.8344,0.008815,10,26396
2,D,Noise,20%,0.8,1.2,20.0,10,What causes Parkinson's disease?,1.0,1.0,0.9556,1.973,0.014525,10,28467
2,D,Noise,20%,0.8,1.2,20.0,10,How is multiple sclerosis diagnosed?,1.0,1.0,0.9556,1.973,0.013425,10,25285
2,D,Noise,20%,0.8,1.2,20.0,10,What are symptoms of anemia?,1.0,0.9992,0.9556,1.8867,0.016947,10,26382
2,D,Noise,20%,0.8,1.2,20.0,10,How is hypothyroidism treated?,1.0,1.0,1.0,1.5048,0.014206,10,26026
2,D,Noise,20%,0.8,1.2,20.0,10,What causes chronic pain?,1.0,1.0,0.9111,2.164,0.000621,10,25799
2,D,Noise,20%,0.8,1.2,20.0,10,Describe COPD management,1.0,1.0,1.0,1.3592,0.023931,10,25037
2,D,Noise,20%,0.8,1.2,20.0,10,What are signs of liver disease?,0.9,0.9461,0.8889,1.8867,0.001535,10,27211
2,D,Noise,20%,0.8,1.2,20.0,10,How is epilepsy treated?,0.9,0.9608,0.9444,1.3592,0.016602,10,27818
2,D,Noise,20%,0.8,1.2,20.0,10,What causes osteoporosis?,1.0,1.0,1.0,1.7481,0.013789,10,26142
2,D,Noise,20%,0.8,1.2,20.0,10,Describe symptoms of anxiety disorder,1.0,1.0,0.9556,1.5048,0.013633,10,27662
2,D,Noise,20%,0.8,1.2,20.0,10,What medications are used for HIV/AIDS?,1.0,1.0,1.0,1.4979,0.008782,10,25368
2,D,Noise,20%,0.8,1.2,20.0,10,How is pneumonia diagnosed?,1.0,1.0,1.0,1.8344,0.006984,10,26282
2,D,Noise,20%,0.8,1.2,20.0,10,What causes inflammatory bowel disease?,1.0,0.9998,0.8222,2.164,0.001252,10,27654
2,D,Noise,20%,0.8,1.2,20.0,10,Describe treatment for chronic kidney disease,1.0,1.0,1.0,1.3592,0.01644,10,25770
2,D,Noise,20%,0.8,1.2,20.0,10,What are symptoms of schizophrenia?,0.9,0.9467,0.7778,1.4708,0.010508,10,25330
2,D,Noise,20%,0.8,1.2,20.0,10,How is bipolar disorder managed?,1.0,1.0,0.9556,1.4708,0.015976,10,24499
2,D,Noise,20%,0.8,1.2,20.0,10,What causes psoriasis?,1.0,0.9999,0.9111,1.6094,0.015881,10,28240
2,D,Noise,20%,0.8,1.2,20.0,10,Describe sepsis treatment,1.0,1.0,0.9556,1.6434,0.016457,10,25338
2,D,Noise,20%,0.8,1.2,20.0,10,What are risk factors for cancer?,1.0,0.9999,0.8222,1.973,0.000519,10,29408
2,D,Noise,20%,0.8,1.2,20.0,10,How is ALS diagnosed?,1.0,1.0,1.0,1.6094,0.010718,10,24638
2,D,Noise,30%,0.7,1.3,30.0,10,What are the symptoms of type 2 diabetes?,0.9,0.9513,1.0,1.8867,0.00711,9,26319
2,D,Noise,30%,0.7,1.3,30.0,10,How is hypertension treated?,1.0,0.9999,0.9111,1.8344,0.006339,10,28448
2,D,Noise,30%,0.7,1.3,30.0,10,What causes heart failure?,0.9,0.948,1.0,2.0253,0.005462,10,25231
2,D,Noise,30%,0.7,1.3,30.0,10,Describe the symptoms of lupus,1.0,1.0,1.0,2.0253,0.013199,10,25203
2,D,Noise,30%,0.7,1.3,30.0,10,What medications treat depression?,1.0,1.0,1.0,2.0253,0.007602,10,25757
2,D,Noise,30%,0.7,1.3,30.0,10,How does Alzheimer's disease progress?,1.0,1.0,1.0,1.8344,0.014529,10,27224
2,D,Noise,30%,0.7,1.3,30.0,10,What are risk factors for stroke?,1.0,0.9998,0.7778,1.4185,0.006973,10,28311
2,D,Noise,30%,0.7,1.3,30.0,10,How is asthma managed long-term?,1.0,1.0,1.0,1.8867,0.006171,10,26615
2,D,Noise,30%,0.7,1.3,30.0,10,What are signs of kidney disease?,1.0,0.9998,0.8667,1.8344,0.006159,10,24821
2,D,Noise,30%,0.7,1.3,30.0,10,Describe rheumatoid arthritis treatment,1.0,1.0,0.9556,1.8344,0.008679,10,26735
2,D,Noise,30%,0.7,1.3,30.0,10,What causes Parkinson's disease?,1.0,1.0,1.0,1.973,0.013116,10,26069
2,D,Noise,30%,0.7,1.3,30.0,10,How is multiple sclerosis diagnosed?,1.0,0.9999,0.9111,1.973,0.012992,10,27552
2,D,Noise,30%,0.7,1.3,30.0,10,What are symptoms of anemia?,1.0,0.9998,0.8222,1.6957,0.016485,10,26619
2,D,Noise,30%,0.7,1.3,30.0,10,How is hypothyroidism treated?,1.0,0.9999,0.9111,1.5048,0.012137,10,26170
2,D,Noise,30%,0.7,1.3,30.0,10,What causes chronic pain?,1.0,0.9998,0.8667,2.0253,0.000682,10,28479
2,D,Noise,30%,0.7,1.3,30.0,10,Describe COPD management,0.9,0.9606,0.9444,1.3592,0.021774,9,25724
2,D,Noise,30%,0.7,1.3,30.0,10,What are signs of liver disease?,1.0,1.0,1.0,2.0253,0.001701,10,25587
2,D,Noise,30%,0.7,1.3,30.0,10,How is epilepsy treated?,1.0,1.0,0.9556,1.3592,0.015539,10,25227
2,D,Noise,30%,0.7,1.3,30.0,10,What causes osteoporosis?,1.0,1.0,1.0,1.8344,0.012598,10,25277
2,D,Noise,30%,0.7,1.3,30.0,10,Describe symptoms of anxiety disorder,1.0,0.9999,0.9111,1.8867,0.011611,10,26208
2,D,Noise,30%,0.7,1.3,30.0,10,What medications are used for HIV/AIDS?,1.0,0.9999,0.9111,1.4979,0.008461,10,27254
2,D,Noise,30%,0.7,1.3,30.0,10,How is pneumonia diagnosed?,1.0,1.0,0.9556,1.7481,0.006506,10,26019
2,D,Noise,30%,0.7,1.3,30.0,10,What causes inflammatory bowel disease?,1.0,0.9999,0.9111,2.164,0.001419,10,27330
2,D,Noise,30%,0.7,1.3,30.0,10,Describe treatment for chronic kidney disease,0.9,0.9564,1.0,1.4708,0.014831,10,27392
2,D,Noise,30%,0.7,1.3,30.0,10,What are symptoms of schizophrenia?,0.9,0.949,0.8333,1.8344,0.009042,10,26055
2,D,Noise,30%,0.7,1.3,30.0,10,How is bipolar disorder managed?,1.0,0.9993,0.8222,1.6957,0.014179,10,26419
2,D,Noise,30%,0.7,1.3,30.0,10,What causes psoriasis?,1.0,0.9997,0.8667,1.6434,0.014188,10,25619
2,D,Noise,30%,0.7,1.3,30.0,10,Describe sepsis treatment,1.0,1.0,0.9556,1.6434,0.015016,10,26374
2,D,Noise,30%,0.7,1.3,30.0,10,What are risk factors for cancer?,0.9,0.9397,0.9444,2.164,0.000619,10,27845
2,D,Noise,30%,0.7,1.3,30.0,10,How is ALS diagnosed?,0.9,0.9514,0.9444,1.6094,0.009571,10,25156
2,D,Noise,50%,0.5,1.5,50.0,10,What are the symptoms of type 2 diabetes?,0.9,0.9512,0.9444,1.6957,0.005964,10,25977
2,D,Noise,50%,0.5,1.5,50.0,10,How is hypertension treated?,0.9,0.9484,1.0,1.973,0.005332,10,25838
2,D,Noise,50%,0.5,1.5,50.0,10,What causes heart failure?,0.9,0.95,0.9444,2.164,0.004723,10,24675
2,D,Noise,50%,0.5,1.5,50.0,10,Describe the symptoms of lupus,0.9,0.9541,1.0,2.0253,0.009745,10,25685
2,D,Noise,50%,0.5,1.5,50.0,10,What medications treat depression?,1.0,1.0,1.0,2.164,0.005616,10,28517
2,D,Noise,50%,0.5,1.5,50.0,10,How does Alzheimer's disease progress?,1.0,1.0,0.9556,2.0253,0.010211,10,26136
2,D,Noise,50%,0.5,1.5,50.0,10,What are risk factors for stroke?,0.9,0.9459,0.8889,1.6434,0.005542,10,26277
2,D,Noise,50%,0.5,1.5,50.0,10,How is asthma managed long-term?,1.0,0.9999,0.9111,1.8867,0.004658,10,28770
2,D,Noise,50%,0.5,1.5,50.0,10,What are signs of kidney disease?,1.0,0.9997,0.7778,1.6957,0.005048,10,26265
2,D,Noise,50%,0.5,1.5,50.0,10,Describe rheumatoid arthritis treatment,1.0,1.0,0.9556,1.8867,0.005987,10,26180
2,D,Noise,50%,0.5,1.5,50.0,10,What causes Parkinson's disease?,1.0,1.0,0.9556,1.973,0.009917,10,25731
2,D,Noise,50%,0.5,1.5,50.0,10,How is multiple sclerosis diagnosed?,1.0,0.9999,0.9111,1.973,0.010337,10,27268
2,D,Noise,50%,0.5,1.5,50.0,10,What are symptoms of anemia?,1.0,1.0,0.8667,1.6957,0.014158,10,25193
2,D,Noise,50%,0.5,1.5,50.0,10,How is hypothyroidism treated?,0.9,0.9573,0.8889,1.6957,0.009259,10,26536
2,D,Noise,50%,0.5,1.5,50.0,10,What causes chronic pain?,1.0,0.9993,0.7333,1.973,0.000469,10,25119
2,D,Noise,50%,0.5,1.5,50.0,10,Describe COPD management,1.0,0.9998,0.9111,1.2206,0.018107,10,26822
2,D,Noise,50%,0.5,1.5,50.0,10,What are signs of liver disease?,1.0,0.9996,0.8667,2.164,0.001145,10,27489
2,D,Noise,50%,0.5,1.5,50.0,10,How is epilepsy treated?,0.9,0.9571,0.8333,1.3592,0.011919,10,26830
2,D,Noise,50%,0.5,1.5,50.0,10,What causes osteoporosis?,1.0,1.0,0.9556,1.7481,0.009813,10,27335
2,D,Noise,50%,0.5,1.5,50.0,10,Describe symptoms of anxiety disorder,0.9,0.9503,0.9444,1.6957,0.010867,10,27003
2,D,Noise,50%,0.5,1.5,50.0,10,What medications are used for HIV/AIDS?,1.0,1.0,0.9556,1.4979,0.007003,10,29498
2,D,Noise,50%,0.5,1.5,50.0,10,How is pneumonia diagnosed?,0.9,0.9451,0.9444,1.6434,0.004445,10,26303
2,D,Noise,50%,0.5,1.5,50.0,10,What causes inflammatory bowel disease?,0.9,0.9441,0.8889,2.0253,0.001029,10,28323
2,D,Noise,50%,0.5,1.5,50.0,10,Describe treatment for chronic kidney disease,1.0,0.9999,0.9111,1.0889,0.011882,10,27633
2,D,Noise,50%,0.5,1.5,50.0,10,What are symptoms of schizophrenia?,0.9,0.9467,0.7778,1.5048,0.006928,10,26072
2,D,Noise,50%,0.5,1.5,50.0,10,How is bipolar disorder managed?,1.0,0.9999,0.8667,1.4708,0.011623,10,26772
2,D,Noise,50%,0.5,1.5,50.0,10,What causes psoriasis?,0.9,0.954,1.0,1.6094,0.010639,10,27189
2,D,Noise,50%,0.5,1.5,50.0,10,Describe sepsis treatment,1.0,1.0,0.9111,1.6434,0.012275,10,24394
2,D,Noise,50%,0.5,1.5,50.0,10,What are risk factors for cancer?,0.9,0.9341,0.8889,2.0253,0.00031,10,25954
2,D,Noise,50%,0.5,1.5,50.0,10,How is ALS diagnosed?,0.9,0.9493,0.8889,1.4979,0.007414,10,25876
2,D,Noise,70%,0.3,1.7,70.0,10,What are the symptoms of type 2 diabetes?,0.9,0.9512,0.9444,1.8867,0.003866,10,26187
2,D,Noise,70%,0.3,1.7,70.0,10,How is hypertension treated?,0.9,0.9484,1.0,2.0253,0.002255,10,25217
2,D,Noise,70%,0.3,1.7,70.0,10,What causes heart failure?,0.9,0.9367,0.6111,1.6434,0.003325,10,25708
2,D,Noise,70%,0.3,1.7,70.0,10,Describe the symptoms of lupus,0.9,0.9541,1.0,1.8867,0.005452,10,25908
2,D,Noise,70%,0.3,1.7,70.0,10,What medications treat depression?,1.0,0.9997,0.9111,1.7481,0.003375,10,26431
2,D,Noise,70%,0.3,1.7,70.0,10,How does Alzheimer's disease progress?,1.0,1.0,0.9111,1.973,0.007052,9,27708
2,D,Noise,70%,0.3,1.7,70.0,10,What are risk factors for stroke?,0.8,0.8852,0.7857,1.6094,0.00278,9,25845
2,D,Noise,70%,0.3,1.7,70.0,10,How is asthma managed long-term?,0.9,0.9556,0.9444,2.0253,0.002669,10,24927
2,D,Noise,70%,0.3,1.7,70.0,10,What are signs of kidney disease?,1.0,0.9999,0.9556,1.6957,0.003733,10,26012
2,D,Noise,70%,0.3,1.7,70.0,10,Describe rheumatoid arthritis treatment,0.9,0.9563,0.8889,1.6957,0.003485,10,25201
2,D,Noise,70%,0.3,1.7,70.0,10,What causes Parkinson's disease?,1.0,1.0,1.0,2.164,0.006136,10,27029
2,D,Noise,70%,0.3,1.7,70.0,10,How is multiple sclerosis diagnosed?,0.9,0.9565,0.9444,2.0253,0.005688,10,26796
2,D,Noise,70%,0.3,1.7,70.0,10,What are symptoms of anemia?,0.9,0.9538,0.8889,1.7481,0.007393,10,24978
2,D,Noise,70%,0.3,1.7,70.0,10,How is hypothyroidism treated?,1.0,1.0,0.9556,2.0253,0.005389,10,26214
2,D,Noise,70%,0.3,1.7,70.0,10,What causes chronic pain?,0.9,0.9354,0.8333,1.973,0.000326,10,27787
2,D,Noise,70%,0.3,1.7,70.0,10,Describe COPD management,1.0,0.9999,0.9111,1.0889,0.009824,10,24671
2,D,Noise,70%,0.3,1.7,70.0,10,What are signs of liver disease?,0.9,0.9451,0.6667,1.973,0.000359,10,25083
2,D,Noise,70%,0.3,1.7,70.0,10,How is epilepsy treated?,1.0,1.0,1.0,1.3592,0.006829,10,25538
2,D,Noise,70%,0.3,1.7,70.0,10,What causes osteoporosis?,1.0,0.9999,0.9556,2.0253,0.005897,10,25194
2,D,Noise,70%,0.3,1.7,70.0,10,Describe symptoms of anxiety disorder,0.9,0.9428,0.8889,1.6957,0.005725,10,25091
2,D,Noise,70%,0.3,1.7,70.0,10,What medications are used for HIV/AIDS?,0.9,0.96,0.8889,1.4979,0.004427,10,26399
2,D,Noise,70%,0.3,1.7,70.0,10,How is pneumonia diagnosed?,0.9,0.9467,0.8333,1.6094,0.003134,10,26006
2,D,Noise,70%,0.3,1.7,70.0,10,What causes inflammatory bowel disease?,1.0,0.9997,0.9111,2.0253,0.000536,10,25959
2,D,Noise,70%,0.3,1.7,70.0,10,Describe treatment for chronic kidney disease,1.0,0.9997,0.8222,1.4708,0.008653,10,27160
2,D,Noise,70%,0.3,1.7,70.0,10,What are symptoms of schizophrenia?,1.0,0.9993,0.7333,1.4185,0.003978,10,25684
2,D,Noise,70%,0.3,1.7,70.0,10,How is bipolar disorder managed?,1.0,0.9993,0.9111,1.5048,0.006463,9,28178
2,D,Noise,70%,0.3,1.7,70.0,10,What causes psoriasis?,1.0,0.9998,0.9111,1.6957,0.00689,10,25431
2,D,Noise,70%,0.3,1.7,70.0,10,Describe sepsis treatment,1.0,1.0,0.9556,1.6434,0.007972,9,27150
2,D,Noise,70%,0.3,1.7,70.0,10,What are risk factors for cancer?,1.0,0.9992,0.6,1.973,0.000181,10,25867
2,D,Noise,70%,0.3,1.7,70.0,10,How is ALS diagnosed?,0.9,0.9518,1.0,1.8344,0.004677,10,27207
2,D,Combined,1%,0.99,1.01,1.0,10,What are the symptoms of type 2 diabetes?,1.0,1.0,1.0,2.164,0.007924,10,25944
2,D,Combined,1%,0.99,1.01,1.0,10,How is hypertension treated?,1.0,1.0,1.0,1.6094,0.007035,10,27254
2,D,Combined,1%,0.99,1.01,1.0,10,What causes heart failure?,1.0,1.0,1.0,2.0253,0.006837,10,24415
2,D,Combined,1%,0.99,1.01,1.0,10,Describe the symptoms of lupus,1.0,1.0,1.0,2.0253,0.014672,10,27678
2,D,Combined,1%,0.99,1.01,1.0,10,What medications treat depression?,1.0,1.0,1.0,2.164,0.008105,10,27672
2,D,Combined,1%,0.99,1.01,1.0,10,How does Alzheimer's disease progress?,1.0,1.0,0.9556,1.973,0.015888,10,30247
2,D,Combined,1%,0.99,1.01,1.0,10,What are risk factors for stroke?,1.0,1.0,1.0,1.4185,0.007742,10,25136
2,D,Combined,1%,0.99,1.01,1.0,10,How is asthma managed long-term?,1.0,1.0,1.0,2.164,0.006698,10,26661
2,D,Combined,1%,0.99,1.01,1.0,10,What are signs of kidney disease?,1.0,1.0,1.0,1.8344,0.006633,10,27136
2,D,Combined,1%,0.99,1.01,1.0,10,Describe rheumatoid arthritis treatment,1.0,1.0,1.0,1.8344,0.009145,10,27009
2,D,Combined,1%,0.99,1.01,1.0,10,What causes Parkinson's disease?,1.0,1.0,1.0,1.973,0.015163,10,27659
2,D,Combined,1%,0.99,1.01,1.0,10,How is multiple sclerosis diagnosed?,1.0,1.0,1.0,1.8344,0.014322,10,26567
2,D,Combined,1%,0.99,1.01,1.0,10,What are symptoms of anemia?,1.0,1.0,1.0,1.6957,0.018179,10,25977
2,D,Combined,1%,0.99,1.01,1.0,10,How is hypothyroidism treated?,1.0,1.0,1.0,1.5048,0.014443,10,28781
2,D,Combined,1%,0.99,1.01,1.0,10,What causes chronic pain?,1.0,1.0,1.0,2.164,0.00076,10,26604
2,D,Combined,1%,0.99,1.01,1.0,10,Describe COPD management,1.0,1.0,1.0,1.2206,0.024963,10,24423
2,D,Combined,1%,0.99,1.01,1.0,10,What are signs of liver disease?,1.0,1.0,1.0,2.0253,0.001764,10,27460
2,D,Combined,1%,0.99,1.01,1.0,10,How is epilepsy treated?,1.0,1.0,1.0,1.3592,0.017472,10,25134
2,D,Combined,1%,0.99,1.01,1.0,10,What causes osteoporosis?,1.0,1.0,0.9556,1.8344,0.014093,10,25730
2,D,Combined,1%,0.99,1.01,1.0,10,Describe symptoms of anxiety disorder,1.0,1.0,1.0,1.6094,0.013861,10,24600
2,D,Combined,1%,0.99,1.01,1.0,10,What medications are used for HIV/AIDS?,1.0,1.0,1.0,1.4979,0.009632,10,26335
2,D,Combined,1%,0.99,1.01,1.0,10,How is pneumonia diagnosed?,1.0,1.0,1.0,1.8344,0.007199,10,27674
2,D,Combined,1%,0.99,1.01,1.0,10,What causes inflammatory bowel disease?,1.0,1.0,1.0,2.164,0.001501,10,27346
2,D,Combined,1%,0.99,1.01,1.0,10,Describe treatment for chronic kidney disease,1.0,1.0,1.0,1.3592,0.016567,10,26411
2,D,Combined,1%,0.99,1.01,1.0,10,What are symptoms of schizophrenia?,1.0,1.0,1.0,1.4185,0.010799,10,25715
2,D,Combined,1%,0.99,1.01,1.0,10,How is bipolar disorder managed?,1.0,1.0,0.9556,1.4708,0.016168,9,26359
2,D,Combined,1%,0.99,1.01,1.0,10,What causes psoriasis?,1.0,1.0,1.0,1.6094,0.016094,10,26162
2,D,Combined,1%,0.99,1.01,1.0,10,Describe sepsis treatment,1.0,1.0,1.0,1.6434,0.017448,10,28323
2,D,Combined,1%,0.99,1.01,1.0,10,What are risk factors for cancer?,1.0,1.0,1.0,1.973,0.000535,10,27802
2,D,Combined,1%,0.99,1.01,1.0,10,How is ALS diagnosed?,1.0,1.0,1.0,1.6094,0.011336,10,25291
2,D,Combined,5%,0.95,1.05,5.0,10,What are the symptoms of type 2 diabetes?,1.0,1.0,1.0,2.0253,0.007837,10,26493
2,D,Combined,5%,0.95,1.05,5.0,10,How is hypertension treated?,1.0,1.0,1.0,1.6094,0.007016,10,26571
2,D,Combined,5%,0.95,1.05,5.0,10,What causes heart failure?,1.0,1.0,1.0,2.0253,0.006853,10,26027
2,D,Combined,5%,0.95,1.05,5.0,10,Describe the symptoms of lupus,1.0,1.0,1.0,2.0253,0.014726,10,25529
2,D,Combined,5%,0.95,1.05,5.0,10,What medications treat depression?,1.0,1.0,1.0,2.3026,0.008014,10,26752
2,D,Combined,5%,0.95,1.05,5.0,10,How does Alzheimer's disease progress?,1.0,1.0,0.9556,1.973,0.015934,10,25320
2,D,Combined,5%,0.95,1.05,5.0,10,What are risk factors for stroke?,1.0,1.0,1.0,1.3592,0.007738,10,24895
2,D,Combined,5%,0.95,1.05,5.0,10,How is asthma managed long-term?,1.0,1.0,1.0,2.164,0.006608,10,28463
2,D,Combined,5%,0.95,1.05,5.0,10,What are signs of kidney disease?,1.0,1.0,1.0,1.8344,0.006806,10,25203
2,D,Combined,5%,0.95,1.05,5.0,10,Describe rheumatoid arthritis treatment,1.0,1.0,1.0,1.8344,0.009099,10,26692
2,D,Combined,5%,0.95,1.05,5.0,10,What causes Parkinson's disease?,1.0,1.0,1.0,1.973,0.015147,10,25683
2,D,Combined,5%,0.95,1.05,5.0,10,How is multiple sclerosis diagnosed?,1.0,1.0,1.0,1.8344,0.014267,10,27882
2,D,Combined,5%,0.95,1.05,5.0,10,What are symptoms of anemia?,1.0,1.0,1.0,1.6957,0.018177,10,27865
2,D,Combined,5%,0.95,1.05,5.0,10,How is hypothyroidism treated?,1.0,1.0,1.0,1.5048,0.014344,10,26180
2,D,Combined,5%,0.95,1.05,5.0,10,What causes chronic pain?,1.0,1.0,0.9556,2.0253,0.00077,9,26754
2,D,Combined,5%,0.95,1.05,5.0,10,Describe COPD management,1.0,1.0,1.0,1.2206,0.024785,10,26246
2,D,Combined,5%,0.95,1.05,5.0,10,What are signs of liver disease?,1.0,1.0,1.0,2.0253,0.001737,10,25477
2,D,Combined,5%,0.95,1.05,5.0,10,How is epilepsy treated?,1.0,1.0,1.0,1.3592,0.017489,10,26212
2,D,Combined,5%,0.95,1.05,5.0,10,What causes osteoporosis?,1.0,1.0,1.0,1.8344,0.014164,10,25367
2,D,Combined,5%,0.95,1.05,5.0,10,Describe symptoms of anxiety disorder,1.0,1.0,1.0,1.6094,0.014066,10,24915
2,D,Combined,5%,0.95,1.05,5.0,10,What medications are used for HIV/AIDS?,1.0,1.0,1.0,1.4979,0.009486,10,26013
2,D,Combined,5%,0.95,1.05,5.0,10,How is pneumonia diagnosed?,1.0,1.0,0.9556,1.7481,0.007289,10,25763
2,D,Combined,5%,0.95,1.05,5.0,10,What causes inflammatory bowel disease?,1.0,1.0,0.9556,2.164,0.00151,10,28769
2,D,Combined,5%,0.95,1.05,5.0,10,Describe treatment for chronic kidney disease,1.0,1.0,1.0,1.3592,0.016634,10,26985
2,D,Combined,5%,0.95,1.05,5.0,10,What are symptoms of schizophrenia?,1.0,1.0,1.0,1.4708,0.010991,10,25184
2,D,Combined,5%,0.95,1.05,5.0,10,How is bipolar disorder managed?,1.0,1.0,0.9111,1.4708,0.016108,9,25373
2,D,Combined,5%,0.95,1.05,5.0,10,What causes psoriasis?,1.0,1.0,1.0,1.6094,0.01589,10,26087
2,D,Combined,5%,0.95,1.05,5.0,10,Describe sepsis treatment,1.0,1.0,1.0,1.6434,0.017388,10,26395
2,D,Combined,5%,0.95,1.05,5.0,10,What are risk factors for cancer?,1.0,1.0,1.0,2.0253,0.000531,10,25918
2,D,Combined,5%,0.95,1.05,5.0,10,How is ALS diagnosed?,1.0,1.0,1.0,1.6094,0.011358,10,26299
2,D,Combined,10%,0.9,1.1,10.0,10,What are the symptoms of type 2 diabetes?,1.0,1.0,1.0,1.8867,0.007683,10,25872
2,D,Combined,10%,0.9,1.1,10.0,10,How is hypertension treated?,1.0,1.0,1.0,1.8344,0.007037,10,25632
2,D,Combined,10%,0.9,1.1,10.0,10,What causes heart failure?,0.9,0.9499,1.0,2.0253,0.00677,10,24585
2,D,Combined,10%,0.9,1.1,10.0,10,Describe the symptoms of lupus,1.0,1.0,1.0,2.0253,0.014493,10,25255
2,D,Combined,10%,0.9,1.1,10.0,10,What medications treat depression?,1.0,1.0,1.0,2.3026,0.007933,10,25610
2,D,Combined,10%,0.9,1.1,10.0,10,How does Alzheimer's disease progress?,1.0,1.0,0.9556,1.973,0.015804,10,26399
2,D,Combined,10%,0.9,1.1,10.0,10,What are risk factors for stroke?,1.0,1.0,0.9556,1.4185,0.007538,10,26677
2,D,Combined,10%,0.9,1.1,10.0,10,How is asthma managed long-term?,1.0,1.0,1.0,2.164,0.006605,10,29240
2,D,Combined,10%,0.9,1.1,10.0,10,What are signs of kidney disease?,1.0,1.0,1.0,1.8867,0.006667,10,25738
2,D,Combined,10%,0.9,1.1,10.0,10,Describe rheumatoid arthritis treatment,1.0,1.0,1.0,1.8344,0.009022,10,26729
2,D,Combined,10%,0.9,1.1,10.0,10,What causes Parkinson's disease?,1.0,1.0,1.0,1.973,0.015073,10,26952
2,D,Combined,10%,0.9,1.1,10.0,10,How is multiple sclerosis diagnosed?,1.0,1.0,1.0,1.8344,0.014005,10,28782
2,D,Combined,10%,0.9,1.1,10.0,10,What are symptoms of anemia?,1.0,1.0,1.0,1.6957,0.01795,10,26398
2,D,Combined,10%,0.9,1.1,10.0,10,How is hypothyroidism treated?,1.0,0.9999,0.9556,1.5048,0.013947,10,27230
2,D,Combined,10%,0.9,1.1,10.0,10,What causes chronic pain?,1.0,1.0,1.0,2.164,0.000736,10,25592
2,D,Combined,10%,0.9,1.1,10.0,10,Describe COPD management,1.0,1.0,0.9556,1.2206,0.024712,10,26126
2,D,Combined,10%,0.9,1.1,10.0,10,What are signs of liver disease?,1.0,1.0,1.0,1.8344,0.001901,10,28061
2,D,Combined,10%,0.9,1.1,10.0,10,How is epilepsy treated?,1.0,1.0,1.0,1.3592,0.017141,10,28405
2,D,Combined,10%,0.9,1.1,10.0,10,What causes osteoporosis?,1.0,1.0,0.9556,1.7481,0.013796,10,28447
2,D,Combined,10%,0.9,1.1,10.0,10,Describe symptoms of anxiety disorder,1.0,1.0,0.9556,1.5048,0.013447,10,27507
2,D,Combined,10%,0.9,1.1,10.0,10,What medications are used for HIV/AIDS?,1.0,1.0,1.0,1.4979,0.009425,10,27243
2,D,Combined,10%,0.9,1.1,10.0,10,How is pneumonia diagnosed?,1.0,1.0,0.9556,1.8344,0.007058,10,26145
2,D,Combined,10%,0.9,1.1,10.0,10,What causes inflammatory bowel disease?,1.0,1.0,1.0,2.164,0.001519,10,25005
2,D,Combined,10%,0.9,1.1,10.0,10,Describe treatment for chronic kidney disease,1.0,1.0,1.0,1.3592,0.016522,10,28489
2,D,Combined,10%,0.9,1.1,10.0,10,What are symptoms of schizophrenia?,0.9,0.947,0.9444,1.4185,0.01096,10,25705
2,D,Combined,10%,0.9,1.1,10.0,10,How is bipolar disorder managed?,1.0,1.0,0.9111,1.4708,0.016286,10,25934
2,D,Combined,10%,0.9,1.1,10.0,10,What causes psoriasis?,1.0,1.0,0.9556,1.4185,0.015941,10,25628
2,D,Combined,10%,0.9,1.1,10.0,10,Describe sepsis treatment,1.0,1.0,1.0,1.6434,0.01759,10,26602
2,D,Combined,10%,0.9,1.1,10.0,10,What are risk factors for cancer?,1.0,1.0,0.9556,2.0253,0.000589,10,27076
2,D,Combined,10%,0.9,1.1,10.0,10,How is ALS diagnosed?,1.0,1.0,1.0,1.6094,0.011069,10,26705
2,D,Combined,20%,0.8,1.2,20.0,10,What are the symptoms of type 2 diabetes?,0.9,0.9513,0.9444,2.0253,0.007349,10,28531
2,D,Combined,20%,0.8,1.2,20.0,10,How is hypertension treated?,1.0,0.9999,0.9111,1.6094,0.006508,10,25897
2,D,Combined,20%,0.8,1.2,20.0,10,What causes heart failure?,0.9,0.9478,0.8889,1.8867,0.006497,10,58853
2,D,Combined,20%,0.8,1.2,20.0,10,Describe the symptoms of lupus,1.0,1.0,1.0,1.8867,0.014583,10,27107
2,D,Combined,20%,0.8,1.2,20.0,10,What medications treat depression?,1.0,1.0,1.0,2.164,0.007549,10,17405
2,D,Combined,20%,0.8,1.2,20.0,10,How does Alzheimer's disease progress?,1.0,1.0,0.9556,1.8344,0.01491,10,16896
2,D,Combined,20%,0.8,1.2,20.0,10,What are risk factors for stroke?,0.9,0.946,0.9444,1.4185,0.007343,10,15437
2,D,Combined,20%,0.8,1.2,20.0,10,How is asthma managed long-term?,1.0,1.0,1.0,2.164,0.006475,10,14373
2,D,Combined,20%,0.8,1.2,20.0,10,What are signs of kidney disease?,1.0,1.0,1.0,2.0253,0.006542,10,12602
2,D,Combined,20%,0.8,1.2,20.0,10,Describe rheumatoid arthritis treatment,1.0,1.0,1.0,1.8344,0.008785,10,11893
2,D,Combined,20%,0.8,1.2,20.0,10,What causes Parkinson's disease?,1.0,1.0,1.0,1.973,0.014809,10,11176
2,D,Combined,20%,0.8,1.2,20.0,10,How is multiple sclerosis diagnosed?,1.0,1.0,0.9556,1.8344,0.01395,10,12682
2,D,Combined,20%,0.8,1.2,20.0,10,What are symptoms of anemia?,1.0,1.0,1.0,1.8344,0.016843,10,11481
2,D,Combined,20%,0.8,1.2,20.0,10,How is hypothyroidism treated?,1.0,0.9999,0.8667,1.5048,0.013621,10,12081
2,D,Combined,20%,0.8,1.2,20.0,10,What causes chronic pain?,1.0,1.0,0.9556,2.0253,0.000669,10,11334
2,D,Combined,20%,0.8,1.2,20.0,10,Describe COPD management,1.0,1.0,1.0,1.4979,0.023923,10,10954
2,D,Combined,20%,0.8,1.2,20.0,10,What are signs of liver disease?,0.9,0.9463,1.0,2.0253,0.001915,10,10145
2,D,Combined,20%,0.8,1.2,20.0,10,How is epilepsy treated?,0.9,0.9613,1.0,1.3592,0.016974,10,12652
2,D,Combined,20%,0.8,1.2,20.0,10,What causes osteoporosis?,1.0,1.0,0.9111,1.6094,0.013025,10,11219
2,D,Combined,20%,0.8,1.2,20.0,10,Describe symptoms of anxiety disorder,1.0,1.0,1.0,1.6094,0.013007,10,9995
2,D,Combined,20%,0.8,1.2,20.0,10,What medications are used for HIV/AIDS?,1.0,1.0,0.9556,1.4979,0.008833,10,13250
2,D,Combined,20%,0.8,1.2,20.0,10,How is pneumonia diagnosed?,1.0,1.0,1.0,1.8344,0.007048,10,11948
2,D,Combined,20%,0.8,1.2,20.0,10,What causes inflammatory bowel disease?,1.0,0.9999,0.9111,1.8344,0.001553,10,11921
2,D,Combined,20%,0.8,1.2,20.0,10,Describe treatment for chronic kidney disease,1.0,1.0,0.9556,1.4708,0.015779,10,11286
2,D,Combined,20%,0.8,1.2,20.0,10,What are symptoms of schizophrenia?,1.0,1.0,0.9111,1.5048,0.010794,10,12475
2,D,Combined,20%,0.8,1.2,20.0,10,How is bipolar disorder managed?,1.0,1.0,0.9556,1.2799,0.01552,10,10889
2,D,Combined,20%,0.8,1.2,20.0,10,What causes psoriasis?,1.0,1.0,0.9556,1.6094,0.015288,10,11552
2,D,Combined,20%,0.8,1.2,20.0,10,Describe sepsis treatment,1.0,1.0,1.0,1.6434,0.016573,10,11703
2,D,Combined,20%,0.8,1.2,20.0,10,What are risk factors for cancer?,1.0,0.9999,0.8222,1.6094,0.000593,10,11703
2,D,Combined,20%,0.8,1.2,20.0,10,How is ALS diagnosed?,1.0,1.0,1.0,1.4979,0.010558,10,10621
2,D,Combined,30%,0.7,1.3,30.0,10,What are the symptoms of type 2 diabetes?,0.9,0.9513,0.9444,1.8867,0.006918,10,11291
2,D,Combined,30%,0.7,1.3,30.0,10,How is hypertension treated?,1.0,1.0,0.9556,1.6957,0.006152,10,12238
2,D,Combined,30%,0.7,1.3,30.0,10,What causes heart failure?,0.9,0.95,0.9444,1.8867,0.006388,10,11666
2,D,Combined,30%,0.7,1.3,30.0,10,Describe the symptoms of lupus,0.9,0.9541,1.0,2.0253,0.012421,10,12228
2,D,Combined,30%,0.7,1.3,30.0,10,What medications treat depression?,1.0,0.9999,0.9556,1.8867,0.007689,10,11668
2,D,Combined,30%,0.7,1.3,30.0,10,How does Alzheimer's disease progress?,1.0,1.0,0.9111,1.973,0.013314,10,10931
2,D,Combined,30%,0.7,1.3,30.0,10,What are risk factors for stroke?,1.0,1.0,0.9111,1.4979,0.007169,10,12184
2,D,Combined,30%,0.7,1.3,30.0,10,How is asthma managed long-term?,0.9,0.9557,1.0,2.0253,0.005921,10,13497
2,D,Combined,30%,0.7,1.3,30.0,10,What are signs of kidney disease?,1.0,1.0,0.9556,1.8867,0.00543,10,12567
2,D,Combined,30%,0.7,1.3,30.0,10,Describe rheumatoid arthritis treatment,1.0,1.0,1.0,2.0253,0.008056,10,11940
2,D,Combined,30%,0.7,1.3,30.0,10,What causes Parkinson's disease?,1.0,1.0,1.0,2.0253,0.013695,10,11460
2,D,Combined,30%,0.7,1.3,30.0,10,How is multiple sclerosis diagnosed?,1.0,1.0,1.0,1.8344,0.01205,10,11935
2,D,Combined,30%,0.7,1.3,30.0,10,What are symptoms of anemia?,1.0,1.0,0.9111,1.5571,0.015166,10,11568
2,D,Combined,30%,0.7,1.3,30.0,10,How is hypothyroidism treated?,1.0,1.0,0.8667,1.6434,0.012797,10,12029
2,D,Combined,30%,0.7,1.3,30.0,10,What causes chronic pain?,1.0,1.0,1.0,2.164,0.000784,10,11874
2,D,Combined,30%,0.7,1.3,30.0,10,Describe COPD management,0.9,0.9606,1.0,1.2206,0.021849,10,11981
2,D,Combined,30%,0.7,1.3,30.0,10,What are signs of liver disease?,1.0,0.9994,0.9111,2.0253,0.001537,10,11608
2,D,Combined,30%,0.7,1.3,30.0,10,How is epilepsy treated?,0.9,0.9613,0.9444,1.3592,0.014729,10,12531
2,D,Combined,30%,0.7,1.3,30.0,10,What causes osteoporosis?,1.0,0.9999,0.9556,1.8344,0.012164,10,11201
2,D,Combined,30%,0.7,1.3,30.0,10,Describe symptoms of anxiety disorder,1.0,0.9998,0.8667,1.6957,0.01173,10,10700
2,D,Combined,30%,0.7,1.3,30.0,10,What medications are used for HIV/AIDS?,1.0,0.9999,0.9111,1.4979,0.008566,10,10948
2,D,Combined,30%,0.7,1.3,30.0,10,How is pneumonia diagnosed?,0.9,0.9473,0.9444,1.8867,0.005743,10,11723
2,D,Combined,30%,0.7,1.3,30.0,10,What causes inflammatory bowel disease?,1.0,1.0,0.9556,1.973,0.001623,10,11821
2,D,Combined,30%,0.7,1.3,30.0,10,Describe treatment for chronic kidney disease,1.0,1.0,0.9556,1.3592,0.014115,10,11022
2,D,Combined,30%,0.7,1.3,30.0,10,What are symptoms of schizophrenia?,1.0,1.0,0.9556,1.6957,0.009039,10,11566
2,D,Combined,30%,0.7,1.3,30.0,10,How is bipolar disorder managed?,1.0,1.0,0.8667,1.5571,0.013391,10,11995
2,D,Combined,30%,0.7,1.3,30.0,10,What causes psoriasis?,1.0,0.9999,0.8667,1.4185,0.014457,10,12391
2,D,Combined,30%,0.7,1.3,30.0,10,Describe sepsis treatment,1.0,0.9999,0.9111,1.6434,0.014887,10,11201
2,D,Combined,30%,0.7,1.3,30.0,10,What are risk factors for cancer?,1.0,0.9998,0.7333,2.164,0.000445,10,10366
2,D,Combined,30%,0.7,1.3,30.0,10,How is ALS diagnosed?,1.0,1.0,1.0,1.8344,0.009979,10,11006
2,D,Combined,50%,0.5,1.5,50.0,10,What are the symptoms of type 2 diabetes?,0.9,0.9512,0.8889,1.6957,0.005939,9,26187
2,D,Combined,50%,0.5,1.5,50.0,10,How is hypertension treated?,1.0,0.9999,0.9111,1.7481,0.005023,10,25313
2,D,Combined,50%,0.5,1.5,50.0,10,What causes heart failure?,1.0,0.9999,0.9556,2.0253,0.004149,10,27515
2,D,Combined,50%,0.5,1.5,50.0,10,Describe the symptoms of lupus,0.9,0.9541,1.0,2.0253,0.011072,10,24961
2,D,Combined,50%,0.5,1.5,50.0,10,What medications treat depression?,1.0,0.9997,0.9111,2.164,0.005771,10,24680
2,D,Combined,50%,0.5,1.5,50.0,10,How does Alzheimer's disease progress?,1.0,1.0,1.0,1.973,0.010731,10,25151
2,D,Combined,50%,0.5,1.5,50.0,10,What are risk factors for stroke?,0.9,0.9428,0.7778,1.2275,0.00527,10,25690
2,D,Combined,50%,0.5,1.5,50.0,10,How is asthma managed long-term?,1.0,0.9999,0.9556,1.8867,0.00424,10,24511
2,D,Combined,50%,0.5,1.5,50.0,10,What are signs of kidney disease?,1.0,0.9999,0.8667,1.8867,0.004149,10,24964
2,D,Combined,50%,0.5,1.5,50.0,10,Describe rheumatoid arthritis treatment,1.0,0.9999,0.9556,1.8344,0.006375,9,25475
2,D,Combined,50%,0.5,1.5,50.0,10,What causes Parkinson's disease?,1.0,1.0,1.0,1.973,0.010037,10,25395
2,D,Combined,50%,0.5,1.5,50.0,10,How is multiple sclerosis diagnosed?,1.0,1.0,0.9556,1.973,0.009657,10,25248
2,D,Combined,50%,0.5,1.5,50.0,10,What are symptoms of anemia?,1.0,1.0,0.9111,1.6957,0.013149,10,24831
2,D,Combined,50%,0.5,1.5,50.0,10,How is hypothyroidism treated?,0.9,0.9556,1.0,1.6957,0.010209,10,26201
2,D,Combined,50%,0.5,1.5,50.0,10,What causes chronic pain?,0.9,0.939,0.8333,2.164,0.000474,10,26457
2,D,Combined,50%,0.5,1.5,50.0,10,Describe COPD management,0.9,0.9606,1.0,1.4979,0.016055,10,25305
2,D,Combined,50%,0.5,1.5,50.0,10,What are signs of liver disease?,1.0,0.9987,0.8222,1.8344,0.001042,8,26385
2,D,Combined,50%,0.5,1.5,50.0,10,How is epilepsy treated?,0.9,0.9613,0.9444,1.6957,0.011537,10,24995
2,D,Combined,50%,0.5,1.5,50.0,10,What causes osteoporosis?,1.0,0.9999,0.9556,1.8867,0.010388,10,25568
2,D,Combined,50%,0.5,1.5,50.0,10,Describe symptoms of anxiety disorder,0.9,0.9503,0.6667,1.6957,0.009932,10,24769
2,D,Combined,50%,0.5,1.5,50.0,10,What medications are used for HIV/AIDS?,1.0,0.9998,0.7778,1.4979,0.006857,9,26097
2,D,Combined,50%,0.5,1.5,50.0,10,How is pneumonia diagnosed?,1.0,0.9999,0.9111,1.7481,0.004717,10,25110
2,D,Combined,50%,0.5,1.5,50.0,10,What causes inflammatory bowel disease?,1.0,0.9997,0.9111,1.6957,0.001157,10,24738
2,D,Combined,50%,0.5,1.5,50.0,10,Describe treatment for chronic kidney disease,0.9,0.9569,0.8889,1.2275,0.010817,10,26126
2,D,Combined,50%,0.5,1.5,50.0,10,What are symptoms of schizophrenia?,0.8,0.8932,0.8571,1.6094,0.006349,10,24699
2,D,Combined,50%,0.5,1.5,50.0,10,How is bipolar disorder managed?,1.0,0.9998,0.8667,1.7481,0.011669,10,26239
2,D,Combined,50%,0.5,1.5,50.0,10,What causes psoriasis?,1.0,0.9998,0.8222,1.6094,0.01086,10,25462
2,D,Combined,50%,0.5,1.5,50.0,10,Describe sepsis treatment,0.9,0.9616,0.8889,1.6434,0.012057,10,25346
2,D,Combined,50%,0.5,1.5,50.0,10,What are risk factors for cancer?,0.9,0.9307,0.6111,1.8867,0.000417,10,26015
2,D,Combined,50%,0.5,1.5,50.0,10,How is ALS diagnosed?,1.0,0.9999,0.9111,1.6094,0.006282,10,25327
2,D,Combined,70%,0.3,1.7,70.0,10,What are the symptoms of type 2 diabetes?,1.0,0.9997,0.8667,1.8344,0.002903,10,27922
2,D,Combined,70%,0.3,1.7,70.0,10,How is hypertension treated?,1.0,0.9998,0.8667,1.7481,0.002864,10,24725
2,D,Combined,70%,0.3,1.7,70.0,10,What causes heart failure?,1.0,0.9999,0.9556,1.7481,0.002919,10,27447
2,D,Combined,70%,0.3,1.7,70.0,10,Describe the symptoms of lupus,0.9,0.952,0.8889,1.8867,0.005613,10,31734
2,D,Combined,70%,0.3,1.7,70.0,10,What medications treat depression?,1.0,0.9998,0.9111,2.0253,0.003319,10,31620
2,D,Combined,70%,0.3,1.7,70.0,10,How does Alzheimer's disease progress?,0.9,0.9585,0.9444,2.0253,0.007653,10,26355
2,D,Combined,70%,0.3,1.7,70.0,10,What are risk factors for stroke?,0.8,0.8839,0.7143,1.2275,0.002875,10,28982
2,D,Combined,70%,0.3,1.7,70.0,10,How is asthma managed long-term?,1.0,0.9999,0.9556,1.8344,0.003111,10,27200
2,D,Combined,70%,0.3,1.7,70.0,10,What are signs of kidney disease?,0.9,0.9462,0.8333,1.8344,0.002221,10,18403
2,D,Combined,70%,0.3,1.7,70.0,10,Describe rheumatoid arthritis treatment,1.0,0.9999,0.9111,1.8344,0.00408,10,17902
2,D,Combined,70%,0.3,1.7,70.0,10,What causes Parkinson's disease?,0.9,0.9557,0.9444,2.0253,0.006055,10,16976
2,D,Combined,70%,0.3,1.7,70.0,10,How is multiple sclerosis diagnosed?,0.8,0.9084,1.0,1.973,0.007289,10,14578
2,D,Combined,70%,0.3,1.7,70.0,10,What are symptoms of anemia?,1.0,0.9991,0.8667,1.8344,0.008301,10,23936
2,D,Combined,70%,0.3,1.7,70.0,10,How is hypothyroidism treated?,1.0,0.9978,0.8222,1.6434,0.006653,10,16568
2,D,Combined,70%,0.3,1.7,70.0,10,What causes chronic pain?,0.8,0.875,0.6429,1.8344,0.000351,10,14856
2,D,Combined,70%,0.3,1.7,70.0,10,Describe COPD management,1.0,1.0,0.9556,1.3592,0.010637,10,13856
2,D,Combined,70%,0.3,1.7,70.0,10,What are signs of liver disease?,1.0,0.9994,0.8222,1.7481,0.000717,10,13662
2,D,Combined,70%,0.3,1.7,70.0,10,How is epilepsy treated?,0.8,0.9203,0.9286,1.3592,0.007922,10,12881
2,D,Combined,70%,0.3,1.7,70.0,10,What causes osteoporosis?,0.9,0.9539,0.8333,1.7481,0.005645,10,15172
2,D,Combined,70%,0.3,1.7,70.0,10,Describe symptoms of anxiety disorder,0.9,0.9441,0.8889,1.6957,0.005508,10,14131
2,D,Combined,70%,0.3,1.7,70.0,10,What medications are used for HIV/AIDS?,1.0,0.9998,0.8222,1.4979,0.004828,10,13783
2,D,Combined,70%,0.3,1.7,70.0,10,How is pneumonia diagnosed?,0.9,0.9459,0.6667,1.4185,0.003074,10,13561
2,D,Combined,70%,0.3,1.7,70.0,10,What causes inflammatory bowel disease?,0.9,0.9421,0.7222,2.164,0.000481,10,14501
2,D,Combined,70%,0.3,1.7,70.0,10,Describe treatment for chronic kidney disease,0.9,0.9568,0.8333,1.8344,0.006636,9,13806
2,D,Combined,70%,0.3,1.7,70.0,10,What are symptoms of schizophrenia?,0.8,0.889,0.6429,1.4185,0.004159,10,12848
2,D,Combined,70%,0.3,1.7,70.0,10,How is bipolar disorder managed?,1.0,1.0,0.9556,1.6957,0.006215,10,12643
2,D,Combined,70%,0.3,1.7,70.0,10,What causes psoriasis?,0.9,0.9537,0.8333,1.4185,0.007612,10,14480
2,D,Combined,70%,0.3,1.7,70.0,10,Describe sepsis treatment,1.0,0.9999,0.8667,1.8344,0.008081,10,13725
2,D,Combined,70%,0.3,1.7,70.0,10,What are risk factors for cancer?,1.0,0.9982,0.5111,2.0253,0.000227,10,14587
2,D,Combined,70%,0.3,1.7,70.0,10,How is ALS diagnosed?,0.9,0.9252,0.8333,1.3592,0.005361,10,14814
2,D,RomeCombined,1%,0.99,1.01,1.0,10,What are the symptoms of type 2 diabetes?,1.0,1.0,1.0,2.164,0.007898,10,27142
2,D,RomeCombined,1%,0.99,1.01,1.0,10,How is hypertension treated?,1.0,1.0,1.0,1.6094,0.007058,10,26665
2,D,RomeCombined,1%,0.99,1.01,1.0,10,What causes heart failure?,1.0,1.0,1.0,2.0253,0.006835,10,26711
2,D,RomeCombined,1%,0.99,1.01,1.0,10,Describe the symptoms of lupus,1.0,1.0,1.0,2.0253,0.014665,10,27901
2,D,RomeCombined,1%,0.99,1.01,1.0,10,What medications treat depression?,1.0,1.0,1.0,2.164,0.008093,10,25041
2,D,RomeCombined,1%,0.99,1.01,1.0,10,How does Alzheimer's disease progress?,1.0,1.0,1.0,1.973,0.015932,10,27596
2,D,RomeCombined,1%,0.99,1.01,1.0,10,What are risk factors for stroke?,1.0,1.0,1.0,1.3592,0.007742,10,26768
2,D,RomeCombined,1%,0.99,1.01,1.0,10,How is asthma managed long-term?,1.0,1.0,1.0,2.164,0.006692,10,26816
2,D,RomeCombined,1%,0.99,1.01,1.0,10,What are signs of kidney disease?,1.0,1.0,1.0,1.8344,0.006628,10,25863
2,D,RomeCombined,1%,0.99,1.01,1.0,10,Describe rheumatoid arthritis treatment,1.0,1.0,1.0,1.8344,0.009156,10,25502
2,D,RomeCombined,1%,0.99,1.01,1.0,10,What causes Parkinson's disease?,1.0,1.0,1.0,1.973,0.015146,10,29192
2,D,RomeCombined,1%,0.99,1.01,1.0,10,How is multiple sclerosis diagnosed?,1.0,1.0,1.0,1.8344,0.01431,10,26259
2,D,RomeCombined,1%,0.99,1.01,1.0,10,What are symptoms of anemia?,1.0,1.0,1.0,1.6957,0.018157,10,25362
2,D,RomeCombined,1%,0.99,1.01,1.0,10,How is hypothyroidism treated?,1.0,1.0,1.0,1.5048,0.01442,10,26057
2,D,RomeCombined,1%,0.99,1.01,1.0,10,What causes chronic pain?,1.0,1.0,1.0,2.164,0.000764,10,25102
2,D,RomeCombined,1%,0.99,1.01,1.0,10,Describe COPD management,1.0,1.0,1.0,1.2206,0.024947,10,25220
2,D,RomeCombined,1%,0.99,1.01,1.0,10,What are signs of liver disease?,1.0,1.0,1.0,2.0253,0.001746,10,28671
2,D,RomeCombined,1%,0.99,1.01,1.0,10,How is epilepsy treated?,1.0,1.0,1.0,1.3592,0.017411,10,25592
2,D,RomeCombined,1%,0.99,1.01,1.0,10,What causes osteoporosis?,1.0,1.0,1.0,1.8344,0.014101,10,25236
2,D,RomeCombined,1%,0.99,1.01,1.0,10,Describe symptoms of anxiety disorder,1.0,1.0,1.0,1.6094,0.013878,10,25231
2,D,RomeCombined,1%,0.99,1.01,1.0,10,What medications are used for HIV/AIDS?,1.0,1.0,1.0,1.4979,0.009647,10,25323
2,D,RomeCombined,1%,0.99,1.01,1.0,10,How is pneumonia diagnosed?,1.0,1.0,1.0,1.8344,0.007221,10,25666
2,D,RomeCombined,1%,0.99,1.01,1.0,10,What causes inflammatory bowel disease?,1.0,1.0,1.0,2.164,0.00151,10,26100
2,D,RomeCombined,1%,0.99,1.01,1.0,10,Describe treatment for chronic kidney disease,1.0,1.0,1.0,1.3592,0.01659,10,28347
2,D,RomeCombined,1%,0.99,1.01,1.0,10,What are symptoms of schizophrenia?,1.0,1.0,1.0,1.4185,0.010786,10,25344
2,D,RomeCombined,1%,0.99,1.01,1.0,10,How is bipolar disorder managed?,1.0,1.0,1.0,1.4708,0.016092,10,25701
2,D,RomeCombined,1%,0.99,1.01,1.0,10,What causes psoriasis?,1.0,1.0,1.0,1.6094,0.016044,10,28564
2,D,RomeCombined,1%,0.99,1.01,1.0,10,Describe sepsis treatment,1.0,1.0,1.0,1.6434,0.017447,10,25586
2,D,RomeCombined,1%,0.99,1.01,1.0,10,What are risk factors for cancer?,1.0,1.0,1.0,1.8867,0.000534,10,25763
2,D,RomeCombined,1%,0.99,1.01,1.0,10,How is ALS diagnosed?,1.0,1.0,1.0,1.6094,0.011352,10,26541
2,D,RomeCombined,5%,0.95,1.05,5.0,10,What are the symptoms of type 2 diabetes?,1.0,1.0,0.9556,2.164,0.007868,9,31579
2,D,RomeCombined,5%,0.95,1.05,5.0,10,How is hypertension treated?,1.0,1.0,1.0,1.6094,0.007036,10,31854
2,D,RomeCombined,5%,0.95,1.05,5.0,10,What causes heart failure?,1.0,1.0,1.0,2.0253,0.006762,10,36416
2,D,RomeCombined,5%,0.95,1.05,5.0,10,Describe the symptoms of lupus,1.0,1.0,1.0,2.0253,0.014603,10,30651
2,D,RomeCombined,5%,0.95,1.05,5.0,10,What medications treat depression?,1.0,1.0,1.0,2.164,0.008091,10,23923
2,D,RomeCombined,5%,0.95,1.05,5.0,10,How does Alzheimer's disease progress?,1.0,1.0,1.0,1.973,0.015803,10,33869
2,D,RomeCombined,5%,0.95,1.05,5.0,10,What are risk factors for stroke?,1.0,1.0,0.9556,1.4185,0.007746,10,15904
2,D,RomeCombined,5%,0.95,1.05,5.0,10,How is asthma managed long-term?,1.0,1.0,1.0,2.164,0.006703,10,15284
2,D,RomeCombined,5%,0.95,1.05,5.0,10,What are signs of kidney disease?,1.0,1.0,1.0,1.8344,0.006686,10,14475
2,D,RomeCombined,5%,0.95,1.05,5.0,10,Describe rheumatoid arthritis treatment,1.0,1.0,1.0,1.8344,0.009003,10,15438
2,D,RomeCombined,5%,0.95,1.05,5.0,10,What causes Parkinson's disease?,1.0,1.0,0.9556,1.973,0.0151,10,16335
2,D,RomeCombined,5%,0.95,1.05,5.0,10,How is multiple sclerosis diagnosed?,1.0,1.0,1.0,1.8344,0.014235,10,17530
2,D,RomeCombined,5%,0.95,1.05,5.0,10,What are symptoms of anemia?,1.0,1.0,1.0,1.6957,0.018141,10,15894
2,D,RomeCombined,5%,0.95,1.05,5.0,10,How is hypothyroidism treated?,1.0,1.0,0.9556,1.5048,0.01446,10,34334
2,D,RomeCombined,5%,0.95,1.05,5.0,10,What causes chronic pain?,1.0,1.0,1.0,2.0253,0.000771,10,54931
2,D,RomeCombined,5%,0.95,1.05,5.0,10,Describe COPD management,1.0,1.0,1.0,1.2206,0.024732,10,22889
2,D,RomeCombined,5%,0.95,1.05,5.0,10,What are signs of liver disease?,1.0,1.0,1.0,2.0253,0.001756,10,13945
2,D,RomeCombined,5%,0.95,1.05,5.0,10,How is epilepsy treated?,1.0,1.0,1.0,1.3592,0.017527,10,14337
2,D,RomeCombined,5%,0.95,1.05,5.0,10,What causes osteoporosis?,1.0,1.0,0.9556,1.7481,0.014013,10,15284
2,D,RomeCombined,5%,0.95,1.05,5.0,10,Describe symptoms of anxiety disorder,1.0,1.0,1.0,1.6094,0.013806,10,16805
2,D,RomeCombined,5%,0.95,1.05,5.0,10,What medications are used for HIV/AIDS?,1.0,1.0,1.0,1.4979,0.009622,10,14185
2,D,RomeCombined,5%,0.95,1.05,5.0,10,How is pneumonia diagnosed?,1.0,1.0,1.0,1.7481,0.007264,10,15597
2,D,RomeCombined,5%,0.95,1.05,5.0,10,What causes inflammatory bowel disease?,1.0,1.0,1.0,2.164,0.001527,10,17162
2,D,RomeCombined,5%,0.95,1.05,5.0,10,Describe treatment for chronic kidney disease,1.0,1.0,1.0,1.3592,0.016676,10,17985
2,D,RomeCombined,5%,0.95,1.05,5.0,10,What are symptoms of schizophrenia?,0.9,0.9491,1.0,1.6094,0.010669,10,14339
2,D,RomeCombined,5%,0.95,1.05,5.0,10,How is bipolar disorder managed?,1.0,1.0,0.9556,1.4708,0.016103,10,15191
2,D,RomeCombined,5%,0.95,1.05,5.0,10,What causes psoriasis?,1.0,1.0,1.0,1.6094,0.01611,10,14476
2,D,RomeCombined,5%,0.95,1.05,5.0,10,Describe sepsis treatment,1.0,1.0,1.0,1.6434,0.01736,10,18514
2,D,RomeCombined,5%,0.95,1.05,5.0,10,What are risk factors for cancer?,1.0,1.0,0.9556,1.973,0.000532,10,12964
2,D,RomeCombined,5%,0.95,1.05,5.0,10,How is ALS diagnosed?,1.0,1.0,1.0,1.6094,0.011433,10,14707
2,D,RomeCombined,10%,0.9,1.1,10.0,10,What are the symptoms of type 2 diabetes?,1.0,1.0,1.0,2.0253,0.00789,10,26100
2,D,RomeCombined,10%,0.9,1.1,10.0,10,How is hypertension treated?,1.0,1.0,1.0,1.6094,0.006923,10,25795
2,D,RomeCombined,10%,0.9,1.1,10.0,10,What causes heart failure?,1.0,1.0,1.0,2.0253,0.006855,10,25380
2,D,RomeCombined,10%,0.9,1.1,10.0,10,Describe the symptoms of lupus,1.0,1.0,1.0,2.164,0.014569,10,27141
2,D,RomeCombined,10%,0.9,1.1,10.0,10,What medications treat depression?,1.0,1.0,1.0,1.8867,0.007944,10,24981
2,D,RomeCombined,10%,0.9,1.1,10.0,10,How does Alzheimer's disease progress?,1.0,1.0,1.0,1.973,0.015845,10,26573
2,D,RomeCombined,10%,0.9,1.1,10.0,10,What are risk factors for stroke?,1.0,1.0,0.9556,1.3592,0.007805,10,29040
2,D,RomeCombined,10%,0.9,1.1,10.0,10,How is asthma managed long-term?,1.0,1.0,1.0,2.164,0.006564,10,25310
2,D,RomeCombined,10%,0.9,1.1,10.0,10,What are signs of kidney disease?,1.0,1.0,1.0,1.8344,0.006723,10,29167
2,D,RomeCombined,10%,0.9,1.1,10.0,10,Describe rheumatoid arthritis treatment,1.0,1.0,1.0,1.8344,0.00888,10,29981
2,D,RomeCombined,10%,0.9,1.1,10.0,10,What causes Parkinson's disease?,1.0,1.0,1.0,1.973,0.014717,10,28191
2,D,RomeCombined,10%,0.9,1.1,10.0,10,How is multiple sclerosis diagnosed?,1.0,1.0,1.0,1.8344,0.014071,10,28961
2,D,RomeCombined,10%,0.9,1.1,10.0,10,What are symptoms of anemia?,1.0,1.0,0.9556,1.6957,0.018313,10,29176
2,D,RomeCombined,10%,0.9,1.1,10.0,10,How is hypothyroidism treated?,1.0,1.0,0.9556,1.5048,0.014357,10,36394
2,D,RomeCombined,10%,0.9,1.1,10.0,10,What causes chronic pain?,1.0,1.0,0.9556,2.0253,0.000769,10,29754
2,D,RomeCombined,10%,0.9,1.1,10.0,10,Describe COPD management,1.0,1.0,1.0,1.2206,0.024608,10,29262
2,D,RomeCombined,10%,0.9,1.1,10.0,10,What are signs of liver disease?,1.0,1.0,1.0,2.0253,0.001751,10,21268
2,D,RomeCombined,10%,0.9,1.1,10.0,10,How is epilepsy treated?,1.0,1.0,1.0,1.3592,0.017105,10,17150
2,D,RomeCombined,10%,0.9,1.1,10.0,10,What causes osteoporosis?,1.0,1.0,0.9556,1.8344,0.014121,10,17667
2,D,RomeCombined,10%,0.9,1.1,10.0,10,Describe symptoms of anxiety disorder,1.0,1.0,1.0,1.4708,0.013791,10,16562
2,D,RomeCombined,10%,0.9,1.1,10.0,10,What medications are used for HIV/AIDS?,1.0,1.0,1.0,1.4979,0.009421,10,15930
2,D,RomeCombined,10%,0.9,1.1,10.0,10,How is pneumonia diagnosed?,1.0,1.0,1.0,1.6957,0.007063,10,16345
2,D,RomeCombined,10%,0.9,1.1,10.0,10,What causes inflammatory bowel disease?,1.0,1.0,1.0,1.973,0.001462,9,16030
2,D,RomeCombined,10%,0.9,1.1,10.0,10,Describe treatment for chronic kidney disease,1.0,1.0,1.0,1.3592,0.016374,10,16645
2,D,RomeCombined,10%,0.9,1.1,10.0,10,What are symptoms of schizophrenia?,1.0,1.0,1.0,1.6957,0.010742,10,15046
2,D,RomeCombined,10%,0.9,1.1,10.0,10,How is bipolar disorder managed?,1.0,1.0,0.9111,1.2799,0.015871,10,15579
2,D,RomeCombined,10%,0.9,1.1,10.0,10,What causes psoriasis?,1.0,1.0,1.0,1.6094,0.015802,10,15082
2,D,RomeCombined,10%,0.9,1.1,10.0,10,Describe sepsis treatment,1.0,1.0,1.0,1.6434,0.016906,9,17552
2,D,RomeCombined,10%,0.9,1.1,10.0,10,What are risk factors for cancer?,1.0,1.0,0.9556,2.0253,0.000559,10,15024
2,D,RomeCombined,10%,0.9,1.1,10.0,10,How is ALS diagnosed?,1.0,1.0,1.0,1.6094,0.011364,10,15387
2,D,RomeCombined,20%,0.8,1.2,20.0,10,What are the symptoms of type 2 diabetes?,1.0,0.9999,0.9556,1.8867,0.007319,10,29090
2,D,RomeCombined,20%,0.8,1.2,20.0,10,How is hypertension treated?,1.0,1.0,1.0,1.8867,0.006558,10,28943
2,D,RomeCombined,20%,0.8,1.2,20.0,10,What causes heart failure?,1.0,0.9998,0.9111,2.0253,0.00645,10,29178
2,D,RomeCombined,20%,0.8,1.2,20.0,10,Describe the symptoms of lupus,1.0,1.0,0.9556,1.8867,0.013695,10,27988
2,D,RomeCombined,20%,0.8,1.2,20.0,10,What medications treat depression?,1.0,1.0,1.0,2.164,0.007547,10,27530
2,D,RomeCombined,20%,0.8,1.2,20.0,10,How does Alzheimer's disease progress?,1.0,1.0,1.0,1.973,0.015062,10,20835
2,D,RomeCombined,20%,0.8,1.2,20.0,10,What are risk factors for stroke?,0.9,0.9461,1.0,1.3592,0.007408,10,19741
2,D,RomeCombined,20%,0.8,1.2,20.0,10,How is asthma managed long-term?,1.0,1.0,1.0,2.164,0.006525,10,21195
2,D,RomeCombined,20%,0.8,1.2,20.0,10,What are signs of kidney disease?,1.0,1.0,0.9556,2.0253,0.006495,10,20747
2,D,RomeCombined,20%,0.8,1.2,20.0,10,Describe rheumatoid arthritis treatment,1.0,1.0,1.0,1.8344,0.008274,10,21347
2,D,RomeCombined,20%,0.8,1.2,20.0,10,What causes Parkinson's disease?,1.0,1.0,1.0,2.0253,0.014913,10,20565
2,D,RomeCombined,20%,0.8,1.2,20.0,10,How is multiple sclerosis diagnosed?,1.0,1.0,1.0,1.8344,0.013803,10,21688
2,D,RomeCombined,20%,0.8,1.2,20.0,10,What are symptoms of anemia?,1.0,0.9991,0.9111,1.6957,0.016846,10,20020
2,D,RomeCombined,20%,0.8,1.2,20.0,10,How is hypothyroidism treated?,1.0,1.0,1.0,1.5048,0.013623,10,20683
2,D,RomeCombined,20%,0.8,1.2,20.0,10,What causes chronic pain?,1.0,0.9999,0.9111,1.973,0.000748,10,20206
2,D,RomeCombined,20%,0.8,1.2,20.0,10,Describe COPD management,0.9,0.9606,1.0,1.3592,0.023455,10,20551
2,D,RomeCombined,20%,0.8,1.2,20.0,10,What are signs of liver disease?,0.9,0.9462,0.9444,2.0253,0.001609,10,21890
2,D,RomeCombined,20%,0.8,1.2,20.0,10,How is epilepsy treated?,1.0,0.9995,0.9111,1.3592,0.016241,10,21414
2,D,RomeCombined,20%,0.8,1.2,20.0,10,What causes osteoporosis?,1.0,1.0,1.0,1.8344,0.013838,10,23703
2,D,RomeCombined,20%,0.8,1.2,20.0,10,Describe symptoms of anxiety disorder,1.0,1.0,1.0,1.5048,0.012812,10,20842
2,D,RomeCombined,20%,0.8,1.2,20.0,10,What medications are used for HIV/AIDS?,1.0,1.0,1.0,1.4979,0.009262,10,20740
2,D,RomeCombined,20%,0.8,1.2,20.0,10,How is pneumonia diagnosed?,1.0,1.0,0.9556,1.7481,0.007189,10,23557
2,D,RomeCombined,20%,0.8,1.2,20.0,10,What causes inflammatory bowel disease?,1.0,1.0,1.0,2.164,0.001345,10,20246
2,D,RomeCombined,20%,0.8,1.2,20.0,10,Describe treatment for chronic kidney disease,1.0,1.0,0.9556,1.3592,0.016159,10,22672
2,D,RomeCombined,20%,0.8,1.2,20.0,10,What are symptoms of schizophrenia?,1.0,1.0,0.9556,1.5048,0.009901,10,19992
2,D,RomeCombined,20%,0.8,1.2,20.0,10,How is bipolar disorder managed?,1.0,1.0,1.0,1.4708,0.015208,10,20297
2,D,RomeCombined,20%,0.8,1.2,20.0,10,What causes psoriasis?,1.0,1.0,0.9556,1.6094,0.015448,10,20696
2,D,RomeCombined,20%,0.8,1.2,20.0,10,Describe sepsis treatment,1.0,1.0,1.0,1.6434,0.016354,10,19944
2,D,RomeCombined,20%,0.8,1.2,20.0,10,What are risk factors for cancer?,1.0,0.9999,0.8667,1.8867,0.000518,10,21058
2,D,RomeCombined,20%,0.8,1.2,20.0,10,How is ALS diagnosed?,1.0,1.0,1.0,1.6094,0.010309,10,20187
2,D,RomeCombined,30%,0.7,1.3,30.0,10,What are the symptoms of type 2 diabetes?,0.9,0.9512,0.8889,2.0253,0.007252,10,27565
2,D,RomeCombined,30%,0.7,1.3,30.0,10,How is hypertension treated?,1.0,1.0,0.9556,1.6094,0.006455,10,26125
2,D,RomeCombined,30%,0.7,1.3,30.0,10,What causes heart failure?,0.9,0.9501,1.0,1.8867,0.005972,10,26649
2,D,RomeCombined,30%,0.7,1.3,30.0,10,Describe the symptoms of lupus,1.0,1.0,0.9556,1.8867,0.012808,10,25643
2,D,RomeCombined,30%,0.7,1.3,30.0,10,What medications treat depression?,1.0,1.0,1.0,2.0253,0.007664,10,25047
2,D,RomeCombined,30%,0.7,1.3,30.0,10,How does Alzheimer's disease progress?,1.0,1.0,0.9556,1.973,0.014915,10,27186
2,D,RomeCombined,30%,0.7,1.3,30.0,10,What are risk factors for stroke?,1.0,1.0,0.9556,1.3592,0.006931,10,27682
2,D,RomeCombined,30%,0.7,1.3,30.0,10,How is asthma managed long-term?,1.0,1.0,1.0,2.164,0.006014,10,26054
2,D,RomeCombined,30%,0.7,1.3,30.0,10,What are signs of kidney disease?,1.0,0.9999,0.9111,1.6957,0.006251,10,25344
2,D,RomeCombined,30%,0.7,1.3,30.0,10,Describe rheumatoid arthritis treatment,1.0,0.9998,0.9111,1.8344,0.007788,10,26544
2,D,RomeCombined,30%,0.7,1.3,30.0,10,What causes Parkinson's disease?,1.0,1.0,0.9556,1.973,0.013365,10,25523
2,D,RomeCombined,30%,0.7,1.3,30.0,10,How is multiple sclerosis diagnosed?,0.9,0.9565,0.9444,1.973,0.012875,10,34138
2,D,RomeCombined,30%,0.7,1.3,30.0,10,What are symptoms of anemia?,1.0,1.0,0.9556,1.6957,0.016222,10,29473
2,D,RomeCombined,30%,0.7,1.3,30.0,10,How is hypothyroidism treated?,1.0,1.0,0.9556,1.8344,0.013567,10,28275
2,D,RomeCombined,30%,0.7,1.3,30.0,10,What causes chronic pain?,0.9,0.9426,1.0,2.0253,0.000682,10,19530
2,D,RomeCombined,30%,0.7,1.3,30.0,10,Describe COPD management,1.0,1.0,1.0,1.2206,0.022178,10,16252
2,D,RomeCombined,30%,0.7,1.3,30.0,10,What are signs of liver disease?,0.9,0.946,0.8333,1.8867,0.001496,10,15268
2,D,RomeCombined,30%,0.7,1.3,30.0,10,How is epilepsy treated?,1.0,0.9995,0.8222,1.3592,0.015253,10,12066
2,D,RomeCombined,30%,0.7,1.3,30.0,10,What causes osteoporosis?,1.0,1.0,1.0,1.8867,0.012951,10,13255
2,D,RomeCombined,30%,0.7,1.3,30.0,10,Describe symptoms of anxiety disorder,0.9,0.9505,0.8333,1.4708,0.011443,10,12792
2,D,RomeCombined,30%,0.7,1.3,30.0,10,What medications are used for HIV/AIDS?,1.0,1.0,0.9556,1.4979,0.00827,10,11966
2,D,RomeCombined,30%,0.7,1.3,30.0,10,How is pneumonia diagnosed?,0.9,0.9451,1.0,1.7481,0.007372,9,12789
2,D,RomeCombined,30%,0.7,1.3,30.0,10,What causes inflammatory bowel disease?,1.0,0.9999,0.8667,1.973,0.001466,10,12703
2,D,RomeCombined,30%,0.7,1.3,30.0,10,Describe treatment for chronic kidney disease,1.0,0.9999,0.8667,1.3592,0.014522,10,12431
2,D,RomeCombined,30%,0.7,1.3,30.0,10,What are symptoms of schizophrenia?,0.9,0.9442,0.8333,1.6957,0.010372,10,12646
2,D,RomeCombined,30%,0.7,1.3,30.0,10,How is bipolar disorder managed?,1.0,1.0,0.8222,1.6957,0.014405,10,13716
2,D,RomeCombined,30%,0.7,1.3,30.0,10,What causes psoriasis?,1.0,0.9999,0.8667,1.6094,0.014763,10,12241
2,D,RomeCombined,30%,0.7,1.3,30.0,10,Describe sepsis treatment,1.0,1.0,0.9556,1.8344,0.015876,10,12785
2,D,RomeCombined,30%,0.7,1.3,30.0,10,What are risk factors for cancer?,1.0,0.9999,0.8667,2.0253,0.000619,10,13131
2,D,RomeCombined,30%,0.7,1.3,30.0,10,How is ALS diagnosed?,1.0,1.0,0.9111,1.6094,0.010278,10,12788
2,D,RomeCombined,50%,0.5,1.5,50.0,10,What are the symptoms of type 2 diabetes?,1.0,0.9999,0.9556,2.0253,0.005362,10,25259
2,D,RomeCombined,50%,0.5,1.5,50.0,10,How is hypertension treated?,0.9,0.9528,0.8889,1.8867,0.005088,10,28697
2,D,RomeCombined,50%,0.5,1.5,50.0,10,What causes heart failure?,1.0,0.9996,0.8667,1.5048,0.004521,10,24871
2,D,RomeCombined,50%,0.5,1.5,50.0,10,Describe the symptoms of lupus,0.9,0.9541,1.0,2.0253,0.010119,10,24518
2,D,RomeCombined,50%,0.5,1.5,50.0,10,What medications treat depression?,1.0,1.0,1.0,2.164,0.005483,10,25895
2,D,RomeCombined,50%,0.5,1.5,50.0,10,How does Alzheimer's disease progress?,1.0,1.0,0.9556,1.973,0.010765,10,24867
2,D,RomeCombined,50%,0.5,1.5,50.0,10,What are risk factors for stroke?,0.8,0.8832,0.8571,1.4979,0.005687,10,24229
2,D,RomeCombined,50%,0.5,1.5,50.0,10,How is asthma managed long-term?,1.0,0.9999,0.9111,1.8867,0.004545,10,26074
2,D,RomeCombined,50%,0.5,1.5,50.0,10,What are signs of kidney disease?,0.9,0.9484,0.7778,1.8344,0.005367,10,27824
2,D,RomeCombined,50%,0.5,1.5,50.0,10,Describe rheumatoid arthritis treatment,1.0,1.0,0.9556,1.8344,0.006791,10,24303
2,D,RomeCombined,50%,0.5,1.5,50.0,10,What causes Parkinson's disease?,1.0,1.0,1.0,1.973,0.010598,10,24479
2,D,RomeCombined,50%,0.5,1.5,50.0,10,How is multiple sclerosis diagnosed?,0.9,0.9565,0.9444,2.164,0.01018,10,25164
2,D,RomeCombined,50%,0.5,1.5,50.0,10,What are symptoms of anemia?,1.0,1.0,0.9556,1.7481,0.013669,10,28178
2,D,RomeCombined,50%,0.5,1.5,50.0,10,How is hypothyroidism treated?,1.0,0.9999,0.9111,1.6434,0.009771,10,24723
2,D,RomeCombined,50%,0.5,1.5,50.0,10,What causes chronic pain?,1.0,0.9988,0.7333,2.0253,0.000466,10,23742
2,D,RomeCombined,50%,0.5,1.5,50.0,10,Describe COPD management,1.0,0.9999,0.8667,1.2275,0.017071,10,22687
2,D,RomeCombined,50%,0.5,1.5,50.0,10,What are signs of liver disease?,0.9,0.9459,0.8333,1.973,0.00128,10,23813
2,D,RomeCombined,50%,0.5,1.5,50.0,10,How is epilepsy treated?,0.9,0.9592,0.8889,1.6094,0.013403,10,23838
2,D,RomeCombined,50%,0.5,1.5,50.0,10,What causes osteoporosis?,1.0,1.0,1.0,1.8867,0.009328,10,23527
2,D,RomeCombined,50%,0.5,1.5,50.0,10,Describe symptoms of anxiety disorder,0.9,0.9457,0.9444,1.6434,0.010372,10,22824
2,D,RomeCombined,50%,0.5,1.5,50.0,10,What medications are used for HIV/AIDS?,1.0,0.9999,0.8667,1.4979,0.007278,10,23323
2,D,RomeCombined,50%,0.5,1.5,50.0,10,How is pneumonia diagnosed?,0.9,0.9473,0.8889,1.6434,0.004226,10,24302
2,D,RomeCombined,50%,0.5,1.5,50.0,10,What causes inflammatory bowel disease?,0.9,0.9464,0.8889,2.0253,0.000889,10,23829
2,D,RomeCombined,50%,0.5,1.5,50.0,10,Describe treatment for chronic kidney disease,1.0,0.9999,0.8667,1.0889,0.012186,10,23184
2,D,RomeCombined,50%,0.5,1.5,50.0,10,What are symptoms of schizophrenia?,0.9,0.9489,0.7222,1.3592,0.008638,10,24171
2,D,RomeCombined,50%,0.5,1.5,50.0,10,How is bipolar disorder managed?,1.0,1.0,0.9556,1.6094,0.011514,10,24154
2,D,RomeCombined,50%,0.5,1.5,50.0,10,What causes psoriasis?,1.0,0.9997,0.8667,1.4185,0.011314,10,23306
2,D,RomeCombined,50%,0.5,1.5,50.0,10,Describe sepsis treatment,1.0,1.0,0.9556,1.6434,0.012933,10,25475
2,D,RomeCombined,50%,0.5,1.5,50.0,10,What are risk factors for cancer?,0.9,0.9369,0.7222,1.8344,0.000299,10,26487
2,D,RomeCombined,50%,0.5,1.5,50.0,10,How is ALS diagnosed?,1.0,1.0,0.9111,1.6094,0.008443,10,24232
2,D,RomeCombined,70%,0.3,1.7,70.0,10,What are the symptoms of type 2 diabetes?,0.9,0.9511,0.8333,1.7481,0.003379,10,25353
2,D,RomeCombined,70%,0.3,1.7,70.0,10,How is hypertension treated?,1.0,0.9997,0.8222,1.8344,0.002973,10,24861
2,D,RomeCombined,70%,0.3,1.7,70.0,10,What causes heart failure?,0.9,0.9497,0.8333,1.7481,0.003075,10,23274
2,D,RomeCombined,70%,0.3,1.7,70.0,10,Describe the symptoms of lupus,0.9,0.954,0.9444,1.8867,0.006299,10,25239
2,D,RomeCombined,70%,0.3,1.7,70.0,10,What medications treat depression?,1.0,0.9999,0.9556,1.8867,0.003777,10,24355
2,D,RomeCombined,70%,0.3,1.7,70.0,10,How does Alzheimer's disease progress?,1.0,1.0,0.9556,1.973,0.007511,10,27383
2,D,RomeCombined,70%,0.3,1.7,70.0,10,What are risk factors for stroke?,0.8,0.8756,1.0,1.1683,0.002868,9,24586
2,D,RomeCombined,70%,0.3,1.7,70.0,10,How is asthma managed long-term?,1.0,1.0,1.0,1.8344,0.003,10,25391
2,D,RomeCombined,70%,0.3,1.7,70.0,10,What are signs of kidney disease?,1.0,0.9999,0.8667,2.164,0.002791,10,24639
2,D,RomeCombined,70%,0.3,1.7,70.0,10,Describe rheumatoid arthritis treatment,1.0,0.9997,0.8667,1.7481,0.003854,10,24784
2,D,RomeCombined,70%,0.3,1.7,70.0,10,What causes Parkinson's disease?,1.0,1.0,1.0,2.164,0.007157,10,24946
2,D,RomeCombined,70%,0.3,1.7,70.0,10,How is multiple sclerosis diagnosed?,1.0,0.9999,0.8667,1.8344,0.006073,10,24704
2,D,RomeCombined,70%,0.3,1.7,70.0,10,What are symptoms of anemia?,1.0,0.9991,0.9111,1.6957,0.007928,10,25149
2,D,RomeCombined,70%,0.3,1.7,70.0,10,How is hypothyroidism treated?,1.0,1.0,0.9556,1.6434,0.005971,10,25665
2,D,RomeCombined,70%,0.3,1.7,70.0,10,What causes chronic pain?,0.9,0.9399,0.7778,2.0253,0.000287,10,24509
2,D,RomeCombined,70%,0.3,1.7,70.0,10,Describe COPD management,1.0,1.0,0.9556,1.4979,0.010982,10,24011
2,D,RomeCombined,70%,0.3,1.7,70.0,10,What are signs of liver disease?,0.9,0.9447,0.6667,1.3592,0.000685,10,25512
2,D,RomeCombined,70%,0.3,1.7,70.0,10,How is epilepsy treated?,0.9,0.957,0.8333,1.3592,0.007403,10,26201
2,D,RomeCombined,70%,0.3,1.7,70.0,10,What causes osteoporosis?,1.0,0.9998,0.9111,1.4708,0.005878,10,25237
2,D,RomeCombined,70%,0.3,1.7,70.0,10,Describe symptoms of anxiety disorder,0.9,0.9504,0.7222,1.5048,0.007146,10,24213
2,D,RomeCombined,70%,0.3,1.7,70.0,10,What medications are used for HIV/AIDS?,1.0,0.9998,0.8222,1.4979,0.004389,9,26821
2,D,RomeCombined,70%,0.3,1.7,70.0,10,How is pneumonia diagnosed?,1.0,0.9999,0.9556,1.8344,0.002776,10,24505
2,D,RomeCombined,70%,0.3,1.7,70.0,10,What causes inflammatory bowel disease?,0.9,0.9439,0.8333,2.0253,0.000758,10,25128
2,D,RomeCombined,70%,0.3,1.7,70.0,10,Describe treatment for chronic kidney disease,1.0,0.9998,0.8222,1.3592,0.006813,10,25622
2,D,RomeCombined,70%,0.3,1.7,70.0,10,What are symptoms of schizophrenia?,0.9,0.944,0.8889,1.6957,0.004547,10,26770
2,D,RomeCombined,70%,0.3,1.7,70.0,10,How is bipolar disorder managed?,1.0,0.9998,0.8667,1.4185,0.007461,10,25137
2,D,RomeCombined,70%,0.3,1.7,70.0,10,What causes psoriasis?,1.0,0.9998,0.8222,1.8867,0.006955,10,24102
2,D,RomeCombined,70%,0.3,1.7,70.0,10,Describe sepsis treatment,0.9,0.9615,0.8889,1.6434,0.007449,10,25372
2,D,RomeCombined,70%,0.3,1.7,70.0,10,What are risk factors for cancer?,0.9,0.9289,0.7778,2.0253,0.000233,10,25168
2,D,RomeCombined,70%,0.3,1.7,70.0,10,How is ALS diagnosed?,0.9,0.9518,0.9444,1.6094,0.004989,10,24142
2,D,CkksCombined,1%,0.99,1.01,1.0,10,What are the symptoms of type 2 diabetes?,1.0,1.0,1.0,2.164,0.007896,10,6129188
2,D,CkksCombined,1%,0.99,1.01,1.0,10,How is hypertension treated?,1.0,1.0,1.0,1.6094,0.00704,10,6089917
2,D,CkksCombined,1%,0.99,1.01,1.0,10,What causes heart failure?,1.0,1.0,1.0,2.0253,0.006814,10,6129848
2,D,CkksCombined,1%,0.99,1.01,1.0,10,Describe the symptoms of lupus,1.0,1.0,1.0,2.0253,0.014655,10,6110047
2,D,CkksCombined,1%,0.99,1.01,1.0,10,What medications treat depression?,1.0,1.0,1.0,2.164,0.008105,10,6062519
2,D,CkksCombined,1%,0.99,1.01,1.0,10,How does Alzheimer's disease progress?,1.0,1.0,1.0,1.973,0.015879,10,6072643
2,D,CkksCombined,1%,0.99,1.01,1.0,10,What are risk factors for stroke?,1.0,1.0,1.0,1.4185,0.00775,10,6095997
2,D,CkksCombined,1%,0.99,1.01,1.0,10,How is asthma managed long-term?,1.0,1.0,1.0,2.164,0.006699,10,6153723
2,D,CkksCombined,1%,0.99,1.01,1.0,10,What are signs of kidney disease?,1.0,1.0,1.0,1.8344,0.006664,10,6096065
2,D,CkksCombined,1%,0.99,1.01,1.0,10,Describe rheumatoid arthritis treatment,1.0,1.0,1.0,1.8344,0.009152,10,6122189
2,D,CkksCombined,1%,0.99,1.01,1.0,10,What causes Parkinson's disease?,1.0,1.0,1.0,1.973,0.015146,10,6100186
2,D,CkksCombined,1%,0.99,1.01,1.0,10,How is multiple sclerosis diagnosed?,1.0,1.0,1.0,1.8344,0.014313,10,6172656
2,D,CkksCombined,1%,0.99,1.01,1.0,10,What are symptoms of anemia?,1.0,1.0,1.0,1.6957,0.018193,10,6138490
2,D,CkksCombined,1%,0.99,1.01,1.0,10,How is hypothyroidism treated?,1.0,1.0,1.0,1.5048,0.014431,10,6091754
2,D,CkksCombined,1%,0.99,1.01,1.0,10,What causes chronic pain?,1.0,1.0,1.0,2.164,0.000763,10,6122625
2,D,CkksCombined,1%,0.99,1.01,1.0,10,Describe COPD management,1.0,1.0,1.0,1.2206,0.024935,10,6098274
2,D,CkksCombined,1%,0.99,1.01,1.0,10,What are signs of liver disease?,1.0,1.0,1.0,2.0253,0.001747,10,6084319
2,D,CkksCombined,1%,0.99,1.01,1.0,10,How is epilepsy treated?,1.0,1.0,1.0,1.3592,0.017394,10,6114810
2,D,CkksCombined,1%,0.99,1.01,1.0,10,What causes osteoporosis?,1.0,1.0,1.0,1.8344,0.014121,10,6183864
2,D,CkksCombined,1%,0.99,1.01,1.0,10,Describe symptoms of anxiety disorder,1.0,1.0,1.0,1.6094,0.013917,10,6332505
2,D,CkksCombined,1%,0.99,1.01,1.0,10,What medications are used for HIV/AIDS?,1.0,1.0,1.0,1.4979,0.009623,10,6134064
2,D,CkksCombined,1%,0.99,1.01,1.0,10,How is pneumonia diagnosed?,1.0,1.0,1.0,1.8344,0.007185,10,6085510
2,D,CkksCombined,1%,0.99,1.01,1.0,10,What causes inflammatory bowel disease?,1.0,1.0,0.9556,2.164,0.001499,10,6114230
2,D,CkksCombined,1%,0.99,1.01,1.0,10,Describe treatment for chronic kidney disease,1.0,1.0,1.0,1.3592,0.016614,10,6106752
2,D,CkksCombined,1%,0.99,1.01,1.0,10,What are symptoms of schizophrenia?,1.0,1.0,1.0,1.4708,0.010831,10,6097233
2,D,CkksCombined,1%,0.99,1.01,1.0,10,How is bipolar disorder managed?,1.0,1.0,0.9111,1.4708,0.016142,9,6113677
2,D,CkksCombined,1%,0.99,1.01,1.0,10,What causes psoriasis?,1.0,1.0,1.0,1.6094,0.016089,10,6111434
2,D,CkksCombined,1%,0.99,1.01,1.0,10,Describe sepsis treatment,1.0,1.0,1.0,1.6434,0.01742,10,6193438
2,D,CkksCombined,1%,0.99,1.01,1.0,10,What are risk factors for cancer?,1.0,1.0,1.0,1.8867,0.000539,10,6149747
2,D,CkksCombined,1%,0.99,1.01,1.0,10,How is ALS diagnosed?,1.0,1.0,1.0,1.6094,0.011337,10,6072659
2,D,CkksCombined,5%,0.95,1.05,5.0,10,What are the symptoms of type 2 diabetes?,1.0,1.0,1.0,2.0253,0.007819,10,6236811
2,D,CkksCombined,5%,0.95,1.05,5.0,10,How is hypertension treated?,1.0,1.0,1.0,1.6094,0.006986,10,6106668
2,D,CkksCombined,5%,0.95,1.05,5.0,10,What causes heart failure?,1.0,1.0,1.0,2.0253,0.006797,10,6218245
2,D,CkksCombined,5%,0.95,1.05,5.0,10,Describe the symptoms of lupus,1.0,1.0,1.0,2.0253,0.014364,10,6157712
2,D,CkksCombined,5%,0.95,1.05,5.0,10,What medications treat depression?,1.0,1.0,1.0,2.164,0.007985,10,6255983
2,D,CkksCombined,5%,0.95,1.05,5.0,10,How does Alzheimer's disease progress?,1.0,1.0,1.0,1.973,0.015436,10,6195691
2,D,CkksCombined,5%,0.95,1.05,5.0,10,What are risk factors for stroke?,1.0,1.0,1.0,1.4185,0.007664,10,6238415
2,D,CkksCombined,5%,0.95,1.05,5.0,10,How is asthma managed long-term?,1.0,1.0,1.0,2.0253,0.006595,10,6121403
2,D,CkksCombined,5%,0.95,1.05,5.0,10,What are signs of kidney disease?,1.0,1.0,1.0,1.8344,0.006578,10,6256349
2,D,CkksCombined,5%,0.95,1.05,5.0,10,Describe rheumatoid arthritis treatment,1.0,1.0,1.0,1.8344,0.009162,10,6093616
2,D,CkksCombined,5%,0.95,1.05,5.0,10,What causes Parkinson's disease?,1.0,1.0,1.0,1.973,0.01503,10,6723260
2,D,CkksCombined,5%,0.95,1.05,5.0,10,How is multiple sclerosis diagnosed?,1.0,1.0,1.0,1.8344,0.014334,10,6141906
2,D,CkksCombined,5%,0.95,1.05,5.0,10,What are symptoms of anemia?,1.0,1.0,1.0,1.6957,0.018268,10,6371190
2,D,CkksCombined,5%,0.95,1.05,5.0,10,How is hypothyroidism treated?,1.0,1.0,0.9556,1.5048,0.014318,10,6109360
2,D,CkksCombined,5%,0.95,1.05,5.0,10,What causes chronic pain?,1.0,1.0,1.0,2.164,0.000758,10,6902553
2,D,CkksCombined,5%,0.95,1.05,5.0,10,Describe COPD management,1.0,1.0,1.0,1.2206,0.024785,10,6135090
2,D,CkksCombined,5%,0.95,1.05,5.0,10,What are signs of liver disease?,1.0,1.0,1.0,2.0253,0.00174,10,6256466
2,D,CkksCombined,5%,0.95,1.05,5.0,10,How is epilepsy treated?,0.9,0.9613,1.0,1.3592,0.017456,10,6093792
2,D,CkksCombined,5%,0.95,1.05,5.0,10,What causes osteoporosis?,1.0,1.0,1.0,1.7481,0.014082,10,6228127
2,D,CkksCombined,5%,0.95,1.05,5.0,10,Describe symptoms of anxiety disorder,1.0,1.0,1.0,1.4708,0.014004,10,6096918
2,D,CkksCombined,5%,0.95,1.05,5.0,10,What medications are used for HIV/AIDS?,1.0,1.0,1.0,1.4979,0.0096,10,6246658
2,D,CkksCombined,5%,0.95,1.05,5.0,10,How is pneumonia diagnosed?,1.0,1.0,1.0,1.8344,0.007185,10,6122923
2,D,CkksCombined,5%,0.95,1.05,5.0,10,What causes inflammatory bowel disease?,1.0,1.0,1.0,1.973,0.001472,9,6272762
2,D,CkksCombined,5%,0.95,1.05,5.0,10,Describe treatment for chronic kidney disease,1.0,1.0,1.0,1.3592,0.016422,10,6113784
2,D,CkksCombined,5%,0.95,1.05,5.0,10,What are symptoms of schizophrenia?,1.0,1.0,0.9556,1.4708,0.010734,10,6236679
2,D,CkksCombined,5%,0.95,1.05,5.0,10,How is bipolar disorder managed?,1.0,1.0,0.9556,1.4708,0.016095,9,6100996
2,D,CkksCombined,5%,0.95,1.05,5.0,10,What causes psoriasis?,1.0,1.0,1.0,1.6094,0.016007,10,6245933
2,D,CkksCombined,5%,0.95,1.05,5.0,10,Describe sepsis treatment,1.0,1.0,1.0,1.6434,0.017272,9,6093658
2,D,CkksCombined,5%,0.95,1.05,5.0,10,What are risk factors for cancer?,1.0,1.0,1.0,1.8867,0.000556,10,6282582
2,D,CkksCombined,5%,0.95,1.05,5.0,10,How is ALS diagnosed?,1.0,1.0,1.0,1.6094,0.011167,10,6123052
2,D,CkksCombined,10%,0.9,1.1,10.0,10,What are the symptoms of type 2 diabetes?,0.9,0.9513,0.9444,2.0253,0.007673,9,6213895
2,D,CkksCombined,10%,0.9,1.1,10.0,10,How is hypertension treated?,1.0,1.0,1.0,1.6094,0.007033,10,6091740
2,D,CkksCombined,10%,0.9,1.1,10.0,10,What causes heart failure?,1.0,1.0,1.0,1.8867,0.006791,10,6273655
2,D,CkksCombined,10%,0.9,1.1,10.0,10,Describe the symptoms of lupus,1.0,1.0,1.0,2.0253,0.014361,10,6086889
2,D,CkksCombined,10%,0.9,1.1,10.0,10,What medications treat depression?,1.0,1.0,1.0,2.3026,0.007928,10,6229293
2,D,CkksCombined,10%,0.9,1.1,10.0,10,How does Alzheimer's disease progress?,1.0,1.0,0.9556,1.973,0.01544,10,6123110
2,D,CkksCombined,10%,0.9,1.1,10.0,10,What are risk factors for stroke?,1.0,1.0,0.9556,1.2275,0.00774,10,6258362
2,D,CkksCombined,10%,0.9,1.1,10.0,10,How is asthma managed long-term?,1.0,1.0,1.0,2.0253,0.006482,10,6082684
2,D,CkksCombined,10%,0.9,1.1,10.0,10,What are signs of kidney disease?,1.0,1.0,1.0,1.8344,0.006399,10,6261443
2,D,CkksCombined,10%,0.9,1.1,10.0,10,Describe rheumatoid arthritis treatment,1.0,1.0,1.0,1.8344,0.008832,10,6099422
2,D,CkksCombined,10%,0.9,1.1,10.0,10,What causes Parkinson's disease?,1.0,1.0,0.9556,1.973,0.014925,10,6236162
2,D,CkksCombined,10%,0.9,1.1,10.0,10,How is multiple sclerosis diagnosed?,1.0,1.0,1.0,1.973,0.014311,10,6102735
2,D,CkksCombined,10%,0.9,1.1,10.0,10,What are symptoms of anemia?,1.0,1.0,0.9111,1.6957,0.018333,10,6248514
2,D,CkksCombined,10%,0.9,1.1,10.0,10,How is hypothyroidism treated?,1.0,0.9999,0.9111,1.5048,0.014386,10,6134440
2,D,CkksCombined,10%,0.9,1.1,10.0,10,What causes chronic pain?,1.0,1.0,0.9556,2.0253,0.00077,10,6270627
2,D,CkksCombined,10%,0.9,1.1,10.0,10,Describe COPD management,1.0,1.0,1.0,1.2206,0.02443,10,6104649
2,D,CkksCombined,10%,0.9,1.1,10.0,10,What are signs of liver disease?,0.9,0.9463,1.0,2.0253,0.001842,10,6269713
2,D,CkksCombined,10%,0.9,1.1,10.0,10,How is epilepsy treated?,1.0,1.0,1.0,1.3592,0.0171,10,6253352
2,D,CkksCombined,10%,0.9,1.1,10.0,10,What causes osteoporosis?,1.0,1.0,0.9556,1.8344,0.013543,10,6344538
2,D,CkksCombined,10%,0.9,1.1,10.0,10,Describe symptoms of anxiety disorder,1.0,1.0,0.9556,1.6094,0.013564,10,6072543
2,D,CkksCombined,10%,0.9,1.1,10.0,10,What medications are used for HIV/AIDS?,1.0,1.0,1.0,1.4979,0.00939,10,6223717
2,D,CkksCombined,10%,0.9,1.1,10.0,10,How is pneumonia diagnosed?,1.0,1.0,1.0,1.8344,0.007228,10,6099423
2,D,CkksCombined,10%,0.9,1.1,10.0,10,What causes inflammatory bowel disease?,1.0,0.9999,0.9111,2.164,0.001524,10,6220800
2,D,CkksCombined,10%,0.9,1.1,10.0,10,Describe treatment for chronic kidney disease,1.0,1.0,1.0,1.3592,0.016225,10,6114891
2,D,CkksCombined,10%,0.9,1.1,10.0,10,What are symptoms of schizophrenia?,0.9,0.9468,1.0,1.6094,0.010829,10,6289804
2,D,CkksCombined,10%,0.9,1.1,10.0,10,How is bipolar disorder managed?,1.0,1.0,0.9111,1.2799,0.01605,10,6099853
2,D,CkksCombined,10%,0.9,1.1,10.0,10,What causes psoriasis?,1.0,1.0,1.0,1.6094,0.015727,10,6231339
2,D,CkksCombined,10%,0.9,1.1,10.0,10,Describe sepsis treatment,1.0,1.0,1.0,1.6434,0.016695,10,6139441
2,D,CkksCombined,10%,0.9,1.1,10.0,10,What are risk factors for cancer?,1.0,1.0,0.9111,2.164,0.000536,10,6290030
2,D,CkksCombined,10%,0.9,1.1,10.0,10,How is ALS diagnosed?,1.0,1.0,1.0,1.6094,0.011018,10,6087462
2,D,CkksCombined,20%,0.8,1.2,20.0,10,What are the symptoms of type 2 diabetes?,0.9,0.9513,1.0,2.0253,0.007375,10,6197712
2,D,CkksCombined,20%,0.8,1.2,20.0,10,How is hypertension treated?,1.0,1.0,1.0,1.6094,0.006878,10,6130900
2,D,CkksCombined,20%,0.8,1.2,20.0,10,What causes heart failure?,0.9,0.9501,1.0,2.164,0.006135,10,6210174
2,D,CkksCombined,20%,0.8,1.2,20.0,10,Describe the symptoms of lupus,1.0,1.0,1.0,1.8867,0.014049,10,6091945
2,D,CkksCombined,20%,0.8,1.2,20.0,10,What medications treat depression?,1.0,1.0,1.0,2.164,0.00761,10,6180692
2,D,CkksCombined,20%,0.8,1.2,20.0,10,How does Alzheimer's disease progress?,1.0,1.0,1.0,1.973,0.015315,10,6080944
2,D,CkksCombined,20%,0.8,1.2,20.0,10,What are risk factors for stroke?,0.9,0.946,0.9444,1.4185,0.007163,10,6363046
2,D,CkksCombined,20%,0.8,1.2,20.0,10,How is asthma managed long-term?,1.0,1.0,1.0,2.0253,0.005821,10,6167175
2,D,CkksCombined,20%,0.8,1.2,20.0,10,What are signs of kidney disease?,1.0,1.0,0.9556,2.0253,0.006287,10,6217292
2,D,CkksCombined,20%,0.8,1.2,20.0,10,Describe rheumatoid arthritis treatment,1.0,1.0,1.0,1.8344,0.008559,10,6164332
2,D,CkksCombined,20%,0.8,1.2,20.0,10,What causes Parkinson's disease?,1.0,1.0,1.0,2.164,0.014163,10,6211485
2,D,CkksCombined,20%,0.8,1.2,20.0,10,How is multiple sclerosis diagnosed?,1.0,1.0,0.9556,1.8344,0.013037,10,6125911
2,D,CkksCombined,20%,0.8,1.2,20.0,10,What are symptoms of anemia?,1.0,1.0,0.9111,1.6957,0.016846,10,6214097
2,D,CkksCombined,20%,0.8,1.2,20.0,10,How is hypothyroidism treated?,1.0,0.9999,0.9556,1.6434,0.013556,10,6105126
2,D,CkksCombined,20%,0.8,1.2,20.0,10,What causes chronic pain?,1.0,1.0,0.9556,2.0253,0.000787,10,6191221
2,D,CkksCombined,20%,0.8,1.2,20.0,10,Describe COPD management,1.0,1.0,0.9111,1.3592,0.022908,10,6082350
2,D,CkksCombined,20%,0.8,1.2,20.0,10,What are signs of liver disease?,1.0,1.0,1.0,2.164,0.001607,10,6191313
2,D,CkksCombined,20%,0.8,1.2,20.0,10,How is epilepsy treated?,1.0,1.0,1.0,1.3592,0.016262,10,6109899
2,D,CkksCombined,20%,0.8,1.2,20.0,10,What causes osteoporosis?,1.0,1.0,1.0,1.8344,0.013595,9,6954301
2,D,CkksCombined,20%,0.8,1.2,20.0,10,Describe symptoms of anxiety disorder,1.0,1.0,1.0,1.6094,0.013405,10,6097365
2,D,CkksCombined,20%,0.8,1.2,20.0,10,What medications are used for HIV/AIDS?,1.0,1.0,1.0,1.4979,0.009344,10,6242575
2,D,CkksCombined,20%,0.8,1.2,20.0,10,How is pneumonia diagnosed?,1.0,1.0,0.9556,1.8344,0.006945,10,6115719
2,D,CkksCombined,20%,0.8,1.2,20.0,10,What causes inflammatory bowel disease?,1.0,1.0,1.0,2.164,0.00155,10,6213728
2,D,CkksCombined,20%,0.8,1.2,20.0,10,Describe treatment for chronic kidney disease,1.0,1.0,0.9111,1.3592,0.015624,10,6105810
2,D,CkksCombined,20%,0.8,1.2,20.0,10,What are symptoms of schizophrenia?,0.9,0.949,1.0,1.6957,0.010094,10,6220989
2,D,CkksCombined,20%,0.8,1.2,20.0,10,How is bipolar disorder managed?,1.0,1.0,0.9111,1.4708,0.01488,10,6132722
2,D,CkksCombined,20%,0.8,1.2,20.0,10,What causes psoriasis?,1.0,1.0,0.9556,1.6094,0.015552,10,6211929
2,D,CkksCombined,20%,0.8,1.2,20.0,10,Describe sepsis treatment,1.0,1.0,1.0,1.6434,0.016383,10,6119758
2,D,CkksCombined,20%,0.8,1.2,20.0,10,What are risk factors for cancer?,1.0,0.9999,0.9111,1.8344,0.000543,10,6287418
2,D,CkksCombined,20%,0.8,1.2,20.0,10,How is ALS diagnosed?,1.0,1.0,1.0,1.6094,0.010899,10,6135760
2,D,CkksCombined,30%,0.7,1.3,30.0,10,What are the symptoms of type 2 diabetes?,0.9,0.9513,0.9444,2.0253,0.006484,10,6240972
2,D,CkksCombined,30%,0.7,1.3,30.0,10,How is hypertension treated?,1.0,1.0,0.9556,1.8344,0.006457,10,6199015
2,D,CkksCombined,30%,0.7,1.3,30.0,10,What causes heart failure?,0.9,0.948,1.0,2.0253,0.005587,10,6248329
2,D,CkksCombined,30%,0.7,1.3,30.0,10,Describe the symptoms of lupus,0.9,0.9521,1.0,1.8344,0.012787,10,6188630
2,D,CkksCombined,30%,0.7,1.3,30.0,10,What medications treat depression?,1.0,1.0,1.0,2.164,0.007049,10,6310252
2,D,CkksCombined,30%,0.7,1.3,30.0,10,How does Alzheimer's disease progress?,1.0,1.0,0.9111,1.8344,0.014437,10,6132585
2,D,CkksCombined,30%,0.7,1.3,30.0,10,What are risk factors for stroke?,0.9,0.9427,0.8889,1.3592,0.006967,10,6243760
2,D,CkksCombined,30%,0.7,1.3,30.0,10,How is asthma managed long-term?,0.9,0.9557,1.0,2.164,0.00611,10,6186477
2,D,CkksCombined,30%,0.7,1.3,30.0,10,What are signs of kidney disease?,1.0,0.9999,0.8667,1.8344,0.005565,10,6244457
2,D,CkksCombined,30%,0.7,1.3,30.0,10,Describe rheumatoid arthritis treatment,1.0,1.0,1.0,1.973,0.008324,10,6096980
2,D,CkksCombined,30%,0.7,1.3,30.0,10,What causes Parkinson's disease?,1.0,1.0,0.9556,1.973,0.014298,10,6257313
2,D,CkksCombined,30%,0.7,1.3,30.0,10,How is multiple sclerosis diagnosed?,1.0,1.0,1.0,1.8344,0.012753,10,6083464
2,D,CkksCombined,30%,0.7,1.3,30.0,10,What are symptoms of anemia?,1.0,0.9998,0.8222,1.6957,0.014502,10,6281266
2,D,CkksCombined,30%,0.7,1.3,30.0,10,How is hypothyroidism treated?,0.9,0.9556,0.8333,1.6957,0.012058,10,6100819
2,D,CkksCombined,30%,0.7,1.3,30.0,10,What causes chronic pain?,1.0,0.9998,0.9111,2.0253,0.000588,10,6248598
2,D,CkksCombined,30%,0.7,1.3,30.0,10,Describe COPD management,0.9,0.9586,1.0,1.3592,0.022557,10,6125417
2,D,CkksCombined,30%,0.7,1.3,30.0,10,What are signs of liver disease?,1.0,1.0,1.0,2.164,0.00165,10,6234307
2,D,CkksCombined,30%,0.7,1.3,30.0,10,How is epilepsy treated?,0.9,0.9595,1.0,1.3592,0.015024,10,6131250
2,D,CkksCombined,30%,0.7,1.3,30.0,10,What causes osteoporosis?,1.0,1.0,0.9111,1.6094,0.012679,10,6266582
2,D,CkksCombined,30%,0.7,1.3,30.0,10,Describe symptoms of anxiety disorder,1.0,0.9999,0.9556,1.5048,0.011735,10,6126471
2,D,CkksCombined,30%,0.7,1.3,30.0,10,What medications are used for HIV/AIDS?,1.0,0.9999,0.9111,1.4979,0.008613,9,6277595
2,D,CkksCombined,30%,0.7,1.3,30.0,10,How is pneumonia diagnosed?,0.9,0.9471,1.0,1.6957,0.00678,10,6112083
2,D,CkksCombined,30%,0.7,1.3,30.0,10,What causes inflammatory bowel disease?,1.0,0.9999,0.8667,2.0253,0.001709,10,6258622
2,D,CkksCombined,30%,0.7,1.3,30.0,10,Describe treatment for chronic kidney disease,1.0,1.0,0.9556,1.3592,0.014539,10,6116859
2,D,CkksCombined,30%,0.7,1.3,30.0,10,What are symptoms of schizophrenia?,1.0,0.9998,0.8222,1.7481,0.009623,10,6274736
2,D,CkksCombined,30%,0.7,1.3,30.0,10,How is bipolar disorder managed?,1.0,1.0,0.8667,1.5571,0.013805,10,6122891
2,D,CkksCombined,30%,0.7,1.3,30.0,10,What causes psoriasis?,1.0,1.0,0.9556,1.6094,0.015225,10,6233788
2,D,CkksCombined,30%,0.7,1.3,30.0,10,Describe sepsis treatment,1.0,1.0,1.0,1.8344,0.016173,10,6135094
2,D,CkksCombined,30%,0.7,1.3,30.0,10,What are risk factors for cancer?,1.0,0.9998,0.8222,2.0253,0.000459,10,6219613
2,D,CkksCombined,30%,0.7,1.3,30.0,10,How is ALS diagnosed?,0.9,0.9518,0.9444,1.6094,0.0095,10,6131543
2,D,CkksCombined,50%,0.5,1.5,50.0,10,What are the symptoms of type 2 diabetes?,0.9,0.951,0.8333,2.0253,0.005256,10,6236326
2,D,CkksCombined,50%,0.5,1.5,50.0,10,How is hypertension treated?,0.8,0.9036,0.9286,1.6957,0.004923,10,6150029
2,D,CkksCombined,50%,0.5,1.5,50.0,10,What causes heart failure?,0.9,0.9477,0.8889,1.8867,0.004605,10,6261854
2,D,CkksCombined,50%,0.5,1.5,50.0,10,Describe the symptoms of lupus,0.9,0.9521,1.0,1.8344,0.008956,10,6120346
2,D,CkksCombined,50%,0.5,1.5,50.0,10,What medications treat depression?,1.0,1.0,1.0,2.0253,0.005422,10,6215876
2,D,CkksCombined,50%,0.5,1.5,50.0,10,How does Alzheimer's disease progress?,1.0,1.0,0.8667,1.6957,0.010503,10,6134683
2,D,CkksCombined,50%,0.5,1.5,50.0,10,What are risk factors for stroke?,0.9,0.94,0.8889,1.4185,0.005135,10,6251429
2,D,CkksCombined,50%,0.5,1.5,50.0,10,How is asthma managed long-term?,1.0,1.0,1.0,2.0253,0.003925,10,6102754
2,D,CkksCombined,50%,0.5,1.5,50.0,10,What are signs of kidney disease?,1.0,0.9997,0.7778,1.8344,0.00428,10,6286659
2,D,CkksCombined,50%,0.5,1.5,50.0,10,Describe rheumatoid arthritis treatment,1.0,0.9998,0.9111,2.0253,0.005809,10,6111632
2,D,CkksCombined,50%,0.5,1.5,50.0,10,What causes Parkinson's disease?,1.0,0.9999,0.9111,1.8344,0.010391,10,6238729
2,D,CkksCombined,50%,0.5,1.5,50.0,10,How is multiple sclerosis diagnosed?,0.9,0.956,1.0,1.973,0.0094,10,6136650
2,D,CkksCombined,50%,0.5,1.5,50.0,10,What are symptoms of anemia?,1.0,0.9991,0.8222,1.6957,0.013932,10,6330192
2,D,CkksCombined,50%,0.5,1.5,50.0,10,How is hypothyroidism treated?,0.9,0.9557,0.8889,1.6957,0.009062,10,6120911
2,D,CkksCombined,50%,0.5,1.5,50.0,10,What causes chronic pain?,1.0,0.9995,0.7778,1.973,0.00056,10,6256445
2,D,CkksCombined,50%,0.5,1.5,50.0,10,Describe COPD management,0.9,0.959,0.8889,1.2206,0.018138,10,6129703
2,D,CkksCombined,50%,0.5,1.5,50.0,10,What are signs of liver disease?,0.9,0.9461,0.8889,2.164,0.001273,10,6247625
2,D,CkksCombined,50%,0.5,1.5,50.0,10,How is epilepsy treated?,0.9,0.9613,1.0,1.3592,0.01083,10,6095813
2,D,CkksCombined,50%,0.5,1.5,50.0,10,What causes osteoporosis?,1.0,0.9999,0.9111,1.8867,0.009155,10,6271684
2,D,CkksCombined,50%,0.5,1.5,50.0,10,Describe symptoms of anxiety disorder,0.9,0.9503,0.6667,1.5048,0.008682,10,6114646
2,D,CkksCombined,50%,0.5,1.5,50.0,10,What medications are used for HIV/AIDS?,1.0,0.9996,0.8222,1.4979,0.005924,10,6264648
2,D,CkksCombined,50%,0.5,1.5,50.0,10,How is pneumonia diagnosed?,0.9,0.9471,0.8889,1.8344,0.004362,10,6140855
2,D,CkksCombined,50%,0.5,1.5,50.0,10,What causes inflammatory bowel disease?,0.9,0.9463,0.8333,2.0253,0.000913,10,6222271
2,D,CkksCombined,50%,0.5,1.5,50.0,10,Describe treatment for chronic kidney disease,1.0,0.9995,0.6889,1.4708,0.010415,10,6111720
2,D,CkksCombined,50%,0.5,1.5,50.0,10,What are symptoms of schizophrenia?,0.9,0.9467,0.8333,1.5571,0.007222,10,6284807
2,D,CkksCombined,50%,0.5,1.5,50.0,10,How is bipolar disorder managed?,1.0,0.9993,0.8667,1.8344,0.009361,10,6154397
2,D,CkksCombined,50%,0.5,1.5,50.0,10,What causes psoriasis?,1.0,0.9997,0.8222,1.4185,0.011979,10,6334724
2,D,CkksCombined,50%,0.5,1.5,50.0,10,Describe sepsis treatment,1.0,0.9999,0.8222,1.6434,0.010672,10,6104707
2,D,CkksCombined,50%,0.5,1.5,50.0,10,What are risk factors for cancer?,1.0,0.9999,0.9111,1.973,0.000546,10,6249744
2,D,CkksCombined,50%,0.5,1.5,50.0,10,How is ALS diagnosed?,0.9,0.9518,0.9444,1.6094,0.00738,10,6113279
2,D,CkksCombined,70%,0.3,1.7,70.0,10,What are the symptoms of type 2 diabetes?,0.9,0.9511,0.8889,1.8344,0.002983,10,6126404
2,D,CkksCombined,70%,0.3,1.7,70.0,10,How is hypertension treated?,1.0,0.9997,0.8667,1.8867,0.003311,10,6115736
2,D,CkksCombined,70%,0.3,1.7,70.0,10,What causes heart failure?,0.9,0.9499,0.9444,2.0253,0.002838,10,6136191
2,D,CkksCombined,70%,0.3,1.7,70.0,10,Describe the symptoms of lupus,0.9,0.9529,1.0,1.6957,0.006189,10,6107696
2,D,CkksCombined,70%,0.3,1.7,70.0,10,What medications treat depression?,1.0,0.9999,0.9556,2.0253,0.003503,10,6124121
2,D,CkksCombined,70%,0.3,1.7,70.0,10,How does Alzheimer's disease progress?,1.0,0.9977,0.8667,1.8344,0.008402,10,6130858
2,D,CkksCombined,70%,0.3,1.7,70.0,10,What are risk factors for stroke?,0.8,0.8722,0.5714,1.2275,0.003628,10,6127193
2,D,CkksCombined,70%,0.3,1.7,70.0,10,How is asthma managed long-term?,0.9,0.9552,0.9444,1.8867,0.003284,10,6128894
2,D,CkksCombined,70%,0.3,1.7,70.0,10,What are signs of kidney disease?,1.0,0.9999,0.9111,1.8867,0.002749,10,6163019
2,D,CkksCombined,70%,0.3,1.7,70.0,10,Describe rheumatoid arthritis treatment,1.0,0.9999,0.9111,1.6957,0.004211,10,6112029
2,D,CkksCombined,70%,0.3,1.7,70.0,10,What causes Parkinson's disease?,1.0,0.9999,0.9111,2.0253,0.007484,10,6182696
2,D,CkksCombined,70%,0.3,1.7,70.0,10,How is multiple sclerosis diagnosed?,1.0,1.0,0.9556,1.8344,0.00598,10,6107185
2,D,CkksCombined,70%,0.3,1.7,70.0,10,What are symptoms of anemia?,1.0,0.9998,0.8222,1.8344,0.007925,10,6108699
2,D,CkksCombined,70%,0.3,1.7,70.0,10,How is hypothyroidism treated?,1.0,0.9981,0.7333,1.8344,0.006356,10,6102287
2,D,CkksCombined,70%,0.3,1.7,70.0,10,What causes chronic pain?,1.0,0.9994,0.6889,2.164,0.000244,10,6139773
2,D,CkksCombined,70%,0.3,1.7,70.0,10,Describe COPD management,0.9,0.9544,0.9444,1.3592,0.010037,10,6106784
2,D,CkksCombined,70%,0.3,1.7,70.0,10,What are signs of liver disease?,1.0,0.9996,0.8667,1.973,0.000794,10,6180862
2,D,CkksCombined,70%,0.3,1.7,70.0,10,How is epilepsy treated?,0.8,0.9207,0.8571,1.7481,0.00834,10,6140020
2,D,CkksCombined,70%,0.3,1.7,70.0,10,What causes osteoporosis?,1.0,0.9997,0.7778,1.8344,0.006708,10,6108111
2,D,CkksCombined,70%,0.3,1.7,70.0,10,Describe symptoms of anxiety disorder,1.0,0.9999,0.8222,1.8867,0.004933,10,6143035
2,D,CkksCombined,70%,0.3,1.7,70.0,10,What medications are used for HIV/AIDS?,1.0,0.9998,0.8222,1.4979,0.004628,10,6094610
2,D,CkksCombined,70%,0.3,1.7,70.0,10,How is pneumonia diagnosed?,1.0,0.9999,0.9111,1.4979,0.003722,10,6099104
2,D,CkksCombined,70%,0.3,1.7,70.0,10,What causes inflammatory bowel disease?,1.0,0.9996,0.8222,2.0253,0.00071,10,6089310
2,D,CkksCombined,70%,0.3,1.7,70.0,10,Describe treatment for chronic kidney disease,0.9,0.957,1.0,1.3592,0.00623,9,6129454
2,D,CkksCombined,70%,0.3,1.7,70.0,10,What are symptoms of schizophrenia?,0.8,0.8928,0.7857,1.8867,0.003863,10,6115091
2,D,CkksCombined,70%,0.3,1.7,70.0,10,How is bipolar disorder managed?,1.0,0.9991,0.8222,1.4708,0.008663,10,6131653
2,D,CkksCombined,70%,0.3,1.7,70.0,10,What causes psoriasis?,1.0,0.9999,0.8667,1.6434,0.009078,10,6107647
2,D,CkksCombined,70%,0.3,1.7,70.0,10,Describe sepsis treatment,0.9,0.9616,0.9444,1.8344,0.008857,10,6195878
2,D,CkksCombined,70%,0.3,1.7,70.0,10,What are risk factors for cancer?,1.0,0.9994,0.7778,2.0253,0.000404,9,6129338
2,D,CkksCombined,70%,0.3,1.7,70.0,10,How is ALS diagnosed?,0.8,0.8958,1.0,1.6434,0.004433,10,6119505
3,D,Noise,1%,0.99,1.01,1.0,10,What are the symptoms of type 2 diabetes?,1.0,1.0,1.0,2.164,0.007885,10,24396
3,D,Noise,1%,0.99,1.01,1.0,10,How is hypertension treated?,1.0,1.0,1.0,1.6094,0.007064,10,27283
3,D,Noise,1%,0.99,1.01,1.0,10,What causes heart failure?,1.0,1.0,1.0,2.0253,0.00681,10,23536
3,D,Noise,1%,0.99,1.01,1.0,10,Describe the symptoms of lupus,1.0,1.0,1.0,1.8867,0.014681,10,24855
3,D,Noise,1%,0.99,1.01,1.0,10,What medications treat depression?,1.0,1.0,1.0,2.164,0.008122,10,23679
3,D,Noise,1%,0.99,1.01,1.0,10,How does Alzheimer's disease progress?,1.0,1.0,1.0,1.973,0.015879,9,27556
3,D,Noise,1%,0.99,1.01,1.0,10,What are risk factors for stroke?,1.0,1.0,1.0,1.3592,0.007752,10,23828
3,D,Noise,1%,0.99,1.01,1.0,10,How is asthma managed long-term?,1.0,1.0,1.0,2.164,0.006691,10,24646
3,D,Noise,1%,0.99,1.01,1.0,10,What are signs of kidney disease?,1.0,1.0,1.0,1.8344,0.006652,10,24622
3,D,Noise,1%,0.99,1.01,1.0,10,Describe rheumatoid arthritis treatment,1.0,1.0,1.0,1.8344,0.009154,10,24773
3,D,Noise,1%,0.99,1.01,1.0,10,What causes Parkinson's disease?,1.0,1.0,1.0,1.973,0.015162,10,28329
3,D,Noise,1%,0.99,1.01,1.0,10,How is multiple sclerosis diagnosed?,1.0,1.0,1.0,1.8344,0.01431,10,24990
3,D,Noise,1%,0.99,1.01,1.0,10,What are symptoms of anemia?,1.0,1.0,1.0,1.6957,0.018162,10,24234
3,D,Noise,1%,0.99,1.01,1.0,10,How is hypothyroidism treated?,1.0,1.0,1.0,1.5048,0.014437,10,25800
3,D,Noise,1%,0.99,1.01,1.0,10,What causes chronic pain?,1.0,1.0,1.0,2.164,0.000766,9,23751
3,D,Noise,1%,0.99,1.01,1.0,10,Describe COPD management,1.0,1.0,1.0,1.2206,0.02493,10,24088
3,D,Noise,1%,0.99,1.01,1.0,10,What are signs of liver disease?,1.0,1.0,1.0,2.0253,0.001756,10,25078
3,D,Noise,1%,0.99,1.01,1.0,10,How is epilepsy treated?,1.0,1.0,1.0,1.3592,0.017416,10,24469
3,D,Noise,1%,0.99,1.01,1.0,10,What causes osteoporosis?,1.0,1.0,0.9556,1.8344,0.014129,10,24314
3,D,Noise,1%,0.99,1.01,1.0,10,Describe symptoms of anxiety disorder,1.0,1.0,1.0,1.6094,0.013883,10,24077
3,D,Noise,1%,0.99,1.01,1.0,10,What medications are used for HIV/AIDS?,1.0,1.0,1.0,1.4979,0.009663,10,24412
3,D,Noise,1%,0.99,1.01,1.0,10,How is pneumonia diagnosed?,1.0,1.0,1.0,1.8344,0.007222,10,24728
3,D,Noise,1%,0.99,1.01,1.0,10,What causes inflammatory bowel disease?,1.0,1.0,0.9556,2.164,0.001505,10,26262
3,D,Noise,1%,0.99,1.01,1.0,10,Describe treatment for chronic kidney disease,1.0,1.0,1.0,1.3592,0.016561,10,23154
3,D,Noise,1%,0.99,1.01,1.0,10,What are symptoms of schizophrenia?,1.0,1.0,1.0,1.6094,0.010813,10,25057
3,D,Noise,1%,0.99,1.01,1.0,10,How is bipolar disorder managed?,1.0,1.0,1.0,1.2799,0.016104,10,22768
3,D,Noise,1%,0.99,1.01,1.0,10,What causes psoriasis?,1.0,1.0,1.0,1.6094,0.016038,10,22756
3,D,Noise,1%,0.99,1.01,1.0,10,Describe sepsis treatment,1.0,1.0,1.0,1.6434,0.017434,10,21917
3,D,Noise,1%,0.99,1.01,1.0,10,What are risk factors for cancer?,1.0,1.0,0.9556,1.973,0.000536,10,25961
3,D,Noise,1%,0.99,1.01,1.0,10,How is ALS diagnosed?,1.0,1.0,1.0,1.6094,0.011323,10,23146
3,D,Noise,5%,0.95,1.05,5.0,10,What are the symptoms of type 2 diabetes?,0.9,0.9513,0.9444,2.0253,0.007894,10,25048
3,D,Noise,5%,0.95,1.05,5.0,10,How is hypertension treated?,1.0,1.0,1.0,1.6094,0.006962,10,24705
3,D,Noise,5%,0.95,1.05,5.0,10,What causes heart failure?,1.0,1.0,1.0,2.0253,0.0069,10,24782
3,D,Noise,5%,0.95,1.05,5.0,10,Describe the symptoms of lupus,1.0,1.0,1.0,1.8867,0.014554,10,25915
3,D,Noise,5%,0.95,1.05,5.0,10,What medications treat depression?,1.0,1.0,1.0,2.3026,0.008235,10,28635
3,D,Noise,5%,0.95,1.05,5.0,10,How does Alzheimer's disease progress?,1.0,1.0,1.0,1.973,0.015854,10,23934
3,D,Noise,5%,0.95,1.05,5.0,10,What are risk factors for stroke?,1.0,1.0,1.0,1.4185,0.007863,10,24929
3,D,Noise,5%,0.95,1.05,5.0,10,How is asthma managed long-term?,1.0,0.9999,0.9556,2.0253,0.006691,10,24663
3,D,Noise,5%,0.95,1.05,5.0,10,What are signs of kidney disease?,1.0,1.0,1.0,1.8344,0.006647,10,25138
3,D,Noise,5%,0.95,1.05,5.0,10,Describe rheumatoid arthritis treatment,1.0,1.0,1.0,1.8344,0.009125,10,29145
3,D,Noise,5%,0.95,1.05,5.0,10,What causes Parkinson's disease?,1.0,1.0,0.9556,1.973,0.015041,10,26333
3,D,Noise,5%,0.95,1.05,5.0,10,How is multiple sclerosis diagnosed?,1.0,1.0,1.0,1.8344,0.014173,10,25673
3,D,Noise,5%,0.95,1.05,5.0,10,What are symptoms of anemia?,1.0,1.0,1.0,1.6957,0.018113,10,22961
3,D,Noise,5%,0.95,1.05,5.0,10,How is hypothyroidism treated?,1.0,1.0,1.0,1.5048,0.014352,10,23111
3,D,Noise,5%,0.95,1.05,5.0,10,What causes chronic pain?,1.0,1.0,0.9556,2.164,0.000768,10,24060
3,D,Noise,5%,0.95,1.05,5.0,10,Describe COPD management,1.0,1.0,1.0,1.2206,0.02499,10,24790
3,D,Noise,5%,0.95,1.05,5.0,10,What are signs of liver disease?,1.0,1.0,1.0,2.0253,0.001704,10,23965
3,D,Noise,5%,0.95,1.05,5.0,10,How is epilepsy treated?,1.0,1.0,1.0,1.3592,0.017279,10,25767
3,D,Noise,5%,0.95,1.05,5.0,10,What causes osteoporosis?,1.0,1.0,1.0,1.8344,0.014153,10,23861
3,D,Noise,5%,0.95,1.05,5.0,10,Describe symptoms of anxiety disorder,1.0,1.0,0.9556,1.4708,0.013716,10,25536
3,D,Noise,5%,0.95,1.05,5.0,10,What medications are used for HIV/AIDS?,1.0,1.0,1.0,1.4979,0.009612,10,26342
3,D,Noise,5%,0.95,1.05,5.0,10,How is pneumonia diagnosed?,1.0,1.0,1.0,1.8344,0.007054,10,22425
3,D,Noise,5%,0.95,1.05,5.0,10,What causes inflammatory bowel disease?,1.0,1.0,1.0,1.973,0.001501,10,22107
3,D,Noise,5%,0.95,1.05,5.0,10,Describe treatment for chronic kidney disease,1.0,1.0,1.0,1.3592,0.016573,10,26302
3,D,Noise,5%,0.95,1.05,5.0,10,What are symptoms of schizophrenia?,1.0,1.0,1.0,1.6434,0.010867,10,23362
3,D,Noise,5%,0.95,1.05,5.0,10,How is bipolar disorder managed?,1.0,1.0,0.9556,1.4708,0.016114,10,23516
3,D,Noise,5%,0.95,1.05,5.0,10,What causes psoriasis?,1.0,1.0,1.0,1.6094,0.016076,10,22563
3,D,Noise,5%,0.95,1.05,5.0,10,Describe sepsis treatment,1.0,1.0,1.0,1.6434,0.017239,10,23005
3,D,Noise,5%,0.95,1.05,5.0,10,What are risk factors for cancer?,1.0,1.0,0.9556,1.973,0.000553,10,25293
3,D,Noise,5%,0.95,1.05,5.0,10,How is ALS diagnosed?,1.0,1.0,1.0,1.6094,0.011407,10,24695
3,D,Noise,10%,0.9,1.1,10.0,10,What are the symptoms of type 2 diabetes?,0.9,0.9513,0.9444,2.0253,0.007723,10,25054
3,D,Noise,10%,0.9,1.1,10.0,10,How is hypertension treated?,1.0,1.0,1.0,1.8867,0.006881,10,24487
3,D,Noise,10%,0.9,1.1,10.0,10,What causes heart failure?,1.0,1.0,1.0,2.0253,0.006774,10,26430
3,D,Noise,10%,0.9,1.1,10.0,10,Describe the symptoms of lupus,1.0,1.0,1.0,2.0253,0.014642,10,23683
3,D,Noise,10%,0.9,1.1,10.0,10,What medications treat depression?,1.0,1.0,1.0,2.164,0.008102,10,23786
3,D,Noise,10%,0.9,1.1,10.0,10,How does Alzheimer's disease progress?,1.0,1.0,0.9556,1.973,0.016202,9,25592
3,D,Noise,10%,0.9,1.1,10.0,10,What are risk factors for stroke?,1.0,1.0,1.0,1.3592,0.00779,10,27004
3,D,Noise,10%,0.9,1.1,10.0,10,How is asthma managed long-term?,1.0,1.0,1.0,2.164,0.006473,10,24180
3,D,Noise,10%,0.9,1.1,10.0,10,What are signs of kidney disease?,1.0,1.0,1.0,2.0253,0.006361,10,24079
3,D,Noise,10%,0.9,1.1,10.0,10,Describe rheumatoid arthritis treatment,1.0,1.0,0.9556,1.8344,0.009076,10,26514
3,D,Noise,10%,0.9,1.1,10.0,10,What causes Parkinson's disease?,1.0,1.0,1.0,1.973,0.015151,10,24240
3,D,Noise,10%,0.9,1.1,10.0,10,How is multiple sclerosis diagnosed?,1.0,1.0,1.0,1.973,0.014128,10,25049
3,D,Noise,10%,0.9,1.1,10.0,10,What are symptoms of anemia?,1.0,1.0,1.0,1.6957,0.017778,10,26162
3,D,Noise,10%,0.9,1.1,10.0,10,How is hypothyroidism treated?,1.0,1.0,0.9556,1.5048,0.01441,10,25287
3,D,Noise,10%,0.9,1.1,10.0,10,What causes chronic pain?,1.0,1.0,1.0,2.0253,0.00074,10,26955
3,D,Noise,10%,0.9,1.1,10.0,10,Describe COPD management,0.9,0.9606,0.9444,1.2206,0.024579,10,22803
3,D,Noise,10%,0.9,1.1,10.0,10,What are signs of liver disease?,1.0,1.0,1.0,1.8344,0.001739,10,23952
3,D,Noise,10%,0.9,1.1,10.0,10,How is epilepsy treated?,1.0,1.0,0.9556,1.3592,0.017052,10,24250
3,D,Noise,10%,0.9,1.1,10.0,10,What causes osteoporosis?,1.0,1.0,1.0,1.8344,0.014168,10,24913
3,D,Noise,10%,0.9,1.1,10.0,10,Describe symptoms of anxiety disorder,1.0,1.0,0.9556,1.4708,0.013438,10,23737
3,D,Noise,10%,0.9,1.1,10.0,10,What medications are used for HIV/AIDS?,1.0,1.0,1.0,1.4979,0.009697,10,27516
3,D,Noise,10%,0.9,1.1,10.0,10,How is pneumonia diagnosed?,1.0,1.0,0.9556,1.7481,0.007209,10,24336
3,D,Noise,10%,0.9,1.1,10.0,10,What causes inflammatory bowel disease?,1.0,0.9999,0.9111,2.164,0.001468,10,24556
3,D,Noise,10%,0.9,1.1,10.0,10,Describe treatment for chronic kidney disease,1.0,1.0,1.0,1.3592,0.016072,10,24445
3,D,Noise,10%,0.9,1.1,10.0,10,What are symptoms of schizophrenia?,1.0,1.0,0.9556,1.4185,0.01051,9,23861
3,D,Noise,10%,0.9,1.1,10.0,10,How is bipolar disorder managed?,1.0,1.0,0.9556,1.4708,0.015768,9,24293
3,D,Noise,10%,0.9,1.1,10.0,10,What causes psoriasis?,1.0,1.0,1.0,1.6094,0.015774,10,24406
3,D,Noise,10%,0.9,1.1,10.0,10,Describe sepsis treatment,1.0,1.0,0.9556,1.6434,0.017138,9,26625
3,D,Noise,10%,0.9,1.1,10.0,10,What are risk factors for cancer?,1.0,1.0,0.9556,2.0253,0.000547,10,24305
3,D,Noise,10%,0.9,1.1,10.0,10,How is ALS diagnosed?,1.0,1.0,1.0,1.6094,0.011541,10,23262
3,D,Noise,20%,0.8,1.2,20.0,10,What are the symptoms of type 2 diabetes?,1.0,1.0,1.0,1.8867,0.007596,10,25145
3,D,Noise,20%,0.8,1.2,20.0,10,How is hypertension treated?,1.0,1.0,0.9556,1.6094,0.006873,10,24106
3,D,Noise,20%,0.8,1.2,20.0,10,What causes heart failure?,0.9,0.9501,1.0,2.164,0.006582,10,23806
3,D,Noise,20%,0.8,1.2,20.0,10,Describe the symptoms of lupus,0.9,0.9541,1.0,2.0253,0.01365,10,25580
3,D,Noise,20%,0.8,1.2,20.0,10,What medications treat depression?,1.0,1.0,1.0,2.0253,0.007667,10,23606
3,D,Noise,20%,0.8,1.2,20.0,10,How does Alzheimer's disease progress?,1.0,1.0,1.0,1.973,0.015208,10,23618
3,D,Noise,20%,0.8,1.2,20.0,10,What are risk factors for stroke?,0.9,0.946,0.9444,1.3592,0.007235,10,23775
3,D,Noise,20%,0.8,1.2,20.0,10,How is asthma managed long-term?,1.0,1.0,1.0,2.164,0.006465,10,25368
3,D,Noise,20%,0.8,1.2,20.0,10,What are signs of kidney disease?,1.0,1.0,0.9556,1.6957,0.006592,10,26457
3,D,Noise,20%,0.8,1.2,20.0,10,Describe rheumatoid arthritis treatment,1.0,0.9999,0.9556,1.973,0.008616,10,25058
3,D,Noise,20%,0.8,1.2,20.0,10,What causes Parkinson's disease?,1.0,1.0,1.0,2.164,0.014035,10,26363
3,D,Noise,20%,0.8,1.2,20.0,10,How is multiple sclerosis diagnosed?,1.0,1.0,1.0,1.8867,0.012998,9,24330
3,D,Noise,20%,0.8,1.2,20.0,10,What are symptoms of anemia?,1.0,0.9999,0.9111,1.973,0.017262,10,24792
3,D,Noise,20%,0.8,1.2,20.0,10,How is hypothyroidism treated?,1.0,1.0,0.9111,1.6957,0.014581,10,24996
3,D,Noise,20%,0.8,1.2,20.0,10,What causes chronic pain?,1.0,1.0,0.9556,1.973,0.000789,10,25690
3,D,Noise,20%,0.8,1.2,20.0,10,Describe COPD management,1.0,1.0,1.0,1.3592,0.023833,10,25826
3,D,Noise,20%,0.8,1.2,20.0,10,What are signs of liver disease?,1.0,0.9999,0.9556,1.973,0.001466,10,24582
3,D,Noise,20%,0.8,1.2,20.0,10,How is epilepsy treated?,1.0,1.0,1.0,1.3592,0.016087,10,24140
3,D,Noise,20%,0.8,1.2,20.0,10,What causes osteoporosis?,1.0,0.9999,0.9111,1.8867,0.013433,10,24270
3,D,Noise,20%,0.8,1.2,20.0,10,Describe symptoms of anxiety disorder,1.0,0.9999,0.9556,1.4708,0.01339,10,23530
3,D,Noise,20%,0.8,1.2,20.0,10,What medications are used for HIV/AIDS?,1.0,1.0,0.9556,1.4979,0.008828,10,25677
3,D,Noise,20%,0.8,1.2,20.0,10,How is pneumonia diagnosed?,0.9,0.9473,0.9444,1.8867,0.006651,10,25935
3,D,Noise,20%,0.8,1.2,20.0,10,What causes inflammatory bowel disease?,1.0,1.0,1.0,2.0253,0.001421,10,24859
3,D,Noise,20%,0.8,1.2,20.0,10,Describe treatment for chronic kidney disease,0.9,0.957,1.0,1.3592,0.016057,10,25620
3,D,Noise,20%,0.8,1.2,20.0,10,What are symptoms of schizophrenia?,0.9,0.9489,0.9444,1.4185,0.009983,10,24038
3,D,Noise,20%,0.8,1.2,20.0,10,How is bipolar disorder managed?,1.0,1.0,0.9556,1.4708,0.015721,10,24889
3,D,Noise,20%,0.8,1.2,20.0,10,What causes psoriasis?,1.0,1.0,0.9111,1.6094,0.015275,10,24328
3,D,Noise,20%,0.8,1.2,20.0,10,Describe sepsis treatment,1.0,1.0,0.9556,1.6434,0.015798,10,23444
3,D,Noise,20%,0.8,1.2,20.0,10,What are risk factors for cancer?,1.0,0.9999,0.9556,2.0253,0.00057,10,24631
3,D,Noise,20%,0.8,1.2,20.0,10,How is ALS diagnosed?,1.0,1.0,1.0,1.6094,0.010876,10,24577
3,D,Noise,30%,0.7,1.3,30.0,10,What are the symptoms of type 2 diabetes?,1.0,0.9999,0.9556,1.7481,0.007377,10,27898
3,D,Noise,30%,0.7,1.3,30.0,10,How is hypertension treated?,1.0,0.9999,0.9556,1.6094,0.006486,10,24676
3,D,Noise,30%,0.7,1.3,30.0,10,What causes heart failure?,0.9,0.95,0.9444,1.8867,0.006113,10,25228
3,D,Noise,30%,0.7,1.3,30.0,10,Describe the symptoms of lupus,0.9,0.9541,1.0,2.0253,0.012841,10,24742
3,D,Noise,30%,0.7,1.3,30.0,10,What medications treat depression?,1.0,1.0,1.0,2.0253,0.0069,10,27290
3,D,Noise,30%,0.7,1.3,30.0,10,How does Alzheimer's disease progress?,1.0,1.0,1.0,1.973,0.014588,10,24405
3,D,Noise,30%,0.7,1.3,30.0,10,What are risk factors for stroke?,0.9,0.9374,0.8333,1.3592,0.006928,10,26484
3,D,Noise,30%,0.7,1.3,30.0,10,How is asthma managed long-term?,1.0,1.0,0.9556,1.973,0.005753,10,25102
3,D,Noise,30%,0.7,1.3,30.0,10,What are signs of kidney disease?,1.0,1.0,0.9556,1.973,0.005269,10,25005
3,D,Noise,30%,0.7,1.3,30.0,10,Describe rheumatoid arthritis treatment,0.9,0.9566,1.0,1.973,0.007964,10,23967
3,D,Noise,30%,0.7,1.3,30.0,10,What causes Parkinson's disease?,1.0,1.0,0.9556,1.973,0.014264,10,24971
3,D,Noise,30%,0.7,1.3,30.0,10,How is multiple sclerosis diagnosed?,1.0,1.0,0.9556,1.8344,0.012493,10,25090
3,D,Noise,30%,0.7,1.3,30.0,10,What are symptoms of anemia?,1.0,1.0,0.9556,1.8867,0.014871,10,25401
3,D,Noise,30%,0.7,1.3,30.0,10,How is hypothyroidism treated?,1.0,1.0,0.9556,1.5048,0.012993,10,24854
3,D,Noise,30%,0.7,1.3,30.0,10,What causes chronic pain?,1.0,0.9998,0.8222,1.8867,0.000609,10,24317
3,D,Noise,30%,0.7,1.3,30.0,10,Describe COPD management,1.0,1.0,0.9111,1.2206,0.020285,10,24170
3,D,Noise,30%,0.7,1.3,30.0,10,What are signs of liver disease?,0.9,0.9463,1.0,2.0253,0.001452,10,25637
3,D,Noise,30%,0.7,1.3,30.0,10,How is epilepsy treated?,1.0,1.0,0.9111,1.3592,0.015762,10,24222
3,D,Noise,30%,0.7,1.3,30.0,10,What causes osteoporosis?,1.0,1.0,1.0,1.7481,0.012785,10,24755
3,D,Noise,30%,0.7,1.3,30.0,10,Describe symptoms of anxiety disorder,1.0,0.9999,0.9556,1.5048,0.01254,10,25354
3,D,Noise,30%,0.7,1.3,30.0,10,What medications are used for HIV/AIDS?,1.0,1.0,0.9556,1.4979,0.008604,10,24280
3,D,Noise,30%,0.7,1.3,30.0,10,How is pneumonia diagnosed?,1.0,1.0,0.9556,1.6094,0.006298,10,24489
3,D,Noise,30%,0.7,1.3,30.0,10,What causes inflammatory bowel disease?,1.0,1.0,1.0,1.8867,0.001214,10,24980
3,D,Noise,30%,0.7,1.3,30.0,10,Describe treatment for chronic kidney disease,1.0,0.9999,0.8667,1.3592,0.014046,10,24859
3,D,Noise,30%,0.7,1.3,30.0,10,What are symptoms of schizophrenia?,1.0,0.9997,0.9111,1.4185,0.010247,10,27176
3,D,Noise,30%,0.7,1.3,30.0,10,How is bipolar disorder managed?,1.0,0.9993,0.9556,1.2799,0.014574,10,24130
3,D,Noise,30%,0.7,1.3,30.0,10,What causes psoriasis?,1.0,1.0,0.9111,1.6094,0.013677,10,25465
3,D,Noise,30%,0.7,1.3,30.0,10,Describe sepsis treatment,1.0,0.9999,0.8667,1.6434,0.015017,10,23333
3,D,Noise,30%,0.7,1.3,30.0,10,What are risk factors for cancer?,1.0,0.9999,0.8222,1.8867,0.000456,10,24208
3,D,Noise,30%,0.7,1.3,30.0,10,How is ALS diagnosed?,1.0,1.0,0.9556,1.6094,0.009154,10,23665
3,D,Noise,50%,0.5,1.5,50.0,10,What are the symptoms of type 2 diabetes?,0.9,0.9512,0.8889,2.0253,0.005969,10,25039
3,D,Noise,50%,0.5,1.5,50.0,10,How is hypertension treated?,1.0,0.9999,0.9111,1.6094,0.004663,10,24056
3,D,Noise,50%,0.5,1.5,50.0,10,What causes heart failure?,0.9,0.9501,1.0,2.0253,0.004468,10,23560
3,D,Noise,50%,0.5,1.5,50.0,10,Describe the symptoms of lupus,1.0,1.0,0.9556,1.8344,0.01027,10,24685
3,D,Noise,50%,0.5,1.5,50.0,10,What medications treat depression?,1.0,0.9999,0.9556,2.0253,0.005437,10,26960
3,D,Noise,50%,0.5,1.5,50.0,10,How does Alzheimer's disease progress?,1.0,1.0,0.9111,1.973,0.011909,10,24052
3,D,Noise,50%,0.5,1.5,50.0,10,What are risk factors for stroke?,0.8,0.8887,0.6429,1.4185,0.005181,10,23719
3,D,Noise,50%,0.5,1.5,50.0,10,How is asthma managed long-term?,1.0,0.9995,0.9556,2.0253,0.004382,10,27694
3,D,Noise,50%,0.5,1.5,50.0,10,What are signs of kidney disease?,1.0,0.9999,0.9111,1.8867,0.004151,10,24947
3,D,Noise,50%,0.5,1.5,50.0,10,Describe rheumatoid arthritis treatment,1.0,0.9999,0.9556,1.7481,0.007251,10,24666
3,D,Noise,50%,0.5,1.5,50.0,10,What causes Parkinson's disease?,1.0,1.0,0.9556,1.973,0.011198,10,24511
3,D,Noise,50%,0.5,1.5,50.0,10,How is multiple sclerosis diagnosed?,1.0,0.9999,0.9111,1.973,0.009979,10,24607
3,D,Noise,50%,0.5,1.5,50.0,10,What are symptoms of anemia?,1.0,0.9999,0.9556,1.8344,0.014089,10,25665
3,D,Noise,50%,0.5,1.5,50.0,10,How is hypothyroidism treated?,1.0,0.9981,0.8667,1.6434,0.010914,10,24524
3,D,Noise,50%,0.5,1.5,50.0,10,What causes chronic pain?,1.0,0.9983,0.5556,1.8344,0.000401,10,24161
3,D,Noise,50%,0.5,1.5,50.0,10,Describe COPD management,0.9,0.9588,0.8333,1.3592,0.017505,10,24551
3,D,Noise,50%,0.5,1.5,50.0,10,What are signs of liver disease?,0.9,0.9462,0.8889,2.0253,0.001803,10,24365
3,D,Noise,50%,0.5,1.5,50.0,10,How is epilepsy treated?,0.9,0.9611,0.9444,1.6094,0.013017,10,24371
3,D,Noise,50%,0.5,1.5,50.0,10,What causes osteoporosis?,0.9,0.954,0.8889,1.8344,0.01013,10,25019
3,D,Noise,50%,0.5,1.5,50.0,10,Describe symptoms of anxiety disorder,0.9,0.9506,0.8889,1.8867,0.009247,10,23364
3,D,Noise,50%,0.5,1.5,50.0,10,What medications are used for HIV/AIDS?,1.0,1.0,1.0,1.4979,0.006657,10,25681
3,D,Noise,50%,0.5,1.5,50.0,10,How is pneumonia diagnosed?,1.0,0.9995,0.7333,1.6957,0.006326,10,23890
3,D,Noise,50%,0.5,1.5,50.0,10,What causes inflammatory bowel disease?,1.0,0.9986,0.9111,2.0253,0.001172,10,24109
3,D,Noise,50%,0.5,1.5,50.0,10,Describe treatment for chronic kidney disease,0.9,0.9551,0.8889,1.3592,0.011726,10,24059
3,D,Noise,50%,0.5,1.5,50.0,10,What are symptoms of schizophrenia?,0.9,0.9487,0.8333,1.4185,0.006769,10,26564
3,D,Noise,50%,0.5,1.5,50.0,10,How is bipolar disorder managed?,1.0,1.0,0.8667,1.6957,0.012317,10,26879
3,D,Noise,50%,0.5,1.5,50.0,10,What causes psoriasis?,1.0,1.0,0.9556,1.6434,0.011504,10,23979
3,D,Noise,50%,0.5,1.5,50.0,10,Describe sepsis treatment,1.0,0.9999,0.9111,1.8867,0.013325,10,24458
3,D,Noise,50%,0.5,1.5,50.0,10,What are risk factors for cancer?,1.0,0.9999,0.7778,1.8344,0.000468,10,25449
3,D,Noise,50%,0.5,1.5,50.0,10,How is ALS diagnosed?,0.9,0.9518,0.9444,1.7481,0.008456,10,25539
3,D,Noise,70%,0.3,1.7,70.0,10,What are the symptoms of type 2 diabetes?,0.9,0.9511,0.8333,2.0253,0.003916,10,24842
3,D,Noise,70%,0.3,1.7,70.0,10,How is hypertension treated?,1.0,0.9998,0.8222,1.7481,0.002825,10,24939
3,D,Noise,70%,0.3,1.7,70.0,10,What causes heart failure?,1.0,0.9999,0.9556,2.164,0.003109,10,24245
3,D,Noise,70%,0.3,1.7,70.0,10,Describe the symptoms of lupus,0.9,0.954,0.9444,2.164,0.006657,10,24465
3,D,Noise,70%,0.3,1.7,70.0,10,What medications treat depression?,1.0,1.0,1.0,1.8867,0.003034,10,24803
3,D,Noise,70%,0.3,1.7,70.0,10,How does Alzheimer's disease progress?,1.0,1.0,0.9556,1.973,0.007586,10,24725
3,D,Noise,70%,0.3,1.7,70.0,10,What are risk factors for stroke?,0.8,0.8813,0.7143,1.1683,0.003675,10,24067
3,D,Noise,70%,0.3,1.7,70.0,10,How is asthma managed long-term?,1.0,1.0,0.9556,1.973,0.003427,10,27489
3,D,Noise,70%,0.3,1.7,70.0,10,What are signs of kidney disease?,1.0,0.9997,0.7778,1.6957,0.002982,10,24459
3,D,Noise,70%,0.3,1.7,70.0,10,Describe rheumatoid arthritis treatment,0.9,0.9566,1.0,1.8867,0.004035,10,24241
3,D,Noise,70%,0.3,1.7,70.0,10,What causes Parkinson's disease?,1.0,1.0,0.9556,2.0253,0.006546,10,24351
3,D,Noise,70%,0.3,1.7,70.0,10,How is multiple sclerosis diagnosed?,0.9,0.9524,0.9444,1.8344,0.006218,10,24393
3,D,Noise,70%,0.3,1.7,70.0,10,What are symptoms of anemia?,1.0,0.9992,0.9556,1.8867,0.008225,10,24337
3,D,Noise,70%,0.3,1.7,70.0,10,How is hypothyroidism treated?,0.9,0.9574,1.0,1.8344,0.007117,10,25030
3,D,Noise,70%,0.3,1.7,70.0,10,What causes chronic pain?,0.9,0.9422,0.8333,2.0253,0.000324,10,24608
3,D,Noise,70%,0.3,1.7,70.0,10,Describe COPD management,1.0,0.9998,0.9556,1.2206,0.01033,10,26781
3,D,Noise,70%,0.3,1.7,70.0,10,What are signs of liver disease?,0.9,0.9457,0.7222,2.0253,0.000814,10,25191
3,D,Noise,70%,0.3,1.7,70.0,10,How is epilepsy treated?,0.9,0.9571,0.7778,1.6094,0.007905,10,25093
3,D,Noise,70%,0.3,1.7,70.0,10,What causes osteoporosis?,1.0,0.9967,0.8222,1.6094,0.007116,10,24385
3,D,Noise,70%,0.3,1.7,70.0,10,Describe symptoms of anxiety disorder,1.0,0.9999,0.9556,1.6094,0.005414,10,25719
3,D,Noise,70%,0.3,1.7,70.0,10,What medications are used for HIV/AIDS?,0.9,0.9592,1.0,1.7481,0.004057,10,26110
3,D,Noise,70%,0.3,1.7,70.0,10,How is pneumonia diagnosed?,0.9,0.9447,0.7778,1.3592,0.002878,9,25654
3,D,Noise,70%,0.3,1.7,70.0,10,What causes inflammatory bowel disease?,1.0,0.9999,0.8667,2.0253,0.000756,10,24525
3,D,Noise,70%,0.3,1.7,70.0,10,Describe treatment for chronic kidney disease,1.0,0.9998,0.8222,1.0889,0.006918,10,25044
3,D,Noise,70%,0.3,1.7,70.0,10,What are symptoms of schizophrenia?,0.8,0.8915,0.8571,1.5048,0.004715,9,24131
3,D,Noise,70%,0.3,1.7,70.0,10,How is bipolar disorder managed?,1.0,1.0,0.9556,1.4708,0.007809,10,24731
3,D,Noise,70%,0.3,1.7,70.0,10,What causes psoriasis?,0.9,0.9521,0.8889,1.4185,0.006587,10,23986
3,D,Noise,70%,0.3,1.7,70.0,10,Describe sepsis treatment,1.0,0.9998,0.8667,1.8344,0.007701,10,25648
3,D,Noise,70%,0.3,1.7,70.0,10,What are risk factors for cancer?,1.0,0.9991,0.6,1.8344,0.000313,10,23625
3,D,Noise,70%,0.3,1.7,70.0,10,How is ALS diagnosed?,0.9,0.9518,0.9444,1.4979,0.005847,10,24488
3,D,Combined,1%,0.99,1.01,1.0,10,What are the symptoms of type 2 diabetes?,1.0,1.0,1.0,2.164,0.007903,10,24766
3,D,Combined,1%,0.99,1.01,1.0,10,How is hypertension treated?,1.0,1.0,1.0,1.6094,0.007067,10,27763
3,D,Combined,1%,0.99,1.01,1.0,10,What causes heart failure?,1.0,1.0,1.0,2.0253,0.006824,10,23820
3,D,Combined,1%,0.99,1.01,1.0,10,Describe the symptoms of lupus,1.0,1.0,1.0,2.0253,0.014649,10,24335
3,D,Combined,1%,0.99,1.01,1.0,10,What medications treat depression?,1.0,1.0,1.0,2.164,0.008112,10,24203
3,D,Combined,1%,0.99,1.01,1.0,10,How does Alzheimer's disease progress?,1.0,1.0,1.0,1.973,0.015914,10,25011
3,D,Combined,1%,0.99,1.01,1.0,10,What are risk factors for stroke?,1.0,1.0,1.0,1.3592,0.007773,10,23525
3,D,Combined,1%,0.99,1.01,1.0,10,How is asthma managed long-term?,1.0,1.0,1.0,2.0253,0.006711,10,24488
3,D,Combined,1%,0.99,1.01,1.0,10,What are signs of kidney disease?,1.0,1.0,1.0,1.8344,0.006633,10,26511
3,D,Combined,1%,0.99,1.01,1.0,10,Describe rheumatoid arthritis treatment,1.0,1.0,1.0,1.8344,0.009179,10,25221
3,D,Combined,1%,0.99,1.01,1.0,10,What causes Parkinson's disease?,1.0,1.0,1.0,1.973,0.015153,10,23868
3,D,Combined,1%,0.99,1.01,1.0,10,How is multiple sclerosis diagnosed?,1.0,1.0,1.0,1.8344,0.014305,10,23632
3,D,Combined,1%,0.99,1.01,1.0,10,What are symptoms of anemia?,1.0,1.0,1.0,1.6957,0.018178,10,24625
3,D,Combined,1%,0.99,1.01,1.0,10,How is hypothyroidism treated?,1.0,1.0,1.0,1.5048,0.014442,10,24728
3,D,Combined,1%,0.99,1.01,1.0,10,What causes chronic pain?,1.0,1.0,1.0,2.164,0.000763,10,23978
3,D,Combined,1%,0.99,1.01,1.0,10,Describe COPD management,1.0,1.0,1.0,1.2206,0.024903,10,25943
3,D,Combined,1%,0.99,1.01,1.0,10,What are signs of liver disease?,1.0,1.0,1.0,2.0253,0.001763,10,23902
3,D,Combined,1%,0.99,1.01,1.0,10,How is epilepsy treated?,1.0,1.0,1.0,1.3592,0.017435,10,27039
3,D,Combined,1%,0.99,1.01,1.0,10,What causes osteoporosis?,1.0,1.0,1.0,1.8344,0.014125,10,24466
3,D,Combined,1%,0.99,1.01,1.0,10,Describe symptoms of anxiety disorder,1.0,1.0,1.0,1.6094,0.013853,10,24999
3,D,Combined,1%,0.99,1.01,1.0,10,What medications are used for HIV/AIDS?,1.0,1.0,1.0,1.4979,0.009639,10,24821
3,D,Combined,1%,0.99,1.01,1.0,10,How is pneumonia diagnosed?,1.0,1.0,1.0,1.8344,0.007207,10,23782
3,D,Combined,1%,0.99,1.01,1.0,10,What causes inflammatory bowel disease?,1.0,1.0,1.0,2.164,0.001509,10,23876
3,D,Combined,1%,0.99,1.01,1.0,10,Describe treatment for chronic kidney disease,1.0,1.0,1.0,1.3592,0.016591,10,26600
3,D,Combined,1%,0.99,1.01,1.0,10,What are symptoms of schizophrenia?,1.0,1.0,1.0,1.4185,0.010777,10,24265
3,D,Combined,1%,0.99,1.01,1.0,10,How is bipolar disorder managed?,1.0,1.0,1.0,1.4708,0.016172,10,24375
3,D,Combined,1%,0.99,1.01,1.0,10,What causes psoriasis?,1.0,1.0,1.0,1.6094,0.01607,10,26439
3,D,Combined,1%,0.99,1.01,1.0,10,Describe sepsis treatment,1.0,1.0,1.0,1.6434,0.017414,10,22168
3,D,Combined,1%,0.99,1.01,1.0,10,What are risk factors for cancer?,1.0,1.0,1.0,2.0253,0.000534,10,23270
3,D,Combined,1%,0.99,1.01,1.0,10,How is ALS diagnosed?,1.0,1.0,1.0,1.6094,0.01134,10,22476
3,D,Combined,5%,0.95,1.05,5.0,10,What are the symptoms of type 2 diabetes?,1.0,1.0,1.0,2.0253,0.007742,10,24371
3,D,Combined,5%,0.95,1.05,5.0,10,How is hypertension treated?,1.0,1.0,0.9556,1.6094,0.006986,10,24749
3,D,Combined,5%,0.95,1.05,5.0,10,What causes heart failure?,1.0,1.0,1.0,2.0253,0.006854,10,28298
3,D,Combined,5%,0.95,1.05,5.0,10,Describe the symptoms of lupus,1.0,1.0,1.0,1.8867,0.01454,10,24727
3,D,Combined,5%,0.95,1.05,5.0,10,What medications treat depression?,1.0,1.0,1.0,2.164,0.008079,10,24543
3,D,Combined,5%,0.95,1.05,5.0,10,How does Alzheimer's disease progress?,1.0,1.0,1.0,1.973,0.015637,10,24801
3,D,Combined,5%,0.95,1.05,5.0,10,What are risk factors for stroke?,1.0,1.0,0.9556,1.4185,0.007774,9,28117
3,D,Combined,5%,0.95,1.05,5.0,10,How is asthma managed long-term?,1.0,1.0,1.0,2.0253,0.006692,10,27795
3,D,Combined,5%,0.95,1.05,5.0,10,What are signs of kidney disease?,1.0,1.0,1.0,1.8344,0.006626,10,24084
3,D,Combined,5%,0.95,1.05,5.0,10,Describe rheumatoid arthritis treatment,1.0,1.0,1.0,1.8344,0.009151,10,26329
3,D,Combined,5%,0.95,1.05,5.0,10,What causes Parkinson's disease?,1.0,1.0,0.9556,1.973,0.015235,10,24380
3,D,Combined,5%,0.95,1.05,5.0,10,How is multiple sclerosis diagnosed?,1.0,1.0,1.0,1.8344,0.014383,10,25551
3,D,Combined,5%,0.95,1.05,5.0,10,What are symptoms of anemia?,1.0,1.0,1.0,1.6957,0.018211,10,25020
3,D,Combined,5%,0.95,1.05,5.0,10,How is hypothyroidism treated?,1.0,1.0,0.9556,1.5048,0.014366,10,24994
3,D,Combined,5%,0.95,1.05,5.0,10,What causes chronic pain?,1.0,1.0,1.0,2.164,0.000745,10,24304
3,D,Combined,5%,0.95,1.05,5.0,10,Describe COPD management,1.0,1.0,1.0,1.2206,0.024776,10,23670
3,D,Combined,5%,0.95,1.05,5.0,10,What are signs of liver disease?,1.0,1.0,1.0,2.0253,0.001718,10,24953
3,D,Combined,5%,0.95,1.05,5.0,10,How is epilepsy treated?,1.0,1.0,1.0,1.3592,0.017496,10,25484
3,D,Combined,5%,0.95,1.05,5.0,10,What causes osteoporosis?,1.0,1.0,1.0,1.8344,0.014101,10,25655
3,D,Combined,5%,0.95,1.05,5.0,10,Describe symptoms of anxiety disorder,1.0,1.0,1.0,1.6094,0.01367,10,24583
3,D,Combined,5%,0.95,1.05,5.0,10,What medications are used for HIV/AIDS?,1.0,1.0,1.0,1.4979,0.009689,10,24665
3,D,Combined,5%,0.95,1.05,5.0,10,How is pneumonia diagnosed?,1.0,1.0,1.0,1.7481,0.007257,10,24083
3,D,Combined,5%,0.95,1.05,5.0,10,What causes inflammatory bowel disease?,1.0,1.0,1.0,2.164,0.001513,10,24387
3,D,Combined,5%,0.95,1.05,5.0,10,Describe treatment for chronic kidney disease,1.0,1.0,1.0,1.3592,0.016509,10,24116
3,D,Combined,5%,0.95,1.05,5.0,10,What are symptoms of schizophrenia?,0.9,0.9491,1.0,1.1683,0.010881,10,24429
3,D,Combined,5%,0.95,1.05,5.0,10,How is bipolar disorder managed?,1.0,1.0,0.9556,1.4708,0.01622,10,25250
3,D,Combined,5%,0.95,1.05,5.0,10,What causes psoriasis?,1.0,1.0,1.0,1.6094,0.016115,10,24082
3,D,Combined,5%,0.95,1.05,5.0,10,Describe sepsis treatment,1.0,1.0,1.0,1.6434,0.01749,10,24207
3,D,Combined,5%,0.95,1.05,5.0,10,What are risk factors for cancer?,1.0,1.0,1.0,2.0253,0.000568,10,24265
3,D,Combined,5%,0.95,1.05,5.0,10,How is ALS diagnosed?,1.0,1.0,1.0,1.6094,0.011238,10,25022
3,D,Combined,10%,0.9,1.1,10.0,10,What are the symptoms of type 2 diabetes?,0.9,0.9513,1.0,2.0253,0.00766,10,24652
3,D,Combined,10%,0.9,1.1,10.0,10,How is hypertension treated?,1.0,1.0,0.9556,1.6094,0.006794,10,24642
3,D,Combined,10%,0.9,1.1,10.0,10,What causes heart failure?,1.0,1.0,1.0,2.0253,0.006892,10,24917
3,D,Combined,10%,0.9,1.1,10.0,10,Describe the symptoms of lupus,1.0,1.0,1.0,1.8867,0.01424,10,24798
3,D,Combined,10%,0.9,1.1,10.0,10,What medications treat depression?,1.0,1.0,1.0,2.0253,0.007793,10,26640
3,D,Combined,10%,0.9,1.1,10.0,10,How does Alzheimer's disease progress?,1.0,1.0,1.0,1.973,0.015766,10,24532
3,D,Combined,10%,0.9,1.1,10.0,10,What are risk factors for stroke?,1.0,1.0,1.0,1.3592,0.00753,10,24680
3,D,Combined,10%,0.9,1.1,10.0,10,How is asthma managed long-term?,1.0,1.0,1.0,2.0253,0.006629,10,24180
3,D,Combined,10%,0.9,1.1,10.0,10,What are signs of kidney disease?,1.0,1.0,1.0,1.6094,0.006701,10,24354
3,D,Combined,10%,0.9,1.1,10.0,10,Describe rheumatoid arthritis treatment,1.0,1.0,1.0,1.8344,0.008853,10,24274
3,D,Combined,10%,0.9,1.1,10.0,10,What causes Parkinson's disease?,1.0,1.0,1.0,1.973,0.014919,10,24112
3,D,Combined,10%,0.9,1.1,10.0,10,How is multiple sclerosis diagnosed?,1.0,1.0,0.9556,1.8344,0.014263,10,24670
3,D,Combined,10%,0.9,1.1,10.0,10,What are symptoms of anemia?,1.0,1.0,1.0,1.6957,0.018296,10,24528
3,D,Combined,10%,0.9,1.1,10.0,10,How is hypothyroidism treated?,1.0,1.0,0.9556,1.5048,0.014272,10,25138
3,D,Combined,10%,0.9,1.1,10.0,10,What causes chronic pain?,1.0,1.0,0.9556,2.0253,0.000789,10,24258
3,D,Combined,10%,0.9,1.1,10.0,10,Describe COPD management,1.0,1.0,1.0,1.3592,0.024794,10,23729
3,D,Combined,10%,0.9,1.1,10.0,10,What are signs of liver disease?,1.0,1.0,1.0,2.0253,0.001688,10,25887
3,D,Combined,10%,0.9,1.1,10.0,10,How is epilepsy treated?,1.0,1.0,1.0,1.3592,0.017173,10,24548
3,D,Combined,10%,0.9,1.1,10.0,10,What causes osteoporosis?,1.0,1.0,1.0,1.8344,0.014144,10,24515
3,D,Combined,10%,0.9,1.1,10.0,10,Describe symptoms of anxiety disorder,1.0,1.0,0.9556,1.6434,0.013729,10,24112
3,D,Combined,10%,0.9,1.1,10.0,10,What medications are used for HIV/AIDS?,1.0,1.0,1.0,1.4979,0.009332,10,24557
3,D,Combined,10%,0.9,1.1,10.0,10,How is pneumonia diagnosed?,1.0,1.0,1.0,1.8344,0.007317,10,24274
3,D,Combined,10%,0.9,1.1,10.0,10,What causes inflammatory bowel disease?,1.0,1.0,1.0,2.164,0.001464,10,24198
3,D,Combined,10%,0.9,1.1,10.0,10,Describe treatment for chronic kidney disease,1.0,1.0,1.0,1.3592,0.016462,10,23645
3,D,Combined,10%,0.9,1.1,10.0,10,What are symptoms of schizophrenia?,1.0,1.0,0.9556,1.6094,0.010814,10,24412
3,D,Combined,10%,0.9,1.1,10.0,10,How is bipolar disorder managed?,1.0,1.0,0.9111,1.2799,0.015704,10,24320
3,D,Combined,10%,0.9,1.1,10.0,10,What causes psoriasis?,1.0,1.0,0.9556,1.6094,0.015708,10,25320
3,D,Combined,10%,0.9,1.1,10.0,10,Describe sepsis treatment,1.0,1.0,1.0,1.6434,0.017317,10,24112
3,D,Combined,10%,0.9,1.1,10.0,10,What are risk factors for cancer?,1.0,1.0,0.9556,2.164,0.000537,10,24320
3,D,Combined,10%,0.9,1.1,10.0,10,How is ALS diagnosed?,1.0,1.0,1.0,1.6094,0.011393,10,24008
3,D,Combined,20%,0.8,1.2,20.0,10,What are the symptoms of type 2 diabetes?,1.0,1.0,1.0,1.8867,0.007517,10,24956
3,D,Combined,20%,0.8,1.2,20.0,10,How is hypertension treated?,1.0,0.9999,0.9111,1.6094,0.006829,10,24527
3,D,Combined,20%,0.8,1.2,20.0,10,What causes heart failure?,0.9,0.9499,0.9444,1.8867,0.006712,10,24832
3,D,Combined,20%,0.8,1.2,20.0,10,Describe the symptoms of lupus,0.9,0.9541,1.0,2.0253,0.013563,10,24024
3,D,Combined,20%,0.8,1.2,20.0,10,What medications treat depression?,1.0,0.9997,0.9111,2.0253,0.007711,10,24009
3,D,Combined,20%,0.8,1.2,20.0,10,How does Alzheimer's disease progress?,1.0,1.0,0.9556,1.973,0.01485,10,24648
3,D,Combined,20%,0.8,1.2,20.0,10,What are risk factors for stroke?,1.0,1.0,0.9556,1.4185,0.007059,9,23955
3,D,Combined,20%,0.8,1.2,20.0,10,How is asthma managed long-term?,1.0,1.0,1.0,2.164,0.006339,10,24975
3,D,Combined,20%,0.8,1.2,20.0,10,What are signs of kidney disease?,1.0,0.9999,0.9111,1.6957,0.006095,10,24636
3,D,Combined,20%,0.8,1.2,20.0,10,Describe rheumatoid arthritis treatment,1.0,1.0,1.0,1.8344,0.008744,10,25772
3,D,Combined,20%,0.8,1.2,20.0,10,What causes Parkinson's disease?,1.0,1.0,0.9556,1.973,0.014392,10,24060
3,D,Combined,20%,0.8,1.2,20.0,10,How is multiple sclerosis diagnosed?,1.0,1.0,1.0,1.8344,0.013116,10,25100
3,D,Combined,20%,0.8,1.2,20.0,10,What are symptoms of anemia?,1.0,1.0,0.9556,1.6957,0.018011,10,24261
3,D,Combined,20%,0.8,1.2,20.0,10,How is hypothyroidism treated?,1.0,0.9999,0.9556,1.5048,0.013899,10,27706
3,D,Combined,20%,0.8,1.2,20.0,10,What causes chronic pain?,1.0,1.0,0.9556,1.8344,0.000753,10,23260
3,D,Combined,20%,0.8,1.2,20.0,10,Describe COPD management,1.0,1.0,1.0,1.2206,0.022739,10,23789
3,D,Combined,20%,0.8,1.2,20.0,10,What are signs of liver disease?,1.0,0.9999,0.9556,2.0253,0.00159,10,24299
3,D,Combined,20%,0.8,1.2,20.0,10,How is epilepsy treated?,1.0,1.0,1.0,1.3592,0.016512,10,27173
3,D,Combined,20%,0.8,1.2,20.0,10,What causes osteoporosis?,1.0,1.0,1.0,1.8344,0.012469,10,24571
3,D,Combined,20%,0.8,1.2,20.0,10,Describe symptoms of anxiety disorder,1.0,1.0,0.9556,1.4708,0.01267,10,25149
3,D,Combined,20%,0.8,1.2,20.0,10,What medications are used for HIV/AIDS?,1.0,1.0,1.0,1.4979,0.008889,10,26537
3,D,Combined,20%,0.8,1.2,20.0,10,How is pneumonia diagnosed?,1.0,1.0,1.0,1.8344,0.006859,10,26156
3,D,Combined,20%,0.8,1.2,20.0,10,What causes inflammatory bowel disease?,1.0,0.9999,0.9111,2.0253,0.001368,10,19558
3,D,Combined,20%,0.8,1.2,20.0,10,Describe treatment for chronic kidney disease,1.0,1.0,0.9111,1.3592,0.015727,10,15252
3,D,Combined,20%,0.8,1.2,20.0,10,What are symptoms of schizophrenia?,0.9,0.9468,0.9444,1.6434,0.009339,10,13289
3,D,Combined,20%,0.8,1.2,20.0,10,How is bipolar disorder managed?,1.0,1.0,0.9556,1.4708,0.015574,10,10991
3,D,Combined,20%,0.8,1.2,20.0,10,What causes psoriasis?,1.0,1.0,0.9556,1.4185,0.014612,10,10453
3,D,Combined,20%,0.8,1.2,20.0,10,Describe sepsis treatment,1.0,0.9999,0.8667,1.6434,0.016342,10,9821
3,D,Combined,20%,0.8,1.2,20.0,10,What are risk factors for cancer?,1.0,0.9999,0.8667,1.6094,0.000515,10,10735
3,D,Combined,20%,0.8,1.2,20.0,10,How is ALS diagnosed?,0.9,0.9518,1.0,1.6094,0.010802,10,10797
3,D,Combined,30%,0.7,1.3,30.0,10,What are the symptoms of type 2 diabetes?,0.9,0.9513,0.8889,1.8867,0.00633,10,24242
3,D,Combined,30%,0.7,1.3,30.0,10,How is hypertension treated?,0.9,0.9509,1.0,1.6094,0.00666,10,25022
3,D,Combined,30%,0.7,1.3,30.0,10,What causes heart failure?,1.0,1.0,0.9556,2.164,0.005647,10,20130
3,D,Combined,30%,0.7,1.3,30.0,10,Describe the symptoms of lupus,1.0,1.0,1.0,2.0253,0.01337,10,13716
3,D,Combined,30%,0.7,1.3,30.0,10,What medications treat depression?,1.0,1.0,1.0,2.0253,0.007038,10,10762
3,D,Combined,30%,0.7,1.3,30.0,10,How does Alzheimer's disease progress?,1.0,1.0,0.9556,1.973,0.014463,10,10207
3,D,Combined,30%,0.7,1.3,30.0,10,What are risk factors for stroke?,0.9,0.9429,0.7222,1.2275,0.006941,10,10509
3,D,Combined,30%,0.7,1.3,30.0,10,How is asthma managed long-term?,1.0,1.0,1.0,2.164,0.005935,10,9949
3,D,Combined,30%,0.7,1.3,30.0,10,What are signs of kidney disease?,0.9,0.9486,0.9444,1.8344,0.006591,9,10326
3,D,Combined,30%,0.7,1.3,30.0,10,Describe rheumatoid arthritis treatment,1.0,0.9999,0.9111,1.7481,0.008498,10,10176
3,D,Combined,30%,0.7,1.3,30.0,10,What causes Parkinson's disease?,1.0,1.0,1.0,2.0253,0.013582,10,10535
3,D,Combined,30%,0.7,1.3,30.0,10,How is multiple sclerosis diagnosed?,1.0,1.0,1.0,1.8344,0.012682,10,10067
3,D,Combined,30%,0.7,1.3,30.0,10,What are symptoms of anemia?,1.0,1.0,1.0,1.6957,0.016483,10,11317
3,D,Combined,30%,0.7,1.3,30.0,10,How is hypothyroidism treated?,0.9,0.9573,0.9444,1.5048,0.012736,10,11476
3,D,Combined,30%,0.7,1.3,30.0,10,What causes chronic pain?,1.0,0.9998,0.8222,2.0253,0.000782,10,10364
3,D,Combined,30%,0.7,1.3,30.0,10,Describe COPD management,1.0,1.0,1.0,1.2206,0.021259,10,10448
3,D,Combined,30%,0.7,1.3,30.0,10,What are signs of liver disease?,0.9,0.9459,0.8889,1.8344,0.001533,10,11596
3,D,Combined,30%,0.7,1.3,30.0,10,How is epilepsy treated?,1.0,1.0,0.9556,1.3592,0.015342,10,9936
3,D,Combined,30%,0.7,1.3,30.0,10,What causes osteoporosis?,1.0,0.9999,0.9111,1.6094,0.013524,10,11361
3,D,Combined,30%,0.7,1.3,30.0,10,Describe symptoms of anxiety disorder,1.0,0.9999,0.8667,1.4708,0.012121,10,10059
3,D,Combined,30%,0.7,1.3,30.0,10,What medications are used for HIV/AIDS?,1.0,1.0,1.0,1.4979,0.008205,10,10219
3,D,Combined,30%,0.7,1.3,30.0,10,How is pneumonia diagnosed?,0.9,0.947,0.8889,1.6094,0.007131,10,11411
3,D,Combined,30%,0.7,1.3,30.0,10,What causes inflammatory bowel disease?,1.0,0.9999,0.9556,2.164,0.001399,9,10318
3,D,Combined,30%,0.7,1.3,30.0,10,Describe treatment for chronic kidney disease,1.0,0.9999,0.8667,1.3592,0.015574,10,11253
3,D,Combined,30%,0.7,1.3,30.0,10,What are symptoms of schizophrenia?,0.9,0.9469,0.8333,1.6094,0.009831,10,9819
3,D,Combined,30%,0.7,1.3,30.0,10,How is bipolar disorder managed?,1.0,1.0,0.8222,1.4708,0.013957,10,10079
3,D,Combined,30%,0.7,1.3,30.0,10,What causes psoriasis?,1.0,0.9999,0.9111,1.6094,0.015328,10,10335
3,D,Combined,30%,0.7,1.3,30.0,10,Describe sepsis treatment,1.0,1.0,0.9556,1.6434,0.015739,10,10863
3,D,Combined,30%,0.7,1.3,30.0,10,What are risk factors for cancer?,0.9,0.9396,0.8889,2.0253,0.000424,10,10402
3,D,Combined,30%,0.7,1.3,30.0,10,How is ALS diagnosed?,1.0,1.0,1.0,1.7481,0.01025,10,10787
3,D,Combined,50%,0.5,1.5,50.0,10,What are the symptoms of type 2 diabetes?,1.0,1.0,1.0,2.0253,0.005623,10,27695
3,D,Combined,50%,0.5,1.5,50.0,10,How is hypertension treated?,0.8,0.9036,0.9286,1.8867,0.005094,10,24545
3,D,Combined,50%,0.5,1.5,50.0,10,What causes heart failure?,0.9,0.95,0.9444,1.7481,0.004887,10,24435
3,D,Combined,50%,0.5,1.5,50.0,10,Describe the symptoms of lupus,1.0,1.0,0.9556,1.7481,0.008709,10,24525
3,D,Combined,50%,0.5,1.5,50.0,10,What medications treat depression?,1.0,1.0,1.0,2.0253,0.005277,10,25405
3,D,Combined,50%,0.5,1.5,50.0,10,How does Alzheimer's disease progress?,1.0,1.0,0.8667,1.8344,0.01059,10,24996
3,D,Combined,50%,0.5,1.5,50.0,10,What are risk factors for stroke?,0.9,0.9405,1.0,1.4185,0.005832,10,24592
3,D,Combined,50%,0.5,1.5,50.0,10,How is asthma managed long-term?,1.0,0.9999,0.9556,1.8867,0.004511,10,24722
3,D,Combined,50%,0.5,1.5,50.0,10,What are signs of kidney disease?,1.0,0.9998,0.8667,1.8344,0.00458,10,24435
3,D,Combined,50%,0.5,1.5,50.0,10,Describe rheumatoid arthritis treatment,0.9,0.9566,1.0,2.0253,0.006694,10,24325
3,D,Combined,50%,0.5,1.5,50.0,10,What causes Parkinson's disease?,1.0,1.0,1.0,1.8344,0.010576,10,24220
3,D,Combined,50%,0.5,1.5,50.0,10,How is multiple sclerosis diagnosed?,0.9,0.9565,1.0,2.0253,0.010153,10,25292
3,D,Combined,50%,0.5,1.5,50.0,10,What are symptoms of anemia?,1.0,1.0,0.9556,1.6957,0.012294,10,26397
3,D,Combined,50%,0.5,1.5,50.0,10,How is hypothyroidism treated?,1.0,0.9982,0.8222,1.8344,0.008959,10,24152
3,D,Combined,50%,0.5,1.5,50.0,10,What causes chronic pain?,1.0,0.9999,0.8667,2.164,0.000546,10,24476
3,D,Combined,50%,0.5,1.5,50.0,10,Describe COPD management,0.9,0.9605,0.9444,1.4979,0.018014,10,23764
3,D,Combined,50%,0.5,1.5,50.0,10,What are signs of liver disease?,1.0,0.9993,0.8222,1.7481,0.001546,10,24779
3,D,Combined,50%,0.5,1.5,50.0,10,How is epilepsy treated?,0.9,0.9576,0.8889,1.3592,0.013294,10,24050
3,D,Combined,50%,0.5,1.5,50.0,10,What causes osteoporosis?,1.0,0.9998,0.8222,1.6957,0.010201,10,24974
3,D,Combined,50%,0.5,1.5,50.0,10,Describe symptoms of anxiety disorder,0.9,0.9481,0.8333,1.6957,0.010611,10,26928
3,D,Combined,50%,0.5,1.5,50.0,10,What medications are used for HIV/AIDS?,0.9,0.96,1.0,1.7481,0.007268,10,25194
3,D,Combined,50%,0.5,1.5,50.0,10,How is pneumonia diagnosed?,1.0,1.0,0.9556,1.6094,0.00536,10,24815
3,D,Combined,50%,0.5,1.5,50.0,10,What causes inflammatory bowel disease?,1.0,0.9999,0.9556,1.973,0.001037,10,24658
3,D,Combined,50%,0.5,1.5,50.0,10,Describe treatment for chronic kidney disease,1.0,1.0,0.9111,1.3592,0.01183,10,24726
3,D,Combined,50%,0.5,1.5,50.0,10,What are symptoms of schizophrenia?,0.9,0.9484,0.7222,1.6957,0.006561,10,24269
3,D,Combined,50%,0.5,1.5,50.0,10,How is bipolar disorder managed?,1.0,0.9993,0.9111,1.4708,0.011654,10,24755
3,D,Combined,50%,0.5,1.5,50.0,10,What causes psoriasis?,1.0,0.9996,0.7778,1.6957,0.011054,10,23697
3,D,Combined,50%,0.5,1.5,50.0,10,Describe sepsis treatment,1.0,1.0,0.9556,1.6434,0.011353,10,25002
3,D,Combined,50%,0.5,1.5,50.0,10,What are risk factors for cancer?,1.0,0.9982,0.4667,1.8867,0.000497,10,24288
3,D,Combined,50%,0.5,1.5,50.0,10,How is ALS diagnosed?,0.9,0.9518,1.0,1.7481,0.008357,10,24098
3,D,Combined,70%,0.3,1.7,70.0,10,What are the symptoms of type 2 diabetes?,1.0,1.0,0.9556,1.5048,0.002813,10,25231
3,D,Combined,70%,0.3,1.7,70.0,10,How is hypertension treated?,0.9,0.9511,0.8333,1.8344,0.003005,10,24129
3,D,Combined,70%,0.3,1.7,70.0,10,What causes heart failure?,1.0,0.9997,0.9111,2.0253,0.002733,10,25203
3,D,Combined,70%,0.3,1.7,70.0,10,Describe the symptoms of lupus,0.8,0.905,1.0,2.0253,0.006003,10,24984
3,D,Combined,70%,0.3,1.7,70.0,10,What medications treat depression?,1.0,0.9998,0.9556,2.0253,0.003249,10,23807
3,D,Combined,70%,0.3,1.7,70.0,10,How does Alzheimer's disease progress?,1.0,1.0,0.9556,1.973,0.006208,10,24593
3,D,Combined,70%,0.3,1.7,70.0,10,What are risk factors for stroke?,0.8,0.8689,0.7857,1.4708,0.002337,10,24904
3,D,Combined,70%,0.3,1.7,70.0,10,How is asthma managed long-term?,1.0,1.0,1.0,2.164,0.002644,10,27189
3,D,Combined,70%,0.3,1.7,70.0,10,What are signs of kidney disease?,0.9,0.9486,0.9444,1.8344,0.003336,9,25214
3,D,Combined,70%,0.3,1.7,70.0,10,Describe rheumatoid arthritis treatment,1.0,1.0,1.0,1.8344,0.004608,9,24338
3,D,Combined,70%,0.3,1.7,70.0,10,What causes Parkinson's disease?,1.0,1.0,1.0,1.973,0.006597,10,24234
3,D,Combined,70%,0.3,1.7,70.0,10,How is multiple sclerosis diagnosed?,0.9,0.9547,0.9444,1.8344,0.005931,10,24855
3,D,Combined,70%,0.3,1.7,70.0,10,What are symptoms of anemia?,0.9,0.9536,0.8889,1.8867,0.006472,10,26812
3,D,Combined,70%,0.3,1.7,70.0,10,How is hypothyroidism treated?,0.9,0.9574,1.0,2.0253,0.005778,10,24411
3,D,Combined,70%,0.3,1.7,70.0,10,What causes chronic pain?,0.9,0.9423,0.8333,1.8867,0.000359,10,24907
3,D,Combined,70%,0.3,1.7,70.0,10,Describe COPD management,1.0,1.0,1.0,1.2206,0.010554,10,25028
3,D,Combined,70%,0.3,1.7,70.0,10,What are signs of liver disease?,0.9,0.9432,0.4444,1.8344,0.000542,10,24466
3,D,Combined,70%,0.3,1.7,70.0,10,How is epilepsy treated?,0.9,0.9605,0.8333,1.3592,0.007644,10,26682
3,D,Combined,70%,0.3,1.7,70.0,10,What causes osteoporosis?,1.0,1.0,0.9556,1.973,0.006486,10,26746
3,D,Combined,70%,0.3,1.7,70.0,10,Describe symptoms of anxiety disorder,0.9,0.9486,0.9444,1.6957,0.006863,10,24785
3,D,Combined,70%,0.3,1.7,70.0,10,What medications are used for HIV/AIDS?,1.0,1.0,1.0,1.8344,0.005114,10,24746
3,D,Combined,70%,0.3,1.7,70.0,10,How is pneumonia diagnosed?,0.9,0.9381,0.7222,1.6094,0.00321,10,24144
3,D,Combined,70%,0.3,1.7,70.0,10,What causes inflammatory bowel disease?,1.0,1.0,1.0,1.973,0.000844,10,24373
3,D,Combined,70%,0.3,1.7,70.0,10,Describe treatment for chronic kidney disease,1.0,0.9997,0.7778,1.4708,0.007006,10,24599
3,D,Combined,70%,0.3,1.7,70.0,10,What are symptoms of schizophrenia?,0.9,0.9466,0.7778,1.4185,0.00458,10,25192
3,D,Combined,70%,0.3,1.7,70.0,10,How is bipolar disorder managed?,1.0,0.9992,0.7778,1.6957,0.005972,10,24114
3,D,Combined,70%,0.3,1.7,70.0,10,What causes psoriasis?,1.0,0.9997,0.9111,1.6094,0.007211,10,24152
3,D,Combined,70%,0.3,1.7,70.0,10,Describe sepsis treatment,1.0,1.0,0.9556,1.7481,0.008658,10,23797
3,D,Combined,70%,0.3,1.7,70.0,10,What are risk factors for cancer?,1.0,0.9991,0.6,2.3026,0.000183,10,24708
3,D,Combined,70%,0.3,1.7,70.0,10,How is ALS diagnosed?,0.9,0.9498,0.9444,1.6434,0.005158,10,23914
3,D,RomeCombined,1%,0.99,1.01,1.0,10,What are the symptoms of type 2 diabetes?,1.0,1.0,1.0,2.164,0.007893,10,25233
3,D,RomeCombined,1%,0.99,1.01,1.0,10,How is hypertension treated?,1.0,1.0,1.0,1.6094,0.00704,10,25075
3,D,RomeCombined,1%,0.99,1.01,1.0,10,What causes heart failure?,1.0,1.0,1.0,2.0253,0.006816,10,24499
3,D,RomeCombined,1%,0.99,1.01,1.0,10,Describe the symptoms of lupus,1.0,1.0,1.0,2.0253,0.01464,10,24695
3,D,RomeCombined,1%,0.99,1.01,1.0,10,What medications treat depression?,1.0,1.0,1.0,2.164,0.008092,10,25223
3,D,RomeCombined,1%,0.99,1.01,1.0,10,How does Alzheimer's disease progress?,1.0,1.0,1.0,1.973,0.015897,10,25498
3,D,RomeCombined,1%,0.99,1.01,1.0,10,What are risk factors for stroke?,1.0,1.0,1.0,1.4185,0.007755,10,25410
3,D,RomeCombined,1%,0.99,1.01,1.0,10,How is asthma managed long-term?,1.0,1.0,1.0,2.164,0.006683,10,25265
3,D,RomeCombined,1%,0.99,1.01,1.0,10,What are signs of kidney disease?,1.0,1.0,1.0,1.8344,0.006636,10,25853
3,D,RomeCombined,1%,0.99,1.01,1.0,10,Describe rheumatoid arthritis treatment,1.0,1.0,1.0,1.8344,0.009162,10,26011
3,D,RomeCombined,1%,0.99,1.01,1.0,10,What causes Parkinson's disease?,1.0,1.0,1.0,1.973,0.015136,10,25750
3,D,RomeCombined,1%,0.99,1.01,1.0,10,How is multiple sclerosis diagnosed?,1.0,1.0,1.0,1.8344,0.01432,10,24893
3,D,RomeCombined,1%,0.99,1.01,1.0,10,What are symptoms of anemia?,1.0,1.0,1.0,1.6957,0.018172,10,26814
3,D,RomeCombined,1%,0.99,1.01,1.0,10,How is hypothyroidism treated?,1.0,1.0,1.0,1.5048,0.014427,10,25084
3,D,RomeCombined,1%,0.99,1.01,1.0,10,What causes chronic pain?,1.0,1.0,1.0,2.164,0.000763,10,24202
3,D,RomeCombined,1%,0.99,1.01,1.0,10,Describe COPD management,1.0,1.0,1.0,1.2206,0.024936,10,24971
3,D,RomeCombined,1%,0.99,1.01,1.0,10,What are signs of liver disease?,1.0,1.0,1.0,2.0253,0.001756,10,23974
3,D,RomeCombined,1%,0.99,1.01,1.0,10,How is epilepsy treated?,1.0,1.0,1.0,1.3592,0.017423,10,25412
3,D,RomeCombined,1%,0.99,1.01,1.0,10,What causes osteoporosis?,1.0,1.0,1.0,1.8344,0.014119,10,24747
3,D,RomeCombined,1%,0.99,1.01,1.0,10,Describe symptoms of anxiety disorder,1.0,1.0,1.0,1.6094,0.01388,10,26343
3,D,RomeCombined,1%,0.99,1.01,1.0,10,What medications are used for HIV/AIDS?,1.0,1.0,1.0,1.4979,0.009626,10,25445
3,D,RomeCombined,1%,0.99,1.01,1.0,10,How is pneumonia diagnosed?,1.0,1.0,1.0,1.8344,0.007207,10,25400
3,D,RomeCombined,1%,0.99,1.01,1.0,10,What causes inflammatory bowel disease?,1.0,1.0,0.9556,2.164,0.001506,10,24965
3,D,RomeCombined,1%,0.99,1.01,1.0,10,Describe treatment for chronic kidney disease,1.0,1.0,1.0,1.3592,0.016573,10,24957
3,D,RomeCombined,1%,0.99,1.01,1.0,10,What are symptoms of schizophrenia?,1.0,1.0,1.0,1.4185,0.010812,10,24948
3,D,RomeCombined,1%,0.99,1.01,1.0,10,How is bipolar disorder managed?,1.0,1.0,0.9556,1.4708,0.016135,9,27271
3,D,RomeCombined,1%,0.99,1.01,1.0,10,What causes psoriasis?,1.0,1.0,1.0,1.6094,0.016091,10,25349
3,D,RomeCombined,1%,0.99,1.01,1.0,10,Describe sepsis treatment,1.0,1.0,1.0,1.6434,0.017424,10,24569
3,D,RomeCombined,1%,0.99,1.01,1.0,10,What are risk factors for cancer?,1.0,1.0,1.0,2.0253,0.000533,10,24456
3,D,RomeCombined,1%,0.99,1.01,1.0,10,How is ALS diagnosed?,1.0,1.0,1.0,1.6094,0.01133,10,22975
3,D,RomeCombined,5%,0.95,1.05,5.0,10,What are the symptoms of type 2 diabetes?,0.9,0.9513,0.9444,2.164,0.007763,10,24875
3,D,RomeCombined,5%,0.95,1.05,5.0,10,How is hypertension treated?,1.0,1.0,1.0,1.6094,0.007,10,25287
3,D,RomeCombined,5%,0.95,1.05,5.0,10,What causes heart failure?,1.0,1.0,1.0,2.0253,0.006838,10,27690
3,D,RomeCombined,5%,0.95,1.05,5.0,10,Describe the symptoms of lupus,1.0,1.0,1.0,1.8867,0.014613,10,25324
3,D,RomeCombined,5%,0.95,1.05,5.0,10,What medications treat depression?,1.0,1.0,1.0,2.164,0.008107,10,24813
3,D,RomeCombined,5%,0.95,1.05,5.0,10,How does Alzheimer's disease progress?,1.0,1.0,0.9556,1.973,0.015975,10,25769
3,D,RomeCombined,5%,0.95,1.05,5.0,10,What are risk factors for stroke?,1.0,1.0,1.0,1.4185,0.007673,10,27568
3,D,RomeCombined,5%,0.95,1.05,5.0,10,How is asthma managed long-term?,1.0,1.0,1.0,2.164,0.006698,10,27964
3,D,RomeCombined,5%,0.95,1.05,5.0,10,What are signs of kidney disease?,1.0,1.0,1.0,1.6094,0.006593,10,25552
3,D,RomeCombined,5%,0.95,1.05,5.0,10,Describe rheumatoid arthritis treatment,1.0,1.0,1.0,1.8344,0.009083,10,24684
3,D,RomeCombined,5%,0.95,1.05,5.0,10,What causes Parkinson's disease?,1.0,1.0,1.0,1.973,0.015097,10,25810
3,D,RomeCombined,5%,0.95,1.05,5.0,10,How is multiple sclerosis diagnosed?,1.0,1.0,1.0,1.8344,0.014209,10,25496
3,D,RomeCombined,5%,0.95,1.05,5.0,10,What are symptoms of anemia?,1.0,1.0,1.0,1.6957,0.018015,10,25236
3,D,RomeCombined,5%,0.95,1.05,5.0,10,How is hypothyroidism treated?,1.0,1.0,1.0,1.5048,0.014539,10,25622
3,D,RomeCombined,5%,0.95,1.05,5.0,10,What causes chronic pain?,1.0,1.0,1.0,2.164,0.000777,10,25189
3,D,RomeCombined,5%,0.95,1.05,5.0,10,Describe COPD management,1.0,1.0,1.0,1.2206,0.024903,10,25252
3,D,RomeCombined,5%,0.95,1.05,5.0,10,What are signs of liver disease?,1.0,1.0,1.0,2.0253,0.00179,10,24995
3,D,RomeCombined,5%,0.95,1.05,5.0,10,How is epilepsy treated?,1.0,1.0,0.9556,1.3592,0.017535,10,25561
3,D,RomeCombined,5%,0.95,1.05,5.0,10,What causes osteoporosis?,1.0,1.0,0.9556,1.8344,0.01397,10,25495
3,D,RomeCombined,5%,0.95,1.05,5.0,10,Describe symptoms of anxiety disorder,1.0,1.0,1.0,1.6094,0.013739,10,24055
3,D,RomeCombined,5%,0.95,1.05,5.0,10,What medications are used for HIV/AIDS?,1.0,1.0,1.0,1.4979,0.009553,10,24970
3,D,RomeCombined,5%,0.95,1.05,5.0,10,How is pneumonia diagnosed?,1.0,1.0,1.0,1.8344,0.007168,10,24071
3,D,RomeCombined,5%,0.95,1.05,5.0,10,What causes inflammatory bowel disease?,1.0,1.0,0.9556,2.164,0.001481,10,24091
3,D,RomeCombined,5%,0.95,1.05,5.0,10,Describe treatment for chronic kidney disease,1.0,1.0,1.0,1.3592,0.016541,10,23426
3,D,RomeCombined,5%,0.95,1.05,5.0,10,What are symptoms of schizophrenia?,1.0,1.0,1.0,1.6094,0.010685,10,23980
3,D,RomeCombined,5%,0.95,1.05,5.0,10,How is bipolar disorder managed?,1.0,1.0,1.0,1.4708,0.01613,10,26195
3,D,RomeCombined,5%,0.95,1.05,5.0,10,What causes psoriasis?,1.0,1.0,1.0,1.6094,0.015943,10,23890
3,D,RomeCombined,5%,0.95,1.05,5.0,10,Describe sepsis treatment,1.0,1.0,1.0,1.6434,0.01721,10,23932
3,D,RomeCombined,5%,0.95,1.05,5.0,10,What are risk factors for cancer?,1.0,1.0,0.9556,1.973,0.00053,10,26741
3,D,RomeCombined,5%,0.95,1.05,5.0,10,How is ALS diagnosed?,1.0,1.0,1.0,1.6094,0.011366,10,26951
3,D,RomeCombined,10%,0.9,1.1,10.0,10,What are the symptoms of type 2 diabetes?,0.9,0.9513,1.0,2.0253,0.007665,10,25495
3,D,RomeCombined,10%,0.9,1.1,10.0,10,How is hypertension treated?,1.0,1.0,0.9556,1.8344,0.00697,10,25738
3,D,RomeCombined,10%,0.9,1.1,10.0,10,What causes heart failure?,1.0,1.0,1.0,2.0253,0.00678,10,25292
3,D,RomeCombined,10%,0.9,1.1,10.0,10,Describe the symptoms of lupus,1.0,1.0,1.0,1.8867,0.014319,10,25157
3,D,RomeCombined,10%,0.9,1.1,10.0,10,What medications treat depression?,1.0,1.0,1.0,1.8867,0.00799,10,23625
3,D,RomeCombined,10%,0.9,1.1,10.0,10,How does Alzheimer's disease progress?,1.0,1.0,1.0,1.973,0.015779,10,28675
3,D,RomeCombined,10%,0.9,1.1,10.0,10,What are risk factors for stroke?,1.0,1.0,1.0,1.3592,0.007685,10,25260
3,D,RomeCombined,10%,0.9,1.1,10.0,10,How is asthma managed long-term?,1.0,1.0,1.0,2.0253,0.006683,10,25155
3,D,RomeCombined,10%,0.9,1.1,10.0,10,What are signs of kidney disease?,1.0,1.0,0.9556,1.8344,0.006663,10,25443
3,D,RomeCombined,10%,0.9,1.1,10.0,10,Describe rheumatoid arthritis treatment,1.0,1.0,1.0,1.8344,0.008981,10,24928
3,D,RomeCombined,10%,0.9,1.1,10.0,10,What causes Parkinson's disease?,1.0,1.0,1.0,2.164,0.014664,10,25771
3,D,RomeCombined,10%,0.9,1.1,10.0,10,How is multiple sclerosis diagnosed?,1.0,1.0,1.0,1.8344,0.014174,10,25899
3,D,RomeCombined,10%,0.9,1.1,10.0,10,What are symptoms of anemia?,1.0,1.0,1.0,1.6957,0.017969,10,24852
3,D,RomeCombined,10%,0.9,1.1,10.0,10,How is hypothyroidism treated?,1.0,1.0,0.9556,1.5048,0.013906,10,25836
3,D,RomeCombined,10%,0.9,1.1,10.0,10,What causes chronic pain?,1.0,1.0,0.9556,2.164,0.000794,10,24860
3,D,RomeCombined,10%,0.9,1.1,10.0,10,Describe COPD management,1.0,1.0,1.0,1.2206,0.024834,10,24349
3,D,RomeCombined,10%,0.9,1.1,10.0,10,What are signs of liver disease?,1.0,1.0,1.0,2.0253,0.001708,10,25083
3,D,RomeCombined,10%,0.9,1.1,10.0,10,How is epilepsy treated?,1.0,1.0,0.9556,1.3592,0.017118,10,24827
3,D,RomeCombined,10%,0.9,1.1,10.0,10,What causes osteoporosis?,1.0,1.0,1.0,1.8344,0.014109,10,24993
3,D,RomeCombined,10%,0.9,1.1,10.0,10,Describe symptoms of anxiety disorder,1.0,1.0,0.9556,1.4708,0.01387,10,24315
3,D,RomeCombined,10%,0.9,1.1,10.0,10,What medications are used for HIV/AIDS?,1.0,1.0,1.0,1.4979,0.009575,10,25770
3,D,RomeCombined,10%,0.9,1.1,10.0,10,How is pneumonia diagnosed?,1.0,1.0,0.9556,1.6094,0.007009,10,24874
3,D,RomeCombined,10%,0.9,1.1,10.0,10,What causes inflammatory bowel disease?,1.0,1.0,0.9556,2.164,0.001531,10,25039
3,D,RomeCombined,10%,0.9,1.1,10.0,10,Describe treatment for chronic kidney disease,1.0,1.0,0.9556,1.3592,0.016487,10,25697
3,D,RomeCombined,10%,0.9,1.1,10.0,10,What are symptoms of schizophrenia?,0.9,0.9491,1.0,1.6957,0.010678,10,24634
3,D,RomeCombined,10%,0.9,1.1,10.0,10,How is bipolar disorder managed?,1.0,1.0,0.9556,1.4708,0.015646,10,25588
3,D,RomeCombined,10%,0.9,1.1,10.0,10,What causes psoriasis?,1.0,1.0,1.0,1.6094,0.015725,10,25516
3,D,RomeCombined,10%,0.9,1.1,10.0,10,Describe sepsis treatment,1.0,1.0,1.0,1.6434,0.017206,10,23863
3,D,RomeCombined,10%,0.9,1.1,10.0,10,What are risk factors for cancer?,1.0,1.0,0.9556,2.164,0.000534,10,26815
3,D,RomeCombined,10%,0.9,1.1,10.0,10,How is ALS diagnosed?,1.0,1.0,0.9556,1.6094,0.011142,10,24568
3,D,RomeCombined,20%,0.8,1.2,20.0,10,What are the symptoms of type 2 diabetes?,0.9,0.9513,1.0,1.8867,0.007074,10,25254
3,D,RomeCombined,20%,0.8,1.2,20.0,10,How is hypertension treated?,1.0,1.0,1.0,1.6094,0.006721,10,27327
3,D,RomeCombined,20%,0.8,1.2,20.0,10,What causes heart failure?,1.0,1.0,1.0,2.0253,0.006607,10,24875
3,D,RomeCombined,20%,0.8,1.2,20.0,10,Describe the symptoms of lupus,1.0,1.0,1.0,2.0253,0.013173,10,25642
3,D,RomeCombined,20%,0.8,1.2,20.0,10,What medications treat depression?,1.0,1.0,1.0,2.0253,0.007839,10,26969
3,D,RomeCombined,20%,0.8,1.2,20.0,10,How does Alzheimer's disease progress?,1.0,1.0,0.9556,1.973,0.014879,10,24399
3,D,RomeCombined,20%,0.8,1.2,20.0,10,What are risk factors for stroke?,1.0,1.0,0.9556,1.4185,0.007382,10,24096
3,D,RomeCombined,20%,0.8,1.2,20.0,10,How is asthma managed long-term?,1.0,1.0,1.0,2.0253,0.006315,10,24705
3,D,RomeCombined,20%,0.8,1.2,20.0,10,What are signs of kidney disease?,1.0,1.0,0.9556,1.8344,0.006548,10,24678
3,D,RomeCombined,20%,0.8,1.2,20.0,10,Describe rheumatoid arthritis treatment,1.0,1.0,0.9556,1.8344,0.008309,10,25249
3,D,RomeCombined,20%,0.8,1.2,20.0,10,What causes Parkinson's disease?,1.0,1.0,0.9556,1.973,0.014485,10,25689
3,D,RomeCombined,20%,0.8,1.2,20.0,10,How is multiple sclerosis diagnosed?,1.0,1.0,1.0,1.8344,0.013813,10,26865
3,D,RomeCombined,20%,0.8,1.2,20.0,10,What are symptoms of anemia?,1.0,1.0,1.0,1.6957,0.017187,10,24840
3,D,RomeCombined,20%,0.8,1.2,20.0,10,How is hypothyroidism treated?,1.0,0.9999,0.9111,1.5048,0.013092,10,24769
3,D,RomeCombined,20%,0.8,1.2,20.0,10,What causes chronic pain?,1.0,1.0,1.0,2.0253,0.000689,10,24849
3,D,RomeCombined,20%,0.8,1.2,20.0,10,Describe COPD management,1.0,1.0,0.9556,1.2206,0.024295,10,24432
3,D,RomeCombined,20%,0.8,1.2,20.0,10,What are signs of liver disease?,1.0,1.0,1.0,1.973,0.001723,10,24458
3,D,RomeCombined,20%,0.8,1.2,20.0,10,How is epilepsy treated?,1.0,1.0,1.0,1.3592,0.016838,10,24767
3,D,RomeCombined,20%,0.8,1.2,20.0,10,What causes osteoporosis?,1.0,1.0,1.0,1.8344,0.013291,10,25447
3,D,RomeCombined,20%,0.8,1.2,20.0,10,Describe symptoms of anxiety disorder,1.0,0.9999,0.9111,1.6094,0.013495,10,26902
3,D,RomeCombined,20%,0.8,1.2,20.0,10,What medications are used for HIV/AIDS?,1.0,1.0,1.0,1.4979,0.009022,10,24375
3,D,RomeCombined,20%,0.8,1.2,20.0,10,How is pneumonia diagnosed?,0.9,0.9471,0.9444,1.6957,0.006849,10,24071
3,D,RomeCombined,20%,0.8,1.2,20.0,10,What causes inflammatory bowel disease?,1.0,0.9999,0.9111,2.164,0.001516,10,23422
3,D,RomeCombined,20%,0.8,1.2,20.0,10,Describe treatment for chronic kidney disease,1.0,0.9999,0.9111,1.3592,0.015939,10,23645
3,D,RomeCombined,20%,0.8,1.2,20.0,10,What are symptoms of schizophrenia?,1.0,1.0,0.9556,1.6094,0.010244,10,22953
3,D,RomeCombined,20%,0.8,1.2,20.0,10,How is bipolar disorder managed?,1.0,0.9993,0.8667,1.2799,0.015309,10,23467
3,D,RomeCombined,20%,0.8,1.2,20.0,10,What causes psoriasis?,1.0,0.9999,0.9111,1.6094,0.015678,9,23284
3,D,RomeCombined,20%,0.8,1.2,20.0,10,Describe sepsis treatment,1.0,1.0,0.9556,1.6434,0.016767,10,22802
3,D,RomeCombined,20%,0.8,1.2,20.0,10,What are risk factors for cancer?,1.0,1.0,0.8667,2.164,0.000483,10,24025
3,D,RomeCombined,20%,0.8,1.2,20.0,10,How is ALS diagnosed?,1.0,1.0,1.0,1.6094,0.010757,10,23470
3,D,RomeCombined,30%,0.7,1.3,30.0,10,What are the symptoms of type 2 diabetes?,0.9,0.9512,0.9444,1.973,0.007008,10,25175
3,D,RomeCombined,30%,0.7,1.3,30.0,10,How is hypertension treated?,0.9,0.9508,0.9444,1.8867,0.00623,10,26125
3,D,RomeCombined,30%,0.7,1.3,30.0,10,What causes heart failure?,1.0,1.0,1.0,2.164,0.005925,10,26018
3,D,RomeCombined,30%,0.7,1.3,30.0,10,Describe the symptoms of lupus,1.0,1.0,1.0,2.0253,0.012402,10,24873
3,D,RomeCombined,30%,0.7,1.3,30.0,10,What medications treat depression?,1.0,1.0,1.0,2.3026,0.006994,10,24885
3,D,RomeCombined,30%,0.7,1.3,30.0,10,How does Alzheimer's disease progress?,1.0,1.0,0.9556,1.8344,0.013595,10,24902
3,D,RomeCombined,30%,0.7,1.3,30.0,10,What are risk factors for stroke?,1.0,0.9999,0.7778,1.4185,0.006904,10,25458
3,D,RomeCombined,30%,0.7,1.3,30.0,10,How is asthma managed long-term?,0.9,0.9556,0.9444,1.8867,0.00604,10,25771
3,D,RomeCombined,30%,0.7,1.3,30.0,10,What are signs of kidney disease?,1.0,0.9999,0.9111,1.8344,0.006177,10,27235
3,D,RomeCombined,30%,0.7,1.3,30.0,10,Describe rheumatoid arthritis treatment,1.0,0.9999,0.9556,1.973,0.008762,10,27461
3,D,RomeCombined,30%,0.7,1.3,30.0,10,What causes Parkinson's disease?,1.0,1.0,0.9556,1.973,0.01373,10,25406
3,D,RomeCombined,30%,0.7,1.3,30.0,10,How is multiple sclerosis diagnosed?,1.0,1.0,1.0,1.973,0.013616,10,25736
3,D,RomeCombined,30%,0.7,1.3,30.0,10,What are symptoms of anemia?,1.0,1.0,0.9556,1.6957,0.016041,10,25476
3,D,RomeCombined,30%,0.7,1.3,30.0,10,How is hypothyroidism treated?,1.0,0.9998,0.8222,1.5048,0.012567,10,25926
3,D,RomeCombined,30%,0.7,1.3,30.0,10,What causes chronic pain?,1.0,0.9999,0.9111,2.164,0.000829,10,27058
3,D,RomeCombined,30%,0.7,1.3,30.0,10,Describe COPD management,0.9,0.9606,1.0,1.3592,0.021921,10,24835
3,D,RomeCombined,30%,0.7,1.3,30.0,10,What are signs of liver disease?,0.9,0.9459,0.9444,1.6434,0.001428,10,27345
3,D,RomeCombined,30%,0.7,1.3,30.0,10,How is epilepsy treated?,1.0,1.0,1.0,1.3592,0.015724,10,24559
3,D,RomeCombined,30%,0.7,1.3,30.0,10,What causes osteoporosis?,1.0,1.0,1.0,1.6434,0.011388,9,25607
3,D,RomeCombined,30%,0.7,1.3,30.0,10,Describe symptoms of anxiety disorder,1.0,0.9999,0.9111,1.5048,0.012474,10,24006
3,D,RomeCombined,30%,0.7,1.3,30.0,10,What medications are used for HIV/AIDS?,1.0,1.0,1.0,1.4979,0.009109,10,24348
3,D,RomeCombined,30%,0.7,1.3,30.0,10,How is pneumonia diagnosed?,1.0,0.9999,0.9111,1.8344,0.006237,10,25431
3,D,RomeCombined,30%,0.7,1.3,30.0,10,What causes inflammatory bowel disease?,1.0,1.0,0.9556,2.164,0.001288,10,24473
3,D,RomeCombined,30%,0.7,1.3,30.0,10,Describe treatment for chronic kidney disease,1.0,1.0,0.9556,1.3592,0.015291,10,25834
3,D,RomeCombined,30%,0.7,1.3,30.0,10,What are symptoms of schizophrenia?,0.9,0.9487,0.7222,1.4708,0.009931,10,25611
3,D,RomeCombined,30%,0.7,1.3,30.0,10,How is bipolar disorder managed?,1.0,1.0,0.9556,1.4708,0.014269,10,24839
3,D,RomeCombined,30%,0.7,1.3,30.0,10,What causes psoriasis?,1.0,1.0,1.0,1.6957,0.013815,10,24474
3,D,RomeCombined,30%,0.7,1.3,30.0,10,Describe sepsis treatment,1.0,1.0,0.9556,1.6434,0.014953,10,24623
3,D,RomeCombined,30%,0.7,1.3,30.0,10,What are risk factors for cancer?,1.0,0.9999,0.8222,2.164,0.000501,10,25285
3,D,RomeCombined,30%,0.7,1.3,30.0,10,How is ALS diagnosed?,1.0,1.0,1.0,1.6434,0.009619,10,24958
3,D,RomeCombined,50%,0.5,1.5,50.0,10,What are the symptoms of type 2 diabetes?,0.9,0.9513,1.0,1.8867,0.005484,10,25161
3,D,RomeCombined,50%,0.5,1.5,50.0,10,How is hypertension treated?,0.8,0.9035,0.8571,1.6094,0.004811,10,24772
3,D,RomeCombined,50%,0.5,1.5,50.0,10,What causes heart failure?,1.0,0.9998,0.9111,1.6957,0.004863,10,26083
3,D,RomeCombined,50%,0.5,1.5,50.0,10,Describe the symptoms of lupus,0.9,0.954,0.9444,1.8867,0.009111,9,26159
3,D,RomeCombined,50%,0.5,1.5,50.0,10,What medications treat depression?,1.0,1.0,1.0,2.164,0.006267,10,24077
3,D,RomeCombined,50%,0.5,1.5,50.0,10,How does Alzheimer's disease progress?,1.0,1.0,1.0,1.8344,0.011098,10,25846
3,D,RomeCombined,50%,0.5,1.5,50.0,10,What are risk factors for stroke?,0.9,0.937,0.8333,1.3592,0.00638,10,25194
3,D,RomeCombined,50%,0.5,1.5,50.0,10,How is asthma managed long-term?,1.0,1.0,1.0,2.0253,0.004821,10,24627
3,D,RomeCombined,50%,0.5,1.5,50.0,10,What are signs of kidney disease?,1.0,1.0,0.9556,1.973,0.004417,10,24282
3,D,RomeCombined,50%,0.5,1.5,50.0,10,Describe rheumatoid arthritis treatment,1.0,0.9999,0.9111,1.7481,0.007173,10,24710
3,D,RomeCombined,50%,0.5,1.5,50.0,10,What causes Parkinson's disease?,1.0,1.0,0.9556,1.8344,0.010304,10,26225
3,D,RomeCombined,50%,0.5,1.5,50.0,10,How is multiple sclerosis diagnosed?,1.0,1.0,0.9556,1.973,0.010699,10,24340
3,D,RomeCombined,50%,0.5,1.5,50.0,10,What are symptoms of anemia?,1.0,0.9991,0.9111,1.973,0.012055,10,24731
3,D,RomeCombined,50%,0.5,1.5,50.0,10,How is hypothyroidism treated?,1.0,0.9983,0.9111,1.6434,0.009961,10,26167
3,D,RomeCombined,50%,0.5,1.5,50.0,10,What causes chronic pain?,1.0,0.9999,0.9111,1.8344,0.000609,10,26072
3,D,RomeCombined,50%,0.5,1.5,50.0,10,Describe COPD management,1.0,1.0,1.0,1.3592,0.016727,10,24783
3,D,RomeCombined,50%,0.5,1.5,50.0,10,What are signs of liver disease?,1.0,1.0,1.0,2.0253,0.00157,10,25180
3,D,RomeCombined,50%,0.5,1.5,50.0,10,How is epilepsy treated?,0.9,0.9612,0.8889,1.3592,0.011841,10,25216
3,D,RomeCombined,50%,0.5,1.5,50.0,10,What causes osteoporosis?,1.0,0.9999,0.8667,1.8344,0.01046,10,25404
3,D,RomeCombined,50%,0.5,1.5,50.0,10,Describe symptoms of anxiety disorder,1.0,0.9997,0.7333,1.5048,0.009464,10,24918
3,D,RomeCombined,50%,0.5,1.5,50.0,10,What medications are used for HIV/AIDS?,1.0,1.0,0.9556,1.4979,0.006754,10,25090
3,D,RomeCombined,50%,0.5,1.5,50.0,10,How is pneumonia diagnosed?,1.0,0.9999,0.9111,1.6094,0.005488,10,24810
3,D,RomeCombined,50%,0.5,1.5,50.0,10,What causes inflammatory bowel disease?,1.0,0.9986,0.9111,1.8867,0.00108,10,25807
3,D,RomeCombined,50%,0.5,1.5,50.0,10,Describe treatment for chronic kidney disease,1.0,1.0,0.9111,1.4979,0.011465,10,25265
3,D,RomeCombined,50%,0.5,1.5,50.0,10,What are symptoms of schizophrenia?,0.9,0.9487,0.6667,1.6434,0.008089,10,25233
3,D,RomeCombined,50%,0.5,1.5,50.0,10,How is bipolar disorder managed?,1.0,1.0,0.8667,1.4708,0.011057,10,24392
3,D,RomeCombined,50%,0.5,1.5,50.0,10,What causes psoriasis?,1.0,0.9999,0.8222,1.3592,0.011605,10,24665
3,D,RomeCombined,50%,0.5,1.5,50.0,10,Describe sepsis treatment,1.0,1.0,0.9556,1.6434,0.012339,10,24704
3,D,RomeCombined,50%,0.5,1.5,50.0,10,What are risk factors for cancer?,1.0,0.9993,0.7333,2.164,0.000276,10,25014
3,D,RomeCombined,50%,0.5,1.5,50.0,10,How is ALS diagnosed?,0.9,0.9512,0.8333,1.6434,0.008162,10,24402
3,D,RomeCombined,70%,0.3,1.7,70.0,10,What are the symptoms of type 2 diabetes?,0.9,0.9512,0.8333,1.8344,0.00311,10,28340
3,D,RomeCombined,70%,0.3,1.7,70.0,10,How is hypertension treated?,1.0,0.9999,0.9111,1.8867,0.002718,10,25137
3,D,RomeCombined,70%,0.3,1.7,70.0,10,What causes heart failure?,0.9,0.9479,0.9444,2.164,0.002221,10,28343
3,D,RomeCombined,70%,0.3,1.7,70.0,10,Describe the symptoms of lupus,0.9,0.951,1.0,1.973,0.00639,10,26019
3,D,RomeCombined,70%,0.3,1.7,70.0,10,What medications treat depression?,1.0,0.9999,0.9556,1.8867,0.003461,10,24447
3,D,RomeCombined,70%,0.3,1.7,70.0,10,How does Alzheimer's disease progress?,1.0,1.0,1.0,1.973,0.007329,10,25943
3,D,RomeCombined,70%,0.3,1.7,70.0,10,What are risk factors for stroke?,0.8,0.8769,0.5,1.2275,0.003639,10,24571
3,D,RomeCombined,70%,0.3,1.7,70.0,10,How is asthma managed long-term?,1.0,0.9999,0.9111,1.8344,0.002434,10,25390
3,D,RomeCombined,70%,0.3,1.7,70.0,10,What are signs of kidney disease?,1.0,0.9999,0.9111,1.8867,0.002729,10,24699
3,D,RomeCombined,70%,0.3,1.7,70.0,10,Describe rheumatoid arthritis treatment,1.0,1.0,1.0,1.8344,0.003964,10,25759
3,D,RomeCombined,70%,0.3,1.7,70.0,10,What causes Parkinson's disease?,1.0,1.0,1.0,1.973,0.006241,10,24348
3,D,RomeCombined,70%,0.3,1.7,70.0,10,How is multiple sclerosis diagnosed?,1.0,1.0,0.9556,1.8344,0.005292,10,24001
3,D,RomeCombined,70%,0.3,1.7,70.0,10,What are symptoms of anemia?,1.0,1.0,1.0,1.8867,0.007683,10,24474
3,D,RomeCombined,70%,0.3,1.7,70.0,10,How is hypothyroidism treated?,1.0,1.0,0.9111,1.8344,0.006291,10,25433
3,D,RomeCombined,70%,0.3,1.7,70.0,10,What causes chronic pain?,0.9,0.9358,0.8333,2.164,0.000333,10,25086
3,D,RomeCombined,70%,0.3,1.7,70.0,10,Describe COPD management,0.9,0.9598,0.6111,1.0889,0.01012,10,24407
3,D,RomeCombined,70%,0.3,1.7,70.0,10,What are signs of liver disease?,1.0,0.9991,0.7778,1.973,0.000873,10,25143
3,D,RomeCombined,70%,0.3,1.7,70.0,10,How is epilepsy treated?,1.0,0.9993,0.7778,1.3592,0.007353,10,25288
3,D,RomeCombined,70%,0.3,1.7,70.0,10,What causes osteoporosis?,1.0,1.0,1.0,1.8344,0.005623,10,24892
3,D,RomeCombined,70%,0.3,1.7,70.0,10,Describe symptoms of anxiety disorder,0.9,0.9503,0.7222,1.6957,0.005337,10,25104
3,D,RomeCombined,70%,0.3,1.7,70.0,10,What medications are used for HIV/AIDS?,1.0,1.0,0.9556,1.7481,0.004004,10,24585
3,D,RomeCombined,70%,0.3,1.7,70.0,10,How is pneumonia diagnosed?,0.9,0.9473,0.8889,1.8344,0.00295,10,25329
3,D,RomeCombined,70%,0.3,1.7,70.0,10,What causes inflammatory bowel disease?,1.0,0.9999,0.9111,1.8344,0.000591,9,25158
3,D,RomeCombined,70%,0.3,1.7,70.0,10,Describe treatment for chronic kidney disease,0.8,0.9107,0.9286,1.2206,0.007498,10,25087
3,D,RomeCombined,70%,0.3,1.7,70.0,10,What are symptoms of schizophrenia?,0.8,0.8863,0.9286,1.6094,0.005031,9,24938
3,D,RomeCombined,70%,0.3,1.7,70.0,10,How is bipolar disorder managed?,1.0,1.0,0.9111,1.6094,0.006092,10,25927
3,D,RomeCombined,70%,0.3,1.7,70.0,10,What causes psoriasis?,1.0,1.0,1.0,1.6957,0.007385,10,25048
3,D,RomeCombined,70%,0.3,1.7,70.0,10,Describe sepsis treatment,1.0,0.9999,0.9111,1.6434,0.006763,10,25357
3,D,RomeCombined,70%,0.3,1.7,70.0,10,What are risk factors for cancer?,1.0,0.9999,0.8222,1.8344,0.000343,10,24810
3,D,RomeCombined,70%,0.3,1.7,70.0,10,How is ALS diagnosed?,0.9,0.9443,0.9444,1.6094,0.003815,10,26858
3,D,CkksCombined,1%,0.99,1.01,1.0,10,What are the symptoms of type 2 diabetes?,1.0,1.0,1.0,2.164,0.007875,10,6115207
3,D,CkksCombined,1%,0.99,1.01,1.0,10,How is hypertension treated?,1.0,1.0,1.0,1.6094,0.007058,10,6094498
3,D,CkksCombined,1%,0.99,1.01,1.0,10,What causes heart failure?,1.0,1.0,1.0,2.0253,0.006817,10,6082157
3,D,CkksCombined,1%,0.99,1.01,1.0,10,Describe the symptoms of lupus,1.0,1.0,1.0,2.0253,0.014604,10,6098695
3,D,CkksCombined,1%,0.99,1.01,1.0,10,What medications treat depression?,1.0,1.0,1.0,2.164,0.008106,10,6083606
3,D,CkksCombined,1%,0.99,1.01,1.0,10,How does Alzheimer's disease progress?,1.0,1.0,1.0,1.973,0.015891,10,6196704
3,D,CkksCombined,1%,0.99,1.01,1.0,10,What are risk factors for stroke?,1.0,1.0,1.0,1.3592,0.007763,10,6141918
3,D,CkksCombined,1%,0.99,1.01,1.0,10,How is asthma managed long-term?,1.0,1.0,1.0,2.164,0.006686,10,6111774
3,D,CkksCombined,1%,0.99,1.01,1.0,10,What are signs of kidney disease?,1.0,1.0,1.0,1.8344,0.006637,10,6091942
3,D,CkksCombined,1%,0.99,1.01,1.0,10,Describe rheumatoid arthritis treatment,1.0,1.0,1.0,1.8344,0.009153,10,6095657
3,D,CkksCombined,1%,0.99,1.01,1.0,10,What causes Parkinson's disease?,1.0,1.0,1.0,1.973,0.015148,10,6109176
3,D,CkksCombined,1%,0.99,1.01,1.0,10,How is multiple sclerosis diagnosed?,1.0,1.0,1.0,1.8344,0.014337,10,6106089
3,D,CkksCombined,1%,0.99,1.01,1.0,10,What are symptoms of anemia?,1.0,1.0,1.0,1.6957,0.018161,10,6140563
3,D,CkksCombined,1%,0.99,1.01,1.0,10,How is hypothyroidism treated?,1.0,1.0,1.0,1.5048,0.014412,10,6090323
3,D,CkksCombined,1%,0.99,1.01,1.0,10,What causes chronic pain?,1.0,1.0,1.0,2.164,0.000763,10,6082226
3,D,CkksCombined,1%,0.99,1.01,1.0,10,Describe COPD management,1.0,1.0,1.0,1.2206,0.02491,10,6103993
3,D,CkksCombined,1%,0.99,1.01,1.0,10,What are signs of liver disease?,1.0,1.0,1.0,2.0253,0.001758,10,6126778
3,D,CkksCombined,1%,0.99,1.01,1.0,10,How is epilepsy treated?,1.0,1.0,1.0,1.3592,0.017424,10,6125219
3,D,CkksCombined,1%,0.99,1.01,1.0,10,What causes osteoporosis?,1.0,1.0,1.0,1.8344,0.01412,10,6076177
3,D,CkksCombined,1%,0.99,1.01,1.0,10,Describe symptoms of anxiety disorder,1.0,1.0,1.0,1.6094,0.013861,10,6101735
3,D,CkksCombined,1%,0.99,1.01,1.0,10,What medications are used for HIV/AIDS?,1.0,1.0,1.0,1.4979,0.009649,10,6162707
3,D,CkksCombined,1%,0.99,1.01,1.0,10,How is pneumonia diagnosed?,1.0,1.0,1.0,1.8344,0.007223,10,6093787
3,D,CkksCombined,1%,0.99,1.01,1.0,10,What causes inflammatory bowel disease?,1.0,1.0,0.9556,1.973,0.001507,10,6089042
3,D,CkksCombined,1%,0.99,1.01,1.0,10,Describe treatment for chronic kidney disease,1.0,1.0,1.0,1.3592,0.016563,10,6138966
3,D,CkksCombined,1%,0.99,1.01,1.0,10,What are symptoms of schizophrenia?,1.0,1.0,1.0,1.6094,0.010791,10,6097086
3,D,CkksCombined,1%,0.99,1.01,1.0,10,How is bipolar disorder managed?,1.0,1.0,1.0,1.4708,0.016112,10,6144302
3,D,CkksCombined,1%,0.99,1.01,1.0,10,What causes psoriasis?,1.0,1.0,1.0,1.6094,0.016033,10,6123999
3,D,CkksCombined,1%,0.99,1.01,1.0,10,Describe sepsis treatment,1.0,1.0,1.0,1.6434,0.017396,10,6121304
3,D,CkksCombined,1%,0.99,1.01,1.0,10,What are risk factors for cancer?,1.0,1.0,1.0,2.0253,0.000541,10,6078576
3,D,CkksCombined,1%,0.99,1.01,1.0,10,How is ALS diagnosed?,1.0,1.0,1.0,1.6094,0.011299,10,6089451
3,D,CkksCombined,5%,0.95,1.05,5.0,10,What are the symptoms of type 2 diabetes?,1.0,1.0,0.9556,2.0253,0.007832,10,6305193
3,D,CkksCombined,5%,0.95,1.05,5.0,10,How is hypertension treated?,1.0,1.0,1.0,1.6094,0.007091,10,6087412
3,D,CkksCombined,5%,0.95,1.05,5.0,10,What causes heart failure?,1.0,1.0,1.0,2.0253,0.006809,10,6230389
3,D,CkksCombined,5%,0.95,1.05,5.0,10,Describe the symptoms of lupus,1.0,1.0,1.0,2.0253,0.014444,10,6104454
3,D,CkksCombined,5%,0.95,1.05,5.0,10,What medications treat depression?,1.0,1.0,1.0,2.164,0.008092,10,6354249
3,D,CkksCombined,5%,0.95,1.05,5.0,10,How does Alzheimer's disease progress?,1.0,1.0,0.9556,1.973,0.015848,10,6089008
3,D,CkksCombined,5%,0.95,1.05,5.0,10,What are risk factors for stroke?,1.0,1.0,1.0,1.4185,0.007673,10,6272937
3,D,CkksCombined,5%,0.95,1.05,5.0,10,How is asthma managed long-term?,1.0,1.0,1.0,2.0253,0.006689,10,6102698
3,D,CkksCombined,5%,0.95,1.05,5.0,10,What are signs of kidney disease?,1.0,1.0,1.0,1.8344,0.006567,10,6267138
3,D,CkksCombined,5%,0.95,1.05,5.0,10,Describe rheumatoid arthritis treatment,1.0,1.0,1.0,1.8344,0.008999,10,6101992
3,D,CkksCombined,5%,0.95,1.05,5.0,10,What causes Parkinson's disease?,1.0,1.0,0.9556,1.973,0.015248,10,6268486
3,D,CkksCombined,5%,0.95,1.05,5.0,10,How is multiple sclerosis diagnosed?,1.0,1.0,1.0,1.8344,0.014261,10,6113098
3,D,CkksCombined,5%,0.95,1.05,5.0,10,What are symptoms of anemia?,1.0,1.0,1.0,1.6957,0.01795,10,6236819
3,D,CkksCombined,5%,0.95,1.05,5.0,10,How is hypothyroidism treated?,1.0,1.0,1.0,1.5048,0.014602,10,6133314
3,D,CkksCombined,5%,0.95,1.05,5.0,10,What causes chronic pain?,1.0,1.0,1.0,2.164,0.000748,10,6274473
3,D,CkksCombined,5%,0.95,1.05,5.0,10,Describe COPD management,1.0,1.0,1.0,1.2206,0.025017,10,6091968
3,D,CkksCombined,5%,0.95,1.05,5.0,10,What are signs of liver disease?,1.0,1.0,1.0,2.164,0.001746,10,6299590
3,D,CkksCombined,5%,0.95,1.05,5.0,10,How is epilepsy treated?,1.0,1.0,1.0,1.3592,0.0174,10,6145491
3,D,CkksCombined,5%,0.95,1.05,5.0,10,What causes osteoporosis?,1.0,1.0,1.0,1.8344,0.014194,10,6258406
3,D,CkksCombined,5%,0.95,1.05,5.0,10,Describe symptoms of anxiety disorder,1.0,1.0,1.0,1.5048,0.013655,10,6092598
3,D,CkksCombined,5%,0.95,1.05,5.0,10,What medications are used for HIV/AIDS?,1.0,1.0,1.0,1.4979,0.009579,10,6352877
3,D,CkksCombined,5%,0.95,1.05,5.0,10,How is pneumonia diagnosed?,1.0,1.0,0.9556,1.8344,0.007123,10,6123469
3,D,CkksCombined,5%,0.95,1.05,5.0,10,What causes inflammatory bowel disease?,1.0,1.0,0.9556,1.973,0.00153,10,6272605
3,D,CkksCombined,5%,0.95,1.05,5.0,10,Describe treatment for chronic kidney disease,1.0,1.0,1.0,1.3592,0.016412,10,6114229
3,D,CkksCombined,5%,0.95,1.05,5.0,10,What are symptoms of schizophrenia?,1.0,1.0,0.9111,1.4185,0.010778,10,6304929
3,D,CkksCombined,5%,0.95,1.05,5.0,10,How is bipolar disorder managed?,1.0,1.0,0.9556,1.4708,0.016158,10,6086369
3,D,CkksCombined,5%,0.95,1.05,5.0,10,What causes psoriasis?,1.0,1.0,1.0,1.6094,0.016166,10,6278815
3,D,CkksCombined,5%,0.95,1.05,5.0,10,Describe sepsis treatment,1.0,1.0,1.0,1.6434,0.017372,10,6096943
3,D,CkksCombined,5%,0.95,1.05,5.0,10,What are risk factors for cancer?,1.0,1.0,0.9556,2.0253,0.00055,10,6298084
3,D,CkksCombined,5%,0.95,1.05,5.0,10,How is ALS diagnosed?,1.0,1.0,1.0,1.6094,0.011203,10,6115616
3,D,CkksCombined,10%,0.9,1.1,10.0,10,What are the symptoms of type 2 diabetes?,1.0,0.9999,0.9556,2.0253,0.007873,10,6123165
3,D,CkksCombined,10%,0.9,1.1,10.0,10,How is hypertension treated?,1.0,1.0,1.0,1.8344,0.007012,10,6133061
3,D,CkksCombined,10%,0.9,1.1,10.0,10,What causes heart failure?,0.9,0.9501,1.0,2.0253,0.006698,9,6101355
3,D,CkksCombined,10%,0.9,1.1,10.0,10,Describe the symptoms of lupus,1.0,1.0,1.0,1.8867,0.014305,10,6129261
3,D,CkksCombined,10%,0.9,1.1,10.0,10,What medications treat depression?,1.0,1.0,1.0,2.164,0.008071,10,6102174
3,D,CkksCombined,10%,0.9,1.1,10.0,10,How does Alzheimer's disease progress?,1.0,1.0,0.9556,1.973,0.015736,10,6113359
3,D,CkksCombined,10%,0.9,1.1,10.0,10,What are risk factors for stroke?,1.0,1.0,0.9556,1.4185,0.007679,10,6084134
3,D,CkksCombined,10%,0.9,1.1,10.0,10,How is asthma managed long-term?,1.0,1.0,1.0,2.164,0.006596,10,6107934
3,D,CkksCombined,10%,0.9,1.1,10.0,10,What are signs of kidney disease?,1.0,1.0,1.0,1.8344,0.006604,10,6144146
3,D,CkksCombined,10%,0.9,1.1,10.0,10,Describe rheumatoid arthritis treatment,1.0,1.0,1.0,1.8344,0.009398,10,6126585
3,D,CkksCombined,10%,0.9,1.1,10.0,10,What causes Parkinson's disease?,1.0,1.0,0.9556,1.973,0.015215,10,6097476
3,D,CkksCombined,10%,0.9,1.1,10.0,10,How is multiple sclerosis diagnosed?,1.0,1.0,1.0,1.8344,0.014184,10,6254110
3,D,CkksCombined,10%,0.9,1.1,10.0,10,What are symptoms of anemia?,1.0,1.0,1.0,1.6957,0.018191,10,6098069
3,D,CkksCombined,10%,0.9,1.1,10.0,10,How is hypothyroidism treated?,1.0,1.0,1.0,1.5048,0.014311,10,6221073
3,D,CkksCombined,10%,0.9,1.1,10.0,10,What causes chronic pain?,1.0,1.0,0.9556,2.164,0.000752,10,6092169
3,D,CkksCombined,10%,0.9,1.1,10.0,10,Describe COPD management,0.9,0.9606,1.0,1.2206,0.024297,10,6224684
3,D,CkksCombined,10%,0.9,1.1,10.0,10,What are signs of liver disease?,1.0,1.0,1.0,1.973,0.001702,10,6163327
3,D,CkksCombined,10%,0.9,1.1,10.0,10,How is epilepsy treated?,1.0,1.0,1.0,1.3592,0.017335,10,6177437
3,D,CkksCombined,10%,0.9,1.1,10.0,10,What causes osteoporosis?,1.0,1.0,1.0,1.8344,0.013791,10,6108249
3,D,CkksCombined,10%,0.9,1.1,10.0,10,Describe symptoms of anxiety disorder,1.0,1.0,1.0,1.6094,0.013437,10,6174141
3,D,CkksCombined,10%,0.9,1.1,10.0,10,What medications are used for HIV/AIDS?,1.0,1.0,1.0,1.4979,0.009556,10,6166015
3,D,CkksCombined,10%,0.9,1.1,10.0,10,How is pneumonia diagnosed?,1.0,1.0,0.9556,1.8344,0.007365,10,6251316
3,D,CkksCombined,10%,0.9,1.1,10.0,10,What causes inflammatory bowel disease?,1.0,0.9999,0.9111,1.973,0.001426,9,6078300
3,D,CkksCombined,10%,0.9,1.1,10.0,10,Describe treatment for chronic kidney disease,1.0,1.0,1.0,1.3592,0.016292,10,6201047
3,D,CkksCombined,10%,0.9,1.1,10.0,10,What are symptoms of schizophrenia?,0.9,0.9468,0.9444,1.4185,0.010801,10,6094504
3,D,CkksCombined,10%,0.9,1.1,10.0,10,How is bipolar disorder managed?,1.0,1.0,0.9556,1.4708,0.016388,10,6180977
3,D,CkksCombined,10%,0.9,1.1,10.0,10,What causes psoriasis?,1.0,1.0,1.0,1.6094,0.01594,10,6093867
3,D,CkksCombined,10%,0.9,1.1,10.0,10,Describe sepsis treatment,1.0,1.0,1.0,1.6434,0.017249,10,6245752
3,D,CkksCombined,10%,0.9,1.1,10.0,10,What are risk factors for cancer?,1.0,0.9999,0.9111,2.0253,0.00051,10,6091475
3,D,CkksCombined,10%,0.9,1.1,10.0,10,How is ALS diagnosed?,1.0,1.0,1.0,1.6094,0.011424,10,6241936
3,D,CkksCombined,20%,0.8,1.2,20.0,10,What are the symptoms of type 2 diabetes?,1.0,1.0,1.0,2.164,0.007054,10,6348876
3,D,CkksCombined,20%,0.8,1.2,20.0,10,How is hypertension treated?,1.0,1.0,1.0,1.6094,0.006629,10,6081419
3,D,CkksCombined,20%,0.8,1.2,20.0,10,What causes heart failure?,0.9,0.9501,1.0,2.0253,0.006633,10,6271411
3,D,CkksCombined,20%,0.8,1.2,20.0,10,Describe the symptoms of lupus,1.0,1.0,1.0,1.8867,0.013828,10,6093639
3,D,CkksCombined,20%,0.8,1.2,20.0,10,What medications treat depression?,1.0,1.0,1.0,2.164,0.007668,10,6250677
3,D,CkksCombined,20%,0.8,1.2,20.0,10,How does Alzheimer's disease progress?,1.0,1.0,0.9556,1.973,0.014807,10,6110246
3,D,CkksCombined,20%,0.8,1.2,20.0,10,What are risk factors for stroke?,1.0,1.0,1.0,1.2275,0.007536,10,6347365
3,D,CkksCombined,20%,0.8,1.2,20.0,10,How is asthma managed long-term?,1.0,1.0,1.0,2.164,0.006423,10,6115988
3,D,CkksCombined,20%,0.8,1.2,20.0,10,What are signs of kidney disease?,1.0,1.0,1.0,1.8344,0.006275,10,6278582
3,D,CkksCombined,20%,0.8,1.2,20.0,10,Describe rheumatoid arthritis treatment,1.0,1.0,0.9556,1.8344,0.008997,10,6094249
3,D,CkksCombined,20%,0.8,1.2,20.0,10,What causes Parkinson's disease?,1.0,1.0,0.9556,1.8344,0.01385,10,6270885
3,D,CkksCombined,20%,0.8,1.2,20.0,10,How is multiple sclerosis diagnosed?,1.0,1.0,1.0,1.8344,0.013559,10,6092702
3,D,CkksCombined,20%,0.8,1.2,20.0,10,What are symptoms of anemia?,1.0,1.0,1.0,1.8344,0.016878,10,6240327
3,D,CkksCombined,20%,0.8,1.2,20.0,10,How is hypothyroidism treated?,1.0,0.9999,0.9111,1.5048,0.013599,10,6094722
3,D,CkksCombined,20%,0.8,1.2,20.0,10,What causes chronic pain?,0.9,0.9426,0.8889,1.8344,0.00067,10,6332950
3,D,CkksCombined,20%,0.8,1.2,20.0,10,Describe COPD management,0.9,0.9606,1.0,1.2206,0.02331,10,6135083
3,D,CkksCombined,20%,0.8,1.2,20.0,10,What are signs of liver disease?,1.0,1.0,1.0,1.973,0.001411,10,6273074
3,D,CkksCombined,20%,0.8,1.2,20.0,10,How is epilepsy treated?,1.0,1.0,0.9556,1.3592,0.016417,10,6118049
3,D,CkksCombined,20%,0.8,1.2,20.0,10,What causes osteoporosis?,1.0,1.0,1.0,1.7481,0.013892,10,6237516
3,D,CkksCombined,20%,0.8,1.2,20.0,10,Describe symptoms of anxiety disorder,1.0,0.9999,0.8667,1.5048,0.012848,10,6094698
3,D,CkksCombined,20%,0.8,1.2,20.0,10,What medications are used for HIV/AIDS?,1.0,1.0,1.0,1.4979,0.009347,10,6263873
3,D,CkksCombined,20%,0.8,1.2,20.0,10,How is pneumonia diagnosed?,1.0,1.0,0.9556,1.7481,0.006873,10,6089391
3,D,CkksCombined,20%,0.8,1.2,20.0,10,What causes inflammatory bowel disease?,1.0,0.9999,0.8667,1.973,0.001428,10,6260524
3,D,CkksCombined,20%,0.8,1.2,20.0,10,Describe treatment for chronic kidney disease,1.0,1.0,1.0,1.3592,0.015328,10,6102016
3,D,CkksCombined,20%,0.8,1.2,20.0,10,What are symptoms of schizophrenia?,1.0,1.0,0.8667,1.4185,0.009622,10,6241233
3,D,CkksCombined,20%,0.8,1.2,20.0,10,How is bipolar disorder managed?,1.0,1.0,1.0,1.4708,0.014859,10,6101885
3,D,CkksCombined,20%,0.8,1.2,20.0,10,What causes psoriasis?,1.0,1.0,1.0,1.6434,0.015341,10,6265876
3,D,CkksCombined,20%,0.8,1.2,20.0,10,Describe sepsis treatment,1.0,1.0,1.0,1.6434,0.016556,10,6097339
3,D,CkksCombined,20%,0.8,1.2,20.0,10,What are risk factors for cancer?,1.0,0.9999,0.7333,1.973,0.000584,10,6266110
3,D,CkksCombined,20%,0.8,1.2,20.0,10,How is ALS diagnosed?,0.9,0.9498,1.0,1.6094,0.010442,10,6099097
3,D,CkksCombined,30%,0.7,1.3,30.0,10,What are the symptoms of type 2 diabetes?,0.9,0.9513,1.0,2.0253,0.006928,10,6109443
3,D,CkksCombined,30%,0.7,1.3,30.0,10,How is hypertension treated?,1.0,1.0,1.0,1.6094,0.006578,10,6107508
3,D,CkksCombined,30%,0.7,1.3,30.0,10,What causes heart failure?,0.9,0.9477,0.9444,2.164,0.006089,10,6116934
3,D,CkksCombined,30%,0.7,1.3,30.0,10,Describe the symptoms of lupus,0.9,0.954,0.9444,1.6957,0.012886,10,6090701
3,D,CkksCombined,30%,0.7,1.3,30.0,10,What medications treat depression?,1.0,0.9999,0.9556,2.0253,0.007154,10,6113904
3,D,CkksCombined,30%,0.7,1.3,30.0,10,How does Alzheimer's disease progress?,1.0,1.0,0.9111,1.973,0.014067,10,6092525
3,D,CkksCombined,30%,0.7,1.3,30.0,10,What are risk factors for stroke?,1.0,0.9999,0.8667,1.3592,0.006714,10,6112806
3,D,CkksCombined,30%,0.7,1.3,30.0,10,How is asthma managed long-term?,1.0,1.0,1.0,2.164,0.005998,10,6099348
3,D,CkksCombined,30%,0.7,1.3,30.0,10,What are signs of kidney disease?,1.0,1.0,1.0,1.8867,0.005335,10,6095413
3,D,CkksCombined,30%,0.7,1.3,30.0,10,Describe rheumatoid arthritis treatment,0.9,0.9566,1.0,1.8344,0.008166,10,6090878
3,D,CkksCombined,30%,0.7,1.3,30.0,10,What causes Parkinson's disease?,1.0,1.0,0.9556,1.8344,0.013447,10,6114797
3,D,CkksCombined,30%,0.7,1.3,30.0,10,How is multiple sclerosis diagnosed?,1.0,1.0,0.9556,1.973,0.011845,10,6088996
3,D,CkksCombined,30%,0.7,1.3,30.0,10,What are symptoms of anemia?,1.0,1.0,0.8667,1.6957,0.015329,10,6108143
3,D,CkksCombined,30%,0.7,1.3,30.0,10,How is hypothyroidism treated?,0.9,0.9538,0.8333,1.5048,0.013507,10,6106128
3,D,CkksCombined,30%,0.7,1.3,30.0,10,What causes chronic pain?,0.9,0.9426,0.9444,2.0253,0.000561,10,6196251
3,D,CkksCombined,30%,0.7,1.3,30.0,10,Describe COPD management,0.9,0.9586,1.0,1.3592,0.021429,10,6091577
3,D,CkksCombined,30%,0.7,1.3,30.0,10,What are signs of liver disease?,1.0,1.0,1.0,2.0253,0.001404,10,6094644
3,D,CkksCombined,30%,0.7,1.3,30.0,10,How is epilepsy treated?,1.0,1.0,1.0,1.3592,0.015412,10,6099652
3,D,CkksCombined,30%,0.7,1.3,30.0,10,What causes osteoporosis?,1.0,1.0,0.9556,1.6957,0.01236,10,6097945
3,D,CkksCombined,30%,0.7,1.3,30.0,10,Describe symptoms of anxiety disorder,1.0,0.9999,0.8667,1.6434,0.012619,10,6091102
3,D,CkksCombined,30%,0.7,1.3,30.0,10,What medications are used for HIV/AIDS?,1.0,0.9998,0.8222,1.4979,0.008369,10,6092884
3,D,CkksCombined,30%,0.7,1.3,30.0,10,How is pneumonia diagnosed?,1.0,1.0,0.9556,1.8867,0.006253,10,6108600
3,D,CkksCombined,30%,0.7,1.3,30.0,10,What causes inflammatory bowel disease?,1.0,0.9979,0.7778,1.8867,0.001095,10,6129136
3,D,CkksCombined,30%,0.7,1.3,30.0,10,Describe treatment for chronic kidney disease,1.0,1.0,0.9556,1.3592,0.014065,10,6117819
3,D,CkksCombined,30%,0.7,1.3,30.0,10,What are symptoms of schizophrenia?,1.0,0.9997,0.8222,1.4708,0.009239,10,6099462
3,D,CkksCombined,30%,0.7,1.3,30.0,10,How is bipolar disorder managed?,1.0,1.0,1.0,1.2799,0.01396,9,6093064
3,D,CkksCombined,30%,0.7,1.3,30.0,10,What causes psoriasis?,1.0,1.0,0.9556,1.6094,0.013534,10,6166907
3,D,CkksCombined,30%,0.7,1.3,30.0,10,Describe sepsis treatment,1.0,0.9999,0.8222,1.6434,0.015402,10,6092314
3,D,CkksCombined,30%,0.7,1.3,30.0,10,What are risk factors for cancer?,1.0,0.9998,0.7333,2.0253,0.000433,10,6126414
3,D,CkksCombined,30%,0.7,1.3,30.0,10,How is ALS diagnosed?,1.0,1.0,1.0,1.6434,0.009807,10,6097597
3,D,CkksCombined,50%,0.5,1.5,50.0,10,What are the symptoms of type 2 diabetes?,0.9,0.9512,0.8889,2.164,0.00545,10,6135323
3,D,CkksCombined,50%,0.5,1.5,50.0,10,How is hypertension treated?,1.0,0.9997,0.7778,1.6094,0.004584,10,6098391
3,D,CkksCombined,50%,0.5,1.5,50.0,10,What causes heart failure?,0.9,0.9477,0.9444,1.8867,0.004292,10,6094874
3,D,CkksCombined,50%,0.5,1.5,50.0,10,Describe the symptoms of lupus,0.9,0.9529,1.0,1.8867,0.009435,10,6098518
3,D,CkksCombined,50%,0.5,1.5,50.0,10,What medications treat depression?,0.9,0.9598,1.0,2.164,0.005086,10,6092694
3,D,CkksCombined,50%,0.5,1.5,50.0,10,How does Alzheimer's disease progress?,1.0,1.0,0.9556,1.973,0.010874,10,6099306
3,D,CkksCombined,50%,0.5,1.5,50.0,10,What are risk factors for stroke?,0.9,0.9394,0.7778,1.4185,0.005415,10,6095235
3,D,CkksCombined,50%,0.5,1.5,50.0,10,How is asthma managed long-term?,1.0,1.0,0.9556,1.973,0.004416,10,6113941
3,D,CkksCombined,50%,0.5,1.5,50.0,10,What are signs of kidney disease?,1.0,0.9999,0.8667,2.0253,0.00507,10,6099811
3,D,CkksCombined,50%,0.5,1.5,50.0,10,Describe rheumatoid arthritis treatment,1.0,0.9999,0.9556,1.8344,0.006806,10,6118132
3,D,CkksCombined,50%,0.5,1.5,50.0,10,What causes Parkinson's disease?,1.0,1.0,1.0,2.164,0.010026,10,6193931
3,D,CkksCombined,50%,0.5,1.5,50.0,10,How is multiple sclerosis diagnosed?,1.0,0.9999,0.8667,1.8344,0.011283,10,6133480
3,D,CkksCombined,50%,0.5,1.5,50.0,10,What are symptoms of anemia?,1.0,0.9998,0.9556,1.8867,0.011197,10,6087791
3,D,CkksCombined,50%,0.5,1.5,50.0,10,How is hypothyroidism treated?,0.9,0.9556,1.0,1.6957,0.011151,10,6087384
3,D,CkksCombined,50%,0.5,1.5,50.0,10,What causes chronic pain?,0.9,0.94,0.8333,1.973,0.000586,10,6092851
3,D,CkksCombined,50%,0.5,1.5,50.0,10,Describe COPD management,1.0,1.0,1.0,1.3592,0.01625,10,6097166
3,D,CkksCombined,50%,0.5,1.5,50.0,10,What are signs of liver disease?,0.9,0.9457,0.7778,1.973,0.001072,10,6098738
3,D,CkksCombined,50%,0.5,1.5,50.0,10,How is epilepsy treated?,0.8,0.9208,0.9286,1.3592,0.012752,10,6096677
3,D,CkksCombined,50%,0.5,1.5,50.0,10,What causes osteoporosis?,1.0,0.9997,0.7778,1.7481,0.010195,10,6081613
3,D,CkksCombined,50%,0.5,1.5,50.0,10,Describe symptoms of anxiety disorder,1.0,0.9999,0.8667,1.8344,0.009004,10,6106987
3,D,CkksCombined,50%,0.5,1.5,50.0,10,What medications are used for HIV/AIDS?,1.0,1.0,0.9556,1.8344,0.006518,10,6164939
3,D,CkksCombined,50%,0.5,1.5,50.0,10,How is pneumonia diagnosed?,0.9,0.9391,1.0,1.6957,0.005417,10,6118094
3,D,CkksCombined,50%,0.5,1.5,50.0,10,What causes inflammatory bowel disease?,0.9,0.9464,0.8889,2.164,0.001065,10,6090266
3,D,CkksCombined,50%,0.5,1.5,50.0,10,Describe treatment for chronic kidney disease,1.0,0.9998,0.8222,1.3592,0.011971,10,6099750
3,D,CkksCombined,50%,0.5,1.5,50.0,10,What are symptoms of schizophrenia?,0.9,0.9485,0.7778,1.5048,0.007982,10,6096272
3,D,CkksCombined,50%,0.5,1.5,50.0,10,How is bipolar disorder managed?,1.0,0.9993,0.9111,1.4708,0.010607,10,6089418
3,D,CkksCombined,50%,0.5,1.5,50.0,10,What causes psoriasis?,1.0,0.9997,0.8222,1.6434,0.010397,10,6162500
3,D,CkksCombined,50%,0.5,1.5,50.0,10,Describe sepsis treatment,1.0,1.0,0.9556,1.6434,0.011964,10,6088629
3,D,CkksCombined,50%,0.5,1.5,50.0,10,What are risk factors for cancer?,1.0,0.9994,0.6889,1.8344,0.000334,10,6104909
3,D,CkksCombined,50%,0.5,1.5,50.0,10,How is ALS diagnosed?,0.9,0.9514,0.8889,1.8344,0.007507,10,6113411
3,D,CkksCombined,70%,0.3,1.7,70.0,10,What are the symptoms of type 2 diabetes?,0.9,0.9507,0.8333,1.8867,0.004465,10,6291015
3,D,CkksCombined,70%,0.3,1.7,70.0,10,How is hypertension treated?,1.0,0.9998,0.8222,1.4185,0.002857,10,6095218
3,D,CkksCombined,70%,0.3,1.7,70.0,10,What causes heart failure?,1.0,0.9999,0.9556,1.8344,0.003119,10,6286917
3,D,CkksCombined,70%,0.3,1.7,70.0,10,Describe the symptoms of lupus,0.9,0.9535,0.8333,1.8344,0.0063,10,6092614
3,D,CkksCombined,70%,0.3,1.7,70.0,10,What medications treat depression?,1.0,0.9999,0.9556,2.164,0.003314,10,6310626
3,D,CkksCombined,70%,0.3,1.7,70.0,10,How does Alzheimer's disease progress?,1.0,1.0,0.9556,1.973,0.008245,10,6102537
3,D,CkksCombined,70%,0.3,1.7,70.0,10,What are risk factors for stroke?,0.9,0.9447,0.5556,1.3592,0.003386,10,6107263
3,D,CkksCombined,70%,0.3,1.7,70.0,10,How is asthma managed long-term?,1.0,0.9994,0.9111,2.164,0.003134,10,6104802
3,D,CkksCombined,70%,0.3,1.7,70.0,10,What are signs of kidney disease?,1.0,0.999,0.7778,1.6094,0.002647,10,6108612
3,D,CkksCombined,70%,0.3,1.7,70.0,10,Describe rheumatoid arthritis treatment,1.0,0.9998,0.9111,1.8344,0.004083,10,6355360
3,D,CkksCombined,70%,0.3,1.7,70.0,10,What causes Parkinson's disease?,1.0,0.9998,0.9111,2.0253,0.00683,10,6114643
3,D,CkksCombined,70%,0.3,1.7,70.0,10,How is multiple sclerosis diagnosed?,0.9,0.9565,1.0,1.973,0.006588,10,6195155
3,D,CkksCombined,70%,0.3,1.7,70.0,10,What are symptoms of anemia?,0.9,0.9488,0.8889,1.6957,0.009586,10,6097686
3,D,CkksCombined,70%,0.3,1.7,70.0,10,How is hypothyroidism treated?,0.9,0.9515,0.7778,1.6434,0.006871,10,6116356
3,D,CkksCombined,70%,0.3,1.7,70.0,10,What causes chronic pain?,0.9,0.9375,0.5556,1.6957,0.000317,9,6277565
3,D,CkksCombined,70%,0.3,1.7,70.0,10,Describe COPD management,0.9,0.9585,0.8889,1.3592,0.010848,10,6098119
3,D,CkksCombined,70%,0.3,1.7,70.0,10,What are signs of liver disease?,0.9,0.9447,0.6667,1.8344,0.0012,10,6109619
3,D,CkksCombined,70%,0.3,1.7,70.0,10,How is epilepsy treated?,0.9,0.9613,1.0,1.6094,0.008468,10,6098315
3,D,CkksCombined,70%,0.3,1.7,70.0,10,What causes osteoporosis?,1.0,0.9994,0.6889,1.6094,0.006858,10,6095762
3,D,CkksCombined,70%,0.3,1.7,70.0,10,Describe symptoms of anxiety disorder,1.0,0.9998,0.7778,1.6957,0.006344,10,6100206
3,D,CkksCombined,70%,0.3,1.7,70.0,10,What medications are used for HIV/AIDS?,1.0,0.9999,0.9111,1.4979,0.00417,10,6102860
3,D,CkksCombined,70%,0.3,1.7,70.0,10,How is pneumonia diagnosed?,0.9,0.9451,0.9444,1.7481,0.003157,10,6090934
3,D,CkksCombined,70%,0.3,1.7,70.0,10,What causes inflammatory bowel disease?,0.9,0.9405,0.7222,2.0253,0.000777,10,6086244
3,D,CkksCombined,70%,0.3,1.7,70.0,10,Describe treatment for chronic kidney disease,0.9,0.9453,0.9444,1.0889,0.007891,10,6113914
3,D,CkksCombined,70%,0.3,1.7,70.0,10,What are symptoms of schizophrenia?,1.0,0.9994,0.7333,1.6094,0.004972,9,6077980
3,D,CkksCombined,70%,0.3,1.7,70.0,10,How is bipolar disorder managed?,1.0,1.0,0.9556,1.4708,0.007833,10,6110879
3,D,CkksCombined,70%,0.3,1.7,70.0,10,What causes psoriasis?,0.9,0.954,0.8889,1.6434,0.007448,10,6173979
3,D,CkksCombined,70%,0.3,1.7,70.0,10,Describe sepsis treatment,0.9,0.9615,0.8333,1.5048,0.007103,10,6113215
3,D,CkksCombined,70%,0.3,1.7,70.0,10,What are risk factors for cancer?,0.9,0.9396,0.7778,2.0253,0.00032,10,6087917
3,D,CkksCombined,70%,0.3,1.7,70.0,10,How is ALS diagnosed?,0.9,0.9398,0.8889,1.2275,0.004876,10,6086813
4,D,Noise,1%,0.99,1.01,1.0,10,What are the symptoms of type 2 diabetes?,1.0,1.0,1.0,2.164,0.007898,10,24653
4,D,Noise,1%,0.99,1.01,1.0,10,How is hypertension treated?,1.0,1.0,1.0,1.6094,0.007047,10,24244
4,D,Noise,1%,0.99,1.01,1.0,10,What causes heart failure?,1.0,1.0,1.0,2.0253,0.006836,10,24675
4,D,Noise,1%,0.99,1.01,1.0,10,Describe the symptoms of lupus,1.0,1.0,1.0,2.0253,0.014647,10,25374
4,D,Noise,1%,0.99,1.01,1.0,10,What medications treat depression?,1.0,1.0,1.0,2.164,0.008091,10,24729
4,D,Noise,1%,0.99,1.01,1.0,10,How does Alzheimer's disease progress?,1.0,1.0,1.0,1.973,0.015899,10,24919
4,D,Noise,1%,0.99,1.01,1.0,10,What are risk factors for stroke?,1.0,1.0,1.0,1.3592,0.007757,10,24845
4,D,Noise,1%,0.99,1.01,1.0,10,How is asthma managed long-term?,1.0,1.0,1.0,2.164,0.0067,10,24798
4,D,Noise,1%,0.99,1.01,1.0,10,What are signs of kidney disease?,1.0,1.0,1.0,1.8344,0.006656,10,25082
4,D,Noise,1%,0.99,1.01,1.0,10,Describe rheumatoid arthritis treatment,1.0,1.0,1.0,1.8344,0.009168,10,24590
4,D,Noise,1%,0.99,1.01,1.0,10,What causes Parkinson's disease?,1.0,1.0,1.0,1.973,0.015141,10,25414
4,D,Noise,1%,0.99,1.01,1.0,10,How is multiple sclerosis diagnosed?,1.0,1.0,1.0,1.8344,0.014353,10,24655
4,D,Noise,1%,0.99,1.01,1.0,10,What are symptoms of anemia?,1.0,1.0,1.0,1.6957,0.018164,10,25082
4,D,Noise,1%,0.99,1.01,1.0,10,How is hypothyroidism treated?,1.0,1.0,1.0,1.5048,0.014463,10,24873
4,D,Noise,1%,0.99,1.01,1.0,10,What causes chronic pain?,1.0,1.0,1.0,2.164,0.000762,10,24749
4,D,Noise,1%,0.99,1.01,1.0,10,Describe COPD management,1.0,1.0,1.0,1.2206,0.024992,10,24040
4,D,Noise,1%,0.99,1.01,1.0,10,What are signs of liver disease?,1.0,1.0,1.0,2.0253,0.001763,10,23949
4,D,Noise,1%,0.99,1.01,1.0,10,How is epilepsy treated?,1.0,1.0,1.0,1.3592,0.017434,10,24079
4,D,Noise,1%,0.99,1.01,1.0,10,What causes osteoporosis?,1.0,1.0,0.9556,1.8344,0.014109,10,24491
4,D,Noise,1%,0.99,1.01,1.0,10,Describe symptoms of anxiety disorder,1.0,1.0,1.0,1.6094,0.013878,10,26705
4,D,Noise,1%,0.99,1.01,1.0,10,What medications are used for HIV/AIDS?,1.0,1.0,1.0,1.4979,0.009636,10,24667
4,D,Noise,1%,0.99,1.01,1.0,10,How is pneumonia diagnosed?,1.0,1.0,1.0,1.8344,0.007201,10,24262
4,D,Noise,1%,0.99,1.01,1.0,10,What causes inflammatory bowel disease?,1.0,1.0,1.0,1.973,0.001516,10,24300
4,D,Noise,1%,0.99,1.01,1.0,10,Describe treatment for chronic kidney disease,1.0,1.0,1.0,1.3592,0.016603,10,24065
4,D,Noise,1%,0.99,1.01,1.0,10,What are symptoms of schizophrenia?,1.0,1.0,1.0,1.4185,0.010811,10,25953
4,D,Noise,1%,0.99,1.01,1.0,10,How is bipolar disorder managed?,1.0,1.0,1.0,1.4708,0.016143,10,23520
4,D,Noise,1%,0.99,1.01,1.0,10,What causes psoriasis?,1.0,1.0,1.0,1.6094,0.016077,10,26222
4,D,Noise,1%,0.99,1.01,1.0,10,Describe sepsis treatment,1.0,1.0,1.0,1.6434,0.01743,10,23680
4,D,Noise,1%,0.99,1.01,1.0,10,What are risk factors for cancer?,1.0,1.0,1.0,2.0253,0.000534,10,24419
4,D,Noise,1%,0.99,1.01,1.0,10,How is ALS diagnosed?,1.0,1.0,1.0,1.6094,0.011337,10,23819
4,D,Noise,5%,0.95,1.05,5.0,10,What are the symptoms of type 2 diabetes?,1.0,1.0,0.9556,2.164,0.007966,10,25567
4,D,Noise,5%,0.95,1.05,5.0,10,How is hypertension treated?,1.0,1.0,1.0,1.8344,0.007076,10,27321
4,D,Noise,5%,0.95,1.05,5.0,10,What causes heart failure?,1.0,1.0,1.0,2.0253,0.006772,10,24143
4,D,Noise,5%,0.95,1.05,5.0,10,Describe the symptoms of lupus,1.0,1.0,1.0,1.8867,0.014487,10,23860
4,D,Noise,5%,0.95,1.05,5.0,10,What medications treat depression?,1.0,1.0,1.0,2.164,0.008017,10,25238
4,D,Noise,5%,0.95,1.05,5.0,10,How does Alzheimer's disease progress?,1.0,1.0,1.0,1.973,0.0158,10,24846
4,D,Noise,5%,0.95,1.05,5.0,10,What are risk factors for stroke?,1.0,1.0,1.0,1.3592,0.007709,10,24332
4,D,Noise,5%,0.95,1.05,5.0,10,How is asthma managed long-term?,1.0,1.0,1.0,2.164,0.006656,10,23847
4,D,Noise,5%,0.95,1.05,5.0,10,What are signs of kidney disease?,1.0,1.0,1.0,1.8344,0.006662,10,24325
4,D,Noise,5%,0.95,1.05,5.0,10,Describe rheumatoid arthritis treatment,1.0,1.0,1.0,1.8344,0.009196,10,24454
4,D,Noise,5%,0.95,1.05,5.0,10,What causes Parkinson's disease?,1.0,1.0,0.9556,1.973,0.015028,10,25975
4,D,Noise,5%,0.95,1.05,5.0,10,How is multiple sclerosis diagnosed?,1.0,1.0,1.0,1.8344,0.014403,10,24278
4,D,Noise,5%,0.95,1.05,5.0,10,What are symptoms of anemia?,1.0,1.0,1.0,1.6957,0.018054,10,26651
4,D,Noise,5%,0.95,1.05,5.0,10,How is hypothyroidism treated?,1.0,1.0,1.0,1.5048,0.014303,10,25171
4,D,Noise,5%,0.95,1.05,5.0,10,What causes chronic pain?,1.0,1.0,0.9556,1.973,0.000766,10,24350
4,D,Noise,5%,0.95,1.05,5.0,10,Describe COPD management,1.0,1.0,1.0,1.2206,0.024791,10,21812
4,D,Noise,5%,0.95,1.05,5.0,10,What are signs of liver disease?,1.0,1.0,1.0,2.0253,0.001737,10,23153
4,D,Noise,5%,0.95,1.05,5.0,10,How is epilepsy treated?,1.0,1.0,1.0,1.3592,0.017365,10,22682
4,D,Noise,5%,0.95,1.05,5.0,10,What causes osteoporosis?,1.0,1.0,0.9556,1.8344,0.014004,10,22493
4,D,Noise,5%,0.95,1.05,5.0,10,Describe symptoms of anxiety disorder,1.0,1.0,1.0,1.6434,0.013858,10,23048
4,D,Noise,5%,0.95,1.05,5.0,10,What medications are used for HIV/AIDS?,1.0,1.0,1.0,1.4979,0.009668,10,22909
4,D,Noise,5%,0.95,1.05,5.0,10,How is pneumonia diagnosed?,1.0,1.0,1.0,1.8344,0.007252,10,22688
4,D,Noise,5%,0.95,1.05,5.0,10,What causes inflammatory bowel disease?,1.0,1.0,0.9556,1.973,0.001519,10,22727
4,D,Noise,5%,0.95,1.05,5.0,10,Describe treatment for chronic kidney disease,1.0,1.0,1.0,1.3592,0.016633,10,22661
4,D,Noise,5%,0.95,1.05,5.0,10,What are symptoms of schizophrenia?,1.0,1.0,1.0,1.4185,0.010696,10,22017
4,D,Noise,5%,0.95,1.05,5.0,10,How is bipolar disorder managed?,1.0,1.0,1.0,1.4708,0.016165,9,23259
4,D,Noise,5%,0.95,1.05,5.0,10,What causes psoriasis?,1.0,1.0,1.0,1.6094,0.015811,10,22320
4,D,Noise,5%,0.95,1.05,5.0,10,Describe sepsis treatment,1.0,1.0,1.0,1.6434,0.017554,10,24488
4,D,Noise,5%,0.95,1.05,5.0,10,What are risk factors for cancer?,1.0,1.0,0.9556,2.0253,0.00055,10,23167
4,D,Noise,5%,0.95,1.05,5.0,10,How is ALS diagnosed?,1.0,1.0,1.0,1.6094,0.011189,10,23488
4,D,Noise,10%,0.9,1.1,10.0,10,What are the symptoms of type 2 diabetes?,0.9,0.9513,1.0,2.0253,0.0079,9,26504
4,D,Noise,10%,0.9,1.1,10.0,10,How is hypertension treated?,1.0,1.0,0.9556,1.6094,0.006843,10,24422
4,D,Noise,10%,0.9,1.1,10.0,10,What causes heart failure?,1.0,1.0,1.0,2.0253,0.006693,10,24309
4,D,Noise,10%,0.9,1.1,10.0,10,Describe the symptoms of lupus,1.0,1.0,1.0,1.8867,0.014348,10,24840
4,D,Noise,10%,0.9,1.1,10.0,10,What medications treat depression?,1.0,1.0,1.0,2.0253,0.008064,10,24715
4,D,Noise,10%,0.9,1.1,10.0,10,How does Alzheimer's disease progress?,1.0,1.0,0.9556,1.973,0.01597,10,26994
4,D,Noise,10%,0.9,1.1,10.0,10,What are risk factors for stroke?,1.0,1.0,1.0,1.2275,0.007754,10,24968
4,D,Noise,10%,0.9,1.1,10.0,10,How is asthma managed long-term?,1.0,1.0,1.0,2.0253,0.006548,10,24263
4,D,Noise,10%,0.9,1.1,10.0,10,What are signs of kidney disease?,1.0,1.0,1.0,1.8344,0.006585,10,24611
4,D,Noise,10%,0.9,1.1,10.0,10,Describe rheumatoid arthritis treatment,1.0,1.0,1.0,1.8344,0.009178,10,23941
4,D,Noise,10%,0.9,1.1,10.0,10,What causes Parkinson's disease?,1.0,1.0,1.0,1.973,0.014976,10,25165
4,D,Noise,10%,0.9,1.1,10.0,10,How is multiple sclerosis diagnosed?,1.0,1.0,1.0,1.8344,0.014052,10,24572
4,D,Noise,10%,0.9,1.1,10.0,10,What are symptoms of anemia?,1.0,1.0,1.0,1.6957,0.017562,10,24937
4,D,Noise,10%,0.9,1.1,10.0,10,How is hypothyroidism treated?,1.0,1.0,1.0,1.5048,0.014107,10,24417
4,D,Noise,10%,0.9,1.1,10.0,10,What causes chronic pain?,1.0,1.0,0.9556,2.0253,0.000793,10,24190
4,D,Noise,10%,0.9,1.1,10.0,10,Describe COPD management,1.0,1.0,1.0,1.2206,0.02452,10,24715
4,D,Noise,10%,0.9,1.1,10.0,10,What are signs of liver disease?,1.0,1.0,1.0,2.0253,0.001642,10,24101
4,D,Noise,10%,0.9,1.1,10.0,10,How is epilepsy treated?,1.0,1.0,0.9556,1.3592,0.01698,10,24709
4,D,Noise,10%,0.9,1.1,10.0,10,What causes osteoporosis?,1.0,1.0,1.0,1.8344,0.01378,10,24386
4,D,Noise,10%,0.9,1.1,10.0,10,Describe symptoms of anxiety disorder,1.0,1.0,1.0,1.4708,0.013593,10,24604
4,D,Noise,10%,0.9,1.1,10.0,10,What medications are used for HIV/AIDS?,1.0,1.0,1.0,1.4979,0.009368,10,25657
4,D,Noise,10%,0.9,1.1,10.0,10,How is pneumonia diagnosed?,1.0,1.0,0.9556,1.6094,0.007025,10,24503
4,D,Noise,10%,0.9,1.1,10.0,10,What causes inflammatory bowel disease?,1.0,1.0,1.0,2.164,0.001557,10,24265
4,D,Noise,10%,0.9,1.1,10.0,10,Describe treatment for chronic kidney disease,1.0,1.0,1.0,1.3592,0.016248,10,23244
4,D,Noise,10%,0.9,1.1,10.0,10,What are symptoms of schizophrenia?,1.0,1.0,0.9556,1.5048,0.010604,10,22741
4,D,Noise,10%,0.9,1.1,10.0,10,How is bipolar disorder managed?,1.0,1.0,0.9556,1.4708,0.015867,9,25118
4,D,Noise,10%,0.9,1.1,10.0,10,What causes psoriasis?,1.0,1.0,0.9111,1.6094,0.015796,10,23018
4,D,Noise,10%,0.9,1.1,10.0,10,Describe sepsis treatment,1.0,1.0,1.0,1.6434,0.017115,10,22361
4,D,Noise,10%,0.9,1.1,10.0,10,What are risk factors for cancer?,1.0,1.0,0.9111,2.0253,0.000503,10,25259
4,D,Noise,10%,0.9,1.1,10.0,10,How is ALS diagnosed?,1.0,1.0,1.0,1.6094,0.010998,10,21970
4,D,Noise,20%,0.8,1.2,20.0,10,What are the symptoms of type 2 diabetes?,1.0,1.0,0.9556,2.0253,0.007683,10,26295
4,D,Noise,20%,0.8,1.2,20.0,10,How is hypertension treated?,1.0,1.0,1.0,1.8344,0.006705,10,24993
4,D,Noise,20%,0.8,1.2,20.0,10,What causes heart failure?,0.9,0.9501,1.0,2.0253,0.006101,10,24223
4,D,Noise,20%,0.8,1.2,20.0,10,Describe the symptoms of lupus,0.9,0.9541,1.0,2.0253,0.013782,10,24301
4,D,Noise,20%,0.8,1.2,20.0,10,What medications treat depression?,1.0,1.0,1.0,2.0253,0.007288,10,24558
4,D,Noise,20%,0.8,1.2,20.0,10,How does Alzheimer's disease progress?,1.0,1.0,1.0,1.973,0.014671,10,24148
4,D,Noise,20%,0.8,1.2,20.0,10,What are risk factors for stroke?,1.0,1.0,0.9556,1.3592,0.006979,10,27394
4,D,Noise,20%,0.8,1.2,20.0,10,How is asthma managed long-term?,1.0,0.9999,0.9556,2.0253,0.00637,10,24182
4,D,Noise,20%,0.8,1.2,20.0,10,What are signs of kidney disease?,1.0,0.9999,0.9111,1.8344,0.006004,10,24384
4,D,Noise,20%,0.8,1.2,20.0,10,Describe rheumatoid arthritis treatment,1.0,1.0,1.0,1.8344,0.008428,10,22831
4,D,Noise,20%,0.8,1.2,20.0,10,What causes Parkinson's disease?,1.0,1.0,1.0,2.164,0.01411,10,23412
4,D,Noise,20%,0.8,1.2,20.0,10,How is multiple sclerosis diagnosed?,1.0,1.0,1.0,1.973,0.014405,10,24800
4,D,Noise,20%,0.8,1.2,20.0,10,What are symptoms of anemia?,1.0,1.0,0.9556,1.8344,0.017853,10,25398
4,D,Noise,20%,0.8,1.2,20.0,10,How is hypothyroidism treated?,1.0,0.9999,0.8667,1.5048,0.013587,10,24538
4,D,Noise,20%,0.8,1.2,20.0,10,What causes chronic pain?,1.0,1.0,0.9556,1.8344,0.000744,10,26601
4,D,Noise,20%,0.8,1.2,20.0,10,Describe COPD management,0.9,0.959,1.0,1.3592,0.024279,10,24581
4,D,Noise,20%,0.8,1.2,20.0,10,What are signs of liver disease?,1.0,0.9999,0.9556,1.973,0.001463,10,24461
4,D,Noise,20%,0.8,1.2,20.0,10,How is epilepsy treated?,0.9,0.9597,1.0,1.3592,0.016346,10,24330
4,D,Noise,20%,0.8,1.2,20.0,10,What causes osteoporosis?,1.0,1.0,1.0,1.8344,0.01325,10,24270
4,D,Noise,20%,0.8,1.2,20.0,10,Describe symptoms of anxiety disorder,1.0,0.9999,0.9111,1.6094,0.0136,10,25300
4,D,Noise,20%,0.8,1.2,20.0,10,What medications are used for HIV/AIDS?,1.0,1.0,0.9556,1.4979,0.009049,10,24337
4,D,Noise,20%,0.8,1.2,20.0,10,How is pneumonia diagnosed?,1.0,0.9999,0.9111,1.8344,0.006811,10,23460
4,D,Noise,20%,0.8,1.2,20.0,10,What causes inflammatory bowel disease?,1.0,0.9999,0.9111,2.164,0.001458,10,24559
4,D,Noise,20%,0.8,1.2,20.0,10,Describe treatment for chronic kidney disease,1.0,1.0,0.9556,1.3592,0.015602,9,24825
4,D,Noise,20%,0.8,1.2,20.0,10,What are symptoms of schizophrenia?,0.9,0.9491,0.9444,1.3592,0.010394,10,24308
4,D,Noise,20%,0.8,1.2,20.0,10,How is bipolar disorder managed?,1.0,1.0,0.9111,1.4708,0.015171,10,24123
4,D,Noise,20%,0.8,1.2,20.0,10,What causes psoriasis?,1.0,1.0,0.9556,1.6094,0.014524,10,24052
4,D,Noise,20%,0.8,1.2,20.0,10,Describe sepsis treatment,1.0,1.0,0.9556,1.6434,0.016868,10,25368
4,D,Noise,20%,0.8,1.2,20.0,10,What are risk factors for cancer?,1.0,0.9999,0.8667,1.8344,0.000541,9,24640
4,D,Noise,20%,0.8,1.2,20.0,10,How is ALS diagnosed?,1.0,0.9999,0.8667,1.6094,0.011112,10,24214
4,D,Noise,30%,0.7,1.3,30.0,10,What are the symptoms of type 2 diabetes?,0.9,0.9512,0.9444,1.7481,0.007402,10,28025
4,D,Noise,30%,0.7,1.3,30.0,10,How is hypertension treated?,1.0,0.9999,0.9111,1.6957,0.006305,10,24348
4,D,Noise,30%,0.7,1.3,30.0,10,What causes heart failure?,1.0,1.0,1.0,2.0253,0.005992,10,24976
4,D,Noise,30%,0.7,1.3,30.0,10,Describe the symptoms of lupus,1.0,1.0,1.0,1.8867,0.011927,10,25134
4,D,Noise,30%,0.7,1.3,30.0,10,What medications treat depression?,1.0,1.0,1.0,2.0253,0.007104,10,24191
4,D,Noise,30%,0.7,1.3,30.0,10,How does Alzheimer's disease progress?,1.0,1.0,0.9556,1.973,0.013821,10,24758
4,D,Noise,30%,0.7,1.3,30.0,10,What are risk factors for stroke?,0.9,0.943,0.8889,0.9404,0.007251,9,23941
4,D,Noise,30%,0.7,1.3,30.0,10,How is asthma managed long-term?,1.0,1.0,1.0,2.0253,0.005526,10,25327
4,D,Noise,30%,0.7,1.3,30.0,10,What are signs of kidney disease?,1.0,0.9999,0.9111,1.8867,0.005595,10,26125
4,D,Noise,30%,0.7,1.3,30.0,10,Describe rheumatoid arthritis treatment,1.0,1.0,1.0,1.7481,0.007803,10,24331
4,D,Noise,30%,0.7,1.3,30.0,10,What causes Parkinson's disease?,1.0,1.0,1.0,1.973,0.01266,10,24349
4,D,Noise,30%,0.7,1.3,30.0,10,How is multiple sclerosis diagnosed?,1.0,1.0,1.0,1.8344,0.011872,10,24466
4,D,Noise,30%,0.7,1.3,30.0,10,What are symptoms of anemia?,1.0,1.0,0.9556,1.5571,0.014872,10,24347
4,D,Noise,30%,0.7,1.3,30.0,10,How is hypothyroidism treated?,1.0,0.9999,0.9111,1.5048,0.013208,10,24260
4,D,Noise,30%,0.7,1.3,30.0,10,What causes chronic pain?,1.0,0.9994,0.7333,1.8344,0.000657,10,23898
4,D,Noise,30%,0.7,1.3,30.0,10,Describe COPD management,1.0,1.0,1.0,1.2206,0.022532,10,23706
4,D,Noise,30%,0.7,1.3,30.0,10,What are signs of liver disease?,1.0,1.0,0.9556,1.8344,0.001758,10,27242
4,D,Noise,30%,0.7,1.3,30.0,10,How is epilepsy treated?,1.0,0.9994,0.8222,1.3592,0.01551,10,24036
4,D,Noise,30%,0.7,1.3,30.0,10,What causes osteoporosis?,1.0,1.0,0.9556,1.8344,0.011781,10,24575
4,D,Noise,30%,0.7,1.3,30.0,10,Describe symptoms of anxiety disorder,1.0,1.0,0.9556,1.6957,0.011802,10,24119
4,D,Noise,30%,0.7,1.3,30.0,10,What medications are used for HIV/AIDS?,1.0,1.0,1.0,1.4979,0.00793,9,24547
4,D,Noise,30%,0.7,1.3,30.0,10,How is pneumonia diagnosed?,0.9,0.9471,0.9444,1.4708,0.00641,10,26867
4,D,Noise,30%,0.7,1.3,30.0,10,What causes inflammatory bowel disease?,1.0,1.0,0.9556,2.0253,0.001597,10,23781
4,D,Noise,30%,0.7,1.3,30.0,10,Describe treatment for chronic kidney disease,1.0,0.9997,0.8667,1.0889,0.014303,10,24653
4,D,Noise,30%,0.7,1.3,30.0,10,What are symptoms of schizophrenia?,1.0,0.9999,0.8667,1.4185,0.009343,10,24859
4,D,Noise,30%,0.7,1.3,30.0,10,How is bipolar disorder managed?,1.0,1.0,0.9556,1.4708,0.014903,10,23941
4,D,Noise,30%,0.7,1.3,30.0,10,What causes psoriasis?,1.0,0.9999,0.9111,1.6094,0.014024,10,24945
4,D,Noise,30%,0.7,1.3,30.0,10,Describe sepsis treatment,1.0,1.0,0.9556,1.6434,0.015474,10,23941
4,D,Noise,30%,0.7,1.3,30.0,10,What are risk factors for cancer?,1.0,1.0,0.8667,2.164,0.000419,10,27007
4,D,Noise,30%,0.7,1.3,30.0,10,How is ALS diagnosed?,0.9,0.9498,0.9444,1.7481,0.009627,10,24193
4,D,Noise,50%,0.5,1.5,50.0,10,What are the symptoms of type 2 diabetes?,1.0,0.9999,0.9111,2.0253,0.00562,10,24942
4,D,Noise,50%,0.5,1.5,50.0,10,How is hypertension treated?,1.0,0.9999,0.9111,1.6434,0.004941,10,24075
4,D,Noise,50%,0.5,1.5,50.0,10,What causes heart failure?,0.9,0.9499,1.0,2.164,0.004835,10,23840
4,D,Noise,50%,0.5,1.5,50.0,10,Describe the symptoms of lupus,0.9,0.9539,0.8889,2.164,0.009216,10,24960
4,D,Noise,50%,0.5,1.5,50.0,10,What medications treat depression?,1.0,1.0,1.0,2.0253,0.005256,10,26335
4,D,Noise,50%,0.5,1.5,50.0,10,How does Alzheimer's disease progress?,1.0,1.0,1.0,2.0253,0.010184,10,24713
4,D,Noise,50%,0.5,1.5,50.0,10,What are risk factors for stroke?,0.9,0.9458,0.7222,1.5048,0.005131,10,23909
4,D,Noise,50%,0.5,1.5,50.0,10,How is asthma managed long-term?,1.0,0.9999,0.9556,2.164,0.004645,10,24543
4,D,Noise,50%,0.5,1.5,50.0,10,What are signs of kidney disease?,1.0,1.0,0.9556,1.6957,0.004638,10,24638
4,D,Noise,50%,0.5,1.5,50.0,10,Describe rheumatoid arthritis treatment,1.0,0.9999,0.9556,2.0253,0.006241,10,27518
4,D,Noise,50%,0.5,1.5,50.0,10,What causes Parkinson's disease?,0.9,0.9577,1.0,1.8867,0.010491,10,24637
4,D,Noise,50%,0.5,1.5,50.0,10,How is multiple sclerosis diagnosed?,0.9,0.9547,0.9444,1.8344,0.011024,10,23996
4,D,Noise,50%,0.5,1.5,50.0,10,What are symptoms of anemia?,1.0,1.0,0.8667,1.8344,0.012216,10,23950
4,D,Noise,50%,0.5,1.5,50.0,10,How is hypothyroidism treated?,1.0,1.0,0.9111,1.8344,0.009577,10,25272
4,D,Noise,50%,0.5,1.5,50.0,10,What causes chronic pain?,1.0,0.9987,0.8222,1.8344,0.000585,10,24875
4,D,Noise,50%,0.5,1.5,50.0,10,Describe COPD management,0.9,0.9606,1.0,1.4979,0.017981,10,24340
4,D,Noise,50%,0.5,1.5,50.0,10,What are signs of liver disease?,1.0,1.0,1.0,2.0253,0.001229,10,26279
4,D,Noise,50%,0.5,1.5,50.0,10,How is epilepsy treated?,0.9,0.9597,1.0,1.3592,0.013323,10,22859
4,D,Noise,50%,0.5,1.5,50.0,10,What causes osteoporosis?,0.9,0.951,0.9444,1.8867,0.010849,10,24056
4,D,Noise,50%,0.5,1.5,50.0,10,Describe symptoms of anxiety disorder,1.0,0.9999,0.8667,1.6094,0.009141,10,23001
4,D,Noise,50%,0.5,1.5,50.0,10,What medications are used for HIV/AIDS?,0.9,0.96,0.8889,1.7481,0.0066,10,23095
4,D,Noise,50%,0.5,1.5,50.0,10,How is pneumonia diagnosed?,1.0,0.9999,0.9111,1.8867,0.00491,10,22808
4,D,Noise,50%,0.5,1.5,50.0,10,What causes inflammatory bowel disease?,0.9,0.9461,0.7778,1.8867,0.001193,10,22613
4,D,Noise,50%,0.5,1.5,50.0,10,Describe treatment for chronic kidney disease,0.9,0.9561,0.9444,1.3592,0.011479,10,23326
4,D,Noise,50%,0.5,1.5,50.0,10,What are symptoms of schizophrenia?,1.0,0.9999,0.8667,1.6957,0.007321,10,23107
4,D,Noise,50%,0.5,1.5,50.0,10,How is bipolar disorder managed?,1.0,0.9993,0.9111,1.6957,0.009864,10,23287
4,D,Noise,50%,0.5,1.5,50.0,10,What causes psoriasis?,1.0,1.0,1.0,1.5048,0.011183,9,23467
4,D,Noise,50%,0.5,1.5,50.0,10,Describe sepsis treatment,1.0,0.9999,0.8667,1.6957,0.014088,10,22290
4,D,Noise,50%,0.5,1.5,50.0,10,What are risk factors for cancer?,1.0,0.9999,0.8222,1.6957,0.0004,10,26205
4,D,Noise,50%,0.5,1.5,50.0,10,How is ALS diagnosed?,1.0,0.9999,0.9111,1.6094,0.007719,10,22712
4,D,Noise,70%,0.3,1.7,70.0,10,What are the symptoms of type 2 diabetes?,1.0,1.0,0.9556,1.6957,0.003505,10,25599
4,D,Noise,70%,0.3,1.7,70.0,10,How is hypertension treated?,0.9,0.9526,0.8889,2.0253,0.003061,10,26959
4,D,Noise,70%,0.3,1.7,70.0,10,What causes heart failure?,0.9,0.95,0.9444,2.164,0.003314,10,26626
4,D,Noise,70%,0.3,1.7,70.0,10,Describe the symptoms of lupus,1.0,0.9999,0.9556,1.8344,0.006038,10,24091
4,D,Noise,70%,0.3,1.7,70.0,10,What medications treat depression?,1.0,0.9998,0.9556,2.164,0.003787,10,24427
4,D,Noise,70%,0.3,1.7,70.0,10,How does Alzheimer's disease progress?,1.0,1.0,0.8667,2.0253,0.007682,10,23901
4,D,Noise,70%,0.3,1.7,70.0,10,What are risk factors for stroke?,0.8,0.8839,0.7857,1.3592,0.003403,10,24472
4,D,Noise,70%,0.3,1.7,70.0,10,How is asthma managed long-term?,1.0,0.9998,0.8667,1.6957,0.003053,10,26997
4,D,Noise,70%,0.3,1.7,70.0,10,What are signs of kidney disease?,0.9,0.9485,0.8889,1.8344,0.003233,10,24163
4,D,Noise,70%,0.3,1.7,70.0,10,Describe rheumatoid arthritis treatment,1.0,1.0,1.0,2.0253,0.004809,10,24510
4,D,Noise,70%,0.3,1.7,70.0,10,What causes Parkinson's disease?,1.0,1.0,0.9556,1.973,0.00762,10,26792
4,D,Noise,70%,0.3,1.7,70.0,10,How is multiple sclerosis diagnosed?,0.9,0.9564,0.8889,1.973,0.00759,10,23849
4,D,Noise,70%,0.3,1.7,70.0,10,What are symptoms of anemia?,1.0,1.0,1.0,1.5571,0.008557,10,25606
4,D,Noise,70%,0.3,1.7,70.0,10,How is hypothyroidism treated?,1.0,0.9998,0.8222,1.5048,0.006076,10,26166
4,D,Noise,70%,0.3,1.7,70.0,10,What causes chronic pain?,0.9,0.942,0.7222,2.0253,0.000359,10,24090
4,D,Noise,70%,0.3,1.7,70.0,10,Describe COPD management,0.9,0.9606,1.0,1.3592,0.011903,10,24010
4,D,Noise,70%,0.3,1.7,70.0,10,What are signs of liver disease?,0.9,0.9448,0.6667,1.973,0.000633,10,24015
4,D,Noise,70%,0.3,1.7,70.0,10,How is epilepsy treated?,0.9,0.9592,0.8889,1.4979,0.009198,10,25141
4,D,Noise,70%,0.3,1.7,70.0,10,What causes osteoporosis?,1.0,0.9967,0.8222,1.8867,0.00922,9,24944
4,D,Noise,70%,0.3,1.7,70.0,10,Describe symptoms of anxiety disorder,1.0,0.9999,0.9556,1.6094,0.006856,10,26885
4,D,Noise,70%,0.3,1.7,70.0,10,What medications are used for HIV/AIDS?,1.0,0.9998,0.8667,1.4979,0.005071,10,25396
4,D,Noise,70%,0.3,1.7,70.0,10,How is pneumonia diagnosed?,1.0,0.9998,0.8222,1.6094,0.004044,10,24185
4,D,Noise,70%,0.3,1.7,70.0,10,What causes inflammatory bowel disease?,0.9,0.9422,0.7222,1.973,0.000698,10,24506
4,D,Noise,70%,0.3,1.7,70.0,10,Describe treatment for chronic kidney disease,0.9,0.957,0.9444,1.4979,0.007271,10,24836
4,D,Noise,70%,0.3,1.7,70.0,10,What are symptoms of schizophrenia?,0.9,0.9485,0.7222,1.1683,0.006024,10,23684
4,D,Noise,70%,0.3,1.7,70.0,10,How is bipolar disorder managed?,1.0,0.9998,0.8222,1.6094,0.008073,10,24212
4,D,Noise,70%,0.3,1.7,70.0,10,What causes psoriasis?,0.9,0.9536,0.8333,1.5048,0.008401,10,24825
4,D,Noise,70%,0.3,1.7,70.0,10,Describe sepsis treatment,1.0,1.0,0.9556,1.8344,0.008291,10,23697
4,D,Noise,70%,0.3,1.7,70.0,10,What are risk factors for cancer?,1.0,0.9995,0.7778,1.8867,0.000311,10,24425
4,D,Noise,70%,0.3,1.7,70.0,10,How is ALS diagnosed?,0.9,0.9486,0.6667,1.2275,0.005191,10,24323
4,D,Combined,1%,0.99,1.01,1.0,10,What are the symptoms of type 2 diabetes?,1.0,1.0,1.0,2.164,0.007905,10,25604
4,D,Combined,1%,0.99,1.01,1.0,10,How is hypertension treated?,1.0,1.0,1.0,1.6094,0.007062,10,24793
4,D,Combined,1%,0.99,1.01,1.0,10,What causes heart failure?,1.0,1.0,1.0,2.0253,0.006806,10,23888
4,D,Combined,1%,0.99,1.01,1.0,10,Describe the symptoms of lupus,1.0,1.0,1.0,2.0253,0.014658,10,27238
4,D,Combined,1%,0.99,1.01,1.0,10,What medications treat depression?,1.0,1.0,1.0,2.164,0.008102,10,25066
4,D,Combined,1%,0.99,1.01,1.0,10,How does Alzheimer's disease progress?,1.0,1.0,1.0,1.973,0.015889,10,24769
4,D,Combined,1%,0.99,1.01,1.0,10,What are risk factors for stroke?,1.0,1.0,1.0,1.4185,0.007762,10,25666
4,D,Combined,1%,0.99,1.01,1.0,10,How is asthma managed long-term?,1.0,1.0,1.0,2.164,0.006694,10,24349
4,D,Combined,1%,0.99,1.01,1.0,10,What are signs of kidney disease?,1.0,1.0,1.0,1.8344,0.00665,10,25038
4,D,Combined,1%,0.99,1.01,1.0,10,Describe rheumatoid arthritis treatment,1.0,1.0,1.0,1.8344,0.009193,10,24881
4,D,Combined,1%,0.99,1.01,1.0,10,What causes Parkinson's disease?,1.0,1.0,1.0,1.973,0.015132,10,24244
4,D,Combined,1%,0.99,1.01,1.0,10,How is multiple sclerosis diagnosed?,1.0,1.0,1.0,1.8344,0.014315,10,24281
4,D,Combined,1%,0.99,1.01,1.0,10,What are symptoms of anemia?,1.0,1.0,1.0,1.6957,0.018174,10,24508
4,D,Combined,1%,0.99,1.01,1.0,10,How is hypothyroidism treated?,1.0,1.0,1.0,1.5048,0.014422,10,24118
4,D,Combined,1%,0.99,1.01,1.0,10,What causes chronic pain?,1.0,1.0,1.0,2.164,0.000764,10,24137
4,D,Combined,1%,0.99,1.01,1.0,10,Describe COPD management,1.0,1.0,1.0,1.2206,0.024941,10,29681
4,D,Combined,1%,0.99,1.01,1.0,10,What are signs of liver disease?,1.0,1.0,1.0,2.0253,0.001754,10,25223
4,D,Combined,1%,0.99,1.01,1.0,10,How is epilepsy treated?,1.0,1.0,1.0,1.3592,0.017436,10,24006
4,D,Combined,1%,0.99,1.01,1.0,10,What causes osteoporosis?,1.0,1.0,1.0,1.8344,0.014124,10,26172
4,D,Combined,1%,0.99,1.01,1.0,10,Describe symptoms of anxiety disorder,1.0,1.0,1.0,1.6094,0.013923,10,25587
4,D,Combined,1%,0.99,1.01,1.0,10,What medications are used for HIV/AIDS?,1.0,1.0,1.0,1.4979,0.00966,10,25866
4,D,Combined,1%,0.99,1.01,1.0,10,How is pneumonia diagnosed?,1.0,1.0,1.0,1.8344,0.007212,10,26390
4,D,Combined,1%,0.99,1.01,1.0,10,What causes inflammatory bowel disease?,1.0,1.0,1.0,2.164,0.001512,10,25439
4,D,Combined,1%,0.99,1.01,1.0,10,Describe treatment for chronic kidney disease,1.0,1.0,1.0,1.3592,0.016584,10,23874
4,D,Combined,1%,0.99,1.01,1.0,10,What are symptoms of schizophrenia?,1.0,1.0,1.0,1.4708,0.010781,10,23083
4,D,Combined,1%,0.99,1.01,1.0,10,How is bipolar disorder managed?,1.0,1.0,1.0,1.4708,0.01609,10,23925
4,D,Combined,1%,0.99,1.01,1.0,10,What causes psoriasis?,1.0,1.0,1.0,1.6094,0.016072,10,24291
4,D,Combined,1%,0.99,1.01,1.0,10,Describe sepsis treatment,1.0,1.0,1.0,1.6434,0.017415,10,22260
4,D,Combined,1%,0.99,1.01,1.0,10,What are risk factors for cancer?,1.0,1.0,1.0,1.8867,0.000536,10,22835
4,D,Combined,1%,0.99,1.01,1.0,10,How is ALS diagnosed?,1.0,1.0,1.0,1.6094,0.011336,10,22181
4,D,Combined,5%,0.95,1.05,5.0,10,What are the symptoms of type 2 diabetes?,1.0,1.0,1.0,2.0253,0.007932,10,24132
4,D,Combined,5%,0.95,1.05,5.0,10,How is hypertension treated?,1.0,1.0,1.0,1.6094,0.006993,10,23545
4,D,Combined,5%,0.95,1.05,5.0,10,What causes heart failure?,0.9,0.9501,1.0,2.0253,0.006832,10,25023
4,D,Combined,5%,0.95,1.05,5.0,10,Describe the symptoms of lupus,1.0,1.0,1.0,1.8867,0.014455,10,24892
4,D,Combined,5%,0.95,1.05,5.0,10,What medications treat depression?,1.0,1.0,1.0,2.0253,0.008162,10,24442
4,D,Combined,5%,0.95,1.05,5.0,10,How does Alzheimer's disease progress?,1.0,1.0,1.0,1.973,0.015844,10,25310
4,D,Combined,5%,0.95,1.05,5.0,10,What are risk factors for stroke?,1.0,1.0,1.0,1.2275,0.0078,10,25640
4,D,Combined,5%,0.95,1.05,5.0,10,How is asthma managed long-term?,1.0,1.0,1.0,2.164,0.006634,10,25732
4,D,Combined,5%,0.95,1.05,5.0,10,What are signs of kidney disease?,1.0,1.0,1.0,1.8344,0.006606,10,24318
4,D,Combined,5%,0.95,1.05,5.0,10,Describe rheumatoid arthritis treatment,1.0,1.0,1.0,1.8344,0.0091,10,25888
4,D,Combined,5%,0.95,1.05,5.0,10,What causes Parkinson's disease?,1.0,1.0,1.0,1.973,0.015042,10,26080
4,D,Combined,5%,0.95,1.05,5.0,10,How is multiple sclerosis diagnosed?,1.0,1.0,1.0,1.8344,0.014285,10,25107
4,D,Combined,5%,0.95,1.05,5.0,10,What are symptoms of anemia?,1.0,1.0,0.9556,1.6957,0.018317,10,24702
4,D,Combined,5%,0.95,1.05,5.0,10,How is hypothyroidism treated?,1.0,1.0,1.0,1.5048,0.014443,10,24589
4,D,Combined,5%,0.95,1.05,5.0,10,What causes chronic pain?,1.0,1.0,0.9556,2.164,0.000771,10,24045
4,D,Combined,5%,0.95,1.05,5.0,10,Describe COPD management,1.0,1.0,1.0,1.2206,0.024882,10,24048
4,D,Combined,5%,0.95,1.05,5.0,10,What are signs of liver disease?,1.0,1.0,1.0,2.0253,0.001749,10,23544
4,D,Combined,5%,0.95,1.05,5.0,10,How is epilepsy treated?,1.0,1.0,1.0,1.3592,0.017441,10,23872
4,D,Combined,5%,0.95,1.05,5.0,10,What causes osteoporosis?,1.0,1.0,1.0,1.8344,0.01407,10,24953
4,D,Combined,5%,0.95,1.05,5.0,10,Describe symptoms of anxiety disorder,1.0,1.0,1.0,1.6094,0.013788,10,24212
4,D,Combined,5%,0.95,1.05,5.0,10,What medications are used for HIV/AIDS?,1.0,1.0,1.0,1.4979,0.009613,10,24927
4,D,Combined,5%,0.95,1.05,5.0,10,How is pneumonia diagnosed?,1.0,1.0,1.0,1.6957,0.007168,10,24726
4,D,Combined,5%,0.95,1.05,5.0,10,What causes inflammatory bowel disease?,1.0,1.0,1.0,2.164,0.001522,10,24901
4,D,Combined,5%,0.95,1.05,5.0,10,Describe treatment for chronic kidney disease,1.0,1.0,1.0,1.3592,0.016397,10,25053
4,D,Combined,5%,0.95,1.05,5.0,10,What are symptoms of schizophrenia?,1.0,1.0,1.0,1.5048,0.010762,10,23683
4,D,Combined,5%,0.95,1.05,5.0,10,How is bipolar disorder managed?,1.0,1.0,0.9111,1.2799,0.016046,10,24822
4,D,Combined,5%,0.95,1.05,5.0,10,What causes psoriasis?,1.0,1.0,1.0,1.6094,0.016008,10,28071
4,D,Combined,5%,0.95,1.05,5.0,10,Describe sepsis treatment,1.0,1.0,1.0,1.6434,0.017305,10,23976
4,D,Combined,5%,0.95,1.05,5.0,10,What are risk factors for cancer?,1.0,1.0,0.8667,1.973,0.000543,9,25562
4,D,Combined,5%,0.95,1.05,5.0,10,How is ALS diagnosed?,1.0,1.0,1.0,1.6094,0.011331,10,24002
4,D,Combined,10%,0.9,1.1,10.0,10,What are the symptoms of type 2 diabetes?,1.0,1.0,1.0,2.0253,0.007986,10,24481
4,D,Combined,10%,0.9,1.1,10.0,10,How is hypertension treated?,1.0,1.0,0.9556,1.6094,0.006911,10,24647
4,D,Combined,10%,0.9,1.1,10.0,10,What causes heart failure?,0.9,0.9479,0.9444,2.0253,0.006692,10,24651
4,D,Combined,10%,0.9,1.1,10.0,10,Describe the symptoms of lupus,1.0,1.0,1.0,2.0253,0.014181,10,27077
4,D,Combined,10%,0.9,1.1,10.0,10,What medications treat depression?,1.0,1.0,1.0,2.164,0.007788,10,23423
4,D,Combined,10%,0.9,1.1,10.0,10,How does Alzheimer's disease progress?,1.0,1.0,0.9556,1.973,0.015871,10,27111
4,D,Combined,10%,0.9,1.1,10.0,10,What are risk factors for stroke?,1.0,1.0,0.9111,1.4185,0.007457,10,27148
4,D,Combined,10%,0.9,1.1,10.0,10,How is asthma managed long-term?,1.0,1.0,1.0,2.164,0.006528,10,24297
4,D,Combined,10%,0.9,1.1,10.0,10,What are signs of kidney disease?,1.0,1.0,1.0,1.6094,0.006606,9,23937
4,D,Combined,10%,0.9,1.1,10.0,10,Describe rheumatoid arthritis treatment,1.0,1.0,1.0,1.8344,0.008784,10,25885
4,D,Combined,10%,0.9,1.1,10.0,10,What causes Parkinson's disease?,1.0,1.0,0.9556,1.973,0.014981,10,24914
4,D,Combined,10%,0.9,1.1,10.0,10,How is multiple sclerosis diagnosed?,1.0,1.0,0.9556,1.8344,0.0144,10,24346
4,D,Combined,10%,0.9,1.1,10.0,10,What are symptoms of anemia?,1.0,1.0,0.9556,1.6957,0.01785,10,24685
4,D,Combined,10%,0.9,1.1,10.0,10,How is hypothyroidism treated?,1.0,0.9999,0.9556,1.5048,0.013922,10,25778
4,D,Combined,10%,0.9,1.1,10.0,10,What causes chronic pain?,1.0,1.0,0.9111,2.0253,0.000749,10,25262
4,D,Combined,10%,0.9,1.1,10.0,10,Describe COPD management,1.0,1.0,1.0,1.3592,0.024598,10,26295
4,D,Combined,10%,0.9,1.1,10.0,10,What are signs of liver disease?,1.0,1.0,1.0,2.164,0.001742,10,25550
4,D,Combined,10%,0.9,1.1,10.0,10,How is epilepsy treated?,1.0,1.0,1.0,1.3592,0.017296,9,18267
4,D,Combined,10%,0.9,1.1,10.0,10,What causes osteoporosis?,1.0,1.0,0.9556,1.8344,0.014144,10,14300
4,D,Combined,10%,0.9,1.1,10.0,10,Describe symptoms of anxiety disorder,1.0,1.0,1.0,1.5048,0.013825,10,13163
4,D,Combined,10%,0.9,1.1,10.0,10,What medications are used for HIV/AIDS?,1.0,1.0,1.0,1.4979,0.009487,10,11847
4,D,Combined,10%,0.9,1.1,10.0,10,How is pneumonia diagnosed?,1.0,1.0,0.9556,1.7481,0.007144,10,11863
4,D,Combined,10%,0.9,1.1,10.0,10,What causes inflammatory bowel disease?,1.0,1.0,1.0,2.164,0.001457,10,10532
4,D,Combined,10%,0.9,1.1,10.0,10,Describe treatment for chronic kidney disease,1.0,1.0,1.0,1.3592,0.01634,10,11536
4,D,Combined,10%,0.9,1.1,10.0,10,What are symptoms of schizophrenia?,0.9,0.9491,1.0,1.5048,0.010762,10,12998
4,D,Combined,10%,0.9,1.1,10.0,10,How is bipolar disorder managed?,1.0,1.0,0.9111,1.2799,0.016552,10,10567
4,D,Combined,10%,0.9,1.1,10.0,10,What causes psoriasis?,1.0,1.0,0.9556,1.6094,0.015789,10,10687
4,D,Combined,10%,0.9,1.1,10.0,10,Describe sepsis treatment,1.0,1.0,1.0,1.6434,0.017451,10,11352
4,D,Combined,10%,0.9,1.1,10.0,10,What are risk factors for cancer?,1.0,1.0,1.0,1.973,0.000564,10,11199
4,D,Combined,10%,0.9,1.1,10.0,10,How is ALS diagnosed?,1.0,1.0,0.9556,1.6094,0.011348,10,12064
4,D,Combined,20%,0.8,1.2,20.0,10,What are the symptoms of type 2 diabetes?,1.0,1.0,1.0,2.164,0.007728,10,25227
4,D,Combined,20%,0.8,1.2,20.0,10,How is hypertension treated?,1.0,1.0,0.9556,1.6094,0.006551,10,23366
4,D,Combined,20%,0.8,1.2,20.0,10,What causes heart failure?,1.0,1.0,0.9556,2.0253,0.006628,10,23999
4,D,Combined,20%,0.8,1.2,20.0,10,Describe the symptoms of lupus,1.0,1.0,1.0,2.0253,0.01473,10,23647
4,D,Combined,20%,0.8,1.2,20.0,10,What medications treat depression?,1.0,1.0,1.0,2.164,0.008238,10,27347
4,D,Combined,20%,0.8,1.2,20.0,10,How does Alzheimer's disease progress?,1.0,1.0,0.9556,1.973,0.014878,10,25330
4,D,Combined,20%,0.8,1.2,20.0,10,What are risk factors for stroke?,0.9,0.9459,0.7778,1.0889,0.007284,10,24962
4,D,Combined,20%,0.8,1.2,20.0,10,How is asthma managed long-term?,1.0,1.0,1.0,2.164,0.006154,10,27278
4,D,Combined,20%,0.8,1.2,20.0,10,What are signs of kidney disease?,1.0,1.0,1.0,1.8344,0.006251,10,24328
4,D,Combined,20%,0.8,1.2,20.0,10,Describe rheumatoid arthritis treatment,0.9,0.9566,0.9444,1.8344,0.008596,10,24591
4,D,Combined,20%,0.8,1.2,20.0,10,What causes Parkinson's disease?,1.0,1.0,0.9556,2.164,0.014358,10,23767
4,D,Combined,20%,0.8,1.2,20.0,10,How is multiple sclerosis diagnosed?,1.0,1.0,0.9556,1.8344,0.013751,10,24217
4,D,Combined,20%,0.8,1.2,20.0,10,What are symptoms of anemia?,1.0,1.0,1.0,1.6957,0.017273,10,24200
4,D,Combined,20%,0.8,1.2,20.0,10,How is hypothyroidism treated?,1.0,1.0,1.0,1.6957,0.01335,10,24560
4,D,Combined,20%,0.8,1.2,20.0,10,What causes chronic pain?,0.9,0.9426,1.0,2.0253,0.000703,10,26322
4,D,Combined,20%,0.8,1.2,20.0,10,Describe COPD management,1.0,1.0,0.9556,1.2206,0.023252,10,23721
4,D,Combined,20%,0.8,1.2,20.0,10,What are signs of liver disease?,0.9,0.9462,0.9444,2.0253,0.001707,10,23803
4,D,Combined,20%,0.8,1.2,20.0,10,How is epilepsy treated?,1.0,1.0,1.0,1.3592,0.01733,10,23828
4,D,Combined,20%,0.8,1.2,20.0,10,What causes osteoporosis?,1.0,1.0,1.0,1.8344,0.013817,10,24130
4,D,Combined,20%,0.8,1.2,20.0,10,Describe symptoms of anxiety disorder,1.0,1.0,0.9556,1.6957,0.012988,10,24089
4,D,Combined,20%,0.8,1.2,20.0,10,What medications are used for HIV/AIDS?,1.0,1.0,1.0,1.4979,0.009462,10,24057
4,D,Combined,20%,0.8,1.2,20.0,10,How is pneumonia diagnosed?,1.0,1.0,0.9111,1.6094,0.006743,9,24114
4,D,Combined,20%,0.8,1.2,20.0,10,What causes inflammatory bowel disease?,0.9,0.9463,0.8333,1.8344,0.001404,10,23911
4,D,Combined,20%,0.8,1.2,20.0,10,Describe treatment for chronic kidney disease,1.0,1.0,0.9556,1.4708,0.015803,10,23961
4,D,Combined,20%,0.8,1.2,20.0,10,What are symptoms of schizophrenia?,1.0,1.0,0.9556,1.6434,0.009758,10,23335
4,D,Combined,20%,0.8,1.2,20.0,10,How is bipolar disorder managed?,1.0,1.0,0.9111,1.4708,0.015537,9,21990
4,D,Combined,20%,0.8,1.2,20.0,10,What causes psoriasis?,1.0,0.9999,0.8667,1.6094,0.015013,10,21977
4,D,Combined,20%,0.8,1.2,20.0,10,Describe sepsis treatment,1.0,0.9999,0.9111,1.6434,0.016345,10,22344
4,D,Combined,20%,0.8,1.2,20.0,10,What are risk factors for cancer?,1.0,1.0,0.9111,1.8344,0.000478,10,22981
4,D,Combined,20%,0.8,1.2,20.0,10,How is ALS diagnosed?,1.0,1.0,0.9556,1.6094,0.010815,10,23223
4,D,Combined,30%,0.7,1.3,30.0,10,What are the symptoms of type 2 diabetes?,0.9,0.9513,0.9444,1.8867,0.006729,10,27584
4,D,Combined,30%,0.7,1.3,30.0,10,How is hypertension treated?,1.0,1.0,0.9556,1.6957,0.005805,10,27307
4,D,Combined,30%,0.7,1.3,30.0,10,What causes heart failure?,0.9,0.9499,1.0,2.164,0.005561,10,23699
4,D,Combined,30%,0.7,1.3,30.0,10,Describe the symptoms of lupus,1.0,1.0,1.0,2.0253,0.012762,10,16515
4,D,Combined,30%,0.7,1.3,30.0,10,What medications treat depression?,1.0,1.0,1.0,2.164,0.00734,10,13510
4,D,Combined,30%,0.7,1.3,30.0,10,How does Alzheimer's disease progress?,1.0,1.0,1.0,1.8344,0.013725,10,13061
4,D,Combined,30%,0.7,1.3,30.0,10,What are risk factors for stroke?,0.9,0.941,0.8889,1.3592,0.00614,10,11667
4,D,Combined,30%,0.7,1.3,30.0,10,How is asthma managed long-term?,1.0,1.0,1.0,2.164,0.006206,10,12322
4,D,Combined,30%,0.7,1.3,30.0,10,What are signs of kidney disease?,1.0,0.9999,0.9111,1.8867,0.006152,10,11704
4,D,Combined,30%,0.7,1.3,30.0,10,Describe rheumatoid arthritis treatment,1.0,1.0,1.0,1.8344,0.008318,10,12116
4,D,Combined,30%,0.7,1.3,30.0,10,What causes Parkinson's disease?,1.0,1.0,1.0,2.164,0.01317,10,12444
4,D,Combined,30%,0.7,1.3,30.0,10,How is multiple sclerosis diagnosed?,1.0,1.0,0.9556,1.973,0.01272,10,12210
4,D,Combined,30%,0.7,1.3,30.0,10,What are symptoms of anemia?,1.0,1.0,0.9111,1.8344,0.01652,10,11371
4,D,Combined,30%,0.7,1.3,30.0,10,How is hypothyroidism treated?,1.0,1.0,0.9111,1.8344,0.012586,10,12646
4,D,Combined,30%,0.7,1.3,30.0,10,What causes chronic pain?,1.0,1.0,1.0,2.164,0.000696,10,11687
4,D,Combined,30%,0.7,1.3,30.0,10,Describe COPD management,0.9,0.959,1.0,1.2206,0.02126,10,11360
4,D,Combined,30%,0.7,1.3,30.0,10,What are signs of liver disease?,0.9,0.9459,0.8333,1.8344,0.001341,10,11518
4,D,Combined,30%,0.7,1.3,30.0,10,How is epilepsy treated?,0.9,0.9613,0.9444,1.3592,0.015853,10,13389
4,D,Combined,30%,0.7,1.3,30.0,10,What causes osteoporosis?,1.0,1.0,1.0,1.6094,0.012706,10,28314
4,D,Combined,30%,0.7,1.3,30.0,10,Describe symptoms of anxiety disorder,1.0,1.0,1.0,1.5048,0.011611,10,10961
4,D,Combined,30%,0.7,1.3,30.0,10,What medications are used for HIV/AIDS?,1.0,1.0,1.0,1.4979,0.008279,10,11652
4,D,Combined,30%,0.7,1.3,30.0,10,How is pneumonia diagnosed?,0.9,0.9451,1.0,1.6957,0.006266,10,10484
4,D,Combined,30%,0.7,1.3,30.0,10,What causes inflammatory bowel disease?,1.0,0.9999,0.9111,2.0253,0.001313,10,10081
4,D,Combined,30%,0.7,1.3,30.0,10,Describe treatment for chronic kidney disease,1.0,0.9999,0.8667,1.3592,0.014595,10,11180
4,D,Combined,30%,0.7,1.3,30.0,10,What are symptoms of schizophrenia?,1.0,1.0,0.9556,1.6957,0.009011,10,10080
4,D,Combined,30%,0.7,1.3,30.0,10,How is bipolar disorder managed?,1.0,1.0,0.9556,1.4708,0.013301,9,11288
4,D,Combined,30%,0.7,1.3,30.0,10,What causes psoriasis?,1.0,1.0,0.9556,1.4185,0.014908,10,10291
4,D,Combined,30%,0.7,1.3,30.0,10,Describe sepsis treatment,1.0,0.9999,0.8667,1.6434,0.016237,10,11124
4,D,Combined,30%,0.7,1.3,30.0,10,What are risk factors for cancer?,1.0,1.0,0.9111,1.973,0.00054,10,10465
4,D,Combined,30%,0.7,1.3,30.0,10,How is ALS diagnosed?,1.0,1.0,0.9111,1.6094,0.010214,10,11379
4,D,Combined,50%,0.5,1.5,50.0,10,What are the symptoms of type 2 diabetes?,1.0,0.9996,0.9111,1.8867,0.005882,10,25156
4,D,Combined,50%,0.5,1.5,50.0,10,How is hypertension treated?,1.0,0.9997,0.8222,1.8344,0.005078,10,25246
4,D,Combined,50%,0.5,1.5,50.0,10,What causes heart failure?,0.9,0.9499,0.9444,1.8867,0.00442,10,23938
4,D,Combined,50%,0.5,1.5,50.0,10,Describe the symptoms of lupus,0.9,0.9521,1.0,1.6094,0.011046,10,24685
4,D,Combined,50%,0.5,1.5,50.0,10,What medications treat depression?,1.0,0.9998,0.9556,2.0253,0.005321,10,24179
4,D,Combined,50%,0.5,1.5,50.0,10,How does Alzheimer's disease progress?,1.0,1.0,0.9111,1.973,0.012139,10,24658
4,D,Combined,50%,0.5,1.5,50.0,10,What are risk factors for stroke?,0.9,0.9436,0.7778,1.4185,0.005833,10,24061
4,D,Combined,50%,0.5,1.5,50.0,10,How is asthma managed long-term?,1.0,1.0,1.0,1.973,0.004958,10,23327
4,D,Combined,50%,0.5,1.5,50.0,10,What are signs of kidney disease?,1.0,0.9998,0.8667,1.973,0.003888,10,24780
4,D,Combined,50%,0.5,1.5,50.0,10,Describe rheumatoid arthritis treatment,0.9,0.9566,1.0,1.7481,0.005987,10,25141
4,D,Combined,50%,0.5,1.5,50.0,10,What causes Parkinson's disease?,1.0,1.0,1.0,2.0253,0.010939,10,25388
4,D,Combined,50%,0.5,1.5,50.0,10,How is multiple sclerosis diagnosed?,0.9,0.9565,1.0,2.0253,0.011079,10,24528
4,D,Combined,50%,0.5,1.5,50.0,10,What are symptoms of anemia?,0.9,0.9517,1.0,1.8867,0.014296,10,26636
4,D,Combined,50%,0.5,1.5,50.0,10,How is hypothyroidism treated?,0.9,0.9556,0.8333,1.6957,0.011045,10,25009
4,D,Combined,50%,0.5,1.5,50.0,10,What causes chronic pain?,0.9,0.9426,0.8889,2.164,0.000687,10,27277
4,D,Combined,50%,0.5,1.5,50.0,10,Describe COPD management,1.0,1.0,0.9556,1.2206,0.016784,10,23809
4,D,Combined,50%,0.5,1.5,50.0,10,What are signs of liver disease?,0.9,0.9459,0.8333,2.164,0.000974,10,25314
4,D,Combined,50%,0.5,1.5,50.0,10,How is epilepsy treated?,0.9,0.9589,0.8333,1.3592,0.012656,10,24540
4,D,Combined,50%,0.5,1.5,50.0,10,What causes osteoporosis?,1.0,0.9999,0.8667,1.6094,0.00942,10,23846
4,D,Combined,50%,0.5,1.5,50.0,10,Describe symptoms of anxiety disorder,1.0,1.0,0.9556,1.6957,0.009992,10,23130
4,D,Combined,50%,0.5,1.5,50.0,10,What medications are used for HIV/AIDS?,1.0,0.9999,0.9111,1.4979,0.006234,10,25563
4,D,Combined,50%,0.5,1.5,50.0,10,How is pneumonia diagnosed?,1.0,1.0,0.9556,1.6094,0.005294,10,25424
4,D,Combined,50%,0.5,1.5,50.0,10,What causes inflammatory bowel disease?,0.9,0.9443,0.8333,2.164,0.001207,10,27676
4,D,Combined,50%,0.5,1.5,50.0,10,Describe treatment for chronic kidney disease,1.0,0.9999,0.8667,1.4979,0.010674,10,24386
4,D,Combined,50%,0.5,1.5,50.0,10,What are symptoms of schizophrenia?,0.9,0.9439,0.7778,1.4185,0.006946,10,27318
4,D,Combined,50%,0.5,1.5,50.0,10,How is bipolar disorder managed?,1.0,1.0,0.9556,1.2799,0.011867,10,23835
4,D,Combined,50%,0.5,1.5,50.0,10,What causes psoriasis?,1.0,0.9999,0.8667,1.6094,0.010929,10,25648
4,D,Combined,50%,0.5,1.5,50.0,10,Describe sepsis treatment,1.0,1.0,1.0,1.6434,0.012408,10,24333
4,D,Combined,50%,0.5,1.5,50.0,10,What are risk factors for cancer?,0.9,0.9381,0.5,2.0253,0.000476,10,24439
4,D,Combined,50%,0.5,1.5,50.0,10,How is ALS diagnosed?,0.9,0.9514,0.9444,1.6434,0.008907,10,24070
4,D,Combined,70%,0.3,1.7,70.0,10,What are the symptoms of type 2 diabetes?,0.9,0.9513,0.9444,1.7481,0.003217,9,25114
4,D,Combined,70%,0.3,1.7,70.0,10,How is hypertension treated?,0.8,0.9011,0.9286,2.164,0.003337,10,26635
4,D,Combined,70%,0.3,1.7,70.0,10,What causes heart failure?,0.9,0.9501,1.0,2.0253,0.00275,10,23925
4,D,Combined,70%,0.3,1.7,70.0,10,Describe the symptoms of lupus,0.9,0.954,0.9444,1.8867,0.006501,10,24236
4,D,Combined,70%,0.3,1.7,70.0,10,What medications treat depression?,1.0,0.9998,0.9556,1.8867,0.003517,10,23389
4,D,Combined,70%,0.3,1.7,70.0,10,How does Alzheimer's disease progress?,1.0,1.0,0.9556,1.973,0.00841,10,24794
4,D,Combined,70%,0.3,1.7,70.0,10,What are risk factors for stroke?,0.8,0.8891,0.7143,1.2275,0.002681,10,24711
4,D,Combined,70%,0.3,1.7,70.0,10,How is asthma managed long-term?,1.0,1.0,1.0,2.164,0.003024,10,24467
4,D,Combined,70%,0.3,1.7,70.0,10,What are signs of kidney disease?,1.0,0.9989,0.8222,2.0253,0.002566,10,24868
4,D,Combined,70%,0.3,1.7,70.0,10,Describe rheumatoid arthritis treatment,0.9,0.9566,0.9444,2.0253,0.004117,10,24801
4,D,Combined,70%,0.3,1.7,70.0,10,What causes Parkinson's disease?,1.0,0.9998,0.9556,2.0253,0.005902,10,25630
4,D,Combined,70%,0.3,1.7,70.0,10,How is multiple sclerosis diagnosed?,1.0,1.0,0.9556,1.973,0.007229,10,24207
4,D,Combined,70%,0.3,1.7,70.0,10,What are symptoms of anemia?,1.0,0.9997,0.8667,1.973,0.00747,10,26792
4,D,Combined,70%,0.3,1.7,70.0,10,How is hypothyroidism treated?,0.9,0.9554,0.9444,1.6957,0.007417,10,25056
4,D,Combined,70%,0.3,1.7,70.0,10,What causes chronic pain?,0.9,0.9424,0.7778,2.0253,0.000338,10,24567
4,D,Combined,70%,0.3,1.7,70.0,10,Describe COPD management,1.0,0.9999,0.9111,1.2206,0.011223,10,24009
4,D,Combined,70%,0.3,1.7,70.0,10,What are signs of liver disease?,1.0,0.9989,0.7333,1.8344,0.000823,9,25416
4,D,Combined,70%,0.3,1.7,70.0,10,How is epilepsy treated?,0.9,0.9611,0.7778,1.3592,0.008617,10,25527
4,D,Combined,70%,0.3,1.7,70.0,10,What causes osteoporosis?,1.0,0.9998,0.8222,1.6957,0.005387,10,24293
4,D,Combined,70%,0.3,1.7,70.0,10,Describe symptoms of anxiety disorder,0.9,0.9501,0.8889,1.8344,0.005357,10,24600
4,D,Combined,70%,0.3,1.7,70.0,10,What medications are used for HIV/AIDS?,1.0,1.0,0.9556,1.8344,0.004809,10,24447
4,D,Combined,70%,0.3,1.7,70.0,10,How is pneumonia diagnosed?,0.9,0.9445,0.7778,1.6094,0.00346,10,24800
4,D,Combined,70%,0.3,1.7,70.0,10,What causes inflammatory bowel disease?,0.9,0.9441,0.8333,2.164,0.000791,10,26346
4,D,Combined,70%,0.3,1.7,70.0,10,Describe treatment for chronic kidney disease,0.9,0.954,0.9444,1.5048,0.006688,10,24147
4,D,Combined,70%,0.3,1.7,70.0,10,What are symptoms of schizophrenia?,0.9,0.9467,0.7778,1.4185,0.004429,9,24479
4,D,Combined,70%,0.3,1.7,70.0,10,How is bipolar disorder managed?,1.0,0.9993,0.8667,1.2799,0.007106,10,26253
4,D,Combined,70%,0.3,1.7,70.0,10,What causes psoriasis?,0.9,0.9521,1.0,1.6094,0.007062,10,26935
4,D,Combined,70%,0.3,1.7,70.0,10,Describe sepsis treatment,1.0,1.0,0.9556,1.7481,0.00898,10,23347
4,D,Combined,70%,0.3,1.7,70.0,10,What are risk factors for cancer?,1.0,0.9993,0.5556,1.8867,0.000237,10,23462
4,D,Combined,70%,0.3,1.7,70.0,10,How is ALS diagnosed?,0.9,0.9497,0.8889,1.6094,0.006141,10,22914
4,D,RomeCombined,1%,0.99,1.01,1.0,10,What are the symptoms of type 2 diabetes?,1.0,1.0,1.0,2.164,0.007878,10,25631
4,D,RomeCombined,1%,0.99,1.01,1.0,10,How is hypertension treated?,1.0,1.0,1.0,1.6094,0.007053,10,24790
4,D,RomeCombined,1%,0.99,1.01,1.0,10,What causes heart failure?,1.0,1.0,1.0,2.0253,0.006829,10,25177
4,D,RomeCombined,1%,0.99,1.01,1.0,10,Describe the symptoms of lupus,1.0,1.0,1.0,1.8867,0.014637,10,26959
4,D,RomeCombined,1%,0.99,1.01,1.0,10,What medications treat depression?,1.0,1.0,1.0,2.164,0.008086,10,25304
4,D,RomeCombined,1%,0.99,1.01,1.0,10,How does Alzheimer's disease progress?,1.0,1.0,0.9556,1.973,0.015921,9,24270
4,D,RomeCombined,1%,0.99,1.01,1.0,10,What are risk factors for stroke?,1.0,1.0,1.0,1.4185,0.007746,10,24913
4,D,RomeCombined,1%,0.99,1.01,1.0,10,How is asthma managed long-term?,1.0,1.0,1.0,2.164,0.006681,10,25406
4,D,RomeCombined,1%,0.99,1.01,1.0,10,What are signs of kidney disease?,1.0,1.0,1.0,1.8344,0.006653,10,24730
4,D,RomeCombined,1%,0.99,1.01,1.0,10,Describe rheumatoid arthritis treatment,1.0,1.0,1.0,1.8344,0.009161,10,24724
4,D,RomeCombined,1%,0.99,1.01,1.0,10,What causes Parkinson's disease?,1.0,1.0,1.0,1.973,0.01514,10,24716
4,D,RomeCombined,1%,0.99,1.01,1.0,10,How is multiple sclerosis diagnosed?,1.0,1.0,1.0,1.8344,0.014335,10,24283
4,D,RomeCombined,1%,0.99,1.01,1.0,10,What are symptoms of anemia?,1.0,1.0,1.0,1.6957,0.018146,10,24925
4,D,RomeCombined,1%,0.99,1.01,1.0,10,How is hypothyroidism treated?,1.0,1.0,1.0,1.5048,0.014406,10,25909
4,D,RomeCombined,1%,0.99,1.01,1.0,10,What causes chronic pain?,1.0,1.0,0.9556,2.164,0.000757,10,24255
4,D,RomeCombined,1%,0.99,1.01,1.0,10,Describe COPD management,1.0,1.0,1.0,1.2206,0.02493,10,24374
4,D,RomeCombined,1%,0.99,1.01,1.0,10,What are signs of liver disease?,1.0,1.0,1.0,2.0253,0.001743,10,25465
4,D,RomeCombined,1%,0.99,1.01,1.0,10,How is epilepsy treated?,1.0,1.0,1.0,1.3592,0.017388,10,24999
4,D,RomeCombined,1%,0.99,1.01,1.0,10,What causes osteoporosis?,1.0,1.0,1.0,1.8344,0.01413,10,24033
4,D,RomeCombined,1%,0.99,1.01,1.0,10,Describe symptoms of anxiety disorder,1.0,1.0,1.0,1.6094,0.013886,10,24680
4,D,RomeCombined,1%,0.99,1.01,1.0,10,What medications are used for HIV/AIDS?,1.0,1.0,1.0,1.4979,0.009638,10,24726
4,D,RomeCombined,1%,0.99,1.01,1.0,10,How is pneumonia diagnosed?,1.0,1.0,1.0,1.8344,0.007219,10,25614
4,D,RomeCombined,1%,0.99,1.01,1.0,10,What causes inflammatory bowel disease?,1.0,1.0,0.9556,2.164,0.001511,9,26669
4,D,RomeCombined,1%,0.99,1.01,1.0,10,Describe treatment for chronic kidney disease,1.0,1.0,1.0,1.3592,0.016577,10,25171
4,D,RomeCombined,1%,0.99,1.01,1.0,10,What are symptoms of schizophrenia?,1.0,1.0,1.0,1.4185,0.010812,10,24112
4,D,RomeCombined,1%,0.99,1.01,1.0,10,How is bipolar disorder managed?,1.0,1.0,0.9556,1.4708,0.016117,10,23719
4,D,RomeCombined,1%,0.99,1.01,1.0,10,What causes psoriasis?,1.0,1.0,1.0,1.6094,0.016072,10,25407
4,D,RomeCombined,1%,0.99,1.01,1.0,10,Describe sepsis treatment,1.0,1.0,1.0,1.6434,0.01743,10,24945
4,D,RomeCombined,1%,0.99,1.01,1.0,10,What are risk factors for cancer?,1.0,1.0,1.0,1.8344,0.000539,10,25344
4,D,RomeCombined,1%,0.99,1.01,1.0,10,How is ALS diagnosed?,1.0,1.0,1.0,1.6094,0.011354,10,25135
4,D,RomeCombined,5%,0.95,1.05,5.0,10,What are the symptoms of type 2 diabetes?,0.9,0.9513,1.0,2.164,0.007911,10,25732
4,D,RomeCombined,5%,0.95,1.05,5.0,10,How is hypertension treated?,1.0,1.0,1.0,1.6094,0.006961,10,25203
4,D,RomeCombined,5%,0.95,1.05,5.0,10,What causes heart failure?,1.0,1.0,1.0,2.0253,0.006791,10,24945
4,D,RomeCombined,5%,0.95,1.05,5.0,10,Describe the symptoms of lupus,1.0,1.0,1.0,2.0253,0.014591,10,24700
4,D,RomeCombined,5%,0.95,1.05,5.0,10,What medications treat depression?,1.0,1.0,1.0,2.164,0.008143,10,25079
4,D,RomeCombined,5%,0.95,1.05,5.0,10,How does Alzheimer's disease progress?,1.0,1.0,1.0,1.973,0.01601,10,25519
4,D,RomeCombined,5%,0.95,1.05,5.0,10,What are risk factors for stroke?,1.0,1.0,1.0,1.4185,0.007655,10,25778
4,D,RomeCombined,5%,0.95,1.05,5.0,10,How is asthma managed long-term?,1.0,1.0,1.0,2.164,0.006643,10,25315
4,D,RomeCombined,5%,0.95,1.05,5.0,10,What are signs of kidney disease?,1.0,1.0,1.0,1.8344,0.006622,10,25132
4,D,RomeCombined,5%,0.95,1.05,5.0,10,Describe rheumatoid arthritis treatment,1.0,1.0,1.0,1.8344,0.009133,10,25748
4,D,RomeCombined,5%,0.95,1.05,5.0,10,What causes Parkinson's disease?,1.0,1.0,0.9556,1.973,0.015076,10,27319
4,D,RomeCombined,5%,0.95,1.05,5.0,10,How is multiple sclerosis diagnosed?,1.0,1.0,1.0,1.8344,0.014221,10,25847
4,D,RomeCombined,5%,0.95,1.05,5.0,10,What are symptoms of anemia?,1.0,1.0,1.0,1.6957,0.018193,10,24237
4,D,RomeCombined,5%,0.95,1.05,5.0,10,How is hypothyroidism treated?,1.0,1.0,1.0,1.5048,0.014523,10,26292
4,D,RomeCombined,5%,0.95,1.05,5.0,10,What causes chronic pain?,1.0,1.0,0.9556,2.0253,0.000757,10,26339
4,D,RomeCombined,5%,0.95,1.05,5.0,10,Describe COPD management,1.0,1.0,1.0,1.2206,0.024836,10,24410
4,D,RomeCombined,5%,0.95,1.05,5.0,10,What are signs of liver disease?,1.0,1.0,1.0,2.0253,0.001763,10,24757
4,D,RomeCombined,5%,0.95,1.05,5.0,10,How is epilepsy treated?,1.0,1.0,1.0,1.3592,0.017426,10,25059
4,D,RomeCombined,5%,0.95,1.05,5.0,10,What causes osteoporosis?,1.0,1.0,1.0,1.7481,0.013989,10,24878
4,D,RomeCombined,5%,0.95,1.05,5.0,10,Describe symptoms of anxiety disorder,1.0,1.0,1.0,1.6094,0.013745,10,24705
4,D,RomeCombined,5%,0.95,1.05,5.0,10,What medications are used for HIV/AIDS?,1.0,1.0,1.0,1.4979,0.009676,10,25401
4,D,RomeCombined,5%,0.95,1.05,5.0,10,How is pneumonia diagnosed?,1.0,1.0,1.0,1.8344,0.007146,10,25495
4,D,RomeCombined,5%,0.95,1.05,5.0,10,What causes inflammatory bowel disease?,1.0,1.0,1.0,2.164,0.001502,10,24975
4,D,RomeCombined,5%,0.95,1.05,5.0,10,Describe treatment for chronic kidney disease,1.0,1.0,1.0,1.3592,0.016496,10,26049
4,D,RomeCombined,5%,0.95,1.05,5.0,10,What are symptoms of schizophrenia?,1.0,1.0,1.0,1.6957,0.010732,10,28119
4,D,RomeCombined,5%,0.95,1.05,5.0,10,How is bipolar disorder managed?,1.0,1.0,0.8667,1.2799,0.016095,10,24909
4,D,RomeCombined,5%,0.95,1.05,5.0,10,What causes psoriasis?,1.0,1.0,1.0,1.6094,0.016039,10,24009
4,D,RomeCombined,5%,0.95,1.05,5.0,10,Describe sepsis treatment,1.0,1.0,1.0,1.6434,0.017333,10,24243
4,D,RomeCombined,5%,0.95,1.05,5.0,10,What are risk factors for cancer?,1.0,1.0,1.0,1.8344,0.000559,9,24594
4,D,RomeCombined,5%,0.95,1.05,5.0,10,How is ALS diagnosed?,1.0,1.0,1.0,1.6094,0.011366,10,24567
4,D,RomeCombined,10%,0.9,1.1,10.0,10,What are the symptoms of type 2 diabetes?,1.0,1.0,1.0,2.0253,0.00765,10,25265
4,D,RomeCombined,10%,0.9,1.1,10.0,10,How is hypertension treated?,1.0,1.0,0.9556,1.6094,0.007109,10,24761
4,D,RomeCombined,10%,0.9,1.1,10.0,10,What causes heart failure?,1.0,1.0,0.9556,2.0253,0.006614,10,25716
4,D,RomeCombined,10%,0.9,1.1,10.0,10,Describe the symptoms of lupus,1.0,1.0,1.0,2.0253,0.014763,10,24813
4,D,RomeCombined,10%,0.9,1.1,10.0,10,What medications treat depression?,1.0,1.0,1.0,2.164,0.007851,10,24657
4,D,RomeCombined,10%,0.9,1.1,10.0,10,How does Alzheimer's disease progress?,1.0,1.0,0.9556,1.973,0.016,10,24996
4,D,RomeCombined,10%,0.9,1.1,10.0,10,What are risk factors for stroke?,1.0,1.0,1.0,1.4185,0.007428,10,25688
4,D,RomeCombined,10%,0.9,1.1,10.0,10,How is asthma managed long-term?,1.0,1.0,1.0,2.164,0.006804,10,25459
4,D,RomeCombined,10%,0.9,1.1,10.0,10,What are signs of kidney disease?,1.0,1.0,0.9556,1.8344,0.006515,10,25050
4,D,RomeCombined,10%,0.9,1.1,10.0,10,Describe rheumatoid arthritis treatment,1.0,1.0,1.0,1.8344,0.009078,10,25761
4,D,RomeCombined,10%,0.9,1.1,10.0,10,What causes Parkinson's disease?,1.0,1.0,1.0,1.973,0.01493,10,24904
4,D,RomeCombined,10%,0.9,1.1,10.0,10,How is multiple sclerosis diagnosed?,1.0,1.0,1.0,1.8344,0.014021,10,25626
4,D,RomeCombined,10%,0.9,1.1,10.0,10,What are symptoms of anemia?,1.0,1.0,1.0,1.6957,0.017851,10,27522
4,D,RomeCombined,10%,0.9,1.1,10.0,10,How is hypothyroidism treated?,1.0,0.9999,0.9556,1.5048,0.01432,10,25108
4,D,RomeCombined,10%,0.9,1.1,10.0,10,What causes chronic pain?,1.0,1.0,1.0,1.8344,0.000768,10,25204
4,D,RomeCombined,10%,0.9,1.1,10.0,10,Describe COPD management,1.0,1.0,1.0,1.2206,0.024633,10,24644
4,D,RomeCombined,10%,0.9,1.1,10.0,10,What are signs of liver disease?,1.0,1.0,1.0,2.0253,0.00175,10,25299
4,D,RomeCombined,10%,0.9,1.1,10.0,10,How is epilepsy treated?,1.0,1.0,1.0,1.3592,0.017018,10,24794
4,D,RomeCombined,10%,0.9,1.1,10.0,10,What causes osteoporosis?,1.0,1.0,1.0,1.7481,0.013986,9,24881
4,D,RomeCombined,10%,0.9,1.1,10.0,10,Describe symptoms of anxiety disorder,1.0,1.0,0.9111,1.6434,0.01392,10,25206
4,D,RomeCombined,10%,0.9,1.1,10.0,10,What medications are used for HIV/AIDS?,1.0,1.0,1.0,1.4979,0.009541,10,25789
4,D,RomeCombined,10%,0.9,1.1,10.0,10,How is pneumonia diagnosed?,1.0,1.0,0.9111,1.8344,0.006867,10,24969
4,D,RomeCombined,10%,0.9,1.1,10.0,10,What causes inflammatory bowel disease?,1.0,1.0,0.9556,2.164,0.001456,10,25181
4,D,RomeCombined,10%,0.9,1.1,10.0,10,Describe treatment for chronic kidney disease,1.0,1.0,0.9556,1.3592,0.016136,10,25054
4,D,RomeCombined,10%,0.9,1.1,10.0,10,What are symptoms of schizophrenia?,0.9,0.9468,0.9444,1.4185,0.010859,10,25626
4,D,RomeCombined,10%,0.9,1.1,10.0,10,How is bipolar disorder managed?,1.0,1.0,0.9556,1.4708,0.016234,9,25513
4,D,RomeCombined,10%,0.9,1.1,10.0,10,What causes psoriasis?,1.0,1.0,0.9111,1.6094,0.015959,10,27592
4,D,RomeCombined,10%,0.9,1.1,10.0,10,Describe sepsis treatment,1.0,1.0,1.0,1.6434,0.017025,10,26379
4,D,RomeCombined,10%,0.9,1.1,10.0,10,What are risk factors for cancer?,1.0,1.0,1.0,1.973,0.000515,10,25286
4,D,RomeCombined,10%,0.9,1.1,10.0,10,How is ALS diagnosed?,1.0,1.0,0.9556,1.6094,0.010987,9,24683
4,D,RomeCombined,20%,0.8,1.2,20.0,10,What are the symptoms of type 2 diabetes?,1.0,1.0,0.9556,1.7481,0.007414,10,25626
4,D,RomeCombined,20%,0.8,1.2,20.0,10,How is hypertension treated?,1.0,1.0,0.9556,1.6094,0.006817,10,23738
4,D,RomeCombined,20%,0.8,1.2,20.0,10,What causes heart failure?,1.0,0.9998,0.9111,1.8867,0.006404,10,24957
4,D,RomeCombined,20%,0.8,1.2,20.0,10,Describe the symptoms of lupus,0.9,0.954,0.9444,2.164,0.014182,10,25710
4,D,RomeCombined,20%,0.8,1.2,20.0,10,What medications treat depression?,1.0,1.0,1.0,1.8867,0.007434,10,27138
4,D,RomeCombined,20%,0.8,1.2,20.0,10,How does Alzheimer's disease progress?,1.0,1.0,0.9111,1.973,0.014988,10,26396
4,D,RomeCombined,20%,0.8,1.2,20.0,10,What are risk factors for stroke?,1.0,1.0,0.9556,1.6094,0.007794,10,25122
4,D,RomeCombined,20%,0.8,1.2,20.0,10,How is asthma managed long-term?,1.0,1.0,1.0,2.0253,0.006304,10,24563
4,D,RomeCombined,20%,0.8,1.2,20.0,10,What are signs of kidney disease?,1.0,1.0,0.9556,1.8344,0.006309,10,28218
4,D,RomeCombined,20%,0.8,1.2,20.0,10,Describe rheumatoid arthritis treatment,1.0,1.0,0.9556,1.8344,0.009014,10,25511
4,D,RomeCombined,20%,0.8,1.2,20.0,10,What causes Parkinson's disease?,1.0,1.0,1.0,1.973,0.014391,10,25599
4,D,RomeCombined,20%,0.8,1.2,20.0,10,How is multiple sclerosis diagnosed?,1.0,1.0,1.0,1.8344,0.013385,10,25693
4,D,RomeCombined,20%,0.8,1.2,20.0,10,What are symptoms of anemia?,1.0,1.0,0.9556,1.8344,0.016873,10,25522
4,D,RomeCombined,20%,0.8,1.2,20.0,10,How is hypothyroidism treated?,1.0,0.9999,0.9111,1.5048,0.013691,10,24744
4,D,RomeCombined,20%,0.8,1.2,20.0,10,What causes chronic pain?,1.0,1.0,0.9556,2.164,0.000713,10,24902
4,D,RomeCombined,20%,0.8,1.2,20.0,10,Describe COPD management,1.0,1.0,1.0,1.2206,0.023547,10,25086
4,D,RomeCombined,20%,0.8,1.2,20.0,10,What are signs of liver disease?,1.0,1.0,1.0,2.0253,0.001727,10,24868
4,D,RomeCombined,20%,0.8,1.2,20.0,10,How is epilepsy treated?,1.0,1.0,0.9556,1.3592,0.0171,10,24635
4,D,RomeCombined,20%,0.8,1.2,20.0,10,What causes osteoporosis?,1.0,1.0,0.9556,1.8867,0.013102,10,26815
4,D,RomeCombined,20%,0.8,1.2,20.0,10,Describe symptoms of anxiety disorder,1.0,1.0,0.9556,1.4708,0.012819,10,24710
4,D,RomeCombined,20%,0.8,1.2,20.0,10,What medications are used for HIV/AIDS?,1.0,1.0,1.0,1.4979,0.009266,10,24825
4,D,RomeCombined,20%,0.8,1.2,20.0,10,How is pneumonia diagnosed?,1.0,1.0,1.0,1.8344,0.00687,10,25262
4,D,RomeCombined,20%,0.8,1.2,20.0,10,What causes inflammatory bowel disease?,1.0,1.0,0.9556,2.0253,0.001525,10,25069
4,D,RomeCombined,20%,0.8,1.2,20.0,10,Describe treatment for chronic kidney disease,1.0,1.0,0.9556,1.3592,0.015546,10,25584
4,D,RomeCombined,20%,0.8,1.2,20.0,10,What are symptoms of schizophrenia?,0.9,0.9491,0.9444,1.4185,0.010047,10,27353
4,D,RomeCombined,20%,0.8,1.2,20.0,10,How is bipolar disorder managed?,1.0,1.0,0.8667,1.2799,0.015739,10,24540
4,D,RomeCombined,20%,0.8,1.2,20.0,10,What causes psoriasis?,1.0,1.0,0.9111,1.6094,0.015141,10,28623
4,D,RomeCombined,20%,0.8,1.2,20.0,10,Describe sepsis treatment,1.0,0.9999,0.9111,1.6434,0.016271,10,24847
4,D,RomeCombined,20%,0.8,1.2,20.0,10,What are risk factors for cancer?,1.0,1.0,0.9111,1.973,0.00045,10,28275
4,D,RomeCombined,20%,0.8,1.2,20.0,10,How is ALS diagnosed?,0.9,0.9498,0.9444,1.6094,0.011053,10,25235
4,D,RomeCombined,30%,0.7,1.3,30.0,10,What are the symptoms of type 2 diabetes?,0.9,0.9512,0.9444,1.8867,0.007431,10,26030
4,D,RomeCombined,30%,0.7,1.3,30.0,10,How is hypertension treated?,1.0,0.9997,0.8222,1.6434,0.005688,10,25068
4,D,RomeCombined,30%,0.7,1.3,30.0,10,What causes heart failure?,0.9,0.9499,1.0,2.0253,0.005744,10,25339
4,D,RomeCombined,30%,0.7,1.3,30.0,10,Describe the symptoms of lupus,0.9,0.9541,1.0,2.164,0.012963,10,25584
4,D,RomeCombined,30%,0.7,1.3,30.0,10,What medications treat depression?,1.0,1.0,1.0,2.164,0.00703,10,24672
4,D,RomeCombined,30%,0.7,1.3,30.0,10,How does Alzheimer's disease progress?,1.0,1.0,0.9556,1.973,0.014396,10,25533
4,D,RomeCombined,30%,0.7,1.3,30.0,10,What are risk factors for stroke?,0.9,0.946,0.9444,1.4185,0.006779,10,26376
4,D,RomeCombined,30%,0.7,1.3,30.0,10,How is asthma managed long-term?,1.0,1.0,1.0,1.8867,0.005804,10,25214
4,D,RomeCombined,30%,0.7,1.3,30.0,10,What are signs of kidney disease?,1.0,1.0,0.9556,1.4708,0.005322,10,25266
4,D,RomeCombined,30%,0.7,1.3,30.0,10,Describe rheumatoid arthritis treatment,1.0,0.9999,0.9556,2.0253,0.00705,10,24635
4,D,RomeCombined,30%,0.7,1.3,30.0,10,What causes Parkinson's disease?,1.0,1.0,0.9556,1.973,0.013291,10,27477
4,D,RomeCombined,30%,0.7,1.3,30.0,10,How is multiple sclerosis diagnosed?,1.0,0.9999,0.9111,1.8344,0.012392,10,25016
4,D,RomeCombined,30%,0.7,1.3,30.0,10,What are symptoms of anemia?,1.0,0.9999,0.9111,1.6957,0.016752,10,25794
4,D,RomeCombined,30%,0.7,1.3,30.0,10,How is hypothyroidism treated?,1.0,1.0,0.9111,1.8344,0.012894,10,26370
4,D,RomeCombined,30%,0.7,1.3,30.0,10,What causes chronic pain?,1.0,0.9999,0.9111,2.0253,0.000757,10,25017
4,D,RomeCombined,30%,0.7,1.3,30.0,10,Describe COPD management,1.0,1.0,0.9556,1.2206,0.021888,10,25041
4,D,RomeCombined,30%,0.7,1.3,30.0,10,What are signs of liver disease?,1.0,0.9992,0.8222,1.8344,0.001474,10,25303
4,D,RomeCombined,30%,0.7,1.3,30.0,10,How is epilepsy treated?,0.9,0.9611,1.0,1.3592,0.014774,10,24482
4,D,RomeCombined,30%,0.7,1.3,30.0,10,What causes osteoporosis?,1.0,1.0,0.9556,1.6957,0.012321,10,25271
4,D,RomeCombined,30%,0.7,1.3,30.0,10,Describe symptoms of anxiety disorder,1.0,0.9999,0.8667,1.4708,0.012302,10,24624
4,D,RomeCombined,30%,0.7,1.3,30.0,10,What medications are used for HIV/AIDS?,1.0,1.0,0.9556,1.4979,0.0084,10,25414
4,D,RomeCombined,30%,0.7,1.3,30.0,10,How is pneumonia diagnosed?,0.9,0.9473,1.0,1.8344,0.006119,10,25394
4,D,RomeCombined,30%,0.7,1.3,30.0,10,What causes inflammatory bowel disease?,0.9,0.9465,1.0,2.164,0.001306,10,24873
4,D,RomeCombined,30%,0.7,1.3,30.0,10,Describe treatment for chronic kidney disease,1.0,1.0,0.9556,1.3592,0.013803,10,22981
4,D,RomeCombined,30%,0.7,1.3,30.0,10,What are symptoms of schizophrenia?,0.9,0.9467,0.7778,1.3592,0.009689,10,24193
4,D,RomeCombined,30%,0.7,1.3,30.0,10,How is bipolar disorder managed?,1.0,1.0,0.9556,1.4708,0.014233,10,23787
4,D,RomeCombined,30%,0.7,1.3,30.0,10,What causes psoriasis?,1.0,1.0,1.0,1.6094,0.013759,10,24216
4,D,RomeCombined,30%,0.7,1.3,30.0,10,Describe sepsis treatment,1.0,1.0,1.0,1.6434,0.015684,10,26515
4,D,RomeCombined,30%,0.7,1.3,30.0,10,What are risk factors for cancer?,1.0,0.9999,0.8222,2.0253,0.000538,10,26720
4,D,RomeCombined,30%,0.7,1.3,30.0,10,How is ALS diagnosed?,0.9,0.9518,1.0,1.6094,0.009864,10,21618
4,D,RomeCombined,50%,0.5,1.5,50.0,10,What are the symptoms of type 2 diabetes?,0.9,0.9513,1.0,2.0253,0.005483,10,25146
4,D,RomeCombined,50%,0.5,1.5,50.0,10,How is hypertension treated?,1.0,0.9999,0.9556,1.6094,0.005057,10,26498
4,D,RomeCombined,50%,0.5,1.5,50.0,10,What causes heart failure?,0.9,0.9501,1.0,2.0253,0.004332,10,25219
4,D,RomeCombined,50%,0.5,1.5,50.0,10,Describe the symptoms of lupus,0.9,0.954,0.9444,2.0253,0.009632,10,25315
4,D,RomeCombined,50%,0.5,1.5,50.0,10,What medications treat depression?,1.0,1.0,1.0,2.164,0.005615,10,24530
4,D,RomeCombined,50%,0.5,1.5,50.0,10,How does Alzheimer's disease progress?,1.0,1.0,0.9556,1.973,0.011188,10,25488
4,D,RomeCombined,50%,0.5,1.5,50.0,10,What are risk factors for stroke?,0.9,0.9436,0.7778,1.3592,0.004505,10,24454
4,D,RomeCombined,50%,0.5,1.5,50.0,10,How is asthma managed long-term?,1.0,0.9999,0.9556,1.8344,0.004383,10,24956
4,D,RomeCombined,50%,0.5,1.5,50.0,10,What are signs of kidney disease?,1.0,1.0,0.9556,2.0253,0.004414,10,25312
4,D,RomeCombined,50%,0.5,1.5,50.0,10,Describe rheumatoid arthritis treatment,1.0,0.9998,0.9111,1.8867,0.007403,10,24696
4,D,RomeCombined,50%,0.5,1.5,50.0,10,What causes Parkinson's disease?,1.0,1.0,1.0,1.973,0.009354,10,24847
4,D,RomeCombined,50%,0.5,1.5,50.0,10,How is multiple sclerosis diagnosed?,0.9,0.9559,0.9444,1.8867,0.009327,10,25244
4,D,RomeCombined,50%,0.5,1.5,50.0,10,What are symptoms of anemia?,1.0,0.9991,0.9111,1.8344,0.011797,10,26134
4,D,RomeCombined,50%,0.5,1.5,50.0,10,How is hypothyroidism treated?,1.0,1.0,0.9556,1.5048,0.010583,10,25626
4,D,RomeCombined,50%,0.5,1.5,50.0,10,What causes chronic pain?,1.0,0.9989,0.7778,2.0253,0.000543,10,24949
4,D,RomeCombined,50%,0.5,1.5,50.0,10,Describe COPD management,1.0,0.9999,0.8667,1.2275,0.0175,10,24076
4,D,RomeCombined,50%,0.5,1.5,50.0,10,What are signs of liver disease?,0.9,0.9461,0.8333,1.7481,0.001372,10,25243
4,D,RomeCombined,50%,0.5,1.5,50.0,10,How is epilepsy treated?,0.9,0.9613,1.0,1.3592,0.012951,10,24587
4,D,RomeCombined,50%,0.5,1.5,50.0,10,What causes osteoporosis?,1.0,0.9998,0.8222,1.8344,0.009815,10,25383
4,D,RomeCombined,50%,0.5,1.5,50.0,10,Describe symptoms of anxiety disorder,0.9,0.9507,0.9444,1.7481,0.009947,10,24777
4,D,RomeCombined,50%,0.5,1.5,50.0,10,What medications are used for HIV/AIDS?,1.0,0.9999,0.8667,1.4979,0.00684,10,24805
4,D,RomeCombined,50%,0.5,1.5,50.0,10,How is pneumonia diagnosed?,1.0,0.9998,0.8222,1.6094,0.0047,10,24923
4,D,RomeCombined,50%,0.5,1.5,50.0,10,What causes inflammatory bowel disease?,1.0,0.9997,0.9111,2.0253,0.001187,10,25759
4,D,RomeCombined,50%,0.5,1.5,50.0,10,Describe treatment for chronic kidney disease,0.9,0.957,0.9444,1.3592,0.010828,10,27665
4,D,RomeCombined,50%,0.5,1.5,50.0,10,What are symptoms of schizophrenia?,1.0,1.0,0.9111,1.7481,0.007193,10,27286
4,D,RomeCombined,50%,0.5,1.5,50.0,10,How is bipolar disorder managed?,1.0,0.9993,0.7778,1.4708,0.010474,10,25043
4,D,RomeCombined,50%,0.5,1.5,50.0,10,What causes psoriasis?,1.0,1.0,0.9111,1.6094,0.011268,10,24926
4,D,RomeCombined,50%,0.5,1.5,50.0,10,Describe sepsis treatment,1.0,0.9999,0.9111,1.6434,0.011966,10,23574
4,D,RomeCombined,50%,0.5,1.5,50.0,10,What are risk factors for cancer?,1.0,0.9998,0.6444,1.973,0.000493,10,23660
4,D,RomeCombined,50%,0.5,1.5,50.0,10,How is ALS diagnosed?,1.0,1.0,0.9556,1.4185,0.007431,9,25927
4,D,RomeCombined,70%,0.3,1.7,70.0,10,What are the symptoms of type 2 diabetes?,0.9,0.9487,0.8889,1.8344,0.003239,10,26253
4,D,RomeCombined,70%,0.3,1.7,70.0,10,How is hypertension treated?,1.0,0.9999,0.9111,1.6957,0.003109,10,25075
4,D,RomeCombined,70%,0.3,1.7,70.0,10,What causes heart failure?,0.9,0.9501,1.0,2.164,0.003242,10,26661
4,D,RomeCombined,70%,0.3,1.7,70.0,10,Describe the symptoms of lupus,1.0,1.0,1.0,2.0253,0.005537,10,24983
4,D,RomeCombined,70%,0.3,1.7,70.0,10,What medications treat depression?,1.0,1.0,1.0,2.164,0.00353,10,24492
4,D,RomeCombined,70%,0.3,1.7,70.0,10,How does Alzheimer's disease progress?,1.0,1.0,1.0,2.0253,0.007091,10,25962
4,D,RomeCombined,70%,0.3,1.7,70.0,10,What are risk factors for stroke?,0.9,0.9445,0.6111,1.4185,0.003528,10,25498
4,D,RomeCombined,70%,0.3,1.7,70.0,10,How is asthma managed long-term?,1.0,1.0,0.9556,1.8867,0.002872,10,24627
4,D,RomeCombined,70%,0.3,1.7,70.0,10,What are signs of kidney disease?,0.9,0.9484,0.7778,1.6957,0.00308,10,26086
4,D,RomeCombined,70%,0.3,1.7,70.0,10,Describe rheumatoid arthritis treatment,1.0,1.0,1.0,2.164,0.003845,10,24614
4,D,RomeCombined,70%,0.3,1.7,70.0,10,What causes Parkinson's disease?,0.9,0.9577,1.0,2.0253,0.006193,10,24631
4,D,RomeCombined,70%,0.3,1.7,70.0,10,How is multiple sclerosis diagnosed?,1.0,1.0,0.9556,2.0253,0.006029,10,26299
4,D,RomeCombined,70%,0.3,1.7,70.0,10,What are symptoms of anemia?,1.0,1.0,0.9111,1.8344,0.008027,10,25004
4,D,RomeCombined,70%,0.3,1.7,70.0,10,How is hypothyroidism treated?,1.0,1.0,0.9111,1.5048,0.005935,10,25251
4,D,RomeCombined,70%,0.3,1.7,70.0,10,What causes chronic pain?,1.0,0.9987,0.7778,1.973,0.000394,10,25238
4,D,RomeCombined,70%,0.3,1.7,70.0,10,Describe COPD management,0.9,0.959,0.8889,1.2206,0.010275,10,25887
4,D,RomeCombined,70%,0.3,1.7,70.0,10,What are signs of liver disease?,1.0,0.9996,0.9111,2.0253,0.000959,10,25134
4,D,RomeCombined,70%,0.3,1.7,70.0,10,How is epilepsy treated?,1.0,0.9999,0.9111,1.3592,0.007483,10,25014
4,D,RomeCombined,70%,0.3,1.7,70.0,10,What causes osteoporosis?,1.0,0.9999,0.9556,1.7481,0.006693,10,25479
4,D,RomeCombined,70%,0.3,1.7,70.0,10,Describe symptoms of anxiety disorder,1.0,1.0,0.9556,1.6094,0.006369,10,25328
4,D,RomeCombined,70%,0.3,1.7,70.0,10,What medications are used for HIV/AIDS?,1.0,0.9999,0.9111,1.7481,0.00407,10,25408
4,D,RomeCombined,70%,0.3,1.7,70.0,10,How is pneumonia diagnosed?,0.8,0.8849,0.7143,1.3592,0.002834,10,24924
4,D,RomeCombined,70%,0.3,1.7,70.0,10,What causes inflammatory bowel disease?,0.9,0.9465,1.0,1.8867,0.000718,10,25283
4,D,RomeCombined,70%,0.3,1.7,70.0,10,Describe treatment for chronic kidney disease,1.0,0.9998,0.9111,1.0889,0.007746,10,27295
4,D,RomeCombined,70%,0.3,1.7,70.0,10,What are symptoms of schizophrenia?,0.8,0.8957,0.6429,1.4708,0.004781,10,27596
4,D,RomeCombined,70%,0.3,1.7,70.0,10,How is bipolar disorder managed?,1.0,0.9993,0.8667,1.4708,0.006944,10,24585
4,D,RomeCombined,70%,0.3,1.7,70.0,10,What causes psoriasis?,0.9,0.9537,0.7778,1.6434,0.006364,10,28572
4,D,RomeCombined,70%,0.3,1.7,70.0,10,Describe sepsis treatment,0.9,0.9616,0.9444,1.8344,0.008227,10,26759
4,D,RomeCombined,70%,0.3,1.7,70.0,10,What are risk factors for cancer?,0.9,0.9355,0.5,2.3026,0.000223,10,25439
4,D,RomeCombined,70%,0.3,1.7,70.0,10,How is ALS diagnosed?,0.8,0.8962,1.0,1.6094,0.005281,10,25010
4,D,CkksCombined,1%,0.99,1.01,1.0,10,What are the symptoms of type 2 diabetes?,1.0,1.0,1.0,2.0253,0.007903,10,6098879
4,D,CkksCombined,1%,0.99,1.01,1.0,10,How is hypertension treated?,1.0,1.0,1.0,1.6094,0.007049,10,6105780
4,D,CkksCombined,1%,0.99,1.01,1.0,10,What causes heart failure?,1.0,1.0,1.0,2.0253,0.006813,10,6164647
4,D,CkksCombined,1%,0.99,1.01,1.0,10,Describe the symptoms of lupus,1.0,1.0,1.0,2.0253,0.014635,10,6105708
4,D,CkksCombined,1%,0.99,1.01,1.0,10,What medications treat depression?,1.0,1.0,1.0,2.164,0.008139,10,6107197
4,D,CkksCombined,1%,0.99,1.01,1.0,10,How does Alzheimer's disease progress?,1.0,1.0,1.0,1.973,0.015893,10,6101527
4,D,CkksCombined,1%,0.99,1.01,1.0,10,What are risk factors for stroke?,1.0,1.0,1.0,1.3592,0.007784,10,6195906
4,D,CkksCombined,1%,0.99,1.01,1.0,10,How is asthma managed long-term?,1.0,1.0,1.0,2.0253,0.00669,10,6105234
4,D,CkksCombined,1%,0.99,1.01,1.0,10,What are signs of kidney disease?,1.0,1.0,1.0,1.8344,0.006639,10,6106390
4,D,CkksCombined,1%,0.99,1.01,1.0,10,Describe rheumatoid arthritis treatment,1.0,1.0,1.0,1.8344,0.009182,10,6114672
4,D,CkksCombined,1%,0.99,1.01,1.0,10,What causes Parkinson's disease?,1.0,1.0,1.0,1.973,0.015146,10,6094210
4,D,CkksCombined,1%,0.99,1.01,1.0,10,How is multiple sclerosis diagnosed?,1.0,1.0,1.0,1.8344,0.014285,10,6112698
4,D,CkksCombined,1%,0.99,1.01,1.0,10,What are symptoms of anemia?,1.0,1.0,1.0,1.6957,0.018121,10,6105535
4,D,CkksCombined,1%,0.99,1.01,1.0,10,How is hypothyroidism treated?,1.0,1.0,1.0,1.5048,0.014413,10,6108094
4,D,CkksCombined,1%,0.99,1.01,1.0,10,What causes chronic pain?,1.0,1.0,1.0,2.164,0.000766,10,6117039
4,D,CkksCombined,1%,0.99,1.01,1.0,10,Describe COPD management,1.0,1.0,1.0,1.2206,0.02492,10,6173786
4,D,CkksCombined,1%,0.99,1.01,1.0,10,What are signs of liver disease?,1.0,1.0,1.0,2.0253,0.00176,10,6120320
4,D,CkksCombined,1%,0.99,1.01,1.0,10,How is epilepsy treated?,1.0,1.0,1.0,1.3592,0.017408,10,6102605
4,D,CkksCombined,1%,0.99,1.01,1.0,10,What causes osteoporosis?,1.0,1.0,1.0,1.8344,0.014148,10,6119107
4,D,CkksCombined,1%,0.99,1.01,1.0,10,Describe symptoms of anxiety disorder,1.0,1.0,1.0,1.6094,0.013903,10,6123981
4,D,CkksCombined,1%,0.99,1.01,1.0,10,What medications are used for HIV/AIDS?,1.0,1.0,1.0,1.4979,0.009667,10,6103220
4,D,CkksCombined,1%,0.99,1.01,1.0,10,How is pneumonia diagnosed?,1.0,1.0,1.0,1.8344,0.0072,10,6103324
4,D,CkksCombined,1%,0.99,1.01,1.0,10,What causes inflammatory bowel disease?,1.0,1.0,1.0,2.164,0.001505,10,6129516
4,D,CkksCombined,1%,0.99,1.01,1.0,10,Describe treatment for chronic kidney disease,1.0,1.0,1.0,1.3592,0.01658,10,6163758
4,D,CkksCombined,1%,0.99,1.01,1.0,10,What are symptoms of schizophrenia?,1.0,1.0,1.0,1.6957,0.010794,10,6109023
4,D,CkksCombined,1%,0.99,1.01,1.0,10,How is bipolar disorder managed?,1.0,1.0,0.9111,1.4708,0.016151,9,6119112
4,D,CkksCombined,1%,0.99,1.01,1.0,10,What causes psoriasis?,1.0,1.0,1.0,1.6094,0.016088,10,6120139
4,D,CkksCombined,1%,0.99,1.01,1.0,10,Describe sepsis treatment,1.0,1.0,1.0,1.6434,0.017425,10,6094483
4,D,CkksCombined,1%,0.99,1.01,1.0,10,What are risk factors for cancer?,1.0,1.0,1.0,1.8867,0.000535,10,6094588
4,D,CkksCombined,1%,0.99,1.01,1.0,10,How is ALS diagnosed?,1.0,1.0,1.0,1.6094,0.01132,10,6092138
4,D,CkksCombined,5%,0.95,1.05,5.0,10,What are the symptoms of type 2 diabetes?,1.0,1.0,1.0,2.0253,0.007946,10,6092318
4,D,CkksCombined,5%,0.95,1.05,5.0,10,How is hypertension treated?,1.0,1.0,0.9556,1.6094,0.006988,10,6122580
4,D,CkksCombined,5%,0.95,1.05,5.0,10,What causes heart failure?,1.0,1.0,0.9556,2.0253,0.006741,10,6109031
4,D,CkksCombined,5%,0.95,1.05,5.0,10,Describe the symptoms of lupus,1.0,1.0,1.0,2.0253,0.014823,10,6102155
4,D,CkksCombined,5%,0.95,1.05,5.0,10,What medications treat depression?,1.0,1.0,1.0,2.164,0.008087,10,6183325
4,D,CkksCombined,5%,0.95,1.05,5.0,10,How does Alzheimer's disease progress?,1.0,1.0,1.0,1.973,0.015829,10,6106298
4,D,CkksCombined,5%,0.95,1.05,5.0,10,What are risk factors for stroke?,1.0,1.0,1.0,1.3592,0.00785,10,6125334
4,D,CkksCombined,5%,0.95,1.05,5.0,10,How is asthma managed long-term?,1.0,1.0,1.0,2.0253,0.006656,10,6100420
4,D,CkksCombined,5%,0.95,1.05,5.0,10,What are signs of kidney disease?,1.0,1.0,1.0,1.8344,0.006736,10,6111485
4,D,CkksCombined,5%,0.95,1.05,5.0,10,Describe rheumatoid arthritis treatment,1.0,1.0,1.0,1.8344,0.009136,10,6102499
4,D,CkksCombined,5%,0.95,1.05,5.0,10,What causes Parkinson's disease?,1.0,1.0,1.0,1.973,0.015048,10,6107231
4,D,CkksCombined,5%,0.95,1.05,5.0,10,How is multiple sclerosis diagnosed?,1.0,1.0,1.0,1.8344,0.014227,10,6106229
4,D,CkksCombined,5%,0.95,1.05,5.0,10,What are symptoms of anemia?,1.0,1.0,1.0,1.6957,0.017973,10,6119880
4,D,CkksCombined,5%,0.95,1.05,5.0,10,How is hypothyroidism treated?,1.0,1.0,1.0,1.5048,0.014408,10,6105521
4,D,CkksCombined,5%,0.95,1.05,5.0,10,What causes chronic pain?,1.0,1.0,1.0,2.0253,0.000773,10,6129044
4,D,CkksCombined,5%,0.95,1.05,5.0,10,Describe COPD management,1.0,1.0,1.0,1.2206,0.024775,10,6111238
4,D,CkksCombined,5%,0.95,1.05,5.0,10,What are signs of liver disease?,1.0,1.0,1.0,2.0253,0.001796,10,6110095
4,D,CkksCombined,5%,0.95,1.05,5.0,10,How is epilepsy treated?,1.0,1.0,1.0,1.3592,0.017539,10,6108202
4,D,CkksCombined,5%,0.95,1.05,5.0,10,What causes osteoporosis?,1.0,1.0,0.9556,1.7481,0.013972,10,6124808
4,D,CkksCombined,5%,0.95,1.05,5.0,10,Describe symptoms of anxiety disorder,1.0,1.0,1.0,1.6094,0.013727,10,6111332
4,D,CkksCombined,5%,0.95,1.05,5.0,10,What medications are used for HIV/AIDS?,1.0,1.0,1.0,1.4979,0.009596,10,6099956
4,D,CkksCombined,5%,0.95,1.05,5.0,10,How is pneumonia diagnosed?,1.0,1.0,1.0,1.8344,0.007177,10,6106963
4,D,CkksCombined,5%,0.95,1.05,5.0,10,What causes inflammatory bowel disease?,1.0,1.0,0.9556,2.164,0.001506,10,6182925
4,D,CkksCombined,5%,0.95,1.05,5.0,10,Describe treatment for chronic kidney disease,1.0,1.0,1.0,1.3592,0.016749,10,6202866
4,D,CkksCombined,5%,0.95,1.05,5.0,10,What are symptoms of schizophrenia?,1.0,1.0,0.9556,1.6434,0.010738,10,6102404
4,D,CkksCombined,5%,0.95,1.05,5.0,10,How is bipolar disorder managed?,1.0,1.0,0.9556,1.2799,0.015968,10,6100749
4,D,CkksCombined,5%,0.95,1.05,5.0,10,What causes psoriasis?,1.0,1.0,0.9556,1.6094,0.016024,10,6107587
4,D,CkksCombined,5%,0.95,1.05,5.0,10,Describe sepsis treatment,1.0,1.0,1.0,1.6434,0.017346,10,6112514
4,D,CkksCombined,5%,0.95,1.05,5.0,10,What are risk factors for cancer?,1.0,1.0,0.9556,2.0253,0.000551,10,6118489
4,D,CkksCombined,5%,0.95,1.05,5.0,10,How is ALS diagnosed?,1.0,1.0,1.0,1.6094,0.011357,10,6105122
4,D,CkksCombined,10%,0.9,1.1,10.0,10,What are the symptoms of type 2 diabetes?,1.0,1.0,1.0,2.0253,0.007793,10,6150936
4,D,CkksCombined,10%,0.9,1.1,10.0,10,How is hypertension treated?,1.0,1.0,0.9556,1.8344,0.007006,10,6105745
4,D,CkksCombined,10%,0.9,1.1,10.0,10,What causes heart failure?,0.9,0.9501,1.0,2.0253,0.006838,10,6119711
4,D,CkksCombined,10%,0.9,1.1,10.0,10,Describe the symptoms of lupus,1.0,1.0,1.0,1.8867,0.014042,10,6104943
4,D,CkksCombined,10%,0.9,1.1,10.0,10,What medications treat depression?,1.0,0.9999,0.9556,2.164,0.00789,10,6092626
4,D,CkksCombined,10%,0.9,1.1,10.0,10,How does Alzheimer's disease progress?,1.0,1.0,0.9556,1.973,0.015191,10,6171419
4,D,CkksCombined,10%,0.9,1.1,10.0,10,What are risk factors for stroke?,1.0,1.0,0.9111,1.3592,0.007548,10,6117398
4,D,CkksCombined,10%,0.9,1.1,10.0,10,How is asthma managed long-term?,1.0,1.0,1.0,2.164,0.006644,10,6101424
4,D,CkksCombined,10%,0.9,1.1,10.0,10,What are signs of kidney disease?,1.0,1.0,0.9556,1.8344,0.006431,10,6121579
4,D,CkksCombined,10%,0.9,1.1,10.0,10,Describe rheumatoid arthritis treatment,1.0,1.0,1.0,1.8344,0.008976,10,6139797
4,D,CkksCombined,10%,0.9,1.1,10.0,10,What causes Parkinson's disease?,1.0,1.0,1.0,1.973,0.015024,10,6195980
4,D,CkksCombined,10%,0.9,1.1,10.0,10,How is multiple sclerosis diagnosed?,1.0,1.0,0.9556,1.8344,0.014009,10,6101553
4,D,CkksCombined,10%,0.9,1.1,10.0,10,What are symptoms of anemia?,1.0,1.0,1.0,1.6957,0.018021,10,6086032
4,D,CkksCombined,10%,0.9,1.1,10.0,10,How is hypothyroidism treated?,1.0,1.0,0.9556,1.5048,0.014337,10,6104209
4,D,CkksCombined,10%,0.9,1.1,10.0,10,What causes chronic pain?,1.0,1.0,1.0,2.0253,0.000762,10,6099120
4,D,CkksCombined,10%,0.9,1.1,10.0,10,Describe COPD management,1.0,1.0,1.0,1.2206,0.02421,10,6115029
4,D,CkksCombined,10%,0.9,1.1,10.0,10,What are signs of liver disease?,1.0,1.0,1.0,2.0253,0.001726,10,6179397
4,D,CkksCombined,10%,0.9,1.1,10.0,10,How is epilepsy treated?,1.0,1.0,1.0,1.3592,0.017242,10,6104130
4,D,CkksCombined,10%,0.9,1.1,10.0,10,What causes osteoporosis?,1.0,1.0,0.9556,1.8867,0.013675,10,6093668
4,D,CkksCombined,10%,0.9,1.1,10.0,10,Describe symptoms of anxiety disorder,1.0,1.0,1.0,1.6094,0.013793,10,6108498
4,D,CkksCombined,10%,0.9,1.1,10.0,10,What medications are used for HIV/AIDS?,1.0,1.0,1.0,1.4979,0.009597,10,6126921
4,D,CkksCombined,10%,0.9,1.1,10.0,10,How is pneumonia diagnosed?,1.0,1.0,1.0,1.7481,0.007137,10,6092151
4,D,CkksCombined,10%,0.9,1.1,10.0,10,What causes inflammatory bowel disease?,1.0,1.0,0.9556,2.164,0.001539,10,6112151
4,D,CkksCombined,10%,0.9,1.1,10.0,10,Describe treatment for chronic kidney disease,1.0,1.0,1.0,1.3592,0.016228,10,6112379
4,D,CkksCombined,10%,0.9,1.1,10.0,10,What are symptoms of schizophrenia?,1.0,1.0,0.9556,1.1683,0.01021,10,6141071
4,D,CkksCombined,10%,0.9,1.1,10.0,10,How is bipolar disorder managed?,1.0,1.0,1.0,1.4708,0.016202,10,6112159
4,D,CkksCombined,10%,0.9,1.1,10.0,10,What causes psoriasis?,1.0,1.0,1.0,1.6094,0.015742,10,6100869
4,D,CkksCombined,10%,0.9,1.1,10.0,10,Describe sepsis treatment,1.0,1.0,1.0,1.6434,0.017475,10,6101844
4,D,CkksCombined,10%,0.9,1.1,10.0,10,What are risk factors for cancer?,1.0,0.9999,0.8667,1.7481,0.000518,10,6093915
4,D,CkksCombined,10%,0.9,1.1,10.0,10,How is ALS diagnosed?,1.0,1.0,1.0,1.6094,0.01088,10,6107502
4,D,CkksCombined,20%,0.8,1.2,20.0,10,What are the symptoms of type 2 diabetes?,0.9,0.9513,0.9444,1.8867,0.007283,10,6307605
4,D,CkksCombined,20%,0.8,1.2,20.0,10,How is hypertension treated?,1.0,1.0,0.9556,1.6094,0.006706,10,6136991
4,D,CkksCombined,20%,0.8,1.2,20.0,10,What causes heart failure?,1.0,0.9999,0.9556,1.8867,0.006614,10,6269822
4,D,CkksCombined,20%,0.8,1.2,20.0,10,Describe the symptoms of lupus,0.9,0.9541,1.0,2.164,0.013634,10,6123515
4,D,CkksCombined,20%,0.8,1.2,20.0,10,What medications treat depression?,1.0,1.0,1.0,2.0253,0.007568,10,6239666
4,D,CkksCombined,20%,0.8,1.2,20.0,10,How does Alzheimer's disease progress?,1.0,1.0,0.9556,1.973,0.014945,10,6100536
4,D,CkksCombined,20%,0.8,1.2,20.0,10,What are risk factors for stroke?,1.0,1.0,0.9556,1.4185,0.007491,10,6284506
4,D,CkksCombined,20%,0.8,1.2,20.0,10,How is asthma managed long-term?,1.0,1.0,1.0,2.0253,0.006344,10,6169677
4,D,CkksCombined,20%,0.8,1.2,20.0,10,What are signs of kidney disease?,1.0,1.0,0.9556,1.8344,0.006166,10,6211816
4,D,CkksCombined,20%,0.8,1.2,20.0,10,Describe rheumatoid arthritis treatment,1.0,1.0,1.0,1.973,0.008938,10,6084257
4,D,CkksCombined,20%,0.8,1.2,20.0,10,What causes Parkinson's disease?,1.0,1.0,1.0,2.164,0.014009,10,6223626
4,D,CkksCombined,20%,0.8,1.2,20.0,10,How is multiple sclerosis diagnosed?,1.0,1.0,1.0,1.8344,0.01342,10,6109542
4,D,CkksCombined,20%,0.8,1.2,20.0,10,What are symptoms of anemia?,1.0,1.0,0.9556,1.6957,0.016688,10,6230005
4,D,CkksCombined,20%,0.8,1.2,20.0,10,How is hypothyroidism treated?,1.0,1.0,1.0,1.5048,0.013352,10,6149462
4,D,CkksCombined,20%,0.8,1.2,20.0,10,What causes chronic pain?,1.0,0.9999,0.8667,2.0253,0.000782,10,6194124
4,D,CkksCombined,20%,0.8,1.2,20.0,10,Describe COPD management,1.0,1.0,1.0,1.2206,0.024264,10,6112816
4,D,CkksCombined,20%,0.8,1.2,20.0,10,What are signs of liver disease?,1.0,1.0,1.0,2.164,0.00177,10,6224112
4,D,CkksCombined,20%,0.8,1.2,20.0,10,How is epilepsy treated?,1.0,1.0,0.9556,1.3592,0.016278,10,6155702
4,D,CkksCombined,20%,0.8,1.2,20.0,10,What causes osteoporosis?,1.0,1.0,1.0,1.8344,0.01341,10,6254239
4,D,CkksCombined,20%,0.8,1.2,20.0,10,Describe symptoms of anxiety disorder,1.0,1.0,1.0,1.6094,0.013636,10,6096443
4,D,CkksCombined,20%,0.8,1.2,20.0,10,What medications are used for HIV/AIDS?,1.0,1.0,0.9556,1.4979,0.009233,10,6294740
4,D,CkksCombined,20%,0.8,1.2,20.0,10,How is pneumonia diagnosed?,0.9,0.9473,0.9444,1.8344,0.006962,10,6114223
4,D,CkksCombined,20%,0.8,1.2,20.0,10,What causes inflammatory bowel disease?,1.0,0.9999,0.9111,2.164,0.001521,10,6238478
4,D,CkksCombined,20%,0.8,1.2,20.0,10,Describe treatment for chronic kidney disease,1.0,1.0,1.0,1.3592,0.015914,10,6109642
4,D,CkksCombined,20%,0.8,1.2,20.0,10,What are symptoms of schizophrenia?,1.0,1.0,0.9111,1.5048,0.010684,10,6274043
4,D,CkksCombined,20%,0.8,1.2,20.0,10,How is bipolar disorder managed?,1.0,1.0,0.9556,1.2799,0.014529,10,6115528
4,D,CkksCombined,20%,0.8,1.2,20.0,10,What causes psoriasis?,1.0,0.9999,0.8667,1.4185,0.015572,10,6387814
4,D,CkksCombined,20%,0.8,1.2,20.0,10,Describe sepsis treatment,1.0,1.0,1.0,1.6434,0.016635,9,6107930
4,D,CkksCombined,20%,0.8,1.2,20.0,10,What are risk factors for cancer?,1.0,0.9999,0.8222,1.973,0.000493,10,6296990
4,D,CkksCombined,20%,0.8,1.2,20.0,10,How is ALS diagnosed?,0.9,0.9514,0.9444,1.7481,0.010734,10,6105579
4,D,CkksCombined,30%,0.7,1.3,30.0,10,What are the symptoms of type 2 diabetes?,0.9,0.9512,0.8889,2.3026,0.006457,10,6091562
4,D,CkksCombined,30%,0.7,1.3,30.0,10,How is hypertension treated?,1.0,0.9999,0.8667,1.8344,0.006372,10,6099340
4,D,CkksCombined,30%,0.7,1.3,30.0,10,What causes heart failure?,1.0,0.9999,0.9556,1.8867,0.00595,10,6105770
4,D,CkksCombined,30%,0.7,1.3,30.0,10,Describe the symptoms of lupus,0.9,0.9541,1.0,2.0253,0.012446,10,6133473
4,D,CkksCombined,30%,0.7,1.3,30.0,10,What medications treat depression?,1.0,1.0,1.0,1.8867,0.006832,10,6114477
4,D,CkksCombined,30%,0.7,1.3,30.0,10,How does Alzheimer's disease progress?,1.0,1.0,1.0,1.973,0.013872,10,6308118
4,D,CkksCombined,30%,0.7,1.3,30.0,10,What are risk factors for stroke?,0.8,0.8834,0.9286,1.4185,0.007257,10,6098282
4,D,CkksCombined,30%,0.7,1.3,30.0,10,How is asthma managed long-term?,1.0,1.0,1.0,2.0253,0.005983,10,6294930
4,D,CkksCombined,30%,0.7,1.3,30.0,10,What are signs of kidney disease?,1.0,1.0,1.0,1.6094,0.005643,9,6130660
4,D,CkksCombined,30%,0.7,1.3,30.0,10,Describe rheumatoid arthritis treatment,1.0,1.0,1.0,1.8867,0.008013,10,6304990
4,D,CkksCombined,30%,0.7,1.3,30.0,10,What causes Parkinson's disease?,1.0,1.0,0.9556,1.973,0.013006,10,6103713
4,D,CkksCombined,30%,0.7,1.3,30.0,10,How is multiple sclerosis diagnosed?,1.0,1.0,0.9556,1.973,0.012354,10,6109605
4,D,CkksCombined,30%,0.7,1.3,30.0,10,What are symptoms of anemia?,1.0,1.0,0.9556,1.6957,0.015385,10,6109952
4,D,CkksCombined,30%,0.7,1.3,30.0,10,How is hypothyroidism treated?,1.0,1.0,0.9111,1.5048,0.012443,10,6117831
4,D,CkksCombined,30%,0.7,1.3,30.0,10,What causes chronic pain?,1.0,0.9999,0.9111,1.6434,0.000666,10,6123425
4,D,CkksCombined,30%,0.7,1.3,30.0,10,Describe COPD management,0.9,0.9606,1.0,1.2206,0.021976,10,6144613
4,D,CkksCombined,30%,0.7,1.3,30.0,10,What are signs of liver disease?,1.0,0.9996,0.9556,2.0253,0.001391,10,6135702
4,D,CkksCombined,30%,0.7,1.3,30.0,10,How is epilepsy treated?,1.0,1.0,0.9556,1.3592,0.014765,10,6104545
4,D,CkksCombined,30%,0.7,1.3,30.0,10,What causes osteoporosis?,1.0,0.9998,0.8667,1.8344,0.012438,10,6087088
4,D,CkksCombined,30%,0.7,1.3,30.0,10,Describe symptoms of anxiety disorder,1.0,0.9999,0.8667,1.6434,0.012555,10,6111986
4,D,CkksCombined,30%,0.7,1.3,30.0,10,What medications are used for HIV/AIDS?,1.0,1.0,1.0,1.4979,0.008508,10,6087595
4,D,CkksCombined,30%,0.7,1.3,30.0,10,How is pneumonia diagnosed?,1.0,0.9997,0.9111,1.6957,0.006202,10,6155816
4,D,CkksCombined,30%,0.7,1.3,30.0,10,What causes inflammatory bowel disease?,0.9,0.9465,0.9444,2.164,0.001401,10,6335086
4,D,CkksCombined,30%,0.7,1.3,30.0,10,Describe treatment for chronic kidney disease,1.0,1.0,0.9556,1.3592,0.014098,10,6112843
4,D,CkksCombined,30%,0.7,1.3,30.0,10,What are symptoms of schizophrenia?,0.9,0.949,1.0,1.6957,0.009128,10,6158429
4,D,CkksCombined,30%,0.7,1.3,30.0,10,How is bipolar disorder managed?,1.0,1.0,0.9556,1.4708,0.013647,10,6122170
4,D,CkksCombined,30%,0.7,1.3,30.0,10,What causes psoriasis?,1.0,1.0,0.9111,1.6094,0.014268,10,6111801
4,D,CkksCombined,30%,0.7,1.3,30.0,10,Describe sepsis treatment,1.0,0.9999,0.9111,1.6434,0.015619,10,6114960
4,D,CkksCombined,30%,0.7,1.3,30.0,10,What are risk factors for cancer?,1.0,0.9997,0.7333,1.8344,0.000486,10,6103367
4,D,CkksCombined,30%,0.7,1.3,30.0,10,How is ALS diagnosed?,1.0,1.0,0.9556,1.6094,0.009393,10,6110596
4,D,CkksCombined,50%,0.5,1.5,50.0,10,What are the symptoms of type 2 diabetes?,1.0,0.9998,0.8667,2.0253,0.00523,10,6333414
4,D,CkksCombined,50%,0.5,1.5,50.0,10,How is hypertension treated?,1.0,1.0,1.0,1.6094,0.005045,10,6094643
4,D,CkksCombined,50%,0.5,1.5,50.0,10,What causes heart failure?,0.9,0.948,0.9444,2.164,0.00416,10,6243847
4,D,CkksCombined,50%,0.5,1.5,50.0,10,Describe the symptoms of lupus,0.8,0.9045,0.8571,1.6434,0.010418,10,6108003
4,D,CkksCombined,50%,0.5,1.5,50.0,10,What medications treat depression?,1.0,1.0,1.0,2.0253,0.005462,10,6255931
4,D,CkksCombined,50%,0.5,1.5,50.0,10,How does Alzheimer's disease progress?,1.0,1.0,0.9556,1.973,0.011305,10,6086279
4,D,CkksCombined,50%,0.5,1.5,50.0,10,What are risk factors for stroke?,0.8,0.8876,0.5714,1.5048,0.004861,10,6272730
4,D,CkksCombined,50%,0.5,1.5,50.0,10,How is asthma managed long-term?,0.9,0.9557,1.0,2.164,0.004311,10,6118538
4,D,CkksCombined,50%,0.5,1.5,50.0,10,What are signs of kidney disease?,1.0,0.9991,0.8222,1.8344,0.004068,10,6331010
4,D,CkksCombined,50%,0.5,1.5,50.0,10,Describe rheumatoid arthritis treatment,0.9,0.9566,1.0,1.973,0.007268,10,6144557
4,D,CkksCombined,50%,0.5,1.5,50.0,10,What causes Parkinson's disease?,1.0,1.0,0.9556,1.973,0.011024,10,6331453
4,D,CkksCombined,50%,0.5,1.5,50.0,10,How is multiple sclerosis diagnosed?,0.9,0.9565,1.0,1.973,0.011418,10,6087930
4,D,CkksCombined,50%,0.5,1.5,50.0,10,What are symptoms of anemia?,1.0,0.9992,0.9556,1.7481,0.012293,10,6260911
4,D,CkksCombined,50%,0.5,1.5,50.0,10,How is hypothyroidism treated?,1.0,0.9999,0.9111,1.5048,0.009781,10,6105499
4,D,CkksCombined,50%,0.5,1.5,50.0,10,What causes chronic pain?,1.0,0.9997,0.7778,1.8867,0.000481,10,6247266
4,D,CkksCombined,50%,0.5,1.5,50.0,10,Describe COPD management,0.9,0.9544,0.8889,1.2206,0.016805,10,6105001
4,D,CkksCombined,50%,0.5,1.5,50.0,10,What are signs of liver disease?,0.9,0.9462,0.9444,2.0253,0.001182,10,6239433
4,D,CkksCombined,50%,0.5,1.5,50.0,10,How is epilepsy treated?,0.9,0.9611,0.9444,1.3592,0.013406,10,6112710
4,D,CkksCombined,50%,0.5,1.5,50.0,10,What causes osteoporosis?,1.0,1.0,0.9556,1.8344,0.009752,10,6242009
4,D,CkksCombined,50%,0.5,1.5,50.0,10,Describe symptoms of anxiety disorder,1.0,0.9999,0.9111,1.7481,0.009744,10,6107402
4,D,CkksCombined,50%,0.5,1.5,50.0,10,What medications are used for HIV/AIDS?,1.0,0.9999,0.9111,1.7481,0.006759,10,6239331
4,D,CkksCombined,50%,0.5,1.5,50.0,10,How is pneumonia diagnosed?,0.9,0.9473,0.9444,1.6094,0.005076,10,6112713
4,D,CkksCombined,50%,0.5,1.5,50.0,10,What causes inflammatory bowel disease?,1.0,0.9976,0.7778,2.164,0.000902,10,6265464
4,D,CkksCombined,50%,0.5,1.5,50.0,10,Describe treatment for chronic kidney disease,1.0,0.9985,0.9111,1.4708,0.010231,10,6101037
4,D,CkksCombined,50%,0.5,1.5,50.0,10,What are symptoms of schizophrenia?,1.0,0.9996,0.8222,1.6957,0.0078,10,6262831
4,D,CkksCombined,50%,0.5,1.5,50.0,10,How is bipolar disorder managed?,1.0,0.9993,0.9111,1.4708,0.010704,10,6115030
4,D,CkksCombined,50%,0.5,1.5,50.0,10,What causes psoriasis?,1.0,0.9999,0.9556,1.8344,0.011095,10,6352278
4,D,CkksCombined,50%,0.5,1.5,50.0,10,Describe sepsis treatment,1.0,0.9999,0.8667,1.8344,0.01271,10,6112440
4,D,CkksCombined,50%,0.5,1.5,50.0,10,What are risk factors for cancer?,0.9,0.9391,0.8889,2.0253,0.000426,10,6289602
4,D,CkksCombined,50%,0.5,1.5,50.0,10,How is ALS diagnosed?,0.9,0.951,0.7778,1.6094,0.007673,10,6116064
4,D,CkksCombined,70%,0.3,1.7,70.0,10,What are the symptoms of type 2 diabetes?,0.9,0.9511,0.8889,1.7481,0.003704,10,6118480
4,D,CkksCombined,70%,0.3,1.7,70.0,10,How is hypertension treated?,1.0,0.9999,0.9111,1.8344,0.002803,10,6090532
4,D,CkksCombined,70%,0.3,1.7,70.0,10,What causes heart failure?,1.0,1.0,0.9556,2.0253,0.003074,10,6099359
4,D,CkksCombined,70%,0.3,1.7,70.0,10,Describe the symptoms of lupus,0.9,0.952,0.8889,1.973,0.006705,10,6092729
4,D,CkksCombined,70%,0.3,1.7,70.0,10,What medications treat depression?,1.0,1.0,1.0,2.164,0.004069,10,6097820
4,D,CkksCombined,70%,0.3,1.7,70.0,10,How does Alzheimer's disease progress?,1.0,1.0,1.0,2.0253,0.007018,10,6112898
4,D,CkksCombined,70%,0.3,1.7,70.0,10,What are risk factors for stroke?,0.8,0.8852,0.7143,1.4185,0.003368,10,6143061
4,D,CkksCombined,70%,0.3,1.7,70.0,10,How is asthma managed long-term?,0.9,0.9557,1.0,1.8867,0.002561,10,6187366
4,D,CkksCombined,70%,0.3,1.7,70.0,10,What are signs of kidney disease?,1.0,0.999,0.8222,1.6957,0.003539,10,6112216
4,D,CkksCombined,70%,0.3,1.7,70.0,10,Describe rheumatoid arthritis treatment,1.0,0.9998,0.9111,1.8867,0.002966,10,6101154
4,D,CkksCombined,70%,0.3,1.7,70.0,10,What causes Parkinson's disease?,1.0,1.0,0.9556,2.164,0.007206,10,6180200
4,D,CkksCombined,70%,0.3,1.7,70.0,10,How is multiple sclerosis diagnosed?,1.0,0.9999,0.9111,1.8344,0.005685,10,6105951
4,D,CkksCombined,70%,0.3,1.7,70.0,10,What are symptoms of anemia?,0.9,0.9526,0.9444,1.8344,0.008148,10,6101843
4,D,CkksCombined,70%,0.3,1.7,70.0,10,How is hypothyroidism treated?,1.0,0.9998,0.8222,1.6957,0.006039,10,6103017
4,D,CkksCombined,70%,0.3,1.7,70.0,10,What causes chronic pain?,1.0,0.9998,0.8667,2.0253,0.000317,10,6101048
4,D,CkksCombined,70%,0.3,1.7,70.0,10,Describe COPD management,0.9,0.9605,0.8333,1.3592,0.010776,10,6098603
4,D,CkksCombined,70%,0.3,1.7,70.0,10,What are signs of liver disease?,1.0,0.9992,0.8667,1.8344,0.000987,10,6088471
4,D,CkksCombined,70%,0.3,1.7,70.0,10,How is epilepsy treated?,0.9,0.9609,0.8889,1.6094,0.006804,10,6140950
4,D,CkksCombined,70%,0.3,1.7,70.0,10,What causes osteoporosis?,0.9,0.9541,0.9444,1.6957,0.005949,10,6096330
4,D,CkksCombined,70%,0.3,1.7,70.0,10,Describe symptoms of anxiety disorder,1.0,0.9998,0.8222,1.6094,0.006739,10,6133777
4,D,CkksCombined,70%,0.3,1.7,70.0,10,What medications are used for HIV/AIDS?,1.0,1.0,0.9556,1.6094,0.003547,10,6101943
4,D,CkksCombined,70%,0.3,1.7,70.0,10,How is pneumonia diagnosed?,1.0,0.9999,0.9111,1.6957,0.002686,10,6094295
4,D,CkksCombined,70%,0.3,1.7,70.0,10,What causes inflammatory bowel disease?,0.9,0.9446,0.9444,1.6957,0.000656,10,6098800
4,D,CkksCombined,70%,0.3,1.7,70.0,10,Describe treatment for chronic kidney disease,0.9,0.9529,0.7778,1.3592,0.007709,10,6113301
4,D,CkksCombined,70%,0.3,1.7,70.0,10,What are symptoms of schizophrenia?,0.8,0.8955,0.7143,1.6434,0.005219,10,6143285
4,D,CkksCombined,70%,0.3,1.7,70.0,10,How is bipolar disorder managed?,1.0,1.0,0.9556,1.6094,0.007259,10,6112772
4,D,CkksCombined,70%,0.3,1.7,70.0,10,What causes psoriasis?,0.9,0.9536,0.7778,1.6434,0.007134,10,6193039
4,D,CkksCombined,70%,0.3,1.7,70.0,10,Describe sepsis treatment,1.0,0.9999,0.9111,1.6434,0.007152,10,6137022
4,D,CkksCombined,70%,0.3,1.7,70.0,10,What are risk factors for cancer?,0.9,0.933,0.7222,2.164,0.000344,10,6112696
4,D,CkksCombined,70%,0.3,1.7,70.0,10,How is ALS diagnosed?,1.0,0.9997,0.8667,1.2275,0.004677,10,6113844
5,D,Noise,1%,0.99,1.01,1.0,10,What are the symptoms of type 2 diabetes?,1.0,1.0,1.0,2.164,0.007861,10,25334
5,D,Noise,1%,0.99,1.01,1.0,10,How is hypertension treated?,1.0,1.0,1.0,1.6094,0.007052,10,26892
5,D,Noise,1%,0.99,1.01,1.0,10,What causes heart failure?,1.0,1.0,1.0,2.0253,0.006829,10,24015
5,D,Noise,1%,0.99,1.01,1.0,10,Describe the symptoms of lupus,1.0,1.0,1.0,2.0253,0.014643,10,26641
5,D,Noise,1%,0.99,1.01,1.0,10,What medications treat depression?,1.0,1.0,1.0,2.164,0.008104,10,24405
5,D,Noise,1%,0.99,1.01,1.0,10,How does Alzheimer's disease progress?,1.0,1.0,0.9556,1.973,0.01585,9,23970
5,D,Noise,1%,0.99,1.01,1.0,10,What are risk factors for stroke?,1.0,1.0,1.0,1.4185,0.007754,10,24520
5,D,Noise,1%,0.99,1.01,1.0,10,How is asthma managed long-term?,1.0,1.0,1.0,2.164,0.006695,10,24639
5,D,Noise,1%,0.99,1.01,1.0,10,What are signs of kidney disease?,1.0,1.0,1.0,1.8344,0.006657,10,24960
5,D,Noise,1%,0.99,1.01,1.0,10,Describe rheumatoid arthritis treatment,1.0,1.0,1.0,1.8344,0.009154,10,24178
5,D,Noise,1%,0.99,1.01,1.0,10,What causes Parkinson's disease?,1.0,1.0,1.0,1.973,0.015186,10,25564
5,D,Noise,1%,0.99,1.01,1.0,10,How is multiple sclerosis diagnosed?,1.0,1.0,1.0,1.8344,0.014324,10,25354
5,D,Noise,1%,0.99,1.01,1.0,10,What are symptoms of anemia?,1.0,1.0,1.0,1.6957,0.018127,10,24455
5,D,Noise,1%,0.99,1.01,1.0,10,How is hypothyroidism treated?,1.0,1.0,1.0,1.5048,0.014405,10,24859
5,D,Noise,1%,0.99,1.01,1.0,10,What causes chronic pain?,1.0,1.0,1.0,2.164,0.000763,10,23885
5,D,Noise,1%,0.99,1.01,1.0,10,Describe COPD management,1.0,1.0,1.0,1.2206,0.024935,10,23460
5,D,Noise,1%,0.99,1.01,1.0,10,What are signs of liver disease?,1.0,1.0,1.0,2.0253,0.001756,10,26083
5,D,Noise,1%,0.99,1.01,1.0,10,How is epilepsy treated?,1.0,1.0,1.0,1.3592,0.017452,10,24258
5,D,Noise,1%,0.99,1.01,1.0,10,What causes osteoporosis?,1.0,1.0,1.0,1.8344,0.014123,10,25233
5,D,Noise,1%,0.99,1.01,1.0,10,Describe symptoms of anxiety disorder,1.0,1.0,1.0,1.6094,0.013878,10,23839
5,D,Noise,1%,0.99,1.01,1.0,10,What medications are used for HIV/AIDS?,1.0,1.0,1.0,1.4979,0.009633,10,24799
5,D,Noise,1%,0.99,1.01,1.0,10,How is pneumonia diagnosed?,1.0,1.0,1.0,1.8344,0.007202,10,24624
5,D,Noise,1%,0.99,1.01,1.0,10,What causes inflammatory bowel disease?,1.0,1.0,0.9556,1.973,0.001501,10,24534
5,D,Noise,1%,0.99,1.01,1.0,10,Describe treatment for chronic kidney disease,1.0,1.0,1.0,1.3592,0.016556,10,24233
5,D,Noise,1%,0.99,1.01,1.0,10,What are symptoms of schizophrenia?,1.0,1.0,1.0,1.4185,0.010814,10,24878
5,D,Noise,1%,0.99,1.01,1.0,10,How is bipolar disorder managed?,1.0,1.0,0.9556,1.4708,0.016137,10,24008
5,D,Noise,1%,0.99,1.01,1.0,10,What causes psoriasis?,1.0,1.0,1.0,1.6094,0.016077,10,23707
5,D,Noise,1%,0.99,1.01,1.0,10,Describe sepsis treatment,1.0,1.0,1.0,1.6434,0.017437,10,24486
5,D,Noise,1%,0.99,1.01,1.0,10,What are risk factors for cancer?,1.0,1.0,1.0,1.973,0.000536,10,24974
5,D,Noise,1%,0.99,1.01,1.0,10,How is ALS diagnosed?,1.0,1.0,1.0,1.6094,0.011323,10,24249
5,D,Noise,5%,0.95,1.05,5.0,10,What are the symptoms of type 2 diabetes?,1.0,1.0,1.0,2.0253,0.007917,10,24112
5,D,Noise,5%,0.95,1.05,5.0,10,How is hypertension treated?,1.0,1.0,1.0,1.6094,0.007064,9,26835
5,D,Noise,5%,0.95,1.05,5.0,10,What causes heart failure?,1.0,1.0,1.0,2.0253,0.006823,10,23661
5,D,Noise,5%,0.95,1.05,5.0,10,Describe the symptoms of lupus,1.0,1.0,1.0,2.0253,0.014739,10,24098
5,D,Noise,5%,0.95,1.05,5.0,10,What medications treat depression?,1.0,1.0,1.0,2.3026,0.008001,10,24071
5,D,Noise,5%,0.95,1.05,5.0,10,How does Alzheimer's disease progress?,1.0,1.0,1.0,1.973,0.015702,10,24426
5,D,Noise,5%,0.95,1.05,5.0,10,What are risk factors for stroke?,1.0,1.0,1.0,1.4185,0.007679,10,24570
5,D,Noise,5%,0.95,1.05,5.0,10,How is asthma managed long-term?,1.0,1.0,1.0,2.164,0.006639,10,24313
5,D,Noise,5%,0.95,1.05,5.0,10,What are signs of kidney disease?,1.0,1.0,1.0,1.8344,0.006501,10,23872
5,D,Noise,5%,0.95,1.05,5.0,10,Describe rheumatoid arthritis treatment,1.0,1.0,1.0,1.8344,0.00902,10,25213
5,D,Noise,5%,0.95,1.05,5.0,10,What causes Parkinson's disease?,1.0,1.0,0.9556,1.973,0.015053,10,24901
5,D,Noise,5%,0.95,1.05,5.0,10,How is multiple sclerosis diagnosed?,1.0,1.0,1.0,1.8344,0.014264,10,25107
5,D,Noise,5%,0.95,1.05,5.0,10,What are symptoms of anemia?,1.0,1.0,1.0,1.6957,0.018142,10,24910
5,D,Noise,5%,0.95,1.05,5.0,10,How is hypothyroidism treated?,1.0,1.0,1.0,1.5048,0.014483,10,24796
5,D,Noise,5%,0.95,1.05,5.0,10,What causes chronic pain?,1.0,1.0,1.0,2.164,0.000764,10,23582
5,D,Noise,5%,0.95,1.05,5.0,10,Describe COPD management,1.0,1.0,1.0,1.2206,0.02476,10,23941
5,D,Noise,5%,0.95,1.05,5.0,10,What are signs of liver disease?,1.0,1.0,1.0,2.0253,0.001751,10,24154
5,D,Noise,5%,0.95,1.05,5.0,10,How is epilepsy treated?,1.0,1.0,1.0,1.3592,0.01729,10,24082
5,D,Noise,5%,0.95,1.05,5.0,10,What causes osteoporosis?,1.0,1.0,0.9556,1.8344,0.014085,10,25398
5,D,Noise,5%,0.95,1.05,5.0,10,Describe symptoms of anxiety disorder,1.0,1.0,0.9556,1.6094,0.013993,10,25520
5,D,Noise,5%,0.95,1.05,5.0,10,What medications are used for HIV/AIDS?,1.0,1.0,1.0,1.4979,0.009595,10,24754
5,D,Noise,5%,0.95,1.05,5.0,10,How is pneumonia diagnosed?,1.0,1.0,0.9556,1.7481,0.007231,10,24188
5,D,Noise,5%,0.95,1.05,5.0,10,What causes inflammatory bowel disease?,1.0,1.0,1.0,2.164,0.001509,10,27466
5,D,Noise,5%,0.95,1.05,5.0,10,Describe treatment for chronic kidney disease,1.0,1.0,1.0,1.3592,0.016444,10,25074
5,D,Noise,5%,0.95,1.05,5.0,10,What are symptoms of schizophrenia?,1.0,1.0,1.0,1.4708,0.01066,10,24241
5,D,Noise,5%,0.95,1.05,5.0,10,How is bipolar disorder managed?,1.0,1.0,1.0,1.4708,0.016056,10,24871
5,D,Noise,5%,0.95,1.05,5.0,10,What causes psoriasis?,1.0,1.0,0.9556,1.6094,0.01604,9,24447
5,D,Noise,5%,0.95,1.05,5.0,10,Describe sepsis treatment,1.0,1.0,1.0,1.6434,0.017365,10,23682
5,D,Noise,5%,0.95,1.05,5.0,10,What are risk factors for cancer?,1.0,1.0,0.9556,1.973,0.000535,10,24559
5,D,Noise,5%,0.95,1.05,5.0,10,How is ALS diagnosed?,1.0,1.0,1.0,1.6094,0.011398,10,23586
5,D,Noise,10%,0.9,1.1,10.0,10,What are the symptoms of type 2 diabetes?,0.9,0.9513,0.9444,2.0253,0.007954,10,25668
5,D,Noise,10%,0.9,1.1,10.0,10,How is hypertension treated?,1.0,1.0,1.0,1.6094,0.006861,10,24699
5,D,Noise,10%,0.9,1.1,10.0,10,What causes heart failure?,0.9,0.9499,1.0,1.8867,0.006597,10,24577
5,D,Noise,10%,0.9,1.1,10.0,10,Describe the symptoms of lupus,0.9,0.9541,1.0,1.8867,0.014698,10,24228
5,D,Noise,10%,0.9,1.1,10.0,10,What medications treat depression?,1.0,1.0,1.0,2.164,0.007964,10,24208
5,D,Noise,10%,0.9,1.1,10.0,10,How does Alzheimer's disease progress?,1.0,1.0,1.0,1.973,0.015527,10,24169
5,D,Noise,10%,0.9,1.1,10.0,10,What are risk factors for stroke?,1.0,1.0,0.9556,1.4185,0.007724,10,24880
5,D,Noise,10%,0.9,1.1,10.0,10,How is asthma managed long-term?,1.0,1.0,1.0,2.164,0.006657,10,24722
5,D,Noise,10%,0.9,1.1,10.0,10,What are signs of kidney disease?,1.0,1.0,1.0,1.8344,0.00669,10,27498
5,D,Noise,10%,0.9,1.1,10.0,10,Describe rheumatoid arthritis treatment,1.0,1.0,0.9556,1.8344,0.009298,10,24606
5,D,Noise,10%,0.9,1.1,10.0,10,What causes Parkinson's disease?,1.0,1.0,1.0,1.973,0.014834,10,24252
5,D,Noise,10%,0.9,1.1,10.0,10,How is multiple sclerosis diagnosed?,1.0,1.0,1.0,1.8344,0.014351,10,25091
5,D,Noise,10%,0.9,1.1,10.0,10,What are symptoms of anemia?,1.0,1.0,1.0,1.6957,0.017586,10,24917
5,D,Noise,10%,0.9,1.1,10.0,10,How is hypothyroidism treated?,1.0,1.0,1.0,1.5048,0.01404,10,25250
5,D,Noise,10%,0.9,1.1,10.0,10,What causes chronic pain?,1.0,1.0,0.9111,2.164,0.000756,10,24050
5,D,Noise,10%,0.9,1.1,10.0,10,Describe COPD management,1.0,1.0,1.0,1.2206,0.024655,10,23841
5,D,Noise,10%,0.9,1.1,10.0,10,What are signs of liver disease?,1.0,1.0,1.0,2.0253,0.001766,10,24700
5,D,Noise,10%,0.9,1.1,10.0,10,How is epilepsy treated?,0.9,0.9613,1.0,1.3592,0.017476,10,24030
5,D,Noise,10%,0.9,1.1,10.0,10,What causes osteoporosis?,1.0,1.0,1.0,1.8344,0.013879,10,25071
5,D,Noise,10%,0.9,1.1,10.0,10,Describe symptoms of anxiety disorder,1.0,1.0,1.0,1.6094,0.013869,10,24593
5,D,Noise,10%,0.9,1.1,10.0,10,What medications are used for HIV/AIDS?,1.0,1.0,0.9556,1.4979,0.009593,10,24926
5,D,Noise,10%,0.9,1.1,10.0,10,How is pneumonia diagnosed?,1.0,1.0,1.0,1.7481,0.007208,10,24805
5,D,Noise,10%,0.9,1.1,10.0,10,What causes inflammatory bowel disease?,1.0,1.0,0.9556,2.164,0.001477,10,24626
5,D,Noise,10%,0.9,1.1,10.0,10,Describe treatment for chronic kidney disease,1.0,1.0,1.0,1.3592,0.01655,10,24145
5,D,Noise,10%,0.9,1.1,10.0,10,What are symptoms of schizophrenia?,1.0,1.0,1.0,1.6957,0.010657,10,24501
5,D,Noise,10%,0.9,1.1,10.0,10,How is bipolar disorder managed?,1.0,1.0,1.0,1.4708,0.01578,10,24957
5,D,Noise,10%,0.9,1.1,10.0,10,What causes psoriasis?,1.0,1.0,0.9556,1.6094,0.015815,10,25025
5,D,Noise,10%,0.9,1.1,10.0,10,Describe sepsis treatment,1.0,1.0,0.9556,1.6434,0.017062,10,23932
5,D,Noise,10%,0.9,1.1,10.0,10,What are risk factors for cancer?,1.0,1.0,0.9111,2.0253,0.000535,10,24561
5,D,Noise,10%,0.9,1.1,10.0,10,How is ALS diagnosed?,1.0,1.0,0.9556,1.6094,0.011404,10,24704
5,D,Noise,20%,0.8,1.2,20.0,10,What are the symptoms of type 2 diabetes?,1.0,1.0,1.0,2.0253,0.007157,10,24684
5,D,Noise,20%,0.8,1.2,20.0,10,How is hypertension treated?,1.0,1.0,0.9556,1.8344,0.007058,10,23371
5,D,Noise,20%,0.8,1.2,20.0,10,What causes heart failure?,1.0,1.0,0.9556,2.164,0.006379,10,26391
5,D,Noise,20%,0.8,1.2,20.0,10,Describe the symptoms of lupus,1.0,1.0,1.0,2.164,0.013805,10,24479
5,D,Noise,20%,0.8,1.2,20.0,10,What medications treat depression?,1.0,1.0,1.0,2.0253,0.007519,10,25166
5,D,Noise,20%,0.8,1.2,20.0,10,How does Alzheimer's disease progress?,1.0,1.0,1.0,1.973,0.015308,10,23383
5,D,Noise,20%,0.8,1.2,20.0,10,What are risk factors for stroke?,1.0,1.0,1.0,1.3592,0.007581,10,23754
5,D,Noise,20%,0.8,1.2,20.0,10,How is asthma managed long-term?,1.0,1.0,1.0,2.164,0.006448,10,24714
5,D,Noise,20%,0.8,1.2,20.0,10,What are signs of kidney disease?,1.0,1.0,0.9556,1.8867,0.006194,10,23973
5,D,Noise,20%,0.8,1.2,20.0,10,Describe rheumatoid arthritis treatment,1.0,1.0,1.0,1.8344,0.008406,10,27058
5,D,Noise,20%,0.8,1.2,20.0,10,What causes Parkinson's disease?,1.0,1.0,0.9556,1.973,0.014254,10,25333
5,D,Noise,20%,0.8,1.2,20.0,10,How is multiple sclerosis diagnosed?,1.0,1.0,0.9556,1.8344,0.013511,10,27482
5,D,Noise,20%,0.8,1.2,20.0,10,What are symptoms of anemia?,1.0,1.0,1.0,1.6957,0.017161,10,24680
5,D,Noise,20%,0.8,1.2,20.0,10,How is hypothyroidism treated?,1.0,1.0,1.0,1.6957,0.013901,10,24723
5,D,Noise,20%,0.8,1.2,20.0,10,What causes chronic pain?,1.0,1.0,0.9556,2.3026,0.0007,10,24520
5,D,Noise,20%,0.8,1.2,20.0,10,Describe COPD management,1.0,1.0,1.0,1.2206,0.024319,10,24311
5,D,Noise,20%,0.8,1.2,20.0,10,What are signs of liver disease?,1.0,0.9999,0.9556,1.973,0.001636,10,27004
5,D,Noise,20%,0.8,1.2,20.0,10,How is epilepsy treated?,1.0,1.0,1.0,1.3592,0.016578,10,24322
5,D,Noise,20%,0.8,1.2,20.0,10,What causes osteoporosis?,1.0,1.0,1.0,1.8344,0.013827,10,24395
5,D,Noise,20%,0.8,1.2,20.0,10,Describe symptoms of anxiety disorder,1.0,1.0,1.0,1.4708,0.013402,10,23588
5,D,Noise,20%,0.8,1.2,20.0,10,What medications are used for HIV/AIDS?,1.0,1.0,0.9556,1.4979,0.008976,10,25276
5,D,Noise,20%,0.8,1.2,20.0,10,How is pneumonia diagnosed?,1.0,1.0,1.0,1.6094,0.00683,10,24343
5,D,Noise,20%,0.8,1.2,20.0,10,What causes inflammatory bowel disease?,1.0,1.0,0.9556,1.973,0.001449,10,24733
5,D,Noise,20%,0.8,1.2,20.0,10,Describe treatment for chronic kidney disease,1.0,1.0,1.0,1.3592,0.015638,10,24719
5,D,Noise,20%,0.8,1.2,20.0,10,What are symptoms of schizophrenia?,0.9,0.9468,1.0,1.1683,0.010733,9,27169
5,D,Noise,20%,0.8,1.2,20.0,10,How is bipolar disorder managed?,1.0,1.0,0.9556,1.2799,0.01582,10,24455
5,D,Noise,20%,0.8,1.2,20.0,10,What causes psoriasis?,1.0,1.0,0.9111,1.6094,0.015819,10,24252
5,D,Noise,20%,0.8,1.2,20.0,10,Describe sepsis treatment,1.0,1.0,1.0,1.6434,0.016534,10,23447
5,D,Noise,20%,0.8,1.2,20.0,10,What are risk factors for cancer?,1.0,0.9999,0.8667,1.6957,0.00058,10,26909
5,D,Noise,20%,0.8,1.2,20.0,10,How is ALS diagnosed?,1.0,1.0,0.9556,1.7481,0.010784,10,25799
5,D,Noise,30%,0.7,1.3,30.0,10,What are the symptoms of type 2 diabetes?,1.0,0.9999,0.9111,2.3026,0.007156,10,24376
5,D,Noise,30%,0.7,1.3,30.0,10,How is hypertension treated?,1.0,1.0,0.9556,1.8344,0.006298,10,24182
5,D,Noise,30%,0.7,1.3,30.0,10,What causes heart failure?,1.0,0.9999,0.9556,2.0253,0.006027,10,24309
5,D,Noise,30%,0.7,1.3,30.0,10,Describe the symptoms of lupus,0.9,0.9541,1.0,2.0253,0.012305,10,24686
5,D,Noise,30%,0.7,1.3,30.0,10,What medications treat depression?,1.0,0.9998,0.9556,2.164,0.007283,10,23799
5,D,Noise,30%,0.7,1.3,30.0,10,How does Alzheimer's disease progress?,1.0,1.0,0.9111,1.973,0.014086,10,25613
5,D,Noise,30%,0.7,1.3,30.0,10,What are risk factors for stroke?,0.9,0.9459,0.8333,1.3592,0.006543,10,24219
5,D,Noise,30%,0.7,1.3,30.0,10,How is asthma managed long-term?,1.0,1.0,0.9556,1.8344,0.006235,10,23941
5,D,Noise,30%,0.7,1.3,30.0,10,What are signs of kidney disease?,1.0,1.0,0.9556,1.8344,0.005665,10,24313
5,D,Noise,30%,0.7,1.3,30.0,10,Describe rheumatoid arthritis treatment,1.0,1.0,0.9556,1.8344,0.008594,10,25262
5,D,Noise,30%,0.7,1.3,30.0,10,What causes Parkinson's disease?,1.0,1.0,0.9556,1.973,0.01335,10,25058
5,D,Noise,30%,0.7,1.3,30.0,10,How is multiple sclerosis diagnosed?,1.0,1.0,1.0,1.8344,0.013628,10,24801
5,D,Noise,30%,0.7,1.3,30.0,10,What are symptoms of anemia?,1.0,1.0,0.9556,1.6957,0.015856,9,24330
5,D,Noise,30%,0.7,1.3,30.0,10,How is hypothyroidism treated?,1.0,1.0,1.0,1.6957,0.011982,10,24195
5,D,Noise,30%,0.7,1.3,30.0,10,What causes chronic pain?,0.9,0.9415,1.0,1.8344,0.000648,10,26506
5,D,Noise,30%,0.7,1.3,30.0,10,Describe COPD management,1.0,1.0,1.0,1.3592,0.022507,10,23924
5,D,Noise,30%,0.7,1.3,30.0,10,What are signs of liver disease?,1.0,1.0,0.9556,2.0253,0.001481,10,26863
5,D,Noise,30%,0.7,1.3,30.0,10,How is epilepsy treated?,0.9,0.9608,0.9444,1.3592,0.016006,10,25920
5,D,Noise,30%,0.7,1.3,30.0,10,What causes osteoporosis?,1.0,1.0,1.0,1.8344,0.011884,10,26209
5,D,Noise,30%,0.7,1.3,30.0,10,Describe symptoms of anxiety disorder,1.0,1.0,1.0,1.6957,0.011812,10,24451
5,D,Noise,30%,0.7,1.3,30.0,10,What medications are used for HIV/AIDS?,1.0,0.9999,0.9111,1.4979,0.00844,10,24280
5,D,Noise,30%,0.7,1.3,30.0,10,How is pneumonia diagnosed?,1.0,1.0,0.9556,1.6094,0.006665,10,24389
5,D,Noise,30%,0.7,1.3,30.0,10,What causes inflammatory bowel disease?,1.0,0.9999,0.9111,2.164,0.001376,10,24944
5,D,Noise,30%,0.7,1.3,30.0,10,Describe treatment for chronic kidney disease,1.0,0.9999,0.9111,1.3592,0.014561,10,24520
5,D,Noise,30%,0.7,1.3,30.0,10,What are symptoms of schizophrenia?,0.9,0.949,0.8889,1.5048,0.009691,10,24193
5,D,Noise,30%,0.7,1.3,30.0,10,How is bipolar disorder managed?,1.0,1.0,0.9111,1.4708,0.015063,10,24915
5,D,Noise,30%,0.7,1.3,30.0,10,What causes psoriasis?,1.0,1.0,0.9556,1.6094,0.014204,10,26850
5,D,Noise,30%,0.7,1.3,30.0,10,Describe sepsis treatment,1.0,1.0,0.9111,1.6434,0.015316,10,23538
5,D,Noise,30%,0.7,1.3,30.0,10,What are risk factors for cancer?,1.0,0.9999,0.8222,1.8344,0.00037,10,23868
5,D,Noise,30%,0.7,1.3,30.0,10,How is ALS diagnosed?,1.0,1.0,0.9111,1.6094,0.009955,10,25134
5,D,Noise,50%,0.5,1.5,50.0,10,What are the symptoms of type 2 diabetes?,1.0,0.9999,0.9111,1.6957,0.005737,10,25134
5,D,Noise,50%,0.5,1.5,50.0,10,How is hypertension treated?,1.0,0.9996,0.8222,1.8867,0.00476,10,24169
5,D,Noise,50%,0.5,1.5,50.0,10,What causes heart failure?,0.9,0.9501,1.0,2.164,0.004389,10,24222
5,D,Noise,50%,0.5,1.5,50.0,10,Describe the symptoms of lupus,0.9,0.9541,1.0,2.164,0.009341,10,25743
5,D,Noise,50%,0.5,1.5,50.0,10,What medications treat depression?,1.0,0.9998,0.9111,1.8867,0.004943,10,24663
5,D,Noise,50%,0.5,1.5,50.0,10,How does Alzheimer's disease progress?,1.0,0.9998,0.8667,1.8344,0.011573,10,24410
5,D,Noise,50%,0.5,1.5,50.0,10,What are risk factors for stroke?,0.8,0.8862,0.6429,1.3592,0.005343,10,25442
5,D,Noise,50%,0.5,1.5,50.0,10,How is asthma managed long-term?,1.0,0.9999,0.9556,2.0253,0.004353,10,24159
5,D,Noise,50%,0.5,1.5,50.0,10,What are signs of kidney disease?,0.9,0.9484,0.7778,1.973,0.004177,10,27588
5,D,Noise,50%,0.5,1.5,50.0,10,Describe rheumatoid arthritis treatment,1.0,0.9999,0.9556,2.0253,0.006427,10,25344
5,D,Noise,50%,0.5,1.5,50.0,10,What causes Parkinson's disease?,0.9,0.9576,0.9444,1.8867,0.011363,10,24331
5,D,Noise,50%,0.5,1.5,50.0,10,How is multiple sclerosis diagnosed?,1.0,1.0,0.9556,1.973,0.009021,10,25086
5,D,Noise,50%,0.5,1.5,50.0,10,What are symptoms of anemia?,1.0,0.9998,0.9111,1.6957,0.012213,10,25007
5,D,Noise,50%,0.5,1.5,50.0,10,How is hypothyroidism treated?,1.0,0.9999,0.9111,1.5048,0.009127,10,24203
5,D,Noise,50%,0.5,1.5,50.0,10,What causes chronic pain?,1.0,0.9992,0.9111,1.6957,0.000742,10,23865
5,D,Noise,50%,0.5,1.5,50.0,10,Describe COPD management,0.9,0.9605,0.8889,1.3592,0.017406,10,23384
5,D,Noise,50%,0.5,1.5,50.0,10,What are signs of liver disease?,1.0,0.9992,0.8667,1.8344,0.001023,10,24129
5,D,Noise,50%,0.5,1.5,50.0,10,How is epilepsy treated?,1.0,0.9995,0.8667,1.3592,0.011955,10,26804
5,D,Noise,50%,0.5,1.5,50.0,10,What causes osteoporosis?,1.0,0.9998,0.8667,2.0253,0.009518,10,23816
5,D,Noise,50%,0.5,1.5,50.0,10,Describe symptoms of anxiety disorder,0.9,0.9503,0.9444,1.6957,0.011315,10,24318
5,D,Noise,50%,0.5,1.5,50.0,10,What medications are used for HIV/AIDS?,1.0,0.9999,0.9111,1.4979,0.007148,10,24372
5,D,Noise,50%,0.5,1.5,50.0,10,How is pneumonia diagnosed?,1.0,1.0,0.9556,1.6094,0.004396,10,24846
5,D,Noise,50%,0.5,1.5,50.0,10,What causes inflammatory bowel disease?,0.9,0.9463,0.8333,2.3026,0.001025,10,24237
5,D,Noise,50%,0.5,1.5,50.0,10,Describe treatment for chronic kidney disease,1.0,0.9999,0.9111,1.0889,0.011135,10,25259
5,D,Noise,50%,0.5,1.5,50.0,10,What are symptoms of schizophrenia?,0.9,0.9483,0.7778,1.0889,0.006419,10,26001
5,D,Noise,50%,0.5,1.5,50.0,10,How is bipolar disorder managed?,1.0,0.9993,0.9556,1.4708,0.010805,10,24902
5,D,Noise,50%,0.5,1.5,50.0,10,What causes psoriasis?,1.0,0.9999,0.9111,1.4185,0.011985,10,24451
5,D,Noise,50%,0.5,1.5,50.0,10,Describe sepsis treatment,1.0,0.9999,0.8667,1.6434,0.012719,10,24491
5,D,Noise,50%,0.5,1.5,50.0,10,What are risk factors for cancer?,1.0,0.997,0.6889,2.0253,0.000202,10,24231
5,D,Noise,50%,0.5,1.5,50.0,10,How is ALS diagnosed?,0.8,0.9003,0.8571,1.6094,0.007221,10,24301
5,D,Noise,70%,0.3,1.7,70.0,10,What are the symptoms of type 2 diabetes?,0.9,0.947,0.7222,1.5048,0.00315,10,25360
5,D,Noise,70%,0.3,1.7,70.0,10,How is hypertension treated?,0.9,0.9505,0.8333,1.8344,0.003811,10,24172
5,D,Noise,70%,0.3,1.7,70.0,10,What causes heart failure?,0.8,0.8979,0.9286,2.0253,0.002618,10,26227
5,D,Noise,70%,0.3,1.7,70.0,10,Describe the symptoms of lupus,1.0,1.0,1.0,1.8344,0.006112,10,23887
5,D,Noise,70%,0.3,1.7,70.0,10,What medications treat depression?,1.0,0.9998,0.9111,2.0253,0.003909,10,23910
5,D,Noise,70%,0.3,1.7,70.0,10,How does Alzheimer's disease progress?,1.0,1.0,0.9111,2.0253,0.006439,10,25336
5,D,Noise,70%,0.3,1.7,70.0,10,What are risk factors for stroke?,1.0,0.9995,0.7333,1.4979,0.003741,10,24471
5,D,Noise,70%,0.3,1.7,70.0,10,How is asthma managed long-term?,0.9,0.9537,0.9444,2.0253,0.002789,10,27913
5,D,Noise,70%,0.3,1.7,70.0,10,What are signs of kidney disease?,1.0,0.999,0.7778,2.0253,0.002876,10,27469
5,D,Noise,70%,0.3,1.7,70.0,10,Describe rheumatoid arthritis treatment,0.9,0.9564,0.8889,2.0253,0.004089,10,24317
5,D,Noise,70%,0.3,1.7,70.0,10,What causes Parkinson's disease?,1.0,0.9998,0.8667,1.8344,0.007036,10,24014
5,D,Noise,70%,0.3,1.7,70.0,10,How is multiple sclerosis diagnosed?,1.0,1.0,1.0,2.0253,0.00588,10,24879
5,D,Noise,70%,0.3,1.7,70.0,10,What are symptoms of anemia?,1.0,0.9999,0.8667,1.4708,0.007949,10,25350
5,D,Noise,70%,0.3,1.7,70.0,10,How is hypothyroidism treated?,0.9,0.9571,0.8889,1.8344,0.00679,10,24232
5,D,Noise,70%,0.3,1.7,70.0,10,What causes chronic pain?,1.0,0.9998,0.8667,1.973,0.000378,10,23734
5,D,Noise,70%,0.3,1.7,70.0,10,Describe COPD management,0.9,0.9544,0.9444,1.3592,0.011825,9,25125
5,D,Noise,70%,0.3,1.7,70.0,10,What are signs of liver disease?,1.0,0.9996,0.8667,2.0253,0.001058,10,24345
5,D,Noise,70%,0.3,1.7,70.0,10,How is epilepsy treated?,0.8,0.9188,0.9286,1.4979,0.007538,10,24132
5,D,Noise,70%,0.3,1.7,70.0,10,What causes osteoporosis?,1.0,1.0,0.9556,1.8344,0.005677,10,24363
5,D,Noise,70%,0.3,1.7,70.0,10,Describe symptoms of anxiety disorder,0.9,0.9502,0.8333,1.7481,0.005705,10,23996
5,D,Noise,70%,0.3,1.7,70.0,10,What medications are used for HIV/AIDS?,1.0,0.9999,0.9111,1.4979,0.004877,10,24562
5,D,Noise,70%,0.3,1.7,70.0,10,How is pneumonia diagnosed?,0.9,0.945,0.8889,1.8344,0.002939,10,24146
5,D,Noise,70%,0.3,1.7,70.0,10,What causes inflammatory bowel disease?,1.0,0.9999,0.9556,2.3026,0.000948,10,24773
5,D,Noise,70%,0.3,1.7,70.0,10,Describe treatment for chronic kidney disease,0.9,0.953,0.8333,1.0889,0.007614,10,26652
5,D,Noise,70%,0.3,1.7,70.0,10,What are symptoms of schizophrenia?,0.8,0.8954,0.7143,1.7481,0.003904,10,25934
5,D,Noise,70%,0.3,1.7,70.0,10,How is bipolar disorder managed?,1.0,0.999,0.8222,1.6957,0.006588,10,24140
5,D,Noise,70%,0.3,1.7,70.0,10,What causes psoriasis?,0.9,0.9514,0.6667,1.6094,0.005804,10,24944
5,D,Noise,70%,0.3,1.7,70.0,10,Describe sepsis treatment,1.0,0.9999,0.9111,1.8344,0.007968,10,26154
5,D,Noise,70%,0.3,1.7,70.0,10,What are risk factors for cancer?,0.9,0.9166,0.6667,1.973,0.000311,10,24097
5,D,Noise,70%,0.3,1.7,70.0,10,How is ALS diagnosed?,0.9,0.9474,1.0,1.8344,0.004465,10,24042
5,D,Combined,1%,0.99,1.01,1.0,10,What are the symptoms of type 2 diabetes?,1.0,1.0,1.0,2.164,0.007911,10,25427
5,D,Combined,1%,0.99,1.01,1.0,10,How is hypertension treated?,1.0,1.0,1.0,1.6094,0.007067,10,24560
5,D,Combined,1%,0.99,1.01,1.0,10,What causes heart failure?,1.0,1.0,1.0,2.0253,0.006828,10,24908
5,D,Combined,1%,0.99,1.01,1.0,10,Describe the symptoms of lupus,1.0,1.0,1.0,2.0253,0.014643,10,24558
5,D,Combined,1%,0.99,1.01,1.0,10,What medications treat depression?,1.0,1.0,1.0,2.164,0.008119,10,25042
5,D,Combined,1%,0.99,1.01,1.0,10,How does Alzheimer's disease progress?,1.0,1.0,1.0,1.973,0.015897,10,24797
5,D,Combined,1%,0.99,1.01,1.0,10,What are risk factors for stroke?,1.0,1.0,1.0,1.3592,0.007772,10,24108
5,D,Combined,1%,0.99,1.01,1.0,10,How is asthma managed long-term?,1.0,1.0,1.0,2.164,0.006701,10,25049
5,D,Combined,1%,0.99,1.01,1.0,10,What are signs of kidney disease?,1.0,1.0,1.0,1.8344,0.006672,10,25858
5,D,Combined,1%,0.99,1.01,1.0,10,Describe rheumatoid arthritis treatment,1.0,1.0,1.0,1.8344,0.009184,10,24740
5,D,Combined,1%,0.99,1.01,1.0,10,What causes Parkinson's disease?,1.0,1.0,1.0,1.973,0.015145,10,25221
5,D,Combined,1%,0.99,1.01,1.0,10,How is multiple sclerosis diagnosed?,1.0,1.0,1.0,1.8344,0.014294,10,24211
5,D,Combined,1%,0.99,1.01,1.0,10,What are symptoms of anemia?,1.0,1.0,1.0,1.6957,0.018165,10,23088
5,D,Combined,1%,0.99,1.01,1.0,10,How is hypothyroidism treated?,1.0,1.0,1.0,1.5048,0.014465,10,24653
5,D,Combined,1%,0.99,1.01,1.0,10,What causes chronic pain?,1.0,1.0,1.0,2.164,0.000766,10,24788
5,D,Combined,1%,0.99,1.01,1.0,10,Describe COPD management,1.0,1.0,1.0,1.2206,0.024927,10,24192
5,D,Combined,1%,0.99,1.01,1.0,10,What are signs of liver disease?,1.0,1.0,1.0,2.0253,0.001771,10,24212
5,D,Combined,1%,0.99,1.01,1.0,10,How is epilepsy treated?,1.0,1.0,1.0,1.3592,0.017428,10,25463
5,D,Combined,1%,0.99,1.01,1.0,10,What causes osteoporosis?,1.0,1.0,0.9556,1.8344,0.014098,10,25424
5,D,Combined,1%,0.99,1.01,1.0,10,Describe symptoms of anxiety disorder,1.0,1.0,1.0,1.6094,0.013862,10,24758
5,D,Combined,1%,0.99,1.01,1.0,10,What medications are used for HIV/AIDS?,1.0,1.0,1.0,1.4979,0.009645,10,25044
5,D,Combined,1%,0.99,1.01,1.0,10,How is pneumonia diagnosed?,1.0,1.0,1.0,1.8344,0.007238,10,24453
5,D,Combined,1%,0.99,1.01,1.0,10,What causes inflammatory bowel disease?,1.0,1.0,1.0,2.164,0.001507,10,25027
5,D,Combined,1%,0.99,1.01,1.0,10,Describe treatment for chronic kidney disease,1.0,1.0,1.0,1.3592,0.016606,10,24728
5,D,Combined,1%,0.99,1.01,1.0,10,What are symptoms of schizophrenia?,1.0,1.0,1.0,1.6434,0.010771,10,23974
5,D,Combined,1%,0.99,1.01,1.0,10,How is bipolar disorder managed?,1.0,1.0,0.9556,1.4708,0.016123,10,23595
5,D,Combined,1%,0.99,1.01,1.0,10,What causes psoriasis?,1.0,1.0,1.0,1.6094,0.016058,10,26056
5,D,Combined,1%,0.99,1.01,1.0,10,Describe sepsis treatment,1.0,1.0,1.0,1.6434,0.017446,10,23013
5,D,Combined,1%,0.99,1.01,1.0,10,What are risk factors for cancer?,1.0,1.0,1.0,2.0253,0.000535,10,22989
5,D,Combined,1%,0.99,1.01,1.0,10,How is ALS diagnosed?,1.0,1.0,1.0,1.6094,0.011321,10,23263
5,D,Combined,5%,0.95,1.05,5.0,10,What are the symptoms of type 2 diabetes?,0.9,0.9513,1.0,2.0253,0.007969,10,25400
5,D,Combined,5%,0.95,1.05,5.0,10,How is hypertension treated?,1.0,1.0,1.0,1.6094,0.006964,10,24414
5,D,Combined,5%,0.95,1.05,5.0,10,What causes heart failure?,1.0,1.0,1.0,2.0253,0.006827,10,23993
5,D,Combined,5%,0.95,1.05,5.0,10,Describe the symptoms of lupus,1.0,1.0,1.0,2.0253,0.014679,10,24429
5,D,Combined,5%,0.95,1.05,5.0,10,What medications treat depression?,1.0,1.0,1.0,2.0253,0.008121,10,26658
5,D,Combined,5%,0.95,1.05,5.0,10,How does Alzheimer's disease progress?,1.0,1.0,1.0,1.973,0.015883,10,23905
5,D,Combined,5%,0.95,1.05,5.0,10,What are risk factors for stroke?,1.0,1.0,1.0,1.4185,0.007659,10,23951
5,D,Combined,5%,0.95,1.05,5.0,10,How is asthma managed long-term?,1.0,1.0,1.0,2.164,0.006627,10,25716
5,D,Combined,5%,0.95,1.05,5.0,10,What are signs of kidney disease?,1.0,1.0,1.0,1.8344,0.006669,10,24124
5,D,Combined,5%,0.95,1.05,5.0,10,Describe rheumatoid arthritis treatment,1.0,1.0,1.0,1.8344,0.009222,10,25615
5,D,Combined,5%,0.95,1.05,5.0,10,What causes Parkinson's disease?,1.0,1.0,1.0,1.973,0.015053,10,24312
5,D,Combined,5%,0.95,1.05,5.0,10,How is multiple sclerosis diagnosed?,1.0,1.0,1.0,1.8344,0.014185,10,24944
5,D,Combined,5%,0.95,1.05,5.0,10,What are symptoms of anemia?,1.0,1.0,1.0,1.6957,0.018058,10,24990
5,D,Combined,5%,0.95,1.05,5.0,10,How is hypothyroidism treated?,1.0,1.0,1.0,1.5048,0.014204,10,25204
5,D,Combined,5%,0.95,1.05,5.0,10,What causes chronic pain?,1.0,1.0,1.0,2.164,0.000751,10,24044
5,D,Combined,5%,0.95,1.05,5.0,10,Describe COPD management,1.0,1.0,1.0,1.2206,0.024846,10,23983
5,D,Combined,5%,0.95,1.05,5.0,10,What are signs of liver disease?,1.0,1.0,1.0,2.0253,0.001756,10,25209
5,D,Combined,5%,0.95,1.05,5.0,10,How is epilepsy treated?,1.0,1.0,1.0,1.3592,0.017331,10,24517
5,D,Combined,5%,0.95,1.05,5.0,10,What causes osteoporosis?,1.0,1.0,1.0,1.8344,0.014041,10,23879
5,D,Combined,5%,0.95,1.05,5.0,10,Describe symptoms of anxiety disorder,1.0,1.0,1.0,1.6094,0.013767,10,24333
5,D,Combined,5%,0.95,1.05,5.0,10,What medications are used for HIV/AIDS?,1.0,1.0,1.0,1.4979,0.009548,10,28065
5,D,Combined,5%,0.95,1.05,5.0,10,How is pneumonia diagnosed?,1.0,1.0,1.0,1.7481,0.007162,10,24940
5,D,Combined,5%,0.95,1.05,5.0,10,What causes inflammatory bowel disease?,1.0,1.0,1.0,2.164,0.001512,10,23919
5,D,Combined,5%,0.95,1.05,5.0,10,Describe treatment for chronic kidney disease,1.0,1.0,1.0,1.3592,0.016633,10,23728
5,D,Combined,5%,0.95,1.05,5.0,10,What are symptoms of schizophrenia?,1.0,1.0,1.0,1.6434,0.010828,10,24065
5,D,Combined,5%,0.95,1.05,5.0,10,How is bipolar disorder managed?,1.0,1.0,0.8667,1.4708,0.016004,10,24296
5,D,Combined,5%,0.95,1.05,5.0,10,What causes psoriasis?,1.0,1.0,1.0,1.6094,0.015971,10,25359
5,D,Combined,5%,0.95,1.05,5.0,10,Describe sepsis treatment,1.0,1.0,0.9556,1.6434,0.017374,10,25102
5,D,Combined,5%,0.95,1.05,5.0,10,What are risk factors for cancer?,1.0,1.0,1.0,2.164,0.000558,10,26805
5,D,Combined,5%,0.95,1.05,5.0,10,How is ALS diagnosed?,1.0,1.0,1.0,1.6094,0.01138,10,25206
5,D,Combined,10%,0.9,1.1,10.0,10,What are the symptoms of type 2 diabetes?,1.0,1.0,1.0,2.0253,0.007847,10,25032
5,D,Combined,10%,0.9,1.1,10.0,10,How is hypertension treated?,1.0,1.0,0.9556,1.6094,0.00683,10,27273
5,D,Combined,10%,0.9,1.1,10.0,10,What causes heart failure?,0.9,0.9499,1.0,2.0253,0.006643,10,24296
5,D,Combined,10%,0.9,1.1,10.0,10,Describe the symptoms of lupus,0.9,0.9541,1.0,2.0253,0.014644,10,24553
5,D,Combined,10%,0.9,1.1,10.0,10,What medications treat depression?,1.0,1.0,1.0,2.0253,0.007874,10,24569
5,D,Combined,10%,0.9,1.1,10.0,10,How does Alzheimer's disease progress?,1.0,1.0,0.9556,1.973,0.015577,10,24672
5,D,Combined,10%,0.9,1.1,10.0,10,What are risk factors for stroke?,1.0,1.0,0.9556,1.4185,0.007763,10,24283
5,D,Combined,10%,0.9,1.1,10.0,10,How is asthma managed long-term?,1.0,1.0,1.0,2.164,0.006444,10,24453
5,D,Combined,10%,0.9,1.1,10.0,10,What are signs of kidney disease?,1.0,1.0,1.0,1.6094,0.006585,10,24472
5,D,Combined,10%,0.9,1.1,10.0,10,Describe rheumatoid arthritis treatment,1.0,1.0,1.0,1.8344,0.008911,10,24944
5,D,Combined,10%,0.9,1.1,10.0,10,What causes Parkinson's disease?,1.0,1.0,0.9556,1.973,0.015,10,24835
5,D,Combined,10%,0.9,1.1,10.0,10,How is multiple sclerosis diagnosed?,1.0,1.0,1.0,1.8344,0.014358,10,24780
5,D,Combined,10%,0.9,1.1,10.0,10,What are symptoms of anemia?,1.0,1.0,0.9556,1.6957,0.017885,10,24824
5,D,Combined,10%,0.9,1.1,10.0,10,How is hypothyroidism treated?,1.0,1.0,0.9556,1.5048,0.01439,10,27935
5,D,Combined,10%,0.9,1.1,10.0,10,What causes chronic pain?,1.0,1.0,0.9556,2.0253,0.000701,10,24140
5,D,Combined,10%,0.9,1.1,10.0,10,Describe COPD management,1.0,1.0,1.0,1.3592,0.024629,10,25001
5,D,Combined,10%,0.9,1.1,10.0,10,What are signs of liver disease?,1.0,1.0,1.0,2.0253,0.001752,10,23928
5,D,Combined,10%,0.9,1.1,10.0,10,How is epilepsy treated?,1.0,1.0,1.0,1.3592,0.017436,10,24107
5,D,Combined,10%,0.9,1.1,10.0,10,What causes osteoporosis?,1.0,1.0,0.9111,1.8344,0.013698,10,24685
5,D,Combined,10%,0.9,1.1,10.0,10,Describe symptoms of anxiety disorder,1.0,1.0,1.0,1.4708,0.013906,10,24438
5,D,Combined,10%,0.9,1.1,10.0,10,What medications are used for HIV/AIDS?,1.0,1.0,1.0,1.4979,0.00938,10,23954
5,D,Combined,10%,0.9,1.1,10.0,10,How is pneumonia diagnosed?,0.9,0.9473,0.9444,1.8867,0.007219,10,25583
5,D,Combined,10%,0.9,1.1,10.0,10,What causes inflammatory bowel disease?,1.0,0.9999,0.8667,1.973,0.001431,9,24141
5,D,Combined,10%,0.9,1.1,10.0,10,Describe treatment for chronic kidney disease,1.0,1.0,0.9556,1.3592,0.016291,10,26039
5,D,Combined,10%,0.9,1.1,10.0,10,What are symptoms of schizophrenia?,0.9,0.9491,0.9444,1.1683,0.010931,10,23875
5,D,Combined,10%,0.9,1.1,10.0,10,How is bipolar disorder managed?,1.0,1.0,0.9556,1.4708,0.016443,10,24407
5,D,Combined,10%,0.9,1.1,10.0,10,What causes psoriasis?,1.0,1.0,1.0,1.6094,0.016063,10,23401
5,D,Combined,10%,0.9,1.1,10.0,10,Describe sepsis treatment,1.0,1.0,1.0,1.6434,0.017077,10,24716
5,D,Combined,10%,0.9,1.1,10.0,10,What are risk factors for cancer?,1.0,1.0,0.9556,1.8344,0.000528,10,23630
5,D,Combined,10%,0.9,1.1,10.0,10,How is ALS diagnosed?,1.0,1.0,1.0,1.6094,0.0114,10,24036
5,D,Combined,20%,0.8,1.2,20.0,10,What are the symptoms of type 2 diabetes?,1.0,1.0,1.0,2.0253,0.007363,10,25293
5,D,Combined,20%,0.8,1.2,20.0,10,How is hypertension treated?,1.0,1.0,0.9556,1.6094,0.00678,10,24147
5,D,Combined,20%,0.8,1.2,20.0,10,What causes heart failure?,0.9,0.948,1.0,2.164,0.00655,10,23857
5,D,Combined,20%,0.8,1.2,20.0,10,Describe the symptoms of lupus,0.9,0.9541,1.0,2.0253,0.013801,10,24400
5,D,Combined,20%,0.8,1.2,20.0,10,What medications treat depression?,1.0,1.0,1.0,2.0253,0.007313,10,24164
5,D,Combined,20%,0.8,1.2,20.0,10,How does Alzheimer's disease progress?,1.0,1.0,0.9111,1.973,0.015653,10,24583
5,D,Combined,20%,0.8,1.2,20.0,10,What are risk factors for stroke?,1.0,1.0,0.9111,1.2275,0.007164,10,27313
5,D,Combined,20%,0.8,1.2,20.0,10,How is asthma managed long-term?,1.0,1.0,1.0,2.164,0.006572,10,24763
5,D,Combined,20%,0.8,1.2,20.0,10,What are signs of kidney disease?,1.0,1.0,1.0,1.6094,0.006273,10,24326
5,D,Combined,20%,0.8,1.2,20.0,10,Describe rheumatoid arthritis treatment,0.9,0.9566,1.0,1.8344,0.008963,10,24880
5,D,Combined,20%,0.8,1.2,20.0,10,What causes Parkinson's disease?,1.0,1.0,0.9556,1.973,0.015114,10,24137
5,D,Combined,20%,0.8,1.2,20.0,10,How is multiple sclerosis diagnosed?,1.0,1.0,1.0,1.973,0.013777,10,24414
5,D,Combined,20%,0.8,1.2,20.0,10,What are symptoms of anemia?,1.0,1.0,0.9556,1.6957,0.01707,10,24415
5,D,Combined,20%,0.8,1.2,20.0,10,How is hypothyroidism treated?,1.0,0.9983,0.9111,1.5048,0.013724,10,24808
5,D,Combined,20%,0.8,1.2,20.0,10,What causes chronic pain?,1.0,0.9999,0.9111,1.8867,0.000733,10,27201
5,D,Combined,20%,0.8,1.2,20.0,10,Describe COPD management,1.0,1.0,1.0,1.3592,0.023522,10,23762
5,D,Combined,20%,0.8,1.2,20.0,10,What are signs of liver disease?,1.0,0.9999,0.9556,2.0253,0.00181,10,25518
5,D,Combined,20%,0.8,1.2,20.0,10,How is epilepsy treated?,1.0,0.9995,0.8667,1.3592,0.016409,10,24799
5,D,Combined,20%,0.8,1.2,20.0,10,What causes osteoporosis?,1.0,1.0,0.9111,1.7481,0.013183,10,24619
5,D,Combined,20%,0.8,1.2,20.0,10,Describe symptoms of anxiety disorder,1.0,1.0,0.9111,1.5048,0.012668,10,24388
5,D,Combined,20%,0.8,1.2,20.0,10,What medications are used for HIV/AIDS?,1.0,1.0,0.9556,1.4979,0.008965,10,25404
5,D,Combined,20%,0.8,1.2,20.0,10,How is pneumonia diagnosed?,0.9,0.9473,0.9444,1.8867,0.006779,10,24446
5,D,Combined,20%,0.8,1.2,20.0,10,What causes inflammatory bowel disease?,1.0,0.9999,0.9111,2.0253,0.001308,10,24132
5,D,Combined,20%,0.8,1.2,20.0,10,Describe treatment for chronic kidney disease,1.0,1.0,1.0,1.3592,0.015691,10,26644
5,D,Combined,20%,0.8,1.2,20.0,10,What are symptoms of schizophrenia?,1.0,0.9999,0.8667,1.5048,0.010281,10,23809
5,D,Combined,20%,0.8,1.2,20.0,10,How is bipolar disorder managed?,1.0,1.0,1.0,1.4708,0.015354,10,24356
5,D,Combined,20%,0.8,1.2,20.0,10,What causes psoriasis?,1.0,1.0,1.0,1.6094,0.015065,10,23400
5,D,Combined,20%,0.8,1.2,20.0,10,Describe sepsis treatment,1.0,0.9999,0.9111,1.6434,0.016416,10,24590
5,D,Combined,20%,0.8,1.2,20.0,10,What are risk factors for cancer?,1.0,0.9999,0.8222,1.973,0.000482,10,23984
5,D,Combined,20%,0.8,1.2,20.0,10,How is ALS diagnosed?,1.0,1.0,0.9556,1.6957,0.010646,10,23112
5,D,Combined,30%,0.7,1.3,30.0,10,What are the symptoms of type 2 diabetes?,0.9,0.9512,0.8889,1.8867,0.006423,10,25341
5,D,Combined,30%,0.7,1.3,30.0,10,How is hypertension treated?,1.0,0.9997,0.8667,1.6094,0.006168,10,25174
5,D,Combined,30%,0.7,1.3,30.0,10,What causes heart failure?,1.0,0.9999,0.9111,2.164,0.006412,10,24376
5,D,Combined,30%,0.7,1.3,30.0,10,Describe the symptoms of lupus,0.9,0.952,0.9444,1.8344,0.012551,10,24511
5,D,Combined,30%,0.7,1.3,30.0,10,What medications treat depression?,1.0,1.0,1.0,2.164,0.007064,10,25800
5,D,Combined,30%,0.7,1.3,30.0,10,How does Alzheimer's disease progress?,1.0,1.0,0.9556,1.973,0.013921,10,23951
5,D,Combined,30%,0.7,1.3,30.0,10,What are risk factors for stroke?,0.9,0.9454,0.8889,1.4185,0.007109,10,24298
5,D,Combined,30%,0.7,1.3,30.0,10,How is asthma managed long-term?,0.9,0.9557,1.0,2.164,0.005381,10,26501
5,D,Combined,30%,0.7,1.3,30.0,10,What are signs of kidney disease?,1.0,0.9999,0.8667,1.8344,0.005538,10,25398
5,D,Combined,30%,0.7,1.3,30.0,10,Describe rheumatoid arthritis treatment,0.9,0.9566,0.9444,1.973,0.007934,10,25486
5,D,Combined,30%,0.7,1.3,30.0,10,What causes Parkinson's disease?,1.0,1.0,1.0,2.164,0.012321,10,24944
5,D,Combined,30%,0.7,1.3,30.0,10,How is multiple sclerosis diagnosed?,1.0,1.0,1.0,1.8344,0.013116,10,25058
5,D,Combined,30%,0.7,1.3,30.0,10,What are symptoms of anemia?,1.0,1.0,1.0,1.6957,0.015046,10,24641
5,D,Combined,30%,0.7,1.3,30.0,10,How is hypothyroidism treated?,1.0,0.9982,0.7778,1.5048,0.012039,10,25216
5,D,Combined,30%,0.7,1.3,30.0,10,What causes chronic pain?,0.9,0.9422,0.8333,1.973,0.00058,10,23790
5,D,Combined,30%,0.7,1.3,30.0,10,Describe COPD management,0.9,0.9606,0.9444,1.3592,0.022478,10,26685
5,D,Combined,30%,0.7,1.3,30.0,10,What are signs of liver disease?,1.0,0.9999,0.9556,1.6434,0.00161,10,24240
5,D,Combined,30%,0.7,1.3,30.0,10,How is epilepsy treated?,0.9,0.9595,1.0,1.3592,0.015266,10,24329
5,D,Combined,30%,0.7,1.3,30.0,10,What causes osteoporosis?,0.9,0.9539,0.8333,1.6094,0.012334,10,24045
5,D,Combined,30%,0.7,1.3,30.0,10,Describe symptoms of anxiety disorder,1.0,0.9998,0.7778,1.6957,0.012589,10,26592
5,D,Combined,30%,0.7,1.3,30.0,10,What medications are used for HIV/AIDS?,1.0,0.9998,0.8667,1.4979,0.008074,10,24708
5,D,Combined,30%,0.7,1.3,30.0,10,How is pneumonia diagnosed?,1.0,0.9999,0.9111,1.8344,0.005901,10,23829
5,D,Combined,30%,0.7,1.3,30.0,10,What causes inflammatory bowel disease?,0.9,0.9463,0.7778,2.0253,0.00126,10,26928
5,D,Combined,30%,0.7,1.3,30.0,10,Describe treatment for chronic kidney disease,1.0,1.0,0.9556,1.5048,0.013523,10,24766
5,D,Combined,30%,0.7,1.3,30.0,10,What are symptoms of schizophrenia?,0.9,0.947,1.0,1.6094,0.009622,10,24266
5,D,Combined,30%,0.7,1.3,30.0,10,How is bipolar disorder managed?,1.0,1.0,0.8222,1.7481,0.013831,10,23929
5,D,Combined,30%,0.7,1.3,30.0,10,What causes psoriasis?,1.0,1.0,0.9111,1.6434,0.013113,10,23723
5,D,Combined,30%,0.7,1.3,30.0,10,Describe sepsis treatment,1.0,0.9999,0.8667,1.6434,0.014773,10,23561
5,D,Combined,30%,0.7,1.3,30.0,10,What are risk factors for cancer?,1.0,1.0,0.8667,2.164,0.00061,10,25249
5,D,Combined,30%,0.7,1.3,30.0,10,How is ALS diagnosed?,0.9,0.9512,0.8333,1.6094,0.010153,10,24486
5,D,Combined,50%,0.5,1.5,50.0,10,What are the symptoms of type 2 diabetes?,0.8,0.8986,0.8571,1.8867,0.004893,10,27303
5,D,Combined,50%,0.5,1.5,50.0,10,How is hypertension treated?,1.0,0.9999,0.9111,1.8344,0.004724,10,24233
5,D,Combined,50%,0.5,1.5,50.0,10,What causes heart failure?,0.9,0.9499,0.9444,2.164,0.004599,10,25087
5,D,Combined,50%,0.5,1.5,50.0,10,Describe the symptoms of lupus,0.9,0.9541,1.0,1.6957,0.010789,10,24460
5,D,Combined,50%,0.5,1.5,50.0,10,What medications treat depression?,1.0,1.0,1.0,2.0253,0.005849,10,24682
5,D,Combined,50%,0.5,1.5,50.0,10,How does Alzheimer's disease progress?,1.0,1.0,0.9556,2.164,0.011613,10,24603
5,D,Combined,50%,0.5,1.5,50.0,10,What are risk factors for stroke?,0.9,0.946,0.8889,1.1683,0.005267,10,26184
5,D,Combined,50%,0.5,1.5,50.0,10,How is asthma managed long-term?,0.9,0.9556,0.9444,1.8867,0.004471,10,24423
5,D,Combined,50%,0.5,1.5,50.0,10,What are signs of kidney disease?,1.0,0.9997,0.8222,2.0253,0.00442,10,24062
5,D,Combined,50%,0.5,1.5,50.0,10,Describe rheumatoid arthritis treatment,1.0,0.9999,0.9556,2.164,0.006151,10,29075
5,D,Combined,50%,0.5,1.5,50.0,10,What causes Parkinson's disease?,1.0,0.9999,0.9111,1.973,0.010368,10,25569
5,D,Combined,50%,0.5,1.5,50.0,10,How is multiple sclerosis diagnosed?,1.0,1.0,1.0,1.973,0.009047,10,24192
5,D,Combined,50%,0.5,1.5,50.0,10,What are symptoms of anemia?,1.0,0.9999,0.9556,1.4708,0.011294,10,25834
5,D,Combined,50%,0.5,1.5,50.0,10,How is hypothyroidism treated?,0.9,0.955,0.8333,1.8344,0.010457,10,25476
5,D,Combined,50%,0.5,1.5,50.0,10,What causes chronic pain?,0.9,0.9424,0.7778,1.8867,0.000518,10,24185
5,D,Combined,50%,0.5,1.5,50.0,10,Describe COPD management,0.9,0.9544,0.8889,1.3592,0.016699,10,25802
5,D,Combined,50%,0.5,1.5,50.0,10,What are signs of liver disease?,1.0,0.9999,0.9111,2.3026,0.001371,10,24334
5,D,Combined,50%,0.5,1.5,50.0,10,How is epilepsy treated?,0.9,0.9606,0.9444,1.3592,0.012077,10,24751
5,D,Combined,50%,0.5,1.5,50.0,10,What causes osteoporosis?,1.0,0.9996,0.7778,1.6094,0.009951,10,27079
5,D,Combined,50%,0.5,1.5,50.0,10,Describe symptoms of anxiety disorder,1.0,0.9997,0.7778,1.8867,0.009396,10,24131
5,D,Combined,50%,0.5,1.5,50.0,10,What medications are used for HIV/AIDS?,1.0,0.9999,0.9111,1.4979,0.006842,10,25657
5,D,Combined,50%,0.5,1.5,50.0,10,How is pneumonia diagnosed?,0.9,0.9449,0.8333,1.6434,0.004772,10,23522
5,D,Combined,50%,0.5,1.5,50.0,10,What causes inflammatory bowel disease?,1.0,0.9979,0.8222,1.8867,0.001082,10,24610
5,D,Combined,50%,0.5,1.5,50.0,10,Describe treatment for chronic kidney disease,0.9,0.9545,0.8889,1.5048,0.011221,10,26891
5,D,Combined,50%,0.5,1.5,50.0,10,What are symptoms of schizophrenia?,0.8,0.8957,0.6429,1.5048,0.007049,10,24680
5,D,Combined,50%,0.5,1.5,50.0,10,How is bipolar disorder managed?,1.0,0.9993,0.8222,1.4708,0.011604,10,23452
5,D,Combined,50%,0.5,1.5,50.0,10,What causes psoriasis?,1.0,0.9999,0.8667,1.8867,0.011764,10,25109
5,D,Combined,50%,0.5,1.5,50.0,10,Describe sepsis treatment,1.0,1.0,0.9556,1.8344,0.012759,10,23782
5,D,Combined,50%,0.5,1.5,50.0,10,What are risk factors for cancer?,1.0,0.9993,0.6444,2.164,0.000489,10,24755
5,D,Combined,50%,0.5,1.5,50.0,10,How is ALS diagnosed?,0.8,0.9006,1.0,1.6434,0.007276,10,26751
5,D,Combined,70%,0.3,1.7,70.0,10,What are the symptoms of type 2 diabetes?,0.9,0.9511,0.8333,2.0253,0.003457,10,27083
5,D,Combined,70%,0.3,1.7,70.0,10,How is hypertension treated?,0.9,0.9506,0.8889,1.8867,0.003222,10,24288
5,D,Combined,70%,0.3,1.7,70.0,10,What causes heart failure?,0.9,0.948,1.0,2.0253,0.003127,10,24780
5,D,Combined,70%,0.3,1.7,70.0,10,Describe the symptoms of lupus,0.9,0.952,0.9444,1.8344,0.006779,10,23813
5,D,Combined,70%,0.3,1.7,70.0,10,What medications treat depression?,1.0,1.0,1.0,2.3026,0.003314,10,24524
5,D,Combined,70%,0.3,1.7,70.0,10,How does Alzheimer's disease progress?,1.0,1.0,0.9111,1.973,0.006459,10,24446
5,D,Combined,70%,0.3,1.7,70.0,10,What are risk factors for stroke?,0.9,0.9427,0.7778,1.6094,0.002742,10,27265
5,D,Combined,70%,0.3,1.7,70.0,10,How is asthma managed long-term?,1.0,1.0,1.0,2.164,0.002948,10,25074
5,D,Combined,70%,0.3,1.7,70.0,10,What are signs of kidney disease?,1.0,0.9999,0.8667,1.8344,0.003178,10,24570
5,D,Combined,70%,0.3,1.7,70.0,10,Describe rheumatoid arthritis treatment,1.0,0.9997,0.9111,2.0253,0.003683,10,25053
5,D,Combined,70%,0.3,1.7,70.0,10,What causes Parkinson's disease?,1.0,1.0,0.9556,2.0253,0.007008,10,24492
5,D,Combined,70%,0.3,1.7,70.0,10,How is multiple sclerosis diagnosed?,0.9,0.9547,0.9444,1.973,0.007008,10,25127
5,D,Combined,70%,0.3,1.7,70.0,10,What are symptoms of anemia?,0.9,0.953,0.8333,1.8867,0.009744,10,23762
5,D,Combined,70%,0.3,1.7,70.0,10,How is hypothyroidism treated?,1.0,0.9977,0.7333,1.5571,0.005884,10,24796
5,D,Combined,70%,0.3,1.7,70.0,10,What causes chronic pain?,1.0,0.9995,0.7778,1.8344,0.000493,10,26302
5,D,Combined,70%,0.3,1.7,70.0,10,Describe COPD management,1.0,0.9999,0.9111,1.2206,0.012475,10,24122
5,D,Combined,70%,0.3,1.7,70.0,10,What are signs of liver disease?,0.9,0.9451,0.6111,2.164,0.000623,10,23985
5,D,Combined,70%,0.3,1.7,70.0,10,How is epilepsy treated?,0.8,0.9208,1.0,1.6094,0.008176,10,24012
5,D,Combined,70%,0.3,1.7,70.0,10,What causes osteoporosis?,1.0,0.9999,0.9111,1.8344,0.006071,10,24435
5,D,Combined,70%,0.3,1.7,70.0,10,Describe symptoms of anxiety disorder,0.9,0.9481,0.8889,1.5048,0.007355,10,23687
5,D,Combined,70%,0.3,1.7,70.0,10,What medications are used for HIV/AIDS?,0.9,0.96,0.9444,1.4979,0.004489,9,24925
5,D,Combined,70%,0.3,1.7,70.0,10,How is pneumonia diagnosed?,1.0,0.9997,0.9111,1.6957,0.00309,10,25275
5,D,Combined,70%,0.3,1.7,70.0,10,What causes inflammatory bowel disease?,1.0,0.9977,0.7778,2.0253,0.000813,10,24514
5,D,Combined,70%,0.3,1.7,70.0,10,Describe treatment for chronic kidney disease,1.0,0.9999,0.9111,1.5571,0.006782,10,24528
5,D,Combined,70%,0.3,1.7,70.0,10,What are symptoms of schizophrenia?,0.9,0.9476,0.5,1.4708,0.005732,10,24185
5,D,Combined,70%,0.3,1.7,70.0,10,How is bipolar disorder managed?,1.0,1.0,0.8667,1.8344,0.007767,10,24199
5,D,Combined,70%,0.3,1.7,70.0,10,What causes psoriasis?,1.0,0.9937,0.9111,1.4708,0.00715,10,24193
5,D,Combined,70%,0.3,1.7,70.0,10,Describe sepsis treatment,1.0,0.9999,0.9111,1.6434,0.007881,10,23463
5,D,Combined,70%,0.3,1.7,70.0,10,What are risk factors for cancer?,0.9,0.9237,0.5,2.0253,0.000408,10,23712
5,D,Combined,70%,0.3,1.7,70.0,10,How is ALS diagnosed?,0.8,0.8937,1.0,1.6094,0.005755,10,24794
5,D,RomeCombined,1%,0.99,1.01,1.0,10,What are the symptoms of type 2 diabetes?,1.0,1.0,1.0,2.164,0.007911,10,26442
5,D,RomeCombined,1%,0.99,1.01,1.0,10,How is hypertension treated?,1.0,1.0,1.0,1.6094,0.007039,10,25606
5,D,RomeCombined,1%,0.99,1.01,1.0,10,What causes heart failure?,1.0,1.0,1.0,2.0253,0.006823,10,25110
5,D,RomeCombined,1%,0.99,1.01,1.0,10,Describe the symptoms of lupus,1.0,1.0,1.0,2.0253,0.014651,10,24850
5,D,RomeCombined,1%,0.99,1.01,1.0,10,What medications treat depression?,1.0,1.0,1.0,2.164,0.008107,10,25732
5,D,RomeCombined,1%,0.99,1.01,1.0,10,How does Alzheimer's disease progress?,1.0,1.0,1.0,1.973,0.015904,10,25359
5,D,RomeCombined,1%,0.99,1.01,1.0,10,What are risk factors for stroke?,1.0,1.0,1.0,1.4185,0.007754,10,25095
5,D,RomeCombined,1%,0.99,1.01,1.0,10,How is asthma managed long-term?,1.0,1.0,1.0,2.164,0.006686,10,25488
5,D,RomeCombined,1%,0.99,1.01,1.0,10,What are signs of kidney disease?,1.0,1.0,1.0,1.8344,0.006646,10,25671
5,D,RomeCombined,1%,0.99,1.01,1.0,10,Describe rheumatoid arthritis treatment,1.0,1.0,1.0,1.8344,0.009172,10,24683
5,D,RomeCombined,1%,0.99,1.01,1.0,10,What causes Parkinson's disease?,1.0,1.0,1.0,1.973,0.015133,10,24860
5,D,RomeCombined,1%,0.99,1.01,1.0,10,How is multiple sclerosis diagnosed?,1.0,1.0,1.0,1.8344,0.014304,10,25292
5,D,RomeCombined,1%,0.99,1.01,1.0,10,What are symptoms of anemia?,1.0,1.0,1.0,1.6957,0.018158,10,25223
5,D,RomeCombined,1%,0.99,1.01,1.0,10,How is hypothyroidism treated?,1.0,1.0,1.0,1.5048,0.014468,10,25503
5,D,RomeCombined,1%,0.99,1.01,1.0,10,What causes chronic pain?,1.0,1.0,1.0,2.164,0.000762,10,25348
5,D,RomeCombined,1%,0.99,1.01,1.0,10,Describe COPD management,1.0,1.0,1.0,1.2206,0.024922,10,24227
5,D,RomeCombined,1%,0.99,1.01,1.0,10,What are signs of liver disease?,1.0,1.0,1.0,2.0253,0.001765,10,25568
5,D,RomeCombined,1%,0.99,1.01,1.0,10,How is epilepsy treated?,1.0,1.0,1.0,1.3592,0.01745,10,24866
5,D,RomeCombined,1%,0.99,1.01,1.0,10,What causes osteoporosis?,1.0,1.0,1.0,1.8344,0.014118,10,27586
5,D,RomeCombined,1%,0.99,1.01,1.0,10,Describe symptoms of anxiety disorder,1.0,1.0,1.0,1.6094,0.013887,10,25076
5,D,RomeCombined,1%,0.99,1.01,1.0,10,What medications are used for HIV/AIDS?,1.0,1.0,1.0,1.4979,0.009654,10,25385
5,D,RomeCombined,1%,0.99,1.01,1.0,10,How is pneumonia diagnosed?,1.0,1.0,1.0,1.8344,0.007197,10,25188
5,D,RomeCombined,1%,0.99,1.01,1.0,10,What causes inflammatory bowel disease?,1.0,1.0,0.9556,2.164,0.001509,10,25930
5,D,RomeCombined,1%,0.99,1.01,1.0,10,Describe treatment for chronic kidney disease,1.0,1.0,1.0,1.3592,0.016601,10,25140
5,D,RomeCombined,1%,0.99,1.01,1.0,10,What are symptoms of schizophrenia?,1.0,1.0,1.0,1.3592,0.010814,10,24672
5,D,RomeCombined,1%,0.99,1.01,1.0,10,How is bipolar disorder managed?,1.0,1.0,0.9556,1.4708,0.016158,10,24445
5,D,RomeCombined,1%,0.99,1.01,1.0,10,What causes psoriasis?,1.0,1.0,1.0,1.6094,0.016054,10,23561
5,D,RomeCombined,1%,0.99,1.01,1.0,10,Describe sepsis treatment,1.0,1.0,1.0,1.6434,0.017418,10,22726
5,D,RomeCombined,1%,0.99,1.01,1.0,10,What are risk factors for cancer?,1.0,1.0,1.0,2.0253,0.000536,10,22951
5,D,RomeCombined,1%,0.99,1.01,1.0,10,How is ALS diagnosed?,1.0,1.0,1.0,1.6094,0.011327,10,24254
5,D,RomeCombined,5%,0.95,1.05,5.0,10,What are the symptoms of type 2 diabetes?,1.0,1.0,1.0,2.0253,0.007781,10,26024
5,D,RomeCombined,5%,0.95,1.05,5.0,10,How is hypertension treated?,1.0,1.0,1.0,1.6094,0.006978,10,26923
5,D,RomeCombined,5%,0.95,1.05,5.0,10,What causes heart failure?,1.0,1.0,1.0,2.0253,0.006823,10,24393
5,D,RomeCombined,5%,0.95,1.05,5.0,10,Describe the symptoms of lupus,1.0,1.0,1.0,2.0253,0.014693,10,25143
5,D,RomeCombined,5%,0.95,1.05,5.0,10,What medications treat depression?,1.0,1.0,1.0,2.164,0.008094,10,24732
5,D,RomeCombined,5%,0.95,1.05,5.0,10,How does Alzheimer's disease progress?,1.0,1.0,1.0,1.973,0.015836,10,25295
5,D,RomeCombined,5%,0.95,1.05,5.0,10,What are risk factors for stroke?,1.0,1.0,1.0,1.3592,0.007764,10,24329
5,D,RomeCombined,5%,0.95,1.05,5.0,10,How is asthma managed long-term?,1.0,1.0,1.0,2.164,0.006659,10,25442
5,D,RomeCombined,5%,0.95,1.05,5.0,10,What are signs of kidney disease?,1.0,1.0,1.0,1.8344,0.006663,10,26165
5,D,RomeCombined,5%,0.95,1.05,5.0,10,Describe rheumatoid arthritis treatment,1.0,1.0,1.0,1.8344,0.00911,10,25090
5,D,RomeCombined,5%,0.95,1.05,5.0,10,What causes Parkinson's disease?,1.0,1.0,1.0,1.973,0.015065,10,25414
5,D,RomeCombined,5%,0.95,1.05,5.0,10,How is multiple sclerosis diagnosed?,1.0,1.0,1.0,1.8344,0.014207,10,25218
5,D,RomeCombined,5%,0.95,1.05,5.0,10,What are symptoms of anemia?,1.0,1.0,0.9556,1.6957,0.018206,9,25065
5,D,RomeCombined,5%,0.95,1.05,5.0,10,How is hypothyroidism treated?,1.0,1.0,0.9556,1.5048,0.014433,10,25070
5,D,RomeCombined,5%,0.95,1.05,5.0,10,What causes chronic pain?,1.0,1.0,1.0,2.164,0.000771,10,25090
5,D,RomeCombined,5%,0.95,1.05,5.0,10,Describe COPD management,1.0,1.0,1.0,1.2206,0.024716,10,25326
5,D,RomeCombined,5%,0.95,1.05,5.0,10,What are signs of liver disease?,1.0,1.0,1.0,2.0253,0.00177,10,25899
5,D,RomeCombined,5%,0.95,1.05,5.0,10,How is epilepsy treated?,1.0,1.0,1.0,1.3592,0.017481,10,24885
5,D,RomeCombined,5%,0.95,1.05,5.0,10,What causes osteoporosis?,1.0,1.0,1.0,1.8344,0.013992,9,25051
5,D,RomeCombined,5%,0.95,1.05,5.0,10,Describe symptoms of anxiety disorder,1.0,1.0,1.0,1.6094,0.013918,10,25312
5,D,RomeCombined,5%,0.95,1.05,5.0,10,What medications are used for HIV/AIDS?,1.0,1.0,1.0,1.4979,0.009523,10,24978
5,D,RomeCombined,5%,0.95,1.05,5.0,10,How is pneumonia diagnosed?,1.0,1.0,0.9556,1.7481,0.007102,10,27320
5,D,RomeCombined,5%,0.95,1.05,5.0,10,What causes inflammatory bowel disease?,1.0,1.0,0.9556,1.973,0.00147,10,24647
5,D,RomeCombined,5%,0.95,1.05,5.0,10,Describe treatment for chronic kidney disease,1.0,1.0,1.0,1.3592,0.016584,10,24872
5,D,RomeCombined,5%,0.95,1.05,5.0,10,What are symptoms of schizophrenia?,1.0,1.0,1.0,1.1683,0.010738,10,24606
5,D,RomeCombined,5%,0.95,1.05,5.0,10,How is bipolar disorder managed?,1.0,1.0,0.9556,1.4708,0.016116,10,27161
5,D,RomeCombined,5%,0.95,1.05,5.0,10,What causes psoriasis?,1.0,1.0,1.0,1.6094,0.015932,10,24591
5,D,RomeCombined,5%,0.95,1.05,5.0,10,Describe sepsis treatment,1.0,1.0,1.0,1.6434,0.017453,10,27556
5,D,RomeCombined,5%,0.95,1.05,5.0,10,What are risk factors for cancer?,1.0,1.0,1.0,1.8344,0.000515,10,25297
5,D,RomeCombined,5%,0.95,1.05,5.0,10,How is ALS diagnosed?,1.0,1.0,1.0,1.6094,0.011192,10,24872
5,D,RomeCombined,10%,0.9,1.1,10.0,10,What are the symptoms of type 2 diabetes?,0.9,0.9512,0.8889,1.8867,0.008061,10,25716
5,D,RomeCombined,10%,0.9,1.1,10.0,10,How is hypertension treated?,1.0,1.0,0.9556,1.6094,0.006863,10,24499
5,D,RomeCombined,10%,0.9,1.1,10.0,10,What causes heart failure?,1.0,1.0,1.0,2.0253,0.006692,10,24407
5,D,RomeCombined,10%,0.9,1.1,10.0,10,Describe the symptoms of lupus,1.0,1.0,1.0,1.8867,0.01464,10,25681
5,D,RomeCombined,10%,0.9,1.1,10.0,10,What medications treat depression?,1.0,1.0,1.0,2.0253,0.008158,10,25134
5,D,RomeCombined,10%,0.9,1.1,10.0,10,How does Alzheimer's disease progress?,1.0,1.0,1.0,1.973,0.015705,10,25181
5,D,RomeCombined,10%,0.9,1.1,10.0,10,What are risk factors for stroke?,1.0,1.0,0.9556,1.3592,0.007774,10,24963
5,D,RomeCombined,10%,0.9,1.1,10.0,10,How is asthma managed long-term?,1.0,1.0,1.0,2.164,0.006553,10,26977
5,D,RomeCombined,10%,0.9,1.1,10.0,10,What are signs of kidney disease?,1.0,1.0,1.0,1.8867,0.006482,10,24790
5,D,RomeCombined,10%,0.9,1.1,10.0,10,Describe rheumatoid arthritis treatment,1.0,1.0,1.0,1.8344,0.009191,10,25627
5,D,RomeCombined,10%,0.9,1.1,10.0,10,What causes Parkinson's disease?,1.0,1.0,1.0,1.973,0.014965,10,26264
5,D,RomeCombined,10%,0.9,1.1,10.0,10,How is multiple sclerosis diagnosed?,1.0,1.0,1.0,1.8344,0.01394,10,24227
5,D,RomeCombined,10%,0.9,1.1,10.0,10,What are symptoms of anemia?,1.0,1.0,0.9556,1.6957,0.017965,10,24418
5,D,RomeCombined,10%,0.9,1.1,10.0,10,How is hypothyroidism treated?,1.0,1.0,1.0,1.6957,0.014669,10,26130
5,D,RomeCombined,10%,0.9,1.1,10.0,10,What causes chronic pain?,1.0,1.0,0.9556,2.0253,0.000758,9,25363
5,D,RomeCombined,10%,0.9,1.1,10.0,10,Describe COPD management,1.0,1.0,0.9556,1.2206,0.024839,10,24039
5,D,RomeCombined,10%,0.9,1.1,10.0,10,What are signs of liver disease?,1.0,1.0,1.0,2.0253,0.001723,10,24755
5,D,RomeCombined,10%,0.9,1.1,10.0,10,How is epilepsy treated?,1.0,1.0,1.0,1.3592,0.017311,10,25450
5,D,RomeCombined,10%,0.9,1.1,10.0,10,What causes osteoporosis?,1.0,1.0,0.9556,1.8344,0.013875,10,25305
5,D,RomeCombined,10%,0.9,1.1,10.0,10,Describe symptoms of anxiety disorder,1.0,1.0,1.0,1.4708,0.013679,10,25589
5,D,RomeCombined,10%,0.9,1.1,10.0,10,What medications are used for HIV/AIDS?,1.0,1.0,1.0,1.4979,0.009537,10,25307
5,D,RomeCombined,10%,0.9,1.1,10.0,10,How is pneumonia diagnosed?,1.0,1.0,0.9556,1.7481,0.007193,10,25131
5,D,RomeCombined,10%,0.9,1.1,10.0,10,What causes inflammatory bowel disease?,1.0,1.0,1.0,2.164,0.001518,10,25575
5,D,RomeCombined,10%,0.9,1.1,10.0,10,Describe treatment for chronic kidney disease,1.0,1.0,1.0,1.3592,0.016439,10,26004
5,D,RomeCombined,10%,0.9,1.1,10.0,10,What are symptoms of schizophrenia?,1.0,1.0,1.0,1.5048,0.010789,10,24510
5,D,RomeCombined,10%,0.9,1.1,10.0,10,How is bipolar disorder managed?,1.0,1.0,0.8667,1.2799,0.015752,10,26117
5,D,RomeCombined,10%,0.9,1.1,10.0,10,What causes psoriasis?,1.0,1.0,1.0,1.6094,0.015781,10,23562
5,D,RomeCombined,10%,0.9,1.1,10.0,10,Describe sepsis treatment,1.0,1.0,1.0,1.6434,0.017226,10,23132
5,D,RomeCombined,10%,0.9,1.1,10.0,10,What are risk factors for cancer?,1.0,1.0,0.9111,1.973,0.000514,10,22810
5,D,RomeCombined,10%,0.9,1.1,10.0,10,How is ALS diagnosed?,1.0,1.0,1.0,1.6094,0.01118,10,23066
5,D,RomeCombined,20%,0.8,1.2,20.0,10,What are the symptoms of type 2 diabetes?,1.0,1.0,0.9556,2.0253,0.007241,10,25617
5,D,RomeCombined,20%,0.8,1.2,20.0,10,How is hypertension treated?,1.0,1.0,1.0,1.6094,0.006422,10,24801
5,D,RomeCombined,20%,0.8,1.2,20.0,10,What causes heart failure?,1.0,1.0,1.0,2.0253,0.00654,10,27716
5,D,RomeCombined,20%,0.8,1.2,20.0,10,Describe the symptoms of lupus,1.0,1.0,1.0,1.8867,0.014058,10,24652
5,D,RomeCombined,20%,0.8,1.2,20.0,10,What medications treat depression?,1.0,1.0,1.0,2.0253,0.007728,10,27808
5,D,RomeCombined,20%,0.8,1.2,20.0,10,How does Alzheimer's disease progress?,1.0,1.0,1.0,1.973,0.014674,10,26089
5,D,RomeCombined,20%,0.8,1.2,20.0,10,What are risk factors for stroke?,1.0,1.0,0.9556,1.3592,0.007723,10,23687
5,D,RomeCombined,20%,0.8,1.2,20.0,10,How is asthma managed long-term?,1.0,0.9999,0.9556,2.0253,0.006358,10,25517
5,D,RomeCombined,20%,0.8,1.2,20.0,10,What are signs of kidney disease?,1.0,1.0,1.0,1.8867,0.006245,10,23720
5,D,RomeCombined,20%,0.8,1.2,20.0,10,Describe rheumatoid arthritis treatment,1.0,1.0,0.9556,1.8344,0.008457,10,25605
5,D,RomeCombined,20%,0.8,1.2,20.0,10,What causes Parkinson's disease?,1.0,1.0,1.0,1.973,0.014419,10,24774
5,D,RomeCombined,20%,0.8,1.2,20.0,10,How is multiple sclerosis diagnosed?,1.0,1.0,1.0,1.8344,0.013686,10,27616
5,D,RomeCombined,20%,0.8,1.2,20.0,10,What are symptoms of anemia?,1.0,1.0,0.9111,1.6957,0.017291,10,24787
5,D,RomeCombined,20%,0.8,1.2,20.0,10,How is hypothyroidism treated?,1.0,1.0,0.9111,1.8344,0.014029,10,25920
5,D,RomeCombined,20%,0.8,1.2,20.0,10,What causes chronic pain?,1.0,1.0,0.9111,2.0253,0.000739,10,24665
5,D,RomeCombined,20%,0.8,1.2,20.0,10,Describe COPD management,0.9,0.9606,1.0,1.2206,0.023887,10,25154
5,D,RomeCombined,20%,0.8,1.2,20.0,10,What are signs of liver disease?,1.0,1.0,1.0,1.973,0.001595,10,25505
5,D,RomeCombined,20%,0.8,1.2,20.0,10,How is epilepsy treated?,0.9,0.9608,0.9444,1.3592,0.016796,10,25669
5,D,RomeCombined,20%,0.8,1.2,20.0,10,What causes osteoporosis?,1.0,1.0,1.0,1.8867,0.014298,10,25150
5,D,RomeCombined,20%,0.8,1.2,20.0,10,Describe symptoms of anxiety disorder,1.0,1.0,0.9556,1.5048,0.013675,10,25513
5,D,RomeCombined,20%,0.8,1.2,20.0,10,What medications are used for HIV/AIDS?,1.0,1.0,0.9556,1.4979,0.009072,10,25218
5,D,RomeCombined,20%,0.8,1.2,20.0,10,How is pneumonia diagnosed?,1.0,1.0,0.9556,1.8344,0.007032,10,24785
5,D,RomeCombined,20%,0.8,1.2,20.0,10,What causes inflammatory bowel disease?,1.0,1.0,0.9556,2.164,0.001688,10,24392
5,D,RomeCombined,20%,0.8,1.2,20.0,10,Describe treatment for chronic kidney disease,1.0,1.0,1.0,1.4708,0.015702,10,24624
5,D,RomeCombined,20%,0.8,1.2,20.0,10,What are symptoms of schizophrenia?,1.0,1.0,0.9556,1.4708,0.01013,10,25624
5,D,RomeCombined,20%,0.8,1.2,20.0,10,How is bipolar disorder managed?,1.0,1.0,0.9556,1.4708,0.015373,10,25088
5,D,RomeCombined,20%,0.8,1.2,20.0,10,What causes psoriasis?,1.0,1.0,0.9556,1.6094,0.014972,10,25445
5,D,RomeCombined,20%,0.8,1.2,20.0,10,Describe sepsis treatment,1.0,1.0,1.0,1.6434,0.016876,10,24848
5,D,RomeCombined,20%,0.8,1.2,20.0,10,What are risk factors for cancer?,1.0,1.0,0.9111,2.164,0.00051,10,25698
5,D,RomeCombined,20%,0.8,1.2,20.0,10,How is ALS diagnosed?,1.0,1.0,1.0,1.6094,0.010739,10,25925
5,D,RomeCombined,30%,0.7,1.3,30.0,10,What are the symptoms of type 2 diabetes?,1.0,1.0,0.9556,1.8867,0.006432,10,28401
5,D,RomeCombined,30%,0.7,1.3,30.0,10,How is hypertension treated?,1.0,1.0,0.9556,1.8344,0.005928,10,27491
5,D,RomeCombined,30%,0.7,1.3,30.0,10,What causes heart failure?,1.0,1.0,1.0,2.0253,0.006041,10,25409
5,D,RomeCombined,30%,0.7,1.3,30.0,10,Describe the symptoms of lupus,0.9,0.9541,1.0,1.8344,0.012952,10,25191
5,D,RomeCombined,30%,0.7,1.3,30.0,10,What medications treat depression?,1.0,1.0,1.0,1.8867,0.007004,9,24956
5,D,RomeCombined,30%,0.7,1.3,30.0,10,How does Alzheimer's disease progress?,1.0,1.0,1.0,1.8344,0.013345,10,26307
5,D,RomeCombined,30%,0.7,1.3,30.0,10,What are risk factors for stroke?,1.0,1.0,0.9556,1.2275,0.006995,10,25250
5,D,RomeCombined,30%,0.7,1.3,30.0,10,How is asthma managed long-term?,1.0,1.0,1.0,2.0253,0.006061,10,25884
5,D,RomeCombined,30%,0.7,1.3,30.0,10,What are signs of kidney disease?,1.0,1.0,1.0,1.8867,0.005992,10,24130
5,D,RomeCombined,30%,0.7,1.3,30.0,10,Describe rheumatoid arthritis treatment,1.0,1.0,1.0,1.8867,0.008461,10,25449
5,D,RomeCombined,30%,0.7,1.3,30.0,10,What causes Parkinson's disease?,1.0,1.0,1.0,2.0253,0.013086,10,24593
5,D,RomeCombined,30%,0.7,1.3,30.0,10,How is multiple sclerosis diagnosed?,0.9,0.9565,1.0,1.8344,0.013155,10,27864
5,D,RomeCombined,30%,0.7,1.3,30.0,10,What are symptoms of anemia?,1.0,1.0,1.0,1.8867,0.01571,10,25700
5,D,RomeCombined,30%,0.7,1.3,30.0,10,How is hypothyroidism treated?,1.0,1.0,0.9556,1.6957,0.013077,10,29853
5,D,RomeCombined,30%,0.7,1.3,30.0,10,What causes chronic pain?,1.0,1.0,0.9556,2.164,0.000822,10,32316
5,D,RomeCombined,30%,0.7,1.3,30.0,10,Describe COPD management,1.0,1.0,1.0,1.2206,0.021944,10,23293
5,D,RomeCombined,30%,0.7,1.3,30.0,10,What are signs of liver disease?,1.0,0.9994,0.9111,1.8344,0.001494,10,16982
5,D,RomeCombined,30%,0.7,1.3,30.0,10,How is epilepsy treated?,0.9,0.9613,0.9444,1.3592,0.015019,10,13509
5,D,RomeCombined,30%,0.7,1.3,30.0,10,What causes osteoporosis?,1.0,1.0,1.0,1.8344,0.012451,10,13462
5,D,RomeCombined,30%,0.7,1.3,30.0,10,Describe symptoms of anxiety disorder,1.0,1.0,0.9111,1.5048,0.012028,10,12696
5,D,RomeCombined,30%,0.7,1.3,30.0,10,What medications are used for HIV/AIDS?,1.0,1.0,1.0,1.7481,0.00837,10,13883
5,D,RomeCombined,30%,0.7,1.3,30.0,10,How is pneumonia diagnosed?,1.0,1.0,1.0,1.6094,0.006546,10,13000
5,D,RomeCombined,30%,0.7,1.3,30.0,10,What causes inflammatory bowel disease?,0.9,0.9465,0.9444,2.164,0.00135,10,12360
5,D,RomeCombined,30%,0.7,1.3,30.0,10,Describe treatment for chronic kidney disease,1.0,1.0,1.0,1.3592,0.014778,10,13233
5,D,RomeCombined,30%,0.7,1.3,30.0,10,What are symptoms of schizophrenia?,0.9,0.9468,0.8889,1.3592,0.009333,10,12744
5,D,RomeCombined,30%,0.7,1.3,30.0,10,How is bipolar disorder managed?,1.0,0.9993,0.8667,1.2799,0.013992,10,13228
5,D,RomeCombined,30%,0.7,1.3,30.0,10,What causes psoriasis?,1.0,1.0,0.9556,1.4185,0.013459,10,13971
5,D,RomeCombined,30%,0.7,1.3,30.0,10,Describe sepsis treatment,1.0,1.0,0.9556,1.6434,0.014559,10,12675
5,D,RomeCombined,30%,0.7,1.3,30.0,10,What are risk factors for cancer?,1.0,0.9997,0.7333,1.8344,0.000432,9,12191
5,D,RomeCombined,30%,0.7,1.3,30.0,10,How is ALS diagnosed?,1.0,1.0,0.9111,1.6094,0.01024,10,12509
5,D,RomeCombined,50%,0.5,1.5,50.0,10,What are the symptoms of type 2 diabetes?,1.0,0.9998,0.9111,1.8867,0.005643,10,25634
5,D,RomeCombined,50%,0.5,1.5,50.0,10,How is hypertension treated?,1.0,0.9999,0.9556,1.6094,0.004343,10,24601
5,D,RomeCombined,50%,0.5,1.5,50.0,10,What causes heart failure?,1.0,0.9999,0.9556,2.0253,0.004718,10,27960
5,D,RomeCombined,50%,0.5,1.5,50.0,10,Describe the symptoms of lupus,0.9,0.954,0.9444,1.8867,0.010605,10,23946
5,D,RomeCombined,50%,0.5,1.5,50.0,10,What medications treat depression?,1.0,0.9998,0.9556,2.0253,0.005884,10,23789
5,D,RomeCombined,50%,0.5,1.5,50.0,10,How does Alzheimer's disease progress?,1.0,1.0,1.0,1.8344,0.01248,10,24255
5,D,RomeCombined,50%,0.5,1.5,50.0,10,What are risk factors for stroke?,0.9,0.9376,0.8889,0.9404,0.005208,10,23978
5,D,RomeCombined,50%,0.5,1.5,50.0,10,How is asthma managed long-term?,0.9,0.9557,1.0,1.8867,0.005096,10,23993
5,D,RomeCombined,50%,0.5,1.5,50.0,10,What are signs of kidney disease?,1.0,0.9999,0.9111,1.6957,0.004283,10,22845
5,D,RomeCombined,50%,0.5,1.5,50.0,10,Describe rheumatoid arthritis treatment,1.0,0.9997,0.8667,1.973,0.006045,10,23342
5,D,RomeCombined,50%,0.5,1.5,50.0,10,What causes Parkinson's disease?,1.0,1.0,1.0,2.0253,0.011378,10,22966
5,D,RomeCombined,50%,0.5,1.5,50.0,10,How is multiple sclerosis diagnosed?,1.0,1.0,0.9556,1.8344,0.010978,10,22815
5,D,RomeCombined,50%,0.5,1.5,50.0,10,What are symptoms of anemia?,1.0,0.9999,0.9556,1.6957,0.01264,10,24803
5,D,RomeCombined,50%,0.5,1.5,50.0,10,How is hypothyroidism treated?,1.0,0.9999,0.9556,1.8344,0.009593,10,24079
5,D,RomeCombined,50%,0.5,1.5,50.0,10,What causes chronic pain?,0.9,0.9411,0.6667,1.8867,0.000499,10,24601
5,D,RomeCombined,50%,0.5,1.5,50.0,10,Describe COPD management,1.0,1.0,1.0,1.4979,0.01755,10,23620
5,D,RomeCombined,50%,0.5,1.5,50.0,10,What are signs of liver disease?,0.9,0.9449,0.5556,1.7481,0.001259,10,24178
5,D,RomeCombined,50%,0.5,1.5,50.0,10,How is epilepsy treated?,0.9,0.9605,0.8333,1.3592,0.011948,10,24232
5,D,RomeCombined,50%,0.5,1.5,50.0,10,What causes osteoporosis?,1.0,1.0,1.0,1.6957,0.010063,10,26180
5,D,RomeCombined,50%,0.5,1.5,50.0,10,Describe symptoms of anxiety disorder,1.0,1.0,1.0,1.7481,0.008837,10,23540
5,D,RomeCombined,50%,0.5,1.5,50.0,10,What medications are used for HIV/AIDS?,1.0,1.0,0.9556,1.4979,0.006303,10,23741
5,D,RomeCombined,50%,0.5,1.5,50.0,10,How is pneumonia diagnosed?,1.0,0.9998,0.8222,1.8344,0.005283,10,22811
5,D,RomeCombined,50%,0.5,1.5,50.0,10,What causes inflammatory bowel disease?,0.9,0.9441,0.9444,1.8344,0.000972,10,23800
5,D,RomeCombined,50%,0.5,1.5,50.0,10,Describe treatment for chronic kidney disease,1.0,0.9999,0.8222,1.3592,0.011542,10,24155
5,D,RomeCombined,50%,0.5,1.5,50.0,10,What are symptoms of schizophrenia?,0.9,0.949,0.8889,1.4185,0.00838,10,23261
5,D,RomeCombined,50%,0.5,1.5,50.0,10,How is bipolar disorder managed?,1.0,0.9993,0.8667,1.4708,0.011618,10,24061
5,D,RomeCombined,50%,0.5,1.5,50.0,10,What causes psoriasis?,1.0,1.0,1.0,1.6434,0.010745,10,23430
5,D,RomeCombined,50%,0.5,1.5,50.0,10,Describe sepsis treatment,1.0,0.9999,0.9111,1.6434,0.011527,10,23396
5,D,RomeCombined,50%,0.5,1.5,50.0,10,What are risk factors for cancer?,1.0,0.9994,0.7778,2.0253,0.000351,10,22780
5,D,RomeCombined,50%,0.5,1.5,50.0,10,How is ALS diagnosed?,1.0,0.9998,0.9111,1.4979,0.007676,10,23696
5,D,RomeCombined,70%,0.3,1.7,70.0,10,What are the symptoms of type 2 diabetes?,0.9,0.9512,0.9444,1.8867,0.003579,10,25837
5,D,RomeCombined,70%,0.3,1.7,70.0,10,How is hypertension treated?,0.9,0.9507,0.9444,1.7481,0.002961,10,25032
5,D,RomeCombined,70%,0.3,1.7,70.0,10,What causes heart failure?,0.8,0.898,1.0,2.164,0.002955,10,24477
5,D,RomeCombined,70%,0.3,1.7,70.0,10,Describe the symptoms of lupus,0.9,0.9541,1.0,1.8867,0.006637,10,25660
5,D,RomeCombined,70%,0.3,1.7,70.0,10,What medications treat depression?,1.0,1.0,1.0,1.8867,0.003585,10,24553
5,D,RomeCombined,70%,0.3,1.7,70.0,10,How does Alzheimer's disease progress?,1.0,1.0,0.9556,1.973,0.006381,10,26078
5,D,RomeCombined,70%,0.3,1.7,70.0,10,What are risk factors for stroke?,0.8,0.8892,0.8571,1.6957,0.002873,10,24924
5,D,RomeCombined,70%,0.3,1.7,70.0,10,How is asthma managed long-term?,1.0,0.9999,0.9556,1.8867,0.002886,10,24849
5,D,RomeCombined,70%,0.3,1.7,70.0,10,What are signs of kidney disease?,1.0,0.9999,0.9111,1.8344,0.002829,10,25617
5,D,RomeCombined,70%,0.3,1.7,70.0,10,Describe rheumatoid arthritis treatment,1.0,1.0,1.0,1.8344,0.004276,10,25003
5,D,RomeCombined,70%,0.3,1.7,70.0,10,What causes Parkinson's disease?,1.0,1.0,1.0,2.164,0.006728,10,24287
5,D,RomeCombined,70%,0.3,1.7,70.0,10,How is multiple sclerosis diagnosed?,0.9,0.9565,0.9444,1.973,0.00629,10,24830
5,D,RomeCombined,70%,0.3,1.7,70.0,10,What are symptoms of anemia?,0.9,0.9536,0.8333,1.6957,0.00867,10,25283
5,D,RomeCombined,70%,0.3,1.7,70.0,10,How is hypothyroidism treated?,1.0,1.0,0.9556,1.8344,0.006649,10,26218
5,D,RomeCombined,70%,0.3,1.7,70.0,10,What causes chronic pain?,0.9,0.9421,0.7222,1.973,0.000288,10,24937
5,D,RomeCombined,70%,0.3,1.7,70.0,10,Describe COPD management,1.0,0.9998,0.8667,1.2275,0.01081,10,24721
5,D,RomeCombined,70%,0.3,1.7,70.0,10,What are signs of liver disease?,1.0,0.9991,0.8222,1.8867,0.00095,9,25332
5,D,RomeCombined,70%,0.3,1.7,70.0,10,How is epilepsy treated?,0.8,0.9111,0.9286,1.3592,0.007047,10,24787
5,D,RomeCombined,70%,0.3,1.7,70.0,10,What causes osteoporosis?,1.0,1.0,0.9556,1.6094,0.006763,10,25564
5,D,RomeCombined,70%,0.3,1.7,70.0,10,Describe symptoms of anxiety disorder,0.9,0.9484,0.7778,1.8344,0.006062,10,27256
5,D,RomeCombined,70%,0.3,1.7,70.0,10,What medications are used for HIV/AIDS?,1.0,1.0,1.0,1.7481,0.004663,10,25379
5,D,RomeCombined,70%,0.3,1.7,70.0,10,How is pneumonia diagnosed?,0.8,0.892,0.8571,1.6094,0.003086,10,27126
5,D,RomeCombined,70%,0.3,1.7,70.0,10,What causes inflammatory bowel disease?,0.9,0.9445,0.8889,1.8344,0.000493,10,26491
5,D,RomeCombined,70%,0.3,1.7,70.0,10,Describe treatment for chronic kidney disease,1.0,0.9999,0.8667,1.4708,0.007646,10,25918
5,D,RomeCombined,70%,0.3,1.7,70.0,10,What are symptoms of schizophrenia?,0.8,0.8957,0.5714,1.6957,0.004345,10,24994
5,D,RomeCombined,70%,0.3,1.7,70.0,10,How is bipolar disorder managed?,1.0,0.9999,0.8222,1.2799,0.0074,10,24474
5,D,RomeCombined,70%,0.3,1.7,70.0,10,What causes psoriasis?,1.0,0.9997,0.9111,1.8344,0.006947,10,24459
5,D,RomeCombined,70%,0.3,1.7,70.0,10,Describe sepsis treatment,1.0,1.0,0.9111,1.8344,0.007735,10,22632
5,D,RomeCombined,70%,0.3,1.7,70.0,10,What are risk factors for cancer?,0.9,0.9292,0.5556,1.8344,0.000231,10,24334
5,D,RomeCombined,70%,0.3,1.7,70.0,10,How is ALS diagnosed?,1.0,1.0,0.9556,1.6094,0.005115,10,23395
5,D,CkksCombined,1%,0.99,1.01,1.0,10,What are the symptoms of type 2 diabetes?,1.0,1.0,1.0,2.164,0.007897,10,6160893
5,D,CkksCombined,1%,0.99,1.01,1.0,10,How is hypertension treated?,1.0,1.0,1.0,1.6094,0.007062,10,6096410
5,D,CkksCombined,1%,0.99,1.01,1.0,10,What causes heart failure?,1.0,1.0,1.0,2.0253,0.006818,10,6132311
5,D,CkksCombined,1%,0.99,1.01,1.0,10,Describe the symptoms of lupus,1.0,1.0,1.0,2.0253,0.014637,10,6189256
5,D,CkksCombined,1%,0.99,1.01,1.0,10,What medications treat depression?,1.0,1.0,1.0,2.164,0.008109,10,6178748
5,D,CkksCombined,1%,0.99,1.01,1.0,10,How does Alzheimer's disease progress?,1.0,1.0,1.0,1.973,0.015919,10,6115019
5,D,CkksCombined,1%,0.99,1.01,1.0,10,What are risk factors for stroke?,1.0,1.0,1.0,1.3592,0.007776,10,6168054
5,D,CkksCombined,1%,0.99,1.01,1.0,10,How is asthma managed long-term?,1.0,1.0,1.0,2.0253,0.006706,10,6173318
5,D,CkksCombined,1%,0.99,1.01,1.0,10,What are signs of kidney disease?,1.0,1.0,1.0,1.8344,0.006674,10,6136515
5,D,CkksCombined,1%,0.99,1.01,1.0,10,Describe rheumatoid arthritis treatment,1.0,1.0,1.0,1.8344,0.009186,10,6137761
5,D,CkksCombined,1%,0.99,1.01,1.0,10,What causes Parkinson's disease?,1.0,1.0,1.0,1.973,0.015164,10,6127470
5,D,CkksCombined,1%,0.99,1.01,1.0,10,How is multiple sclerosis diagnosed?,1.0,1.0,1.0,1.8344,0.014332,10,6168470
5,D,CkksCombined,1%,0.99,1.01,1.0,10,What are symptoms of anemia?,1.0,1.0,1.0,1.6957,0.01815,10,6116049
5,D,CkksCombined,1%,0.99,1.01,1.0,10,How is hypothyroidism treated?,1.0,1.0,1.0,1.5048,0.014455,10,6095571
5,D,CkksCombined,1%,0.99,1.01,1.0,10,What causes chronic pain?,1.0,1.0,1.0,2.164,0.000764,10,6170114
5,D,CkksCombined,1%,0.99,1.01,1.0,10,Describe COPD management,1.0,1.0,1.0,1.2206,0.024967,10,6184938
5,D,CkksCombined,1%,0.99,1.01,1.0,10,What are signs of liver disease?,1.0,1.0,1.0,2.0253,0.001753,10,6145699
5,D,CkksCombined,1%,0.99,1.01,1.0,10,How is epilepsy treated?,1.0,1.0,1.0,1.3592,0.017443,10,6114616
5,D,CkksCombined,1%,0.99,1.01,1.0,10,What causes osteoporosis?,1.0,1.0,1.0,1.8344,0.014135,10,6141621
5,D,CkksCombined,1%,0.99,1.01,1.0,10,Describe symptoms of anxiety disorder,1.0,1.0,1.0,1.6094,0.013885,10,6129916
5,D,CkksCombined,1%,0.99,1.01,1.0,10,What medications are used for HIV/AIDS?,1.0,1.0,1.0,1.4979,0.00962,10,6110448
5,D,CkksCombined,1%,0.99,1.01,1.0,10,How is pneumonia diagnosed?,1.0,1.0,1.0,1.8344,0.007186,10,6174224
5,D,CkksCombined,1%,0.99,1.01,1.0,10,What causes inflammatory bowel disease?,1.0,1.0,1.0,2.164,0.001516,10,6123482
5,D,CkksCombined,1%,0.99,1.01,1.0,10,Describe treatment for chronic kidney disease,1.0,1.0,1.0,1.3592,0.016624,10,6127161
5,D,CkksCombined,1%,0.99,1.01,1.0,10,What are symptoms of schizophrenia?,1.0,1.0,1.0,1.3592,0.010795,10,6178111
5,D,CkksCombined,1%,0.99,1.01,1.0,10,How is bipolar disorder managed?,1.0,1.0,1.0,1.4708,0.016129,8,6198698
5,D,CkksCombined,1%,0.99,1.01,1.0,10,What causes psoriasis?,1.0,1.0,1.0,1.6094,0.016074,10,6170646
5,D,CkksCombined,1%,0.99,1.01,1.0,10,Describe sepsis treatment,1.0,1.0,1.0,1.6434,0.017432,10,6087943
5,D,CkksCombined,1%,0.99,1.01,1.0,10,What are risk factors for cancer?,1.0,1.0,1.0,1.973,0.000532,10,6152228
5,D,CkksCombined,1%,0.99,1.01,1.0,10,How is ALS diagnosed?,1.0,1.0,1.0,1.6094,0.01134,10,6127580
5,D,CkksCombined,5%,0.95,1.05,5.0,10,What are the symptoms of type 2 diabetes?,1.0,1.0,1.0,2.0253,0.007814,10,6230437
5,D,CkksCombined,5%,0.95,1.05,5.0,10,How is hypertension treated?,1.0,1.0,1.0,1.6094,0.00715,10,6169307
5,D,CkksCombined,5%,0.95,1.05,5.0,10,What causes heart failure?,1.0,1.0,1.0,2.0253,0.006844,10,6234326
5,D,CkksCombined,5%,0.95,1.05,5.0,10,Describe the symptoms of lupus,1.0,1.0,1.0,1.8867,0.014547,10,6148224
5,D,CkksCombined,5%,0.95,1.05,5.0,10,What medications treat depression?,1.0,1.0,1.0,2.164,0.008046,10,6326364
5,D,CkksCombined,5%,0.95,1.05,5.0,10,How does Alzheimer's disease progress?,1.0,1.0,1.0,1.973,0.015753,10,6117026
5,D,CkksCombined,5%,0.95,1.05,5.0,10,What are risk factors for stroke?,1.0,1.0,1.0,1.3592,0.007696,10,6264417
5,D,CkksCombined,5%,0.95,1.05,5.0,10,How is asthma managed long-term?,1.0,1.0,1.0,2.0253,0.006657,10,6143249
5,D,CkksCombined,5%,0.95,1.05,5.0,10,What are signs of kidney disease?,1.0,1.0,1.0,1.8344,0.006588,10,6252756
5,D,CkksCombined,5%,0.95,1.05,5.0,10,Describe rheumatoid arthritis treatment,1.0,1.0,1.0,1.8344,0.009064,10,6128540
5,D,CkksCombined,5%,0.95,1.05,5.0,10,What causes Parkinson's disease?,1.0,1.0,1.0,1.973,0.015113,10,6260075
5,D,CkksCombined,5%,0.95,1.05,5.0,10,How is multiple sclerosis diagnosed?,1.0,1.0,1.0,1.8344,0.014424,10,6132151
5,D,CkksCombined,5%,0.95,1.05,5.0,10,What are symptoms of anemia?,1.0,1.0,0.9556,1.6957,0.018137,10,6297140
5,D,CkksCombined,5%,0.95,1.05,5.0,10,How is hypothyroidism treated?,1.0,1.0,1.0,1.5048,0.014357,10,6140737
5,D,CkksCombined,5%,0.95,1.05,5.0,10,What causes chronic pain?,1.0,1.0,1.0,2.0253,0.000775,10,6222043
5,D,CkksCombined,5%,0.95,1.05,5.0,10,Describe COPD management,1.0,1.0,1.0,1.2206,0.02492,10,6106299
5,D,CkksCombined,5%,0.95,1.05,5.0,10,What are signs of liver disease?,1.0,1.0,1.0,2.0253,0.001782,10,6263799
5,D,CkksCombined,5%,0.95,1.05,5.0,10,How is epilepsy treated?,1.0,1.0,1.0,1.3592,0.017301,10,6135630
5,D,CkksCombined,5%,0.95,1.05,5.0,10,What causes osteoporosis?,1.0,1.0,0.9556,1.8344,0.013952,10,6329016
5,D,CkksCombined,5%,0.95,1.05,5.0,10,Describe symptoms of anxiety disorder,1.0,1.0,1.0,1.6094,0.013818,10,6144511
5,D,CkksCombined,5%,0.95,1.05,5.0,10,What medications are used for HIV/AIDS?,1.0,1.0,1.0,1.4979,0.009642,10,6223748
5,D,CkksCombined,5%,0.95,1.05,5.0,10,How is pneumonia diagnosed?,1.0,1.0,1.0,1.6957,0.007276,10,6101138
5,D,CkksCombined,5%,0.95,1.05,5.0,10,What causes inflammatory bowel disease?,1.0,1.0,1.0,2.164,0.001525,10,6255106
5,D,CkksCombined,5%,0.95,1.05,5.0,10,Describe treatment for chronic kidney disease,1.0,1.0,1.0,1.3592,0.01656,10,6148125
5,D,CkksCombined,5%,0.95,1.05,5.0,10,What are symptoms of schizophrenia?,1.0,1.0,1.0,1.4185,0.01082,10,6263105
5,D,CkksCombined,5%,0.95,1.05,5.0,10,How is bipolar disorder managed?,1.0,1.0,1.0,1.4708,0.01615,10,6133541
5,D,CkksCombined,5%,0.95,1.05,5.0,10,What causes psoriasis?,1.0,1.0,1.0,1.6094,0.016028,10,6249268
5,D,CkksCombined,5%,0.95,1.05,5.0,10,Describe sepsis treatment,1.0,1.0,1.0,1.6434,0.01753,10,6117213
5,D,CkksCombined,5%,0.95,1.05,5.0,10,What are risk factors for cancer?,1.0,1.0,1.0,1.973,0.000552,10,6246882
5,D,CkksCombined,5%,0.95,1.05,5.0,10,How is ALS diagnosed?,1.0,1.0,1.0,1.6094,0.01128,10,6132212
5,D,CkksCombined,10%,0.9,1.1,10.0,10,What are the symptoms of type 2 diabetes?,0.9,0.9513,0.9444,2.0253,0.007936,10,6231200
5,D,CkksCombined,10%,0.9,1.1,10.0,10,How is hypertension treated?,1.0,1.0,0.9556,1.6094,0.006959,10,6093265
5,D,CkksCombined,10%,0.9,1.1,10.0,10,What causes heart failure?,1.0,1.0,0.9556,2.0253,0.006518,10,6347194
5,D,CkksCombined,10%,0.9,1.1,10.0,10,Describe the symptoms of lupus,1.0,1.0,1.0,1.8867,0.014466,10,6102325
5,D,CkksCombined,10%,0.9,1.1,10.0,10,What medications treat depression?,1.0,1.0,1.0,2.3026,0.007898,10,6292732
5,D,CkksCombined,10%,0.9,1.1,10.0,10,How does Alzheimer's disease progress?,1.0,1.0,0.9556,1.973,0.015906,10,6169013
5,D,CkksCombined,10%,0.9,1.1,10.0,10,What are risk factors for stroke?,1.0,1.0,1.0,1.4185,0.007723,10,6246410
5,D,CkksCombined,10%,0.9,1.1,10.0,10,How is asthma managed long-term?,1.0,1.0,1.0,2.164,0.00651,10,6121952
5,D,CkksCombined,10%,0.9,1.1,10.0,10,What are signs of kidney disease?,1.0,1.0,1.0,1.8867,0.006771,10,6316228
5,D,CkksCombined,10%,0.9,1.1,10.0,10,Describe rheumatoid arthritis treatment,1.0,1.0,1.0,1.8344,0.00878,10,6166807
5,D,CkksCombined,10%,0.9,1.1,10.0,10,What causes Parkinson's disease?,1.0,1.0,0.9556,1.973,0.015213,10,6260082
5,D,CkksCombined,10%,0.9,1.1,10.0,10,How is multiple sclerosis diagnosed?,1.0,1.0,1.0,1.8344,0.013869,10,6107222
5,D,CkksCombined,10%,0.9,1.1,10.0,10,What are symptoms of anemia?,1.0,1.0,1.0,1.6957,0.017985,10,6225064
5,D,CkksCombined,10%,0.9,1.1,10.0,10,How is hypothyroidism treated?,1.0,0.9999,0.9556,1.5048,0.014073,10,6111743
5,D,CkksCombined,10%,0.9,1.1,10.0,10,What causes chronic pain?,1.0,1.0,1.0,1.8867,0.000723,10,6228547
5,D,CkksCombined,10%,0.9,1.1,10.0,10,Describe COPD management,0.9,0.9606,1.0,1.2206,0.024721,10,6130641
5,D,CkksCombined,10%,0.9,1.1,10.0,10,What are signs of liver disease?,1.0,1.0,1.0,2.0253,0.001815,10,6233082
5,D,CkksCombined,10%,0.9,1.1,10.0,10,How is epilepsy treated?,1.0,1.0,0.9111,1.3592,0.017146,10,6136431
5,D,CkksCombined,10%,0.9,1.1,10.0,10,What causes osteoporosis?,1.0,1.0,0.9556,1.6957,0.014202,10,6267545
5,D,CkksCombined,10%,0.9,1.1,10.0,10,Describe symptoms of anxiety disorder,1.0,1.0,1.0,1.4708,0.013244,10,6206802
5,D,CkksCombined,10%,0.9,1.1,10.0,10,What medications are used for HIV/AIDS?,1.0,1.0,1.0,1.4979,0.00962,10,6240394
5,D,CkksCombined,10%,0.9,1.1,10.0,10,How is pneumonia diagnosed?,1.0,1.0,1.0,1.8344,0.007308,10,6107404
5,D,CkksCombined,10%,0.9,1.1,10.0,10,What causes inflammatory bowel disease?,1.0,1.0,0.9556,2.164,0.001469,10,6243652
5,D,CkksCombined,10%,0.9,1.1,10.0,10,Describe treatment for chronic kidney disease,1.0,1.0,1.0,1.3592,0.01652,10,6160917
5,D,CkksCombined,10%,0.9,1.1,10.0,10,What are symptoms of schizophrenia?,0.9,0.9491,1.0,1.4185,0.010809,10,6270267
5,D,CkksCombined,10%,0.9,1.1,10.0,10,How is bipolar disorder managed?,1.0,1.0,0.9111,1.4708,0.016125,9,6176507
5,D,CkksCombined,10%,0.9,1.1,10.0,10,What causes psoriasis?,1.0,1.0,0.9556,1.6094,0.015995,10,6285082
5,D,CkksCombined,10%,0.9,1.1,10.0,10,Describe sepsis treatment,1.0,1.0,1.0,1.6434,0.017487,10,6149571
5,D,CkksCombined,10%,0.9,1.1,10.0,10,What are risk factors for cancer?,1.0,1.0,0.9111,2.0253,0.000569,10,6253590
5,D,CkksCombined,10%,0.9,1.1,10.0,10,How is ALS diagnosed?,1.0,1.0,1.0,1.7481,0.01093,10,6169944
5,D,CkksCombined,20%,0.8,1.2,20.0,10,What are the symptoms of type 2 diabetes?,0.9,0.9512,0.8889,2.0253,0.007356,10,6190942
5,D,CkksCombined,20%,0.8,1.2,20.0,10,How is hypertension treated?,1.0,1.0,0.9556,1.8344,0.007076,10,6124563
5,D,CkksCombined,20%,0.8,1.2,20.0,10,What causes heart failure?,0.9,0.95,0.9444,2.0253,0.00669,10,6119541
5,D,CkksCombined,20%,0.8,1.2,20.0,10,Describe the symptoms of lupus,1.0,1.0,1.0,1.8344,0.013658,10,6184485
5,D,CkksCombined,20%,0.8,1.2,20.0,10,What medications treat depression?,1.0,0.9998,0.9556,2.0253,0.007553,10,6136979
5,D,CkksCombined,20%,0.8,1.2,20.0,10,How does Alzheimer's disease progress?,1.0,1.0,1.0,1.973,0.01506,10,6138712
5,D,CkksCombined,20%,0.8,1.2,20.0,10,What are risk factors for stroke?,0.9,0.9432,1.0,1.3592,0.007542,10,6186228
5,D,CkksCombined,20%,0.8,1.2,20.0,10,How is asthma managed long-term?,1.0,1.0,1.0,1.8344,0.006692,10,6164921
5,D,CkksCombined,20%,0.8,1.2,20.0,10,What are signs of kidney disease?,1.0,0.9999,0.9111,1.8344,0.006252,10,6100076
5,D,CkksCombined,20%,0.8,1.2,20.0,10,Describe rheumatoid arthritis treatment,1.0,1.0,0.9556,1.8344,0.00894,10,6146123
5,D,CkksCombined,20%,0.8,1.2,20.0,10,What causes Parkinson's disease?,1.0,1.0,1.0,1.973,0.014155,10,6132041
5,D,CkksCombined,20%,0.8,1.2,20.0,10,How is multiple sclerosis diagnosed?,1.0,1.0,0.9556,1.8344,0.013179,10,6137173
5,D,CkksCombined,20%,0.8,1.2,20.0,10,What are symptoms of anemia?,1.0,1.0,0.9111,1.8344,0.017096,10,6165871
5,D,CkksCombined,20%,0.8,1.2,20.0,10,How is hypothyroidism treated?,1.0,1.0,0.9556,1.6434,0.013908,10,6106999
5,D,CkksCombined,20%,0.8,1.2,20.0,10,What causes chronic pain?,1.0,1.0,1.0,2.164,0.000802,10,6190559
5,D,CkksCombined,20%,0.8,1.2,20.0,10,Describe COPD management,1.0,1.0,1.0,1.2799,0.024018,10,6123972
5,D,CkksCombined,20%,0.8,1.2,20.0,10,What are signs of liver disease?,0.9,0.9462,0.9444,1.8344,0.001481,10,6177027
5,D,CkksCombined,20%,0.8,1.2,20.0,10,How is epilepsy treated?,1.0,1.0,1.0,1.3592,0.016275,10,6126985
5,D,CkksCombined,20%,0.8,1.2,20.0,10,What causes osteoporosis?,1.0,1.0,0.9556,1.8344,0.013113,10,6154052
5,D,CkksCombined,20%,0.8,1.2,20.0,10,Describe symptoms of anxiety disorder,1.0,1.0,0.9556,1.6094,0.013168,10,6114689
5,D,CkksCombined,20%,0.8,1.2,20.0,10,What medications are used for HIV/AIDS?,1.0,1.0,0.9556,1.7481,0.009175,10,6187966
5,D,CkksCombined,20%,0.8,1.2,20.0,10,How is pneumonia diagnosed?,1.0,1.0,0.9556,1.6957,0.007235,10,6166937
5,D,CkksCombined,20%,0.8,1.2,20.0,10,What causes inflammatory bowel disease?,1.0,0.9999,0.9556,2.0253,0.001351,10,6140963
5,D,CkksCombined,20%,0.8,1.2,20.0,10,Describe treatment for chronic kidney disease,1.0,1.0,0.9111,1.3592,0.015575,9,6103429
5,D,CkksCombined,20%,0.8,1.2,20.0,10,What are symptoms of schizophrenia?,0.9,0.949,1.0,1.4185,0.010566,10,6152678
5,D,CkksCombined,20%,0.8,1.2,20.0,10,How is bipolar disorder managed?,1.0,1.0,0.9556,1.2799,0.015294,10,6163602
5,D,CkksCombined,20%,0.8,1.2,20.0,10,What causes psoriasis?,1.0,1.0,1.0,1.6094,0.015471,10,6092581
5,D,CkksCombined,20%,0.8,1.2,20.0,10,Describe sepsis treatment,1.0,1.0,1.0,1.6434,0.017023,10,6201016
5,D,CkksCombined,20%,0.8,1.2,20.0,10,What are risk factors for cancer?,1.0,1.0,0.9111,1.8344,0.000466,10,6148291
5,D,CkksCombined,20%,0.8,1.2,20.0,10,How is ALS diagnosed?,1.0,1.0,1.0,1.7481,0.010944,10,6144358
5,D,CkksCombined,30%,0.7,1.3,30.0,10,What are the symptoms of type 2 diabetes?,0.9,0.9513,1.0,1.973,0.006952,10,6114890
5,D,CkksCombined,30%,0.7,1.3,30.0,10,How is hypertension treated?,1.0,1.0,0.9556,1.6094,0.006768,10,6109572
5,D,CkksCombined,30%,0.7,1.3,30.0,10,What causes heart failure?,1.0,0.9999,0.9556,2.0253,0.005335,10,6118334
5,D,CkksCombined,30%,0.7,1.3,30.0,10,Describe the symptoms of lupus,1.0,1.0,1.0,2.0253,0.013654,10,6186107
5,D,CkksCombined,30%,0.7,1.3,30.0,10,What medications treat depression?,1.0,0.9999,0.9556,1.8867,0.006942,10,6147398
5,D,CkksCombined,30%,0.7,1.3,30.0,10,How does Alzheimer's disease progress?,1.0,1.0,0.9111,1.973,0.012997,10,6139741
5,D,CkksCombined,30%,0.7,1.3,30.0,10,What are risk factors for stroke?,1.0,0.9999,0.9111,1.2275,0.007223,10,6081789
5,D,CkksCombined,30%,0.7,1.3,30.0,10,How is asthma managed long-term?,0.9,0.9556,0.9444,2.164,0.006059,10,6143879
5,D,CkksCombined,30%,0.7,1.3,30.0,10,What are signs of kidney disease?,1.0,1.0,0.9556,1.6094,0.006576,10,6162808
5,D,CkksCombined,30%,0.7,1.3,30.0,10,Describe rheumatoid arthritis treatment,1.0,1.0,1.0,1.973,0.007692,10,6187943
5,D,CkksCombined,30%,0.7,1.3,30.0,10,What causes Parkinson's disease?,1.0,1.0,0.9556,1.8344,0.013576,10,6110005
5,D,CkksCombined,30%,0.7,1.3,30.0,10,How is multiple sclerosis diagnosed?,1.0,1.0,1.0,1.8344,0.012055,10,6116214
5,D,CkksCombined,30%,0.7,1.3,30.0,10,What are symptoms of anemia?,1.0,1.0,1.0,1.5571,0.017364,10,6200636
5,D,CkksCombined,30%,0.7,1.3,30.0,10,How is hypothyroidism treated?,1.0,1.0,1.0,1.6434,0.01336,10,6147668
5,D,CkksCombined,30%,0.7,1.3,30.0,10,What causes chronic pain?,1.0,0.9999,0.9111,1.973,0.000807,10,6153700
5,D,CkksCombined,30%,0.7,1.3,30.0,10,Describe COPD management,0.9,0.959,1.0,1.3592,0.021331,10,6118448
5,D,CkksCombined,30%,0.7,1.3,30.0,10,What are signs of liver disease?,1.0,1.0,1.0,1.8344,0.001699,10,6161088
5,D,CkksCombined,30%,0.7,1.3,30.0,10,How is epilepsy treated?,1.0,1.0,1.0,1.3592,0.01524,9,6129641
5,D,CkksCombined,30%,0.7,1.3,30.0,10,What causes osteoporosis?,1.0,1.0,0.9556,1.8867,0.012868,10,6140071
5,D,CkksCombined,30%,0.7,1.3,30.0,10,Describe symptoms of anxiety disorder,1.0,0.9999,0.9111,1.4708,0.012959,10,6133444
5,D,CkksCombined,30%,0.7,1.3,30.0,10,What medications are used for HIV/AIDS?,1.0,1.0,1.0,1.7481,0.008759,10,6149234
5,D,CkksCombined,30%,0.7,1.3,30.0,10,How is pneumonia diagnosed?,0.9,0.947,0.8889,1.6094,0.006872,10,6128550
5,D,CkksCombined,30%,0.7,1.3,30.0,10,What causes inflammatory bowel disease?,1.0,1.0,1.0,2.0253,0.001289,10,6110649
5,D,CkksCombined,30%,0.7,1.3,30.0,10,Describe treatment for chronic kidney disease,1.0,0.9999,0.9111,1.3592,0.015155,10,6190178
5,D,CkksCombined,30%,0.7,1.3,30.0,10,What are symptoms of schizophrenia?,0.9,0.9489,0.8889,1.4708,0.009352,10,6107208
5,D,CkksCombined,30%,0.7,1.3,30.0,10,How is bipolar disorder managed?,1.0,1.0,0.9111,1.2799,0.013925,10,6150171
5,D,CkksCombined,30%,0.7,1.3,30.0,10,What causes psoriasis?,1.0,1.0,0.9111,1.6094,0.013712,10,6134133
5,D,CkksCombined,30%,0.7,1.3,30.0,10,Describe sepsis treatment,1.0,1.0,1.0,1.6434,0.015745,10,6117101
5,D,CkksCombined,30%,0.7,1.3,30.0,10,What are risk factors for cancer?,1.0,1.0,0.8667,1.6434,0.000536,10,6109133
5,D,CkksCombined,30%,0.7,1.3,30.0,10,How is ALS diagnosed?,1.0,1.0,0.9556,1.6434,0.010384,10,6224925
5,D,CkksCombined,50%,0.5,1.5,50.0,10,What are the symptoms of type 2 diabetes?,0.9,0.9513,0.9444,1.8867,0.005477,10,6259229
5,D,CkksCombined,50%,0.5,1.5,50.0,10,How is hypertension treated?,1.0,0.9999,0.9111,1.6094,0.00447,9,6131787
5,D,CkksCombined,50%,0.5,1.5,50.0,10,What causes heart failure?,0.9,0.9477,0.9444,2.0253,0.00445,10,6284165
5,D,CkksCombined,50%,0.5,1.5,50.0,10,Describe the symptoms of lupus,1.0,1.0,0.9556,2.0253,0.009301,10,6110540
5,D,CkksCombined,50%,0.5,1.5,50.0,10,What medications treat depression?,1.0,1.0,1.0,2.0253,0.005556,10,6196446
5,D,CkksCombined,50%,0.5,1.5,50.0,10,How does Alzheimer's disease progress?,1.0,1.0,0.9111,1.973,0.011376,10,6110139
5,D,CkksCombined,50%,0.5,1.5,50.0,10,What are risk factors for stroke?,0.9,0.945,0.7778,1.2275,0.00541,9,6285445
5,D,CkksCombined,50%,0.5,1.5,50.0,10,How is asthma managed long-term?,1.0,0.9999,0.9556,1.8867,0.004548,10,6147232
5,D,CkksCombined,50%,0.5,1.5,50.0,10,What are signs of kidney disease?,1.0,0.9997,0.7778,1.6957,0.005366,10,6231158
5,D,CkksCombined,50%,0.5,1.5,50.0,10,Describe rheumatoid arthritis treatment,1.0,0.9996,0.9111,1.6957,0.00608,10,6135850
5,D,CkksCombined,50%,0.5,1.5,50.0,10,What causes Parkinson's disease?,1.0,1.0,0.9556,2.164,0.010902,10,6240240
5,D,CkksCombined,50%,0.5,1.5,50.0,10,How is multiple sclerosis diagnosed?,1.0,0.9999,0.9111,1.7481,0.010077,10,6109369
5,D,CkksCombined,50%,0.5,1.5,50.0,10,What are symptoms of anemia?,1.0,0.9991,0.8667,1.6957,0.012844,10,6252209
5,D,CkksCombined,50%,0.5,1.5,50.0,10,How is hypothyroidism treated?,1.0,1.0,0.8667,1.6957,0.010059,10,6191009
5,D,CkksCombined,50%,0.5,1.5,50.0,10,What causes chronic pain?,1.0,0.9999,0.9111,1.8344,0.000492,10,6200297
5,D,CkksCombined,50%,0.5,1.5,50.0,10,Describe COPD management,0.9,0.9605,0.8889,1.4979,0.017686,10,6094847
5,D,CkksCombined,50%,0.5,1.5,50.0,10,What are signs of liver disease?,1.0,1.0,0.9556,2.164,0.001359,10,6212373
5,D,CkksCombined,50%,0.5,1.5,50.0,10,How is epilepsy treated?,0.9,0.9589,0.8889,1.6094,0.01265,10,6125342
5,D,CkksCombined,50%,0.5,1.5,50.0,10,What causes osteoporosis?,1.0,0.9998,0.8667,1.6957,0.010522,10,6266163
5,D,CkksCombined,50%,0.5,1.5,50.0,10,Describe symptoms of anxiety disorder,1.0,0.9999,0.9111,1.4708,0.009922,10,6129680
5,D,CkksCombined,50%,0.5,1.5,50.0,10,What medications are used for HIV/AIDS?,1.0,0.9997,0.8222,1.4979,0.006301,10,6232236
5,D,CkksCombined,50%,0.5,1.5,50.0,10,How is pneumonia diagnosed?,0.9,0.9473,0.8889,1.8344,0.005505,10,6098120
5,D,CkksCombined,50%,0.5,1.5,50.0,10,What causes inflammatory bowel disease?,1.0,1.0,0.9556,2.164,0.00114,10,6225847
5,D,CkksCombined,50%,0.5,1.5,50.0,10,Describe treatment for chronic kidney disease,0.9,0.9567,0.8333,1.4708,0.011972,10,6101179
5,D,CkksCombined,50%,0.5,1.5,50.0,10,What are symptoms of schizophrenia?,0.9,0.9488,0.7222,1.6957,0.008386,10,6196926
5,D,CkksCombined,50%,0.5,1.5,50.0,10,How is bipolar disorder managed?,1.0,1.0,0.8667,1.6957,0.010876,10,6188114
5,D,CkksCombined,50%,0.5,1.5,50.0,10,What causes psoriasis?,1.0,1.0,0.9556,1.3592,0.010689,10,6265014
5,D,CkksCombined,50%,0.5,1.5,50.0,10,Describe sepsis treatment,1.0,1.0,0.9556,1.8344,0.013529,10,6282020
5,D,CkksCombined,50%,0.5,1.5,50.0,10,What are risk factors for cancer?,1.0,0.9989,0.7778,1.8867,0.000395,10,6270592
5,D,CkksCombined,50%,0.5,1.5,50.0,10,How is ALS diagnosed?,1.0,1.0,1.0,1.6094,0.007895,10,6155726
5,D,CkksCombined,70%,0.3,1.7,70.0,10,What are the symptoms of type 2 diabetes?,1.0,0.9994,0.8667,2.0253,0.003708,10,6156636
5,D,CkksCombined,70%,0.3,1.7,70.0,10,How is hypertension treated?,0.9,0.9511,0.8889,1.7481,0.002975,10,6136061
5,D,CkksCombined,70%,0.3,1.7,70.0,10,What causes heart failure?,0.9,0.948,1.0,2.0253,0.002622,10,6120279
5,D,CkksCombined,70%,0.3,1.7,70.0,10,Describe the symptoms of lupus,0.9,0.9539,0.8889,2.0253,0.006343,10,6172000
5,D,CkksCombined,70%,0.3,1.7,70.0,10,What medications treat depression?,1.0,1.0,1.0,1.8867,0.002981,10,6180795
5,D,CkksCombined,70%,0.3,1.7,70.0,10,How does Alzheimer's disease progress?,1.0,1.0,0.9111,1.8344,0.007168,10,6209225
5,D,CkksCombined,70%,0.3,1.7,70.0,10,What are risk factors for stroke?,0.8,0.8631,0.7857,1.6094,0.003164,10,6131578
5,D,CkksCombined,70%,0.3,1.7,70.0,10,How is asthma managed long-term?,1.0,1.0,0.9556,2.0253,0.002948,10,6148366
5,D,CkksCombined,70%,0.3,1.7,70.0,10,What are signs of kidney disease?,1.0,0.9999,0.9111,1.8867,0.002125,10,6094663
5,D,CkksCombined,70%,0.3,1.7,70.0,10,Describe rheumatoid arthritis treatment,1.0,0.9998,0.9111,1.8344,0.004308,10,6135521
5,D,CkksCombined,70%,0.3,1.7,70.0,10,What causes Parkinson's disease?,1.0,0.9998,0.9111,1.973,0.00623,10,6178637
5,D,CkksCombined,70%,0.3,1.7,70.0,10,How is multiple sclerosis diagnosed?,0.9,0.9547,1.0,1.8344,0.006315,10,6116122
5,D,CkksCombined,70%,0.3,1.7,70.0,10,What are symptoms of anemia?,1.0,1.0,0.8667,1.8867,0.00745,10,6171768
5,D,CkksCombined,70%,0.3,1.7,70.0,10,How is hypothyroidism treated?,0.9,0.9574,1.0,1.8344,0.005905,10,6138230
5,D,CkksCombined,70%,0.3,1.7,70.0,10,What causes chronic pain?,0.9,0.9379,0.8889,1.8344,0.000385,10,6097604
5,D,CkksCombined,70%,0.3,1.7,70.0,10,Describe COPD management,1.0,0.9998,0.8667,1.2799,0.009841,9,6147056
5,D,CkksCombined,70%,0.3,1.7,70.0,10,What are signs of liver disease?,1.0,0.9993,0.8222,1.8344,0.001107,10,6114000
5,D,CkksCombined,70%,0.3,1.7,70.0,10,How is epilepsy treated?,0.9,0.959,0.8889,1.3592,0.007932,10,6182233
5,D,CkksCombined,70%,0.3,1.7,70.0,10,What causes osteoporosis?,1.0,1.0,1.0,1.8867,0.005239,10,6145439
5,D,CkksCombined,70%,0.3,1.7,70.0,10,Describe symptoms of anxiety disorder,0.9,0.9501,0.8889,1.6957,0.006005,10,6125648
5,D,CkksCombined,70%,0.3,1.7,70.0,10,What medications are used for HIV/AIDS?,1.0,0.9999,0.8667,1.4979,0.00435,10,6127030
5,D,CkksCombined,70%,0.3,1.7,70.0,10,How is pneumonia diagnosed?,0.9,0.947,0.8333,1.4979,0.003214,10,6084943
5,D,CkksCombined,70%,0.3,1.7,70.0,10,What causes inflammatory bowel disease?,0.9,0.9463,0.8333,2.164,0.000769,9,6147729
5,D,CkksCombined,70%,0.3,1.7,70.0,10,Describe treatment for chronic kidney disease,1.0,0.9999,0.8222,1.3592,0.005642,10,6163188
5,D,CkksCombined,70%,0.3,1.7,70.0,10,What are symptoms of schizophrenia?,0.9,0.9483,0.6667,1.6434,0.004877,10,6162020
5,D,CkksCombined,70%,0.3,1.7,70.0,10,How is bipolar disorder managed?,1.0,0.9999,0.8667,1.2799,0.007141,9,6138154
5,D,CkksCombined,70%,0.3,1.7,70.0,10,What causes psoriasis?,1.0,1.0,0.9556,1.4185,0.006363,10,6186196
5,D,CkksCombined,70%,0.3,1.7,70.0,10,Describe sepsis treatment,1.0,0.9999,0.9111,1.8344,0.007108,10,6119053
5,D,CkksCombined,70%,0.3,1.7,70.0,10,What are risk factors for cancer?,1.0,0.9983,0.5111,2.0253,0.000225,10,6136211
5,D,CkksCombined,70%,0.3,1.7,70.0,10,How is ALS diagnosed?,1.0,0.9997,0.8222,1.4979,0.004571,10,6172738
6,D,Noise,1%,0.99,1.01,1.0,10,What are the symptoms of type 2 diabetes?,1.0,1.0,1.0,2.164,0.007891,10,24523
6,D,Noise,1%,0.99,1.01,1.0,10,How is hypertension treated?,1.0,1.0,1.0,1.6094,0.007036,10,24492
6,D,Noise,1%,0.99,1.01,1.0,10,What causes heart failure?,1.0,1.0,1.0,2.0253,0.006835,10,23850
6,D,Noise,1%,0.99,1.01,1.0,10,Describe the symptoms of lupus,1.0,1.0,1.0,2.0253,0.014633,10,25199
6,D,Noise,1%,0.99,1.01,1.0,10,What medications treat depression?,1.0,1.0,1.0,2.164,0.008096,10,24580
6,D,Noise,1%,0.99,1.01,1.0,10,How does Alzheimer's disease progress?,1.0,1.0,1.0,1.973,0.015868,10,24811
6,D,Noise,1%,0.99,1.01,1.0,10,What are risk factors for stroke?,1.0,1.0,1.0,1.4185,0.007754,10,24742
6,D,Noise,1%,0.99,1.01,1.0,10,How is asthma managed long-term?,1.0,1.0,1.0,2.0253,0.006695,10,27817
6,D,Noise,1%,0.99,1.01,1.0,10,What are signs of kidney disease?,1.0,1.0,1.0,1.8344,0.006671,10,24049
6,D,Noise,1%,0.99,1.01,1.0,10,Describe rheumatoid arthritis treatment,1.0,1.0,1.0,1.8344,0.00918,10,24533
6,D,Noise,1%,0.99,1.01,1.0,10,What causes Parkinson's disease?,1.0,1.0,1.0,1.973,0.015156,10,23857
6,D,Noise,1%,0.99,1.01,1.0,10,How is multiple sclerosis diagnosed?,1.0,1.0,1.0,1.8344,0.014303,10,25549
6,D,Noise,1%,0.99,1.01,1.0,10,What are symptoms of anemia?,1.0,1.0,1.0,1.6957,0.018132,10,24466
6,D,Noise,1%,0.99,1.01,1.0,10,How is hypothyroidism treated?,1.0,1.0,1.0,1.5048,0.014399,10,24882
6,D,Noise,1%,0.99,1.01,1.0,10,What causes chronic pain?,1.0,1.0,1.0,2.164,0.000767,10,25050
6,D,Noise,1%,0.99,1.01,1.0,10,Describe COPD management,1.0,1.0,1.0,1.2206,0.024963,10,26177
6,D,Noise,1%,0.99,1.01,1.0,10,What are signs of liver disease?,1.0,1.0,1.0,2.0253,0.001748,10,23681
6,D,Noise,1%,0.99,1.01,1.0,10,How is epilepsy treated?,1.0,1.0,1.0,1.3592,0.017413,10,27401
6,D,Noise,1%,0.99,1.01,1.0,10,What causes osteoporosis?,1.0,1.0,1.0,1.8344,0.014136,10,24802
6,D,Noise,1%,0.99,1.01,1.0,10,Describe symptoms of anxiety disorder,1.0,1.0,1.0,1.6094,0.013889,10,23591
6,D,Noise,1%,0.99,1.01,1.0,10,What medications are used for HIV/AIDS?,1.0,1.0,1.0,1.4979,0.009628,10,27456
6,D,Noise,1%,0.99,1.01,1.0,10,How is pneumonia diagnosed?,1.0,1.0,1.0,1.8344,0.007204,10,24229
6,D,Noise,1%,0.99,1.01,1.0,10,What causes inflammatory bowel disease?,1.0,1.0,0.9556,2.164,0.001523,10,24819
6,D,Noise,1%,0.99,1.01,1.0,10,Describe treatment for chronic kidney disease,1.0,1.0,1.0,1.3592,0.016603,10,24732
6,D,Noise,1%,0.99,1.01,1.0,10,What are symptoms of schizophrenia?,1.0,1.0,1.0,1.4185,0.010835,10,24897
6,D,Noise,1%,0.99,1.01,1.0,10,How is bipolar disorder managed?,1.0,1.0,1.0,1.4708,0.016127,8,24752
6,D,Noise,1%,0.99,1.01,1.0,10,What causes psoriasis?,1.0,1.0,1.0,1.6094,0.016069,10,24395
6,D,Noise,1%,0.99,1.01,1.0,10,Describe sepsis treatment,1.0,1.0,1.0,1.6434,0.01743,10,23442
6,D,Noise,1%,0.99,1.01,1.0,10,What are risk factors for cancer?,1.0,1.0,1.0,2.0253,0.000538,10,23969
6,D,Noise,1%,0.99,1.01,1.0,10,How is ALS diagnosed?,1.0,1.0,1.0,1.6094,0.01134,10,24246
6,D,Noise,5%,0.95,1.05,5.0,10,What are the symptoms of type 2 diabetes?,0.9,0.9513,1.0,2.164,0.008032,10,24615
6,D,Noise,5%,0.95,1.05,5.0,10,How is hypertension treated?,1.0,1.0,1.0,1.6094,0.007098,10,24434
6,D,Noise,5%,0.95,1.05,5.0,10,What causes heart failure?,1.0,1.0,1.0,2.0253,0.006808,10,23675
6,D,Noise,5%,0.95,1.05,5.0,10,Describe the symptoms of lupus,1.0,1.0,1.0,2.0253,0.014552,10,24422
6,D,Noise,5%,0.95,1.05,5.0,10,What medications treat depression?,1.0,1.0,1.0,2.3026,0.008083,10,23484
6,D,Noise,5%,0.95,1.05,5.0,10,How does Alzheimer's disease progress?,1.0,1.0,0.9556,1.973,0.015776,10,25361
6,D,Noise,5%,0.95,1.05,5.0,10,What are risk factors for stroke?,1.0,1.0,1.0,1.3592,0.007819,10,24166
6,D,Noise,5%,0.95,1.05,5.0,10,How is asthma managed long-term?,1.0,1.0,1.0,2.0253,0.006681,10,24782
6,D,Noise,5%,0.95,1.05,5.0,10,What are signs of kidney disease?,1.0,1.0,1.0,1.8344,0.006629,10,24531
6,D,Noise,5%,0.95,1.05,5.0,10,Describe rheumatoid arthritis treatment,1.0,1.0,1.0,1.8344,0.009115,10,24512
6,D,Noise,5%,0.95,1.05,5.0,10,What causes Parkinson's disease?,1.0,1.0,0.9556,1.973,0.015032,10,24904
6,D,Noise,5%,0.95,1.05,5.0,10,How is multiple sclerosis diagnosed?,1.0,1.0,1.0,1.8344,0.014226,10,24926
6,D,Noise,5%,0.95,1.05,5.0,10,What are symptoms of anemia?,1.0,1.0,1.0,1.6957,0.018019,10,25714
6,D,Noise,5%,0.95,1.05,5.0,10,How is hypothyroidism treated?,1.0,1.0,1.0,1.5048,0.014346,10,25100
6,D,Noise,5%,0.95,1.05,5.0,10,What causes chronic pain?,1.0,1.0,0.9556,2.164,0.000751,10,24290
6,D,Noise,5%,0.95,1.05,5.0,10,Describe COPD management,1.0,1.0,1.0,1.2206,0.024809,10,23852
6,D,Noise,5%,0.95,1.05,5.0,10,What are signs of liver disease?,1.0,1.0,1.0,2.0253,0.001753,10,25513
6,D,Noise,5%,0.95,1.05,5.0,10,How is epilepsy treated?,1.0,1.0,1.0,1.3592,0.017398,10,24756
6,D,Noise,5%,0.95,1.05,5.0,10,What causes osteoporosis?,1.0,1.0,1.0,1.8344,0.014171,10,24484
6,D,Noise,5%,0.95,1.05,5.0,10,Describe symptoms of anxiety disorder,1.0,1.0,1.0,1.6094,0.013763,10,25348
6,D,Noise,5%,0.95,1.05,5.0,10,What medications are used for HIV/AIDS?,1.0,1.0,1.0,1.4979,0.009548,10,24294
6,D,Noise,5%,0.95,1.05,5.0,10,How is pneumonia diagnosed?,1.0,1.0,0.9556,1.8344,0.007109,10,24431
6,D,Noise,5%,0.95,1.05,5.0,10,What causes inflammatory bowel disease?,1.0,1.0,0.9556,2.164,0.001555,10,24557
6,D,Noise,5%,0.95,1.05,5.0,10,Describe treatment for chronic kidney disease,1.0,1.0,1.0,1.3592,0.016595,10,24111
6,D,Noise,5%,0.95,1.05,5.0,10,What are symptoms of schizophrenia?,1.0,1.0,1.0,1.4185,0.011002,10,22999
6,D,Noise,5%,0.95,1.05,5.0,10,How is bipolar disorder managed?,1.0,1.0,0.9556,1.4708,0.016191,10,22875
6,D,Noise,5%,0.95,1.05,5.0,10,What causes psoriasis?,1.0,1.0,1.0,1.6094,0.015932,10,25555
6,D,Noise,5%,0.95,1.05,5.0,10,Describe sepsis treatment,1.0,1.0,1.0,1.6434,0.017382,10,22461
6,D,Noise,5%,0.95,1.05,5.0,10,What are risk factors for cancer?,1.0,1.0,1.0,2.0253,0.000554,10,22539
6,D,Noise,5%,0.95,1.05,5.0,10,How is ALS diagnosed?,1.0,1.0,1.0,1.6094,0.011305,10,25183
6,D,Noise,10%,0.9,1.1,10.0,10,What are the symptoms of type 2 diabetes?,1.0,1.0,1.0,2.0253,0.007859,10,24188
6,D,Noise,10%,0.9,1.1,10.0,10,How is hypertension treated?,1.0,1.0,0.9556,1.8344,0.006958,10,24255
6,D,Noise,10%,0.9,1.1,10.0,10,What causes heart failure?,1.0,1.0,1.0,2.0253,0.006793,10,24557
6,D,Noise,10%,0.9,1.1,10.0,10,Describe the symptoms of lupus,1.0,1.0,1.0,2.0253,0.014446,10,24635
6,D,Noise,10%,0.9,1.1,10.0,10,What medications treat depression?,1.0,1.0,1.0,2.164,0.007936,10,24060
6,D,Noise,10%,0.9,1.1,10.0,10,How does Alzheimer's disease progress?,1.0,1.0,1.0,1.973,0.016028,9,24234
6,D,Noise,10%,0.9,1.1,10.0,10,What are risk factors for stroke?,1.0,1.0,0.9556,1.2275,0.007752,10,24832
6,D,Noise,10%,0.9,1.1,10.0,10,How is asthma managed long-term?,1.0,1.0,1.0,2.164,0.006715,10,24700
6,D,Noise,10%,0.9,1.1,10.0,10,What are signs of kidney disease?,1.0,1.0,0.9556,1.8344,0.006586,10,24037
6,D,Noise,10%,0.9,1.1,10.0,10,Describe rheumatoid arthritis treatment,1.0,1.0,0.9556,1.8344,0.009215,10,24428
6,D,Noise,10%,0.9,1.1,10.0,10,What causes Parkinson's disease?,1.0,1.0,1.0,1.973,0.015268,10,23908
6,D,Noise,10%,0.9,1.1,10.0,10,How is multiple sclerosis diagnosed?,1.0,1.0,1.0,1.973,0.014041,10,25151
6,D,Noise,10%,0.9,1.1,10.0,10,What are symptoms of anemia?,1.0,1.0,1.0,1.6957,0.017983,10,24499
6,D,Noise,10%,0.9,1.1,10.0,10,How is hypothyroidism treated?,1.0,0.9999,0.9111,1.5048,0.014003,10,25115
6,D,Noise,10%,0.9,1.1,10.0,10,What causes chronic pain?,1.0,1.0,0.9111,2.164,0.000741,10,24963
6,D,Noise,10%,0.9,1.1,10.0,10,Describe COPD management,1.0,1.0,1.0,1.2206,0.024701,10,23960
6,D,Noise,10%,0.9,1.1,10.0,10,What are signs of liver disease?,1.0,1.0,1.0,2.164,0.001758,10,24952
6,D,Noise,10%,0.9,1.1,10.0,10,How is epilepsy treated?,1.0,1.0,0.9556,1.3592,0.017363,10,27505
6,D,Noise,10%,0.9,1.1,10.0,10,What causes osteoporosis?,1.0,1.0,1.0,1.7481,0.013996,10,24054
6,D,Noise,10%,0.9,1.1,10.0,10,Describe symptoms of anxiety disorder,1.0,1.0,0.9556,1.5048,0.013517,10,23900
6,D,Noise,10%,0.9,1.1,10.0,10,What medications are used for HIV/AIDS?,1.0,1.0,1.0,1.4979,0.009457,10,24943
6,D,Noise,10%,0.9,1.1,10.0,10,How is pneumonia diagnosed?,1.0,1.0,1.0,1.7481,0.007131,10,24381
6,D,Noise,10%,0.9,1.1,10.0,10,What causes inflammatory bowel disease?,1.0,0.9999,0.8667,1.973,0.001499,10,25293
6,D,Noise,10%,0.9,1.1,10.0,10,Describe treatment for chronic kidney disease,1.0,1.0,0.9556,1.3592,0.016418,10,25258
6,D,Noise,10%,0.9,1.1,10.0,10,What are symptoms of schizophrenia?,1.0,1.0,1.0,1.5048,0.010683,10,24475
6,D,Noise,10%,0.9,1.1,10.0,10,How is bipolar disorder managed?,1.0,1.0,0.9556,1.4708,0.016154,10,23719
6,D,Noise,10%,0.9,1.1,10.0,10,What causes psoriasis?,1.0,1.0,1.0,1.4185,0.015665,9,24178
6,D,Noise,10%,0.9,1.1,10.0,10,Describe sepsis treatment,1.0,1.0,1.0,1.6434,0.017224,10,23598
6,D,Noise,10%,0.9,1.1,10.0,10,What are risk factors for cancer?,1.0,1.0,0.9556,2.0253,0.000554,9,24421
6,D,Noise,10%,0.9,1.1,10.0,10,How is ALS diagnosed?,1.0,1.0,1.0,1.6094,0.011198,10,23907
6,D,Noise,20%,0.8,1.2,20.0,10,What are the symptoms of type 2 diabetes?,0.9,0.9512,0.8889,1.8867,0.007396,10,25456
6,D,Noise,20%,0.8,1.2,20.0,10,How is hypertension treated?,1.0,1.0,1.0,1.8344,0.006762,10,24092
6,D,Noise,20%,0.8,1.2,20.0,10,What causes heart failure?,1.0,1.0,1.0,2.164,0.006634,10,24247
6,D,Noise,20%,0.8,1.2,20.0,10,Describe the symptoms of lupus,1.0,1.0,1.0,2.0253,0.013389,10,24364
6,D,Noise,20%,0.8,1.2,20.0,10,What medications treat depression?,1.0,1.0,1.0,2.0253,0.007687,9,24563
6,D,Noise,20%,0.8,1.2,20.0,10,How does Alzheimer's disease progress?,1.0,1.0,0.9556,1.973,0.014496,10,24975
6,D,Noise,20%,0.8,1.2,20.0,10,What are risk factors for stroke?,1.0,1.0,1.0,1.2275,0.007456,10,27407
6,D,Noise,20%,0.8,1.2,20.0,10,How is asthma managed long-term?,1.0,1.0,1.0,2.164,0.00637,10,23849
6,D,Noise,20%,0.8,1.2,20.0,10,What are signs of kidney disease?,1.0,1.0,0.9556,1.8344,0.006319,10,25264
6,D,Noise,20%,0.8,1.2,20.0,10,Describe rheumatoid arthritis treatment,1.0,1.0,1.0,1.8344,0.008657,10,24717
6,D,Noise,20%,0.8,1.2,20.0,10,What causes Parkinson's disease?,1.0,1.0,1.0,2.0253,0.013976,10,26902
6,D,Noise,20%,0.8,1.2,20.0,10,How is multiple sclerosis diagnosed?,0.9,0.9565,0.9444,1.8344,0.014397,10,24647
6,D,Noise,20%,0.8,1.2,20.0,10,What are symptoms of anemia?,1.0,1.0,0.9556,1.6957,0.017423,10,23635
6,D,Noise,20%,0.8,1.2,20.0,10,How is hypothyroidism treated?,1.0,1.0,1.0,1.5048,0.013324,10,25427
6,D,Noise,20%,0.8,1.2,20.0,10,What causes chronic pain?,1.0,0.9999,0.9111,1.8344,0.000675,10,23685
6,D,Noise,20%,0.8,1.2,20.0,10,Describe COPD management,1.0,1.0,0.9556,1.2206,0.024073,10,23467
6,D,Noise,20%,0.8,1.2,20.0,10,What are signs of liver disease?,1.0,1.0,1.0,1.973,0.001664,10,24300
6,D,Noise,20%,0.8,1.2,20.0,10,How is epilepsy treated?,0.9,0.9613,0.9444,1.3592,0.017299,10,24823
6,D,Noise,20%,0.8,1.2,20.0,10,What causes osteoporosis?,1.0,0.9999,0.9556,1.6957,0.012903,10,24245
6,D,Noise,20%,0.8,1.2,20.0,10,Describe symptoms of anxiety disorder,1.0,1.0,0.9111,1.5048,0.013055,10,24211
6,D,Noise,20%,0.8,1.2,20.0,10,What medications are used for HIV/AIDS?,1.0,1.0,0.9556,1.4979,0.00904,10,24763
6,D,Noise,20%,0.8,1.2,20.0,10,How is pneumonia diagnosed?,1.0,1.0,0.9556,1.8344,0.006951,10,24795
6,D,Noise,20%,0.8,1.2,20.0,10,What causes inflammatory bowel disease?,1.0,0.9999,0.9111,1.8344,0.001571,9,23308
6,D,Noise,20%,0.8,1.2,20.0,10,Describe treatment for chronic kidney disease,1.0,1.0,1.0,1.3592,0.015737,10,24522
6,D,Noise,20%,0.8,1.2,20.0,10,What are symptoms of schizophrenia?,1.0,1.0,0.9556,1.6434,0.010156,10,23872
6,D,Noise,20%,0.8,1.2,20.0,10,How is bipolar disorder managed?,1.0,1.0,0.8222,1.6957,0.014976,10,25765
6,D,Noise,20%,0.8,1.2,20.0,10,What causes psoriasis?,1.0,1.0,0.9111,1.6094,0.014992,10,24656
6,D,Noise,20%,0.8,1.2,20.0,10,Describe sepsis treatment,1.0,1.0,0.9111,1.6434,0.015991,10,23888
6,D,Noise,20%,0.8,1.2,20.0,10,What are risk factors for cancer?,1.0,0.9999,0.9111,1.973,0.000444,10,24102
6,D,Noise,20%,0.8,1.2,20.0,10,How is ALS diagnosed?,1.0,1.0,0.9111,1.6094,0.0112,10,24540
6,D,Noise,30%,0.7,1.3,30.0,10,What are the symptoms of type 2 diabetes?,0.9,0.9512,0.9444,1.8867,0.007355,10,24656
6,D,Noise,30%,0.7,1.3,30.0,10,How is hypertension treated?,1.0,0.9999,0.9111,1.7481,0.006231,10,24365
6,D,Noise,30%,0.7,1.3,30.0,10,What causes heart failure?,0.9,0.948,0.9444,2.0253,0.006157,10,23908
6,D,Noise,30%,0.7,1.3,30.0,10,Describe the symptoms of lupus,0.9,0.9521,1.0,2.0253,0.013089,10,24145
6,D,Noise,30%,0.7,1.3,30.0,10,What medications treat depression?,1.0,1.0,1.0,2.164,0.006681,10,24754
6,D,Noise,30%,0.7,1.3,30.0,10,How does Alzheimer's disease progress?,1.0,1.0,0.9556,1.973,0.014163,10,24687
6,D,Noise,30%,0.7,1.3,30.0,10,What are risk factors for stroke?,0.9,0.946,0.9444,1.3592,0.006781,10,24815
6,D,Noise,30%,0.7,1.3,30.0,10,How is asthma managed long-term?,1.0,0.9999,0.9556,1.8867,0.005927,10,24244
6,D,Noise,30%,0.7,1.3,30.0,10,What are signs of kidney disease?,1.0,0.9999,0.9111,1.8867,0.005635,10,24479
6,D,Noise,30%,0.7,1.3,30.0,10,Describe rheumatoid arthritis treatment,1.0,0.9999,0.9111,1.7481,0.007988,10,24873
6,D,Noise,30%,0.7,1.3,30.0,10,What causes Parkinson's disease?,1.0,1.0,0.9556,1.8344,0.012753,10,25291
6,D,Noise,30%,0.7,1.3,30.0,10,How is multiple sclerosis diagnosed?,1.0,1.0,0.9556,1.973,0.012607,10,24183
6,D,Noise,30%,0.7,1.3,30.0,10,What are symptoms of anemia?,1.0,0.9998,0.8667,1.8344,0.015375,10,24195
6,D,Noise,30%,0.7,1.3,30.0,10,How is hypothyroidism treated?,0.9,0.9572,0.8889,1.5048,0.01237,10,24827
6,D,Noise,30%,0.7,1.3,30.0,10,What causes chronic pain?,0.9,0.9426,0.9444,1.8344,0.00069,10,24723
6,D,Noise,30%,0.7,1.3,30.0,10,Describe COPD management,1.0,1.0,1.0,1.3592,0.021951,10,24674
6,D,Noise,30%,0.7,1.3,30.0,10,What are signs of liver disease?,1.0,0.9999,0.9111,1.8867,0.001342,10,23886
6,D,Noise,30%,0.7,1.3,30.0,10,How is epilepsy treated?,1.0,0.9995,0.9111,1.3592,0.015802,10,25800
6,D,Noise,30%,0.7,1.3,30.0,10,What causes osteoporosis?,1.0,1.0,0.9556,1.8344,0.011978,10,24440
6,D,Noise,30%,0.7,1.3,30.0,10,Describe symptoms of anxiety disorder,1.0,1.0,0.9111,1.5048,0.011919,10,24005
6,D,Noise,30%,0.7,1.3,30.0,10,What medications are used for HIV/AIDS?,1.0,1.0,1.0,1.4979,0.008716,10,24587
6,D,Noise,30%,0.7,1.3,30.0,10,How is pneumonia diagnosed?,1.0,1.0,0.9556,1.6094,0.006066,10,27420
6,D,Noise,30%,0.7,1.3,30.0,10,What causes inflammatory bowel disease?,1.0,0.9999,0.9111,2.0253,0.001337,10,23428
6,D,Noise,30%,0.7,1.3,30.0,10,Describe treatment for chronic kidney disease,1.0,1.0,0.9556,1.3592,0.014645,10,24324
6,D,Noise,30%,0.7,1.3,30.0,10,What are symptoms of schizophrenia?,0.9,0.9491,0.9444,1.1683,0.009695,10,25347
6,D,Noise,30%,0.7,1.3,30.0,10,How is bipolar disorder managed?,1.0,1.0,0.9556,1.2799,0.014054,10,23571
6,D,Noise,30%,0.7,1.3,30.0,10,What causes psoriasis?,1.0,0.9999,0.8667,1.6094,0.013746,10,23949
6,D,Noise,30%,0.7,1.3,30.0,10,Describe sepsis treatment,1.0,1.0,0.9556,1.6434,0.015575,10,26365
6,D,Noise,30%,0.7,1.3,30.0,10,What are risk factors for cancer?,1.0,0.9999,0.8222,2.164,0.000432,10,23153
6,D,Noise,30%,0.7,1.3,30.0,10,How is ALS diagnosed?,1.0,1.0,0.9556,1.6094,0.009835,10,22203
6,D,Noise,50%,0.5,1.5,50.0,10,What are the symptoms of type 2 diabetes?,0.9,0.9513,1.0,2.0253,0.005569,10,24760
6,D,Noise,50%,0.5,1.5,50.0,10,How is hypertension treated?,1.0,0.9997,0.8667,1.8344,0.00451,10,24327
6,D,Noise,50%,0.5,1.5,50.0,10,What causes heart failure?,0.9,0.95,0.9444,2.0253,0.005098,10,24680
6,D,Noise,50%,0.5,1.5,50.0,10,Describe the symptoms of lupus,0.9,0.9529,1.0,1.973,0.010089,10,24255
6,D,Noise,50%,0.5,1.5,50.0,10,What medications treat depression?,1.0,1.0,1.0,2.0253,0.006485,10,24118
6,D,Noise,50%,0.5,1.5,50.0,10,How does Alzheimer's disease progress?,1.0,1.0,0.9111,1.8344,0.011588,10,24222
6,D,Noise,50%,0.5,1.5,50.0,10,What are risk factors for stroke?,0.9,0.9375,0.7778,1.4185,0.005434,10,25052
6,D,Noise,50%,0.5,1.5,50.0,10,How is asthma managed long-term?,1.0,1.0,0.9556,1.973,0.004773,10,25815
6,D,Noise,50%,0.5,1.5,50.0,10,What are signs of kidney disease?,1.0,0.9999,0.9111,1.8344,0.004471,10,27153
6,D,Noise,50%,0.5,1.5,50.0,10,Describe rheumatoid arthritis treatment,1.0,1.0,1.0,1.8344,0.006492,10,24072
6,D,Noise,50%,0.5,1.5,50.0,10,What causes Parkinson's disease?,1.0,1.0,0.9556,1.8344,0.011028,10,24196
6,D,Noise,50%,0.5,1.5,50.0,10,How is multiple sclerosis diagnosed?,1.0,1.0,0.9556,1.8344,0.009931,10,24948
6,D,Noise,50%,0.5,1.5,50.0,10,What are symptoms of anemia?,1.0,0.9991,0.8222,1.8344,0.013983,10,24706
6,D,Noise,50%,0.5,1.5,50.0,10,How is hypothyroidism treated?,0.9,0.9554,0.7778,1.5048,0.01019,10,25352
6,D,Noise,50%,0.5,1.5,50.0,10,What causes chronic pain?,0.9,0.9393,0.6667,1.973,0.000479,10,25455
6,D,Noise,50%,0.5,1.5,50.0,10,Describe COPD management,1.0,1.0,1.0,1.2206,0.018492,10,26225
6,D,Noise,50%,0.5,1.5,50.0,10,What are signs of liver disease?,0.9,0.9459,0.8333,1.8344,0.000845,10,24467
6,D,Noise,50%,0.5,1.5,50.0,10,How is epilepsy treated?,0.9,0.9594,0.9444,1.3592,0.012861,10,23680
6,D,Noise,50%,0.5,1.5,50.0,10,What causes osteoporosis?,1.0,1.0,0.9556,1.6434,0.010268,10,24824
6,D,Noise,50%,0.5,1.5,50.0,10,Describe symptoms of anxiety disorder,1.0,0.9999,0.9111,1.6094,0.00976,10,24178
6,D,Noise,50%,0.5,1.5,50.0,10,What medications are used for HIV/AIDS?,1.0,1.0,0.9556,1.7481,0.007471,10,27278
6,D,Noise,50%,0.5,1.5,50.0,10,How is pneumonia diagnosed?,1.0,0.9995,0.7778,1.6094,0.006,10,24656
6,D,Noise,50%,0.5,1.5,50.0,10,What causes inflammatory bowel disease?,1.0,0.9997,0.9111,2.0253,0.001064,10,24286
6,D,Noise,50%,0.5,1.5,50.0,10,Describe treatment for chronic kidney disease,0.9,0.9546,1.0,1.3592,0.01171,10,25309
6,D,Noise,50%,0.5,1.5,50.0,10,What are symptoms of schizophrenia?,0.9,0.9491,0.9444,1.6957,0.007541,10,23494
6,D,Noise,50%,0.5,1.5,50.0,10,How is bipolar disorder managed?,1.0,0.9993,0.8222,1.7481,0.011024,9,24762
6,D,Noise,50%,0.5,1.5,50.0,10,What causes psoriasis?,1.0,0.9999,0.8667,1.4185,0.01152,10,26315
6,D,Noise,50%,0.5,1.5,50.0,10,Describe sepsis treatment,1.0,1.0,1.0,1.8344,0.013269,10,24122
6,D,Noise,50%,0.5,1.5,50.0,10,What are risk factors for cancer?,1.0,0.9993,0.7333,2.0253,0.00033,10,24302
6,D,Noise,50%,0.5,1.5,50.0,10,How is ALS diagnosed?,1.0,1.0,0.9111,1.6094,0.007891,10,24449
6,D,Noise,70%,0.3,1.7,70.0,10,What are the symptoms of type 2 diabetes?,0.9,0.9512,0.8889,1.7481,0.004121,10,24718
6,D,Noise,70%,0.3,1.7,70.0,10,How is hypertension treated?,1.0,0.9998,0.8667,1.8344,0.003022,10,27154
6,D,Noise,70%,0.3,1.7,70.0,10,What causes heart failure?,0.9,0.9477,0.9444,2.164,0.002712,10,25979
6,D,Noise,70%,0.3,1.7,70.0,10,Describe the symptoms of lupus,0.9,0.9541,1.0,2.0253,0.006645,10,23999
6,D,Noise,70%,0.3,1.7,70.0,10,What medications treat depression?,1.0,0.9998,0.9556,2.164,0.003883,10,24905
6,D,Noise,70%,0.3,1.7,70.0,10,How does Alzheimer's disease progress?,1.0,1.0,0.9556,1.973,0.006217,10,25041
6,D,Noise,70%,0.3,1.7,70.0,10,What are risk factors for stroke?,0.9,0.9364,0.7778,1.4708,0.002949,10,23806
6,D,Noise,70%,0.3,1.7,70.0,10,How is asthma managed long-term?,1.0,1.0,1.0,1.8344,0.002969,10,24354
6,D,Noise,70%,0.3,1.7,70.0,10,What are signs of kidney disease?,1.0,1.0,0.9556,1.973,0.003312,10,24639
6,D,Noise,70%,0.3,1.7,70.0,10,Describe rheumatoid arthritis treatment,1.0,1.0,0.9556,1.8344,0.00388,10,23899
6,D,Noise,70%,0.3,1.7,70.0,10,What causes Parkinson's disease?,1.0,1.0,0.9556,2.0253,0.00634,10,24646
6,D,Noise,70%,0.3,1.7,70.0,10,How is multiple sclerosis diagnosed?,0.9,0.956,1.0,1.8344,0.007835,10,24736
6,D,Noise,70%,0.3,1.7,70.0,10,What are symptoms of anemia?,1.0,0.9991,0.8667,1.8344,0.009792,10,24418
6,D,Noise,70%,0.3,1.7,70.0,10,How is hypothyroidism treated?,0.9,0.955,0.7778,1.8344,0.006371,10,25614
6,D,Noise,70%,0.3,1.7,70.0,10,What causes chronic pain?,0.9,0.9394,0.6667,1.8344,0.000231,10,24449
6,D,Noise,70%,0.3,1.7,70.0,10,Describe COPD management,0.9,0.9603,0.8333,1.6094,0.010007,10,24206
6,D,Noise,70%,0.3,1.7,70.0,10,What are signs of liver disease?,0.9,0.9457,0.7778,2.164,0.000805,10,24241
6,D,Noise,70%,0.3,1.7,70.0,10,How is epilepsy treated?,0.9,0.9591,0.8333,1.3592,0.007654,9,26261
6,D,Noise,70%,0.3,1.7,70.0,10,What causes osteoporosis?,1.0,0.9997,0.8222,1.8344,0.006,10,24873
6,D,Noise,70%,0.3,1.7,70.0,10,Describe symptoms of anxiety disorder,1.0,0.9991,0.6,1.4979,0.006824,10,24080
6,D,Noise,70%,0.3,1.7,70.0,10,What medications are used for HIV/AIDS?,1.0,0.9999,0.9111,1.4979,0.004083,10,23726
6,D,Noise,70%,0.3,1.7,70.0,10,How is pneumonia diagnosed?,0.8,0.8904,0.7143,1.6957,0.003363,10,22501
6,D,Noise,70%,0.3,1.7,70.0,10,What causes inflammatory bowel disease?,1.0,0.9996,0.8667,2.0253,0.000655,10,24453
6,D,Noise,70%,0.3,1.7,70.0,10,Describe treatment for chronic kidney disease,1.0,1.0,0.9556,1.3592,0.007075,10,22985
6,D,Noise,70%,0.3,1.7,70.0,10,What are symptoms of schizophrenia?,0.9,0.9487,0.7222,1.3592,0.004621,10,23046
6,D,Noise,70%,0.3,1.7,70.0,10,How is bipolar disorder managed?,1.0,1.0,0.9111,1.5571,0.007977,10,23865
6,D,Noise,70%,0.3,1.7,70.0,10,What causes psoriasis?,1.0,1.0,0.9556,1.6957,0.006315,10,22849
6,D,Noise,70%,0.3,1.7,70.0,10,Describe sepsis treatment,1.0,0.9999,0.9111,1.6434,0.007724,10,22180
6,D,Noise,70%,0.3,1.7,70.0,10,What are risk factors for cancer?,0.9,0.9388,0.5,1.8344,0.0003,10,22995
6,D,Noise,70%,0.3,1.7,70.0,10,How is ALS diagnosed?,0.9,0.9493,0.8333,1.4185,0.004893,10,22474
6,D,Combined,1%,0.99,1.01,1.0,10,What are the symptoms of type 2 diabetes?,1.0,1.0,1.0,2.164,0.007874,10,25025
6,D,Combined,1%,0.99,1.01,1.0,10,How is hypertension treated?,1.0,1.0,1.0,1.6094,0.00705,10,24835
6,D,Combined,1%,0.99,1.01,1.0,10,What causes heart failure?,1.0,1.0,1.0,2.0253,0.006821,10,26357
6,D,Combined,1%,0.99,1.01,1.0,10,Describe the symptoms of lupus,1.0,1.0,1.0,1.8867,0.014584,10,24506
6,D,Combined,1%,0.99,1.01,1.0,10,What medications treat depression?,1.0,1.0,1.0,2.164,0.008097,10,23666
6,D,Combined,1%,0.99,1.01,1.0,10,How does Alzheimer's disease progress?,1.0,1.0,1.0,1.973,0.015837,10,22552
6,D,Combined,1%,0.99,1.01,1.0,10,What are risk factors for stroke?,1.0,1.0,1.0,1.3592,0.00776,10,23338
6,D,Combined,1%,0.99,1.01,1.0,10,How is asthma managed long-term?,1.0,1.0,1.0,2.164,0.006695,10,23404
6,D,Combined,1%,0.99,1.01,1.0,10,What are signs of kidney disease?,1.0,1.0,1.0,1.8344,0.006649,10,26345
6,D,Combined,1%,0.99,1.01,1.0,10,Describe rheumatoid arthritis treatment,1.0,1.0,1.0,1.8344,0.009169,10,22599
6,D,Combined,1%,0.99,1.01,1.0,10,What causes Parkinson's disease?,1.0,1.0,1.0,1.973,0.015139,10,23764
6,D,Combined,1%,0.99,1.01,1.0,10,How is multiple sclerosis diagnosed?,1.0,1.0,1.0,1.8344,0.014331,10,22942
6,D,Combined,1%,0.99,1.01,1.0,10,What are symptoms of anemia?,1.0,1.0,1.0,1.6957,0.01816,10,23401
6,D,Combined,1%,0.99,1.01,1.0,10,How is hypothyroidism treated?,1.0,1.0,1.0,1.5048,0.014418,10,22345
6,D,Combined,1%,0.99,1.01,1.0,10,What causes chronic pain?,1.0,1.0,1.0,2.164,0.000767,10,22547
6,D,Combined,1%,0.99,1.01,1.0,10,Describe COPD management,1.0,1.0,1.0,1.2206,0.024941,10,22781
6,D,Combined,1%,0.99,1.01,1.0,10,What are signs of liver disease?,1.0,1.0,1.0,2.0253,0.00175,10,23356
6,D,Combined,1%,0.99,1.01,1.0,10,How is epilepsy treated?,1.0,1.0,1.0,1.3592,0.017422,10,23914
6,D,Combined,1%,0.99,1.01,1.0,10,What causes osteoporosis?,1.0,1.0,1.0,1.8344,0.014106,10,23561
6,D,Combined,1%,0.99,1.01,1.0,10,Describe symptoms of anxiety disorder,1.0,1.0,1.0,1.6094,0.013891,10,23606
6,D,Combined,1%,0.99,1.01,1.0,10,What medications are used for HIV/AIDS?,1.0,1.0,1.0,1.4979,0.00961,10,23185
6,D,Combined,1%,0.99,1.01,1.0,10,How is pneumonia diagnosed?,1.0,1.0,1.0,1.8344,0.007219,10,22334
6,D,Combined,1%,0.99,1.01,1.0,10,What causes inflammatory bowel disease?,1.0,1.0,0.9556,2.164,0.001512,10,23486
6,D,Combined,1%,0.99,1.01,1.0,10,Describe treatment for chronic kidney disease,1.0,1.0,1.0,1.3592,0.016582,10,22453
6,D,Combined,1%,0.99,1.01,1.0,10,What are symptoms of schizophrenia?,1.0,1.0,1.0,1.6957,0.010806,10,23168
6,D,Combined,1%,0.99,1.01,1.0,10,How is bipolar disorder managed?,1.0,1.0,0.9556,1.4708,0.01611,10,23134
6,D,Combined,1%,0.99,1.01,1.0,10,What causes psoriasis?,1.0,1.0,1.0,1.6094,0.01605,10,23082
6,D,Combined,1%,0.99,1.01,1.0,10,Describe sepsis treatment,1.0,1.0,1.0,1.6434,0.017428,10,22759
6,D,Combined,1%,0.99,1.01,1.0,10,What are risk factors for cancer?,1.0,1.0,1.0,2.0253,0.000533,10,25920
6,D,Combined,1%,0.99,1.01,1.0,10,How is ALS diagnosed?,1.0,1.0,1.0,1.6094,0.011314,10,23205
6,D,Combined,5%,0.95,1.05,5.0,10,What are the symptoms of type 2 diabetes?,1.0,1.0,1.0,2.0253,0.007968,10,25583
6,D,Combined,5%,0.95,1.05,5.0,10,How is hypertension treated?,1.0,1.0,1.0,1.6094,0.00706,10,27284
6,D,Combined,5%,0.95,1.05,5.0,10,What causes heart failure?,1.0,1.0,1.0,2.0253,0.006889,10,24145
6,D,Combined,5%,0.95,1.05,5.0,10,Describe the symptoms of lupus,1.0,1.0,1.0,1.8867,0.014612,10,24930
6,D,Combined,5%,0.95,1.05,5.0,10,What medications treat depression?,1.0,1.0,1.0,2.3026,0.008143,10,23031
6,D,Combined,5%,0.95,1.05,5.0,10,How does Alzheimer's disease progress?,1.0,1.0,1.0,1.973,0.015824,10,24593
6,D,Combined,5%,0.95,1.05,5.0,10,What are risk factors for stroke?,1.0,1.0,1.0,1.3592,0.007719,10,25195
6,D,Combined,5%,0.95,1.05,5.0,10,How is asthma managed long-term?,1.0,1.0,1.0,2.0253,0.006712,10,24834
6,D,Combined,5%,0.95,1.05,5.0,10,What are signs of kidney disease?,1.0,1.0,1.0,1.8344,0.00663,10,24011
6,D,Combined,5%,0.95,1.05,5.0,10,Describe rheumatoid arthritis treatment,1.0,1.0,0.9556,1.8344,0.009216,10,24452
6,D,Combined,5%,0.95,1.05,5.0,10,What causes Parkinson's disease?,1.0,1.0,1.0,1.973,0.015058,10,24348
6,D,Combined,5%,0.95,1.05,5.0,10,How is multiple sclerosis diagnosed?,1.0,1.0,0.9556,1.8344,0.014303,10,25090
6,D,Combined,5%,0.95,1.05,5.0,10,What are symptoms of anemia?,1.0,1.0,1.0,1.6957,0.018451,10,24508
6,D,Combined,5%,0.95,1.05,5.0,10,How is hypothyroidism treated?,1.0,1.0,1.0,1.5048,0.014554,10,24912
6,D,Combined,5%,0.95,1.05,5.0,10,What causes chronic pain?,1.0,1.0,1.0,2.164,0.000762,10,23437
6,D,Combined,5%,0.95,1.05,5.0,10,Describe COPD management,1.0,1.0,1.0,1.2206,0.024714,10,24017
6,D,Combined,5%,0.95,1.05,5.0,10,What are signs of liver disease?,1.0,1.0,1.0,2.0253,0.001759,10,24623
6,D,Combined,5%,0.95,1.05,5.0,10,How is epilepsy treated?,1.0,1.0,1.0,1.3592,0.017419,10,24799
6,D,Combined,5%,0.95,1.05,5.0,10,What causes osteoporosis?,1.0,1.0,1.0,1.7481,0.014038,10,24843
6,D,Combined,5%,0.95,1.05,5.0,10,Describe symptoms of anxiety disorder,1.0,1.0,1.0,1.6094,0.013817,10,23803
6,D,Combined,5%,0.95,1.05,5.0,10,What medications are used for HIV/AIDS?,1.0,1.0,1.0,1.4979,0.009728,10,27036
6,D,Combined,5%,0.95,1.05,5.0,10,How is pneumonia diagnosed?,1.0,1.0,1.0,1.6094,0.007214,10,24132
6,D,Combined,5%,0.95,1.05,5.0,10,What causes inflammatory bowel disease?,1.0,1.0,0.9556,1.973,0.001503,10,24855
6,D,Combined,5%,0.95,1.05,5.0,10,Describe treatment for chronic kidney disease,1.0,1.0,1.0,1.3592,0.016557,9,24100
6,D,Combined,5%,0.95,1.05,5.0,10,What are symptoms of schizophrenia?,1.0,1.0,1.0,1.5048,0.010637,10,27591
6,D,Combined,5%,0.95,1.05,5.0,10,How is bipolar disorder managed?,1.0,1.0,1.0,1.4708,0.016044,9,23993
6,D,Combined,5%,0.95,1.05,5.0,10,What causes psoriasis?,1.0,1.0,1.0,1.6094,0.015872,10,23881
6,D,Combined,5%,0.95,1.05,5.0,10,Describe sepsis treatment,1.0,1.0,1.0,1.6434,0.017614,10,23079
6,D,Combined,5%,0.95,1.05,5.0,10,What are risk factors for cancer?,1.0,1.0,0.9556,2.0253,0.000538,10,22581
6,D,Combined,5%,0.95,1.05,5.0,10,How is ALS diagnosed?,1.0,1.0,1.0,1.6094,0.011156,10,23203
6,D,Combined,10%,0.9,1.1,10.0,10,What are the symptoms of type 2 diabetes?,1.0,1.0,1.0,1.8867,0.007897,10,25270
6,D,Combined,10%,0.9,1.1,10.0,10,How is hypertension treated?,1.0,1.0,0.9556,1.6094,0.00711,10,23878
6,D,Combined,10%,0.9,1.1,10.0,10,What causes heart failure?,1.0,1.0,1.0,2.0253,0.006875,10,24251
6,D,Combined,10%,0.9,1.1,10.0,10,Describe the symptoms of lupus,1.0,1.0,1.0,1.7481,0.014466,10,25462
6,D,Combined,10%,0.9,1.1,10.0,10,What medications treat depression?,1.0,1.0,1.0,2.0253,0.007978,10,24722
6,D,Combined,10%,0.9,1.1,10.0,10,How does Alzheimer's disease progress?,1.0,1.0,1.0,1.973,0.015424,10,25308
6,D,Combined,10%,0.9,1.1,10.0,10,What are risk factors for stroke?,1.0,1.0,0.9556,1.3592,0.007772,10,25719
6,D,Combined,10%,0.9,1.1,10.0,10,How is asthma managed long-term?,1.0,1.0,1.0,2.0253,0.0067,10,24207
6,D,Combined,10%,0.9,1.1,10.0,10,What are signs of kidney disease?,1.0,1.0,0.9556,1.8344,0.006728,10,24838
6,D,Combined,10%,0.9,1.1,10.0,10,Describe rheumatoid arthritis treatment,1.0,1.0,0.9556,1.8344,0.009118,9,24132
6,D,Combined,10%,0.9,1.1,10.0,10,What causes Parkinson's disease?,1.0,1.0,1.0,1.973,0.014705,10,26037
6,D,Combined,10%,0.9,1.1,10.0,10,How is multiple sclerosis diagnosed?,1.0,1.0,1.0,1.8344,0.014545,10,24656
6,D,Combined,10%,0.9,1.1,10.0,10,What are symptoms of anemia?,1.0,1.0,0.9556,1.6957,0.018267,10,27064
6,D,Combined,10%,0.9,1.1,10.0,10,How is hypothyroidism treated?,1.0,1.0,1.0,1.5048,0.014003,10,24805
6,D,Combined,10%,0.9,1.1,10.0,10,What causes chronic pain?,1.0,1.0,0.9556,1.973,0.00078,10,26562
6,D,Combined,10%,0.9,1.1,10.0,10,Describe COPD management,1.0,1.0,1.0,1.2206,0.025067,10,25147
6,D,Combined,10%,0.9,1.1,10.0,10,What are signs of liver disease?,1.0,1.0,1.0,2.164,0.00182,10,26491
6,D,Combined,10%,0.9,1.1,10.0,10,How is epilepsy treated?,1.0,1.0,1.0,1.3592,0.01758,10,24690
6,D,Combined,10%,0.9,1.1,10.0,10,What causes osteoporosis?,1.0,1.0,0.9556,1.8344,0.014046,10,25239
6,D,Combined,10%,0.9,1.1,10.0,10,Describe symptoms of anxiety disorder,1.0,1.0,0.9111,1.6434,0.013788,10,24541
6,D,Combined,10%,0.9,1.1,10.0,10,What medications are used for HIV/AIDS?,1.0,1.0,1.0,1.4979,0.00949,10,24308
6,D,Combined,10%,0.9,1.1,10.0,10,How is pneumonia diagnosed?,1.0,1.0,1.0,1.6957,0.007211,10,24591
6,D,Combined,10%,0.9,1.1,10.0,10,What causes inflammatory bowel disease?,1.0,1.0,1.0,2.164,0.001552,10,27510
6,D,Combined,10%,0.9,1.1,10.0,10,Describe treatment for chronic kidney disease,1.0,1.0,1.0,1.3592,0.016811,10,24369
6,D,Combined,10%,0.9,1.1,10.0,10,What are symptoms of schizophrenia?,1.0,1.0,0.9556,1.6094,0.010692,10,24570
6,D,Combined,10%,0.9,1.1,10.0,10,How is bipolar disorder managed?,1.0,1.0,0.9556,1.4708,0.015698,10,25351
6,D,Combined,10%,0.9,1.1,10.0,10,What causes psoriasis?,1.0,1.0,0.9111,1.4185,0.015689,10,25316
6,D,Combined,10%,0.9,1.1,10.0,10,Describe sepsis treatment,1.0,1.0,0.9556,1.6434,0.017346,9,25846
6,D,Combined,10%,0.9,1.1,10.0,10,What are risk factors for cancer?,1.0,1.0,0.9556,2.164,0.000604,10,25305
6,D,Combined,10%,0.9,1.1,10.0,10,How is ALS diagnosed?,1.0,1.0,0.9111,1.6094,0.011324,9,25533
6,D,Combined,20%,0.8,1.2,20.0,10,What are the symptoms of type 2 diabetes?,0.9,0.9512,0.8889,1.8867,0.007209,10,25286
6,D,Combined,20%,0.8,1.2,20.0,10,How is hypertension treated?,1.0,1.0,0.9556,1.8344,0.006791,10,24679
6,D,Combined,20%,0.8,1.2,20.0,10,What causes heart failure?,1.0,0.9999,0.9111,2.0253,0.006548,10,24494
6,D,Combined,20%,0.8,1.2,20.0,10,Describe the symptoms of lupus,0.9,0.9541,1.0,2.164,0.013621,10,24191
6,D,Combined,20%,0.8,1.2,20.0,10,What medications treat depression?,1.0,0.9999,0.9556,1.8867,0.00753,10,24306
6,D,Combined,20%,0.8,1.2,20.0,10,How does Alzheimer's disease progress?,1.0,1.0,0.9556,1.973,0.014629,10,23842
6,D,Combined,20%,0.8,1.2,20.0,10,What are risk factors for stroke?,0.9,0.9461,1.0,1.4185,0.007053,10,24473
6,D,Combined,20%,0.8,1.2,20.0,10,How is asthma managed long-term?,1.0,1.0,1.0,2.164,0.006186,10,24615
6,D,Combined,20%,0.8,1.2,20.0,10,What are signs of kidney disease?,1.0,0.9999,0.9111,1.6094,0.006,10,24187
6,D,Combined,20%,0.8,1.2,20.0,10,Describe rheumatoid arthritis treatment,1.0,1.0,1.0,1.973,0.008224,10,25388
6,D,Combined,20%,0.8,1.2,20.0,10,What causes Parkinson's disease?,1.0,1.0,1.0,2.164,0.014195,10,23274
6,D,Combined,20%,0.8,1.2,20.0,10,How is multiple sclerosis diagnosed?,1.0,1.0,1.0,1.8344,0.013488,10,26599
6,D,Combined,20%,0.8,1.2,20.0,10,What are symptoms of anemia?,1.0,0.9999,0.9556,1.6957,0.017385,10,25073
6,D,Combined,20%,0.8,1.2,20.0,10,How is hypothyroidism treated?,1.0,0.9999,0.9111,1.5048,0.013159,10,25638
6,D,Combined,20%,0.8,1.2,20.0,10,What causes chronic pain?,1.0,1.0,1.0,1.8344,0.00077,10,23668
6,D,Combined,20%,0.8,1.2,20.0,10,Describe COPD management,1.0,1.0,1.0,1.2206,0.023027,10,23621
6,D,Combined,20%,0.8,1.2,20.0,10,What are signs of liver disease?,1.0,0.9999,0.9556,2.0253,0.00166,10,24341
6,D,Combined,20%,0.8,1.2,20.0,10,How is epilepsy treated?,1.0,1.0,0.9556,1.3592,0.015984,9,27059
6,D,Combined,20%,0.8,1.2,20.0,10,What causes osteoporosis?,1.0,0.9998,0.8667,1.8344,0.013219,10,25029
6,D,Combined,20%,0.8,1.2,20.0,10,Describe symptoms of anxiety disorder,1.0,0.9999,0.8667,1.6094,0.012886,10,23702
6,D,Combined,20%,0.8,1.2,20.0,10,What medications are used for HIV/AIDS?,1.0,1.0,0.9556,1.4979,0.008915,10,24606
6,D,Combined,20%,0.8,1.2,20.0,10,How is pneumonia diagnosed?,1.0,0.9999,0.9556,1.8344,0.006641,10,23566
6,D,Combined,20%,0.8,1.2,20.0,10,What causes inflammatory bowel disease?,1.0,0.9999,0.9111,2.164,0.001435,10,23953
6,D,Combined,20%,0.8,1.2,20.0,10,Describe treatment for chronic kidney disease,1.0,1.0,0.9556,1.3592,0.015066,10,24131
6,D,Combined,20%,0.8,1.2,20.0,10,What are symptoms of schizophrenia?,0.9,0.9468,0.9444,1.6957,0.009505,10,24224
6,D,Combined,20%,0.8,1.2,20.0,10,How is bipolar disorder managed?,1.0,0.9993,0.9111,1.6957,0.014697,10,24863
6,D,Combined,20%,0.8,1.2,20.0,10,What causes psoriasis?,1.0,1.0,0.9556,1.6094,0.014884,10,24382
6,D,Combined,20%,0.8,1.2,20.0,10,Describe sepsis treatment,1.0,1.0,0.9556,1.6434,0.015806,10,24428
6,D,Combined,20%,0.8,1.2,20.0,10,What are risk factors for cancer?,1.0,0.9999,0.8667,1.8867,0.000597,9,24700
6,D,Combined,20%,0.8,1.2,20.0,10,How is ALS diagnosed?,1.0,1.0,1.0,1.6094,0.010859,10,23971
6,D,Combined,30%,0.7,1.3,30.0,10,What are the symptoms of type 2 diabetes?,0.9,0.9512,0.8889,2.164,0.006628,10,25168
6,D,Combined,30%,0.7,1.3,30.0,10,How is hypertension treated?,1.0,0.9999,0.9556,1.4185,0.006684,10,24889
6,D,Combined,30%,0.7,1.3,30.0,10,What causes heart failure?,1.0,1.0,1.0,2.164,0.006136,10,24561
6,D,Combined,30%,0.7,1.3,30.0,10,Describe the symptoms of lupus,1.0,1.0,1.0,2.164,0.01201,10,23734
6,D,Combined,30%,0.7,1.3,30.0,10,What medications treat depression?,1.0,1.0,1.0,1.8867,0.007032,10,24044
6,D,Combined,30%,0.7,1.3,30.0,10,How does Alzheimer's disease progress?,1.0,1.0,0.9556,1.973,0.014315,10,23973
6,D,Combined,30%,0.7,1.3,30.0,10,What are risk factors for stroke?,0.9,0.9437,0.8889,1.3592,0.006487,9,24286
6,D,Combined,30%,0.7,1.3,30.0,10,How is asthma managed long-term?,1.0,1.0,1.0,2.0253,0.005722,10,24785
6,D,Combined,30%,0.7,1.3,30.0,10,What are signs of kidney disease?,1.0,0.9998,0.8667,1.6094,0.005989,10,25961
6,D,Combined,30%,0.7,1.3,30.0,10,Describe rheumatoid arthritis treatment,1.0,0.9999,0.9556,2.0253,0.007376,10,24650
6,D,Combined,30%,0.7,1.3,30.0,10,What causes Parkinson's disease?,1.0,1.0,1.0,2.164,0.012732,10,24260
6,D,Combined,30%,0.7,1.3,30.0,10,How is multiple sclerosis diagnosed?,1.0,1.0,0.9556,1.973,0.012438,10,24347
6,D,Combined,30%,0.7,1.3,30.0,10,What are symptoms of anemia?,1.0,1.0,0.9111,1.6957,0.016623,10,27482
6,D,Combined,30%,0.7,1.3,30.0,10,How is hypothyroidism treated?,1.0,1.0,0.9556,1.6957,0.012899,10,24799
6,D,Combined,30%,0.7,1.3,30.0,10,What causes chronic pain?,1.0,0.9998,0.8667,2.0253,0.000694,10,24199
6,D,Combined,30%,0.7,1.3,30.0,10,Describe COPD management,1.0,1.0,1.0,1.2206,0.02259,10,26069
6,D,Combined,30%,0.7,1.3,30.0,10,What are signs of liver disease?,1.0,1.0,1.0,1.8867,0.001295,10,24945
6,D,Combined,30%,0.7,1.3,30.0,10,How is epilepsy treated?,1.0,1.0,0.9556,1.3592,0.015877,10,24340
6,D,Combined,30%,0.7,1.3,30.0,10,What causes osteoporosis?,1.0,1.0,0.9556,1.8344,0.012727,10,24736
6,D,Combined,30%,0.7,1.3,30.0,10,Describe symptoms of anxiety disorder,1.0,0.9999,0.9111,1.6434,0.012158,10,23782
6,D,Combined,30%,0.7,1.3,30.0,10,What medications are used for HIV/AIDS?,1.0,0.9999,0.9111,1.4979,0.008112,10,24928
6,D,Combined,30%,0.7,1.3,30.0,10,How is pneumonia diagnosed?,1.0,1.0,0.9556,1.8867,0.006534,10,24040
6,D,Combined,30%,0.7,1.3,30.0,10,What causes inflammatory bowel disease?,1.0,0.9999,0.9111,1.8867,0.001423,10,24302
6,D,Combined,30%,0.7,1.3,30.0,10,Describe treatment for chronic kidney disease,1.0,1.0,0.9556,1.3592,0.01435,10,24792
6,D,Combined,30%,0.7,1.3,30.0,10,What are symptoms of schizophrenia?,1.0,0.9997,0.8667,1.4708,0.010766,10,24092
6,D,Combined,30%,0.7,1.3,30.0,10,How is bipolar disorder managed?,1.0,1.0,0.9556,1.4708,0.013495,10,23728
6,D,Combined,30%,0.7,1.3,30.0,10,What causes psoriasis?,1.0,1.0,0.9556,1.4185,0.013396,10,24132
6,D,Combined,30%,0.7,1.3,30.0,10,Describe sepsis treatment,1.0,1.0,0.9556,1.6434,0.0159,10,23926
6,D,Combined,30%,0.7,1.3,30.0,10,What are risk factors for cancer?,1.0,0.9998,0.7333,2.0253,0.000443,10,24595
6,D,Combined,30%,0.7,1.3,30.0,10,How is ALS diagnosed?,1.0,1.0,0.9111,1.6094,0.009876,10,26029
6,D,Combined,50%,0.5,1.5,50.0,10,What are the symptoms of type 2 diabetes?,0.9,0.951,0.8889,1.6434,0.005548,10,24519
6,D,Combined,50%,0.5,1.5,50.0,10,How is hypertension treated?,1.0,0.9998,0.9111,1.973,0.005098,10,27664
6,D,Combined,50%,0.5,1.5,50.0,10,What causes heart failure?,0.9,0.95,0.9444,2.0253,0.004295,10,24535
6,D,Combined,50%,0.5,1.5,50.0,10,Describe the symptoms of lupus,0.8,0.905,1.0,1.8344,0.010573,10,24072
6,D,Combined,50%,0.5,1.5,50.0,10,What medications treat depression?,1.0,1.0,1.0,2.164,0.005127,10,25767
6,D,Combined,50%,0.5,1.5,50.0,10,How does Alzheimer's disease progress?,1.0,1.0,0.8667,1.8344,0.010863,10,25208
6,D,Combined,50%,0.5,1.5,50.0,10,What are risk factors for stroke?,1.0,0.9997,0.7778,1.4185,0.004838,9,25355
6,D,Combined,50%,0.5,1.5,50.0,10,How is asthma managed long-term?,1.0,1.0,0.9556,1.973,0.004448,10,28025
6,D,Combined,50%,0.5,1.5,50.0,10,What are signs of kidney disease?,1.0,0.9999,0.8667,1.8867,0.004053,9,24293
6,D,Combined,50%,0.5,1.5,50.0,10,Describe rheumatoid arthritis treatment,1.0,0.9999,0.9111,1.973,0.006323,10,24266
6,D,Combined,50%,0.5,1.5,50.0,10,What causes Parkinson's disease?,1.0,0.9998,0.9111,1.973,0.01017,10,27099
6,D,Combined,50%,0.5,1.5,50.0,10,How is multiple sclerosis diagnosed?,0.9,0.9565,1.0,1.8344,0.010514,10,24748
6,D,Combined,50%,0.5,1.5,50.0,10,What are symptoms of anemia?,1.0,1.0,0.9111,2.0253,0.013395,10,25346
6,D,Combined,50%,0.5,1.5,50.0,10,How is hypothyroidism treated?,0.9,0.9554,0.8889,1.5048,0.010229,10,24523
6,D,Combined,50%,0.5,1.5,50.0,10,What causes chronic pain?,0.9,0.9424,0.8333,2.0253,0.000383,10,23889
6,D,Combined,50%,0.5,1.5,50.0,10,Describe COPD management,1.0,1.0,0.9556,1.0889,0.015916,10,24300
6,D,Combined,50%,0.5,1.5,50.0,10,What are signs of liver disease?,0.9,0.9453,0.7222,1.973,0.001417,10,27124
6,D,Combined,50%,0.5,1.5,50.0,10,How is epilepsy treated?,0.9,0.9608,0.8333,1.3592,0.013009,10,27209
6,D,Combined,50%,0.5,1.5,50.0,10,What causes osteoporosis?,1.0,0.9968,0.8667,1.7481,0.009388,10,24080
6,D,Combined,50%,0.5,1.5,50.0,10,Describe symptoms of anxiety disorder,0.9,0.9487,0.8889,1.8344,0.009775,10,24253
6,D,Combined,50%,0.5,1.5,50.0,10,What medications are used for HIV/AIDS?,1.0,0.9997,0.7778,1.4979,0.006531,10,25370
6,D,Combined,50%,0.5,1.5,50.0,10,How is pneumonia diagnosed?,1.0,0.9994,0.6889,1.6094,0.004709,10,26486
6,D,Combined,50%,0.5,1.5,50.0,10,What causes inflammatory bowel disease?,0.9,0.9448,0.8889,2.164,0.001272,10,24041
6,D,Combined,50%,0.5,1.5,50.0,10,Describe treatment for chronic kidney disease,1.0,0.9999,0.8222,1.3592,0.011542,10,25568
6,D,Combined,50%,0.5,1.5,50.0,10,What are symptoms of schizophrenia?,1.0,0.9992,0.7333,1.4185,0.008715,10,24462
6,D,Combined,50%,0.5,1.5,50.0,10,How is bipolar disorder managed?,1.0,0.9997,0.8222,1.2799,0.011192,10,24719
6,D,Combined,50%,0.5,1.5,50.0,10,What causes psoriasis?,1.0,0.9999,0.8667,1.5571,0.012319,10,24626
6,D,Combined,50%,0.5,1.5,50.0,10,Describe sepsis treatment,0.9,0.9616,0.9444,1.8867,0.012425,10,24080
6,D,Combined,50%,0.5,1.5,50.0,10,What are risk factors for cancer?,0.9,0.9386,0.7222,2.164,0.000328,9,25335
6,D,Combined,50%,0.5,1.5,50.0,10,How is ALS diagnosed?,1.0,1.0,0.9556,1.4979,0.007882,10,24532
6,D,Combined,70%,0.3,1.7,70.0,10,What are the symptoms of type 2 diabetes?,0.9,0.9512,0.8889,2.0253,0.00296,10,26328
6,D,Combined,70%,0.3,1.7,70.0,10,How is hypertension treated?,1.0,0.9999,0.9111,2.0253,0.003525,10,24251
6,D,Combined,70%,0.3,1.7,70.0,10,What causes heart failure?,1.0,0.9999,0.9556,2.0253,0.002873,10,24045
6,D,Combined,70%,0.3,1.7,70.0,10,Describe the symptoms of lupus,1.0,1.0,0.9556,1.6957,0.005932,10,26901
6,D,Combined,70%,0.3,1.7,70.0,10,What medications treat depression?,1.0,1.0,1.0,1.8867,0.003069,10,24137
6,D,Combined,70%,0.3,1.7,70.0,10,How does Alzheimer's disease progress?,1.0,0.9999,0.8667,2.0253,0.006321,10,24340
6,D,Combined,70%,0.3,1.7,70.0,10,What are risk factors for stroke?,0.9,0.946,0.9444,1.4708,0.003076,10,24764
6,D,Combined,70%,0.3,1.7,70.0,10,How is asthma managed long-term?,1.0,0.9999,0.9556,2.0253,0.003116,10,27371
6,D,Combined,70%,0.3,1.7,70.0,10,What are signs of kidney disease?,1.0,0.9998,0.8667,1.8344,0.002734,10,24382
6,D,Combined,70%,0.3,1.7,70.0,10,Describe rheumatoid arthritis treatment,0.9,0.9566,1.0,1.8344,0.00392,10,23919
6,D,Combined,70%,0.3,1.7,70.0,10,What causes Parkinson's disease?,1.0,1.0,1.0,1.8344,0.006804,10,23899
6,D,Combined,70%,0.3,1.7,70.0,10,How is multiple sclerosis diagnosed?,0.9,0.9547,1.0,2.0253,0.006383,10,24604
6,D,Combined,70%,0.3,1.7,70.0,10,What are symptoms of anemia?,1.0,0.9999,0.8667,2.0253,0.007605,10,24497
6,D,Combined,70%,0.3,1.7,70.0,10,How is hypothyroidism treated?,0.9,0.9507,0.7778,1.6094,0.00625,10,26319
6,D,Combined,70%,0.3,1.7,70.0,10,What causes chronic pain?,0.9,0.9394,0.7222,2.0253,0.000362,10,24066
6,D,Combined,70%,0.3,1.7,70.0,10,Describe COPD management,1.0,0.9999,0.9111,1.2275,0.009999,10,24643
6,D,Combined,70%,0.3,1.7,70.0,10,What are signs of liver disease?,0.9,0.9459,0.8333,1.973,0.000592,10,24608
6,D,Combined,70%,0.3,1.7,70.0,10,How is epilepsy treated?,0.9,0.9612,0.8333,1.4979,0.007797,10,24873
6,D,Combined,70%,0.3,1.7,70.0,10,What causes osteoporosis?,0.9,0.946,0.6111,1.6094,0.005966,10,24843
6,D,Combined,70%,0.3,1.7,70.0,10,Describe symptoms of anxiety disorder,0.8,0.8942,0.7143,1.5048,0.006937,10,25050
6,D,Combined,70%,0.3,1.7,70.0,10,What medications are used for HIV/AIDS?,1.0,0.9999,0.9111,1.7481,0.004669,10,26169
6,D,Combined,70%,0.3,1.7,70.0,10,How is pneumonia diagnosed?,0.9,0.9469,0.9444,1.6957,0.003199,10,27138
6,D,Combined,70%,0.3,1.7,70.0,10,What causes inflammatory bowel disease?,0.9,0.9463,0.8333,2.164,0.000747,10,27249
6,D,Combined,70%,0.3,1.7,70.0,10,Describe treatment for chronic kidney disease,0.9,0.957,0.9444,1.4708,0.008114,10,24933
6,D,Combined,70%,0.3,1.7,70.0,10,What are symptoms of schizophrenia?,0.9,0.9478,0.5,1.1683,0.005038,10,25170
6,D,Combined,70%,0.3,1.7,70.0,10,How is bipolar disorder managed?,1.0,0.9998,0.8667,1.4708,0.006291,10,24547
6,D,Combined,70%,0.3,1.7,70.0,10,What causes psoriasis?,0.9,0.9482,0.7778,1.4185,0.006888,10,24147
6,D,Combined,70%,0.3,1.7,70.0,10,Describe sepsis treatment,1.0,1.0,0.9556,1.6434,0.007022,10,24844
6,D,Combined,70%,0.3,1.7,70.0,10,What are risk factors for cancer?,1.0,0.9993,0.5556,2.164,0.000331,10,23541
6,D,Combined,70%,0.3,1.7,70.0,10,How is ALS diagnosed?,0.9,0.9511,0.6667,1.2275,0.005731,10,24211
6,D,RomeCombined,1%,0.99,1.01,1.0,10,What are the symptoms of type 2 diabetes?,1.0,1.0,1.0,2.164,0.007922,10,26167
6,D,RomeCombined,1%,0.99,1.01,1.0,10,How is hypertension treated?,1.0,1.0,1.0,1.6094,0.007049,10,24723
6,D,RomeCombined,1%,0.99,1.01,1.0,10,What causes heart failure?,1.0,1.0,1.0,2.0253,0.006832,10,25004
6,D,RomeCombined,1%,0.99,1.01,1.0,10,Describe the symptoms of lupus,1.0,1.0,1.0,2.0253,0.014672,10,24604
6,D,RomeCombined,1%,0.99,1.01,1.0,10,What medications treat depression?,1.0,1.0,1.0,2.164,0.008112,10,24895
6,D,RomeCombined,1%,0.99,1.01,1.0,10,How does Alzheimer's disease progress?,1.0,1.0,1.0,1.973,0.015894,10,25026
6,D,RomeCombined,1%,0.99,1.01,1.0,10,What are risk factors for stroke?,1.0,1.0,1.0,1.3592,0.007777,10,24356
6,D,RomeCombined,1%,0.99,1.01,1.0,10,How is asthma managed long-term?,1.0,1.0,1.0,2.164,0.006695,10,24827
6,D,RomeCombined,1%,0.99,1.01,1.0,10,What are signs of kidney disease?,1.0,1.0,1.0,1.8344,0.006646,10,25240
6,D,RomeCombined,1%,0.99,1.01,1.0,10,Describe rheumatoid arthritis treatment,1.0,1.0,1.0,1.8344,0.009173,10,23826
6,D,RomeCombined,1%,0.99,1.01,1.0,10,What causes Parkinson's disease?,1.0,1.0,1.0,1.973,0.01515,10,24655
6,D,RomeCombined,1%,0.99,1.01,1.0,10,How is multiple sclerosis diagnosed?,1.0,1.0,1.0,1.8344,0.014298,10,25294
6,D,RomeCombined,1%,0.99,1.01,1.0,10,What are symptoms of anemia?,1.0,1.0,1.0,1.6957,0.018167,10,25066
6,D,RomeCombined,1%,0.99,1.01,1.0,10,How is hypothyroidism treated?,1.0,1.0,1.0,1.5048,0.014417,10,25093
6,D,RomeCombined,1%,0.99,1.01,1.0,10,What causes chronic pain?,1.0,1.0,1.0,2.164,0.00077,10,24658
6,D,RomeCombined,1%,0.99,1.01,1.0,10,Describe COPD management,1.0,1.0,1.0,1.2206,0.024943,10,24298
6,D,RomeCombined,1%,0.99,1.01,1.0,10,What are signs of liver disease?,1.0,1.0,1.0,2.0253,0.001755,10,24644
6,D,RomeCombined,1%,0.99,1.01,1.0,10,How is epilepsy treated?,1.0,1.0,1.0,1.3592,0.017423,10,24308
6,D,RomeCombined,1%,0.99,1.01,1.0,10,What causes osteoporosis?,1.0,1.0,1.0,1.8344,0.01411,10,24618
6,D,RomeCombined,1%,0.99,1.01,1.0,10,Describe symptoms of anxiety disorder,1.0,1.0,1.0,1.6094,0.013916,10,25467
6,D,RomeCombined,1%,0.99,1.01,1.0,10,What medications are used for HIV/AIDS?,1.0,1.0,1.0,1.4979,0.009654,10,25944
6,D,RomeCombined,1%,0.99,1.01,1.0,10,How is pneumonia diagnosed?,1.0,1.0,1.0,1.8344,0.007201,10,25723
6,D,RomeCombined,1%,0.99,1.01,1.0,10,What causes inflammatory bowel disease?,1.0,1.0,0.9556,2.164,0.001507,9,26655
6,D,RomeCombined,1%,0.99,1.01,1.0,10,Describe treatment for chronic kidney disease,1.0,1.0,1.0,1.3592,0.016569,10,24635
6,D,RomeCombined,1%,0.99,1.01,1.0,10,What are symptoms of schizophrenia?,1.0,1.0,1.0,1.6957,0.010803,10,24567
6,D,RomeCombined,1%,0.99,1.01,1.0,10,How is bipolar disorder managed?,1.0,1.0,1.0,1.2799,0.016103,10,28038
6,D,RomeCombined,1%,0.99,1.01,1.0,10,What causes psoriasis?,1.0,1.0,1.0,1.6094,0.016073,10,25129
6,D,RomeCombined,1%,0.99,1.01,1.0,10,Describe sepsis treatment,1.0,1.0,1.0,1.6434,0.017422,10,24284
6,D,RomeCombined,1%,0.99,1.01,1.0,10,What are risk factors for cancer?,1.0,1.0,1.0,1.973,0.000536,10,26995
6,D,RomeCombined,1%,0.99,1.01,1.0,10,How is ALS diagnosed?,1.0,1.0,1.0,1.6094,0.011345,10,27732
6,D,RomeCombined,5%,0.95,1.05,5.0,10,What are the symptoms of type 2 diabetes?,0.9,0.9513,1.0,2.164,0.007913,10,27619
6,D,RomeCombined,5%,0.95,1.05,5.0,10,How is hypertension treated?,1.0,1.0,1.0,1.8344,0.007069,10,26130
6,D,RomeCombined,5%,0.95,1.05,5.0,10,What causes heart failure?,1.0,1.0,1.0,2.0253,0.006885,10,26913
6,D,RomeCombined,5%,0.95,1.05,5.0,10,Describe the symptoms of lupus,1.0,1.0,1.0,1.8867,0.014595,10,24677
6,D,RomeCombined,5%,0.95,1.05,5.0,10,What medications treat depression?,1.0,1.0,1.0,2.164,0.008082,10,25134
6,D,RomeCombined,5%,0.95,1.05,5.0,10,How does Alzheimer's disease progress?,1.0,1.0,1.0,1.973,0.015773,10,25186
6,D,RomeCombined,5%,0.95,1.05,5.0,10,What are risk factors for stroke?,1.0,1.0,1.0,1.4185,0.007867,10,24888
6,D,RomeCombined,5%,0.95,1.05,5.0,10,How is asthma managed long-term?,1.0,1.0,1.0,2.0253,0.006687,10,25209
6,D,RomeCombined,5%,0.95,1.05,5.0,10,What are signs of kidney disease?,1.0,1.0,1.0,1.8344,0.006605,10,25676
6,D,RomeCombined,5%,0.95,1.05,5.0,10,Describe rheumatoid arthritis treatment,1.0,1.0,1.0,1.8344,0.009205,10,25942
6,D,RomeCombined,5%,0.95,1.05,5.0,10,What causes Parkinson's disease?,1.0,1.0,1.0,1.973,0.01507,10,25551
6,D,RomeCombined,5%,0.95,1.05,5.0,10,How is multiple sclerosis diagnosed?,1.0,1.0,0.9556,1.8344,0.014176,10,25040
6,D,RomeCombined,5%,0.95,1.05,5.0,10,What are symptoms of anemia?,1.0,1.0,1.0,1.6957,0.018304,10,25512
6,D,RomeCombined,5%,0.95,1.05,5.0,10,How is hypothyroidism treated?,1.0,1.0,1.0,1.5048,0.014438,10,25630
6,D,RomeCombined,5%,0.95,1.05,5.0,10,What causes chronic pain?,1.0,1.0,0.9556,2.164,0.000747,10,24816
6,D,RomeCombined,5%,0.95,1.05,5.0,10,Describe COPD management,1.0,1.0,1.0,1.2206,0.025,10,25335
6,D,RomeCombined,5%,0.95,1.05,5.0,10,What are signs of liver disease?,1.0,1.0,1.0,2.0253,0.001749,10,24308
6,D,RomeCombined,5%,0.95,1.05,5.0,10,How is epilepsy treated?,1.0,1.0,1.0,1.3592,0.017238,10,26019
6,D,RomeCombined,5%,0.95,1.05,5.0,10,What causes osteoporosis?,1.0,1.0,1.0,1.8344,0.014106,10,25851
6,D,RomeCombined,5%,0.95,1.05,5.0,10,Describe symptoms of anxiety disorder,1.0,1.0,1.0,1.6094,0.01389,10,27683
6,D,RomeCombined,5%,0.95,1.05,5.0,10,What medications are used for HIV/AIDS?,1.0,1.0,1.0,1.4979,0.009732,10,24935
6,D,RomeCombined,5%,0.95,1.05,5.0,10,How is pneumonia diagnosed?,1.0,1.0,0.9556,1.6094,0.007131,10,25058
6,D,RomeCombined,5%,0.95,1.05,5.0,10,What causes inflammatory bowel disease?,1.0,1.0,0.9556,2.164,0.001525,10,25293
6,D,RomeCombined,5%,0.95,1.05,5.0,10,Describe treatment for chronic kidney disease,1.0,1.0,1.0,1.3592,0.016515,10,25624
6,D,RomeCombined,5%,0.95,1.05,5.0,10,What are symptoms of schizophrenia?,1.0,1.0,1.0,1.6957,0.010786,10,24785
6,D,RomeCombined,5%,0.95,1.05,5.0,10,How is bipolar disorder managed?,1.0,1.0,0.9111,1.2799,0.01605,10,24670
6,D,RomeCombined,5%,0.95,1.05,5.0,10,What causes psoriasis?,1.0,1.0,1.0,1.6094,0.016134,10,25201
6,D,RomeCombined,5%,0.95,1.05,5.0,10,Describe sepsis treatment,1.0,1.0,1.0,1.6434,0.017349,10,25230
6,D,RomeCombined,5%,0.95,1.05,5.0,10,What are risk factors for cancer?,1.0,1.0,0.9556,1.8344,0.000524,10,24372
6,D,RomeCombined,5%,0.95,1.05,5.0,10,How is ALS diagnosed?,1.0,1.0,1.0,1.6094,0.011232,10,26026
6,D,RomeCombined,10%,0.9,1.1,10.0,10,What are the symptoms of type 2 diabetes?,0.9,0.9513,1.0,2.0253,0.007685,10,26192
6,D,RomeCombined,10%,0.9,1.1,10.0,10,How is hypertension treated?,1.0,1.0,1.0,1.6094,0.006902,10,24449
6,D,RomeCombined,10%,0.9,1.1,10.0,10,What causes heart failure?,0.9,0.9499,1.0,2.0253,0.006767,10,24427
6,D,RomeCombined,10%,0.9,1.1,10.0,10,Describe the symptoms of lupus,1.0,1.0,1.0,2.0253,0.014553,10,24883
6,D,RomeCombined,10%,0.9,1.1,10.0,10,What medications treat depression?,1.0,1.0,1.0,2.164,0.007984,10,24488
6,D,RomeCombined,10%,0.9,1.1,10.0,10,How does Alzheimer's disease progress?,1.0,1.0,0.9556,1.973,0.015658,10,27283
6,D,RomeCombined,10%,0.9,1.1,10.0,10,What are risk factors for stroke?,1.0,1.0,1.0,1.3592,0.007802,10,27335
6,D,RomeCombined,10%,0.9,1.1,10.0,10,How is asthma managed long-term?,1.0,1.0,1.0,2.164,0.006475,10,23960
6,D,RomeCombined,10%,0.9,1.1,10.0,10,What are signs of kidney disease?,1.0,1.0,1.0,1.8344,0.006562,10,25161
6,D,RomeCombined,10%,0.9,1.1,10.0,10,Describe rheumatoid arthritis treatment,1.0,1.0,0.9556,1.8344,0.008857,10,24783
6,D,RomeCombined,10%,0.9,1.1,10.0,10,What causes Parkinson's disease?,1.0,1.0,1.0,1.973,0.014822,10,24355
6,D,RomeCombined,10%,0.9,1.1,10.0,10,How is multiple sclerosis diagnosed?,1.0,1.0,1.0,1.8344,0.014176,10,25423
6,D,RomeCombined,10%,0.9,1.1,10.0,10,What are symptoms of anemia?,1.0,1.0,1.0,1.6957,0.018025,10,25690
6,D,RomeCombined,10%,0.9,1.1,10.0,10,How is hypothyroidism treated?,1.0,1.0,1.0,1.5048,0.014464,10,25253
6,D,RomeCombined,10%,0.9,1.1,10.0,10,What causes chronic pain?,1.0,1.0,1.0,1.8867,0.000724,10,25000
6,D,RomeCombined,10%,0.9,1.1,10.0,10,Describe COPD management,1.0,1.0,1.0,1.2206,0.024431,10,24454
6,D,RomeCombined,10%,0.9,1.1,10.0,10,What are signs of liver disease?,1.0,1.0,1.0,2.0253,0.001726,10,24777
6,D,RomeCombined,10%,0.9,1.1,10.0,10,How is epilepsy treated?,1.0,1.0,0.9556,1.3592,0.01727,10,25483
6,D,RomeCombined,10%,0.9,1.1,10.0,10,What causes osteoporosis?,1.0,1.0,0.9556,1.8344,0.013857,10,24369
6,D,RomeCombined,10%,0.9,1.1,10.0,10,Describe symptoms of anxiety disorder,1.0,1.0,1.0,1.6094,0.013589,10,24620
6,D,RomeCombined,10%,0.9,1.1,10.0,10,What medications are used for HIV/AIDS?,1.0,1.0,1.0,1.4979,0.009321,10,25438
6,D,RomeCombined,10%,0.9,1.1,10.0,10,How is pneumonia diagnosed?,1.0,1.0,0.9556,1.8344,0.007041,10,25067
6,D,RomeCombined,10%,0.9,1.1,10.0,10,What causes inflammatory bowel disease?,1.0,0.9999,0.8667,1.973,0.001439,10,26640
6,D,RomeCombined,10%,0.9,1.1,10.0,10,Describe treatment for chronic kidney disease,1.0,1.0,1.0,1.3592,0.016317,10,25810
6,D,RomeCombined,10%,0.9,1.1,10.0,10,What are symptoms of schizophrenia?,1.0,1.0,1.0,1.4185,0.010503,10,24853
6,D,RomeCombined,10%,0.9,1.1,10.0,10,How is bipolar disorder managed?,1.0,1.0,0.8667,1.4708,0.015799,10,24861
6,D,RomeCombined,10%,0.9,1.1,10.0,10,What causes psoriasis?,1.0,1.0,0.9556,1.6094,0.015458,10,25951
6,D,RomeCombined,10%,0.9,1.1,10.0,10,Describe sepsis treatment,1.0,1.0,0.9556,1.6434,0.017323,10,28416
6,D,RomeCombined,10%,0.9,1.1,10.0,10,What are risk factors for cancer?,1.0,1.0,0.9556,2.164,0.00052,10,24530
6,D,RomeCombined,10%,0.9,1.1,10.0,10,How is ALS diagnosed?,1.0,1.0,0.9111,1.6094,0.010937,10,25471
6,D,RomeCombined,20%,0.8,1.2,20.0,10,What are the symptoms of type 2 diabetes?,1.0,1.0,1.0,2.0253,0.007213,10,25511
6,D,RomeCombined,20%,0.8,1.2,20.0,10,How is hypertension treated?,1.0,1.0,0.9556,1.8344,0.00652,10,24945
6,D,RomeCombined,20%,0.8,1.2,20.0,10,What causes heart failure?,0.9,0.9501,1.0,2.0253,0.006413,10,27277
6,D,RomeCombined,20%,0.8,1.2,20.0,10,Describe the symptoms of lupus,1.0,1.0,1.0,1.8867,0.013533,10,27983
6,D,RomeCombined,20%,0.8,1.2,20.0,10,What medications treat depression?,1.0,0.9999,0.9556,1.8867,0.007784,10,27805
6,D,RomeCombined,20%,0.8,1.2,20.0,10,How does Alzheimer's disease progress?,1.0,1.0,1.0,1.973,0.015251,10,27233
6,D,RomeCombined,20%,0.8,1.2,20.0,10,What are risk factors for stroke?,1.0,1.0,0.9556,1.3592,0.007228,10,18555
6,D,RomeCombined,20%,0.8,1.2,20.0,10,How is asthma managed long-term?,1.0,1.0,1.0,2.0253,0.006512,10,15265
6,D,RomeCombined,20%,0.8,1.2,20.0,10,What are signs of kidney disease?,1.0,0.9999,0.9111,2.0253,0.00681,10,13490
6,D,RomeCombined,20%,0.8,1.2,20.0,10,Describe rheumatoid arthritis treatment,1.0,1.0,1.0,1.973,0.009193,10,12797
6,D,RomeCombined,20%,0.8,1.2,20.0,10,What causes Parkinson's disease?,1.0,1.0,1.0,1.973,0.014333,10,11659
6,D,RomeCombined,20%,0.8,1.2,20.0,10,How is multiple sclerosis diagnosed?,0.9,0.9565,1.0,2.164,0.013711,10,12892
6,D,RomeCombined,20%,0.8,1.2,20.0,10,What are symptoms of anemia?,1.0,1.0,1.0,1.6957,0.017049,9,11685
6,D,RomeCombined,20%,0.8,1.2,20.0,10,How is hypothyroidism treated?,1.0,0.9999,0.9556,1.5048,0.013326,10,11885
6,D,RomeCombined,20%,0.8,1.2,20.0,10,What causes chronic pain?,1.0,1.0,0.9556,2.164,0.000752,10,11481
6,D,RomeCombined,20%,0.8,1.2,20.0,10,Describe COPD management,1.0,1.0,0.9556,1.2206,0.023726,10,11688
6,D,RomeCombined,20%,0.8,1.2,20.0,10,What are signs of liver disease?,1.0,1.0,1.0,2.0253,0.001676,10,11269
6,D,RomeCombined,20%,0.8,1.2,20.0,10,How is epilepsy treated?,1.0,1.0,0.9556,1.3592,0.015859,10,11667
6,D,RomeCombined,20%,0.8,1.2,20.0,10,What causes osteoporosis?,1.0,1.0,0.9111,1.6957,0.013621,10,11143
6,D,RomeCombined,20%,0.8,1.2,20.0,10,Describe symptoms of anxiety disorder,1.0,1.0,1.0,1.6094,0.013284,10,10791
6,D,RomeCombined,20%,0.8,1.2,20.0,10,What medications are used for HIV/AIDS?,1.0,1.0,1.0,1.4979,0.009289,10,10501
6,D,RomeCombined,20%,0.8,1.2,20.0,10,How is pneumonia diagnosed?,0.9,0.9473,0.9444,1.8344,0.00695,10,12093
6,D,RomeCombined,20%,0.8,1.2,20.0,10,What causes inflammatory bowel disease?,1.0,1.0,1.0,2.0253,0.001504,10,11678
6,D,RomeCombined,20%,0.8,1.2,20.0,10,Describe treatment for chronic kidney disease,1.0,1.0,0.9556,1.3592,0.01607,10,12497
6,D,RomeCombined,20%,0.8,1.2,20.0,10,What are symptoms of schizophrenia?,0.9,0.949,1.0,1.6957,0.009683,10,12479
6,D,RomeCombined,20%,0.8,1.2,20.0,10,How is bipolar disorder managed?,1.0,1.0,0.9556,1.4708,0.015075,10,12743
6,D,RomeCombined,20%,0.8,1.2,20.0,10,What causes psoriasis?,1.0,1.0,0.9556,1.6094,0.015271,10,11731
6,D,RomeCombined,20%,0.8,1.2,20.0,10,Describe sepsis treatment,1.0,1.0,1.0,1.6434,0.016136,10,11574
6,D,RomeCombined,20%,0.8,1.2,20.0,10,What are risk factors for cancer?,1.0,0.9999,0.8667,2.0253,0.000554,10,12181
6,D,RomeCombined,20%,0.8,1.2,20.0,10,How is ALS diagnosed?,1.0,1.0,0.9556,1.6094,0.010992,10,10761
6,D,RomeCombined,30%,0.7,1.3,30.0,10,What are the symptoms of type 2 diabetes?,1.0,0.9999,0.9556,1.8867,0.007359,10,25347
6,D,RomeCombined,30%,0.7,1.3,30.0,10,How is hypertension treated?,0.9,0.9528,1.0,1.6094,0.005914,10,25056
6,D,RomeCombined,30%,0.7,1.3,30.0,10,What causes heart failure?,1.0,1.0,1.0,2.0253,0.005918,10,25801
6,D,RomeCombined,30%,0.7,1.3,30.0,10,Describe the symptoms of lupus,1.0,1.0,1.0,2.0253,0.013302,10,24966
6,D,RomeCombined,30%,0.7,1.3,30.0,10,What medications treat depression?,1.0,1.0,1.0,1.8867,0.00697,10,24548
6,D,RomeCombined,30%,0.7,1.3,30.0,10,How does Alzheimer's disease progress?,1.0,1.0,0.9556,1.8344,0.014639,10,26079
6,D,RomeCombined,30%,0.7,1.3,30.0,10,What are risk factors for stroke?,1.0,0.9999,0.9111,1.3592,0.006839,10,25056
6,D,RomeCombined,30%,0.7,1.3,30.0,10,How is asthma managed long-term?,1.0,1.0,1.0,2.0253,0.005545,10,25834
6,D,RomeCombined,30%,0.7,1.3,30.0,10,What are signs of kidney disease?,1.0,0.9999,0.8667,1.973,0.006553,10,24702
6,D,RomeCombined,30%,0.7,1.3,30.0,10,Describe rheumatoid arthritis treatment,1.0,1.0,0.9556,1.8344,0.00745,10,27221
6,D,RomeCombined,30%,0.7,1.3,30.0,10,What causes Parkinson's disease?,1.0,1.0,0.9556,1.973,0.012832,10,28401
6,D,RomeCombined,30%,0.7,1.3,30.0,10,How is multiple sclerosis diagnosed?,1.0,1.0,1.0,1.8344,0.012516,10,25455
6,D,RomeCombined,30%,0.7,1.3,30.0,10,What are symptoms of anemia?,1.0,1.0,0.9556,1.8344,0.015656,10,25667
6,D,RomeCombined,30%,0.7,1.3,30.0,10,How is hypothyroidism treated?,1.0,0.9999,0.9111,1.5048,0.013189,10,25360
6,D,RomeCombined,30%,0.7,1.3,30.0,10,What causes chronic pain?,1.0,0.9998,0.8667,2.0253,0.000666,10,25501
6,D,RomeCombined,30%,0.7,1.3,30.0,10,Describe COPD management,0.9,0.9605,0.8889,1.2206,0.022028,10,24094
6,D,RomeCombined,30%,0.7,1.3,30.0,10,What are signs of liver disease?,1.0,1.0,1.0,2.164,0.001424,10,24589
6,D,RomeCombined,30%,0.7,1.3,30.0,10,How is epilepsy treated?,1.0,1.0,0.9111,1.3592,0.015187,10,24970
6,D,RomeCombined,30%,0.7,1.3,30.0,10,What causes osteoporosis?,1.0,0.9998,0.8667,1.6957,0.012771,10,25648
6,D,RomeCombined,30%,0.7,1.3,30.0,10,Describe symptoms of anxiety disorder,1.0,0.9999,0.9111,1.6094,0.011822,10,24473
6,D,RomeCombined,30%,0.7,1.3,30.0,10,What medications are used for HIV/AIDS?,1.0,1.0,0.9556,1.4979,0.008338,10,25812
6,D,RomeCombined,30%,0.7,1.3,30.0,10,How is pneumonia diagnosed?,1.0,1.0,0.9556,1.8344,0.006703,10,24186
6,D,RomeCombined,30%,0.7,1.3,30.0,10,What causes inflammatory bowel disease?,0.9,0.9464,0.9444,2.0253,0.001307,10,28039
6,D,RomeCombined,30%,0.7,1.3,30.0,10,Describe treatment for chronic kidney disease,0.9,0.957,1.0,1.4708,0.014891,10,25610
6,D,RomeCombined,30%,0.7,1.3,30.0,10,What are symptoms of schizophrenia?,0.9,0.949,1.0,1.6957,0.00984,10,25509
6,D,RomeCombined,30%,0.7,1.3,30.0,10,How is bipolar disorder managed?,1.0,1.0,0.9111,1.4708,0.013762,10,24605
6,D,RomeCombined,30%,0.7,1.3,30.0,10,What causes psoriasis?,1.0,1.0,0.9111,1.6434,0.013653,10,23114
6,D,RomeCombined,30%,0.7,1.3,30.0,10,Describe sepsis treatment,1.0,1.0,1.0,1.6434,0.014732,10,22883
6,D,RomeCombined,30%,0.7,1.3,30.0,10,What are risk factors for cancer?,1.0,1.0,0.8667,1.8344,0.000535,10,24176
6,D,RomeCombined,30%,0.7,1.3,30.0,10,How is ALS diagnosed?,0.9,0.9494,0.9444,1.7481,0.009678,10,23969
6,D,RomeCombined,50%,0.5,1.5,50.0,10,What are the symptoms of type 2 diabetes?,0.9,0.9513,0.9444,2.164,0.005611,10,25925
6,D,RomeCombined,50%,0.5,1.5,50.0,10,How is hypertension treated?,1.0,1.0,1.0,1.6094,0.004896,10,24737
6,D,RomeCombined,50%,0.5,1.5,50.0,10,What causes heart failure?,1.0,0.9996,0.8667,2.164,0.004586,10,24135
6,D,RomeCombined,50%,0.5,1.5,50.0,10,Describe the symptoms of lupus,0.9,0.954,0.9444,1.8867,0.010388,10,24438
6,D,RomeCombined,50%,0.5,1.5,50.0,10,What medications treat depression?,1.0,0.9998,0.9556,1.8867,0.006548,10,24826
6,D,RomeCombined,50%,0.5,1.5,50.0,10,How does Alzheimer's disease progress?,1.0,1.0,0.9556,1.8344,0.011475,10,25085
6,D,RomeCombined,50%,0.5,1.5,50.0,10,What are risk factors for stroke?,0.9,0.9376,0.8889,1.0889,0.004974,10,25450
6,D,RomeCombined,50%,0.5,1.5,50.0,10,How is asthma managed long-term?,1.0,1.0,1.0,1.8867,0.004918,10,25524
6,D,RomeCombined,50%,0.5,1.5,50.0,10,What are signs of kidney disease?,1.0,1.0,0.9556,1.6957,0.004643,10,25515
6,D,RomeCombined,50%,0.5,1.5,50.0,10,Describe rheumatoid arthritis treatment,0.9,0.9565,0.8889,1.8344,0.006905,10,25785
6,D,RomeCombined,50%,0.5,1.5,50.0,10,What causes Parkinson's disease?,1.0,1.0,1.0,1.973,0.009961,10,25260
6,D,RomeCombined,50%,0.5,1.5,50.0,10,How is multiple sclerosis diagnosed?,1.0,0.9999,0.9111,1.8867,0.010922,10,24758
6,D,RomeCombined,50%,0.5,1.5,50.0,10,What are symptoms of anemia?,1.0,1.0,1.0,1.4708,0.013432,10,24692
6,D,RomeCombined,50%,0.5,1.5,50.0,10,How is hypothyroidism treated?,1.0,1.0,1.0,1.8344,0.011109,10,26102
6,D,RomeCombined,50%,0.5,1.5,50.0,10,What causes chronic pain?,1.0,0.9999,0.9111,2.164,0.000542,10,26877
6,D,RomeCombined,50%,0.5,1.5,50.0,10,Describe COPD management,1.0,1.0,1.0,1.3592,0.01867,10,25816
6,D,RomeCombined,50%,0.5,1.5,50.0,10,What are signs of liver disease?,1.0,0.9995,0.8667,1.973,0.001176,10,26934
6,D,RomeCombined,50%,0.5,1.5,50.0,10,How is epilepsy treated?,1.0,1.0,0.9556,1.3592,0.013,10,24832
6,D,RomeCombined,50%,0.5,1.5,50.0,10,What causes osteoporosis?,1.0,0.9969,0.9556,1.6957,0.009816,10,25614
6,D,RomeCombined,50%,0.5,1.5,50.0,10,Describe symptoms of anxiety disorder,0.9,0.9505,0.8333,1.5048,0.010411,10,26133
6,D,RomeCombined,50%,0.5,1.5,50.0,10,What medications are used for HIV/AIDS?,0.9,0.96,0.8889,1.8344,0.006859,10,27278
6,D,RomeCombined,50%,0.5,1.5,50.0,10,How is pneumonia diagnosed?,1.0,0.9999,0.8222,1.6094,0.005233,10,27236
6,D,RomeCombined,50%,0.5,1.5,50.0,10,What causes inflammatory bowel disease?,1.0,0.9997,0.9111,2.164,0.000824,10,27114
6,D,RomeCombined,50%,0.5,1.5,50.0,10,Describe treatment for chronic kidney disease,1.0,1.0,0.9111,1.3592,0.012415,10,25135
6,D,RomeCombined,50%,0.5,1.5,50.0,10,What are symptoms of schizophrenia?,0.9,0.9469,0.8889,1.6957,0.007493,10,25063
6,D,RomeCombined,50%,0.5,1.5,50.0,10,How is bipolar disorder managed?,1.0,1.0,0.8222,1.6957,0.013025,10,25054
6,D,RomeCombined,50%,0.5,1.5,50.0,10,What causes psoriasis?,1.0,1.0,1.0,1.5571,0.01153,10,26665
6,D,RomeCombined,50%,0.5,1.5,50.0,10,Describe sepsis treatment,1.0,1.0,0.9111,1.8344,0.012071,10,23830
6,D,RomeCombined,50%,0.5,1.5,50.0,10,What are risk factors for cancer?,1.0,0.9999,0.8222,1.973,0.000291,10,25491
6,D,RomeCombined,50%,0.5,1.5,50.0,10,How is ALS diagnosed?,1.0,0.9998,0.8222,1.4185,0.007844,10,24632
6,D,RomeCombined,70%,0.3,1.7,70.0,10,What are the symptoms of type 2 diabetes?,1.0,0.9998,0.9111,1.8344,0.003265,10,25819
6,D,RomeCombined,70%,0.3,1.7,70.0,10,How is hypertension treated?,1.0,0.9999,0.9556,1.8867,0.002973,9,24851
6,D,RomeCombined,70%,0.3,1.7,70.0,10,What causes heart failure?,0.9,0.9498,0.8889,2.0253,0.002521,10,25238
6,D,RomeCombined,70%,0.3,1.7,70.0,10,Describe the symptoms of lupus,0.9,0.9541,1.0,1.8344,0.006679,10,25274
6,D,RomeCombined,70%,0.3,1.7,70.0,10,What medications treat depression?,1.0,0.9995,0.8667,2.0253,0.003114,10,25430
6,D,RomeCombined,70%,0.3,1.7,70.0,10,How does Alzheimer's disease progress?,1.0,1.0,1.0,1.8344,0.007577,10,25764
6,D,RomeCombined,70%,0.3,1.7,70.0,10,What are risk factors for stroke?,0.8,0.8819,0.9286,1.4185,0.003428,10,25468
6,D,RomeCombined,70%,0.3,1.7,70.0,10,How is asthma managed long-term?,1.0,1.0,0.9556,1.8867,0.003186,10,25798
6,D,RomeCombined,70%,0.3,1.7,70.0,10,What are signs of kidney disease?,1.0,1.0,1.0,1.6957,0.003419,10,26457
6,D,RomeCombined,70%,0.3,1.7,70.0,10,Describe rheumatoid arthritis treatment,0.9,0.9562,0.8333,2.0253,0.004063,10,28554
6,D,RomeCombined,70%,0.3,1.7,70.0,10,What causes Parkinson's disease?,1.0,1.0,1.0,1.8867,0.007181,10,25294
6,D,RomeCombined,70%,0.3,1.7,70.0,10,How is multiple sclerosis diagnosed?,1.0,1.0,0.9556,1.7481,0.007549,10,28020
6,D,RomeCombined,70%,0.3,1.7,70.0,10,What are symptoms of anemia?,0.9,0.9535,0.8333,1.7481,0.008963,10,25980
6,D,RomeCombined,70%,0.3,1.7,70.0,10,How is hypothyroidism treated?,1.0,0.9987,0.9111,1.4708,0.007171,10,26462
6,D,RomeCombined,70%,0.3,1.7,70.0,10,What causes chronic pain?,0.9,0.9406,0.7778,2.164,0.000338,10,24978
6,D,RomeCombined,70%,0.3,1.7,70.0,10,Describe COPD management,1.0,1.0,0.9556,1.3592,0.009548,10,26601
6,D,RomeCombined,70%,0.3,1.7,70.0,10,What are signs of liver disease?,0.9,0.9462,0.9444,1.973,0.000685,10,24922
6,D,RomeCombined,70%,0.3,1.7,70.0,10,How is epilepsy treated?,0.9,0.9577,1.0,1.6094,0.007924,10,24844
6,D,RomeCombined,70%,0.3,1.7,70.0,10,What causes osteoporosis?,1.0,1.0,0.9556,1.3592,0.00633,10,27057
6,D,RomeCombined,70%,0.3,1.7,70.0,10,Describe symptoms of anxiety disorder,1.0,1.0,0.9111,1.4708,0.007519,10,25665
6,D,RomeCombined,70%,0.3,1.7,70.0,10,What medications are used for HIV/AIDS?,0.9,0.96,0.9444,1.7481,0.004525,10,24776
6,D,RomeCombined,70%,0.3,1.7,70.0,10,How is pneumonia diagnosed?,0.9,0.9453,0.7222,1.3592,0.003174,10,24808
6,D,RomeCombined,70%,0.3,1.7,70.0,10,What causes inflammatory bowel disease?,1.0,0.9977,0.8222,2.3026,0.000759,10,24838
6,D,RomeCombined,70%,0.3,1.7,70.0,10,Describe treatment for chronic kidney disease,1.0,0.9999,0.9111,1.4708,0.007469,10,24268
6,D,RomeCombined,70%,0.3,1.7,70.0,10,What are symptoms of schizophrenia?,0.9,0.9481,0.7222,1.5048,0.005108,10,24189
6,D,RomeCombined,70%,0.3,1.7,70.0,10,How is bipolar disorder managed?,1.0,1.0,1.0,1.5048,0.007016,10,26760
6,D,RomeCombined,70%,0.3,1.7,70.0,10,What causes psoriasis?,1.0,0.9999,0.8222,1.6434,0.007282,10,25926
6,D,RomeCombined,70%,0.3,1.7,70.0,10,Describe sepsis treatment,1.0,0.9999,0.9111,1.6434,0.006519,10,19847
6,D,RomeCombined,70%,0.3,1.7,70.0,10,What are risk factors for cancer?,1.0,0.9962,0.6444,1.8867,0.000218,10,15629
6,D,RomeCombined,70%,0.3,1.7,70.0,10,How is ALS diagnosed?,1.0,0.9996,0.7778,1.4979,0.005041,10,13418
6,D,CkksCombined,1%,0.99,1.01,1.0,10,What are the symptoms of type 2 diabetes?,1.0,1.0,1.0,2.0253,0.007899,10,6229520
6,D,CkksCombined,1%,0.99,1.01,1.0,10,How is hypertension treated?,1.0,1.0,1.0,1.6094,0.007047,10,6108643
6,D,CkksCombined,1%,0.99,1.01,1.0,10,What causes heart failure?,1.0,1.0,1.0,2.0253,0.006831,10,6287818
6,D,CkksCombined,1%,0.99,1.01,1.0,10,Describe the symptoms of lupus,1.0,1.0,1.0,2.0253,0.014647,10,6150267
6,D,CkksCombined,1%,0.99,1.01,1.0,10,What medications treat depression?,1.0,1.0,1.0,2.164,0.008094,10,6271709
6,D,CkksCombined,1%,0.99,1.01,1.0,10,How does Alzheimer's disease progress?,1.0,1.0,1.0,1.973,0.015893,10,6094543
6,D,CkksCombined,1%,0.99,1.01,1.0,10,What are risk factors for stroke?,1.0,1.0,1.0,1.3592,0.00775,10,6238766
6,D,CkksCombined,1%,0.99,1.01,1.0,10,How is asthma managed long-term?,1.0,1.0,1.0,2.164,0.006694,10,6106379
6,D,CkksCombined,1%,0.99,1.01,1.0,10,What are signs of kidney disease?,1.0,1.0,1.0,1.8344,0.006639,10,6305128
6,D,CkksCombined,1%,0.99,1.01,1.0,10,Describe rheumatoid arthritis treatment,1.0,1.0,1.0,1.8344,0.009185,10,6114028
6,D,CkksCombined,1%,0.99,1.01,1.0,10,What causes Parkinson's disease?,1.0,1.0,1.0,1.973,0.015157,10,6255495
6,D,CkksCombined,1%,0.99,1.01,1.0,10,How is multiple sclerosis diagnosed?,1.0,1.0,1.0,1.8344,0.014306,10,6127605
6,D,CkksCombined,1%,0.99,1.01,1.0,10,What are symptoms of anemia?,1.0,1.0,1.0,1.6957,0.018127,10,6267720
6,D,CkksCombined,1%,0.99,1.01,1.0,10,How is hypothyroidism treated?,1.0,1.0,1.0,1.5048,0.014452,10,6132695
6,D,CkksCombined,1%,0.99,1.01,1.0,10,What causes chronic pain?,1.0,1.0,1.0,2.164,0.000766,10,6251643
6,D,CkksCombined,1%,0.99,1.01,1.0,10,Describe COPD management,1.0,1.0,1.0,1.2206,0.024936,10,6116804
6,D,CkksCombined,1%,0.99,1.01,1.0,10,What are signs of liver disease?,1.0,1.0,1.0,2.0253,0.001751,10,6254227
6,D,CkksCombined,1%,0.99,1.01,1.0,10,How is epilepsy treated?,1.0,1.0,1.0,1.3592,0.017464,10,6106838
6,D,CkksCombined,1%,0.99,1.01,1.0,10,What causes osteoporosis?,1.0,1.0,1.0,1.8344,0.014123,10,6239027
6,D,CkksCombined,1%,0.99,1.01,1.0,10,Describe symptoms of anxiety disorder,1.0,1.0,1.0,1.6094,0.013869,10,6169662
6,D,CkksCombined,1%,0.99,1.01,1.0,10,What medications are used for HIV/AIDS?,1.0,1.0,1.0,1.4979,0.00963,10,6225957
6,D,CkksCombined,1%,0.99,1.01,1.0,10,How is pneumonia diagnosed?,1.0,1.0,1.0,1.8344,0.007224,10,6119708
6,D,CkksCombined,1%,0.99,1.01,1.0,10,What causes inflammatory bowel disease?,1.0,1.0,0.9556,2.164,0.001518,10,6294466
6,D,CkksCombined,1%,0.99,1.01,1.0,10,Describe treatment for chronic kidney disease,1.0,1.0,1.0,1.3592,0.016607,10,6128115
6,D,CkksCombined,1%,0.99,1.01,1.0,10,What are symptoms of schizophrenia?,1.0,1.0,1.0,1.1683,0.010781,10,6249772
6,D,CkksCombined,1%,0.99,1.01,1.0,10,How is bipolar disorder managed?,1.0,1.0,1.0,1.4708,0.016139,9,6130071
6,D,CkksCombined,1%,0.99,1.01,1.0,10,What causes psoriasis?,1.0,1.0,1.0,1.6094,0.016059,10,6270199
6,D,CkksCombined,1%,0.99,1.01,1.0,10,Describe sepsis treatment,1.0,1.0,1.0,1.6434,0.017414,10,6114752
6,D,CkksCombined,1%,0.99,1.01,1.0,10,What are risk factors for cancer?,1.0,1.0,1.0,1.973,0.000533,10,6231594
6,D,CkksCombined,1%,0.99,1.01,1.0,10,How is ALS diagnosed?,1.0,1.0,1.0,1.6094,0.011346,10,6131191
6,D,CkksCombined,5%,0.95,1.05,5.0,10,What are the symptoms of type 2 diabetes?,1.0,1.0,0.9556,2.164,0.007926,10,6130103
6,D,CkksCombined,5%,0.95,1.05,5.0,10,How is hypertension treated?,1.0,1.0,1.0,1.6094,0.00698,10,6119806
6,D,CkksCombined,5%,0.95,1.05,5.0,10,What causes heart failure?,1.0,1.0,1.0,2.0253,0.006779,10,6111619
6,D,CkksCombined,5%,0.95,1.05,5.0,10,Describe the symptoms of lupus,1.0,1.0,1.0,2.0253,0.014644,10,6175547
6,D,CkksCombined,5%,0.95,1.05,5.0,10,What medications treat depression?,1.0,1.0,1.0,2.3026,0.008066,10,6127391
6,D,CkksCombined,5%,0.95,1.05,5.0,10,How does Alzheimer's disease progress?,1.0,1.0,0.9556,1.973,0.015823,10,6108708
6,D,CkksCombined,5%,0.95,1.05,5.0,10,What are risk factors for stroke?,1.0,1.0,1.0,1.3592,0.007795,10,6117772
6,D,CkksCombined,5%,0.95,1.05,5.0,10,How is asthma managed long-term?,1.0,1.0,1.0,2.164,0.006677,10,6114398
6,D,CkksCombined,5%,0.95,1.05,5.0,10,What are signs of kidney disease?,1.0,1.0,1.0,1.8344,0.006567,10,6102704
6,D,CkksCombined,5%,0.95,1.05,5.0,10,Describe rheumatoid arthritis treatment,1.0,1.0,1.0,1.8344,0.009236,10,6122542
6,D,CkksCombined,5%,0.95,1.05,5.0,10,What causes Parkinson's disease?,1.0,1.0,0.9556,1.973,0.015145,10,6152650
6,D,CkksCombined,5%,0.95,1.05,5.0,10,How is multiple sclerosis diagnosed?,1.0,1.0,1.0,1.8344,0.014269,10,6096495
6,D,CkksCombined,5%,0.95,1.05,5.0,10,What are symptoms of anemia?,1.0,1.0,1.0,1.6957,0.018083,10,6119159
6,D,CkksCombined,5%,0.95,1.05,5.0,10,How is hypothyroidism treated?,1.0,1.0,1.0,1.5048,0.014373,10,6128420
6,D,CkksCombined,5%,0.95,1.05,5.0,10,What causes chronic pain?,1.0,1.0,1.0,1.8344,0.000749,10,6087546
6,D,CkksCombined,5%,0.95,1.05,5.0,10,Describe COPD management,1.0,1.0,1.0,1.2206,0.024879,10,6090332
6,D,CkksCombined,5%,0.95,1.05,5.0,10,What are signs of liver disease?,1.0,1.0,1.0,2.164,0.00176,10,6140805
6,D,CkksCombined,5%,0.95,1.05,5.0,10,How is epilepsy treated?,1.0,1.0,1.0,1.3592,0.017442,10,6114020
6,D,CkksCombined,5%,0.95,1.05,5.0,10,What causes osteoporosis?,1.0,1.0,1.0,1.8344,0.014088,10,6121331
6,D,CkksCombined,5%,0.95,1.05,5.0,10,Describe symptoms of anxiety disorder,1.0,1.0,1.0,1.4708,0.01397,10,6107798
6,D,CkksCombined,5%,0.95,1.05,5.0,10,What medications are used for HIV/AIDS?,1.0,1.0,1.0,1.4979,0.009485,10,6218674
6,D,CkksCombined,5%,0.95,1.05,5.0,10,How is pneumonia diagnosed?,1.0,1.0,0.9111,1.7481,0.007114,10,6110835
6,D,CkksCombined,5%,0.95,1.05,5.0,10,What causes inflammatory bowel disease?,1.0,1.0,0.9556,2.164,0.001537,10,6100176
6,D,CkksCombined,5%,0.95,1.05,5.0,10,Describe treatment for chronic kidney disease,1.0,1.0,1.0,1.3592,0.016526,10,6112050
6,D,CkksCombined,5%,0.95,1.05,5.0,10,What are symptoms of schizophrenia?,1.0,1.0,0.9556,1.5048,0.010883,10,6126075
6,D,CkksCombined,5%,0.95,1.05,5.0,10,How is bipolar disorder managed?,1.0,1.0,0.9111,1.4708,0.016011,10,6117507
6,D,CkksCombined,5%,0.95,1.05,5.0,10,What causes psoriasis?,1.0,1.0,1.0,1.6094,0.016267,10,6109684
6,D,CkksCombined,5%,0.95,1.05,5.0,10,Describe sepsis treatment,1.0,1.0,0.9556,1.6434,0.017219,10,6111041
6,D,CkksCombined,5%,0.95,1.05,5.0,10,What are risk factors for cancer?,1.0,1.0,0.9556,2.0253,0.000535,10,6121958
6,D,CkksCombined,5%,0.95,1.05,5.0,10,How is ALS diagnosed?,1.0,1.0,1.0,1.6094,0.011366,10,6126362
6,D,CkksCombined,10%,0.9,1.1,10.0,10,What are the symptoms of type 2 diabetes?,0.9,0.9513,1.0,2.164,0.007832,10,6288122
6,D,CkksCombined,10%,0.9,1.1,10.0,10,How is hypertension treated?,1.0,1.0,1.0,1.6094,0.00693,10,6109891
6,D,CkksCombined,10%,0.9,1.1,10.0,10,What causes heart failure?,1.0,1.0,1.0,1.8867,0.006452,10,6165938
6,D,CkksCombined,10%,0.9,1.1,10.0,10,Describe the symptoms of lupus,1.0,1.0,1.0,1.8867,0.01455,10,6110297
6,D,CkksCombined,10%,0.9,1.1,10.0,10,What medications treat depression?,1.0,1.0,1.0,2.3026,0.008059,10,6145073
6,D,CkksCombined,10%,0.9,1.1,10.0,10,How does Alzheimer's disease progress?,1.0,1.0,1.0,1.973,0.01529,10,6315565
6,D,CkksCombined,10%,0.9,1.1,10.0,10,What are risk factors for stroke?,1.0,1.0,0.9556,1.4185,0.007828,10,6108591
6,D,CkksCombined,10%,0.9,1.1,10.0,10,How is asthma managed long-term?,1.0,1.0,1.0,2.0253,0.006492,10,6340627
6,D,CkksCombined,10%,0.9,1.1,10.0,10,What are signs of kidney disease?,1.0,1.0,1.0,1.8344,0.006669,10,6098607
6,D,CkksCombined,10%,0.9,1.1,10.0,10,Describe rheumatoid arthritis treatment,1.0,1.0,1.0,1.8344,0.008855,10,6105891
6,D,CkksCombined,10%,0.9,1.1,10.0,10,What causes Parkinson's disease?,1.0,1.0,1.0,1.8344,0.014707,10,6119887
6,D,CkksCombined,10%,0.9,1.1,10.0,10,How is multiple sclerosis diagnosed?,1.0,1.0,1.0,1.8344,0.013942,10,6116538
6,D,CkksCombined,10%,0.9,1.1,10.0,10,What are symptoms of anemia?,1.0,1.0,0.9111,1.6957,0.017971,10,6103604
6,D,CkksCombined,10%,0.9,1.1,10.0,10,How is hypothyroidism treated?,1.0,1.0,1.0,1.5048,0.014076,10,6115593
6,D,CkksCombined,10%,0.9,1.1,10.0,10,What causes chronic pain?,1.0,1.0,1.0,2.164,0.000754,9,6103868
6,D,CkksCombined,10%,0.9,1.1,10.0,10,Describe COPD management,1.0,1.0,1.0,1.3592,0.02448,10,6094803
6,D,CkksCombined,10%,0.9,1.1,10.0,10,What are signs of liver disease?,1.0,1.0,1.0,2.0253,0.001678,10,6104918
6,D,CkksCombined,10%,0.9,1.1,10.0,10,How is epilepsy treated?,1.0,1.0,1.0,1.3592,0.017112,10,6148115
6,D,CkksCombined,10%,0.9,1.1,10.0,10,What causes osteoporosis?,1.0,1.0,1.0,1.8344,0.014038,10,6178637
6,D,CkksCombined,10%,0.9,1.1,10.0,10,Describe symptoms of anxiety disorder,1.0,1.0,1.0,1.6094,0.013495,10,6102026
6,D,CkksCombined,10%,0.9,1.1,10.0,10,What medications are used for HIV/AIDS?,1.0,1.0,0.9556,1.4979,0.00934,10,6118942
6,D,CkksCombined,10%,0.9,1.1,10.0,10,How is pneumonia diagnosed?,1.0,1.0,1.0,1.8344,0.00709,10,6114674
6,D,CkksCombined,10%,0.9,1.1,10.0,10,What causes inflammatory bowel disease?,1.0,1.0,0.9556,1.973,0.001519,10,6102734
6,D,CkksCombined,10%,0.9,1.1,10.0,10,Describe treatment for chronic kidney disease,1.0,1.0,1.0,1.3592,0.016684,10,6096160
6,D,CkksCombined,10%,0.9,1.1,10.0,10,What are symptoms of schizophrenia?,1.0,1.0,1.0,1.6434,0.010869,10,6108738
6,D,CkksCombined,10%,0.9,1.1,10.0,10,How is bipolar disorder managed?,1.0,1.0,0.8667,1.4708,0.016078,10,6138942
6,D,CkksCombined,10%,0.9,1.1,10.0,10,What causes psoriasis?,1.0,1.0,1.0,1.6094,0.016021,10,6129893
6,D,CkksCombined,10%,0.9,1.1,10.0,10,Describe sepsis treatment,1.0,1.0,1.0,1.6434,0.017158,10,6172214
6,D,CkksCombined,10%,0.9,1.1,10.0,10,What are risk factors for cancer?,1.0,0.9999,0.9556,1.6957,0.000547,10,6119105
6,D,CkksCombined,10%,0.9,1.1,10.0,10,How is ALS diagnosed?,1.0,1.0,1.0,1.6094,0.011027,10,6106647
6,D,CkksCombined,20%,0.8,1.2,20.0,10,What are the symptoms of type 2 diabetes?,1.0,0.9999,0.9556,2.0253,0.007864,10,6222003
6,D,CkksCombined,20%,0.8,1.2,20.0,10,How is hypertension treated?,1.0,0.9999,0.9556,1.8867,0.006545,10,6114736
6,D,CkksCombined,20%,0.8,1.2,20.0,10,What causes heart failure?,0.9,0.9479,1.0,2.0253,0.006046,10,6274542
6,D,CkksCombined,20%,0.8,1.2,20.0,10,Describe the symptoms of lupus,1.0,1.0,1.0,2.0253,0.014435,10,6118405
6,D,CkksCombined,20%,0.8,1.2,20.0,10,What medications treat depression?,1.0,1.0,1.0,2.0253,0.007774,10,6317073
6,D,CkksCombined,20%,0.8,1.2,20.0,10,How does Alzheimer's disease progress?,1.0,1.0,1.0,1.973,0.015091,10,6090776
6,D,CkksCombined,20%,0.8,1.2,20.0,10,What are risk factors for stroke?,0.9,0.9438,0.9444,1.3592,0.007257,10,6283083
6,D,CkksCombined,20%,0.8,1.2,20.0,10,How is asthma managed long-term?,1.0,1.0,1.0,2.164,0.006328,10,6118237
6,D,CkksCombined,20%,0.8,1.2,20.0,10,What are signs of kidney disease?,1.0,0.9999,0.9111,2.0253,0.006066,10,6260216
6,D,CkksCombined,20%,0.8,1.2,20.0,10,Describe rheumatoid arthritis treatment,1.0,1.0,1.0,1.8344,0.008679,10,6129232
6,D,CkksCombined,20%,0.8,1.2,20.0,10,What causes Parkinson's disease?,1.0,1.0,0.9556,1.973,0.014097,10,6247315
6,D,CkksCombined,20%,0.8,1.2,20.0,10,How is multiple sclerosis diagnosed?,1.0,1.0,1.0,1.973,0.013266,10,6134678
6,D,CkksCombined,20%,0.8,1.2,20.0,10,What are symptoms of anemia?,1.0,0.9999,0.8667,1.6957,0.017077,10,6228928
6,D,CkksCombined,20%,0.8,1.2,20.0,10,How is hypothyroidism treated?,1.0,0.9999,0.9111,1.6434,0.013718,10,6210212
6,D,CkksCombined,20%,0.8,1.2,20.0,10,What causes chronic pain?,0.9,0.9426,1.0,2.0253,0.00069,10,6303040
6,D,CkksCombined,20%,0.8,1.2,20.0,10,Describe COPD management,0.9,0.9606,1.0,1.3592,0.023324,10,6085706
6,D,CkksCombined,20%,0.8,1.2,20.0,10,What are signs of liver disease?,0.9,0.9461,0.8889,1.8344,0.00208,10,6242447
6,D,CkksCombined,20%,0.8,1.2,20.0,10,How is epilepsy treated?,1.0,1.0,0.9556,1.6094,0.015894,10,6112063
6,D,CkksCombined,20%,0.8,1.2,20.0,10,What causes osteoporosis?,1.0,1.0,0.9556,1.7481,0.01319,10,6241107
6,D,CkksCombined,20%,0.8,1.2,20.0,10,Describe symptoms of anxiety disorder,1.0,1.0,1.0,1.6094,0.013609,10,6112543
6,D,CkksCombined,20%,0.8,1.2,20.0,10,What medications are used for HIV/AIDS?,1.0,1.0,0.9556,1.4979,0.009135,10,6265027
6,D,CkksCombined,20%,0.8,1.2,20.0,10,How is pneumonia diagnosed?,1.0,1.0,0.9556,1.8344,0.006814,10,6118331
6,D,CkksCombined,20%,0.8,1.2,20.0,10,What causes inflammatory bowel disease?,1.0,0.9999,0.9111,2.0253,0.001345,10,6293005
6,D,CkksCombined,20%,0.8,1.2,20.0,10,Describe treatment for chronic kidney disease,1.0,1.0,0.9111,1.3592,0.015198,10,6135256
6,D,CkksCombined,20%,0.8,1.2,20.0,10,What are symptoms of schizophrenia?,1.0,1.0,0.9556,1.6957,0.010136,10,6261426
6,D,CkksCombined,20%,0.8,1.2,20.0,10,How is bipolar disorder managed?,1.0,1.0,0.9111,1.4708,0.014906,10,6115482
6,D,CkksCombined,20%,0.8,1.2,20.0,10,What causes psoriasis?,1.0,1.0,1.0,1.4185,0.016004,10,6220291
6,D,CkksCombined,20%,0.8,1.2,20.0,10,Describe sepsis treatment,1.0,1.0,1.0,1.6434,0.016293,10,6121538
6,D,CkksCombined,20%,0.8,1.2,20.0,10,What are risk factors for cancer?,1.0,0.9998,0.7778,1.8344,0.000464,9,6271179
6,D,CkksCombined,20%,0.8,1.2,20.0,10,How is ALS diagnosed?,0.9,0.9518,1.0,1.7481,0.010657,10,6166592
6,D,CkksCombined,30%,0.7,1.3,30.0,10,What are the symptoms of type 2 diabetes?,0.9,0.9513,1.0,1.6094,0.007013,10,6117559
6,D,CkksCombined,30%,0.7,1.3,30.0,10,How is hypertension treated?,1.0,0.9999,0.9111,1.6094,0.006218,10,6112414
6,D,CkksCombined,30%,0.7,1.3,30.0,10,What causes heart failure?,1.0,1.0,1.0,2.0253,0.005792,10,6100034
6,D,CkksCombined,30%,0.7,1.3,30.0,10,Describe the symptoms of lupus,1.0,1.0,0.9556,1.8344,0.012622,10,6101308
6,D,CkksCombined,30%,0.7,1.3,30.0,10,What medications treat depression?,1.0,1.0,1.0,2.164,0.007276,10,6224581
6,D,CkksCombined,30%,0.7,1.3,30.0,10,How does Alzheimer's disease progress?,1.0,1.0,0.9556,1.8344,0.013374,10,6744123
6,D,CkksCombined,30%,0.7,1.3,30.0,10,What are risk factors for stroke?,0.9,0.9459,0.8333,1.3592,0.0071,10,6933989
6,D,CkksCombined,30%,0.7,1.3,30.0,10,How is asthma managed long-term?,1.0,0.9999,0.9556,2.0253,0.006155,10,6089868
6,D,CkksCombined,30%,0.7,1.3,30.0,10,What are signs of kidney disease?,1.0,0.9992,0.9111,1.8867,0.006463,10,6212639
6,D,CkksCombined,30%,0.7,1.3,30.0,10,Describe rheumatoid arthritis treatment,1.0,0.9999,0.9556,2.0253,0.008156,10,6109000
6,D,CkksCombined,30%,0.7,1.3,30.0,10,What causes Parkinson's disease?,1.0,1.0,1.0,2.164,0.013759,10,6239783
6,D,CkksCombined,30%,0.7,1.3,30.0,10,How is multiple sclerosis diagnosed?,0.9,0.9565,1.0,1.8344,0.013517,10,6102633
6,D,CkksCombined,30%,0.7,1.3,30.0,10,What are symptoms of anemia?,1.0,1.0,0.9556,1.6957,0.015767,10,6241031
6,D,CkksCombined,30%,0.7,1.3,30.0,10,How is hypothyroidism treated?,1.0,1.0,0.9111,1.8344,0.013484,10,6100040
6,D,CkksCombined,30%,0.7,1.3,30.0,10,What causes chronic pain?,1.0,0.9998,0.7778,2.164,0.000786,10,6221103
6,D,CkksCombined,30%,0.7,1.3,30.0,10,Describe COPD management,1.0,1.0,1.0,1.2206,0.022602,10,6091281
6,D,CkksCombined,30%,0.7,1.3,30.0,10,What are signs of liver disease?,1.0,0.9998,0.8667,2.0253,0.001731,10,6199651
6,D,CkksCombined,30%,0.7,1.3,30.0,10,How is epilepsy treated?,1.0,1.0,0.9556,1.3592,0.015789,10,6080644
6,D,CkksCombined,30%,0.7,1.3,30.0,10,What causes osteoporosis?,1.0,0.9999,0.9556,1.8867,0.012371,10,6253876
6,D,CkksCombined,30%,0.7,1.3,30.0,10,Describe symptoms of anxiety disorder,1.0,1.0,1.0,1.5048,0.012046,10,6114185
6,D,CkksCombined,30%,0.7,1.3,30.0,10,What medications are used for HIV/AIDS?,0.9,0.96,1.0,1.7481,0.008825,10,6308968
6,D,CkksCombined,30%,0.7,1.3,30.0,10,How is pneumonia diagnosed?,0.9,0.9449,0.9444,1.6957,0.006761,10,6110594
6,D,CkksCombined,30%,0.7,1.3,30.0,10,What causes inflammatory bowel disease?,1.0,1.0,0.9556,2.164,0.001322,10,6214179
6,D,CkksCombined,30%,0.7,1.3,30.0,10,Describe treatment for chronic kidney disease,1.0,0.9999,0.8667,1.3592,0.015781,10,6121926
6,D,CkksCombined,30%,0.7,1.3,30.0,10,What are symptoms of schizophrenia?,1.0,0.9999,0.8222,1.5048,0.009857,10,6267854
6,D,CkksCombined,30%,0.7,1.3,30.0,10,How is bipolar disorder managed?,1.0,1.0,0.9111,1.4708,0.01438,10,6297905
6,D,CkksCombined,30%,0.7,1.3,30.0,10,What causes psoriasis?,1.0,1.0,0.9111,1.6094,0.013808,10,6171912
6,D,CkksCombined,30%,0.7,1.3,30.0,10,Describe sepsis treatment,1.0,1.0,1.0,1.6434,0.016085,10,6217955
6,D,CkksCombined,30%,0.7,1.3,30.0,10,What are risk factors for cancer?,1.0,0.9999,0.8667,1.973,0.000431,10,6116661
6,D,CkksCombined,30%,0.7,1.3,30.0,10,How is ALS diagnosed?,1.0,1.0,1.0,1.4185,0.010227,10,6256574
6,D,CkksCombined,50%,0.5,1.5,50.0,10,What are the symptoms of type 2 diabetes?,1.0,1.0,0.9556,2.164,0.004804,10,6113062
6,D,CkksCombined,50%,0.5,1.5,50.0,10,How is hypertension treated?,0.9,0.9508,0.9444,1.8867,0.005519,10,6153747
6,D,CkksCombined,50%,0.5,1.5,50.0,10,What causes heart failure?,0.8,0.8978,0.9286,2.3026,0.004457,10,6195697
6,D,CkksCombined,50%,0.5,1.5,50.0,10,Describe the symptoms of lupus,0.9,0.9541,1.0,1.8344,0.010999,10,6080047
6,D,CkksCombined,50%,0.5,1.5,50.0,10,What medications treat depression?,1.0,1.0,1.0,2.3026,0.005928,10,6133499
6,D,CkksCombined,50%,0.5,1.5,50.0,10,How does Alzheimer's disease progress?,1.0,1.0,0.9111,1.973,0.009861,9,6107483
6,D,CkksCombined,50%,0.5,1.5,50.0,10,What are risk factors for stroke?,0.9,0.9461,1.0,1.4185,0.005327,10,6125005
6,D,CkksCombined,50%,0.5,1.5,50.0,10,How is asthma managed long-term?,0.9,0.9537,0.9444,1.8867,0.004369,10,6137629
6,D,CkksCombined,50%,0.5,1.5,50.0,10,What are signs of kidney disease?,0.9,0.9485,0.8889,1.8867,0.005268,10,6183051
6,D,CkksCombined,50%,0.5,1.5,50.0,10,Describe rheumatoid arthritis treatment,1.0,0.9999,0.9556,1.8344,0.006596,10,6095154
6,D,CkksCombined,50%,0.5,1.5,50.0,10,What causes Parkinson's disease?,1.0,0.9999,0.9111,2.164,0.01102,10,6097640
6,D,CkksCombined,50%,0.5,1.5,50.0,10,How is multiple sclerosis diagnosed?,0.9,0.956,1.0,1.8344,0.009475,10,6132364
6,D,CkksCombined,50%,0.5,1.5,50.0,10,What are symptoms of anemia?,1.0,1.0,1.0,2.0253,0.010939,10,6101405
6,D,CkksCombined,50%,0.5,1.5,50.0,10,How is hypothyroidism treated?,0.9,0.9515,0.8333,1.5048,0.009705,10,6224802
6,D,CkksCombined,50%,0.5,1.5,50.0,10,What causes chronic pain?,1.0,0.9965,0.7333,2.0253,0.000408,10,6127496
6,D,CkksCombined,50%,0.5,1.5,50.0,10,Describe COPD management,0.9,0.9544,1.0,1.4979,0.018532,10,6172855
6,D,CkksCombined,50%,0.5,1.5,50.0,10,What are signs of liver disease?,0.9,0.9462,0.9444,2.164,0.000957,10,6145455
6,D,CkksCombined,50%,0.5,1.5,50.0,10,How is epilepsy treated?,0.9,0.9597,1.0,1.6094,0.012848,10,6216584
6,D,CkksCombined,50%,0.5,1.5,50.0,10,What causes osteoporosis?,1.0,0.9997,0.8222,1.6434,0.009891,10,6171788
6,D,CkksCombined,50%,0.5,1.5,50.0,10,Describe symptoms of anxiety disorder,0.9,0.9504,0.7222,1.6957,0.01023,10,6248117
6,D,CkksCombined,50%,0.5,1.5,50.0,10,What medications are used for HIV/AIDS?,1.0,0.9997,0.7333,1.4979,0.006861,10,6116207
6,D,CkksCombined,50%,0.5,1.5,50.0,10,How is pneumonia diagnosed?,1.0,0.9998,0.8222,1.6957,0.005026,10,6237177
6,D,CkksCombined,50%,0.5,1.5,50.0,10,What causes inflammatory bowel disease?,0.9,0.9461,0.7778,1.8344,0.001039,10,6084741
6,D,CkksCombined,50%,0.5,1.5,50.0,10,Describe treatment for chronic kidney disease,1.0,1.0,1.0,1.4708,0.01162,10,6233650
6,D,CkksCombined,50%,0.5,1.5,50.0,10,What are symptoms of schizophrenia?,0.9,0.9487,0.7778,1.6094,0.008513,10,6097993
6,D,CkksCombined,50%,0.5,1.5,50.0,10,How is bipolar disorder managed?,1.0,0.9999,0.9111,1.4708,0.009991,10,6246249
6,D,CkksCombined,50%,0.5,1.5,50.0,10,What causes psoriasis?,1.0,1.0,0.9556,1.6434,0.011891,10,6171017
6,D,CkksCombined,50%,0.5,1.5,50.0,10,Describe sepsis treatment,1.0,1.0,0.9111,1.6434,0.011279,10,6227094
6,D,CkksCombined,50%,0.5,1.5,50.0,10,What are risk factors for cancer?,1.0,0.9992,0.6889,1.973,0.00038,10,6101459
6,D,CkksCombined,50%,0.5,1.5,50.0,10,How is ALS diagnosed?,0.8,0.9005,0.9286,1.6094,0.008544,10,6142655
6,D,CkksCombined,70%,0.3,1.7,70.0,10,What are the symptoms of type 2 diabetes?,1.0,1.0,1.0,1.8867,0.00404,10,6134501
6,D,CkksCombined,70%,0.3,1.7,70.0,10,How is hypertension treated?,1.0,0.9997,0.8667,1.8344,0.002467,10,6093451
6,D,CkksCombined,70%,0.3,1.7,70.0,10,What causes heart failure?,0.9,0.9498,0.9444,1.8867,0.00304,10,6324575
6,D,CkksCombined,70%,0.3,1.7,70.0,10,Describe the symptoms of lupus,0.8,0.9045,0.8571,1.6434,0.006194,9,6125564
6,D,CkksCombined,70%,0.3,1.7,70.0,10,What medications treat depression?,1.0,1.0,1.0,2.164,0.00334,10,6231620
6,D,CkksCombined,70%,0.3,1.7,70.0,10,How does Alzheimer's disease progress?,1.0,1.0,1.0,1.973,0.007797,10,6090747
6,D,CkksCombined,70%,0.3,1.7,70.0,10,What are risk factors for stroke?,0.8,0.8718,0.5,1.4185,0.003265,10,6236853
6,D,CkksCombined,70%,0.3,1.7,70.0,10,How is asthma managed long-term?,1.0,1.0,1.0,1.8344,0.003253,10,6107313
6,D,CkksCombined,70%,0.3,1.7,70.0,10,What are signs of kidney disease?,1.0,0.9989,0.6444,1.8867,0.002853,10,6237415
6,D,CkksCombined,70%,0.3,1.7,70.0,10,Describe rheumatoid arthritis treatment,0.9,0.9564,0.8889,1.973,0.004123,10,6089947
6,D,CkksCombined,70%,0.3,1.7,70.0,10,What causes Parkinson's disease?,1.0,0.9999,0.9111,1.8344,0.00759,10,6262874
6,D,CkksCombined,70%,0.3,1.7,70.0,10,How is multiple sclerosis diagnosed?,1.0,1.0,1.0,2.164,0.005647,10,6103725
6,D,CkksCombined,70%,0.3,1.7,70.0,10,What are symptoms of anemia?,0.9,0.9515,1.0,1.8344,0.008022,10,6314704
6,D,CkksCombined,70%,0.3,1.7,70.0,10,How is hypothyroidism treated?,1.0,0.998,0.7778,1.8867,0.005544,10,6181965
6,D,CkksCombined,70%,0.3,1.7,70.0,10,What causes chronic pain?,0.9,0.9374,0.8889,2.0253,0.000492,10,6237436
6,D,CkksCombined,70%,0.3,1.7,70.0,10,Describe COPD management,1.0,0.9999,0.9111,1.3592,0.011282,10,6084077
6,D,CkksCombined,70%,0.3,1.7,70.0,10,What are signs of liver disease?,0.9,0.9457,0.7778,2.164,0.00085,10,6242241
6,D,CkksCombined,70%,0.3,1.7,70.0,10,How is epilepsy treated?,1.0,1.0,0.9556,1.6957,0.006814,10,6100106
6,D,CkksCombined,70%,0.3,1.7,70.0,10,What causes osteoporosis?,0.9,0.9536,0.7222,1.8344,0.005535,10,6275894
6,D,CkksCombined,70%,0.3,1.7,70.0,10,Describe symptoms of anxiety disorder,0.9,0.9505,0.8333,1.3592,0.006818,10,6082383
6,D,CkksCombined,70%,0.3,1.7,70.0,10,What medications are used for HIV/AIDS?,0.9,0.9583,0.9444,1.7481,0.003831,10,6239232
6,D,CkksCombined,70%,0.3,1.7,70.0,10,How is pneumonia diagnosed?,1.0,0.9999,0.9556,1.4979,0.003061,9,6098095
6,D,CkksCombined,70%,0.3,1.7,70.0,10,What causes inflammatory bowel disease?,0.9,0.9391,0.7778,2.0253,0.000637,10,6216479
6,D,CkksCombined,70%,0.3,1.7,70.0,10,Describe treatment for chronic kidney disease,0.9,0.9461,0.6667,1.0889,0.008247,10,6099652
6,D,CkksCombined,70%,0.3,1.7,70.0,10,What are symptoms of schizophrenia?,0.9,0.9482,0.7222,1.5048,0.004521,9,6246939
6,D,CkksCombined,70%,0.3,1.7,70.0,10,How is bipolar disorder managed?,1.0,0.9993,0.8667,1.4708,0.00786,10,6090815
6,D,CkksCombined,70%,0.3,1.7,70.0,10,What causes psoriasis?,0.9,0.952,0.8333,1.6957,0.006706,10,6247434
6,D,CkksCombined,70%,0.3,1.7,70.0,10,Describe sepsis treatment,0.9,0.9616,0.8889,1.8344,0.008518,10,6106952
6,D,CkksCombined,70%,0.3,1.7,70.0,10,What are risk factors for cancer?,1.0,0.9981,0.5111,2.0253,0.000257,10,6215031
6,D,CkksCombined,70%,0.3,1.7,70.0,10,How is ALS diagnosed?,0.8,0.9005,0.9286,1.6094,0.004651,10,6099765
7,D,Noise,1%,0.99,1.01,1.0,10,What are the symptoms of type 2 diabetes?,1.0,1.0,1.0,2.164,0.007885,10,25308
7,D,Noise,1%,0.99,1.01,1.0,10,How is hypertension treated?,1.0,1.0,1.0,1.6094,0.00706,10,24970
7,D,Noise,1%,0.99,1.01,1.0,10,What causes heart failure?,1.0,1.0,1.0,2.0253,0.006817,10,23701
7,D,Noise,1%,0.99,1.01,1.0,10,Describe the symptoms of lupus,1.0,1.0,1.0,2.0253,0.014688,10,24196
7,D,Noise,1%,0.99,1.01,1.0,10,What medications treat depression?,1.0,1.0,1.0,2.164,0.008102,10,24721
7,D,Noise,1%,0.99,1.01,1.0,10,How does Alzheimer's disease progress?,1.0,1.0,1.0,1.973,0.015892,10,24344
7,D,Noise,1%,0.99,1.01,1.0,10,What are risk factors for stroke?,1.0,1.0,1.0,1.4185,0.007736,10,23488
7,D,Noise,1%,0.99,1.01,1.0,10,How is asthma managed long-term?,1.0,1.0,1.0,2.164,0.006679,10,25036
7,D,Noise,1%,0.99,1.01,1.0,10,What are signs of kidney disease?,1.0,1.0,1.0,1.8344,0.006612,10,23187
7,D,Noise,1%,0.99,1.01,1.0,10,Describe rheumatoid arthritis treatment,1.0,1.0,1.0,1.8344,0.009148,10,23385
7,D,Noise,1%,0.99,1.01,1.0,10,What causes Parkinson's disease?,1.0,1.0,1.0,1.973,0.015129,10,23648
7,D,Noise,1%,0.99,1.01,1.0,10,How is multiple sclerosis diagnosed?,1.0,1.0,1.0,1.8344,0.014328,10,22048
7,D,Noise,1%,0.99,1.01,1.0,10,What are symptoms of anemia?,1.0,1.0,1.0,1.6957,0.018135,10,22555
7,D,Noise,1%,0.99,1.01,1.0,10,How is hypothyroidism treated?,1.0,1.0,1.0,1.5048,0.014437,10,22530
7,D,Noise,1%,0.99,1.01,1.0,10,What causes chronic pain?,1.0,1.0,1.0,2.164,0.000764,10,23244
7,D,Noise,1%,0.99,1.01,1.0,10,Describe COPD management,1.0,1.0,1.0,1.2206,0.024905,10,22827
7,D,Noise,1%,0.99,1.01,1.0,10,What are signs of liver disease?,1.0,1.0,1.0,2.0253,0.001758,10,22443
7,D,Noise,1%,0.99,1.01,1.0,10,How is epilepsy treated?,1.0,1.0,1.0,1.3592,0.017434,10,22592
7,D,Noise,1%,0.99,1.01,1.0,10,What causes osteoporosis?,1.0,1.0,1.0,1.8344,0.014136,10,25094
7,D,Noise,1%,0.99,1.01,1.0,10,Describe symptoms of anxiety disorder,1.0,1.0,1.0,1.6094,0.013861,10,23452
7,D,Noise,1%,0.99,1.01,1.0,10,What medications are used for HIV/AIDS?,1.0,1.0,1.0,1.4979,0.00963,10,23009
7,D,Noise,1%,0.99,1.01,1.0,10,How is pneumonia diagnosed?,1.0,1.0,1.0,1.8344,0.007224,10,22933
7,D,Noise,1%,0.99,1.01,1.0,10,What causes inflammatory bowel disease?,1.0,1.0,1.0,1.973,0.001506,10,22839
7,D,Noise,1%,0.99,1.01,1.0,10,Describe treatment for chronic kidney disease,1.0,1.0,1.0,1.3592,0.016548,10,22738
7,D,Noise,1%,0.99,1.01,1.0,10,What are symptoms of schizophrenia?,1.0,1.0,1.0,1.4185,0.010788,10,22847
7,D,Noise,1%,0.99,1.01,1.0,10,How is bipolar disorder managed?,1.0,1.0,0.9556,1.4708,0.016136,9,22988
7,D,Noise,1%,0.99,1.01,1.0,10,What causes psoriasis?,1.0,1.0,1.0,1.6094,0.016037,10,22662
7,D,Noise,1%,0.99,1.01,1.0,10,Describe sepsis treatment,1.0,1.0,1.0,1.6434,0.017435,10,22180
7,D,Noise,1%,0.99,1.01,1.0,10,What are risk factors for cancer?,1.0,1.0,1.0,1.973,0.000537,10,22362
7,D,Noise,1%,0.99,1.01,1.0,10,How is ALS diagnosed?,1.0,1.0,1.0,1.6094,0.011328,10,22959
7,D,Noise,5%,0.95,1.05,5.0,10,What are the symptoms of type 2 diabetes?,0.9,0.9513,0.9444,2.0253,0.007839,10,27365
7,D,Noise,5%,0.95,1.05,5.0,10,How is hypertension treated?,1.0,1.0,1.0,1.6094,0.00708,10,25655
7,D,Noise,5%,0.95,1.05,5.0,10,What causes heart failure?,1.0,1.0,1.0,2.0253,0.006754,10,23923
7,D,Noise,5%,0.95,1.05,5.0,10,Describe the symptoms of lupus,1.0,1.0,1.0,1.8867,0.014456,10,27213
7,D,Noise,5%,0.95,1.05,5.0,10,What medications treat depression?,1.0,1.0,1.0,2.0253,0.008128,10,23865
7,D,Noise,5%,0.95,1.05,5.0,10,How does Alzheimer's disease progress?,1.0,1.0,0.9556,1.973,0.015838,10,24726
7,D,Noise,5%,0.95,1.05,5.0,10,What are risk factors for stroke?,1.0,1.0,1.0,1.4185,0.007747,10,25325
7,D,Noise,5%,0.95,1.05,5.0,10,How is asthma managed long-term?,1.0,1.0,1.0,2.164,0.006707,10,27687
7,D,Noise,5%,0.95,1.05,5.0,10,What are signs of kidney disease?,1.0,1.0,1.0,1.8344,0.006596,10,25626
7,D,Noise,5%,0.95,1.05,5.0,10,Describe rheumatoid arthritis treatment,1.0,1.0,1.0,1.8344,0.009195,10,23965
7,D,Noise,5%,0.95,1.05,5.0,10,What causes Parkinson's disease?,1.0,1.0,1.0,1.973,0.015149,10,24306
7,D,Noise,5%,0.95,1.05,5.0,10,How is multiple sclerosis diagnosed?,1.0,1.0,1.0,1.8344,0.014326,10,25231
7,D,Noise,5%,0.95,1.05,5.0,10,What are symptoms of anemia?,1.0,1.0,1.0,1.6957,0.017886,10,26518
7,D,Noise,5%,0.95,1.05,5.0,10,How is hypothyroidism treated?,1.0,1.0,1.0,1.5048,0.014494,10,24667
7,D,Noise,5%,0.95,1.05,5.0,10,What causes chronic pain?,1.0,1.0,0.9556,2.0253,0.00076,10,24040
7,D,Noise,5%,0.95,1.05,5.0,10,Describe COPD management,1.0,1.0,1.0,1.2206,0.024971,10,23612
7,D,Noise,5%,0.95,1.05,5.0,10,What are signs of liver disease?,1.0,1.0,1.0,2.0253,0.001737,10,23963
7,D,Noise,5%,0.95,1.05,5.0,10,How is epilepsy treated?,1.0,1.0,1.0,1.3592,0.017493,10,24714
7,D,Noise,5%,0.95,1.05,5.0,10,What causes osteoporosis?,1.0,1.0,0.9556,1.8344,0.014167,10,24611
7,D,Noise,5%,0.95,1.05,5.0,10,Describe symptoms of anxiety disorder,1.0,1.0,1.0,1.6094,0.013916,10,24406
7,D,Noise,5%,0.95,1.05,5.0,10,What medications are used for HIV/AIDS?,1.0,1.0,1.0,1.4979,0.009641,10,24462
7,D,Noise,5%,0.95,1.05,5.0,10,How is pneumonia diagnosed?,1.0,1.0,0.9556,1.8344,0.007334,9,24102
7,D,Noise,5%,0.95,1.05,5.0,10,What causes inflammatory bowel disease?,1.0,1.0,1.0,2.164,0.001518,10,24558
7,D,Noise,5%,0.95,1.05,5.0,10,Describe treatment for chronic kidney disease,1.0,1.0,1.0,1.3592,0.0164,10,23632
7,D,Noise,5%,0.95,1.05,5.0,10,What are symptoms of schizophrenia?,1.0,1.0,1.0,1.4708,0.010649,10,24122
7,D,Noise,5%,0.95,1.05,5.0,10,How is bipolar disorder managed?,1.0,1.0,1.0,1.4708,0.015994,10,24697
7,D,Noise,5%,0.95,1.05,5.0,10,What causes psoriasis?,1.0,1.0,1.0,1.6094,0.016074,10,24129
7,D,Noise,5%,0.95,1.05,5.0,10,Describe sepsis treatment,1.0,1.0,1.0,1.6434,0.017257,10,24155
7,D,Noise,5%,0.95,1.05,5.0,10,What are risk factors for cancer?,1.0,1.0,1.0,1.973,0.000548,10,24283
7,D,Noise,5%,0.95,1.05,5.0,10,How is ALS diagnosed?,1.0,1.0,1.0,1.6094,0.01128,10,28292
7,D,Noise,10%,0.9,1.1,10.0,10,What are the symptoms of type 2 diabetes?,1.0,1.0,0.9556,2.0253,0.007638,10,25345
7,D,Noise,10%,0.9,1.1,10.0,10,How is hypertension treated?,1.0,1.0,1.0,1.6094,0.007102,10,24305
7,D,Noise,10%,0.9,1.1,10.0,10,What causes heart failure?,1.0,1.0,1.0,2.0253,0.006644,10,24528
7,D,Noise,10%,0.9,1.1,10.0,10,Describe the symptoms of lupus,1.0,1.0,1.0,2.0253,0.014445,10,24800
7,D,Noise,10%,0.9,1.1,10.0,10,What medications treat depression?,1.0,1.0,1.0,2.164,0.00807,10,24095
7,D,Noise,10%,0.9,1.1,10.0,10,How does Alzheimer's disease progress?,1.0,1.0,1.0,1.973,0.015565,10,27297
7,D,Noise,10%,0.9,1.1,10.0,10,What are risk factors for stroke?,1.0,1.0,1.0,1.4185,0.007747,10,24409
7,D,Noise,10%,0.9,1.1,10.0,10,How is asthma managed long-term?,1.0,1.0,1.0,2.164,0.006558,10,26939
7,D,Noise,10%,0.9,1.1,10.0,10,What are signs of kidney disease?,1.0,1.0,1.0,1.8344,0.006607,10,24099
7,D,Noise,10%,0.9,1.1,10.0,10,Describe rheumatoid arthritis treatment,1.0,1.0,1.0,1.8344,0.008937,10,24657
7,D,Noise,10%,0.9,1.1,10.0,10,What causes Parkinson's disease?,1.0,1.0,1.0,1.973,0.014871,10,23844
7,D,Noise,10%,0.9,1.1,10.0,10,How is multiple sclerosis diagnosed?,1.0,1.0,1.0,1.8344,0.014216,10,26628
7,D,Noise,10%,0.9,1.1,10.0,10,What are symptoms of anemia?,1.0,1.0,0.9556,1.6957,0.018008,10,24323
7,D,Noise,10%,0.9,1.1,10.0,10,How is hypothyroidism treated?,1.0,1.0,1.0,1.5048,0.014179,10,24667
7,D,Noise,10%,0.9,1.1,10.0,10,What causes chronic pain?,1.0,1.0,1.0,1.973,0.000791,10,24583
7,D,Noise,10%,0.9,1.1,10.0,10,Describe COPD management,1.0,1.0,1.0,1.2206,0.024543,10,24355
7,D,Noise,10%,0.9,1.1,10.0,10,What are signs of liver disease?,1.0,0.9999,0.9556,2.0253,0.001733,10,24030
7,D,Noise,10%,0.9,1.1,10.0,10,How is epilepsy treated?,1.0,1.0,1.0,1.3592,0.017182,10,24533
7,D,Noise,10%,0.9,1.1,10.0,10,What causes osteoporosis?,1.0,1.0,1.0,1.8344,0.014147,10,25918
7,D,Noise,10%,0.9,1.1,10.0,10,Describe symptoms of anxiety disorder,1.0,1.0,1.0,1.4708,0.013716,10,24414
7,D,Noise,10%,0.9,1.1,10.0,10,What medications are used for HIV/AIDS?,1.0,1.0,0.9556,1.4979,0.00941,10,26943
7,D,Noise,10%,0.9,1.1,10.0,10,How is pneumonia diagnosed?,1.0,1.0,0.9556,1.8344,0.00706,10,26607
7,D,Noise,10%,0.9,1.1,10.0,10,What causes inflammatory bowel disease?,1.0,1.0,0.9556,2.164,0.001555,10,24042
7,D,Noise,10%,0.9,1.1,10.0,10,Describe treatment for chronic kidney disease,1.0,1.0,0.9556,1.3592,0.016573,10,23212
7,D,Noise,10%,0.9,1.1,10.0,10,What are symptoms of schizophrenia?,1.0,1.0,0.9556,1.6957,0.010487,10,22499
7,D,Noise,10%,0.9,1.1,10.0,10,How is bipolar disorder managed?,1.0,1.0,0.8667,1.2799,0.015791,10,22585
7,D,Noise,10%,0.9,1.1,10.0,10,What causes psoriasis?,1.0,1.0,0.9556,1.6094,0.015958,10,22754
7,D,Noise,10%,0.9,1.1,10.0,10,Describe sepsis treatment,1.0,1.0,0.9556,1.6434,0.017082,10,22299
7,D,Noise,10%,0.9,1.1,10.0,10,What are risk factors for cancer?,1.0,1.0,1.0,2.164,0.000487,10,25452
7,D,Noise,10%,0.9,1.1,10.0,10,How is ALS diagnosed?,1.0,1.0,0.9556,1.6094,0.010972,10,22980
7,D,Noise,20%,0.8,1.2,20.0,10,What are the symptoms of type 2 diabetes?,1.0,1.0,0.9556,2.0253,0.007682,10,24851
7,D,Noise,20%,0.8,1.2,20.0,10,How is hypertension treated?,1.0,1.0,0.9556,1.6094,0.006625,10,24311
7,D,Noise,20%,0.8,1.2,20.0,10,What causes heart failure?,1.0,1.0,1.0,2.0253,0.006775,10,24816
7,D,Noise,20%,0.8,1.2,20.0,10,Describe the symptoms of lupus,1.0,1.0,1.0,2.0253,0.014064,10,23641
7,D,Noise,20%,0.8,1.2,20.0,10,What medications treat depression?,1.0,0.9998,0.9556,1.8867,0.007734,10,24244
7,D,Noise,20%,0.8,1.2,20.0,10,How does Alzheimer's disease progress?,1.0,1.0,0.9556,1.8344,0.014782,10,24621
7,D,Noise,20%,0.8,1.2,20.0,10,What are risk factors for stroke?,0.9,0.946,0.8889,1.2275,0.007062,10,24522
7,D,Noise,20%,0.8,1.2,20.0,10,How is asthma managed long-term?,1.0,1.0,1.0,2.164,0.006069,10,24827
7,D,Noise,20%,0.8,1.2,20.0,10,What are signs of kidney disease?,1.0,0.9999,0.8667,1.8344,0.006573,9,24990
7,D,Noise,20%,0.8,1.2,20.0,10,Describe rheumatoid arthritis treatment,1.0,1.0,1.0,1.8344,0.008909,10,24961
7,D,Noise,20%,0.8,1.2,20.0,10,What causes Parkinson's disease?,1.0,1.0,1.0,2.164,0.014864,10,24759
7,D,Noise,20%,0.8,1.2,20.0,10,How is multiple sclerosis diagnosed?,0.9,0.9565,0.9444,1.8867,0.012189,10,24114
7,D,Noise,20%,0.8,1.2,20.0,10,What are symptoms of anemia?,1.0,1.0,1.0,1.6957,0.016883,10,22366
7,D,Noise,20%,0.8,1.2,20.0,10,How is hypothyroidism treated?,1.0,1.0,1.0,1.5048,0.013605,10,23884
7,D,Noise,20%,0.8,1.2,20.0,10,What causes chronic pain?,0.9,0.9426,1.0,2.0253,0.000767,10,22235
7,D,Noise,20%,0.8,1.2,20.0,10,Describe COPD management,1.0,1.0,0.9556,1.2206,0.022719,10,22588
7,D,Noise,20%,0.8,1.2,20.0,10,What are signs of liver disease?,1.0,0.9999,0.9111,1.8344,0.001715,10,22862
7,D,Noise,20%,0.8,1.2,20.0,10,How is epilepsy treated?,1.0,1.0,0.9556,1.3592,0.015818,10,22613
7,D,Noise,20%,0.8,1.2,20.0,10,What causes osteoporosis?,1.0,1.0,1.0,1.7481,0.013522,10,23463
7,D,Noise,20%,0.8,1.2,20.0,10,Describe symptoms of anxiety disorder,1.0,1.0,0.9556,1.6957,0.012835,10,22986
7,D,Noise,20%,0.8,1.2,20.0,10,What medications are used for HIV/AIDS?,1.0,1.0,0.9556,1.4979,0.009236,10,23866
7,D,Noise,20%,0.8,1.2,20.0,10,How is pneumonia diagnosed?,1.0,1.0,0.9556,1.6094,0.006878,10,22630
7,D,Noise,20%,0.8,1.2,20.0,10,What causes inflammatory bowel disease?,1.0,1.0,1.0,2.164,0.001378,10,23223
7,D,Noise,20%,0.8,1.2,20.0,10,Describe treatment for chronic kidney disease,1.0,1.0,0.9556,1.3592,0.015939,10,23220
7,D,Noise,20%,0.8,1.2,20.0,10,What are symptoms of schizophrenia?,1.0,1.0,1.0,1.6434,0.010302,10,22931
7,D,Noise,20%,0.8,1.2,20.0,10,How is bipolar disorder managed?,1.0,0.9993,0.8667,1.4708,0.015095,10,23492
7,D,Noise,20%,0.8,1.2,20.0,10,What causes psoriasis?,1.0,1.0,0.9111,1.6094,0.015559,10,22776
7,D,Noise,20%,0.8,1.2,20.0,10,Describe sepsis treatment,1.0,1.0,0.9556,1.6434,0.015915,10,22236
7,D,Noise,20%,0.8,1.2,20.0,10,What are risk factors for cancer?,1.0,0.9999,0.9556,1.3592,0.000463,10,22710
7,D,Noise,20%,0.8,1.2,20.0,10,How is ALS diagnosed?,0.9,0.9498,0.9444,1.6434,0.010893,10,23102
7,D,Noise,30%,0.7,1.3,30.0,10,What are the symptoms of type 2 diabetes?,1.0,0.9999,0.9556,1.8867,0.00666,10,24186
7,D,Noise,30%,0.7,1.3,30.0,10,How is hypertension treated?,1.0,1.0,1.0,1.8344,0.006174,10,23068
7,D,Noise,30%,0.7,1.3,30.0,10,What causes heart failure?,1.0,0.9999,0.9111,1.8867,0.006112,10,24199
7,D,Noise,30%,0.7,1.3,30.0,10,Describe the symptoms of lupus,1.0,1.0,1.0,2.0253,0.012346,10,22805
7,D,Noise,30%,0.7,1.3,30.0,10,What medications treat depression?,1.0,1.0,1.0,2.0253,0.00761,10,25631
7,D,Noise,30%,0.7,1.3,30.0,10,How does Alzheimer's disease progress?,1.0,1.0,0.9556,1.8344,0.013605,10,26754
7,D,Noise,30%,0.7,1.3,30.0,10,What are risk factors for stroke?,1.0,0.9998,0.7778,1.4979,0.006973,9,24098
7,D,Noise,30%,0.7,1.3,30.0,10,How is asthma managed long-term?,1.0,1.0,1.0,1.973,0.006,10,24491
7,D,Noise,30%,0.7,1.3,30.0,10,What are signs of kidney disease?,0.9,0.9477,0.8333,1.6094,0.005542,10,23633
7,D,Noise,30%,0.7,1.3,30.0,10,Describe rheumatoid arthritis treatment,1.0,1.0,0.9556,1.8344,0.007916,9,24763
7,D,Noise,30%,0.7,1.3,30.0,10,What causes Parkinson's disease?,1.0,1.0,0.9556,1.973,0.013362,10,27358
7,D,Noise,30%,0.7,1.3,30.0,10,How is multiple sclerosis diagnosed?,1.0,1.0,0.9556,1.973,0.01204,10,24329
7,D,Noise,30%,0.7,1.3,30.0,10,What are symptoms of anemia?,1.0,1.0,0.9556,1.6957,0.016546,10,24205
7,D,Noise,30%,0.7,1.3,30.0,10,How is hypothyroidism treated?,1.0,0.9982,0.8222,1.5048,0.013489,10,27812
7,D,Noise,30%,0.7,1.3,30.0,10,What causes chronic pain?,1.0,0.9999,0.8667,2.0253,0.000606,10,24130
7,D,Noise,30%,0.7,1.3,30.0,10,Describe COPD management,1.0,1.0,1.0,1.2799,0.021943,10,24229
7,D,Noise,30%,0.7,1.3,30.0,10,What are signs of liver disease?,0.9,0.9462,0.9444,2.164,0.001596,10,24406
7,D,Noise,30%,0.7,1.3,30.0,10,How is epilepsy treated?,1.0,1.0,1.0,1.3592,0.015417,10,24246
7,D,Noise,30%,0.7,1.3,30.0,10,What causes osteoporosis?,1.0,0.9999,0.9111,1.8344,0.012308,10,24857
7,D,Noise,30%,0.7,1.3,30.0,10,Describe symptoms of anxiety disorder,1.0,1.0,1.0,1.3592,0.011949,10,26372
7,D,Noise,30%,0.7,1.3,30.0,10,What medications are used for HIV/AIDS?,1.0,1.0,1.0,1.4979,0.008418,10,24927
7,D,Noise,30%,0.7,1.3,30.0,10,How is pneumonia diagnosed?,1.0,0.9999,0.8667,1.8867,0.006336,10,23701
7,D,Noise,30%,0.7,1.3,30.0,10,What causes inflammatory bowel disease?,1.0,0.9979,0.8222,2.0253,0.001135,10,26749
7,D,Noise,30%,0.7,1.3,30.0,10,Describe treatment for chronic kidney disease,1.0,1.0,1.0,1.3592,0.01407,10,24026
7,D,Noise,30%,0.7,1.3,30.0,10,What are symptoms of schizophrenia?,1.0,1.0,0.9111,1.6957,0.009035,10,26970
7,D,Noise,30%,0.7,1.3,30.0,10,How is bipolar disorder managed?,1.0,1.0,0.9556,1.4708,0.01408,10,23534
7,D,Noise,30%,0.7,1.3,30.0,10,What causes psoriasis?,1.0,0.9999,0.9111,1.6094,0.01505,10,24933
7,D,Noise,30%,0.7,1.3,30.0,10,Describe sepsis treatment,1.0,1.0,0.9556,1.6434,0.015997,10,24273
7,D,Noise,30%,0.7,1.3,30.0,10,What are risk factors for cancer?,1.0,0.9999,0.7333,2.0253,0.000564,10,24534
7,D,Noise,30%,0.7,1.3,30.0,10,How is ALS diagnosed?,0.9,0.9498,1.0,1.6094,0.009735,10,26069
7,D,Noise,50%,0.5,1.5,50.0,10,What are the symptoms of type 2 diabetes?,0.9,0.9512,0.8889,1.7481,0.004812,10,24644
7,D,Noise,50%,0.5,1.5,50.0,10,How is hypertension treated?,1.0,0.9996,0.8222,1.8344,0.005047,10,24352
7,D,Noise,50%,0.5,1.5,50.0,10,What causes heart failure?,1.0,0.9998,0.9111,2.164,0.004445,10,24135
7,D,Noise,50%,0.5,1.5,50.0,10,Describe the symptoms of lupus,1.0,1.0,1.0,2.0253,0.010961,10,24316
7,D,Noise,50%,0.5,1.5,50.0,10,What medications treat depression?,1.0,1.0,1.0,2.3026,0.005971,10,24310
7,D,Noise,50%,0.5,1.5,50.0,10,How does Alzheimer's disease progress?,1.0,1.0,0.9111,1.973,0.010833,10,24122
7,D,Noise,50%,0.5,1.5,50.0,10,What are risk factors for stroke?,0.8,0.8889,0.7143,0.9404,0.005459,10,24828
7,D,Noise,50%,0.5,1.5,50.0,10,How is asthma managed long-term?,0.9,0.9555,0.8889,1.8867,0.005259,10,24188
7,D,Noise,50%,0.5,1.5,50.0,10,What are signs of kidney disease?,0.9,0.9485,0.9444,2.0253,0.004061,10,24416
7,D,Noise,50%,0.5,1.5,50.0,10,Describe rheumatoid arthritis treatment,1.0,0.9999,0.9556,1.8867,0.006447,10,25429
7,D,Noise,50%,0.5,1.5,50.0,10,What causes Parkinson's disease?,1.0,0.9999,0.9111,2.164,0.010775,10,23992
7,D,Noise,50%,0.5,1.5,50.0,10,How is multiple sclerosis diagnosed?,1.0,1.0,0.9556,1.6094,0.009337,10,24034
7,D,Noise,50%,0.5,1.5,50.0,10,What are symptoms of anemia?,1.0,0.9991,0.9111,1.8344,0.01251,10,25354
7,D,Noise,50%,0.5,1.5,50.0,10,How is hypothyroidism treated?,0.9,0.9572,0.9444,1.8344,0.010262,10,25067
7,D,Noise,50%,0.5,1.5,50.0,10,What causes chronic pain?,1.0,0.9994,0.7333,1.8344,0.000391,10,24698
7,D,Noise,50%,0.5,1.5,50.0,10,Describe COPD management,0.9,0.959,1.0,1.4979,0.01652,10,24660
7,D,Noise,50%,0.5,1.5,50.0,10,What are signs of liver disease?,0.9,0.9459,0.8333,2.0253,0.00095,10,24146
7,D,Noise,50%,0.5,1.5,50.0,10,How is epilepsy treated?,0.9,0.957,0.8889,1.6094,0.013156,10,24183
7,D,Noise,50%,0.5,1.5,50.0,10,What causes osteoporosis?,1.0,0.9998,0.8667,1.4708,0.01115,10,24358
7,D,Noise,50%,0.5,1.5,50.0,10,Describe symptoms of anxiety disorder,1.0,0.9998,0.8667,1.8344,0.008867,10,23895
7,D,Noise,50%,0.5,1.5,50.0,10,What medications are used for HIV/AIDS?,1.0,1.0,1.0,1.4979,0.007179,10,27358
7,D,Noise,50%,0.5,1.5,50.0,10,How is pneumonia diagnosed?,1.0,0.9995,0.7778,1.6434,0.004976,9,24795
7,D,Noise,50%,0.5,1.5,50.0,10,What causes inflammatory bowel disease?,0.9,0.9463,0.8333,2.0253,0.001072,10,23221
7,D,Noise,50%,0.5,1.5,50.0,10,Describe treatment for chronic kidney disease,0.9,0.957,1.0,1.6957,0.009955,10,23331
7,D,Noise,50%,0.5,1.5,50.0,10,What are symptoms of schizophrenia?,1.0,0.9996,0.8222,1.6957,0.007685,10,25490
7,D,Noise,50%,0.5,1.5,50.0,10,How is bipolar disorder managed?,1.0,1.0,0.9111,1.4708,0.010032,10,22887
7,D,Noise,50%,0.5,1.5,50.0,10,What causes psoriasis?,1.0,1.0,1.0,1.6957,0.011566,10,23527
7,D,Noise,50%,0.5,1.5,50.0,10,Describe sepsis treatment,1.0,0.9999,0.8667,1.8344,0.01151,10,22413
7,D,Noise,50%,0.5,1.5,50.0,10,What are risk factors for cancer?,0.9,0.939,0.7778,1.8344,0.000571,10,23264
7,D,Noise,50%,0.5,1.5,50.0,10,How is ALS diagnosed?,0.8,0.9005,0.9286,1.6094,0.007013,10,22552
7,D,Noise,70%,0.3,1.7,70.0,10,What are the symptoms of type 2 diabetes?,1.0,1.0,0.9556,2.0253,0.003592,10,24830
7,D,Noise,70%,0.3,1.7,70.0,10,How is hypertension treated?,1.0,0.9998,0.8667,1.6094,0.002987,10,24075
7,D,Noise,70%,0.3,1.7,70.0,10,What causes heart failure?,0.9,0.948,0.9444,2.0253,0.003336,10,23814
7,D,Noise,70%,0.3,1.7,70.0,10,Describe the symptoms of lupus,0.9,0.953,0.7222,1.8344,0.006628,10,24378
7,D,Noise,70%,0.3,1.7,70.0,10,What medications treat depression?,1.0,0.9999,0.9556,2.3026,0.003399,10,24903
7,D,Noise,70%,0.3,1.7,70.0,10,How does Alzheimer's disease progress?,1.0,1.0,0.9111,1.973,0.00663,10,24415
7,D,Noise,70%,0.3,1.7,70.0,10,What are risk factors for stroke?,0.9,0.9399,0.7222,1.3592,0.00425,10,24608
7,D,Noise,70%,0.3,1.7,70.0,10,How is asthma managed long-term?,0.9,0.9538,1.0,2.164,0.0037,10,24182
7,D,Noise,70%,0.3,1.7,70.0,10,What are signs of kidney disease?,1.0,0.9999,0.9111,1.8344,0.003052,10,25487
7,D,Noise,70%,0.3,1.7,70.0,10,Describe rheumatoid arthritis treatment,1.0,0.9999,0.9556,1.8867,0.004366,10,27937
7,D,Noise,70%,0.3,1.7,70.0,10,What causes Parkinson's disease?,1.0,0.9999,0.9111,1.973,0.008119,10,23365
7,D,Noise,70%,0.3,1.7,70.0,10,How is multiple sclerosis diagnosed?,0.9,0.9559,0.9444,1.8344,0.00686,10,24366
7,D,Noise,70%,0.3,1.7,70.0,10,What are symptoms of anemia?,0.9,0.952,1.0,1.8867,0.007899,10,24827
7,D,Noise,70%,0.3,1.7,70.0,10,How is hypothyroidism treated?,1.0,0.9981,0.8222,1.6434,0.005685,10,24281
7,D,Noise,70%,0.3,1.7,70.0,10,What causes chronic pain?,1.0,0.9996,0.7333,1.8344,0.000492,10,24089
7,D,Noise,70%,0.3,1.7,70.0,10,Describe COPD management,0.9,0.9569,0.9444,1.3592,0.010554,9,23759
7,D,Noise,70%,0.3,1.7,70.0,10,What are signs of liver disease?,0.9,0.9459,0.8333,1.6094,0.000724,10,24839
7,D,Noise,70%,0.3,1.7,70.0,10,How is epilepsy treated?,0.8,0.9155,0.8571,1.6094,0.007453,10,24294
7,D,Noise,70%,0.3,1.7,70.0,10,What causes osteoporosis?,1.0,0.9998,0.8667,1.973,0.007377,10,24259
7,D,Noise,70%,0.3,1.7,70.0,10,Describe symptoms of anxiety disorder,1.0,0.9999,0.8667,1.4708,0.006334,10,24456
7,D,Noise,70%,0.3,1.7,70.0,10,What medications are used for HIV/AIDS?,0.9,0.9563,0.9444,1.8344,0.003795,10,23837
7,D,Noise,70%,0.3,1.7,70.0,10,How is pneumonia diagnosed?,0.9,0.9472,0.8889,1.7481,0.003534,10,24663
7,D,Noise,70%,0.3,1.7,70.0,10,What causes inflammatory bowel disease?,1.0,0.9999,0.9111,2.164,0.00056,10,24221
7,D,Noise,70%,0.3,1.7,70.0,10,Describe treatment for chronic kidney disease,1.0,1.0,0.9556,1.4708,0.007234,10,24947
7,D,Noise,70%,0.3,1.7,70.0,10,What are symptoms of schizophrenia?,0.8,0.8954,0.6429,1.6094,0.005001,10,27275
7,D,Noise,70%,0.3,1.7,70.0,10,How is bipolar disorder managed?,1.0,0.9997,0.9111,1.6094,0.006919,10,27573
7,D,Noise,70%,0.3,1.7,70.0,10,What causes psoriasis?,1.0,0.9995,0.7778,1.6094,0.007561,10,21568
7,D,Noise,70%,0.3,1.7,70.0,10,Describe sepsis treatment,1.0,1.0,0.9111,1.6434,0.008507,10,15352
7,D,Noise,70%,0.3,1.7,70.0,10,What are risk factors for cancer?,0.9,0.9295,0.8889,2.0253,0.000289,9,14516
7,D,Noise,70%,0.3,1.7,70.0,10,How is ALS diagnosed?,0.9,0.9512,0.8333,1.8344,0.004662,10,11670
7,D,Combined,1%,0.99,1.01,1.0,10,What are the symptoms of type 2 diabetes?,1.0,1.0,1.0,2.164,0.007884,10,24621
7,D,Combined,1%,0.99,1.01,1.0,10,How is hypertension treated?,1.0,1.0,1.0,1.6094,0.007047,10,24069
7,D,Combined,1%,0.99,1.01,1.0,10,What causes heart failure?,1.0,1.0,1.0,2.0253,0.006809,10,24279
7,D,Combined,1%,0.99,1.01,1.0,10,Describe the symptoms of lupus,1.0,1.0,1.0,2.0253,0.014644,10,25174
7,D,Combined,1%,0.99,1.01,1.0,10,What medications treat depression?,1.0,1.0,1.0,2.164,0.008096,10,24433
7,D,Combined,1%,0.99,1.01,1.0,10,How does Alzheimer's disease progress?,1.0,1.0,1.0,1.973,0.015826,10,24632
7,D,Combined,1%,0.99,1.01,1.0,10,What are risk factors for stroke?,1.0,1.0,1.0,1.4185,0.007758,10,23822
7,D,Combined,1%,0.99,1.01,1.0,10,How is asthma managed long-term?,1.0,1.0,1.0,2.164,0.006703,10,24148
7,D,Combined,1%,0.99,1.01,1.0,10,What are signs of kidney disease?,1.0,1.0,1.0,1.8344,0.006654,10,24796
7,D,Combined,1%,0.99,1.01,1.0,10,Describe rheumatoid arthritis treatment,1.0,1.0,1.0,1.8344,0.00917,10,27386
7,D,Combined,1%,0.99,1.01,1.0,10,What causes Parkinson's disease?,1.0,1.0,1.0,1.973,0.015125,10,23879
7,D,Combined,1%,0.99,1.01,1.0,10,How is multiple sclerosis diagnosed?,1.0,1.0,1.0,1.8344,0.014319,10,24085
7,D,Combined,1%,0.99,1.01,1.0,10,What are symptoms of anemia?,1.0,1.0,1.0,1.6957,0.01818,10,26114
7,D,Combined,1%,0.99,1.01,1.0,10,How is hypothyroidism treated?,1.0,1.0,1.0,1.5048,0.014415,10,24472
7,D,Combined,1%,0.99,1.01,1.0,10,What causes chronic pain?,1.0,1.0,1.0,2.164,0.000768,9,24350
7,D,Combined,1%,0.99,1.01,1.0,10,Describe COPD management,1.0,1.0,1.0,1.2206,0.024916,10,23752
7,D,Combined,1%,0.99,1.01,1.0,10,What are signs of liver disease?,1.0,1.0,1.0,2.0253,0.001748,10,24406
7,D,Combined,1%,0.99,1.01,1.0,10,How is epilepsy treated?,1.0,1.0,1.0,1.3592,0.017438,10,24252
7,D,Combined,1%,0.99,1.01,1.0,10,What causes osteoporosis?,1.0,1.0,1.0,1.8344,0.014102,10,28224
7,D,Combined,1%,0.99,1.01,1.0,10,Describe symptoms of anxiety disorder,1.0,1.0,1.0,1.6094,0.013907,10,25870
7,D,Combined,1%,0.99,1.01,1.0,10,What medications are used for HIV/AIDS?,1.0,1.0,1.0,1.4979,0.009622,10,25565
7,D,Combined,1%,0.99,1.01,1.0,10,How is pneumonia diagnosed?,1.0,1.0,1.0,1.8344,0.007214,10,23963
7,D,Combined,1%,0.99,1.01,1.0,10,What causes inflammatory bowel disease?,1.0,1.0,0.9556,2.164,0.00151,10,25771
7,D,Combined,1%,0.99,1.01,1.0,10,Describe treatment for chronic kidney disease,1.0,1.0,1.0,1.3592,0.016583,10,23177
7,D,Combined,1%,0.99,1.01,1.0,10,What are symptoms of schizophrenia?,1.0,1.0,1.0,1.6957,0.010788,10,23304
7,D,Combined,1%,0.99,1.01,1.0,10,How is bipolar disorder managed?,1.0,1.0,1.0,1.2799,0.01612,10,22943
7,D,Combined,1%,0.99,1.01,1.0,10,What causes psoriasis?,1.0,1.0,1.0,1.6094,0.016048,10,22992
7,D,Combined,1%,0.99,1.01,1.0,10,Describe sepsis treatment,1.0,1.0,1.0,1.6434,0.017436,10,21870
7,D,Combined,1%,0.99,1.01,1.0,10,What are risk factors for cancer?,1.0,1.0,0.9556,2.0253,0.000541,10,23564
7,D,Combined,1%,0.99,1.01,1.0,10,How is ALS diagnosed?,1.0,1.0,1.0,1.6094,0.011323,10,22375
7,D,Combined,5%,0.95,1.05,5.0,10,What are the symptoms of type 2 diabetes?,0.9,0.9513,1.0,2.164,0.007884,10,26234
7,D,Combined,5%,0.95,1.05,5.0,10,How is hypertension treated?,1.0,1.0,1.0,1.8344,0.007056,10,24434
7,D,Combined,5%,0.95,1.05,5.0,10,What causes heart failure?,1.0,1.0,1.0,2.0253,0.006854,10,25166
7,D,Combined,5%,0.95,1.05,5.0,10,Describe the symptoms of lupus,1.0,1.0,1.0,2.0253,0.014575,10,23985
7,D,Combined,5%,0.95,1.05,5.0,10,What medications treat depression?,1.0,1.0,1.0,2.3026,0.008167,10,25029
7,D,Combined,5%,0.95,1.05,5.0,10,How does Alzheimer's disease progress?,1.0,1.0,0.9556,1.973,0.015845,9,23875
7,D,Combined,5%,0.95,1.05,5.0,10,What are risk factors for stroke?,1.0,1.0,1.0,1.4185,0.007743,10,24313
7,D,Combined,5%,0.95,1.05,5.0,10,How is asthma managed long-term?,1.0,1.0,1.0,2.0253,0.006766,10,28299
7,D,Combined,5%,0.95,1.05,5.0,10,What are signs of kidney disease?,1.0,1.0,1.0,1.8344,0.006584,10,25550
7,D,Combined,5%,0.95,1.05,5.0,10,Describe rheumatoid arthritis treatment,1.0,1.0,1.0,1.8344,0.009136,10,23749
7,D,Combined,5%,0.95,1.05,5.0,10,What causes Parkinson's disease?,1.0,1.0,1.0,1.973,0.015152,10,26712
7,D,Combined,5%,0.95,1.05,5.0,10,How is multiple sclerosis diagnosed?,1.0,1.0,1.0,1.8344,0.014497,10,24950
7,D,Combined,5%,0.95,1.05,5.0,10,What are symptoms of anemia?,1.0,1.0,1.0,1.6957,0.018405,9,24571
7,D,Combined,5%,0.95,1.05,5.0,10,How is hypothyroidism treated?,1.0,1.0,1.0,1.5048,0.014579,10,24800
7,D,Combined,5%,0.95,1.05,5.0,10,What causes chronic pain?,1.0,1.0,0.9556,2.164,0.000758,10,24134
7,D,Combined,5%,0.95,1.05,5.0,10,Describe COPD management,1.0,1.0,1.0,1.2206,0.02513,10,23969
7,D,Combined,5%,0.95,1.05,5.0,10,What are signs of liver disease?,1.0,1.0,1.0,2.0253,0.001713,10,24753
7,D,Combined,5%,0.95,1.05,5.0,10,How is epilepsy treated?,1.0,1.0,1.0,1.3592,0.017407,10,27208
7,D,Combined,5%,0.95,1.05,5.0,10,What causes osteoporosis?,1.0,1.0,0.9556,1.8344,0.014121,10,26418
7,D,Combined,5%,0.95,1.05,5.0,10,Describe symptoms of anxiety disorder,1.0,1.0,1.0,1.4708,0.013873,10,24408
7,D,Combined,5%,0.95,1.05,5.0,10,What medications are used for HIV/AIDS?,1.0,1.0,1.0,1.4979,0.009532,10,24990
7,D,Combined,5%,0.95,1.05,5.0,10,How is pneumonia diagnosed?,1.0,1.0,0.9556,1.8344,0.007204,10,24122
7,D,Combined,5%,0.95,1.05,5.0,10,What causes inflammatory bowel disease?,1.0,1.0,0.9556,2.164,0.001495,10,23991
7,D,Combined,5%,0.95,1.05,5.0,10,Describe treatment for chronic kidney disease,1.0,1.0,1.0,1.3592,0.016592,10,22646
7,D,Combined,5%,0.95,1.05,5.0,10,What are symptoms of schizophrenia?,1.0,1.0,0.9556,1.5048,0.010846,10,23014
7,D,Combined,5%,0.95,1.05,5.0,10,How is bipolar disorder managed?,1.0,1.0,0.9556,1.4708,0.016049,10,23395
7,D,Combined,5%,0.95,1.05,5.0,10,What causes psoriasis?,1.0,1.0,1.0,1.6094,0.016141,10,23154
7,D,Combined,5%,0.95,1.05,5.0,10,Describe sepsis treatment,1.0,1.0,1.0,1.6434,0.017564,10,22998
7,D,Combined,5%,0.95,1.05,5.0,10,What are risk factors for cancer?,1.0,1.0,1.0,1.8344,0.000524,10,22982
7,D,Combined,5%,0.95,1.05,5.0,10,How is ALS diagnosed?,1.0,1.0,0.9556,1.6094,0.011285,10,23200
7,D,Combined,10%,0.9,1.1,10.0,10,What are the symptoms of type 2 diabetes?,0.9,0.9513,1.0,2.0253,0.007784,10,23611
7,D,Combined,10%,0.9,1.1,10.0,10,How is hypertension treated?,1.0,1.0,0.9556,1.8344,0.007055,10,24415
7,D,Combined,10%,0.9,1.1,10.0,10,What causes heart failure?,1.0,1.0,0.9556,2.0253,0.00677,10,24878
7,D,Combined,10%,0.9,1.1,10.0,10,Describe the symptoms of lupus,1.0,1.0,1.0,1.8867,0.014613,10,24624
7,D,Combined,10%,0.9,1.1,10.0,10,What medications treat depression?,1.0,1.0,1.0,2.164,0.008012,10,24248
7,D,Combined,10%,0.9,1.1,10.0,10,How does Alzheimer's disease progress?,1.0,1.0,1.0,1.973,0.01558,10,25507
7,D,Combined,10%,0.9,1.1,10.0,10,What are risk factors for stroke?,1.0,1.0,1.0,1.4185,0.007722,10,24286
7,D,Combined,10%,0.9,1.1,10.0,10,How is asthma managed long-term?,1.0,1.0,1.0,2.0253,0.006569,10,24553
7,D,Combined,10%,0.9,1.1,10.0,10,What are signs of kidney disease?,1.0,1.0,1.0,2.0253,0.006695,10,23982
7,D,Combined,10%,0.9,1.1,10.0,10,Describe rheumatoid arthritis treatment,1.0,1.0,1.0,1.8344,0.009113,10,24115
7,D,Combined,10%,0.9,1.1,10.0,10,What causes Parkinson's disease?,1.0,1.0,1.0,1.973,0.014771,10,24276
7,D,Combined,10%,0.9,1.1,10.0,10,How is multiple sclerosis diagnosed?,1.0,1.0,1.0,1.8344,0.013954,10,24147
7,D,Combined,10%,0.9,1.1,10.0,10,What are symptoms of anemia?,1.0,1.0,1.0,1.6957,0.018052,10,23861
7,D,Combined,10%,0.9,1.1,10.0,10,How is hypothyroidism treated?,1.0,1.0,1.0,1.5048,0.014536,10,24587
7,D,Combined,10%,0.9,1.1,10.0,10,What causes chronic pain?,1.0,1.0,1.0,2.0253,0.000814,10,24213
7,D,Combined,10%,0.9,1.1,10.0,10,Describe COPD management,1.0,1.0,0.9556,1.2206,0.0249,10,24901
7,D,Combined,10%,0.9,1.1,10.0,10,What are signs of liver disease?,1.0,1.0,1.0,2.164,0.001857,10,23960
7,D,Combined,10%,0.9,1.1,10.0,10,How is epilepsy treated?,1.0,1.0,1.0,1.3592,0.017265,10,25169
7,D,Combined,10%,0.9,1.1,10.0,10,What causes osteoporosis?,1.0,1.0,1.0,1.8867,0.013992,10,24746
7,D,Combined,10%,0.9,1.1,10.0,10,Describe symptoms of anxiety disorder,1.0,1.0,1.0,1.6094,0.013588,10,23621
7,D,Combined,10%,0.9,1.1,10.0,10,What medications are used for HIV/AIDS?,1.0,1.0,1.0,1.4979,0.009381,10,22939
7,D,Combined,10%,0.9,1.1,10.0,10,How is pneumonia diagnosed?,1.0,1.0,1.0,1.6957,0.007172,10,22286
7,D,Combined,10%,0.9,1.1,10.0,10,What causes inflammatory bowel disease?,1.0,0.9999,0.9111,2.0253,0.001466,10,22206
7,D,Combined,10%,0.9,1.1,10.0,10,Describe treatment for chronic kidney disease,1.0,1.0,1.0,1.3592,0.016684,10,23290
7,D,Combined,10%,0.9,1.1,10.0,10,What are symptoms of schizophrenia?,0.9,0.9491,0.9444,1.6094,0.01088,10,22562
7,D,Combined,10%,0.9,1.1,10.0,10,How is bipolar disorder managed?,1.0,1.0,0.9556,1.4708,0.015834,10,22541
7,D,Combined,10%,0.9,1.1,10.0,10,What causes psoriasis?,1.0,1.0,0.9556,1.4185,0.015915,10,22117
7,D,Combined,10%,0.9,1.1,10.0,10,Describe sepsis treatment,1.0,1.0,0.9556,1.6434,0.017077,10,22717
7,D,Combined,10%,0.9,1.1,10.0,10,What are risk factors for cancer?,1.0,1.0,0.9111,1.8344,0.000539,10,22537
7,D,Combined,10%,0.9,1.1,10.0,10,How is ALS diagnosed?,1.0,1.0,1.0,1.6094,0.011229,10,22705
7,D,Combined,20%,0.8,1.2,20.0,10,What are the symptoms of type 2 diabetes?,0.9,0.9512,0.9444,1.8867,0.007367,10,25535
7,D,Combined,20%,0.8,1.2,20.0,10,How is hypertension treated?,1.0,1.0,0.9556,1.6094,0.006495,10,26917
7,D,Combined,20%,0.8,1.2,20.0,10,What causes heart failure?,0.9,0.9499,1.0,2.0253,0.006591,10,24210
7,D,Combined,20%,0.8,1.2,20.0,10,Describe the symptoms of lupus,0.9,0.9541,1.0,2.0253,0.014115,10,23719
7,D,Combined,20%,0.8,1.2,20.0,10,What medications treat depression?,1.0,1.0,1.0,2.164,0.007419,10,26335
7,D,Combined,20%,0.8,1.2,20.0,10,How does Alzheimer's disease progress?,1.0,1.0,0.9111,1.973,0.015778,10,24570
7,D,Combined,20%,0.8,1.2,20.0,10,What are risk factors for stroke?,1.0,1.0,0.9556,1.2275,0.007283,10,27416
7,D,Combined,20%,0.8,1.2,20.0,10,How is asthma managed long-term?,1.0,1.0,1.0,2.164,0.006259,10,24210
7,D,Combined,20%,0.8,1.2,20.0,10,What are signs of kidney disease?,1.0,0.9999,0.9111,1.8344,0.00632,10,25948
7,D,Combined,20%,0.8,1.2,20.0,10,Describe rheumatoid arthritis treatment,1.0,1.0,1.0,1.8344,0.008301,10,24549
7,D,Combined,20%,0.8,1.2,20.0,10,What causes Parkinson's disease?,1.0,1.0,0.9556,1.973,0.014697,10,24833
7,D,Combined,20%,0.8,1.2,20.0,10,How is multiple sclerosis diagnosed?,1.0,1.0,1.0,1.973,0.013537,10,25347
7,D,Combined,20%,0.8,1.2,20.0,10,What are symptoms of anemia?,1.0,1.0,0.9556,1.6957,0.016675,10,25056
7,D,Combined,20%,0.8,1.2,20.0,10,How is hypothyroidism treated?,1.0,0.9982,0.8667,1.6957,0.013261,10,23906
7,D,Combined,20%,0.8,1.2,20.0,10,What causes chronic pain?,1.0,1.0,0.9556,2.0253,0.000762,10,23764
7,D,Combined,20%,0.8,1.2,20.0,10,Describe COPD management,0.9,0.9606,1.0,1.2206,0.023984,10,24017
7,D,Combined,20%,0.8,1.2,20.0,10,What are signs of liver disease?,1.0,0.9999,0.9111,2.0253,0.001838,10,24466
7,D,Combined,20%,0.8,1.2,20.0,10,How is epilepsy treated?,1.0,0.9999,0.8667,1.3592,0.016202,10,24371
7,D,Combined,20%,0.8,1.2,20.0,10,What causes osteoporosis?,1.0,1.0,0.9556,1.7481,0.013568,10,25360
7,D,Combined,20%,0.8,1.2,20.0,10,Describe symptoms of anxiety disorder,1.0,0.9999,0.9111,1.4708,0.012833,10,24207
7,D,Combined,20%,0.8,1.2,20.0,10,What medications are used for HIV/AIDS?,1.0,1.0,0.9556,1.4979,0.008912,10,23830
7,D,Combined,20%,0.8,1.2,20.0,10,How is pneumonia diagnosed?,1.0,1.0,0.9556,1.8867,0.00647,10,23863
7,D,Combined,20%,0.8,1.2,20.0,10,What causes inflammatory bowel disease?,1.0,1.0,0.9556,1.7481,0.001409,10,24152
7,D,Combined,20%,0.8,1.2,20.0,10,Describe treatment for chronic kidney disease,1.0,1.0,1.0,1.4708,0.015297,10,27223
7,D,Combined,20%,0.8,1.2,20.0,10,What are symptoms of schizophrenia?,1.0,0.9999,0.9111,1.4185,0.00993,10,27832
7,D,Combined,20%,0.8,1.2,20.0,10,How is bipolar disorder managed?,1.0,0.9993,0.9111,1.4708,0.015054,10,25277
7,D,Combined,20%,0.8,1.2,20.0,10,What causes psoriasis?,1.0,1.0,0.9556,1.4185,0.015192,10,24214
7,D,Combined,20%,0.8,1.2,20.0,10,Describe sepsis treatment,1.0,1.0,0.9556,1.6434,0.016262,10,24722
7,D,Combined,20%,0.8,1.2,20.0,10,What are risk factors for cancer?,1.0,0.9999,0.8667,1.7481,0.000508,9,24036
7,D,Combined,20%,0.8,1.2,20.0,10,How is ALS diagnosed?,1.0,1.0,0.9556,1.6094,0.011112,10,23638
7,D,Combined,30%,0.7,1.3,30.0,10,What are the symptoms of type 2 diabetes?,0.9,0.9513,0.9444,1.8867,0.007305,10,24908
7,D,Combined,30%,0.7,1.3,30.0,10,How is hypertension treated?,0.9,0.9508,0.8889,1.6957,0.005958,10,24259
7,D,Combined,30%,0.7,1.3,30.0,10,What causes heart failure?,0.9,0.95,0.9444,2.0253,0.006324,10,25733
7,D,Combined,30%,0.7,1.3,30.0,10,Describe the symptoms of lupus,1.0,1.0,1.0,1.8867,0.012945,10,25210
7,D,Combined,30%,0.7,1.3,30.0,10,What medications treat depression?,1.0,0.9998,0.9556,2.164,0.006808,10,24029
7,D,Combined,30%,0.7,1.3,30.0,10,How does Alzheimer's disease progress?,1.0,1.0,0.9556,1.8344,0.014309,10,24852
7,D,Combined,30%,0.7,1.3,30.0,10,What are risk factors for stroke?,0.8,0.8891,0.7857,1.2275,0.006225,10,23899
7,D,Combined,30%,0.7,1.3,30.0,10,How is asthma managed long-term?,0.9,0.9556,0.9444,2.0253,0.00591,10,24771
7,D,Combined,30%,0.7,1.3,30.0,10,What are signs of kidney disease?,1.0,1.0,1.0,1.8344,0.005889,10,25459
7,D,Combined,30%,0.7,1.3,30.0,10,Describe rheumatoid arthritis treatment,1.0,0.9999,0.9556,1.973,0.008667,10,24406
7,D,Combined,30%,0.7,1.3,30.0,10,What causes Parkinson's disease?,1.0,1.0,1.0,1.973,0.013392,10,23621
7,D,Combined,30%,0.7,1.3,30.0,10,How is multiple sclerosis diagnosed?,1.0,1.0,1.0,1.973,0.01219,10,23398
7,D,Combined,30%,0.7,1.3,30.0,10,What are symptoms of anemia?,1.0,0.9992,0.9556,1.8867,0.015163,10,24990
7,D,Combined,30%,0.7,1.3,30.0,10,How is hypothyroidism treated?,0.9,0.9572,1.0,1.6434,0.011695,9,24540
7,D,Combined,30%,0.7,1.3,30.0,10,What causes chronic pain?,1.0,0.9999,0.9556,2.0253,0.000779,10,26720
7,D,Combined,30%,0.7,1.3,30.0,10,Describe COPD management,0.9,0.9606,1.0,1.3592,0.022274,10,24257
7,D,Combined,30%,0.7,1.3,30.0,10,What are signs of liver disease?,1.0,1.0,1.0,2.0253,0.001634,10,23916
7,D,Combined,30%,0.7,1.3,30.0,10,How is epilepsy treated?,0.9,0.9608,0.8333,1.3592,0.014341,10,24201
7,D,Combined,30%,0.7,1.3,30.0,10,What causes osteoporosis?,1.0,1.0,0.9556,1.8344,0.012418,10,23614
7,D,Combined,30%,0.7,1.3,30.0,10,Describe symptoms of anxiety disorder,1.0,1.0,0.9556,1.4708,0.012317,10,24195
7,D,Combined,30%,0.7,1.3,30.0,10,What medications are used for HIV/AIDS?,1.0,1.0,1.0,1.4979,0.008525,10,24484
7,D,Combined,30%,0.7,1.3,30.0,10,How is pneumonia diagnosed?,0.9,0.947,0.8889,1.6094,0.006259,10,23888
7,D,Combined,30%,0.7,1.3,30.0,10,What causes inflammatory bowel disease?,1.0,1.0,0.9556,1.973,0.00133,10,28248
7,D,Combined,30%,0.7,1.3,30.0,10,Describe treatment for chronic kidney disease,1.0,1.0,0.9556,1.3592,0.014997,10,23883
7,D,Combined,30%,0.7,1.3,30.0,10,What are symptoms of schizophrenia?,0.9,0.9463,0.7778,1.5048,0.009592,10,24060
7,D,Combined,30%,0.7,1.3,30.0,10,How is bipolar disorder managed?,1.0,1.0,0.9111,1.2799,0.014952,10,24308
7,D,Combined,30%,0.7,1.3,30.0,10,What causes psoriasis?,1.0,0.9999,0.9111,1.6094,0.014601,10,25158
7,D,Combined,30%,0.7,1.3,30.0,10,Describe sepsis treatment,1.0,1.0,0.9556,1.6434,0.016637,10,22808
7,D,Combined,30%,0.7,1.3,30.0,10,What are risk factors for cancer?,1.0,0.9998,0.7778,1.8867,0.000436,10,26938
7,D,Combined,30%,0.7,1.3,30.0,10,How is ALS diagnosed?,1.0,1.0,0.9556,1.8867,0.009444,10,23497
7,D,Combined,50%,0.5,1.5,50.0,10,What are the symptoms of type 2 diabetes?,0.9,0.9512,0.8889,2.164,0.005219,10,24702
7,D,Combined,50%,0.5,1.5,50.0,10,How is hypertension treated?,0.8,0.9037,1.0,1.973,0.004878,10,23879
7,D,Combined,50%,0.5,1.5,50.0,10,What causes heart failure?,0.8,0.898,1.0,2.0253,0.004404,10,23485
7,D,Combined,50%,0.5,1.5,50.0,10,Describe the symptoms of lupus,0.9,0.954,0.9444,1.8344,0.010431,10,24029
7,D,Combined,50%,0.5,1.5,50.0,10,What medications treat depression?,1.0,0.9998,0.9556,2.0253,0.005754,10,23360
7,D,Combined,50%,0.5,1.5,50.0,10,How does Alzheimer's disease progress?,1.0,1.0,0.9111,1.8344,0.012037,10,24892
7,D,Combined,50%,0.5,1.5,50.0,10,What are risk factors for stroke?,0.9,0.9435,0.7222,1.2275,0.005897,10,24420
7,D,Combined,50%,0.5,1.5,50.0,10,How is asthma managed long-term?,1.0,1.0,1.0,2.164,0.004463,10,24087
7,D,Combined,50%,0.5,1.5,50.0,10,What are signs of kidney disease?,0.9,0.9486,0.9444,2.0253,0.004962,10,24496
7,D,Combined,50%,0.5,1.5,50.0,10,Describe rheumatoid arthritis treatment,0.9,0.9563,0.8333,1.7481,0.006416,10,24218
7,D,Combined,50%,0.5,1.5,50.0,10,What causes Parkinson's disease?,1.0,1.0,0.9556,1.8344,0.010269,10,24559
7,D,Combined,50%,0.5,1.5,50.0,10,How is multiple sclerosis diagnosed?,0.9,0.956,1.0,1.8344,0.009016,10,24322
7,D,Combined,50%,0.5,1.5,50.0,10,What are symptoms of anemia?,1.0,0.9998,0.9111,1.8867,0.013827,10,23928
7,D,Combined,50%,0.5,1.5,50.0,10,How is hypothyroidism treated?,0.9,0.9573,0.9444,1.6957,0.011032,10,25107
7,D,Combined,50%,0.5,1.5,50.0,10,What causes chronic pain?,0.9,0.9372,0.8889,1.6957,0.000472,9,24508
7,D,Combined,50%,0.5,1.5,50.0,10,Describe COPD management,1.0,1.0,1.0,1.3592,0.018063,10,26553
7,D,Combined,50%,0.5,1.5,50.0,10,What are signs of liver disease?,0.9,0.9461,0.8333,1.7481,0.001032,9,27307
7,D,Combined,50%,0.5,1.5,50.0,10,How is epilepsy treated?,1.0,0.9995,0.8222,1.3592,0.012619,10,24349
7,D,Combined,50%,0.5,1.5,50.0,10,What causes osteoporosis?,1.0,0.9998,0.8667,1.6957,0.009284,10,24326
7,D,Combined,50%,0.5,1.5,50.0,10,Describe symptoms of anxiety disorder,1.0,0.9999,0.8667,1.3592,0.008726,10,23881
7,D,Combined,50%,0.5,1.5,50.0,10,What medications are used for HIV/AIDS?,1.0,1.0,0.9556,1.4979,0.006227,10,25619
7,D,Combined,50%,0.5,1.5,50.0,10,How is pneumonia diagnosed?,0.9,0.9468,0.8889,1.4979,0.005054,10,24562
7,D,Combined,50%,0.5,1.5,50.0,10,What causes inflammatory bowel disease?,1.0,0.9997,0.9111,1.6957,0.000858,10,24586
7,D,Combined,50%,0.5,1.5,50.0,10,Describe treatment for chronic kidney disease,1.0,1.0,0.9556,1.3592,0.012254,10,24697
7,D,Combined,50%,0.5,1.5,50.0,10,What are symptoms of schizophrenia?,0.9,0.9442,0.7778,1.5048,0.007738,10,25374
7,D,Combined,50%,0.5,1.5,50.0,10,How is bipolar disorder managed?,1.0,1.0,0.8667,1.6957,0.011742,10,24866
7,D,Combined,50%,0.5,1.5,50.0,10,What causes psoriasis?,1.0,1.0,0.9111,1.3592,0.012704,10,24286
7,D,Combined,50%,0.5,1.5,50.0,10,Describe sepsis treatment,1.0,0.9999,0.8667,1.6434,0.01268,10,23782
7,D,Combined,50%,0.5,1.5,50.0,10,What are risk factors for cancer?,1.0,0.9998,0.6889,1.973,0.000336,10,24630
7,D,Combined,50%,0.5,1.5,50.0,10,How is ALS diagnosed?,0.9,0.9514,0.8889,1.4185,0.008306,10,26503
7,D,Combined,70%,0.3,1.7,70.0,10,What are the symptoms of type 2 diabetes?,0.9,0.9487,0.8333,1.6434,0.003421,10,25448
7,D,Combined,70%,0.3,1.7,70.0,10,How is hypertension treated?,1.0,0.9996,0.7778,1.8867,0.002896,10,25237
7,D,Combined,70%,0.3,1.7,70.0,10,What causes heart failure?,0.9,0.9453,0.9444,2.164,0.002725,10,22820
7,D,Combined,70%,0.3,1.7,70.0,10,Describe the symptoms of lupus,0.9,0.9521,1.0,1.8344,0.007478,10,25491
7,D,Combined,70%,0.3,1.7,70.0,10,What medications treat depression?,1.0,1.0,1.0,1.7481,0.004207,10,24630
7,D,Combined,70%,0.3,1.7,70.0,10,How does Alzheimer's disease progress?,1.0,0.9998,0.9111,2.0253,0.007069,10,27756
7,D,Combined,70%,0.3,1.7,70.0,10,What are risk factors for stroke?,0.8,0.8772,0.9286,1.4979,0.003968,10,23535
7,D,Combined,70%,0.3,1.7,70.0,10,How is asthma managed long-term?,0.9,0.9537,0.9444,2.0253,0.002955,10,27623
7,D,Combined,70%,0.3,1.7,70.0,10,What are signs of kidney disease?,1.0,0.9989,0.7333,1.6957,0.003316,10,24310
7,D,Combined,70%,0.3,1.7,70.0,10,Describe rheumatoid arthritis treatment,0.9,0.9565,0.8889,1.6094,0.004325,10,25551
7,D,Combined,70%,0.3,1.7,70.0,10,What causes Parkinson's disease?,1.0,1.0,0.9556,1.973,0.007074,10,24587
7,D,Combined,70%,0.3,1.7,70.0,10,How is multiple sclerosis diagnosed?,1.0,1.0,0.9556,1.973,0.00673,10,25017
7,D,Combined,70%,0.3,1.7,70.0,10,What are symptoms of anemia?,1.0,0.9998,0.8222,1.8344,0.007754,10,24891
7,D,Combined,70%,0.3,1.7,70.0,10,How is hypothyroidism treated?,1.0,0.9982,0.7778,1.8344,0.006884,10,24651
7,D,Combined,70%,0.3,1.7,70.0,10,What causes chronic pain?,1.0,0.9995,0.7333,1.4979,0.00039,9,24042
7,D,Combined,70%,0.3,1.7,70.0,10,Describe COPD management,0.9,0.96,0.8889,1.2206,0.013073,9,26451
7,D,Combined,70%,0.3,1.7,70.0,10,What are signs of liver disease?,1.0,0.9983,0.6444,2.0253,0.000569,10,23813
7,D,Combined,70%,0.3,1.7,70.0,10,How is epilepsy treated?,0.9,0.9608,0.8889,1.3592,0.009077,10,23475
7,D,Combined,70%,0.3,1.7,70.0,10,What causes osteoporosis?,1.0,0.9968,0.9111,1.6957,0.006965,10,24325
7,D,Combined,70%,0.3,1.7,70.0,10,Describe symptoms of anxiety disorder,1.0,0.9998,0.8222,1.8344,0.006535,10,23662
7,D,Combined,70%,0.3,1.7,70.0,10,What medications are used for HIV/AIDS?,0.9,0.96,1.0,1.7481,0.004695,10,24436
7,D,Combined,70%,0.3,1.7,70.0,10,How is pneumonia diagnosed?,0.8,0.8922,0.8571,1.8344,0.00274,10,25574
7,D,Combined,70%,0.3,1.7,70.0,10,What causes inflammatory bowel disease?,1.0,0.9999,0.9111,2.164,0.000863,10,24424
7,D,Combined,70%,0.3,1.7,70.0,10,Describe treatment for chronic kidney disease,1.0,0.9983,0.7333,1.0889,0.007431,10,25723
7,D,Combined,70%,0.3,1.7,70.0,10,What are symptoms of schizophrenia?,0.9,0.9489,0.9444,1.6957,0.005171,10,24287
7,D,Combined,70%,0.3,1.7,70.0,10,How is bipolar disorder managed?,1.0,0.9993,0.8667,1.5048,0.007386,10,24608
7,D,Combined,70%,0.3,1.7,70.0,10,What causes psoriasis?,1.0,0.9998,0.8222,1.6094,0.007924,10,23493
7,D,Combined,70%,0.3,1.7,70.0,10,Describe sepsis treatment,1.0,0.9999,0.9111,1.6434,0.007903,10,23929
7,D,Combined,70%,0.3,1.7,70.0,10,What are risk factors for cancer?,1.0,0.9987,0.5556,2.0253,0.000222,10,24236
7,D,Combined,70%,0.3,1.7,70.0,10,How is ALS diagnosed?,0.9,0.9518,0.9444,1.7481,0.005927,10,23973
7,D,RomeCombined,1%,0.99,1.01,1.0,10,What are the symptoms of type 2 diabetes?,1.0,1.0,1.0,2.164,0.0079,10,26343
7,D,RomeCombined,1%,0.99,1.01,1.0,10,How is hypertension treated?,1.0,1.0,1.0,1.6094,0.007058,10,27705
7,D,RomeCombined,1%,0.99,1.01,1.0,10,What causes heart failure?,1.0,1.0,1.0,2.0253,0.00681,10,23908
7,D,RomeCombined,1%,0.99,1.01,1.0,10,Describe the symptoms of lupus,1.0,1.0,1.0,2.0253,0.014647,10,25347
7,D,RomeCombined,1%,0.99,1.01,1.0,10,What medications treat depression?,1.0,1.0,1.0,2.164,0.008091,10,26298
7,D,RomeCombined,1%,0.99,1.01,1.0,10,How does Alzheimer's disease progress?,1.0,1.0,1.0,1.973,0.015916,10,26860
7,D,RomeCombined,1%,0.99,1.01,1.0,10,What are risk factors for stroke?,1.0,1.0,1.0,1.3592,0.007775,10,25277
7,D,RomeCombined,1%,0.99,1.01,1.0,10,How is asthma managed long-term?,1.0,1.0,1.0,2.164,0.006684,10,28115
7,D,RomeCombined,1%,0.99,1.01,1.0,10,What are signs of kidney disease?,1.0,1.0,1.0,1.8344,0.006623,10,25194
7,D,RomeCombined,1%,0.99,1.01,1.0,10,Describe rheumatoid arthritis treatment,1.0,1.0,1.0,1.8344,0.009169,10,24942
7,D,RomeCombined,1%,0.99,1.01,1.0,10,What causes Parkinson's disease?,1.0,1.0,1.0,1.973,0.015136,10,25288
7,D,RomeCombined,1%,0.99,1.01,1.0,10,How is multiple sclerosis diagnosed?,1.0,1.0,1.0,1.8344,0.014321,10,24826
7,D,RomeCombined,1%,0.99,1.01,1.0,10,What are symptoms of anemia?,1.0,1.0,1.0,1.6957,0.01815,10,25161
7,D,RomeCombined,1%,0.99,1.01,1.0,10,How is hypothyroidism treated?,1.0,1.0,1.0,1.5048,0.014397,10,25107
7,D,RomeCombined,1%,0.99,1.01,1.0,10,What causes chronic pain?,1.0,1.0,1.0,2.164,0.000766,10,24634
7,D,RomeCombined,1%,0.99,1.01,1.0,10,Describe COPD management,1.0,1.0,1.0,1.2206,0.024943,10,25203
7,D,RomeCombined,1%,0.99,1.01,1.0,10,What are signs of liver disease?,1.0,1.0,1.0,2.0253,0.001758,10,25281
7,D,RomeCombined,1%,0.99,1.01,1.0,10,How is epilepsy treated?,1.0,1.0,1.0,1.3592,0.0174,10,25503
7,D,RomeCombined,1%,0.99,1.01,1.0,10,What causes osteoporosis?,1.0,1.0,1.0,1.8344,0.014103,10,25690
7,D,RomeCombined,1%,0.99,1.01,1.0,10,Describe symptoms of anxiety disorder,1.0,1.0,1.0,1.6094,0.013897,10,24547
7,D,RomeCombined,1%,0.99,1.01,1.0,10,What medications are used for HIV/AIDS?,1.0,1.0,1.0,1.4979,0.009628,10,25942
7,D,RomeCombined,1%,0.99,1.01,1.0,10,How is pneumonia diagnosed?,1.0,1.0,1.0,1.8344,0.007219,10,25657
7,D,RomeCombined,1%,0.99,1.01,1.0,10,What causes inflammatory bowel disease?,1.0,1.0,1.0,2.164,0.001512,10,24656
7,D,RomeCombined,1%,0.99,1.01,1.0,10,Describe treatment for chronic kidney disease,1.0,1.0,1.0,1.3592,0.016563,10,25270
7,D,RomeCombined,1%,0.99,1.01,1.0,10,What are symptoms of schizophrenia?,1.0,1.0,1.0,1.4185,0.010815,10,27409
7,D,RomeCombined,1%,0.99,1.01,1.0,10,How is bipolar disorder managed?,1.0,1.0,0.9556,1.4708,0.016133,10,25339
7,D,RomeCombined,1%,0.99,1.01,1.0,10,What causes psoriasis?,1.0,1.0,1.0,1.6094,0.016067,10,24970
7,D,RomeCombined,1%,0.99,1.01,1.0,10,Describe sepsis treatment,1.0,1.0,1.0,1.6434,0.017401,10,24936
7,D,RomeCombined,1%,0.99,1.01,1.0,10,What are risk factors for cancer?,1.0,1.0,1.0,2.0253,0.000534,10,25102
7,D,RomeCombined,1%,0.99,1.01,1.0,10,How is ALS diagnosed?,1.0,1.0,1.0,1.6094,0.011312,10,26684
7,D,RomeCombined,5%,0.95,1.05,5.0,10,What are the symptoms of type 2 diabetes?,1.0,1.0,1.0,1.8867,0.007951,10,24787
7,D,RomeCombined,5%,0.95,1.05,5.0,10,How is hypertension treated?,1.0,1.0,1.0,1.6094,0.007078,10,24849
7,D,RomeCombined,5%,0.95,1.05,5.0,10,What causes heart failure?,1.0,1.0,1.0,2.0253,0.006819,10,24306
7,D,RomeCombined,5%,0.95,1.05,5.0,10,Describe the symptoms of lupus,1.0,1.0,1.0,2.0253,0.014579,10,24636
7,D,RomeCombined,5%,0.95,1.05,5.0,10,What medications treat depression?,1.0,1.0,1.0,2.164,0.008034,10,24836
7,D,RomeCombined,5%,0.95,1.05,5.0,10,How does Alzheimer's disease progress?,1.0,1.0,1.0,1.973,0.015816,10,24762
7,D,RomeCombined,5%,0.95,1.05,5.0,10,What are risk factors for stroke?,1.0,1.0,1.0,1.4185,0.007743,10,24744
7,D,RomeCombined,5%,0.95,1.05,5.0,10,How is asthma managed long-term?,1.0,1.0,1.0,2.164,0.006759,10,24351
7,D,RomeCombined,5%,0.95,1.05,5.0,10,What are signs of kidney disease?,1.0,1.0,1.0,1.8344,0.006539,10,25605
7,D,RomeCombined,5%,0.95,1.05,5.0,10,Describe rheumatoid arthritis treatment,1.0,1.0,1.0,1.8344,0.009163,10,24373
7,D,RomeCombined,5%,0.95,1.05,5.0,10,What causes Parkinson's disease?,1.0,1.0,1.0,1.973,0.015009,10,24227
7,D,RomeCombined,5%,0.95,1.05,5.0,10,How is multiple sclerosis diagnosed?,1.0,1.0,1.0,1.8344,0.01422,10,25324
7,D,RomeCombined,5%,0.95,1.05,5.0,10,What are symptoms of anemia?,1.0,1.0,1.0,1.6957,0.017999,10,25440
7,D,RomeCombined,5%,0.95,1.05,5.0,10,How is hypothyroidism treated?,1.0,0.9999,0.9556,1.5048,0.01429,10,26441
7,D,RomeCombined,5%,0.95,1.05,5.0,10,What causes chronic pain?,1.0,1.0,0.9556,2.0253,0.000776,10,24549
7,D,RomeCombined,5%,0.95,1.05,5.0,10,Describe COPD management,1.0,1.0,1.0,1.2206,0.025031,10,24049
7,D,RomeCombined,5%,0.95,1.05,5.0,10,What are signs of liver disease?,1.0,1.0,1.0,2.0253,0.001772,10,25274
7,D,RomeCombined,5%,0.95,1.05,5.0,10,How is epilepsy treated?,1.0,1.0,1.0,1.3592,0.017401,10,24526
7,D,RomeCombined,5%,0.95,1.05,5.0,10,What causes osteoporosis?,1.0,1.0,1.0,1.8344,0.013878,10,25569
7,D,RomeCombined,5%,0.95,1.05,5.0,10,Describe symptoms of anxiety disorder,1.0,1.0,1.0,1.6434,0.013705,10,24082
7,D,RomeCombined,5%,0.95,1.05,5.0,10,What medications are used for HIV/AIDS?,1.0,1.0,1.0,1.4979,0.009512,10,24689
7,D,RomeCombined,5%,0.95,1.05,5.0,10,How is pneumonia diagnosed?,1.0,1.0,1.0,1.8344,0.007136,10,24884
7,D,RomeCombined,5%,0.95,1.05,5.0,10,What causes inflammatory bowel disease?,1.0,1.0,0.9556,1.973,0.001489,10,26436
7,D,RomeCombined,5%,0.95,1.05,5.0,10,Describe treatment for chronic kidney disease,1.0,1.0,1.0,1.3592,0.016523,10,24193
7,D,RomeCombined,5%,0.95,1.05,5.0,10,What are symptoms of schizophrenia?,1.0,1.0,1.0,1.4185,0.010721,10,24435
7,D,RomeCombined,5%,0.95,1.05,5.0,10,How is bipolar disorder managed?,1.0,1.0,0.9556,1.4708,0.016183,10,24952
7,D,RomeCombined,5%,0.95,1.05,5.0,10,What causes psoriasis?,1.0,1.0,1.0,1.6094,0.016089,10,24897
7,D,RomeCombined,5%,0.95,1.05,5.0,10,Describe sepsis treatment,1.0,1.0,0.9556,1.6434,0.017311,10,23639
7,D,RomeCombined,5%,0.95,1.05,5.0,10,What are risk factors for cancer?,1.0,1.0,1.0,1.8344,0.000553,10,24804
7,D,RomeCombined,5%,0.95,1.05,5.0,10,How is ALS diagnosed?,1.0,1.0,1.0,1.6094,0.01148,10,22809
7,D,RomeCombined,10%,0.9,1.1,10.0,10,What are the symptoms of type 2 diabetes?,1.0,1.0,1.0,2.0253,0.007831,10,26156
7,D,RomeCombined,10%,0.9,1.1,10.0,10,How is hypertension treated?,1.0,1.0,1.0,1.6094,0.007158,10,24484
7,D,RomeCombined,10%,0.9,1.1,10.0,10,What causes heart failure?,1.0,1.0,1.0,2.0253,0.006775,10,24416
7,D,RomeCombined,10%,0.9,1.1,10.0,10,Describe the symptoms of lupus,1.0,1.0,1.0,2.0253,0.014359,10,26373
7,D,RomeCombined,10%,0.9,1.1,10.0,10,What medications treat depression?,1.0,1.0,1.0,2.0253,0.008093,10,27292
7,D,RomeCombined,10%,0.9,1.1,10.0,10,How does Alzheimer's disease progress?,1.0,1.0,0.9556,1.973,0.015824,10,27899
7,D,RomeCombined,10%,0.9,1.1,10.0,10,What are risk factors for stroke?,1.0,1.0,1.0,1.3592,0.007679,10,24897
7,D,RomeCombined,10%,0.9,1.1,10.0,10,How is asthma managed long-term?,1.0,1.0,1.0,2.164,0.006661,10,16984
7,D,RomeCombined,10%,0.9,1.1,10.0,10,What are signs of kidney disease?,1.0,1.0,1.0,1.8344,0.006546,10,13391
7,D,RomeCombined,10%,0.9,1.1,10.0,10,Describe rheumatoid arthritis treatment,1.0,1.0,1.0,1.8344,0.009007,10,14452
7,D,RomeCombined,10%,0.9,1.1,10.0,10,What causes Parkinson's disease?,1.0,1.0,0.9556,1.973,0.015114,10,14082
7,D,RomeCombined,10%,0.9,1.1,10.0,10,How is multiple sclerosis diagnosed?,1.0,1.0,1.0,1.8344,0.014329,10,13839
7,D,RomeCombined,10%,0.9,1.1,10.0,10,What are symptoms of anemia?,1.0,1.0,1.0,1.6957,0.018187,10,14850
7,D,RomeCombined,10%,0.9,1.1,10.0,10,How is hypothyroidism treated?,1.0,1.0,1.0,1.5048,0.014207,10,14343
7,D,RomeCombined,10%,0.9,1.1,10.0,10,What causes chronic pain?,1.0,1.0,1.0,2.164,0.000725,10,13678
7,D,RomeCombined,10%,0.9,1.1,10.0,10,Describe COPD management,1.0,1.0,1.0,1.2206,0.02481,10,14639
7,D,RomeCombined,10%,0.9,1.1,10.0,10,What are signs of liver disease?,1.0,1.0,1.0,1.973,0.001744,10,13695
7,D,RomeCombined,10%,0.9,1.1,10.0,10,How is epilepsy treated?,1.0,1.0,1.0,1.3592,0.017603,10,14175
7,D,RomeCombined,10%,0.9,1.1,10.0,10,What causes osteoporosis?,1.0,1.0,1.0,1.8344,0.014028,10,13204
7,D,RomeCombined,10%,0.9,1.1,10.0,10,Describe symptoms of anxiety disorder,1.0,1.0,1.0,1.6094,0.013674,10,12701
7,D,RomeCombined,10%,0.9,1.1,10.0,10,What medications are used for HIV/AIDS?,1.0,1.0,1.0,1.4979,0.009352,10,13500
7,D,RomeCombined,10%,0.9,1.1,10.0,10,How is pneumonia diagnosed?,1.0,1.0,1.0,1.8344,0.007239,10,13074
7,D,RomeCombined,10%,0.9,1.1,10.0,10,What causes inflammatory bowel disease?,1.0,0.9999,0.9111,1.973,0.001474,10,12729
7,D,RomeCombined,10%,0.9,1.1,10.0,10,Describe treatment for chronic kidney disease,1.0,1.0,1.0,1.3592,0.016664,10,12556
7,D,RomeCombined,10%,0.9,1.1,10.0,10,What are symptoms of schizophrenia?,1.0,1.0,1.0,1.4185,0.010685,10,13513
7,D,RomeCombined,10%,0.9,1.1,10.0,10,How is bipolar disorder managed?,1.0,1.0,0.9111,1.2799,0.016039,10,12588
7,D,RomeCombined,10%,0.9,1.1,10.0,10,What causes psoriasis?,1.0,1.0,1.0,1.6094,0.015643,10,13817
7,D,RomeCombined,10%,0.9,1.1,10.0,10,Describe sepsis treatment,1.0,1.0,1.0,1.6434,0.017369,10,13537
7,D,RomeCombined,10%,0.9,1.1,10.0,10,What are risk factors for cancer?,1.0,1.0,0.9556,2.164,0.000497,10,13239
7,D,RomeCombined,10%,0.9,1.1,10.0,10,How is ALS diagnosed?,1.0,1.0,1.0,1.6094,0.011247,10,12935
7,D,RomeCombined,20%,0.8,1.2,20.0,10,What are the symptoms of type 2 diabetes?,0.9,0.9513,1.0,2.164,0.007763,10,26275
7,D,RomeCombined,20%,0.8,1.2,20.0,10,How is hypertension treated?,1.0,1.0,0.9556,1.6094,0.0065,10,24571
7,D,RomeCombined,20%,0.8,1.2,20.0,10,What causes heart failure?,1.0,0.9999,0.9111,1.8867,0.00651,10,25082
7,D,RomeCombined,20%,0.8,1.2,20.0,10,Describe the symptoms of lupus,1.0,1.0,1.0,2.164,0.014239,10,24517
7,D,RomeCombined,20%,0.8,1.2,20.0,10,What medications treat depression?,1.0,1.0,1.0,2.164,0.007666,10,25686
7,D,RomeCombined,20%,0.8,1.2,20.0,10,How does Alzheimer's disease progress?,1.0,1.0,0.9556,1.973,0.015185,10,23434
7,D,RomeCombined,20%,0.8,1.2,20.0,10,What are risk factors for stroke?,0.9,0.9461,1.0,1.4185,0.00748,9,23262
7,D,RomeCombined,20%,0.8,1.2,20.0,10,How is asthma managed long-term?,1.0,1.0,1.0,2.0253,0.00615,10,23096
7,D,RomeCombined,20%,0.8,1.2,20.0,10,What are signs of kidney disease?,1.0,0.9999,0.9111,1.8867,0.006564,10,22905
7,D,RomeCombined,20%,0.8,1.2,20.0,10,Describe rheumatoid arthritis treatment,1.0,1.0,0.9556,1.8344,0.008643,10,24175
7,D,RomeCombined,20%,0.8,1.2,20.0,10,What causes Parkinson's disease?,1.0,1.0,1.0,1.973,0.01405,10,23409
7,D,RomeCombined,20%,0.8,1.2,20.0,10,How is multiple sclerosis diagnosed?,1.0,1.0,1.0,1.8344,0.013397,10,23263
7,D,RomeCombined,20%,0.8,1.2,20.0,10,What are symptoms of anemia?,1.0,1.0,1.0,1.6957,0.01753,10,23463
7,D,RomeCombined,20%,0.8,1.2,20.0,10,How is hypothyroidism treated?,1.0,0.9983,0.9111,1.5048,0.013397,10,24257
7,D,RomeCombined,20%,0.8,1.2,20.0,10,What causes chronic pain?,1.0,0.9999,0.9111,2.164,0.000689,10,22868
7,D,RomeCombined,20%,0.8,1.2,20.0,10,Describe COPD management,0.9,0.9606,1.0,1.2206,0.024077,9,23867
7,D,RomeCombined,20%,0.8,1.2,20.0,10,What are signs of liver disease?,1.0,0.9996,0.9111,2.0253,0.001749,10,23621
7,D,RomeCombined,20%,0.8,1.2,20.0,10,How is epilepsy treated?,1.0,0.9995,0.9556,1.3592,0.016968,10,23014
7,D,RomeCombined,20%,0.8,1.2,20.0,10,What causes osteoporosis?,1.0,1.0,1.0,1.7481,0.013127,10,26121
7,D,RomeCombined,20%,0.8,1.2,20.0,10,Describe symptoms of anxiety disorder,1.0,1.0,1.0,1.8344,0.012779,10,23866
7,D,RomeCombined,20%,0.8,1.2,20.0,10,What medications are used for HIV/AIDS?,1.0,1.0,1.0,1.4979,0.008697,10,23611
7,D,RomeCombined,20%,0.8,1.2,20.0,10,How is pneumonia diagnosed?,1.0,1.0,0.9556,1.8344,0.006843,10,23169
7,D,RomeCombined,20%,0.8,1.2,20.0,10,What causes inflammatory bowel disease?,0.9,0.9463,0.8889,2.0253,0.001452,10,22936
7,D,RomeCombined,20%,0.8,1.2,20.0,10,Describe treatment for chronic kidney disease,1.0,1.0,1.0,1.3592,0.016244,10,25476
7,D,RomeCombined,20%,0.8,1.2,20.0,10,What are symptoms of schizophrenia?,1.0,0.9999,0.8667,1.4185,0.010673,10,23260
7,D,RomeCombined,20%,0.8,1.2,20.0,10,How is bipolar disorder managed?,1.0,1.0,0.9111,1.2799,0.015097,10,23442
7,D,RomeCombined,20%,0.8,1.2,20.0,10,What causes psoriasis?,1.0,1.0,1.0,1.6094,0.015371,10,22977
7,D,RomeCombined,20%,0.8,1.2,20.0,10,Describe sepsis treatment,1.0,0.9999,0.9111,1.6434,0.016551,10,22149
7,D,RomeCombined,20%,0.8,1.2,20.0,10,What are risk factors for cancer?,1.0,0.9999,0.9111,2.164,0.000473,10,23679
7,D,RomeCombined,20%,0.8,1.2,20.0,10,How is ALS diagnosed?,1.0,1.0,0.9111,1.6094,0.010692,10,23576
7,D,RomeCombined,30%,0.7,1.3,30.0,10,What are the symptoms of type 2 diabetes?,0.9,0.9513,1.0,2.0253,0.006897,10,25682
7,D,RomeCombined,30%,0.7,1.3,30.0,10,How is hypertension treated?,0.9,0.9528,1.0,1.8344,0.005856,10,28045
7,D,RomeCombined,30%,0.7,1.3,30.0,10,What causes heart failure?,0.9,0.9499,1.0,2.0253,0.005884,10,25036
7,D,RomeCombined,30%,0.7,1.3,30.0,10,Describe the symptoms of lupus,0.9,0.9541,1.0,1.8867,0.012934,10,24924
7,D,RomeCombined,30%,0.7,1.3,30.0,10,What medications treat depression?,1.0,1.0,1.0,2.3026,0.00709,10,28145
7,D,RomeCombined,30%,0.7,1.3,30.0,10,How does Alzheimer's disease progress?,1.0,1.0,0.9111,1.973,0.013721,10,24778
7,D,RomeCombined,30%,0.7,1.3,30.0,10,What are risk factors for stroke?,1.0,0.9998,0.7778,1.4185,0.007071,10,27551
7,D,RomeCombined,30%,0.7,1.3,30.0,10,How is asthma managed long-term?,0.9,0.9557,1.0,2.0253,0.005916,10,26035
7,D,RomeCombined,30%,0.7,1.3,30.0,10,What are signs of kidney disease?,1.0,0.9999,0.8667,2.0253,0.005874,10,26034
7,D,RomeCombined,30%,0.7,1.3,30.0,10,Describe rheumatoid arthritis treatment,1.0,1.0,1.0,1.8344,0.007808,10,24915
7,D,RomeCombined,30%,0.7,1.3,30.0,10,What causes Parkinson's disease?,1.0,1.0,0.9556,1.8344,0.014015,10,24640
7,D,RomeCombined,30%,0.7,1.3,30.0,10,How is multiple sclerosis diagnosed?,1.0,1.0,0.9556,1.973,0.011906,10,23593
7,D,RomeCombined,30%,0.7,1.3,30.0,10,What are symptoms of anemia?,1.0,1.0,0.9556,1.6957,0.015692,10,24885
7,D,RomeCombined,30%,0.7,1.3,30.0,10,How is hypothyroidism treated?,1.0,0.9999,0.9111,1.5048,0.012801,10,24918
7,D,RomeCombined,30%,0.7,1.3,30.0,10,What causes chronic pain?,0.9,0.9425,0.8889,2.0253,0.000727,9,27378
7,D,RomeCombined,30%,0.7,1.3,30.0,10,Describe COPD management,1.0,1.0,1.0,1.3592,0.023123,10,28529
7,D,RomeCombined,30%,0.7,1.3,30.0,10,What are signs of liver disease?,0.9,0.9462,0.9444,2.164,0.001484,10,25306
7,D,RomeCombined,30%,0.7,1.3,30.0,10,How is epilepsy treated?,1.0,0.9995,0.9556,1.3592,0.015143,10,26200
7,D,RomeCombined,30%,0.7,1.3,30.0,10,What causes osteoporosis?,1.0,1.0,0.9556,1.7481,0.012839,10,25203
7,D,RomeCombined,30%,0.7,1.3,30.0,10,Describe symptoms of anxiety disorder,1.0,1.0,0.9556,1.6094,0.012507,10,24303
7,D,RomeCombined,30%,0.7,1.3,30.0,10,What medications are used for HIV/AIDS?,1.0,1.0,1.0,1.4979,0.00903,10,25346
7,D,RomeCombined,30%,0.7,1.3,30.0,10,How is pneumonia diagnosed?,1.0,1.0,0.9111,1.8867,0.006369,10,24156
7,D,RomeCombined,30%,0.7,1.3,30.0,10,What causes inflammatory bowel disease?,0.9,0.9444,0.8333,2.0253,0.001265,10,25312
7,D,RomeCombined,30%,0.7,1.3,30.0,10,Describe treatment for chronic kidney disease,1.0,1.0,0.9556,1.4708,0.014627,10,26156
7,D,RomeCombined,30%,0.7,1.3,30.0,10,What are symptoms of schizophrenia?,0.9,0.947,0.9444,1.4185,0.009802,10,24894
7,D,RomeCombined,30%,0.7,1.3,30.0,10,How is bipolar disorder managed?,1.0,1.0,0.9111,1.4708,0.013973,9,27379
7,D,RomeCombined,30%,0.7,1.3,30.0,10,What causes psoriasis?,1.0,1.0,1.0,1.6434,0.013839,10,27647
7,D,RomeCombined,30%,0.7,1.3,30.0,10,Describe sepsis treatment,1.0,1.0,0.9556,1.6434,0.016345,10,26751
7,D,RomeCombined,30%,0.7,1.3,30.0,10,What are risk factors for cancer?,1.0,0.9999,0.8222,2.164,0.000502,10,19295
7,D,RomeCombined,30%,0.7,1.3,30.0,10,How is ALS diagnosed?,0.9,0.9517,0.8889,1.6957,0.01018,10,15055
7,D,RomeCombined,50%,0.5,1.5,50.0,10,What are the symptoms of type 2 diabetes?,0.9,0.9511,0.8889,2.0253,0.005732,10,25902
7,D,RomeCombined,50%,0.5,1.5,50.0,10,How is hypertension treated?,1.0,0.9999,0.9111,1.6094,0.00459,9,25450
7,D,RomeCombined,50%,0.5,1.5,50.0,10,What causes heart failure?,0.8,0.8978,0.9286,1.6957,0.004539,10,27622
7,D,RomeCombined,50%,0.5,1.5,50.0,10,Describe the symptoms of lupus,1.0,1.0,1.0,1.8867,0.010505,10,26120
7,D,RomeCombined,50%,0.5,1.5,50.0,10,What medications treat depression?,1.0,0.9999,0.9556,1.8867,0.005667,10,25371
7,D,RomeCombined,50%,0.5,1.5,50.0,10,How does Alzheimer's disease progress?,1.0,1.0,1.0,1.973,0.010662,10,23887
7,D,RomeCombined,50%,0.5,1.5,50.0,10,What are risk factors for stroke?,0.8,0.8888,0.8571,1.4185,0.005253,10,25534
7,D,RomeCombined,50%,0.5,1.5,50.0,10,How is asthma managed long-term?,1.0,0.9999,0.9556,2.164,0.004762,10,25336
7,D,RomeCombined,50%,0.5,1.5,50.0,10,What are signs of kidney disease?,1.0,0.9999,0.8667,1.8867,0.005199,10,24883
7,D,RomeCombined,50%,0.5,1.5,50.0,10,Describe rheumatoid arthritis treatment,1.0,0.9999,0.9111,1.7481,0.00686,9,25109
7,D,RomeCombined,50%,0.5,1.5,50.0,10,What causes Parkinson's disease?,1.0,1.0,1.0,1.973,0.011609,10,25641
7,D,RomeCombined,50%,0.5,1.5,50.0,10,How is multiple sclerosis diagnosed?,1.0,0.9999,0.9111,1.8344,0.010865,10,24791
7,D,RomeCombined,50%,0.5,1.5,50.0,10,What are symptoms of anemia?,1.0,0.9999,0.9111,1.8867,0.012378,10,42465
7,D,RomeCombined,50%,0.5,1.5,50.0,10,How is hypothyroidism treated?,1.0,1.0,0.9556,1.8344,0.009744,10,127447
7,D,RomeCombined,50%,0.5,1.5,50.0,10,What causes chronic pain?,1.0,0.9998,0.8667,2.0253,0.000548,10,12804
7,D,RomeCombined,50%,0.5,1.5,50.0,10,Describe COPD management,0.9,0.959,1.0,1.2206,0.019403,10,30025
7,D,RomeCombined,50%,0.5,1.5,50.0,10,What are signs of liver disease?,0.9,0.9462,0.9444,2.164,0.001206,10,10370
7,D,RomeCombined,50%,0.5,1.5,50.0,10,How is epilepsy treated?,0.9,0.9597,1.0,1.3592,0.011855,10,11854
7,D,RomeCombined,50%,0.5,1.5,50.0,10,What causes osteoporosis?,1.0,0.9998,0.9111,1.8867,0.009632,10,10842
7,D,RomeCombined,50%,0.5,1.5,50.0,10,Describe symptoms of anxiety disorder,1.0,0.9997,0.7778,1.6094,0.009167,10,11951
7,D,RomeCombined,50%,0.5,1.5,50.0,10,What medications are used for HIV/AIDS?,1.0,1.0,1.0,1.4979,0.006588,9,10353
7,D,RomeCombined,50%,0.5,1.5,50.0,10,How is pneumonia diagnosed?,0.9,0.9422,0.8889,1.6434,0.005743,10,11502
7,D,RomeCombined,50%,0.5,1.5,50.0,10,What causes inflammatory bowel disease?,1.0,0.9979,0.8222,1.8867,0.001175,10,10711
7,D,RomeCombined,50%,0.5,1.5,50.0,10,Describe treatment for chronic kidney disease,0.9,0.9569,0.8333,1.4708,0.011462,10,11546
7,D,RomeCombined,50%,0.5,1.5,50.0,10,What are symptoms of schizophrenia?,0.9,0.949,1.0,1.6957,0.007451,10,12226
7,D,RomeCombined,50%,0.5,1.5,50.0,10,How is bipolar disorder managed?,1.0,1.0,0.9111,1.5048,0.011444,10,12283
7,D,RomeCombined,50%,0.5,1.5,50.0,10,What causes psoriasis?,1.0,1.0,0.9556,1.8344,0.011109,10,11064
7,D,RomeCombined,50%,0.5,1.5,50.0,10,Describe sepsis treatment,1.0,1.0,0.9556,1.6434,0.011742,10,11460
7,D,RomeCombined,50%,0.5,1.5,50.0,10,What are risk factors for cancer?,1.0,0.9989,0.8222,1.8867,0.000384,10,11240
7,D,RomeCombined,50%,0.5,1.5,50.0,10,How is ALS diagnosed?,1.0,1.0,0.9111,1.4979,0.006917,10,11771
7,D,RomeCombined,70%,0.3,1.7,70.0,10,What are the symptoms of type 2 diabetes?,0.9,0.9513,1.0,1.8344,0.003618,10,26755
7,D,RomeCombined,70%,0.3,1.7,70.0,10,How is hypertension treated?,1.0,0.9997,0.8667,1.6957,0.003338,10,25452
7,D,RomeCombined,70%,0.3,1.7,70.0,10,What causes heart failure?,0.9,0.948,0.9444,2.0253,0.003266,10,26085
7,D,RomeCombined,70%,0.3,1.7,70.0,10,Describe the symptoms of lupus,1.0,1.0,1.0,1.7481,0.00667,10,25010
7,D,RomeCombined,70%,0.3,1.7,70.0,10,What medications treat depression?,1.0,0.9998,0.9556,2.164,0.004679,10,24537
7,D,RomeCombined,70%,0.3,1.7,70.0,10,How does Alzheimer's disease progress?,1.0,1.0,0.9556,1.8344,0.008524,10,24806
7,D,RomeCombined,70%,0.3,1.7,70.0,10,What are risk factors for stroke?,0.8,0.8889,0.8571,1.6957,0.00386,10,25318
7,D,RomeCombined,70%,0.3,1.7,70.0,10,How is asthma managed long-term?,1.0,1.0,1.0,2.0253,0.003463,10,25042
7,D,RomeCombined,70%,0.3,1.7,70.0,10,What are signs of kidney disease?,1.0,0.9998,0.8222,2.0253,0.003329,10,25165
7,D,RomeCombined,70%,0.3,1.7,70.0,10,Describe rheumatoid arthritis treatment,1.0,0.9997,0.9111,2.0253,0.004337,10,24960
7,D,RomeCombined,70%,0.3,1.7,70.0,10,What causes Parkinson's disease?,1.0,1.0,0.9556,2.0253,0.007567,10,24990
7,D,RomeCombined,70%,0.3,1.7,70.0,10,How is multiple sclerosis diagnosed?,1.0,1.0,0.9556,1.8344,0.007177,10,25282
7,D,RomeCombined,70%,0.3,1.7,70.0,10,What are symptoms of anemia?,1.0,1.0,0.9556,1.6957,0.007707,10,25487
7,D,RomeCombined,70%,0.3,1.7,70.0,10,How is hypothyroidism treated?,0.9,0.9511,0.7778,1.8344,0.006315,9,24435
7,D,RomeCombined,70%,0.3,1.7,70.0,10,What causes chronic pain?,1.0,0.9961,0.6444,2.0253,0.000335,10,24141
7,D,RomeCombined,70%,0.3,1.7,70.0,10,Describe COPD management,0.9,0.9569,1.0,1.3592,0.011116,10,24170
7,D,RomeCombined,70%,0.3,1.7,70.0,10,What are signs of liver disease?,1.0,0.9999,0.9556,2.3026,0.000975,10,25835
7,D,RomeCombined,70%,0.3,1.7,70.0,10,How is epilepsy treated?,0.9,0.961,0.8889,1.3592,0.008118,9,25278
7,D,RomeCombined,70%,0.3,1.7,70.0,10,What causes osteoporosis?,1.0,0.999,0.6,1.6094,0.007204,10,24942
7,D,RomeCombined,70%,0.3,1.7,70.0,10,Describe symptoms of anxiety disorder,1.0,0.9998,0.7778,1.6094,0.007136,10,24437
7,D,RomeCombined,70%,0.3,1.7,70.0,10,What medications are used for HIV/AIDS?,1.0,0.9999,0.9111,1.8344,0.005153,10,25761
7,D,RomeCombined,70%,0.3,1.7,70.0,10,How is pneumonia diagnosed?,1.0,1.0,0.9111,1.6094,0.003724,10,25231
7,D,RomeCombined,70%,0.3,1.7,70.0,10,What causes inflammatory bowel disease?,0.9,0.9461,0.8889,2.164,0.00077,10,24662
7,D,RomeCombined,70%,0.3,1.7,70.0,10,Describe treatment for chronic kidney disease,0.9,0.9565,0.7778,1.5048,0.007952,10,25630
7,D,RomeCombined,70%,0.3,1.7,70.0,10,What are symptoms of schizophrenia?,0.8,0.8931,0.7143,1.5048,0.004821,10,25484
7,D,RomeCombined,70%,0.3,1.7,70.0,10,How is bipolar disorder managed?,1.0,0.9993,0.7778,1.4708,0.008969,10,24602
7,D,RomeCombined,70%,0.3,1.7,70.0,10,What causes psoriasis?,1.0,0.9996,0.7778,1.6957,0.007546,10,23995
7,D,RomeCombined,70%,0.3,1.7,70.0,10,Describe sepsis treatment,1.0,1.0,1.0,2.0253,0.008404,10,25212
7,D,RomeCombined,70%,0.3,1.7,70.0,10,What are risk factors for cancer?,1.0,0.9997,0.7778,1.973,0.000323,10,25103
7,D,RomeCombined,70%,0.3,1.7,70.0,10,How is ALS diagnosed?,1.0,0.9998,0.8667,1.2275,0.005215,10,26407
7,D,CkksCombined,1%,0.99,1.01,1.0,10,What are the symptoms of type 2 diabetes?,1.0,1.0,1.0,2.0253,0.007892,10,6091293
7,D,CkksCombined,1%,0.99,1.01,1.0,10,How is hypertension treated?,1.0,1.0,1.0,1.6094,0.007048,10,6090235
7,D,CkksCombined,1%,0.99,1.01,1.0,10,What causes heart failure?,1.0,1.0,1.0,2.0253,0.006817,10,6112868
7,D,CkksCombined,1%,0.99,1.01,1.0,10,Describe the symptoms of lupus,1.0,1.0,1.0,2.0253,0.014669,10,6105368
7,D,CkksCombined,1%,0.99,1.01,1.0,10,What medications treat depression?,1.0,1.0,1.0,2.164,0.008104,10,6085010
7,D,CkksCombined,1%,0.99,1.01,1.0,10,How does Alzheimer's disease progress?,1.0,1.0,1.0,1.973,0.015884,10,6103560
7,D,CkksCombined,1%,0.99,1.01,1.0,10,What are risk factors for stroke?,1.0,1.0,1.0,1.3592,0.007764,10,6089190
7,D,CkksCombined,1%,0.99,1.01,1.0,10,How is asthma managed long-term?,1.0,1.0,1.0,2.164,0.006691,10,6101239
7,D,CkksCombined,1%,0.99,1.01,1.0,10,What are signs of kidney disease?,1.0,1.0,1.0,1.8344,0.006653,10,6089122
7,D,CkksCombined,1%,0.99,1.01,1.0,10,Describe rheumatoid arthritis treatment,1.0,1.0,1.0,1.8344,0.009182,10,6100038
7,D,CkksCombined,1%,0.99,1.01,1.0,10,What causes Parkinson's disease?,1.0,1.0,1.0,1.973,0.015139,10,6107922
7,D,CkksCombined,1%,0.99,1.01,1.0,10,How is multiple sclerosis diagnosed?,1.0,1.0,1.0,1.8344,0.014337,10,6150766
7,D,CkksCombined,1%,0.99,1.01,1.0,10,What are symptoms of anemia?,1.0,1.0,1.0,1.6957,0.018184,10,6162894
7,D,CkksCombined,1%,0.99,1.01,1.0,10,How is hypothyroidism treated?,1.0,1.0,1.0,1.5048,0.014422,10,6115971
7,D,CkksCombined,1%,0.99,1.01,1.0,10,What causes chronic pain?,1.0,1.0,1.0,2.164,0.000767,10,6096317
7,D,CkksCombined,1%,0.99,1.01,1.0,10,Describe COPD management,1.0,1.0,1.0,1.2206,0.024969,10,6112407
7,D,CkksCombined,1%,0.99,1.01,1.0,10,What are signs of liver disease?,1.0,1.0,1.0,2.0253,0.00175,10,6107900
7,D,CkksCombined,1%,0.99,1.01,1.0,10,How is epilepsy treated?,1.0,1.0,1.0,1.3592,0.017388,10,6086032
7,D,CkksCombined,1%,0.99,1.01,1.0,10,What causes osteoporosis?,1.0,1.0,1.0,1.8344,0.014136,10,6109789
7,D,CkksCombined,1%,0.99,1.01,1.0,10,Describe symptoms of anxiety disorder,1.0,1.0,1.0,1.6094,0.013923,10,6103618
7,D,CkksCombined,1%,0.99,1.01,1.0,10,What medications are used for HIV/AIDS?,1.0,1.0,1.0,1.4979,0.009626,10,6090907
7,D,CkksCombined,1%,0.99,1.01,1.0,10,How is pneumonia diagnosed?,1.0,1.0,1.0,1.8344,0.007193,10,6136747
7,D,CkksCombined,1%,0.99,1.01,1.0,10,What causes inflammatory bowel disease?,1.0,1.0,0.9556,2.164,0.001507,10,6100879
7,D,CkksCombined,1%,0.99,1.01,1.0,10,Describe treatment for chronic kidney disease,1.0,1.0,1.0,1.3592,0.016597,10,6296557
7,D,CkksCombined,1%,0.99,1.01,1.0,10,What are symptoms of schizophrenia?,1.0,1.0,1.0,1.4185,0.010809,10,6177854
7,D,CkksCombined,1%,0.99,1.01,1.0,10,How is bipolar disorder managed?,1.0,1.0,1.0,1.2799,0.016142,10,6109109
7,D,CkksCombined,1%,0.99,1.01,1.0,10,What causes psoriasis?,1.0,1.0,1.0,1.6094,0.016067,10,6094139
7,D,CkksCombined,1%,0.99,1.01,1.0,10,Describe sepsis treatment,1.0,1.0,1.0,1.6434,0.017423,10,6116395
7,D,CkksCombined,1%,0.99,1.01,1.0,10,What are risk factors for cancer?,1.0,1.0,1.0,2.0253,0.000534,10,6092391
7,D,CkksCombined,1%,0.99,1.01,1.0,10,How is ALS diagnosed?,1.0,1.0,1.0,1.6094,0.01137,10,6158352
7,D,CkksCombined,5%,0.95,1.05,5.0,10,What are the symptoms of type 2 diabetes?,0.9,0.9513,1.0,2.0253,0.007755,10,6263600
7,D,CkksCombined,5%,0.95,1.05,5.0,10,How is hypertension treated?,1.0,1.0,1.0,1.6094,0.006975,10,6095445
7,D,CkksCombined,5%,0.95,1.05,5.0,10,What causes heart failure?,1.0,1.0,0.9556,2.0253,0.006814,10,6273188
7,D,CkksCombined,5%,0.95,1.05,5.0,10,Describe the symptoms of lupus,1.0,1.0,1.0,1.8867,0.014646,10,6102308
7,D,CkksCombined,5%,0.95,1.05,5.0,10,What medications treat depression?,1.0,1.0,1.0,2.164,0.00817,10,6210382
7,D,CkksCombined,5%,0.95,1.05,5.0,10,How does Alzheimer's disease progress?,1.0,1.0,1.0,1.973,0.015871,10,6090355
7,D,CkksCombined,5%,0.95,1.05,5.0,10,What are risk factors for stroke?,1.0,1.0,1.0,1.3592,0.007775,10,6210257
7,D,CkksCombined,5%,0.95,1.05,5.0,10,How is asthma managed long-term?,1.0,1.0,1.0,2.0253,0.006682,10,6154241
7,D,CkksCombined,5%,0.95,1.05,5.0,10,What are signs of kidney disease?,1.0,1.0,1.0,1.8344,0.006646,10,6235825
7,D,CkksCombined,5%,0.95,1.05,5.0,10,Describe rheumatoid arthritis treatment,1.0,1.0,0.9556,1.8344,0.009171,10,6085824
7,D,CkksCombined,5%,0.95,1.05,5.0,10,What causes Parkinson's disease?,1.0,1.0,1.0,1.973,0.015078,10,6244674
7,D,CkksCombined,5%,0.95,1.05,5.0,10,How is multiple sclerosis diagnosed?,1.0,1.0,0.9556,1.8344,0.014325,10,6104745
7,D,CkksCombined,5%,0.95,1.05,5.0,10,What are symptoms of anemia?,1.0,1.0,1.0,1.6957,0.018241,10,6206298
7,D,CkksCombined,5%,0.95,1.05,5.0,10,How is hypothyroidism treated?,1.0,0.9999,0.9556,1.5048,0.014436,10,6119484
7,D,CkksCombined,5%,0.95,1.05,5.0,10,What causes chronic pain?,1.0,1.0,1.0,2.164,0.000754,10,6198100
7,D,CkksCombined,5%,0.95,1.05,5.0,10,Describe COPD management,1.0,1.0,1.0,1.2206,0.024978,10,6104343
7,D,CkksCombined,5%,0.95,1.05,5.0,10,What are signs of liver disease?,1.0,1.0,1.0,2.0253,0.001774,10,6230443
7,D,CkksCombined,5%,0.95,1.05,5.0,10,How is epilepsy treated?,1.0,1.0,1.0,1.3592,0.017504,10,6094099
7,D,CkksCombined,5%,0.95,1.05,5.0,10,What causes osteoporosis?,1.0,1.0,1.0,1.8344,0.014149,10,6246551
7,D,CkksCombined,5%,0.95,1.05,5.0,10,Describe symptoms of anxiety disorder,1.0,1.0,1.0,1.6094,0.013756,10,6148641
7,D,CkksCombined,5%,0.95,1.05,5.0,10,What medications are used for HIV/AIDS?,1.0,1.0,1.0,1.4979,0.009682,10,6237544
7,D,CkksCombined,5%,0.95,1.05,5.0,10,How is pneumonia diagnosed?,1.0,1.0,1.0,1.8344,0.007151,10,6102757
7,D,CkksCombined,5%,0.95,1.05,5.0,10,What causes inflammatory bowel disease?,1.0,1.0,1.0,2.164,0.001505,10,6198594
7,D,CkksCombined,5%,0.95,1.05,5.0,10,Describe treatment for chronic kidney disease,1.0,1.0,1.0,1.3592,0.016527,10,6098517
7,D,CkksCombined,5%,0.95,1.05,5.0,10,What are symptoms of schizophrenia?,1.0,1.0,0.9111,1.6957,0.010664,10,6246764
7,D,CkksCombined,5%,0.95,1.05,5.0,10,How is bipolar disorder managed?,1.0,1.0,0.9556,1.4708,0.015949,10,6167844
7,D,CkksCombined,5%,0.95,1.05,5.0,10,What causes psoriasis?,1.0,1.0,1.0,1.6094,0.015932,10,6289916
7,D,CkksCombined,5%,0.95,1.05,5.0,10,Describe sepsis treatment,1.0,1.0,1.0,1.6434,0.017401,10,6107289
7,D,CkksCombined,5%,0.95,1.05,5.0,10,What are risk factors for cancer?,1.0,1.0,1.0,1.973,0.000522,10,6214620
7,D,CkksCombined,5%,0.95,1.05,5.0,10,How is ALS diagnosed?,1.0,1.0,1.0,1.6094,0.011232,10,6143716
7,D,CkksCombined,10%,0.9,1.1,10.0,10,What are the symptoms of type 2 diabetes?,1.0,1.0,1.0,1.8867,0.007692,10,6249873
7,D,CkksCombined,10%,0.9,1.1,10.0,10,How is hypertension treated?,1.0,1.0,0.9556,1.6094,0.0068,10,6083937
7,D,CkksCombined,10%,0.9,1.1,10.0,10,What causes heart failure?,0.9,0.9499,1.0,2.0253,0.006562,10,6225979
7,D,CkksCombined,10%,0.9,1.1,10.0,10,Describe the symptoms of lupus,1.0,1.0,1.0,2.164,0.014416,10,6103963
7,D,CkksCombined,10%,0.9,1.1,10.0,10,What medications treat depression?,1.0,1.0,1.0,2.3026,0.008023,10,6231022
7,D,CkksCombined,10%,0.9,1.1,10.0,10,How does Alzheimer's disease progress?,1.0,1.0,1.0,1.973,0.015363,10,6132986
7,D,CkksCombined,10%,0.9,1.1,10.0,10,What are risk factors for stroke?,1.0,1.0,0.9111,1.2275,0.007702,10,6253449
7,D,CkksCombined,10%,0.9,1.1,10.0,10,How is asthma managed long-term?,1.0,1.0,1.0,2.0253,0.006484,10,6099173
7,D,CkksCombined,10%,0.9,1.1,10.0,10,What are signs of kidney disease?,1.0,1.0,1.0,1.6094,0.006305,10,6307877
7,D,CkksCombined,10%,0.9,1.1,10.0,10,Describe rheumatoid arthritis treatment,1.0,1.0,1.0,1.8344,0.008815,10,6110562
7,D,CkksCombined,10%,0.9,1.1,10.0,10,What causes Parkinson's disease?,1.0,1.0,0.9556,1.973,0.015176,10,6244998
7,D,CkksCombined,10%,0.9,1.1,10.0,10,How is multiple sclerosis diagnosed?,1.0,1.0,0.9556,1.8344,0.014107,10,6098623
7,D,CkksCombined,10%,0.9,1.1,10.0,10,What are symptoms of anemia?,1.0,1.0,0.9556,1.6957,0.018197,10,6191977
7,D,CkksCombined,10%,0.9,1.1,10.0,10,How is hypothyroidism treated?,1.0,1.0,1.0,1.5048,0.014829,10,6095243
7,D,CkksCombined,10%,0.9,1.1,10.0,10,What causes chronic pain?,1.0,1.0,1.0,1.973,0.000723,10,6267046
7,D,CkksCombined,10%,0.9,1.1,10.0,10,Describe COPD management,1.0,1.0,0.9556,1.3592,0.02458,10,6118647
7,D,CkksCombined,10%,0.9,1.1,10.0,10,What are signs of liver disease?,1.0,1.0,1.0,2.0253,0.001696,10,6244916
7,D,CkksCombined,10%,0.9,1.1,10.0,10,How is epilepsy treated?,1.0,1.0,1.0,1.3592,0.017654,10,6097090
7,D,CkksCombined,10%,0.9,1.1,10.0,10,What causes osteoporosis?,1.0,1.0,1.0,1.7481,0.014011,10,6233771
7,D,CkksCombined,10%,0.9,1.1,10.0,10,Describe symptoms of anxiety disorder,1.0,1.0,0.9556,1.6094,0.013373,9,6074499
7,D,CkksCombined,10%,0.9,1.1,10.0,10,What medications are used for HIV/AIDS?,1.0,1.0,1.0,1.4979,0.009303,10,6235651
7,D,CkksCombined,10%,0.9,1.1,10.0,10,How is pneumonia diagnosed?,1.0,1.0,0.9556,1.8344,0.006976,10,6102915
7,D,CkksCombined,10%,0.9,1.1,10.0,10,What causes inflammatory bowel disease?,1.0,1.0,0.9556,1.973,0.001536,10,6272665
7,D,CkksCombined,10%,0.9,1.1,10.0,10,Describe treatment for chronic kidney disease,1.0,1.0,1.0,1.3592,0.016148,10,6197240
7,D,CkksCombined,10%,0.9,1.1,10.0,10,What are symptoms of schizophrenia?,1.0,1.0,0.9111,1.4185,0.010687,10,6219534
7,D,CkksCombined,10%,0.9,1.1,10.0,10,How is bipolar disorder managed?,1.0,1.0,0.9556,1.4708,0.01597,10,6104960
7,D,CkksCombined,10%,0.9,1.1,10.0,10,What causes psoriasis?,1.0,1.0,1.0,1.6094,0.01601,10,6241488
7,D,CkksCombined,10%,0.9,1.1,10.0,10,Describe sepsis treatment,1.0,1.0,0.9556,1.6434,0.017233,10,6098779
7,D,CkksCombined,10%,0.9,1.1,10.0,10,What are risk factors for cancer?,1.0,0.9999,0.9111,2.0253,0.000503,10,6238995
7,D,CkksCombined,10%,0.9,1.1,10.0,10,How is ALS diagnosed?,1.0,1.0,1.0,1.6094,0.011127,10,6080908
7,D,CkksCombined,20%,0.8,1.2,20.0,10,What are the symptoms of type 2 diabetes?,1.0,1.0,0.9556,2.0253,0.007258,10,6195769
7,D,CkksCombined,20%,0.8,1.2,20.0,10,How is hypertension treated?,1.0,0.9999,0.8667,1.6094,0.007028,10,6123666
7,D,CkksCombined,20%,0.8,1.2,20.0,10,What causes heart failure?,1.0,0.9999,0.9556,2.0253,0.006426,10,6128318
7,D,CkksCombined,20%,0.8,1.2,20.0,10,Describe the symptoms of lupus,1.0,1.0,1.0,1.8867,0.013335,10,6098753
7,D,CkksCombined,20%,0.8,1.2,20.0,10,What medications treat depression?,1.0,0.9998,0.9556,2.0253,0.00767,10,6103300
7,D,CkksCombined,20%,0.8,1.2,20.0,10,How does Alzheimer's disease progress?,1.0,1.0,1.0,1.8344,0.015151,10,6118262
7,D,CkksCombined,20%,0.8,1.2,20.0,10,What are risk factors for stroke?,1.0,1.0,0.9111,1.2275,0.007555,10,6104144
7,D,CkksCombined,20%,0.8,1.2,20.0,10,How is asthma managed long-term?,1.0,1.0,1.0,1.8867,0.006373,10,6220493
7,D,CkksCombined,20%,0.8,1.2,20.0,10,What are signs of kidney disease?,1.0,1.0,1.0,1.8344,0.006923,10,6226776
7,D,CkksCombined,20%,0.8,1.2,20.0,10,Describe rheumatoid arthritis treatment,1.0,0.9999,0.9556,1.973,0.008452,10,6091003
7,D,CkksCombined,20%,0.8,1.2,20.0,10,What causes Parkinson's disease?,1.0,1.0,1.0,1.973,0.014819,10,6228418
7,D,CkksCombined,20%,0.8,1.2,20.0,10,How is multiple sclerosis diagnosed?,1.0,1.0,0.9556,2.0253,0.013156,10,6105550
7,D,CkksCombined,20%,0.8,1.2,20.0,10,What are symptoms of anemia?,1.0,1.0,0.9556,1.6957,0.016614,10,6289981
7,D,CkksCombined,20%,0.8,1.2,20.0,10,How is hypothyroidism treated?,1.0,1.0,0.9111,1.6957,0.013635,10,6092840
7,D,CkksCombined,20%,0.8,1.2,20.0,10,What causes chronic pain?,1.0,0.9999,0.9111,1.6434,0.000767,9,6243570
7,D,CkksCombined,20%,0.8,1.2,20.0,10,Describe COPD management,1.0,1.0,1.0,1.2206,0.023389,10,6094488
7,D,CkksCombined,20%,0.8,1.2,20.0,10,What are signs of liver disease?,1.0,0.9999,0.9556,2.0253,0.001731,10,6260965
7,D,CkksCombined,20%,0.8,1.2,20.0,10,How is epilepsy treated?,1.0,1.0,1.0,1.3592,0.016366,10,6108281
7,D,CkksCombined,20%,0.8,1.2,20.0,10,What causes osteoporosis?,1.0,1.0,0.9556,1.7481,0.013193,10,6247522
7,D,CkksCombined,20%,0.8,1.2,20.0,10,Describe symptoms of anxiety disorder,1.0,1.0,1.0,1.4708,0.013229,9,6096141
7,D,CkksCombined,20%,0.8,1.2,20.0,10,What medications are used for HIV/AIDS?,1.0,1.0,1.0,1.4979,0.00904,10,6197173
7,D,CkksCombined,20%,0.8,1.2,20.0,10,How is pneumonia diagnosed?,1.0,1.0,0.9556,1.8344,0.006829,10,6089968
7,D,CkksCombined,20%,0.8,1.2,20.0,10,What causes inflammatory bowel disease?,1.0,0.9999,0.9556,1.6957,0.001359,10,6292181
7,D,CkksCombined,20%,0.8,1.2,20.0,10,Describe treatment for chronic kidney disease,1.0,1.0,0.9556,1.3592,0.016594,10,6153601
7,D,CkksCombined,20%,0.8,1.2,20.0,10,What are symptoms of schizophrenia?,0.9,0.9469,0.8889,1.6957,0.009921,10,6241506
7,D,CkksCombined,20%,0.8,1.2,20.0,10,How is bipolar disorder managed?,1.0,1.0,1.0,1.4708,0.015515,10,6095808
7,D,CkksCombined,20%,0.8,1.2,20.0,10,What causes psoriasis?,1.0,1.0,0.9556,1.4185,0.015383,10,6247613
7,D,CkksCombined,20%,0.8,1.2,20.0,10,Describe sepsis treatment,1.0,1.0,1.0,1.6434,0.016957,10,6088989
7,D,CkksCombined,20%,0.8,1.2,20.0,10,What are risk factors for cancer?,1.0,0.9999,0.9111,2.0253,0.000528,10,6195943
7,D,CkksCombined,20%,0.8,1.2,20.0,10,How is ALS diagnosed?,0.9,0.9518,0.9444,1.6434,0.010857,10,6116428
7,D,CkksCombined,30%,0.7,1.3,30.0,10,What are the symptoms of type 2 diabetes?,0.9,0.9512,0.8889,2.0253,0.007022,10,6120812
7,D,CkksCombined,30%,0.7,1.3,30.0,10,How is hypertension treated?,1.0,1.0,1.0,1.6094,0.005969,10,6072458
7,D,CkksCombined,30%,0.7,1.3,30.0,10,What causes heart failure?,0.9,0.9479,0.9444,1.8867,0.005559,10,6177375
7,D,CkksCombined,30%,0.7,1.3,30.0,10,Describe the symptoms of lupus,0.9,0.9541,1.0,2.0253,0.013358,10,6090564
7,D,CkksCombined,30%,0.7,1.3,30.0,10,What medications treat depression?,1.0,0.9998,0.9556,2.164,0.007192,10,6110711
7,D,CkksCombined,30%,0.7,1.3,30.0,10,How does Alzheimer's disease progress?,1.0,1.0,1.0,1.973,0.014677,9,6089973
7,D,CkksCombined,30%,0.7,1.3,30.0,10,What are risk factors for stroke?,0.8,0.8865,0.9286,1.4979,0.007017,10,6057938
7,D,CkksCombined,30%,0.7,1.3,30.0,10,How is asthma managed long-term?,1.0,0.9999,0.9556,2.164,0.00597,10,6104999
7,D,CkksCombined,30%,0.7,1.3,30.0,10,What are signs of kidney disease?,1.0,1.0,1.0,1.8344,0.00557,10,6102677
7,D,CkksCombined,30%,0.7,1.3,30.0,10,Describe rheumatoid arthritis treatment,0.9,0.9566,1.0,1.973,0.008708,10,6122124
7,D,CkksCombined,30%,0.7,1.3,30.0,10,What causes Parkinson's disease?,1.0,1.0,1.0,2.0253,0.014036,10,6116302
7,D,CkksCombined,30%,0.7,1.3,30.0,10,How is multiple sclerosis diagnosed?,1.0,1.0,0.9556,1.8344,0.013134,10,6101731
7,D,CkksCombined,30%,0.7,1.3,30.0,10,What are symptoms of anemia?,1.0,0.9998,0.8667,1.5571,0.01485,10,6080555
7,D,CkksCombined,30%,0.7,1.3,30.0,10,How is hypothyroidism treated?,1.0,0.9998,0.8667,1.5048,0.012959,10,6113345
7,D,CkksCombined,30%,0.7,1.3,30.0,10,What causes chronic pain?,0.9,0.9424,0.7778,1.7481,0.000708,10,6108065
7,D,CkksCombined,30%,0.7,1.3,30.0,10,Describe COPD management,1.0,1.0,1.0,1.2206,0.022592,10,6137384
7,D,CkksCombined,30%,0.7,1.3,30.0,10,What are signs of liver disease?,1.0,0.9999,0.9556,2.0253,0.001367,10,6100299
7,D,CkksCombined,30%,0.7,1.3,30.0,10,How is epilepsy treated?,1.0,0.9995,0.9556,1.3592,0.015117,10,6133013
7,D,CkksCombined,30%,0.7,1.3,30.0,10,What causes osteoporosis?,1.0,0.9998,0.8667,1.6957,0.012853,10,6162067
7,D,CkksCombined,30%,0.7,1.3,30.0,10,Describe symptoms of anxiety disorder,1.0,1.0,0.9556,1.4708,0.013039,10,6105415
7,D,CkksCombined,30%,0.7,1.3,30.0,10,What medications are used for HIV/AIDS?,1.0,0.9999,0.9111,1.4979,0.009117,10,6108109
7,D,CkksCombined,30%,0.7,1.3,30.0,10,How is pneumonia diagnosed?,0.9,0.9449,0.8889,1.8344,0.006508,10,6098941
7,D,CkksCombined,30%,0.7,1.3,30.0,10,What causes inflammatory bowel disease?,1.0,1.0,1.0,1.973,0.001608,10,6110837
7,D,CkksCombined,30%,0.7,1.3,30.0,10,Describe treatment for chronic kidney disease,0.9,0.957,1.0,1.4708,0.014729,10,6098418
7,D,CkksCombined,30%,0.7,1.3,30.0,10,What are symptoms of schizophrenia?,0.9,0.9464,0.6667,1.5048,0.009763,10,6099099
7,D,CkksCombined,30%,0.7,1.3,30.0,10,How is bipolar disorder managed?,1.0,1.0,0.8667,1.4708,0.015597,10,6069351
7,D,CkksCombined,30%,0.7,1.3,30.0,10,What causes psoriasis?,1.0,1.0,0.9111,1.6094,0.014637,10,6122235
7,D,CkksCombined,30%,0.7,1.3,30.0,10,Describe sepsis treatment,1.0,1.0,0.9556,1.6434,0.014648,10,6130615
7,D,CkksCombined,30%,0.7,1.3,30.0,10,What are risk factors for cancer?,1.0,0.9998,0.7333,1.8867,0.000358,10,6087575
7,D,CkksCombined,30%,0.7,1.3,30.0,10,How is ALS diagnosed?,1.0,1.0,1.0,1.7481,0.009992,10,6132993
7,D,CkksCombined,50%,0.5,1.5,50.0,10,What are the symptoms of type 2 diabetes?,0.9,0.9512,0.8333,1.8867,0.005206,10,6245506
7,D,CkksCombined,50%,0.5,1.5,50.0,10,How is hypertension treated?,1.0,0.9999,0.8667,1.4185,0.005274,10,6109341
7,D,CkksCombined,50%,0.5,1.5,50.0,10,What causes heart failure?,0.9,0.9501,1.0,1.8867,0.004862,10,6315471
7,D,CkksCombined,50%,0.5,1.5,50.0,10,Describe the symptoms of lupus,0.9,0.9541,1.0,2.0253,0.009507,10,6098658
7,D,CkksCombined,50%,0.5,1.5,50.0,10,What medications treat depression?,1.0,0.9999,0.9556,2.0253,0.006055,10,6232938
7,D,CkksCombined,50%,0.5,1.5,50.0,10,How does Alzheimer's disease progress?,1.0,0.9998,0.8222,1.8344,0.010838,10,6133842
7,D,CkksCombined,50%,0.5,1.5,50.0,10,What are risk factors for stroke?,0.9,0.9445,0.5556,1.0889,0.005102,10,6221761
7,D,CkksCombined,50%,0.5,1.5,50.0,10,How is asthma managed long-term?,1.0,1.0,1.0,2.0253,0.004512,10,6092443
7,D,CkksCombined,50%,0.5,1.5,50.0,10,What are signs of kidney disease?,1.0,1.0,0.9556,1.6094,0.0045,10,6241915
7,D,CkksCombined,50%,0.5,1.5,50.0,10,Describe rheumatoid arthritis treatment,1.0,1.0,0.9556,1.8344,0.006421,10,6076001
7,D,CkksCombined,50%,0.5,1.5,50.0,10,What causes Parkinson's disease?,1.0,1.0,1.0,2.0253,0.010303,10,6231653
7,D,CkksCombined,50%,0.5,1.5,50.0,10,How is multiple sclerosis diagnosed?,1.0,1.0,1.0,1.973,0.010057,10,6105698
7,D,CkksCombined,50%,0.5,1.5,50.0,10,What are symptoms of anemia?,1.0,0.9999,0.9111,1.8344,0.012944,10,6232401
7,D,CkksCombined,50%,0.5,1.5,50.0,10,How is hypothyroidism treated?,0.9,0.9515,0.7778,1.8344,0.009879,10,6118862
7,D,CkksCombined,50%,0.5,1.5,50.0,10,What causes chronic pain?,0.9,0.9425,0.8333,2.0253,0.000614,10,6249926
7,D,CkksCombined,50%,0.5,1.5,50.0,10,Describe COPD management,0.9,0.9602,0.9444,1.4979,0.016699,10,6130868
7,D,CkksCombined,50%,0.5,1.5,50.0,10,What are signs of liver disease?,1.0,0.9983,0.6889,1.8867,0.001016,10,6309698
7,D,CkksCombined,50%,0.5,1.5,50.0,10,How is epilepsy treated?,0.9,0.959,0.8889,1.6094,0.012427,10,6091653
7,D,CkksCombined,50%,0.5,1.5,50.0,10,What causes osteoporosis?,1.0,0.9996,0.7778,1.6094,0.009406,10,6251530
7,D,CkksCombined,50%,0.5,1.5,50.0,10,Describe symptoms of anxiety disorder,1.0,0.9997,0.7778,1.7481,0.008697,10,6089933
7,D,CkksCombined,50%,0.5,1.5,50.0,10,What medications are used for HIV/AIDS?,0.9,0.9592,0.9444,1.7481,0.00654,10,6230521
7,D,CkksCombined,50%,0.5,1.5,50.0,10,How is pneumonia diagnosed?,0.8,0.8923,1.0,1.6957,0.004627,10,6102007
7,D,CkksCombined,50%,0.5,1.5,50.0,10,What causes inflammatory bowel disease?,0.9,0.9464,0.8889,2.0253,0.00121,10,6220450
7,D,CkksCombined,50%,0.5,1.5,50.0,10,Describe treatment for chronic kidney disease,0.9,0.9569,0.8889,1.4979,0.010999,10,6078226
7,D,CkksCombined,50%,0.5,1.5,50.0,10,What are symptoms of schizophrenia?,0.9,0.9444,0.9444,1.6434,0.007489,10,6211613
7,D,CkksCombined,50%,0.5,1.5,50.0,10,How is bipolar disorder managed?,1.0,0.9993,0.8222,1.7481,0.01063,10,6097268
7,D,CkksCombined,50%,0.5,1.5,50.0,10,What causes psoriasis?,1.0,1.0,0.9556,1.6094,0.010142,10,6216861
7,D,CkksCombined,50%,0.5,1.5,50.0,10,Describe sepsis treatment,1.0,0.9999,0.9111,1.6434,0.01218,10,6086520
7,D,CkksCombined,50%,0.5,1.5,50.0,10,What are risk factors for cancer?,1.0,0.9995,0.5111,2.164,0.000319,10,6209535
7,D,CkksCombined,50%,0.5,1.5,50.0,10,How is ALS diagnosed?,0.9,0.9514,1.0,1.6094,0.008814,10,6103669
7,D,CkksCombined,70%,0.3,1.7,70.0,10,What are the symptoms of type 2 diabetes?,0.9,0.9506,0.7222,1.8344,0.003441,10,6111010
7,D,CkksCombined,70%,0.3,1.7,70.0,10,How is hypertension treated?,1.0,0.9998,0.8222,1.8344,0.003403,10,6191852
7,D,CkksCombined,70%,0.3,1.7,70.0,10,What causes heart failure?,0.9,0.9499,0.9444,1.6434,0.003032,10,6115195
7,D,CkksCombined,70%,0.3,1.7,70.0,10,Describe the symptoms of lupus,0.9,0.9541,1.0,2.0253,0.0069,10,6118240
7,D,CkksCombined,70%,0.3,1.7,70.0,10,What medications treat depression?,1.0,1.0,1.0,2.0253,0.003419,10,6097111
7,D,CkksCombined,70%,0.3,1.7,70.0,10,How does Alzheimer's disease progress?,0.9,0.9592,1.0,2.0253,0.008528,10,6102260
7,D,CkksCombined,70%,0.3,1.7,70.0,10,What are risk factors for stroke?,0.6,0.757,1.0,1.2275,0.002747,10,6097247
7,D,CkksCombined,70%,0.3,1.7,70.0,10,How is asthma managed long-term?,0.9,0.9557,1.0,2.0253,0.003215,10,6074870
7,D,CkksCombined,70%,0.3,1.7,70.0,10,What are signs of kidney disease?,1.0,0.9999,0.9111,1.8867,0.003153,10,6082188
7,D,CkksCombined,70%,0.3,1.7,70.0,10,Describe rheumatoid arthritis treatment,0.9,0.9565,0.9444,1.8867,0.003936,10,6098288
7,D,CkksCombined,70%,0.3,1.7,70.0,10,What causes Parkinson's disease?,1.0,1.0,1.0,2.0253,0.007151,10,6094608
7,D,CkksCombined,70%,0.3,1.7,70.0,10,How is multiple sclerosis diagnosed?,0.9,0.956,1.0,2.0253,0.007962,10,6105203
7,D,CkksCombined,70%,0.3,1.7,70.0,10,What are symptoms of anemia?,1.0,1.0,0.9556,1.6094,0.010783,10,6137061
7,D,CkksCombined,70%,0.3,1.7,70.0,10,How is hypothyroidism treated?,0.9,0.955,0.8889,1.5048,0.006259,10,6122607
7,D,CkksCombined,70%,0.3,1.7,70.0,10,What causes chronic pain?,0.9,0.9402,0.6667,2.0253,0.000289,10,6097955
7,D,CkksCombined,70%,0.3,1.7,70.0,10,Describe COPD management,0.9,0.9569,1.0,1.4708,0.010734,10,6110762
7,D,CkksCombined,70%,0.3,1.7,70.0,10,What are signs of liver disease?,0.9,0.9456,0.8333,1.6434,0.000705,10,6117806
7,D,CkksCombined,70%,0.3,1.7,70.0,10,How is epilepsy treated?,0.9,0.9579,0.8889,1.3592,0.00765,9,6176051
7,D,CkksCombined,70%,0.3,1.7,70.0,10,What causes osteoporosis?,1.0,0.9997,0.8667,1.4708,0.00725,9,6106228
7,D,CkksCombined,70%,0.3,1.7,70.0,10,Describe symptoms of anxiety disorder,1.0,0.9998,0.7778,1.2275,0.006641,10,6113315
7,D,CkksCombined,70%,0.3,1.7,70.0,10,What medications are used for HIV/AIDS?,1.0,1.0,1.0,1.4979,0.003904,10,6120459
7,D,CkksCombined,70%,0.3,1.7,70.0,10,How is pneumonia diagnosed?,0.9,0.9451,0.9444,1.8344,0.002797,10,6105835
7,D,CkksCombined,70%,0.3,1.7,70.0,10,What causes inflammatory bowel disease?,0.9,0.9442,0.7222,2.0253,0.000636,10,6113331
7,D,CkksCombined,70%,0.3,1.7,70.0,10,Describe treatment for chronic kidney disease,0.9,0.957,0.9444,1.4708,0.007186,10,6097812
7,D,CkksCombined,70%,0.3,1.7,70.0,10,What are symptoms of schizophrenia?,0.9,0.9485,0.7222,1.4185,0.005502,10,6130778
7,D,CkksCombined,70%,0.3,1.7,70.0,10,How is bipolar disorder managed?,1.0,0.9999,0.8222,1.6957,0.006843,10,6106716
7,D,CkksCombined,70%,0.3,1.7,70.0,10,What causes psoriasis?,1.0,1.0,0.9556,1.6434,0.007231,10,6095958
7,D,CkksCombined,70%,0.3,1.7,70.0,10,Describe sepsis treatment,1.0,1.0,0.9111,1.7481,0.008305,10,6084226
7,D,CkksCombined,70%,0.3,1.7,70.0,10,What are risk factors for cancer?,1.0,0.9998,0.6889,2.0253,0.000369,10,6081311
7,D,CkksCombined,70%,0.3,1.7,70.0,10,How is ALS diagnosed?,1.0,0.9997,0.8667,1.6957,0.005645,10,6124416
8,D,Noise,1%,0.99,1.01,1.0,10,What are the symptoms of type 2 diabetes?,1.0,1.0,1.0,2.0253,0.007907,10,24601
8,D,Noise,1%,0.99,1.01,1.0,10,How is hypertension treated?,1.0,1.0,1.0,1.6094,0.007044,10,25823
8,D,Noise,1%,0.99,1.01,1.0,10,What causes heart failure?,1.0,1.0,1.0,2.0253,0.006822,10,22933
8,D,Noise,1%,0.99,1.01,1.0,10,Describe the symptoms of lupus,1.0,1.0,1.0,2.0253,0.014662,10,24511
8,D,Noise,1%,0.99,1.01,1.0,10,What medications treat depression?,1.0,1.0,1.0,2.164,0.008109,10,24594
8,D,Noise,1%,0.99,1.01,1.0,10,How does Alzheimer's disease progress?,1.0,1.0,1.0,1.973,0.015919,10,24983
8,D,Noise,1%,0.99,1.01,1.0,10,What are risk factors for stroke?,1.0,1.0,1.0,1.3592,0.007745,10,24783
8,D,Noise,1%,0.99,1.01,1.0,10,How is asthma managed long-term?,1.0,1.0,1.0,2.164,0.006691,10,24700
8,D,Noise,1%,0.99,1.01,1.0,10,What are signs of kidney disease?,1.0,1.0,1.0,1.8344,0.00664,10,24670
8,D,Noise,1%,0.99,1.01,1.0,10,Describe rheumatoid arthritis treatment,1.0,1.0,1.0,1.8344,0.009175,10,24354
8,D,Noise,1%,0.99,1.01,1.0,10,What causes Parkinson's disease?,1.0,1.0,1.0,1.973,0.015172,10,24586
8,D,Noise,1%,0.99,1.01,1.0,10,How is multiple sclerosis diagnosed?,1.0,1.0,1.0,1.8344,0.014317,10,24740
8,D,Noise,1%,0.99,1.01,1.0,10,What are symptoms of anemia?,1.0,1.0,1.0,1.6957,0.018162,10,24747
8,D,Noise,1%,0.99,1.01,1.0,10,How is hypothyroidism treated?,1.0,1.0,1.0,1.5048,0.014388,10,26884
8,D,Noise,1%,0.99,1.01,1.0,10,What causes chronic pain?,1.0,1.0,1.0,2.164,0.000764,10,23813
8,D,Noise,1%,0.99,1.01,1.0,10,Describe COPD management,1.0,1.0,1.0,1.2206,0.024921,10,24372
8,D,Noise,1%,0.99,1.01,1.0,10,What are signs of liver disease?,1.0,1.0,1.0,2.0253,0.001758,10,27324
8,D,Noise,1%,0.99,1.01,1.0,10,How is epilepsy treated?,1.0,1.0,1.0,1.3592,0.017405,10,24108
8,D,Noise,1%,0.99,1.01,1.0,10,What causes osteoporosis?,1.0,1.0,1.0,1.8344,0.014139,10,24608
8,D,Noise,1%,0.99,1.01,1.0,10,Describe symptoms of anxiety disorder,1.0,1.0,1.0,1.6094,0.013893,10,26617
8,D,Noise,1%,0.99,1.01,1.0,10,What medications are used for HIV/AIDS?,1.0,1.0,1.0,1.4979,0.009629,10,24020
8,D,Noise,1%,0.99,1.01,1.0,10,How is pneumonia diagnosed?,1.0,1.0,1.0,1.8344,0.007189,10,23907
8,D,Noise,1%,0.99,1.01,1.0,10,What causes inflammatory bowel disease?,1.0,1.0,0.9556,2.164,0.001518,10,23320
8,D,Noise,1%,0.99,1.01,1.0,10,Describe treatment for chronic kidney disease,1.0,1.0,1.0,1.3592,0.016577,10,25909
8,D,Noise,1%,0.99,1.01,1.0,10,What are symptoms of schizophrenia?,1.0,1.0,1.0,1.6434,0.010832,10,23895
8,D,Noise,1%,0.99,1.01,1.0,10,How is bipolar disorder managed?,1.0,1.0,1.0,1.4708,0.016115,10,24441
8,D,Noise,1%,0.99,1.01,1.0,10,What causes psoriasis?,1.0,1.0,1.0,1.6094,0.016081,10,22972
8,D,Noise,1%,0.99,1.01,1.0,10,Describe sepsis treatment,1.0,1.0,1.0,1.6434,0.017429,10,26312
8,D,Noise,1%,0.99,1.01,1.0,10,What are risk factors for cancer?,1.0,1.0,1.0,2.0253,0.000539,10,21984
8,D,Noise,1%,0.99,1.01,1.0,10,How is ALS diagnosed?,1.0,1.0,1.0,1.6094,0.011295,10,22725
8,D,Noise,5%,0.95,1.05,5.0,10,What are the symptoms of type 2 diabetes?,1.0,1.0,0.9556,1.8867,0.007786,10,25976
8,D,Noise,5%,0.95,1.05,5.0,10,How is hypertension treated?,1.0,1.0,0.9556,1.6094,0.007045,10,24921
8,D,Noise,5%,0.95,1.05,5.0,10,What causes heart failure?,1.0,1.0,1.0,2.0253,0.006771,10,24086
8,D,Noise,5%,0.95,1.05,5.0,10,Describe the symptoms of lupus,1.0,1.0,1.0,2.0253,0.014666,10,24167
8,D,Noise,5%,0.95,1.05,5.0,10,What medications treat depression?,1.0,1.0,1.0,2.0253,0.008179,10,24334
8,D,Noise,5%,0.95,1.05,5.0,10,How does Alzheimer's disease progress?,1.0,1.0,0.9556,1.973,0.015953,10,25143
8,D,Noise,5%,0.95,1.05,5.0,10,What are risk factors for stroke?,1.0,1.0,1.0,1.3592,0.007767,10,24290
8,D,Noise,5%,0.95,1.05,5.0,10,How is asthma managed long-term?,1.0,1.0,1.0,2.0253,0.006712,10,24154
8,D,Noise,5%,0.95,1.05,5.0,10,What are signs of kidney disease?,1.0,1.0,1.0,1.8344,0.006469,10,24131
8,D,Noise,5%,0.95,1.05,5.0,10,Describe rheumatoid arthritis treatment,1.0,1.0,1.0,1.8344,0.009134,10,24301
8,D,Noise,5%,0.95,1.05,5.0,10,What causes Parkinson's disease?,1.0,1.0,0.9556,1.973,0.015219,10,25308
8,D,Noise,5%,0.95,1.05,5.0,10,How is multiple sclerosis diagnosed?,1.0,1.0,1.0,1.8344,0.014341,10,25908
8,D,Noise,5%,0.95,1.05,5.0,10,What are symptoms of anemia?,1.0,1.0,1.0,1.6957,0.017991,10,24114
8,D,Noise,5%,0.95,1.05,5.0,10,How is hypothyroidism treated?,1.0,0.9999,0.9556,1.5048,0.014509,10,24421
8,D,Noise,5%,0.95,1.05,5.0,10,What causes chronic pain?,1.0,1.0,1.0,2.164,0.000752,10,24420
8,D,Noise,5%,0.95,1.05,5.0,10,Describe COPD management,1.0,1.0,1.0,1.2206,0.024989,10,23934
8,D,Noise,5%,0.95,1.05,5.0,10,What are signs of liver disease?,1.0,1.0,1.0,2.0253,0.001742,10,24162
8,D,Noise,5%,0.95,1.05,5.0,10,How is epilepsy treated?,1.0,1.0,1.0,1.3592,0.017341,10,24233
8,D,Noise,5%,0.95,1.05,5.0,10,What causes osteoporosis?,1.0,1.0,1.0,1.8344,0.013992,10,24523
8,D,Noise,5%,0.95,1.05,5.0,10,Describe symptoms of anxiety disorder,1.0,1.0,1.0,1.6094,0.013748,10,23876
8,D,Noise,5%,0.95,1.05,5.0,10,What medications are used for HIV/AIDS?,1.0,1.0,1.0,1.4979,0.009628,10,27688
8,D,Noise,5%,0.95,1.05,5.0,10,How is pneumonia diagnosed?,1.0,1.0,0.9556,1.8344,0.007109,10,23764
8,D,Noise,5%,0.95,1.05,5.0,10,What causes inflammatory bowel disease?,1.0,1.0,1.0,1.973,0.001517,10,25078
8,D,Noise,5%,0.95,1.05,5.0,10,Describe treatment for chronic kidney disease,1.0,1.0,1.0,1.3592,0.016361,10,24836
8,D,Noise,5%,0.95,1.05,5.0,10,What are symptoms of schizophrenia?,1.0,1.0,1.0,1.6957,0.010819,10,24030
8,D,Noise,5%,0.95,1.05,5.0,10,How is bipolar disorder managed?,1.0,1.0,1.0,1.4708,0.016096,10,24570
8,D,Noise,5%,0.95,1.05,5.0,10,What causes psoriasis?,1.0,1.0,1.0,1.6094,0.016189,10,23519
8,D,Noise,5%,0.95,1.05,5.0,10,Describe sepsis treatment,1.0,1.0,1.0,1.6434,0.017358,10,23201
8,D,Noise,5%,0.95,1.05,5.0,10,What are risk factors for cancer?,1.0,1.0,0.9556,1.973,0.000542,10,23737
8,D,Noise,5%,0.95,1.05,5.0,10,How is ALS diagnosed?,1.0,1.0,1.0,1.6094,0.011201,10,24422
8,D,Noise,10%,0.9,1.1,10.0,10,What are the symptoms of type 2 diabetes?,0.9,0.9513,1.0,2.164,0.007817,10,24811
8,D,Noise,10%,0.9,1.1,10.0,10,How is hypertension treated?,1.0,1.0,1.0,1.8344,0.007124,10,25465
8,D,Noise,10%,0.9,1.1,10.0,10,What causes heart failure?,1.0,1.0,1.0,2.0253,0.006735,10,23961
8,D,Noise,10%,0.9,1.1,10.0,10,Describe the symptoms of lupus,1.0,1.0,1.0,1.8867,0.014277,10,24360
8,D,Noise,10%,0.9,1.1,10.0,10,What medications treat depression?,1.0,1.0,1.0,2.3026,0.00809,10,23875
8,D,Noise,10%,0.9,1.1,10.0,10,How does Alzheimer's disease progress?,1.0,1.0,0.9556,1.973,0.015651,10,23688
8,D,Noise,10%,0.9,1.1,10.0,10,What are risk factors for stroke?,1.0,1.0,0.9111,1.4185,0.007605,10,24024
8,D,Noise,10%,0.9,1.1,10.0,10,How is asthma managed long-term?,1.0,1.0,1.0,2.0253,0.006505,10,24615
8,D,Noise,10%,0.9,1.1,10.0,10,What are signs of kidney disease?,1.0,1.0,1.0,1.8344,0.006574,10,24265
8,D,Noise,10%,0.9,1.1,10.0,10,Describe rheumatoid arthritis treatment,1.0,1.0,0.9556,1.8344,0.008756,10,24765
8,D,Noise,10%,0.9,1.1,10.0,10,What causes Parkinson's disease?,1.0,1.0,0.9556,1.973,0.014687,10,24589
8,D,Noise,10%,0.9,1.1,10.0,10,How is multiple sclerosis diagnosed?,1.0,1.0,1.0,1.8344,0.014092,10,24303
8,D,Noise,10%,0.9,1.1,10.0,10,What are symptoms of anemia?,1.0,1.0,0.9556,1.6957,0.018154,10,23767
8,D,Noise,10%,0.9,1.1,10.0,10,How is hypothyroidism treated?,1.0,1.0,0.9556,1.5048,0.014002,10,24701
8,D,Noise,10%,0.9,1.1,10.0,10,What causes chronic pain?,1.0,1.0,0.9556,2.0253,0.000735,10,25219
8,D,Noise,10%,0.9,1.1,10.0,10,Describe COPD management,1.0,1.0,1.0,1.2206,0.024494,10,23433
8,D,Noise,10%,0.9,1.1,10.0,10,What are signs of liver disease?,1.0,1.0,1.0,2.0253,0.00174,10,24739
8,D,Noise,10%,0.9,1.1,10.0,10,How is epilepsy treated?,1.0,1.0,1.0,1.3592,0.01688,10,24007
8,D,Noise,10%,0.9,1.1,10.0,10,What causes osteoporosis?,1.0,1.0,0.9556,1.7481,0.01383,10,24535
8,D,Noise,10%,0.9,1.1,10.0,10,Describe symptoms of anxiety disorder,1.0,1.0,0.9556,1.4708,0.013761,10,26585
8,D,Noise,10%,0.9,1.1,10.0,10,What medications are used for HIV/AIDS?,1.0,1.0,0.9556,1.4979,0.009585,10,25092
8,D,Noise,10%,0.9,1.1,10.0,10,How is pneumonia diagnosed?,1.0,1.0,1.0,1.8344,0.007092,10,23505
8,D,Noise,10%,0.9,1.1,10.0,10,What causes inflammatory bowel disease?,1.0,1.0,0.9556,2.3026,0.001413,10,25455
8,D,Noise,10%,0.9,1.1,10.0,10,Describe treatment for chronic kidney disease,1.0,1.0,0.9556,1.3592,0.016463,10,23291
8,D,Noise,10%,0.9,1.1,10.0,10,What are symptoms of schizophrenia?,0.9,0.9489,0.9444,1.3592,0.01048,10,22666
8,D,Noise,10%,0.9,1.1,10.0,10,How is bipolar disorder managed?,1.0,1.0,0.9111,1.4708,0.015921,10,22227
8,D,Noise,10%,0.9,1.1,10.0,10,What causes psoriasis?,1.0,1.0,1.0,1.6094,0.015759,10,22552
8,D,Noise,10%,0.9,1.1,10.0,10,Describe sepsis treatment,1.0,1.0,1.0,1.6434,0.017475,10,22625
8,D,Noise,10%,0.9,1.1,10.0,10,What are risk factors for cancer?,1.0,1.0,1.0,1.8867,0.000524,10,22239
8,D,Noise,10%,0.9,1.1,10.0,10,How is ALS diagnosed?,1.0,1.0,0.9556,1.6094,0.01109,10,22621
8,D,Noise,20%,0.8,1.2,20.0,10,What are the symptoms of type 2 diabetes?,1.0,1.0,0.9556,1.8867,0.007355,10,26264
8,D,Noise,20%,0.8,1.2,20.0,10,How is hypertension treated?,0.9,0.9528,0.9444,1.6094,0.006587,10,24036
8,D,Noise,20%,0.8,1.2,20.0,10,What causes heart failure?,1.0,0.9998,0.9111,2.0253,0.006528,10,24301
8,D,Noise,20%,0.8,1.2,20.0,10,Describe the symptoms of lupus,1.0,1.0,1.0,2.164,0.013634,10,27366
8,D,Noise,20%,0.8,1.2,20.0,10,What medications treat depression?,1.0,1.0,1.0,2.164,0.007572,10,23108
8,D,Noise,20%,0.8,1.2,20.0,10,How does Alzheimer's disease progress?,1.0,1.0,1.0,1.8344,0.015296,9,24750
8,D,Noise,20%,0.8,1.2,20.0,10,What are risk factors for stroke?,0.9,0.946,0.9444,1.3592,0.007826,10,26016
8,D,Noise,20%,0.8,1.2,20.0,10,How is asthma managed long-term?,1.0,0.9999,0.9556,2.0253,0.00646,10,25094
8,D,Noise,20%,0.8,1.2,20.0,10,What are signs of kidney disease?,1.0,0.9999,0.9111,1.973,0.006694,10,26816
8,D,Noise,20%,0.8,1.2,20.0,10,Describe rheumatoid arthritis treatment,1.0,1.0,1.0,1.8344,0.008452,10,23729
8,D,Noise,20%,0.8,1.2,20.0,10,What causes Parkinson's disease?,1.0,1.0,1.0,1.8344,0.014639,10,25003
8,D,Noise,20%,0.8,1.2,20.0,10,How is multiple sclerosis diagnosed?,1.0,1.0,0.9556,1.973,0.014187,10,24259
8,D,Noise,20%,0.8,1.2,20.0,10,What are symptoms of anemia?,1.0,0.9992,0.9556,1.8344,0.016985,10,26317
8,D,Noise,20%,0.8,1.2,20.0,10,How is hypothyroidism treated?,1.0,0.9987,0.9556,1.6434,0.013283,10,25371
8,D,Noise,20%,0.8,1.2,20.0,10,What causes chronic pain?,1.0,1.0,1.0,2.0253,0.000717,10,24044
8,D,Noise,20%,0.8,1.2,20.0,10,Describe COPD management,1.0,1.0,1.0,1.3592,0.023903,10,25273
8,D,Noise,20%,0.8,1.2,20.0,10,What are signs of liver disease?,0.9,0.9463,1.0,2.0253,0.001556,10,27319
8,D,Noise,20%,0.8,1.2,20.0,10,How is epilepsy treated?,1.0,0.9995,0.9111,1.3592,0.016159,10,23883
8,D,Noise,20%,0.8,1.2,20.0,10,What causes osteoporosis?,1.0,1.0,1.0,1.8344,0.013727,10,24217
8,D,Noise,20%,0.8,1.2,20.0,10,Describe symptoms of anxiety disorder,1.0,1.0,0.9556,1.5048,0.013215,9,23894
8,D,Noise,20%,0.8,1.2,20.0,10,What medications are used for HIV/AIDS?,1.0,1.0,1.0,1.4979,0.008965,10,28903
8,D,Noise,20%,0.8,1.2,20.0,10,How is pneumonia diagnosed?,1.0,1.0,0.9556,1.8344,0.006688,10,24537
8,D,Noise,20%,0.8,1.2,20.0,10,What causes inflammatory bowel disease?,1.0,0.9999,0.9111,1.8867,0.001374,10,24755
8,D,Noise,20%,0.8,1.2,20.0,10,Describe treatment for chronic kidney disease,1.0,0.9999,0.9111,1.3592,0.016012,10,23724
8,D,Noise,20%,0.8,1.2,20.0,10,What are symptoms of schizophrenia?,0.9,0.9491,1.0,1.5048,0.010014,10,24048
8,D,Noise,20%,0.8,1.2,20.0,10,How is bipolar disorder managed?,1.0,1.0,0.9556,1.2799,0.015784,10,25372
8,D,Noise,20%,0.8,1.2,20.0,10,What causes psoriasis?,1.0,1.0,1.0,1.4185,0.015052,10,24091
8,D,Noise,20%,0.8,1.2,20.0,10,Describe sepsis treatment,1.0,0.9999,0.8667,1.6434,0.016911,10,23781
8,D,Noise,20%,0.8,1.2,20.0,10,What are risk factors for cancer?,1.0,1.0,1.0,1.6094,0.000525,9,23490
8,D,Noise,20%,0.8,1.2,20.0,10,How is ALS diagnosed?,1.0,1.0,0.9111,1.6094,0.01045,10,23507
8,D,Noise,30%,0.7,1.3,30.0,10,What are the symptoms of type 2 diabetes?,0.9,0.9512,0.9444,1.8344,0.006683,10,25620
8,D,Noise,30%,0.7,1.3,30.0,10,How is hypertension treated?,0.9,0.9508,1.0,1.8867,0.006109,10,24364
8,D,Noise,30%,0.7,1.3,30.0,10,What causes heart failure?,0.9,0.95,0.9444,2.0253,0.006151,10,24269
8,D,Noise,30%,0.7,1.3,30.0,10,Describe the symptoms of lupus,1.0,1.0,0.9556,1.8867,0.012721,10,23459
8,D,Noise,30%,0.7,1.3,30.0,10,What medications treat depression?,1.0,1.0,1.0,2.164,0.006983,10,24364
8,D,Noise,30%,0.7,1.3,30.0,10,How does Alzheimer's disease progress?,1.0,1.0,0.9556,1.973,0.013858,10,24880
8,D,Noise,30%,0.7,1.3,30.0,10,What are risk factors for stroke?,0.9,0.946,0.8333,1.3592,0.006908,10,25802
8,D,Noise,30%,0.7,1.3,30.0,10,How is asthma managed long-term?,1.0,1.0,0.9556,1.8344,0.005825,10,24861
8,D,Noise,30%,0.7,1.3,30.0,10,What are signs of kidney disease?,1.0,0.9999,0.8667,1.8344,0.005804,10,24582
8,D,Noise,30%,0.7,1.3,30.0,10,Describe rheumatoid arthritis treatment,1.0,1.0,1.0,2.0253,0.007804,10,24032
8,D,Noise,30%,0.7,1.3,30.0,10,What causes Parkinson's disease?,1.0,1.0,0.9556,2.164,0.013945,10,24077
8,D,Noise,30%,0.7,1.3,30.0,10,How is multiple sclerosis diagnosed?,1.0,0.9999,0.9111,1.8344,0.012335,10,25266
8,D,Noise,30%,0.7,1.3,30.0,10,What are symptoms of anemia?,1.0,0.9998,0.8667,1.4708,0.015245,10,23970
8,D,Noise,30%,0.7,1.3,30.0,10,How is hypothyroidism treated?,1.0,1.0,0.9556,1.5048,0.013026,10,24673
8,D,Noise,30%,0.7,1.3,30.0,10,What causes chronic pain?,0.9,0.9425,0.8889,1.8344,0.000624,10,24317
8,D,Noise,30%,0.7,1.3,30.0,10,Describe COPD management,1.0,1.0,0.9556,1.2206,0.021663,10,24135
8,D,Noise,30%,0.7,1.3,30.0,10,What are signs of liver disease?,0.9,0.9453,0.6667,1.8344,0.0015,10,24000
8,D,Noise,30%,0.7,1.3,30.0,10,How is epilepsy treated?,1.0,1.0,0.9556,1.3592,0.015409,10,24042
8,D,Noise,30%,0.7,1.3,30.0,10,What causes osteoporosis?,1.0,0.9998,0.8667,1.7481,0.012643,10,27384
8,D,Noise,30%,0.7,1.3,30.0,10,Describe symptoms of anxiety disorder,1.0,0.9999,0.9111,1.6094,0.011942,10,24527
8,D,Noise,30%,0.7,1.3,30.0,10,What medications are used for HIV/AIDS?,1.0,1.0,0.9556,1.7481,0.008509,10,25843
8,D,Noise,30%,0.7,1.3,30.0,10,How is pneumonia diagnosed?,1.0,1.0,0.9556,1.6957,0.00597,10,24121
8,D,Noise,30%,0.7,1.3,30.0,10,What causes inflammatory bowel disease?,1.0,0.9979,0.8667,2.164,0.001134,10,23732
8,D,Noise,30%,0.7,1.3,30.0,10,Describe treatment for chronic kidney disease,1.0,0.9999,0.9111,1.3592,0.013453,10,23424
8,D,Noise,30%,0.7,1.3,30.0,10,What are symptoms of schizophrenia?,0.9,0.9491,0.9444,1.4708,0.009167,10,24545
8,D,Noise,30%,0.7,1.3,30.0,10,How is bipolar disorder managed?,1.0,1.0,0.9556,1.4708,0.014689,10,28008
8,D,Noise,30%,0.7,1.3,30.0,10,What causes psoriasis?,1.0,0.9999,0.9556,1.6094,0.014731,10,23447
8,D,Noise,30%,0.7,1.3,30.0,10,Describe sepsis treatment,1.0,1.0,0.9556,1.6434,0.014942,10,23465
8,D,Noise,30%,0.7,1.3,30.0,10,What are risk factors for cancer?,1.0,0.9995,0.8222,1.6957,0.000503,10,24901
8,D,Noise,30%,0.7,1.3,30.0,10,How is ALS diagnosed?,0.9,0.9518,0.9444,1.6094,0.009943,10,28064
8,D,Noise,50%,0.5,1.5,50.0,10,What are the symptoms of type 2 diabetes?,0.9,0.9513,1.0,1.8867,0.00547,10,25223
8,D,Noise,50%,0.5,1.5,50.0,10,How is hypertension treated?,0.9,0.9508,0.9444,1.8867,0.005316,10,24638
8,D,Noise,50%,0.5,1.5,50.0,10,What causes heart failure?,0.9,0.95,0.9444,2.0253,0.005183,10,26477
8,D,Noise,50%,0.5,1.5,50.0,10,Describe the symptoms of lupus,0.9,0.951,1.0,1.8344,0.009464,10,23940
8,D,Noise,50%,0.5,1.5,50.0,10,What medications treat depression?,1.0,1.0,1.0,2.0253,0.005332,10,23486
8,D,Noise,50%,0.5,1.5,50.0,10,How does Alzheimer's disease progress?,1.0,0.9999,0.9111,1.973,0.011006,10,24774
8,D,Noise,50%,0.5,1.5,50.0,10,What are risk factors for stroke?,0.9,0.943,0.8889,1.6434,0.005494,10,25296
8,D,Noise,50%,0.5,1.5,50.0,10,How is asthma managed long-term?,0.9,0.9557,1.0,2.164,0.005526,10,24888
8,D,Noise,50%,0.5,1.5,50.0,10,What are signs of kidney disease?,1.0,0.999,0.7778,2.0253,0.005111,10,24352
8,D,Noise,50%,0.5,1.5,50.0,10,Describe rheumatoid arthritis treatment,1.0,1.0,0.9556,1.6957,0.007367,10,24355
8,D,Noise,50%,0.5,1.5,50.0,10,What causes Parkinson's disease?,1.0,0.9998,0.9556,1.8344,0.011106,10,24308
8,D,Noise,50%,0.5,1.5,50.0,10,How is multiple sclerosis diagnosed?,0.9,0.9565,1.0,1.8344,0.010457,10,24298
8,D,Noise,50%,0.5,1.5,50.0,10,What are symptoms of anemia?,1.0,0.9999,0.9111,1.6957,0.012317,10,24515
8,D,Noise,50%,0.5,1.5,50.0,10,How is hypothyroidism treated?,0.9,0.9557,0.8889,1.5048,0.009421,10,24486
8,D,Noise,50%,0.5,1.5,50.0,10,What causes chronic pain?,1.0,0.9986,0.6444,2.0253,0.000516,10,24301
8,D,Noise,50%,0.5,1.5,50.0,10,Describe COPD management,0.9,0.9555,0.8333,1.5048,0.019268,10,24772
8,D,Noise,50%,0.5,1.5,50.0,10,What are signs of liver disease?,0.9,0.9462,0.9444,1.8344,0.00129,10,23964
8,D,Noise,50%,0.5,1.5,50.0,10,How is epilepsy treated?,0.9,0.9613,0.9444,1.4979,0.012529,10,25117
8,D,Noise,50%,0.5,1.5,50.0,10,What causes osteoporosis?,1.0,0.9999,0.9556,1.6957,0.009998,10,23851
8,D,Noise,50%,0.5,1.5,50.0,10,Describe symptoms of anxiety disorder,1.0,0.9995,0.7778,1.8344,0.009779,10,27018
8,D,Noise,50%,0.5,1.5,50.0,10,What medications are used for HIV/AIDS?,1.0,1.0,0.9556,1.4979,0.006844,9,27678
8,D,Noise,50%,0.5,1.5,50.0,10,How is pneumonia diagnosed?,0.9,0.9463,0.6667,1.8344,0.005395,10,23378
8,D,Noise,50%,0.5,1.5,50.0,10,What causes inflammatory bowel disease?,1.0,0.9999,0.9111,2.3026,0.001516,10,25070
8,D,Noise,50%,0.5,1.5,50.0,10,Describe treatment for chronic kidney disease,1.0,0.9984,0.7778,1.3592,0.012639,10,24437
8,D,Noise,50%,0.5,1.5,50.0,10,What are symptoms of schizophrenia?,0.9,0.9463,0.7778,1.5048,0.007984,10,25670
8,D,Noise,50%,0.5,1.5,50.0,10,How is bipolar disorder managed?,1.0,1.0,0.9556,1.6957,0.011068,10,23920
8,D,Noise,50%,0.5,1.5,50.0,10,What causes psoriasis?,1.0,1.0,1.0,1.6094,0.010548,10,23279
8,D,Noise,50%,0.5,1.5,50.0,10,Describe sepsis treatment,1.0,1.0,0.9556,1.7481,0.012814,10,23740
8,D,Noise,50%,0.5,1.5,50.0,10,What are risk factors for cancer?,1.0,0.9998,0.7333,1.7481,0.000271,10,24651
8,D,Noise,50%,0.5,1.5,50.0,10,How is ALS diagnosed?,0.9,0.9514,0.8333,1.6094,0.007633,10,23797
8,D,Noise,70%,0.3,1.7,70.0,10,What are the symptoms of type 2 diabetes?,0.9,0.9491,0.8889,1.8867,0.003341,10,26074
8,D,Noise,70%,0.3,1.7,70.0,10,How is hypertension treated?,1.0,0.9996,0.8222,1.6957,0.00317,10,24484
8,D,Noise,70%,0.3,1.7,70.0,10,What causes heart failure?,0.9,0.9498,0.9444,1.6957,0.003222,10,24475
8,D,Noise,70%,0.3,1.7,70.0,10,Describe the symptoms of lupus,0.9,0.954,0.9444,2.0253,0.006328,10,26640
8,D,Noise,70%,0.3,1.7,70.0,10,What medications treat depression?,1.0,1.0,1.0,1.8867,0.003105,10,25482
8,D,Noise,70%,0.3,1.7,70.0,10,How does Alzheimer's disease progress?,1.0,0.9999,0.9111,1.8344,0.006844,10,24852
8,D,Noise,70%,0.3,1.7,70.0,10,What are risk factors for stroke?,0.8,0.8827,0.6429,0.9404,0.003281,9,25023
8,D,Noise,70%,0.3,1.7,70.0,10,How is asthma managed long-term?,0.9,0.9557,1.0,1.8867,0.00352,10,24810
8,D,Noise,70%,0.3,1.7,70.0,10,What are signs of kidney disease?,1.0,0.9991,0.8667,1.8867,0.002453,10,25005
8,D,Noise,70%,0.3,1.7,70.0,10,Describe rheumatoid arthritis treatment,1.0,0.9999,0.9556,2.164,0.00365,10,24651
8,D,Noise,70%,0.3,1.7,70.0,10,What causes Parkinson's disease?,1.0,1.0,1.0,2.164,0.00692,10,23864
8,D,Noise,70%,0.3,1.7,70.0,10,How is multiple sclerosis diagnosed?,0.9,0.9565,1.0,1.8344,0.005943,10,24152
8,D,Noise,70%,0.3,1.7,70.0,10,What are symptoms of anemia?,1.0,1.0,0.8667,1.6957,0.008392,10,27812
8,D,Noise,70%,0.3,1.7,70.0,10,How is hypothyroidism treated?,1.0,0.9999,0.9111,1.5571,0.006272,10,24646
8,D,Noise,70%,0.3,1.7,70.0,10,What causes chronic pain?,1.0,0.9991,0.6,2.164,0.000366,10,24350
8,D,Noise,70%,0.3,1.7,70.0,10,Describe COPD management,0.9,0.9562,0.8889,1.5048,0.011739,10,23327
8,D,Noise,70%,0.3,1.7,70.0,10,What are signs of liver disease?,1.0,0.999,0.7778,2.3026,0.000746,10,24723
8,D,Noise,70%,0.3,1.7,70.0,10,How is epilepsy treated?,0.9,0.955,1.0,1.4979,0.007212,10,24187
8,D,Noise,70%,0.3,1.7,70.0,10,What causes osteoporosis?,1.0,0.9967,0.8222,1.6957,0.006005,9,24443
8,D,Noise,70%,0.3,1.7,70.0,10,Describe symptoms of anxiety disorder,0.9,0.9497,0.7222,1.6434,0.006953,10,23922
8,D,Noise,70%,0.3,1.7,70.0,10,What medications are used for HIV/AIDS?,1.0,0.9998,0.8222,1.4979,0.003858,10,24164
8,D,Noise,70%,0.3,1.7,70.0,10,How is pneumonia diagnosed?,0.9,0.9468,0.7778,1.6957,0.002617,10,23771
8,D,Noise,70%,0.3,1.7,70.0,10,What causes inflammatory bowel disease?,1.0,0.9979,0.8667,2.164,0.000667,10,24492
8,D,Noise,70%,0.3,1.7,70.0,10,Describe treatment for chronic kidney disease,1.0,0.9985,0.8667,1.3592,0.006362,10,24404
8,D,Noise,70%,0.3,1.7,70.0,10,What are symptoms of schizophrenia?,0.9,0.9466,0.9444,1.4185,0.005733,9,25068
8,D,Noise,70%,0.3,1.7,70.0,10,How is bipolar disorder managed?,1.0,1.0,0.9556,1.6094,0.008099,10,24626
8,D,Noise,70%,0.3,1.7,70.0,10,What causes psoriasis?,1.0,0.9999,0.8667,1.6957,0.008373,10,24097
8,D,Noise,70%,0.3,1.7,70.0,10,Describe sepsis treatment,1.0,1.0,0.9111,1.8344,0.009218,10,23676
8,D,Noise,70%,0.3,1.7,70.0,10,What are risk factors for cancer?,1.0,0.9991,0.5556,2.0253,0.000221,10,23992
8,D,Noise,70%,0.3,1.7,70.0,10,How is ALS diagnosed?,1.0,0.9997,0.9111,1.6094,0.004751,10,24597
8,D,Combined,1%,0.99,1.01,1.0,10,What are the symptoms of type 2 diabetes?,1.0,1.0,1.0,2.0253,0.007913,10,24742
8,D,Combined,1%,0.99,1.01,1.0,10,How is hypertension treated?,1.0,1.0,1.0,1.6094,0.007036,10,26993
8,D,Combined,1%,0.99,1.01,1.0,10,What causes heart failure?,1.0,1.0,1.0,2.0253,0.006818,10,24549
8,D,Combined,1%,0.99,1.01,1.0,10,Describe the symptoms of lupus,1.0,1.0,1.0,2.0253,0.014667,10,24623
8,D,Combined,1%,0.99,1.01,1.0,10,What medications treat depression?,1.0,1.0,1.0,2.164,0.008117,10,24180
8,D,Combined,1%,0.99,1.01,1.0,10,How does Alzheimer's disease progress?,1.0,1.0,1.0,1.973,0.015886,10,24140
8,D,Combined,1%,0.99,1.01,1.0,10,What are risk factors for stroke?,1.0,1.0,1.0,1.3592,0.007772,10,23839
8,D,Combined,1%,0.99,1.01,1.0,10,How is asthma managed long-term?,1.0,1.0,1.0,2.164,0.006687,10,25908
8,D,Combined,1%,0.99,1.01,1.0,10,What are signs of kidney disease?,1.0,1.0,1.0,1.8344,0.006645,10,23940
8,D,Combined,1%,0.99,1.01,1.0,10,Describe rheumatoid arthritis treatment,1.0,1.0,1.0,1.8344,0.009184,10,24226
8,D,Combined,1%,0.99,1.01,1.0,10,What causes Parkinson's disease?,1.0,1.0,1.0,1.973,0.01513,10,24010
8,D,Combined,1%,0.99,1.01,1.0,10,How is multiple sclerosis diagnosed?,1.0,1.0,1.0,1.8344,0.014315,10,27280
8,D,Combined,1%,0.99,1.01,1.0,10,What are symptoms of anemia?,1.0,1.0,1.0,1.6957,0.018187,10,23842
8,D,Combined,1%,0.99,1.01,1.0,10,How is hypothyroidism treated?,1.0,1.0,1.0,1.5048,0.014428,10,27383
8,D,Combined,1%,0.99,1.01,1.0,10,What causes chronic pain?,1.0,1.0,1.0,2.164,0.000758,9,26389
8,D,Combined,1%,0.99,1.01,1.0,10,Describe COPD management,1.0,1.0,1.0,1.2206,0.024906,10,24566
8,D,Combined,1%,0.99,1.01,1.0,10,What are signs of liver disease?,1.0,1.0,1.0,2.0253,0.001759,10,25041
8,D,Combined,1%,0.99,1.01,1.0,10,How is epilepsy treated?,1.0,1.0,1.0,1.3592,0.017406,10,24878
8,D,Combined,1%,0.99,1.01,1.0,10,What causes osteoporosis?,1.0,1.0,1.0,1.8344,0.014088,9,24193
8,D,Combined,1%,0.99,1.01,1.0,10,Describe symptoms of anxiety disorder,1.0,1.0,1.0,1.6094,0.013881,10,24234
8,D,Combined,1%,0.99,1.01,1.0,10,What medications are used for HIV/AIDS?,1.0,1.0,1.0,1.4979,0.009636,10,24158
8,D,Combined,1%,0.99,1.01,1.0,10,How is pneumonia diagnosed?,1.0,1.0,1.0,1.8344,0.007199,10,27149
8,D,Combined,1%,0.99,1.01,1.0,10,What causes inflammatory bowel disease?,1.0,1.0,0.9556,2.164,0.001507,10,24834
8,D,Combined,1%,0.99,1.01,1.0,10,Describe treatment for chronic kidney disease,1.0,1.0,1.0,1.3592,0.016594,10,24030
8,D,Combined,1%,0.99,1.01,1.0,10,What are symptoms of schizophrenia?,1.0,1.0,1.0,1.4185,0.010808,10,24037
8,D,Combined,1%,0.99,1.01,1.0,10,How is bipolar disorder managed?,1.0,1.0,0.9111,1.4708,0.01613,10,23913
8,D,Combined,1%,0.99,1.01,1.0,10,What causes psoriasis?,1.0,1.0,1.0,1.6094,0.016063,10,25184
8,D,Combined,1%,0.99,1.01,1.0,10,Describe sepsis treatment,1.0,1.0,1.0,1.6434,0.017444,10,23214
8,D,Combined,1%,0.99,1.01,1.0,10,What are risk factors for cancer?,1.0,1.0,1.0,2.0253,0.000534,10,24941
8,D,Combined,1%,0.99,1.01,1.0,10,How is ALS diagnosed?,1.0,1.0,1.0,1.6094,0.01128,10,23878
8,D,Combined,5%,0.95,1.05,5.0,10,What are the symptoms of type 2 diabetes?,1.0,1.0,0.9556,2.164,0.007978,10,24627
8,D,Combined,5%,0.95,1.05,5.0,10,How is hypertension treated?,1.0,1.0,1.0,1.6094,0.007018,10,24931
8,D,Combined,5%,0.95,1.05,5.0,10,What causes heart failure?,1.0,1.0,1.0,2.0253,0.006841,10,26649
8,D,Combined,5%,0.95,1.05,5.0,10,Describe the symptoms of lupus,1.0,1.0,1.0,1.8867,0.014332,10,26796
8,D,Combined,5%,0.95,1.05,5.0,10,What medications treat depression?,1.0,1.0,1.0,2.0253,0.008116,10,26428
8,D,Combined,5%,0.95,1.05,5.0,10,How does Alzheimer's disease progress?,1.0,1.0,1.0,1.973,0.015794,10,22718
8,D,Combined,5%,0.95,1.05,5.0,10,What are risk factors for stroke?,1.0,1.0,1.0,1.4185,0.007786,10,14941
8,D,Combined,5%,0.95,1.05,5.0,10,How is asthma managed long-term?,1.0,1.0,1.0,2.0253,0.006648,10,13145
8,D,Combined,5%,0.95,1.05,5.0,10,What are signs of kidney disease?,1.0,1.0,0.9556,1.8344,0.006694,10,14149
8,D,Combined,5%,0.95,1.05,5.0,10,Describe rheumatoid arthritis treatment,1.0,1.0,1.0,1.8344,0.009226,10,14340
8,D,Combined,5%,0.95,1.05,5.0,10,What causes Parkinson's disease?,1.0,1.0,1.0,1.973,0.015018,10,13370
8,D,Combined,5%,0.95,1.05,5.0,10,How is multiple sclerosis diagnosed?,1.0,1.0,1.0,1.8344,0.014387,10,13556
8,D,Combined,5%,0.95,1.05,5.0,10,What are symptoms of anemia?,1.0,1.0,1.0,1.6957,0.018232,10,12727
8,D,Combined,5%,0.95,1.05,5.0,10,How is hypothyroidism treated?,1.0,1.0,1.0,1.5048,0.014271,10,12813
8,D,Combined,5%,0.95,1.05,5.0,10,What causes chronic pain?,1.0,1.0,0.9556,2.164,0.000761,10,12553
8,D,Combined,5%,0.95,1.05,5.0,10,Describe COPD management,1.0,1.0,1.0,1.2206,0.0248,10,12498
8,D,Combined,5%,0.95,1.05,5.0,10,What are signs of liver disease?,1.0,1.0,1.0,2.0253,0.001748,10,13020
8,D,Combined,5%,0.95,1.05,5.0,10,How is epilepsy treated?,1.0,1.0,1.0,1.3592,0.017532,10,13194
8,D,Combined,5%,0.95,1.05,5.0,10,What causes osteoporosis?,1.0,1.0,1.0,1.7481,0.013998,10,12539
8,D,Combined,5%,0.95,1.05,5.0,10,Describe symptoms of anxiety disorder,1.0,1.0,1.0,1.6094,0.013708,10,14080
8,D,Combined,5%,0.95,1.05,5.0,10,What medications are used for HIV/AIDS?,1.0,1.0,1.0,1.4979,0.00963,10,13141
8,D,Combined,5%,0.95,1.05,5.0,10,How is pneumonia diagnosed?,1.0,1.0,1.0,1.6094,0.007345,10,12951
8,D,Combined,5%,0.95,1.05,5.0,10,What causes inflammatory bowel disease?,1.0,1.0,0.9556,2.164,0.001536,10,12828
8,D,Combined,5%,0.95,1.05,5.0,10,Describe treatment for chronic kidney disease,1.0,1.0,1.0,1.3592,0.016578,10,13259
8,D,Combined,5%,0.95,1.05,5.0,10,What are symptoms of schizophrenia?,1.0,1.0,0.9111,1.4185,0.010752,10,13431
8,D,Combined,5%,0.95,1.05,5.0,10,How is bipolar disorder managed?,1.0,1.0,0.9556,1.2799,0.015973,10,13051
8,D,Combined,5%,0.95,1.05,5.0,10,What causes psoriasis?,1.0,1.0,1.0,1.6094,0.015852,10,12481
8,D,Combined,5%,0.95,1.05,5.0,10,Describe sepsis treatment,1.0,1.0,1.0,1.6434,0.017421,10,13272
8,D,Combined,5%,0.95,1.05,5.0,10,What are risk factors for cancer?,1.0,1.0,0.9556,1.8867,0.000548,10,12566
8,D,Combined,5%,0.95,1.05,5.0,10,How is ALS diagnosed?,1.0,1.0,1.0,1.6094,0.011325,9,12991
8,D,Combined,10%,0.9,1.1,10.0,10,What are the symptoms of type 2 diabetes?,1.0,1.0,1.0,2.0253,0.007609,10,13085
8,D,Combined,10%,0.9,1.1,10.0,10,How is hypertension treated?,1.0,1.0,0.9556,1.6094,0.007115,10,14372
8,D,Combined,10%,0.9,1.1,10.0,10,What causes heart failure?,1.0,1.0,1.0,2.0253,0.006739,10,35422
8,D,Combined,10%,0.9,1.1,10.0,10,Describe the symptoms of lupus,1.0,1.0,1.0,1.8867,0.014391,10,14315
8,D,Combined,10%,0.9,1.1,10.0,10,What medications treat depression?,1.0,1.0,1.0,2.0253,0.007815,10,46238
8,D,Combined,10%,0.9,1.1,10.0,10,How does Alzheimer's disease progress?,1.0,1.0,1.0,1.973,0.015727,10,16124
8,D,Combined,10%,0.9,1.1,10.0,10,What are risk factors for stroke?,0.9,0.9461,1.0,1.4185,0.00773,10,14779
8,D,Combined,10%,0.9,1.1,10.0,10,How is asthma managed long-term?,1.0,1.0,1.0,2.0253,0.006547,10,16906
8,D,Combined,10%,0.9,1.1,10.0,10,What are signs of kidney disease?,1.0,1.0,0.9556,2.0253,0.006367,10,15421
8,D,Combined,10%,0.9,1.1,10.0,10,Describe rheumatoid arthritis treatment,1.0,1.0,1.0,1.8344,0.00919,10,14171
8,D,Combined,10%,0.9,1.1,10.0,10,What causes Parkinson's disease?,1.0,1.0,1.0,2.164,0.014647,10,14678
8,D,Combined,10%,0.9,1.1,10.0,10,How is multiple sclerosis diagnosed?,1.0,1.0,1.0,1.8344,0.01414,10,14584
8,D,Combined,10%,0.9,1.1,10.0,10,What are symptoms of anemia?,1.0,1.0,0.9556,1.6957,0.01764,10,15746
8,D,Combined,10%,0.9,1.1,10.0,10,How is hypothyroidism treated?,1.0,1.0,1.0,1.5048,0.014295,10,30927
8,D,Combined,10%,0.9,1.1,10.0,10,What causes chronic pain?,1.0,1.0,0.9556,2.0253,0.000796,10,79520
8,D,Combined,10%,0.9,1.1,10.0,10,Describe COPD management,1.0,1.0,1.0,1.2206,0.024885,10,29000
8,D,Combined,10%,0.9,1.1,10.0,10,What are signs of liver disease?,1.0,1.0,1.0,2.0253,0.001754,10,13421
8,D,Combined,10%,0.9,1.1,10.0,10,How is epilepsy treated?,1.0,1.0,0.9556,1.3592,0.017304,10,38971
8,D,Combined,10%,0.9,1.1,10.0,10,What causes osteoporosis?,1.0,1.0,0.9556,1.8867,0.0139,10,14123
8,D,Combined,10%,0.9,1.1,10.0,10,Describe symptoms of anxiety disorder,1.0,1.0,0.9556,1.6434,0.013629,10,14238
8,D,Combined,10%,0.9,1.1,10.0,10,What medications are used for HIV/AIDS?,1.0,1.0,1.0,1.4979,0.009585,10,13623
8,D,Combined,10%,0.9,1.1,10.0,10,How is pneumonia diagnosed?,1.0,1.0,0.9556,1.6957,0.007162,10,25295
8,D,Combined,10%,0.9,1.1,10.0,10,What causes inflammatory bowel disease?,1.0,1.0,1.0,2.164,0.001471,10,14589
8,D,Combined,10%,0.9,1.1,10.0,10,Describe treatment for chronic kidney disease,1.0,1.0,0.9111,1.3592,0.015979,10,14073
8,D,Combined,10%,0.9,1.1,10.0,10,What are symptoms of schizophrenia?,1.0,1.0,0.9556,1.4185,0.010234,10,53194
8,D,Combined,10%,0.9,1.1,10.0,10,How is bipolar disorder managed?,1.0,0.9993,0.9111,1.4708,0.015858,10,78774
8,D,Combined,10%,0.9,1.1,10.0,10,What causes psoriasis?,1.0,1.0,0.9556,1.6094,0.015647,10,13457
8,D,Combined,10%,0.9,1.1,10.0,10,Describe sepsis treatment,1.0,1.0,1.0,1.6434,0.016825,10,36307
8,D,Combined,10%,0.9,1.1,10.0,10,What are risk factors for cancer?,1.0,1.0,0.8667,1.6094,0.00048,9,14553
8,D,Combined,10%,0.9,1.1,10.0,10,How is ALS diagnosed?,1.0,1.0,0.9556,1.6094,0.011289,10,15171
8,D,Combined,20%,0.8,1.2,20.0,10,What are the symptoms of type 2 diabetes?,1.0,1.0,1.0,1.8867,0.008073,10,25942
8,D,Combined,20%,0.8,1.2,20.0,10,How is hypertension treated?,1.0,1.0,0.9111,1.6094,0.006689,10,25269
8,D,Combined,20%,0.8,1.2,20.0,10,What causes heart failure?,1.0,0.9999,0.9111,1.8867,0.006573,10,25064
8,D,Combined,20%,0.8,1.2,20.0,10,Describe the symptoms of lupus,1.0,1.0,1.0,2.0253,0.014172,10,25635
8,D,Combined,20%,0.8,1.2,20.0,10,What medications treat depression?,1.0,1.0,1.0,2.0253,0.007594,10,24100
8,D,Combined,20%,0.8,1.2,20.0,10,How does Alzheimer's disease progress?,1.0,1.0,1.0,1.973,0.015213,10,25247
8,D,Combined,20%,0.8,1.2,20.0,10,What are risk factors for stroke?,1.0,0.9999,0.8667,1.3592,0.00736,10,25176
8,D,Combined,20%,0.8,1.2,20.0,10,How is asthma managed long-term?,1.0,0.9999,0.9556,2.0253,0.006319,10,24890
8,D,Combined,20%,0.8,1.2,20.0,10,What are signs of kidney disease?,1.0,1.0,1.0,1.8867,0.006334,10,24175
8,D,Combined,20%,0.8,1.2,20.0,10,Describe rheumatoid arthritis treatment,1.0,1.0,1.0,1.8344,0.008717,10,24172
8,D,Combined,20%,0.8,1.2,20.0,10,What causes Parkinson's disease?,1.0,1.0,0.9556,1.973,0.013654,10,24339
8,D,Combined,20%,0.8,1.2,20.0,10,How is multiple sclerosis diagnosed?,1.0,1.0,0.9556,1.8344,0.014289,10,23989
8,D,Combined,20%,0.8,1.2,20.0,10,What are symptoms of anemia?,1.0,1.0,0.9556,1.6957,0.016823,10,24131
8,D,Combined,20%,0.8,1.2,20.0,10,How is hypothyroidism treated?,1.0,1.0,0.9556,1.6957,0.013705,10,26546
8,D,Combined,20%,0.8,1.2,20.0,10,What causes chronic pain?,1.0,1.0,0.9556,2.0253,0.000711,10,25041
8,D,Combined,20%,0.8,1.2,20.0,10,Describe COPD management,0.9,0.9606,1.0,1.2206,0.024245,10,23958
8,D,Combined,20%,0.8,1.2,20.0,10,What are signs of liver disease?,0.9,0.9462,0.9444,1.8344,0.001536,10,24753
8,D,Combined,20%,0.8,1.2,20.0,10,How is epilepsy treated?,1.0,0.9995,0.9556,1.3592,0.016622,10,25871
8,D,Combined,20%,0.8,1.2,20.0,10,What causes osteoporosis?,1.0,1.0,1.0,1.8344,0.013329,10,25633
8,D,Combined,20%,0.8,1.2,20.0,10,Describe symptoms of anxiety disorder,1.0,1.0,1.0,1.6957,0.013238,10,24088
8,D,Combined,20%,0.8,1.2,20.0,10,What medications are used for HIV/AIDS?,1.0,1.0,1.0,1.4979,0.008975,10,24530
8,D,Combined,20%,0.8,1.2,20.0,10,How is pneumonia diagnosed?,0.9,0.945,1.0,1.6957,0.007167,10,23896
8,D,Combined,20%,0.8,1.2,20.0,10,What causes inflammatory bowel disease?,1.0,1.0,0.9556,2.0253,0.001449,10,23858
8,D,Combined,20%,0.8,1.2,20.0,10,Describe treatment for chronic kidney disease,1.0,1.0,0.9556,1.3592,0.015579,10,22645
8,D,Combined,20%,0.8,1.2,20.0,10,What are symptoms of schizophrenia?,1.0,1.0,0.9111,1.5048,0.010114,10,22444
8,D,Combined,20%,0.8,1.2,20.0,10,How is bipolar disorder managed?,1.0,1.0,0.9111,1.4708,0.014715,10,21831
8,D,Combined,20%,0.8,1.2,20.0,10,What causes psoriasis?,1.0,1.0,0.9556,1.6094,0.015133,10,22424
8,D,Combined,20%,0.8,1.2,20.0,10,Describe sepsis treatment,1.0,1.0,0.9556,1.6434,0.016509,10,22641
8,D,Combined,20%,0.8,1.2,20.0,10,What are risk factors for cancer?,1.0,0.9999,0.7778,1.973,0.000503,9,23297
8,D,Combined,20%,0.8,1.2,20.0,10,How is ALS diagnosed?,1.0,0.9999,0.8667,1.6094,0.01095,10,23052
8,D,Combined,30%,0.7,1.3,30.0,10,What are the symptoms of type 2 diabetes?,0.9,0.9513,1.0,1.8344,0.007132,10,24065
8,D,Combined,30%,0.7,1.3,30.0,10,How is hypertension treated?,1.0,1.0,0.9556,1.6434,0.006513,10,24725
8,D,Combined,30%,0.7,1.3,30.0,10,What causes heart failure?,1.0,1.0,1.0,2.164,0.006181,10,23863
8,D,Combined,30%,0.7,1.3,30.0,10,Describe the symptoms of lupus,0.9,0.9541,1.0,2.0253,0.01333,10,23976
8,D,Combined,30%,0.7,1.3,30.0,10,What medications treat depression?,1.0,1.0,1.0,2.164,0.007153,10,24007
8,D,Combined,30%,0.7,1.3,30.0,10,How does Alzheimer's disease progress?,1.0,1.0,0.9556,1.973,0.014076,10,24745
8,D,Combined,30%,0.7,1.3,30.0,10,What are risk factors for stroke?,1.0,0.9999,0.8222,1.2275,0.007076,10,24784
8,D,Combined,30%,0.7,1.3,30.0,10,How is asthma managed long-term?,1.0,0.9999,0.9556,1.973,0.005688,10,27649
8,D,Combined,30%,0.7,1.3,30.0,10,What are signs of kidney disease?,1.0,0.9998,0.9111,1.8344,0.005387,10,23728
8,D,Combined,30%,0.7,1.3,30.0,10,Describe rheumatoid arthritis treatment,1.0,1.0,0.9556,1.8344,0.008406,10,24466
8,D,Combined,30%,0.7,1.3,30.0,10,What causes Parkinson's disease?,1.0,1.0,1.0,2.164,0.013418,10,24197
8,D,Combined,30%,0.7,1.3,30.0,10,How is multiple sclerosis diagnosed?,0.9,0.9565,1.0,1.973,0.012746,10,24428
8,D,Combined,30%,0.7,1.3,30.0,10,What are symptoms of anemia?,1.0,1.0,1.0,1.6957,0.017788,10,23993
8,D,Combined,30%,0.7,1.3,30.0,10,How is hypothyroidism treated?,1.0,1.0,1.0,1.6957,0.014087,10,25378
8,D,Combined,30%,0.7,1.3,30.0,10,What causes chronic pain?,0.9,0.9424,0.8889,2.164,0.000717,10,25301
8,D,Combined,30%,0.7,1.3,30.0,10,Describe COPD management,1.0,0.9998,0.9111,1.3592,0.022202,10,24634
8,D,Combined,30%,0.7,1.3,30.0,10,What are signs of liver disease?,0.9,0.946,0.8889,1.973,0.001637,10,24205
8,D,Combined,30%,0.7,1.3,30.0,10,How is epilepsy treated?,1.0,1.0,1.0,1.3592,0.015848,10,23707
8,D,Combined,30%,0.7,1.3,30.0,10,What causes osteoporosis?,1.0,1.0,0.9556,1.7481,0.012198,10,23897
8,D,Combined,30%,0.7,1.3,30.0,10,Describe symptoms of anxiety disorder,0.9,0.9507,1.0,1.6957,0.012335,10,23564
8,D,Combined,30%,0.7,1.3,30.0,10,What medications are used for HIV/AIDS?,1.0,1.0,0.9556,1.4979,0.008535,10,24101
8,D,Combined,30%,0.7,1.3,30.0,10,How is pneumonia diagnosed?,0.9,0.9451,0.9444,1.6434,0.0061,10,24146
8,D,Combined,30%,0.7,1.3,30.0,10,What causes inflammatory bowel disease?,1.0,0.9999,0.9111,1.973,0.001433,10,24100
8,D,Combined,30%,0.7,1.3,30.0,10,Describe treatment for chronic kidney disease,0.9,0.9564,0.9444,1.4708,0.014286,10,23719
8,D,Combined,30%,0.7,1.3,30.0,10,What are symptoms of schizophrenia?,1.0,1.0,0.9111,1.3592,0.009243,9,24731
8,D,Combined,30%,0.7,1.3,30.0,10,How is bipolar disorder managed?,1.0,1.0,1.0,1.4708,0.014366,10,23886
8,D,Combined,30%,0.7,1.3,30.0,10,What causes psoriasis?,1.0,1.0,0.9111,1.6957,0.014254,10,27368
8,D,Combined,30%,0.7,1.3,30.0,10,Describe sepsis treatment,1.0,0.9999,0.8667,1.6434,0.014924,10,22166
8,D,Combined,30%,0.7,1.3,30.0,10,What are risk factors for cancer?,1.0,1.0,0.8667,2.164,0.000534,10,22819
8,D,Combined,30%,0.7,1.3,30.0,10,How is ALS diagnosed?,0.9,0.9518,1.0,1.6094,0.010515,10,24044
8,D,Combined,50%,0.5,1.5,50.0,10,What are the symptoms of type 2 diabetes?,0.9,0.9491,0.8889,2.164,0.005583,10,24554
8,D,Combined,50%,0.5,1.5,50.0,10,How is hypertension treated?,0.9,0.9481,0.7778,1.8344,0.004901,10,24774
8,D,Combined,50%,0.5,1.5,50.0,10,What causes heart failure?,0.8,0.898,1.0,1.8867,0.004699,10,23495
8,D,Combined,50%,0.5,1.5,50.0,10,Describe the symptoms of lupus,1.0,1.0,0.9556,1.8344,0.009543,10,24213
8,D,Combined,50%,0.5,1.5,50.0,10,What medications treat depression?,1.0,0.9998,0.9556,2.164,0.005435,10,23894
8,D,Combined,50%,0.5,1.5,50.0,10,How does Alzheimer's disease progress?,1.0,1.0,0.9556,1.8344,0.011459,10,24419
8,D,Combined,50%,0.5,1.5,50.0,10,What are risk factors for stroke?,0.8,0.8695,0.8571,1.3592,0.005181,10,23610
8,D,Combined,50%,0.5,1.5,50.0,10,How is asthma managed long-term?,1.0,0.9999,0.9111,1.8344,0.004518,10,23124
8,D,Combined,50%,0.5,1.5,50.0,10,What are signs of kidney disease?,0.9,0.9485,0.8889,1.8867,0.004285,10,24818
8,D,Combined,50%,0.5,1.5,50.0,10,Describe rheumatoid arthritis treatment,0.9,0.9566,1.0,1.973,0.006667,10,23673
8,D,Combined,50%,0.5,1.5,50.0,10,What causes Parkinson's disease?,0.9,0.9577,1.0,2.0253,0.010606,10,23741
8,D,Combined,50%,0.5,1.5,50.0,10,How is multiple sclerosis diagnosed?,1.0,1.0,0.9556,1.973,0.00966,10,23593
8,D,Combined,50%,0.5,1.5,50.0,10,What are symptoms of anemia?,1.0,0.999,0.8667,2.0253,0.011181,10,23972
8,D,Combined,50%,0.5,1.5,50.0,10,How is hypothyroidism treated?,1.0,1.0,0.9111,1.8344,0.00923,10,24080
8,D,Combined,50%,0.5,1.5,50.0,10,What causes chronic pain?,0.9,0.9413,0.8333,2.0253,0.000763,10,23210
8,D,Combined,50%,0.5,1.5,50.0,10,Describe COPD management,1.0,0.9998,0.9556,0.9404,0.016332,9,22594
8,D,Combined,50%,0.5,1.5,50.0,10,What are signs of liver disease?,1.0,0.9999,0.9111,2.0253,0.001194,10,22810
8,D,Combined,50%,0.5,1.5,50.0,10,How is epilepsy treated?,1.0,0.9995,0.9111,1.3592,0.012137,10,22435
8,D,Combined,50%,0.5,1.5,50.0,10,What causes osteoporosis?,1.0,0.9968,0.9111,1.7481,0.010225,10,25475
8,D,Combined,50%,0.5,1.5,50.0,10,Describe symptoms of anxiety disorder,1.0,0.9999,0.9111,1.6957,0.011138,10,21877
8,D,Combined,50%,0.5,1.5,50.0,10,What medications are used for HIV/AIDS?,1.0,1.0,0.9556,1.4979,0.006621,10,22405
8,D,Combined,50%,0.5,1.5,50.0,10,How is pneumonia diagnosed?,1.0,0.9999,0.9111,1.6094,0.00498,10,25669
8,D,Combined,50%,0.5,1.5,50.0,10,What causes inflammatory bowel disease?,1.0,0.9985,0.8667,1.8344,0.001156,10,22251
8,D,Combined,50%,0.5,1.5,50.0,10,Describe treatment for chronic kidney disease,0.9,0.9568,0.8333,1.4708,0.011721,10,22532
8,D,Combined,50%,0.5,1.5,50.0,10,What are symptoms of schizophrenia?,0.9,0.9486,0.7778,1.5048,0.007023,10,25566
8,D,Combined,50%,0.5,1.5,50.0,10,How is bipolar disorder managed?,1.0,0.9993,0.9111,1.8344,0.011738,10,24979
8,D,Combined,50%,0.5,1.5,50.0,10,What causes psoriasis?,1.0,0.9996,0.7778,1.6434,0.010758,10,25354
8,D,Combined,50%,0.5,1.5,50.0,10,Describe sepsis treatment,1.0,0.9999,0.9111,1.6434,0.011998,9,24966
8,D,Combined,50%,0.5,1.5,50.0,10,What are risk factors for cancer?,1.0,0.9992,0.6889,2.164,0.000227,10,25704
8,D,Combined,50%,0.5,1.5,50.0,10,How is ALS diagnosed?,1.0,0.9999,0.9111,1.8344,0.007284,10,18536
8,D,Combined,70%,0.3,1.7,70.0,10,What are the symptoms of type 2 diabetes?,1.0,0.9997,0.9556,1.8344,0.003841,10,24776
8,D,Combined,70%,0.3,1.7,70.0,10,How is hypertension treated?,0.8,0.9012,1.0,1.8344,0.003192,10,23883
8,D,Combined,70%,0.3,1.7,70.0,10,What causes heart failure?,1.0,0.9999,0.9556,2.164,0.00311,10,23542
8,D,Combined,70%,0.3,1.7,70.0,10,Describe the symptoms of lupus,0.8,0.905,1.0,1.8344,0.006511,10,24325
8,D,Combined,70%,0.3,1.7,70.0,10,What medications treat depression?,1.0,0.9998,0.9556,2.164,0.003362,10,25342
8,D,Combined,70%,0.3,1.7,70.0,10,How does Alzheimer's disease progress?,1.0,0.9998,0.8667,1.8344,0.007582,10,24095
8,D,Combined,70%,0.3,1.7,70.0,10,What are risk factors for stroke?,0.7,0.8059,0.7143,1.3592,0.003388,10,24079
8,D,Combined,70%,0.3,1.7,70.0,10,How is asthma managed long-term?,1.0,1.0,0.9556,1.8344,0.003032,10,24215
8,D,Combined,70%,0.3,1.7,70.0,10,What are signs of kidney disease?,1.0,0.9999,0.8667,1.6094,0.003635,10,24951
8,D,Combined,70%,0.3,1.7,70.0,10,Describe rheumatoid arthritis treatment,1.0,1.0,1.0,1.8344,0.005752,10,26635
8,D,Combined,70%,0.3,1.7,70.0,10,What causes Parkinson's disease?,1.0,1.0,1.0,2.0253,0.006777,10,26957
8,D,Combined,70%,0.3,1.7,70.0,10,How is multiple sclerosis diagnosed?,0.9,0.9565,1.0,2.164,0.005576,10,24078
8,D,Combined,70%,0.3,1.7,70.0,10,What are symptoms of anemia?,1.0,0.9998,0.9556,1.6957,0.008891,10,24041
8,D,Combined,70%,0.3,1.7,70.0,10,How is hypothyroidism treated?,0.9,0.9574,1.0,1.6434,0.005697,10,25270
8,D,Combined,70%,0.3,1.7,70.0,10,What causes chronic pain?,0.9,0.9426,0.9444,2.3026,0.000428,10,24920
8,D,Combined,70%,0.3,1.7,70.0,10,Describe COPD management,1.0,1.0,0.9111,1.0889,0.010456,10,24367
8,D,Combined,70%,0.3,1.7,70.0,10,What are signs of liver disease?,1.0,0.9994,0.9111,2.0253,0.000966,10,24368
8,D,Combined,70%,0.3,1.7,70.0,10,How is epilepsy treated?,1.0,0.9995,0.8222,1.3592,0.007786,10,24305
8,D,Combined,70%,0.3,1.7,70.0,10,What causes osteoporosis?,1.0,1.0,0.9556,1.8344,0.005312,10,24782
8,D,Combined,70%,0.3,1.7,70.0,10,Describe symptoms of anxiety disorder,1.0,0.9998,0.8222,1.6094,0.006796,10,23654
8,D,Combined,70%,0.3,1.7,70.0,10,What medications are used for HIV/AIDS?,1.0,0.9999,0.8222,1.7481,0.004141,10,24272
8,D,Combined,70%,0.3,1.7,70.0,10,How is pneumonia diagnosed?,0.9,0.9345,0.9444,1.6094,0.00336,10,24842
8,D,Combined,70%,0.3,1.7,70.0,10,What causes inflammatory bowel disease?,0.9,0.9464,0.8889,2.164,0.000764,10,27297
8,D,Combined,70%,0.3,1.7,70.0,10,Describe treatment for chronic kidney disease,0.9,0.9539,0.9444,1.6094,0.008641,10,26543
8,D,Combined,70%,0.3,1.7,70.0,10,What are symptoms of schizophrenia?,0.8,0.8895,0.7143,1.4185,0.005322,10,24568
8,D,Combined,70%,0.3,1.7,70.0,10,How is bipolar disorder managed?,1.0,1.0,0.8222,1.2799,0.007382,10,24714
8,D,Combined,70%,0.3,1.7,70.0,10,What causes psoriasis?,0.9,0.9495,0.8333,1.3592,0.007573,10,24588
8,D,Combined,70%,0.3,1.7,70.0,10,Describe sepsis treatment,1.0,1.0,1.0,1.6434,0.008189,10,23950
8,D,Combined,70%,0.3,1.7,70.0,10,What are risk factors for cancer?,1.0,0.9959,0.4222,2.164,0.000191,10,23887
8,D,Combined,70%,0.3,1.7,70.0,10,How is ALS diagnosed?,0.9,0.9517,0.8889,1.6094,0.004761,10,23593
8,D,RomeCombined,1%,0.99,1.01,1.0,10,What are the symptoms of type 2 diabetes?,1.0,1.0,1.0,2.164,0.00789,10,25357
8,D,RomeCombined,1%,0.99,1.01,1.0,10,How is hypertension treated?,1.0,1.0,1.0,1.6094,0.007053,10,24233
8,D,RomeCombined,1%,0.99,1.01,1.0,10,What causes heart failure?,1.0,1.0,1.0,2.0253,0.006801,10,24529
8,D,RomeCombined,1%,0.99,1.01,1.0,10,Describe the symptoms of lupus,1.0,1.0,1.0,2.0253,0.014655,10,25303
8,D,RomeCombined,1%,0.99,1.01,1.0,10,What medications treat depression?,1.0,1.0,1.0,2.164,0.0081,10,24895
8,D,RomeCombined,1%,0.99,1.01,1.0,10,How does Alzheimer's disease progress?,1.0,1.0,1.0,1.973,0.015876,10,25281
8,D,RomeCombined,1%,0.99,1.01,1.0,10,What are risk factors for stroke?,1.0,1.0,1.0,1.3592,0.007747,10,24647
8,D,RomeCombined,1%,0.99,1.01,1.0,10,How is asthma managed long-term?,1.0,1.0,1.0,2.164,0.0067,10,25146
8,D,RomeCombined,1%,0.99,1.01,1.0,10,What are signs of kidney disease?,1.0,1.0,1.0,1.8344,0.00666,10,25334
8,D,RomeCombined,1%,0.99,1.01,1.0,10,Describe rheumatoid arthritis treatment,1.0,1.0,1.0,1.8344,0.009154,10,25345
8,D,RomeCombined,1%,0.99,1.01,1.0,10,What causes Parkinson's disease?,1.0,1.0,1.0,1.973,0.01516,10,24163
8,D,RomeCombined,1%,0.99,1.01,1.0,10,How is multiple sclerosis diagnosed?,1.0,1.0,1.0,1.8344,0.014346,10,24528
8,D,RomeCombined,1%,0.99,1.01,1.0,10,What are symptoms of anemia?,1.0,1.0,1.0,1.6957,0.018139,10,24348
8,D,RomeCombined,1%,0.99,1.01,1.0,10,How is hypothyroidism treated?,1.0,1.0,1.0,1.5048,0.014428,10,25938
8,D,RomeCombined,1%,0.99,1.01,1.0,10,What causes chronic pain?,1.0,1.0,1.0,2.164,0.000762,10,26794
8,D,RomeCombined,1%,0.99,1.01,1.0,10,Describe COPD management,1.0,1.0,1.0,1.2206,0.024932,10,23099
8,D,RomeCombined,1%,0.99,1.01,1.0,10,What are signs of liver disease?,1.0,1.0,1.0,2.0253,0.001765,10,24543
8,D,RomeCombined,1%,0.99,1.01,1.0,10,How is epilepsy treated?,1.0,1.0,1.0,1.3592,0.017436,10,26378
8,D,RomeCombined,1%,0.99,1.01,1.0,10,What causes osteoporosis?,1.0,1.0,1.0,1.8344,0.014124,10,25036
8,D,RomeCombined,1%,0.99,1.01,1.0,10,Describe symptoms of anxiety disorder,1.0,1.0,1.0,1.6094,0.0139,10,24284
8,D,RomeCombined,1%,0.99,1.01,1.0,10,What medications are used for HIV/AIDS?,1.0,1.0,1.0,1.4979,0.009638,10,27221
8,D,RomeCombined,1%,0.99,1.01,1.0,10,How is pneumonia diagnosed?,1.0,1.0,1.0,1.8344,0.007208,10,25725
8,D,RomeCombined,1%,0.99,1.01,1.0,10,What causes inflammatory bowel disease?,1.0,1.0,0.9556,2.164,0.001508,10,25458
8,D,RomeCombined,1%,0.99,1.01,1.0,10,Describe treatment for chronic kidney disease,1.0,1.0,1.0,1.3592,0.016599,10,25820
8,D,RomeCombined,1%,0.99,1.01,1.0,10,What are symptoms of schizophrenia?,1.0,1.0,1.0,1.6094,0.010806,10,25369
8,D,RomeCombined,1%,0.99,1.01,1.0,10,How is bipolar disorder managed?,1.0,1.0,0.9556,1.2799,0.016124,9,25169
8,D,RomeCombined,1%,0.99,1.01,1.0,10,What causes psoriasis?,1.0,1.0,1.0,1.6094,0.016099,10,24586
8,D,RomeCombined,1%,0.99,1.01,1.0,10,Describe sepsis treatment,1.0,1.0,1.0,1.6434,0.017402,10,25854
8,D,RomeCombined,1%,0.99,1.01,1.0,10,What are risk factors for cancer?,1.0,1.0,1.0,2.0253,0.000537,10,25532
8,D,RomeCombined,1%,0.99,1.01,1.0,10,How is ALS diagnosed?,1.0,1.0,1.0,1.6094,0.011341,10,24329
8,D,RomeCombined,5%,0.95,1.05,5.0,10,What are the symptoms of type 2 diabetes?,1.0,1.0,1.0,2.0253,0.007832,10,24755
8,D,RomeCombined,5%,0.95,1.05,5.0,10,How is hypertension treated?,1.0,1.0,1.0,1.6094,0.007038,10,24367
8,D,RomeCombined,5%,0.95,1.05,5.0,10,What causes heart failure?,1.0,1.0,1.0,2.0253,0.006775,10,24849
8,D,RomeCombined,5%,0.95,1.05,5.0,10,Describe the symptoms of lupus,1.0,1.0,1.0,1.8867,0.014823,10,25777
8,D,RomeCombined,5%,0.95,1.05,5.0,10,What medications treat depression?,1.0,1.0,1.0,2.164,0.008113,10,24727
8,D,RomeCombined,5%,0.95,1.05,5.0,10,How does Alzheimer's disease progress?,1.0,1.0,1.0,1.973,0.015919,10,28810
8,D,RomeCombined,5%,0.95,1.05,5.0,10,What are risk factors for stroke?,1.0,1.0,1.0,1.3592,0.007672,10,24479
8,D,RomeCombined,5%,0.95,1.05,5.0,10,How is asthma managed long-term?,1.0,1.0,1.0,2.0253,0.00663,10,25251
8,D,RomeCombined,5%,0.95,1.05,5.0,10,What are signs of kidney disease?,1.0,1.0,1.0,1.8344,0.006655,10,24667
8,D,RomeCombined,5%,0.95,1.05,5.0,10,Describe rheumatoid arthritis treatment,1.0,1.0,1.0,1.8344,0.009114,10,24921
8,D,RomeCombined,5%,0.95,1.05,5.0,10,What causes Parkinson's disease?,1.0,1.0,1.0,1.973,0.015098,10,25229
8,D,RomeCombined,5%,0.95,1.05,5.0,10,How is multiple sclerosis diagnosed?,1.0,1.0,1.0,1.8344,0.014225,10,25393
8,D,RomeCombined,5%,0.95,1.05,5.0,10,What are symptoms of anemia?,1.0,1.0,1.0,1.6957,0.017959,10,25408
8,D,RomeCombined,5%,0.95,1.05,5.0,10,How is hypothyroidism treated?,1.0,0.9999,0.9556,1.5048,0.014279,10,26030
8,D,RomeCombined,5%,0.95,1.05,5.0,10,What causes chronic pain?,1.0,1.0,0.9556,2.164,0.000767,10,25709
8,D,RomeCombined,5%,0.95,1.05,5.0,10,Describe COPD management,1.0,1.0,1.0,1.2206,0.024825,10,25502
8,D,RomeCombined,5%,0.95,1.05,5.0,10,What are signs of liver disease?,1.0,1.0,1.0,2.0253,0.001747,10,28054
8,D,RomeCombined,5%,0.95,1.05,5.0,10,How is epilepsy treated?,1.0,1.0,1.0,1.3592,0.017404,10,24807
8,D,RomeCombined,5%,0.95,1.05,5.0,10,What causes osteoporosis?,1.0,1.0,0.9556,1.8867,0.014016,10,24604
8,D,RomeCombined,5%,0.95,1.05,5.0,10,Describe symptoms of anxiety disorder,1.0,1.0,1.0,1.6094,0.013785,10,24870
8,D,RomeCombined,5%,0.95,1.05,5.0,10,What medications are used for HIV/AIDS?,1.0,1.0,1.0,1.4979,0.009612,10,25359
8,D,RomeCombined,5%,0.95,1.05,5.0,10,How is pneumonia diagnosed?,1.0,1.0,1.0,1.6957,0.007224,9,24907
8,D,RomeCombined,5%,0.95,1.05,5.0,10,What causes inflammatory bowel disease?,1.0,1.0,0.9556,2.164,0.001524,10,24488
8,D,RomeCombined,5%,0.95,1.05,5.0,10,Describe treatment for chronic kidney disease,1.0,1.0,1.0,1.3592,0.016644,10,24687
8,D,RomeCombined,5%,0.95,1.05,5.0,10,What are symptoms of schizophrenia?,1.0,1.0,1.0,1.6957,0.010677,10,25795
8,D,RomeCombined,5%,0.95,1.05,5.0,10,How is bipolar disorder managed?,1.0,1.0,0.9556,1.4708,0.016108,10,24885
8,D,RomeCombined,5%,0.95,1.05,5.0,10,What causes psoriasis?,1.0,1.0,0.9556,1.6094,0.015977,9,25085
8,D,RomeCombined,5%,0.95,1.05,5.0,10,Describe sepsis treatment,1.0,1.0,1.0,1.6434,0.01754,10,24349
8,D,RomeCombined,5%,0.95,1.05,5.0,10,What are risk factors for cancer?,1.0,1.0,0.9556,1.973,0.000519,10,24364
8,D,RomeCombined,5%,0.95,1.05,5.0,10,How is ALS diagnosed?,1.0,1.0,1.0,1.6094,0.011286,10,23698
8,D,RomeCombined,10%,0.9,1.1,10.0,10,What are the symptoms of type 2 diabetes?,1.0,1.0,0.9556,2.0253,0.007857,10,26022
8,D,RomeCombined,10%,0.9,1.1,10.0,10,How is hypertension treated?,1.0,1.0,0.9556,1.6094,0.007005,10,25251
8,D,RomeCombined,10%,0.9,1.1,10.0,10,What causes heart failure?,1.0,1.0,1.0,2.164,0.006773,10,25062
8,D,RomeCombined,10%,0.9,1.1,10.0,10,Describe the symptoms of lupus,1.0,1.0,1.0,1.8867,0.014817,10,24169
8,D,RomeCombined,10%,0.9,1.1,10.0,10,What medications treat depression?,1.0,1.0,1.0,2.164,0.007817,10,24212
8,D,RomeCombined,10%,0.9,1.1,10.0,10,How does Alzheimer's disease progress?,1.0,1.0,1.0,1.973,0.015563,10,24600
8,D,RomeCombined,10%,0.9,1.1,10.0,10,What are risk factors for stroke?,1.0,1.0,0.9556,1.3592,0.007604,10,24906
8,D,RomeCombined,10%,0.9,1.1,10.0,10,How is asthma managed long-term?,1.0,1.0,1.0,2.0253,0.006661,10,25196
8,D,RomeCombined,10%,0.9,1.1,10.0,10,What are signs of kidney disease?,1.0,1.0,1.0,1.8344,0.006631,10,25235
8,D,RomeCombined,10%,0.9,1.1,10.0,10,Describe rheumatoid arthritis treatment,1.0,1.0,1.0,1.8344,0.009166,10,24367
8,D,RomeCombined,10%,0.9,1.1,10.0,10,What causes Parkinson's disease?,1.0,1.0,1.0,1.973,0.014901,10,25130
8,D,RomeCombined,10%,0.9,1.1,10.0,10,How is multiple sclerosis diagnosed?,1.0,1.0,1.0,1.8344,0.01423,10,25444
8,D,RomeCombined,10%,0.9,1.1,10.0,10,What are symptoms of anemia?,1.0,1.0,0.9556,1.6957,0.017614,10,23956
8,D,RomeCombined,10%,0.9,1.1,10.0,10,How is hypothyroidism treated?,1.0,1.0,1.0,1.5048,0.014241,10,25114
8,D,RomeCombined,10%,0.9,1.1,10.0,10,What causes chronic pain?,0.9,0.9426,1.0,2.164,0.000786,10,25799
8,D,RomeCombined,10%,0.9,1.1,10.0,10,Describe COPD management,1.0,1.0,1.0,1.2206,0.024627,10,24075
8,D,RomeCombined,10%,0.9,1.1,10.0,10,What are signs of liver disease?,1.0,1.0,1.0,2.0253,0.001814,10,24116
8,D,RomeCombined,10%,0.9,1.1,10.0,10,How is epilepsy treated?,1.0,1.0,1.0,1.3592,0.017133,10,26223
8,D,RomeCombined,10%,0.9,1.1,10.0,10,What causes osteoporosis?,1.0,1.0,1.0,1.8344,0.013797,10,26936
8,D,RomeCombined,10%,0.9,1.1,10.0,10,Describe symptoms of anxiety disorder,1.0,1.0,0.9556,1.6434,0.013761,10,28778
8,D,RomeCombined,10%,0.9,1.1,10.0,10,What medications are used for HIV/AIDS?,1.0,1.0,1.0,1.4979,0.009547,10,24368
8,D,RomeCombined,10%,0.9,1.1,10.0,10,How is pneumonia diagnosed?,1.0,1.0,0.9556,1.6094,0.00703,10,25979
8,D,RomeCombined,10%,0.9,1.1,10.0,10,What causes inflammatory bowel disease?,1.0,1.0,1.0,2.164,0.001513,10,24497
8,D,RomeCombined,10%,0.9,1.1,10.0,10,Describe treatment for chronic kidney disease,1.0,1.0,1.0,1.3592,0.016228,10,24917
8,D,RomeCombined,10%,0.9,1.1,10.0,10,What are symptoms of schizophrenia?,1.0,1.0,0.9556,1.4708,0.01041,10,24301
8,D,RomeCombined,10%,0.9,1.1,10.0,10,How is bipolar disorder managed?,1.0,1.0,0.9556,1.4708,0.015894,10,24337
8,D,RomeCombined,10%,0.9,1.1,10.0,10,What causes psoriasis?,1.0,1.0,0.9556,1.6094,0.015669,10,25926
8,D,RomeCombined,10%,0.9,1.1,10.0,10,Describe sepsis treatment,1.0,1.0,0.9556,1.6434,0.017215,10,24369
8,D,RomeCombined,10%,0.9,1.1,10.0,10,What are risk factors for cancer?,1.0,1.0,0.8667,2.0253,0.000563,10,25108
8,D,RomeCombined,10%,0.9,1.1,10.0,10,How is ALS diagnosed?,1.0,1.0,1.0,1.6094,0.011233,10,26053
8,D,RomeCombined,20%,0.8,1.2,20.0,10,What are the symptoms of type 2 diabetes?,0.9,0.9513,1.0,2.0253,0.00751,10,25745
8,D,RomeCombined,20%,0.8,1.2,20.0,10,How is hypertension treated?,1.0,1.0,0.9556,1.8344,0.006766,10,26227
8,D,RomeCombined,20%,0.8,1.2,20.0,10,What causes heart failure?,0.9,0.9501,1.0,2.0253,0.006185,10,24761
8,D,RomeCombined,20%,0.8,1.2,20.0,10,Describe the symptoms of lupus,1.0,1.0,1.0,1.8867,0.014067,10,25090
8,D,RomeCombined,20%,0.8,1.2,20.0,10,What medications treat depression?,1.0,1.0,1.0,2.164,0.007606,10,23694
8,D,RomeCombined,20%,0.8,1.2,20.0,10,How does Alzheimer's disease progress?,1.0,1.0,0.9556,1.973,0.01537,10,25215
8,D,RomeCombined,20%,0.8,1.2,20.0,10,What are risk factors for stroke?,1.0,1.0,1.0,1.4979,0.00726,10,25051
8,D,RomeCombined,20%,0.8,1.2,20.0,10,How is asthma managed long-term?,1.0,1.0,1.0,2.0253,0.006372,10,24970
8,D,RomeCombined,20%,0.8,1.2,20.0,10,What are signs of kidney disease?,1.0,1.0,0.9556,1.8344,0.006185,10,24831
8,D,RomeCombined,20%,0.8,1.2,20.0,10,Describe rheumatoid arthritis treatment,1.0,1.0,1.0,1.8344,0.008886,10,25104
8,D,RomeCombined,20%,0.8,1.2,20.0,10,What causes Parkinson's disease?,1.0,1.0,0.9556,1.973,0.0141,10,23627
8,D,RomeCombined,20%,0.8,1.2,20.0,10,How is multiple sclerosis diagnosed?,1.0,1.0,1.0,1.8344,0.013511,10,28399
8,D,RomeCombined,20%,0.8,1.2,20.0,10,What are symptoms of anemia?,1.0,1.0,0.9556,1.6957,0.01672,10,24925
8,D,RomeCombined,20%,0.8,1.2,20.0,10,How is hypothyroidism treated?,1.0,0.9999,0.9111,1.5048,0.013758,10,25267
8,D,RomeCombined,20%,0.8,1.2,20.0,10,What causes chronic pain?,1.0,1.0,0.9111,2.0253,0.00077,10,25466
8,D,RomeCombined,20%,0.8,1.2,20.0,10,Describe COPD management,0.9,0.9606,1.0,1.3592,0.023515,10,24719
8,D,RomeCombined,20%,0.8,1.2,20.0,10,What are signs of liver disease?,0.9,0.9459,0.8889,2.0253,0.001471,10,24085
8,D,RomeCombined,20%,0.8,1.2,20.0,10,How is epilepsy treated?,1.0,0.9995,0.9111,1.3592,0.016392,10,24786
8,D,RomeCombined,20%,0.8,1.2,20.0,10,What causes osteoporosis?,1.0,1.0,0.9556,1.8344,0.013437,10,25232
8,D,RomeCombined,20%,0.8,1.2,20.0,10,Describe symptoms of anxiety disorder,1.0,0.9999,0.8667,1.4708,0.012696,10,24213
8,D,RomeCombined,20%,0.8,1.2,20.0,10,What medications are used for HIV/AIDS?,1.0,1.0,0.9556,1.4979,0.009462,10,25268
8,D,RomeCombined,20%,0.8,1.2,20.0,10,How is pneumonia diagnosed?,1.0,1.0,1.0,1.8344,0.006726,10,25002
8,D,RomeCombined,20%,0.8,1.2,20.0,10,What causes inflammatory bowel disease?,1.0,1.0,0.9556,2.0253,0.001478,10,24683
8,D,RomeCombined,20%,0.8,1.2,20.0,10,Describe treatment for chronic kidney disease,1.0,1.0,0.9556,1.3592,0.015878,10,24748
8,D,RomeCombined,20%,0.8,1.2,20.0,10,What are symptoms of schizophrenia?,1.0,1.0,0.9556,1.5048,0.010158,10,24238
8,D,RomeCombined,20%,0.8,1.2,20.0,10,How is bipolar disorder managed?,1.0,1.0,0.9556,1.2799,0.015068,10,23239
8,D,RomeCombined,20%,0.8,1.2,20.0,10,What causes psoriasis?,1.0,1.0,1.0,1.6094,0.014802,10,23374
8,D,RomeCombined,20%,0.8,1.2,20.0,10,Describe sepsis treatment,1.0,1.0,0.9556,1.6434,0.015881,8,22811
8,D,RomeCombined,20%,0.8,1.2,20.0,10,What are risk factors for cancer?,1.0,0.9999,0.8667,2.0253,0.00051,10,23055
8,D,RomeCombined,20%,0.8,1.2,20.0,10,How is ALS diagnosed?,1.0,1.0,1.0,1.6094,0.010848,10,23617
8,D,RomeCombined,30%,0.7,1.3,30.0,10,What are the symptoms of type 2 diabetes?,1.0,1.0,1.0,2.0253,0.006644,10,25461
8,D,RomeCombined,30%,0.7,1.3,30.0,10,How is hypertension treated?,1.0,1.0,1.0,1.6094,0.006084,10,24741
8,D,RomeCombined,30%,0.7,1.3,30.0,10,What causes heart failure?,1.0,1.0,0.9556,2.164,0.005897,10,24532
8,D,RomeCombined,30%,0.7,1.3,30.0,10,Describe the symptoms of lupus,0.9,0.9541,1.0,2.164,0.013404,10,24931
8,D,RomeCombined,30%,0.7,1.3,30.0,10,What medications treat depression?,1.0,0.9999,0.9556,2.0253,0.006471,10,25188
8,D,RomeCombined,30%,0.7,1.3,30.0,10,How does Alzheimer's disease progress?,1.0,1.0,0.9111,1.973,0.013683,10,25309
8,D,RomeCombined,30%,0.7,1.3,30.0,10,What are risk factors for stroke?,0.9,0.946,0.9444,1.3592,0.006844,10,25612
8,D,RomeCombined,30%,0.7,1.3,30.0,10,How is asthma managed long-term?,1.0,1.0,1.0,2.164,0.005904,10,25030
8,D,RomeCombined,30%,0.7,1.3,30.0,10,What are signs of kidney disease?,1.0,1.0,1.0,1.8344,0.005973,10,24715
8,D,RomeCombined,30%,0.7,1.3,30.0,10,Describe rheumatoid arthritis treatment,1.0,0.9999,0.9556,1.973,0.00787,10,24805
8,D,RomeCombined,30%,0.7,1.3,30.0,10,What causes Parkinson's disease?,1.0,1.0,1.0,1.973,0.01359,10,25068
8,D,RomeCombined,30%,0.7,1.3,30.0,10,How is multiple sclerosis diagnosed?,1.0,1.0,1.0,2.0253,0.012316,10,26313
8,D,RomeCombined,30%,0.7,1.3,30.0,10,What are symptoms of anemia?,1.0,1.0,0.9556,1.8344,0.015588,10,24948
8,D,RomeCombined,30%,0.7,1.3,30.0,10,How is hypothyroidism treated?,1.0,1.0,1.0,1.5048,0.013318,10,25082
8,D,RomeCombined,30%,0.7,1.3,30.0,10,What causes chronic pain?,1.0,1.0,1.0,1.6434,0.000748,10,27403
8,D,RomeCombined,30%,0.7,1.3,30.0,10,Describe COPD management,1.0,1.0,0.9556,1.2206,0.021575,10,24610
8,D,RomeCombined,30%,0.7,1.3,30.0,10,What are signs of liver disease?,1.0,0.9994,0.9111,1.8344,0.00152,10,25504
8,D,RomeCombined,30%,0.7,1.3,30.0,10,How is epilepsy treated?,1.0,0.9995,0.9111,1.3592,0.015518,10,25236
8,D,RomeCombined,30%,0.7,1.3,30.0,10,What causes osteoporosis?,1.0,0.9999,0.9111,1.6957,0.012173,10,25029
8,D,RomeCombined,30%,0.7,1.3,30.0,10,Describe symptoms of anxiety disorder,1.0,0.9999,0.9111,1.5048,0.012595,10,24432
8,D,RomeCombined,30%,0.7,1.3,30.0,10,What medications are used for HIV/AIDS?,1.0,1.0,0.9556,1.4979,0.008505,10,24710
8,D,RomeCombined,30%,0.7,1.3,30.0,10,How is pneumonia diagnosed?,0.9,0.9451,1.0,1.6957,0.006354,10,24057
8,D,RomeCombined,30%,0.7,1.3,30.0,10,What causes inflammatory bowel disease?,1.0,0.9997,0.8222,1.8344,0.001273,10,26883
8,D,RomeCombined,30%,0.7,1.3,30.0,10,Describe treatment for chronic kidney disease,1.0,1.0,0.9556,1.3592,0.014218,10,25829
8,D,RomeCombined,30%,0.7,1.3,30.0,10,What are symptoms of schizophrenia?,1.0,0.9997,0.7778,1.5048,0.009525,10,25238
8,D,RomeCombined,30%,0.7,1.3,30.0,10,How is bipolar disorder managed?,1.0,0.9993,0.9111,1.2799,0.01414,10,25185
8,D,RomeCombined,30%,0.7,1.3,30.0,10,What causes psoriasis?,1.0,1.0,1.0,1.6957,0.014357,10,25198
8,D,RomeCombined,30%,0.7,1.3,30.0,10,Describe sepsis treatment,1.0,0.9999,0.9111,1.6434,0.015119,10,23807
8,D,RomeCombined,30%,0.7,1.3,30.0,10,What are risk factors for cancer?,1.0,0.9999,0.8222,1.973,0.000537,10,25017
8,D,RomeCombined,30%,0.7,1.3,30.0,10,How is ALS diagnosed?,1.0,1.0,0.9556,1.6094,0.009901,10,24935
8,D,RomeCombined,50%,0.5,1.5,50.0,10,What are the symptoms of type 2 diabetes?,0.9,0.9491,0.8889,1.8344,0.005306,10,25844
8,D,RomeCombined,50%,0.5,1.5,50.0,10,How is hypertension treated?,1.0,0.9997,0.8222,1.8867,0.00522,10,25022
8,D,RomeCombined,50%,0.5,1.5,50.0,10,What causes heart failure?,0.9,0.9498,0.8889,2.0253,0.004778,10,24468
8,D,RomeCombined,50%,0.5,1.5,50.0,10,Describe the symptoms of lupus,1.0,1.0,1.0,1.8867,0.010337,10,25313
8,D,RomeCombined,50%,0.5,1.5,50.0,10,What medications treat depression?,1.0,0.9998,0.9556,2.0253,0.005377,10,24797
8,D,RomeCombined,50%,0.5,1.5,50.0,10,How does Alzheimer's disease progress?,1.0,1.0,0.9111,1.8344,0.010787,10,25277
8,D,RomeCombined,50%,0.5,1.5,50.0,10,What are risk factors for stroke?,0.9,0.9438,0.6111,1.1935,0.005058,9,25854
8,D,RomeCombined,50%,0.5,1.5,50.0,10,How is asthma managed long-term?,1.0,1.0,0.9556,1.973,0.004891,10,25284
8,D,RomeCombined,50%,0.5,1.5,50.0,10,What are signs of kidney disease?,1.0,0.9998,0.9111,1.6094,0.004221,10,25558
8,D,RomeCombined,50%,0.5,1.5,50.0,10,Describe rheumatoid arthritis treatment,0.9,0.9566,1.0,1.8344,0.006596,10,25423
8,D,RomeCombined,50%,0.5,1.5,50.0,10,What causes Parkinson's disease?,1.0,1.0,1.0,2.164,0.010915,10,24761
8,D,RomeCombined,50%,0.5,1.5,50.0,10,How is multiple sclerosis diagnosed?,0.9,0.9542,1.0,1.8344,0.010065,10,24846
8,D,RomeCombined,50%,0.5,1.5,50.0,10,What are symptoms of anemia?,1.0,1.0,0.9556,1.5571,0.011662,10,25170
8,D,RomeCombined,50%,0.5,1.5,50.0,10,How is hypothyroidism treated?,1.0,1.0,0.9111,1.6957,0.010021,10,24936
8,D,RomeCombined,50%,0.5,1.5,50.0,10,What causes chronic pain?,1.0,0.9999,0.9111,2.0253,0.000675,10,25277
8,D,RomeCombined,50%,0.5,1.5,50.0,10,Describe COPD management,1.0,1.0,0.9556,1.0889,0.017062,9,24706
8,D,RomeCombined,50%,0.5,1.5,50.0,10,What are signs of liver disease?,0.9,0.9463,1.0,2.0253,0.001093,10,26198
8,D,RomeCombined,50%,0.5,1.5,50.0,10,How is epilepsy treated?,0.9,0.9613,1.0,1.6094,0.012621,10,26245
8,D,RomeCombined,50%,0.5,1.5,50.0,10,What causes osteoporosis?,1.0,0.9999,0.9111,1.6434,0.009978,10,25436
8,D,RomeCombined,50%,0.5,1.5,50.0,10,Describe symptoms of anxiety disorder,0.9,0.9506,0.9444,1.6094,0.010321,10,24833
8,D,RomeCombined,50%,0.5,1.5,50.0,10,What medications are used for HIV/AIDS?,1.0,1.0,1.0,1.4979,0.007212,10,25789
8,D,RomeCombined,50%,0.5,1.5,50.0,10,How is pneumonia diagnosed?,0.9,0.945,1.0,1.6094,0.005794,10,25071
8,D,RomeCombined,50%,0.5,1.5,50.0,10,What causes inflammatory bowel disease?,1.0,0.9999,0.8667,2.164,0.001053,9,24699
8,D,RomeCombined,50%,0.5,1.5,50.0,10,Describe treatment for chronic kidney disease,0.9,0.9552,1.0,1.4708,0.011331,10,25624
8,D,RomeCombined,50%,0.5,1.5,50.0,10,What are symptoms of schizophrenia?,0.9,0.9491,1.0,1.7481,0.007554,10,25107
8,D,RomeCombined,50%,0.5,1.5,50.0,10,How is bipolar disorder managed?,1.0,0.9993,0.8222,1.7481,0.012357,10,24380
8,D,RomeCombined,50%,0.5,1.5,50.0,10,What causes psoriasis?,1.0,1.0,0.9556,1.6434,0.010544,10,24069
8,D,RomeCombined,50%,0.5,1.5,50.0,10,Describe sepsis treatment,1.0,1.0,0.9556,1.8344,0.013055,10,24726
8,D,RomeCombined,50%,0.5,1.5,50.0,10,What are risk factors for cancer?,1.0,1.0,0.9556,2.164,0.000324,10,25750
8,D,RomeCombined,50%,0.5,1.5,50.0,10,How is ALS diagnosed?,0.9,0.9518,0.9444,1.6957,0.008765,10,25283
8,D,RomeCombined,70%,0.3,1.7,70.0,10,What are the symptoms of type 2 diabetes?,1.0,0.9999,0.9556,2.164,0.004203,10,25803
8,D,RomeCombined,70%,0.3,1.7,70.0,10,How is hypertension treated?,0.8,0.9037,1.0,1.8344,0.003194,10,25369
8,D,RomeCombined,70%,0.3,1.7,70.0,10,What causes heart failure?,0.8,0.8978,0.9286,2.164,0.003158,10,23972
8,D,RomeCombined,70%,0.3,1.7,70.0,10,Describe the symptoms of lupus,0.9,0.9521,1.0,2.0253,0.00633,10,24593
8,D,RomeCombined,70%,0.3,1.7,70.0,10,What medications treat depression?,1.0,0.9998,0.9556,2.0253,0.003545,10,24431
8,D,RomeCombined,70%,0.3,1.7,70.0,10,How does Alzheimer's disease progress?,1.0,1.0,0.9556,1.8344,0.007108,10,25250
8,D,RomeCombined,70%,0.3,1.7,70.0,10,What are risk factors for stroke?,0.8,0.8832,0.9286,1.2275,0.003552,10,27485
8,D,RomeCombined,70%,0.3,1.7,70.0,10,How is asthma managed long-term?,1.0,1.0,0.9556,2.0253,0.003055,10,24414
8,D,RomeCombined,70%,0.3,1.7,70.0,10,What are signs of kidney disease?,1.0,0.9998,0.8222,2.0253,0.003087,10,25679
8,D,RomeCombined,70%,0.3,1.7,70.0,10,Describe rheumatoid arthritis treatment,0.9,0.9563,0.8333,2.0253,0.003847,10,24929
8,D,RomeCombined,70%,0.3,1.7,70.0,10,What causes Parkinson's disease?,1.0,1.0,0.9556,2.164,0.006335,10,26016
8,D,RomeCombined,70%,0.3,1.7,70.0,10,How is multiple sclerosis diagnosed?,1.0,0.9999,0.8667,1.8344,0.006002,10,24863
8,D,RomeCombined,70%,0.3,1.7,70.0,10,What are symptoms of anemia?,1.0,0.9999,0.9556,1.4708,0.010019,10,25504
8,D,RomeCombined,70%,0.3,1.7,70.0,10,How is hypothyroidism treated?,1.0,1.0,0.9556,2.0253,0.006934,10,24841
8,D,RomeCombined,70%,0.3,1.7,70.0,10,What causes chronic pain?,0.9,0.9381,0.7222,2.0253,0.000394,10,24310
8,D,RomeCombined,70%,0.3,1.7,70.0,10,Describe COPD management,1.0,1.0,0.9111,1.0889,0.012265,10,24544
8,D,RomeCombined,70%,0.3,1.7,70.0,10,What are signs of liver disease?,1.0,0.9999,0.9556,2.164,0.000937,10,25399
8,D,RomeCombined,70%,0.3,1.7,70.0,10,How is epilepsy treated?,0.9,0.9613,1.0,1.6094,0.008321,10,25325
8,D,RomeCombined,70%,0.3,1.7,70.0,10,What causes osteoporosis?,0.9,0.9509,0.8333,1.8344,0.00591,10,25245
8,D,RomeCombined,70%,0.3,1.7,70.0,10,Describe symptoms of anxiety disorder,1.0,0.9997,0.8222,1.5048,0.007809,10,24346
8,D,RomeCombined,70%,0.3,1.7,70.0,10,What medications are used for HIV/AIDS?,1.0,0.9999,0.9111,1.4979,0.004471,10,24946
8,D,RomeCombined,70%,0.3,1.7,70.0,10,How is pneumonia diagnosed?,0.9,0.9449,0.8889,1.6434,0.002729,10,24214
8,D,RomeCombined,70%,0.3,1.7,70.0,10,What causes inflammatory bowel disease?,1.0,0.9975,0.8222,2.0253,0.000559,10,24359
8,D,RomeCombined,70%,0.3,1.7,70.0,10,Describe treatment for chronic kidney disease,0.9,0.9493,0.8889,1.2275,0.008526,10,24530
8,D,RomeCombined,70%,0.3,1.7,70.0,10,What are symptoms of schizophrenia?,1.0,0.9992,0.7778,1.6957,0.005392,10,24197
8,D,RomeCombined,70%,0.3,1.7,70.0,10,How is bipolar disorder managed?,1.0,1.0,0.8667,1.4708,0.007184,10,24363
8,D,RomeCombined,70%,0.3,1.7,70.0,10,What causes psoriasis?,1.0,0.9999,0.8667,1.8344,0.006391,10,23230
8,D,RomeCombined,70%,0.3,1.7,70.0,10,Describe sepsis treatment,1.0,1.0,0.9111,1.8344,0.007898,10,22738
8,D,RomeCombined,70%,0.3,1.7,70.0,10,What are risk factors for cancer?,1.0,0.9995,0.7333,2.0253,0.00032,10,26530
8,D,RomeCombined,70%,0.3,1.7,70.0,10,How is ALS diagnosed?,0.8,0.8937,1.0,1.4979,0.005085,10,23274
8,D,CkksCombined,1%,0.99,1.01,1.0,10,What are the symptoms of type 2 diabetes?,1.0,1.0,1.0,2.164,0.007896,10,6119734
8,D,CkksCombined,1%,0.99,1.01,1.0,10,How is hypertension treated?,1.0,1.0,1.0,1.6094,0.007082,10,6097024
8,D,CkksCombined,1%,0.99,1.01,1.0,10,What causes heart failure?,1.0,1.0,1.0,2.0253,0.006822,10,6168837
8,D,CkksCombined,1%,0.99,1.01,1.0,10,Describe the symptoms of lupus,1.0,1.0,1.0,2.0253,0.014616,10,6080872
8,D,CkksCombined,1%,0.99,1.01,1.0,10,What medications treat depression?,1.0,1.0,1.0,2.164,0.008103,10,6102733
8,D,CkksCombined,1%,0.99,1.01,1.0,10,How does Alzheimer's disease progress?,1.0,1.0,1.0,1.973,0.015887,10,6108992
8,D,CkksCombined,1%,0.99,1.01,1.0,10,What are risk factors for stroke?,1.0,1.0,1.0,1.3592,0.007748,10,6118223
8,D,CkksCombined,1%,0.99,1.01,1.0,10,How is asthma managed long-term?,1.0,1.0,1.0,2.164,0.006686,10,6110008
8,D,CkksCombined,1%,0.99,1.01,1.0,10,What are signs of kidney disease?,1.0,1.0,1.0,1.8344,0.006639,10,6178231
8,D,CkksCombined,1%,0.99,1.01,1.0,10,Describe rheumatoid arthritis treatment,1.0,1.0,1.0,1.8344,0.009163,10,6108798
8,D,CkksCombined,1%,0.99,1.01,1.0,10,What causes Parkinson's disease?,1.0,1.0,1.0,1.973,0.015132,10,6110023
8,D,CkksCombined,1%,0.99,1.01,1.0,10,How is multiple sclerosis diagnosed?,1.0,1.0,1.0,1.8344,0.014331,10,6108351
8,D,CkksCombined,1%,0.99,1.01,1.0,10,What are symptoms of anemia?,1.0,1.0,1.0,1.6957,0.018155,10,6117774
8,D,CkksCombined,1%,0.99,1.01,1.0,10,How is hypothyroidism treated?,1.0,1.0,1.0,1.5048,0.014444,10,6146857
8,D,CkksCombined,1%,0.99,1.01,1.0,10,What causes chronic pain?,1.0,1.0,1.0,2.164,0.000763,10,6105371
8,D,CkksCombined,1%,0.99,1.01,1.0,10,Describe COPD management,1.0,1.0,1.0,1.2206,0.024912,10,6094098
8,D,CkksCombined,1%,0.99,1.01,1.0,10,What are signs of liver disease?,1.0,1.0,1.0,2.0253,0.001756,10,6100795
8,D,CkksCombined,1%,0.99,1.01,1.0,10,How is epilepsy treated?,1.0,1.0,1.0,1.3592,0.017419,10,6114509
8,D,CkksCombined,1%,0.99,1.01,1.0,10,What causes osteoporosis?,1.0,1.0,1.0,1.8344,0.014124,10,6100726
8,D,CkksCombined,1%,0.99,1.01,1.0,10,Describe symptoms of anxiety disorder,1.0,1.0,1.0,1.6094,0.013915,10,6090831
8,D,CkksCombined,1%,0.99,1.01,1.0,10,What medications are used for HIV/AIDS?,1.0,1.0,1.0,1.4979,0.00964,10,6102240
8,D,CkksCombined,1%,0.99,1.01,1.0,10,How is pneumonia diagnosed?,1.0,1.0,1.0,1.8344,0.007219,10,6127135
8,D,CkksCombined,1%,0.99,1.01,1.0,10,What causes inflammatory bowel disease?,1.0,1.0,0.9556,2.164,0.001514,10,6110816
8,D,CkksCombined,1%,0.99,1.01,1.0,10,Describe treatment for chronic kidney disease,1.0,1.0,1.0,1.3592,0.016604,10,6089691
8,D,CkksCombined,1%,0.99,1.01,1.0,10,What are symptoms of schizophrenia?,1.0,1.0,1.0,1.4708,0.01076,10,6102905
8,D,CkksCombined,1%,0.99,1.01,1.0,10,How is bipolar disorder managed?,1.0,1.0,1.0,1.4708,0.016114,10,6232961
8,D,CkksCombined,1%,0.99,1.01,1.0,10,What causes psoriasis?,1.0,1.0,1.0,1.6094,0.016058,10,6112048
8,D,CkksCombined,1%,0.99,1.01,1.0,10,Describe sepsis treatment,1.0,1.0,1.0,1.6434,0.017416,10,6111499
8,D,CkksCombined,1%,0.99,1.01,1.0,10,What are risk factors for cancer?,1.0,1.0,1.0,1.8867,0.000543,10,6086972
8,D,CkksCombined,1%,0.99,1.01,1.0,10,How is ALS diagnosed?,1.0,1.0,1.0,1.6094,0.01134,10,6098291
8,D,CkksCombined,5%,0.95,1.05,5.0,10,What are the symptoms of type 2 diabetes?,1.0,1.0,1.0,2.0253,0.007942,10,6096413
8,D,CkksCombined,5%,0.95,1.05,5.0,10,How is hypertension treated?,1.0,1.0,0.9556,1.6094,0.007081,9,6105872
8,D,CkksCombined,5%,0.95,1.05,5.0,10,What causes heart failure?,1.0,1.0,0.9556,2.0253,0.006744,10,6108253
8,D,CkksCombined,5%,0.95,1.05,5.0,10,Describe the symptoms of lupus,1.0,1.0,1.0,2.0253,0.014562,10,6089297
8,D,CkksCombined,5%,0.95,1.05,5.0,10,What medications treat depression?,1.0,1.0,1.0,2.164,0.008057,10,6096887
8,D,CkksCombined,5%,0.95,1.05,5.0,10,How does Alzheimer's disease progress?,1.0,1.0,0.9556,1.973,0.015666,9,6118006
8,D,CkksCombined,5%,0.95,1.05,5.0,10,What are risk factors for stroke?,1.0,1.0,0.9556,1.2275,0.007862,10,6114615
8,D,CkksCombined,5%,0.95,1.05,5.0,10,How is asthma managed long-term?,1.0,1.0,1.0,2.164,0.006718,10,6095277
8,D,CkksCombined,5%,0.95,1.05,5.0,10,What are signs of kidney disease?,1.0,1.0,1.0,1.8344,0.006678,10,6085343
8,D,CkksCombined,5%,0.95,1.05,5.0,10,Describe rheumatoid arthritis treatment,1.0,1.0,1.0,1.8344,0.009189,10,6112885
8,D,CkksCombined,5%,0.95,1.05,5.0,10,What causes Parkinson's disease?,1.0,1.0,1.0,1.973,0.015214,10,6165029
8,D,CkksCombined,5%,0.95,1.05,5.0,10,How is multiple sclerosis diagnosed?,1.0,1.0,1.0,1.8344,0.014394,10,6103881
8,D,CkksCombined,5%,0.95,1.05,5.0,10,What are symptoms of anemia?,1.0,1.0,1.0,1.6957,0.018208,10,6100669
8,D,CkksCombined,5%,0.95,1.05,5.0,10,How is hypothyroidism treated?,1.0,1.0,1.0,1.5048,0.014508,10,6108346
8,D,CkksCombined,5%,0.95,1.05,5.0,10,What causes chronic pain?,1.0,1.0,0.9556,2.0253,0.000765,10,6094763
8,D,CkksCombined,5%,0.95,1.05,5.0,10,Describe COPD management,1.0,1.0,1.0,1.2206,0.024826,10,6106111
8,D,CkksCombined,5%,0.95,1.05,5.0,10,What are signs of liver disease?,1.0,1.0,1.0,2.0253,0.001806,10,6107150
8,D,CkksCombined,5%,0.95,1.05,5.0,10,How is epilepsy treated?,1.0,1.0,1.0,1.3592,0.017466,10,6085597
8,D,CkksCombined,5%,0.95,1.05,5.0,10,What causes osteoporosis?,1.0,1.0,0.9556,1.8867,0.014146,10,6139496
8,D,CkksCombined,5%,0.95,1.05,5.0,10,Describe symptoms of anxiety disorder,1.0,1.0,1.0,1.6094,0.013912,10,6085333
8,D,CkksCombined,5%,0.95,1.05,5.0,10,What medications are used for HIV/AIDS?,1.0,1.0,1.0,1.4979,0.009566,10,6155031
8,D,CkksCombined,5%,0.95,1.05,5.0,10,How is pneumonia diagnosed?,1.0,1.0,1.0,1.7481,0.007286,10,6112771
8,D,CkksCombined,5%,0.95,1.05,5.0,10,What causes inflammatory bowel disease?,1.0,1.0,0.9556,2.164,0.001515,10,6148679
8,D,CkksCombined,5%,0.95,1.05,5.0,10,Describe treatment for chronic kidney disease,1.0,1.0,1.0,1.3592,0.01665,10,6097623
8,D,CkksCombined,5%,0.95,1.05,5.0,10,What are symptoms of schizophrenia?,1.0,1.0,1.0,1.4185,0.010701,10,6112045
8,D,CkksCombined,5%,0.95,1.05,5.0,10,How is bipolar disorder managed?,1.0,1.0,1.0,1.4708,0.016207,10,6102358
8,D,CkksCombined,5%,0.95,1.05,5.0,10,What causes psoriasis?,1.0,1.0,1.0,1.4185,0.016064,10,6108996
8,D,CkksCombined,5%,0.95,1.05,5.0,10,Describe sepsis treatment,1.0,1.0,1.0,1.6434,0.017614,10,6113320
8,D,CkksCombined,5%,0.95,1.05,5.0,10,What are risk factors for cancer?,1.0,1.0,0.9556,2.0253,0.000549,10,6101128
8,D,CkksCombined,5%,0.95,1.05,5.0,10,How is ALS diagnosed?,1.0,1.0,1.0,1.6094,0.011153,10,6109007
8,D,CkksCombined,10%,0.9,1.1,10.0,10,What are the symptoms of type 2 diabetes?,1.0,1.0,1.0,1.8867,0.007924,10,6158934
8,D,CkksCombined,10%,0.9,1.1,10.0,10,How is hypertension treated?,1.0,1.0,1.0,1.6094,0.007046,10,6109716
8,D,CkksCombined,10%,0.9,1.1,10.0,10,What causes heart failure?,1.0,1.0,1.0,2.0253,0.006793,10,6096353
8,D,CkksCombined,10%,0.9,1.1,10.0,10,Describe the symptoms of lupus,1.0,1.0,1.0,2.0253,0.014281,10,6105648
8,D,CkksCombined,10%,0.9,1.1,10.0,10,What medications treat depression?,1.0,0.9999,0.9556,2.164,0.007988,10,6094609
8,D,CkksCombined,10%,0.9,1.1,10.0,10,How does Alzheimer's disease progress?,1.0,1.0,1.0,1.973,0.015621,10,6097904
8,D,CkksCombined,10%,0.9,1.1,10.0,10,What are risk factors for stroke?,1.0,0.9999,0.9111,1.2275,0.00776,10,6211975
8,D,CkksCombined,10%,0.9,1.1,10.0,10,How is asthma managed long-term?,1.0,1.0,1.0,2.0253,0.006774,10,6107541
8,D,CkksCombined,10%,0.9,1.1,10.0,10,What are signs of kidney disease?,1.0,1.0,0.9556,1.8344,0.006738,10,6111381
8,D,CkksCombined,10%,0.9,1.1,10.0,10,Describe rheumatoid arthritis treatment,1.0,1.0,1.0,1.8344,0.009048,10,6107985
8,D,CkksCombined,10%,0.9,1.1,10.0,10,What causes Parkinson's disease?,1.0,1.0,1.0,1.973,0.014725,10,6094494
8,D,CkksCombined,10%,0.9,1.1,10.0,10,How is multiple sclerosis diagnosed?,1.0,1.0,1.0,1.8867,0.014334,10,6094835
8,D,CkksCombined,10%,0.9,1.1,10.0,10,What are symptoms of anemia?,1.0,1.0,0.9556,1.6957,0.018117,10,6117033
8,D,CkksCombined,10%,0.9,1.1,10.0,10,How is hypothyroidism treated?,1.0,1.0,0.9556,1.5048,0.014561,10,6100959
8,D,CkksCombined,10%,0.9,1.1,10.0,10,What causes chronic pain?,1.0,1.0,0.9556,2.0253,0.00078,10,6129626
8,D,CkksCombined,10%,0.9,1.1,10.0,10,Describe COPD management,1.0,1.0,1.0,1.2206,0.025001,10,6125376
8,D,CkksCombined,10%,0.9,1.1,10.0,10,What are signs of liver disease?,1.0,0.9999,0.9556,1.973,0.001651,10,6101572
8,D,CkksCombined,10%,0.9,1.1,10.0,10,How is epilepsy treated?,1.0,1.0,1.0,1.3592,0.017083,10,6113835
8,D,CkksCombined,10%,0.9,1.1,10.0,10,What causes osteoporosis?,1.0,1.0,0.9556,1.8867,0.013797,10,6113646
8,D,CkksCombined,10%,0.9,1.1,10.0,10,Describe symptoms of anxiety disorder,1.0,1.0,0.9556,1.6094,0.013724,10,6105181
8,D,CkksCombined,10%,0.9,1.1,10.0,10,What medications are used for HIV/AIDS?,1.0,1.0,1.0,1.4979,0.009594,10,6115141
8,D,CkksCombined,10%,0.9,1.1,10.0,10,How is pneumonia diagnosed?,1.0,1.0,1.0,1.8344,0.006908,10,6106202
8,D,CkksCombined,10%,0.9,1.1,10.0,10,What causes inflammatory bowel disease?,1.0,1.0,0.9556,2.164,0.001487,10,6137936
8,D,CkksCombined,10%,0.9,1.1,10.0,10,Describe treatment for chronic kidney disease,1.0,1.0,1.0,1.3592,0.016547,10,6158729
8,D,CkksCombined,10%,0.9,1.1,10.0,10,What are symptoms of schizophrenia?,1.0,1.0,1.0,1.6957,0.010331,10,6095502
8,D,CkksCombined,10%,0.9,1.1,10.0,10,How is bipolar disorder managed?,1.0,1.0,0.9111,1.4708,0.015974,10,6108661
8,D,CkksCombined,10%,0.9,1.1,10.0,10,What causes psoriasis?,1.0,1.0,0.9556,1.4185,0.015998,10,6078342
8,D,CkksCombined,10%,0.9,1.1,10.0,10,Describe sepsis treatment,1.0,1.0,0.9556,1.6434,0.017295,10,6103662
8,D,CkksCombined,10%,0.9,1.1,10.0,10,What are risk factors for cancer?,1.0,0.9999,0.8222,1.973,0.000491,10,6094187
8,D,CkksCombined,10%,0.9,1.1,10.0,10,How is ALS diagnosed?,1.0,1.0,0.9111,1.6094,0.011139,10,6094995
8,D,CkksCombined,20%,0.8,1.2,20.0,10,What are the symptoms of type 2 diabetes?,0.9,0.9513,0.9444,1.8867,0.007555,10,6188977
8,D,CkksCombined,20%,0.8,1.2,20.0,10,How is hypertension treated?,1.0,1.0,1.0,1.8867,0.006824,10,6115256
8,D,CkksCombined,20%,0.8,1.2,20.0,10,What causes heart failure?,1.0,1.0,1.0,2.164,0.006113,10,6283398
8,D,CkksCombined,20%,0.8,1.2,20.0,10,Describe the symptoms of lupus,1.0,1.0,1.0,1.8867,0.014343,10,6081656
8,D,CkksCombined,20%,0.8,1.2,20.0,10,What medications treat depression?,1.0,0.9999,0.9556,2.0253,0.007913,10,6286956
8,D,CkksCombined,20%,0.8,1.2,20.0,10,How does Alzheimer's disease progress?,1.0,1.0,0.9556,1.973,0.014727,10,6131051
8,D,CkksCombined,20%,0.8,1.2,20.0,10,What are risk factors for stroke?,1.0,1.0,0.9556,1.2275,0.007436,10,6197390
8,D,CkksCombined,20%,0.8,1.2,20.0,10,How is asthma managed long-term?,1.0,1.0,1.0,2.164,0.006659,10,6092341
8,D,CkksCombined,20%,0.8,1.2,20.0,10,What are signs of kidney disease?,1.0,1.0,1.0,1.8867,0.006033,10,6250235
8,D,CkksCombined,20%,0.8,1.2,20.0,10,Describe rheumatoid arthritis treatment,1.0,1.0,0.9556,1.8344,0.009054,10,6101454
8,D,CkksCombined,20%,0.8,1.2,20.0,10,What causes Parkinson's disease?,1.0,1.0,1.0,1.973,0.014312,10,6251487
8,D,CkksCombined,20%,0.8,1.2,20.0,10,How is multiple sclerosis diagnosed?,1.0,1.0,1.0,2.0253,0.01349,10,6109183
8,D,CkksCombined,20%,0.8,1.2,20.0,10,What are symptoms of anemia?,1.0,1.0,1.0,1.6957,0.017616,10,6248248
8,D,CkksCombined,20%,0.8,1.2,20.0,10,How is hypothyroidism treated?,1.0,0.9999,0.9111,1.5048,0.013884,10,6111461
8,D,CkksCombined,20%,0.8,1.2,20.0,10,What causes chronic pain?,1.0,1.0,0.9556,2.164,0.000764,10,6177983
8,D,CkksCombined,20%,0.8,1.2,20.0,10,Describe COPD management,0.9,0.9606,1.0,1.3592,0.023166,10,6108728
8,D,CkksCombined,20%,0.8,1.2,20.0,10,What are signs of liver disease?,0.9,0.9462,0.9444,2.0253,0.001781,10,6219659
8,D,CkksCombined,20%,0.8,1.2,20.0,10,How is epilepsy treated?,0.9,0.9613,1.0,1.3592,0.016323,10,6113264
8,D,CkksCombined,20%,0.8,1.2,20.0,10,What causes osteoporosis?,1.0,1.0,1.0,1.8344,0.01357,10,6202578
8,D,CkksCombined,20%,0.8,1.2,20.0,10,Describe symptoms of anxiety disorder,1.0,0.9999,0.9111,1.6094,0.01334,10,6096843
8,D,CkksCombined,20%,0.8,1.2,20.0,10,What medications are used for HIV/AIDS?,1.0,1.0,0.9556,1.4979,0.009159,10,6221570
8,D,CkksCombined,20%,0.8,1.2,20.0,10,How is pneumonia diagnosed?,0.9,0.945,1.0,1.8344,0.007033,10,6169783
8,D,CkksCombined,20%,0.8,1.2,20.0,10,What causes inflammatory bowel disease?,1.0,0.9999,0.9111,1.8344,0.001478,10,6250378
8,D,CkksCombined,20%,0.8,1.2,20.0,10,Describe treatment for chronic kidney disease,1.0,1.0,1.0,1.3592,0.015911,10,6120625
8,D,CkksCombined,20%,0.8,1.2,20.0,10,What are symptoms of schizophrenia?,0.9,0.9468,0.8889,1.6094,0.010001,10,6191668
8,D,CkksCombined,20%,0.8,1.2,20.0,10,How is bipolar disorder managed?,1.0,1.0,0.9111,1.4708,0.01534,10,6110792
8,D,CkksCombined,20%,0.8,1.2,20.0,10,What causes psoriasis?,1.0,0.9999,0.9111,1.6094,0.015474,10,6228544
8,D,CkksCombined,20%,0.8,1.2,20.0,10,Describe sepsis treatment,1.0,1.0,0.9556,1.6434,0.016572,10,6098586
8,D,CkksCombined,20%,0.8,1.2,20.0,10,What are risk factors for cancer?,1.0,0.9999,0.9111,2.0253,0.0006,10,6211006
8,D,CkksCombined,20%,0.8,1.2,20.0,10,How is ALS diagnosed?,1.0,1.0,0.9556,1.6094,0.010026,10,6087995
8,D,CkksCombined,30%,0.7,1.3,30.0,10,What are the symptoms of type 2 diabetes?,0.9,0.9513,1.0,2.0253,0.006583,10,6207093
8,D,CkksCombined,30%,0.7,1.3,30.0,10,How is hypertension treated?,1.0,1.0,1.0,1.8344,0.005859,10,6095646
8,D,CkksCombined,30%,0.7,1.3,30.0,10,What causes heart failure?,1.0,1.0,1.0,2.0253,0.005942,10,6226843
8,D,CkksCombined,30%,0.7,1.3,30.0,10,Describe the symptoms of lupus,1.0,1.0,1.0,1.8867,0.013246,10,6099759
8,D,CkksCombined,30%,0.7,1.3,30.0,10,What medications treat depression?,1.0,1.0,1.0,2.164,0.007371,10,6283084
8,D,CkksCombined,30%,0.7,1.3,30.0,10,How does Alzheimer's disease progress?,1.0,1.0,1.0,1.973,0.014693,10,6110480
8,D,CkksCombined,30%,0.7,1.3,30.0,10,What are risk factors for stroke?,0.8,0.8839,0.7857,1.4185,0.007468,9,6219942
8,D,CkksCombined,30%,0.7,1.3,30.0,10,How is asthma managed long-term?,0.9,0.9557,1.0,2.164,0.00582,10,6104908
8,D,CkksCombined,30%,0.7,1.3,30.0,10,What are signs of kidney disease?,1.0,1.0,1.0,1.8867,0.005477,10,6198836
8,D,CkksCombined,30%,0.7,1.3,30.0,10,Describe rheumatoid arthritis treatment,1.0,1.0,1.0,1.973,0.008091,10,6098368
8,D,CkksCombined,30%,0.7,1.3,30.0,10,What causes Parkinson's disease?,1.0,1.0,1.0,2.164,0.013091,10,6206053
8,D,CkksCombined,30%,0.7,1.3,30.0,10,How is multiple sclerosis diagnosed?,1.0,1.0,1.0,1.973,0.012924,10,6142062
8,D,CkksCombined,30%,0.7,1.3,30.0,10,What are symptoms of anemia?,1.0,1.0,0.9111,1.6957,0.015262,10,6194461
8,D,CkksCombined,30%,0.7,1.3,30.0,10,How is hypothyroidism treated?,1.0,1.0,0.9556,1.6434,0.012207,10,6098648
8,D,CkksCombined,30%,0.7,1.3,30.0,10,What causes chronic pain?,1.0,0.9999,0.9111,1.8867,0.0007,10,6223193
8,D,CkksCombined,30%,0.7,1.3,30.0,10,Describe COPD management,0.9,0.9569,1.0,1.3592,0.021032,10,6096268
8,D,CkksCombined,30%,0.7,1.3,30.0,10,What are signs of liver disease?,1.0,1.0,1.0,2.164,0.001693,10,6237496
8,D,CkksCombined,30%,0.7,1.3,30.0,10,How is epilepsy treated?,1.0,1.0,0.9556,1.3592,0.014958,10,6119617
8,D,CkksCombined,30%,0.7,1.3,30.0,10,What causes osteoporosis?,1.0,1.0,0.9556,1.6957,0.012843,10,6341858
8,D,CkksCombined,30%,0.7,1.3,30.0,10,Describe symptoms of anxiety disorder,1.0,0.9998,0.8222,1.4708,0.012445,10,6088105
8,D,CkksCombined,30%,0.7,1.3,30.0,10,What medications are used for HIV/AIDS?,1.0,1.0,1.0,1.4979,0.008343,10,6232205
8,D,CkksCombined,30%,0.7,1.3,30.0,10,How is pneumonia diagnosed?,0.9,0.9471,0.9444,1.6094,0.006762,10,6097455
8,D,CkksCombined,30%,0.7,1.3,30.0,10,What causes inflammatory bowel disease?,1.0,0.9979,0.7778,1.8867,0.001374,10,6257849
8,D,CkksCombined,30%,0.7,1.3,30.0,10,Describe treatment for chronic kidney disease,1.0,1.0,1.0,1.3592,0.014338,10,6100849
8,D,CkksCombined,30%,0.7,1.3,30.0,10,What are symptoms of schizophrenia?,0.9,0.949,1.0,1.6957,0.009228,10,6186805
8,D,CkksCombined,30%,0.7,1.3,30.0,10,How is bipolar disorder managed?,1.0,1.0,0.9111,1.6957,0.013886,10,6107788
8,D,CkksCombined,30%,0.7,1.3,30.0,10,What causes psoriasis?,1.0,0.9999,0.9111,1.6094,0.014057,10,6231597
8,D,CkksCombined,30%,0.7,1.3,30.0,10,Describe sepsis treatment,1.0,1.0,1.0,1.6434,0.015411,10,6101154
8,D,CkksCombined,30%,0.7,1.3,30.0,10,What are risk factors for cancer?,1.0,0.9998,0.8222,2.164,0.000689,10,6247255
8,D,CkksCombined,30%,0.7,1.3,30.0,10,How is ALS diagnosed?,1.0,1.0,0.9556,1.6094,0.010778,10,6100068
8,D,CkksCombined,50%,0.5,1.5,50.0,10,What are the symptoms of type 2 diabetes?,0.9,0.9513,1.0,2.0253,0.00489,10,6172006
8,D,CkksCombined,50%,0.5,1.5,50.0,10,How is hypertension treated?,1.0,0.9999,0.9556,1.8867,0.004963,10,6096760
8,D,CkksCombined,50%,0.5,1.5,50.0,10,What causes heart failure?,0.9,0.9498,0.9444,1.8867,0.004989,10,6122983
8,D,CkksCombined,50%,0.5,1.5,50.0,10,Describe the symptoms of lupus,0.9,0.9497,1.0,2.0253,0.009879,10,6111713
8,D,CkksCombined,50%,0.5,1.5,50.0,10,What medications treat depression?,1.0,1.0,1.0,1.8867,0.005043,10,6104738
8,D,CkksCombined,50%,0.5,1.5,50.0,10,How does Alzheimer's disease progress?,1.0,1.0,0.8667,1.973,0.010606,10,6109231
8,D,CkksCombined,50%,0.5,1.5,50.0,10,What are risk factors for stroke?,0.8,0.8861,0.9286,1.4185,0.005543,10,6119612
8,D,CkksCombined,50%,0.5,1.5,50.0,10,How is asthma managed long-term?,0.9,0.9555,0.8889,2.0253,0.004314,10,6110206
8,D,CkksCombined,50%,0.5,1.5,50.0,10,What are signs of kidney disease?,0.9,0.9485,0.8333,1.8344,0.005155,9,6130119
8,D,CkksCombined,50%,0.5,1.5,50.0,10,Describe rheumatoid arthritis treatment,0.9,0.9566,0.9444,1.7481,0.00603,10,6115394
8,D,CkksCombined,50%,0.5,1.5,50.0,10,What causes Parkinson's disease?,1.0,1.0,0.9556,1.8344,0.010199,10,6094836
8,D,CkksCombined,50%,0.5,1.5,50.0,10,How is multiple sclerosis diagnosed?,1.0,1.0,0.9556,1.8867,0.009432,10,6089617
8,D,CkksCombined,50%,0.5,1.5,50.0,10,What are symptoms of anemia?,0.9,0.951,0.8889,1.8867,0.012227,10,6103626
8,D,CkksCombined,50%,0.5,1.5,50.0,10,How is hypothyroidism treated?,0.9,0.9555,0.8889,1.6957,0.009036,10,6109057
8,D,CkksCombined,50%,0.5,1.5,50.0,10,What causes chronic pain?,1.0,0.9997,0.7778,2.164,0.000426,10,6159549
8,D,CkksCombined,50%,0.5,1.5,50.0,10,Describe COPD management,0.9,0.9569,0.8889,1.3592,0.018797,10,6188473
8,D,CkksCombined,50%,0.5,1.5,50.0,10,What are signs of liver disease?,0.9,0.9444,0.5556,1.7481,0.000835,10,6176892
8,D,CkksCombined,50%,0.5,1.5,50.0,10,How is epilepsy treated?,0.9,0.9613,0.9444,1.6094,0.011385,9,6103171
8,D,CkksCombined,50%,0.5,1.5,50.0,10,What causes osteoporosis?,1.0,1.0,0.9111,1.6434,0.010373,10,6106295
8,D,CkksCombined,50%,0.5,1.5,50.0,10,Describe symptoms of anxiety disorder,0.9,0.9507,0.9444,1.5048,0.009578,10,6127236
8,D,CkksCombined,50%,0.5,1.5,50.0,10,What medications are used for HIV/AIDS?,1.0,0.9999,0.9111,1.8344,0.006678,10,6113739
8,D,CkksCombined,50%,0.5,1.5,50.0,10,How is pneumonia diagnosed?,0.9,0.9472,0.8889,1.8867,0.004615,10,6100519
8,D,CkksCombined,50%,0.5,1.5,50.0,10,What causes inflammatory bowel disease?,1.0,0.998,0.8667,1.973,0.00105,10,6100949
8,D,CkksCombined,50%,0.5,1.5,50.0,10,Describe treatment for chronic kidney disease,1.0,1.0,1.0,1.3592,0.011906,10,6095494
8,D,CkksCombined,50%,0.5,1.5,50.0,10,What are symptoms of schizophrenia?,0.9,0.9482,0.6667,1.5048,0.007773,9,6112110
8,D,CkksCombined,50%,0.5,1.5,50.0,10,How is bipolar disorder managed?,1.0,1.0,0.9111,1.6957,0.01051,9,6147327
8,D,CkksCombined,50%,0.5,1.5,50.0,10,What causes psoriasis?,1.0,0.9998,0.8222,1.6094,0.010175,10,6097116
8,D,CkksCombined,50%,0.5,1.5,50.0,10,Describe sepsis treatment,1.0,0.9999,0.9111,1.6434,0.011544,10,6094490
8,D,CkksCombined,50%,0.5,1.5,50.0,10,What are risk factors for cancer?,1.0,0.9998,0.8222,1.8867,0.000272,10,6122546
8,D,CkksCombined,50%,0.5,1.5,50.0,10,How is ALS diagnosed?,0.9,0.9518,1.0,1.6094,0.00772,10,6108761
8,D,CkksCombined,70%,0.3,1.7,70.0,10,What are the symptoms of type 2 diabetes?,1.0,0.9996,0.8667,2.0253,0.003983,10,6189164
8,D,CkksCombined,70%,0.3,1.7,70.0,10,How is hypertension treated?,0.9,0.9493,0.9444,1.973,0.003345,10,6143790
8,D,CkksCombined,70%,0.3,1.7,70.0,10,What causes heart failure?,0.9,0.9478,0.9444,2.0253,0.00332,10,6138355
8,D,CkksCombined,70%,0.3,1.7,70.0,10,Describe the symptoms of lupus,0.9,0.954,0.9444,1.8867,0.006005,10,6116415
8,D,CkksCombined,70%,0.3,1.7,70.0,10,What medications treat depression?,1.0,0.9996,0.8667,2.164,0.003,10,6099594
8,D,CkksCombined,70%,0.3,1.7,70.0,10,How does Alzheimer's disease progress?,0.9,0.9592,0.9444,2.0253,0.006967,10,6113451
8,D,CkksCombined,70%,0.3,1.7,70.0,10,What are risk factors for stroke?,0.9,0.9265,0.6667,1.2275,0.003649,10,6095171
8,D,CkksCombined,70%,0.3,1.7,70.0,10,How is asthma managed long-term?,1.0,0.9999,0.9111,2.0253,0.002955,10,6096062
8,D,CkksCombined,70%,0.3,1.7,70.0,10,What are signs of kidney disease?,1.0,0.9989,0.7333,1.6957,0.003088,10,6101996
8,D,CkksCombined,70%,0.3,1.7,70.0,10,Describe rheumatoid arthritis treatment,0.9,0.9565,0.8889,1.8867,0.004494,10,6119131
8,D,CkksCombined,70%,0.3,1.7,70.0,10,What causes Parkinson's disease?,1.0,0.9999,0.9556,1.973,0.005201,10,6102943
8,D,CkksCombined,70%,0.3,1.7,70.0,10,How is multiple sclerosis diagnosed?,1.0,0.9999,0.8667,1.973,0.006623,10,6124015
8,D,CkksCombined,70%,0.3,1.7,70.0,10,What are symptoms of anemia?,0.9,0.9497,1.0,1.8344,0.008667,10,6109432
8,D,CkksCombined,70%,0.3,1.7,70.0,10,How is hypothyroidism treated?,0.9,0.9572,1.0,1.8344,0.006169,10,6108600
8,D,CkksCombined,70%,0.3,1.7,70.0,10,What causes chronic pain?,0.9,0.9417,0.8889,1.8867,0.000323,10,6179187
8,D,CkksCombined,70%,0.3,1.7,70.0,10,Describe COPD management,1.0,0.9998,0.9111,1.3592,0.010604,10,6109985
8,D,CkksCombined,70%,0.3,1.7,70.0,10,What are signs of liver disease?,1.0,0.9997,0.8667,2.164,0.000975,10,6126199
8,D,CkksCombined,70%,0.3,1.7,70.0,10,How is epilepsy treated?,0.9,0.9606,0.7222,1.3592,0.007235,9,6096500
8,D,CkksCombined,70%,0.3,1.7,70.0,10,What causes osteoporosis?,1.0,0.9999,0.9556,1.6957,0.005956,10,6109417
8,D,CkksCombined,70%,0.3,1.7,70.0,10,Describe symptoms of anxiety disorder,1.0,0.9999,0.8667,1.6957,0.00535,10,6097063
8,D,CkksCombined,70%,0.3,1.7,70.0,10,What medications are used for HIV/AIDS?,1.0,1.0,0.9556,1.7481,0.004546,10,6091442
8,D,CkksCombined,70%,0.3,1.7,70.0,10,How is pneumonia diagnosed?,0.9,0.9469,0.8333,1.4185,0.002976,9,6108923
8,D,CkksCombined,70%,0.3,1.7,70.0,10,What causes inflammatory bowel disease?,0.9,0.9463,0.8333,2.164,0.000863,10,6124599
8,D,CkksCombined,70%,0.3,1.7,70.0,10,Describe treatment for chronic kidney disease,0.9,0.9488,0.7778,1.0889,0.008181,10,6087589
8,D,CkksCombined,70%,0.3,1.7,70.0,10,What are symptoms of schizophrenia?,0.9,0.9346,0.7778,1.6957,0.004214,10,6097023
8,D,CkksCombined,70%,0.3,1.7,70.0,10,How is bipolar disorder managed?,1.0,1.0,0.9556,1.2799,0.009225,10,6109328
8,D,CkksCombined,70%,0.3,1.7,70.0,10,What causes psoriasis?,1.0,1.0,1.0,1.6434,0.007224,10,6117527
8,D,CkksCombined,70%,0.3,1.7,70.0,10,Describe sepsis treatment,1.0,0.9999,0.8667,1.5048,0.008557,10,6103591
8,D,CkksCombined,70%,0.3,1.7,70.0,10,What are risk factors for cancer?,0.9,0.9276,0.6667,1.8867,0.000304,9,6094655
8,D,CkksCombined,70%,0.3,1.7,70.0,10,How is ALS diagnosed?,0.9,0.9469,0.8889,1.8344,0.003926,9,6087631
9,D,Noise,1%,0.99,1.01,1.0,10,What are the symptoms of type 2 diabetes?,1.0,1.0,1.0,2.164,0.007897,10,24357
9,D,Noise,1%,0.99,1.01,1.0,10,How is hypertension treated?,1.0,1.0,1.0,1.6094,0.00705,10,24151
9,D,Noise,1%,0.99,1.01,1.0,10,What causes heart failure?,1.0,1.0,1.0,2.0253,0.006816,10,25072
9,D,Noise,1%,0.99,1.01,1.0,10,Describe the symptoms of lupus,1.0,1.0,1.0,2.0253,0.014658,10,24138
9,D,Noise,1%,0.99,1.01,1.0,10,What medications treat depression?,1.0,1.0,1.0,2.164,0.008104,10,27185
9,D,Noise,1%,0.99,1.01,1.0,10,How does Alzheimer's disease progress?,1.0,1.0,1.0,1.973,0.015864,10,24853
9,D,Noise,1%,0.99,1.01,1.0,10,What are risk factors for stroke?,1.0,1.0,1.0,1.3592,0.007762,10,24161
9,D,Noise,1%,0.99,1.01,1.0,10,How is asthma managed long-term?,1.0,1.0,1.0,2.164,0.006705,10,23948
9,D,Noise,1%,0.99,1.01,1.0,10,What are signs of kidney disease?,1.0,1.0,1.0,1.8344,0.006634,10,24412
9,D,Noise,1%,0.99,1.01,1.0,10,Describe rheumatoid arthritis treatment,1.0,1.0,1.0,1.8344,0.00919,10,24040
9,D,Noise,1%,0.99,1.01,1.0,10,What causes Parkinson's disease?,1.0,1.0,1.0,1.973,0.015131,10,24594
9,D,Noise,1%,0.99,1.01,1.0,10,How is multiple sclerosis diagnosed?,1.0,1.0,1.0,1.8344,0.014324,10,25077
9,D,Noise,1%,0.99,1.01,1.0,10,What are symptoms of anemia?,1.0,1.0,1.0,1.6957,0.01812,10,23935
9,D,Noise,1%,0.99,1.01,1.0,10,How is hypothyroidism treated?,1.0,1.0,1.0,1.5048,0.014448,10,23541
9,D,Noise,1%,0.99,1.01,1.0,10,What causes chronic pain?,1.0,1.0,1.0,2.164,0.000768,10,24280
9,D,Noise,1%,0.99,1.01,1.0,10,Describe COPD management,1.0,1.0,1.0,1.2206,0.024896,10,23650
9,D,Noise,1%,0.99,1.01,1.0,10,What are signs of liver disease?,1.0,1.0,1.0,2.0253,0.001763,10,24683
9,D,Noise,1%,0.99,1.01,1.0,10,How is epilepsy treated?,1.0,1.0,1.0,1.3592,0.017432,10,23772
9,D,Noise,1%,0.99,1.01,1.0,10,What causes osteoporosis?,1.0,1.0,1.0,1.8344,0.014111,10,24408
9,D,Noise,1%,0.99,1.01,1.0,10,Describe symptoms of anxiety disorder,1.0,1.0,1.0,1.6094,0.0139,10,24582
9,D,Noise,1%,0.99,1.01,1.0,10,What medications are used for HIV/AIDS?,1.0,1.0,1.0,1.4979,0.009642,10,25194
9,D,Noise,1%,0.99,1.01,1.0,10,How is pneumonia diagnosed?,1.0,1.0,1.0,1.8344,0.007224,10,23268
9,D,Noise,1%,0.99,1.01,1.0,10,What causes inflammatory bowel disease?,1.0,1.0,0.9556,1.973,0.001509,10,24776
9,D,Noise,1%,0.99,1.01,1.0,10,Describe treatment for chronic kidney disease,1.0,1.0,1.0,1.3592,0.016567,10,24695
9,D,Noise,1%,0.99,1.01,1.0,10,What are symptoms of schizophrenia?,1.0,1.0,1.0,1.4708,0.010789,10,25522
9,D,Noise,1%,0.99,1.01,1.0,10,How is bipolar disorder managed?,1.0,1.0,1.0,1.4708,0.016154,10,25914
9,D,Noise,1%,0.99,1.01,1.0,10,What causes psoriasis?,1.0,1.0,1.0,1.6094,0.016116,10,24065
9,D,Noise,1%,0.99,1.01,1.0,10,Describe sepsis treatment,1.0,1.0,1.0,1.6434,0.017404,10,23785
9,D,Noise,1%,0.99,1.01,1.0,10,What are risk factors for cancer?,1.0,1.0,1.0,2.0253,0.000532,10,26750
9,D,Noise,1%,0.99,1.01,1.0,10,How is ALS diagnosed?,1.0,1.0,1.0,1.6094,0.01134,10,22483
9,D,Noise,5%,0.95,1.05,5.0,10,What are the symptoms of type 2 diabetes?,0.9,0.9513,1.0,2.0253,0.007851,10,24523
9,D,Noise,5%,0.95,1.05,5.0,10,How is hypertension treated?,1.0,1.0,1.0,1.8344,0.007049,10,23982
9,D,Noise,5%,0.95,1.05,5.0,10,What causes heart failure?,1.0,1.0,1.0,2.0253,0.006802,10,24678
9,D,Noise,5%,0.95,1.05,5.0,10,Describe the symptoms of lupus,1.0,1.0,1.0,2.0253,0.01464,10,24986
9,D,Noise,5%,0.95,1.05,5.0,10,What medications treat depression?,1.0,1.0,1.0,2.3026,0.008151,10,24499
9,D,Noise,5%,0.95,1.05,5.0,10,How does Alzheimer's disease progress?,1.0,1.0,1.0,1.973,0.015887,9,26140
9,D,Noise,5%,0.95,1.05,5.0,10,What are risk factors for stroke?,1.0,1.0,1.0,1.3592,0.007692,10,24106
9,D,Noise,5%,0.95,1.05,5.0,10,How is asthma managed long-term?,1.0,1.0,1.0,2.164,0.006701,10,23804
9,D,Noise,5%,0.95,1.05,5.0,10,What are signs of kidney disease?,1.0,1.0,1.0,1.8344,0.006583,10,24857
9,D,Noise,5%,0.95,1.05,5.0,10,Describe rheumatoid arthritis treatment,1.0,1.0,1.0,1.8344,0.009104,10,27022
9,D,Noise,5%,0.95,1.05,5.0,10,What causes Parkinson's disease?,1.0,1.0,0.9556,1.973,0.015182,10,23512
9,D,Noise,5%,0.95,1.05,5.0,10,How is multiple sclerosis diagnosed?,1.0,1.0,1.0,1.8344,0.014212,10,25117
9,D,Noise,5%,0.95,1.05,5.0,10,What are symptoms of anemia?,1.0,1.0,0.9556,1.6957,0.018064,10,27779
9,D,Noise,5%,0.95,1.05,5.0,10,How is hypothyroidism treated?,1.0,1.0,1.0,1.5048,0.014343,10,24765
9,D,Noise,5%,0.95,1.05,5.0,10,What causes chronic pain?,1.0,1.0,1.0,2.164,0.000747,10,23531
9,D,Noise,5%,0.95,1.05,5.0,10,Describe COPD management,1.0,1.0,1.0,1.2206,0.024837,10,25331
9,D,Noise,5%,0.95,1.05,5.0,10,What are signs of liver disease?,1.0,1.0,1.0,2.164,0.001809,10,26793
9,D,Noise,5%,0.95,1.05,5.0,10,How is epilepsy treated?,1.0,1.0,1.0,1.3592,0.017289,10,23291
9,D,Noise,5%,0.95,1.05,5.0,10,What causes osteoporosis?,1.0,1.0,0.9556,1.8344,0.014064,10,24722
9,D,Noise,5%,0.95,1.05,5.0,10,Describe symptoms of anxiety disorder,1.0,1.0,0.9556,1.6094,0.013755,10,23806
9,D,Noise,5%,0.95,1.05,5.0,10,What medications are used for HIV/AIDS?,1.0,1.0,1.0,1.4979,0.009581,10,27549
9,D,Noise,5%,0.95,1.05,5.0,10,How is pneumonia diagnosed?,1.0,1.0,1.0,1.7481,0.007181,10,24854
9,D,Noise,5%,0.95,1.05,5.0,10,What causes inflammatory bowel disease?,1.0,1.0,0.9556,1.973,0.001504,10,24753
9,D,Noise,5%,0.95,1.05,5.0,10,Describe treatment for chronic kidney disease,1.0,1.0,1.0,1.3592,0.016405,10,25011
9,D,Noise,5%,0.95,1.05,5.0,10,What are symptoms of schizophrenia?,1.0,1.0,1.0,1.6434,0.010846,10,25119
9,D,Noise,5%,0.95,1.05,5.0,10,How is bipolar disorder managed?,1.0,1.0,0.9556,1.4708,0.016094,10,24246
9,D,Noise,5%,0.95,1.05,5.0,10,What causes psoriasis?,1.0,1.0,1.0,1.6094,0.016024,10,24784
9,D,Noise,5%,0.95,1.05,5.0,10,Describe sepsis treatment,1.0,1.0,1.0,1.6434,0.017514,10,23230
9,D,Noise,5%,0.95,1.05,5.0,10,What are risk factors for cancer?,1.0,1.0,1.0,1.973,0.000547,10,23621
9,D,Noise,5%,0.95,1.05,5.0,10,How is ALS diagnosed?,1.0,1.0,1.0,1.6094,0.01121,10,23649
9,D,Noise,10%,0.9,1.1,10.0,10,What are the symptoms of type 2 diabetes?,0.9,0.9513,1.0,1.8867,0.007855,10,25490
9,D,Noise,10%,0.9,1.1,10.0,10,How is hypertension treated?,1.0,1.0,1.0,1.6094,0.006957,10,25385
9,D,Noise,10%,0.9,1.1,10.0,10,What causes heart failure?,0.9,0.9499,1.0,2.0253,0.006767,10,24251
9,D,Noise,10%,0.9,1.1,10.0,10,Describe the symptoms of lupus,1.0,1.0,1.0,2.0253,0.014404,10,24833
9,D,Noise,10%,0.9,1.1,10.0,10,What medications treat depression?,1.0,1.0,1.0,2.0253,0.008028,10,23712
9,D,Noise,10%,0.9,1.1,10.0,10,How does Alzheimer's disease progress?,1.0,1.0,0.9556,1.8344,0.015615,10,24660
9,D,Noise,10%,0.9,1.1,10.0,10,What are risk factors for stroke?,1.0,1.0,1.0,1.3592,0.007355,10,24209
9,D,Noise,10%,0.9,1.1,10.0,10,How is asthma managed long-term?,1.0,1.0,1.0,2.164,0.006532,10,24496
9,D,Noise,10%,0.9,1.1,10.0,10,What are signs of kidney disease?,1.0,1.0,1.0,1.8344,0.006588,10,24706
9,D,Noise,10%,0.9,1.1,10.0,10,Describe rheumatoid arthritis treatment,1.0,1.0,1.0,1.8344,0.008952,10,27266
9,D,Noise,10%,0.9,1.1,10.0,10,What causes Parkinson's disease?,1.0,1.0,1.0,1.973,0.014904,10,23460
9,D,Noise,10%,0.9,1.1,10.0,10,How is multiple sclerosis diagnosed?,1.0,1.0,1.0,1.8344,0.014357,9,24485
9,D,Noise,10%,0.9,1.1,10.0,10,What are symptoms of anemia?,1.0,1.0,1.0,1.6957,0.018273,10,23984
9,D,Noise,10%,0.9,1.1,10.0,10,How is hypothyroidism treated?,1.0,1.0,1.0,1.5048,0.014343,10,27609
9,D,Noise,10%,0.9,1.1,10.0,10,What causes chronic pain?,1.0,1.0,1.0,2.164,0.000758,10,26977
9,D,Noise,10%,0.9,1.1,10.0,10,Describe COPD management,1.0,1.0,1.0,1.2206,0.024707,10,22746
9,D,Noise,10%,0.9,1.1,10.0,10,What are signs of liver disease?,1.0,1.0,1.0,1.8344,0.001733,10,16199
9,D,Noise,10%,0.9,1.1,10.0,10,How is epilepsy treated?,1.0,1.0,1.0,1.3592,0.017272,10,12825
9,D,Noise,10%,0.9,1.1,10.0,10,What causes osteoporosis?,1.0,1.0,0.9556,1.8344,0.013788,10,12680
9,D,Noise,10%,0.9,1.1,10.0,10,Describe symptoms of anxiety disorder,1.0,1.0,1.0,1.4708,0.013585,10,12017
9,D,Noise,10%,0.9,1.1,10.0,10,What medications are used for HIV/AIDS?,1.0,1.0,1.0,1.4979,0.009472,10,14162
9,D,Noise,10%,0.9,1.1,10.0,10,How is pneumonia diagnosed?,1.0,1.0,1.0,1.8344,0.007205,10,12971
9,D,Noise,10%,0.9,1.1,10.0,10,What causes inflammatory bowel disease?,1.0,0.9999,0.9111,1.973,0.001423,10,12475
9,D,Noise,10%,0.9,1.1,10.0,10,Describe treatment for chronic kidney disease,1.0,1.0,1.0,1.3592,0.016261,10,12573
9,D,Noise,10%,0.9,1.1,10.0,10,What are symptoms of schizophrenia?,1.0,1.0,0.9111,1.5048,0.010789,10,12682
9,D,Noise,10%,0.9,1.1,10.0,10,How is bipolar disorder managed?,1.0,1.0,0.8667,1.2799,0.015772,10,11701
9,D,Noise,10%,0.9,1.1,10.0,10,What causes psoriasis?,1.0,1.0,1.0,1.6094,0.015948,10,11507
9,D,Noise,10%,0.9,1.1,10.0,10,Describe sepsis treatment,1.0,1.0,0.9556,1.6434,0.017294,10,11250
9,D,Noise,10%,0.9,1.1,10.0,10,What are risk factors for cancer?,1.0,1.0,0.8667,1.7481,0.000492,10,11474
9,D,Noise,10%,0.9,1.1,10.0,10,How is ALS diagnosed?,1.0,1.0,0.9556,1.6094,0.011245,9,11469
9,D,Noise,20%,0.8,1.2,20.0,10,What are the symptoms of type 2 diabetes?,0.9,0.9513,0.9444,2.0253,0.007734,10,25168
9,D,Noise,20%,0.8,1.2,20.0,10,How is hypertension treated?,1.0,1.0,0.9556,1.6957,0.006616,10,23966
9,D,Noise,20%,0.8,1.2,20.0,10,What causes heart failure?,1.0,1.0,0.9556,2.0253,0.006495,10,24165
9,D,Noise,20%,0.8,1.2,20.0,10,Describe the symptoms of lupus,1.0,1.0,1.0,1.8867,0.01439,10,23652
9,D,Noise,20%,0.8,1.2,20.0,10,What medications treat depression?,1.0,0.9999,0.9556,2.164,0.007899,10,24656
9,D,Noise,20%,0.8,1.2,20.0,10,How does Alzheimer's disease progress?,1.0,1.0,0.9556,1.973,0.015382,10,24985
9,D,Noise,20%,0.8,1.2,20.0,10,What are risk factors for stroke?,1.0,1.0,0.9556,1.2275,0.007561,10,25369
9,D,Noise,20%,0.8,1.2,20.0,10,How is asthma managed long-term?,1.0,1.0,1.0,2.0253,0.006692,10,24366
9,D,Noise,20%,0.8,1.2,20.0,10,What are signs of kidney disease?,1.0,0.9999,0.9111,2.0253,0.006611,10,24320
9,D,Noise,20%,0.8,1.2,20.0,10,Describe rheumatoid arthritis treatment,1.0,1.0,0.9556,1.8344,0.008935,10,25077
9,D,Noise,20%,0.8,1.2,20.0,10,What causes Parkinson's disease?,1.0,1.0,1.0,1.973,0.014345,10,24835
9,D,Noise,20%,0.8,1.2,20.0,10,How is multiple sclerosis diagnosed?,1.0,1.0,1.0,1.8344,0.013335,10,24804
9,D,Noise,20%,0.8,1.2,20.0,10,What are symptoms of anemia?,1.0,1.0,1.0,1.6957,0.016928,10,25378
9,D,Noise,20%,0.8,1.2,20.0,10,How is hypothyroidism treated?,1.0,1.0,0.8667,1.6434,0.013258,10,25149
9,D,Noise,20%,0.8,1.2,20.0,10,What causes chronic pain?,1.0,1.0,1.0,1.8867,0.00073,10,24466
9,D,Noise,20%,0.8,1.2,20.0,10,Describe COPD management,0.9,0.9606,1.0,1.2206,0.024136,10,23767
9,D,Noise,20%,0.8,1.2,20.0,10,What are signs of liver disease?,1.0,1.0,1.0,2.164,0.001931,10,24428
9,D,Noise,20%,0.8,1.2,20.0,10,How is epilepsy treated?,1.0,1.0,0.9556,1.3592,0.016631,10,23757
9,D,Noise,20%,0.8,1.2,20.0,10,What causes osteoporosis?,1.0,0.9999,0.9556,1.8344,0.013376,10,24338
9,D,Noise,20%,0.8,1.2,20.0,10,Describe symptoms of anxiety disorder,1.0,1.0,0.9556,1.6434,0.012939,10,27256
9,D,Noise,20%,0.8,1.2,20.0,10,What medications are used for HIV/AIDS?,1.0,1.0,1.0,1.4979,0.00919,10,27793
9,D,Noise,20%,0.8,1.2,20.0,10,How is pneumonia diagnosed?,1.0,1.0,0.9556,1.6094,0.006835,10,24563
9,D,Noise,20%,0.8,1.2,20.0,10,What causes inflammatory bowel disease?,1.0,1.0,1.0,2.164,0.001494,9,27227
9,D,Noise,20%,0.8,1.2,20.0,10,Describe treatment for chronic kidney disease,1.0,0.9999,0.9111,1.4708,0.016006,10,24483
9,D,Noise,20%,0.8,1.2,20.0,10,What are symptoms of schizophrenia?,0.9,0.947,1.0,1.4185,0.010046,10,24059
9,D,Noise,20%,0.8,1.2,20.0,10,How is bipolar disorder managed?,1.0,1.0,0.9556,1.4708,0.015684,10,25222
9,D,Noise,20%,0.8,1.2,20.0,10,What causes psoriasis?,1.0,1.0,0.9556,1.6094,0.015338,10,24588
9,D,Noise,20%,0.8,1.2,20.0,10,Describe sepsis treatment,1.0,1.0,1.0,1.6434,0.01677,10,23713
9,D,Noise,20%,0.8,1.2,20.0,10,What are risk factors for cancer?,1.0,1.0,1.0,2.164,0.000498,10,24456
9,D,Noise,20%,0.8,1.2,20.0,10,How is ALS diagnosed?,1.0,1.0,0.9556,1.6094,0.009923,10,27254
9,D,Noise,30%,0.7,1.3,30.0,10,What are the symptoms of type 2 diabetes?,1.0,1.0,1.0,2.0253,0.006773,10,24673
9,D,Noise,30%,0.7,1.3,30.0,10,How is hypertension treated?,1.0,0.9997,0.7778,1.4185,0.006304,9,24496
9,D,Noise,30%,0.7,1.3,30.0,10,What causes heart failure?,1.0,1.0,1.0,1.8867,0.006191,10,23901
9,D,Noise,30%,0.7,1.3,30.0,10,Describe the symptoms of lupus,1.0,1.0,0.9556,2.0253,0.012207,10,23990
9,D,Noise,30%,0.7,1.3,30.0,10,What medications treat depression?,1.0,0.9999,0.9556,2.0253,0.007367,10,24814
9,D,Noise,30%,0.7,1.3,30.0,10,How does Alzheimer's disease progress?,1.0,1.0,1.0,1.8344,0.013964,9,24737
9,D,Noise,30%,0.7,1.3,30.0,10,What are risk factors for stroke?,0.9,0.9435,0.6667,1.2275,0.006923,10,24182
9,D,Noise,30%,0.7,1.3,30.0,10,How is asthma managed long-term?,1.0,1.0,1.0,2.164,0.005993,10,24219
9,D,Noise,30%,0.7,1.3,30.0,10,What are signs of kidney disease?,1.0,0.9999,0.9111,1.8867,0.005686,10,24567
9,D,Noise,30%,0.7,1.3,30.0,10,Describe rheumatoid arthritis treatment,1.0,1.0,1.0,2.0253,0.008326,10,24370
9,D,Noise,30%,0.7,1.3,30.0,10,What causes Parkinson's disease?,1.0,1.0,0.9556,1.973,0.013127,10,23511
9,D,Noise,30%,0.7,1.3,30.0,10,How is multiple sclerosis diagnosed?,1.0,1.0,0.9556,1.8344,0.013121,10,24508
9,D,Noise,30%,0.7,1.3,30.0,10,What are symptoms of anemia?,1.0,0.9999,0.9111,1.6094,0.015618,10,24016
9,D,Noise,30%,0.7,1.3,30.0,10,How is hypothyroidism treated?,1.0,1.0,0.8667,1.6957,0.012531,10,24625
9,D,Noise,30%,0.7,1.3,30.0,10,What causes chronic pain?,1.0,0.9999,0.9556,2.0253,0.000737,9,23749
9,D,Noise,30%,0.7,1.3,30.0,10,Describe COPD management,0.9,0.9602,1.0,1.2206,0.021298,10,26856
9,D,Noise,30%,0.7,1.3,30.0,10,What are signs of liver disease?,1.0,0.9992,0.8222,2.164,0.001549,10,25737
9,D,Noise,30%,0.7,1.3,30.0,10,How is epilepsy treated?,0.9,0.9611,1.0,1.3592,0.015422,9,23622
9,D,Noise,30%,0.7,1.3,30.0,10,What causes osteoporosis?,1.0,1.0,0.9556,1.8344,0.012814,10,24670
9,D,Noise,30%,0.7,1.3,30.0,10,Describe symptoms of anxiety disorder,1.0,1.0,1.0,1.6094,0.012286,10,24413
9,D,Noise,30%,0.7,1.3,30.0,10,What medications are used for HIV/AIDS?,1.0,0.9999,0.8667,1.4979,0.008819,10,27599
9,D,Noise,30%,0.7,1.3,30.0,10,How is pneumonia diagnosed?,0.9,0.9449,0.9444,1.8344,0.006987,10,24455
9,D,Noise,30%,0.7,1.3,30.0,10,What causes inflammatory bowel disease?,1.0,0.9999,0.9111,2.3026,0.001259,10,24138
9,D,Noise,30%,0.7,1.3,30.0,10,Describe treatment for chronic kidney disease,1.0,0.9999,0.8667,1.0889,0.014655,10,24353
9,D,Noise,30%,0.7,1.3,30.0,10,What are symptoms of schizophrenia?,1.0,0.9999,0.8667,1.6957,0.009252,10,29484
9,D,Noise,30%,0.7,1.3,30.0,10,How is bipolar disorder managed?,1.0,1.0,0.9556,1.6957,0.01282,10,24442
9,D,Noise,30%,0.7,1.3,30.0,10,What causes psoriasis?,1.0,0.9999,0.8667,1.6094,0.013821,10,25343
9,D,Noise,30%,0.7,1.3,30.0,10,Describe sepsis treatment,1.0,1.0,0.9111,1.6434,0.015831,10,24688
9,D,Noise,30%,0.7,1.3,30.0,10,What are risk factors for cancer?,1.0,1.0,0.9111,2.3026,0.000469,10,27019
9,D,Noise,30%,0.7,1.3,30.0,10,How is ALS diagnosed?,1.0,1.0,0.9556,1.6094,0.010009,10,24678
9,D,Noise,50%,0.5,1.5,50.0,10,What are the symptoms of type 2 diabetes?,0.9,0.9512,0.9444,1.8867,0.005746,10,27490
9,D,Noise,50%,0.5,1.5,50.0,10,How is hypertension treated?,1.0,0.9997,0.8222,1.6094,0.004715,10,24279
9,D,Noise,50%,0.5,1.5,50.0,10,What causes heart failure?,0.9,0.9497,0.8889,1.8867,0.004859,10,25223
9,D,Noise,50%,0.5,1.5,50.0,10,Describe the symptoms of lupus,0.9,0.9541,1.0,2.0253,0.010215,10,24721
9,D,Noise,50%,0.5,1.5,50.0,10,What medications treat depression?,1.0,1.0,1.0,2.164,0.00636,10,23623
9,D,Noise,50%,0.5,1.5,50.0,10,How does Alzheimer's disease progress?,1.0,1.0,0.9556,2.0253,0.01245,10,27207
9,D,Noise,50%,0.5,1.5,50.0,10,What are risk factors for stroke?,0.9,0.9424,0.7222,1.3592,0.005817,9,26021
9,D,Noise,50%,0.5,1.5,50.0,10,How is asthma managed long-term?,1.0,1.0,1.0,2.0253,0.005006,10,24855
9,D,Noise,50%,0.5,1.5,50.0,10,What are signs of kidney disease?,1.0,0.9998,0.8222,1.7481,0.004785,10,23830
9,D,Noise,50%,0.5,1.5,50.0,10,Describe rheumatoid arthritis treatment,1.0,0.9999,0.9111,1.8344,0.006202,10,23885
9,D,Noise,50%,0.5,1.5,50.0,10,What causes Parkinson's disease?,1.0,1.0,0.9556,2.164,0.011127,10,23464
9,D,Noise,50%,0.5,1.5,50.0,10,How is multiple sclerosis diagnosed?,1.0,1.0,0.9556,1.973,0.009343,10,24187
9,D,Noise,50%,0.5,1.5,50.0,10,What are symptoms of anemia?,0.9,0.9535,0.9444,1.6957,0.013416,10,24929
9,D,Noise,50%,0.5,1.5,50.0,10,How is hypothyroidism treated?,1.0,0.9999,0.9111,1.5048,0.010772,10,24448
9,D,Noise,50%,0.5,1.5,50.0,10,What causes chronic pain?,1.0,0.9998,0.9111,2.0253,0.000577,10,24536
9,D,Noise,50%,0.5,1.5,50.0,10,Describe COPD management,0.9,0.9606,1.0,1.3592,0.017236,10,24815
9,D,Noise,50%,0.5,1.5,50.0,10,What are signs of liver disease?,0.9,0.9461,0.8889,1.8867,0.001153,9,25215
9,D,Noise,50%,0.5,1.5,50.0,10,How is epilepsy treated?,0.8,0.9142,0.8571,1.3592,0.013217,9,24846
9,D,Noise,50%,0.5,1.5,50.0,10,What causes osteoporosis?,1.0,0.9999,0.9111,1.8344,0.009819,10,26638
9,D,Noise,50%,0.5,1.5,50.0,10,Describe symptoms of anxiety disorder,1.0,1.0,0.9556,1.6957,0.008249,10,25423
9,D,Noise,50%,0.5,1.5,50.0,10,What medications are used for HIV/AIDS?,1.0,1.0,1.0,1.4979,0.006078,9,24646
9,D,Noise,50%,0.5,1.5,50.0,10,How is pneumonia diagnosed?,1.0,0.9999,0.9111,1.8344,0.005064,10,23618
9,D,Noise,50%,0.5,1.5,50.0,10,What causes inflammatory bowel disease?,1.0,0.9977,0.8222,1.8867,0.001074,10,23757
9,D,Noise,50%,0.5,1.5,50.0,10,Describe treatment for chronic kidney disease,0.9,0.9565,0.7222,1.3592,0.012413,10,23998
9,D,Noise,50%,0.5,1.5,50.0,10,What are symptoms of schizophrenia?,0.8,0.8942,0.6429,1.6434,0.007905,10,24719
9,D,Noise,50%,0.5,1.5,50.0,10,How is bipolar disorder managed?,1.0,1.0,0.9556,1.4708,0.011664,10,24379
9,D,Noise,50%,0.5,1.5,50.0,10,What causes psoriasis?,1.0,0.9997,0.8222,1.6094,0.013124,10,26010
9,D,Noise,50%,0.5,1.5,50.0,10,Describe sepsis treatment,1.0,1.0,1.0,1.6434,0.011866,10,24156
9,D,Noise,50%,0.5,1.5,50.0,10,What are risk factors for cancer?,1.0,1.0,1.0,2.0253,0.000573,10,24055
9,D,Noise,50%,0.5,1.5,50.0,10,How is ALS diagnosed?,1.0,1.0,0.9556,1.8344,0.00854,10,24753
9,D,Noise,70%,0.3,1.7,70.0,10,What are the symptoms of type 2 diabetes?,0.9,0.9513,1.0,2.0253,0.003722,10,24521
9,D,Noise,70%,0.3,1.7,70.0,10,How is hypertension treated?,0.9,0.9506,0.8333,1.8344,0.002962,10,24198
9,D,Noise,70%,0.3,1.7,70.0,10,What causes heart failure?,0.9,0.9499,0.9444,2.0253,0.002446,10,23643
9,D,Noise,70%,0.3,1.7,70.0,10,Describe the symptoms of lupus,1.0,0.9999,0.9111,1.973,0.007445,10,25567
9,D,Noise,70%,0.3,1.7,70.0,10,What medications treat depression?,1.0,1.0,1.0,2.0253,0.004065,10,23593
9,D,Noise,70%,0.3,1.7,70.0,10,How does Alzheimer's disease progress?,1.0,1.0,0.9111,1.6957,0.006879,10,26013
9,D,Noise,70%,0.3,1.7,70.0,10,What are risk factors for stroke?,1.0,0.9995,0.8222,1.4185,0.003654,10,23710
9,D,Noise,70%,0.3,1.7,70.0,10,How is asthma managed long-term?,1.0,1.0,1.0,1.6957,0.002916,10,24587
9,D,Noise,70%,0.3,1.7,70.0,10,What are signs of kidney disease?,1.0,0.9991,0.8667,2.0253,0.003191,10,24249
9,D,Noise,70%,0.3,1.7,70.0,10,Describe rheumatoid arthritis treatment,0.9,0.9564,0.8333,1.6094,0.003957,10,25493
9,D,Noise,70%,0.3,1.7,70.0,10,What causes Parkinson's disease?,1.0,1.0,0.9556,2.0253,0.007379,10,24845
9,D,Noise,70%,0.3,1.7,70.0,10,How is multiple sclerosis diagnosed?,1.0,1.0,1.0,1.6957,0.005978,10,23802
9,D,Noise,70%,0.3,1.7,70.0,10,What are symptoms of anemia?,1.0,0.9998,0.8222,1.8867,0.009315,10,24720
9,D,Noise,70%,0.3,1.7,70.0,10,How is hypothyroidism treated?,0.9,0.9571,0.8889,1.5048,0.006966,10,24001
9,D,Noise,70%,0.3,1.7,70.0,10,What causes chronic pain?,0.9,0.9419,0.6667,2.164,0.000226,10,23483
9,D,Noise,70%,0.3,1.7,70.0,10,Describe COPD management,1.0,0.9998,0.8222,1.2206,0.011637,10,23441
9,D,Noise,70%,0.3,1.7,70.0,10,What are signs of liver disease?,1.0,0.9999,0.9111,1.8344,0.000683,10,24036
9,D,Noise,70%,0.3,1.7,70.0,10,How is epilepsy treated?,0.9,0.9576,0.8889,1.3592,0.009857,10,24223
9,D,Noise,70%,0.3,1.7,70.0,10,What causes osteoporosis?,1.0,0.9999,0.9556,1.973,0.007162,10,25299
9,D,Noise,70%,0.3,1.7,70.0,10,Describe symptoms of anxiety disorder,0.9,0.9507,1.0,1.8867,0.006516,10,24086
9,D,Noise,70%,0.3,1.7,70.0,10,What medications are used for HIV/AIDS?,1.0,0.9999,0.9111,1.7481,0.005182,10,25581
9,D,Noise,70%,0.3,1.7,70.0,10,How is pneumonia diagnosed?,1.0,0.9999,0.9556,1.6957,0.003186,10,25058
9,D,Noise,70%,0.3,1.7,70.0,10,What causes inflammatory bowel disease?,1.0,0.9974,0.6889,2.164,0.000725,10,27159
9,D,Noise,70%,0.3,1.7,70.0,10,Describe treatment for chronic kidney disease,1.0,0.9982,0.6889,1.0889,0.008003,9,24571
9,D,Noise,70%,0.3,1.7,70.0,10,What are symptoms of schizophrenia?,0.9,0.9485,0.7222,1.7481,0.004655,10,24285
9,D,Noise,70%,0.3,1.7,70.0,10,How is bipolar disorder managed?,1.0,1.0,0.9111,1.4708,0.008158,10,24156
9,D,Noise,70%,0.3,1.7,70.0,10,What causes psoriasis?,1.0,1.0,0.9556,1.8344,0.008337,10,26834
9,D,Noise,70%,0.3,1.7,70.0,10,Describe sepsis treatment,1.0,1.0,0.9556,1.5048,0.008361,10,23984
9,D,Noise,70%,0.3,1.7,70.0,10,What are risk factors for cancer?,0.9,0.9394,0.8333,2.164,0.000409,10,26726
9,D,Noise,70%,0.3,1.7,70.0,10,How is ALS diagnosed?,0.8,0.9013,1.0,1.7481,0.004603,10,23356
9,D,Combined,1%,0.99,1.01,1.0,10,What are the symptoms of type 2 diabetes?,1.0,1.0,1.0,2.164,0.007885,10,24173
9,D,Combined,1%,0.99,1.01,1.0,10,How is hypertension treated?,1.0,1.0,1.0,1.6094,0.007051,10,24478
9,D,Combined,1%,0.99,1.01,1.0,10,What causes heart failure?,1.0,1.0,1.0,2.0253,0.006844,10,24149
9,D,Combined,1%,0.99,1.01,1.0,10,Describe the symptoms of lupus,1.0,1.0,1.0,2.0253,0.014629,10,24838
9,D,Combined,1%,0.99,1.01,1.0,10,What medications treat depression?,1.0,1.0,1.0,2.164,0.008091,10,23902
9,D,Combined,1%,0.99,1.01,1.0,10,How does Alzheimer's disease progress?,1.0,1.0,1.0,1.973,0.015907,10,25635
9,D,Combined,1%,0.99,1.01,1.0,10,What are risk factors for stroke?,1.0,1.0,1.0,1.4185,0.007767,10,24635
9,D,Combined,1%,0.99,1.01,1.0,10,How is asthma managed long-term?,1.0,1.0,1.0,2.164,0.006692,10,24669
9,D,Combined,1%,0.99,1.01,1.0,10,What are signs of kidney disease?,1.0,1.0,1.0,1.8344,0.006665,10,23935
9,D,Combined,1%,0.99,1.01,1.0,10,Describe rheumatoid arthritis treatment,1.0,1.0,1.0,1.8344,0.009138,10,24231
9,D,Combined,1%,0.99,1.01,1.0,10,What causes Parkinson's disease?,1.0,1.0,1.0,1.973,0.015139,10,24814
9,D,Combined,1%,0.99,1.01,1.0,10,How is multiple sclerosis diagnosed?,1.0,1.0,1.0,1.8344,0.014318,10,25495
9,D,Combined,1%,0.99,1.01,1.0,10,What are symptoms of anemia?,1.0,1.0,1.0,1.6957,0.018168,10,23849
9,D,Combined,1%,0.99,1.01,1.0,10,How is hypothyroidism treated?,1.0,1.0,1.0,1.5048,0.014415,10,24907
9,D,Combined,1%,0.99,1.01,1.0,10,What causes chronic pain?,1.0,1.0,0.9556,2.164,0.000763,10,24925
9,D,Combined,1%,0.99,1.01,1.0,10,Describe COPD management,1.0,1.0,1.0,1.2206,0.024961,10,23996
9,D,Combined,1%,0.99,1.01,1.0,10,What are signs of liver disease?,1.0,1.0,1.0,2.0253,0.001751,10,24147
9,D,Combined,1%,0.99,1.01,1.0,10,How is epilepsy treated?,1.0,1.0,1.0,1.3592,0.017423,10,24805
9,D,Combined,1%,0.99,1.01,1.0,10,What causes osteoporosis?,1.0,1.0,1.0,1.8344,0.014093,10,24202
9,D,Combined,1%,0.99,1.01,1.0,10,Describe symptoms of anxiety disorder,1.0,1.0,1.0,1.6094,0.013862,10,24038
9,D,Combined,1%,0.99,1.01,1.0,10,What medications are used for HIV/AIDS?,1.0,1.0,1.0,1.4979,0.00964,10,24975
9,D,Combined,1%,0.99,1.01,1.0,10,How is pneumonia diagnosed?,1.0,1.0,1.0,1.8344,0.007189,10,23795
9,D,Combined,1%,0.99,1.01,1.0,10,What causes inflammatory bowel disease?,1.0,1.0,1.0,2.164,0.001515,10,24731
9,D,Combined,1%,0.99,1.01,1.0,10,Describe treatment for chronic kidney disease,1.0,1.0,1.0,1.3592,0.016581,10,24290
9,D,Combined,1%,0.99,1.01,1.0,10,What are symptoms of schizophrenia?,1.0,1.0,1.0,1.4185,0.010809,10,24570
9,D,Combined,1%,0.99,1.01,1.0,10,How is bipolar disorder managed?,1.0,1.0,1.0,1.4708,0.016122,9,23961
9,D,Combined,1%,0.99,1.01,1.0,10,What causes psoriasis?,1.0,1.0,1.0,1.6094,0.016084,10,23624
9,D,Combined,1%,0.99,1.01,1.0,10,Describe sepsis treatment,1.0,1.0,1.0,1.6434,0.017424,10,23321
9,D,Combined,1%,0.99,1.01,1.0,10,What are risk factors for cancer?,1.0,1.0,1.0,1.973,0.000536,10,24896
9,D,Combined,1%,0.99,1.01,1.0,10,How is ALS diagnosed?,1.0,1.0,1.0,1.6094,0.011345,10,24872
9,D,Combined,5%,0.95,1.05,5.0,10,What are the symptoms of type 2 diabetes?,0.9,0.9513,0.9444,2.164,0.007974,10,28007
9,D,Combined,5%,0.95,1.05,5.0,10,How is hypertension treated?,1.0,1.0,1.0,1.6094,0.007023,10,27731
9,D,Combined,5%,0.95,1.05,5.0,10,What causes heart failure?,1.0,1.0,1.0,2.0253,0.006801,10,26814
9,D,Combined,5%,0.95,1.05,5.0,10,Describe the symptoms of lupus,1.0,1.0,1.0,2.0253,0.014691,10,28043
9,D,Combined,5%,0.95,1.05,5.0,10,What medications treat depression?,1.0,1.0,1.0,2.0253,0.00806,10,24805
9,D,Combined,5%,0.95,1.05,5.0,10,How does Alzheimer's disease progress?,1.0,1.0,1.0,1.973,0.015755,10,24617
9,D,Combined,5%,0.95,1.05,5.0,10,What are risk factors for stroke?,1.0,1.0,1.0,1.3592,0.007606,10,24934
9,D,Combined,5%,0.95,1.05,5.0,10,How is asthma managed long-term?,1.0,1.0,1.0,2.0253,0.006638,10,25141
9,D,Combined,5%,0.95,1.05,5.0,10,What are signs of kidney disease?,1.0,1.0,1.0,1.8344,0.006634,10,24466
9,D,Combined,5%,0.95,1.05,5.0,10,Describe rheumatoid arthritis treatment,1.0,1.0,1.0,1.8344,0.009022,10,25513
9,D,Combined,5%,0.95,1.05,5.0,10,What causes Parkinson's disease?,1.0,1.0,1.0,1.973,0.015098,10,32347
9,D,Combined,5%,0.95,1.05,5.0,10,How is multiple sclerosis diagnosed?,1.0,1.0,1.0,1.8344,0.014328,10,27431
9,D,Combined,5%,0.95,1.05,5.0,10,What are symptoms of anemia?,1.0,1.0,0.9556,1.6957,0.018329,9,24323
9,D,Combined,5%,0.95,1.05,5.0,10,How is hypothyroidism treated?,1.0,1.0,1.0,1.5048,0.01441,10,24522
9,D,Combined,5%,0.95,1.05,5.0,10,What causes chronic pain?,1.0,1.0,1.0,2.164,0.000781,10,23186
9,D,Combined,5%,0.95,1.05,5.0,10,Describe COPD management,1.0,1.0,1.0,1.2206,0.024859,10,24141
9,D,Combined,5%,0.95,1.05,5.0,10,What are signs of liver disease?,1.0,1.0,1.0,2.0253,0.001751,10,23894
9,D,Combined,5%,0.95,1.05,5.0,10,How is epilepsy treated?,1.0,1.0,1.0,1.3592,0.017282,10,24728
9,D,Combined,5%,0.95,1.05,5.0,10,What causes osteoporosis?,1.0,1.0,1.0,1.8344,0.013971,10,28352
9,D,Combined,5%,0.95,1.05,5.0,10,Describe symptoms of anxiety disorder,1.0,1.0,1.0,1.6094,0.013857,10,24325
9,D,Combined,5%,0.95,1.05,5.0,10,What medications are used for HIV/AIDS?,1.0,1.0,1.0,1.4979,0.009544,10,27223
9,D,Combined,5%,0.95,1.05,5.0,10,How is pneumonia diagnosed?,1.0,1.0,1.0,1.8344,0.007047,10,24279
9,D,Combined,5%,0.95,1.05,5.0,10,What causes inflammatory bowel disease?,1.0,1.0,0.9556,1.973,0.00149,10,24424
9,D,Combined,5%,0.95,1.05,5.0,10,Describe treatment for chronic kidney disease,1.0,1.0,1.0,1.3592,0.016527,10,24357
9,D,Combined,5%,0.95,1.05,5.0,10,What are symptoms of schizophrenia?,1.0,1.0,0.9556,1.6957,0.010694,10,24270
9,D,Combined,5%,0.95,1.05,5.0,10,How is bipolar disorder managed?,1.0,1.0,0.9556,1.4708,0.016238,10,24551
9,D,Combined,5%,0.95,1.05,5.0,10,What causes psoriasis?,1.0,1.0,1.0,1.6094,0.01602,10,23585
9,D,Combined,5%,0.95,1.05,5.0,10,Describe sepsis treatment,1.0,1.0,1.0,1.6434,0.017374,10,23671
9,D,Combined,5%,0.95,1.05,5.0,10,What are risk factors for cancer?,1.0,1.0,1.0,2.0253,0.000527,10,25424
9,D,Combined,5%,0.95,1.05,5.0,10,How is ALS diagnosed?,1.0,1.0,1.0,1.6094,0.011208,10,23011
9,D,Combined,10%,0.9,1.1,10.0,10,What are the symptoms of type 2 diabetes?,1.0,1.0,1.0,1.8867,0.007733,10,25679
9,D,Combined,10%,0.9,1.1,10.0,10,How is hypertension treated?,1.0,1.0,1.0,1.6094,0.006971,10,24498
9,D,Combined,10%,0.9,1.1,10.0,10,What causes heart failure?,1.0,1.0,1.0,2.0253,0.006797,10,24690
9,D,Combined,10%,0.9,1.1,10.0,10,Describe the symptoms of lupus,1.0,1.0,1.0,1.8867,0.014457,10,24376
9,D,Combined,10%,0.9,1.1,10.0,10,What medications treat depression?,1.0,1.0,1.0,2.164,0.00809,10,24452
9,D,Combined,10%,0.9,1.1,10.0,10,How does Alzheimer's disease progress?,1.0,1.0,0.9556,1.973,0.01539,10,23841
9,D,Combined,10%,0.9,1.1,10.0,10,What are risk factors for stroke?,1.0,1.0,0.9556,1.3592,0.007831,10,24753
9,D,Combined,10%,0.9,1.1,10.0,10,How is asthma managed long-term?,1.0,1.0,1.0,2.164,0.006578,10,24978
9,D,Combined,10%,0.9,1.1,10.0,10,What are signs of kidney disease?,1.0,1.0,1.0,1.8344,0.006569,10,25229
9,D,Combined,10%,0.9,1.1,10.0,10,Describe rheumatoid arthritis treatment,1.0,1.0,1.0,1.8344,0.009217,10,24361
9,D,Combined,10%,0.9,1.1,10.0,10,What causes Parkinson's disease?,1.0,1.0,0.9556,1.973,0.014962,10,23809
9,D,Combined,10%,0.9,1.1,10.0,10,How is multiple sclerosis diagnosed?,1.0,1.0,0.9556,1.8344,0.01453,9,24676
9,D,Combined,10%,0.9,1.1,10.0,10,What are symptoms of anemia?,1.0,1.0,1.0,1.6957,0.017694,10,23829
9,D,Combined,10%,0.9,1.1,10.0,10,How is hypothyroidism treated?,1.0,1.0,1.0,1.5048,0.014351,10,27025
9,D,Combined,10%,0.9,1.1,10.0,10,What causes chronic pain?,1.0,1.0,0.9556,1.8867,0.000719,10,24447
9,D,Combined,10%,0.9,1.1,10.0,10,Describe COPD management,1.0,1.0,1.0,1.2206,0.024709,10,23753
9,D,Combined,10%,0.9,1.1,10.0,10,What are signs of liver disease?,1.0,1.0,1.0,1.8344,0.00164,10,26480
9,D,Combined,10%,0.9,1.1,10.0,10,How is epilepsy treated?,0.9,0.9613,1.0,1.3592,0.017466,10,23853
9,D,Combined,10%,0.9,1.1,10.0,10,What causes osteoporosis?,1.0,1.0,0.9556,1.8344,0.013971,10,26619
9,D,Combined,10%,0.9,1.1,10.0,10,Describe symptoms of anxiety disorder,1.0,0.9999,0.9111,1.5048,0.01381,10,24343
9,D,Combined,10%,0.9,1.1,10.0,10,What medications are used for HIV/AIDS?,1.0,1.0,1.0,1.4979,0.009537,10,23816
9,D,Combined,10%,0.9,1.1,10.0,10,How is pneumonia diagnosed?,1.0,1.0,0.9111,1.7481,0.007251,9,24715
9,D,Combined,10%,0.9,1.1,10.0,10,What causes inflammatory bowel disease?,1.0,1.0,1.0,2.164,0.001537,10,24137
9,D,Combined,10%,0.9,1.1,10.0,10,Describe treatment for chronic kidney disease,1.0,1.0,1.0,1.3592,0.016573,10,23869
9,D,Combined,10%,0.9,1.1,10.0,10,What are symptoms of schizophrenia?,1.0,1.0,0.9111,1.6957,0.010717,10,23895
9,D,Combined,10%,0.9,1.1,10.0,10,How is bipolar disorder managed?,1.0,1.0,0.9111,1.4708,0.015884,10,24219
9,D,Combined,10%,0.9,1.1,10.0,10,What causes psoriasis?,1.0,1.0,1.0,1.6094,0.016037,10,24761
9,D,Combined,10%,0.9,1.1,10.0,10,Describe sepsis treatment,1.0,1.0,1.0,1.6434,0.017182,10,22333
9,D,Combined,10%,0.9,1.1,10.0,10,What are risk factors for cancer?,1.0,0.9999,0.9556,1.973,0.000546,10,22791
9,D,Combined,10%,0.9,1.1,10.0,10,How is ALS diagnosed?,1.0,1.0,0.9556,1.6094,0.011214,10,22625
9,D,Combined,20%,0.8,1.2,20.0,10,What are the symptoms of type 2 diabetes?,0.9,0.9513,1.0,2.0253,0.007508,10,24305
9,D,Combined,20%,0.8,1.2,20.0,10,How is hypertension treated?,1.0,1.0,1.0,1.6094,0.006687,10,24705
9,D,Combined,20%,0.8,1.2,20.0,10,What causes heart failure?,0.9,0.948,1.0,2.0253,0.006412,10,24601
9,D,Combined,20%,0.8,1.2,20.0,10,Describe the symptoms of lupus,1.0,1.0,1.0,2.0253,0.013835,10,24183
9,D,Combined,20%,0.8,1.2,20.0,10,What medications treat depression?,1.0,0.9999,0.9556,1.8867,0.007352,10,24176
9,D,Combined,20%,0.8,1.2,20.0,10,How does Alzheimer's disease progress?,1.0,1.0,0.9556,1.973,0.015277,10,24101
9,D,Combined,20%,0.8,1.2,20.0,10,What are risk factors for stroke?,0.9,0.946,0.9444,1.4979,0.007313,10,23812
9,D,Combined,20%,0.8,1.2,20.0,10,How is asthma managed long-term?,1.0,1.0,1.0,2.0253,0.006316,10,23708
9,D,Combined,20%,0.8,1.2,20.0,10,What are signs of kidney disease?,1.0,0.9999,0.9111,1.6094,0.006326,10,24589
9,D,Combined,20%,0.8,1.2,20.0,10,Describe rheumatoid arthritis treatment,1.0,1.0,1.0,1.8344,0.008875,10,24540
9,D,Combined,20%,0.8,1.2,20.0,10,What causes Parkinson's disease?,1.0,1.0,1.0,1.973,0.014678,10,25160
9,D,Combined,20%,0.8,1.2,20.0,10,How is multiple sclerosis diagnosed?,0.9,0.9565,1.0,1.973,0.012979,10,27277
9,D,Combined,20%,0.8,1.2,20.0,10,What are symptoms of anemia?,1.0,1.0,0.8667,1.6957,0.017455,10,27037
9,D,Combined,20%,0.8,1.2,20.0,10,How is hypothyroidism treated?,1.0,0.9999,0.9111,1.5048,0.013569,10,23649
9,D,Combined,20%,0.8,1.2,20.0,10,What causes chronic pain?,1.0,0.9998,0.7778,2.0253,0.000777,10,23756
9,D,Combined,20%,0.8,1.2,20.0,10,Describe COPD management,1.0,1.0,1.0,1.2206,0.022756,10,25818
9,D,Combined,20%,0.8,1.2,20.0,10,What are signs of liver disease?,1.0,1.0,1.0,2.164,0.001644,10,27570
9,D,Combined,20%,0.8,1.2,20.0,10,How is epilepsy treated?,1.0,1.0,1.0,1.3592,0.016972,10,24289
9,D,Combined,20%,0.8,1.2,20.0,10,What causes osteoporosis?,1.0,1.0,0.9556,1.7481,0.013446,10,24293
9,D,Combined,20%,0.8,1.2,20.0,10,Describe symptoms of anxiety disorder,1.0,1.0,0.9556,1.5048,0.012996,10,23242
9,D,Combined,20%,0.8,1.2,20.0,10,What medications are used for HIV/AIDS?,1.0,1.0,1.0,1.4979,0.009384,10,24315
9,D,Combined,20%,0.8,1.2,20.0,10,How is pneumonia diagnosed?,1.0,0.9999,0.9556,1.8344,0.006775,10,22851
9,D,Combined,20%,0.8,1.2,20.0,10,What causes inflammatory bowel disease?,1.0,1.0,1.0,2.0253,0.001504,10,25503
9,D,Combined,20%,0.8,1.2,20.0,10,Describe treatment for chronic kidney disease,1.0,1.0,1.0,1.3592,0.015696,10,24013
9,D,Combined,20%,0.8,1.2,20.0,10,What are symptoms of schizophrenia?,1.0,1.0,0.9556,1.6957,0.008874,10,24421
9,D,Combined,20%,0.8,1.2,20.0,10,How is bipolar disorder managed?,1.0,1.0,1.0,1.2799,0.015387,10,24876
9,D,Combined,20%,0.8,1.2,20.0,10,What causes psoriasis?,1.0,1.0,0.9111,1.6094,0.014984,10,23706
9,D,Combined,20%,0.8,1.2,20.0,10,Describe sepsis treatment,1.0,1.0,1.0,1.6434,0.016654,10,23883
9,D,Combined,20%,0.8,1.2,20.0,10,What are risk factors for cancer?,1.0,0.9999,0.8222,2.164,0.000612,10,24661
9,D,Combined,20%,0.8,1.2,20.0,10,How is ALS diagnosed?,1.0,1.0,0.9556,1.6434,0.011449,10,23847
9,D,Combined,30%,0.7,1.3,30.0,10,What are the symptoms of type 2 diabetes?,0.9,0.9513,1.0,1.8867,0.007323,10,26009
9,D,Combined,30%,0.7,1.3,30.0,10,How is hypertension treated?,1.0,1.0,0.9556,1.8344,0.006298,10,26456
9,D,Combined,30%,0.7,1.3,30.0,10,What causes heart failure?,1.0,0.9999,0.9556,2.0253,0.006375,10,24776
9,D,Combined,30%,0.7,1.3,30.0,10,Describe the symptoms of lupus,1.0,1.0,1.0,2.164,0.013205,10,24153
9,D,Combined,30%,0.7,1.3,30.0,10,What medications treat depression?,1.0,0.9998,0.9556,2.164,0.007232,10,24431
9,D,Combined,30%,0.7,1.3,30.0,10,How does Alzheimer's disease progress?,1.0,1.0,1.0,1.8344,0.01417,10,24042
9,D,Combined,30%,0.7,1.3,30.0,10,What are risk factors for stroke?,0.9,0.9332,0.8889,1.2275,0.006986,10,25120
9,D,Combined,30%,0.7,1.3,30.0,10,How is asthma managed long-term?,1.0,0.9999,0.9556,1.8344,0.00599,10,24051
9,D,Combined,30%,0.7,1.3,30.0,10,What are signs of kidney disease?,1.0,1.0,1.0,1.8867,0.005949,10,25737
9,D,Combined,30%,0.7,1.3,30.0,10,Describe rheumatoid arthritis treatment,1.0,0.9999,0.9556,1.973,0.007989,10,24232
9,D,Combined,30%,0.7,1.3,30.0,10,What causes Parkinson's disease?,1.0,1.0,1.0,2.164,0.013375,10,24225
9,D,Combined,30%,0.7,1.3,30.0,10,How is multiple sclerosis diagnosed?,1.0,1.0,1.0,1.973,0.012435,10,24695
9,D,Combined,30%,0.7,1.3,30.0,10,What are symptoms of anemia?,1.0,0.9999,0.9111,1.8344,0.014788,10,27171
9,D,Combined,30%,0.7,1.3,30.0,10,How is hypothyroidism treated?,1.0,1.0,0.9111,1.5048,0.012397,10,25165
9,D,Combined,30%,0.7,1.3,30.0,10,What causes chronic pain?,1.0,0.9998,0.8667,2.164,0.000725,10,23878
9,D,Combined,30%,0.7,1.3,30.0,10,Describe COPD management,1.0,1.0,0.9556,1.3592,0.021856,10,23749
9,D,Combined,30%,0.7,1.3,30.0,10,What are signs of liver disease?,1.0,0.9994,0.9111,2.0253,0.001458,10,23886
9,D,Combined,30%,0.7,1.3,30.0,10,How is epilepsy treated?,0.9,0.9611,1.0,1.3592,0.015156,10,24502
9,D,Combined,30%,0.7,1.3,30.0,10,What causes osteoporosis?,1.0,0.9999,0.9556,1.8344,0.012431,10,23724
9,D,Combined,30%,0.7,1.3,30.0,10,Describe symptoms of anxiety disorder,1.0,0.9999,0.9111,1.3592,0.01286,10,24247
9,D,Combined,30%,0.7,1.3,30.0,10,What medications are used for HIV/AIDS?,1.0,1.0,0.9556,1.4979,0.008822,10,24519
9,D,Combined,30%,0.7,1.3,30.0,10,How is pneumonia diagnosed?,0.9,0.9473,0.9444,1.6094,0.006725,10,23714
9,D,Combined,30%,0.7,1.3,30.0,10,What causes inflammatory bowel disease?,0.9,0.9464,0.8889,1.973,0.001343,10,23940
9,D,Combined,30%,0.7,1.3,30.0,10,Describe treatment for chronic kidney disease,0.9,0.957,1.0,1.3592,0.013828,10,25199
9,D,Combined,30%,0.7,1.3,30.0,10,What are symptoms of schizophrenia?,0.9,0.9469,0.8333,1.6957,0.01026,10,24735
9,D,Combined,30%,0.7,1.3,30.0,10,How is bipolar disorder managed?,1.0,1.0,0.8667,1.8867,0.015103,10,24579
9,D,Combined,30%,0.7,1.3,30.0,10,What causes psoriasis?,1.0,1.0,1.0,1.6094,0.014483,10,24752
9,D,Combined,30%,0.7,1.3,30.0,10,Describe sepsis treatment,1.0,1.0,0.9556,1.6434,0.015079,10,24365
9,D,Combined,30%,0.7,1.3,30.0,10,What are risk factors for cancer?,1.0,0.9998,0.7778,1.6094,0.000397,7,24608
9,D,Combined,30%,0.7,1.3,30.0,10,How is ALS diagnosed?,0.9,0.9518,0.9444,1.7481,0.011047,10,24663
9,D,Combined,50%,0.5,1.5,50.0,10,What are the symptoms of type 2 diabetes?,0.9,0.9512,0.9444,1.8867,0.004977,10,25443
9,D,Combined,50%,0.5,1.5,50.0,10,How is hypertension treated?,0.9,0.9508,0.9444,1.8867,0.004941,10,24171
9,D,Combined,50%,0.5,1.5,50.0,10,What causes heart failure?,0.9,0.9501,1.0,2.0253,0.004978,10,23999
9,D,Combined,50%,0.5,1.5,50.0,10,Describe the symptoms of lupus,1.0,0.9999,0.9111,1.6094,0.010139,10,25398
9,D,Combined,50%,0.5,1.5,50.0,10,What medications treat depression?,1.0,0.9999,0.9556,2.0253,0.006288,10,23587
9,D,Combined,50%,0.5,1.5,50.0,10,How does Alzheimer's disease progress?,1.0,1.0,0.9556,1.973,0.011117,10,24350
9,D,Combined,50%,0.5,1.5,50.0,10,What are risk factors for stroke?,0.9,0.9446,0.6111,1.4185,0.005827,9,24801
9,D,Combined,50%,0.5,1.5,50.0,10,How is asthma managed long-term?,1.0,0.9999,0.9111,1.8344,0.005128,10,25502
9,D,Combined,50%,0.5,1.5,50.0,10,What are signs of kidney disease?,1.0,0.9998,0.8222,1.6094,0.004831,10,26116
9,D,Combined,50%,0.5,1.5,50.0,10,Describe rheumatoid arthritis treatment,0.9,0.9566,0.9444,2.164,0.006686,10,24369
9,D,Combined,50%,0.5,1.5,50.0,10,What causes Parkinson's disease?,1.0,1.0,1.0,2.0253,0.010299,10,24194
9,D,Combined,50%,0.5,1.5,50.0,10,How is multiple sclerosis diagnosed?,1.0,0.9999,0.9111,1.973,0.010089,10,23651
9,D,Combined,50%,0.5,1.5,50.0,10,What are symptoms of anemia?,1.0,1.0,1.0,1.6957,0.013378,10,24120
9,D,Combined,50%,0.5,1.5,50.0,10,How is hypothyroidism treated?,1.0,1.0,0.9111,1.6957,0.010575,10,23943
9,D,Combined,50%,0.5,1.5,50.0,10,What causes chronic pain?,0.9,0.9411,0.8889,1.973,0.000613,10,27487
9,D,Combined,50%,0.5,1.5,50.0,10,Describe COPD management,1.0,0.9998,0.9556,1.2799,0.016606,10,23698
9,D,Combined,50%,0.5,1.5,50.0,10,What are signs of liver disease?,0.9,0.9461,0.8889,1.6957,0.001361,10,24945
9,D,Combined,50%,0.5,1.5,50.0,10,How is epilepsy treated?,1.0,1.0,0.9556,1.3592,0.012097,10,24103
9,D,Combined,50%,0.5,1.5,50.0,10,What causes osteoporosis?,1.0,1.0,1.0,1.6957,0.009802,10,24201
9,D,Combined,50%,0.5,1.5,50.0,10,Describe symptoms of anxiety disorder,1.0,0.9997,0.7778,1.6094,0.009642,10,23684
9,D,Combined,50%,0.5,1.5,50.0,10,What medications are used for HIV/AIDS?,1.0,1.0,0.9556,1.7481,0.007216,10,24598
9,D,Combined,50%,0.5,1.5,50.0,10,How is pneumonia diagnosed?,0.8,0.8922,0.9286,1.5048,0.005701,10,24006
9,D,Combined,50%,0.5,1.5,50.0,10,What causes inflammatory bowel disease?,1.0,0.9985,0.8667,1.8344,0.001118,10,24817
9,D,Combined,50%,0.5,1.5,50.0,10,Describe treatment for chronic kidney disease,0.9,0.9563,0.8889,1.0889,0.011937,10,24423
9,D,Combined,50%,0.5,1.5,50.0,10,What are symptoms of schizophrenia?,0.9,0.9489,0.9444,1.4185,0.007173,9,24230
9,D,Combined,50%,0.5,1.5,50.0,10,How is bipolar disorder managed?,1.0,0.9993,0.8667,1.6957,0.00991,10,24411
9,D,Combined,50%,0.5,1.5,50.0,10,What causes psoriasis?,1.0,0.9998,0.9111,1.6957,0.011571,10,24503
9,D,Combined,50%,0.5,1.5,50.0,10,Describe sepsis treatment,1.0,1.0,0.9556,1.8344,0.014043,10,24189
9,D,Combined,50%,0.5,1.5,50.0,10,What are risk factors for cancer?,0.9,0.9339,0.7222,1.8867,0.000524,10,25814
9,D,Combined,50%,0.5,1.5,50.0,10,How is ALS diagnosed?,1.0,1.0,0.9556,1.6094,0.007426,10,24305
9,D,Combined,70%,0.3,1.7,70.0,10,What are the symptoms of type 2 diabetes?,1.0,0.9999,0.9556,1.8867,0.003157,10,25710
9,D,Combined,70%,0.3,1.7,70.0,10,How is hypertension treated?,0.9,0.9513,0.9444,1.6957,0.002967,10,25614
9,D,Combined,70%,0.3,1.7,70.0,10,What causes heart failure?,1.0,1.0,1.0,1.8867,0.003149,10,28779
9,D,Combined,70%,0.3,1.7,70.0,10,Describe the symptoms of lupus,1.0,0.9999,0.9556,1.8867,0.005729,10,27468
9,D,Combined,70%,0.3,1.7,70.0,10,What medications treat depression?,1.0,1.0,1.0,2.0253,0.003591,10,26898
9,D,Combined,70%,0.3,1.7,70.0,10,How does Alzheimer's disease progress?,1.0,1.0,0.9556,1.6094,0.007598,10,26935
9,D,Combined,70%,0.3,1.7,70.0,10,What are risk factors for stroke?,0.8,0.8701,0.8571,1.4185,0.00285,10,21382
9,D,Combined,70%,0.3,1.7,70.0,10,How is asthma managed long-term?,0.9,0.9556,0.9444,2.0253,0.002909,10,15722
9,D,Combined,70%,0.3,1.7,70.0,10,What are signs of kidney disease?,0.9,0.9475,0.6667,1.973,0.002552,10,13842
9,D,Combined,70%,0.3,1.7,70.0,10,Describe rheumatoid arthritis treatment,0.9,0.9566,1.0,1.973,0.004126,10,13052
9,D,Combined,70%,0.3,1.7,70.0,10,What causes Parkinson's disease?,0.9,0.9574,0.9444,2.0253,0.006648,10,10866
9,D,Combined,70%,0.3,1.7,70.0,10,How is multiple sclerosis diagnosed?,1.0,0.9999,0.9111,1.8344,0.006077,9,11308
9,D,Combined,70%,0.3,1.7,70.0,10,What are symptoms of anemia?,0.9,0.9536,0.8333,1.8867,0.006162,10,11391
9,D,Combined,70%,0.3,1.7,70.0,10,How is hypothyroidism treated?,0.9,0.9573,0.9444,1.8344,0.007315,10,10206
9,D,Combined,70%,0.3,1.7,70.0,10,What causes chronic pain?,0.9,0.9391,0.6111,1.973,0.000307,10,10893
9,D,Combined,70%,0.3,1.7,70.0,10,Describe COPD management,0.9,0.9557,0.8889,1.4708,0.011358,10,11122
9,D,Combined,70%,0.3,1.7,70.0,10,What are signs of liver disease?,1.0,0.9993,0.8222,2.0253,0.000592,10,10928
9,D,Combined,70%,0.3,1.7,70.0,10,How is epilepsy treated?,0.9,0.9611,0.9444,1.4979,0.007184,10,11163
9,D,Combined,70%,0.3,1.7,70.0,10,What causes osteoporosis?,0.9,0.9539,0.8333,1.7481,0.005418,10,11050
9,D,Combined,70%,0.3,1.7,70.0,10,Describe symptoms of anxiety disorder,1.0,0.9995,0.6889,1.7481,0.00529,10,12257
9,D,Combined,70%,0.3,1.7,70.0,10,What medications are used for HIV/AIDS?,0.9,0.96,0.9444,1.8344,0.004111,10,13249
9,D,Combined,70%,0.3,1.7,70.0,10,How is pneumonia diagnosed?,0.9,0.9444,0.6667,1.7481,0.0038,10,12048
9,D,Combined,70%,0.3,1.7,70.0,10,What causes inflammatory bowel disease?,1.0,0.998,0.8667,2.164,0.00067,10,12575
9,D,Combined,70%,0.3,1.7,70.0,10,Describe treatment for chronic kidney disease,1.0,0.9984,0.8667,1.3592,0.007528,10,11464
9,D,Combined,70%,0.3,1.7,70.0,10,What are symptoms of schizophrenia?,0.8,0.8959,0.8571,1.6094,0.004549,10,12394
9,D,Combined,70%,0.3,1.7,70.0,10,How is bipolar disorder managed?,1.0,0.9993,0.9111,1.6957,0.006582,10,11819
9,D,Combined,70%,0.3,1.7,70.0,10,What causes psoriasis?,0.9,0.954,0.8333,1.4185,0.008407,10,11397
9,D,Combined,70%,0.3,1.7,70.0,10,Describe sepsis treatment,1.0,1.0,0.9556,1.8867,0.007977,10,11942
9,D,Combined,70%,0.3,1.7,70.0,10,What are risk factors for cancer?,1.0,0.9971,0.6444,2.164,0.000442,10,12665
9,D,Combined,70%,0.3,1.7,70.0,10,How is ALS diagnosed?,0.8,0.891,0.9286,1.4185,0.005729,10,12415
9,D,RomeCombined,1%,0.99,1.01,1.0,10,What are the symptoms of type 2 diabetes?,1.0,1.0,1.0,2.164,0.007901,10,25009
9,D,RomeCombined,1%,0.99,1.01,1.0,10,How is hypertension treated?,1.0,1.0,1.0,1.6094,0.007062,10,25150
9,D,RomeCombined,1%,0.99,1.01,1.0,10,What causes heart failure?,1.0,1.0,1.0,2.0253,0.006828,10,23989
9,D,RomeCombined,1%,0.99,1.01,1.0,10,Describe the symptoms of lupus,1.0,1.0,1.0,2.0253,0.014636,10,27247
9,D,RomeCombined,1%,0.99,1.01,1.0,10,What medications treat depression?,1.0,1.0,1.0,2.164,0.00811,10,23873
9,D,RomeCombined,1%,0.99,1.01,1.0,10,How does Alzheimer's disease progress?,1.0,1.0,1.0,1.973,0.015843,10,25492
9,D,RomeCombined,1%,0.99,1.01,1.0,10,What are risk factors for stroke?,1.0,1.0,1.0,1.3592,0.007767,10,25186
9,D,RomeCombined,1%,0.99,1.01,1.0,10,How is asthma managed long-term?,1.0,1.0,1.0,2.164,0.006701,10,24731
9,D,RomeCombined,1%,0.99,1.01,1.0,10,What are signs of kidney disease?,1.0,1.0,1.0,1.8344,0.006635,10,28151
9,D,RomeCombined,1%,0.99,1.01,1.0,10,Describe rheumatoid arthritis treatment,1.0,1.0,1.0,1.8344,0.009166,10,26681
9,D,RomeCombined,1%,0.99,1.01,1.0,10,What causes Parkinson's disease?,1.0,1.0,1.0,1.973,0.015166,10,25366
9,D,RomeCombined,1%,0.99,1.01,1.0,10,How is multiple sclerosis diagnosed?,1.0,1.0,1.0,1.8344,0.014333,10,25441
9,D,RomeCombined,1%,0.99,1.01,1.0,10,What are symptoms of anemia?,1.0,1.0,1.0,1.6957,0.018147,10,24157
9,D,RomeCombined,1%,0.99,1.01,1.0,10,How is hypothyroidism treated?,1.0,1.0,1.0,1.5048,0.014419,10,24927
9,D,RomeCombined,1%,0.99,1.01,1.0,10,What causes chronic pain?,1.0,1.0,1.0,2.164,0.000765,10,24600
9,D,RomeCombined,1%,0.99,1.01,1.0,10,Describe COPD management,1.0,1.0,1.0,1.2206,0.024902,10,26131
9,D,RomeCombined,1%,0.99,1.01,1.0,10,What are signs of liver disease?,1.0,1.0,1.0,2.0253,0.001762,10,27649
9,D,RomeCombined,1%,0.99,1.01,1.0,10,How is epilepsy treated?,1.0,1.0,1.0,1.3592,0.017427,10,25549
9,D,RomeCombined,1%,0.99,1.01,1.0,10,What causes osteoporosis?,1.0,1.0,1.0,1.8344,0.014107,10,26486
9,D,RomeCombined,1%,0.99,1.01,1.0,10,Describe symptoms of anxiety disorder,1.0,1.0,1.0,1.6094,0.013904,10,27136
9,D,RomeCombined,1%,0.99,1.01,1.0,10,What medications are used for HIV/AIDS?,1.0,1.0,1.0,1.4979,0.009658,10,25490
9,D,RomeCombined,1%,0.99,1.01,1.0,10,How is pneumonia diagnosed?,1.0,1.0,1.0,1.8344,0.007215,10,23144
9,D,RomeCombined,1%,0.99,1.01,1.0,10,What causes inflammatory bowel disease?,1.0,1.0,0.9556,2.164,0.001512,10,24303
9,D,RomeCombined,1%,0.99,1.01,1.0,10,Describe treatment for chronic kidney disease,1.0,1.0,1.0,1.3592,0.016564,10,23454
9,D,RomeCombined,1%,0.99,1.01,1.0,10,What are symptoms of schizophrenia?,1.0,1.0,1.0,1.4185,0.010782,10,23960
9,D,RomeCombined,1%,0.99,1.01,1.0,10,How is bipolar disorder managed?,1.0,1.0,0.9556,1.4708,0.016102,9,26333
9,D,RomeCombined,1%,0.99,1.01,1.0,10,What causes psoriasis?,1.0,1.0,1.0,1.6094,0.016052,10,23512
9,D,RomeCombined,1%,0.99,1.01,1.0,10,Describe sepsis treatment,1.0,1.0,1.0,1.6434,0.017437,10,23039
9,D,RomeCombined,1%,0.99,1.01,1.0,10,What are risk factors for cancer?,1.0,1.0,1.0,2.0253,0.000535,10,23255
9,D,RomeCombined,1%,0.99,1.01,1.0,10,How is ALS diagnosed?,1.0,1.0,1.0,1.6094,0.011299,10,25052
9,D,RomeCombined,5%,0.95,1.05,5.0,10,What are the symptoms of type 2 diabetes?,1.0,1.0,1.0,2.0253,0.008024,10,26152
9,D,RomeCombined,5%,0.95,1.05,5.0,10,How is hypertension treated?,1.0,1.0,0.9556,1.6094,0.007088,10,24256
9,D,RomeCombined,5%,0.95,1.05,5.0,10,What causes heart failure?,1.0,1.0,1.0,2.0253,0.006793,10,24948
9,D,RomeCombined,5%,0.95,1.05,5.0,10,Describe the symptoms of lupus,1.0,1.0,1.0,2.0253,0.014563,10,24265
9,D,RomeCombined,5%,0.95,1.05,5.0,10,What medications treat depression?,1.0,1.0,1.0,2.3026,0.008074,10,23664
9,D,RomeCombined,5%,0.95,1.05,5.0,10,How does Alzheimer's disease progress?,1.0,1.0,1.0,1.973,0.015856,10,24122
9,D,RomeCombined,5%,0.95,1.05,5.0,10,What are risk factors for stroke?,1.0,1.0,1.0,1.4185,0.007732,10,24839
9,D,RomeCombined,5%,0.95,1.05,5.0,10,How is asthma managed long-term?,1.0,1.0,1.0,2.164,0.006705,10,25350
9,D,RomeCombined,5%,0.95,1.05,5.0,10,What are signs of kidney disease?,1.0,1.0,1.0,1.8344,0.006574,10,25273
9,D,RomeCombined,5%,0.95,1.05,5.0,10,Describe rheumatoid arthritis treatment,1.0,1.0,1.0,1.8344,0.009113,10,25337
9,D,RomeCombined,5%,0.95,1.05,5.0,10,What causes Parkinson's disease?,1.0,1.0,0.9556,1.973,0.015122,10,26610
9,D,RomeCombined,5%,0.95,1.05,5.0,10,How is multiple sclerosis diagnosed?,1.0,1.0,1.0,1.8344,0.014355,10,25303
9,D,RomeCombined,5%,0.95,1.05,5.0,10,What are symptoms of anemia?,1.0,1.0,1.0,1.6957,0.018188,10,24929
9,D,RomeCombined,5%,0.95,1.05,5.0,10,How is hypothyroidism treated?,1.0,1.0,0.9556,1.5048,0.014504,10,24912
9,D,RomeCombined,5%,0.95,1.05,5.0,10,What causes chronic pain?,1.0,1.0,0.9556,2.164,0.000742,10,24401
9,D,RomeCombined,5%,0.95,1.05,5.0,10,Describe COPD management,1.0,1.0,1.0,1.2206,0.024787,10,24591
9,D,RomeCombined,5%,0.95,1.05,5.0,10,What are signs of liver disease?,1.0,1.0,1.0,2.0253,0.00177,10,29408
9,D,RomeCombined,5%,0.95,1.05,5.0,10,How is epilepsy treated?,1.0,1.0,1.0,1.3592,0.017403,10,27685
9,D,RomeCombined,5%,0.95,1.05,5.0,10,What causes osteoporosis?,1.0,1.0,0.9556,1.7481,0.014261,10,18398
9,D,RomeCombined,5%,0.95,1.05,5.0,10,Describe symptoms of anxiety disorder,1.0,1.0,0.9556,1.6094,0.014031,10,15024
9,D,RomeCombined,5%,0.95,1.05,5.0,10,What medications are used for HIV/AIDS?,1.0,1.0,1.0,1.4979,0.009715,10,14205
9,D,RomeCombined,5%,0.95,1.05,5.0,10,How is pneumonia diagnosed?,1.0,1.0,1.0,1.7481,0.007223,10,12009
9,D,RomeCombined,5%,0.95,1.05,5.0,10,What causes inflammatory bowel disease?,1.0,1.0,1.0,2.164,0.001487,10,11582
9,D,RomeCombined,5%,0.95,1.05,5.0,10,Describe treatment for chronic kidney disease,1.0,1.0,1.0,1.3592,0.016597,10,11577
9,D,RomeCombined,5%,0.95,1.05,5.0,10,What are symptoms of schizophrenia?,1.0,1.0,0.9556,1.3592,0.010759,10,12908
9,D,RomeCombined,5%,0.95,1.05,5.0,10,How is bipolar disorder managed?,1.0,1.0,1.0,1.4708,0.01625,10,12355
9,D,RomeCombined,5%,0.95,1.05,5.0,10,What causes psoriasis?,1.0,1.0,1.0,1.6094,0.016284,10,11556
9,D,RomeCombined,5%,0.95,1.05,5.0,10,Describe sepsis treatment,1.0,1.0,1.0,1.6434,0.017395,10,12265
9,D,RomeCombined,5%,0.95,1.05,5.0,10,What are risk factors for cancer?,1.0,1.0,1.0,1.973,0.000564,10,12372
9,D,RomeCombined,5%,0.95,1.05,5.0,10,How is ALS diagnosed?,1.0,1.0,1.0,1.6094,0.011315,10,12356
9,D,RomeCombined,10%,0.9,1.1,10.0,10,What are the symptoms of type 2 diabetes?,0.9,0.9513,0.9444,2.0253,0.007763,10,25208
9,D,RomeCombined,10%,0.9,1.1,10.0,10,How is hypertension treated?,1.0,1.0,1.0,1.8344,0.006898,10,24470
9,D,RomeCombined,10%,0.9,1.1,10.0,10,What causes heart failure?,1.0,1.0,1.0,1.8867,0.006631,10,24410
9,D,RomeCombined,10%,0.9,1.1,10.0,10,Describe the symptoms of lupus,1.0,1.0,1.0,2.164,0.014285,10,25113
9,D,RomeCombined,10%,0.9,1.1,10.0,10,What medications treat depression?,1.0,1.0,1.0,2.164,0.007996,10,25900
9,D,RomeCombined,10%,0.9,1.1,10.0,10,How does Alzheimer's disease progress?,1.0,1.0,0.9556,1.973,0.015395,10,24111
9,D,RomeCombined,10%,0.9,1.1,10.0,10,What are risk factors for stroke?,1.0,1.0,1.0,1.4185,0.007757,10,24255
9,D,RomeCombined,10%,0.9,1.1,10.0,10,How is asthma managed long-term?,1.0,1.0,1.0,2.164,0.006479,10,25350
9,D,RomeCombined,10%,0.9,1.1,10.0,10,What are signs of kidney disease?,1.0,1.0,0.9556,1.6094,0.006557,10,25391
9,D,RomeCombined,10%,0.9,1.1,10.0,10,Describe rheumatoid arthritis treatment,1.0,1.0,1.0,1.8344,0.009027,10,25775
9,D,RomeCombined,10%,0.9,1.1,10.0,10,What causes Parkinson's disease?,1.0,1.0,1.0,1.973,0.015008,10,24410
9,D,RomeCombined,10%,0.9,1.1,10.0,10,How is multiple sclerosis diagnosed?,1.0,1.0,1.0,1.8344,0.014109,10,26662
9,D,RomeCombined,10%,0.9,1.1,10.0,10,What are symptoms of anemia?,1.0,1.0,1.0,1.6957,0.018185,10,24337
9,D,RomeCombined,10%,0.9,1.1,10.0,10,How is hypothyroidism treated?,1.0,1.0,1.0,1.5048,0.014302,10,24680
9,D,RomeCombined,10%,0.9,1.1,10.0,10,What causes chronic pain?,1.0,1.0,0.9111,2.0253,0.000797,10,24505
9,D,RomeCombined,10%,0.9,1.1,10.0,10,Describe COPD management,1.0,1.0,1.0,1.2206,0.024489,10,24894
9,D,RomeCombined,10%,0.9,1.1,10.0,10,What are signs of liver disease?,1.0,1.0,1.0,2.0253,0.001782,10,24289
9,D,RomeCombined,10%,0.9,1.1,10.0,10,How is epilepsy treated?,1.0,1.0,1.0,1.3592,0.017238,10,27752
9,D,RomeCombined,10%,0.9,1.1,10.0,10,What causes osteoporosis?,1.0,1.0,0.9556,1.8344,0.013643,10,24394
9,D,RomeCombined,10%,0.9,1.1,10.0,10,Describe symptoms of anxiety disorder,1.0,1.0,1.0,1.6094,0.013642,10,24812
9,D,RomeCombined,10%,0.9,1.1,10.0,10,What medications are used for HIV/AIDS?,1.0,1.0,1.0,1.4979,0.00939,10,25059
9,D,RomeCombined,10%,0.9,1.1,10.0,10,How is pneumonia diagnosed?,1.0,1.0,1.0,1.8344,0.007139,9,24764
9,D,RomeCombined,10%,0.9,1.1,10.0,10,What causes inflammatory bowel disease?,1.0,1.0,0.9556,2.164,0.00147,10,22960
9,D,RomeCombined,10%,0.9,1.1,10.0,10,Describe treatment for chronic kidney disease,1.0,1.0,0.9556,1.3592,0.016457,10,23270
9,D,RomeCombined,10%,0.9,1.1,10.0,10,What are symptoms of schizophrenia?,1.0,1.0,1.0,1.5048,0.010551,10,24161
9,D,RomeCombined,10%,0.9,1.1,10.0,10,How is bipolar disorder managed?,1.0,1.0,0.9111,1.2799,0.01573,10,23436
9,D,RomeCombined,10%,0.9,1.1,10.0,10,What causes psoriasis?,1.0,1.0,1.0,1.6094,0.015857,10,23478
9,D,RomeCombined,10%,0.9,1.1,10.0,10,Describe sepsis treatment,1.0,1.0,1.0,1.6434,0.016989,9,25138
9,D,RomeCombined,10%,0.9,1.1,10.0,10,What are risk factors for cancer?,1.0,1.0,1.0,1.973,0.000572,9,23354
9,D,RomeCombined,10%,0.9,1.1,10.0,10,How is ALS diagnosed?,1.0,1.0,1.0,1.6094,0.011318,10,23446
9,D,RomeCombined,20%,0.8,1.2,20.0,10,What are the symptoms of type 2 diabetes?,1.0,1.0,0.9556,1.8867,0.007612,10,26115
9,D,RomeCombined,20%,0.8,1.2,20.0,10,How is hypertension treated?,1.0,0.9999,0.8667,1.8344,0.006818,10,25201
9,D,RomeCombined,20%,0.8,1.2,20.0,10,What causes heart failure?,0.9,0.9479,1.0,2.0253,0.00633,10,24445
9,D,RomeCombined,20%,0.8,1.2,20.0,10,Describe the symptoms of lupus,0.9,0.9541,1.0,2.164,0.013702,10,25056
9,D,RomeCombined,20%,0.8,1.2,20.0,10,What medications treat depression?,1.0,1.0,1.0,2.164,0.007271,10,24691
9,D,RomeCombined,20%,0.8,1.2,20.0,10,How does Alzheimer's disease progress?,1.0,1.0,0.9556,1.973,0.015204,10,25032
9,D,RomeCombined,20%,0.8,1.2,20.0,10,What are risk factors for stroke?,0.9,0.946,0.9444,1.2275,0.007276,10,27742
9,D,RomeCombined,20%,0.8,1.2,20.0,10,How is asthma managed long-term?,1.0,1.0,1.0,2.0253,0.005985,10,24819
9,D,RomeCombined,20%,0.8,1.2,20.0,10,What are signs of kidney disease?,1.0,1.0,0.9556,1.8344,0.006042,10,26114
9,D,RomeCombined,20%,0.8,1.2,20.0,10,Describe rheumatoid arthritis treatment,1.0,1.0,0.9556,1.8344,0.008474,10,25426
9,D,RomeCombined,20%,0.8,1.2,20.0,10,What causes Parkinson's disease?,1.0,1.0,0.9556,1.973,0.014433,10,28236
9,D,RomeCombined,20%,0.8,1.2,20.0,10,How is multiple sclerosis diagnosed?,1.0,1.0,1.0,1.973,0.01342,10,26770
9,D,RomeCombined,20%,0.8,1.2,20.0,10,What are symptoms of anemia?,1.0,1.0,0.9556,1.6957,0.017049,10,24325
9,D,RomeCombined,20%,0.8,1.2,20.0,10,How is hypothyroidism treated?,1.0,0.9983,0.9111,1.5048,0.013466,10,24687
9,D,RomeCombined,20%,0.8,1.2,20.0,10,What causes chronic pain?,1.0,1.0,1.0,2.164,0.00067,10,24671
9,D,RomeCombined,20%,0.8,1.2,20.0,10,Describe COPD management,0.9,0.9606,0.9444,1.3592,0.023248,10,24237
9,D,RomeCombined,20%,0.8,1.2,20.0,10,What are signs of liver disease?,1.0,0.9999,0.9556,2.0253,0.001836,10,25111
9,D,RomeCombined,20%,0.8,1.2,20.0,10,How is epilepsy treated?,1.0,1.0,0.9111,1.3592,0.016145,10,25300
9,D,RomeCombined,20%,0.8,1.2,20.0,10,What causes osteoporosis?,1.0,1.0,1.0,1.8344,0.013253,10,25297
9,D,RomeCombined,20%,0.8,1.2,20.0,10,Describe symptoms of anxiety disorder,1.0,0.9999,0.9111,1.7481,0.01275,10,25951
9,D,RomeCombined,20%,0.8,1.2,20.0,10,What medications are used for HIV/AIDS?,1.0,1.0,1.0,1.4979,0.009189,10,27876
9,D,RomeCombined,20%,0.8,1.2,20.0,10,How is pneumonia diagnosed?,0.9,0.9473,0.9444,1.7481,0.007078,10,25537
9,D,RomeCombined,20%,0.8,1.2,20.0,10,What causes inflammatory bowel disease?,1.0,1.0,0.9556,1.973,0.001431,10,25494
9,D,RomeCombined,20%,0.8,1.2,20.0,10,Describe treatment for chronic kidney disease,1.0,1.0,1.0,1.3592,0.015599,10,24575
9,D,RomeCombined,20%,0.8,1.2,20.0,10,What are symptoms of schizophrenia?,0.9,0.9468,0.8889,1.4185,0.010166,10,23998
9,D,RomeCombined,20%,0.8,1.2,20.0,10,How is bipolar disorder managed?,1.0,1.0,0.9556,1.4708,0.015529,10,25188
9,D,RomeCombined,20%,0.8,1.2,20.0,10,What causes psoriasis?,1.0,1.0,1.0,1.6957,0.015574,10,23162
9,D,RomeCombined,20%,0.8,1.2,20.0,10,Describe sepsis treatment,1.0,1.0,0.9556,1.6434,0.016544,10,22989
9,D,RomeCombined,20%,0.8,1.2,20.0,10,What are risk factors for cancer?,1.0,1.0,0.9111,2.164,0.000471,10,26318
9,D,RomeCombined,20%,0.8,1.2,20.0,10,How is ALS diagnosed?,1.0,1.0,1.0,1.7481,0.010766,10,23190
9,D,RomeCombined,30%,0.7,1.3,30.0,10,What are the symptoms of type 2 diabetes?,1.0,0.9999,0.9111,2.0253,0.006554,10,25235
9,D,RomeCombined,30%,0.7,1.3,30.0,10,How is hypertension treated?,1.0,0.9999,0.9111,1.6094,0.006249,9,27061
9,D,RomeCombined,30%,0.7,1.3,30.0,10,What causes heart failure?,0.9,0.9501,1.0,1.8867,0.005993,10,27440
9,D,RomeCombined,30%,0.7,1.3,30.0,10,Describe the symptoms of lupus,0.9,0.9541,1.0,1.7481,0.012413,10,25948
9,D,RomeCombined,30%,0.7,1.3,30.0,10,What medications treat depression?,1.0,0.9999,0.9556,1.8867,0.007301,10,25629
9,D,RomeCombined,30%,0.7,1.3,30.0,10,How does Alzheimer's disease progress?,1.0,1.0,0.9556,1.973,0.014053,10,25151
9,D,RomeCombined,30%,0.7,1.3,30.0,10,What are risk factors for stroke?,0.9,0.946,0.9444,1.3592,0.006861,10,24602
9,D,RomeCombined,30%,0.7,1.3,30.0,10,How is asthma managed long-term?,1.0,1.0,1.0,2.0253,0.005891,10,26620
9,D,RomeCombined,30%,0.7,1.3,30.0,10,What are signs of kidney disease?,1.0,0.9999,0.9111,2.0253,0.005574,10,24487
9,D,RomeCombined,30%,0.7,1.3,30.0,10,Describe rheumatoid arthritis treatment,1.0,1.0,1.0,1.8344,0.008069,10,24974
9,D,RomeCombined,30%,0.7,1.3,30.0,10,What causes Parkinson's disease?,1.0,1.0,0.9556,2.0253,0.012993,10,24993
9,D,RomeCombined,30%,0.7,1.3,30.0,10,How is multiple sclerosis diagnosed?,1.0,1.0,1.0,1.8344,0.01297,10,26784
9,D,RomeCombined,30%,0.7,1.3,30.0,10,What are symptoms of anemia?,1.0,0.9999,0.9556,1.7481,0.015828,10,26830
9,D,RomeCombined,30%,0.7,1.3,30.0,10,How is hypothyroidism treated?,1.0,1.0,0.9111,1.5048,0.013466,10,24874
9,D,RomeCombined,30%,0.7,1.3,30.0,10,What causes chronic pain?,1.0,1.0,0.9556,2.0253,0.000626,10,25036
9,D,RomeCombined,30%,0.7,1.3,30.0,10,Describe COPD management,1.0,1.0,1.0,1.2206,0.021323,10,24500
9,D,RomeCombined,30%,0.7,1.3,30.0,10,What are signs of liver disease?,1.0,0.9991,0.7333,2.0253,0.001471,10,24361
9,D,RomeCombined,30%,0.7,1.3,30.0,10,How is epilepsy treated?,0.9,0.9597,1.0,1.6094,0.014766,10,25759
9,D,RomeCombined,30%,0.7,1.3,30.0,10,What causes osteoporosis?,1.0,1.0,1.0,1.8344,0.012433,10,24951
9,D,RomeCombined,30%,0.7,1.3,30.0,10,Describe symptoms of anxiety disorder,1.0,1.0,0.9556,1.4708,0.013406,10,24918
9,D,RomeCombined,30%,0.7,1.3,30.0,10,What medications are used for HIV/AIDS?,1.0,0.9999,0.9111,1.4979,0.00788,10,25263
9,D,RomeCombined,30%,0.7,1.3,30.0,10,How is pneumonia diagnosed?,0.9,0.9473,1.0,1.8344,0.006021,10,25038
9,D,RomeCombined,30%,0.7,1.3,30.0,10,What causes inflammatory bowel disease?,1.0,0.9999,0.9111,2.164,0.001426,10,24711
9,D,RomeCombined,30%,0.7,1.3,30.0,10,Describe treatment for chronic kidney disease,1.0,0.9999,0.8667,1.3592,0.014023,10,25085
9,D,RomeCombined,30%,0.7,1.3,30.0,10,What are symptoms of schizophrenia?,1.0,0.9997,0.8222,1.6957,0.008927,10,25496
9,D,RomeCombined,30%,0.7,1.3,30.0,10,How is bipolar disorder managed?,1.0,1.0,0.9111,1.7481,0.013718,10,26246
9,D,RomeCombined,30%,0.7,1.3,30.0,10,What causes psoriasis?,1.0,1.0,1.0,1.6094,0.013625,10,26130
9,D,RomeCombined,30%,0.7,1.3,30.0,10,Describe sepsis treatment,1.0,1.0,0.9111,1.6434,0.015464,10,24633
9,D,RomeCombined,30%,0.7,1.3,30.0,10,What are risk factors for cancer?,1.0,1.0,1.0,1.8344,0.000471,10,25861
9,D,RomeCombined,30%,0.7,1.3,30.0,10,How is ALS diagnosed?,1.0,1.0,0.9111,1.6094,0.010411,10,24888
9,D,RomeCombined,50%,0.5,1.5,50.0,10,What are the symptoms of type 2 diabetes?,1.0,0.9999,0.9556,1.7481,0.005678,10,25628
9,D,RomeCombined,50%,0.5,1.5,50.0,10,How is hypertension treated?,1.0,0.9999,0.9111,1.6094,0.004615,10,24838
9,D,RomeCombined,50%,0.5,1.5,50.0,10,What causes heart failure?,0.9,0.9499,0.9444,1.8867,0.004889,10,25929
9,D,RomeCombined,50%,0.5,1.5,50.0,10,Describe the symptoms of lupus,0.9,0.9541,1.0,2.164,0.010446,10,26614
9,D,RomeCombined,50%,0.5,1.5,50.0,10,What medications treat depression?,1.0,1.0,1.0,2.0253,0.005457,10,24351
9,D,RomeCombined,50%,0.5,1.5,50.0,10,How does Alzheimer's disease progress?,1.0,1.0,0.9111,1.973,0.010595,10,24706
9,D,RomeCombined,50%,0.5,1.5,50.0,10,What are risk factors for stroke?,0.8,0.8805,0.7143,1.2275,0.005121,10,24961
9,D,RomeCombined,50%,0.5,1.5,50.0,10,How is asthma managed long-term?,1.0,0.9999,0.9556,2.0253,0.00488,10,25529
9,D,RomeCombined,50%,0.5,1.5,50.0,10,What are signs of kidney disease?,1.0,1.0,0.9556,1.8867,0.004363,10,26607
9,D,RomeCombined,50%,0.5,1.5,50.0,10,Describe rheumatoid arthritis treatment,1.0,0.9999,0.9111,1.973,0.006274,10,25916
9,D,RomeCombined,50%,0.5,1.5,50.0,10,What causes Parkinson's disease?,1.0,1.0,0.9556,1.8344,0.009684,10,25036
9,D,RomeCombined,50%,0.5,1.5,50.0,10,How is multiple sclerosis diagnosed?,0.8,0.9107,1.0,1.8344,0.010171,10,25322
9,D,RomeCombined,50%,0.5,1.5,50.0,10,What are symptoms of anemia?,1.0,1.0,0.9556,1.6957,0.012417,10,25245
9,D,RomeCombined,50%,0.5,1.5,50.0,10,How is hypothyroidism treated?,0.9,0.9531,0.8889,1.6434,0.009347,10,25757
9,D,RomeCombined,50%,0.5,1.5,50.0,10,What causes chronic pain?,0.9,0.941,0.7222,1.8344,0.000437,10,24555
9,D,RomeCombined,50%,0.5,1.5,50.0,10,Describe COPD management,1.0,1.0,0.9556,1.3592,0.017226,10,27997
9,D,RomeCombined,50%,0.5,1.5,50.0,10,What are signs of liver disease?,1.0,0.9997,0.9111,1.973,0.00098,10,26558
9,D,RomeCombined,50%,0.5,1.5,50.0,10,How is epilepsy treated?,1.0,1.0,0.9556,1.3592,0.012799,10,27894
9,D,RomeCombined,50%,0.5,1.5,50.0,10,What causes osteoporosis?,1.0,0.9997,0.8667,1.7481,0.009098,10,25460
9,D,RomeCombined,50%,0.5,1.5,50.0,10,Describe symptoms of anxiety disorder,1.0,1.0,0.9556,1.4708,0.008887,10,24740
9,D,RomeCombined,50%,0.5,1.5,50.0,10,What medications are used for HIV/AIDS?,1.0,0.9999,0.9111,1.4979,0.007006,10,24762
9,D,RomeCombined,50%,0.5,1.5,50.0,10,How is pneumonia diagnosed?,1.0,1.0,1.0,1.8344,0.00447,10,25343
9,D,RomeCombined,50%,0.5,1.5,50.0,10,What causes inflammatory bowel disease?,1.0,0.9979,0.7778,1.7481,0.000951,9,24131
9,D,RomeCombined,50%,0.5,1.5,50.0,10,Describe treatment for chronic kidney disease,1.0,1.0,0.9556,1.4708,0.011114,10,23225
9,D,RomeCombined,50%,0.5,1.5,50.0,10,What are symptoms of schizophrenia?,0.9,0.9487,0.7778,1.5048,0.007627,10,22995
9,D,RomeCombined,50%,0.5,1.5,50.0,10,How is bipolar disorder managed?,1.0,0.9993,0.8222,1.6957,0.011973,10,23196
9,D,RomeCombined,50%,0.5,1.5,50.0,10,What causes psoriasis?,1.0,1.0,0.9556,1.6957,0.011211,10,24203
9,D,RomeCombined,50%,0.5,1.5,50.0,10,Describe sepsis treatment,1.0,1.0,0.9556,1.6434,0.011016,10,23044
9,D,RomeCombined,50%,0.5,1.5,50.0,10,What are risk factors for cancer?,1.0,0.9996,0.8222,2.164,0.000455,10,23710
9,D,RomeCombined,50%,0.5,1.5,50.0,10,How is ALS diagnosed?,1.0,1.0,0.9111,1.4185,0.007928,10,23158
9,D,RomeCombined,70%,0.3,1.7,70.0,10,What are the symptoms of type 2 diabetes?,1.0,1.0,1.0,1.973,0.002972,9,25082
9,D,RomeCombined,70%,0.3,1.7,70.0,10,How is hypertension treated?,1.0,1.0,1.0,1.8344,0.003191,10,24445
9,D,RomeCombined,70%,0.3,1.7,70.0,10,What causes heart failure?,1.0,0.9999,0.9111,1.8344,0.002708,10,26002
9,D,RomeCombined,70%,0.3,1.7,70.0,10,Describe the symptoms of lupus,0.9,0.9535,0.8889,1.8344,0.006834,10,24557
9,D,RomeCombined,70%,0.3,1.7,70.0,10,What medications treat depression?,1.0,1.0,1.0,2.0253,0.003087,10,24647
9,D,RomeCombined,70%,0.3,1.7,70.0,10,How does Alzheimer's disease progress?,1.0,1.0,0.8667,2.0253,0.006171,10,25094
9,D,RomeCombined,70%,0.3,1.7,70.0,10,What are risk factors for stroke?,0.9,0.943,0.8333,1.3592,0.003207,10,25090
9,D,RomeCombined,70%,0.3,1.7,70.0,10,How is asthma managed long-term?,0.9,0.9556,0.9444,1.8867,0.002619,10,25141
9,D,RomeCombined,70%,0.3,1.7,70.0,10,What are signs of kidney disease?,1.0,0.9991,0.8667,1.6094,0.002521,10,26487
9,D,RomeCombined,70%,0.3,1.7,70.0,10,Describe rheumatoid arthritis treatment,0.9,0.9566,0.9444,1.7481,0.003631,10,24783
9,D,RomeCombined,70%,0.3,1.7,70.0,10,What causes Parkinson's disease?,1.0,0.9999,0.9111,1.973,0.007111,10,25697
9,D,RomeCombined,70%,0.3,1.7,70.0,10,How is multiple sclerosis diagnosed?,0.9,0.9542,1.0,2.0253,0.006268,10,27721
9,D,RomeCombined,70%,0.3,1.7,70.0,10,What are symptoms of anemia?,1.0,1.0,0.9111,1.8344,0.006808,10,24880
9,D,RomeCombined,70%,0.3,1.7,70.0,10,How is hypothyroidism treated?,1.0,0.9998,0.8222,1.6957,0.0064,10,25475
9,D,RomeCombined,70%,0.3,1.7,70.0,10,What causes chronic pain?,0.9,0.9424,0.8333,2.164,0.000303,10,24143
9,D,RomeCombined,70%,0.3,1.7,70.0,10,Describe COPD management,0.9,0.9567,0.8333,1.3592,0.010128,10,24682
9,D,RomeCombined,70%,0.3,1.7,70.0,10,What are signs of liver disease?,0.9,0.9462,0.8889,2.0253,0.000879,10,24561
9,D,RomeCombined,70%,0.3,1.7,70.0,10,How is epilepsy treated?,0.8,0.9188,1.0,1.3592,0.00801,10,24366
9,D,RomeCombined,70%,0.3,1.7,70.0,10,What causes osteoporosis?,1.0,0.9998,0.8667,1.7481,0.005144,10,24659
9,D,RomeCombined,70%,0.3,1.7,70.0,10,Describe symptoms of anxiety disorder,0.9,0.9485,0.8333,1.8344,0.005816,9,24635
9,D,RomeCombined,70%,0.3,1.7,70.0,10,What medications are used for HIV/AIDS?,1.0,0.9999,0.9111,1.4979,0.00378,10,25959
9,D,RomeCombined,70%,0.3,1.7,70.0,10,How is pneumonia diagnosed?,1.0,1.0,0.9556,1.6094,0.002702,10,24001
9,D,RomeCombined,70%,0.3,1.7,70.0,10,What causes inflammatory bowel disease?,0.9,0.9463,0.8889,2.164,0.000585,10,28662
9,D,RomeCombined,70%,0.3,1.7,70.0,10,Describe treatment for chronic kidney disease,1.0,0.9984,0.8222,1.4708,0.007031,10,26158
9,D,RomeCombined,70%,0.3,1.7,70.0,10,What are symptoms of schizophrenia?,0.9,0.9484,0.6667,1.6957,0.00443,10,24582
9,D,RomeCombined,70%,0.3,1.7,70.0,10,How is bipolar disorder managed?,1.0,1.0,0.9111,1.7481,0.006389,10,24425
9,D,RomeCombined,70%,0.3,1.7,70.0,10,What causes psoriasis?,1.0,0.9999,0.8667,1.4185,0.007321,10,24918
9,D,RomeCombined,70%,0.3,1.7,70.0,10,Describe sepsis treatment,1.0,0.9999,0.8667,1.8344,0.007536,10,24959
9,D,RomeCombined,70%,0.3,1.7,70.0,10,What are risk factors for cancer?,1.0,0.9967,0.6444,2.0253,0.00027,10,25719
9,D,RomeCombined,70%,0.3,1.7,70.0,10,How is ALS diagnosed?,0.9,0.9513,0.8889,1.3592,0.004406,10,24141
9,D,CkksCombined,1%,0.99,1.01,1.0,10,What are the symptoms of type 2 diabetes?,1.0,1.0,1.0,2.164,0.007909,10,6093478
9,D,CkksCombined,1%,0.99,1.01,1.0,10,How is hypertension treated?,1.0,1.0,1.0,1.6094,0.007029,10,6090187
9,D,CkksCombined,1%,0.99,1.01,1.0,10,What causes heart failure?,1.0,1.0,1.0,2.0253,0.006845,10,6098712
9,D,CkksCombined,1%,0.99,1.01,1.0,10,Describe the symptoms of lupus,1.0,1.0,1.0,1.8867,0.014633,10,6107599
9,D,CkksCombined,1%,0.99,1.01,1.0,10,What medications treat depression?,1.0,1.0,1.0,2.164,0.008132,10,6106446
9,D,CkksCombined,1%,0.99,1.01,1.0,10,How does Alzheimer's disease progress?,1.0,1.0,1.0,1.973,0.015893,10,6086692
9,D,CkksCombined,1%,0.99,1.01,1.0,10,What are risk factors for stroke?,1.0,1.0,1.0,1.3592,0.007766,10,6108139
9,D,CkksCombined,1%,0.99,1.01,1.0,10,How is asthma managed long-term?,1.0,1.0,1.0,2.164,0.006689,10,6127592
9,D,CkksCombined,1%,0.99,1.01,1.0,10,What are signs of kidney disease?,1.0,1.0,1.0,1.8344,0.006649,10,6101240
9,D,CkksCombined,1%,0.99,1.01,1.0,10,Describe rheumatoid arthritis treatment,1.0,1.0,1.0,1.8344,0.009165,10,6167348
9,D,CkksCombined,1%,0.99,1.01,1.0,10,What causes Parkinson's disease?,1.0,1.0,1.0,1.973,0.015138,10,6101022
9,D,CkksCombined,1%,0.99,1.01,1.0,10,How is multiple sclerosis diagnosed?,1.0,1.0,1.0,1.8344,0.014368,10,6098228
9,D,CkksCombined,1%,0.99,1.01,1.0,10,What are symptoms of anemia?,1.0,1.0,1.0,1.6957,0.0182,10,6108174
9,D,CkksCombined,1%,0.99,1.01,1.0,10,How is hypothyroidism treated?,1.0,1.0,1.0,1.5048,0.014456,10,6092124
9,D,CkksCombined,1%,0.99,1.01,1.0,10,What causes chronic pain?,1.0,1.0,1.0,2.164,0.000761,10,6107818
9,D,CkksCombined,1%,0.99,1.01,1.0,10,Describe COPD management,1.0,1.0,1.0,1.2206,0.024913,10,6098143
9,D,CkksCombined,1%,0.99,1.01,1.0,10,What are signs of liver disease?,1.0,1.0,1.0,2.0253,0.001766,10,6078395
9,D,CkksCombined,1%,0.99,1.01,1.0,10,How is epilepsy treated?,1.0,1.0,1.0,1.3592,0.017449,10,6088238
9,D,CkksCombined,1%,0.99,1.01,1.0,10,What causes osteoporosis?,1.0,1.0,0.9556,1.8344,0.014101,10,6104953
9,D,CkksCombined,1%,0.99,1.01,1.0,10,Describe symptoms of anxiety disorder,1.0,1.0,1.0,1.6094,0.013895,10,6123127
9,D,CkksCombined,1%,0.99,1.01,1.0,10,What medications are used for HIV/AIDS?,1.0,1.0,1.0,1.4979,0.009647,10,6115837
9,D,CkksCombined,1%,0.99,1.01,1.0,10,How is pneumonia diagnosed?,1.0,1.0,1.0,1.8344,0.007229,10,6106257
9,D,CkksCombined,1%,0.99,1.01,1.0,10,What causes inflammatory bowel disease?,1.0,1.0,0.9556,1.973,0.001505,10,6087428
9,D,CkksCombined,1%,0.99,1.01,1.0,10,Describe treatment for chronic kidney disease,1.0,1.0,1.0,1.3592,0.016575,10,6091457
9,D,CkksCombined,1%,0.99,1.01,1.0,10,What are symptoms of schizophrenia?,1.0,1.0,1.0,1.4185,0.010817,10,6153059
9,D,CkksCombined,1%,0.99,1.01,1.0,10,How is bipolar disorder managed?,1.0,1.0,0.9111,1.2799,0.016135,10,6103828
9,D,CkksCombined,1%,0.99,1.01,1.0,10,What causes psoriasis?,1.0,1.0,1.0,1.6094,0.016073,10,6094042
9,D,CkksCombined,1%,0.99,1.01,1.0,10,Describe sepsis treatment,1.0,1.0,1.0,1.6434,0.01743,10,6101955
9,D,CkksCombined,1%,0.99,1.01,1.0,10,What are risk factors for cancer?,1.0,1.0,1.0,2.0253,0.000532,10,6090128
9,D,CkksCombined,1%,0.99,1.01,1.0,10,How is ALS diagnosed?,1.0,1.0,1.0,1.6094,0.011318,10,6076270
9,D,CkksCombined,5%,0.95,1.05,5.0,10,What are the symptoms of type 2 diabetes?,1.0,1.0,1.0,2.0253,0.007797,10,6247163
9,D,CkksCombined,5%,0.95,1.05,5.0,10,How is hypertension treated?,1.0,1.0,0.9556,1.8344,0.006977,10,6092920
9,D,CkksCombined,5%,0.95,1.05,5.0,10,What causes heart failure?,1.0,1.0,1.0,2.0253,0.006909,10,6235785
9,D,CkksCombined,5%,0.95,1.05,5.0,10,Describe the symptoms of lupus,1.0,1.0,1.0,2.0253,0.014564,10,6084559
9,D,CkksCombined,5%,0.95,1.05,5.0,10,What medications treat depression?,1.0,1.0,1.0,2.164,0.008141,10,6213056
9,D,CkksCombined,5%,0.95,1.05,5.0,10,How does Alzheimer's disease progress?,1.0,1.0,1.0,1.973,0.015665,10,6094663
9,D,CkksCombined,5%,0.95,1.05,5.0,10,What are risk factors for stroke?,1.0,1.0,1.0,1.4185,0.007702,10,6210352
9,D,CkksCombined,5%,0.95,1.05,5.0,10,How is asthma managed long-term?,1.0,1.0,1.0,2.0253,0.006725,10,6110777
9,D,CkksCombined,5%,0.95,1.05,5.0,10,What are signs of kidney disease?,1.0,1.0,1.0,1.8344,0.006634,10,6290517
9,D,CkksCombined,5%,0.95,1.05,5.0,10,Describe rheumatoid arthritis treatment,1.0,1.0,1.0,1.8344,0.009037,10,6083732
9,D,CkksCombined,5%,0.95,1.05,5.0,10,What causes Parkinson's disease?,1.0,1.0,1.0,1.973,0.01503,10,6250139
9,D,CkksCombined,5%,0.95,1.05,5.0,10,How is multiple sclerosis diagnosed?,1.0,1.0,1.0,1.8344,0.014356,10,6123596
9,D,CkksCombined,5%,0.95,1.05,5.0,10,What are symptoms of anemia?,1.0,1.0,1.0,1.6957,0.018157,10,6235459
9,D,CkksCombined,5%,0.95,1.05,5.0,10,How is hypothyroidism treated?,1.0,1.0,1.0,1.5048,0.014412,10,6094534
9,D,CkksCombined,5%,0.95,1.05,5.0,10,What causes chronic pain?,1.0,1.0,0.9556,2.164,0.000763,10,6224820
9,D,CkksCombined,5%,0.95,1.05,5.0,10,Describe COPD management,1.0,1.0,1.0,1.2206,0.025138,10,6090842
9,D,CkksCombined,5%,0.95,1.05,5.0,10,What are signs of liver disease?,1.0,1.0,1.0,2.0253,0.001759,10,6247767
9,D,CkksCombined,5%,0.95,1.05,5.0,10,How is epilepsy treated?,1.0,1.0,1.0,1.3592,0.01733,10,6107080
9,D,CkksCombined,5%,0.95,1.05,5.0,10,What causes osteoporosis?,1.0,1.0,1.0,1.8344,0.013982,10,6281683
9,D,CkksCombined,5%,0.95,1.05,5.0,10,Describe symptoms of anxiety disorder,1.0,1.0,1.0,1.4708,0.013731,10,6099443
9,D,CkksCombined,5%,0.95,1.05,5.0,10,What medications are used for HIV/AIDS?,1.0,1.0,1.0,1.4979,0.009739,10,6236076
9,D,CkksCombined,5%,0.95,1.05,5.0,10,How is pneumonia diagnosed?,1.0,1.0,0.9556,1.8344,0.006992,10,6097293
9,D,CkksCombined,5%,0.95,1.05,5.0,10,What causes inflammatory bowel disease?,1.0,1.0,0.9556,2.164,0.001488,10,6230176
9,D,CkksCombined,5%,0.95,1.05,5.0,10,Describe treatment for chronic kidney disease,1.0,1.0,1.0,1.3592,0.016529,10,6094527
9,D,CkksCombined,5%,0.95,1.05,5.0,10,What are symptoms of schizophrenia?,1.0,1.0,0.9556,1.5048,0.010664,10,6314298
9,D,CkksCombined,5%,0.95,1.05,5.0,10,How is bipolar disorder managed?,1.0,1.0,0.9111,1.4708,0.01606,9,6110096
9,D,CkksCombined,5%,0.95,1.05,5.0,10,What causes psoriasis?,1.0,1.0,1.0,1.6094,0.016,10,6265903
9,D,CkksCombined,5%,0.95,1.05,5.0,10,Describe sepsis treatment,1.0,1.0,1.0,1.6434,0.017559,10,6101424
9,D,CkksCombined,5%,0.95,1.05,5.0,10,What are risk factors for cancer?,1.0,1.0,1.0,2.0253,0.000567,10,6211773
9,D,CkksCombined,5%,0.95,1.05,5.0,10,How is ALS diagnosed?,1.0,1.0,1.0,1.6094,0.011265,10,6096522
9,D,CkksCombined,10%,0.9,1.1,10.0,10,What are the symptoms of type 2 diabetes?,1.0,1.0,1.0,2.0253,0.007752,10,6187984
9,D,CkksCombined,10%,0.9,1.1,10.0,10,How is hypertension treated?,1.0,1.0,0.9556,1.8344,0.007015,10,6327094
9,D,CkksCombined,10%,0.9,1.1,10.0,10,What causes heart failure?,1.0,0.9999,0.9556,2.0253,0.006666,10,6323726
9,D,CkksCombined,10%,0.9,1.1,10.0,10,Describe the symptoms of lupus,1.0,1.0,1.0,2.0253,0.01443,10,6159135
9,D,CkksCombined,10%,0.9,1.1,10.0,10,What medications treat depression?,1.0,1.0,1.0,2.0253,0.00811,10,6351162
9,D,CkksCombined,10%,0.9,1.1,10.0,10,How does Alzheimer's disease progress?,1.0,1.0,0.9556,1.973,0.015452,10,6094627
9,D,CkksCombined,10%,0.9,1.1,10.0,10,What are risk factors for stroke?,0.9,0.9461,1.0,1.4185,0.007589,10,6249889
9,D,CkksCombined,10%,0.9,1.1,10.0,10,How is asthma managed long-term?,1.0,1.0,1.0,2.0253,0.006492,10,6106273
9,D,CkksCombined,10%,0.9,1.1,10.0,10,What are signs of kidney disease?,1.0,1.0,0.9556,1.6094,0.006718,10,6264990
9,D,CkksCombined,10%,0.9,1.1,10.0,10,Describe rheumatoid arthritis treatment,1.0,1.0,1.0,1.8344,0.00897,10,6078582
9,D,CkksCombined,10%,0.9,1.1,10.0,10,What causes Parkinson's disease?,1.0,1.0,1.0,1.973,0.015054,10,6249027
9,D,CkksCombined,10%,0.9,1.1,10.0,10,How is multiple sclerosis diagnosed?,1.0,1.0,1.0,1.8344,0.014244,10,6094777
9,D,CkksCombined,10%,0.9,1.1,10.0,10,What are symptoms of anemia?,1.0,1.0,1.0,1.6957,0.018175,10,6230031
9,D,CkksCombined,10%,0.9,1.1,10.0,10,How is hypothyroidism treated?,1.0,1.0,1.0,1.5048,0.014187,10,6099574
9,D,CkksCombined,10%,0.9,1.1,10.0,10,What causes chronic pain?,1.0,1.0,1.0,2.164,0.000751,10,6297662
9,D,CkksCombined,10%,0.9,1.1,10.0,10,Describe COPD management,1.0,1.0,0.9556,1.2206,0.02425,10,6102838
9,D,CkksCombined,10%,0.9,1.1,10.0,10,What are signs of liver disease?,1.0,1.0,1.0,2.0253,0.001751,10,6191587
9,D,CkksCombined,10%,0.9,1.1,10.0,10,How is epilepsy treated?,1.0,1.0,1.0,1.6094,0.017006,10,6097263
9,D,CkksCombined,10%,0.9,1.1,10.0,10,What causes osteoporosis?,1.0,1.0,1.0,1.8867,0.014225,10,6205733
9,D,CkksCombined,10%,0.9,1.1,10.0,10,Describe symptoms of anxiety disorder,1.0,1.0,0.9556,1.4708,0.014228,10,6091598
9,D,CkksCombined,10%,0.9,1.1,10.0,10,What medications are used for HIV/AIDS?,1.0,1.0,1.0,1.4979,0.009362,10,6300170
9,D,CkksCombined,10%,0.9,1.1,10.0,10,How is pneumonia diagnosed?,1.0,1.0,1.0,1.8344,0.007123,10,6088816
9,D,CkksCombined,10%,0.9,1.1,10.0,10,What causes inflammatory bowel disease?,1.0,1.0,1.0,2.0253,0.001524,10,6257207
9,D,CkksCombined,10%,0.9,1.1,10.0,10,Describe treatment for chronic kidney disease,1.0,1.0,1.0,1.3592,0.016656,10,6098515
9,D,CkksCombined,10%,0.9,1.1,10.0,10,What are symptoms of schizophrenia?,1.0,1.0,0.9111,1.6957,0.010908,10,6163558
9,D,CkksCombined,10%,0.9,1.1,10.0,10,How is bipolar disorder managed?,1.0,1.0,0.9111,1.4708,0.015518,10,6059416
9,D,CkksCombined,10%,0.9,1.1,10.0,10,What causes psoriasis?,1.0,1.0,0.9556,1.6094,0.015899,10,6228885
9,D,CkksCombined,10%,0.9,1.1,10.0,10,Describe sepsis treatment,1.0,1.0,1.0,1.6434,0.016913,10,6096506
9,D,CkksCombined,10%,0.9,1.1,10.0,10,What are risk factors for cancer?,1.0,1.0,1.0,1.8344,0.000493,10,6218397
9,D,CkksCombined,10%,0.9,1.1,10.0,10,How is ALS diagnosed?,1.0,1.0,1.0,1.6094,0.011226,10,6081369
9,D,CkksCombined,20%,0.8,1.2,20.0,10,What are the symptoms of type 2 diabetes?,1.0,0.9999,0.9556,1.8867,0.007356,10,6234121
9,D,CkksCombined,20%,0.8,1.2,20.0,10,How is hypertension treated?,1.0,1.0,1.0,1.6094,0.006658,10,6126565
9,D,CkksCombined,20%,0.8,1.2,20.0,10,What causes heart failure?,0.9,0.9477,0.9444,1.8867,0.006087,10,6166892
9,D,CkksCombined,20%,0.8,1.2,20.0,10,Describe the symptoms of lupus,0.9,0.9541,1.0,2.164,0.014438,10,6169449
9,D,CkksCombined,20%,0.8,1.2,20.0,10,What medications treat depression?,1.0,0.9998,0.9556,2.0253,0.00744,10,6214157
9,D,CkksCombined,20%,0.8,1.2,20.0,10,How does Alzheimer's disease progress?,1.0,1.0,0.8667,1.8344,0.014785,10,6083202
9,D,CkksCombined,20%,0.8,1.2,20.0,10,What are risk factors for stroke?,0.9,0.9459,0.8333,1.0889,0.007048,9,6210403
9,D,CkksCombined,20%,0.8,1.2,20.0,10,How is asthma managed long-term?,1.0,1.0,1.0,2.0253,0.006541,10,6102671
9,D,CkksCombined,20%,0.8,1.2,20.0,10,What are signs of kidney disease?,1.0,1.0,1.0,2.0253,0.005942,10,6185823
9,D,CkksCombined,20%,0.8,1.2,20.0,10,Describe rheumatoid arthritis treatment,1.0,1.0,1.0,1.8344,0.008723,10,6096471
9,D,CkksCombined,20%,0.8,1.2,20.0,10,What causes Parkinson's disease?,1.0,1.0,0.9556,1.973,0.014695,10,6208103
9,D,CkksCombined,20%,0.8,1.2,20.0,10,How is multiple sclerosis diagnosed?,1.0,1.0,0.9556,1.8344,0.014321,10,6117516
9,D,CkksCombined,20%,0.8,1.2,20.0,10,What are symptoms of anemia?,1.0,1.0,0.9556,1.6957,0.01721,10,6191447
9,D,CkksCombined,20%,0.8,1.2,20.0,10,How is hypothyroidism treated?,1.0,1.0,1.0,1.5048,0.013704,10,6109311
9,D,CkksCombined,20%,0.8,1.2,20.0,10,What causes chronic pain?,1.0,1.0,1.0,2.164,0.000684,10,6242872
9,D,CkksCombined,20%,0.8,1.2,20.0,10,Describe COPD management,0.9,0.9606,1.0,1.4979,0.023044,10,6094419
9,D,CkksCombined,20%,0.8,1.2,20.0,10,What are signs of liver disease?,1.0,0.9999,0.9556,2.0253,0.001708,10,6166344
9,D,CkksCombined,20%,0.8,1.2,20.0,10,How is epilepsy treated?,1.0,0.9995,0.8667,1.3592,0.016642,10,6094585
9,D,CkksCombined,20%,0.8,1.2,20.0,10,What causes osteoporosis?,1.0,1.0,0.9556,1.8344,0.013195,10,6218297
9,D,CkksCombined,20%,0.8,1.2,20.0,10,Describe symptoms of anxiety disorder,1.0,0.9999,0.9556,1.4708,0.013399,10,6125142
9,D,CkksCombined,20%,0.8,1.2,20.0,10,What medications are used for HIV/AIDS?,1.0,1.0,1.0,1.4979,0.008864,10,6306272
9,D,CkksCombined,20%,0.8,1.2,20.0,10,How is pneumonia diagnosed?,1.0,1.0,0.9556,1.7481,0.007216,10,6091667
9,D,CkksCombined,20%,0.8,1.2,20.0,10,What causes inflammatory bowel disease?,1.0,0.998,0.8222,1.5571,0.001402,10,6201055
9,D,CkksCombined,20%,0.8,1.2,20.0,10,Describe treatment for chronic kidney disease,1.0,1.0,0.9556,1.4708,0.01519,10,6106148
9,D,CkksCombined,20%,0.8,1.2,20.0,10,What are symptoms of schizophrenia?,0.9,0.9491,1.0,1.4185,0.010519,10,6245075
9,D,CkksCombined,20%,0.8,1.2,20.0,10,How is bipolar disorder managed?,1.0,1.0,0.9556,1.2799,0.015168,10,6101920
9,D,CkksCombined,20%,0.8,1.2,20.0,10,What causes psoriasis?,1.0,1.0,0.9556,1.6957,0.015905,10,6200073
9,D,CkksCombined,20%,0.8,1.2,20.0,10,Describe sepsis treatment,1.0,1.0,0.9556,1.6434,0.01601,10,6090365
9,D,CkksCombined,20%,0.8,1.2,20.0,10,What are risk factors for cancer?,1.0,0.9999,0.9111,1.8344,0.000499,10,6182054
9,D,CkksCombined,20%,0.8,1.2,20.0,10,How is ALS diagnosed?,1.0,1.0,1.0,1.4979,0.010554,10,6193852
9,D,CkksCombined,30%,0.7,1.3,30.0,10,What are the symptoms of type 2 diabetes?,0.9,0.9513,0.9444,2.0253,0.007263,10,6174888
9,D,CkksCombined,30%,0.7,1.3,30.0,10,How is hypertension treated?,1.0,1.0,1.0,1.6094,0.006004,10,6091431
9,D,CkksCombined,30%,0.7,1.3,30.0,10,What causes heart failure?,1.0,1.0,0.9556,2.0253,0.00571,10,6273305
9,D,CkksCombined,30%,0.7,1.3,30.0,10,Describe the symptoms of lupus,1.0,1.0,1.0,2.0253,0.013833,10,6076561
9,D,CkksCombined,30%,0.7,1.3,30.0,10,What medications treat depression?,1.0,1.0,1.0,2.164,0.007008,10,6181257
9,D,CkksCombined,30%,0.7,1.3,30.0,10,How does Alzheimer's disease progress?,1.0,1.0,0.9556,1.973,0.014331,10,6104807
9,D,CkksCombined,30%,0.7,1.3,30.0,10,What are risk factors for stroke?,0.9,0.946,0.8889,1.4979,0.006252,10,6199252
9,D,CkksCombined,30%,0.7,1.3,30.0,10,How is asthma managed long-term?,1.0,1.0,1.0,2.0253,0.005721,10,6144464
9,D,CkksCombined,30%,0.7,1.3,30.0,10,What are signs of kidney disease?,1.0,0.9999,0.9111,1.8344,0.005797,10,6211074
9,D,CkksCombined,30%,0.7,1.3,30.0,10,Describe rheumatoid arthritis treatment,1.0,1.0,1.0,2.0253,0.007936,10,6099591
9,D,CkksCombined,30%,0.7,1.3,30.0,10,What causes Parkinson's disease?,1.0,1.0,0.9556,1.973,0.013636,10,6216085
9,D,CkksCombined,30%,0.7,1.3,30.0,10,How is multiple sclerosis diagnosed?,0.9,0.9565,1.0,1.8344,0.012308,10,6103393
9,D,CkksCombined,30%,0.7,1.3,30.0,10,What are symptoms of anemia?,1.0,1.0,1.0,1.8344,0.017079,10,6220003
9,D,CkksCombined,30%,0.7,1.3,30.0,10,How is hypothyroidism treated?,0.9,0.9556,1.0,1.5048,0.013674,10,6100107
9,D,CkksCombined,30%,0.7,1.3,30.0,10,What causes chronic pain?,1.0,0.9999,0.9556,1.973,0.0006,10,6176991
9,D,CkksCombined,30%,0.7,1.3,30.0,10,Describe COPD management,0.9,0.9586,1.0,1.3592,0.021117,10,6088371
9,D,CkksCombined,30%,0.7,1.3,30.0,10,What are signs of liver disease?,0.9,0.9454,0.7222,1.8344,0.001426,10,6210614
9,D,CkksCombined,30%,0.7,1.3,30.0,10,How is epilepsy treated?,0.9,0.9597,0.9444,1.3592,0.015209,10,6175828
9,D,CkksCombined,30%,0.7,1.3,30.0,10,What causes osteoporosis?,1.0,0.9998,0.8667,1.6957,0.013196,10,6289765
9,D,CkksCombined,30%,0.7,1.3,30.0,10,Describe symptoms of anxiety disorder,1.0,1.0,0.9556,1.6957,0.012415,10,6080669
9,D,CkksCombined,30%,0.7,1.3,30.0,10,What medications are used for HIV/AIDS?,1.0,1.0,0.9556,1.4979,0.007949,10,6212524
9,D,CkksCombined,30%,0.7,1.3,30.0,10,How is pneumonia diagnosed?,0.9,0.9471,0.9444,1.8344,0.006704,10,6082857
9,D,CkksCombined,30%,0.7,1.3,30.0,10,What causes inflammatory bowel disease?,1.0,0.9979,0.7778,2.0253,0.001437,10,6195668
9,D,CkksCombined,30%,0.7,1.3,30.0,10,Describe treatment for chronic kidney disease,1.0,1.0,0.9556,1.4708,0.014075,10,6083475
9,D,CkksCombined,30%,0.7,1.3,30.0,10,What are symptoms of schizophrenia?,0.9,0.9469,0.8889,1.4185,0.009932,10,6209338
9,D,CkksCombined,30%,0.7,1.3,30.0,10,How is bipolar disorder managed?,1.0,1.0,0.9556,1.4708,0.013808,10,6103342
9,D,CkksCombined,30%,0.7,1.3,30.0,10,What causes psoriasis?,1.0,0.9999,0.8667,1.6094,0.013853,10,6197718
9,D,CkksCombined,30%,0.7,1.3,30.0,10,Describe sepsis treatment,1.0,1.0,0.9556,1.6434,0.015028,10,6092454
9,D,CkksCombined,30%,0.7,1.3,30.0,10,What are risk factors for cancer?,0.9,0.9396,0.8333,2.0253,0.000543,10,6195549
9,D,CkksCombined,30%,0.7,1.3,30.0,10,How is ALS diagnosed?,1.0,1.0,0.9556,1.6094,0.010745,10,6092392
9,D,CkksCombined,50%,0.5,1.5,50.0,10,What are the symptoms of type 2 diabetes?,0.9,0.9509,0.8333,2.0253,0.006201,10,6303270
9,D,CkksCombined,50%,0.5,1.5,50.0,10,How is hypertension treated?,0.9,0.9527,0.9444,1.8344,0.004637,10,6090489
9,D,CkksCombined,50%,0.5,1.5,50.0,10,What causes heart failure?,0.9,0.9478,0.8889,1.8867,0.004196,10,6181015
9,D,CkksCombined,50%,0.5,1.5,50.0,10,Describe the symptoms of lupus,0.9,0.954,0.9444,2.0253,0.010365,10,6110671
9,D,CkksCombined,50%,0.5,1.5,50.0,10,What medications treat depression?,1.0,0.9999,0.9556,2.0253,0.005592,10,6100377
9,D,CkksCombined,50%,0.5,1.5,50.0,10,How does Alzheimer's disease progress?,1.0,1.0,0.9111,1.973,0.012094,10,6106692
9,D,CkksCombined,50%,0.5,1.5,50.0,10,What are risk factors for stroke?,0.9,0.9435,0.7778,1.2275,0.005573,10,6087255
9,D,CkksCombined,50%,0.5,1.5,50.0,10,How is asthma managed long-term?,1.0,0.9999,0.9556,1.7481,0.004886,10,6087261
9,D,CkksCombined,50%,0.5,1.5,50.0,10,What are signs of kidney disease?,1.0,0.9999,0.8667,1.8867,0.004115,10,6088697
9,D,CkksCombined,50%,0.5,1.5,50.0,10,Describe rheumatoid arthritis treatment,1.0,1.0,1.0,1.8344,0.00645,10,6094489
9,D,CkksCombined,50%,0.5,1.5,50.0,10,What causes Parkinson's disease?,1.0,1.0,0.9556,2.164,0.011978,10,6101560
9,D,CkksCombined,50%,0.5,1.5,50.0,10,How is multiple sclerosis diagnosed?,1.0,0.9999,0.8667,1.6094,0.008969,10,6135100
9,D,CkksCombined,50%,0.5,1.5,50.0,10,What are symptoms of anemia?,0.9,0.9533,0.8889,1.6957,0.012244,10,6096458
9,D,CkksCombined,50%,0.5,1.5,50.0,10,How is hypothyroidism treated?,1.0,1.0,1.0,1.5048,0.010171,10,6083497
9,D,CkksCombined,50%,0.5,1.5,50.0,10,What causes chronic pain?,0.9,0.9419,0.6667,2.0253,0.000423,10,6160120
9,D,CkksCombined,50%,0.5,1.5,50.0,10,Describe COPD management,1.0,0.9999,0.9556,1.3592,0.018597,10,6076556
9,D,CkksCombined,50%,0.5,1.5,50.0,10,What are signs of liver disease?,1.0,0.9991,0.8222,2.0253,0.000755,9,6098163
9,D,CkksCombined,50%,0.5,1.5,50.0,10,How is epilepsy treated?,1.0,0.9992,0.7333,1.3592,0.011369,10,6076631
9,D,CkksCombined,50%,0.5,1.5,50.0,10,What causes osteoporosis?,1.0,1.0,0.9556,1.8867,0.009465,10,6094519
9,D,CkksCombined,50%,0.5,1.5,50.0,10,Describe symptoms of anxiety disorder,1.0,1.0,1.0,1.6094,0.009353,10,6081643
9,D,CkksCombined,50%,0.5,1.5,50.0,10,What medications are used for HIV/AIDS?,1.0,0.9999,0.8667,1.4979,0.007273,10,6074424
9,D,CkksCombined,50%,0.5,1.5,50.0,10,How is pneumonia diagnosed?,1.0,0.9999,0.9111,1.7481,0.004891,10,6096484
9,D,CkksCombined,50%,0.5,1.5,50.0,10,What causes inflammatory bowel disease?,1.0,1.0,1.0,1.8867,0.000962,10,6095413
9,D,CkksCombined,50%,0.5,1.5,50.0,10,Describe treatment for chronic kidney disease,0.9,0.9569,0.8889,1.0889,0.011213,10,6113103
9,D,CkksCombined,50%,0.5,1.5,50.0,10,What are symptoms of schizophrenia?,0.9,0.9467,0.8889,1.5048,0.006872,10,6100591
9,D,CkksCombined,50%,0.5,1.5,50.0,10,How is bipolar disorder managed?,1.0,0.9998,0.9556,1.2799,0.011826,10,6077101
9,D,CkksCombined,50%,0.5,1.5,50.0,10,What causes psoriasis?,1.0,0.9999,0.9111,1.6434,0.012027,10,6108693
9,D,CkksCombined,50%,0.5,1.5,50.0,10,Describe sepsis treatment,1.0,0.9999,0.9111,1.8344,0.01215,10,6088546
9,D,CkksCombined,50%,0.5,1.5,50.0,10,What are risk factors for cancer?,1.0,0.9998,0.8222,2.0253,0.0004,10,6094373
9,D,CkksCombined,50%,0.5,1.5,50.0,10,How is ALS diagnosed?,0.9,0.9518,0.9444,1.6094,0.007462,10,6089020
9,D,CkksCombined,70%,0.3,1.7,70.0,10,What are the symptoms of type 2 diabetes?,0.9,0.9492,0.8889,1.8867,0.003322,10,6171547
9,D,CkksCombined,70%,0.3,1.7,70.0,10,How is hypertension treated?,1.0,0.9997,0.7778,1.7481,0.002976,10,6197762
9,D,CkksCombined,70%,0.3,1.7,70.0,10,What causes heart failure?,0.8,0.8978,0.8571,2.0253,0.002616,10,6198348
9,D,CkksCombined,70%,0.3,1.7,70.0,10,Describe the symptoms of lupus,0.9,0.9541,1.0,2.0253,0.005846,10,6076591
9,D,CkksCombined,70%,0.3,1.7,70.0,10,What medications treat depression?,1.0,1.0,1.0,2.0253,0.00416,10,6255918
9,D,CkksCombined,70%,0.3,1.7,70.0,10,How does Alzheimer's disease progress?,1.0,1.0,1.0,2.0253,0.006467,10,6093661
9,D,CkksCombined,70%,0.3,1.7,70.0,10,What are risk factors for stroke?,0.9,0.941,0.8889,1.4979,0.003676,10,6213979
9,D,CkksCombined,70%,0.3,1.7,70.0,10,How is asthma managed long-term?,1.0,0.9999,0.9111,1.973,0.002796,10,6086232
9,D,CkksCombined,70%,0.3,1.7,70.0,10,What are signs of kidney disease?,0.9,0.9455,0.6667,1.6957,0.003172,10,6243351
9,D,CkksCombined,70%,0.3,1.7,70.0,10,Describe rheumatoid arthritis treatment,1.0,0.9998,0.9111,2.0253,0.004202,10,6099877
9,D,CkksCombined,70%,0.3,1.7,70.0,10,What causes Parkinson's disease?,0.9,0.9574,0.9444,2.0253,0.006931,10,6211211
9,D,CkksCombined,70%,0.3,1.7,70.0,10,How is multiple sclerosis diagnosed?,0.9,0.9531,0.9444,1.6094,0.005042,10,6100228
9,D,CkksCombined,70%,0.3,1.7,70.0,10,What are symptoms of anemia?,1.0,0.9991,0.8667,1.8344,0.007175,10,6253527
9,D,CkksCombined,70%,0.3,1.7,70.0,10,How is hypothyroidism treated?,0.9,0.9573,0.9444,1.6434,0.006117,10,6116974
9,D,CkksCombined,70%,0.3,1.7,70.0,10,What causes chronic pain?,0.9,0.9384,0.6667,1.973,0.000178,9,6288640
9,D,CkksCombined,70%,0.3,1.7,70.0,10,Describe COPD management,0.9,0.9606,0.9444,1.0889,0.009998,10,6091003
9,D,CkksCombined,70%,0.3,1.7,70.0,10,What are signs of liver disease?,0.9,0.9457,0.7222,1.973,0.000796,10,6166363
9,D,CkksCombined,70%,0.3,1.7,70.0,10,How is epilepsy treated?,0.7,0.8694,0.8095,1.2206,0.00989,10,6102974
9,D,CkksCombined,70%,0.3,1.7,70.0,10,What causes osteoporosis?,1.0,0.9968,0.8667,1.6957,0.006077,10,6221622
9,D,CkksCombined,70%,0.3,1.7,70.0,10,Describe symptoms of anxiety disorder,1.0,0.9999,0.8667,1.4708,0.005748,10,6093588
9,D,CkksCombined,70%,0.3,1.7,70.0,10,What medications are used for HIV/AIDS?,1.0,0.9999,0.8667,1.4979,0.003765,10,6192008
9,D,CkksCombined,70%,0.3,1.7,70.0,10,How is pneumonia diagnosed?,0.9,0.9471,0.8889,1.6957,0.003015,10,6103562
9,D,CkksCombined,70%,0.3,1.7,70.0,10,What causes inflammatory bowel disease?,1.0,1.0,1.0,2.164,0.000755,10,6205162
9,D,CkksCombined,70%,0.3,1.7,70.0,10,Describe treatment for chronic kidney disease,1.0,0.998,0.6444,1.0889,0.008418,10,6124063
9,D,CkksCombined,70%,0.3,1.7,70.0,10,What are symptoms of schizophrenia?,0.8,0.8912,0.5714,1.6094,0.004476,10,6203986
9,D,CkksCombined,70%,0.3,1.7,70.0,10,How is bipolar disorder managed?,1.0,1.0,0.9111,1.6957,0.007563,10,6100590
9,D,CkksCombined,70%,0.3,1.7,70.0,10,What causes psoriasis?,1.0,1.0,0.9111,1.4979,0.00708,10,6178305
9,D,CkksCombined,70%,0.3,1.7,70.0,10,Describe sepsis treatment,1.0,1.0,0.9556,1.6434,0.006537,10,6091935
9,D,CkksCombined,70%,0.3,1.7,70.0,10,What are risk factors for cancer?,0.9,0.9358,0.7222,2.164,0.000226,10,6282203
9,D,CkksCombined,70%,0.3,1.7,70.0,10,How is ALS diagnosed?,0.7,0.8473,0.9048,1.4185,0.005218,10,6097336
10,D,Noise,1%,0.99,1.01,1.0,10,What are the symptoms of type 2 diabetes?,1.0,1.0,1.0,2.164,0.00791,10,24758
10,D,Noise,1%,0.99,1.01,1.0,10,How is hypertension treated?,1.0,1.0,1.0,1.6094,0.007041,10,24125
10,D,Noise,1%,0.99,1.01,1.0,10,What causes heart failure?,1.0,1.0,1.0,2.0253,0.006828,10,25505
10,D,Noise,1%,0.99,1.01,1.0,10,Describe the symptoms of lupus,1.0,1.0,1.0,2.0253,0.014634,10,24235
10,D,Noise,1%,0.99,1.01,1.0,10,What medications treat depression?,1.0,1.0,1.0,2.164,0.008116,10,23620
10,D,Noise,1%,0.99,1.01,1.0,10,How does Alzheimer's disease progress?,1.0,1.0,1.0,1.973,0.01589,10,24835
10,D,Noise,1%,0.99,1.01,1.0,10,What are risk factors for stroke?,1.0,1.0,1.0,1.4185,0.007766,10,24620
10,D,Noise,1%,0.99,1.01,1.0,10,How is asthma managed long-term?,1.0,1.0,1.0,2.164,0.006679,10,24518
10,D,Noise,1%,0.99,1.01,1.0,10,What are signs of kidney disease?,1.0,1.0,1.0,1.8344,0.006658,10,23505
10,D,Noise,1%,0.99,1.01,1.0,10,Describe rheumatoid arthritis treatment,1.0,1.0,1.0,1.8344,0.009157,10,24610
10,D,Noise,1%,0.99,1.01,1.0,10,What causes Parkinson's disease?,1.0,1.0,1.0,1.973,0.015152,10,24163
10,D,Noise,1%,0.99,1.01,1.0,10,How is multiple sclerosis diagnosed?,1.0,1.0,1.0,1.8344,0.014273,10,23777
10,D,Noise,1%,0.99,1.01,1.0,10,What are symptoms of anemia?,1.0,1.0,1.0,1.6957,0.018138,10,23199
10,D,Noise,1%,0.99,1.01,1.0,10,How is hypothyroidism treated?,1.0,1.0,1.0,1.5048,0.014414,10,27317
10,D,Noise,1%,0.99,1.01,1.0,10,What causes chronic pain?,1.0,1.0,1.0,2.164,0.000762,10,24312
10,D,Noise,1%,0.99,1.01,1.0,10,Describe COPD management,1.0,1.0,1.0,1.2206,0.024887,10,24085
10,D,Noise,1%,0.99,1.01,1.0,10,What are signs of liver disease?,1.0,1.0,1.0,2.0253,0.001759,10,25734
10,D,Noise,1%,0.99,1.01,1.0,10,How is epilepsy treated?,1.0,1.0,1.0,1.3592,0.017421,10,24309
10,D,Noise,1%,0.99,1.01,1.0,10,What causes osteoporosis?,1.0,1.0,1.0,1.8344,0.01411,10,24647
10,D,Noise,1%,0.99,1.01,1.0,10,Describe symptoms of anxiety disorder,1.0,1.0,1.0,1.6094,0.013834,10,23838
10,D,Noise,1%,0.99,1.01,1.0,10,What medications are used for HIV/AIDS?,1.0,1.0,1.0,1.4979,0.009635,10,24152
10,D,Noise,1%,0.99,1.01,1.0,10,How is pneumonia diagnosed?,1.0,1.0,1.0,1.8344,0.007209,10,24314
10,D,Noise,1%,0.99,1.01,1.0,10,What causes inflammatory bowel disease?,1.0,1.0,0.9556,1.973,0.001511,10,23762
10,D,Noise,1%,0.99,1.01,1.0,10,Describe treatment for chronic kidney disease,1.0,1.0,1.0,1.3592,0.016583,10,24404
10,D,Noise,1%,0.99,1.01,1.0,10,What are symptoms of schizophrenia?,1.0,1.0,1.0,1.6434,0.010818,10,23720
10,D,Noise,1%,0.99,1.01,1.0,10,How is bipolar disorder managed?,1.0,1.0,1.0,1.4708,0.016119,10,22794
10,D,Noise,1%,0.99,1.01,1.0,10,What causes psoriasis?,1.0,1.0,1.0,1.6094,0.016066,10,25285
10,D,Noise,1%,0.99,1.01,1.0,10,Describe sepsis treatment,1.0,1.0,1.0,1.6434,0.017462,10,22033
10,D,Noise,1%,0.99,1.01,1.0,10,What are risk factors for cancer?,1.0,1.0,0.9556,2.0253,0.000536,9,25124
10,D,Noise,1%,0.99,1.01,1.0,10,How is ALS diagnosed?,1.0,1.0,1.0,1.6094,0.011321,10,22849
10,D,Noise,5%,0.95,1.05,5.0,10,What are the symptoms of type 2 diabetes?,1.0,1.0,1.0,1.8867,0.007921,10,27003
10,D,Noise,5%,0.95,1.05,5.0,10,How is hypertension treated?,1.0,1.0,1.0,1.6094,0.007014,10,25516
10,D,Noise,5%,0.95,1.05,5.0,10,What causes heart failure?,1.0,1.0,1.0,2.0253,0.006839,10,23864
10,D,Noise,5%,0.95,1.05,5.0,10,Describe the symptoms of lupus,1.0,1.0,1.0,2.164,0.014515,10,24152
10,D,Noise,5%,0.95,1.05,5.0,10,What medications treat depression?,1.0,1.0,1.0,2.164,0.008014,10,26119
10,D,Noise,5%,0.95,1.05,5.0,10,How does Alzheimer's disease progress?,1.0,1.0,0.9556,1.973,0.015823,10,24577
10,D,Noise,5%,0.95,1.05,5.0,10,What are risk factors for stroke?,1.0,1.0,1.0,1.3592,0.007717,10,24435
10,D,Noise,5%,0.95,1.05,5.0,10,How is asthma managed long-term?,1.0,1.0,1.0,2.0253,0.006634,10,24470
10,D,Noise,5%,0.95,1.05,5.0,10,What are signs of kidney disease?,1.0,1.0,1.0,1.8344,0.006661,10,24408
10,D,Noise,5%,0.95,1.05,5.0,10,Describe rheumatoid arthritis treatment,1.0,1.0,1.0,1.8344,0.009126,10,25337
10,D,Noise,5%,0.95,1.05,5.0,10,What causes Parkinson's disease?,1.0,1.0,1.0,1.973,0.015249,10,24597
10,D,Noise,5%,0.95,1.05,5.0,10,How is multiple sclerosis diagnosed?,1.0,1.0,1.0,1.8344,0.014351,10,24646
10,D,Noise,5%,0.95,1.05,5.0,10,What are symptoms of anemia?,1.0,1.0,1.0,1.6957,0.018358,10,24145
10,D,Noise,5%,0.95,1.05,5.0,10,How is hypothyroidism treated?,1.0,1.0,1.0,1.5048,0.014417,10,27983
10,D,Noise,5%,0.95,1.05,5.0,10,What causes chronic pain?,1.0,1.0,0.9556,2.164,0.000755,10,24693
10,D,Noise,5%,0.95,1.05,5.0,10,Describe COPD management,1.0,1.0,1.0,1.2206,0.024863,10,24119
10,D,Noise,5%,0.95,1.05,5.0,10,What are signs of liver disease?,1.0,1.0,1.0,2.0253,0.001791,10,24511
10,D,Noise,5%,0.95,1.05,5.0,10,How is epilepsy treated?,1.0,1.0,1.0,1.3592,0.017463,10,24760
10,D,Noise,5%,0.95,1.05,5.0,10,What causes osteoporosis?,1.0,1.0,0.9556,1.8344,0.014174,10,24109
10,D,Noise,5%,0.95,1.05,5.0,10,Describe symptoms of anxiety disorder,1.0,1.0,0.9556,1.6094,0.013948,10,23171
10,D,Noise,5%,0.95,1.05,5.0,10,What medications are used for HIV/AIDS?,1.0,1.0,1.0,1.4979,0.009681,10,24533
10,D,Noise,5%,0.95,1.05,5.0,10,How is pneumonia diagnosed?,1.0,1.0,0.9556,1.6094,0.007063,10,24335
10,D,Noise,5%,0.95,1.05,5.0,10,What causes inflammatory bowel disease?,1.0,1.0,0.9556,2.164,0.001496,10,25271
10,D,Noise,5%,0.95,1.05,5.0,10,Describe treatment for chronic kidney disease,1.0,1.0,1.0,1.3592,0.016568,10,27154
10,D,Noise,5%,0.95,1.05,5.0,10,What are symptoms of schizophrenia?,1.0,1.0,0.9556,1.4185,0.010748,10,27179
10,D,Noise,5%,0.95,1.05,5.0,10,How is bipolar disorder managed?,1.0,1.0,0.9556,1.4708,0.016006,10,24560
10,D,Noise,5%,0.95,1.05,5.0,10,What causes psoriasis?,1.0,1.0,1.0,1.4185,0.015936,10,24306
10,D,Noise,5%,0.95,1.05,5.0,10,Describe sepsis treatment,1.0,1.0,0.9556,1.6434,0.017443,10,23709
10,D,Noise,5%,0.95,1.05,5.0,10,What are risk factors for cancer?,1.0,1.0,0.9556,1.7481,0.000537,10,25069
10,D,Noise,5%,0.95,1.05,5.0,10,How is ALS diagnosed?,1.0,1.0,1.0,1.6094,0.011352,10,24165
10,D,Noise,10%,0.9,1.1,10.0,10,What are the symptoms of type 2 diabetes?,1.0,1.0,0.9556,2.164,0.007668,10,24689
10,D,Noise,10%,0.9,1.1,10.0,10,How is hypertension treated?,1.0,1.0,1.0,1.6094,0.006912,10,23553
10,D,Noise,10%,0.9,1.1,10.0,10,What causes heart failure?,0.9,0.9501,1.0,2.0253,0.006762,10,24153
10,D,Noise,10%,0.9,1.1,10.0,10,Describe the symptoms of lupus,1.0,1.0,1.0,2.0253,0.014407,10,23901
10,D,Noise,10%,0.9,1.1,10.0,10,What medications treat depression?,1.0,1.0,1.0,2.3026,0.007862,10,24173
10,D,Noise,10%,0.9,1.1,10.0,10,How does Alzheimer's disease progress?,1.0,1.0,0.9556,1.973,0.015293,10,24172
10,D,Noise,10%,0.9,1.1,10.0,10,What are risk factors for stroke?,0.9,0.9461,1.0,1.3592,0.007616,10,26952
10,D,Noise,10%,0.9,1.1,10.0,10,How is asthma managed long-term?,1.0,1.0,1.0,2.164,0.006626,10,26270
10,D,Noise,10%,0.9,1.1,10.0,10,What are signs of kidney disease?,1.0,1.0,1.0,1.8344,0.006298,10,24410
10,D,Noise,10%,0.9,1.1,10.0,10,Describe rheumatoid arthritis treatment,1.0,1.0,1.0,1.8344,0.009044,10,24450
10,D,Noise,10%,0.9,1.1,10.0,10,What causes Parkinson's disease?,1.0,1.0,0.9556,1.973,0.015137,10,23994
10,D,Noise,10%,0.9,1.1,10.0,10,How is multiple sclerosis diagnosed?,1.0,1.0,1.0,1.8344,0.013916,10,23915
10,D,Noise,10%,0.9,1.1,10.0,10,What are symptoms of anemia?,1.0,1.0,0.9556,1.6957,0.017775,10,24778
10,D,Noise,10%,0.9,1.1,10.0,10,How is hypothyroidism treated?,1.0,1.0,0.9556,1.5048,0.014065,10,23717
10,D,Noise,10%,0.9,1.1,10.0,10,What causes chronic pain?,1.0,1.0,0.9556,2.0253,0.000707,10,23743
10,D,Noise,10%,0.9,1.1,10.0,10,Describe COPD management,0.9,0.9606,1.0,1.2206,0.024459,10,24765
10,D,Noise,10%,0.9,1.1,10.0,10,What are signs of liver disease?,1.0,1.0,1.0,2.0253,0.001765,10,24096
10,D,Noise,10%,0.9,1.1,10.0,10,How is epilepsy treated?,0.9,0.9613,1.0,1.3592,0.017234,10,24601
10,D,Noise,10%,0.9,1.1,10.0,10,What causes osteoporosis?,1.0,1.0,0.9556,1.8344,0.01391,10,24654
10,D,Noise,10%,0.9,1.1,10.0,10,Describe symptoms of anxiety disorder,1.0,1.0,0.9556,1.5048,0.013856,10,27314
10,D,Noise,10%,0.9,1.1,10.0,10,What medications are used for HIV/AIDS?,1.0,1.0,1.0,1.4979,0.009579,10,24459
10,D,Noise,10%,0.9,1.1,10.0,10,How is pneumonia diagnosed?,1.0,1.0,0.9556,1.7481,0.007111,10,25157
10,D,Noise,10%,0.9,1.1,10.0,10,What causes inflammatory bowel disease?,1.0,1.0,0.9556,2.0253,0.001508,10,23499
10,D,Noise,10%,0.9,1.1,10.0,10,Describe treatment for chronic kidney disease,1.0,1.0,1.0,1.3592,0.016218,10,23789
10,D,Noise,10%,0.9,1.1,10.0,10,What are symptoms of schizophrenia?,1.0,1.0,0.9556,1.4708,0.011004,10,24522
10,D,Noise,10%,0.9,1.1,10.0,10,How is bipolar disorder managed?,1.0,1.0,0.9111,1.4708,0.015635,10,26228
10,D,Noise,10%,0.9,1.1,10.0,10,What causes psoriasis?,1.0,1.0,0.9556,1.6094,0.015983,10,24196
10,D,Noise,10%,0.9,1.1,10.0,10,Describe sepsis treatment,1.0,1.0,1.0,1.6434,0.017219,10,23516
10,D,Noise,10%,0.9,1.1,10.0,10,What are risk factors for cancer?,1.0,1.0,0.9556,1.6957,0.000549,10,23749
10,D,Noise,10%,0.9,1.1,10.0,10,How is ALS diagnosed?,1.0,1.0,1.0,1.6094,0.011208,10,24766
10,D,Noise,20%,0.8,1.2,20.0,10,What are the symptoms of type 2 diabetes?,0.9,0.9512,0.8889,2.0253,0.007676,10,24668
10,D,Noise,20%,0.8,1.2,20.0,10,How is hypertension treated?,1.0,1.0,0.9556,1.8344,0.006819,10,24309
10,D,Noise,20%,0.8,1.2,20.0,10,What causes heart failure?,0.9,0.948,1.0,2.0253,0.006292,10,24058
10,D,Noise,20%,0.8,1.2,20.0,10,Describe the symptoms of lupus,0.9,0.9541,1.0,2.0253,0.013763,10,23512
10,D,Noise,20%,0.8,1.2,20.0,10,What medications treat depression?,1.0,0.9999,0.9556,2.164,0.008016,10,24064
10,D,Noise,20%,0.8,1.2,20.0,10,How does Alzheimer's disease progress?,1.0,1.0,0.9556,1.973,0.01467,10,24875
10,D,Noise,20%,0.8,1.2,20.0,10,What are risk factors for stroke?,0.9,0.9461,1.0,1.4185,0.007372,10,29083
10,D,Noise,20%,0.8,1.2,20.0,10,How is asthma managed long-term?,1.0,1.0,1.0,2.164,0.006482,10,24373
10,D,Noise,20%,0.8,1.2,20.0,10,What are signs of kidney disease?,1.0,1.0,0.9556,1.6094,0.006513,10,24508
10,D,Noise,20%,0.8,1.2,20.0,10,Describe rheumatoid arthritis treatment,1.0,1.0,0.9556,1.8344,0.008451,10,24637
10,D,Noise,20%,0.8,1.2,20.0,10,What causes Parkinson's disease?,1.0,1.0,0.9556,2.164,0.01487,10,24300
10,D,Noise,20%,0.8,1.2,20.0,10,How is multiple sclerosis diagnosed?,1.0,0.9999,0.9111,1.8344,0.013263,10,25141
10,D,Noise,20%,0.8,1.2,20.0,10,What are symptoms of anemia?,1.0,1.0,1.0,1.6957,0.017008,10,25164
10,D,Noise,20%,0.8,1.2,20.0,10,How is hypothyroidism treated?,1.0,1.0,0.9556,1.5048,0.013475,10,24170
10,D,Noise,20%,0.8,1.2,20.0,10,What causes chronic pain?,1.0,0.9995,0.7778,1.6094,0.000602,10,24366
10,D,Noise,20%,0.8,1.2,20.0,10,Describe COPD management,0.9,0.959,1.0,1.2206,0.023375,10,25943
10,D,Noise,20%,0.8,1.2,20.0,10,What are signs of liver disease?,1.0,1.0,1.0,1.973,0.001684,10,27803
10,D,Noise,20%,0.8,1.2,20.0,10,How is epilepsy treated?,1.0,1.0,0.9556,1.3592,0.016518,10,24415
10,D,Noise,20%,0.8,1.2,20.0,10,What causes osteoporosis?,1.0,0.9999,0.9111,1.8344,0.013145,10,25072
10,D,Noise,20%,0.8,1.2,20.0,10,Describe symptoms of anxiety disorder,1.0,1.0,0.9556,1.6094,0.012755,10,23642
10,D,Noise,20%,0.8,1.2,20.0,10,What medications are used for HIV/AIDS?,1.0,1.0,1.0,1.4979,0.008883,10,25138
10,D,Noise,20%,0.8,1.2,20.0,10,How is pneumonia diagnosed?,1.0,1.0,0.9556,1.8344,0.006895,10,24399
10,D,Noise,20%,0.8,1.2,20.0,10,What causes inflammatory bowel disease?,1.0,0.9999,0.9556,2.0253,0.001383,10,24010
10,D,Noise,20%,0.8,1.2,20.0,10,Describe treatment for chronic kidney disease,1.0,1.0,1.0,1.3592,0.016073,10,25189
10,D,Noise,20%,0.8,1.2,20.0,10,What are symptoms of schizophrenia?,0.9,0.947,0.9444,1.6434,0.010122,10,25337
10,D,Noise,20%,0.8,1.2,20.0,10,How is bipolar disorder managed?,1.0,1.0,0.9556,1.4708,0.015304,10,24762
10,D,Noise,20%,0.8,1.2,20.0,10,What causes psoriasis?,1.0,1.0,0.9556,1.6094,0.015316,10,23227
10,D,Noise,20%,0.8,1.2,20.0,10,Describe sepsis treatment,1.0,1.0,0.9556,1.6434,0.016687,10,22008
10,D,Noise,20%,0.8,1.2,20.0,10,What are risk factors for cancer?,1.0,1.0,0.9556,2.0253,0.000555,10,23140
10,D,Noise,20%,0.8,1.2,20.0,10,How is ALS diagnosed?,0.9,0.9518,1.0,1.7481,0.01089,10,22844
10,D,Noise,30%,0.7,1.3,30.0,10,What are the symptoms of type 2 diabetes?,0.9,0.9512,0.8889,2.0253,0.007003,10,25569
10,D,Noise,30%,0.7,1.3,30.0,10,How is hypertension treated?,1.0,1.0,0.9556,1.6094,0.005906,10,24196
10,D,Noise,30%,0.7,1.3,30.0,10,What causes heart failure?,1.0,1.0,0.9556,2.0253,0.005785,10,24085
10,D,Noise,30%,0.7,1.3,30.0,10,Describe the symptoms of lupus,0.9,0.954,0.9444,2.0253,0.013238,10,23385
10,D,Noise,30%,0.7,1.3,30.0,10,What medications treat depression?,1.0,1.0,1.0,2.164,0.007428,10,24905
10,D,Noise,30%,0.7,1.3,30.0,10,How does Alzheimer's disease progress?,1.0,1.0,0.9556,1.973,0.014396,10,23258
10,D,Noise,30%,0.7,1.3,30.0,10,What are risk factors for stroke?,0.9,0.9454,0.8889,1.0889,0.006828,10,23404
10,D,Noise,30%,0.7,1.3,30.0,10,How is asthma managed long-term?,1.0,1.0,1.0,2.164,0.005704,10,24649
10,D,Noise,30%,0.7,1.3,30.0,10,What are signs of kidney disease?,1.0,1.0,0.9556,1.8344,0.006133,10,23856
10,D,Noise,30%,0.7,1.3,30.0,10,Describe rheumatoid arthritis treatment,1.0,1.0,0.9556,1.8344,0.007569,10,24496
10,D,Noise,30%,0.7,1.3,30.0,10,What causes Parkinson's disease?,1.0,1.0,0.9556,1.973,0.013655,10,27427
10,D,Noise,30%,0.7,1.3,30.0,10,How is multiple sclerosis diagnosed?,1.0,1.0,1.0,1.8344,0.012533,10,23908
10,D,Noise,30%,0.7,1.3,30.0,10,What are symptoms of anemia?,1.0,0.9991,0.9111,1.8344,0.016229,10,23959
10,D,Noise,30%,0.7,1.3,30.0,10,How is hypothyroidism treated?,1.0,1.0,1.0,1.6957,0.013211,10,25315
10,D,Noise,30%,0.7,1.3,30.0,10,What causes chronic pain?,1.0,1.0,1.0,1.8867,0.000718,10,23821
10,D,Noise,30%,0.7,1.3,30.0,10,Describe COPD management,1.0,1.0,0.9556,1.2206,0.021714,10,24520
10,D,Noise,30%,0.7,1.3,30.0,10,What are signs of liver disease?,1.0,0.9999,0.9556,2.0253,0.001269,10,24010
10,D,Noise,30%,0.7,1.3,30.0,10,How is epilepsy treated?,0.9,0.961,0.8889,1.3592,0.014681,10,25027
10,D,Noise,30%,0.7,1.3,30.0,10,What causes osteoporosis?,1.0,1.0,1.0,1.6957,0.012921,10,24561
10,D,Noise,30%,0.7,1.3,30.0,10,Describe symptoms of anxiety disorder,1.0,0.9997,0.7778,1.4708,0.012934,10,23947
10,D,Noise,30%,0.7,1.3,30.0,10,What medications are used for HIV/AIDS?,1.0,1.0,0.9556,1.4979,0.00787,10,24650
10,D,Noise,30%,0.7,1.3,30.0,10,How is pneumonia diagnosed?,1.0,0.9997,0.9111,1.6957,0.006108,10,27313
10,D,Noise,30%,0.7,1.3,30.0,10,What causes inflammatory bowel disease?,1.0,1.0,0.9556,2.164,0.001492,10,26982
10,D,Noise,30%,0.7,1.3,30.0,10,Describe treatment for chronic kidney disease,0.9,0.9569,0.9444,1.4708,0.01492,10,26810
10,D,Noise,30%,0.7,1.3,30.0,10,What are symptoms of schizophrenia?,0.9,0.9489,0.8333,1.3592,0.010617,10,21861
10,D,Noise,30%,0.7,1.3,30.0,10,How is bipolar disorder managed?,1.0,1.0,0.8667,1.8344,0.013423,10,15741
10,D,Noise,30%,0.7,1.3,30.0,10,What causes psoriasis?,1.0,1.0,0.9556,1.6094,0.014054,10,13590
10,D,Noise,30%,0.7,1.3,30.0,10,Describe sepsis treatment,1.0,0.9999,0.9111,1.5048,0.015337,10,12056
10,D,Noise,30%,0.7,1.3,30.0,10,What are risk factors for cancer?,1.0,0.9997,0.7333,1.973,0.000515,10,11839
10,D,Noise,30%,0.7,1.3,30.0,10,How is ALS diagnosed?,1.0,1.0,0.9556,1.6094,0.010013,10,12604
10,D,Noise,50%,0.5,1.5,50.0,10,What are the symptoms of type 2 diabetes?,0.9,0.9491,0.8889,1.8867,0.005184,10,24486
10,D,Noise,50%,0.5,1.5,50.0,10,How is hypertension treated?,1.0,0.9998,0.9111,1.4185,0.004834,10,23131
10,D,Noise,50%,0.5,1.5,50.0,10,What causes heart failure?,0.9,0.95,0.9444,2.164,0.004399,10,23486
10,D,Noise,50%,0.5,1.5,50.0,10,Describe the symptoms of lupus,1.0,1.0,0.9556,1.8867,0.009981,10,24269
10,D,Noise,50%,0.5,1.5,50.0,10,What medications treat depression?,1.0,1.0,1.0,2.164,0.005703,10,23881
10,D,Noise,50%,0.5,1.5,50.0,10,How does Alzheimer's disease progress?,1.0,1.0,0.9111,1.973,0.011014,10,24347
10,D,Noise,50%,0.5,1.5,50.0,10,What are risk factors for stroke?,1.0,0.9996,0.8222,0.9404,0.005477,10,23426
10,D,Noise,50%,0.5,1.5,50.0,10,How is asthma managed long-term?,1.0,1.0,1.0,1.973,0.004032,10,24438
10,D,Noise,50%,0.5,1.5,50.0,10,What are signs of kidney disease?,1.0,0.9999,0.8667,1.8344,0.004034,10,25096
10,D,Noise,50%,0.5,1.5,50.0,10,Describe rheumatoid arthritis treatment,1.0,1.0,1.0,1.973,0.006376,10,25265
10,D,Noise,50%,0.5,1.5,50.0,10,What causes Parkinson's disease?,1.0,1.0,0.9556,1.973,0.010687,10,24305
10,D,Noise,50%,0.5,1.5,50.0,10,How is multiple sclerosis diagnosed?,1.0,1.0,0.9556,1.973,0.009665,10,25760
10,D,Noise,50%,0.5,1.5,50.0,10,What are symptoms of anemia?,1.0,0.9991,0.9111,2.0253,0.011085,10,24785
10,D,Noise,50%,0.5,1.5,50.0,10,How is hypothyroidism treated?,1.0,1.0,0.9556,1.6434,0.009959,10,23979
10,D,Noise,50%,0.5,1.5,50.0,10,What causes chronic pain?,1.0,0.9998,0.8222,1.8344,0.000482,10,23794
10,D,Noise,50%,0.5,1.5,50.0,10,Describe COPD management,1.0,0.9999,0.9111,1.2206,0.017453,10,25577
10,D,Noise,50%,0.5,1.5,50.0,10,What are signs of liver disease?,1.0,0.9992,0.8222,2.0253,0.001128,10,24174
10,D,Noise,50%,0.5,1.5,50.0,10,How is epilepsy treated?,0.9,0.9613,1.0,1.6957,0.012814,10,25668
10,D,Noise,50%,0.5,1.5,50.0,10,What causes osteoporosis?,1.0,1.0,0.9111,1.8344,0.00909,10,25078
10,D,Noise,50%,0.5,1.5,50.0,10,Describe symptoms of anxiety disorder,0.9,0.9504,0.7222,1.6957,0.010331,10,24223
10,D,Noise,50%,0.5,1.5,50.0,10,What medications are used for HIV/AIDS?,1.0,0.9999,0.9111,1.4979,0.006691,10,25111
10,D,Noise,50%,0.5,1.5,50.0,10,How is pneumonia diagnosed?,1.0,0.9996,0.8222,1.6094,0.00538,10,23782
10,D,Noise,50%,0.5,1.5,50.0,10,What causes inflammatory bowel disease?,1.0,0.9996,0.8222,1.8344,0.001019,10,23407
10,D,Noise,50%,0.5,1.5,50.0,10,Describe treatment for chronic kidney disease,1.0,1.0,0.9556,1.3592,0.011216,10,23884
10,D,Noise,50%,0.5,1.5,50.0,10,What are symptoms of schizophrenia?,0.9,0.9468,0.8889,1.6957,0.008385,10,24785
10,D,Noise,50%,0.5,1.5,50.0,10,How is bipolar disorder managed?,1.0,1.0,0.8667,1.6957,0.012168,10,25313
10,D,Noise,50%,0.5,1.5,50.0,10,What causes psoriasis?,1.0,0.9999,0.9111,1.6434,0.011054,10,25599
10,D,Noise,50%,0.5,1.5,50.0,10,Describe sepsis treatment,1.0,1.0,0.9556,1.6434,0.012593,10,24668
10,D,Noise,50%,0.5,1.5,50.0,10,What are risk factors for cancer?,1.0,0.9998,0.8667,2.164,0.000415,10,24268
10,D,Noise,50%,0.5,1.5,50.0,10,How is ALS diagnosed?,1.0,0.9999,0.8667,1.6094,0.008008,10,24384
10,D,Noise,70%,0.3,1.7,70.0,10,What are the symptoms of type 2 diabetes?,0.9,0.9511,0.8889,2.0253,0.003625,10,24721
10,D,Noise,70%,0.3,1.7,70.0,10,How is hypertension treated?,1.0,0.9998,0.8667,1.6094,0.003066,10,23291
10,D,Noise,70%,0.3,1.7,70.0,10,What causes heart failure?,0.9,0.9452,0.9444,2.164,0.002211,10,26729
10,D,Noise,70%,0.3,1.7,70.0,10,Describe the symptoms of lupus,0.8,0.905,1.0,1.8344,0.008252,10,25434
10,D,Noise,70%,0.3,1.7,70.0,10,What medications treat depression?,1.0,1.0,1.0,2.0253,0.003093,10,27029
10,D,Noise,70%,0.3,1.7,70.0,10,How does Alzheimer's disease progress?,1.0,1.0,0.9556,1.8344,0.00656,10,26767
10,D,Noise,70%,0.3,1.7,70.0,10,What are risk factors for stroke?,1.0,0.9995,0.7778,1.2275,0.003706,10,25625
10,D,Noise,70%,0.3,1.7,70.0,10,How is asthma managed long-term?,0.9,0.9513,0.9444,1.6094,0.002831,10,24853
10,D,Noise,70%,0.3,1.7,70.0,10,What are signs of kidney disease?,0.9,0.9484,0.7778,1.8344,0.002214,10,17927
10,D,Noise,70%,0.3,1.7,70.0,10,Describe rheumatoid arthritis treatment,0.9,0.9565,0.8889,1.8867,0.004017,10,15149
10,D,Noise,70%,0.3,1.7,70.0,10,What causes Parkinson's disease?,1.0,1.0,1.0,2.164,0.006159,10,12830
10,D,Noise,70%,0.3,1.7,70.0,10,How is multiple sclerosis diagnosed?,1.0,0.9998,0.8222,1.973,0.006926,10,12295
10,D,Noise,70%,0.3,1.7,70.0,10,What are symptoms of anemia?,0.9,0.9535,0.9444,1.7481,0.009216,10,12487
10,D,Noise,70%,0.3,1.7,70.0,10,How is hypothyroidism treated?,0.9,0.9573,0.9444,2.0253,0.005928,10,12255
10,D,Noise,70%,0.3,1.7,70.0,10,What causes chronic pain?,0.9,0.9413,0.8333,1.8867,0.00036,10,10474
10,D,Noise,70%,0.3,1.7,70.0,10,Describe COPD management,0.9,0.9544,0.9444,1.1683,0.009918,10,11983
10,D,Noise,70%,0.3,1.7,70.0,10,What are signs of liver disease?,1.0,0.9989,0.7333,1.973,0.000951,10,10816
10,D,Noise,70%,0.3,1.7,70.0,10,How is epilepsy treated?,0.8,0.919,0.8571,1.4979,0.007221,10,10140
10,D,Noise,70%,0.3,1.7,70.0,10,What causes osteoporosis?,1.0,1.0,0.9111,1.6957,0.006406,10,11339
10,D,Noise,70%,0.3,1.7,70.0,10,Describe symptoms of anxiety disorder,1.0,0.9998,0.8667,1.8344,0.006734,10,11325
10,D,Noise,70%,0.3,1.7,70.0,10,What medications are used for HIV/AIDS?,1.0,0.9999,0.9111,1.4979,0.003703,10,11024
10,D,Noise,70%,0.3,1.7,70.0,10,How is pneumonia diagnosed?,0.9,0.9446,0.7778,1.6434,0.002761,10,10128
10,D,Noise,70%,0.3,1.7,70.0,10,What causes inflammatory bowel disease?,0.9,0.9445,0.8333,1.5571,0.000676,10,10403
10,D,Noise,70%,0.3,1.7,70.0,10,Describe treatment for chronic kidney disease,1.0,0.9999,0.8222,1.6094,0.006356,10,10834
10,D,Noise,70%,0.3,1.7,70.0,10,What are symptoms of schizophrenia?,0.9,0.9489,0.7222,1.8344,0.004734,10,11165
10,D,Noise,70%,0.3,1.7,70.0,10,How is bipolar disorder managed?,1.0,1.0,0.9556,1.4708,0.006563,10,11091
10,D,Noise,70%,0.3,1.7,70.0,10,What causes psoriasis?,1.0,0.9999,0.8667,1.6094,0.006575,10,10162
10,D,Noise,70%,0.3,1.7,70.0,10,Describe sepsis treatment,1.0,0.9999,0.8667,1.973,0.007778,10,10629
10,D,Noise,70%,0.3,1.7,70.0,10,What are risk factors for cancer?,0.9,0.936,0.8889,1.8867,0.000212,10,11302
10,D,Noise,70%,0.3,1.7,70.0,10,How is ALS diagnosed?,1.0,1.0,0.9111,1.6094,0.004241,10,10539
10,D,Combined,1%,0.99,1.01,1.0,10,What are the symptoms of type 2 diabetes?,1.0,1.0,1.0,2.164,0.007913,10,25758
10,D,Combined,1%,0.99,1.01,1.0,10,How is hypertension treated?,1.0,1.0,1.0,1.6094,0.007058,10,25486
10,D,Combined,1%,0.99,1.01,1.0,10,What causes heart failure?,1.0,1.0,1.0,2.0253,0.006831,10,24497
10,D,Combined,1%,0.99,1.01,1.0,10,Describe the symptoms of lupus,1.0,1.0,1.0,2.0253,0.014627,10,24152
10,D,Combined,1%,0.99,1.01,1.0,10,What medications treat depression?,1.0,1.0,1.0,2.164,0.00812,10,24230
10,D,Combined,1%,0.99,1.01,1.0,10,How does Alzheimer's disease progress?,1.0,1.0,1.0,1.973,0.015852,10,24842
10,D,Combined,1%,0.99,1.01,1.0,10,What are risk factors for stroke?,1.0,1.0,1.0,1.3592,0.007757,10,24131
10,D,Combined,1%,0.99,1.01,1.0,10,How is asthma managed long-term?,1.0,1.0,1.0,2.164,0.00669,10,26037
10,D,Combined,1%,0.99,1.01,1.0,10,What are signs of kidney disease?,1.0,1.0,1.0,1.8344,0.006629,10,24387
10,D,Combined,1%,0.99,1.01,1.0,10,Describe rheumatoid arthritis treatment,1.0,1.0,1.0,1.8344,0.009174,10,24027
10,D,Combined,1%,0.99,1.01,1.0,10,What causes Parkinson's disease?,1.0,1.0,1.0,1.973,0.015151,10,23648
10,D,Combined,1%,0.99,1.01,1.0,10,How is multiple sclerosis diagnosed?,1.0,1.0,1.0,1.8344,0.014337,10,26127
10,D,Combined,1%,0.99,1.01,1.0,10,What are symptoms of anemia?,1.0,1.0,1.0,1.6957,0.018215,10,27458
10,D,Combined,1%,0.99,1.01,1.0,10,How is hypothyroidism treated?,1.0,1.0,1.0,1.5048,0.014427,10,26980
10,D,Combined,1%,0.99,1.01,1.0,10,What causes chronic pain?,1.0,1.0,1.0,2.164,0.000763,10,18090
10,D,Combined,1%,0.99,1.01,1.0,10,Describe COPD management,1.0,1.0,1.0,1.2206,0.024912,10,14595
10,D,Combined,1%,0.99,1.01,1.0,10,What are signs of liver disease?,1.0,1.0,1.0,2.0253,0.001762,10,12287
10,D,Combined,1%,0.99,1.01,1.0,10,How is epilepsy treated?,1.0,1.0,1.0,1.3592,0.017437,10,10764
10,D,Combined,1%,0.99,1.01,1.0,10,What causes osteoporosis?,1.0,1.0,0.9556,1.8344,0.014115,10,11522
10,D,Combined,1%,0.99,1.01,1.0,10,Describe symptoms of anxiety disorder,1.0,1.0,1.0,1.6094,0.013911,10,10446
10,D,Combined,1%,0.99,1.01,1.0,10,What medications are used for HIV/AIDS?,1.0,1.0,1.0,1.4979,0.00966,10,11967
10,D,Combined,1%,0.99,1.01,1.0,10,How is pneumonia diagnosed?,1.0,1.0,1.0,1.8344,0.007221,10,11958
10,D,Combined,1%,0.99,1.01,1.0,10,What causes inflammatory bowel disease?,1.0,1.0,1.0,2.164,0.001515,10,10617
10,D,Combined,1%,0.99,1.01,1.0,10,Describe treatment for chronic kidney disease,1.0,1.0,1.0,1.3592,0.016584,10,11673
10,D,Combined,1%,0.99,1.01,1.0,10,What are symptoms of schizophrenia?,1.0,1.0,1.0,1.6957,0.010798,10,12015
10,D,Combined,1%,0.99,1.01,1.0,10,How is bipolar disorder managed?,1.0,1.0,0.9556,1.4708,0.016119,10,10712
10,D,Combined,1%,0.99,1.01,1.0,10,What causes psoriasis?,1.0,1.0,1.0,1.6094,0.016084,10,10456
10,D,Combined,1%,0.99,1.01,1.0,10,Describe sepsis treatment,1.0,1.0,1.0,1.6434,0.017436,10,12529
10,D,Combined,1%,0.99,1.01,1.0,10,What are risk factors for cancer?,1.0,1.0,1.0,2.0253,0.000537,10,10430
10,D,Combined,1%,0.99,1.01,1.0,10,How is ALS diagnosed?,1.0,1.0,1.0,1.6094,0.011326,10,11585
10,D,Combined,5%,0.95,1.05,5.0,10,What are the symptoms of type 2 diabetes?,1.0,1.0,1.0,2.0253,0.007882,10,25479
10,D,Combined,5%,0.95,1.05,5.0,10,How is hypertension treated?,1.0,1.0,1.0,1.6094,0.006914,10,23697
10,D,Combined,5%,0.95,1.05,5.0,10,What causes heart failure?,1.0,1.0,1.0,2.0253,0.006758,10,24115
10,D,Combined,5%,0.95,1.05,5.0,10,Describe the symptoms of lupus,1.0,1.0,1.0,2.0253,0.014533,10,26480
10,D,Combined,5%,0.95,1.05,5.0,10,What medications treat depression?,1.0,1.0,1.0,2.0253,0.008014,10,25879
10,D,Combined,5%,0.95,1.05,5.0,10,How does Alzheimer's disease progress?,1.0,1.0,1.0,1.973,0.015856,10,24439
10,D,Combined,5%,0.95,1.05,5.0,10,What are risk factors for stroke?,1.0,1.0,1.0,1.3592,0.007741,10,24035
10,D,Combined,5%,0.95,1.05,5.0,10,How is asthma managed long-term?,1.0,1.0,1.0,2.164,0.006612,10,24449
10,D,Combined,5%,0.95,1.05,5.0,10,What are signs of kidney disease?,1.0,1.0,1.0,1.8344,0.006609,10,24009
10,D,Combined,5%,0.95,1.05,5.0,10,Describe rheumatoid arthritis treatment,1.0,1.0,1.0,1.8344,0.009058,10,23359
10,D,Combined,5%,0.95,1.05,5.0,10,What causes Parkinson's disease?,1.0,1.0,1.0,1.973,0.015178,10,26796
10,D,Combined,5%,0.95,1.05,5.0,10,How is multiple sclerosis diagnosed?,1.0,1.0,0.9556,1.8344,0.014062,10,23853
10,D,Combined,5%,0.95,1.05,5.0,10,What are symptoms of anemia?,1.0,1.0,1.0,1.6957,0.018085,10,23622
10,D,Combined,5%,0.95,1.05,5.0,10,How is hypothyroidism treated?,1.0,1.0,1.0,1.5048,0.014346,10,23953
10,D,Combined,5%,0.95,1.05,5.0,10,What causes chronic pain?,1.0,1.0,0.9556,2.164,0.000769,10,24428
10,D,Combined,5%,0.95,1.05,5.0,10,Describe COPD management,1.0,1.0,1.0,1.2206,0.024913,10,24118
10,D,Combined,5%,0.95,1.05,5.0,10,What are signs of liver disease?,1.0,1.0,1.0,2.0253,0.00175,10,23526
10,D,Combined,5%,0.95,1.05,5.0,10,How is epilepsy treated?,1.0,1.0,1.0,1.3592,0.017332,10,24465
10,D,Combined,5%,0.95,1.05,5.0,10,What causes osteoporosis?,1.0,1.0,1.0,1.8344,0.014021,10,24692
10,D,Combined,5%,0.95,1.05,5.0,10,Describe symptoms of anxiety disorder,1.0,1.0,1.0,1.6094,0.013856,10,25043
10,D,Combined,5%,0.95,1.05,5.0,10,What medications are used for HIV/AIDS?,1.0,1.0,1.0,1.4979,0.009595,10,25577
10,D,Combined,5%,0.95,1.05,5.0,10,How is pneumonia diagnosed?,1.0,1.0,0.9556,1.8344,0.00721,10,23997
10,D,Combined,5%,0.95,1.05,5.0,10,What causes inflammatory bowel disease?,1.0,1.0,0.9556,2.164,0.001485,10,24312
10,D,Combined,5%,0.95,1.05,5.0,10,Describe treatment for chronic kidney disease,1.0,1.0,1.0,1.3592,0.01635,10,27517
10,D,Combined,5%,0.95,1.05,5.0,10,What are symptoms of schizophrenia?,1.0,1.0,1.0,1.6094,0.010757,10,24286
10,D,Combined,5%,0.95,1.05,5.0,10,How is bipolar disorder managed?,1.0,1.0,0.9111,1.2799,0.015995,9,25433
10,D,Combined,5%,0.95,1.05,5.0,10,What causes psoriasis?,1.0,1.0,1.0,1.6094,0.015977,10,24316
10,D,Combined,5%,0.95,1.05,5.0,10,Describe sepsis treatment,1.0,1.0,1.0,1.6434,0.01734,10,23363
10,D,Combined,5%,0.95,1.05,5.0,10,What are risk factors for cancer?,1.0,1.0,0.9556,2.0253,0.000524,10,23796
10,D,Combined,5%,0.95,1.05,5.0,10,How is ALS diagnosed?,1.0,1.0,1.0,1.6094,0.011252,10,24261
10,D,Combined,10%,0.9,1.1,10.0,10,What are the symptoms of type 2 diabetes?,1.0,1.0,0.9556,2.0253,0.007938,10,26379
10,D,Combined,10%,0.9,1.1,10.0,10,How is hypertension treated?,1.0,1.0,0.9111,1.6094,0.006828,10,24100
10,D,Combined,10%,0.9,1.1,10.0,10,What causes heart failure?,1.0,1.0,1.0,2.164,0.006763,10,24818
10,D,Combined,10%,0.9,1.1,10.0,10,Describe the symptoms of lupus,1.0,1.0,1.0,2.0253,0.014359,10,25228
10,D,Combined,10%,0.9,1.1,10.0,10,What medications treat depression?,1.0,1.0,1.0,2.164,0.007945,10,23993
10,D,Combined,10%,0.9,1.1,10.0,10,How does Alzheimer's disease progress?,1.0,1.0,1.0,1.8344,0.015916,10,26605
10,D,Combined,10%,0.9,1.1,10.0,10,What are risk factors for stroke?,1.0,1.0,0.9556,1.4979,0.007832,10,24655
10,D,Combined,10%,0.9,1.1,10.0,10,How is asthma managed long-term?,1.0,1.0,1.0,2.164,0.006599,10,24984
10,D,Combined,10%,0.9,1.1,10.0,10,What are signs of kidney disease?,1.0,0.9999,0.9111,1.8344,0.006624,10,25118
10,D,Combined,10%,0.9,1.1,10.0,10,Describe rheumatoid arthritis treatment,1.0,1.0,1.0,1.8344,0.009194,10,25249
10,D,Combined,10%,0.9,1.1,10.0,10,What causes Parkinson's disease?,1.0,1.0,0.9556,1.973,0.015022,10,24345
10,D,Combined,10%,0.9,1.1,10.0,10,How is multiple sclerosis diagnosed?,1.0,1.0,0.9556,1.8344,0.014657,10,23838
10,D,Combined,10%,0.9,1.1,10.0,10,What are symptoms of anemia?,1.0,1.0,0.9556,1.6957,0.018173,10,24283
10,D,Combined,10%,0.9,1.1,10.0,10,How is hypothyroidism treated?,1.0,1.0,1.0,1.5048,0.014084,10,24684
10,D,Combined,10%,0.9,1.1,10.0,10,What causes chronic pain?,1.0,1.0,1.0,1.8344,0.000756,10,23414
10,D,Combined,10%,0.9,1.1,10.0,10,Describe COPD management,1.0,1.0,1.0,1.2206,0.024505,10,24829
10,D,Combined,10%,0.9,1.1,10.0,10,What are signs of liver disease?,1.0,1.0,1.0,1.8344,0.001738,10,24539
10,D,Combined,10%,0.9,1.1,10.0,10,How is epilepsy treated?,1.0,1.0,1.0,1.3592,0.017292,10,24683
10,D,Combined,10%,0.9,1.1,10.0,10,What causes osteoporosis?,1.0,1.0,1.0,1.8344,0.014021,10,24590
10,D,Combined,10%,0.9,1.1,10.0,10,Describe symptoms of anxiety disorder,1.0,1.0,1.0,1.6094,0.013997,10,23975
10,D,Combined,10%,0.9,1.1,10.0,10,What medications are used for HIV/AIDS?,1.0,1.0,1.0,1.4979,0.009445,10,25191
10,D,Combined,10%,0.9,1.1,10.0,10,How is pneumonia diagnosed?,1.0,1.0,0.9111,1.8344,0.007153,10,23899
10,D,Combined,10%,0.9,1.1,10.0,10,What causes inflammatory bowel disease?,1.0,1.0,0.9556,2.164,0.001504,10,23870
10,D,Combined,10%,0.9,1.1,10.0,10,Describe treatment for chronic kidney disease,1.0,1.0,0.9556,1.3592,0.016228,9,23269
10,D,Combined,10%,0.9,1.1,10.0,10,What are symptoms of schizophrenia?,1.0,1.0,1.0,1.4708,0.011079,10,23810
10,D,Combined,10%,0.9,1.1,10.0,10,How is bipolar disorder managed?,1.0,1.0,0.9111,1.2799,0.015752,10,24381
10,D,Combined,10%,0.9,1.1,10.0,10,What causes psoriasis?,1.0,1.0,0.9556,1.6094,0.015761,10,27268
10,D,Combined,10%,0.9,1.1,10.0,10,Describe sepsis treatment,1.0,1.0,0.9556,1.6434,0.017248,10,24738
10,D,Combined,10%,0.9,1.1,10.0,10,What are risk factors for cancer?,1.0,1.0,0.9111,2.0253,0.000524,10,24391
10,D,Combined,10%,0.9,1.1,10.0,10,How is ALS diagnosed?,1.0,1.0,0.9111,1.6094,0.011213,9,23756
10,D,Combined,20%,0.8,1.2,20.0,10,What are the symptoms of type 2 diabetes?,1.0,0.9999,0.9556,1.7481,0.007428,10,24949
10,D,Combined,20%,0.8,1.2,20.0,10,How is hypertension treated?,1.0,1.0,1.0,1.8344,0.006658,10,24084
10,D,Combined,20%,0.8,1.2,20.0,10,What causes heart failure?,1.0,0.9998,0.9111,2.0253,0.006435,10,24609
10,D,Combined,20%,0.8,1.2,20.0,10,Describe the symptoms of lupus,1.0,1.0,0.9556,2.0253,0.013602,10,24024
10,D,Combined,20%,0.8,1.2,20.0,10,What medications treat depression?,1.0,1.0,1.0,2.0253,0.007859,10,24270
10,D,Combined,20%,0.8,1.2,20.0,10,How does Alzheimer's disease progress?,1.0,1.0,1.0,1.973,0.014832,10,24280
10,D,Combined,20%,0.8,1.2,20.0,10,What are risk factors for stroke?,1.0,0.9999,0.9111,1.4185,0.007192,10,25836
10,D,Combined,20%,0.8,1.2,20.0,10,How is asthma managed long-term?,1.0,0.9999,0.9556,2.0253,0.006377,9,26628
10,D,Combined,20%,0.8,1.2,20.0,10,What are signs of kidney disease?,1.0,1.0,1.0,1.6094,0.006034,10,24218
10,D,Combined,20%,0.8,1.2,20.0,10,Describe rheumatoid arthritis treatment,1.0,1.0,1.0,1.8344,0.008818,10,24238
10,D,Combined,20%,0.8,1.2,20.0,10,What causes Parkinson's disease?,1.0,1.0,0.9556,1.973,0.014319,10,26027
10,D,Combined,20%,0.8,1.2,20.0,10,How is multiple sclerosis diagnosed?,1.0,0.9999,0.9111,1.8344,0.014112,10,23397
10,D,Combined,20%,0.8,1.2,20.0,10,What are symptoms of anemia?,1.0,1.0,1.0,1.5571,0.016454,10,24371
10,D,Combined,20%,0.8,1.2,20.0,10,How is hypothyroidism treated?,1.0,0.9999,0.9111,1.5048,0.013557,10,25196
10,D,Combined,20%,0.8,1.2,20.0,10,What causes chronic pain?,1.0,0.9999,0.9111,1.973,0.000678,10,24140
10,D,Combined,20%,0.8,1.2,20.0,10,Describe COPD management,1.0,1.0,1.0,1.3592,0.024329,10,25202
10,D,Combined,20%,0.8,1.2,20.0,10,What are signs of liver disease?,1.0,1.0,1.0,2.164,0.001626,10,24958
10,D,Combined,20%,0.8,1.2,20.0,10,How is epilepsy treated?,0.9,0.9613,1.0,1.3592,0.01741,10,24060
10,D,Combined,20%,0.8,1.2,20.0,10,What causes osteoporosis?,1.0,0.9999,0.9556,1.6957,0.013565,10,24085
10,D,Combined,20%,0.8,1.2,20.0,10,Describe symptoms of anxiety disorder,1.0,1.0,1.0,1.4708,0.012642,10,24903
10,D,Combined,20%,0.8,1.2,20.0,10,What medications are used for HIV/AIDS?,1.0,1.0,1.0,1.4979,0.009546,10,24805
10,D,Combined,20%,0.8,1.2,20.0,10,How is pneumonia diagnosed?,1.0,1.0,1.0,1.6094,0.007274,10,23717
10,D,Combined,20%,0.8,1.2,20.0,10,What causes inflammatory bowel disease?,1.0,1.0,0.9556,2.164,0.001527,10,24390
10,D,Combined,20%,0.8,1.2,20.0,10,Describe treatment for chronic kidney disease,1.0,1.0,1.0,1.4708,0.015353,10,25874
10,D,Combined,20%,0.8,1.2,20.0,10,What are symptoms of schizophrenia?,1.0,0.9999,0.8667,1.6434,0.010379,10,25202
10,D,Combined,20%,0.8,1.2,20.0,10,How is bipolar disorder managed?,1.0,1.0,0.9556,1.4708,0.014941,10,23502
10,D,Combined,20%,0.8,1.2,20.0,10,What causes psoriasis?,1.0,1.0,0.9556,1.6094,0.01552,10,24164
10,D,Combined,20%,0.8,1.2,20.0,10,Describe sepsis treatment,1.0,1.0,0.9556,1.8344,0.016836,10,24093
10,D,Combined,20%,0.8,1.2,20.0,10,What are risk factors for cancer?,1.0,1.0,0.9556,1.973,0.000528,10,25329
10,D,Combined,20%,0.8,1.2,20.0,10,How is ALS diagnosed?,1.0,1.0,1.0,1.6094,0.010946,10,23956
10,D,Combined,30%,0.7,1.3,30.0,10,What are the symptoms of type 2 diabetes?,1.0,1.0,0.9556,2.0253,0.007012,10,27821
10,D,Combined,30%,0.7,1.3,30.0,10,How is hypertension treated?,1.0,0.9996,0.8222,1.6957,0.006297,10,24079
10,D,Combined,30%,0.7,1.3,30.0,10,What causes heart failure?,0.9,0.9479,0.9444,2.0253,0.006009,10,24185
10,D,Combined,30%,0.7,1.3,30.0,10,Describe the symptoms of lupus,1.0,1.0,1.0,2.164,0.013951,10,24461
10,D,Combined,30%,0.7,1.3,30.0,10,What medications treat depression?,1.0,1.0,1.0,2.3026,0.006801,10,23171
10,D,Combined,30%,0.7,1.3,30.0,10,How does Alzheimer's disease progress?,1.0,1.0,0.9111,1.973,0.013708,10,26629
10,D,Combined,30%,0.7,1.3,30.0,10,What are risk factors for stroke?,0.9,0.941,0.9444,1.4979,0.007047,10,23573
10,D,Combined,30%,0.7,1.3,30.0,10,How is asthma managed long-term?,1.0,1.0,1.0,2.0253,0.005883,10,24810
10,D,Combined,30%,0.7,1.3,30.0,10,What are signs of kidney disease?,1.0,1.0,1.0,2.164,0.005485,10,24087
10,D,Combined,30%,0.7,1.3,30.0,10,Describe rheumatoid arthritis treatment,0.9,0.9566,1.0,1.8344,0.007893,10,25362
10,D,Combined,30%,0.7,1.3,30.0,10,What causes Parkinson's disease?,1.0,1.0,0.9556,1.973,0.013359,10,25566
10,D,Combined,30%,0.7,1.3,30.0,10,How is multiple sclerosis diagnosed?,1.0,1.0,0.9556,1.8344,0.012141,10,24664
10,D,Combined,30%,0.7,1.3,30.0,10,What are symptoms of anemia?,1.0,0.9999,0.9556,1.6957,0.015606,10,26096
10,D,Combined,30%,0.7,1.3,30.0,10,How is hypothyroidism treated?,1.0,1.0,0.9111,1.6434,0.012109,10,24938
10,D,Combined,30%,0.7,1.3,30.0,10,What causes chronic pain?,1.0,0.9999,0.8667,1.8344,0.000567,10,23714
10,D,Combined,30%,0.7,1.3,30.0,10,Describe COPD management,0.9,0.9606,0.9444,1.3592,0.021693,10,24832
10,D,Combined,30%,0.7,1.3,30.0,10,What are signs of liver disease?,1.0,0.9999,0.9111,2.0253,0.001831,10,24274
10,D,Combined,30%,0.7,1.3,30.0,10,How is epilepsy treated?,0.9,0.9608,0.8889,1.3592,0.015711,10,24203
10,D,Combined,30%,0.7,1.3,30.0,10,What causes osteoporosis?,1.0,0.9999,0.9111,1.8344,0.012456,10,23765
10,D,Combined,30%,0.7,1.3,30.0,10,Describe symptoms of anxiety disorder,1.0,1.0,0.9556,1.5048,0.012835,10,24295
10,D,Combined,30%,0.7,1.3,30.0,10,What medications are used for HIV/AIDS?,1.0,1.0,0.9556,1.4979,0.009225,10,26851
10,D,Combined,30%,0.7,1.3,30.0,10,How is pneumonia diagnosed?,1.0,1.0,1.0,1.8867,0.006592,9,24403
10,D,Combined,30%,0.7,1.3,30.0,10,What causes inflammatory bowel disease?,0.9,0.9463,0.8333,2.164,0.00144,10,24653
10,D,Combined,30%,0.7,1.3,30.0,10,Describe treatment for chronic kidney disease,0.9,0.957,1.0,1.3592,0.014128,10,22288
10,D,Combined,30%,0.7,1.3,30.0,10,What are symptoms of schizophrenia?,0.9,0.9489,0.7222,1.1683,0.008955,10,22464
10,D,Combined,30%,0.7,1.3,30.0,10,How is bipolar disorder managed?,1.0,1.0,0.8667,1.4708,0.01501,10,23290
10,D,Combined,30%,0.7,1.3,30.0,10,What causes psoriasis?,1.0,1.0,0.9111,1.6094,0.014396,10,22523
10,D,Combined,30%,0.7,1.3,30.0,10,Describe sepsis treatment,1.0,1.0,0.9556,1.8344,0.01575,10,22076
10,D,Combined,30%,0.7,1.3,30.0,10,What are risk factors for cancer?,1.0,0.9998,0.8222,2.0253,0.000612,9,22527
10,D,Combined,30%,0.7,1.3,30.0,10,How is ALS diagnosed?,0.9,0.9514,0.9444,1.6094,0.009757,10,22466
10,D,Combined,50%,0.5,1.5,50.0,10,What are the symptoms of type 2 diabetes?,0.9,0.9511,0.8889,2.0253,0.005308,10,24400
10,D,Combined,50%,0.5,1.5,50.0,10,How is hypertension treated?,0.8,0.9036,0.9286,1.6957,0.004575,10,24967
10,D,Combined,50%,0.5,1.5,50.0,10,What causes heart failure?,1.0,0.9998,0.9111,1.8867,0.005308,10,25015
10,D,Combined,50%,0.5,1.5,50.0,10,Describe the symptoms of lupus,1.0,1.0,1.0,2.0253,0.009981,10,24744
10,D,Combined,50%,0.5,1.5,50.0,10,What medications treat depression?,1.0,0.9999,0.9556,2.164,0.005614,10,24032
10,D,Combined,50%,0.5,1.5,50.0,10,How does Alzheimer's disease progress?,1.0,1.0,0.9556,1.8344,0.011028,10,23235
10,D,Combined,50%,0.5,1.5,50.0,10,What are risk factors for stroke?,0.9,0.9451,0.9444,1.5048,0.005331,10,24347
10,D,Combined,50%,0.5,1.5,50.0,10,How is asthma managed long-term?,0.9,0.9556,0.9444,2.164,0.005037,10,24989
10,D,Combined,50%,0.5,1.5,50.0,10,What are signs of kidney disease?,1.0,0.9997,0.7778,1.8867,0.004471,10,24677
10,D,Combined,50%,0.5,1.5,50.0,10,Describe rheumatoid arthritis treatment,1.0,1.0,0.9556,2.0253,0.00637,10,24230
10,D,Combined,50%,0.5,1.5,50.0,10,What causes Parkinson's disease?,1.0,1.0,1.0,1.973,0.011594,10,23877
10,D,Combined,50%,0.5,1.5,50.0,10,How is multiple sclerosis diagnosed?,0.9,0.9565,1.0,2.0253,0.009685,10,24662
10,D,Combined,50%,0.5,1.5,50.0,10,What are symptoms of anemia?,1.0,0.9999,0.9556,2.164,0.015107,10,24210
10,D,Combined,50%,0.5,1.5,50.0,10,How is hypothyroidism treated?,0.9,0.9573,0.8889,1.6434,0.010919,10,27964
10,D,Combined,50%,0.5,1.5,50.0,10,What causes chronic pain?,0.9,0.9414,0.6667,2.0253,0.00054,10,23569
10,D,Combined,50%,0.5,1.5,50.0,10,Describe COPD management,0.9,0.9602,1.0,1.4708,0.018556,10,23669
10,D,Combined,50%,0.5,1.5,50.0,10,What are signs of liver disease?,0.9,0.9462,0.9444,1.7481,0.001464,10,24347
10,D,Combined,50%,0.5,1.5,50.0,10,How is epilepsy treated?,1.0,0.9999,0.8667,1.3592,0.012122,10,24675
10,D,Combined,50%,0.5,1.5,50.0,10,What causes osteoporosis?,1.0,1.0,0.9556,1.8867,0.010641,10,24709
10,D,Combined,50%,0.5,1.5,50.0,10,Describe symptoms of anxiety disorder,1.0,0.9998,0.7778,1.6434,0.008943,10,26253
10,D,Combined,50%,0.5,1.5,50.0,10,What medications are used for HIV/AIDS?,1.0,1.0,0.9556,1.7481,0.006781,10,24111
10,D,Combined,50%,0.5,1.5,50.0,10,How is pneumonia diagnosed?,0.8,0.8918,0.7857,1.8867,0.005171,10,43390
10,D,Combined,50%,0.5,1.5,50.0,10,What causes inflammatory bowel disease?,0.9,0.9449,0.7778,2.164,0.00136,10,108902
10,D,Combined,50%,0.5,1.5,50.0,10,Describe treatment for chronic kidney disease,1.0,0.9999,0.8667,1.0889,0.01141,10,18624
10,D,Combined,50%,0.5,1.5,50.0,10,What are symptoms of schizophrenia?,0.8,0.8959,0.8571,1.5571,0.007003,10,22999
10,D,Combined,50%,0.5,1.5,50.0,10,How is bipolar disorder managed?,1.0,0.9991,0.8667,1.6957,0.010371,10,12010
10,D,Combined,50%,0.5,1.5,50.0,10,What causes psoriasis?,1.0,1.0,0.9111,1.6094,0.011642,10,11085
10,D,Combined,50%,0.5,1.5,50.0,10,Describe sepsis treatment,1.0,1.0,1.0,1.6434,0.011529,10,10052
10,D,Combined,50%,0.5,1.5,50.0,10,What are risk factors for cancer?,1.0,0.999,0.7333,2.0253,0.000418,10,9830
10,D,Combined,50%,0.5,1.5,50.0,10,How is ALS diagnosed?,0.8,0.9013,1.0,1.6434,0.008625,10,11723
10,D,Combined,70%,0.3,1.7,70.0,10,What are the symptoms of type 2 diabetes?,1.0,0.9994,0.8222,1.8344,0.00402,10,10270
10,D,Combined,70%,0.3,1.7,70.0,10,How is hypertension treated?,1.0,0.9996,0.8222,1.8867,0.002754,10,10133
10,D,Combined,70%,0.3,1.7,70.0,10,What causes heart failure?,0.9,0.9501,1.0,2.0253,0.00336,10,9868
10,D,Combined,70%,0.3,1.7,70.0,10,Describe the symptoms of lupus,0.9,0.9538,0.8333,1.6094,0.005527,10,11014
10,D,Combined,70%,0.3,1.7,70.0,10,What medications treat depression?,1.0,0.9998,0.9556,2.0253,0.003865,10,10768
10,D,Combined,70%,0.3,1.7,70.0,10,How does Alzheimer's disease progress?,1.0,1.0,0.9556,1.8344,0.006752,10,9935
10,D,Combined,70%,0.3,1.7,70.0,10,What are risk factors for stroke?,0.7,0.8294,0.8095,1.6957,0.002858,10,9976
10,D,Combined,70%,0.3,1.7,70.0,10,How is asthma managed long-term?,1.0,1.0,1.0,2.164,0.002996,10,11216
10,D,Combined,70%,0.3,1.7,70.0,10,What are signs of kidney disease?,1.0,0.9999,0.8667,2.0253,0.002582,10,11122
10,D,Combined,70%,0.3,1.7,70.0,10,Describe rheumatoid arthritis treatment,0.9,0.9566,1.0,1.8867,0.003992,10,11295
10,D,Combined,70%,0.3,1.7,70.0,10,What causes Parkinson's disease?,0.9,0.9577,1.0,1.8867,0.006704,10,9942
10,D,Combined,70%,0.3,1.7,70.0,10,How is multiple sclerosis diagnosed?,0.8,0.9106,0.9286,1.973,0.00645,10,10154
10,D,Combined,70%,0.3,1.7,70.0,10,What are symptoms of anemia?,0.9,0.9537,0.8889,1.7481,0.007625,10,11173
10,D,Combined,70%,0.3,1.7,70.0,10,How is hypothyroidism treated?,1.0,0.9983,0.8667,1.8344,0.005659,10,9943
10,D,Combined,70%,0.3,1.7,70.0,10,What causes chronic pain?,0.9,0.9341,0.8333,2.0253,0.000378,10,10369
10,D,Combined,70%,0.3,1.7,70.0,10,Describe COPD management,1.0,0.9971,0.8667,1.2206,0.010998,9,11415
10,D,Combined,70%,0.3,1.7,70.0,10,What are signs of liver disease?,1.0,0.9993,0.8222,1.7481,0.000689,10,10393
10,D,Combined,70%,0.3,1.7,70.0,10,How is epilepsy treated?,0.9,0.9597,0.9444,1.3592,0.005986,9,11160
10,D,Combined,70%,0.3,1.7,70.0,10,What causes osteoporosis?,0.9,0.9488,0.7778,1.6957,0.006232,10,10555
10,D,Combined,70%,0.3,1.7,70.0,10,Describe symptoms of anxiety disorder,1.0,0.999,0.5111,1.2275,0.007441,10,10469
10,D,Combined,70%,0.3,1.7,70.0,10,What medications are used for HIV/AIDS?,1.0,0.9999,0.9111,1.8344,0.004108,10,10399
10,D,Combined,70%,0.3,1.7,70.0,10,How is pneumonia diagnosed?,0.9,0.9472,0.8889,1.6094,0.002452,10,10263
10,D,Combined,70%,0.3,1.7,70.0,10,What causes inflammatory bowel disease?,1.0,0.9999,0.9111,2.164,0.000781,10,10590
10,D,Combined,70%,0.3,1.7,70.0,10,Describe treatment for chronic kidney disease,0.9,0.9561,0.8889,1.0889,0.007236,10,11336
10,D,Combined,70%,0.3,1.7,70.0,10,What are symptoms of schizophrenia?,0.9,0.9482,0.7222,1.4185,0.004362,10,10236
10,D,Combined,70%,0.3,1.7,70.0,10,How is bipolar disorder managed?,1.0,1.0,0.8667,1.6957,0.006528,10,10383
10,D,Combined,70%,0.3,1.7,70.0,10,What causes psoriasis?,0.9,0.9526,0.8333,1.6094,0.007467,10,9772
10,D,Combined,70%,0.3,1.7,70.0,10,Describe sepsis treatment,1.0,1.0,0.9111,1.8344,0.006654,10,10948
10,D,Combined,70%,0.3,1.7,70.0,10,What are risk factors for cancer?,1.0,0.9988,0.4667,2.164,0.000299,10,9980
10,D,Combined,70%,0.3,1.7,70.0,10,How is ALS diagnosed?,0.9,0.9464,0.7222,1.2275,0.00601,10,9818
10,D,RomeCombined,1%,0.99,1.01,1.0,10,What are the symptoms of type 2 diabetes?,1.0,1.0,1.0,2.164,0.007918,10,26008
10,D,RomeCombined,1%,0.99,1.01,1.0,10,How is hypertension treated?,1.0,1.0,1.0,1.6094,0.007064,10,25574
10,D,RomeCombined,1%,0.99,1.01,1.0,10,What causes heart failure?,1.0,1.0,1.0,2.0253,0.006825,10,24898
10,D,RomeCombined,1%,0.99,1.01,1.0,10,Describe the symptoms of lupus,1.0,1.0,1.0,2.0253,0.014642,10,27265
10,D,RomeCombined,1%,0.99,1.01,1.0,10,What medications treat depression?,1.0,1.0,1.0,2.164,0.008111,10,24953
10,D,RomeCombined,1%,0.99,1.01,1.0,10,How does Alzheimer's disease progress?,1.0,1.0,1.0,1.973,0.01588,10,23992
10,D,RomeCombined,1%,0.99,1.01,1.0,10,What are risk factors for stroke?,1.0,1.0,1.0,1.4185,0.007756,10,23741
10,D,RomeCombined,1%,0.99,1.01,1.0,10,How is asthma managed long-term?,1.0,1.0,1.0,2.164,0.006705,10,24906
10,D,RomeCombined,1%,0.99,1.01,1.0,10,What are signs of kidney disease?,1.0,1.0,1.0,1.8344,0.006649,10,23978
10,D,RomeCombined,1%,0.99,1.01,1.0,10,Describe rheumatoid arthritis treatment,1.0,1.0,1.0,1.8344,0.009162,10,27960
10,D,RomeCombined,1%,0.99,1.01,1.0,10,What causes Parkinson's disease?,1.0,1.0,1.0,1.973,0.015155,10,24090
10,D,RomeCombined,1%,0.99,1.01,1.0,10,How is multiple sclerosis diagnosed?,1.0,1.0,1.0,1.8344,0.014329,10,24671
10,D,RomeCombined,1%,0.99,1.01,1.0,10,What are symptoms of anemia?,1.0,1.0,1.0,1.6957,0.018148,10,27973
10,D,RomeCombined,1%,0.99,1.01,1.0,10,How is hypothyroidism treated?,1.0,1.0,1.0,1.5048,0.014456,10,24751
10,D,RomeCombined,1%,0.99,1.01,1.0,10,What causes chronic pain?,1.0,1.0,0.9556,2.164,0.000763,10,24900
10,D,RomeCombined,1%,0.99,1.01,1.0,10,Describe COPD management,1.0,1.0,1.0,1.2206,0.024938,10,24281
10,D,RomeCombined,1%,0.99,1.01,1.0,10,What are signs of liver disease?,1.0,1.0,1.0,2.0253,0.001766,10,24931
10,D,RomeCombined,1%,0.99,1.01,1.0,10,How is epilepsy treated?,1.0,1.0,1.0,1.3592,0.01741,10,24850
10,D,RomeCombined,1%,0.99,1.01,1.0,10,What causes osteoporosis?,1.0,1.0,1.0,1.8344,0.014133,10,24439
10,D,RomeCombined,1%,0.99,1.01,1.0,10,Describe symptoms of anxiety disorder,1.0,1.0,1.0,1.6094,0.013887,10,28312
10,D,RomeCombined,1%,0.99,1.01,1.0,10,What medications are used for HIV/AIDS?,1.0,1.0,1.0,1.4979,0.009622,10,24842
10,D,RomeCombined,1%,0.99,1.01,1.0,10,How is pneumonia diagnosed?,1.0,1.0,1.0,1.8344,0.007228,10,23541
10,D,RomeCombined,1%,0.99,1.01,1.0,10,What causes inflammatory bowel disease?,1.0,1.0,0.9556,2.164,0.001511,10,24999
10,D,RomeCombined,1%,0.99,1.01,1.0,10,Describe treatment for chronic kidney disease,1.0,1.0,1.0,1.3592,0.01658,10,26335
10,D,RomeCombined,1%,0.99,1.01,1.0,10,What are symptoms of schizophrenia?,1.0,1.0,1.0,1.4185,0.010807,10,24707
10,D,RomeCombined,1%,0.99,1.01,1.0,10,How is bipolar disorder managed?,1.0,1.0,0.9111,1.2799,0.016096,10,24897
10,D,RomeCombined,1%,0.99,1.01,1.0,10,What causes psoriasis?,1.0,1.0,1.0,1.6094,0.016064,10,25101
10,D,RomeCombined,1%,0.99,1.01,1.0,10,Describe sepsis treatment,1.0,1.0,1.0,1.6434,0.017431,10,23755
10,D,RomeCombined,1%,0.99,1.01,1.0,10,What are risk factors for cancer?,1.0,1.0,1.0,1.973,0.000538,10,25212
10,D,RomeCombined,1%,0.99,1.01,1.0,10,How is ALS diagnosed?,1.0,1.0,1.0,1.6094,0.011319,10,23575
10,D,RomeCombined,5%,0.95,1.05,5.0,10,What are the symptoms of type 2 diabetes?,0.9,0.9513,0.9444,2.0253,0.007856,10,25879
10,D,RomeCombined,5%,0.95,1.05,5.0,10,How is hypertension treated?,1.0,1.0,1.0,1.6094,0.007018,10,25085
10,D,RomeCombined,5%,0.95,1.05,5.0,10,What causes heart failure?,1.0,1.0,1.0,2.0253,0.006768,10,25110
10,D,RomeCombined,5%,0.95,1.05,5.0,10,Describe the symptoms of lupus,1.0,1.0,1.0,1.8867,0.014503,10,24551
10,D,RomeCombined,5%,0.95,1.05,5.0,10,What medications treat depression?,1.0,1.0,1.0,2.0253,0.008168,10,24881
10,D,RomeCombined,5%,0.95,1.05,5.0,10,How does Alzheimer's disease progress?,1.0,1.0,1.0,1.973,0.015791,10,24539
10,D,RomeCombined,5%,0.95,1.05,5.0,10,What are risk factors for stroke?,1.0,1.0,1.0,1.3592,0.007687,10,25069
10,D,RomeCombined,5%,0.95,1.05,5.0,10,How is asthma managed long-term?,1.0,1.0,1.0,2.164,0.006613,10,24570
10,D,RomeCombined,5%,0.95,1.05,5.0,10,What are signs of kidney disease?,1.0,1.0,1.0,1.8344,0.00669,10,24815
10,D,RomeCombined,5%,0.95,1.05,5.0,10,Describe rheumatoid arthritis treatment,1.0,1.0,1.0,1.8344,0.009062,10,25188
10,D,RomeCombined,5%,0.95,1.05,5.0,10,What causes Parkinson's disease?,1.0,1.0,1.0,1.973,0.01497,10,24871
10,D,RomeCombined,5%,0.95,1.05,5.0,10,How is multiple sclerosis diagnosed?,1.0,1.0,1.0,1.8344,0.01421,10,25233
10,D,RomeCombined,5%,0.95,1.05,5.0,10,What are symptoms of anemia?,1.0,1.0,1.0,1.6957,0.01796,10,25719
10,D,RomeCombined,5%,0.95,1.05,5.0,10,How is hypothyroidism treated?,1.0,1.0,1.0,1.5048,0.014312,10,24628
10,D,RomeCombined,5%,0.95,1.05,5.0,10,What causes chronic pain?,1.0,1.0,0.9556,2.164,0.000753,10,27031
10,D,RomeCombined,5%,0.95,1.05,5.0,10,Describe COPD management,1.0,1.0,1.0,1.2206,0.024885,10,24764
10,D,RomeCombined,5%,0.95,1.05,5.0,10,What are signs of liver disease?,1.0,1.0,1.0,2.0253,0.001743,10,24731
10,D,RomeCombined,5%,0.95,1.05,5.0,10,How is epilepsy treated?,1.0,1.0,1.0,1.3592,0.017392,10,25178
10,D,RomeCombined,5%,0.95,1.05,5.0,10,What causes osteoporosis?,1.0,1.0,0.9556,1.7481,0.01391,10,28812
10,D,RomeCombined,5%,0.95,1.05,5.0,10,Describe symptoms of anxiety disorder,1.0,1.0,1.0,1.4708,0.013763,10,28128
10,D,RomeCombined,5%,0.95,1.05,5.0,10,What medications are used for HIV/AIDS?,1.0,1.0,1.0,1.4979,0.00959,10,23172
10,D,RomeCombined,5%,0.95,1.05,5.0,10,How is pneumonia diagnosed?,1.0,1.0,0.9556,1.8344,0.0072,10,15088
10,D,RomeCombined,5%,0.95,1.05,5.0,10,What causes inflammatory bowel disease?,1.0,1.0,0.9556,2.164,0.001507,10,13987
10,D,RomeCombined,5%,0.95,1.05,5.0,10,Describe treatment for chronic kidney disease,1.0,1.0,1.0,1.3592,0.016512,10,11504
10,D,RomeCombined,5%,0.95,1.05,5.0,10,What are symptoms of schizophrenia?,0.9,0.9491,1.0,1.6957,0.010725,9,13395
10,D,RomeCombined,5%,0.95,1.05,5.0,10,How is bipolar disorder managed?,1.0,1.0,0.9111,1.4708,0.015999,9,12743
10,D,RomeCombined,5%,0.95,1.05,5.0,10,What causes psoriasis?,1.0,1.0,1.0,1.6094,0.016132,10,12428
10,D,RomeCombined,5%,0.95,1.05,5.0,10,Describe sepsis treatment,1.0,1.0,0.9556,1.6434,0.017452,10,11636
10,D,RomeCombined,5%,0.95,1.05,5.0,10,What are risk factors for cancer?,1.0,1.0,1.0,1.973,0.000528,10,12880
10,D,RomeCombined,5%,0.95,1.05,5.0,10,How is ALS diagnosed?,1.0,1.0,1.0,1.6094,0.01128,10,11682
10,D,RomeCombined,10%,0.9,1.1,10.0,10,What are the symptoms of type 2 diabetes?,0.9,0.9513,0.9444,1.8867,0.007827,10,25154
10,D,RomeCombined,10%,0.9,1.1,10.0,10,How is hypertension treated?,1.0,1.0,1.0,1.6094,0.006916,10,24274
10,D,RomeCombined,10%,0.9,1.1,10.0,10,What causes heart failure?,1.0,1.0,1.0,2.0253,0.006656,10,25523
10,D,RomeCombined,10%,0.9,1.1,10.0,10,Describe the symptoms of lupus,1.0,1.0,1.0,2.0253,0.014299,10,24648
10,D,RomeCombined,10%,0.9,1.1,10.0,10,What medications treat depression?,1.0,1.0,1.0,1.8867,0.008073,10,24568
10,D,RomeCombined,10%,0.9,1.1,10.0,10,How does Alzheimer's disease progress?,1.0,1.0,0.9556,1.973,0.015657,10,25113
10,D,RomeCombined,10%,0.9,1.1,10.0,10,What are risk factors for stroke?,1.0,1.0,0.9556,1.6094,0.007779,10,24766
10,D,RomeCombined,10%,0.9,1.1,10.0,10,How is asthma managed long-term?,1.0,1.0,1.0,2.164,0.006668,10,25445
10,D,RomeCombined,10%,0.9,1.1,10.0,10,What are signs of kidney disease?,1.0,1.0,1.0,1.8344,0.006406,10,25379
10,D,RomeCombined,10%,0.9,1.1,10.0,10,Describe rheumatoid arthritis treatment,1.0,1.0,1.0,1.8344,0.009123,10,25142
10,D,RomeCombined,10%,0.9,1.1,10.0,10,What causes Parkinson's disease?,1.0,1.0,1.0,1.973,0.015285,10,25315
10,D,RomeCombined,10%,0.9,1.1,10.0,10,How is multiple sclerosis diagnosed?,1.0,1.0,1.0,1.8344,0.014141,10,25406
10,D,RomeCombined,10%,0.9,1.1,10.0,10,What are symptoms of anemia?,1.0,1.0,1.0,1.6957,0.017965,10,26137
10,D,RomeCombined,10%,0.9,1.1,10.0,10,How is hypothyroidism treated?,1.0,0.9999,0.9556,1.5048,0.014467,10,28390
10,D,RomeCombined,10%,0.9,1.1,10.0,10,What causes chronic pain?,1.0,1.0,0.9556,2.0253,0.000773,10,24240
10,D,RomeCombined,10%,0.9,1.1,10.0,10,Describe COPD management,1.0,1.0,1.0,1.2206,0.024179,10,24354
10,D,RomeCombined,10%,0.9,1.1,10.0,10,What are signs of liver disease?,1.0,1.0,1.0,2.0253,0.001752,10,24547
10,D,RomeCombined,10%,0.9,1.1,10.0,10,How is epilepsy treated?,1.0,1.0,1.0,1.3592,0.017092,10,25313
10,D,RomeCombined,10%,0.9,1.1,10.0,10,What causes osteoporosis?,1.0,1.0,1.0,1.8344,0.013787,10,27865
10,D,RomeCombined,10%,0.9,1.1,10.0,10,Describe symptoms of anxiety disorder,1.0,1.0,0.9556,1.4708,0.01368,10,24053
10,D,RomeCombined,10%,0.9,1.1,10.0,10,What medications are used for HIV/AIDS?,1.0,1.0,1.0,1.4979,0.009593,10,24836
10,D,RomeCombined,10%,0.9,1.1,10.0,10,How is pneumonia diagnosed?,1.0,1.0,1.0,1.8344,0.007307,10,25449
10,D,RomeCombined,10%,0.9,1.1,10.0,10,What causes inflammatory bowel disease?,1.0,1.0,1.0,1.973,0.001522,10,24720
10,D,RomeCombined,10%,0.9,1.1,10.0,10,Describe treatment for chronic kidney disease,1.0,1.0,1.0,1.3592,0.016231,10,22777
10,D,RomeCombined,10%,0.9,1.1,10.0,10,What are symptoms of schizophrenia?,0.9,0.9489,0.9444,1.6094,0.010792,10,24049
10,D,RomeCombined,10%,0.9,1.1,10.0,10,How is bipolar disorder managed?,1.0,1.0,0.9556,1.2799,0.015892,10,23586
10,D,RomeCombined,10%,0.9,1.1,10.0,10,What causes psoriasis?,1.0,1.0,0.9556,1.6094,0.015702,10,23276
10,D,RomeCombined,10%,0.9,1.1,10.0,10,Describe sepsis treatment,1.0,1.0,1.0,1.6434,0.016959,10,22918
10,D,RomeCombined,10%,0.9,1.1,10.0,10,What are risk factors for cancer?,1.0,1.0,0.9556,1.973,0.000502,10,26497
10,D,RomeCombined,10%,0.9,1.1,10.0,10,How is ALS diagnosed?,1.0,1.0,1.0,1.6094,0.011269,10,22948
10,D,RomeCombined,20%,0.8,1.2,20.0,10,What are the symptoms of type 2 diabetes?,1.0,1.0,1.0,2.164,0.007215,10,120748
10,D,RomeCombined,20%,0.8,1.2,20.0,10,How is hypertension treated?,1.0,0.9999,0.9111,1.6094,0.006843,10,23360
10,D,RomeCombined,20%,0.8,1.2,20.0,10,What causes heart failure?,1.0,1.0,1.0,2.0253,0.006545,10,16487
10,D,RomeCombined,20%,0.8,1.2,20.0,10,Describe the symptoms of lupus,1.0,1.0,1.0,1.8867,0.013903,10,20410
10,D,RomeCombined,20%,0.8,1.2,20.0,10,What medications treat depression?,1.0,1.0,1.0,2.0253,0.007877,10,10189
10,D,RomeCombined,20%,0.8,1.2,20.0,10,How does Alzheimer's disease progress?,1.0,1.0,0.9556,1.973,0.015005,10,10409
10,D,RomeCombined,20%,0.8,1.2,20.0,10,What are risk factors for stroke?,0.9,0.946,0.9444,1.4185,0.007265,10,10938
10,D,RomeCombined,20%,0.8,1.2,20.0,10,How is asthma managed long-term?,1.0,1.0,1.0,2.164,0.006499,10,11227
10,D,RomeCombined,20%,0.8,1.2,20.0,10,What are signs of kidney disease?,1.0,1.0,0.9556,1.8344,0.005957,9,11151
10,D,RomeCombined,20%,0.8,1.2,20.0,10,Describe rheumatoid arthritis treatment,1.0,0.9999,0.9556,1.973,0.008837,10,11416
10,D,RomeCombined,20%,0.8,1.2,20.0,10,What causes Parkinson's disease?,1.0,1.0,0.9556,1.973,0.013871,10,11009
10,D,RomeCombined,20%,0.8,1.2,20.0,10,How is multiple sclerosis diagnosed?,1.0,1.0,1.0,1.973,0.013977,10,10354
10,D,RomeCombined,20%,0.8,1.2,20.0,10,What are symptoms of anemia?,1.0,1.0,0.9556,1.6957,0.017482,10,11363
10,D,RomeCombined,20%,0.8,1.2,20.0,10,How is hypothyroidism treated?,1.0,0.9999,0.9556,1.6434,0.013376,10,11840
10,D,RomeCombined,20%,0.8,1.2,20.0,10,What causes chronic pain?,1.0,1.0,1.0,2.0253,0.000738,10,11206
10,D,RomeCombined,20%,0.8,1.2,20.0,10,Describe COPD management,1.0,1.0,1.0,1.2206,0.023326,10,11965
10,D,RomeCombined,20%,0.8,1.2,20.0,10,What are signs of liver disease?,1.0,0.9996,0.8667,1.8344,0.001607,9,11539
10,D,RomeCombined,20%,0.8,1.2,20.0,10,How is epilepsy treated?,1.0,1.0,1.0,1.3592,0.016702,10,10906
10,D,RomeCombined,20%,0.8,1.2,20.0,10,What causes osteoporosis?,1.0,1.0,0.9556,1.6957,0.013239,10,10620
10,D,RomeCombined,20%,0.8,1.2,20.0,10,Describe symptoms of anxiety disorder,1.0,1.0,1.0,1.8344,0.013068,10,11858
10,D,RomeCombined,20%,0.8,1.2,20.0,10,What medications are used for HIV/AIDS?,1.0,1.0,1.0,1.4979,0.009293,10,10402
10,D,RomeCombined,20%,0.8,1.2,20.0,10,How is pneumonia diagnosed?,1.0,1.0,0.9556,1.6094,0.007033,10,11899
10,D,RomeCombined,20%,0.8,1.2,20.0,10,What causes inflammatory bowel disease?,1.0,1.0,0.9556,1.973,0.001399,10,10296
10,D,RomeCombined,20%,0.8,1.2,20.0,10,Describe treatment for chronic kidney disease,1.0,1.0,1.0,1.3592,0.015369,10,10195
10,D,RomeCombined,20%,0.8,1.2,20.0,10,What are symptoms of schizophrenia?,1.0,1.0,0.9111,1.6957,0.010369,10,10679
10,D,RomeCombined,20%,0.8,1.2,20.0,10,How is bipolar disorder managed?,1.0,1.0,0.8222,1.2799,0.014847,10,10680
10,D,RomeCombined,20%,0.8,1.2,20.0,10,What causes psoriasis?,1.0,1.0,1.0,1.6094,0.015061,10,11299
10,D,RomeCombined,20%,0.8,1.2,20.0,10,Describe sepsis treatment,1.0,1.0,1.0,1.6434,0.016929,10,10484
10,D,RomeCombined,20%,0.8,1.2,20.0,10,What are risk factors for cancer?,1.0,1.0,0.9111,1.973,0.000419,10,10506
10,D,RomeCombined,20%,0.8,1.2,20.0,10,How is ALS diagnosed?,0.9,0.9514,0.9444,1.6094,0.010732,10,11631
10,D,RomeCombined,30%,0.7,1.3,30.0,10,What are the symptoms of type 2 diabetes?,1.0,0.9999,0.9556,2.0253,0.006812,10,27671
10,D,RomeCombined,30%,0.7,1.3,30.0,10,How is hypertension treated?,1.0,1.0,1.0,1.6094,0.006217,10,25739
10,D,RomeCombined,30%,0.7,1.3,30.0,10,What causes heart failure?,1.0,1.0,0.9556,2.0253,0.005802,10,26464
10,D,RomeCombined,30%,0.7,1.3,30.0,10,Describe the symptoms of lupus,0.9,0.9541,1.0,1.8867,0.013296,10,25681
10,D,RomeCombined,30%,0.7,1.3,30.0,10,What medications treat depression?,1.0,1.0,1.0,2.0253,0.007061,10,24874
10,D,RomeCombined,30%,0.7,1.3,30.0,10,How does Alzheimer's disease progress?,1.0,1.0,1.0,1.973,0.014162,10,24624
10,D,RomeCombined,30%,0.7,1.3,30.0,10,What are risk factors for stroke?,1.0,0.9997,0.8667,1.4185,0.00678,10,27940
10,D,RomeCombined,30%,0.7,1.3,30.0,10,How is asthma managed long-term?,1.0,1.0,0.9556,1.973,0.005637,10,25231
10,D,RomeCombined,30%,0.7,1.3,30.0,10,What are signs of kidney disease?,1.0,1.0,1.0,1.6957,0.005864,10,26141
10,D,RomeCombined,30%,0.7,1.3,30.0,10,Describe rheumatoid arthritis treatment,0.9,0.9566,1.0,1.8344,0.008624,10,25719
10,D,RomeCombined,30%,0.7,1.3,30.0,10,What causes Parkinson's disease?,1.0,1.0,1.0,1.8344,0.013185,10,27749
10,D,RomeCombined,30%,0.7,1.3,30.0,10,How is multiple sclerosis diagnosed?,1.0,1.0,1.0,1.8344,0.01298,10,25682
10,D,RomeCombined,30%,0.7,1.3,30.0,10,What are symptoms of anemia?,1.0,1.0,1.0,1.6957,0.015233,10,24083
10,D,RomeCombined,30%,0.7,1.3,30.0,10,How is hypothyroidism treated?,1.0,1.0,1.0,1.8344,0.013147,10,24602
10,D,RomeCombined,30%,0.7,1.3,30.0,10,What causes chronic pain?,1.0,0.9999,0.9111,2.164,0.000614,10,25454
10,D,RomeCombined,30%,0.7,1.3,30.0,10,Describe COPD management,1.0,0.9999,0.8667,1.2206,0.021949,10,24636
10,D,RomeCombined,30%,0.7,1.3,30.0,10,What are signs of liver disease?,1.0,0.9997,0.8667,2.0253,0.001327,10,25637
10,D,RomeCombined,30%,0.7,1.3,30.0,10,How is epilepsy treated?,1.0,0.9995,0.9556,1.3592,0.015564,9,24888
10,D,RomeCombined,30%,0.7,1.3,30.0,10,What causes osteoporosis?,1.0,1.0,0.9556,1.7481,0.012535,10,25437
10,D,RomeCombined,30%,0.7,1.3,30.0,10,Describe symptoms of anxiety disorder,1.0,0.9999,0.9111,1.6957,0.012538,10,25104
10,D,RomeCombined,30%,0.7,1.3,30.0,10,What medications are used for HIV/AIDS?,1.0,1.0,0.9556,1.4979,0.008592,10,28045
10,D,RomeCombined,30%,0.7,1.3,30.0,10,How is pneumonia diagnosed?,0.9,0.9473,1.0,1.6957,0.00648,10,24927
10,D,RomeCombined,30%,0.7,1.3,30.0,10,What causes inflammatory bowel disease?,1.0,0.9999,0.9111,1.973,0.001429,10,24533
10,D,RomeCombined,30%,0.7,1.3,30.0,10,Describe treatment for chronic kidney disease,1.0,1.0,1.0,1.3592,0.015046,10,24487
10,D,RomeCombined,30%,0.7,1.3,30.0,10,What are symptoms of schizophrenia?,1.0,0.9999,0.8667,1.4185,0.008836,10,25938
10,D,RomeCombined,30%,0.7,1.3,30.0,10,How is bipolar disorder managed?,1.0,0.9993,0.9111,1.4708,0.014716,10,24394
10,D,RomeCombined,30%,0.7,1.3,30.0,10,What causes psoriasis?,1.0,1.0,0.9556,1.4185,0.014657,10,24723
10,D,RomeCombined,30%,0.7,1.3,30.0,10,Describe sepsis treatment,1.0,1.0,1.0,1.6434,0.014472,10,24660
10,D,RomeCombined,30%,0.7,1.3,30.0,10,What are risk factors for cancer?,1.0,0.9997,0.6889,1.973,0.000676,10,23875
10,D,RomeCombined,30%,0.7,1.3,30.0,10,How is ALS diagnosed?,1.0,1.0,1.0,1.6094,0.010588,10,25568
10,D,RomeCombined,50%,0.5,1.5,50.0,10,What are the symptoms of type 2 diabetes?,1.0,1.0,0.9556,2.164,0.005166,10,25964
10,D,RomeCombined,50%,0.5,1.5,50.0,10,How is hypertension treated?,1.0,1.0,0.9556,1.6094,0.004717,10,27339
10,D,RomeCombined,50%,0.5,1.5,50.0,10,What causes heart failure?,0.9,0.9497,0.8889,1.8867,0.004145,10,25111
10,D,RomeCombined,50%,0.5,1.5,50.0,10,Describe the symptoms of lupus,1.0,1.0,0.9556,1.8344,0.009256,10,24819
10,D,RomeCombined,50%,0.5,1.5,50.0,10,What medications treat depression?,1.0,1.0,1.0,2.3026,0.005265,10,25267
10,D,RomeCombined,50%,0.5,1.5,50.0,10,How does Alzheimer's disease progress?,1.0,1.0,0.9556,1.8344,0.011095,10,26216
10,D,RomeCombined,50%,0.5,1.5,50.0,10,What are risk factors for stroke?,0.9,0.9438,0.9444,1.3592,0.005557,10,25589
10,D,RomeCombined,50%,0.5,1.5,50.0,10,How is asthma managed long-term?,0.9,0.9556,0.9444,1.8867,0.004664,10,25877
10,D,RomeCombined,50%,0.5,1.5,50.0,10,What are signs of kidney disease?,1.0,1.0,0.9556,1.8344,0.004558,10,24562
10,D,RomeCombined,50%,0.5,1.5,50.0,10,Describe rheumatoid arthritis treatment,1.0,1.0,0.9556,2.0253,0.006074,10,27825
10,D,RomeCombined,50%,0.5,1.5,50.0,10,What causes Parkinson's disease?,1.0,1.0,0.9556,2.0253,0.010031,10,26881
10,D,RomeCombined,50%,0.5,1.5,50.0,10,How is multiple sclerosis diagnosed?,1.0,1.0,0.9556,1.6094,0.009814,10,25092
10,D,RomeCombined,50%,0.5,1.5,50.0,10,What are symptoms of anemia?,1.0,0.9991,0.8222,1.6094,0.01249,10,27015
10,D,RomeCombined,50%,0.5,1.5,50.0,10,How is hypothyroidism treated?,1.0,0.9983,0.9111,1.6957,0.01019,10,24591
10,D,RomeCombined,50%,0.5,1.5,50.0,10,What causes chronic pain?,1.0,0.9996,0.8222,2.164,0.000408,10,24718
10,D,RomeCombined,50%,0.5,1.5,50.0,10,Describe COPD management,0.9,0.959,1.0,1.3592,0.016655,10,24767
10,D,RomeCombined,50%,0.5,1.5,50.0,10,What are signs of liver disease?,1.0,0.9992,0.8222,2.0253,0.000952,10,25261
10,D,RomeCombined,50%,0.5,1.5,50.0,10,How is epilepsy treated?,1.0,0.9995,0.8667,1.3592,0.011445,10,25668
10,D,RomeCombined,50%,0.5,1.5,50.0,10,What causes osteoporosis?,1.0,0.9999,0.9111,1.8344,0.009525,10,25242
10,D,RomeCombined,50%,0.5,1.5,50.0,10,Describe symptoms of anxiety disorder,1.0,1.0,0.9111,1.4708,0.009874,10,25372
10,D,RomeCombined,50%,0.5,1.5,50.0,10,What medications are used for HIV/AIDS?,0.9,0.96,0.8889,1.7481,0.006773,10,25147
10,D,RomeCombined,50%,0.5,1.5,50.0,10,How is pneumonia diagnosed?,1.0,0.9997,0.8667,1.6957,0.004819,10,26886
10,D,RomeCombined,50%,0.5,1.5,50.0,10,What causes inflammatory bowel disease?,1.0,0.998,0.8667,1.8867,0.001158,10,24638
10,D,RomeCombined,50%,0.5,1.5,50.0,10,Describe treatment for chronic kidney disease,1.0,0.9999,0.9111,1.5048,0.010253,10,24821
10,D,RomeCombined,50%,0.5,1.5,50.0,10,What are symptoms of schizophrenia?,0.9,0.9488,0.7778,1.5048,0.008541,10,25163
10,D,RomeCombined,50%,0.5,1.5,50.0,10,How is bipolar disorder managed?,1.0,1.0,1.0,1.4708,0.010368,10,23694
10,D,RomeCombined,50%,0.5,1.5,50.0,10,What causes psoriasis?,1.0,0.9999,0.8667,1.6094,0.011668,10,25737
10,D,RomeCombined,50%,0.5,1.5,50.0,10,Describe sepsis treatment,0.9,0.9616,0.9444,2.0253,0.012013,10,23210
10,D,RomeCombined,50%,0.5,1.5,50.0,10,What are risk factors for cancer?,0.9,0.939,0.7778,1.8344,0.000256,9,24530
10,D,RomeCombined,50%,0.5,1.5,50.0,10,How is ALS diagnosed?,1.0,1.0,1.0,1.7481,0.007483,10,22318
10,D,RomeCombined,70%,0.3,1.7,70.0,10,What are the symptoms of type 2 diabetes?,0.9,0.9513,0.9444,2.0253,0.003574,10,25952
10,D,RomeCombined,70%,0.3,1.7,70.0,10,How is hypertension treated?,1.0,0.9999,0.9111,1.8867,0.003357,10,25312
10,D,RomeCombined,70%,0.3,1.7,70.0,10,What causes heart failure?,0.9,0.95,0.9444,2.0253,0.003171,10,24277
10,D,RomeCombined,70%,0.3,1.7,70.0,10,Describe the symptoms of lupus,0.8,0.9026,1.0,1.973,0.006452,10,24924
10,D,RomeCombined,70%,0.3,1.7,70.0,10,What medications treat depression?,1.0,0.9999,0.9556,2.164,0.003448,10,25025
10,D,RomeCombined,70%,0.3,1.7,70.0,10,How does Alzheimer's disease progress?,1.0,1.0,1.0,1.973,0.007093,10,26629
10,D,RomeCombined,70%,0.3,1.7,70.0,10,What are risk factors for stroke?,0.8,0.8769,0.7857,1.3592,0.003485,10,23310
10,D,RomeCombined,70%,0.3,1.7,70.0,10,How is asthma managed long-term?,0.9,0.9557,1.0,2.164,0.003131,10,24477
10,D,RomeCombined,70%,0.3,1.7,70.0,10,What are signs of kidney disease?,1.0,0.9999,0.9111,1.6094,0.003407,10,23769
10,D,RomeCombined,70%,0.3,1.7,70.0,10,Describe rheumatoid arthritis treatment,1.0,0.9999,0.9556,1.973,0.003664,10,24490
10,D,RomeCombined,70%,0.3,1.7,70.0,10,What causes Parkinson's disease?,1.0,1.0,0.9556,2.164,0.007233,10,24594
10,D,RomeCombined,70%,0.3,1.7,70.0,10,How is multiple sclerosis diagnosed?,0.9,0.9565,0.9444,1.8344,0.007793,10,24512
10,D,RomeCombined,70%,0.3,1.7,70.0,10,What are symptoms of anemia?,1.0,1.0,1.0,1.7481,0.0081,10,25015
10,D,RomeCombined,70%,0.3,1.7,70.0,10,How is hypothyroidism treated?,1.0,0.9982,0.7778,2.0253,0.005858,10,25250
10,D,RomeCombined,70%,0.3,1.7,70.0,10,What causes chronic pain?,0.9,0.9383,0.7222,2.0253,0.000512,10,25263
10,D,RomeCombined,70%,0.3,1.7,70.0,10,Describe COPD management,1.0,1.0,1.0,1.4979,0.011687,10,24129
10,D,RomeCombined,70%,0.3,1.7,70.0,10,What are signs of liver disease?,0.9,0.9455,0.7222,1.7481,0.000628,10,25520
10,D,RomeCombined,70%,0.3,1.7,70.0,10,How is epilepsy treated?,0.9,0.9613,0.9444,1.6094,0.008047,10,25122
10,D,RomeCombined,70%,0.3,1.7,70.0,10,What causes osteoporosis?,1.0,0.9999,0.9111,1.6957,0.00661,9,25530
10,D,RomeCombined,70%,0.3,1.7,70.0,10,Describe symptoms of anxiety disorder,1.0,0.9998,0.9111,1.7481,0.006344,10,25415
10,D,RomeCombined,70%,0.3,1.7,70.0,10,What medications are used for HIV/AIDS?,1.0,1.0,0.9556,1.4979,0.004423,10,25451
10,D,RomeCombined,70%,0.3,1.7,70.0,10,How is pneumonia diagnosed?,1.0,0.9996,0.8667,1.8344,0.003305,10,24850
10,D,RomeCombined,70%,0.3,1.7,70.0,10,What causes inflammatory bowel disease?,0.9,0.9464,0.8889,2.0253,0.000826,10,25228
10,D,RomeCombined,70%,0.3,1.7,70.0,10,Describe treatment for chronic kidney disease,1.0,0.9999,0.8667,1.0889,0.008166,10,25275
10,D,RomeCombined,70%,0.3,1.7,70.0,10,What are symptoms of schizophrenia?,1.0,0.9996,0.8667,1.6957,0.004978,10,25763
10,D,RomeCombined,70%,0.3,1.7,70.0,10,How is bipolar disorder managed?,1.0,1.0,0.9111,1.2799,0.008204,10,25062
10,D,RomeCombined,70%,0.3,1.7,70.0,10,What causes psoriasis?,1.0,1.0,0.9556,1.4185,0.00777,10,26164
10,D,RomeCombined,70%,0.3,1.7,70.0,10,Describe sepsis treatment,1.0,0.9999,0.8667,2.0253,0.008149,10,25074
10,D,RomeCombined,70%,0.3,1.7,70.0,10,What are risk factors for cancer?,0.9,0.9364,0.5556,1.8867,0.000333,10,25146
10,D,RomeCombined,70%,0.3,1.7,70.0,10,How is ALS diagnosed?,0.8,0.8945,1.0,1.2275,0.005881,10,24400
10,D,CkksCombined,1%,0.99,1.01,1.0,10,What are the symptoms of type 2 diabetes?,1.0,1.0,1.0,2.164,0.00787,10,6137771
10,D,CkksCombined,1%,0.99,1.01,1.0,10,How is hypertension treated?,1.0,1.0,1.0,1.6094,0.007055,10,6105075
10,D,CkksCombined,1%,0.99,1.01,1.0,10,What causes heart failure?,1.0,1.0,1.0,2.0253,0.006806,10,6100649
10,D,CkksCombined,1%,0.99,1.01,1.0,10,Describe the symptoms of lupus,1.0,1.0,1.0,2.0253,0.01466,10,6100108
10,D,CkksCombined,1%,0.99,1.01,1.0,10,What medications treat depression?,1.0,1.0,1.0,2.164,0.008096,10,6102701
10,D,CkksCombined,1%,0.99,1.01,1.0,10,How does Alzheimer's disease progress?,1.0,1.0,0.9556,1.973,0.015887,10,6082810
10,D,CkksCombined,1%,0.99,1.01,1.0,10,What are risk factors for stroke?,1.0,1.0,1.0,1.3592,0.007753,10,6170811
10,D,CkksCombined,1%,0.99,1.01,1.0,10,How is asthma managed long-term?,1.0,1.0,1.0,2.164,0.006683,10,6094014
10,D,CkksCombined,1%,0.99,1.01,1.0,10,What are signs of kidney disease?,1.0,1.0,1.0,1.8344,0.006635,10,6100825
10,D,CkksCombined,1%,0.99,1.01,1.0,10,Describe rheumatoid arthritis treatment,1.0,1.0,1.0,1.8344,0.009174,10,6087793
10,D,CkksCombined,1%,0.99,1.01,1.0,10,What causes Parkinson's disease?,1.0,1.0,1.0,1.973,0.015161,10,6123164
10,D,CkksCombined,1%,0.99,1.01,1.0,10,How is multiple sclerosis diagnosed?,1.0,1.0,1.0,1.8344,0.01434,10,6091463
10,D,CkksCombined,1%,0.99,1.01,1.0,10,What are symptoms of anemia?,1.0,1.0,1.0,1.6957,0.018174,10,6102927
10,D,CkksCombined,1%,0.99,1.01,1.0,10,How is hypothyroidism treated?,1.0,1.0,1.0,1.5048,0.014445,10,6106660
10,D,CkksCombined,1%,0.99,1.01,1.0,10,What causes chronic pain?,1.0,1.0,1.0,2.164,0.000764,10,6114836
10,D,CkksCombined,1%,0.99,1.01,1.0,10,Describe COPD management,1.0,1.0,1.0,1.2206,0.024921,10,6085988
10,D,CkksCombined,1%,0.99,1.01,1.0,10,What are signs of liver disease?,1.0,1.0,1.0,2.0253,0.001765,10,6099161
10,D,CkksCombined,1%,0.99,1.01,1.0,10,How is epilepsy treated?,1.0,1.0,1.0,1.3592,0.017422,10,6111878
10,D,CkksCombined,1%,0.99,1.01,1.0,10,What causes osteoporosis?,1.0,1.0,1.0,1.8344,0.014156,10,6126678
10,D,CkksCombined,1%,0.99,1.01,1.0,10,Describe symptoms of anxiety disorder,1.0,1.0,1.0,1.6094,0.013881,10,6134857
10,D,CkksCombined,1%,0.99,1.01,1.0,10,What medications are used for HIV/AIDS?,1.0,1.0,1.0,1.4979,0.009634,10,6140104
10,D,CkksCombined,1%,0.99,1.01,1.0,10,How is pneumonia diagnosed?,1.0,1.0,1.0,1.8344,0.007233,10,6092988
10,D,CkksCombined,1%,0.99,1.01,1.0,10,What causes inflammatory bowel disease?,1.0,1.0,1.0,1.973,0.001506,10,6104455
10,D,CkksCombined,1%,0.99,1.01,1.0,10,Describe treatment for chronic kidney disease,1.0,1.0,1.0,1.3592,0.016557,10,6189677
10,D,CkksCombined,1%,0.99,1.01,1.0,10,What are symptoms of schizophrenia?,1.0,1.0,1.0,1.6434,0.010822,10,6100584
10,D,CkksCombined,1%,0.99,1.01,1.0,10,How is bipolar disorder managed?,1.0,1.0,0.9556,1.4708,0.016123,10,6113164
10,D,CkksCombined,1%,0.99,1.01,1.0,10,What causes psoriasis?,1.0,1.0,1.0,1.6094,0.016058,10,6103220
10,D,CkksCombined,1%,0.99,1.01,1.0,10,Describe sepsis treatment,1.0,1.0,1.0,1.6434,0.017447,10,6097274
10,D,CkksCombined,1%,0.99,1.01,1.0,10,What are risk factors for cancer?,1.0,1.0,1.0,1.8867,0.000534,10,6110699
10,D,CkksCombined,1%,0.99,1.01,1.0,10,How is ALS diagnosed?,1.0,1.0,1.0,1.6094,0.011321,10,6099288
10,D,CkksCombined,5%,0.95,1.05,5.0,10,What are the symptoms of type 2 diabetes?,1.0,1.0,1.0,2.164,0.007913,10,6112901
10,D,CkksCombined,5%,0.95,1.05,5.0,10,How is hypertension treated?,1.0,1.0,1.0,1.6094,0.007007,10,6108406
10,D,CkksCombined,5%,0.95,1.05,5.0,10,What causes heart failure?,1.0,1.0,0.9556,2.0253,0.006703,10,6096870
10,D,CkksCombined,5%,0.95,1.05,5.0,10,Describe the symptoms of lupus,1.0,1.0,1.0,2.0253,0.014619,10,6099373
10,D,CkksCombined,5%,0.95,1.05,5.0,10,What medications treat depression?,1.0,1.0,1.0,2.164,0.008026,10,6108127
10,D,CkksCombined,5%,0.95,1.05,5.0,10,How does Alzheimer's disease progress?,1.0,1.0,0.9556,1.973,0.015821,10,6098174
10,D,CkksCombined,5%,0.95,1.05,5.0,10,What are risk factors for stroke?,1.0,1.0,1.0,1.3592,0.007711,10,6220758
10,D,CkksCombined,5%,0.95,1.05,5.0,10,How is asthma managed long-term?,1.0,1.0,1.0,2.164,0.006645,10,6093494
10,D,CkksCombined,5%,0.95,1.05,5.0,10,What are signs of kidney disease?,1.0,1.0,1.0,1.8344,0.006589,10,6099817
10,D,CkksCombined,5%,0.95,1.05,5.0,10,Describe rheumatoid arthritis treatment,1.0,1.0,1.0,1.8344,0.009062,10,6092860
10,D,CkksCombined,5%,0.95,1.05,5.0,10,What causes Parkinson's disease?,1.0,1.0,1.0,1.973,0.015074,10,6140374
10,D,CkksCombined,5%,0.95,1.05,5.0,10,How is multiple sclerosis diagnosed?,1.0,1.0,1.0,1.8344,0.014112,10,6097006
10,D,CkksCombined,5%,0.95,1.05,5.0,10,What are symptoms of anemia?,1.0,1.0,1.0,1.6957,0.018184,10,6108297
10,D,CkksCombined,5%,0.95,1.05,5.0,10,How is hypothyroidism treated?,1.0,1.0,1.0,1.5048,0.014539,10,6095717
10,D,CkksCombined,5%,0.95,1.05,5.0,10,What causes chronic pain?,1.0,1.0,0.9556,2.164,0.000757,10,6114927
10,D,CkksCombined,5%,0.95,1.05,5.0,10,Describe COPD management,1.0,1.0,0.9556,1.2206,0.024849,10,6102946
10,D,CkksCombined,5%,0.95,1.05,5.0,10,What are signs of liver disease?,1.0,1.0,1.0,2.0253,0.001767,10,6110468
10,D,CkksCombined,5%,0.95,1.05,5.0,10,How is epilepsy treated?,1.0,1.0,1.0,1.3592,0.017432,10,6089668
10,D,CkksCombined,5%,0.95,1.05,5.0,10,What causes osteoporosis?,1.0,1.0,1.0,1.7481,0.014033,10,6085586
10,D,CkksCombined,5%,0.95,1.05,5.0,10,Describe symptoms of anxiety disorder,1.0,1.0,1.0,1.6094,0.013795,10,6094040
10,D,CkksCombined,5%,0.95,1.05,5.0,10,What medications are used for HIV/AIDS?,1.0,1.0,1.0,1.4979,0.009592,10,6114340
10,D,CkksCombined,5%,0.95,1.05,5.0,10,How is pneumonia diagnosed?,1.0,1.0,1.0,1.8344,0.007136,10,6102071
10,D,CkksCombined,5%,0.95,1.05,5.0,10,What causes inflammatory bowel disease?,1.0,1.0,0.9556,1.973,0.001499,10,6182915
10,D,CkksCombined,5%,0.95,1.05,5.0,10,Describe treatment for chronic kidney disease,1.0,1.0,1.0,1.3592,0.016525,10,6089341
10,D,CkksCombined,5%,0.95,1.05,5.0,10,What are symptoms of schizophrenia?,1.0,1.0,1.0,1.1683,0.010756,10,6090761
10,D,CkksCombined,5%,0.95,1.05,5.0,10,How is bipolar disorder managed?,1.0,1.0,1.0,1.4708,0.016087,10,6111269
10,D,CkksCombined,5%,0.95,1.05,5.0,10,What causes psoriasis?,1.0,1.0,1.0,1.6094,0.016008,10,6132018
10,D,CkksCombined,5%,0.95,1.05,5.0,10,Describe sepsis treatment,1.0,1.0,1.0,1.6434,0.017352,10,6089469
10,D,CkksCombined,5%,0.95,1.05,5.0,10,What are risk factors for cancer?,1.0,1.0,1.0,2.0253,0.00054,10,6092520
10,D,CkksCombined,5%,0.95,1.05,5.0,10,How is ALS diagnosed?,1.0,1.0,1.0,1.6094,0.01111,10,6108026
10,D,CkksCombined,10%,0.9,1.1,10.0,10,What are the symptoms of type 2 diabetes?,0.9,0.9513,1.0,2.0253,0.007815,10,6102569
10,D,CkksCombined,10%,0.9,1.1,10.0,10,How is hypertension treated?,1.0,1.0,0.9556,1.8867,0.007033,10,6090774
10,D,CkksCombined,10%,0.9,1.1,10.0,10,What causes heart failure?,1.0,1.0,1.0,2.164,0.006675,10,6095399
10,D,CkksCombined,10%,0.9,1.1,10.0,10,Describe the symptoms of lupus,0.9,0.9541,1.0,2.0253,0.014759,10,6125833
10,D,CkksCombined,10%,0.9,1.1,10.0,10,What medications treat depression?,1.0,1.0,1.0,2.0253,0.00812,10,6171236
10,D,CkksCombined,10%,0.9,1.1,10.0,10,How does Alzheimer's disease progress?,1.0,1.0,0.9556,1.973,0.015959,10,6112622
10,D,CkksCombined,10%,0.9,1.1,10.0,10,What are risk factors for stroke?,1.0,1.0,0.9556,1.3592,0.007663,10,6102004
10,D,CkksCombined,10%,0.9,1.1,10.0,10,How is asthma managed long-term?,1.0,1.0,1.0,2.164,0.006633,10,6103035
10,D,CkksCombined,10%,0.9,1.1,10.0,10,What are signs of kidney disease?,1.0,1.0,0.9556,1.8344,0.006412,10,6096189
10,D,CkksCombined,10%,0.9,1.1,10.0,10,Describe rheumatoid arthritis treatment,1.0,1.0,1.0,1.8344,0.009146,10,6104112
10,D,CkksCombined,10%,0.9,1.1,10.0,10,What causes Parkinson's disease?,1.0,1.0,0.9556,1.973,0.014849,10,6152384
10,D,CkksCombined,10%,0.9,1.1,10.0,10,How is multiple sclerosis diagnosed?,1.0,1.0,1.0,1.8344,0.013742,10,6082407
10,D,CkksCombined,10%,0.9,1.1,10.0,10,What are symptoms of anemia?,1.0,1.0,0.9556,1.6957,0.017671,10,6106049
10,D,CkksCombined,10%,0.9,1.1,10.0,10,How is hypothyroidism treated?,1.0,1.0,1.0,1.6957,0.014352,10,6113496
10,D,CkksCombined,10%,0.9,1.1,10.0,10,What causes chronic pain?,1.0,1.0,0.9556,2.0253,0.000756,10,6102442
10,D,CkksCombined,10%,0.9,1.1,10.0,10,Describe COPD management,0.9,0.9606,1.0,1.2206,0.024341,10,6099712
10,D,CkksCombined,10%,0.9,1.1,10.0,10,What are signs of liver disease?,1.0,1.0,1.0,2.164,0.001805,10,6085922
10,D,CkksCombined,10%,0.9,1.1,10.0,10,How is epilepsy treated?,1.0,1.0,0.9556,1.3592,0.016983,10,6140531
10,D,CkksCombined,10%,0.9,1.1,10.0,10,What causes osteoporosis?,1.0,1.0,1.0,1.8344,0.013671,10,6115188
10,D,CkksCombined,10%,0.9,1.1,10.0,10,Describe symptoms of anxiety disorder,1.0,1.0,0.9556,1.6094,0.01379,10,6105853
10,D,CkksCombined,10%,0.9,1.1,10.0,10,What medications are used for HIV/AIDS?,1.0,1.0,1.0,1.4979,0.0095,10,6097519
10,D,CkksCombined,10%,0.9,1.1,10.0,10,How is pneumonia diagnosed?,1.0,1.0,0.9556,1.8344,0.007046,10,6178852
10,D,CkksCombined,10%,0.9,1.1,10.0,10,What causes inflammatory bowel disease?,1.0,1.0,0.9556,2.164,0.001534,10,6142442
10,D,CkksCombined,10%,0.9,1.1,10.0,10,Describe treatment for chronic kidney disease,1.0,1.0,1.0,1.3592,0.016188,10,6094816
10,D,CkksCombined,10%,0.9,1.1,10.0,10,What are symptoms of schizophrenia?,1.0,1.0,0.9111,1.4185,0.010549,10,6115401
10,D,CkksCombined,10%,0.9,1.1,10.0,10,How is bipolar disorder managed?,1.0,1.0,0.9556,1.4708,0.015894,10,6124519
10,D,CkksCombined,10%,0.9,1.1,10.0,10,What causes psoriasis?,1.0,1.0,1.0,1.6094,0.015994,10,6097337
10,D,CkksCombined,10%,0.9,1.1,10.0,10,Describe sepsis treatment,1.0,1.0,1.0,1.6434,0.017232,10,6106702
10,D,CkksCombined,10%,0.9,1.1,10.0,10,What are risk factors for cancer?,1.0,1.0,0.9556,2.164,0.000549,10,6142172
10,D,CkksCombined,10%,0.9,1.1,10.0,10,How is ALS diagnosed?,1.0,1.0,1.0,1.7481,0.01098,10,6099105
10,D,CkksCombined,20%,0.8,1.2,20.0,10,What are the symptoms of type 2 diabetes?,0.9,0.9513,0.9444,2.0253,0.007321,10,6217310
10,D,CkksCombined,20%,0.8,1.2,20.0,10,How is hypertension treated?,1.0,0.9999,0.9111,1.8344,0.006538,10,6113507
10,D,CkksCombined,20%,0.8,1.2,20.0,10,What causes heart failure?,0.9,0.9477,0.8889,1.8867,0.006864,10,6112925
10,D,CkksCombined,20%,0.8,1.2,20.0,10,Describe the symptoms of lupus,0.9,0.9541,1.0,2.164,0.013023,10,6106075
10,D,CkksCombined,20%,0.8,1.2,20.0,10,What medications treat depression?,1.0,1.0,1.0,2.164,0.00783,10,6136469
10,D,CkksCombined,20%,0.8,1.2,20.0,10,How does Alzheimer's disease progress?,1.0,1.0,0.9556,1.973,0.015633,10,6092444
10,D,CkksCombined,20%,0.8,1.2,20.0,10,What are risk factors for stroke?,1.0,1.0,0.9111,1.4185,0.007272,10,6130099
10,D,CkksCombined,20%,0.8,1.2,20.0,10,How is asthma managed long-term?,1.0,0.9999,0.9556,2.0253,0.006001,10,6126816
10,D,CkksCombined,20%,0.8,1.2,20.0,10,What are signs of kidney disease?,1.0,0.9999,0.9111,1.6094,0.006552,10,6108123
10,D,CkksCombined,20%,0.8,1.2,20.0,10,Describe rheumatoid arthritis treatment,1.0,1.0,1.0,1.973,0.008436,10,6081312
10,D,CkksCombined,20%,0.8,1.2,20.0,10,What causes Parkinson's disease?,1.0,1.0,1.0,2.164,0.014909,10,6110952
10,D,CkksCombined,20%,0.8,1.2,20.0,10,How is multiple sclerosis diagnosed?,0.9,0.9565,0.9444,1.8344,0.013765,10,6092324
10,D,CkksCombined,20%,0.8,1.2,20.0,10,What are symptoms of anemia?,1.0,1.0,0.9556,1.6957,0.016679,10,6107696
10,D,CkksCombined,20%,0.8,1.2,20.0,10,How is hypothyroidism treated?,1.0,0.9999,0.9111,1.5048,0.013635,10,6102193
10,D,CkksCombined,20%,0.8,1.2,20.0,10,What causes chronic pain?,1.0,1.0,0.9556,1.973,0.000692,10,6119382
10,D,CkksCombined,20%,0.8,1.2,20.0,10,Describe COPD management,1.0,1.0,0.9556,1.4979,0.024543,10,6110535
10,D,CkksCombined,20%,0.8,1.2,20.0,10,What are signs of liver disease?,1.0,1.0,1.0,2.0253,0.001608,10,6107226
10,D,CkksCombined,20%,0.8,1.2,20.0,10,How is epilepsy treated?,1.0,1.0,0.9556,1.3592,0.016692,10,6157017
10,D,CkksCombined,20%,0.8,1.2,20.0,10,What causes osteoporosis?,1.0,1.0,0.9556,1.6094,0.013719,10,6111737
10,D,CkksCombined,20%,0.8,1.2,20.0,10,Describe symptoms of anxiety disorder,1.0,0.9999,0.9111,1.7481,0.012725,10,6111801
10,D,CkksCombined,20%,0.8,1.2,20.0,10,What medications are used for HIV/AIDS?,1.0,1.0,0.9556,1.4979,0.009121,10,6185401
10,D,CkksCombined,20%,0.8,1.2,20.0,10,How is pneumonia diagnosed?,0.9,0.9471,1.0,1.8867,0.006932,10,6093610
10,D,CkksCombined,20%,0.8,1.2,20.0,10,What causes inflammatory bowel disease?,1.0,1.0,0.9556,2.164,0.001509,10,6107764
10,D,CkksCombined,20%,0.8,1.2,20.0,10,Describe treatment for chronic kidney disease,1.0,1.0,0.9556,1.3592,0.015902,10,6142919
10,D,CkksCombined,20%,0.8,1.2,20.0,10,What are symptoms of schizophrenia?,1.0,0.9999,0.8222,1.4185,0.010909,10,6116136
10,D,CkksCombined,20%,0.8,1.2,20.0,10,How is bipolar disorder managed?,1.0,1.0,0.9111,1.4708,0.014953,9,6106554
10,D,CkksCombined,20%,0.8,1.2,20.0,10,What causes psoriasis?,1.0,0.9999,0.9111,1.6094,0.015517,10,6083170
10,D,CkksCombined,20%,0.8,1.2,20.0,10,Describe sepsis treatment,1.0,1.0,0.9556,1.6434,0.016327,10,6114174
10,D,CkksCombined,20%,0.8,1.2,20.0,10,What are risk factors for cancer?,0.9,0.9397,0.9444,1.8344,0.000556,10,6179111
10,D,CkksCombined,20%,0.8,1.2,20.0,10,How is ALS diagnosed?,1.0,1.0,1.0,1.6094,0.011457,10,6133090
10,D,CkksCombined,30%,0.7,1.3,30.0,10,What are the symptoms of type 2 diabetes?,0.9,0.9512,0.8889,1.8867,0.006366,10,6095989
10,D,CkksCombined,30%,0.7,1.3,30.0,10,How is hypertension treated?,0.9,0.9508,0.9444,2.0253,0.00627,10,6164677
10,D,CkksCombined,30%,0.7,1.3,30.0,10,What causes heart failure?,1.0,0.9999,0.9556,2.164,0.005861,10,6111588
10,D,CkksCombined,30%,0.7,1.3,30.0,10,Describe the symptoms of lupus,1.0,1.0,1.0,1.8867,0.01283,10,6100074
10,D,CkksCombined,30%,0.7,1.3,30.0,10,What medications treat depression?,1.0,1.0,1.0,2.164,0.00748,10,6132657
10,D,CkksCombined,30%,0.7,1.3,30.0,10,How does Alzheimer's disease progress?,1.0,1.0,1.0,1.973,0.013309,10,6095442
10,D,CkksCombined,30%,0.7,1.3,30.0,10,What are risk factors for stroke?,1.0,1.0,0.9556,1.3592,0.006876,10,6124694
10,D,CkksCombined,30%,0.7,1.3,30.0,10,How is asthma managed long-term?,1.0,1.0,1.0,1.8867,0.006026,10,6107547
10,D,CkksCombined,30%,0.7,1.3,30.0,10,What are signs of kidney disease?,1.0,1.0,1.0,1.6094,0.007172,10,6100264
10,D,CkksCombined,30%,0.7,1.3,30.0,10,Describe rheumatoid arthritis treatment,1.0,1.0,1.0,2.0253,0.007858,10,6101337
10,D,CkksCombined,30%,0.7,1.3,30.0,10,What causes Parkinson's disease?,1.0,1.0,1.0,2.164,0.012921,10,6093309
10,D,CkksCombined,30%,0.7,1.3,30.0,10,How is multiple sclerosis diagnosed?,0.9,0.9565,0.9444,1.8867,0.012978,10,6132138
10,D,CkksCombined,30%,0.7,1.3,30.0,10,What are symptoms of anemia?,1.0,0.999,0.8667,1.7481,0.017545,10,6099134
10,D,CkksCombined,30%,0.7,1.3,30.0,10,How is hypothyroidism treated?,1.0,0.9999,0.8667,1.6434,0.013153,10,6092209
10,D,CkksCombined,30%,0.7,1.3,30.0,10,What causes chronic pain?,1.0,0.9998,0.8667,2.0253,0.000659,10,6193686
10,D,CkksCombined,30%,0.7,1.3,30.0,10,Describe COPD management,0.9,0.9606,1.0,1.3592,0.022255,10,6109875
10,D,CkksCombined,30%,0.7,1.3,30.0,10,What are signs of liver disease?,0.9,0.9462,0.9444,1.973,0.001779,10,6103748
10,D,CkksCombined,30%,0.7,1.3,30.0,10,How is epilepsy treated?,0.9,0.9597,1.0,1.6094,0.015898,10,6105836
10,D,CkksCombined,30%,0.7,1.3,30.0,10,What causes osteoporosis?,1.0,1.0,0.9556,1.8867,0.012297,10,6099667
10,D,CkksCombined,30%,0.7,1.3,30.0,10,Describe symptoms of anxiety disorder,0.9,0.9506,0.8889,1.7481,0.012013,10,6107775
10,D,CkksCombined,30%,0.7,1.3,30.0,10,What medications are used for HIV/AIDS?,1.0,1.0,0.9556,1.4979,0.008168,10,6100734
10,D,CkksCombined,30%,0.7,1.3,30.0,10,How is pneumonia diagnosed?,0.9,0.9471,0.9444,1.6094,0.006718,10,6128852
10,D,CkksCombined,30%,0.7,1.3,30.0,10,What causes inflammatory bowel disease?,0.9,0.9464,0.9444,2.164,0.001294,10,6095439
10,D,CkksCombined,30%,0.7,1.3,30.0,10,Describe treatment for chronic kidney disease,1.0,1.0,1.0,1.3592,0.015955,10,6102406
10,D,CkksCombined,30%,0.7,1.3,30.0,10,What are symptoms of schizophrenia?,0.9,0.9491,0.8889,1.6957,0.009603,10,6101338
10,D,CkksCombined,30%,0.7,1.3,30.0,10,How is bipolar disorder managed?,1.0,0.9993,0.8667,1.4708,0.014656,10,6104880
10,D,CkksCombined,30%,0.7,1.3,30.0,10,What causes psoriasis?,1.0,0.9999,0.8667,1.6094,0.014371,10,6116804
10,D,CkksCombined,30%,0.7,1.3,30.0,10,Describe sepsis treatment,1.0,1.0,0.9556,1.8344,0.015669,10,6086405
10,D,CkksCombined,30%,0.7,1.3,30.0,10,What are risk factors for cancer?,1.0,0.9998,0.9556,2.0253,0.000694,10,6086429
10,D,CkksCombined,30%,0.7,1.3,30.0,10,How is ALS diagnosed?,1.0,1.0,0.9111,1.6094,0.010442,10,6129234
10,D,CkksCombined,50%,0.5,1.5,50.0,10,What are the symptoms of type 2 diabetes?,1.0,0.9999,0.9111,1.8867,0.005009,10,6109510
10,D,CkksCombined,50%,0.5,1.5,50.0,10,How is hypertension treated?,1.0,0.9999,0.9556,1.8344,0.005228,10,6136797
10,D,CkksCombined,50%,0.5,1.5,50.0,10,What causes heart failure?,0.9,0.9501,1.0,2.164,0.004961,10,6117109
10,D,CkksCombined,50%,0.5,1.5,50.0,10,Describe the symptoms of lupus,1.0,1.0,0.9556,1.6094,0.009647,10,6117829
10,D,CkksCombined,50%,0.5,1.5,50.0,10,What medications treat depression?,1.0,1.0,1.0,2.164,0.005775,10,6097966
10,D,CkksCombined,50%,0.5,1.5,50.0,10,How does Alzheimer's disease progress?,1.0,1.0,0.9556,2.0253,0.010739,10,6098280
10,D,CkksCombined,50%,0.5,1.5,50.0,10,What are risk factors for stroke?,0.8,0.8805,0.8571,1.3592,0.005722,10,6092608
10,D,CkksCombined,50%,0.5,1.5,50.0,10,How is asthma managed long-term?,1.0,0.9998,0.8667,1.973,0.004692,10,6097253
10,D,CkksCombined,50%,0.5,1.5,50.0,10,What are signs of kidney disease?,0.9,0.9485,0.8333,2.0253,0.00476,10,6138519
10,D,CkksCombined,50%,0.5,1.5,50.0,10,Describe rheumatoid arthritis treatment,1.0,0.9999,0.9556,1.8344,0.006534,10,6109007
10,D,CkksCombined,50%,0.5,1.5,50.0,10,What causes Parkinson's disease?,0.9,0.9559,1.0,1.973,0.009893,10,6102140
10,D,CkksCombined,50%,0.5,1.5,50.0,10,How is multiple sclerosis diagnosed?,0.9,0.9546,0.8889,1.7481,0.011098,9,6113585
10,D,CkksCombined,50%,0.5,1.5,50.0,10,What are symptoms of anemia?,0.9,0.9539,0.9444,1.7481,0.012109,10,6119122
10,D,CkksCombined,50%,0.5,1.5,50.0,10,How is hypothyroidism treated?,1.0,1.0,0.9556,1.6434,0.010434,10,6101327
10,D,CkksCombined,50%,0.5,1.5,50.0,10,What causes chronic pain?,0.9,0.936,0.7778,1.8344,0.000387,10,6106968
10,D,CkksCombined,50%,0.5,1.5,50.0,10,Describe COPD management,0.9,0.9604,0.9444,1.2206,0.017276,10,6164700
10,D,CkksCombined,50%,0.5,1.5,50.0,10,What are signs of liver disease?,1.0,0.9996,0.8667,2.0253,0.00125,10,6114512
10,D,CkksCombined,50%,0.5,1.5,50.0,10,How is epilepsy treated?,0.9,0.9611,1.0,1.3592,0.012836,10,6113932
10,D,CkksCombined,50%,0.5,1.5,50.0,10,What causes osteoporosis?,1.0,0.9999,0.9556,1.8344,0.009903,10,6097677
10,D,CkksCombined,50%,0.5,1.5,50.0,10,Describe symptoms of anxiety disorder,1.0,0.9999,0.9111,1.4979,0.008772,10,6137356
10,D,CkksCombined,50%,0.5,1.5,50.0,10,What medications are used for HIV/AIDS?,0.9,0.96,1.0,1.4979,0.006088,10,6119508
10,D,CkksCombined,50%,0.5,1.5,50.0,10,How is pneumonia diagnosed?,1.0,0.9996,0.8222,1.6434,0.004734,10,6091476
10,D,CkksCombined,50%,0.5,1.5,50.0,10,What causes inflammatory bowel disease?,1.0,1.0,0.9556,2.164,0.001005,10,6119475
10,D,CkksCombined,50%,0.5,1.5,50.0,10,Describe treatment for chronic kidney disease,0.9,0.9568,0.8333,1.4708,0.012143,10,6112984
10,D,CkksCombined,50%,0.5,1.5,50.0,10,What are symptoms of schizophrenia?,0.8,0.8953,0.5,1.5048,0.007011,10,6095257
10,D,CkksCombined,50%,0.5,1.5,50.0,10,How is bipolar disorder managed?,1.0,1.0,0.9111,1.5571,0.012689,10,6095895
10,D,CkksCombined,50%,0.5,1.5,50.0,10,What causes psoriasis?,1.0,0.9999,0.9556,1.6434,0.010806,10,6100379
10,D,CkksCombined,50%,0.5,1.5,50.0,10,Describe sepsis treatment,1.0,0.9999,0.8667,1.8344,0.011699,10,6208843
10,D,CkksCombined,50%,0.5,1.5,50.0,10,What are risk factors for cancer?,1.0,0.9998,0.7333,1.7481,0.000319,10,6127521
10,D,CkksCombined,50%,0.5,1.5,50.0,10,How is ALS diagnosed?,0.9,0.9439,0.8889,1.4979,0.006759,10,6110377
10,D,CkksCombined,70%,0.3,1.7,70.0,10,What are the symptoms of type 2 diabetes?,0.8,0.8984,0.9286,1.8344,0.003979,10,6106475
10,D,CkksCombined,70%,0.3,1.7,70.0,10,How is hypertension treated?,1.0,0.9997,0.7333,1.4185,0.00331,10,6097081
10,D,CkksCombined,70%,0.3,1.7,70.0,10,What causes heart failure?,0.8,0.8978,0.9286,1.8344,0.003569,10,6095126
10,D,CkksCombined,70%,0.3,1.7,70.0,10,Describe the symptoms of lupus,0.9,0.9491,0.8889,2.0253,0.006881,10,6079831
10,D,CkksCombined,70%,0.3,1.7,70.0,10,What medications treat depression?,1.0,1.0,1.0,1.6957,0.004247,10,6106096
10,D,CkksCombined,70%,0.3,1.7,70.0,10,How does Alzheimer's disease progress?,1.0,1.0,1.0,1.973,0.009498,10,6105223
10,D,CkksCombined,70%,0.3,1.7,70.0,10,What are risk factors for stroke?,0.7,0.8058,0.9048,1.2275,0.003894,10,6094327
10,D,CkksCombined,70%,0.3,1.7,70.0,10,How is asthma managed long-term?,0.9,0.9557,1.0,2.0253,0.002948,10,6291345
10,D,CkksCombined,70%,0.3,1.7,70.0,10,What are signs of kidney disease?,1.0,1.0,0.9556,1.8867,0.003323,10,6103425
10,D,CkksCombined,70%,0.3,1.7,70.0,10,Describe rheumatoid arthritis treatment,1.0,1.0,0.9556,2.0253,0.004009,10,6112652
10,D,CkksCombined,70%,0.3,1.7,70.0,10,What causes Parkinson's disease?,1.0,0.9998,0.9556,1.973,0.006738,10,6150095
10,D,CkksCombined,70%,0.3,1.7,70.0,10,How is multiple sclerosis diagnosed?,0.9,0.956,1.0,1.8344,0.006552,10,6081057
10,D,CkksCombined,70%,0.3,1.7,70.0,10,What are symptoms of anemia?,0.9,0.9532,0.8889,1.8867,0.009094,10,6173415
10,D,CkksCombined,70%,0.3,1.7,70.0,10,How is hypothyroidism treated?,1.0,1.0,0.9556,1.5048,0.007291,10,6091066
10,D,CkksCombined,70%,0.3,1.7,70.0,10,What causes chronic pain?,0.9,0.9403,0.8333,1.973,0.000572,10,6132005
10,D,CkksCombined,70%,0.3,1.7,70.0,10,Describe COPD management,0.9,0.9606,0.9444,1.4979,0.011661,10,6085261
10,D,CkksCombined,70%,0.3,1.7,70.0,10,What are signs of liver disease?,1.0,0.9987,0.7333,2.0253,0.000846,10,6082182
10,D,CkksCombined,70%,0.3,1.7,70.0,10,How is epilepsy treated?,1.0,0.9995,0.6444,1.3592,0.008945,10,6115650
10,D,CkksCombined,70%,0.3,1.7,70.0,10,What causes osteoporosis?,1.0,0.9998,0.8667,1.8344,0.006339,10,6099706
10,D,CkksCombined,70%,0.3,1.7,70.0,10,Describe symptoms of anxiety disorder,1.0,0.9997,0.7778,1.6094,0.006094,10,6087749
10,D,CkksCombined,70%,0.3,1.7,70.0,10,What medications are used for HIV/AIDS?,1.0,0.9998,0.8222,1.7481,0.004149,10,6163370
10,D,CkksCombined,70%,0.3,1.7,70.0,10,How is pneumonia diagnosed?,0.8,0.8921,0.8571,1.4185,0.003275,10,6101852
10,D,CkksCombined,70%,0.3,1.7,70.0,10,What causes inflammatory bowel disease?,0.9,0.9464,0.8889,2.3026,0.000925,10,6088326
10,D,CkksCombined,70%,0.3,1.7,70.0,10,Describe treatment for chronic kidney disease,0.9,0.9563,0.8889,1.4708,0.007674,10,6109264
10,D,CkksCombined,70%,0.3,1.7,70.0,10,What are symptoms of schizophrenia?,0.9,0.9487,0.6667,1.6957,0.005492,10,6095206
10,D,CkksCombined,70%,0.3,1.7,70.0,10,How is bipolar disorder managed?,1.0,0.9993,0.9111,1.4708,0.008151,10,6113243
10,D,CkksCombined,70%,0.3,1.7,70.0,10,What causes psoriasis?,0.9,0.9538,0.7778,1.6957,0.007587,10,6091496
10,D,CkksCombined,70%,0.3,1.7,70.0,10,Describe sepsis treatment,1.0,1.0,0.9111,1.6434,0.008623,10,6123495
10,D,CkksCombined,70%,0.3,1.7,70.0,10,What are risk factors for cancer?,1.0,0.9997,0.6,2.0253,0.000277,10,6189249
10,D,CkksCombined,70%,0.3,1.7,70.0,10,How is ALS diagnosed?,0.8,0.896,1.0,1.4185,0.006503,10,6118494
