trial,exp,algorithm,corpus_size,noise_label,noise_min,noise_max,noise_range_pct,top_k,query,recall_at_k,ndcg_at_k,score_entropy,score_variance,enc_total_us
1,I,Combined,3190,0%,1.0,1.0,0.0,10,Breast Cancer Cells Feed on Cholesterol,1.0,1.0,2.0253,0.001116,25634
1,I,Combined,3190,0%,1.0,1.0,0.0,10,Using Diet to Treat Asthma and Eczema,1.0,1.0,1.6957,0.003962,22356
1,I,Combined,3190,0%,1.0,1.0,0.0,10,Treating Asthma With Plants vs. Pills,1.0,1.0,1.8867,0.005018,21281
1,I,Combined,3190,0%,1.0,1.0,0.0,10,How Fruits and Vegetables Can Treat Asthma,1.0,1.0,1.8867,0.003889,13154
1,I,Combined,3190,0%,1.0,1.0,0.0,10,How Fruits and Vegetables Can Prevent Asthma,1.0,1.0,1.7481,0.002246,12077
1,I,Combined,3190,0%,1.0,1.0,0.0,10,Our Tax Dollars Subsidize Unhealthy Foods,1.0,1.0,2.0253,0.002328,11499
1,I,Combined,3190,0%,1.0,1.0,0.0,10,Reducing Arsenic in Chicken and Rice,1.0,1.0,1.8344,0.000859,11979
1,I,Combined,3190,0%,1.0,1.0,0.0,10,How Contaminated Are Our Children?,1.0,1.0,2.0253,0.000158,10922
1,I,Combined,3190,0%,1.0,1.0,0.0,10,"Blood Type Diet Perceived as ""Crass Fraud""",1.0,1.0,2.0253,0.000334,11870
1,I,Combined,3190,0%,1.0,1.0,0.0,10,Why Do Heart Doctors Favor Surgery and Drugs Over Diet?,1.0,1.0,1.7481,0.000481,11441
1,I,Combined,3190,0%,1.0,1.0,0.0,10,Phytates in Beans: Anti-Nutrient or Anti-Cancer?,1.0,1.0,2.164,0.000373,10823
1,I,Combined,3190,0%,1.0,1.0,0.0,10,How Phytates Fight Cancer Cells,1.0,1.0,1.6434,0.001512,12359
1,I,Combined,3190,0%,1.0,1.0,0.0,10,Colon Cancer Prevention: Is it the Fiber or the Phytates?,1.0,1.0,2.0253,0.001258,12400
1,I,Combined,3190,0%,1.0,1.0,0.0,10,Low Carb Diets Found to Feed Heart Disease,1.0,1.0,2.164,0.000777,10118
1,I,Combined,3190,0%,1.0,1.0,0.0,10,How Curry Can Kill Cancer Cells,1.0,1.0,1.8867,0.000184,12071
1,I,Combined,3190,0%,1.0,1.0,0.0,10,Testing Turmeric on Smokers,1.0,1.0,2.164,0.00044,11901
1,I,Combined,3190,0%,1.0,1.0,0.0,10,Alkylphenol Endocrine Disruptors and Allergies,1.0,1.0,1.8867,0.000412,11052
1,I,Combined,3190,0%,1.0,1.0,0.0,10,Slowing Cognitive Decline with Berries,1.0,1.0,1.8344,0.001638,11907
1,I,Combined,3190,0%,1.0,1.0,0.0,10,What is ‘Meat Glue’?,1.0,1.0,2.3026,0.001415,11005
1,I,Combined,3190,0%,1.0,1.0,0.0,10,Is Liquid Smoke Safe?,1.0,1.0,2.164,0.000693,10936
1,I,Combined,3190,0%,1.0,1.0,0.0,10,Does Antioxidant Intake Matter for Stroke and Heart Disease?,1.0,1.0,1.6434,0.002092,10988
1,I,Combined,3190,0%,1.0,1.0,0.0,10,Does Antioxidant Intake Matter for Cancer?,1.0,1.0,1.8344,0.001094,11213
1,I,Combined,3190,0%,1.0,1.0,0.0,10,Is buying organic worth it? A review of the science in new DVD,1.0,1.0,1.8344,0.00113,10417
1,I,Combined,3190,0%,1.0,1.0,0.0,10,Orange Aromatherapy for Anxiety,1.0,1.0,2.0253,0.006857,8924
1,I,Combined,3190,0%,1.0,1.0,0.0,10,Food Manufacturers Get to Decide if Their Own Additives Are Safe,1.0,1.0,1.973,0.000326,9739
1,I,Combined,3190,0%,1.0,1.0,0.0,10,Meat Industry Wins Right to Sell Tainted Meat,1.0,1.0,1.6094,0.00113,9476
1,I,Combined,3190,0%,1.0,1.0,0.0,10,Chicken Salmonella Outbreaks Show Food Safety Systems Failure,1.0,1.0,1.973,0.000325,8990
1,I,Combined,3190,0%,1.0,1.0,0.0,10,Viral Food Poisoning from Pesticides?,1.0,1.0,2.0253,0.000604,9848
1,I,Combined,3190,0%,1.0,1.0,0.0,10,The Reversal on Fish Oil,1.0,1.0,1.8867,0.001021,8058
1,I,Combined,3190,0%,1.0,1.0,0.0,10,Are Multivitamins Just a Waste of Money?,1.0,1.0,2.0253,0.00017,8803
1,I,Combined,3190,1%,0.99,1.01,1.0,10,Breast Cancer Cells Feed on Cholesterol,1.0,1.0,2.0253,0.001114,18871
1,I,Combined,3190,1%,0.99,1.01,1.0,10,Using Diet to Treat Asthma and Eczema,1.0,1.0,1.6957,0.003959,19180
1,I,Combined,3190,1%,0.99,1.01,1.0,10,Treating Asthma With Plants vs. Pills,1.0,1.0,1.8867,0.005016,18527
1,I,Combined,3190,1%,0.99,1.01,1.0,10,How Fruits and Vegetables Can Treat Asthma,1.0,1.0,1.8867,0.003888,19284
1,I,Combined,3190,1%,0.99,1.01,1.0,10,How Fruits and Vegetables Can Prevent Asthma,1.0,1.0,1.7481,0.002247,10247
1,I,Combined,3190,1%,0.99,1.01,1.0,10,Our Tax Dollars Subsidize Unhealthy Foods,1.0,1.0,2.0253,0.002331,11688
1,I,Combined,3190,1%,0.99,1.01,1.0,10,Reducing Arsenic in Chicken and Rice,1.0,1.0,1.8344,0.00086,10565
1,I,Combined,3190,1%,0.99,1.01,1.0,10,How Contaminated Are Our Children?,1.0,1.0,2.0253,0.000159,9872
1,I,Combined,3190,1%,0.99,1.01,1.0,10,"Blood Type Diet Perceived as ""Crass Fraud""",1.0,1.0,2.0253,0.000335,10175
1,I,Combined,3190,1%,0.99,1.01,1.0,10,Why Do Heart Doctors Favor Surgery and Drugs Over Diet?,1.0,1.0,1.7481,0.000482,10439
1,I,Combined,3190,1%,0.99,1.01,1.0,10,Phytates in Beans: Anti-Nutrient or Anti-Cancer?,1.0,1.0,2.164,0.000375,9666
1,I,Combined,3190,1%,0.99,1.01,1.0,10,How Phytates Fight Cancer Cells,1.0,1.0,1.6434,0.001523,11550
1,I,Combined,3190,1%,0.99,1.01,1.0,10,Colon Cancer Prevention: Is it the Fiber or the Phytates?,1.0,1.0,2.0253,0.001259,10358
1,I,Combined,3190,1%,0.99,1.01,1.0,10,Low Carb Diets Found to Feed Heart Disease,1.0,1.0,2.164,0.000776,11380
1,I,Combined,3190,1%,0.99,1.01,1.0,10,How Curry Can Kill Cancer Cells,1.0,1.0,1.8867,0.000183,13077
1,I,Combined,3190,1%,0.99,1.01,1.0,10,Testing Turmeric on Smokers,1.0,1.0,2.0253,0.000444,11536
1,I,Combined,3190,1%,0.99,1.01,1.0,10,Alkylphenol Endocrine Disruptors and Allergies,1.0,1.0,1.8867,0.000416,9498
1,I,Combined,3190,1%,0.99,1.01,1.0,10,Slowing Cognitive Decline with Berries,1.0,1.0,1.8344,0.001643,10477
1,I,Combined,3190,1%,0.99,1.01,1.0,10,What is ‘Meat Glue’?,1.0,1.0,2.3026,0.001417,10046
1,I,Combined,3190,1%,0.99,1.01,1.0,10,Is Liquid Smoke Safe?,1.0,1.0,2.164,0.000691,10033
1,I,Combined,3190,1%,0.99,1.01,1.0,10,Does Antioxidant Intake Matter for Stroke and Heart Disease?,1.0,1.0,1.6434,0.002093,9444
1,I,Combined,3190,1%,0.99,1.01,1.0,10,Does Antioxidant Intake Matter for Cancer?,1.0,1.0,1.8344,0.001095,8901
1,I,Combined,3190,1%,0.99,1.01,1.0,10,Is buying organic worth it? A review of the science in new DVD,1.0,1.0,1.8344,0.001125,9290
1,I,Combined,3190,1%,0.99,1.01,1.0,10,Orange Aromatherapy for Anxiety,1.0,1.0,2.0253,0.006846,10880
1,I,Combined,3190,1%,0.99,1.01,1.0,10,Food Manufacturers Get to Decide if Their Own Additives Are Safe,1.0,1.0,1.973,0.000327,10496
1,I,Combined,3190,1%,0.99,1.01,1.0,10,Meat Industry Wins Right to Sell Tainted Meat,1.0,1.0,1.6094,0.001126,9736
1,I,Combined,3190,1%,0.99,1.01,1.0,10,Chicken Salmonella Outbreaks Show Food Safety Systems Failure,1.0,1.0,1.973,0.000324,8774
1,I,Combined,3190,1%,0.99,1.01,1.0,10,Viral Food Poisoning from Pesticides?,1.0,1.0,2.0253,0.000601,9685
1,I,Combined,3190,1%,0.99,1.01,1.0,10,The Reversal on Fish Oil,1.0,1.0,1.8867,0.00102,9097
1,I,Combined,3190,1%,0.99,1.01,1.0,10,Are Multivitamins Just a Waste of Money?,1.0,1.0,2.164,0.00017,8688
1,I,Combined,3190,10%,0.9,1.1,10.0,10,Breast Cancer Cells Feed on Cholesterol,1.0,1.0,2.0253,0.001072,29558
1,I,Combined,3190,10%,0.9,1.1,10.0,10,Using Diet to Treat Asthma and Eczema,1.0,1.0,1.6957,0.0038,21168
1,I,Combined,3190,10%,0.9,1.1,10.0,10,Treating Asthma With Plants vs. Pills,1.0,1.0,1.8867,0.004955,19754
1,I,Combined,3190,10%,0.9,1.1,10.0,10,How Fruits and Vegetables Can Treat Asthma,1.0,1.0,2.0253,0.003809,13923
1,I,Combined,3190,10%,0.9,1.1,10.0,10,How Fruits and Vegetables Can Prevent Asthma,1.0,1.0,1.7481,0.002232,12756
1,I,Combined,3190,10%,0.9,1.1,10.0,10,Our Tax Dollars Subsidize Unhealthy Foods,1.0,1.0,1.7481,0.002262,12371
1,I,Combined,3190,10%,0.9,1.1,10.0,10,Reducing Arsenic in Chicken and Rice,1.0,1.0,1.8867,0.000843,13699
1,I,Combined,3190,10%,0.9,1.1,10.0,10,How Contaminated Are Our Children?,1.0,1.0,2.164,0.000152,12751
1,I,Combined,3190,10%,0.9,1.1,10.0,10,"Blood Type Diet Perceived as ""Crass Fraud""",1.0,0.9999,2.0253,0.00035,11739
1,I,Combined,3190,10%,0.9,1.1,10.0,10,Why Do Heart Doctors Favor Surgery and Drugs Over Diet?,1.0,0.9999,1.8344,0.000449,12060
1,I,Combined,3190,10%,0.9,1.1,10.0,10,Phytates in Beans: Anti-Nutrient or Anti-Cancer?,1.0,1.0,2.164,0.000343,11125
1,I,Combined,3190,10%,0.9,1.1,10.0,10,How Phytates Fight Cancer Cells,0.9,0.9451,1.4708,0.00144,12213
1,I,Combined,3190,10%,0.9,1.1,10.0,10,Colon Cancer Prevention: Is it the Fiber or the Phytates?,1.0,1.0,2.164,0.001191,10561
1,I,Combined,3190,10%,0.9,1.1,10.0,10,Low Carb Diets Found to Feed Heart Disease,0.9,0.9448,2.164,0.000752,11319
1,I,Combined,3190,10%,0.9,1.1,10.0,10,How Curry Can Kill Cancer Cells,1.0,1.0,1.8867,0.000206,11464
1,I,Combined,3190,10%,0.9,1.1,10.0,10,Testing Turmeric on Smokers,1.0,0.9999,2.164,0.000451,11402
1,I,Combined,3190,10%,0.9,1.1,10.0,10,Alkylphenol Endocrine Disruptors and Allergies,1.0,1.0,2.0253,0.000403,11527
1,I,Combined,3190,10%,0.9,1.1,10.0,10,Slowing Cognitive Decline with Berries,1.0,0.9999,1.8344,0.001629,10866
1,I,Combined,3190,10%,0.9,1.1,10.0,10,What is ‘Meat Glue’?,1.0,1.0,2.164,0.001396,10938
1,I,Combined,3190,10%,0.9,1.1,10.0,10,Is Liquid Smoke Safe?,1.0,1.0,2.164,0.00068,12335
1,I,Combined,3190,10%,0.9,1.1,10.0,10,Does Antioxidant Intake Matter for Stroke and Heart Disease?,1.0,1.0,1.6434,0.002136,11014
1,I,Combined,3190,10%,0.9,1.1,10.0,10,Does Antioxidant Intake Matter for Cancer?,0.9,0.9438,1.6434,0.001052,11541
1,I,Combined,3190,10%,0.9,1.1,10.0,10,Is buying organic worth it? A review of the science in new DVD,1.0,1.0,1.8344,0.001103,9859
1,I,Combined,3190,10%,0.9,1.1,10.0,10,Orange Aromatherapy for Anxiety,0.9,0.9559,2.0253,0.006693,10705
1,I,Combined,3190,10%,0.9,1.1,10.0,10,Food Manufacturers Get to Decide if Their Own Additives Are Safe,1.0,1.0,1.973,0.000324,10351
1,I,Combined,3190,10%,0.9,1.1,10.0,10,Meat Industry Wins Right to Sell Tainted Meat,1.0,1.0,1.6094,0.001101,10556
1,I,Combined,3190,10%,0.9,1.1,10.0,10,Chicken Salmonella Outbreaks Show Food Safety Systems Failure,1.0,1.0,2.0253,0.0003,9951
1,I,Combined,3190,10%,0.9,1.1,10.0,10,Viral Food Poisoning from Pesticides?,1.0,1.0,2.164,0.000592,11022
1,I,Combined,3190,10%,0.9,1.1,10.0,10,The Reversal on Fish Oil,1.0,0.9999,1.8867,0.000998,9541
1,I,Combined,3190,10%,0.9,1.1,10.0,10,Are Multivitamins Just a Waste of Money?,1.0,0.9997,2.164,0.000173,10280
1,I,Combined,3190,30%,0.7,1.3,30.0,10,Breast Cancer Cells Feed on Cholesterol,1.0,0.9984,2.164,0.001015,22176
1,I,Combined,3190,30%,0.7,1.3,30.0,10,Using Diet to Treat Asthma and Eczema,0.9,0.9502,2.0253,0.003537,21953
1,I,Combined,3190,30%,0.7,1.3,30.0,10,Treating Asthma With Plants vs. Pills,1.0,0.9999,1.8344,0.004389,20195
1,I,Combined,3190,30%,0.7,1.3,30.0,10,How Fruits and Vegetables Can Treat Asthma,1.0,1.0,2.164,0.003424,19451
1,I,Combined,3190,30%,0.7,1.3,30.0,10,How Fruits and Vegetables Can Prevent Asthma,1.0,0.9994,2.164,0.001922,12128
1,I,Combined,3190,30%,0.7,1.3,30.0,10,Our Tax Dollars Subsidize Unhealthy Foods,1.0,0.9998,2.0253,0.001877,10192
1,I,Combined,3190,30%,0.7,1.3,30.0,10,Reducing Arsenic in Chicken and Rice,1.0,1.0,1.6957,0.000772,13202
1,I,Combined,3190,30%,0.7,1.3,30.0,10,How Contaminated Are Our Children?,1.0,1.0,2.0253,0.000114,11591
1,I,Combined,3190,30%,0.7,1.3,30.0,10,"Blood Type Diet Perceived as ""Crass Fraud""",1.0,0.9997,2.0253,0.000279,11056
1,I,Combined,3190,30%,0.7,1.3,30.0,10,Why Do Heart Doctors Favor Surgery and Drugs Over Diet?,1.0,0.9999,2.0253,0.000467,11424
1,I,Combined,3190,30%,0.7,1.3,30.0,10,Phytates in Beans: Anti-Nutrient or Anti-Cancer?,1.0,0.9998,1.8867,0.000346,9361
1,I,Combined,3190,30%,0.7,1.3,30.0,10,How Phytates Fight Cancer Cells,0.9,0.9451,1.6434,0.001381,10811
1,I,Combined,3190,30%,0.7,1.3,30.0,10,Colon Cancer Prevention: Is it the Fiber or the Phytates?,1.0,0.9999,2.0253,0.001271,10404
1,I,Combined,3190,30%,0.7,1.3,30.0,10,Low Carb Diets Found to Feed Heart Disease,1.0,0.9996,2.164,0.00069,9782
1,I,Combined,3190,30%,0.7,1.3,30.0,10,How Curry Can Kill Cancer Cells,1.0,0.9995,2.164,0.000146,12700
1,I,Combined,3190,30%,0.7,1.3,30.0,10,Testing Turmeric on Smokers,0.9,0.9435,2.0253,0.000432,11552
1,I,Combined,3190,30%,0.7,1.3,30.0,10,Alkylphenol Endocrine Disruptors and Allergies,0.9,0.9414,1.973,0.000398,9114
1,I,Combined,3190,30%,0.7,1.3,30.0,10,Slowing Cognitive Decline with Berries,1.0,1.0,1.973,0.001349,11693
1,I,Combined,3190,30%,0.7,1.3,30.0,10,What is ‘Meat Glue’?,0.9,0.9516,2.164,0.001427,12079
1,I,Combined,3190,30%,0.7,1.3,30.0,10,Is Liquid Smoke Safe?,1.0,1.0,2.164,0.000548,11410
1,I,Combined,3190,30%,0.7,1.3,30.0,10,Does Antioxidant Intake Matter for Stroke and Heart Disease?,1.0,1.0,1.6094,0.001831,11061
1,I,Combined,3190,30%,0.7,1.3,30.0,10,Does Antioxidant Intake Matter for Cancer?,0.8,0.8806,1.6957,0.000945,11454
1,I,Combined,3190,30%,0.7,1.3,30.0,10,Is buying organic worth it? A review of the science in new DVD,1.0,1.0,1.6957,0.00103,10605
1,I,Combined,3190,30%,0.7,1.3,30.0,10,Orange Aromatherapy for Anxiety,0.9,0.9559,2.164,0.006205,11327
1,I,Combined,3190,30%,0.7,1.3,30.0,10,Food Manufacturers Get to Decide if Their Own Additives Are Safe,1.0,1.0,2.0253,0.00029,10342
1,I,Combined,3190,30%,0.7,1.3,30.0,10,Meat Industry Wins Right to Sell Tainted Meat,1.0,0.9999,1.8344,0.001067,10097
1,I,Combined,3190,30%,0.7,1.3,30.0,10,Chicken Salmonella Outbreaks Show Food Safety Systems Failure,1.0,1.0,2.3026,0.000288,10916
1,I,Combined,3190,30%,0.7,1.3,30.0,10,Viral Food Poisoning from Pesticides?,1.0,1.0,1.5571,0.0005,10891
1,I,Combined,3190,30%,0.7,1.3,30.0,10,The Reversal on Fish Oil,1.0,1.0,1.8867,0.001018,9070
1,I,Combined,3190,30%,0.7,1.3,30.0,10,Are Multivitamins Just a Waste of Money?,1.0,0.9996,1.8867,0.00017,9351
1,I,Combined,3190,50%,0.5,1.5,50.0,10,Breast Cancer Cells Feed on Cholesterol,1.0,0.9999,2.3026,0.000852,19469
1,I,Combined,3190,50%,0.5,1.5,50.0,10,Using Diet to Treat Asthma and Eczema,0.9,0.9509,1.8344,0.002709,17557
1,I,Combined,3190,50%,0.5,1.5,50.0,10,Treating Asthma With Plants vs. Pills,1.0,0.9999,1.8344,0.003198,17910
1,I,Combined,3190,50%,0.5,1.5,50.0,10,How Fruits and Vegetables Can Treat Asthma,1.0,0.9999,2.164,0.002616,11574
1,I,Combined,3190,50%,0.5,1.5,50.0,10,How Fruits and Vegetables Can Prevent Asthma,1.0,0.9994,2.0253,0.001524,10460
1,I,Combined,3190,50%,0.5,1.5,50.0,10,Our Tax Dollars Subsidize Unhealthy Foods,1.0,0.9986,2.3026,0.001665,11364
1,I,Combined,3190,50%,0.5,1.5,50.0,10,Reducing Arsenic in Chicken and Rice,0.9,0.9468,1.6094,0.000486,10408
1,I,Combined,3190,50%,0.5,1.5,50.0,10,How Contaminated Are Our Children?,0.9,0.9411,2.164,0.000103,14588
1,I,Combined,3190,50%,0.5,1.5,50.0,10,"Blood Type Diet Perceived as ""Crass Fraud""",1.0,0.9998,2.164,0.000166,18581
1,I,Combined,3190,50%,0.5,1.5,50.0,10,Why Do Heart Doctors Favor Surgery and Drugs Over Diet?,1.0,0.9996,1.6957,0.000407,12273
1,I,Combined,3190,50%,0.5,1.5,50.0,10,Phytates in Beans: Anti-Nutrient or Anti-Cancer?,1.0,0.9991,1.973,0.00025,10293
1,I,Combined,3190,50%,0.5,1.5,50.0,10,How Phytates Fight Cancer Cells,0.9,0.9448,1.4185,0.001183,11736
1,I,Combined,3190,50%,0.5,1.5,50.0,10,Colon Cancer Prevention: Is it the Fiber or the Phytates?,1.0,0.9999,2.3026,0.000901,12230
1,I,Combined,3190,50%,0.5,1.5,50.0,10,Low Carb Diets Found to Feed Heart Disease,0.9,0.9444,2.164,0.000343,10489
1,I,Combined,3190,50%,0.5,1.5,50.0,10,How Curry Can Kill Cancer Cells,1.0,0.9997,1.8344,0.000129,10931
1,I,Combined,3190,50%,0.5,1.5,50.0,10,Testing Turmeric on Smokers,1.0,0.9997,2.0253,0.000192,11039
1,I,Combined,3190,50%,0.5,1.5,50.0,10,Alkylphenol Endocrine Disruptors and Allergies,0.9,0.9412,2.3026,0.000336,10617
1,I,Combined,3190,50%,0.5,1.5,50.0,10,Slowing Cognitive Decline with Berries,0.9,0.948,2.0253,0.000821,11702
1,I,Combined,3190,50%,0.5,1.5,50.0,10,What is ‘Meat Glue’?,0.9,0.9514,2.0253,0.001111,11455
1,I,Combined,3190,50%,0.5,1.5,50.0,10,Is Liquid Smoke Safe?,0.8,0.886,2.164,0.000449,10713
1,I,Combined,3190,50%,0.5,1.5,50.0,10,Does Antioxidant Intake Matter for Stroke and Heart Disease?,1.0,0.9988,1.6957,0.001491,9899
1,I,Combined,3190,50%,0.5,1.5,50.0,10,Does Antioxidant Intake Matter for Cancer?,0.9,0.9439,1.7481,0.000694,9546
1,I,Combined,3190,50%,0.5,1.5,50.0,10,Is buying organic worth it? A review of the science in new DVD,1.0,0.9999,1.6957,0.000538,10591
1,I,Combined,3190,50%,0.5,1.5,50.0,10,Orange Aromatherapy for Anxiety,1.0,1.0,2.3026,0.004774,10016
1,I,Combined,3190,50%,0.5,1.5,50.0,10,Food Manufacturers Get to Decide if Their Own Additives Are Safe,0.9,0.9398,2.0253,0.000266,9961
1,I,Combined,3190,50%,0.5,1.5,50.0,10,Meat Industry Wins Right to Sell Tainted Meat,1.0,1.0,1.8867,0.000943,9934
1,I,Combined,3190,50%,0.5,1.5,50.0,10,Chicken Salmonella Outbreaks Show Food Safety Systems Failure,0.9,0.9423,2.3026,0.000173,9595
1,I,Combined,3190,50%,0.5,1.5,50.0,10,Viral Food Poisoning from Pesticides?,1.0,1.0,1.8344,0.000374,11360
1,I,Combined,3190,50%,0.5,1.5,50.0,10,The Reversal on Fish Oil,1.0,0.9998,2.164,0.000796,9296
1,I,Combined,3190,50%,0.5,1.5,50.0,10,Are Multivitamins Just a Waste of Money?,1.0,0.9995,2.164,0.000168,8667
1,I,Combined,3190,70%,0.3,1.7,70.0,10,Breast Cancer Cells Feed on Cholesterol,1.0,1.0,2.0253,0.000528,30531
1,I,Combined,3190,70%,0.3,1.7,70.0,10,Using Diet to Treat Asthma and Eczema,0.8,0.8989,1.8867,0.001418,23046
1,I,Combined,3190,70%,0.3,1.7,70.0,10,Treating Asthma With Plants vs. Pills,1.0,0.9999,1.6957,0.002211,14637
1,I,Combined,3190,70%,0.3,1.7,70.0,10,How Fruits and Vegetables Can Treat Asthma,1.0,0.9997,1.8344,0.001657,11481
1,I,Combined,3190,70%,0.3,1.7,70.0,10,How Fruits and Vegetables Can Prevent Asthma,1.0,0.9993,2.164,0.00099,12819
1,I,Combined,3190,70%,0.3,1.7,70.0,10,Our Tax Dollars Subsidize Unhealthy Foods,1.0,0.9985,2.0253,0.00121,15747
1,I,Combined,3190,70%,0.3,1.7,70.0,10,Reducing Arsenic in Chicken and Rice,0.9,0.9445,1.8344,0.000355,10532
1,I,Combined,3190,70%,0.3,1.7,70.0,10,How Contaminated Are Our Children?,0.9,0.9403,2.0253,0.0001,11172
1,I,Combined,3190,70%,0.3,1.7,70.0,10,"Blood Type Diet Perceived as ""Crass Fraud""",1.0,0.9981,1.8344,0.000209,11668
1,I,Combined,3190,70%,0.3,1.7,70.0,10,Why Do Heart Doctors Favor Surgery and Drugs Over Diet?,0.9,0.9408,1.8867,0.000336,11770
1,I,Combined,3190,70%,0.3,1.7,70.0,10,Phytates in Beans: Anti-Nutrient or Anti-Cancer?,0.9,0.9406,2.0253,0.000208,10430
1,I,Combined,3190,70%,0.3,1.7,70.0,10,How Phytates Fight Cancer Cells,0.9,0.943,1.6094,0.000843,11033
1,I,Combined,3190,70%,0.3,1.7,70.0,10,Colon Cancer Prevention: Is it the Fiber or the Phytates?,1.0,0.9994,2.164,0.000593,10541
1,I,Combined,3190,70%,0.3,1.7,70.0,10,Low Carb Diets Found to Feed Heart Disease,0.8,0.887,1.8867,0.00059,10394
1,I,Combined,3190,70%,0.3,1.7,70.0,10,How Curry Can Kill Cancer Cells,0.9,0.9292,1.8344,0.000104,10505
1,I,Combined,3190,70%,0.3,1.7,70.0,10,Testing Turmeric on Smokers,1.0,0.9992,2.0253,0.000169,10719
1,I,Combined,3190,70%,0.3,1.7,70.0,10,Alkylphenol Endocrine Disruptors and Allergies,0.9,0.9409,2.3026,0.000216,9974
1,I,Combined,3190,70%,0.3,1.7,70.0,10,Slowing Cognitive Decline with Berries,0.9,0.9479,2.0253,0.000742,10061
1,I,Combined,3190,70%,0.3,1.7,70.0,10,What is ‘Meat Glue’?,0.9,0.9496,1.8344,0.000682,11220
1,I,Combined,3190,70%,0.3,1.7,70.0,10,Is Liquid Smoke Safe?,1.0,0.9989,2.164,0.00033,10757
1,I,Combined,3190,70%,0.3,1.7,70.0,10,Does Antioxidant Intake Matter for Stroke and Heart Disease?,1.0,0.9999,2.0253,0.000978,10479
1,I,Combined,3190,70%,0.3,1.7,70.0,10,Does Antioxidant Intake Matter for Cancer?,0.9,0.9429,1.4708,0.000611,9398
1,I,Combined,3190,70%,0.3,1.7,70.0,10,Is buying organic worth it? A review of the science in new DVD,1.0,0.9999,1.8867,0.000514,14650
1,I,Combined,3190,70%,0.3,1.7,70.0,10,Orange Aromatherapy for Anxiety,0.9,0.9556,2.0253,0.002978,10570
1,I,Combined,3190,70%,0.3,1.7,70.0,10,Food Manufacturers Get to Decide if Their Own Additives Are Safe,1.0,0.9989,2.164,0.000176,10185
1,I,Combined,3190,70%,0.3,1.7,70.0,10,Meat Industry Wins Right to Sell Tainted Meat,0.9,0.9434,1.8344,0.000508,11407
1,I,Combined,3190,70%,0.3,1.7,70.0,10,Chicken Salmonella Outbreaks Show Food Safety Systems Failure,1.0,0.9999,2.0253,0.000177,9454
1,I,Combined,3190,70%,0.3,1.7,70.0,10,Viral Food Poisoning from Pesticides?,1.0,0.999,2.164,0.000335,11094
1,I,Combined,3190,70%,0.3,1.7,70.0,10,The Reversal on Fish Oil,1.0,0.9996,2.0253,0.000488,11270
1,I,Combined,3190,70%,0.3,1.7,70.0,10,Are Multivitamins Just a Waste of Money?,1.0,0.9998,2.3026,5.5e-05,12656
2,I,Combined,3190,0%,1.0,1.0,0.0,10,Breast Cancer Cells Feed on Cholesterol,1.0,1.0,2.0253,0.001116,32845
2,I,Combined,3190,0%,1.0,1.0,0.0,10,Using Diet to Treat Asthma and Eczema,1.0,1.0,1.6957,0.003962,21046
2,I,Combined,3190,0%,1.0,1.0,0.0,10,Treating Asthma With Plants vs. Pills,1.0,1.0,1.8867,0.005018,20082
2,I,Combined,3190,0%,1.0,1.0,0.0,10,How Fruits and Vegetables Can Treat Asthma,1.0,1.0,1.8867,0.003889,16248
2,I,Combined,3190,0%,1.0,1.0,0.0,10,How Fruits and Vegetables Can Prevent Asthma,1.0,1.0,1.7481,0.002246,11761
2,I,Combined,3190,0%,1.0,1.0,0.0,10,Our Tax Dollars Subsidize Unhealthy Foods,1.0,1.0,2.0253,0.002328,10831
2,I,Combined,3190,0%,1.0,1.0,0.0,10,Reducing Arsenic in Chicken and Rice,1.0,1.0,1.8344,0.000859,10582
2,I,Combined,3190,0%,1.0,1.0,0.0,10,How Contaminated Are Our Children?,1.0,1.0,2.0253,0.000158,9663
2,I,Combined,3190,0%,1.0,1.0,0.0,10,"Blood Type Diet Perceived as ""Crass Fraud""",1.0,1.0,2.0253,0.000334,9853
2,I,Combined,3190,0%,1.0,1.0,0.0,10,Why Do Heart Doctors Favor Surgery and Drugs Over Diet?,1.0,1.0,1.7481,0.000481,11002
2,I,Combined,3190,0%,1.0,1.0,0.0,10,Phytates in Beans: Anti-Nutrient or Anti-Cancer?,1.0,1.0,2.164,0.000373,9970
2,I,Combined,3190,0%,1.0,1.0,0.0,10,How Phytates Fight Cancer Cells,1.0,1.0,1.6434,0.001512,9870
2,I,Combined,3190,0%,1.0,1.0,0.0,10,Colon Cancer Prevention: Is it the Fiber or the Phytates?,1.0,1.0,2.0253,0.001258,11362
2,I,Combined,3190,0%,1.0,1.0,0.0,10,Low Carb Diets Found to Feed Heart Disease,1.0,1.0,2.164,0.000777,13622
2,I,Combined,3190,0%,1.0,1.0,0.0,10,How Curry Can Kill Cancer Cells,1.0,1.0,1.8867,0.000184,11623
2,I,Combined,3190,0%,1.0,1.0,0.0,10,Testing Turmeric on Smokers,1.0,1.0,2.164,0.00044,10233
2,I,Combined,3190,0%,1.0,1.0,0.0,10,Alkylphenol Endocrine Disruptors and Allergies,1.0,1.0,1.8867,0.000412,9531
2,I,Combined,3190,0%,1.0,1.0,0.0,10,Slowing Cognitive Decline with Berries,1.0,1.0,1.8344,0.001638,9941
2,I,Combined,3190,0%,1.0,1.0,0.0,10,What is ‘Meat Glue’?,1.0,1.0,2.3026,0.001415,10694
2,I,Combined,3190,0%,1.0,1.0,0.0,10,Is Liquid Smoke Safe?,1.0,1.0,2.164,0.000693,9855
2,I,Combined,3190,0%,1.0,1.0,0.0,10,Does Antioxidant Intake Matter for Stroke and Heart Disease?,1.0,1.0,1.6434,0.002092,9874
2,I,Combined,3190,0%,1.0,1.0,0.0,10,Does Antioxidant Intake Matter for Cancer?,1.0,1.0,1.8344,0.001094,9676
2,I,Combined,3190,0%,1.0,1.0,0.0,10,Is buying organic worth it? A review of the science in new DVD,1.0,1.0,1.8344,0.00113,10092
2,I,Combined,3190,0%,1.0,1.0,0.0,10,Orange Aromatherapy for Anxiety,1.0,1.0,2.0253,0.006857,10706
2,I,Combined,3190,0%,1.0,1.0,0.0,10,Food Manufacturers Get to Decide if Their Own Additives Are Safe,1.0,1.0,1.973,0.000326,11055
2,I,Combined,3190,0%,1.0,1.0,0.0,10,Meat Industry Wins Right to Sell Tainted Meat,1.0,1.0,1.6094,0.00113,11745
2,I,Combined,3190,0%,1.0,1.0,0.0,10,Chicken Salmonella Outbreaks Show Food Safety Systems Failure,1.0,1.0,1.973,0.000325,10199
2,I,Combined,3190,0%,1.0,1.0,0.0,10,Viral Food Poisoning from Pesticides?,1.0,1.0,2.0253,0.000604,11269
2,I,Combined,3190,0%,1.0,1.0,0.0,10,The Reversal on Fish Oil,1.0,1.0,1.8867,0.001021,11285
2,I,Combined,3190,0%,1.0,1.0,0.0,10,Are Multivitamins Just a Waste of Money?,1.0,1.0,2.0253,0.00017,10100
2,I,Combined,3190,1%,0.99,1.01,1.0,10,Breast Cancer Cells Feed on Cholesterol,1.0,1.0,2.0253,0.001116,30617
2,I,Combined,3190,1%,0.99,1.01,1.0,10,Using Diet to Treat Asthma and Eczema,1.0,1.0,1.6957,0.00396,20148
2,I,Combined,3190,1%,0.99,1.01,1.0,10,Treating Asthma With Plants vs. Pills,1.0,1.0,1.8867,0.005007,12852
2,I,Combined,3190,1%,0.99,1.01,1.0,10,How Fruits and Vegetables Can Treat Asthma,1.0,1.0,2.0253,0.003885,12545
2,I,Combined,3190,1%,0.99,1.01,1.0,10,How Fruits and Vegetables Can Prevent Asthma,1.0,1.0,1.7481,0.002246,11164
2,I,Combined,3190,1%,0.99,1.01,1.0,10,Our Tax Dollars Subsidize Unhealthy Foods,1.0,1.0,2.0253,0.002326,11652
2,I,Combined,3190,1%,0.99,1.01,1.0,10,Reducing Arsenic in Chicken and Rice,1.0,1.0,1.8344,0.000856,11226
2,I,Combined,3190,1%,0.99,1.01,1.0,10,How Contaminated Are Our Children?,1.0,1.0,2.0253,0.000158,9823
2,I,Combined,3190,1%,0.99,1.01,1.0,10,"Blood Type Diet Perceived as ""Crass Fraud""",1.0,1.0,2.0253,0.000336,9803
2,I,Combined,3190,1%,0.99,1.01,1.0,10,Why Do Heart Doctors Favor Surgery and Drugs Over Diet?,1.0,1.0,1.7481,0.00048,11597
2,I,Combined,3190,1%,0.99,1.01,1.0,10,Phytates in Beans: Anti-Nutrient or Anti-Cancer?,1.0,1.0,2.0253,0.000373,11528
2,I,Combined,3190,1%,0.99,1.01,1.0,10,How Phytates Fight Cancer Cells,1.0,1.0,1.6434,0.001517,11534
2,I,Combined,3190,1%,0.99,1.01,1.0,10,Colon Cancer Prevention: Is it the Fiber or the Phytates?,1.0,1.0,2.0253,0.001254,9499
2,I,Combined,3190,1%,0.99,1.01,1.0,10,Low Carb Diets Found to Feed Heart Disease,1.0,1.0,2.164,0.000781,10349
2,I,Combined,3190,1%,0.99,1.01,1.0,10,How Curry Can Kill Cancer Cells,1.0,1.0,1.8867,0.000183,10157
2,I,Combined,3190,1%,0.99,1.01,1.0,10,Testing Turmeric on Smokers,1.0,1.0,2.164,0.000443,11890
2,I,Combined,3190,1%,0.99,1.01,1.0,10,Alkylphenol Endocrine Disruptors and Allergies,1.0,1.0,1.8867,0.000411,11795
2,I,Combined,3190,1%,0.99,1.01,1.0,10,Slowing Cognitive Decline with Berries,1.0,1.0,1.8344,0.001639,10559
2,I,Combined,3190,1%,0.99,1.01,1.0,10,What is ‘Meat Glue’?,1.0,1.0,2.3026,0.00142,11557
2,I,Combined,3190,1%,0.99,1.01,1.0,10,Is Liquid Smoke Safe?,0.9,0.9461,2.164,0.000694,11911
2,I,Combined,3190,1%,0.99,1.01,1.0,10,Does Antioxidant Intake Matter for Stroke and Heart Disease?,1.0,1.0,1.6434,0.002095,10885
2,I,Combined,3190,1%,0.99,1.01,1.0,10,Does Antioxidant Intake Matter for Cancer?,0.9,0.9439,1.8344,0.00109,11183
2,I,Combined,3190,1%,0.99,1.01,1.0,10,Is buying organic worth it? A review of the science in new DVD,1.0,1.0,1.8344,0.00113,10080
2,I,Combined,3190,1%,0.99,1.01,1.0,10,Orange Aromatherapy for Anxiety,1.0,1.0,2.0253,0.006862,11323
2,I,Combined,3190,1%,0.99,1.01,1.0,10,Food Manufacturers Get to Decide if Their Own Additives Are Safe,1.0,1.0,1.973,0.000326,10448
2,I,Combined,3190,1%,0.99,1.01,1.0,10,Meat Industry Wins Right to Sell Tainted Meat,1.0,1.0,1.6094,0.001129,10595
2,I,Combined,3190,1%,0.99,1.01,1.0,10,Chicken Salmonella Outbreaks Show Food Safety Systems Failure,1.0,1.0,2.164,0.000324,11118
2,I,Combined,3190,1%,0.99,1.01,1.0,10,Viral Food Poisoning from Pesticides?,1.0,1.0,2.0253,0.000602,10872
2,I,Combined,3190,1%,0.99,1.01,1.0,10,The Reversal on Fish Oil,1.0,1.0,1.8867,0.001024,9271
2,I,Combined,3190,1%,0.99,1.01,1.0,10,Are Multivitamins Just a Waste of Money?,1.0,1.0,2.0253,0.00017,8984
2,I,Combined,3190,10%,0.9,1.1,10.0,10,Breast Cancer Cells Feed on Cholesterol,1.0,1.0,2.0253,0.001102,25081
2,I,Combined,3190,10%,0.9,1.1,10.0,10,Using Diet to Treat Asthma and Eczema,0.9,0.951,1.6957,0.003946,20410
2,I,Combined,3190,10%,0.9,1.1,10.0,10,Treating Asthma With Plants vs. Pills,1.0,1.0,1.6957,0.005064,13929
2,I,Combined,3190,10%,0.9,1.1,10.0,10,How Fruits and Vegetables Can Treat Asthma,1.0,1.0,2.0253,0.003937,12335
2,I,Combined,3190,10%,0.9,1.1,10.0,10,How Fruits and Vegetables Can Prevent Asthma,1.0,1.0,1.8867,0.00226,11752
2,I,Combined,3190,10%,0.9,1.1,10.0,10,Our Tax Dollars Subsidize Unhealthy Foods,1.0,1.0,2.0253,0.002298,11236
2,I,Combined,3190,10%,0.9,1.1,10.0,10,Reducing Arsenic in Chicken and Rice,1.0,1.0,1.8867,0.000856,11682
2,I,Combined,3190,10%,0.9,1.1,10.0,10,How Contaminated Are Our Children?,1.0,1.0,2.164,0.000159,11275
2,I,Combined,3190,10%,0.9,1.1,10.0,10,"Blood Type Diet Perceived as ""Crass Fraud""",1.0,0.9999,1.8344,0.000352,10737
2,I,Combined,3190,10%,0.9,1.1,10.0,10,Why Do Heart Doctors Favor Surgery and Drugs Over Diet?,1.0,1.0,1.8344,0.000495,10284
2,I,Combined,3190,10%,0.9,1.1,10.0,10,Phytates in Beans: Anti-Nutrient or Anti-Cancer?,1.0,1.0,2.3026,0.000378,9420
2,I,Combined,3190,10%,0.9,1.1,10.0,10,How Phytates Fight Cancer Cells,1.0,1.0,1.6434,0.001489,11234
2,I,Combined,3190,10%,0.9,1.1,10.0,10,Colon Cancer Prevention: Is it the Fiber or the Phytates?,1.0,1.0,1.8867,0.001261,10176
2,I,Combined,3190,10%,0.9,1.1,10.0,10,Low Carb Diets Found to Feed Heart Disease,0.9,0.9425,2.164,0.000744,11125
2,I,Combined,3190,10%,0.9,1.1,10.0,10,How Curry Can Kill Cancer Cells,1.0,1.0,1.8867,0.000181,10914
2,I,Combined,3190,10%,0.9,1.1,10.0,10,Testing Turmeric on Smokers,1.0,1.0,2.0253,0.000421,11155
2,I,Combined,3190,10%,0.9,1.1,10.0,10,Alkylphenol Endocrine Disruptors and Allergies,1.0,0.9998,2.0253,0.000401,9845
2,I,Combined,3190,10%,0.9,1.1,10.0,10,Slowing Cognitive Decline with Berries,1.0,1.0,1.973,0.001544,11208
2,I,Combined,3190,10%,0.9,1.1,10.0,10,What is ‘Meat Glue’?,1.0,1.0,2.164,0.001437,10422
2,I,Combined,3190,10%,0.9,1.1,10.0,10,Is Liquid Smoke Safe?,1.0,0.9997,1.8867,0.000695,13105
2,I,Combined,3190,10%,0.9,1.1,10.0,10,Does Antioxidant Intake Matter for Stroke and Heart Disease?,1.0,1.0,1.6434,0.002117,16101
2,I,Combined,3190,10%,0.9,1.1,10.0,10,Does Antioxidant Intake Matter for Cancer?,0.9,0.9438,1.6434,0.001056,9400
2,I,Combined,3190,10%,0.9,1.1,10.0,10,Is buying organic worth it? A review of the science in new DVD,1.0,1.0,1.8344,0.001113,9086
2,I,Combined,3190,10%,0.9,1.1,10.0,10,Orange Aromatherapy for Anxiety,1.0,1.0,2.0253,0.006737,14160
2,I,Combined,3190,10%,0.9,1.1,10.0,10,Food Manufacturers Get to Decide if Their Own Additives Are Safe,1.0,1.0,2.0253,0.000327,10255
2,I,Combined,3190,10%,0.9,1.1,10.0,10,Meat Industry Wins Right to Sell Tainted Meat,1.0,0.9999,1.6094,0.001114,9420
2,I,Combined,3190,10%,0.9,1.1,10.0,10,Chicken Salmonella Outbreaks Show Food Safety Systems Failure,1.0,1.0,2.3026,0.000341,10203
2,I,Combined,3190,10%,0.9,1.1,10.0,10,Viral Food Poisoning from Pesticides?,1.0,1.0,2.0253,0.000578,10589
2,I,Combined,3190,10%,0.9,1.1,10.0,10,The Reversal on Fish Oil,1.0,1.0,1.8867,0.001014,10369
2,I,Combined,3190,10%,0.9,1.1,10.0,10,Are Multivitamins Just a Waste of Money?,1.0,0.9997,2.0253,0.000174,9043
2,I,Combined,3190,30%,0.7,1.3,30.0,10,Breast Cancer Cells Feed on Cholesterol,1.0,1.0,2.0253,0.000977,22533
2,I,Combined,3190,30%,0.7,1.3,30.0,10,Using Diet to Treat Asthma and Eczema,0.9,0.9508,1.6957,0.003417,21458
2,I,Combined,3190,30%,0.7,1.3,30.0,10,Treating Asthma With Plants vs. Pills,1.0,0.9999,1.7481,0.004655,20707
2,I,Combined,3190,30%,0.7,1.3,30.0,10,How Fruits and Vegetables Can Treat Asthma,1.0,0.9998,1.8867,0.003544,11987
2,I,Combined,3190,30%,0.7,1.3,30.0,10,How Fruits and Vegetables Can Prevent Asthma,1.0,1.0,2.0253,0.001982,11979
2,I,Combined,3190,30%,0.7,1.3,30.0,10,Our Tax Dollars Subsidize Unhealthy Foods,1.0,1.0,1.973,0.002169,10638
2,I,Combined,3190,30%,0.7,1.3,30.0,10,Reducing Arsenic in Chicken and Rice,0.9,0.9447,1.8867,0.000761,11407
2,I,Combined,3190,30%,0.7,1.3,30.0,10,How Contaminated Are Our Children?,1.0,1.0,2.0253,0.000131,10793
2,I,Combined,3190,30%,0.7,1.3,30.0,10,"Blood Type Diet Perceived as ""Crass Fraud""",1.0,0.9998,2.0253,0.000297,10687
2,I,Combined,3190,30%,0.7,1.3,30.0,10,Why Do Heart Doctors Favor Surgery and Drugs Over Diet?,1.0,1.0,1.973,0.00049,11311
2,I,Combined,3190,30%,0.7,1.3,30.0,10,Phytates in Beans: Anti-Nutrient or Anti-Cancer?,1.0,0.9998,1.8867,0.000385,9535
2,I,Combined,3190,30%,0.7,1.3,30.0,10,How Phytates Fight Cancer Cells,0.9,0.9429,1.3592,0.001447,11935
2,I,Combined,3190,30%,0.7,1.3,30.0,10,Colon Cancer Prevention: Is it the Fiber or the Phytates?,1.0,0.9996,2.164,0.001106,11853
2,I,Combined,3190,30%,0.7,1.3,30.0,10,Low Carb Diets Found to Feed Heart Disease,0.9,0.9446,2.0253,0.000617,9422
2,I,Combined,3190,30%,0.7,1.3,30.0,10,How Curry Can Kill Cancer Cells,0.9,0.9405,2.0253,0.000158,10982
2,I,Combined,3190,30%,0.7,1.3,30.0,10,Testing Turmeric on Smokers,1.0,0.9989,1.8867,0.000423,11578
2,I,Combined,3190,30%,0.7,1.3,30.0,10,Alkylphenol Endocrine Disruptors and Allergies,1.0,0.9998,1.6957,0.000346,10568
2,I,Combined,3190,30%,0.7,1.3,30.0,10,Slowing Cognitive Decline with Berries,0.9,0.948,1.8344,0.001526,13187
2,I,Combined,3190,30%,0.7,1.3,30.0,10,What is ‘Meat Glue’?,1.0,0.9998,2.164,0.001338,11161
2,I,Combined,3190,30%,0.7,1.3,30.0,10,Is Liquid Smoke Safe?,1.0,1.0,2.0253,0.000539,10834
2,I,Combined,3190,30%,0.7,1.3,30.0,10,Does Antioxidant Intake Matter for Stroke and Heart Disease?,1.0,0.9999,1.6094,0.001822,10857
2,I,Combined,3190,30%,0.7,1.3,30.0,10,Does Antioxidant Intake Matter for Cancer?,0.9,0.9427,1.8344,0.000995,9763
2,I,Combined,3190,30%,0.7,1.3,30.0,10,Is buying organic worth it? A review of the science in new DVD,0.9,0.9459,1.8344,0.001005,9672
2,I,Combined,3190,30%,0.7,1.3,30.0,10,Orange Aromatherapy for Anxiety,1.0,1.0,2.0253,0.006098,10749
2,I,Combined,3190,30%,0.7,1.3,30.0,10,Food Manufacturers Get to Decide if Their Own Additives Are Safe,1.0,1.0,2.164,0.000328,8897
2,I,Combined,3190,30%,0.7,1.3,30.0,10,Meat Industry Wins Right to Sell Tainted Meat,0.9,0.9476,1.6094,0.001,8721
2,I,Combined,3190,30%,0.7,1.3,30.0,10,Chicken Salmonella Outbreaks Show Food Safety Systems Failure,1.0,0.9974,2.0253,0.000287,10274
2,I,Combined,3190,30%,0.7,1.3,30.0,10,Viral Food Poisoning from Pesticides?,1.0,0.9998,2.0253,0.000444,10627
2,I,Combined,3190,30%,0.7,1.3,30.0,10,The Reversal on Fish Oil,1.0,0.9999,1.8344,0.00083,10590
2,I,Combined,3190,30%,0.7,1.3,30.0,10,Are Multivitamins Just a Waste of Money?,1.0,1.0,1.8344,0.000137,9604
2,I,Combined,3190,50%,0.5,1.5,50.0,10,Breast Cancer Cells Feed on Cholesterol,1.0,0.9995,1.973,0.000779,26895
2,I,Combined,3190,50%,0.5,1.5,50.0,10,Using Diet to Treat Asthma and Eczema,0.9,0.9508,1.6957,0.002824,20308
2,I,Combined,3190,50%,0.5,1.5,50.0,10,Treating Asthma With Plants vs. Pills,1.0,0.9999,1.8344,0.003564,14040
2,I,Combined,3190,50%,0.5,1.5,50.0,10,How Fruits and Vegetables Can Treat Asthma,1.0,0.9999,2.0253,0.0028,12943
2,I,Combined,3190,50%,0.5,1.5,50.0,10,How Fruits and Vegetables Can Prevent Asthma,1.0,0.9999,2.0253,0.001581,11759
2,I,Combined,3190,50%,0.5,1.5,50.0,10,Our Tax Dollars Subsidize Unhealthy Foods,1.0,1.0,2.164,0.001705,12900
2,I,Combined,3190,50%,0.5,1.5,50.0,10,Reducing Arsenic in Chicken and Rice,1.0,0.9999,1.7481,0.000514,12148
2,I,Combined,3190,50%,0.5,1.5,50.0,10,How Contaminated Are Our Children?,0.9,0.9403,2.0253,9e-05,11601
2,I,Combined,3190,50%,0.5,1.5,50.0,10,"Blood Type Diet Perceived as ""Crass Fraud""",0.9,0.9401,2.0253,0.000347,11070
2,I,Combined,3190,50%,0.5,1.5,50.0,10,Why Do Heart Doctors Favor Surgery and Drugs Over Diet?,0.9,0.9416,2.0253,0.000288,14094
2,I,Combined,3190,50%,0.5,1.5,50.0,10,Phytates in Beans: Anti-Nutrient or Anti-Cancer?,0.9,0.9403,2.0253,0.000286,12053
2,I,Combined,3190,50%,0.5,1.5,50.0,10,How Phytates Fight Cancer Cells,0.9,0.9417,1.4185,0.000964,12642
2,I,Combined,3190,50%,0.5,1.5,50.0,10,Colon Cancer Prevention: Is it the Fiber or the Phytates?,1.0,0.9993,2.164,0.000752,10536
2,I,Combined,3190,50%,0.5,1.5,50.0,10,Low Carb Diets Found to Feed Heart Disease,0.9,0.9445,2.0253,0.000495,12909
2,I,Combined,3190,50%,0.5,1.5,50.0,10,How Curry Can Kill Cancer Cells,0.9,0.9362,1.7481,0.000188,10680
2,I,Combined,3190,50%,0.5,1.5,50.0,10,Testing Turmeric on Smokers,1.0,0.9984,1.6434,0.000303,10260
2,I,Combined,3190,50%,0.5,1.5,50.0,10,Alkylphenol Endocrine Disruptors and Allergies,1.0,0.9997,2.164,0.000301,9777
2,I,Combined,3190,50%,0.5,1.5,50.0,10,Slowing Cognitive Decline with Berries,1.0,0.9997,2.164,0.00104,10270
2,I,Combined,3190,50%,0.5,1.5,50.0,10,What is ‘Meat Glue’?,1.0,1.0,1.7481,0.000955,10459
2,I,Combined,3190,50%,0.5,1.5,50.0,10,Is Liquid Smoke Safe?,0.9,0.9407,1.7481,0.000373,10510
2,I,Combined,3190,50%,0.5,1.5,50.0,10,Does Antioxidant Intake Matter for Stroke and Heart Disease?,0.9,0.9456,1.8344,0.001327,11317
2,I,Combined,3190,50%,0.5,1.5,50.0,10,Does Antioxidant Intake Matter for Cancer?,1.0,0.9999,1.8344,0.000602,10785
2,I,Combined,3190,50%,0.5,1.5,50.0,10,Is buying organic worth it? A review of the science in new DVD,1.0,0.9994,1.5048,0.000843,9616
2,I,Combined,3190,50%,0.5,1.5,50.0,10,Orange Aromatherapy for Anxiety,0.9,0.9559,1.8344,0.004999,11215
2,I,Combined,3190,50%,0.5,1.5,50.0,10,Food Manufacturers Get to Decide if Their Own Additives Are Safe,1.0,1.0,1.973,0.000178,10613
2,I,Combined,3190,50%,0.5,1.5,50.0,10,Meat Industry Wins Right to Sell Tainted Meat,0.9,0.9445,1.7481,0.000954,10905
2,I,Combined,3190,50%,0.5,1.5,50.0,10,Chicken Salmonella Outbreaks Show Food Safety Systems Failure,1.0,0.9998,2.0253,0.000134,9937
2,I,Combined,3190,50%,0.5,1.5,50.0,10,Viral Food Poisoning from Pesticides?,1.0,0.9995,2.3026,0.000273,11252
2,I,Combined,3190,50%,0.5,1.5,50.0,10,The Reversal on Fish Oil,1.0,0.9998,1.8867,0.000662,9381
2,I,Combined,3190,50%,0.5,1.5,50.0,10,Are Multivitamins Just a Waste of Money?,1.0,0.9981,2.164,0.000145,7638
2,I,Combined,3190,70%,0.3,1.7,70.0,10,Breast Cancer Cells Feed on Cholesterol,1.0,1.0,2.0253,0.000575,28010
2,I,Combined,3190,70%,0.3,1.7,70.0,10,Using Diet to Treat Asthma and Eczema,0.9,0.9485,2.0253,0.001399,20491
2,I,Combined,3190,70%,0.3,1.7,70.0,10,Treating Asthma With Plants vs. Pills,1.0,0.9989,1.8867,0.001641,18957
2,I,Combined,3190,70%,0.3,1.7,70.0,10,How Fruits and Vegetables Can Treat Asthma,0.9,0.9481,2.0253,0.001491,14105
2,I,Combined,3190,70%,0.3,1.7,70.0,10,How Fruits and Vegetables Can Prevent Asthma,1.0,0.9979,2.0253,0.000955,11777
2,I,Combined,3190,70%,0.3,1.7,70.0,10,Our Tax Dollars Subsidize Unhealthy Foods,0.9,0.9499,2.164,0.001156,11729
2,I,Combined,3190,70%,0.3,1.7,70.0,10,Reducing Arsenic in Chicken and Rice,1.0,0.9991,1.8344,0.000354,11653
2,I,Combined,3190,70%,0.3,1.7,70.0,10,How Contaminated Are Our Children?,0.9,0.9406,2.0253,0.000118,10846
2,I,Combined,3190,70%,0.3,1.7,70.0,10,"Blood Type Diet Perceived as ""Crass Fraud""",0.9,0.9409,2.0253,0.000126,10593
2,I,Combined,3190,70%,0.3,1.7,70.0,10,Why Do Heart Doctors Favor Surgery and Drugs Over Diet?,1.0,1.0,1.973,0.000273,10556
2,I,Combined,3190,70%,0.3,1.7,70.0,10,Phytates in Beans: Anti-Nutrient or Anti-Cancer?,0.9,0.9391,2.164,0.000235,9930
2,I,Combined,3190,70%,0.3,1.7,70.0,10,How Phytates Fight Cancer Cells,0.9,0.9387,1.6094,0.000846,10632
2,I,Combined,3190,70%,0.3,1.7,70.0,10,Colon Cancer Prevention: Is it the Fiber or the Phytates?,1.0,1.0,1.8867,0.000493,9177
2,I,Combined,3190,70%,0.3,1.7,70.0,10,Low Carb Diets Found to Feed Heart Disease,0.9,0.9404,1.8867,0.000259,9837
2,I,Combined,3190,70%,0.3,1.7,70.0,10,How Curry Can Kill Cancer Cells,0.9,0.9399,1.6957,8.7e-05,10429
2,I,Combined,3190,70%,0.3,1.7,70.0,10,Testing Turmeric on Smokers,0.9,0.9433,2.0253,0.00023,10119
2,I,Combined,3190,70%,0.3,1.7,70.0,10,Alkylphenol Endocrine Disruptors and Allergies,1.0,0.9993,2.0253,0.000167,10809
2,I,Combined,3190,70%,0.3,1.7,70.0,10,Slowing Cognitive Decline with Berries,0.8,0.891,1.6957,0.000781,12871
2,I,Combined,3190,70%,0.3,1.7,70.0,10,What is ‘Meat Glue’?,0.9,0.9504,2.0253,0.000632,13508
2,I,Combined,3190,70%,0.3,1.7,70.0,10,Is Liquid Smoke Safe?,0.9,0.9455,2.164,0.000307,9943
2,I,Combined,3190,70%,0.3,1.7,70.0,10,Does Antioxidant Intake Matter for Stroke and Heart Disease?,1.0,0.9997,1.2275,0.000796,10623
2,I,Combined,3190,70%,0.3,1.7,70.0,10,Does Antioxidant Intake Matter for Cancer?,1.0,0.9989,1.6094,0.000419,9860
2,I,Combined,3190,70%,0.3,1.7,70.0,10,Is buying organic worth it? A review of the science in new DVD,1.0,0.9992,1.6957,0.000507,10587
2,I,Combined,3190,70%,0.3,1.7,70.0,10,Orange Aromatherapy for Anxiety,1.0,1.0,2.0253,0.003449,10147
2,I,Combined,3190,70%,0.3,1.7,70.0,10,Food Manufacturers Get to Decide if Their Own Additives Are Safe,1.0,0.9999,1.8344,0.00015,10639
2,I,Combined,3190,70%,0.3,1.7,70.0,10,Meat Industry Wins Right to Sell Tainted Meat,0.9,0.9477,2.0253,0.000588,11773
2,I,Combined,3190,70%,0.3,1.7,70.0,10,Chicken Salmonella Outbreaks Show Food Safety Systems Failure,0.9,0.9423,2.164,0.000158,8864
2,I,Combined,3190,70%,0.3,1.7,70.0,10,Viral Food Poisoning from Pesticides?,1.0,1.0,1.8867,0.000363,8912
2,I,Combined,3190,70%,0.3,1.7,70.0,10,The Reversal on Fish Oil,1.0,0.9998,2.0253,0.000555,9475
2,I,Combined,3190,70%,0.3,1.7,70.0,10,Are Multivitamins Just a Waste of Money?,0.9,0.9414,2.0253,7.4e-05,8848
3,I,Combined,3190,0%,1.0,1.0,0.0,10,Breast Cancer Cells Feed on Cholesterol,1.0,1.0,2.0253,0.001116,22461
3,I,Combined,3190,0%,1.0,1.0,0.0,10,Using Diet to Treat Asthma and Eczema,1.0,1.0,1.6957,0.003962,21543
3,I,Combined,3190,0%,1.0,1.0,0.0,10,Treating Asthma With Plants vs. Pills,1.0,1.0,1.8867,0.005018,21428
3,I,Combined,3190,0%,1.0,1.0,0.0,10,How Fruits and Vegetables Can Treat Asthma,1.0,1.0,1.8867,0.003889,19249
3,I,Combined,3190,0%,1.0,1.0,0.0,10,How Fruits and Vegetables Can Prevent Asthma,1.0,1.0,1.7481,0.002246,11729
3,I,Combined,3190,0%,1.0,1.0,0.0,10,Our Tax Dollars Subsidize Unhealthy Foods,1.0,1.0,2.0253,0.002328,11776
3,I,Combined,3190,0%,1.0,1.0,0.0,10,Reducing Arsenic in Chicken and Rice,1.0,1.0,1.8344,0.000859,11288
3,I,Combined,3190,0%,1.0,1.0,0.0,10,How Contaminated Are Our Children?,1.0,1.0,2.0253,0.000158,11631
3,I,Combined,3190,0%,1.0,1.0,0.0,10,"Blood Type Diet Perceived as ""Crass Fraud""",1.0,1.0,2.0253,0.000334,10519
3,I,Combined,3190,0%,1.0,1.0,0.0,10,Why Do Heart Doctors Favor Surgery and Drugs Over Diet?,1.0,1.0,1.7481,0.000481,15671
3,I,Combined,3190,0%,1.0,1.0,0.0,10,Phytates in Beans: Anti-Nutrient or Anti-Cancer?,1.0,1.0,2.164,0.000373,10277
3,I,Combined,3190,0%,1.0,1.0,0.0,10,How Phytates Fight Cancer Cells,1.0,1.0,1.6434,0.001512,11650
3,I,Combined,3190,0%,1.0,1.0,0.0,10,Colon Cancer Prevention: Is it the Fiber or the Phytates?,1.0,1.0,2.0253,0.001258,11211
3,I,Combined,3190,0%,1.0,1.0,0.0,10,Low Carb Diets Found to Feed Heart Disease,1.0,1.0,2.164,0.000777,11305
3,I,Combined,3190,0%,1.0,1.0,0.0,10,How Curry Can Kill Cancer Cells,1.0,1.0,1.8867,0.000184,10470
3,I,Combined,3190,0%,1.0,1.0,0.0,10,Testing Turmeric on Smokers,1.0,1.0,2.164,0.00044,10451
3,I,Combined,3190,0%,1.0,1.0,0.0,10,Alkylphenol Endocrine Disruptors and Allergies,1.0,1.0,1.8867,0.000412,12160
3,I,Combined,3190,0%,1.0,1.0,0.0,10,Slowing Cognitive Decline with Berries,1.0,1.0,1.8344,0.001638,11490
3,I,Combined,3190,0%,1.0,1.0,0.0,10,What is ‘Meat Glue’?,1.0,1.0,2.3026,0.001415,10911
3,I,Combined,3190,0%,1.0,1.0,0.0,10,Is Liquid Smoke Safe?,1.0,1.0,2.164,0.000693,13189
3,I,Combined,3190,0%,1.0,1.0,0.0,10,Does Antioxidant Intake Matter for Stroke and Heart Disease?,1.0,1.0,1.6434,0.002092,10638
3,I,Combined,3190,0%,1.0,1.0,0.0,10,Does Antioxidant Intake Matter for Cancer?,1.0,1.0,1.8344,0.001094,10415
3,I,Combined,3190,0%,1.0,1.0,0.0,10,Is buying organic worth it? A review of the science in new DVD,1.0,1.0,1.8344,0.00113,11179
3,I,Combined,3190,0%,1.0,1.0,0.0,10,Orange Aromatherapy for Anxiety,1.0,1.0,2.0253,0.006857,10657
3,I,Combined,3190,0%,1.0,1.0,0.0,10,Food Manufacturers Get to Decide if Their Own Additives Are Safe,1.0,1.0,1.973,0.000326,10586
3,I,Combined,3190,0%,1.0,1.0,0.0,10,Meat Industry Wins Right to Sell Tainted Meat,1.0,1.0,1.6094,0.00113,10465
3,I,Combined,3190,0%,1.0,1.0,0.0,10,Chicken Salmonella Outbreaks Show Food Safety Systems Failure,1.0,1.0,1.973,0.000325,10001
3,I,Combined,3190,0%,1.0,1.0,0.0,10,Viral Food Poisoning from Pesticides?,1.0,1.0,2.0253,0.000604,10306
3,I,Combined,3190,0%,1.0,1.0,0.0,10,The Reversal on Fish Oil,1.0,1.0,1.8867,0.001021,10276
3,I,Combined,3190,0%,1.0,1.0,0.0,10,Are Multivitamins Just a Waste of Money?,1.0,1.0,2.0253,0.00017,9980
3,I,Combined,3190,1%,0.99,1.01,1.0,10,Breast Cancer Cells Feed on Cholesterol,1.0,1.0,2.0253,0.001115,22232
3,I,Combined,3190,1%,0.99,1.01,1.0,10,Using Diet to Treat Asthma and Eczema,1.0,1.0,1.6957,0.003962,18257
3,I,Combined,3190,1%,0.99,1.01,1.0,10,Treating Asthma With Plants vs. Pills,1.0,1.0,1.8867,0.005024,17815
3,I,Combined,3190,1%,0.99,1.01,1.0,10,How Fruits and Vegetables Can Treat Asthma,1.0,1.0,1.8867,0.003897,21323
3,I,Combined,3190,1%,0.99,1.01,1.0,10,How Fruits and Vegetables Can Prevent Asthma,1.0,1.0,1.7481,0.00225,11212
3,I,Combined,3190,1%,0.99,1.01,1.0,10,Our Tax Dollars Subsidize Unhealthy Foods,1.0,1.0,2.0253,0.002332,9650
3,I,Combined,3190,1%,0.99,1.01,1.0,10,Reducing Arsenic in Chicken and Rice,1.0,1.0,1.8344,0.000859,11719
3,I,Combined,3190,1%,0.99,1.01,1.0,10,How Contaminated Are Our Children?,1.0,1.0,2.0253,0.000157,12942
3,I,Combined,3190,1%,0.99,1.01,1.0,10,"Blood Type Diet Perceived as ""Crass Fraud""",1.0,1.0,2.0253,0.000334,10997
3,I,Combined,3190,1%,0.99,1.01,1.0,10,Why Do Heart Doctors Favor Surgery and Drugs Over Diet?,1.0,1.0,1.7481,0.000483,11144
3,I,Combined,3190,1%,0.99,1.01,1.0,10,Phytates in Beans: Anti-Nutrient or Anti-Cancer?,1.0,1.0,2.164,0.000374,10878
3,I,Combined,3190,1%,0.99,1.01,1.0,10,How Phytates Fight Cancer Cells,1.0,1.0,1.6434,0.001511,10376
3,I,Combined,3190,1%,0.99,1.01,1.0,10,Colon Cancer Prevention: Is it the Fiber or the Phytates?,1.0,1.0,2.0253,0.001254,9390
3,I,Combined,3190,1%,0.99,1.01,1.0,10,Low Carb Diets Found to Feed Heart Disease,1.0,1.0,2.164,0.000777,10129
3,I,Combined,3190,1%,0.99,1.01,1.0,10,How Curry Can Kill Cancer Cells,1.0,1.0,1.8867,0.000185,9522
3,I,Combined,3190,1%,0.99,1.01,1.0,10,Testing Turmeric on Smokers,1.0,1.0,2.164,0.000441,10136
3,I,Combined,3190,1%,0.99,1.01,1.0,10,Alkylphenol Endocrine Disruptors and Allergies,1.0,1.0,1.8867,0.000412,8848
3,I,Combined,3190,1%,0.99,1.01,1.0,10,Slowing Cognitive Decline with Berries,1.0,1.0,1.8344,0.001636,11515
3,I,Combined,3190,1%,0.99,1.01,1.0,10,What is ‘Meat Glue’?,1.0,1.0,2.3026,0.001415,18011
3,I,Combined,3190,1%,0.99,1.01,1.0,10,Is Liquid Smoke Safe?,1.0,1.0,2.164,0.000696,10584
3,I,Combined,3190,1%,0.99,1.01,1.0,10,Does Antioxidant Intake Matter for Stroke and Heart Disease?,1.0,1.0,1.6434,0.002091,10046
3,I,Combined,3190,1%,0.99,1.01,1.0,10,Does Antioxidant Intake Matter for Cancer?,1.0,1.0,1.8344,0.001095,9153
3,I,Combined,3190,1%,0.99,1.01,1.0,10,Is buying organic worth it? A review of the science in new DVD,1.0,1.0,1.8344,0.001128,8653
3,I,Combined,3190,1%,0.99,1.01,1.0,10,Orange Aromatherapy for Anxiety,1.0,1.0,2.0253,0.006867,9978
3,I,Combined,3190,1%,0.99,1.01,1.0,10,Food Manufacturers Get to Decide if Their Own Additives Are Safe,1.0,1.0,1.973,0.000326,10599
3,I,Combined,3190,1%,0.99,1.01,1.0,10,Meat Industry Wins Right to Sell Tainted Meat,1.0,1.0,1.6094,0.001129,10246
3,I,Combined,3190,1%,0.99,1.01,1.0,10,Chicken Salmonella Outbreaks Show Food Safety Systems Failure,1.0,1.0,1.8344,0.000325,9511
3,I,Combined,3190,1%,0.99,1.01,1.0,10,Viral Food Poisoning from Pesticides?,1.0,1.0,2.0253,0.000606,9459
3,I,Combined,3190,1%,0.99,1.01,1.0,10,The Reversal on Fish Oil,1.0,1.0,1.8867,0.00102,8076
3,I,Combined,3190,1%,0.99,1.01,1.0,10,Are Multivitamins Just a Waste of Money?,1.0,1.0,2.164,0.00017,7836
3,I,Combined,3190,10%,0.9,1.1,10.0,10,Breast Cancer Cells Feed on Cholesterol,1.0,1.0,2.164,0.00105,26439
3,I,Combined,3190,10%,0.9,1.1,10.0,10,Using Diet to Treat Asthma and Eczema,1.0,1.0,1.6957,0.004011,22447
3,I,Combined,3190,10%,0.9,1.1,10.0,10,Treating Asthma With Plants vs. Pills,1.0,1.0,1.8867,0.005023,13205
3,I,Combined,3190,10%,0.9,1.1,10.0,10,How Fruits and Vegetables Can Treat Asthma,1.0,1.0,1.8867,0.003905,10898
3,I,Combined,3190,10%,0.9,1.1,10.0,10,How Fruits and Vegetables Can Prevent Asthma,1.0,1.0,1.8867,0.002288,11742
3,I,Combined,3190,10%,0.9,1.1,10.0,10,Our Tax Dollars Subsidize Unhealthy Foods,1.0,1.0,2.164,0.002367,10855
3,I,Combined,3190,10%,0.9,1.1,10.0,10,Reducing Arsenic in Chicken and Rice,1.0,1.0,1.8344,0.000865,13007
3,I,Combined,3190,10%,0.9,1.1,10.0,10,How Contaminated Are Our Children?,1.0,1.0,1.8867,0.000141,12506
3,I,Combined,3190,10%,0.9,1.1,10.0,10,"Blood Type Diet Perceived as ""Crass Fraud""",1.0,0.9999,1.6957,0.000327,11503
3,I,Combined,3190,10%,0.9,1.1,10.0,10,Why Do Heart Doctors Favor Surgery and Drugs Over Diet?,1.0,1.0,1.973,0.000544,11029
3,I,Combined,3190,10%,0.9,1.1,10.0,10,Phytates in Beans: Anti-Nutrient or Anti-Cancer?,1.0,1.0,2.164,0.000373,10542
3,I,Combined,3190,10%,0.9,1.1,10.0,10,How Phytates Fight Cancer Cells,1.0,1.0,1.6434,0.00155,12483
3,I,Combined,3190,10%,0.9,1.1,10.0,10,Colon Cancer Prevention: Is it the Fiber or the Phytates?,1.0,1.0,1.8867,0.001273,10935
3,I,Combined,3190,10%,0.9,1.1,10.0,10,Low Carb Diets Found to Feed Heart Disease,1.0,1.0,2.164,0.000717,11631
3,I,Combined,3190,10%,0.9,1.1,10.0,10,How Curry Can Kill Cancer Cells,1.0,0.9999,1.6094,0.000166,12238
3,I,Combined,3190,10%,0.9,1.1,10.0,10,Testing Turmeric on Smokers,1.0,1.0,2.164,0.000444,11604
3,I,Combined,3190,10%,0.9,1.1,10.0,10,Alkylphenol Endocrine Disruptors and Allergies,1.0,1.0,2.0253,0.000392,9983
3,I,Combined,3190,10%,0.9,1.1,10.0,10,Slowing Cognitive Decline with Berries,0.9,0.948,2.0253,0.001594,12465
3,I,Combined,3190,10%,0.9,1.1,10.0,10,What is ‘Meat Glue’?,0.9,0.9516,2.3026,0.001401,11515
3,I,Combined,3190,10%,0.9,1.1,10.0,10,Is Liquid Smoke Safe?,1.0,1.0,2.164,0.000704,11420
3,I,Combined,3190,10%,0.9,1.1,10.0,10,Does Antioxidant Intake Matter for Stroke and Heart Disease?,1.0,0.9999,1.6094,0.002036,11772
3,I,Combined,3190,10%,0.9,1.1,10.0,10,Does Antioxidant Intake Matter for Cancer?,1.0,0.9999,1.8344,0.001063,11134
3,I,Combined,3190,10%,0.9,1.1,10.0,10,Is buying organic worth it? A review of the science in new DVD,1.0,1.0,1.8344,0.001058,10777
3,I,Combined,3190,10%,0.9,1.1,10.0,10,Orange Aromatherapy for Anxiety,0.9,0.9559,2.0253,0.006927,11534
3,I,Combined,3190,10%,0.9,1.1,10.0,10,Food Manufacturers Get to Decide if Their Own Additives Are Safe,1.0,1.0,1.973,0.000323,10106
3,I,Combined,3190,10%,0.9,1.1,10.0,10,Meat Industry Wins Right to Sell Tainted Meat,1.0,0.9999,1.6094,0.001144,11546
3,I,Combined,3190,10%,0.9,1.1,10.0,10,Chicken Salmonella Outbreaks Show Food Safety Systems Failure,1.0,1.0,2.0253,0.000341,10851
3,I,Combined,3190,10%,0.9,1.1,10.0,10,Viral Food Poisoning from Pesticides?,1.0,0.9995,2.0253,0.000622,10578
3,I,Combined,3190,10%,0.9,1.1,10.0,10,The Reversal on Fish Oil,1.0,1.0,1.8867,0.000957,9333
3,I,Combined,3190,10%,0.9,1.1,10.0,10,Are Multivitamins Just a Waste of Money?,1.0,1.0,2.164,0.000159,9474
3,I,Combined,3190,30%,0.7,1.3,30.0,10,Breast Cancer Cells Feed on Cholesterol,1.0,1.0,2.0253,0.001025,27681
3,I,Combined,3190,30%,0.7,1.3,30.0,10,Using Diet to Treat Asthma and Eczema,0.9,0.9509,2.0253,0.003499,23347
3,I,Combined,3190,30%,0.7,1.3,30.0,10,Treating Asthma With Plants vs. Pills,1.0,1.0,1.8867,0.004355,13585
3,I,Combined,3190,30%,0.7,1.3,30.0,10,How Fruits and Vegetables Can Treat Asthma,1.0,1.0,2.0253,0.003333,10762
3,I,Combined,3190,30%,0.7,1.3,30.0,10,How Fruits and Vegetables Can Prevent Asthma,1.0,1.0,1.7481,0.001868,11993
3,I,Combined,3190,30%,0.7,1.3,30.0,10,Our Tax Dollars Subsidize Unhealthy Foods,1.0,1.0,2.3026,0.002032,11500
3,I,Combined,3190,30%,0.7,1.3,30.0,10,Reducing Arsenic in Chicken and Rice,0.9,0.9444,1.8867,0.000709,12219
3,I,Combined,3190,30%,0.7,1.3,30.0,10,How Contaminated Are Our Children?,0.9,0.9415,2.0253,0.000184,12461
3,I,Combined,3190,30%,0.7,1.3,30.0,10,"Blood Type Diet Perceived as ""Crass Fraud""",1.0,0.9999,1.8867,0.000328,10174
3,I,Combined,3190,30%,0.7,1.3,30.0,10,Why Do Heart Doctors Favor Surgery and Drugs Over Diet?,1.0,0.9999,2.164,0.000462,11771
3,I,Combined,3190,30%,0.7,1.3,30.0,10,Phytates in Beans: Anti-Nutrient or Anti-Cancer?,1.0,0.999,2.0253,0.000359,9855
3,I,Combined,3190,30%,0.7,1.3,30.0,10,How Phytates Fight Cancer Cells,0.9,0.945,1.5048,0.001504,12458
3,I,Combined,3190,30%,0.7,1.3,30.0,10,Colon Cancer Prevention: Is it the Fiber or the Phytates?,1.0,1.0,2.164,0.001194,11322
3,I,Combined,3190,30%,0.7,1.3,30.0,10,Low Carb Diets Found to Feed Heart Disease,0.9,0.9444,2.164,0.000644,10874
3,I,Combined,3190,30%,0.7,1.3,30.0,10,How Curry Can Kill Cancer Cells,0.9,0.9404,1.973,0.000196,10370
3,I,Combined,3190,30%,0.7,1.3,30.0,10,Testing Turmeric on Smokers,1.0,1.0,1.8867,0.000331,11480
3,I,Combined,3190,30%,0.7,1.3,30.0,10,Alkylphenol Endocrine Disruptors and Allergies,0.9,0.942,2.0253,0.000433,10258
3,I,Combined,3190,30%,0.7,1.3,30.0,10,Slowing Cognitive Decline with Berries,1.0,0.9999,2.0253,0.001486,10536
3,I,Combined,3190,30%,0.7,1.3,30.0,10,What is ‘Meat Glue’?,0.9,0.9516,2.164,0.001266,11950
3,I,Combined,3190,30%,0.7,1.3,30.0,10,Is Liquid Smoke Safe?,0.9,0.9427,1.8867,0.000601,10350
3,I,Combined,3190,30%,0.7,1.3,30.0,10,Does Antioxidant Intake Matter for Stroke and Heart Disease?,0.9,0.9456,1.6094,0.001848,9732
3,I,Combined,3190,30%,0.7,1.3,30.0,10,Does Antioxidant Intake Matter for Cancer?,1.0,1.0,2.164,0.001104,11191
3,I,Combined,3190,30%,0.7,1.3,30.0,10,Is buying organic worth it? A review of the science in new DVD,1.0,0.9998,1.8344,0.000944,11012
3,I,Combined,3190,30%,0.7,1.3,30.0,10,Orange Aromatherapy for Anxiety,0.9,0.9559,2.0253,0.006115,10699
3,I,Combined,3190,30%,0.7,1.3,30.0,10,Food Manufacturers Get to Decide if Their Own Additives Are Safe,0.9,0.9427,1.973,0.000338,10685
3,I,Combined,3190,30%,0.7,1.3,30.0,10,Meat Industry Wins Right to Sell Tainted Meat,1.0,1.0,1.6094,0.000969,10823
3,I,Combined,3190,30%,0.7,1.3,30.0,10,Chicken Salmonella Outbreaks Show Food Safety Systems Failure,1.0,1.0,2.3026,0.000286,9891
3,I,Combined,3190,30%,0.7,1.3,30.0,10,Viral Food Poisoning from Pesticides?,1.0,0.9995,1.8344,0.000481,9065
3,I,Combined,3190,30%,0.7,1.3,30.0,10,The Reversal on Fish Oil,1.0,0.9993,1.5048,0.000909,8269
3,I,Combined,3190,30%,0.7,1.3,30.0,10,Are Multivitamins Just a Waste of Money?,0.9,0.9403,1.8867,0.000157,9266
3,I,Combined,3190,50%,0.5,1.5,50.0,10,Breast Cancer Cells Feed on Cholesterol,1.0,1.0,2.164,0.000817,23924
3,I,Combined,3190,50%,0.5,1.5,50.0,10,Using Diet to Treat Asthma and Eczema,0.9,0.9483,2.0253,0.002676,21060
3,I,Combined,3190,50%,0.5,1.5,50.0,10,Treating Asthma With Plants vs. Pills,1.0,0.9989,1.8344,0.003464,20249
3,I,Combined,3190,50%,0.5,1.5,50.0,10,How Fruits and Vegetables Can Treat Asthma,1.0,1.0,2.0253,0.002846,13438
3,I,Combined,3190,50%,0.5,1.5,50.0,10,How Fruits and Vegetables Can Prevent Asthma,1.0,0.9999,1.8867,0.001768,13159
3,I,Combined,3190,50%,0.5,1.5,50.0,10,Our Tax Dollars Subsidize Unhealthy Foods,1.0,1.0,2.0253,0.001639,11173
3,I,Combined,3190,50%,0.5,1.5,50.0,10,Reducing Arsenic in Chicken and Rice,0.9,0.946,1.6094,0.000751,11233
3,I,Combined,3190,50%,0.5,1.5,50.0,10,How Contaminated Are Our Children?,0.9,0.9377,2.164,0.000127,10094
3,I,Combined,3190,50%,0.5,1.5,50.0,10,"Blood Type Diet Perceived as ""Crass Fraud""",0.9,0.9392,2.164,0.000204,17867
3,I,Combined,3190,50%,0.5,1.5,50.0,10,Why Do Heart Doctors Favor Surgery and Drugs Over Diet?,0.9,0.9415,1.6957,0.000295,11401
3,I,Combined,3190,50%,0.5,1.5,50.0,10,Phytates in Beans: Anti-Nutrient or Anti-Cancer?,0.9,0.9421,2.0253,0.000262,13514
3,I,Combined,3190,50%,0.5,1.5,50.0,10,How Phytates Fight Cancer Cells,0.9,0.9364,1.8344,0.000986,12079
3,I,Combined,3190,50%,0.5,1.5,50.0,10,Colon Cancer Prevention: Is it the Fiber or the Phytates?,1.0,0.9996,2.0253,0.000812,10953
3,I,Combined,3190,50%,0.5,1.5,50.0,10,Low Carb Diets Found to Feed Heart Disease,0.9,0.9421,1.8867,0.000503,11454
3,I,Combined,3190,50%,0.5,1.5,50.0,10,How Curry Can Kill Cancer Cells,0.9,0.9368,2.0253,0.000126,11982
3,I,Combined,3190,50%,0.5,1.5,50.0,10,Testing Turmeric on Smokers,0.9,0.9418,1.8867,0.000331,11632
3,I,Combined,3190,50%,0.5,1.5,50.0,10,Alkylphenol Endocrine Disruptors and Allergies,1.0,0.9997,2.164,0.0003,9510
3,I,Combined,3190,50%,0.5,1.5,50.0,10,Slowing Cognitive Decline with Berries,1.0,1.0,1.8344,0.001018,10508
3,I,Combined,3190,50%,0.5,1.5,50.0,10,What is ‘Meat Glue’?,0.9,0.9495,2.0253,0.000938,10212
3,I,Combined,3190,50%,0.5,1.5,50.0,10,Is Liquid Smoke Safe?,1.0,0.9997,2.0253,0.000515,11624
3,I,Combined,3190,50%,0.5,1.5,50.0,10,Does Antioxidant Intake Matter for Stroke and Heart Disease?,1.0,1.0,1.6094,0.001371,10455
3,I,Combined,3190,50%,0.5,1.5,50.0,10,Does Antioxidant Intake Matter for Cancer?,0.9,0.9406,1.6094,0.000718,10259
3,I,Combined,3190,50%,0.5,1.5,50.0,10,Is buying organic worth it? A review of the science in new DVD,1.0,1.0,2.0253,0.000876,8971
3,I,Combined,3190,50%,0.5,1.5,50.0,10,Orange Aromatherapy for Anxiety,1.0,1.0,2.0253,0.004424,10285
3,I,Combined,3190,50%,0.5,1.5,50.0,10,Food Manufacturers Get to Decide if Their Own Additives Are Safe,0.9,0.9398,2.0253,0.000223,9966
3,I,Combined,3190,50%,0.5,1.5,50.0,10,Meat Industry Wins Right to Sell Tainted Meat,0.9,0.9423,1.8344,0.000896,9340
3,I,Combined,3190,50%,0.5,1.5,50.0,10,Chicken Salmonella Outbreaks Show Food Safety Systems Failure,0.9,0.9393,1.6957,0.000331,8682
3,I,Combined,3190,50%,0.5,1.5,50.0,10,Viral Food Poisoning from Pesticides?,1.0,0.9994,2.164,0.000562,9406
3,I,Combined,3190,50%,0.5,1.5,50.0,10,The Reversal on Fish Oil,1.0,0.9999,2.0253,0.000658,10711
3,I,Combined,3190,50%,0.5,1.5,50.0,10,Are Multivitamins Just a Waste of Money?,1.0,0.9997,2.164,0.000203,9361
3,I,Combined,3190,70%,0.3,1.7,70.0,10,Breast Cancer Cells Feed on Cholesterol,1.0,0.9988,1.8867,0.000483,20122
3,I,Combined,3190,70%,0.3,1.7,70.0,10,Using Diet to Treat Asthma and Eczema,0.9,0.9502,2.164,0.00138,17876
3,I,Combined,3190,70%,0.3,1.7,70.0,10,Treating Asthma With Plants vs. Pills,0.9,0.9493,1.8344,0.002205,18419
3,I,Combined,3190,70%,0.3,1.7,70.0,10,How Fruits and Vegetables Can Treat Asthma,1.0,0.9999,2.164,0.001582,18216
3,I,Combined,3190,70%,0.3,1.7,70.0,10,How Fruits and Vegetables Can Prevent Asthma,1.0,0.9999,2.0253,0.000907,16602
3,I,Combined,3190,70%,0.3,1.7,70.0,10,Our Tax Dollars Subsidize Unhealthy Foods,0.9,0.9493,2.0253,0.001106,9318
3,I,Combined,3190,70%,0.3,1.7,70.0,10,Reducing Arsenic in Chicken and Rice,1.0,0.9998,2.0253,0.000403,12033
3,I,Combined,3190,70%,0.3,1.7,70.0,10,How Contaminated Are Our Children?,0.8,0.8751,2.0253,0.000108,12510
3,I,Combined,3190,70%,0.3,1.7,70.0,10,"Blood Type Diet Perceived as ""Crass Fraud""",0.9,0.9379,1.6434,0.000226,10938
3,I,Combined,3190,70%,0.3,1.7,70.0,10,Why Do Heart Doctors Favor Surgery and Drugs Over Diet?,0.9,0.9355,2.3026,0.000136,12143
3,I,Combined,3190,70%,0.3,1.7,70.0,10,Phytates in Beans: Anti-Nutrient or Anti-Cancer?,1.0,0.998,2.0253,0.000148,11207
3,I,Combined,3190,70%,0.3,1.7,70.0,10,How Phytates Fight Cancer Cells,0.9,0.9343,1.4979,0.000588,12819
3,I,Combined,3190,70%,0.3,1.7,70.0,10,Colon Cancer Prevention: Is it the Fiber or the Phytates?,0.9,0.9441,2.164,0.000603,10317
3,I,Combined,3190,70%,0.3,1.7,70.0,10,Low Carb Diets Found to Feed Heart Disease,0.8,0.8863,2.164,0.000286,10147
3,I,Combined,3190,70%,0.3,1.7,70.0,10,How Curry Can Kill Cancer Cells,1.0,0.9999,1.8344,0.00012,11139
3,I,Combined,3190,70%,0.3,1.7,70.0,10,Testing Turmeric on Smokers,0.9,0.9369,2.0253,0.00021,10572
3,I,Combined,3190,70%,0.3,1.7,70.0,10,Alkylphenol Endocrine Disruptors and Allergies,0.9,0.9416,1.8344,0.00019,10442
3,I,Combined,3190,70%,0.3,1.7,70.0,10,Slowing Cognitive Decline with Berries,0.9,0.9433,2.0253,0.000641,11413
3,I,Combined,3190,70%,0.3,1.7,70.0,10,What is ‘Meat Glue’?,1.0,1.0,2.164,0.000581,11428
3,I,Combined,3190,70%,0.3,1.7,70.0,10,Is Liquid Smoke Safe?,0.8,0.8884,2.0253,0.000292,11459
3,I,Combined,3190,70%,0.3,1.7,70.0,10,Does Antioxidant Intake Matter for Stroke and Heart Disease?,0.9,0.9434,1.6094,0.001097,11217
3,I,Combined,3190,70%,0.3,1.7,70.0,10,Does Antioxidant Intake Matter for Cancer?,0.8,0.8842,1.973,0.000524,9851
3,I,Combined,3190,70%,0.3,1.7,70.0,10,Is buying organic worth it? A review of the science in new DVD,1.0,0.9998,1.6957,0.000542,10516
3,I,Combined,3190,70%,0.3,1.7,70.0,10,Orange Aromatherapy for Anxiety,1.0,1.0,2.164,0.003161,10016
3,I,Combined,3190,70%,0.3,1.7,70.0,10,Food Manufacturers Get to Decide if Their Own Additives Are Safe,1.0,0.9989,2.164,0.000141,11905
3,I,Combined,3190,70%,0.3,1.7,70.0,10,Meat Industry Wins Right to Sell Tainted Meat,0.9,0.9468,1.8867,0.000598,12222
3,I,Combined,3190,70%,0.3,1.7,70.0,10,Chicken Salmonella Outbreaks Show Food Safety Systems Failure,0.9,0.9431,2.164,0.000208,10246
3,I,Combined,3190,70%,0.3,1.7,70.0,10,Viral Food Poisoning from Pesticides?,1.0,0.9992,2.3026,0.000276,10806
3,I,Combined,3190,70%,0.3,1.7,70.0,10,The Reversal on Fish Oil,0.9,0.948,1.6957,0.000498,9538
3,I,Combined,3190,70%,0.3,1.7,70.0,10,Are Multivitamins Just a Waste of Money?,0.9,0.9372,2.0253,7.4e-05,8812
4,I,Combined,3190,0%,1.0,1.0,0.0,10,Breast Cancer Cells Feed on Cholesterol,1.0,1.0,2.0253,0.001116,21076
4,I,Combined,3190,0%,1.0,1.0,0.0,10,Using Diet to Treat Asthma and Eczema,1.0,1.0,1.6957,0.003962,21505
4,I,Combined,3190,0%,1.0,1.0,0.0,10,Treating Asthma With Plants vs. Pills,1.0,1.0,1.8867,0.005018,19827
4,I,Combined,3190,0%,1.0,1.0,0.0,10,How Fruits and Vegetables Can Treat Asthma,1.0,1.0,1.8867,0.003889,12339
4,I,Combined,3190,0%,1.0,1.0,0.0,10,How Fruits and Vegetables Can Prevent Asthma,1.0,1.0,1.7481,0.002246,11474
4,I,Combined,3190,0%,1.0,1.0,0.0,10,Our Tax Dollars Subsidize Unhealthy Foods,1.0,1.0,2.0253,0.002328,11146
4,I,Combined,3190,0%,1.0,1.0,0.0,10,Reducing Arsenic in Chicken and Rice,1.0,1.0,1.8344,0.000859,10542
4,I,Combined,3190,0%,1.0,1.0,0.0,10,How Contaminated Are Our Children?,1.0,1.0,2.0253,0.000158,11543
4,I,Combined,3190,0%,1.0,1.0,0.0,10,"Blood Type Diet Perceived as ""Crass Fraud""",1.0,1.0,2.0253,0.000334,10716
4,I,Combined,3190,0%,1.0,1.0,0.0,10,Why Do Heart Doctors Favor Surgery and Drugs Over Diet?,1.0,1.0,1.7481,0.000481,12121
4,I,Combined,3190,0%,1.0,1.0,0.0,10,Phytates in Beans: Anti-Nutrient or Anti-Cancer?,1.0,1.0,2.164,0.000373,10327
4,I,Combined,3190,0%,1.0,1.0,0.0,10,How Phytates Fight Cancer Cells,1.0,1.0,1.6434,0.001512,12431
4,I,Combined,3190,0%,1.0,1.0,0.0,10,Colon Cancer Prevention: Is it the Fiber or the Phytates?,1.0,1.0,2.0253,0.001258,10140
4,I,Combined,3190,0%,1.0,1.0,0.0,10,Low Carb Diets Found to Feed Heart Disease,1.0,1.0,2.164,0.000777,9719
4,I,Combined,3190,0%,1.0,1.0,0.0,10,How Curry Can Kill Cancer Cells,1.0,1.0,1.8867,0.000184,9894
4,I,Combined,3190,0%,1.0,1.0,0.0,10,Testing Turmeric on Smokers,1.0,1.0,2.164,0.00044,11338
4,I,Combined,3190,0%,1.0,1.0,0.0,10,Alkylphenol Endocrine Disruptors and Allergies,1.0,1.0,1.8867,0.000412,9114
4,I,Combined,3190,0%,1.0,1.0,0.0,10,Slowing Cognitive Decline with Berries,1.0,1.0,1.8344,0.001638,11156
4,I,Combined,3190,0%,1.0,1.0,0.0,10,What is ‘Meat Glue’?,1.0,1.0,2.3026,0.001415,11442
4,I,Combined,3190,0%,1.0,1.0,0.0,10,Is Liquid Smoke Safe?,1.0,1.0,2.164,0.000693,10942
4,I,Combined,3190,0%,1.0,1.0,0.0,10,Does Antioxidant Intake Matter for Stroke and Heart Disease?,1.0,1.0,1.6434,0.002092,11211
4,I,Combined,3190,0%,1.0,1.0,0.0,10,Does Antioxidant Intake Matter for Cancer?,1.0,1.0,1.8344,0.001094,10002
4,I,Combined,3190,0%,1.0,1.0,0.0,10,Is buying organic worth it? A review of the science in new DVD,1.0,1.0,1.8344,0.00113,9754
4,I,Combined,3190,0%,1.0,1.0,0.0,10,Orange Aromatherapy for Anxiety,1.0,1.0,2.0253,0.006857,11067
4,I,Combined,3190,0%,1.0,1.0,0.0,10,Food Manufacturers Get to Decide if Their Own Additives Are Safe,1.0,1.0,1.973,0.000326,9228
4,I,Combined,3190,0%,1.0,1.0,0.0,10,Meat Industry Wins Right to Sell Tainted Meat,1.0,1.0,1.6094,0.00113,9297
4,I,Combined,3190,0%,1.0,1.0,0.0,10,Chicken Salmonella Outbreaks Show Food Safety Systems Failure,1.0,1.0,1.973,0.000325,8862
4,I,Combined,3190,0%,1.0,1.0,0.0,10,Viral Food Poisoning from Pesticides?,1.0,1.0,2.0253,0.000604,7922
4,I,Combined,3190,0%,1.0,1.0,0.0,10,The Reversal on Fish Oil,1.0,1.0,1.8867,0.001021,7848
4,I,Combined,3190,0%,1.0,1.0,0.0,10,Are Multivitamins Just a Waste of Money?,1.0,1.0,2.0253,0.00017,7469
4,I,Combined,3190,1%,0.99,1.01,1.0,10,Breast Cancer Cells Feed on Cholesterol,1.0,1.0,2.0253,0.001112,28314
4,I,Combined,3190,1%,0.99,1.01,1.0,10,Using Diet to Treat Asthma and Eczema,1.0,1.0,1.6957,0.003969,21445
4,I,Combined,3190,1%,0.99,1.01,1.0,10,Treating Asthma With Plants vs. Pills,1.0,1.0,1.8867,0.005032,19136
4,I,Combined,3190,1%,0.99,1.01,1.0,10,How Fruits and Vegetables Can Treat Asthma,1.0,1.0,1.8344,0.003898,13061
4,I,Combined,3190,1%,0.99,1.01,1.0,10,How Fruits and Vegetables Can Prevent Asthma,1.0,1.0,1.7481,0.002258,11581
4,I,Combined,3190,1%,0.99,1.01,1.0,10,Our Tax Dollars Subsidize Unhealthy Foods,1.0,1.0,2.0253,0.002327,12106
4,I,Combined,3190,1%,0.99,1.01,1.0,10,Reducing Arsenic in Chicken and Rice,1.0,1.0,1.8344,0.00086,13384
4,I,Combined,3190,1%,0.99,1.01,1.0,10,How Contaminated Are Our Children?,1.0,1.0,2.0253,0.00016,10624
4,I,Combined,3190,1%,0.99,1.01,1.0,10,"Blood Type Diet Perceived as ""Crass Fraud""",1.0,1.0,2.0253,0.000331,11594
4,I,Combined,3190,1%,0.99,1.01,1.0,10,Why Do Heart Doctors Favor Surgery and Drugs Over Diet?,1.0,1.0,1.7481,0.00048,12495
4,I,Combined,3190,1%,0.99,1.01,1.0,10,Phytates in Beans: Anti-Nutrient or Anti-Cancer?,1.0,1.0,2.0253,0.000374,10973
4,I,Combined,3190,1%,0.99,1.01,1.0,10,How Phytates Fight Cancer Cells,1.0,1.0,1.6434,0.001519,12088
4,I,Combined,3190,1%,0.99,1.01,1.0,10,Colon Cancer Prevention: Is it the Fiber or the Phytates?,1.0,1.0,2.0253,0.001262,11476
4,I,Combined,3190,1%,0.99,1.01,1.0,10,Low Carb Diets Found to Feed Heart Disease,1.0,1.0,2.164,0.000778,11075
4,I,Combined,3190,1%,0.99,1.01,1.0,10,How Curry Can Kill Cancer Cells,1.0,1.0,1.8867,0.000183,11524
4,I,Combined,3190,1%,0.99,1.01,1.0,10,Testing Turmeric on Smokers,1.0,1.0,2.164,0.000438,12087
4,I,Combined,3190,1%,0.99,1.01,1.0,10,Alkylphenol Endocrine Disruptors and Allergies,1.0,1.0,2.0253,0.000414,10839
4,I,Combined,3190,1%,0.99,1.01,1.0,10,Slowing Cognitive Decline with Berries,1.0,1.0,1.8344,0.00164,10892
4,I,Combined,3190,1%,0.99,1.01,1.0,10,What is ‘Meat Glue’?,1.0,1.0,2.3026,0.001418,11850
4,I,Combined,3190,1%,0.99,1.01,1.0,10,Is Liquid Smoke Safe?,0.9,0.9461,2.164,0.000691,11158
4,I,Combined,3190,1%,0.99,1.01,1.0,10,Does Antioxidant Intake Matter for Stroke and Heart Disease?,1.0,1.0,1.6434,0.0021,12072
4,I,Combined,3190,1%,0.99,1.01,1.0,10,Does Antioxidant Intake Matter for Cancer?,0.9,0.9439,1.8344,0.001096,10008
4,I,Combined,3190,1%,0.99,1.01,1.0,10,Is buying organic worth it? A review of the science in new DVD,1.0,1.0,1.8344,0.001128,10647
4,I,Combined,3190,1%,0.99,1.01,1.0,10,Orange Aromatherapy for Anxiety,1.0,1.0,2.0253,0.006858,10341
4,I,Combined,3190,1%,0.99,1.01,1.0,10,Food Manufacturers Get to Decide if Their Own Additives Are Safe,1.0,1.0,1.973,0.000326,11293
4,I,Combined,3190,1%,0.99,1.01,1.0,10,Meat Industry Wins Right to Sell Tainted Meat,1.0,1.0,1.6094,0.001132,10151
4,I,Combined,3190,1%,0.99,1.01,1.0,10,Chicken Salmonella Outbreaks Show Food Safety Systems Failure,1.0,1.0,2.164,0.000325,10086
4,I,Combined,3190,1%,0.99,1.01,1.0,10,Viral Food Poisoning from Pesticides?,1.0,1.0,2.0253,0.000606,10875
4,I,Combined,3190,1%,0.99,1.01,1.0,10,The Reversal on Fish Oil,1.0,1.0,1.8867,0.001022,9982
4,I,Combined,3190,1%,0.99,1.01,1.0,10,Are Multivitamins Just a Waste of Money?,1.0,1.0,2.0253,0.000169,10312
4,I,Combined,3190,10%,0.9,1.1,10.0,10,Breast Cancer Cells Feed on Cholesterol,1.0,1.0,2.0253,0.001094,29692
4,I,Combined,3190,10%,0.9,1.1,10.0,10,Using Diet to Treat Asthma and Eczema,1.0,1.0,1.8867,0.003871,19676
4,I,Combined,3190,10%,0.9,1.1,10.0,10,Treating Asthma With Plants vs. Pills,1.0,1.0,1.6957,0.004974,14682
4,I,Combined,3190,10%,0.9,1.1,10.0,10,How Fruits and Vegetables Can Treat Asthma,1.0,1.0,2.0253,0.003906,12098
4,I,Combined,3190,10%,0.9,1.1,10.0,10,How Fruits and Vegetables Can Prevent Asthma,1.0,1.0,1.8867,0.002273,10965
4,I,Combined,3190,10%,0.9,1.1,10.0,10,Our Tax Dollars Subsidize Unhealthy Foods,1.0,1.0,2.3026,0.00239,12393
4,I,Combined,3190,10%,0.9,1.1,10.0,10,Reducing Arsenic in Chicken and Rice,1.0,1.0,1.8344,0.000812,11418
4,I,Combined,3190,10%,0.9,1.1,10.0,10,How Contaminated Are Our Children?,0.9,0.9415,1.6434,0.000172,12504
4,I,Combined,3190,10%,0.9,1.1,10.0,10,"Blood Type Diet Perceived as ""Crass Fraud""",1.0,1.0,2.164,0.000342,10142
4,I,Combined,3190,10%,0.9,1.1,10.0,10,Why Do Heart Doctors Favor Surgery and Drugs Over Diet?,1.0,1.0,1.8344,0.000514,10454
4,I,Combined,3190,10%,0.9,1.1,10.0,10,Phytates in Beans: Anti-Nutrient or Anti-Cancer?,1.0,1.0,2.0253,0.000359,10581
4,I,Combined,3190,10%,0.9,1.1,10.0,10,How Phytates Fight Cancer Cells,1.0,0.9998,1.4708,0.00148,10977
4,I,Combined,3190,10%,0.9,1.1,10.0,10,Colon Cancer Prevention: Is it the Fiber or the Phytates?,1.0,1.0,2.0253,0.001284,9315
4,I,Combined,3190,10%,0.9,1.1,10.0,10,Low Carb Diets Found to Feed Heart Disease,1.0,1.0,2.0253,0.000769,11298
4,I,Combined,3190,10%,0.9,1.1,10.0,10,How Curry Can Kill Cancer Cells,1.0,1.0,1.973,0.000177,11368
4,I,Combined,3190,10%,0.9,1.1,10.0,10,Testing Turmeric on Smokers,1.0,1.0,2.164,0.000479,12062
4,I,Combined,3190,10%,0.9,1.1,10.0,10,Alkylphenol Endocrine Disruptors and Allergies,1.0,0.9999,1.6957,0.000372,10298
4,I,Combined,3190,10%,0.9,1.1,10.0,10,Slowing Cognitive Decline with Berries,0.9,0.9479,1.8344,0.001693,11853
4,I,Combined,3190,10%,0.9,1.1,10.0,10,What is ‘Meat Glue’?,1.0,1.0,2.3026,0.001404,12010
4,I,Combined,3190,10%,0.9,1.1,10.0,10,Is Liquid Smoke Safe?,1.0,1.0,2.3026,0.000686,11135
4,I,Combined,3190,10%,0.9,1.1,10.0,10,Does Antioxidant Intake Matter for Stroke and Heart Disease?,1.0,1.0,1.6434,0.00206,12442
4,I,Combined,3190,10%,0.9,1.1,10.0,10,Does Antioxidant Intake Matter for Cancer?,0.9,0.9438,1.8344,0.001075,10920
4,I,Combined,3190,10%,0.9,1.1,10.0,10,Is buying organic worth it? A review of the science in new DVD,1.0,1.0,1.8344,0.001129,10781
4,I,Combined,3190,10%,0.9,1.1,10.0,10,Orange Aromatherapy for Anxiety,1.0,1.0,2.0253,0.006741,12354
4,I,Combined,3190,10%,0.9,1.1,10.0,10,Food Manufacturers Get to Decide if Their Own Additives Are Safe,1.0,1.0,1.973,0.000305,11500
4,I,Combined,3190,10%,0.9,1.1,10.0,10,Meat Industry Wins Right to Sell Tainted Meat,1.0,1.0,1.6094,0.001119,11517
4,I,Combined,3190,10%,0.9,1.1,10.0,10,Chicken Salmonella Outbreaks Show Food Safety Systems Failure,1.0,1.0,2.164,0.000338,10813
4,I,Combined,3190,10%,0.9,1.1,10.0,10,Viral Food Poisoning from Pesticides?,1.0,1.0,2.0253,0.000586,10823
4,I,Combined,3190,10%,0.9,1.1,10.0,10,The Reversal on Fish Oil,1.0,1.0,1.8867,0.00099,10856
4,I,Combined,3190,10%,0.9,1.1,10.0,10,Are Multivitamins Just a Waste of Money?,1.0,1.0,1.8867,0.000159,10543
4,I,Combined,3190,30%,0.7,1.3,30.0,10,Breast Cancer Cells Feed on Cholesterol,1.0,0.9999,1.8867,0.001051,22462
4,I,Combined,3190,30%,0.7,1.3,30.0,10,Using Diet to Treat Asthma and Eczema,0.9,0.9505,1.8867,0.003736,18412
4,I,Combined,3190,30%,0.7,1.3,30.0,10,Treating Asthma With Plants vs. Pills,1.0,1.0,1.8344,0.00419,18641
4,I,Combined,3190,30%,0.7,1.3,30.0,10,How Fruits and Vegetables Can Treat Asthma,1.0,1.0,2.164,0.003294,15938
4,I,Combined,3190,30%,0.7,1.3,30.0,10,How Fruits and Vegetables Can Prevent Asthma,1.0,1.0,2.0253,0.001939,10331
4,I,Combined,3190,30%,0.7,1.3,30.0,10,Our Tax Dollars Subsidize Unhealthy Foods,1.0,1.0,2.0253,0.001989,11134
4,I,Combined,3190,30%,0.7,1.3,30.0,10,Reducing Arsenic in Chicken and Rice,1.0,1.0,1.8867,0.000736,12086
4,I,Combined,3190,30%,0.7,1.3,30.0,10,How Contaminated Are Our Children?,0.9,0.9414,2.3026,0.000152,9341
4,I,Combined,3190,30%,0.7,1.3,30.0,10,"Blood Type Diet Perceived as ""Crass Fraud""",1.0,0.9991,1.8344,0.000233,10167
4,I,Combined,3190,30%,0.7,1.3,30.0,10,Why Do Heart Doctors Favor Surgery and Drugs Over Diet?,1.0,0.9999,2.164,0.000386,10265
4,I,Combined,3190,30%,0.7,1.3,30.0,10,Phytates in Beans: Anti-Nutrient or Anti-Cancer?,0.9,0.9438,1.8344,0.000315,10427
4,I,Combined,3190,30%,0.7,1.3,30.0,10,How Phytates Fight Cancer Cells,0.9,0.9431,1.5048,0.001352,11961
4,I,Combined,3190,30%,0.7,1.3,30.0,10,Colon Cancer Prevention: Is it the Fiber or the Phytates?,1.0,0.9999,2.0253,0.001202,10790
4,I,Combined,3190,30%,0.7,1.3,30.0,10,Low Carb Diets Found to Feed Heart Disease,0.9,0.9425,2.0253,0.000777,12023
4,I,Combined,3190,30%,0.7,1.3,30.0,10,How Curry Can Kill Cancer Cells,1.0,0.9999,1.8344,0.000155,11622
4,I,Combined,3190,30%,0.7,1.3,30.0,10,Testing Turmeric on Smokers,1.0,0.9998,2.0253,0.00044,13102
4,I,Combined,3190,30%,0.7,1.3,30.0,10,Alkylphenol Endocrine Disruptors and Allergies,1.0,0.9998,1.973,0.000342,9815
4,I,Combined,3190,30%,0.7,1.3,30.0,10,Slowing Cognitive Decline with Berries,0.9,0.948,2.0253,0.001563,11664
4,I,Combined,3190,30%,0.7,1.3,30.0,10,What is ‘Meat Glue’?,0.9,0.9516,2.0253,0.001144,12282
4,I,Combined,3190,30%,0.7,1.3,30.0,10,Is Liquid Smoke Safe?,0.9,0.946,2.3026,0.000698,11818
4,I,Combined,3190,30%,0.7,1.3,30.0,10,Does Antioxidant Intake Matter for Stroke and Heart Disease?,0.9,0.9456,1.8344,0.002065,11630
4,I,Combined,3190,30%,0.7,1.3,30.0,10,Does Antioxidant Intake Matter for Cancer?,0.9,0.9439,1.8344,0.001043,10246
4,I,Combined,3190,30%,0.7,1.3,30.0,10,Is buying organic worth it? A review of the science in new DVD,1.0,0.9998,1.8867,0.000975,10774
4,I,Combined,3190,30%,0.7,1.3,30.0,10,Orange Aromatherapy for Anxiety,0.9,0.9554,1.8867,0.006001,11236
4,I,Combined,3190,30%,0.7,1.3,30.0,10,Food Manufacturers Get to Decide if Their Own Additives Are Safe,0.9,0.9427,2.164,0.000314,9596
4,I,Combined,3190,30%,0.7,1.3,30.0,10,Meat Industry Wins Right to Sell Tainted Meat,1.0,1.0,1.8867,0.000996,9867
4,I,Combined,3190,30%,0.7,1.3,30.0,10,Chicken Salmonella Outbreaks Show Food Safety Systems Failure,1.0,0.9998,2.164,0.000286,9516
4,I,Combined,3190,30%,0.7,1.3,30.0,10,Viral Food Poisoning from Pesticides?,1.0,0.9994,1.7481,0.000544,9332
4,I,Combined,3190,30%,0.7,1.3,30.0,10,The Reversal on Fish Oil,1.0,0.9998,1.8867,0.00094,8319
4,I,Combined,3190,30%,0.7,1.3,30.0,10,Are Multivitamins Just a Waste of Money?,1.0,0.9996,2.0253,0.000145,9187
4,I,Combined,3190,50%,0.5,1.5,50.0,10,Breast Cancer Cells Feed on Cholesterol,1.0,0.9987,2.0253,0.000764,31467
4,I,Combined,3190,50%,0.5,1.5,50.0,10,Using Diet to Treat Asthma and Eczema,0.9,0.9463,1.8344,0.002863,17806
4,I,Combined,3190,50%,0.5,1.5,50.0,10,Treating Asthma With Plants vs. Pills,1.0,0.9997,1.6957,0.003739,11811
4,I,Combined,3190,50%,0.5,1.5,50.0,10,How Fruits and Vegetables Can Treat Asthma,1.0,0.9998,1.8344,0.002821,11744
4,I,Combined,3190,50%,0.5,1.5,50.0,10,How Fruits and Vegetables Can Prevent Asthma,1.0,0.9986,2.0253,0.001687,11566
4,I,Combined,3190,50%,0.5,1.5,50.0,10,Our Tax Dollars Subsidize Unhealthy Foods,1.0,0.9986,1.8867,0.001466,12310
4,I,Combined,3190,50%,0.5,1.5,50.0,10,Reducing Arsenic in Chicken and Rice,1.0,1.0,1.8344,0.000589,11961
4,I,Combined,3190,50%,0.5,1.5,50.0,10,How Contaminated Are Our Children?,0.9,0.9392,1.8867,0.000148,11391
4,I,Combined,3190,50%,0.5,1.5,50.0,10,"Blood Type Diet Perceived as ""Crass Fraud""",0.9,0.9417,2.0253,0.000254,11221
4,I,Combined,3190,50%,0.5,1.5,50.0,10,Why Do Heart Doctors Favor Surgery and Drugs Over Diet?,1.0,0.9995,1.973,0.000315,11706
4,I,Combined,3190,50%,0.5,1.5,50.0,10,Phytates in Beans: Anti-Nutrient or Anti-Cancer?,1.0,0.9996,1.973,0.000223,10914
4,I,Combined,3190,50%,0.5,1.5,50.0,10,How Phytates Fight Cancer Cells,0.9,0.945,1.6957,0.000965,10827
4,I,Combined,3190,50%,0.5,1.5,50.0,10,Colon Cancer Prevention: Is it the Fiber or the Phytates?,1.0,0.9999,2.164,0.000975,11384
4,I,Combined,3190,50%,0.5,1.5,50.0,10,Low Carb Diets Found to Feed Heart Disease,0.9,0.9441,2.0253,0.000558,10407
4,I,Combined,3190,50%,0.5,1.5,50.0,10,How Curry Can Kill Cancer Cells,1.0,1.0,1.8867,0.000131,11429
4,I,Combined,3190,50%,0.5,1.5,50.0,10,Testing Turmeric on Smokers,0.9,0.9434,2.164,0.000322,11000
4,I,Combined,3190,50%,0.5,1.5,50.0,10,Alkylphenol Endocrine Disruptors and Allergies,0.8,0.8806,2.0253,0.000297,10570
4,I,Combined,3190,50%,0.5,1.5,50.0,10,Slowing Cognitive Decline with Berries,0.9,0.9432,1.8344,0.000929,10920
4,I,Combined,3190,50%,0.5,1.5,50.0,10,What is ‘Meat Glue’?,0.9,0.9513,2.164,0.001039,11007
4,I,Combined,3190,50%,0.5,1.5,50.0,10,Is Liquid Smoke Safe?,1.0,0.9997,1.8344,0.000555,10915
4,I,Combined,3190,50%,0.5,1.5,50.0,10,Does Antioxidant Intake Matter for Stroke and Heart Disease?,1.0,0.9998,1.8344,0.001523,11066
4,I,Combined,3190,50%,0.5,1.5,50.0,10,Does Antioxidant Intake Matter for Cancer?,0.9,0.9438,1.8867,0.000784,9753
4,I,Combined,3190,50%,0.5,1.5,50.0,10,Is buying organic worth it? A review of the science in new DVD,1.0,1.0,2.164,0.000684,7722
4,I,Combined,3190,50%,0.5,1.5,50.0,10,Orange Aromatherapy for Anxiety,1.0,1.0,2.0253,0.004989,9702
4,I,Combined,3190,50%,0.5,1.5,50.0,10,Food Manufacturers Get to Decide if Their Own Additives Are Safe,0.9,0.9403,1.973,0.000266,11081
4,I,Combined,3190,50%,0.5,1.5,50.0,10,Meat Industry Wins Right to Sell Tainted Meat,1.0,0.9999,1.8344,0.000978,11390
4,I,Combined,3190,50%,0.5,1.5,50.0,10,Chicken Salmonella Outbreaks Show Food Safety Systems Failure,1.0,0.9996,2.3026,0.000192,10861
4,I,Combined,3190,50%,0.5,1.5,50.0,10,Viral Food Poisoning from Pesticides?,1.0,0.9998,2.0253,0.000418,11088
4,I,Combined,3190,50%,0.5,1.5,50.0,10,The Reversal on Fish Oil,1.0,0.9998,2.0253,0.000815,9191
4,I,Combined,3190,50%,0.5,1.5,50.0,10,Are Multivitamins Just a Waste of Money?,0.9,0.9392,2.0253,0.000113,7491
4,I,Combined,3190,70%,0.3,1.7,70.0,10,Breast Cancer Cells Feed on Cholesterol,1.0,0.9963,2.0253,0.000573,22102
4,I,Combined,3190,70%,0.3,1.7,70.0,10,Using Diet to Treat Asthma and Eczema,0.9,0.9507,2.164,0.002199,19300
4,I,Combined,3190,70%,0.3,1.7,70.0,10,Treating Asthma With Plants vs. Pills,1.0,0.9994,1.8344,0.002455,21210
4,I,Combined,3190,70%,0.3,1.7,70.0,10,How Fruits and Vegetables Can Treat Asthma,1.0,0.9998,1.6957,0.001784,14009
4,I,Combined,3190,70%,0.3,1.7,70.0,10,How Fruits and Vegetables Can Prevent Asthma,1.0,1.0,2.0253,0.000898,12887
4,I,Combined,3190,70%,0.3,1.7,70.0,10,Our Tax Dollars Subsidize Unhealthy Foods,1.0,0.9983,1.8867,0.00096,11993
4,I,Combined,3190,70%,0.3,1.7,70.0,10,Reducing Arsenic in Chicken and Rice,0.9,0.9437,2.0253,0.000276,12497
4,I,Combined,3190,70%,0.3,1.7,70.0,10,How Contaminated Are Our Children?,1.0,0.9994,1.8867,5.9e-05,14139
4,I,Combined,3190,70%,0.3,1.7,70.0,10,"Blood Type Diet Perceived as ""Crass Fraud""",0.9,0.9414,1.6957,0.000131,12845
4,I,Combined,3190,70%,0.3,1.7,70.0,10,Why Do Heart Doctors Favor Surgery and Drugs Over Diet?,0.9,0.9323,1.8344,0.000166,11436
4,I,Combined,3190,70%,0.3,1.7,70.0,10,Phytates in Beans: Anti-Nutrient or Anti-Cancer?,0.9,0.9429,2.164,0.000152,11725
4,I,Combined,3190,70%,0.3,1.7,70.0,10,How Phytates Fight Cancer Cells,0.8,0.8797,1.6094,0.000626,12073
4,I,Combined,3190,70%,0.3,1.7,70.0,10,Colon Cancer Prevention: Is it the Fiber or the Phytates?,1.0,0.9993,1.8867,0.00055,11315
4,I,Combined,3190,70%,0.3,1.7,70.0,10,Low Carb Diets Found to Feed Heart Disease,0.9,0.9441,2.0253,0.000267,11946
4,I,Combined,3190,70%,0.3,1.7,70.0,10,How Curry Can Kill Cancer Cells,0.9,0.9385,1.8344,0.000112,11291
4,I,Combined,3190,70%,0.3,1.7,70.0,10,Testing Turmeric on Smokers,1.0,0.9988,2.0253,0.000197,10725
4,I,Combined,3190,70%,0.3,1.7,70.0,10,Alkylphenol Endocrine Disruptors and Allergies,1.0,0.9988,2.164,0.000213,11457
4,I,Combined,3190,70%,0.3,1.7,70.0,10,Slowing Cognitive Decline with Berries,0.9,0.9478,2.0253,0.000751,12414
4,I,Combined,3190,70%,0.3,1.7,70.0,10,What is ‘Meat Glue’?,1.0,0.9999,2.164,0.000483,11774
4,I,Combined,3190,70%,0.3,1.7,70.0,10,Is Liquid Smoke Safe?,1.0,0.9997,2.164,0.000376,12153
4,I,Combined,3190,70%,0.3,1.7,70.0,10,Does Antioxidant Intake Matter for Stroke and Heart Disease?,0.9,0.9452,1.6957,0.000924,10857
4,I,Combined,3190,70%,0.3,1.7,70.0,10,Does Antioxidant Intake Matter for Cancer?,0.9,0.9414,1.8344,0.00046,10975
4,I,Combined,3190,70%,0.3,1.7,70.0,10,Is buying organic worth it? A review of the science in new DVD,1.0,0.9997,1.8344,0.000472,10746
4,I,Combined,3190,70%,0.3,1.7,70.0,10,Orange Aromatherapy for Anxiety,0.9,0.9559,2.0253,0.003361,10747
4,I,Combined,3190,70%,0.3,1.7,70.0,10,Food Manufacturers Get to Decide if Their Own Additives Are Safe,0.9,0.9396,1.8867,0.000192,11336
4,I,Combined,3190,70%,0.3,1.7,70.0,10,Meat Industry Wins Right to Sell Tainted Meat,0.9,0.9473,2.0253,0.000616,11436
4,I,Combined,3190,70%,0.3,1.7,70.0,10,Chicken Salmonella Outbreaks Show Food Safety Systems Failure,1.0,0.9995,2.164,0.000124,10215
4,I,Combined,3190,70%,0.3,1.7,70.0,10,Viral Food Poisoning from Pesticides?,1.0,0.9994,2.164,0.000363,11492
4,I,Combined,3190,70%,0.3,1.7,70.0,10,The Reversal on Fish Oil,0.9,0.948,1.8867,0.000639,12049
4,I,Combined,3190,70%,0.3,1.7,70.0,10,Are Multivitamins Just a Waste of Money?,1.0,0.9996,2.0253,0.000108,10548
5,I,Combined,3190,0%,1.0,1.0,0.0,10,Breast Cancer Cells Feed on Cholesterol,1.0,1.0,2.0253,0.001116,18913
5,I,Combined,3190,0%,1.0,1.0,0.0,10,Using Diet to Treat Asthma and Eczema,1.0,1.0,1.6957,0.003962,19544
5,I,Combined,3190,0%,1.0,1.0,0.0,10,Treating Asthma With Plants vs. Pills,1.0,1.0,1.8867,0.005018,19646
5,I,Combined,3190,0%,1.0,1.0,0.0,10,How Fruits and Vegetables Can Treat Asthma,1.0,1.0,1.8867,0.003889,15118
5,I,Combined,3190,0%,1.0,1.0,0.0,10,How Fruits and Vegetables Can Prevent Asthma,1.0,1.0,1.7481,0.002246,10843
5,I,Combined,3190,0%,1.0,1.0,0.0,10,Our Tax Dollars Subsidize Unhealthy Foods,1.0,1.0,2.0253,0.002328,10893
5,I,Combined,3190,0%,1.0,1.0,0.0,10,Reducing Arsenic in Chicken and Rice,1.0,1.0,1.8344,0.000859,11672
5,I,Combined,3190,0%,1.0,1.0,0.0,10,How Contaminated Are Our Children?,1.0,1.0,2.0253,0.000158,11800
5,I,Combined,3190,0%,1.0,1.0,0.0,10,"Blood Type Diet Perceived as ""Crass Fraud""",1.0,1.0,2.0253,0.000334,10250
5,I,Combined,3190,0%,1.0,1.0,0.0,10,Why Do Heart Doctors Favor Surgery and Drugs Over Diet?,1.0,1.0,1.7481,0.000481,10647
5,I,Combined,3190,0%,1.0,1.0,0.0,10,Phytates in Beans: Anti-Nutrient or Anti-Cancer?,1.0,1.0,2.164,0.000373,9677
5,I,Combined,3190,0%,1.0,1.0,0.0,10,How Phytates Fight Cancer Cells,1.0,1.0,1.6434,0.001512,10749
5,I,Combined,3190,0%,1.0,1.0,0.0,10,Colon Cancer Prevention: Is it the Fiber or the Phytates?,1.0,1.0,2.0253,0.001258,10475
5,I,Combined,3190,0%,1.0,1.0,0.0,10,Low Carb Diets Found to Feed Heart Disease,1.0,1.0,2.164,0.000777,10429
5,I,Combined,3190,0%,1.0,1.0,0.0,10,How Curry Can Kill Cancer Cells,1.0,1.0,1.8867,0.000184,9657
5,I,Combined,3190,0%,1.0,1.0,0.0,10,Testing Turmeric on Smokers,1.0,1.0,2.164,0.00044,10587
5,I,Combined,3190,0%,1.0,1.0,0.0,10,Alkylphenol Endocrine Disruptors and Allergies,1.0,1.0,1.8867,0.000412,10086
5,I,Combined,3190,0%,1.0,1.0,0.0,10,Slowing Cognitive Decline with Berries,1.0,1.0,1.8344,0.001638,12109
5,I,Combined,3190,0%,1.0,1.0,0.0,10,What is ‘Meat Glue’?,1.0,1.0,2.3026,0.001415,12477
5,I,Combined,3190,0%,1.0,1.0,0.0,10,Is Liquid Smoke Safe?,1.0,1.0,2.164,0.000693,10446
5,I,Combined,3190,0%,1.0,1.0,0.0,10,Does Antioxidant Intake Matter for Stroke and Heart Disease?,1.0,1.0,1.6434,0.002092,10364
5,I,Combined,3190,0%,1.0,1.0,0.0,10,Does Antioxidant Intake Matter for Cancer?,1.0,1.0,1.8344,0.001094,10013
5,I,Combined,3190,0%,1.0,1.0,0.0,10,Is buying organic worth it? A review of the science in new DVD,1.0,1.0,1.8344,0.00113,8539
5,I,Combined,3190,0%,1.0,1.0,0.0,10,Orange Aromatherapy for Anxiety,1.0,1.0,2.0253,0.006857,10479
5,I,Combined,3190,0%,1.0,1.0,0.0,10,Food Manufacturers Get to Decide if Their Own Additives Are Safe,1.0,1.0,1.973,0.000326,9486
5,I,Combined,3190,0%,1.0,1.0,0.0,10,Meat Industry Wins Right to Sell Tainted Meat,1.0,1.0,1.6094,0.00113,9726
5,I,Combined,3190,0%,1.0,1.0,0.0,10,Chicken Salmonella Outbreaks Show Food Safety Systems Failure,1.0,1.0,1.973,0.000325,9571
5,I,Combined,3190,0%,1.0,1.0,0.0,10,Viral Food Poisoning from Pesticides?,1.0,1.0,2.0253,0.000604,9946
5,I,Combined,3190,0%,1.0,1.0,0.0,10,The Reversal on Fish Oil,1.0,1.0,1.8867,0.001021,9783
5,I,Combined,3190,0%,1.0,1.0,0.0,10,Are Multivitamins Just a Waste of Money?,1.0,1.0,2.0253,0.00017,10590
5,I,Combined,3190,1%,0.99,1.01,1.0,10,Breast Cancer Cells Feed on Cholesterol,1.0,1.0,2.0253,0.001114,21573
5,I,Combined,3190,1%,0.99,1.01,1.0,10,Using Diet to Treat Asthma and Eczema,1.0,1.0,1.6957,0.003949,20887
5,I,Combined,3190,1%,0.99,1.01,1.0,10,Treating Asthma With Plants vs. Pills,1.0,1.0,1.8867,0.005007,14453
5,I,Combined,3190,1%,0.99,1.01,1.0,10,How Fruits and Vegetables Can Treat Asthma,1.0,1.0,1.8867,0.003875,12414
5,I,Combined,3190,1%,0.99,1.01,1.0,10,How Fruits and Vegetables Can Prevent Asthma,1.0,1.0,1.8867,0.002236,10492
5,I,Combined,3190,1%,0.99,1.01,1.0,10,Our Tax Dollars Subsidize Unhealthy Foods,1.0,1.0,2.0253,0.002323,10284
5,I,Combined,3190,1%,0.99,1.01,1.0,10,Reducing Arsenic in Chicken and Rice,1.0,1.0,1.8344,0.000857,11628
5,I,Combined,3190,1%,0.99,1.01,1.0,10,How Contaminated Are Our Children?,1.0,1.0,1.8867,0.000159,11471
5,I,Combined,3190,1%,0.99,1.01,1.0,10,"Blood Type Diet Perceived as ""Crass Fraud""",1.0,1.0,2.0253,0.000332,10452
5,I,Combined,3190,1%,0.99,1.01,1.0,10,Why Do Heart Doctors Favor Surgery and Drugs Over Diet?,1.0,1.0,1.7481,0.000482,11740
5,I,Combined,3190,1%,0.99,1.01,1.0,10,Phytates in Beans: Anti-Nutrient or Anti-Cancer?,1.0,1.0,2.0253,0.000373,11531
5,I,Combined,3190,1%,0.99,1.01,1.0,10,How Phytates Fight Cancer Cells,1.0,1.0,1.6434,0.001513,11998
5,I,Combined,3190,1%,0.99,1.01,1.0,10,Colon Cancer Prevention: Is it the Fiber or the Phytates?,1.0,1.0,2.0253,0.00126,11236
5,I,Combined,3190,1%,0.99,1.01,1.0,10,Low Carb Diets Found to Feed Heart Disease,1.0,1.0,2.164,0.000778,11739
5,I,Combined,3190,1%,0.99,1.01,1.0,10,How Curry Can Kill Cancer Cells,1.0,1.0,1.8867,0.000182,12560
5,I,Combined,3190,1%,0.99,1.01,1.0,10,Testing Turmeric on Smokers,1.0,1.0,2.0253,0.000438,10397
5,I,Combined,3190,1%,0.99,1.01,1.0,10,Alkylphenol Endocrine Disruptors and Allergies,1.0,1.0,2.0253,0.000411,9568
5,I,Combined,3190,1%,0.99,1.01,1.0,10,Slowing Cognitive Decline with Berries,1.0,1.0,1.8344,0.001644,10336
5,I,Combined,3190,1%,0.99,1.01,1.0,10,What is ‘Meat Glue’?,1.0,1.0,2.3026,0.001415,11156
5,I,Combined,3190,1%,0.99,1.01,1.0,10,Is Liquid Smoke Safe?,0.9,0.9461,2.164,0.000692,10630
5,I,Combined,3190,1%,0.99,1.01,1.0,10,Does Antioxidant Intake Matter for Stroke and Heart Disease?,1.0,1.0,1.6434,0.002102,11590
5,I,Combined,3190,1%,0.99,1.01,1.0,10,Does Antioxidant Intake Matter for Cancer?,1.0,1.0,1.8344,0.001088,11346
5,I,Combined,3190,1%,0.99,1.01,1.0,10,Is buying organic worth it? A review of the science in new DVD,1.0,1.0,1.8344,0.001131,8838
5,I,Combined,3190,1%,0.99,1.01,1.0,10,Orange Aromatherapy for Anxiety,1.0,1.0,2.0253,0.00685,9308
5,I,Combined,3190,1%,0.99,1.01,1.0,10,Food Manufacturers Get to Decide if Their Own Additives Are Safe,1.0,1.0,1.973,0.000325,9320
5,I,Combined,3190,1%,0.99,1.01,1.0,10,Meat Industry Wins Right to Sell Tainted Meat,1.0,1.0,1.6094,0.001128,7686
5,I,Combined,3190,1%,0.99,1.01,1.0,10,Chicken Salmonella Outbreaks Show Food Safety Systems Failure,1.0,1.0,1.973,0.000325,7438
5,I,Combined,3190,1%,0.99,1.01,1.0,10,Viral Food Poisoning from Pesticides?,1.0,1.0,2.0253,0.000604,9341
5,I,Combined,3190,1%,0.99,1.01,1.0,10,The Reversal on Fish Oil,1.0,1.0,1.8867,0.00102,9175
5,I,Combined,3190,1%,0.99,1.01,1.0,10,Are Multivitamins Just a Waste of Money?,1.0,1.0,2.0253,0.00017,8834
5,I,Combined,3190,10%,0.9,1.1,10.0,10,Breast Cancer Cells Feed on Cholesterol,1.0,1.0,2.3026,0.001073,21055
5,I,Combined,3190,10%,0.9,1.1,10.0,10,Using Diet to Treat Asthma and Eczema,0.9,0.951,1.8867,0.003845,24151
5,I,Combined,3190,10%,0.9,1.1,10.0,10,Treating Asthma With Plants vs. Pills,1.0,1.0,1.6957,0.004973,21590
5,I,Combined,3190,10%,0.9,1.1,10.0,10,How Fruits and Vegetables Can Treat Asthma,1.0,1.0,1.8867,0.003848,11076
5,I,Combined,3190,10%,0.9,1.1,10.0,10,How Fruits and Vegetables Can Prevent Asthma,1.0,1.0,2.0253,0.00222,12773
5,I,Combined,3190,10%,0.9,1.1,10.0,10,Our Tax Dollars Subsidize Unhealthy Foods,1.0,1.0,2.0253,0.002246,11068
5,I,Combined,3190,10%,0.9,1.1,10.0,10,Reducing Arsenic in Chicken and Rice,0.9,0.9469,1.8867,0.000825,11409
5,I,Combined,3190,10%,0.9,1.1,10.0,10,How Contaminated Are Our Children?,0.9,0.9415,2.0253,0.000168,14992
5,I,Combined,3190,10%,0.9,1.1,10.0,10,"Blood Type Diet Perceived as ""Crass Fraud""",1.0,1.0,2.0253,0.000364,10400
5,I,Combined,3190,10%,0.9,1.1,10.0,10,Why Do Heart Doctors Favor Surgery and Drugs Over Diet?,1.0,1.0,1.973,0.00048,10825
5,I,Combined,3190,10%,0.9,1.1,10.0,10,Phytates in Beans: Anti-Nutrient or Anti-Cancer?,1.0,0.9991,2.164,0.000362,10309
5,I,Combined,3190,10%,0.9,1.1,10.0,10,How Phytates Fight Cancer Cells,1.0,1.0,1.5048,0.001507,11311
5,I,Combined,3190,10%,0.9,1.1,10.0,10,Colon Cancer Prevention: Is it the Fiber or the Phytates?,1.0,1.0,2.0253,0.001199,9531
5,I,Combined,3190,10%,0.9,1.1,10.0,10,Low Carb Diets Found to Feed Heart Disease,1.0,1.0,2.3026,0.000708,9649
5,I,Combined,3190,10%,0.9,1.1,10.0,10,How Curry Can Kill Cancer Cells,1.0,1.0,1.8867,0.000181,11143
5,I,Combined,3190,10%,0.9,1.1,10.0,10,Testing Turmeric on Smokers,1.0,0.9999,1.8867,0.000439,11700
5,I,Combined,3190,10%,0.9,1.1,10.0,10,Alkylphenol Endocrine Disruptors and Allergies,1.0,1.0,2.0253,0.00043,12067
5,I,Combined,3190,10%,0.9,1.1,10.0,10,Slowing Cognitive Decline with Berries,0.9,0.948,1.8344,0.001664,12361
5,I,Combined,3190,10%,0.9,1.1,10.0,10,What is ‘Meat Glue’?,1.0,1.0,2.164,0.001407,12198
5,I,Combined,3190,10%,0.9,1.1,10.0,10,Is Liquid Smoke Safe?,0.9,0.9461,2.3026,0.000654,10892
5,I,Combined,3190,10%,0.9,1.1,10.0,10,Does Antioxidant Intake Matter for Stroke and Heart Disease?,1.0,1.0,1.6094,0.002042,10917
5,I,Combined,3190,10%,0.9,1.1,10.0,10,Does Antioxidant Intake Matter for Cancer?,0.9,0.9439,1.8344,0.001046,10270
5,I,Combined,3190,10%,0.9,1.1,10.0,10,Is buying organic worth it? A review of the science in new DVD,1.0,1.0,1.8867,0.001088,9205
5,I,Combined,3190,10%,0.9,1.1,10.0,10,Orange Aromatherapy for Anxiety,1.0,1.0,2.0253,0.006783,10484
5,I,Combined,3190,10%,0.9,1.1,10.0,10,Food Manufacturers Get to Decide if Their Own Additives Are Safe,1.0,1.0,1.8344,0.000353,10101
5,I,Combined,3190,10%,0.9,1.1,10.0,10,Meat Industry Wins Right to Sell Tainted Meat,1.0,1.0,1.6094,0.001088,7910
5,I,Combined,3190,10%,0.9,1.1,10.0,10,Chicken Salmonella Outbreaks Show Food Safety Systems Failure,1.0,1.0,2.164,0.000324,8314
5,I,Combined,3190,10%,0.9,1.1,10.0,10,Viral Food Poisoning from Pesticides?,1.0,1.0,2.0253,0.000561,9464
5,I,Combined,3190,10%,0.9,1.1,10.0,10,The Reversal on Fish Oil,1.0,0.9999,1.8867,0.001031,10732
5,I,Combined,3190,10%,0.9,1.1,10.0,10,Are Multivitamins Just a Waste of Money?,1.0,1.0,2.164,0.000162,8936
5,I,Combined,3190,30%,0.7,1.3,30.0,10,Breast Cancer Cells Feed on Cholesterol,1.0,0.9999,2.0253,0.001084,26418
5,I,Combined,3190,30%,0.7,1.3,30.0,10,Using Diet to Treat Asthma and Eczema,1.0,0.9997,1.6957,0.003675,21250
5,I,Combined,3190,30%,0.7,1.3,30.0,10,Treating Asthma With Plants vs. Pills,1.0,1.0,1.8867,0.004636,19394
5,I,Combined,3190,30%,0.7,1.3,30.0,10,How Fruits and Vegetables Can Treat Asthma,1.0,1.0,2.0253,0.003632,12656
5,I,Combined,3190,30%,0.7,1.3,30.0,10,How Fruits and Vegetables Can Prevent Asthma,1.0,1.0,1.8867,0.002051,10848
5,I,Combined,3190,30%,0.7,1.3,30.0,10,Our Tax Dollars Subsidize Unhealthy Foods,1.0,0.9998,1.8867,0.00197,12450
5,I,Combined,3190,30%,0.7,1.3,30.0,10,Reducing Arsenic in Chicken and Rice,1.0,1.0,1.6957,0.000774,12774
5,I,Combined,3190,30%,0.7,1.3,30.0,10,How Contaminated Are Our Children?,0.9,0.9415,2.164,0.00011,10578
5,I,Combined,3190,30%,0.7,1.3,30.0,10,"Blood Type Diet Perceived as ""Crass Fraud""",1.0,0.9992,2.164,0.000273,10461
5,I,Combined,3190,30%,0.7,1.3,30.0,10,Why Do Heart Doctors Favor Surgery and Drugs Over Diet?,1.0,0.9999,1.7481,0.000457,11671
5,I,Combined,3190,30%,0.7,1.3,30.0,10,Phytates in Beans: Anti-Nutrient or Anti-Cancer?,1.0,1.0,2.0253,0.00037,10384
5,I,Combined,3190,30%,0.7,1.3,30.0,10,How Phytates Fight Cancer Cells,0.9,0.9453,1.8344,0.001197,10676
5,I,Combined,3190,30%,0.7,1.3,30.0,10,Colon Cancer Prevention: Is it the Fiber or the Phytates?,1.0,0.9997,2.164,0.001141,9084
5,I,Combined,3190,30%,0.7,1.3,30.0,10,Low Carb Diets Found to Feed Heart Disease,1.0,1.0,2.164,0.000701,9499
5,I,Combined,3190,30%,0.7,1.3,30.0,10,How Curry Can Kill Cancer Cells,1.0,0.9999,2.0253,0.0002,9751
5,I,Combined,3190,30%,0.7,1.3,30.0,10,Testing Turmeric on Smokers,1.0,1.0,1.7481,0.000387,11835
5,I,Combined,3190,30%,0.7,1.3,30.0,10,Alkylphenol Endocrine Disruptors and Allergies,0.9,0.942,2.0253,0.000398,14172
5,I,Combined,3190,30%,0.7,1.3,30.0,10,Slowing Cognitive Decline with Berries,0.9,0.948,1.8344,0.001282,12315
5,I,Combined,3190,30%,0.7,1.3,30.0,10,What is ‘Meat Glue’?,0.9,0.9515,2.164,0.001233,11126
5,I,Combined,3190,30%,0.7,1.3,30.0,10,Is Liquid Smoke Safe?,1.0,1.0,2.0253,0.000607,10049
5,I,Combined,3190,30%,0.7,1.3,30.0,10,Does Antioxidant Intake Matter for Stroke and Heart Disease?,0.9,0.9432,1.4979,0.001827,9567
5,I,Combined,3190,30%,0.7,1.3,30.0,10,Does Antioxidant Intake Matter for Cancer?,0.9,0.9423,1.8867,0.001104,9421
5,I,Combined,3190,30%,0.7,1.3,30.0,10,Is buying organic worth it? A review of the science in new DVD,1.0,1.0,2.0253,0.001006,9219
5,I,Combined,3190,30%,0.7,1.3,30.0,10,Orange Aromatherapy for Anxiety,0.9,0.9541,2.0253,0.006057,10665
5,I,Combined,3190,30%,0.7,1.3,30.0,10,Food Manufacturers Get to Decide if Their Own Additives Are Safe,1.0,0.9998,2.164,0.000293,9251
5,I,Combined,3190,30%,0.7,1.3,30.0,10,Meat Industry Wins Right to Sell Tainted Meat,1.0,1.0,1.7481,0.000996,10467
5,I,Combined,3190,30%,0.7,1.3,30.0,10,Chicken Salmonella Outbreaks Show Food Safety Systems Failure,0.9,0.9431,2.164,0.00033,9181
5,I,Combined,3190,30%,0.7,1.3,30.0,10,Viral Food Poisoning from Pesticides?,1.0,0.9994,1.8344,0.000649,9846
5,I,Combined,3190,30%,0.7,1.3,30.0,10,The Reversal on Fish Oil,1.0,0.9999,1.8344,0.000855,9711
5,I,Combined,3190,30%,0.7,1.3,30.0,10,Are Multivitamins Just a Waste of Money?,1.0,0.9996,2.164,0.000165,8377
5,I,Combined,3190,50%,0.5,1.5,50.0,10,Breast Cancer Cells Feed on Cholesterol,1.0,0.9971,1.973,0.0008,31159
5,I,Combined,3190,50%,0.5,1.5,50.0,10,Using Diet to Treat Asthma and Eczema,1.0,1.0,1.8867,0.002433,19507
5,I,Combined,3190,50%,0.5,1.5,50.0,10,Treating Asthma With Plants vs. Pills,1.0,1.0,1.8344,0.003542,10816
5,I,Combined,3190,50%,0.5,1.5,50.0,10,How Fruits and Vegetables Can Treat Asthma,1.0,1.0,1.8867,0.002688,10910
5,I,Combined,3190,50%,0.5,1.5,50.0,10,How Fruits and Vegetables Can Prevent Asthma,1.0,0.9999,2.0253,0.00146,16779
5,I,Combined,3190,50%,0.5,1.5,50.0,10,Our Tax Dollars Subsidize Unhealthy Foods,1.0,0.9985,1.8867,0.001679,9993
5,I,Combined,3190,50%,0.5,1.5,50.0,10,Reducing Arsenic in Chicken and Rice,0.9,0.9436,1.6094,0.000531,10808
5,I,Combined,3190,50%,0.5,1.5,50.0,10,How Contaminated Are Our Children?,1.0,0.9999,2.164,8.6e-05,9792
5,I,Combined,3190,50%,0.5,1.5,50.0,10,"Blood Type Diet Perceived as ""Crass Fraud""",0.9,0.9417,2.164,0.000244,10379
5,I,Combined,3190,50%,0.5,1.5,50.0,10,Why Do Heart Doctors Favor Surgery and Drugs Over Diet?,0.9,0.9416,2.3026,0.000362,9450
5,I,Combined,3190,50%,0.5,1.5,50.0,10,Phytates in Beans: Anti-Nutrient or Anti-Cancer?,1.0,0.999,2.164,0.000298,10163
5,I,Combined,3190,50%,0.5,1.5,50.0,10,How Phytates Fight Cancer Cells,0.9,0.9429,1.4979,0.001191,9398
5,I,Combined,3190,50%,0.5,1.5,50.0,10,Colon Cancer Prevention: Is it the Fiber or the Phytates?,1.0,1.0,1.8867,0.000813,10205
5,I,Combined,3190,50%,0.5,1.5,50.0,10,Low Carb Diets Found to Feed Heart Disease,1.0,1.0,2.164,0.000494,10036
5,I,Combined,3190,50%,0.5,1.5,50.0,10,How Curry Can Kill Cancer Cells,1.0,0.9994,1.8344,0.000143,11711
5,I,Combined,3190,50%,0.5,1.5,50.0,10,Testing Turmeric on Smokers,0.9,0.9398,2.164,0.000277,10039
5,I,Combined,3190,50%,0.5,1.5,50.0,10,Alkylphenol Endocrine Disruptors and Allergies,0.9,0.9419,2.164,0.000337,9762
5,I,Combined,3190,50%,0.5,1.5,50.0,10,Slowing Cognitive Decline with Berries,0.9,0.9478,2.164,0.001207,10162
5,I,Combined,3190,50%,0.5,1.5,50.0,10,What is ‘Meat Glue’?,0.9,0.9516,2.3026,0.000956,10412
5,I,Combined,3190,50%,0.5,1.5,50.0,10,Is Liquid Smoke Safe?,0.9,0.9438,2.0253,0.000502,9870
5,I,Combined,3190,50%,0.5,1.5,50.0,10,Does Antioxidant Intake Matter for Stroke and Heart Disease?,1.0,0.9989,1.6094,0.001638,10402
5,I,Combined,3190,50%,0.5,1.5,50.0,10,Does Antioxidant Intake Matter for Cancer?,0.9,0.9422,1.8344,0.000797,8879
5,I,Combined,3190,50%,0.5,1.5,50.0,10,Is buying organic worth it? A review of the science in new DVD,1.0,0.9998,1.8344,0.000916,8685
5,I,Combined,3190,50%,0.5,1.5,50.0,10,Orange Aromatherapy for Anxiety,0.9,0.9559,2.164,0.004814,10607
5,I,Combined,3190,50%,0.5,1.5,50.0,10,Food Manufacturers Get to Decide if Their Own Additives Are Safe,1.0,0.9993,2.0253,0.000236,9993
5,I,Combined,3190,50%,0.5,1.5,50.0,10,Meat Industry Wins Right to Sell Tainted Meat,1.0,0.9998,1.8867,0.000794,9380
5,I,Combined,3190,50%,0.5,1.5,50.0,10,Chicken Salmonella Outbreaks Show Food Safety Systems Failure,0.9,0.9426,1.973,0.000231,8781
5,I,Combined,3190,50%,0.5,1.5,50.0,10,Viral Food Poisoning from Pesticides?,1.0,0.9999,1.6957,0.00049,11323
5,I,Combined,3190,50%,0.5,1.5,50.0,10,The Reversal on Fish Oil,1.0,0.9996,1.8344,0.000707,9646
5,I,Combined,3190,50%,0.5,1.5,50.0,10,Are Multivitamins Just a Waste of Money?,1.0,0.9978,2.164,0.000128,10445
5,I,Combined,3190,70%,0.3,1.7,70.0,10,Breast Cancer Cells Feed on Cholesterol,1.0,0.9935,2.164,0.000331,20061
5,I,Combined,3190,70%,0.3,1.7,70.0,10,Using Diet to Treat Asthma and Eczema,0.9,0.9503,2.0253,0.001261,17966
5,I,Combined,3190,70%,0.3,1.7,70.0,10,Treating Asthma With Plants vs. Pills,1.0,0.9999,1.8344,0.002349,19128
5,I,Combined,3190,70%,0.3,1.7,70.0,10,How Fruits and Vegetables Can Treat Asthma,1.0,1.0,2.164,0.001852,17783
5,I,Combined,3190,70%,0.3,1.7,70.0,10,How Fruits and Vegetables Can Prevent Asthma,1.0,0.9999,2.0253,0.001079,13129
5,I,Combined,3190,70%,0.3,1.7,70.0,10,Our Tax Dollars Subsidize Unhealthy Foods,1.0,0.9992,2.0253,0.00118,11431
5,I,Combined,3190,70%,0.3,1.7,70.0,10,Reducing Arsenic in Chicken and Rice,0.9,0.9429,1.8867,0.0004,9869
5,I,Combined,3190,70%,0.3,1.7,70.0,10,How Contaminated Are Our Children?,0.9,0.9382,2.0253,6.9e-05,12222
5,I,Combined,3190,70%,0.3,1.7,70.0,10,"Blood Type Diet Perceived as ""Crass Fraud""",0.9,0.9415,1.8344,0.000105,15290
5,I,Combined,3190,70%,0.3,1.7,70.0,10,Why Do Heart Doctors Favor Surgery and Drugs Over Diet?,0.8,0.873,1.6957,0.000203,11139
5,I,Combined,3190,70%,0.3,1.7,70.0,10,Phytates in Beans: Anti-Nutrient or Anti-Cancer?,0.9,0.9427,2.0253,0.000142,8905
5,I,Combined,3190,70%,0.3,1.7,70.0,10,How Phytates Fight Cancer Cells,0.8,0.8602,0.9404,0.000845,11233
5,I,Combined,3190,70%,0.3,1.7,70.0,10,Colon Cancer Prevention: Is it the Fiber or the Phytates?,1.0,0.9994,1.8344,0.000375,11981
5,I,Combined,3190,70%,0.3,1.7,70.0,10,Low Carb Diets Found to Feed Heart Disease,0.9,0.942,2.164,0.000414,10871
5,I,Combined,3190,70%,0.3,1.7,70.0,10,How Curry Can Kill Cancer Cells,1.0,0.9997,1.8867,0.000117,11117
5,I,Combined,3190,70%,0.3,1.7,70.0,10,Testing Turmeric on Smokers,0.9,0.9438,2.164,0.000206,12005
5,I,Combined,3190,70%,0.3,1.7,70.0,10,Alkylphenol Endocrine Disruptors and Allergies,0.9,0.941,2.164,0.000155,9449
5,I,Combined,3190,70%,0.3,1.7,70.0,10,Slowing Cognitive Decline with Berries,0.9,0.9474,2.0253,0.000985,11093
5,I,Combined,3190,70%,0.3,1.7,70.0,10,What is ‘Meat Glue’?,0.9,0.9515,2.164,0.000427,10902
5,I,Combined,3190,70%,0.3,1.7,70.0,10,Is Liquid Smoke Safe?,0.9,0.9448,2.164,0.000238,11869
5,I,Combined,3190,70%,0.3,1.7,70.0,10,Does Antioxidant Intake Matter for Stroke and Heart Disease?,0.9,0.9455,1.8344,0.000882,11168
5,I,Combined,3190,70%,0.3,1.7,70.0,10,Does Antioxidant Intake Matter for Cancer?,1.0,0.9997,2.0253,0.000303,9818
5,I,Combined,3190,70%,0.3,1.7,70.0,10,Is buying organic worth it? A review of the science in new DVD,0.9,0.948,2.0253,0.000573,9711
5,I,Combined,3190,70%,0.3,1.7,70.0,10,Orange Aromatherapy for Anxiety,0.9,0.9554,2.0253,0.002726,9400
5,I,Combined,3190,70%,0.3,1.7,70.0,10,Food Manufacturers Get to Decide if Their Own Additives Are Safe,1.0,0.9993,2.164,0.00013,9882
5,I,Combined,3190,70%,0.3,1.7,70.0,10,Meat Industry Wins Right to Sell Tainted Meat,1.0,0.9997,1.8867,0.000544,7968
5,I,Combined,3190,70%,0.3,1.7,70.0,10,Chicken Salmonella Outbreaks Show Food Safety Systems Failure,1.0,0.999,2.164,0.000121,7555
5,I,Combined,3190,70%,0.3,1.7,70.0,10,Viral Food Poisoning from Pesticides?,1.0,0.9999,2.0253,0.000318,9218
5,I,Combined,3190,70%,0.3,1.7,70.0,10,The Reversal on Fish Oil,1.0,0.9999,2.0253,0.000488,9266
5,I,Combined,3190,70%,0.3,1.7,70.0,10,Are Multivitamins Just a Waste of Money?,1.0,0.9992,2.0253,0.000115,10235
1,I,Combined,1190,0%,1.0,1.0,0.0,10,Breast Cancer Cells Feed on Cholesterol,1.0,1.0,1.8344,0.002867,37092
1,I,Combined,1190,0%,1.0,1.0,0.0,10,Using Diet to Treat Asthma and Eczema,1.0,1.0,1.6957,0.003962,27032
1,I,Combined,1190,0%,1.0,1.0,0.0,10,Treating Asthma With Plants vs. Pills,1.0,1.0,1.8867,0.005018,20369
1,I,Combined,1190,0%,1.0,1.0,0.0,10,How Fruits and Vegetables Can Treat Asthma,1.0,1.0,1.8867,0.003889,16809
1,I,Combined,1190,0%,1.0,1.0,0.0,10,How Fruits and Vegetables Can Prevent Asthma,1.0,1.0,1.7481,0.002246,16749
1,I,Combined,1190,0%,1.0,1.0,0.0,10,Our Tax Dollars Subsidize Unhealthy Foods,1.0,1.0,1.8344,0.000264,17389
1,I,Combined,1190,0%,1.0,1.0,0.0,10,Reducing Arsenic in Chicken and Rice,1.0,1.0,1.8344,0.0001,15700
1,I,Combined,1190,0%,1.0,1.0,0.0,10,How Contaminated Are Our Children?,1.0,1.0,2.0253,0.00017,16470
1,I,Combined,1190,0%,1.0,1.0,0.0,10,"Blood Type Diet Perceived as ""Crass Fraud""",1.0,1.0,1.8867,0.00039,16546
1,I,Combined,1190,0%,1.0,1.0,0.0,10,Why Do Heart Doctors Favor Surgery and Drugs Over Diet?,1.0,1.0,1.7481,0.000481,17915
1,I,Combined,1190,0%,1.0,1.0,0.0,10,Phytates in Beans: Anti-Nutrient or Anti-Cancer?,1.0,1.0,1.6094,0.000898,17678
1,I,Combined,1190,0%,1.0,1.0,0.0,10,How Phytates Fight Cancer Cells,1.0,1.0,2.164,8.5e-05,16560
1,I,Combined,1190,0%,1.0,1.0,0.0,10,Colon Cancer Prevention: Is it the Fiber or the Phytates?,1.0,1.0,2.0253,0.001258,17891
1,I,Combined,1190,0%,1.0,1.0,0.0,10,Low Carb Diets Found to Feed Heart Disease,1.0,1.0,2.164,0.000777,16636
1,I,Combined,1190,0%,1.0,1.0,0.0,10,How Curry Can Kill Cancer Cells,1.0,1.0,1.8344,0.000263,18864
1,I,Combined,1190,0%,1.0,1.0,0.0,10,Testing Turmeric on Smokers,1.0,1.0,2.164,0.001032,16880
1,I,Combined,1190,0%,1.0,1.0,0.0,10,Alkylphenol Endocrine Disruptors and Allergies,1.0,1.0,2.0253,0.000472,16496
1,I,Combined,1190,0%,1.0,1.0,0.0,10,Slowing Cognitive Decline with Berries,1.0,1.0,1.8867,0.001869,16277
1,I,Combined,1190,0%,1.0,1.0,0.0,10,What is ‘Meat Glue’?,1.0,1.0,2.164,0.000285,16549
1,I,Combined,1190,0%,1.0,1.0,0.0,10,Is Liquid Smoke Safe?,1.0,1.0,1.8867,0.001226,16203
1,I,Combined,1190,0%,1.0,1.0,0.0,10,Does Antioxidant Intake Matter for Stroke and Heart Disease?,1.0,1.0,1.6434,0.002092,16844
1,I,Combined,1190,0%,1.0,1.0,0.0,10,Does Antioxidant Intake Matter for Cancer?,1.0,1.0,1.8344,0.001094,16138
1,I,Combined,1190,0%,1.0,1.0,0.0,10,Is buying organic worth it? A review of the science in new DVD,1.0,1.0,2.3026,9.9e-05,17337
1,I,Combined,1190,0%,1.0,1.0,0.0,10,Orange Aromatherapy for Anxiety,1.0,1.0,2.0253,0.006857,15555
1,I,Combined,1190,0%,1.0,1.0,0.0,10,Food Manufacturers Get to Decide if Their Own Additives Are Safe,1.0,1.0,2.164,0.000376,15902
1,I,Combined,1190,0%,1.0,1.0,0.0,10,Meat Industry Wins Right to Sell Tainted Meat,1.0,1.0,2.0253,9.1e-05,16352
1,I,Combined,1190,0%,1.0,1.0,0.0,10,Chicken Salmonella Outbreaks Show Food Safety Systems Failure,1.0,1.0,2.0253,0.000323,17551
1,I,Combined,1190,0%,1.0,1.0,0.0,10,Viral Food Poisoning from Pesticides?,1.0,1.0,1.8344,0.000857,17556
1,I,Combined,1190,0%,1.0,1.0,0.0,10,The Reversal on Fish Oil,1.0,1.0,1.6957,2.9e-05,17478
1,I,Combined,1190,0%,1.0,1.0,0.0,10,Are Multivitamins Just a Waste of Money?,1.0,1.0,2.0253,0.000249,17048
1,I,Combined,1190,1%,0.99,1.01,1.0,10,Breast Cancer Cells Feed on Cholesterol,1.0,1.0,1.8344,0.002867,38451
1,I,Combined,1190,1%,0.99,1.01,1.0,10,Using Diet to Treat Asthma and Eczema,1.0,1.0,1.6957,0.00396,25655
1,I,Combined,1190,1%,0.99,1.01,1.0,10,Treating Asthma With Plants vs. Pills,1.0,1.0,1.8867,0.005016,19604
1,I,Combined,1190,1%,0.99,1.01,1.0,10,How Fruits and Vegetables Can Treat Asthma,1.0,1.0,1.8867,0.003895,17447
1,I,Combined,1190,1%,0.99,1.01,1.0,10,How Fruits and Vegetables Can Prevent Asthma,1.0,1.0,1.7481,0.002249,17465
1,I,Combined,1190,1%,0.99,1.01,1.0,10,Our Tax Dollars Subsidize Unhealthy Foods,1.0,1.0,1.973,0.000265,17336
1,I,Combined,1190,1%,0.99,1.01,1.0,10,Reducing Arsenic in Chicken and Rice,1.0,1.0,1.8344,0.0001,18386
1,I,Combined,1190,1%,0.99,1.01,1.0,10,How Contaminated Are Our Children?,1.0,1.0,2.0253,0.000169,17657
1,I,Combined,1190,1%,0.99,1.01,1.0,10,"Blood Type Diet Perceived as ""Crass Fraud""",1.0,1.0,1.8867,0.00039,17814
1,I,Combined,1190,1%,0.99,1.01,1.0,10,Why Do Heart Doctors Favor Surgery and Drugs Over Diet?,1.0,1.0,1.7481,0.000485,17230
1,I,Combined,1190,1%,0.99,1.01,1.0,10,Phytates in Beans: Anti-Nutrient or Anti-Cancer?,1.0,1.0,1.6094,0.000898,16862
1,I,Combined,1190,1%,0.99,1.01,1.0,10,How Phytates Fight Cancer Cells,1.0,1.0,2.164,8.4e-05,16066
1,I,Combined,1190,1%,0.99,1.01,1.0,10,Colon Cancer Prevention: Is it the Fiber or the Phytates?,1.0,1.0,2.0253,0.001254,16872
1,I,Combined,1190,1%,0.99,1.01,1.0,10,Low Carb Diets Found to Feed Heart Disease,1.0,1.0,2.164,0.000779,18560
1,I,Combined,1190,1%,0.99,1.01,1.0,10,How Curry Can Kill Cancer Cells,1.0,1.0,1.8344,0.000263,16465
1,I,Combined,1190,1%,0.99,1.01,1.0,10,Testing Turmeric on Smokers,0.9,0.9485,2.164,0.00103,15928
1,I,Combined,1190,1%,0.99,1.01,1.0,10,Alkylphenol Endocrine Disruptors and Allergies,1.0,1.0,2.0253,0.000474,17274
1,I,Combined,1190,1%,0.99,1.01,1.0,10,Slowing Cognitive Decline with Berries,1.0,1.0,1.8867,0.001859,17290
1,I,Combined,1190,1%,0.99,1.01,1.0,10,What is ‘Meat Glue’?,1.0,1.0,2.164,0.000285,15607
1,I,Combined,1190,1%,0.99,1.01,1.0,10,Is Liquid Smoke Safe?,1.0,1.0,1.8867,0.001226,17177
1,I,Combined,1190,1%,0.99,1.01,1.0,10,Does Antioxidant Intake Matter for Stroke and Heart Disease?,1.0,1.0,1.6434,0.002093,24075
1,I,Combined,1190,1%,0.99,1.01,1.0,10,Does Antioxidant Intake Matter for Cancer?,1.0,1.0,1.8344,0.001093,19356
1,I,Combined,1190,1%,0.99,1.01,1.0,10,Is buying organic worth it? A review of the science in new DVD,1.0,1.0,2.3026,9.9e-05,17155
1,I,Combined,1190,1%,0.99,1.01,1.0,10,Orange Aromatherapy for Anxiety,1.0,1.0,2.0253,0.00687,16174
1,I,Combined,1190,1%,0.99,1.01,1.0,10,Food Manufacturers Get to Decide if Their Own Additives Are Safe,1.0,1.0,2.164,0.000375,16071
1,I,Combined,1190,1%,0.99,1.01,1.0,10,Meat Industry Wins Right to Sell Tainted Meat,1.0,1.0,2.0253,9.1e-05,16131
1,I,Combined,1190,1%,0.99,1.01,1.0,10,Chicken Salmonella Outbreaks Show Food Safety Systems Failure,1.0,1.0,2.0253,0.000322,16714
1,I,Combined,1190,1%,0.99,1.01,1.0,10,Viral Food Poisoning from Pesticides?,1.0,1.0,1.8344,0.000861,16455
1,I,Combined,1190,1%,0.99,1.01,1.0,10,The Reversal on Fish Oil,1.0,1.0,1.8867,2.9e-05,15451
1,I,Combined,1190,1%,0.99,1.01,1.0,10,Are Multivitamins Just a Waste of Money?,1.0,1.0,2.0253,0.00025,16052
1,I,Combined,1190,10%,0.9,1.1,10.0,10,Breast Cancer Cells Feed on Cholesterol,1.0,1.0,1.8344,0.002794,36015
1,I,Combined,1190,10%,0.9,1.1,10.0,10,Using Diet to Treat Asthma and Eczema,1.0,1.0,1.6957,0.003806,23816
1,I,Combined,1190,10%,0.9,1.1,10.0,10,Treating Asthma With Plants vs. Pills,1.0,1.0,1.6957,0.004943,20389
1,I,Combined,1190,10%,0.9,1.1,10.0,10,How Fruits and Vegetables Can Treat Asthma,1.0,1.0,1.8867,0.003847,15911
1,I,Combined,1190,10%,0.9,1.1,10.0,10,How Fruits and Vegetables Can Prevent Asthma,1.0,1.0,1.8867,0.002205,17682
1,I,Combined,1190,10%,0.9,1.1,10.0,10,Our Tax Dollars Subsidize Unhealthy Foods,0.9,0.9448,1.973,0.000268,16446
1,I,Combined,1190,10%,0.9,1.1,10.0,10,Reducing Arsenic in Chicken and Rice,1.0,1.0,1.8344,0.000102,18347
1,I,Combined,1190,10%,0.9,1.1,10.0,10,How Contaminated Are Our Children?,1.0,1.0,1.8344,0.000176,17177
1,I,Combined,1190,10%,0.9,1.1,10.0,10,"Blood Type Diet Perceived as ""Crass Fraud""",1.0,1.0,1.8867,0.000403,16782
1,I,Combined,1190,10%,0.9,1.1,10.0,10,Why Do Heart Doctors Favor Surgery and Drugs Over Diet?,1.0,1.0,2.0253,0.000461,17174
1,I,Combined,1190,10%,0.9,1.1,10.0,10,Phytates in Beans: Anti-Nutrient or Anti-Cancer?,1.0,1.0,1.7481,0.000902,17994
1,I,Combined,1190,10%,0.9,1.1,10.0,10,How Phytates Fight Cancer Cells,1.0,0.9999,2.164,7.6e-05,17220
1,I,Combined,1190,10%,0.9,1.1,10.0,10,Colon Cancer Prevention: Is it the Fiber or the Phytates?,1.0,1.0,1.8867,0.001212,17512
1,I,Combined,1190,10%,0.9,1.1,10.0,10,Low Carb Diets Found to Feed Heart Disease,0.9,0.9448,2.164,0.000756,17386
1,I,Combined,1190,10%,0.9,1.1,10.0,10,How Curry Can Kill Cancer Cells,1.0,0.9999,1.4708,0.000284,16511
1,I,Combined,1190,10%,0.9,1.1,10.0,10,Testing Turmeric on Smokers,1.0,1.0,2.3026,0.001018,17225
1,I,Combined,1190,10%,0.9,1.1,10.0,10,Alkylphenol Endocrine Disruptors and Allergies,1.0,0.9998,2.0253,0.000493,16156
1,I,Combined,1190,10%,0.9,1.1,10.0,10,Slowing Cognitive Decline with Berries,1.0,1.0,1.8867,0.001875,16202
1,I,Combined,1190,10%,0.9,1.1,10.0,10,What is ‘Meat Glue’?,1.0,1.0,2.0253,0.000283,16934
1,I,Combined,1190,10%,0.9,1.1,10.0,10,Is Liquid Smoke Safe?,0.9,0.9478,1.8867,0.001249,16982
1,I,Combined,1190,10%,0.9,1.1,10.0,10,Does Antioxidant Intake Matter for Stroke and Heart Disease?,1.0,1.0,1.6434,0.002002,17324
1,I,Combined,1190,10%,0.9,1.1,10.0,10,Does Antioxidant Intake Matter for Cancer?,1.0,0.9999,1.8344,0.001047,16734
1,I,Combined,1190,10%,0.9,1.1,10.0,10,Is buying organic worth it? A review of the science in new DVD,0.9,0.945,2.3026,9.6e-05,17228
1,I,Combined,1190,10%,0.9,1.1,10.0,10,Orange Aromatherapy for Anxiety,1.0,1.0,2.0253,0.006801,16597
1,I,Combined,1190,10%,0.9,1.1,10.0,10,Food Manufacturers Get to Decide if Their Own Additives Are Safe,1.0,1.0,2.0253,0.000357,16754
1,I,Combined,1190,10%,0.9,1.1,10.0,10,Meat Industry Wins Right to Sell Tainted Meat,1.0,1.0,2.0253,9e-05,16819
1,I,Combined,1190,10%,0.9,1.1,10.0,10,Chicken Salmonella Outbreaks Show Food Safety Systems Failure,0.9,0.943,2.164,0.000304,16076
1,I,Combined,1190,10%,0.9,1.1,10.0,10,Viral Food Poisoning from Pesticides?,1.0,0.9998,1.6434,0.00086,16978
1,I,Combined,1190,10%,0.9,1.1,10.0,10,The Reversal on Fish Oil,1.0,1.0,2.164,2.8e-05,16948
1,I,Combined,1190,10%,0.9,1.1,10.0,10,Are Multivitamins Just a Waste of Money?,1.0,1.0,2.164,0.000241,17391
1,I,Combined,1190,30%,0.7,1.3,30.0,10,Breast Cancer Cells Feed on Cholesterol,1.0,1.0,1.8344,0.002672,34751
1,I,Combined,1190,30%,0.7,1.3,30.0,10,Using Diet to Treat Asthma and Eczema,0.9,0.9508,2.0253,0.003794,21571
1,I,Combined,1190,30%,0.7,1.3,30.0,10,Treating Asthma With Plants vs. Pills,1.0,0.9999,1.8344,0.004404,20168
1,I,Combined,1190,30%,0.7,1.3,30.0,10,How Fruits and Vegetables Can Treat Asthma,1.0,1.0,2.0253,0.003478,17569
1,I,Combined,1190,30%,0.7,1.3,30.0,10,How Fruits and Vegetables Can Prevent Asthma,1.0,1.0,2.0253,0.001924,16181
1,I,Combined,1190,30%,0.7,1.3,30.0,10,Our Tax Dollars Subsidize Unhealthy Foods,0.9,0.9448,2.0253,0.000208,16404
1,I,Combined,1190,30%,0.7,1.3,30.0,10,Reducing Arsenic in Chicken and Rice,1.0,0.9998,2.0253,0.000108,16244
1,I,Combined,1190,30%,0.7,1.3,30.0,10,How Contaminated Are Our Children?,1.0,0.9993,2.164,0.000121,15949
1,I,Combined,1190,30%,0.7,1.3,30.0,10,"Blood Type Diet Perceived as ""Crass Fraud""",0.9,0.9395,2.164,0.000321,16390
1,I,Combined,1190,30%,0.7,1.3,30.0,10,Why Do Heart Doctors Favor Surgery and Drugs Over Diet?,1.0,0.9999,1.973,0.000447,16038
1,I,Combined,1190,30%,0.7,1.3,30.0,10,Phytates in Beans: Anti-Nutrient or Anti-Cancer?,1.0,0.9998,1.4979,0.000807,16227
1,I,Combined,1190,30%,0.7,1.3,30.0,10,How Phytates Fight Cancer Cells,0.9,0.9399,2.0253,8.7e-05,16456
1,I,Combined,1190,30%,0.7,1.3,30.0,10,Colon Cancer Prevention: Is it the Fiber or the Phytates?,1.0,0.9996,2.0253,0.00116,16341
1,I,Combined,1190,30%,0.7,1.3,30.0,10,Low Carb Diets Found to Feed Heart Disease,0.8,0.8871,2.0253,0.000852,16156
1,I,Combined,1190,30%,0.7,1.3,30.0,10,How Curry Can Kill Cancer Cells,1.0,0.9998,2.0253,0.000241,17562
1,I,Combined,1190,30%,0.7,1.3,30.0,10,Testing Turmeric on Smokers,1.0,1.0,2.3026,0.00097,16090
1,I,Combined,1190,30%,0.7,1.3,30.0,10,Alkylphenol Endocrine Disruptors and Allergies,1.0,0.9998,2.164,0.00042,16810
1,I,Combined,1190,30%,0.7,1.3,30.0,10,Slowing Cognitive Decline with Berries,1.0,0.9999,2.0253,0.001847,16586
1,I,Combined,1190,30%,0.7,1.3,30.0,10,What is ‘Meat Glue’?,1.0,1.0,1.8344,0.000259,16860
1,I,Combined,1190,30%,0.7,1.3,30.0,10,Is Liquid Smoke Safe?,0.9,0.9468,1.7481,0.001208,16900
1,I,Combined,1190,30%,0.7,1.3,30.0,10,Does Antioxidant Intake Matter for Stroke and Heart Disease?,0.9,0.9455,1.8867,0.001696,16988
1,I,Combined,1190,30%,0.7,1.3,30.0,10,Does Antioxidant Intake Matter for Cancer?,0.9,0.9375,1.8867,0.000941,16285
1,I,Combined,1190,30%,0.7,1.3,30.0,10,Is buying organic worth it? A review of the science in new DVD,1.0,1.0,1.973,9.3e-05,17620
1,I,Combined,1190,30%,0.7,1.3,30.0,10,Orange Aromatherapy for Anxiety,1.0,1.0,2.0253,0.006165,16527
1,I,Combined,1190,30%,0.7,1.3,30.0,10,Food Manufacturers Get to Decide if Their Own Additives Are Safe,1.0,0.9999,2.0253,0.000304,17591
1,I,Combined,1190,30%,0.7,1.3,30.0,10,Meat Industry Wins Right to Sell Tainted Meat,1.0,0.9999,2.0253,8.6e-05,17306
1,I,Combined,1190,30%,0.7,1.3,30.0,10,Chicken Salmonella Outbreaks Show Food Safety Systems Failure,0.8,0.8834,1.8344,0.000264,18253
1,I,Combined,1190,30%,0.7,1.3,30.0,10,Viral Food Poisoning from Pesticides?,0.9,0.9448,1.8344,0.000795,18435
1,I,Combined,1190,30%,0.7,1.3,30.0,10,The Reversal on Fish Oil,0.9,0.9393,1.8344,3.1e-05,17064
1,I,Combined,1190,30%,0.7,1.3,30.0,10,Are Multivitamins Just a Waste of Money?,0.9,0.9407,2.164,0.000178,15908
1,I,Combined,1190,50%,0.5,1.5,50.0,10,Breast Cancer Cells Feed on Cholesterol,1.0,1.0,2.0253,0.002435,30704
1,I,Combined,1190,50%,0.5,1.5,50.0,10,Using Diet to Treat Asthma and Eczema,1.0,1.0,2.0253,0.002844,21514
1,I,Combined,1190,50%,0.5,1.5,50.0,10,Treating Asthma With Plants vs. Pills,1.0,0.9999,1.6957,0.003997,21250
1,I,Combined,1190,50%,0.5,1.5,50.0,10,How Fruits and Vegetables Can Treat Asthma,1.0,1.0,1.8867,0.003002,17299
1,I,Combined,1190,50%,0.5,1.5,50.0,10,How Fruits and Vegetables Can Prevent Asthma,1.0,0.9999,2.3026,0.001712,17030
1,I,Combined,1190,50%,0.5,1.5,50.0,10,Our Tax Dollars Subsidize Unhealthy Foods,0.9,0.9446,2.0253,0.000231,16953
1,I,Combined,1190,50%,0.5,1.5,50.0,10,Reducing Arsenic in Chicken and Rice,1.0,0.9995,1.973,7.6e-05,16355
1,I,Combined,1190,50%,0.5,1.5,50.0,10,How Contaminated Are Our Children?,0.9,0.9413,2.3026,0.000197,17009
1,I,Combined,1190,50%,0.5,1.5,50.0,10,"Blood Type Diet Perceived as ""Crass Fraud""",0.9,0.9414,1.6957,0.000258,16780
1,I,Combined,1190,50%,0.5,1.5,50.0,10,Why Do Heart Doctors Favor Surgery and Drugs Over Diet?,1.0,0.9998,1.8344,0.000374,17133
1,I,Combined,1190,50%,0.5,1.5,50.0,10,Phytates in Beans: Anti-Nutrient or Anti-Cancer?,0.9,0.9454,1.7481,0.000595,15911
1,I,Combined,1190,50%,0.5,1.5,50.0,10,How Phytates Fight Cancer Cells,0.9,0.9393,1.973,5.9e-05,18875
1,I,Combined,1190,50%,0.5,1.5,50.0,10,Colon Cancer Prevention: Is it the Fiber or the Phytates?,1.0,1.0,2.0253,0.000923,17073
1,I,Combined,1190,50%,0.5,1.5,50.0,10,Low Carb Diets Found to Feed Heart Disease,1.0,1.0,1.8344,0.000539,18027
1,I,Combined,1190,50%,0.5,1.5,50.0,10,How Curry Can Kill Cancer Cells,1.0,0.9998,1.973,0.000172,17605
1,I,Combined,1190,50%,0.5,1.5,50.0,10,Testing Turmeric on Smokers,0.9,0.9485,2.0253,0.000717,17258
1,I,Combined,1190,50%,0.5,1.5,50.0,10,Alkylphenol Endocrine Disruptors and Allergies,1.0,0.9997,1.7481,0.000396,17178
1,I,Combined,1190,50%,0.5,1.5,50.0,10,Slowing Cognitive Decline with Berries,1.0,1.0,2.164,0.001043,16547
1,I,Combined,1190,50%,0.5,1.5,50.0,10,What is ‘Meat Glue’?,1.0,1.0,2.0253,0.000234,17889
1,I,Combined,1190,50%,0.5,1.5,50.0,10,Is Liquid Smoke Safe?,0.8,0.8975,1.8867,0.000958,16561
1,I,Combined,1190,50%,0.5,1.5,50.0,10,Does Antioxidant Intake Matter for Stroke and Heart Disease?,1.0,0.9997,1.8344,0.001318,16431
1,I,Combined,1190,50%,0.5,1.5,50.0,10,Does Antioxidant Intake Matter for Cancer?,0.9,0.9386,1.6957,0.000692,16618
1,I,Combined,1190,50%,0.5,1.5,50.0,10,Is buying organic worth it? A review of the science in new DVD,0.9,0.9429,1.6957,6.3e-05,17083
1,I,Combined,1190,50%,0.5,1.5,50.0,10,Orange Aromatherapy for Anxiety,1.0,1.0,2.0253,0.004309,16789
1,I,Combined,1190,50%,0.5,1.5,50.0,10,Food Manufacturers Get to Decide if Their Own Additives Are Safe,1.0,0.9998,1.973,0.00032,16706
1,I,Combined,1190,50%,0.5,1.5,50.0,10,Meat Industry Wins Right to Sell Tainted Meat,0.9,0.9459,1.8867,5.4e-05,19446
1,I,Combined,1190,50%,0.5,1.5,50.0,10,Chicken Salmonella Outbreaks Show Food Safety Systems Failure,0.9,0.9413,2.164,0.00028,17267
1,I,Combined,1190,50%,0.5,1.5,50.0,10,Viral Food Poisoning from Pesticides?,0.9,0.9422,1.6957,0.000656,16185
1,I,Combined,1190,50%,0.5,1.5,50.0,10,The Reversal on Fish Oil,0.8,0.869,2.3026,1.7e-05,16793
1,I,Combined,1190,50%,0.5,1.5,50.0,10,Are Multivitamins Just a Waste of Money?,1.0,0.9998,1.8867,0.000158,16610
1,I,Combined,1190,70%,0.3,1.7,70.0,10,Breast Cancer Cells Feed on Cholesterol,1.0,1.0,1.8344,0.001359,38338
1,I,Combined,1190,70%,0.3,1.7,70.0,10,Using Diet to Treat Asthma and Eczema,0.9,0.9485,1.8867,0.001932,25278
1,I,Combined,1190,70%,0.3,1.7,70.0,10,Treating Asthma With Plants vs. Pills,1.0,0.9999,1.6957,0.002254,20162
1,I,Combined,1190,70%,0.3,1.7,70.0,10,How Fruits and Vegetables Can Treat Asthma,0.9,0.9503,1.8344,0.001722,20473
1,I,Combined,1190,70%,0.3,1.7,70.0,10,How Fruits and Vegetables Can Prevent Asthma,1.0,0.9992,2.0253,0.001003,16954
1,I,Combined,1190,70%,0.3,1.7,70.0,10,Our Tax Dollars Subsidize Unhealthy Foods,1.0,0.9997,2.0253,0.000109,16592
1,I,Combined,1190,70%,0.3,1.7,70.0,10,Reducing Arsenic in Chicken and Rice,1.0,0.9992,1.8867,5.4e-05,16846
1,I,Combined,1190,70%,0.3,1.7,70.0,10,How Contaminated Are Our Children?,1.0,0.9993,1.8344,6.1e-05,18639
1,I,Combined,1190,70%,0.3,1.7,70.0,10,"Blood Type Diet Perceived as ""Crass Fraud""",1.0,0.9999,1.6957,0.000145,18423
1,I,Combined,1190,70%,0.3,1.7,70.0,10,Why Do Heart Doctors Favor Surgery and Drugs Over Diet?,0.8,0.8788,2.0253,0.000212,18120
1,I,Combined,1190,70%,0.3,1.7,70.0,10,Phytates in Beans: Anti-Nutrient or Anti-Cancer?,0.8,0.8884,2.0253,0.000408,18131
1,I,Combined,1190,70%,0.3,1.7,70.0,10,How Phytates Fight Cancer Cells,0.8,0.8744,2.164,4.9e-05,18412
1,I,Combined,1190,70%,0.3,1.7,70.0,10,Colon Cancer Prevention: Is it the Fiber or the Phytates?,1.0,0.9996,2.0253,0.000614,17284
1,I,Combined,1190,70%,0.3,1.7,70.0,10,Low Carb Diets Found to Feed Heart Disease,0.8,0.8859,2.164,0.000504,16693
1,I,Combined,1190,70%,0.3,1.7,70.0,10,How Curry Can Kill Cancer Cells,1.0,0.9996,2.0253,0.00015,16407
1,I,Combined,1190,70%,0.3,1.7,70.0,10,Testing Turmeric on Smokers,0.8,0.8932,2.0253,0.000564,15922
1,I,Combined,1190,70%,0.3,1.7,70.0,10,Alkylphenol Endocrine Disruptors and Allergies,0.9,0.9388,2.164,0.000221,16674
1,I,Combined,1190,70%,0.3,1.7,70.0,10,Slowing Cognitive Decline with Berries,1.0,1.0,1.8867,0.001005,16765
1,I,Combined,1190,70%,0.3,1.7,70.0,10,What is ‘Meat Glue’?,1.0,1.0,1.8867,0.000182,16672
1,I,Combined,1190,70%,0.3,1.7,70.0,10,Is Liquid Smoke Safe?,0.8,0.8949,1.6957,0.000765,16219
1,I,Combined,1190,70%,0.3,1.7,70.0,10,Does Antioxidant Intake Matter for Stroke and Heart Disease?,0.9,0.9389,1.7481,0.000953,16891
1,I,Combined,1190,70%,0.3,1.7,70.0,10,Does Antioxidant Intake Matter for Cancer?,0.9,0.9438,1.973,0.000593,16743
1,I,Combined,1190,70%,0.3,1.7,70.0,10,Is buying organic worth it? A review of the science in new DVD,0.9,0.9383,2.0253,4.4e-05,16883
1,I,Combined,1190,70%,0.3,1.7,70.0,10,Orange Aromatherapy for Anxiety,0.9,0.9541,2.0253,0.00278,16022
1,I,Combined,1190,70%,0.3,1.7,70.0,10,Food Manufacturers Get to Decide if Their Own Additives Are Safe,0.9,0.9439,1.8867,0.000142,17156
1,I,Combined,1190,70%,0.3,1.7,70.0,10,Meat Industry Wins Right to Sell Tainted Meat,0.9,0.9457,1.8867,5.1e-05,18035
1,I,Combined,1190,70%,0.3,1.7,70.0,10,Chicken Salmonella Outbreaks Show Food Safety Systems Failure,0.8,0.8771,2.164,9.6e-05,17851
1,I,Combined,1190,70%,0.3,1.7,70.0,10,Viral Food Poisoning from Pesticides?,0.9,0.943,2.0253,0.000377,16631
1,I,Combined,1190,70%,0.3,1.7,70.0,10,The Reversal on Fish Oil,0.9,0.9297,2.164,1.2e-05,15378
1,I,Combined,1190,70%,0.3,1.7,70.0,10,Are Multivitamins Just a Waste of Money?,0.9,0.9399,1.8867,0.000131,15422
2,I,Combined,1190,0%,1.0,1.0,0.0,10,Breast Cancer Cells Feed on Cholesterol,1.0,1.0,1.8344,0.002867,38000
2,I,Combined,1190,0%,1.0,1.0,0.0,10,Using Diet to Treat Asthma and Eczema,1.0,1.0,1.6957,0.003962,26954
2,I,Combined,1190,0%,1.0,1.0,0.0,10,Treating Asthma With Plants vs. Pills,1.0,1.0,1.8867,0.005018,20359
2,I,Combined,1190,0%,1.0,1.0,0.0,10,How Fruits and Vegetables Can Treat Asthma,1.0,1.0,1.8867,0.003889,17873
2,I,Combined,1190,0%,1.0,1.0,0.0,10,How Fruits and Vegetables Can Prevent Asthma,1.0,1.0,1.7481,0.002246,17276
2,I,Combined,1190,0%,1.0,1.0,0.0,10,Our Tax Dollars Subsidize Unhealthy Foods,1.0,1.0,1.8344,0.000264,16732
2,I,Combined,1190,0%,1.0,1.0,0.0,10,Reducing Arsenic in Chicken and Rice,1.0,1.0,1.8344,0.0001,17529
2,I,Combined,1190,0%,1.0,1.0,0.0,10,How Contaminated Are Our Children?,1.0,1.0,2.0253,0.00017,16673
2,I,Combined,1190,0%,1.0,1.0,0.0,10,"Blood Type Diet Perceived as ""Crass Fraud""",1.0,1.0,1.8867,0.00039,15237
2,I,Combined,1190,0%,1.0,1.0,0.0,10,Why Do Heart Doctors Favor Surgery and Drugs Over Diet?,1.0,1.0,1.7481,0.000481,16084
2,I,Combined,1190,0%,1.0,1.0,0.0,10,Phytates in Beans: Anti-Nutrient or Anti-Cancer?,1.0,1.0,1.6094,0.000898,15446
2,I,Combined,1190,0%,1.0,1.0,0.0,10,How Phytates Fight Cancer Cells,1.0,1.0,2.164,8.5e-05,16541
2,I,Combined,1190,0%,1.0,1.0,0.0,10,Colon Cancer Prevention: Is it the Fiber or the Phytates?,1.0,1.0,2.0253,0.001258,16395
2,I,Combined,1190,0%,1.0,1.0,0.0,10,Low Carb Diets Found to Feed Heart Disease,1.0,1.0,2.164,0.000777,16600
2,I,Combined,1190,0%,1.0,1.0,0.0,10,How Curry Can Kill Cancer Cells,1.0,1.0,1.8344,0.000263,16882
2,I,Combined,1190,0%,1.0,1.0,0.0,10,Testing Turmeric on Smokers,1.0,1.0,2.164,0.001032,15693
2,I,Combined,1190,0%,1.0,1.0,0.0,10,Alkylphenol Endocrine Disruptors and Allergies,1.0,1.0,2.0253,0.000472,16540
2,I,Combined,1190,0%,1.0,1.0,0.0,10,Slowing Cognitive Decline with Berries,1.0,1.0,1.8867,0.001869,16552
2,I,Combined,1190,0%,1.0,1.0,0.0,10,What is ‘Meat Glue’?,1.0,1.0,2.164,0.000285,16177
2,I,Combined,1190,0%,1.0,1.0,0.0,10,Is Liquid Smoke Safe?,1.0,1.0,1.8867,0.001226,15354
2,I,Combined,1190,0%,1.0,1.0,0.0,10,Does Antioxidant Intake Matter for Stroke and Heart Disease?,1.0,1.0,1.6434,0.002092,16930
2,I,Combined,1190,0%,1.0,1.0,0.0,10,Does Antioxidant Intake Matter for Cancer?,1.0,1.0,1.8344,0.001094,17245
2,I,Combined,1190,0%,1.0,1.0,0.0,10,Is buying organic worth it? A review of the science in new DVD,1.0,1.0,2.3026,9.9e-05,17459
2,I,Combined,1190,0%,1.0,1.0,0.0,10,Orange Aromatherapy for Anxiety,1.0,1.0,2.0253,0.006857,16595
2,I,Combined,1190,0%,1.0,1.0,0.0,10,Food Manufacturers Get to Decide if Their Own Additives Are Safe,1.0,1.0,2.164,0.000376,17166
2,I,Combined,1190,0%,1.0,1.0,0.0,10,Meat Industry Wins Right to Sell Tainted Meat,1.0,1.0,2.0253,9.1e-05,17346
2,I,Combined,1190,0%,1.0,1.0,0.0,10,Chicken Salmonella Outbreaks Show Food Safety Systems Failure,1.0,1.0,2.0253,0.000323,16257
2,I,Combined,1190,0%,1.0,1.0,0.0,10,Viral Food Poisoning from Pesticides?,1.0,1.0,1.8344,0.000857,16786
2,I,Combined,1190,0%,1.0,1.0,0.0,10,The Reversal on Fish Oil,1.0,1.0,1.6957,2.9e-05,16100
2,I,Combined,1190,0%,1.0,1.0,0.0,10,Are Multivitamins Just a Waste of Money?,1.0,1.0,2.0253,0.000249,16384
2,I,Combined,1190,1%,0.99,1.01,1.0,10,Breast Cancer Cells Feed on Cholesterol,1.0,1.0,1.8344,0.002869,36862
2,I,Combined,1190,1%,0.99,1.01,1.0,10,Using Diet to Treat Asthma and Eczema,1.0,1.0,1.6957,0.003959,19388
2,I,Combined,1190,1%,0.99,1.01,1.0,10,Treating Asthma With Plants vs. Pills,1.0,1.0,1.8867,0.005006,17646
2,I,Combined,1190,1%,0.99,1.01,1.0,10,How Fruits and Vegetables Can Treat Asthma,1.0,1.0,2.0253,0.003884,16539
2,I,Combined,1190,1%,0.99,1.01,1.0,10,How Fruits and Vegetables Can Prevent Asthma,1.0,1.0,1.8867,0.002245,16949
2,I,Combined,1190,1%,0.99,1.01,1.0,10,Our Tax Dollars Subsidize Unhealthy Foods,1.0,1.0,1.8344,0.000264,17011
2,I,Combined,1190,1%,0.99,1.01,1.0,10,Reducing Arsenic in Chicken and Rice,1.0,1.0,1.8344,0.0001,17129
2,I,Combined,1190,1%,0.99,1.01,1.0,10,How Contaminated Are Our Children?,1.0,1.0,2.0253,0.000171,16308
2,I,Combined,1190,1%,0.99,1.01,1.0,10,"Blood Type Diet Perceived as ""Crass Fraud""",1.0,1.0,1.8867,0.000391,16117
2,I,Combined,1190,1%,0.99,1.01,1.0,10,Why Do Heart Doctors Favor Surgery and Drugs Over Diet?,1.0,1.0,1.7481,0.000476,16096
2,I,Combined,1190,1%,0.99,1.01,1.0,10,Phytates in Beans: Anti-Nutrient or Anti-Cancer?,1.0,1.0,1.6094,0.0009,16399
2,I,Combined,1190,1%,0.99,1.01,1.0,10,How Phytates Fight Cancer Cells,1.0,1.0,2.164,8.7e-05,16605
2,I,Combined,1190,1%,0.99,1.01,1.0,10,Colon Cancer Prevention: Is it the Fiber or the Phytates?,1.0,1.0,2.0253,0.001261,16541
2,I,Combined,1190,1%,0.99,1.01,1.0,10,Low Carb Diets Found to Feed Heart Disease,1.0,1.0,2.164,0.000774,17449
2,I,Combined,1190,1%,0.99,1.01,1.0,10,How Curry Can Kill Cancer Cells,1.0,1.0,1.8344,0.000263,16193
2,I,Combined,1190,1%,0.99,1.01,1.0,10,Testing Turmeric on Smokers,1.0,1.0,2.164,0.001029,16098
2,I,Combined,1190,1%,0.99,1.01,1.0,10,Alkylphenol Endocrine Disruptors and Allergies,1.0,1.0,2.0253,0.000472,16587
2,I,Combined,1190,1%,0.99,1.01,1.0,10,Slowing Cognitive Decline with Berries,1.0,1.0,1.8867,0.001869,16277
2,I,Combined,1190,1%,0.99,1.01,1.0,10,What is ‘Meat Glue’?,1.0,1.0,2.0253,0.000285,14851
2,I,Combined,1190,1%,0.99,1.01,1.0,10,Is Liquid Smoke Safe?,1.0,1.0,1.8867,0.00122,17411
2,I,Combined,1190,1%,0.99,1.01,1.0,10,Does Antioxidant Intake Matter for Stroke and Heart Disease?,1.0,1.0,1.6434,0.002084,17323
2,I,Combined,1190,1%,0.99,1.01,1.0,10,Does Antioxidant Intake Matter for Cancer?,0.9,0.9439,1.8344,0.001098,16533
2,I,Combined,1190,1%,0.99,1.01,1.0,10,Is buying organic worth it? A review of the science in new DVD,1.0,1.0,2.3026,0.0001,17003
2,I,Combined,1190,1%,0.99,1.01,1.0,10,Orange Aromatherapy for Anxiety,1.0,1.0,2.0253,0.00685,16811
2,I,Combined,1190,1%,0.99,1.01,1.0,10,Food Manufacturers Get to Decide if Their Own Additives Are Safe,1.0,1.0,2.164,0.000376,15985
2,I,Combined,1190,1%,0.99,1.01,1.0,10,Meat Industry Wins Right to Sell Tainted Meat,1.0,1.0,2.0253,9.1e-05,15876
2,I,Combined,1190,1%,0.99,1.01,1.0,10,Chicken Salmonella Outbreaks Show Food Safety Systems Failure,1.0,1.0,2.0253,0.000323,15666
2,I,Combined,1190,1%,0.99,1.01,1.0,10,Viral Food Poisoning from Pesticides?,1.0,1.0,1.8344,0.000856,16352
2,I,Combined,1190,1%,0.99,1.01,1.0,10,The Reversal on Fish Oil,1.0,1.0,1.6957,2.9e-05,14333
2,I,Combined,1190,1%,0.99,1.01,1.0,10,Are Multivitamins Just a Waste of Money?,1.0,1.0,2.0253,0.000248,15797
2,I,Combined,1190,10%,0.9,1.1,10.0,10,Breast Cancer Cells Feed on Cholesterol,1.0,1.0,1.8344,0.002765,35375
2,I,Combined,1190,10%,0.9,1.1,10.0,10,Using Diet to Treat Asthma and Eczema,1.0,1.0,1.6957,0.003844,26181
2,I,Combined,1190,10%,0.9,1.1,10.0,10,Treating Asthma With Plants vs. Pills,1.0,1.0,1.8867,0.004829,19829
2,I,Combined,1190,10%,0.9,1.1,10.0,10,How Fruits and Vegetables Can Treat Asthma,1.0,1.0,1.8344,0.003744,16591
2,I,Combined,1190,10%,0.9,1.1,10.0,10,How Fruits and Vegetables Can Prevent Asthma,1.0,1.0,1.7481,0.002157,16850
2,I,Combined,1190,10%,0.9,1.1,10.0,10,Our Tax Dollars Subsidize Unhealthy Foods,1.0,1.0,1.8344,0.000272,17445
2,I,Combined,1190,10%,0.9,1.1,10.0,10,Reducing Arsenic in Chicken and Rice,1.0,1.0,2.0253,9.7e-05,16770
2,I,Combined,1190,10%,0.9,1.1,10.0,10,How Contaminated Are Our Children?,1.0,1.0,2.0253,0.000157,16814
2,I,Combined,1190,10%,0.9,1.1,10.0,10,"Blood Type Diet Perceived as ""Crass Fraud""",1.0,1.0,1.8867,0.000378,16742
2,I,Combined,1190,10%,0.9,1.1,10.0,10,Why Do Heart Doctors Favor Surgery and Drugs Over Diet?,1.0,1.0,2.164,0.000483,17444
2,I,Combined,1190,10%,0.9,1.1,10.0,10,Phytates in Beans: Anti-Nutrient or Anti-Cancer?,1.0,1.0,1.6094,0.000862,16868
2,I,Combined,1190,10%,0.9,1.1,10.0,10,How Phytates Fight Cancer Cells,0.9,0.9398,1.8344,8.3e-05,16862
2,I,Combined,1190,10%,0.9,1.1,10.0,10,Colon Cancer Prevention: Is it the Fiber or the Phytates?,1.0,1.0,2.0253,0.001212,16893
2,I,Combined,1190,10%,0.9,1.1,10.0,10,Low Carb Diets Found to Feed Heart Disease,1.0,1.0,2.0253,0.000756,16713
2,I,Combined,1190,10%,0.9,1.1,10.0,10,How Curry Can Kill Cancer Cells,1.0,1.0,1.8867,0.000274,16817
2,I,Combined,1190,10%,0.9,1.1,10.0,10,Testing Turmeric on Smokers,0.9,0.9485,2.0253,0.001043,16472
2,I,Combined,1190,10%,0.9,1.1,10.0,10,Alkylphenol Endocrine Disruptors and Allergies,1.0,1.0,2.0253,0.000417,18888
2,I,Combined,1190,10%,0.9,1.1,10.0,10,Slowing Cognitive Decline with Berries,1.0,1.0,1.8867,0.001853,16000
2,I,Combined,1190,10%,0.9,1.1,10.0,10,What is ‘Meat Glue’?,1.0,1.0,1.8867,0.000284,17119
2,I,Combined,1190,10%,0.9,1.1,10.0,10,Is Liquid Smoke Safe?,0.9,0.9499,2.0253,0.001184,16401
2,I,Combined,1190,10%,0.9,1.1,10.0,10,Does Antioxidant Intake Matter for Stroke and Heart Disease?,1.0,1.0,1.6434,0.002099,16526
2,I,Combined,1190,10%,0.9,1.1,10.0,10,Does Antioxidant Intake Matter for Cancer?,0.9,0.9439,1.6094,0.001079,16722
2,I,Combined,1190,10%,0.9,1.1,10.0,10,Is buying organic worth it? A review of the science in new DVD,1.0,0.9999,2.3026,0.0001,17087
2,I,Combined,1190,10%,0.9,1.1,10.0,10,Orange Aromatherapy for Anxiety,0.9,0.9559,2.0253,0.006615,17461
2,I,Combined,1190,10%,0.9,1.1,10.0,10,Food Manufacturers Get to Decide if Their Own Additives Are Safe,1.0,1.0,2.164,0.000394,17800
2,I,Combined,1190,10%,0.9,1.1,10.0,10,Meat Industry Wins Right to Sell Tainted Meat,1.0,1.0,2.0253,8.8e-05,17183
2,I,Combined,1190,10%,0.9,1.1,10.0,10,Chicken Salmonella Outbreaks Show Food Safety Systems Failure,1.0,1.0,2.0253,0.000325,16612
2,I,Combined,1190,10%,0.9,1.1,10.0,10,Viral Food Poisoning from Pesticides?,1.0,1.0,1.8344,0.000842,16724
2,I,Combined,1190,10%,0.9,1.1,10.0,10,The Reversal on Fish Oil,1.0,1.0,1.8344,2.8e-05,16338
2,I,Combined,1190,10%,0.9,1.1,10.0,10,Are Multivitamins Just a Waste of Money?,1.0,1.0,2.0253,0.000239,17302
2,I,Combined,1190,30%,0.7,1.3,30.0,10,Breast Cancer Cells Feed on Cholesterol,1.0,0.9995,1.6434,0.002499,37565
2,I,Combined,1190,30%,0.7,1.3,30.0,10,Using Diet to Treat Asthma and Eczema,0.9,0.951,1.8344,0.003311,26640
2,I,Combined,1190,30%,0.7,1.3,30.0,10,Treating Asthma With Plants vs. Pills,1.0,0.9998,1.6957,0.004599,19170
2,I,Combined,1190,30%,0.7,1.3,30.0,10,How Fruits and Vegetables Can Treat Asthma,1.0,1.0,1.8344,0.003515,17139
2,I,Combined,1190,30%,0.7,1.3,30.0,10,How Fruits and Vegetables Can Prevent Asthma,1.0,1.0,2.0253,0.002121,16659
2,I,Combined,1190,30%,0.7,1.3,30.0,10,Our Tax Dollars Subsidize Unhealthy Foods,1.0,0.9999,1.8867,0.00025,16403
2,I,Combined,1190,30%,0.7,1.3,30.0,10,Reducing Arsenic in Chicken and Rice,1.0,0.9999,1.973,9.4e-05,18214
2,I,Combined,1190,30%,0.7,1.3,30.0,10,How Contaminated Are Our Children?,0.9,0.9412,2.0253,0.000186,17167
2,I,Combined,1190,30%,0.7,1.3,30.0,10,"Blood Type Diet Perceived as ""Crass Fraud""",1.0,1.0,2.0253,0.000359,15928
2,I,Combined,1190,30%,0.7,1.3,30.0,10,Why Do Heart Doctors Favor Surgery and Drugs Over Diet?,1.0,1.0,2.0253,0.000369,16490
2,I,Combined,1190,30%,0.7,1.3,30.0,10,Phytates in Beans: Anti-Nutrient or Anti-Cancer?,1.0,0.9999,1.8344,0.000788,16919
2,I,Combined,1190,30%,0.7,1.3,30.0,10,How Phytates Fight Cancer Cells,0.9,0.9405,2.0253,6.3e-05,17002
2,I,Combined,1190,30%,0.7,1.3,30.0,10,Colon Cancer Prevention: Is it the Fiber or the Phytates?,1.0,0.9999,2.0253,0.00126,15442
2,I,Combined,1190,30%,0.7,1.3,30.0,10,Low Carb Diets Found to Feed Heart Disease,0.9,0.9448,2.164,0.000561,15778
2,I,Combined,1190,30%,0.7,1.3,30.0,10,How Curry Can Kill Cancer Cells,0.9,0.9416,1.6957,0.000233,15553
2,I,Combined,1190,30%,0.7,1.3,30.0,10,Testing Turmeric on Smokers,1.0,1.0,2.0253,0.00087,15702
2,I,Combined,1190,30%,0.7,1.3,30.0,10,Alkylphenol Endocrine Disruptors and Allergies,1.0,0.9997,2.0253,0.000378,15741
2,I,Combined,1190,30%,0.7,1.3,30.0,10,Slowing Cognitive Decline with Berries,0.9,0.9477,2.0253,0.001624,24525
2,I,Combined,1190,30%,0.7,1.3,30.0,10,What is ‘Meat Glue’?,0.9,0.9486,2.0253,0.00027,19127
2,I,Combined,1190,30%,0.7,1.3,30.0,10,Is Liquid Smoke Safe?,0.9,0.9496,1.8867,0.001109,16808
2,I,Combined,1190,30%,0.7,1.3,30.0,10,Does Antioxidant Intake Matter for Stroke and Heart Disease?,0.9,0.9453,1.6434,0.001702,17366
2,I,Combined,1190,30%,0.7,1.3,30.0,10,Does Antioxidant Intake Matter for Cancer?,0.9,0.9437,1.973,0.000982,16916
2,I,Combined,1190,30%,0.7,1.3,30.0,10,Is buying organic worth it? A review of the science in new DVD,0.9,0.945,2.0253,8.9e-05,17043
2,I,Combined,1190,30%,0.7,1.3,30.0,10,Orange Aromatherapy for Anxiety,1.0,1.0,2.164,0.00633,16810
2,I,Combined,1190,30%,0.7,1.3,30.0,10,Food Manufacturers Get to Decide if Their Own Additives Are Safe,1.0,0.9999,2.0253,0.000317,16360
2,I,Combined,1190,30%,0.7,1.3,30.0,10,Meat Industry Wins Right to Sell Tainted Meat,0.9,0.9462,2.3026,7.1e-05,16962
2,I,Combined,1190,30%,0.7,1.3,30.0,10,Chicken Salmonella Outbreaks Show Food Safety Systems Failure,0.9,0.9407,2.0253,0.000302,16254
2,I,Combined,1190,30%,0.7,1.3,30.0,10,Viral Food Poisoning from Pesticides?,1.0,0.9992,2.0253,0.000819,16801
2,I,Combined,1190,30%,0.7,1.3,30.0,10,The Reversal on Fish Oil,0.9,0.9292,1.8867,2.9e-05,16414
2,I,Combined,1190,30%,0.7,1.3,30.0,10,Are Multivitamins Just a Waste of Money?,1.0,1.0,2.0253,0.000198,16510
2,I,Combined,1190,50%,0.5,1.5,50.0,10,Breast Cancer Cells Feed on Cholesterol,1.0,0.9979,2.0253,0.002308,37855
2,I,Combined,1190,50%,0.5,1.5,50.0,10,Using Diet to Treat Asthma and Eczema,0.9,0.951,1.8867,0.002706,24552
2,I,Combined,1190,50%,0.5,1.5,50.0,10,Treating Asthma With Plants vs. Pills,1.0,0.9998,1.8867,0.003656,21366
2,I,Combined,1190,50%,0.5,1.5,50.0,10,How Fruits and Vegetables Can Treat Asthma,1.0,0.9998,1.8344,0.002862,18856
2,I,Combined,1190,50%,0.5,1.5,50.0,10,How Fruits and Vegetables Can Prevent Asthma,1.0,1.0,2.164,0.001767,17047
2,I,Combined,1190,50%,0.5,1.5,50.0,10,Our Tax Dollars Subsidize Unhealthy Foods,0.9,0.9444,2.164,0.000186,17587
2,I,Combined,1190,50%,0.5,1.5,50.0,10,Reducing Arsenic in Chicken and Rice,0.9,0.9414,1.8344,0.0001,20160
2,I,Combined,1190,50%,0.5,1.5,50.0,10,How Contaminated Are Our Children?,1.0,0.9997,1.8867,0.000148,16993
2,I,Combined,1190,50%,0.5,1.5,50.0,10,"Blood Type Diet Perceived as ""Crass Fraud""",0.9,0.9416,1.8344,0.000281,16409
2,I,Combined,1190,50%,0.5,1.5,50.0,10,Why Do Heart Doctors Favor Surgery and Drugs Over Diet?,1.0,0.9999,2.0253,0.000267,17387
2,I,Combined,1190,50%,0.5,1.5,50.0,10,Phytates in Beans: Anti-Nutrient or Anti-Cancer?,1.0,0.9997,2.0253,0.000543,16583
2,I,Combined,1190,50%,0.5,1.5,50.0,10,How Phytates Fight Cancer Cells,0.8,0.8756,1.5571,6.5e-05,15939
2,I,Combined,1190,50%,0.5,1.5,50.0,10,Colon Cancer Prevention: Is it the Fiber or the Phytates?,1.0,0.9996,2.164,0.000709,16950
2,I,Combined,1190,50%,0.5,1.5,50.0,10,Low Carb Diets Found to Feed Heart Disease,0.9,0.944,2.164,0.000464,16806
2,I,Combined,1190,50%,0.5,1.5,50.0,10,How Curry Can Kill Cancer Cells,1.0,0.9988,1.8867,0.000192,17019
2,I,Combined,1190,50%,0.5,1.5,50.0,10,Testing Turmeric on Smokers,1.0,1.0,2.0253,0.000688,16321
2,I,Combined,1190,50%,0.5,1.5,50.0,10,Alkylphenol Endocrine Disruptors and Allergies,1.0,0.9991,1.8344,0.000221,16294
2,I,Combined,1190,50%,0.5,1.5,50.0,10,Slowing Cognitive Decline with Berries,0.9,0.9475,2.0253,0.001318,16908
2,I,Combined,1190,50%,0.5,1.5,50.0,10,What is ‘Meat Glue’?,0.9,0.9483,2.0253,0.000235,16637
2,I,Combined,1190,50%,0.5,1.5,50.0,10,Is Liquid Smoke Safe?,0.9,0.9478,2.0253,0.000749,16015
2,I,Combined,1190,50%,0.5,1.5,50.0,10,Does Antioxidant Intake Matter for Stroke and Heart Disease?,0.9,0.9455,1.6094,0.001404,16545
2,I,Combined,1190,50%,0.5,1.5,50.0,10,Does Antioxidant Intake Matter for Cancer?,1.0,0.9992,1.8344,0.000656,16458
2,I,Combined,1190,50%,0.5,1.5,50.0,10,Is buying organic worth it? A review of the science in new DVD,0.9,0.945,2.3026,8e-05,16557
2,I,Combined,1190,50%,0.5,1.5,50.0,10,Orange Aromatherapy for Anxiety,0.9,0.9556,2.0253,0.005039,17316
2,I,Combined,1190,50%,0.5,1.5,50.0,10,Food Manufacturers Get to Decide if Their Own Additives Are Safe,0.9,0.944,1.973,0.000297,16823
2,I,Combined,1190,50%,0.5,1.5,50.0,10,Meat Industry Wins Right to Sell Tainted Meat,1.0,0.9999,1.6957,6.3e-05,17137
2,I,Combined,1190,50%,0.5,1.5,50.0,10,Chicken Salmonella Outbreaks Show Food Safety Systems Failure,0.9,0.9428,2.0253,0.000159,16717
2,I,Combined,1190,50%,0.5,1.5,50.0,10,Viral Food Poisoning from Pesticides?,1.0,0.9991,1.8867,0.000608,17455
2,I,Combined,1190,50%,0.5,1.5,50.0,10,The Reversal on Fish Oil,0.9,0.907,2.0253,1.8e-05,16072
2,I,Combined,1190,50%,0.5,1.5,50.0,10,Are Multivitamins Just a Waste of Money?,1.0,0.9997,2.164,0.000179,16229
2,I,Combined,1190,70%,0.3,1.7,70.0,10,Breast Cancer Cells Feed on Cholesterol,0.9,0.9509,2.164,0.001382,37976
2,I,Combined,1190,70%,0.3,1.7,70.0,10,Using Diet to Treat Asthma and Eczema,0.9,0.9507,2.164,0.002341,26117
2,I,Combined,1190,70%,0.3,1.7,70.0,10,Treating Asthma With Plants vs. Pills,0.9,0.9473,1.6957,0.00262,21009
2,I,Combined,1190,70%,0.3,1.7,70.0,10,How Fruits and Vegetables Can Treat Asthma,1.0,0.9997,1.6957,0.001715,17282
2,I,Combined,1190,70%,0.3,1.7,70.0,10,How Fruits and Vegetables Can Prevent Asthma,1.0,0.9983,1.8867,0.001032,16666
2,I,Combined,1190,70%,0.3,1.7,70.0,10,Our Tax Dollars Subsidize Unhealthy Foods,0.9,0.9441,1.8344,0.00013,17122
2,I,Combined,1190,70%,0.3,1.7,70.0,10,Reducing Arsenic in Chicken and Rice,1.0,0.9994,2.164,7.1e-05,17705
2,I,Combined,1190,70%,0.3,1.7,70.0,10,How Contaminated Are Our Children?,1.0,0.9982,1.6957,4.6e-05,16665
2,I,Combined,1190,70%,0.3,1.7,70.0,10,"Blood Type Diet Perceived as ""Crass Fraud""",0.9,0.9395,2.164,0.00015,16001
2,I,Combined,1190,70%,0.3,1.7,70.0,10,Why Do Heart Doctors Favor Surgery and Drugs Over Diet?,0.9,0.9366,1.7481,0.000332,17082
2,I,Combined,1190,70%,0.3,1.7,70.0,10,Phytates in Beans: Anti-Nutrient or Anti-Cancer?,0.8,0.8832,1.4979,0.000429,17233
2,I,Combined,1190,70%,0.3,1.7,70.0,10,How Phytates Fight Cancer Cells,0.9,0.9403,2.164,5.5e-05,19480
2,I,Combined,1190,70%,0.3,1.7,70.0,10,Colon Cancer Prevention: Is it the Fiber or the Phytates?,1.0,0.9997,2.0253,0.00069,17205
2,I,Combined,1190,70%,0.3,1.7,70.0,10,Low Carb Diets Found to Feed Heart Disease,0.9,0.9426,2.0253,0.000457,15518
2,I,Combined,1190,70%,0.3,1.7,70.0,10,How Curry Can Kill Cancer Cells,0.9,0.9415,2.0253,0.000191,15377
2,I,Combined,1190,70%,0.3,1.7,70.0,10,Testing Turmeric on Smokers,0.9,0.9463,2.0253,0.000615,16351
2,I,Combined,1190,70%,0.3,1.7,70.0,10,Alkylphenol Endocrine Disruptors and Allergies,0.9,0.9415,2.0253,0.000154,15886
2,I,Combined,1190,70%,0.3,1.7,70.0,10,Slowing Cognitive Decline with Berries,0.9,0.9473,2.0253,0.000864,15654
2,I,Combined,1190,70%,0.3,1.7,70.0,10,What is ‘Meat Glue’?,1.0,0.9983,1.7481,0.000137,15620
2,I,Combined,1190,70%,0.3,1.7,70.0,10,Is Liquid Smoke Safe?,1.0,0.998,1.6957,0.000609,15736
2,I,Combined,1190,70%,0.3,1.7,70.0,10,Does Antioxidant Intake Matter for Stroke and Heart Disease?,0.9,0.9389,1.8344,0.001153,17104
2,I,Combined,1190,70%,0.3,1.7,70.0,10,Does Antioxidant Intake Matter for Cancer?,0.8,0.871,2.0253,0.000635,16749
2,I,Combined,1190,70%,0.3,1.7,70.0,10,Is buying organic worth it? A review of the science in new DVD,0.9,0.9445,2.164,4.5e-05,17576
2,I,Combined,1190,70%,0.3,1.7,70.0,10,Orange Aromatherapy for Anxiety,1.0,0.9998,1.8867,0.003007,17518
2,I,Combined,1190,70%,0.3,1.7,70.0,10,Food Manufacturers Get to Decide if Their Own Additives Are Safe,0.9,0.9394,2.0253,0.000195,17099
2,I,Combined,1190,70%,0.3,1.7,70.0,10,Meat Industry Wins Right to Sell Tainted Meat,0.9,0.946,2.164,5.1e-05,17322
2,I,Combined,1190,70%,0.3,1.7,70.0,10,Chicken Salmonella Outbreaks Show Food Safety Systems Failure,0.9,0.9423,1.8867,0.000209,16934
2,I,Combined,1190,70%,0.3,1.7,70.0,10,Viral Food Poisoning from Pesticides?,0.9,0.9444,2.164,0.000285,17701
2,I,Combined,1190,70%,0.3,1.7,70.0,10,The Reversal on Fish Oil,0.9,0.9322,1.8344,2e-05,16762
2,I,Combined,1190,70%,0.3,1.7,70.0,10,Are Multivitamins Just a Waste of Money?,0.9,0.9424,2.164,9.3e-05,17576
3,I,Combined,1190,0%,1.0,1.0,0.0,10,Breast Cancer Cells Feed on Cholesterol,1.0,1.0,1.8344,0.002867,38962
3,I,Combined,1190,0%,1.0,1.0,0.0,10,Using Diet to Treat Asthma and Eczema,1.0,1.0,1.6957,0.003962,26559
3,I,Combined,1190,0%,1.0,1.0,0.0,10,Treating Asthma With Plants vs. Pills,1.0,1.0,1.8867,0.005018,20097
3,I,Combined,1190,0%,1.0,1.0,0.0,10,How Fruits and Vegetables Can Treat Asthma,1.0,1.0,1.8867,0.003889,16549
3,I,Combined,1190,0%,1.0,1.0,0.0,10,How Fruits and Vegetables Can Prevent Asthma,1.0,1.0,1.7481,0.002246,16835
3,I,Combined,1190,0%,1.0,1.0,0.0,10,Our Tax Dollars Subsidize Unhealthy Foods,1.0,1.0,1.8344,0.000264,16053
3,I,Combined,1190,0%,1.0,1.0,0.0,10,Reducing Arsenic in Chicken and Rice,1.0,1.0,1.8344,0.0001,17827
3,I,Combined,1190,0%,1.0,1.0,0.0,10,How Contaminated Are Our Children?,1.0,1.0,2.0253,0.00017,17401
3,I,Combined,1190,0%,1.0,1.0,0.0,10,"Blood Type Diet Perceived as ""Crass Fraud""",1.0,1.0,1.8867,0.00039,15728
3,I,Combined,1190,0%,1.0,1.0,0.0,10,Why Do Heart Doctors Favor Surgery and Drugs Over Diet?,1.0,1.0,1.7481,0.000481,16986
3,I,Combined,1190,0%,1.0,1.0,0.0,10,Phytates in Beans: Anti-Nutrient or Anti-Cancer?,1.0,1.0,1.6094,0.000898,18415
3,I,Combined,1190,0%,1.0,1.0,0.0,10,How Phytates Fight Cancer Cells,1.0,1.0,2.164,8.5e-05,17497
3,I,Combined,1190,0%,1.0,1.0,0.0,10,Colon Cancer Prevention: Is it the Fiber or the Phytates?,1.0,1.0,2.0253,0.001258,16526
3,I,Combined,1190,0%,1.0,1.0,0.0,10,Low Carb Diets Found to Feed Heart Disease,1.0,1.0,2.164,0.000777,15675
3,I,Combined,1190,0%,1.0,1.0,0.0,10,How Curry Can Kill Cancer Cells,1.0,1.0,1.8344,0.000263,16206
3,I,Combined,1190,0%,1.0,1.0,0.0,10,Testing Turmeric on Smokers,1.0,1.0,2.164,0.001032,16331
3,I,Combined,1190,0%,1.0,1.0,0.0,10,Alkylphenol Endocrine Disruptors and Allergies,1.0,1.0,2.0253,0.000472,17480
3,I,Combined,1190,0%,1.0,1.0,0.0,10,Slowing Cognitive Decline with Berries,1.0,1.0,1.8867,0.001869,18281
3,I,Combined,1190,0%,1.0,1.0,0.0,10,What is ‘Meat Glue’?,1.0,1.0,2.164,0.000285,18136
3,I,Combined,1190,0%,1.0,1.0,0.0,10,Is Liquid Smoke Safe?,1.0,1.0,1.8867,0.001226,24755
3,I,Combined,1190,0%,1.0,1.0,0.0,10,Does Antioxidant Intake Matter for Stroke and Heart Disease?,1.0,1.0,1.6434,0.002092,17308
3,I,Combined,1190,0%,1.0,1.0,0.0,10,Does Antioxidant Intake Matter for Cancer?,1.0,1.0,1.8344,0.001094,16771
3,I,Combined,1190,0%,1.0,1.0,0.0,10,Is buying organic worth it? A review of the science in new DVD,1.0,1.0,2.3026,9.9e-05,16627
3,I,Combined,1190,0%,1.0,1.0,0.0,10,Orange Aromatherapy for Anxiety,1.0,1.0,2.0253,0.006857,16153
3,I,Combined,1190,0%,1.0,1.0,0.0,10,Food Manufacturers Get to Decide if Their Own Additives Are Safe,1.0,1.0,2.164,0.000376,15872
3,I,Combined,1190,0%,1.0,1.0,0.0,10,Meat Industry Wins Right to Sell Tainted Meat,1.0,1.0,2.0253,9.1e-05,17341
3,I,Combined,1190,0%,1.0,1.0,0.0,10,Chicken Salmonella Outbreaks Show Food Safety Systems Failure,1.0,1.0,2.0253,0.000323,15387
3,I,Combined,1190,0%,1.0,1.0,0.0,10,Viral Food Poisoning from Pesticides?,1.0,1.0,1.8344,0.000857,15893
3,I,Combined,1190,0%,1.0,1.0,0.0,10,The Reversal on Fish Oil,1.0,1.0,1.6957,2.9e-05,16653
3,I,Combined,1190,0%,1.0,1.0,0.0,10,Are Multivitamins Just a Waste of Money?,1.0,1.0,2.0253,0.000249,16355
3,I,Combined,1190,1%,0.99,1.01,1.0,10,Breast Cancer Cells Feed on Cholesterol,1.0,1.0,1.8344,0.002864,40447
3,I,Combined,1190,1%,0.99,1.01,1.0,10,Using Diet to Treat Asthma and Eczema,1.0,1.0,1.6957,0.003946,27435
3,I,Combined,1190,1%,0.99,1.01,1.0,10,Treating Asthma With Plants vs. Pills,1.0,1.0,1.8867,0.00503,19772
3,I,Combined,1190,1%,0.99,1.01,1.0,10,How Fruits and Vegetables Can Treat Asthma,1.0,1.0,2.0253,0.003893,17565
3,I,Combined,1190,1%,0.99,1.01,1.0,10,How Fruits and Vegetables Can Prevent Asthma,1.0,1.0,1.7481,0.002248,17653
3,I,Combined,1190,1%,0.99,1.01,1.0,10,Our Tax Dollars Subsidize Unhealthy Foods,1.0,1.0,1.8344,0.000267,18160
3,I,Combined,1190,1%,0.99,1.01,1.0,10,Reducing Arsenic in Chicken and Rice,1.0,1.0,1.8344,0.0001,17453
3,I,Combined,1190,1%,0.99,1.01,1.0,10,How Contaminated Are Our Children?,1.0,1.0,2.0253,0.00017,16547
3,I,Combined,1190,1%,0.99,1.01,1.0,10,"Blood Type Diet Perceived as ""Crass Fraud""",1.0,1.0,1.8867,0.000392,16693
3,I,Combined,1190,1%,0.99,1.01,1.0,10,Why Do Heart Doctors Favor Surgery and Drugs Over Diet?,1.0,1.0,1.7481,0.00048,16963
3,I,Combined,1190,1%,0.99,1.01,1.0,10,Phytates in Beans: Anti-Nutrient or Anti-Cancer?,1.0,1.0,1.6094,0.000899,17385
3,I,Combined,1190,1%,0.99,1.01,1.0,10,How Phytates Fight Cancer Cells,1.0,1.0,2.164,8.5e-05,16854
3,I,Combined,1190,1%,0.99,1.01,1.0,10,Colon Cancer Prevention: Is it the Fiber or the Phytates?,1.0,1.0,2.0253,0.001252,16357
3,I,Combined,1190,1%,0.99,1.01,1.0,10,Low Carb Diets Found to Feed Heart Disease,1.0,1.0,2.164,0.00078,16553
3,I,Combined,1190,1%,0.99,1.01,1.0,10,How Curry Can Kill Cancer Cells,1.0,1.0,1.8344,0.000265,17341
3,I,Combined,1190,1%,0.99,1.01,1.0,10,Testing Turmeric on Smokers,1.0,1.0,2.164,0.001036,16739
3,I,Combined,1190,1%,0.99,1.01,1.0,10,Alkylphenol Endocrine Disruptors and Allergies,1.0,1.0,2.0253,0.000473,18375
3,I,Combined,1190,1%,0.99,1.01,1.0,10,Slowing Cognitive Decline with Berries,1.0,1.0,1.8867,0.001868,15411
3,I,Combined,1190,1%,0.99,1.01,1.0,10,What is ‘Meat Glue’?,1.0,1.0,2.0253,0.000285,16725
3,I,Combined,1190,1%,0.99,1.01,1.0,10,Is Liquid Smoke Safe?,1.0,1.0,1.8867,0.00123,16595
3,I,Combined,1190,1%,0.99,1.01,1.0,10,Does Antioxidant Intake Matter for Stroke and Heart Disease?,1.0,1.0,1.6434,0.002103,16449
3,I,Combined,1190,1%,0.99,1.01,1.0,10,Does Antioxidant Intake Matter for Cancer?,0.9,0.9439,1.8344,0.001089,17307
3,I,Combined,1190,1%,0.99,1.01,1.0,10,Is buying organic worth it? A review of the science in new DVD,1.0,1.0,2.0253,0.0001,17105
3,I,Combined,1190,1%,0.99,1.01,1.0,10,Orange Aromatherapy for Anxiety,1.0,1.0,2.0253,0.006852,16445
3,I,Combined,1190,1%,0.99,1.01,1.0,10,Food Manufacturers Get to Decide if Their Own Additives Are Safe,1.0,1.0,2.164,0.000376,16489
3,I,Combined,1190,1%,0.99,1.01,1.0,10,Meat Industry Wins Right to Sell Tainted Meat,1.0,1.0,2.0253,9.1e-05,16652
3,I,Combined,1190,1%,0.99,1.01,1.0,10,Chicken Salmonella Outbreaks Show Food Safety Systems Failure,1.0,1.0,2.0253,0.000323,17622
3,I,Combined,1190,1%,0.99,1.01,1.0,10,Viral Food Poisoning from Pesticides?,1.0,1.0,1.8344,0.000856,16509
3,I,Combined,1190,1%,0.99,1.01,1.0,10,The Reversal on Fish Oil,1.0,1.0,1.6957,2.9e-05,16877
3,I,Combined,1190,1%,0.99,1.01,1.0,10,Are Multivitamins Just a Waste of Money?,1.0,1.0,2.0253,0.000247,16520
3,I,Combined,1190,10%,0.9,1.1,10.0,10,Breast Cancer Cells Feed on Cholesterol,1.0,1.0,1.8344,0.002829,38373
3,I,Combined,1190,10%,0.9,1.1,10.0,10,Using Diet to Treat Asthma and Eczema,1.0,1.0,1.6957,0.003938,26603
3,I,Combined,1190,10%,0.9,1.1,10.0,10,Treating Asthma With Plants vs. Pills,1.0,1.0,1.8867,0.005067,21062
3,I,Combined,1190,10%,0.9,1.1,10.0,10,How Fruits and Vegetables Can Treat Asthma,1.0,1.0,1.8867,0.003957,16315
3,I,Combined,1190,10%,0.9,1.1,10.0,10,How Fruits and Vegetables Can Prevent Asthma,1.0,1.0,1.7481,0.002301,16366
3,I,Combined,1190,10%,0.9,1.1,10.0,10,Our Tax Dollars Subsidize Unhealthy Foods,1.0,1.0,1.8344,0.000258,16064
3,I,Combined,1190,10%,0.9,1.1,10.0,10,Reducing Arsenic in Chicken and Rice,1.0,1.0,1.8344,9.8e-05,16040
3,I,Combined,1190,10%,0.9,1.1,10.0,10,How Contaminated Are Our Children?,1.0,1.0,1.8867,0.00017,15649
3,I,Combined,1190,10%,0.9,1.1,10.0,10,"Blood Type Diet Perceived as ""Crass Fraud""",1.0,1.0,1.8867,0.00039,16973
3,I,Combined,1190,10%,0.9,1.1,10.0,10,Why Do Heart Doctors Favor Surgery and Drugs Over Diet?,0.9,0.9415,1.4979,0.000475,16642
3,I,Combined,1190,10%,0.9,1.1,10.0,10,Phytates in Beans: Anti-Nutrient or Anti-Cancer?,1.0,1.0,1.7481,0.00087,17542
3,I,Combined,1190,10%,0.9,1.1,10.0,10,How Phytates Fight Cancer Cells,0.9,0.9406,2.164,8.6e-05,17176
3,I,Combined,1190,10%,0.9,1.1,10.0,10,Colon Cancer Prevention: Is it the Fiber or the Phytates?,1.0,1.0,2.0253,0.001212,16507
3,I,Combined,1190,10%,0.9,1.1,10.0,10,Low Carb Diets Found to Feed Heart Disease,0.9,0.9425,2.164,0.00077,16963
3,I,Combined,1190,10%,0.9,1.1,10.0,10,How Curry Can Kill Cancer Cells,1.0,1.0,2.0253,0.000258,17397
3,I,Combined,1190,10%,0.9,1.1,10.0,10,Testing Turmeric on Smokers,0.9,0.9485,2.164,0.001005,16480
3,I,Combined,1190,10%,0.9,1.1,10.0,10,Alkylphenol Endocrine Disruptors and Allergies,1.0,0.9998,2.0253,0.000471,17466
3,I,Combined,1190,10%,0.9,1.1,10.0,10,Slowing Cognitive Decline with Berries,1.0,1.0,1.8867,0.001876,16810
3,I,Combined,1190,10%,0.9,1.1,10.0,10,What is ‘Meat Glue’?,1.0,1.0,2.0253,0.000276,17249
3,I,Combined,1190,10%,0.9,1.1,10.0,10,Is Liquid Smoke Safe?,0.9,0.9499,1.7481,0.00121,16168
3,I,Combined,1190,10%,0.9,1.1,10.0,10,Does Antioxidant Intake Matter for Stroke and Heart Disease?,1.0,1.0,1.8344,0.002172,16764
3,I,Combined,1190,10%,0.9,1.1,10.0,10,Does Antioxidant Intake Matter for Cancer?,0.9,0.9415,1.6957,0.001053,16719
3,I,Combined,1190,10%,0.9,1.1,10.0,10,Is buying organic worth it? A review of the science in new DVD,1.0,1.0,2.164,9.6e-05,17373
3,I,Combined,1190,10%,0.9,1.1,10.0,10,Orange Aromatherapy for Anxiety,1.0,1.0,2.0253,0.006623,16531
3,I,Combined,1190,10%,0.9,1.1,10.0,10,Food Manufacturers Get to Decide if Their Own Additives Are Safe,1.0,1.0,2.164,0.000373,16450
3,I,Combined,1190,10%,0.9,1.1,10.0,10,Meat Industry Wins Right to Sell Tainted Meat,1.0,1.0,2.0253,9.2e-05,16816
3,I,Combined,1190,10%,0.9,1.1,10.0,10,Chicken Salmonella Outbreaks Show Food Safety Systems Failure,1.0,1.0,2.164,0.000312,16370
3,I,Combined,1190,10%,0.9,1.1,10.0,10,Viral Food Poisoning from Pesticides?,1.0,1.0,1.973,0.000872,16987
3,I,Combined,1190,10%,0.9,1.1,10.0,10,The Reversal on Fish Oil,1.0,1.0,1.8867,3.3e-05,17065
3,I,Combined,1190,10%,0.9,1.1,10.0,10,Are Multivitamins Just a Waste of Money?,1.0,1.0,2.0253,0.000242,17029
3,I,Combined,1190,30%,0.7,1.3,30.0,10,Breast Cancer Cells Feed on Cholesterol,1.0,1.0,2.164,0.002672,33981
3,I,Combined,1190,30%,0.7,1.3,30.0,10,Using Diet to Treat Asthma and Eczema,0.8,0.899,2.0253,0.003124,20218
3,I,Combined,1190,30%,0.7,1.3,30.0,10,Treating Asthma With Plants vs. Pills,1.0,0.9999,1.8867,0.004404,19122
3,I,Combined,1190,30%,0.7,1.3,30.0,10,How Fruits and Vegetables Can Treat Asthma,1.0,1.0,2.0253,0.003381,17753
3,I,Combined,1190,30%,0.7,1.3,30.0,10,How Fruits and Vegetables Can Prevent Asthma,1.0,1.0,2.3026,0.002052,17072
3,I,Combined,1190,30%,0.7,1.3,30.0,10,Our Tax Dollars Subsidize Unhealthy Foods,1.0,0.9999,2.164,0.000256,17290
3,I,Combined,1190,30%,0.7,1.3,30.0,10,Reducing Arsenic in Chicken and Rice,0.9,0.9414,2.164,9.9e-05,16802
3,I,Combined,1190,30%,0.7,1.3,30.0,10,How Contaminated Are Our Children?,1.0,0.9985,1.8344,0.000167,16805
3,I,Combined,1190,30%,0.7,1.3,30.0,10,"Blood Type Diet Perceived as ""Crass Fraud""",0.9,0.9396,2.0253,0.000307,16684
3,I,Combined,1190,30%,0.7,1.3,30.0,10,Why Do Heart Doctors Favor Surgery and Drugs Over Diet?,0.9,0.9415,2.0253,0.000525,16811
3,I,Combined,1190,30%,0.7,1.3,30.0,10,Phytates in Beans: Anti-Nutrient or Anti-Cancer?,0.9,0.9456,1.973,0.000799,16809
3,I,Combined,1190,30%,0.7,1.3,30.0,10,How Phytates Fight Cancer Cells,1.0,0.9999,2.0253,6.3e-05,16459
3,I,Combined,1190,30%,0.7,1.3,30.0,10,Colon Cancer Prevention: Is it the Fiber or the Phytates?,1.0,1.0,2.164,0.001206,16453
3,I,Combined,1190,30%,0.7,1.3,30.0,10,Low Carb Diets Found to Feed Heart Disease,1.0,0.9982,1.7481,0.000749,16988
3,I,Combined,1190,30%,0.7,1.3,30.0,10,How Curry Can Kill Cancer Cells,1.0,0.9997,1.973,0.000237,16315
3,I,Combined,1190,30%,0.7,1.3,30.0,10,Testing Turmeric on Smokers,0.9,0.9485,2.3026,0.000921,16652
3,I,Combined,1190,30%,0.7,1.3,30.0,10,Alkylphenol Endocrine Disruptors and Allergies,1.0,0.9998,1.8867,0.000429,16466
3,I,Combined,1190,30%,0.7,1.3,30.0,10,Slowing Cognitive Decline with Berries,0.9,0.9476,1.8867,0.001681,17298
3,I,Combined,1190,30%,0.7,1.3,30.0,10,What is ‘Meat Glue’?,1.0,0.9999,1.8867,0.000253,15905
3,I,Combined,1190,30%,0.7,1.3,30.0,10,Is Liquid Smoke Safe?,0.9,0.9497,1.8867,0.001193,16820
3,I,Combined,1190,30%,0.7,1.3,30.0,10,Does Antioxidant Intake Matter for Stroke and Heart Disease?,1.0,0.9999,1.8344,0.001834,16353
3,I,Combined,1190,30%,0.7,1.3,30.0,10,Does Antioxidant Intake Matter for Cancer?,0.9,0.9387,2.0253,0.001035,16924
3,I,Combined,1190,30%,0.7,1.3,30.0,10,Is buying organic worth it? A review of the science in new DVD,0.9,0.945,1.8867,9.6e-05,17611
3,I,Combined,1190,30%,0.7,1.3,30.0,10,Orange Aromatherapy for Anxiety,1.0,1.0,2.0253,0.006071,17074
3,I,Combined,1190,30%,0.7,1.3,30.0,10,Food Manufacturers Get to Decide if Their Own Additives Are Safe,0.9,0.944,1.8344,0.000299,16852
3,I,Combined,1190,30%,0.7,1.3,30.0,10,Meat Industry Wins Right to Sell Tainted Meat,0.9,0.946,1.8344,8.6e-05,17174
3,I,Combined,1190,30%,0.7,1.3,30.0,10,Chicken Salmonella Outbreaks Show Food Safety Systems Failure,0.8,0.8833,2.0253,0.000274,16971
3,I,Combined,1190,30%,0.7,1.3,30.0,10,Viral Food Poisoning from Pesticides?,1.0,0.9995,1.6434,0.000707,17242
3,I,Combined,1190,30%,0.7,1.3,30.0,10,The Reversal on Fish Oil,1.0,0.9998,1.6957,4.4e-05,17285
3,I,Combined,1190,30%,0.7,1.3,30.0,10,Are Multivitamins Just a Waste of Money?,1.0,1.0,2.164,0.000195,17418
3,I,Combined,1190,50%,0.5,1.5,50.0,10,Breast Cancer Cells Feed on Cholesterol,1.0,1.0,1.973,0.00197,35783
3,I,Combined,1190,50%,0.5,1.5,50.0,10,Using Diet to Treat Asthma and Eczema,0.9,0.95,2.164,0.002788,26974
3,I,Combined,1190,50%,0.5,1.5,50.0,10,Treating Asthma With Plants vs. Pills,1.0,1.0,1.6957,0.00383,24070
3,I,Combined,1190,50%,0.5,1.5,50.0,10,How Fruits and Vegetables Can Treat Asthma,1.0,1.0,2.0253,0.003331,20489
3,I,Combined,1190,50%,0.5,1.5,50.0,10,How Fruits and Vegetables Can Prevent Asthma,1.0,0.9998,2.164,0.002072,16210
3,I,Combined,1190,50%,0.5,1.5,50.0,10,Our Tax Dollars Subsidize Unhealthy Foods,1.0,0.999,2.0253,0.000197,18273
3,I,Combined,1190,50%,0.5,1.5,50.0,10,Reducing Arsenic in Chicken and Rice,1.0,0.9992,1.7481,7.5e-05,17463
3,I,Combined,1190,50%,0.5,1.5,50.0,10,How Contaminated Are Our Children?,0.9,0.9414,2.3026,0.000145,16223
3,I,Combined,1190,50%,0.5,1.5,50.0,10,"Blood Type Diet Perceived as ""Crass Fraud""",1.0,0.9997,1.8344,0.000284,17201
3,I,Combined,1190,50%,0.5,1.5,50.0,10,Why Do Heart Doctors Favor Surgery and Drugs Over Diet?,0.9,0.9412,1.8867,0.000397,17608
3,I,Combined,1190,50%,0.5,1.5,50.0,10,Phytates in Beans: Anti-Nutrient or Anti-Cancer?,0.9,0.9406,1.973,0.000577,17267
3,I,Combined,1190,50%,0.5,1.5,50.0,10,How Phytates Fight Cancer Cells,0.9,0.9394,2.0253,4.8e-05,16500
3,I,Combined,1190,50%,0.5,1.5,50.0,10,Colon Cancer Prevention: Is it the Fiber or the Phytates?,1.0,0.9992,2.0253,0.000959,17062
3,I,Combined,1190,50%,0.5,1.5,50.0,10,Low Carb Diets Found to Feed Heart Disease,0.9,0.9447,2.3026,0.000529,17058
3,I,Combined,1190,50%,0.5,1.5,50.0,10,How Curry Can Kill Cancer Cells,0.9,0.9408,2.164,0.000149,17744
3,I,Combined,1190,50%,0.5,1.5,50.0,10,Testing Turmeric on Smokers,0.9,0.9483,2.164,0.000636,17499
3,I,Combined,1190,50%,0.5,1.5,50.0,10,Alkylphenol Endocrine Disruptors and Allergies,0.9,0.9392,1.8867,0.000372,17226
3,I,Combined,1190,50%,0.5,1.5,50.0,10,Slowing Cognitive Decline with Berries,1.0,1.0,1.8344,0.001434,17518
3,I,Combined,1190,50%,0.5,1.5,50.0,10,What is ‘Meat Glue’?,1.0,0.9999,2.3026,0.000183,15680
3,I,Combined,1190,50%,0.5,1.5,50.0,10,Is Liquid Smoke Safe?,0.8,0.8975,1.8344,0.000873,16222
3,I,Combined,1190,50%,0.5,1.5,50.0,10,Does Antioxidant Intake Matter for Stroke and Heart Disease?,1.0,0.9997,1.5048,0.001624,18652
3,I,Combined,1190,50%,0.5,1.5,50.0,10,Does Antioxidant Intake Matter for Cancer?,1.0,0.9999,2.0253,0.000603,16543
3,I,Combined,1190,50%,0.5,1.5,50.0,10,Is buying organic worth it? A review of the science in new DVD,0.9,0.9446,2.0253,8.5e-05,16176
3,I,Combined,1190,50%,0.5,1.5,50.0,10,Orange Aromatherapy for Anxiety,0.9,0.9558,2.0253,0.005018,16493
3,I,Combined,1190,50%,0.5,1.5,50.0,10,Food Manufacturers Get to Decide if Their Own Additives Are Safe,1.0,0.9998,2.0253,0.000289,16152
3,I,Combined,1190,50%,0.5,1.5,50.0,10,Meat Industry Wins Right to Sell Tainted Meat,1.0,1.0,2.0253,6.9e-05,17156
3,I,Combined,1190,50%,0.5,1.5,50.0,10,Chicken Salmonella Outbreaks Show Food Safety Systems Failure,0.8,0.8783,2.0253,0.000167,16714
3,I,Combined,1190,50%,0.5,1.5,50.0,10,Viral Food Poisoning from Pesticides?,1.0,0.9998,1.8867,0.000664,16857
3,I,Combined,1190,50%,0.5,1.5,50.0,10,The Reversal on Fish Oil,0.9,0.9333,2.0253,2.3e-05,16923
3,I,Combined,1190,50%,0.5,1.5,50.0,10,Are Multivitamins Just a Waste of Money?,1.0,0.9997,2.3026,0.000185,16945
3,I,Combined,1190,70%,0.3,1.7,70.0,10,Breast Cancer Cells Feed on Cholesterol,1.0,1.0,1.8867,0.001359,39230
3,I,Combined,1190,70%,0.3,1.7,70.0,10,Using Diet to Treat Asthma and Eczema,0.9,0.9495,2.164,0.001611,26730
3,I,Combined,1190,70%,0.3,1.7,70.0,10,Treating Asthma With Plants vs. Pills,1.0,0.9989,1.6957,0.002247,19715
3,I,Combined,1190,70%,0.3,1.7,70.0,10,How Fruits and Vegetables Can Treat Asthma,1.0,1.0,1.8867,0.001838,16931
3,I,Combined,1190,70%,0.3,1.7,70.0,10,How Fruits and Vegetables Can Prevent Asthma,1.0,0.9983,2.0253,0.00114,16274
3,I,Combined,1190,70%,0.3,1.7,70.0,10,Our Tax Dollars Subsidize Unhealthy Foods,0.9,0.9414,2.164,0.000157,17180
3,I,Combined,1190,70%,0.3,1.7,70.0,10,Reducing Arsenic in Chicken and Rice,0.9,0.9413,1.8867,5.4e-05,17333
3,I,Combined,1190,70%,0.3,1.7,70.0,10,How Contaminated Are Our Children?,0.8,0.8657,2.164,9.2e-05,17082
3,I,Combined,1190,70%,0.3,1.7,70.0,10,"Blood Type Diet Perceived as ""Crass Fraud""",0.8,0.881,2.0253,0.000302,18834
3,I,Combined,1190,70%,0.3,1.7,70.0,10,Why Do Heart Doctors Favor Surgery and Drugs Over Diet?,0.9,0.9413,2.0253,0.000198,16990
3,I,Combined,1190,70%,0.3,1.7,70.0,10,Phytates in Beans: Anti-Nutrient or Anti-Cancer?,0.7,0.8287,1.8867,0.000344,18387
3,I,Combined,1190,70%,0.3,1.7,70.0,10,How Phytates Fight Cancer Cells,0.9,0.9395,2.164,4.7e-05,17864
3,I,Combined,1190,70%,0.3,1.7,70.0,10,Colon Cancer Prevention: Is it the Fiber or the Phytates?,1.0,0.9996,2.3026,0.000416,17161
3,I,Combined,1190,70%,0.3,1.7,70.0,10,Low Carb Diets Found to Feed Heart Disease,0.8,0.8853,1.7481,0.000311,17506
3,I,Combined,1190,70%,0.3,1.7,70.0,10,How Curry Can Kill Cancer Cells,0.9,0.9389,1.8867,0.000129,17410
3,I,Combined,1190,70%,0.3,1.7,70.0,10,Testing Turmeric on Smokers,0.9,0.9473,2.0253,0.000422,17734
3,I,Combined,1190,70%,0.3,1.7,70.0,10,Alkylphenol Endocrine Disruptors and Allergies,0.9,0.9405,2.0253,0.000171,16475
3,I,Combined,1190,70%,0.3,1.7,70.0,10,Slowing Cognitive Decline with Berries,0.9,0.9477,1.8344,0.000817,17359
3,I,Combined,1190,70%,0.3,1.7,70.0,10,What is ‘Meat Glue’?,1.0,0.9997,1.8344,0.000126,16605
3,I,Combined,1190,70%,0.3,1.7,70.0,10,Is Liquid Smoke Safe?,0.9,0.9477,2.164,0.000534,16976
3,I,Combined,1190,70%,0.3,1.7,70.0,10,Does Antioxidant Intake Matter for Stroke and Heart Disease?,0.9,0.9454,1.4979,0.001061,16707
3,I,Combined,1190,70%,0.3,1.7,70.0,10,Does Antioxidant Intake Matter for Cancer?,0.9,0.9294,2.0253,0.000353,15910
3,I,Combined,1190,70%,0.3,1.7,70.0,10,Is buying organic worth it? A review of the science in new DVD,0.9,0.9429,2.3026,5.1e-05,17529
3,I,Combined,1190,70%,0.3,1.7,70.0,10,Orange Aromatherapy for Anxiety,0.9,0.9553,2.0253,0.002468,18009
3,I,Combined,1190,70%,0.3,1.7,70.0,10,Food Manufacturers Get to Decide if Their Own Additives Are Safe,0.9,0.9375,1.8867,0.000157,17230
3,I,Combined,1190,70%,0.3,1.7,70.0,10,Meat Industry Wins Right to Sell Tainted Meat,0.9,0.9447,1.5048,3.8e-05,16521
3,I,Combined,1190,70%,0.3,1.7,70.0,10,Chicken Salmonella Outbreaks Show Food Safety Systems Failure,0.8,0.8715,1.973,0.000219,17361
3,I,Combined,1190,70%,0.3,1.7,70.0,10,Viral Food Poisoning from Pesticides?,1.0,0.9992,2.164,0.000329,16393
3,I,Combined,1190,70%,0.3,1.7,70.0,10,The Reversal on Fish Oil,0.9,0.9249,1.973,1.4e-05,16529
3,I,Combined,1190,70%,0.3,1.7,70.0,10,Are Multivitamins Just a Waste of Money?,0.9,0.94,2.0253,7.2e-05,15585
4,I,Combined,1190,0%,1.0,1.0,0.0,10,Breast Cancer Cells Feed on Cholesterol,1.0,1.0,1.8344,0.002867,37664
4,I,Combined,1190,0%,1.0,1.0,0.0,10,Using Diet to Treat Asthma and Eczema,1.0,1.0,1.6957,0.003962,26786
4,I,Combined,1190,0%,1.0,1.0,0.0,10,Treating Asthma With Plants vs. Pills,1.0,1.0,1.8867,0.005018,19170
4,I,Combined,1190,0%,1.0,1.0,0.0,10,How Fruits and Vegetables Can Treat Asthma,1.0,1.0,1.8867,0.003889,23526
4,I,Combined,1190,0%,1.0,1.0,0.0,10,How Fruits and Vegetables Can Prevent Asthma,1.0,1.0,1.7481,0.002246,19227
4,I,Combined,1190,0%,1.0,1.0,0.0,10,Our Tax Dollars Subsidize Unhealthy Foods,1.0,1.0,1.8344,0.000264,17426
4,I,Combined,1190,0%,1.0,1.0,0.0,10,Reducing Arsenic in Chicken and Rice,1.0,1.0,1.8344,0.0001,17174
4,I,Combined,1190,0%,1.0,1.0,0.0,10,How Contaminated Are Our Children?,1.0,1.0,2.0253,0.00017,16986
4,I,Combined,1190,0%,1.0,1.0,0.0,10,"Blood Type Diet Perceived as ""Crass Fraud""",1.0,1.0,1.8867,0.00039,16585
4,I,Combined,1190,0%,1.0,1.0,0.0,10,Why Do Heart Doctors Favor Surgery and Drugs Over Diet?,1.0,1.0,1.7481,0.000481,16399
4,I,Combined,1190,0%,1.0,1.0,0.0,10,Phytates in Beans: Anti-Nutrient or Anti-Cancer?,1.0,1.0,1.6094,0.000898,17289
4,I,Combined,1190,0%,1.0,1.0,0.0,10,How Phytates Fight Cancer Cells,1.0,1.0,2.164,8.5e-05,17370
4,I,Combined,1190,0%,1.0,1.0,0.0,10,Colon Cancer Prevention: Is it the Fiber or the Phytates?,1.0,1.0,2.0253,0.001258,17394
4,I,Combined,1190,0%,1.0,1.0,0.0,10,Low Carb Diets Found to Feed Heart Disease,1.0,1.0,2.164,0.000777,16700
4,I,Combined,1190,0%,1.0,1.0,0.0,10,How Curry Can Kill Cancer Cells,1.0,1.0,1.8344,0.000263,16677
4,I,Combined,1190,0%,1.0,1.0,0.0,10,Testing Turmeric on Smokers,1.0,1.0,2.164,0.001032,16278
4,I,Combined,1190,0%,1.0,1.0,0.0,10,Alkylphenol Endocrine Disruptors and Allergies,1.0,1.0,2.0253,0.000472,16757
4,I,Combined,1190,0%,1.0,1.0,0.0,10,Slowing Cognitive Decline with Berries,1.0,1.0,1.8867,0.001869,16848
4,I,Combined,1190,0%,1.0,1.0,0.0,10,What is ‘Meat Glue’?,1.0,1.0,2.164,0.000285,15762
4,I,Combined,1190,0%,1.0,1.0,0.0,10,Is Liquid Smoke Safe?,1.0,1.0,1.8867,0.001226,15333
4,I,Combined,1190,0%,1.0,1.0,0.0,10,Does Antioxidant Intake Matter for Stroke and Heart Disease?,1.0,1.0,1.6434,0.002092,16316
4,I,Combined,1190,0%,1.0,1.0,0.0,10,Does Antioxidant Intake Matter for Cancer?,1.0,1.0,1.8344,0.001094,16765
4,I,Combined,1190,0%,1.0,1.0,0.0,10,Is buying organic worth it? A review of the science in new DVD,1.0,1.0,2.3026,9.9e-05,16608
4,I,Combined,1190,0%,1.0,1.0,0.0,10,Orange Aromatherapy for Anxiety,1.0,1.0,2.0253,0.006857,16194
4,I,Combined,1190,0%,1.0,1.0,0.0,10,Food Manufacturers Get to Decide if Their Own Additives Are Safe,1.0,1.0,2.164,0.000376,17151
4,I,Combined,1190,0%,1.0,1.0,0.0,10,Meat Industry Wins Right to Sell Tainted Meat,1.0,1.0,2.0253,9.1e-05,18118
4,I,Combined,1190,0%,1.0,1.0,0.0,10,Chicken Salmonella Outbreaks Show Food Safety Systems Failure,1.0,1.0,2.0253,0.000323,17148
4,I,Combined,1190,0%,1.0,1.0,0.0,10,Viral Food Poisoning from Pesticides?,1.0,1.0,1.8344,0.000857,16580
4,I,Combined,1190,0%,1.0,1.0,0.0,10,The Reversal on Fish Oil,1.0,1.0,1.6957,2.9e-05,16174
4,I,Combined,1190,0%,1.0,1.0,0.0,10,Are Multivitamins Just a Waste of Money?,1.0,1.0,2.0253,0.000249,15518
4,I,Combined,1190,1%,0.99,1.01,1.0,10,Breast Cancer Cells Feed on Cholesterol,1.0,1.0,1.8344,0.002867,35677
4,I,Combined,1190,1%,0.99,1.01,1.0,10,Using Diet to Treat Asthma and Eczema,1.0,1.0,1.6957,0.003956,23123
4,I,Combined,1190,1%,0.99,1.01,1.0,10,Treating Asthma With Plants vs. Pills,1.0,1.0,1.8867,0.005011,20269
4,I,Combined,1190,1%,0.99,1.01,1.0,10,How Fruits and Vegetables Can Treat Asthma,1.0,1.0,1.8867,0.003883,17745
4,I,Combined,1190,1%,0.99,1.01,1.0,10,How Fruits and Vegetables Can Prevent Asthma,1.0,1.0,1.7481,0.002238,16817
4,I,Combined,1190,1%,0.99,1.01,1.0,10,Our Tax Dollars Subsidize Unhealthy Foods,1.0,1.0,1.8344,0.000264,16931
4,I,Combined,1190,1%,0.99,1.01,1.0,10,Reducing Arsenic in Chicken and Rice,1.0,1.0,1.8344,0.000101,16676
4,I,Combined,1190,1%,0.99,1.01,1.0,10,How Contaminated Are Our Children?,1.0,1.0,2.0253,0.000171,17036
4,I,Combined,1190,1%,0.99,1.01,1.0,10,"Blood Type Diet Perceived as ""Crass Fraud""",1.0,1.0,1.8867,0.000388,16084
4,I,Combined,1190,1%,0.99,1.01,1.0,10,Why Do Heart Doctors Favor Surgery and Drugs Over Diet?,1.0,1.0,1.7481,0.000484,17037
4,I,Combined,1190,1%,0.99,1.01,1.0,10,Phytates in Beans: Anti-Nutrient or Anti-Cancer?,1.0,1.0,1.7481,0.000894,16654
4,I,Combined,1190,1%,0.99,1.01,1.0,10,How Phytates Fight Cancer Cells,1.0,1.0,2.164,8.4e-05,16985
4,I,Combined,1190,1%,0.99,1.01,1.0,10,Colon Cancer Prevention: Is it the Fiber or the Phytates?,1.0,1.0,2.0253,0.001252,17077
4,I,Combined,1190,1%,0.99,1.01,1.0,10,Low Carb Diets Found to Feed Heart Disease,1.0,1.0,2.164,0.000779,17277
4,I,Combined,1190,1%,0.99,1.01,1.0,10,How Curry Can Kill Cancer Cells,1.0,1.0,2.0253,0.000261,16903
4,I,Combined,1190,1%,0.99,1.01,1.0,10,Testing Turmeric on Smokers,1.0,1.0,2.164,0.001034,17283
4,I,Combined,1190,1%,0.99,1.01,1.0,10,Alkylphenol Endocrine Disruptors and Allergies,1.0,1.0,2.0253,0.000473,16530
4,I,Combined,1190,1%,0.99,1.01,1.0,10,Slowing Cognitive Decline with Berries,1.0,1.0,1.8867,0.001869,16296
4,I,Combined,1190,1%,0.99,1.01,1.0,10,What is ‘Meat Glue’?,1.0,1.0,2.0253,0.000285,17642
4,I,Combined,1190,1%,0.99,1.01,1.0,10,Is Liquid Smoke Safe?,0.9,0.9499,1.8867,0.001227,16970
4,I,Combined,1190,1%,0.99,1.01,1.0,10,Does Antioxidant Intake Matter for Stroke and Heart Disease?,1.0,1.0,1.6434,0.002087,17362
4,I,Combined,1190,1%,0.99,1.01,1.0,10,Does Antioxidant Intake Matter for Cancer?,1.0,1.0,1.8344,0.001089,17635
4,I,Combined,1190,1%,0.99,1.01,1.0,10,Is buying organic worth it? A review of the science in new DVD,1.0,1.0,2.164,9.9e-05,17142
4,I,Combined,1190,1%,0.99,1.01,1.0,10,Orange Aromatherapy for Anxiety,1.0,1.0,2.0253,0.006853,17638
4,I,Combined,1190,1%,0.99,1.01,1.0,10,Food Manufacturers Get to Decide if Their Own Additives Are Safe,1.0,1.0,2.164,0.000377,17681
4,I,Combined,1190,1%,0.99,1.01,1.0,10,Meat Industry Wins Right to Sell Tainted Meat,1.0,1.0,2.0253,9.1e-05,16554
4,I,Combined,1190,1%,0.99,1.01,1.0,10,Chicken Salmonella Outbreaks Show Food Safety Systems Failure,1.0,1.0,2.0253,0.000322,16306
4,I,Combined,1190,1%,0.99,1.01,1.0,10,Viral Food Poisoning from Pesticides?,1.0,1.0,1.8344,0.000857,19279
4,I,Combined,1190,1%,0.99,1.01,1.0,10,The Reversal on Fish Oil,1.0,1.0,2.0253,3e-05,16630
4,I,Combined,1190,1%,0.99,1.01,1.0,10,Are Multivitamins Just a Waste of Money?,1.0,1.0,2.0253,0.00025,16231
4,I,Combined,1190,10%,0.9,1.1,10.0,10,Breast Cancer Cells Feed on Cholesterol,1.0,1.0,1.8344,0.002819,42558
4,I,Combined,1190,10%,0.9,1.1,10.0,10,Using Diet to Treat Asthma and Eczema,1.0,1.0,1.8344,0.003872,24332
4,I,Combined,1190,10%,0.9,1.1,10.0,10,Treating Asthma With Plants vs. Pills,1.0,1.0,1.8867,0.00499,19129
4,I,Combined,1190,10%,0.9,1.1,10.0,10,How Fruits and Vegetables Can Treat Asthma,1.0,1.0,1.8344,0.003895,16610
4,I,Combined,1190,10%,0.9,1.1,10.0,10,How Fruits and Vegetables Can Prevent Asthma,1.0,1.0,1.8867,0.002233,15621
4,I,Combined,1190,10%,0.9,1.1,10.0,10,Our Tax Dollars Subsidize Unhealthy Foods,0.9,0.9448,1.6957,0.000263,17169
4,I,Combined,1190,10%,0.9,1.1,10.0,10,Reducing Arsenic in Chicken and Rice,1.0,0.9999,1.8344,0.000102,16558
4,I,Combined,1190,10%,0.9,1.1,10.0,10,How Contaminated Are Our Children?,1.0,1.0,1.8344,0.000163,16472
4,I,Combined,1190,10%,0.9,1.1,10.0,10,"Blood Type Diet Perceived as ""Crass Fraud""",1.0,1.0,2.0253,0.000367,16415
4,I,Combined,1190,10%,0.9,1.1,10.0,10,Why Do Heart Doctors Favor Surgery and Drugs Over Diet?,1.0,1.0,1.7481,0.000444,16180
4,I,Combined,1190,10%,0.9,1.1,10.0,10,Phytates in Beans: Anti-Nutrient or Anti-Cancer?,0.9,0.9458,1.7481,0.0009,16550
4,I,Combined,1190,10%,0.9,1.1,10.0,10,How Phytates Fight Cancer Cells,1.0,0.9999,2.0253,8.5e-05,16647
4,I,Combined,1190,10%,0.9,1.1,10.0,10,Colon Cancer Prevention: Is it the Fiber or the Phytates?,1.0,1.0,1.8867,0.001233,16397
4,I,Combined,1190,10%,0.9,1.1,10.0,10,Low Carb Diets Found to Feed Heart Disease,1.0,1.0,2.3026,0.000756,16747
4,I,Combined,1190,10%,0.9,1.1,10.0,10,How Curry Can Kill Cancer Cells,1.0,1.0,2.0253,0.000265,16818
4,I,Combined,1190,10%,0.9,1.1,10.0,10,Testing Turmeric on Smokers,1.0,1.0,2.164,0.001067,15929
4,I,Combined,1190,10%,0.9,1.1,10.0,10,Alkylphenol Endocrine Disruptors and Allergies,1.0,0.9997,1.8867,0.000426,15649
4,I,Combined,1190,10%,0.9,1.1,10.0,10,Slowing Cognitive Decline with Berries,1.0,0.9999,1.8867,0.001868,16936
4,I,Combined,1190,10%,0.9,1.1,10.0,10,What is ‘Meat Glue’?,1.0,1.0,1.8867,0.000272,16400
4,I,Combined,1190,10%,0.9,1.1,10.0,10,Is Liquid Smoke Safe?,1.0,1.0,1.7481,0.001223,16401
4,I,Combined,1190,10%,0.9,1.1,10.0,10,Does Antioxidant Intake Matter for Stroke and Heart Disease?,1.0,1.0,1.6094,0.002105,17113
4,I,Combined,1190,10%,0.9,1.1,10.0,10,Does Antioxidant Intake Matter for Cancer?,0.9,0.9415,1.6434,0.00108,17057
4,I,Combined,1190,10%,0.9,1.1,10.0,10,Is buying organic worth it? A review of the science in new DVD,1.0,1.0,2.3026,9.3e-05,16713
4,I,Combined,1190,10%,0.9,1.1,10.0,10,Orange Aromatherapy for Anxiety,1.0,1.0,2.0253,0.0067,17924
4,I,Combined,1190,10%,0.9,1.1,10.0,10,Food Manufacturers Get to Decide if Their Own Additives Are Safe,1.0,1.0,1.8867,0.000385,16290
4,I,Combined,1190,10%,0.9,1.1,10.0,10,Meat Industry Wins Right to Sell Tainted Meat,1.0,1.0,2.164,8.3e-05,19032
4,I,Combined,1190,10%,0.9,1.1,10.0,10,Chicken Salmonella Outbreaks Show Food Safety Systems Failure,1.0,1.0,2.0253,0.000325,16722
4,I,Combined,1190,10%,0.9,1.1,10.0,10,Viral Food Poisoning from Pesticides?,1.0,0.9999,1.6434,0.000849,17133
4,I,Combined,1190,10%,0.9,1.1,10.0,10,The Reversal on Fish Oil,1.0,1.0,1.8867,2.7e-05,15334
4,I,Combined,1190,10%,0.9,1.1,10.0,10,Are Multivitamins Just a Waste of Money?,1.0,1.0,2.0253,0.000252,15768
4,I,Combined,1190,30%,0.7,1.3,30.0,10,Breast Cancer Cells Feed on Cholesterol,1.0,0.9995,1.973,0.002725,30787
4,I,Combined,1190,30%,0.7,1.3,30.0,10,Using Diet to Treat Asthma and Eczema,1.0,0.9999,1.8344,0.003656,23620
4,I,Combined,1190,30%,0.7,1.3,30.0,10,Treating Asthma With Plants vs. Pills,1.0,0.9999,1.8867,0.004571,19608
4,I,Combined,1190,30%,0.7,1.3,30.0,10,How Fruits and Vegetables Can Treat Asthma,1.0,1.0,2.0253,0.003481,16846
4,I,Combined,1190,30%,0.7,1.3,30.0,10,How Fruits and Vegetables Can Prevent Asthma,1.0,1.0,2.0253,0.002031,16048
4,I,Combined,1190,30%,0.7,1.3,30.0,10,Our Tax Dollars Subsidize Unhealthy Foods,1.0,0.999,1.8867,0.000234,17805
4,I,Combined,1190,30%,0.7,1.3,30.0,10,Reducing Arsenic in Chicken and Rice,0.9,0.9389,1.6957,8.6e-05,17358
4,I,Combined,1190,30%,0.7,1.3,30.0,10,How Contaminated Are Our Children?,0.9,0.942,2.164,0.000168,17266
4,I,Combined,1190,30%,0.7,1.3,30.0,10,"Blood Type Diet Perceived as ""Crass Fraud""",0.9,0.9409,1.8344,0.000336,16378
4,I,Combined,1190,30%,0.7,1.3,30.0,10,Why Do Heart Doctors Favor Surgery and Drugs Over Diet?,1.0,0.9999,2.0253,0.000481,16745
4,I,Combined,1190,30%,0.7,1.3,30.0,10,Phytates in Beans: Anti-Nutrient or Anti-Cancer?,0.8,0.883,1.7481,0.000715,17748
4,I,Combined,1190,30%,0.7,1.3,30.0,10,How Phytates Fight Cancer Cells,0.9,0.9398,2.164,6.5e-05,16922
4,I,Combined,1190,30%,0.7,1.3,30.0,10,Colon Cancer Prevention: Is it the Fiber or the Phytates?,1.0,1.0,2.0253,0.001162,16773
4,I,Combined,1190,30%,0.7,1.3,30.0,10,Low Carb Diets Found to Feed Heart Disease,0.9,0.9425,2.0253,0.000712,16948
4,I,Combined,1190,30%,0.7,1.3,30.0,10,How Curry Can Kill Cancer Cells,1.0,0.9999,2.0253,0.00021,17670
4,I,Combined,1190,30%,0.7,1.3,30.0,10,Testing Turmeric on Smokers,1.0,1.0,1.8867,0.000875,16656
4,I,Combined,1190,30%,0.7,1.3,30.0,10,Alkylphenol Endocrine Disruptors and Allergies,1.0,0.9999,1.8867,0.000402,16553
4,I,Combined,1190,30%,0.7,1.3,30.0,10,Slowing Cognitive Decline with Berries,1.0,0.9999,1.8867,0.00164,15777
4,I,Combined,1190,30%,0.7,1.3,30.0,10,What is ‘Meat Glue’?,1.0,0.9997,1.6957,0.000252,17908
4,I,Combined,1190,30%,0.7,1.3,30.0,10,Is Liquid Smoke Safe?,0.8,0.8975,2.0253,0.001049,16667
4,I,Combined,1190,30%,0.7,1.3,30.0,10,Does Antioxidant Intake Matter for Stroke and Heart Disease?,0.9,0.9456,1.6434,0.00197,16145
4,I,Combined,1190,30%,0.7,1.3,30.0,10,Does Antioxidant Intake Matter for Cancer?,0.9,0.9425,1.6094,0.000921,17062
4,I,Combined,1190,30%,0.7,1.3,30.0,10,Is buying organic worth it? A review of the science in new DVD,0.9,0.9426,1.8344,8.2e-05,16804
4,I,Combined,1190,30%,0.7,1.3,30.0,10,Orange Aromatherapy for Anxiety,0.9,0.9541,2.0253,0.005617,16902
4,I,Combined,1190,30%,0.7,1.3,30.0,10,Food Manufacturers Get to Decide if Their Own Additives Are Safe,1.0,0.9997,2.0253,0.00038,16555
4,I,Combined,1190,30%,0.7,1.3,30.0,10,Meat Industry Wins Right to Sell Tainted Meat,1.0,1.0,1.8867,7.9e-05,16592
4,I,Combined,1190,30%,0.7,1.3,30.0,10,Chicken Salmonella Outbreaks Show Food Safety Systems Failure,0.9,0.9429,2.3026,0.000262,16841
4,I,Combined,1190,30%,0.7,1.3,30.0,10,Viral Food Poisoning from Pesticides?,1.0,1.0,1.8344,0.000814,17706
4,I,Combined,1190,30%,0.7,1.3,30.0,10,The Reversal on Fish Oil,1.0,0.9995,2.0253,2.3e-05,16969
4,I,Combined,1190,30%,0.7,1.3,30.0,10,Are Multivitamins Just a Waste of Money?,1.0,1.0,2.164,0.000303,16901
4,I,Combined,1190,50%,0.5,1.5,50.0,10,Breast Cancer Cells Feed on Cholesterol,1.0,1.0,2.164,0.001962,38303
4,I,Combined,1190,50%,0.5,1.5,50.0,10,Using Diet to Treat Asthma and Eczema,1.0,1.0,1.8867,0.003018,26408
4,I,Combined,1190,50%,0.5,1.5,50.0,10,Treating Asthma With Plants vs. Pills,1.0,1.0,1.6957,0.003918,20762
4,I,Combined,1190,50%,0.5,1.5,50.0,10,How Fruits and Vegetables Can Treat Asthma,1.0,1.0,1.8344,0.003151,17684
4,I,Combined,1190,50%,0.5,1.5,50.0,10,How Fruits and Vegetables Can Prevent Asthma,1.0,1.0,1.7481,0.001783,17420
4,I,Combined,1190,50%,0.5,1.5,50.0,10,Our Tax Dollars Subsidize Unhealthy Foods,0.9,0.9447,2.164,0.000198,16757
4,I,Combined,1190,50%,0.5,1.5,50.0,10,Reducing Arsenic in Chicken and Rice,0.9,0.9412,2.0253,5.5e-05,16292
4,I,Combined,1190,50%,0.5,1.5,50.0,10,How Contaminated Are Our Children?,0.9,0.9419,2.164,0.000122,16767
4,I,Combined,1190,50%,0.5,1.5,50.0,10,"Blood Type Diet Perceived as ""Crass Fraud""",1.0,0.9991,2.164,0.000313,17479
4,I,Combined,1190,50%,0.5,1.5,50.0,10,Why Do Heart Doctors Favor Surgery and Drugs Over Diet?,1.0,0.9984,1.6957,0.000358,17191
4,I,Combined,1190,50%,0.5,1.5,50.0,10,Phytates in Beans: Anti-Nutrient or Anti-Cancer?,1.0,0.9999,1.7481,0.000628,16810
4,I,Combined,1190,50%,0.5,1.5,50.0,10,How Phytates Fight Cancer Cells,0.9,0.9325,2.0253,5.5e-05,17335
4,I,Combined,1190,50%,0.5,1.5,50.0,10,Colon Cancer Prevention: Is it the Fiber or the Phytates?,1.0,1.0,2.164,0.00082,17373
4,I,Combined,1190,50%,0.5,1.5,50.0,10,Low Carb Diets Found to Feed Heart Disease,0.8,0.8867,2.164,0.000686,17133
4,I,Combined,1190,50%,0.5,1.5,50.0,10,How Curry Can Kill Cancer Cells,0.9,0.9418,2.0253,0.000172,17378
4,I,Combined,1190,50%,0.5,1.5,50.0,10,Testing Turmeric on Smokers,0.9,0.9404,1.8867,0.000676,17154
4,I,Combined,1190,50%,0.5,1.5,50.0,10,Alkylphenol Endocrine Disruptors and Allergies,1.0,0.9998,1.973,0.000375,17033
4,I,Combined,1190,50%,0.5,1.5,50.0,10,Slowing Cognitive Decline with Berries,0.9,0.9455,2.164,0.001244,17969
4,I,Combined,1190,50%,0.5,1.5,50.0,10,What is ‘Meat Glue’?,1.0,0.9999,1.8344,0.000225,17171
4,I,Combined,1190,50%,0.5,1.5,50.0,10,Is Liquid Smoke Safe?,0.9,0.9475,1.8867,0.000714,16661
4,I,Combined,1190,50%,0.5,1.5,50.0,10,Does Antioxidant Intake Matter for Stroke and Heart Disease?,0.9,0.9433,1.8867,0.00171,16867
4,I,Combined,1190,50%,0.5,1.5,50.0,10,Does Antioxidant Intake Matter for Cancer?,0.8,0.8835,2.0253,0.000603,16240
4,I,Combined,1190,50%,0.5,1.5,50.0,10,Is buying organic worth it? A review of the science in new DVD,0.9,0.9423,1.7481,7.5e-05,17410
4,I,Combined,1190,50%,0.5,1.5,50.0,10,Orange Aromatherapy for Anxiety,1.0,0.9999,2.0253,0.00529,17040
4,I,Combined,1190,50%,0.5,1.5,50.0,10,Food Manufacturers Get to Decide if Their Own Additives Are Safe,0.9,0.9439,2.164,0.000243,17185
4,I,Combined,1190,50%,0.5,1.5,50.0,10,Meat Industry Wins Right to Sell Tainted Meat,0.9,0.9462,1.973,6.6e-05,16915
4,I,Combined,1190,50%,0.5,1.5,50.0,10,Chicken Salmonella Outbreaks Show Food Safety Systems Failure,0.9,0.9428,2.0253,0.000176,16373
4,I,Combined,1190,50%,0.5,1.5,50.0,10,Viral Food Poisoning from Pesticides?,1.0,0.9997,2.0253,0.000574,16868
4,I,Combined,1190,50%,0.5,1.5,50.0,10,The Reversal on Fish Oil,0.9,0.9278,1.8867,2.1e-05,16577
4,I,Combined,1190,50%,0.5,1.5,50.0,10,Are Multivitamins Just a Waste of Money?,0.9,0.9381,2.0253,0.000212,17206
4,I,Combined,1190,70%,0.3,1.7,70.0,10,Breast Cancer Cells Feed on Cholesterol,1.0,0.9967,1.8344,0.001267,36819
4,I,Combined,1190,70%,0.3,1.7,70.0,10,Using Diet to Treat Asthma and Eczema,0.9,0.949,1.8344,0.00114,22103
4,I,Combined,1190,70%,0.3,1.7,70.0,10,Treating Asthma With Plants vs. Pills,1.0,0.9996,2.0253,0.00254,18447
4,I,Combined,1190,70%,0.3,1.7,70.0,10,How Fruits and Vegetables Can Treat Asthma,1.0,1.0,2.0253,0.001857,16718
4,I,Combined,1190,70%,0.3,1.7,70.0,10,How Fruits and Vegetables Can Prevent Asthma,1.0,0.9979,1.973,0.001157,15722
4,I,Combined,1190,70%,0.3,1.7,70.0,10,Our Tax Dollars Subsidize Unhealthy Foods,0.9,0.9447,1.8867,0.000148,16575
4,I,Combined,1190,70%,0.3,1.7,70.0,10,Reducing Arsenic in Chicken and Rice,1.0,0.9971,1.973,5.8e-05,15869
4,I,Combined,1190,70%,0.3,1.7,70.0,10,How Contaminated Are Our Children?,0.9,0.9388,1.6957,0.000179,17589
4,I,Combined,1190,70%,0.3,1.7,70.0,10,"Blood Type Diet Perceived as ""Crass Fraud""",0.9,0.9414,2.164,0.000161,17090
4,I,Combined,1190,70%,0.3,1.7,70.0,10,Why Do Heart Doctors Favor Surgery and Drugs Over Diet?,0.9,0.9386,1.8344,0.000281,16740
4,I,Combined,1190,70%,0.3,1.7,70.0,10,Phytates in Beans: Anti-Nutrient or Anti-Cancer?,0.8,0.8891,1.6094,0.000398,16899
4,I,Combined,1190,70%,0.3,1.7,70.0,10,How Phytates Fight Cancer Cells,0.9,0.9364,2.0253,2.6e-05,15626
4,I,Combined,1190,70%,0.3,1.7,70.0,10,Colon Cancer Prevention: Is it the Fiber or the Phytates?,1.0,0.9996,1.7481,0.000613,16665
4,I,Combined,1190,70%,0.3,1.7,70.0,10,Low Carb Diets Found to Feed Heart Disease,0.9,0.9438,2.164,0.000306,17211
4,I,Combined,1190,70%,0.3,1.7,70.0,10,How Curry Can Kill Cancer Cells,1.0,0.9996,2.164,0.000125,16568
4,I,Combined,1190,70%,0.3,1.7,70.0,10,Testing Turmeric on Smokers,0.9,0.9477,1.8867,0.000357,16432
4,I,Combined,1190,70%,0.3,1.7,70.0,10,Alkylphenol Endocrine Disruptors and Allergies,0.9,0.9273,2.164,0.00029,17153
4,I,Combined,1190,70%,0.3,1.7,70.0,10,Slowing Cognitive Decline with Berries,1.0,0.9996,2.0253,0.001224,17559
4,I,Combined,1190,70%,0.3,1.7,70.0,10,What is ‘Meat Glue’?,0.9,0.9485,1.8344,0.000157,17123
4,I,Combined,1190,70%,0.3,1.7,70.0,10,Is Liquid Smoke Safe?,0.8,0.8967,1.8867,0.00056,16571
4,I,Combined,1190,70%,0.3,1.7,70.0,10,Does Antioxidant Intake Matter for Stroke and Heart Disease?,1.0,0.9999,1.8344,0.000872,16993
4,I,Combined,1190,70%,0.3,1.7,70.0,10,Does Antioxidant Intake Matter for Cancer?,0.9,0.9401,1.6094,0.000541,16090
4,I,Combined,1190,70%,0.3,1.7,70.0,10,Is buying organic worth it? A review of the science in new DVD,0.9,0.9402,2.164,6.7e-05,17591
4,I,Combined,1190,70%,0.3,1.7,70.0,10,Orange Aromatherapy for Anxiety,0.9,0.9535,2.0253,0.002997,16526
4,I,Combined,1190,70%,0.3,1.7,70.0,10,Food Manufacturers Get to Decide if Their Own Additives Are Safe,1.0,0.9996,2.0253,0.00022,16780
4,I,Combined,1190,70%,0.3,1.7,70.0,10,Meat Industry Wins Right to Sell Tainted Meat,0.9,0.9461,1.8867,4.9e-05,18038
4,I,Combined,1190,70%,0.3,1.7,70.0,10,Chicken Salmonella Outbreaks Show Food Safety Systems Failure,1.0,0.9998,2.3026,0.00016,17119
4,I,Combined,1190,70%,0.3,1.7,70.0,10,Viral Food Poisoning from Pesticides?,1.0,0.9999,2.0253,0.000543,16234
4,I,Combined,1190,70%,0.3,1.7,70.0,10,The Reversal on Fish Oil,1.0,0.9991,2.0253,1.8e-05,15565
4,I,Combined,1190,70%,0.3,1.7,70.0,10,Are Multivitamins Just a Waste of Money?,1.0,0.999,2.0253,0.000111,17116
5,I,Combined,1190,0%,1.0,1.0,0.0,10,Breast Cancer Cells Feed on Cholesterol,1.0,1.0,1.8344,0.002867,37775
5,I,Combined,1190,0%,1.0,1.0,0.0,10,Using Diet to Treat Asthma and Eczema,1.0,1.0,1.6957,0.003962,26813
5,I,Combined,1190,0%,1.0,1.0,0.0,10,Treating Asthma With Plants vs. Pills,1.0,1.0,1.8867,0.005018,21969
5,I,Combined,1190,0%,1.0,1.0,0.0,10,How Fruits and Vegetables Can Treat Asthma,1.0,1.0,1.8867,0.003889,17986
5,I,Combined,1190,0%,1.0,1.0,0.0,10,How Fruits and Vegetables Can Prevent Asthma,1.0,1.0,1.7481,0.002246,16916
5,I,Combined,1190,0%,1.0,1.0,0.0,10,Our Tax Dollars Subsidize Unhealthy Foods,1.0,1.0,1.8344,0.000264,15838
5,I,Combined,1190,0%,1.0,1.0,0.0,10,Reducing Arsenic in Chicken and Rice,1.0,1.0,1.8344,0.0001,15869
5,I,Combined,1190,0%,1.0,1.0,0.0,10,How Contaminated Are Our Children?,1.0,1.0,2.0253,0.00017,16381
5,I,Combined,1190,0%,1.0,1.0,0.0,10,"Blood Type Diet Perceived as ""Crass Fraud""",1.0,1.0,1.8867,0.00039,15516
5,I,Combined,1190,0%,1.0,1.0,0.0,10,Why Do Heart Doctors Favor Surgery and Drugs Over Diet?,1.0,1.0,1.7481,0.000481,15631
5,I,Combined,1190,0%,1.0,1.0,0.0,10,Phytates in Beans: Anti-Nutrient or Anti-Cancer?,1.0,1.0,1.6094,0.000898,15292
5,I,Combined,1190,0%,1.0,1.0,0.0,10,How Phytates Fight Cancer Cells,1.0,1.0,2.164,8.5e-05,17000
5,I,Combined,1190,0%,1.0,1.0,0.0,10,Colon Cancer Prevention: Is it the Fiber or the Phytates?,1.0,1.0,2.0253,0.001258,16014
5,I,Combined,1190,0%,1.0,1.0,0.0,10,Low Carb Diets Found to Feed Heart Disease,1.0,1.0,2.164,0.000777,16225
5,I,Combined,1190,0%,1.0,1.0,0.0,10,How Curry Can Kill Cancer Cells,1.0,1.0,1.8344,0.000263,16713
5,I,Combined,1190,0%,1.0,1.0,0.0,10,Testing Turmeric on Smokers,1.0,1.0,2.164,0.001032,16120
5,I,Combined,1190,0%,1.0,1.0,0.0,10,Alkylphenol Endocrine Disruptors and Allergies,1.0,1.0,2.0253,0.000472,16705
5,I,Combined,1190,0%,1.0,1.0,0.0,10,Slowing Cognitive Decline with Berries,1.0,1.0,1.8867,0.001869,17215
5,I,Combined,1190,0%,1.0,1.0,0.0,10,What is ‘Meat Glue’?,1.0,1.0,2.164,0.000285,17379
5,I,Combined,1190,0%,1.0,1.0,0.0,10,Is Liquid Smoke Safe?,1.0,1.0,1.8867,0.001226,16227
5,I,Combined,1190,0%,1.0,1.0,0.0,10,Does Antioxidant Intake Matter for Stroke and Heart Disease?,1.0,1.0,1.6434,0.002092,16621
5,I,Combined,1190,0%,1.0,1.0,0.0,10,Does Antioxidant Intake Matter for Cancer?,1.0,1.0,1.8344,0.001094,16202
5,I,Combined,1190,0%,1.0,1.0,0.0,10,Is buying organic worth it? A review of the science in new DVD,1.0,1.0,2.3026,9.9e-05,16771
5,I,Combined,1190,0%,1.0,1.0,0.0,10,Orange Aromatherapy for Anxiety,1.0,1.0,2.0253,0.006857,15218
5,I,Combined,1190,0%,1.0,1.0,0.0,10,Food Manufacturers Get to Decide if Their Own Additives Are Safe,1.0,1.0,2.164,0.000376,17348
5,I,Combined,1190,0%,1.0,1.0,0.0,10,Meat Industry Wins Right to Sell Tainted Meat,1.0,1.0,2.0253,9.1e-05,16229
5,I,Combined,1190,0%,1.0,1.0,0.0,10,Chicken Salmonella Outbreaks Show Food Safety Systems Failure,1.0,1.0,2.0253,0.000323,16578
5,I,Combined,1190,0%,1.0,1.0,0.0,10,Viral Food Poisoning from Pesticides?,1.0,1.0,1.8344,0.000857,16998
5,I,Combined,1190,0%,1.0,1.0,0.0,10,The Reversal on Fish Oil,1.0,1.0,1.6957,2.9e-05,15940
5,I,Combined,1190,0%,1.0,1.0,0.0,10,Are Multivitamins Just a Waste of Money?,1.0,1.0,2.0253,0.000249,17222
5,I,Combined,1190,1%,0.99,1.01,1.0,10,Breast Cancer Cells Feed on Cholesterol,1.0,1.0,1.8344,0.002871,37212
5,I,Combined,1190,1%,0.99,1.01,1.0,10,Using Diet to Treat Asthma and Eczema,1.0,1.0,1.6957,0.003968,25054
5,I,Combined,1190,1%,0.99,1.01,1.0,10,Treating Asthma With Plants vs. Pills,1.0,1.0,1.8867,0.005014,19634
5,I,Combined,1190,1%,0.99,1.01,1.0,10,How Fruits and Vegetables Can Treat Asthma,1.0,1.0,1.8867,0.003883,17747
5,I,Combined,1190,1%,0.99,1.01,1.0,10,How Fruits and Vegetables Can Prevent Asthma,1.0,1.0,1.8867,0.002243,16163
5,I,Combined,1190,1%,0.99,1.01,1.0,10,Our Tax Dollars Subsidize Unhealthy Foods,1.0,1.0,1.8344,0.000264,16534
5,I,Combined,1190,1%,0.99,1.01,1.0,10,Reducing Arsenic in Chicken and Rice,1.0,1.0,1.8344,0.000101,16418
5,I,Combined,1190,1%,0.99,1.01,1.0,10,How Contaminated Are Our Children?,1.0,1.0,2.0253,0.000171,16638
5,I,Combined,1190,1%,0.99,1.01,1.0,10,"Blood Type Diet Perceived as ""Crass Fraud""",1.0,1.0,1.8867,0.000387,15967
5,I,Combined,1190,1%,0.99,1.01,1.0,10,Why Do Heart Doctors Favor Surgery and Drugs Over Diet?,1.0,1.0,1.7481,0.000482,16779
5,I,Combined,1190,1%,0.99,1.01,1.0,10,Phytates in Beans: Anti-Nutrient or Anti-Cancer?,1.0,1.0,1.6094,0.000895,17050
5,I,Combined,1190,1%,0.99,1.01,1.0,10,How Phytates Fight Cancer Cells,1.0,1.0,2.164,8.3e-05,17261
5,I,Combined,1190,1%,0.99,1.01,1.0,10,Colon Cancer Prevention: Is it the Fiber or the Phytates?,1.0,1.0,2.0253,0.001256,17359
5,I,Combined,1190,1%,0.99,1.01,1.0,10,Low Carb Diets Found to Feed Heart Disease,1.0,1.0,2.164,0.000775,16869
5,I,Combined,1190,1%,0.99,1.01,1.0,10,How Curry Can Kill Cancer Cells,1.0,1.0,1.8344,0.000262,16599
5,I,Combined,1190,1%,0.99,1.01,1.0,10,Testing Turmeric on Smokers,1.0,1.0,2.164,0.001031,17029
5,I,Combined,1190,1%,0.99,1.01,1.0,10,Alkylphenol Endocrine Disruptors and Allergies,1.0,1.0,2.0253,0.000471,16383
5,I,Combined,1190,1%,0.99,1.01,1.0,10,Slowing Cognitive Decline with Berries,1.0,1.0,1.8867,0.001874,16478
5,I,Combined,1190,1%,0.99,1.01,1.0,10,What is ‘Meat Glue’?,1.0,1.0,2.164,0.000285,16136
5,I,Combined,1190,1%,0.99,1.01,1.0,10,Is Liquid Smoke Safe?,1.0,1.0,1.8867,0.001227,15985
5,I,Combined,1190,1%,0.99,1.01,1.0,10,Does Antioxidant Intake Matter for Stroke and Heart Disease?,1.0,1.0,1.6434,0.002097,17365
5,I,Combined,1190,1%,0.99,1.01,1.0,10,Does Antioxidant Intake Matter for Cancer?,1.0,1.0,1.8344,0.001093,16883
5,I,Combined,1190,1%,0.99,1.01,1.0,10,Is buying organic worth it? A review of the science in new DVD,1.0,1.0,2.164,0.0001,16577
5,I,Combined,1190,1%,0.99,1.01,1.0,10,Orange Aromatherapy for Anxiety,1.0,1.0,2.0253,0.006848,17546
5,I,Combined,1190,1%,0.99,1.01,1.0,10,Food Manufacturers Get to Decide if Their Own Additives Are Safe,1.0,1.0,2.164,0.000375,18266
5,I,Combined,1190,1%,0.99,1.01,1.0,10,Meat Industry Wins Right to Sell Tainted Meat,1.0,1.0,2.0253,9.1e-05,16586
5,I,Combined,1190,1%,0.99,1.01,1.0,10,Chicken Salmonella Outbreaks Show Food Safety Systems Failure,1.0,1.0,2.0253,0.000323,16805
5,I,Combined,1190,1%,0.99,1.01,1.0,10,Viral Food Poisoning from Pesticides?,1.0,1.0,1.8344,0.00086,17299
5,I,Combined,1190,1%,0.99,1.01,1.0,10,The Reversal on Fish Oil,1.0,1.0,2.0253,3e-05,15595
5,I,Combined,1190,1%,0.99,1.01,1.0,10,Are Multivitamins Just a Waste of Money?,1.0,1.0,2.0253,0.000248,16926
5,I,Combined,1190,10%,0.9,1.1,10.0,10,Breast Cancer Cells Feed on Cholesterol,1.0,1.0,1.8344,0.002831,39513
5,I,Combined,1190,10%,0.9,1.1,10.0,10,Using Diet to Treat Asthma and Eczema,1.0,1.0,1.6957,0.003937,25991
5,I,Combined,1190,10%,0.9,1.1,10.0,10,Treating Asthma With Plants vs. Pills,1.0,1.0,1.6957,0.004928,19259
5,I,Combined,1190,10%,0.9,1.1,10.0,10,How Fruits and Vegetables Can Treat Asthma,1.0,1.0,2.0253,0.003937,18261
5,I,Combined,1190,10%,0.9,1.1,10.0,10,How Fruits and Vegetables Can Prevent Asthma,1.0,0.9994,1.6094,0.002261,16892
5,I,Combined,1190,10%,0.9,1.1,10.0,10,Our Tax Dollars Subsidize Unhealthy Foods,1.0,0.9999,1.8344,0.000268,17242
5,I,Combined,1190,10%,0.9,1.1,10.0,10,Reducing Arsenic in Chicken and Rice,1.0,1.0,2.0253,8.9e-05,18128
5,I,Combined,1190,10%,0.9,1.1,10.0,10,How Contaminated Are Our Children?,1.0,1.0,1.8344,0.000169,16783
5,I,Combined,1190,10%,0.9,1.1,10.0,10,"Blood Type Diet Perceived as ""Crass Fraud""",1.0,0.9999,2.0253,0.000367,15804
5,I,Combined,1190,10%,0.9,1.1,10.0,10,Why Do Heart Doctors Favor Surgery and Drugs Over Diet?,1.0,1.0,1.8344,0.000481,16429
5,I,Combined,1190,10%,0.9,1.1,10.0,10,Phytates in Beans: Anti-Nutrient or Anti-Cancer?,1.0,1.0,1.6957,0.000877,17101
5,I,Combined,1190,10%,0.9,1.1,10.0,10,How Phytates Fight Cancer Cells,0.9,0.9405,2.3026,7.9e-05,15366
5,I,Combined,1190,10%,0.9,1.1,10.0,10,Colon Cancer Prevention: Is it the Fiber or the Phytates?,1.0,1.0,2.0253,0.001295,16710
5,I,Combined,1190,10%,0.9,1.1,10.0,10,Low Carb Diets Found to Feed Heart Disease,1.0,1.0,2.164,0.00075,16315
5,I,Combined,1190,10%,0.9,1.1,10.0,10,How Curry Can Kill Cancer Cells,1.0,1.0,1.8867,0.000244,16950
5,I,Combined,1190,10%,0.9,1.1,10.0,10,Testing Turmeric on Smokers,0.9,0.9485,2.164,0.001007,16015
5,I,Combined,1190,10%,0.9,1.1,10.0,10,Alkylphenol Endocrine Disruptors and Allergies,1.0,1.0,2.3026,0.000481,16877
5,I,Combined,1190,10%,0.9,1.1,10.0,10,Slowing Cognitive Decline with Berries,1.0,1.0,1.8867,0.001859,17166
5,I,Combined,1190,10%,0.9,1.1,10.0,10,What is ‘Meat Glue’?,1.0,1.0,2.0253,0.000289,17166
5,I,Combined,1190,10%,0.9,1.1,10.0,10,Is Liquid Smoke Safe?,0.9,0.9499,1.8867,0.001206,17387
5,I,Combined,1190,10%,0.9,1.1,10.0,10,Does Antioxidant Intake Matter for Stroke and Heart Disease?,1.0,1.0,1.6094,0.00194,17207
5,I,Combined,1190,10%,0.9,1.1,10.0,10,Does Antioxidant Intake Matter for Cancer?,1.0,1.0,1.8344,0.001097,17193
5,I,Combined,1190,10%,0.9,1.1,10.0,10,Is buying organic worth it? A review of the science in new DVD,0.9,0.9449,2.164,9e-05,17195
5,I,Combined,1190,10%,0.9,1.1,10.0,10,Orange Aromatherapy for Anxiety,1.0,1.0,2.0253,0.00689,17413
5,I,Combined,1190,10%,0.9,1.1,10.0,10,Food Manufacturers Get to Decide if Their Own Additives Are Safe,1.0,1.0,2.0253,0.000362,16865
5,I,Combined,1190,10%,0.9,1.1,10.0,10,Meat Industry Wins Right to Sell Tainted Meat,0.9,0.9462,2.0253,9.3e-05,17791
5,I,Combined,1190,10%,0.9,1.1,10.0,10,Chicken Salmonella Outbreaks Show Food Safety Systems Failure,0.9,0.9407,2.0253,0.000325,17538
5,I,Combined,1190,10%,0.9,1.1,10.0,10,Viral Food Poisoning from Pesticides?,1.0,1.0,1.973,0.000896,16281
5,I,Combined,1190,10%,0.9,1.1,10.0,10,The Reversal on Fish Oil,1.0,0.9998,2.0253,3.3e-05,16347
5,I,Combined,1190,10%,0.9,1.1,10.0,10,Are Multivitamins Just a Waste of Money?,1.0,1.0,2.0253,0.000256,17587
5,I,Combined,1190,30%,0.7,1.3,30.0,10,Breast Cancer Cells Feed on Cholesterol,1.0,1.0,1.8344,0.00258,39245
5,I,Combined,1190,30%,0.7,1.3,30.0,10,Using Diet to Treat Asthma and Eczema,0.9,0.9503,1.6957,0.003673,27470
5,I,Combined,1190,30%,0.7,1.3,30.0,10,Treating Asthma With Plants vs. Pills,1.0,1.0,1.8867,0.004214,20269
5,I,Combined,1190,30%,0.7,1.3,30.0,10,How Fruits and Vegetables Can Treat Asthma,1.0,1.0,2.0253,0.003209,17519
5,I,Combined,1190,30%,0.7,1.3,30.0,10,How Fruits and Vegetables Can Prevent Asthma,1.0,1.0,2.0253,0.001869,17989
5,I,Combined,1190,30%,0.7,1.3,30.0,10,Our Tax Dollars Subsidize Unhealthy Foods,0.9,0.9448,2.0253,0.000242,17420
5,I,Combined,1190,30%,0.7,1.3,30.0,10,Reducing Arsenic in Chicken and Rice,1.0,0.9998,1.8344,9.6e-05,17552
5,I,Combined,1190,30%,0.7,1.3,30.0,10,How Contaminated Are Our Children?,1.0,0.9999,2.164,0.000156,16115
5,I,Combined,1190,30%,0.7,1.3,30.0,10,"Blood Type Diet Perceived as ""Crass Fraud""",0.9,0.9417,2.0253,0.000255,16038
5,I,Combined,1190,30%,0.7,1.3,30.0,10,Why Do Heart Doctors Favor Surgery and Drugs Over Diet?,0.9,0.9416,2.0253,0.000409,17681
5,I,Combined,1190,30%,0.7,1.3,30.0,10,Phytates in Beans: Anti-Nutrient or Anti-Cancer?,0.9,0.9457,1.973,0.000914,17365
5,I,Combined,1190,30%,0.7,1.3,30.0,10,How Phytates Fight Cancer Cells,0.9,0.9405,2.164,9.9e-05,17142
5,I,Combined,1190,30%,0.7,1.3,30.0,10,Colon Cancer Prevention: Is it the Fiber or the Phytates?,1.0,0.9997,2.3026,0.00129,16734
5,I,Combined,1190,30%,0.7,1.3,30.0,10,Low Carb Diets Found to Feed Heart Disease,1.0,0.9998,1.8867,0.00058,16556
5,I,Combined,1190,30%,0.7,1.3,30.0,10,How Curry Can Kill Cancer Cells,1.0,0.9999,2.164,0.000217,17034
5,I,Combined,1190,30%,0.7,1.3,30.0,10,Testing Turmeric on Smokers,0.9,0.9483,1.8867,0.00088,16246
5,I,Combined,1190,30%,0.7,1.3,30.0,10,Alkylphenol Endocrine Disruptors and Allergies,1.0,0.9999,2.0253,0.000367,16776
5,I,Combined,1190,30%,0.7,1.3,30.0,10,Slowing Cognitive Decline with Berries,0.9,0.9473,1.8344,0.00165,17056
5,I,Combined,1190,30%,0.7,1.3,30.0,10,What is ‘Meat Glue’?,1.0,1.0,2.0253,0.000233,16645
5,I,Combined,1190,30%,0.7,1.3,30.0,10,Is Liquid Smoke Safe?,0.9,0.9497,1.7481,0.001016,16140
5,I,Combined,1190,30%,0.7,1.3,30.0,10,Does Antioxidant Intake Matter for Stroke and Heart Disease?,0.9,0.9412,1.6094,0.001998,16629
5,I,Combined,1190,30%,0.7,1.3,30.0,10,Does Antioxidant Intake Matter for Cancer?,0.9,0.9402,1.6957,0.001067,16883
5,I,Combined,1190,30%,0.7,1.3,30.0,10,Is buying organic worth it? A review of the science in new DVD,1.0,1.0,2.164,8.3e-05,16703
5,I,Combined,1190,30%,0.7,1.3,30.0,10,Orange Aromatherapy for Anxiety,1.0,1.0,2.0253,0.006334,16690
5,I,Combined,1190,30%,0.7,1.3,30.0,10,Food Manufacturers Get to Decide if Their Own Additives Are Safe,1.0,1.0,2.0253,0.000355,17408
5,I,Combined,1190,30%,0.7,1.3,30.0,10,Meat Industry Wins Right to Sell Tainted Meat,0.9,0.9459,1.8867,7.9e-05,17485
5,I,Combined,1190,30%,0.7,1.3,30.0,10,Chicken Salmonella Outbreaks Show Food Safety Systems Failure,0.9,0.9375,1.8867,0.000283,16459
5,I,Combined,1190,30%,0.7,1.3,30.0,10,Viral Food Poisoning from Pesticides?,1.0,1.0,2.0253,0.000756,16607
5,I,Combined,1190,30%,0.7,1.3,30.0,10,The Reversal on Fish Oil,0.9,0.9396,1.8867,4.3e-05,15760
5,I,Combined,1190,30%,0.7,1.3,30.0,10,Are Multivitamins Just a Waste of Money?,1.0,1.0,2.164,0.000194,16771
5,I,Combined,1190,50%,0.5,1.5,50.0,10,Breast Cancer Cells Feed on Cholesterol,1.0,0.9987,2.0253,0.001799,39146
5,I,Combined,1190,50%,0.5,1.5,50.0,10,Using Diet to Treat Asthma and Eczema,0.9,0.9501,1.8867,0.002512,26579
5,I,Combined,1190,50%,0.5,1.5,50.0,10,Treating Asthma With Plants vs. Pills,1.0,1.0,1.7481,0.00314,19974
5,I,Combined,1190,50%,0.5,1.5,50.0,10,How Fruits and Vegetables Can Treat Asthma,1.0,1.0,2.0253,0.002415,18352
5,I,Combined,1190,50%,0.5,1.5,50.0,10,How Fruits and Vegetables Can Prevent Asthma,1.0,0.9998,2.164,0.001295,17212
5,I,Combined,1190,50%,0.5,1.5,50.0,10,Our Tax Dollars Subsidize Unhealthy Foods,0.9,0.9448,2.0253,0.000169,17548
5,I,Combined,1190,50%,0.5,1.5,50.0,10,Reducing Arsenic in Chicken and Rice,0.9,0.9359,1.8344,7.4e-05,17207
5,I,Combined,1190,50%,0.5,1.5,50.0,10,How Contaminated Are Our Children?,0.9,0.9419,2.0253,0.00014,17689
5,I,Combined,1190,50%,0.5,1.5,50.0,10,"Blood Type Diet Perceived as ""Crass Fraud""",0.9,0.9389,1.4708,0.000231,17027
5,I,Combined,1190,50%,0.5,1.5,50.0,10,Why Do Heart Doctors Favor Surgery and Drugs Over Diet?,1.0,0.9993,2.164,0.00023,17370
5,I,Combined,1190,50%,0.5,1.5,50.0,10,Phytates in Beans: Anti-Nutrient or Anti-Cancer?,0.9,0.9456,1.7481,0.000647,17746
5,I,Combined,1190,50%,0.5,1.5,50.0,10,How Phytates Fight Cancer Cells,0.9,0.9397,2.164,8.1e-05,16820
5,I,Combined,1190,50%,0.5,1.5,50.0,10,Colon Cancer Prevention: Is it the Fiber or the Phytates?,1.0,0.9996,2.3026,0.000907,16334
5,I,Combined,1190,50%,0.5,1.5,50.0,10,Low Carb Diets Found to Feed Heart Disease,0.9,0.9441,2.3026,0.000514,16339
5,I,Combined,1190,50%,0.5,1.5,50.0,10,How Curry Can Kill Cancer Cells,0.9,0.9363,2.164,0.00015,17324
5,I,Combined,1190,50%,0.5,1.5,50.0,10,Testing Turmeric on Smokers,1.0,0.9989,1.8344,0.000876,15076
5,I,Combined,1190,50%,0.5,1.5,50.0,10,Alkylphenol Endocrine Disruptors and Allergies,0.9,0.9414,2.164,0.000368,16138
5,I,Combined,1190,50%,0.5,1.5,50.0,10,Slowing Cognitive Decline with Berries,0.9,0.9476,1.973,0.001406,16811
5,I,Combined,1190,50%,0.5,1.5,50.0,10,What is ‘Meat Glue’?,1.0,0.9983,1.8867,0.000221,16850
5,I,Combined,1190,50%,0.5,1.5,50.0,10,Is Liquid Smoke Safe?,1.0,0.9986,1.6957,0.000918,16667
5,I,Combined,1190,50%,0.5,1.5,50.0,10,Does Antioxidant Intake Matter for Stroke and Heart Disease?,1.0,0.9999,1.6094,0.001417,15854
5,I,Combined,1190,50%,0.5,1.5,50.0,10,Does Antioxidant Intake Matter for Cancer?,0.9,0.9363,2.0253,0.000853,16738
5,I,Combined,1190,50%,0.5,1.5,50.0,10,Is buying organic worth it? A review of the science in new DVD,1.0,0.9998,1.8867,8.6e-05,15641
5,I,Combined,1190,50%,0.5,1.5,50.0,10,Orange Aromatherapy for Anxiety,0.9,0.9559,2.0253,0.004492,16678
5,I,Combined,1190,50%,0.5,1.5,50.0,10,Food Manufacturers Get to Decide if Their Own Additives Are Safe,1.0,0.9999,2.164,0.000299,16659
5,I,Combined,1190,50%,0.5,1.5,50.0,10,Meat Industry Wins Right to Sell Tainted Meat,1.0,0.9996,2.0253,6.5e-05,16574
5,I,Combined,1190,50%,0.5,1.5,50.0,10,Chicken Salmonella Outbreaks Show Food Safety Systems Failure,1.0,0.9995,2.3026,0.000187,16341
5,I,Combined,1190,50%,0.5,1.5,50.0,10,Viral Food Poisoning from Pesticides?,1.0,0.9996,1.8344,0.000496,16491
5,I,Combined,1190,50%,0.5,1.5,50.0,10,The Reversal on Fish Oil,1.0,0.9994,2.0253,1.7e-05,16199
5,I,Combined,1190,50%,0.5,1.5,50.0,10,Are Multivitamins Just a Waste of Money?,1.0,1.0,2.0253,0.000149,16897
5,I,Combined,1190,70%,0.3,1.7,70.0,10,Breast Cancer Cells Feed on Cholesterol,0.9,0.9496,1.8344,0.001106,39659
5,I,Combined,1190,70%,0.3,1.7,70.0,10,Using Diet to Treat Asthma and Eczema,1.0,0.9998,2.0253,0.00155,25999
5,I,Combined,1190,70%,0.3,1.7,70.0,10,Treating Asthma With Plants vs. Pills,1.0,0.9995,1.8344,0.002116,19257
5,I,Combined,1190,70%,0.3,1.7,70.0,10,How Fruits and Vegetables Can Treat Asthma,1.0,1.0,2.164,0.001753,17160
5,I,Combined,1190,70%,0.3,1.7,70.0,10,How Fruits and Vegetables Can Prevent Asthma,1.0,0.9994,2.0253,0.001058,17380
5,I,Combined,1190,70%,0.3,1.7,70.0,10,Our Tax Dollars Subsidize Unhealthy Foods,0.9,0.944,2.164,0.000127,16357
5,I,Combined,1190,70%,0.3,1.7,70.0,10,Reducing Arsenic in Chicken and Rice,0.9,0.9336,1.7481,4.4e-05,16842
5,I,Combined,1190,70%,0.3,1.7,70.0,10,How Contaminated Are Our Children?,0.9,0.9378,2.0253,8.4e-05,17122
5,I,Combined,1190,70%,0.3,1.7,70.0,10,"Blood Type Diet Perceived as ""Crass Fraud""",0.9,0.9382,2.0253,0.000194,17455
5,I,Combined,1190,70%,0.3,1.7,70.0,10,Why Do Heart Doctors Favor Surgery and Drugs Over Diet?,0.8,0.8752,2.0253,0.000283,16336
5,I,Combined,1190,70%,0.3,1.7,70.0,10,Phytates in Beans: Anti-Nutrient or Anti-Cancer?,0.8,0.8841,1.4979,0.000307,17094
5,I,Combined,1190,70%,0.3,1.7,70.0,10,How Phytates Fight Cancer Cells,0.9,0.9379,1.8344,3.2e-05,16605
5,I,Combined,1190,70%,0.3,1.7,70.0,10,Colon Cancer Prevention: Is it the Fiber or the Phytates?,1.0,0.9995,2.3026,0.000459,16085
5,I,Combined,1190,70%,0.3,1.7,70.0,10,Low Carb Diets Found to Feed Heart Disease,0.9,0.939,1.8867,0.000468,16242
5,I,Combined,1190,70%,0.3,1.7,70.0,10,How Curry Can Kill Cancer Cells,0.8,0.8809,1.6094,0.000136,16770
5,I,Combined,1190,70%,0.3,1.7,70.0,10,Testing Turmeric on Smokers,1.0,0.9978,2.164,0.000504,16013
5,I,Combined,1190,70%,0.3,1.7,70.0,10,Alkylphenol Endocrine Disruptors and Allergies,1.0,0.998,2.0253,0.00016,17800
5,I,Combined,1190,70%,0.3,1.7,70.0,10,Slowing Cognitive Decline with Berries,0.9,0.9474,1.8344,0.000726,21876
5,I,Combined,1190,70%,0.3,1.7,70.0,10,What is ‘Meat Glue’?,1.0,0.9998,2.0253,0.000129,16655
5,I,Combined,1190,70%,0.3,1.7,70.0,10,Is Liquid Smoke Safe?,0.8,0.8967,1.973,0.000565,16591
5,I,Combined,1190,70%,0.3,1.7,70.0,10,Does Antioxidant Intake Matter for Stroke and Heart Disease?,0.9,0.9429,1.6957,0.000761,16289
5,I,Combined,1190,70%,0.3,1.7,70.0,10,Does Antioxidant Intake Matter for Cancer?,0.9,0.9422,1.8867,0.00033,16464
5,I,Combined,1190,70%,0.3,1.7,70.0,10,Is buying organic worth it? A review of the science in new DVD,1.0,0.9998,2.0253,4.1e-05,17374
5,I,Combined,1190,70%,0.3,1.7,70.0,10,Orange Aromatherapy for Anxiety,1.0,1.0,2.3026,0.003331,15923
5,I,Combined,1190,70%,0.3,1.7,70.0,10,Food Manufacturers Get to Decide if Their Own Additives Are Safe,0.9,0.9439,2.0253,0.000201,16291
5,I,Combined,1190,70%,0.3,1.7,70.0,10,Meat Industry Wins Right to Sell Tainted Meat,0.9,0.9419,1.5048,4.2e-05,16541
5,I,Combined,1190,70%,0.3,1.7,70.0,10,Chicken Salmonella Outbreaks Show Food Safety Systems Failure,0.9,0.9403,2.164,0.000152,16866
5,I,Combined,1190,70%,0.3,1.7,70.0,10,Viral Food Poisoning from Pesticides?,1.0,0.9992,2.0253,0.000307,16497
5,I,Combined,1190,70%,0.3,1.7,70.0,10,The Reversal on Fish Oil,0.8,0.8235,1.8344,1.6e-05,15889
5,I,Combined,1190,70%,0.3,1.7,70.0,10,Are Multivitamins Just a Waste of Money?,0.9,0.9385,2.164,0.000176,16491
