trial,exp,algorithm,noise_min,noise_max,top_k,query,recall_at_k,ndcg_at_k,kendall_tau,enc_embed_us,enc_encrypt_us,enc_search_us,enc_total_us,score_entropy,score_variance,score_distinct_count
1,A,Scrambling,0.9,1.1,10,Breast Cancer Cells Feed on Cholesterol,1.0,1.0,1.0,18671,104,11981,35207,1.8344,0.002867,10
1,A,Scrambling,0.9,1.1,10,Using Diet to Treat Asthma and Eczema,1.0,1.0,1.0,11385,57,7924,22456,1.6957,0.003962,10
1,A,Scrambling,0.9,1.1,10,Treating Asthma With Plants vs. Pills,1.0,1.0,1.0,8010,43,6274,17120,1.8867,0.005018,10
1,A,Scrambling,0.9,1.1,10,How Fruits and Vegetables Can Treat Asthma,1.0,1.0,1.0,7464,36,5226,15406,1.8867,0.003889,10
1,A,Scrambling,0.9,1.1,10,How Fruits and Vegetables Can Prevent Asthma,1.0,1.0,1.0,7226,30,5154,14967,1.7481,0.002246,10
1,A,Scrambling,0.9,1.1,10,Our Tax Dollars Subsidize Unhealthy Foods,1.0,1.0,1.0,7539,30,5148,15349,1.8344,0.000264,10
1,A,Scrambling,0.9,1.1,10,Reducing Arsenic in Chicken and Rice,1.0,1.0,1.0,7226,33,5141,14951,1.8344,0.0001,10
1,A,Scrambling,0.9,1.1,10,How Contaminated Are Our Children?,1.0,1.0,1.0,7048,31,5149,14807,2.0253,0.00017,9
1,A,Scrambling,0.9,1.1,10,"Blood Type Diet Perceived as ""Crass Fraud""",1.0,1.0,1.0,6898,31,5142,14653,1.8867,0.00039,10
1,A,Scrambling,0.9,1.1,10,Why Do Heart Doctors Favor Surgery and Drugs Over Diet?,1.0,1.0,1.0,6974,30,5148,14654,1.7481,0.000481,10
1,A,Scrambling,0.9,1.1,10,Phytates in Beans: Anti-Nutrient or Anti-Cancer?,1.0,1.0,1.0,6784,31,5144,14489,1.6094,0.000898,10
1,A,Scrambling,0.9,1.1,10,How Phytates Fight Cancer Cells,1.0,1.0,1.0,6545,30,5145,14280,2.164,8.5e-05,10
1,A,Scrambling,0.9,1.1,10,Colon Cancer Prevention: Is it the Fiber or the Phytates?,1.0,1.0,1.0,7448,31,5144,15118,2.0253,0.001258,10
1,A,Scrambling,0.9,1.1,10,Low Carb Diets Found to Feed Heart Disease,1.0,1.0,1.0,7254,32,5151,15072,2.164,0.000777,10
1,A,Scrambling,0.9,1.1,10,How Curry Can Kill Cancer Cells,1.0,1.0,1.0,7141,32,5147,14896,1.8344,0.000263,10
1,A,Scrambling,0.9,1.1,10,Testing Turmeric on Smokers,1.0,1.0,1.0,6875,30,5151,14655,2.164,0.001032,10
1,A,Scrambling,0.9,1.1,10,Alkylphenol Endocrine Disruptors and Allergies,1.0,1.0,1.0,6941,31,5151,14952,2.0253,0.000472,10
1,A,Scrambling,0.9,1.1,10,Slowing Cognitive Decline with Berries,1.0,1.0,1.0,6182,30,5141,13861,1.8867,0.001869,10
1,A,Scrambling,0.9,1.1,10,What is ‘Meat Glue’?,1.0,1.0,1.0,6956,30,5156,14587,2.164,0.000285,10
1,A,Scrambling,0.9,1.1,10,Is Liquid Smoke Safe?,1.0,1.0,1.0,6751,31,5148,15266,1.8867,0.001226,10
1,A,Scrambling,0.9,1.1,10,Does Antioxidant Intake Matter for Stroke and Heart Disease?,1.0,1.0,1.0,7696,31,5159,15592,1.6434,0.002092,10
1,A,Scrambling,0.9,1.1,10,Does Antioxidant Intake Matter for Cancer?,1.0,1.0,1.0,7206,31,5142,15115,1.8344,0.001094,10
1,A,Scrambling,0.9,1.1,10,Is buying organic worth it? A review of the science in new DVD,1.0,1.0,1.0,6814,30,5149,14698,2.3026,9.9e-05,10
1,A,Scrambling,0.9,1.1,10,Orange Aromatherapy for Anxiety,1.0,1.0,1.0,6237,31,5151,14127,2.0253,0.006857,10
1,A,Scrambling,0.9,1.1,10,Food Manufacturers Get to Decide if Their Own Additives Are Safe,1.0,1.0,1.0,6954,30,5146,14880,2.164,0.000376,10
1,A,Scrambling,0.9,1.1,10,Meat Industry Wins Right to Sell Tainted Meat,1.0,1.0,1.0,6363,30,5144,14377,2.0253,9.1e-05,10
1,A,Scrambling,0.9,1.1,10,Chicken Salmonella Outbreaks Show Food Safety Systems Failure,1.0,1.0,1.0,6601,30,5151,14468,2.0253,0.000323,10
1,A,Scrambling,0.9,1.1,10,Viral Food Poisoning from Pesticides?,1.0,1.0,1.0,6833,32,5148,14642,1.8344,0.000857,10
1,A,Scrambling,0.9,1.1,10,The Reversal on Fish Oil,1.0,1.0,1.0,6595,31,5147,14493,1.6957,2.9e-05,10
1,A,Scrambling,0.9,1.1,10,Are Multivitamins Just a Waste of Money?,1.0,1.0,1.0,6834,32,5141,14814,2.0253,0.000249,10
1,A,Noise,0.9,1.1,10,Breast Cancer Cells Feed on Cholesterol,1.0,1.0,0.9111,23796,160,12396,43675,1.8344,0.002852,10
1,A,Noise,0.9,1.1,10,Using Diet to Treat Asthma and Eczema,1.0,1.0,1.0,12527,99,7984,24495,1.6957,0.003921,10
1,A,Noise,0.9,1.1,10,Treating Asthma With Plants vs. Pills,1.0,1.0,0.9111,8698,75,6191,18650,1.6957,0.005012,10
1,A,Noise,0.9,1.1,10,How Fruits and Vegetables Can Treat Asthma,1.0,1.0,0.9556,7188,61,5194,15910,1.8867,0.003944,9
1,A,Noise,0.9,1.1,10,How Fruits and Vegetables Can Prevent Asthma,1.0,0.9999,0.9111,7034,56,5167,15753,1.8867,0.002285,10
1,A,Noise,0.9,1.1,10,Our Tax Dollars Subsidize Unhealthy Foods,0.9,0.9448,0.8333,6473,52,5145,15022,2.164,0.000251,10
1,A,Noise,0.9,1.1,10,Reducing Arsenic in Chicken and Rice,1.0,1.0,0.9556,6552,52,5139,15075,2.0253,0.000104,10
1,A,Noise,0.9,1.1,10,How Contaminated Are Our Children?,1.0,1.0,0.9556,6236,52,5149,14800,1.8867,0.000161,10
1,A,Noise,0.9,1.1,10,"Blood Type Diet Perceived as ""Crass Fraud""",1.0,1.0,0.9111,6616,56,5156,15234,2.0253,0.000368,10
1,A,Noise,0.9,1.1,10,Why Do Heart Doctors Favor Surgery and Drugs Over Diet?,1.0,1.0,0.9111,7039,52,5153,15688,2.0253,0.000532,10
1,A,Noise,0.9,1.1,10,Phytates in Beans: Anti-Nutrient or Anti-Cancer?,1.0,1.0,1.0,7250,57,5145,15862,1.8344,0.000863,9
1,A,Noise,0.9,1.1,10,How Phytates Fight Cancer Cells,1.0,0.9991,0.8222,6560,54,5149,15168,1.8344,7.3e-05,9
1,A,Noise,0.9,1.1,10,Colon Cancer Prevention: Is it the Fiber or the Phytates?,1.0,1.0,1.0,7227,53,5158,15811,2.0253,0.001185,10
1,A,Noise,0.9,1.1,10,Low Carb Diets Found to Feed Heart Disease,1.0,1.0,1.0,6817,53,5149,15410,2.0253,0.000771,9
1,A,Noise,0.9,1.1,10,How Curry Can Kill Cancer Cells,1.0,1.0,0.9111,6839,56,5145,15432,2.0253,0.000252,10
1,A,Noise,0.9,1.1,10,Testing Turmeric on Smokers,0.9,0.9485,1.0,6890,52,5158,15378,2.3026,0.000999,10
1,A,Noise,0.9,1.1,10,Alkylphenol Endocrine Disruptors and Allergies,1.0,1.0,1.0,6936,62,5277,15605,2.0253,0.00047,10
1,A,Noise,0.9,1.1,10,Slowing Cognitive Decline with Berries,1.0,1.0,0.9556,5884,55,5147,14442,1.8867,0.001823,10
1,A,Noise,0.9,1.1,10,What is ‘Meat Glue’?,1.0,1.0,1.0,5836,51,5148,13762,2.164,0.00029,10
1,A,Noise,0.9,1.1,10,Is Liquid Smoke Safe?,0.9,0.9478,0.9444,5900,54,5144,14370,1.8867,0.001209,10
1,A,Noise,0.9,1.1,10,Does Antioxidant Intake Matter for Stroke and Heart Disease?,1.0,1.0,0.9556,6102,53,5151,13510,1.6434,0.001964,10
1,A,Noise,0.9,1.1,10,Does Antioxidant Intake Matter for Cancer?,0.9,0.9439,1.0,7689,72,5176,16418,1.8344,0.001031,10
1,A,Noise,0.9,1.1,10,Is buying organic worth it? A review of the science in new DVD,0.9,0.9448,0.8889,7380,54,5146,15964,2.0253,0.000101,10
1,A,Noise,0.9,1.1,10,Orange Aromatherapy for Anxiety,1.0,1.0,1.0,6629,54,5156,15264,2.0253,0.00683,10
1,A,Noise,0.9,1.1,10,Food Manufacturers Get to Decide if Their Own Additives Are Safe,1.0,1.0,0.9111,6869,58,5145,15628,2.164,0.000364,9
1,A,Noise,0.9,1.1,10,Meat Industry Wins Right to Sell Tainted Meat,1.0,1.0,0.9556,6621,53,5157,15348,2.0253,9.3e-05,9
1,A,Noise,0.9,1.1,10,Chicken Salmonella Outbreaks Show Food Safety Systems Failure,0.9,0.9406,0.8889,7080,52,5153,15570,2.0253,0.000308,9
1,A,Noise,0.9,1.1,10,Viral Food Poisoning from Pesticides?,1.0,1.0,1.0,6626,53,5153,15197,1.8344,0.000882,10
1,A,Noise,0.9,1.1,10,The Reversal on Fish Oil,1.0,1.0,0.8667,6817,53,5141,15332,1.8867,2.6e-05,9
1,A,Noise,0.9,1.1,10,Are Multivitamins Just a Waste of Money?,1.0,1.0,0.9556,6370,52,5141,14895,2.0253,0.000248,10
1,A,Combined,0.9,1.1,10,Breast Cancer Cells Feed on Cholesterol,1.0,1.0,0.9556,22002,189,12059,39491,1.8344,0.00282,10
1,A,Combined,0.9,1.1,10,Using Diet to Treat Asthma and Eczema,1.0,1.0,0.9556,11763,102,7971,22799,1.6957,0.003953,10
1,A,Combined,0.9,1.1,10,Treating Asthma With Plants vs. Pills,1.0,1.0,0.9111,9601,79,6256,19697,1.6957,0.004902,9
1,A,Combined,0.9,1.1,10,How Fruits and Vegetables Can Treat Asthma,1.0,1.0,1.0,7884,60,5165,16568,1.8867,0.003776,10
1,A,Combined,0.9,1.1,10,How Fruits and Vegetables Can Prevent Asthma,1.0,1.0,1.0,6963,56,5156,15240,2.0253,0.002155,10
1,A,Combined,0.9,1.1,10,Our Tax Dollars Subsidize Unhealthy Foods,0.9,0.9448,1.0,7648,52,5156,16271,2.0253,0.000269,10
1,A,Combined,0.9,1.1,10,Reducing Arsenic in Chicken and Rice,1.0,1.0,0.9556,6856,52,5147,15528,2.0253,9.7e-05,10
1,A,Combined,0.9,1.1,10,How Contaminated Are Our Children?,1.0,1.0,0.9556,7012,51,5171,15853,1.6957,0.000174,10
1,A,Combined,0.9,1.1,10,"Blood Type Diet Perceived as ""Crass Fraud""",1.0,1.0,0.9556,7342,56,5150,16314,1.8867,0.000415,10
1,A,Combined,0.9,1.1,10,Why Do Heart Doctors Favor Surgery and Drugs Over Diet?,1.0,1.0,0.9556,7424,55,5144,15226,2.0253,0.000506,10
1,A,Combined,0.9,1.1,10,Phytates in Beans: Anti-Nutrient or Anti-Cancer?,1.0,1.0,0.9556,7117,57,5147,15778,1.7481,0.000875,10
1,A,Combined,0.9,1.1,10,How Phytates Fight Cancer Cells,0.9,0.9405,0.9444,8877,55,5148,17032,2.0253,8.4e-05,10
1,A,Combined,0.9,1.1,10,Colon Cancer Prevention: Is it the Fiber or the Phytates?,1.0,1.0,1.0,6756,52,5151,15117,1.8867,0.001198,10
1,A,Combined,0.9,1.1,10,Low Carb Diets Found to Feed Heart Disease,1.0,1.0,0.9556,6450,54,5166,14851,2.164,0.000746,10
1,A,Combined,0.9,1.1,10,How Curry Can Kill Cancer Cells,1.0,1.0,0.9111,6553,52,5148,15574,1.8867,0.00026,10
1,A,Combined,0.9,1.1,10,Testing Turmeric on Smokers,0.9,0.9485,1.0,7144,56,5153,15779,2.0253,0.001008,10
1,A,Combined,0.9,1.1,10,Alkylphenol Endocrine Disruptors and Allergies,1.0,1.0,1.0,8206,54,5156,16976,1.8867,0.00048,10
1,A,Combined,0.9,1.1,10,Slowing Cognitive Decline with Berries,1.0,0.9999,0.9111,7667,57,6012,16526,1.8867,0.001892,10
1,A,Combined,0.9,1.1,10,What is ‘Meat Glue’?,1.0,1.0,1.0,7032,65,5153,15905,2.0253,0.000286,10
1,A,Combined,0.9,1.1,10,Is Liquid Smoke Safe?,1.0,1.0,0.9111,7448,57,5177,15793,1.8867,0.001173,10
1,A,Combined,0.9,1.1,10,Does Antioxidant Intake Matter for Stroke and Heart Disease?,0.9,0.9456,0.9444,7321,57,4871,15647,1.4979,0.002052,10
1,A,Combined,0.9,1.1,10,Does Antioxidant Intake Matter for Cancer?,0.9,0.9439,1.0,7447,65,5212,16371,1.6957,0.001039,10
1,A,Combined,0.9,1.1,10,Is buying organic worth it? A review of the science in new DVD,0.9,0.9449,0.9444,7450,56,4776,15250,2.0253,0.000101,9
1,A,Combined,0.9,1.1,10,Orange Aromatherapy for Anxiety,1.0,1.0,1.0,6761,56,4990,15241,2.0253,0.006881,10
1,A,Combined,0.9,1.1,10,Food Manufacturers Get to Decide if Their Own Additives Are Safe,1.0,1.0,1.0,7057,56,5294,15751,1.973,0.000385,10
1,A,Combined,0.9,1.1,10,Meat Industry Wins Right to Sell Tainted Meat,1.0,1.0,1.0,7668,57,5193,16543,2.0253,9.1e-05,9
1,A,Combined,0.9,1.1,10,Chicken Salmonella Outbreaks Show Food Safety Systems Failure,1.0,1.0,1.0,7201,57,5163,15420,2.164,0.000329,10
1,A,Combined,0.9,1.1,10,Viral Food Poisoning from Pesticides?,1.0,1.0,1.0,6388,54,5152,14480,1.8344,0.000825,10
1,A,Combined,0.9,1.1,10,The Reversal on Fish Oil,1.0,0.9998,0.7778,6294,56,5149,15041,1.8344,2.5e-05,10
1,A,Combined,0.9,1.1,10,Are Multivitamins Just a Waste of Money?,1.0,1.0,0.9111,6587,53,5167,15462,2.164,0.000254,10
1,A,Rome,1.0,1.0,10,Breast Cancer Cells Feed on Cholesterol,1.0,1.0,1.0,18347,10481,10948,42682,1.8344,0.002867,10
1,A,Rome,1.0,1.0,10,Using Diet to Treat Asthma and Eczema,1.0,1.0,1.0,9039,5697,7482,24954,1.6957,0.003962,10
1,A,Rome,1.0,1.0,10,Treating Asthma With Plants vs. Pills,1.0,1.0,1.0,7504,6104,6833,23187,1.8867,0.005018,10
1,A,Rome,1.0,1.0,10,How Fruits and Vegetables Can Treat Asthma,1.0,1.0,1.0,7527,5763,6730,22738,1.8867,0.003889,10
1,A,Rome,1.0,1.0,10,How Fruits and Vegetables Can Prevent Asthma,1.0,1.0,1.0,6928,5708,6740,22001,1.7481,0.002246,10
1,A,Rome,1.0,1.0,10,Our Tax Dollars Subsidize Unhealthy Foods,1.0,1.0,1.0,7151,5632,6812,22377,1.8344,0.000264,10
1,A,Rome,1.0,1.0,10,Reducing Arsenic in Chicken and Rice,1.0,1.0,1.0,6931,5667,6751,21903,1.8344,0.0001,10
1,A,Rome,1.0,1.0,10,How Contaminated Are Our Children?,1.0,1.0,1.0,6947,5601,6659,21984,2.0253,0.00017,9
1,A,Rome,1.0,1.0,10,"Blood Type Diet Perceived as ""Crass Fraud""",1.0,1.0,1.0,7310,5676,6701,22790,1.8867,0.00039,10
1,A,Rome,1.0,1.0,10,Why Do Heart Doctors Favor Surgery and Drugs Over Diet?,1.0,1.0,1.0,6748,5599,6659,21611,1.7481,0.000481,10
1,A,Rome,1.0,1.0,10,Phytates in Beans: Anti-Nutrient or Anti-Cancer?,1.0,1.0,1.0,7107,5627,6751,22007,1.6094,0.000898,10
1,A,Rome,1.0,1.0,10,How Phytates Fight Cancer Cells,1.0,1.0,1.0,6892,5626,6742,21856,2.164,8.5e-05,10
1,A,Rome,1.0,1.0,10,Colon Cancer Prevention: Is it the Fiber or the Phytates?,1.0,1.0,1.0,7183,5652,6761,22329,2.0253,0.001258,10
1,A,Rome,1.0,1.0,10,Low Carb Diets Found to Feed Heart Disease,1.0,1.0,1.0,7327,6063,6778,22931,2.164,0.000777,10
1,A,Rome,1.0,1.0,10,How Curry Can Kill Cancer Cells,1.0,1.0,1.0,7612,5729,6735,22641,1.8344,0.000263,10
1,A,Rome,1.0,1.0,10,Testing Turmeric on Smokers,1.0,1.0,1.0,7001,5815,6747,22202,2.164,0.001032,10
1,A,Rome,1.0,1.0,10,Alkylphenol Endocrine Disruptors and Allergies,1.0,1.0,1.0,7355,5808,6775,22798,2.0253,0.000472,10
1,A,Rome,1.0,1.0,10,Slowing Cognitive Decline with Berries,1.0,1.0,1.0,6994,5812,6558,22119,1.8867,0.001869,10
1,A,Rome,1.0,1.0,10,What is ‘Meat Glue’?,1.0,1.0,1.0,7195,5814,6759,22517,2.164,0.000285,10
1,A,Rome,1.0,1.0,10,Is Liquid Smoke Safe?,1.0,1.0,1.0,7123,5830,6758,22610,1.8867,0.001226,10
1,A,Rome,1.0,1.0,10,Does Antioxidant Intake Matter for Stroke and Heart Disease?,1.0,1.0,1.0,7428,5647,6771,22480,1.6434,0.002092,10
1,A,Rome,1.0,1.0,10,Does Antioxidant Intake Matter for Cancer?,1.0,1.0,1.0,7019,5576,6747,21925,1.8344,0.001094,10
1,A,Rome,1.0,1.0,10,Is buying organic worth it? A review of the science in new DVD,1.0,1.0,1.0,7298,5598,6779,25953,2.3026,9.9e-05,10
1,A,Rome,1.0,1.0,10,Orange Aromatherapy for Anxiety,1.0,1.0,1.0,9398,6530,8086,26844,2.0253,0.006857,10
1,A,Rome,1.0,1.0,10,Food Manufacturers Get to Decide if Their Own Additives Are Safe,1.0,1.0,1.0,11032,5957,6834,27051,2.164,0.000376,10
1,A,Rome,1.0,1.0,10,Meat Industry Wins Right to Sell Tainted Meat,1.0,1.0,1.0,8293,5911,6789,23906,2.0253,9.1e-05,10
1,A,Rome,1.0,1.0,10,Chicken Salmonella Outbreaks Show Food Safety Systems Failure,1.0,1.0,1.0,8082,5767,6812,23388,2.0253,0.000323,10
1,A,Rome,1.0,1.0,10,Viral Food Poisoning from Pesticides?,1.0,1.0,1.0,7292,5911,6790,22816,1.8344,0.000857,10
1,A,Rome,1.0,1.0,10,The Reversal on Fish Oil,1.0,1.0,1.0,7257,5779,6793,23335,1.6957,2.9e-05,10
1,A,Rome,1.0,1.0,10,Are Multivitamins Just a Waste of Money?,1.0,1.0,1.0,6791,5651,6744,22227,2.0253,0.000249,10
1,A,RomeCombined,0.9,1.1,10,Breast Cancer Cells Feed on Cholesterol,1.0,1.0,0.9556,15176,10648,10174,40292,1.8344,0.002851,10
1,A,RomeCombined,0.9,1.1,10,Using Diet to Treat Asthma and Eczema,1.0,1.0,1.0,8706,7189,7663,27287,1.6957,0.003817,10
1,A,RomeCombined,0.9,1.1,10,Treating Asthma With Plants vs. Pills,1.0,1.0,0.9111,7752,6110,6759,24219,1.6957,0.00496,9
1,A,RomeCombined,0.9,1.1,10,How Fruits and Vegetables Can Treat Asthma,1.0,1.0,1.0,6608,5704,6749,23391,1.8867,0.003892,10
1,A,RomeCombined,0.9,1.1,10,How Fruits and Vegetables Can Prevent Asthma,1.0,1.0,1.0,6166,5536,6749,21790,1.8867,0.002267,10
1,A,RomeCombined,0.9,1.1,10,Our Tax Dollars Subsidize Unhealthy Foods,1.0,0.9999,0.9556,7034,5581,6747,22903,2.164,0.000268,10
1,A,RomeCombined,0.9,1.1,10,Reducing Arsenic in Chicken and Rice,1.0,1.0,0.9556,6845,5611,6746,22728,1.8344,9.3e-05,10
1,A,RomeCombined,0.9,1.1,10,How Contaminated Are Our Children?,1.0,1.0,1.0,6947,5571,6745,22606,2.0253,0.000178,10
1,A,RomeCombined,0.9,1.1,10,"Blood Type Diet Perceived as ""Crass Fraud""",1.0,1.0,1.0,6910,5603,6750,23322,2.0253,0.000393,10
1,A,RomeCombined,0.9,1.1,10,Why Do Heart Doctors Favor Surgery and Drugs Over Diet?,1.0,1.0,1.0,7223,5822,6776,23451,2.0253,0.000487,10
1,A,RomeCombined,0.9,1.1,10,Phytates in Beans: Anti-Nutrient or Anti-Cancer?,1.0,1.0,0.9556,7185,5601,6741,22906,1.6957,0.000892,10
1,A,RomeCombined,0.9,1.1,10,How Phytates Fight Cancer Cells,0.9,0.9405,0.9444,6879,5575,6755,22677,2.164,8.5e-05,10
1,A,RomeCombined,0.9,1.1,10,Colon Cancer Prevention: Is it the Fiber or the Phytates?,1.0,1.0,1.0,6946,5618,6748,22668,2.0253,0.001228,10
1,A,RomeCombined,0.9,1.1,10,Low Carb Diets Found to Feed Heart Disease,1.0,1.0,1.0,6741,5639,6743,22603,2.3026,0.000711,10
1,A,RomeCombined,0.9,1.1,10,How Curry Can Kill Cancer Cells,1.0,1.0,0.9556,6837,5617,6746,22873,2.0253,0.000253,10
1,A,RomeCombined,0.9,1.1,10,Testing Turmeric on Smokers,0.9,0.9485,1.0,6792,5601,6748,22477,2.164,0.00099,10
1,A,RomeCombined,0.9,1.1,10,Alkylphenol Endocrine Disruptors and Allergies,1.0,1.0,1.0,7080,5661,6749,22869,2.0253,0.000496,10
1,A,RomeCombined,0.9,1.1,10,Slowing Cognitive Decline with Berries,1.0,1.0,1.0,7040,5645,6747,22821,1.8867,0.001792,10
1,A,RomeCombined,0.9,1.1,10,What is ‘Meat Glue’?,1.0,1.0,1.0,6415,5637,6763,22122,2.0253,0.000287,10
1,A,RomeCombined,0.9,1.1,10,Is Liquid Smoke Safe?,1.0,1.0,0.9556,6719,5623,6750,22563,1.8867,0.001213,10
1,A,RomeCombined,0.9,1.1,10,Does Antioxidant Intake Matter for Stroke and Heart Disease?,1.0,1.0,0.9556,7041,5579,6752,22726,1.6094,0.002026,10
1,A,RomeCombined,0.9,1.1,10,Does Antioxidant Intake Matter for Cancer?,1.0,0.9999,0.9111,6782,5614,6747,22547,1.8344,0.001059,10
1,A,RomeCombined,0.9,1.1,10,Is buying organic worth it? A review of the science in new DVD,0.9,0.9449,0.9444,7058,5614,6747,22819,2.0253,9.5e-05,10
1,A,RomeCombined,0.9,1.1,10,Orange Aromatherapy for Anxiety,1.0,1.0,1.0,6712,5594,6743,22402,2.0253,0.006831,10
1,A,RomeCombined,0.9,1.1,10,Food Manufacturers Get to Decide if Their Own Additives Are Safe,1.0,1.0,1.0,7176,5633,6770,22950,2.164,0.000378,10
1,A,RomeCombined,0.9,1.1,10,Meat Industry Wins Right to Sell Tainted Meat,1.0,1.0,1.0,6655,5599,6769,22437,2.0253,9.2e-05,10
1,A,RomeCombined,0.9,1.1,10,Chicken Salmonella Outbreaks Show Food Safety Systems Failure,1.0,1.0,0.9556,6825,5603,6742,23028,2.164,0.000313,10
1,A,RomeCombined,0.9,1.1,10,Viral Food Poisoning from Pesticides?,1.0,1.0,1.0,6420,5635,6750,22132,1.973,0.000889,10
1,A,RomeCombined,0.9,1.1,10,The Reversal on Fish Oil,1.0,1.0,0.9556,6883,5586,6740,22749,2.0253,3.1e-05,10
1,A,RomeCombined,0.9,1.1,10,Are Multivitamins Just a Waste of Money?,1.0,1.0,1.0,6738,5617,6746,22516,2.164,0.000252,10
1,A,Ckks,1.0,1.0,10,Breast Cancer Cells Feed on Cholesterol,1.0,1.0,1.0,21909,92004,36754263,36872772,1.8344,0.002867,10
1,A,Ckks,1.0,1.0,10,Using Diet to Treat Asthma and Eczema,1.0,1.0,1.0,8958,68131,36586718,36668056,1.6957,0.003962,10
1,A,Ckks,1.0,1.0,10,Treating Asthma With Plants vs. Pills,1.0,1.0,1.0,8030,68382,36653912,36734440,1.8867,0.005018,10
1,A,Ckks,1.0,1.0,10,How Fruits and Vegetables Can Treat Asthma,1.0,1.0,1.0,7188,66479,36567958,36645765,1.8867,0.003889,10
1,A,Ckks,1.0,1.0,10,How Fruits and Vegetables Can Prevent Asthma,1.0,1.0,1.0,7404,68386,36638560,36717607,1.7481,0.002246,10
1,A,Ckks,1.0,1.0,10,Our Tax Dollars Subsidize Unhealthy Foods,1.0,1.0,1.0,7645,68289,36637260,36718065,1.8344,0.000264,10
1,A,Ckks,1.0,1.0,10,Reducing Arsenic in Chicken and Rice,1.0,1.0,1.0,7951,67519,36610288,36689920,1.8344,0.0001,10
1,A,Ckks,1.0,1.0,10,How Contaminated Are Our Children?,1.0,1.0,1.0,7728,68191,36792392,36872998,2.0253,0.00017,9
1,A,Ckks,1.0,1.0,10,"Blood Type Diet Perceived as ""Crass Fraud""",1.0,1.0,1.0,9389,67961,36762577,36843313,1.8867,0.00039,10
1,A,Ckks,1.0,1.0,10,Why Do Heart Doctors Favor Surgery and Drugs Over Diet?,1.0,1.0,1.0,8561,68463,36727178,36807991,1.7481,0.000481,10
1,A,Ckks,1.0,1.0,10,Phytates in Beans: Anti-Nutrient or Anti-Cancer?,1.0,1.0,1.0,11290,68313,36787838,36870566,1.6094,0.000898,10
1,A,Ckks,1.0,1.0,10,How Phytates Fight Cancer Cells,1.0,1.0,1.0,7307,70084,36893591,36975786,2.164,8.5e-05,10
1,A,Ckks,1.0,1.0,10,Colon Cancer Prevention: Is it the Fiber or the Phytates?,1.0,1.0,1.0,9106,66494,36635910,36715680,2.0253,0.001258,10
1,A,Ckks,1.0,1.0,10,Low Carb Diets Found to Feed Heart Disease,1.0,1.0,1.0,8114,68743,36758907,36840490,2.164,0.000777,10
1,A,Ckks,1.0,1.0,10,How Curry Can Kill Cancer Cells,1.0,1.0,1.0,10104,66989,36649291,36730724,1.8344,0.000263,10
1,A,Ckks,1.0,1.0,10,Testing Turmeric on Smokers,1.0,1.0,1.0,8004,67633,36615369,36695264,2.164,0.001032,10
1,A,Ckks,1.0,1.0,10,Alkylphenol Endocrine Disruptors and Allergies,1.0,1.0,1.0,8720,69596,36651647,36734085,2.0253,0.000472,10
1,A,Ckks,1.0,1.0,10,Slowing Cognitive Decline with Berries,1.0,1.0,1.0,7854,67495,36609004,36689395,1.8867,0.001869,10
1,A,Ckks,1.0,1.0,10,What is ‘Meat Glue’?,1.0,1.0,1.0,8273,68665,36741294,36822168,2.164,0.000285,10
1,A,Ckks,1.0,1.0,10,Is Liquid Smoke Safe?,1.0,1.0,1.0,8275,66791,36676515,36755795,1.8867,0.001226,10
1,A,Ckks,1.0,1.0,10,Does Antioxidant Intake Matter for Stroke and Heart Disease?,1.0,1.0,1.0,8302,66905,36556985,36636353,1.6434,0.002092,10
1,A,Ckks,1.0,1.0,10,Does Antioxidant Intake Matter for Cancer?,1.0,1.0,1.0,9018,68103,36636738,36718177,1.8344,0.001094,10
1,A,Ckks,1.0,1.0,10,Is buying organic worth it? A review of the science in new DVD,1.0,1.0,1.0,9186,68339,36679056,36760836,2.3026,9.9e-05,10
1,A,Ckks,1.0,1.0,10,Orange Aromatherapy for Anxiety,1.0,1.0,1.0,8988,68590,36650646,36732538,2.0253,0.006857,10
1,A,Ckks,1.0,1.0,10,Food Manufacturers Get to Decide if Their Own Additives Are Safe,1.0,1.0,1.0,8364,68210,36760574,36841204,2.164,0.000376,10
1,A,Ckks,1.0,1.0,10,Meat Industry Wins Right to Sell Tainted Meat,1.0,1.0,1.0,8287,69138,36685608,36769289,2.0253,9.1e-05,10
1,A,Ckks,1.0,1.0,10,Chicken Salmonella Outbreaks Show Food Safety Systems Failure,1.0,1.0,1.0,9001,68423,36725815,36807354,2.0253,0.000323,10
1,A,Ckks,1.0,1.0,10,Viral Food Poisoning from Pesticides?,1.0,1.0,1.0,7991,69423,36636020,36717748,1.8344,0.000857,10
1,A,Ckks,1.0,1.0,10,The Reversal on Fish Oil,1.0,1.0,1.0,8039,68266,36900039,36980743,1.6957,2.9e-05,10
1,A,Ckks,1.0,1.0,10,Are Multivitamins Just a Waste of Money?,1.0,1.0,1.0,8312,68199,36671095,36751806,2.0253,0.000249,10
1,A,CkksCombined,0.9,1.1,10,Breast Cancer Cells Feed on Cholesterol,1.0,1.0,1.0,23072,95725,36587821,36711044,1.8344,0.002934,10
1,A,CkksCombined,0.9,1.1,10,Using Diet to Treat Asthma and Eczema,1.0,1.0,0.9556,7932,68109,36652576,36733963,1.6957,0.003839,10
1,A,CkksCombined,0.9,1.1,10,Treating Asthma With Plants vs. Pills,1.0,1.0,0.9556,7490,66735,36655002,36733363,1.8867,0.004967,10
1,A,CkksCombined,0.9,1.1,10,How Fruits and Vegetables Can Treat Asthma,1.0,1.0,1.0,7643,66865,36756108,36835181,2.0253,0.003884,10
1,A,CkksCombined,0.9,1.1,10,How Fruits and Vegetables Can Prevent Asthma,1.0,1.0,1.0,9953,67787,38214530,38295631,1.6094,0.002266,10
1,A,CkksCombined,0.9,1.1,10,Our Tax Dollars Subsidize Unhealthy Foods,1.0,1.0,0.9556,8959,69004,37348299,37432315,1.973,0.000258,10
1,A,CkksCombined,0.9,1.1,10,Reducing Arsenic in Chicken and Rice,1.0,1.0,1.0,13695,67943,36615410,36701786,1.973,8.7e-05,10
1,A,CkksCombined,0.9,1.1,10,How Contaminated Are Our Children?,0.9,0.9421,0.9444,8847,68472,36736424,36818308,2.0253,0.000173,9
1,A,CkksCombined,0.9,1.1,10,"Blood Type Diet Perceived as ""Crass Fraud""",1.0,1.0,0.9556,8704,66160,36600421,36679557,2.0253,0.000383,10
1,A,CkksCombined,0.9,1.1,10,Why Do Heart Doctors Favor Surgery and Drugs Over Diet?,1.0,1.0,0.9111,10031,68521,36609718,36692691,1.973,0.000462,10
1,A,CkksCombined,0.9,1.1,10,Phytates in Beans: Anti-Nutrient or Anti-Cancer?,1.0,1.0,0.9556,11167,69130,36690580,36775296,1.7481,0.00089,10
1,A,CkksCombined,0.9,1.1,10,How Phytates Fight Cancer Cells,1.0,1.0,1.0,9819,68435,36656387,36739182,1.973,8.2e-05,10
1,A,CkksCombined,0.9,1.1,10,Colon Cancer Prevention: Is it the Fiber or the Phytates?,1.0,1.0,1.0,10328,68306,36765720,36849292,2.0253,0.001214,10
1,A,CkksCombined,0.9,1.1,10,Low Carb Diets Found to Feed Heart Disease,1.0,1.0,1.0,10294,68419,36882614,36965763,2.164,0.000723,10
1,A,CkksCombined,0.9,1.1,10,How Curry Can Kill Cancer Cells,1.0,1.0,0.9556,10976,67978,36906865,36991887,2.0253,0.000264,10
1,A,CkksCombined,0.9,1.1,10,Testing Turmeric on Smokers,0.9,0.9485,1.0,14106,69005,36704026,36791745,2.0253,0.000982,10
1,A,CkksCombined,0.9,1.1,10,Alkylphenol Endocrine Disruptors and Allergies,1.0,1.0,1.0,10231,66884,36673567,36753858,2.0253,0.000457,10
1,A,CkksCombined,0.9,1.1,10,Slowing Cognitive Decline with Berries,1.0,1.0,1.0,11737,69457,36666616,36752113,1.8867,0.001832,10
1,A,CkksCombined,0.9,1.1,10,What is ‘Meat Glue’?,1.0,1.0,1.0,9110,66938,36672029,36752602,2.164,0.000285,10
1,A,CkksCombined,0.9,1.1,10,Is Liquid Smoke Safe?,0.9,0.9499,1.0,10358,69356,36639002,36721751,2.0253,0.0012,10
1,A,CkksCombined,0.9,1.1,10,Does Antioxidant Intake Matter for Stroke and Heart Disease?,1.0,1.0,1.0,11470,73809,36645569,36734931,1.8344,0.002092,10
1,A,CkksCombined,0.9,1.1,10,Does Antioxidant Intake Matter for Cancer?,1.0,1.0,0.9556,10397,69026,36615284,36699020,1.5048,0.001062,10
1,A,CkksCombined,0.9,1.1,10,Is buying organic worth it? A review of the science in new DVD,1.0,1.0,1.0,10307,67553,36642684,36724890,2.164,0.0001,10
1,A,CkksCombined,0.9,1.1,10,Orange Aromatherapy for Anxiety,1.0,1.0,1.0,9994,69950,36653308,36736919,2.0253,0.00673,10
1,A,CkksCombined,0.9,1.1,10,Food Manufacturers Get to Decide if Their Own Additives Are Safe,1.0,1.0,0.9111,9133,67917,36766350,36846497,1.8867,0.000379,10
1,A,CkksCombined,0.9,1.1,10,Meat Industry Wins Right to Sell Tainted Meat,1.0,1.0,1.0,9791,68483,36715835,36798665,2.164,9.2e-05,10
1,A,CkksCombined,0.9,1.1,10,Chicken Salmonella Outbreaks Show Food Safety Systems Failure,0.9,0.9428,1.0,11458,68285,36660791,36744569,2.0253,0.000303,10
1,A,CkksCombined,0.9,1.1,10,Viral Food Poisoning from Pesticides?,1.0,1.0,0.9556,10817,67446,36667606,36750200,1.973,0.000862,9
1,A,CkksCombined,0.9,1.1,10,The Reversal on Fish Oil,1.0,0.9999,0.9111,10201,67320,36898115,36981149,1.8344,3.4e-05,9
1,A,CkksCombined,0.9,1.1,10,Are Multivitamins Just a Waste of Money?,1.0,1.0,1.0,10868,67501,36716585,36799758,2.164,0.000262,10
2,A,Scrambling,0.9,1.1,10,Breast Cancer Cells Feed on Cholesterol,1.0,1.0,1.0,12713,40,5175,21740,1.8344,0.002867,10
2,A,Scrambling,0.9,1.1,10,Using Diet to Treat Asthma and Eczema,1.0,1.0,1.0,8699,37,7382,19529,1.6957,0.003962,10
2,A,Scrambling,0.9,1.1,10,Treating Asthma With Plants vs. Pills,1.0,1.0,1.0,8886,35,5151,17459,1.8867,0.005018,10
2,A,Scrambling,0.9,1.1,10,How Fruits and Vegetables Can Treat Asthma,1.0,1.0,1.0,8862,34,5146,17803,1.8867,0.003889,10
2,A,Scrambling,0.9,1.1,10,How Fruits and Vegetables Can Prevent Asthma,1.0,1.0,1.0,7892,34,5156,16478,1.7481,0.002246,10
2,A,Scrambling,0.9,1.1,10,Our Tax Dollars Subsidize Unhealthy Foods,1.0,1.0,1.0,8053,36,5144,16437,1.8344,0.000264,10
2,A,Scrambling,0.9,1.1,10,Reducing Arsenic in Chicken and Rice,1.0,1.0,1.0,8410,34,5207,16890,1.8344,0.0001,10
2,A,Scrambling,0.9,1.1,10,How Contaminated Are Our Children?,1.0,1.0,1.0,7971,34,5160,16358,2.0253,0.00017,9
2,A,Scrambling,0.9,1.1,10,"Blood Type Diet Perceived as ""Crass Fraud""",1.0,1.0,1.0,8652,37,5276,17236,1.8867,0.00039,10
2,A,Scrambling,0.9,1.1,10,Why Do Heart Doctors Favor Surgery and Drugs Over Diet?,1.0,1.0,1.0,8590,35,5166,17185,1.7481,0.000481,10
2,A,Scrambling,0.9,1.1,10,Phytates in Beans: Anti-Nutrient or Anti-Cancer?,1.0,1.0,1.0,7975,37,5152,16519,1.6094,0.000898,10
2,A,Scrambling,0.9,1.1,10,How Phytates Fight Cancer Cells,1.0,1.0,1.0,8640,36,5148,17562,2.164,8.5e-05,10
2,A,Scrambling,0.9,1.1,10,Colon Cancer Prevention: Is it the Fiber or the Phytates?,1.0,1.0,1.0,8329,34,5153,16246,2.0253,0.001258,10
2,A,Scrambling,0.9,1.1,10,Low Carb Diets Found to Feed Heart Disease,1.0,1.0,1.0,7920,35,5138,16367,2.164,0.000777,10
2,A,Scrambling,0.9,1.1,10,How Curry Can Kill Cancer Cells,1.0,1.0,1.0,8360,37,5197,16924,1.8344,0.000263,10
2,A,Scrambling,0.9,1.1,10,Testing Turmeric on Smokers,1.0,1.0,1.0,7626,33,5153,15980,2.164,0.001032,10
2,A,Scrambling,0.9,1.1,10,Alkylphenol Endocrine Disruptors and Allergies,1.0,1.0,1.0,7975,34,5156,16410,2.0253,0.000472,10
2,A,Scrambling,0.9,1.1,10,Slowing Cognitive Decline with Berries,1.0,1.0,1.0,7079,34,5139,15431,1.8867,0.001869,10
2,A,Scrambling,0.9,1.1,10,What is ‘Meat Glue’?,1.0,1.0,1.0,7749,34,5144,16106,2.164,0.000285,10
2,A,Scrambling,0.9,1.1,10,Is Liquid Smoke Safe?,1.0,1.0,1.0,8059,32,5161,16424,1.8867,0.001226,10
2,A,Scrambling,0.9,1.1,10,Does Antioxidant Intake Matter for Stroke and Heart Disease?,1.0,1.0,1.0,8074,35,5144,16540,1.6434,0.002092,10
2,A,Scrambling,0.9,1.1,10,Does Antioxidant Intake Matter for Cancer?,1.0,1.0,1.0,8443,34,5183,16886,1.8344,0.001094,10
2,A,Scrambling,0.9,1.1,10,Is buying organic worth it? A review of the science in new DVD,1.0,1.0,1.0,8704,33,5178,17231,2.3026,9.9e-05,10
2,A,Scrambling,0.9,1.1,10,Orange Aromatherapy for Anxiety,1.0,1.0,1.0,7685,34,5179,15653,2.0253,0.006857,10
2,A,Scrambling,0.9,1.1,10,Food Manufacturers Get to Decide if Their Own Additives Are Safe,1.0,1.0,1.0,8042,35,5167,16377,2.164,0.000376,10
2,A,Scrambling,0.9,1.1,10,Meat Industry Wins Right to Sell Tainted Meat,1.0,1.0,1.0,8764,33,5229,17411,2.0253,9.1e-05,10
2,A,Scrambling,0.9,1.1,10,Chicken Salmonella Outbreaks Show Food Safety Systems Failure,1.0,1.0,1.0,8826,34,5144,17453,2.0253,0.000323,10
2,A,Scrambling,0.9,1.1,10,Viral Food Poisoning from Pesticides?,1.0,1.0,1.0,7472,32,5118,15806,1.8344,0.000857,10
2,A,Scrambling,0.9,1.1,10,The Reversal on Fish Oil,1.0,1.0,1.0,7658,34,5144,16732,1.6957,2.9e-05,10
2,A,Scrambling,0.9,1.1,10,Are Multivitamins Just a Waste of Money?,1.0,1.0,1.0,8980,34,5304,17307,2.0253,0.000249,10
2,A,Noise,0.9,1.1,10,Breast Cancer Cells Feed on Cholesterol,1.0,1.0,0.9556,17820,113,8667,31293,1.973,0.002848,10
2,A,Noise,0.9,1.1,10,Using Diet to Treat Asthma and Eczema,1.0,1.0,1.0,10344,81,6760,21074,1.8867,0.003827,10
2,A,Noise,0.9,1.1,10,Treating Asthma With Plants vs. Pills,1.0,1.0,0.8667,9797,66,5678,19136,1.6957,0.004935,10
2,A,Noise,0.9,1.1,10,How Fruits and Vegetables Can Treat Asthma,1.0,1.0,0.9556,7565,60,5203,16437,2.0253,0.003839,10
2,A,Noise,0.9,1.1,10,How Fruits and Vegetables Can Prevent Asthma,1.0,0.9994,0.9111,8070,56,5149,16977,2.0253,0.002205,10
2,A,Noise,0.9,1.1,10,Our Tax Dollars Subsidize Unhealthy Foods,0.9,0.9448,1.0,7666,63,5145,16672,2.164,0.000273,10
2,A,Noise,0.9,1.1,10,Reducing Arsenic in Chicken and Rice,1.0,1.0,0.9556,7927,62,5148,16857,1.973,9.6e-05,10
2,A,Noise,0.9,1.1,10,How Contaminated Are Our Children?,1.0,1.0,1.0,7858,57,5155,15803,2.0253,0.000164,10
2,A,Noise,0.9,1.1,10,"Blood Type Diet Perceived as ""Crass Fraud""",1.0,1.0,1.0,7258,61,5151,15688,2.0253,0.000387,10
2,A,Noise,0.9,1.1,10,Why Do Heart Doctors Favor Surgery and Drugs Over Diet?,1.0,1.0,0.9556,7970,63,5149,16346,1.8344,0.000499,10
2,A,Noise,0.9,1.1,10,Phytates in Beans: Anti-Nutrient or Anti-Cancer?,1.0,1.0,1.0,8351,58,5143,17194,1.8344,0.000904,10
2,A,Noise,0.9,1.1,10,How Phytates Fight Cancer Cells,0.9,0.94,0.9444,6864,57,5150,15542,2.164,8.7e-05,10
2,A,Noise,0.9,1.1,10,Colon Cancer Prevention: Is it the Fiber or the Phytates?,1.0,1.0,1.0,6937,62,5167,15688,2.164,0.00124,10
2,A,Noise,0.9,1.1,10,Low Carb Diets Found to Feed Heart Disease,0.9,0.9448,1.0,7237,60,5149,15981,2.164,0.000773,10
2,A,Noise,0.9,1.1,10,How Curry Can Kill Cancer Cells,1.0,1.0,0.9556,8155,59,5146,16934,1.8344,0.000264,10
2,A,Noise,0.9,1.1,10,Testing Turmeric on Smokers,0.9,0.9485,1.0,7599,60,5147,17705,2.0253,0.000992,10
2,A,Noise,0.9,1.1,10,Alkylphenol Endocrine Disruptors and Allergies,1.0,1.0,1.0,7931,58,5162,16132,2.0253,0.0005,10
2,A,Noise,0.9,1.1,10,Slowing Cognitive Decline with Berries,1.0,1.0,0.9556,7980,57,5155,16795,1.8867,0.001909,10
2,A,Noise,0.9,1.1,10,What is ‘Meat Glue’?,1.0,1.0,0.9556,7628,59,5146,16413,2.0253,0.000293,10
2,A,Noise,0.9,1.1,10,Is Liquid Smoke Safe?,0.9,0.9478,0.9444,8591,58,5148,17388,1.7481,0.001199,10
2,A,Noise,0.9,1.1,10,Does Antioxidant Intake Matter for Stroke and Heart Disease?,1.0,0.9999,0.9111,7806,59,5165,16495,1.6434,0.00204,10
2,A,Noise,0.9,1.1,10,Does Antioxidant Intake Matter for Cancer?,1.0,1.0,1.0,6787,60,5148,15405,1.6434,0.00107,10
2,A,Noise,0.9,1.1,10,Is buying organic worth it? A review of the science in new DVD,1.0,0.9999,0.9556,7270,59,5151,15965,2.3026,9.9e-05,10
2,A,Noise,0.9,1.1,10,Orange Aromatherapy for Anxiety,1.0,1.0,1.0,9250,58,5146,17977,2.0253,0.006724,10
2,A,Noise,0.9,1.1,10,Food Manufacturers Get to Decide if Their Own Additives Are Safe,1.0,1.0,1.0,7931,58,5150,16725,2.0253,0.000371,10
2,A,Noise,0.9,1.1,10,Meat Industry Wins Right to Sell Tainted Meat,1.0,1.0,0.9556,8738,58,5143,17612,2.0253,8.8e-05,10
2,A,Noise,0.9,1.1,10,Chicken Salmonella Outbreaks Show Food Safety Systems Failure,1.0,1.0,0.9111,7415,57,5147,16181,2.164,0.000319,10
2,A,Noise,0.9,1.1,10,Viral Food Poisoning from Pesticides?,1.0,1.0,1.0,7628,59,5142,16311,1.973,0.000828,10
2,A,Noise,0.9,1.1,10,The Reversal on Fish Oil,1.0,1.0,0.9111,8361,58,5153,16578,2.0253,3.1e-05,10
2,A,Noise,0.9,1.1,10,Are Multivitamins Just a Waste of Money?,1.0,1.0,0.9556,8182,58,5152,16839,2.0253,0.000253,10
2,A,Combined,0.9,1.1,10,Breast Cancer Cells Feed on Cholesterol,1.0,1.0,1.0,16826,112,8972,30378,1.8344,0.002803,10
2,A,Combined,0.9,1.1,10,Using Diet to Treat Asthma and Eczema,0.9,0.951,1.0,9999,82,6613,20537,1.6957,0.003834,10
2,A,Combined,0.9,1.1,10,Treating Asthma With Plants vs. Pills,1.0,1.0,1.0,8167,67,5773,17801,1.6957,0.004983,10
2,A,Combined,0.9,1.1,10,How Fruits and Vegetables Can Treat Asthma,1.0,1.0,1.0,8883,63,5172,17847,1.8344,0.003861,10
2,A,Combined,0.9,1.1,10,How Fruits and Vegetables Can Prevent Asthma,1.0,1.0,1.0,7357,60,5142,16059,1.8867,0.002268,10
2,A,Combined,0.9,1.1,10,Our Tax Dollars Subsidize Unhealthy Foods,1.0,0.9999,0.8667,7145,58,5144,14882,1.8867,0.00025,10
2,A,Combined,0.9,1.1,10,Reducing Arsenic in Chicken and Rice,1.0,1.0,0.8667,8191,57,5144,16923,2.0253,0.000104,10
2,A,Combined,0.9,1.1,10,How Contaminated Are Our Children?,1.0,1.0,0.9556,8483,76,5147,17166,1.8867,0.000182,10
2,A,Combined,0.9,1.1,10,"Blood Type Diet Perceived as ""Crass Fraud""",1.0,1.0,0.9556,7679,59,5146,16377,2.0253,0.00036,10
2,A,Combined,0.9,1.1,10,Why Do Heart Doctors Favor Surgery and Drugs Over Diet?,1.0,0.9999,0.8222,6994,60,5159,15485,1.7481,0.000467,10
2,A,Combined,0.9,1.1,10,Phytates in Beans: Anti-Nutrient or Anti-Cancer?,1.0,1.0,1.0,7869,62,5144,16499,1.7481,0.000836,10
2,A,Combined,0.9,1.1,10,How Phytates Fight Cancer Cells,0.9,0.94,0.9444,7794,58,5140,16383,2.164,8.3e-05,10
2,A,Combined,0.9,1.1,10,Colon Cancer Prevention: Is it the Fiber or the Phytates?,1.0,1.0,1.0,8504,59,5163,16710,2.0253,0.001171,10
2,A,Combined,0.9,1.1,10,Low Carb Diets Found to Feed Heart Disease,1.0,1.0,1.0,7937,59,5170,16658,2.0253,0.000806,10
2,A,Combined,0.9,1.1,10,How Curry Can Kill Cancer Cells,1.0,1.0,0.9556,7274,62,5149,15926,1.8344,0.000258,10
2,A,Combined,0.9,1.1,10,Testing Turmeric on Smokers,1.0,1.0,0.9556,7213,58,5141,15928,2.0253,0.000983,10
2,A,Combined,0.9,1.1,10,Alkylphenol Endocrine Disruptors and Allergies,1.0,1.0,0.9556,8813,61,5152,17467,2.0253,0.000452,10
2,A,Combined,0.9,1.1,10,Slowing Cognitive Decline with Berries,1.0,1.0,0.9556,7915,58,5145,16574,1.8867,0.00183,10
2,A,Combined,0.9,1.1,10,What is ‘Meat Glue’?,1.0,1.0,1.0,7807,59,5144,16476,1.8867,0.000273,10
2,A,Combined,0.9,1.1,10,Is Liquid Smoke Safe?,0.9,0.9499,0.9444,7902,59,5151,16572,1.8867,0.001206,10
2,A,Combined,0.9,1.1,10,Does Antioxidant Intake Matter for Stroke and Heart Disease?,1.0,1.0,0.9556,7769,59,5174,16488,1.6094,0.002096,10
2,A,Combined,0.9,1.1,10,Does Antioxidant Intake Matter for Cancer?,0.9,0.9415,1.0,8303,60,5148,17019,1.8344,0.001035,10
2,A,Combined,0.9,1.1,10,Is buying organic worth it? A review of the science in new DVD,1.0,0.9999,0.9556,7744,58,5171,16491,2.0253,0.000101,10
2,A,Combined,0.9,1.1,10,Orange Aromatherapy for Anxiety,1.0,1.0,1.0,7630,58,5142,16459,2.0253,0.006753,10
2,A,Combined,0.9,1.1,10,Food Manufacturers Get to Decide if Their Own Additives Are Safe,1.0,1.0,0.9556,8369,59,5140,17130,2.164,0.000372,10
2,A,Combined,0.9,1.1,10,Meat Industry Wins Right to Sell Tainted Meat,1.0,1.0,1.0,8886,58,5154,17577,1.8867,9.3e-05,10
2,A,Combined,0.9,1.1,10,Chicken Salmonella Outbreaks Show Food Safety Systems Failure,1.0,1.0,0.9556,7486,59,5146,16120,1.8344,0.000305,10
2,A,Combined,0.9,1.1,10,Viral Food Poisoning from Pesticides?,1.0,1.0,0.9111,8509,59,5153,17160,1.973,0.000815,10
2,A,Combined,0.9,1.1,10,The Reversal on Fish Oil,1.0,1.0,0.9111,8023,60,5149,16740,1.6957,3.3e-05,10
2,A,Combined,0.9,1.1,10,Are Multivitamins Just a Waste of Money?,1.0,1.0,0.9556,7637,59,5150,16573,2.164,0.00025,10
2,A,Rome,1.0,1.0,10,Breast Cancer Cells Feed on Cholesterol,1.0,1.0,1.0,23350,12711,11857,52713,1.8344,0.002867,10
2,A,Rome,1.0,1.0,10,Using Diet to Treat Asthma and Eczema,1.0,1.0,1.0,10202,7513,7671,29076,1.6957,0.003962,10
2,A,Rome,1.0,1.0,10,Treating Asthma With Plants vs. Pills,1.0,1.0,1.0,8799,5741,6775,25629,1.8867,0.005018,10
2,A,Rome,1.0,1.0,10,How Fruits and Vegetables Can Treat Asthma,1.0,1.0,1.0,7685,5744,6739,23605,1.8867,0.003889,10
2,A,Rome,1.0,1.0,10,How Fruits and Vegetables Can Prevent Asthma,1.0,1.0,1.0,8438,5743,6759,24440,1.7481,0.002246,10
2,A,Rome,1.0,1.0,10,Our Tax Dollars Subsidize Unhealthy Foods,1.0,1.0,1.0,7969,5774,6763,24173,1.8344,0.000264,10
2,A,Rome,1.0,1.0,10,Reducing Arsenic in Chicken and Rice,1.0,1.0,1.0,8313,5755,6736,23932,1.8344,0.0001,10
2,A,Rome,1.0,1.0,10,How Contaminated Are Our Children?,1.0,1.0,1.0,8528,5752,6743,24603,2.0253,0.00017,9
2,A,Rome,1.0,1.0,10,"Blood Type Diet Perceived as ""Crass Fraud""",1.0,1.0,1.0,7156,5743,6744,23221,1.8867,0.00039,10
2,A,Rome,1.0,1.0,10,Why Do Heart Doctors Favor Surgery and Drugs Over Diet?,1.0,1.0,1.0,8048,5745,6762,24089,1.7481,0.000481,10
2,A,Rome,1.0,1.0,10,Phytates in Beans: Anti-Nutrient or Anti-Cancer?,1.0,1.0,1.0,8219,5757,6743,24477,1.6094,0.000898,10
2,A,Rome,1.0,1.0,10,How Phytates Fight Cancer Cells,1.0,1.0,1.0,9300,5755,6741,25595,2.164,8.5e-05,10
2,A,Rome,1.0,1.0,10,Colon Cancer Prevention: Is it the Fiber or the Phytates?,1.0,1.0,1.0,8020,5743,6745,24086,2.0253,0.001258,10
2,A,Rome,1.0,1.0,10,Low Carb Diets Found to Feed Heart Disease,1.0,1.0,1.0,7820,5746,6746,24127,2.164,0.000777,10
2,A,Rome,1.0,1.0,10,How Curry Can Kill Cancer Cells,1.0,1.0,1.0,7344,5741,6740,23256,1.8344,0.000263,10
2,A,Rome,1.0,1.0,10,Testing Turmeric on Smokers,1.0,1.0,1.0,7898,5740,6752,23755,2.164,0.001032,10
2,A,Rome,1.0,1.0,10,Alkylphenol Endocrine Disruptors and Allergies,1.0,1.0,1.0,8685,5746,6774,26234,2.0253,0.000472,10
2,A,Rome,1.0,1.0,10,Slowing Cognitive Decline with Berries,1.0,1.0,1.0,9289,6052,6833,25675,1.8867,0.001869,10
2,A,Rome,1.0,1.0,10,What is ‘Meat Glue’?,1.0,1.0,1.0,7702,5756,6775,23814,2.164,0.000285,10
2,A,Rome,1.0,1.0,10,Is Liquid Smoke Safe?,1.0,1.0,1.0,8250,5746,6749,24424,1.8867,0.001226,10
2,A,Rome,1.0,1.0,10,Does Antioxidant Intake Matter for Stroke and Heart Disease?,1.0,1.0,1.0,7611,5759,6752,23850,1.6434,0.002092,10
2,A,Rome,1.0,1.0,10,Does Antioxidant Intake Matter for Cancer?,1.0,1.0,1.0,7018,5756,6752,23008,1.8344,0.001094,10
2,A,Rome,1.0,1.0,10,Is buying organic worth it? A review of the science in new DVD,1.0,1.0,1.0,7367,5753,6775,23486,2.3026,9.9e-05,10
2,A,Rome,1.0,1.0,10,Orange Aromatherapy for Anxiety,1.0,1.0,1.0,7948,5758,6748,24073,2.0253,0.006857,10
2,A,Rome,1.0,1.0,10,Food Manufacturers Get to Decide if Their Own Additives Are Safe,1.0,1.0,1.0,8089,5736,6751,24378,2.164,0.000376,10
2,A,Rome,1.0,1.0,10,Meat Industry Wins Right to Sell Tainted Meat,1.0,1.0,1.0,8586,5763,6750,24651,2.0253,9.1e-05,10
2,A,Rome,1.0,1.0,10,Chicken Salmonella Outbreaks Show Food Safety Systems Failure,1.0,1.0,1.0,8751,5742,6748,24828,2.0253,0.000323,10
2,A,Rome,1.0,1.0,10,Viral Food Poisoning from Pesticides?,1.0,1.0,1.0,7065,5768,6742,22966,1.8344,0.000857,10
2,A,Rome,1.0,1.0,10,The Reversal on Fish Oil,1.0,1.0,1.0,6949,5747,6745,22891,1.6957,2.9e-05,10
2,A,Rome,1.0,1.0,10,Are Multivitamins Just a Waste of Money?,1.0,1.0,1.0,8534,5752,6742,24532,2.0253,0.000249,10
2,A,RomeCombined,0.9,1.1,10,Breast Cancer Cells Feed on Cholesterol,1.0,1.0,0.9556,25565,13139,11151,54393,1.8344,0.002858,10
2,A,RomeCombined,0.9,1.1,10,Using Diet to Treat Asthma and Eczema,0.9,0.9509,0.8889,12331,7578,7890,31862,1.6957,0.003929,10
2,A,RomeCombined,0.9,1.1,10,Treating Asthma With Plants vs. Pills,1.0,1.0,1.0,7295,5779,6724,23408,1.8344,0.00498,10
2,A,RomeCombined,0.9,1.1,10,How Fruits and Vegetables Can Treat Asthma,1.0,1.0,1.0,9007,5784,6935,25556,1.6957,0.003848,10
2,A,RomeCombined,0.9,1.1,10,How Fruits and Vegetables Can Prevent Asthma,1.0,1.0,1.0,7891,5787,6773,24193,1.6094,0.002221,10
2,A,RomeCombined,0.9,1.1,10,Our Tax Dollars Subsidize Unhealthy Foods,1.0,1.0,1.0,7564,5806,6757,23027,1.8344,0.000256,10
2,A,RomeCombined,0.9,1.1,10,Reducing Arsenic in Chicken and Rice,1.0,0.9999,0.7778,7373,5786,6744,24062,1.4979,0.000101,9
2,A,RomeCombined,0.9,1.1,10,How Contaminated Are Our Children?,1.0,1.0,0.9111,8452,5803,6751,24587,1.8344,0.000173,10
2,A,RomeCombined,0.9,1.1,10,"Blood Type Diet Perceived as ""Crass Fraud""",1.0,1.0,1.0,7713,5790,6748,23592,2.0253,0.000371,10
2,A,RomeCombined,0.9,1.1,10,Why Do Heart Doctors Favor Surgery and Drugs Over Diet?,1.0,1.0,0.9111,8750,5798,6747,25259,1.8344,0.000479,10
2,A,RomeCombined,0.9,1.1,10,Phytates in Beans: Anti-Nutrient or Anti-Cancer?,1.0,1.0,0.9556,9151,5802,6754,25713,1.6957,0.000887,9
2,A,RomeCombined,0.9,1.1,10,How Phytates Fight Cancer Cells,1.0,1.0,0.9556,8010,5786,6756,23669,2.0253,9.2e-05,10
2,A,RomeCombined,0.9,1.1,10,Colon Cancer Prevention: Is it the Fiber or the Phytates?,1.0,1.0,1.0,8979,5790,6752,25216,1.8867,0.001295,10
2,A,RomeCombined,0.9,1.1,10,Low Carb Diets Found to Feed Heart Disease,1.0,1.0,1.0,8265,5791,6744,24293,2.164,0.000779,10
2,A,RomeCombined,0.9,1.1,10,How Curry Can Kill Cancer Cells,1.0,1.0,0.9111,8299,5794,6762,24849,1.8344,0.000267,10
2,A,RomeCombined,0.9,1.1,10,Testing Turmeric on Smokers,1.0,1.0,1.0,7715,5788,6785,24006,2.0253,0.001039,10
2,A,RomeCombined,0.9,1.1,10,Alkylphenol Endocrine Disruptors and Allergies,1.0,1.0,1.0,8095,5780,6742,24134,1.8867,0.000498,10
2,A,RomeCombined,0.9,1.1,10,Slowing Cognitive Decline with Berries,1.0,1.0,1.0,9036,5792,6780,25668,1.8867,0.001926,9
2,A,RomeCombined,0.9,1.1,10,What is ‘Meat Glue’?,1.0,1.0,1.0,7873,5802,6751,23964,2.0253,0.00028,10
2,A,RomeCombined,0.9,1.1,10,Is Liquid Smoke Safe?,0.9,0.9497,1.0,8881,5769,6916,25361,1.8867,0.001208,10
2,A,RomeCombined,0.9,1.1,10,Does Antioxidant Intake Matter for Stroke and Heart Disease?,1.0,1.0,1.0,8888,5853,6744,25408,1.6434,0.002124,10
2,A,RomeCombined,0.9,1.1,10,Does Antioxidant Intake Matter for Cancer?,0.9,0.9439,1.0,9037,5803,6794,25378,1.8867,0.001121,9
2,A,RomeCombined,0.9,1.1,10,Is buying organic worth it? A review of the science in new DVD,1.0,1.0,1.0,8687,5915,6728,25130,2.164,0.000102,10
2,A,RomeCombined,0.9,1.1,10,Orange Aromatherapy for Anxiety,1.0,1.0,1.0,8191,5787,6810,24598,2.0253,0.006699,10
2,A,RomeCombined,0.9,1.1,10,Food Manufacturers Get to Decide if Their Own Additives Are Safe,1.0,1.0,1.0,8279,5793,6745,23930,2.3026,0.000382,10
2,A,RomeCombined,0.9,1.1,10,Meat Industry Wins Right to Sell Tainted Meat,1.0,1.0,1.0,8127,5809,6779,24854,2.0253,9.4e-05,10
2,A,RomeCombined,0.9,1.1,10,Chicken Salmonella Outbreaks Show Food Safety Systems Failure,1.0,1.0,0.9556,8120,5812,6744,24279,2.0253,0.000313,10
2,A,RomeCombined,0.9,1.1,10,Viral Food Poisoning from Pesticides?,1.0,1.0,0.9556,8402,5772,6739,24511,1.973,0.000852,10
2,A,RomeCombined,0.9,1.1,10,The Reversal on Fish Oil,1.0,1.0,0.9111,8881,5815,6745,24870,2.164,2.9e-05,10
2,A,RomeCombined,0.9,1.1,10,Are Multivitamins Just a Waste of Money?,1.0,1.0,0.9556,8943,5769,6764,25565,2.0253,0.000248,10
2,A,Ckks,1.0,1.0,10,Breast Cancer Cells Feed on Cholesterol,1.0,1.0,1.0,24094,87321,36780105,36896881,1.8344,0.002867,10
2,A,Ckks,1.0,1.0,10,Using Diet to Treat Asthma and Eczema,1.0,1.0,1.0,13540,66774,36695950,36781196,1.6957,0.003962,10
2,A,Ckks,1.0,1.0,10,Treating Asthma With Plants vs. Pills,1.0,1.0,1.0,10430,66846,36690228,36772817,1.8867,0.005018,10
2,A,Ckks,1.0,1.0,10,How Fruits and Vegetables Can Treat Asthma,1.0,1.0,1.0,9465,66108,36561271,36642338,1.8867,0.003889,10
2,A,Ckks,1.0,1.0,10,How Fruits and Vegetables Can Prevent Asthma,1.0,1.0,1.0,14074,67555,36716776,36801554,1.7481,0.002246,10
2,A,Ckks,1.0,1.0,10,Our Tax Dollars Subsidize Unhealthy Foods,1.0,1.0,1.0,13100,69398,36733407,36820057,1.8344,0.000264,10
2,A,Ckks,1.0,1.0,10,Reducing Arsenic in Chicken and Rice,1.0,1.0,1.0,10196,70863,36888835,36975713,1.8344,0.0001,10
2,A,Ckks,1.0,1.0,10,How Contaminated Are Our Children?,1.0,1.0,1.0,14578,66638,36828607,36914078,2.0253,0.00017,9
2,A,Ckks,1.0,1.0,10,"Blood Type Diet Perceived as ""Crass Fraud""",1.0,1.0,1.0,10559,69380,36859124,36941715,1.8867,0.00039,10
2,A,Ckks,1.0,1.0,10,Why Do Heart Doctors Favor Surgery and Drugs Over Diet?,1.0,1.0,1.0,11858,69210,37180166,37266968,1.7481,0.000481,10
2,A,Ckks,1.0,1.0,10,Phytates in Beans: Anti-Nutrient or Anti-Cancer?,1.0,1.0,1.0,12863,70913,37045831,37133822,1.6094,0.000898,10
2,A,Ckks,1.0,1.0,10,How Phytates Fight Cancer Cells,1.0,1.0,1.0,11405,70701,36905061,36990055,2.164,8.5e-05,10
2,A,Ckks,1.0,1.0,10,Colon Cancer Prevention: Is it the Fiber or the Phytates?,1.0,1.0,1.0,12282,68041,36834789,36918680,2.0253,0.001258,10
2,A,Ckks,1.0,1.0,10,Low Carb Diets Found to Feed Heart Disease,1.0,1.0,1.0,10496,69088,36875912,36958751,2.164,0.000777,10
2,A,Ckks,1.0,1.0,10,How Curry Can Kill Cancer Cells,1.0,1.0,1.0,9826,69310,36948117,37031247,1.8344,0.000263,10
2,A,Ckks,1.0,1.0,10,Testing Turmeric on Smokers,1.0,1.0,1.0,10539,70008,36875238,36960068,2.164,0.001032,10
2,A,Ckks,1.0,1.0,10,Alkylphenol Endocrine Disruptors and Allergies,1.0,1.0,1.0,11413,70538,36946840,37032420,2.0253,0.000472,10
2,A,Ckks,1.0,1.0,10,Slowing Cognitive Decline with Berries,1.0,1.0,1.0,10236,70088,36986447,37071436,1.8867,0.001869,10
2,A,Ckks,1.0,1.0,10,What is ‘Meat Glue’?,1.0,1.0,1.0,14709,70220,36902437,36991795,2.164,0.000285,10
2,A,Ckks,1.0,1.0,10,Is Liquid Smoke Safe?,1.0,1.0,1.0,9955,69179,36913981,36996639,1.8867,0.001226,10
2,A,Ckks,1.0,1.0,10,Does Antioxidant Intake Matter for Stroke and Heart Disease?,1.0,1.0,1.0,11688,70484,36983722,37070202,1.6434,0.002092,10
2,A,Ckks,1.0,1.0,10,Does Antioxidant Intake Matter for Cancer?,1.0,1.0,1.0,9878,67565,36821556,36903718,1.8344,0.001094,10
2,A,Ckks,1.0,1.0,10,Is buying organic worth it? A review of the science in new DVD,1.0,1.0,1.0,12472,69247,36938406,37024106,2.3026,9.9e-05,10
2,A,Ckks,1.0,1.0,10,Orange Aromatherapy for Anxiety,1.0,1.0,1.0,10478,71592,36743589,36832041,2.0253,0.006857,10
2,A,Ckks,1.0,1.0,10,Food Manufacturers Get to Decide if Their Own Additives Are Safe,1.0,1.0,1.0,13989,68570,36749562,36835899,2.164,0.000376,10
2,A,Ckks,1.0,1.0,10,Meat Industry Wins Right to Sell Tainted Meat,1.0,1.0,1.0,10595,68218,36827215,36911215,2.0253,9.1e-05,10
2,A,Ckks,1.0,1.0,10,Chicken Salmonella Outbreaks Show Food Safety Systems Failure,1.0,1.0,1.0,14292,63861,36684423,36766602,2.0253,0.000323,10
2,A,Ckks,1.0,1.0,10,Viral Food Poisoning from Pesticides?,1.0,1.0,1.0,10109,66926,36788910,36870183,1.8344,0.000857,10
2,A,Ckks,1.0,1.0,10,The Reversal on Fish Oil,1.0,1.0,1.0,9580,68788,36908711,36991446,1.6957,2.9e-05,10
2,A,Ckks,1.0,1.0,10,Are Multivitamins Just a Waste of Money?,1.0,1.0,1.0,12096,68221,36805794,36890208,2.0253,0.000249,10
2,A,CkksCombined,0.9,1.1,10,Breast Cancer Cells Feed on Cholesterol,1.0,1.0,1.0,25855,87714,36798134,36916899,1.8344,0.002795,10
2,A,CkksCombined,0.9,1.1,10,Using Diet to Treat Asthma and Eczema,1.0,1.0,1.0,8736,67175,36736990,36817538,1.8867,0.003847,10
2,A,CkksCombined,0.9,1.1,10,Treating Asthma With Plants vs. Pills,1.0,1.0,0.9111,11009,67767,36745130,36827197,1.6957,0.004978,10
2,A,CkksCombined,0.9,1.1,10,How Fruits and Vegetables Can Treat Asthma,1.0,1.0,1.0,8087,68405,36882206,36962848,2.0253,0.003897,10
2,A,CkksCombined,0.9,1.1,10,How Fruits and Vegetables Can Prevent Asthma,1.0,0.9994,0.9556,8455,66110,36615117,36694342,1.7481,0.002238,10
2,A,CkksCombined,0.9,1.1,10,Our Tax Dollars Subsidize Unhealthy Foods,0.9,0.9448,1.0,8846,68358,36680843,36761763,2.0253,0.000266,10
2,A,CkksCombined,0.9,1.1,10,Reducing Arsenic in Chicken and Rice,1.0,1.0,0.9556,10241,66279,37186342,37267865,2.0253,9.5e-05,10
2,A,CkksCombined,0.9,1.1,10,How Contaminated Are Our Children?,1.0,1.0,1.0,13426,69324,36734335,36821654,1.8344,0.000172,9
2,A,CkksCombined,0.9,1.1,10,"Blood Type Diet Perceived as ""Crass Fraud""",1.0,1.0,1.0,9978,68829,36728626,36811891,2.0253,0.00038,10
2,A,CkksCombined,0.9,1.1,10,Why Do Heart Doctors Favor Surgery and Drugs Over Diet?,1.0,1.0,0.9111,9993,68006,36672194,36754589,1.8344,0.000483,10
2,A,CkksCombined,0.9,1.1,10,Phytates in Beans: Anti-Nutrient or Anti-Cancer?,1.0,1.0,1.0,9847,66857,36684164,36765182,1.8344,0.000884,10
2,A,CkksCombined,0.9,1.1,10,How Phytates Fight Cancer Cells,0.9,0.9405,0.8889,9527,66198,36670591,36750766,2.0253,8.1e-05,10
2,A,CkksCombined,0.9,1.1,10,Colon Cancer Prevention: Is it the Fiber or the Phytates?,1.0,0.9999,0.9111,10402,66895,36712291,36794296,1.8867,0.001236,10
2,A,CkksCombined,0.9,1.1,10,Low Carb Diets Found to Feed Heart Disease,0.9,0.9448,1.0,8979,68246,36669590,36751929,2.164,0.000755,10
2,A,CkksCombined,0.9,1.1,10,How Curry Can Kill Cancer Cells,1.0,0.9999,0.8667,11218,67158,36708297,36790415,1.8867,0.000248,10
2,A,CkksCombined,0.9,1.1,10,Testing Turmeric on Smokers,0.9,0.9477,0.8889,10130,68526,36659161,36742978,2.0253,0.001001,10
2,A,CkksCombined,0.9,1.1,10,Alkylphenol Endocrine Disruptors and Allergies,1.0,1.0,1.0,10362,66953,36583496,36665120,2.0253,0.000526,10
2,A,CkksCombined,0.9,1.1,10,Slowing Cognitive Decline with Berries,1.0,1.0,1.0,10392,68048,36654604,36737283,1.8867,0.001834,10
2,A,CkksCombined,0.9,1.1,10,What is ‘Meat Glue’?,1.0,1.0,1.0,10407,67959,36668163,36750751,2.0253,0.000286,10
2,A,CkksCombined,0.9,1.1,10,Is Liquid Smoke Safe?,1.0,1.0,1.0,11871,66936,36664248,36747390,1.8867,0.00115,10
2,A,CkksCombined,0.9,1.1,10,Does Antioxidant Intake Matter for Stroke and Heart Disease?,1.0,1.0,0.9556,12696,68424,36614982,36700742,1.6094,0.002001,10
2,A,CkksCombined,0.9,1.1,10,Does Antioxidant Intake Matter for Cancer?,1.0,0.9999,0.9111,10328,68371,36667567,36750556,1.8344,0.001066,10
2,A,CkksCombined,0.9,1.1,10,Is buying organic worth it? A review of the science in new DVD,1.0,0.9999,0.9556,10841,67816,36662727,36746037,2.164,9.9e-05,10
2,A,CkksCombined,0.9,1.1,10,Orange Aromatherapy for Anxiety,0.9,0.9559,1.0,10099,66854,36611077,36692337,2.0253,0.006774,10
2,A,CkksCombined,0.9,1.1,10,Food Manufacturers Get to Decide if Their Own Additives Are Safe,1.0,1.0,1.0,10298,68646,36679272,36762789,2.164,0.000392,10
2,A,CkksCombined,0.9,1.1,10,Meat Industry Wins Right to Sell Tainted Meat,1.0,1.0,1.0,9451,66814,36606601,36687132,2.0253,9e-05,10
2,A,CkksCombined,0.9,1.1,10,Chicken Salmonella Outbreaks Show Food Safety Systems Failure,1.0,1.0,1.0,10041,66952,36649542,36730847,2.0253,0.00032,10
2,A,CkksCombined,0.9,1.1,10,Viral Food Poisoning from Pesticides?,1.0,1.0,0.9111,9473,66637,36591031,36671611,1.8344,0.000832,10
2,A,CkksCombined,0.9,1.1,10,The Reversal on Fish Oil,1.0,0.9998,0.9111,8541,66984,36624061,36703838,1.8867,2.9e-05,10
2,A,CkksCombined,0.9,1.1,10,Are Multivitamins Just a Waste of Money?,1.0,1.0,0.9556,9335,67271,36644067,36724782,2.0253,0.000252,10
3,A,Scrambling,0.9,1.1,10,Breast Cancer Cells Feed on Cholesterol,1.0,1.0,1.0,22295,117,12283,39725,1.8344,0.002867,10
3,A,Scrambling,0.9,1.1,10,Using Diet to Treat Asthma and Eczema,1.0,1.0,1.0,14033,58,7847,26004,1.6957,0.003962,10
3,A,Scrambling,0.9,1.1,10,Treating Asthma With Plants vs. Pills,1.0,1.0,1.0,9101,40,5940,18730,1.8867,0.005018,10
3,A,Scrambling,0.9,1.1,10,How Fruits and Vegetables Can Treat Asthma,1.0,1.0,1.0,7881,33,5150,16574,1.8867,0.003889,10
3,A,Scrambling,0.9,1.1,10,How Fruits and Vegetables Can Prevent Asthma,1.0,1.0,1.0,7732,33,5147,16328,1.7481,0.002246,10
3,A,Scrambling,0.9,1.1,10,Our Tax Dollars Subsidize Unhealthy Foods,1.0,1.0,1.0,8493,35,5144,17196,1.8344,0.000264,10
3,A,Scrambling,0.9,1.1,10,Reducing Arsenic in Chicken and Rice,1.0,1.0,1.0,7921,33,5142,16616,1.8344,0.0001,10
3,A,Scrambling,0.9,1.1,10,How Contaminated Are Our Children?,1.0,1.0,1.0,7881,34,5147,16547,2.0253,0.00017,9
3,A,Scrambling,0.9,1.1,10,"Blood Type Diet Perceived as ""Crass Fraud""",1.0,1.0,1.0,8373,34,5167,17211,1.8867,0.00039,10
3,A,Scrambling,0.9,1.1,10,Why Do Heart Doctors Favor Surgery and Drugs Over Diet?,1.0,1.0,1.0,8961,33,5152,17681,1.7481,0.000481,10
3,A,Scrambling,0.9,1.1,10,Phytates in Beans: Anti-Nutrient or Anti-Cancer?,1.0,1.0,1.0,8699,36,5161,17266,1.6094,0.000898,10
3,A,Scrambling,0.9,1.1,10,How Phytates Fight Cancer Cells,1.0,1.0,1.0,8481,33,5146,17039,2.164,8.5e-05,10
3,A,Scrambling,0.9,1.1,10,Colon Cancer Prevention: Is it the Fiber or the Phytates?,1.0,1.0,1.0,7882,34,5149,16578,2.0253,0.001258,10
3,A,Scrambling,0.9,1.1,10,Low Carb Diets Found to Feed Heart Disease,1.0,1.0,1.0,8069,33,5166,17084,2.164,0.000777,10
3,A,Scrambling,0.9,1.1,10,How Curry Can Kill Cancer Cells,1.0,1.0,1.0,7936,33,5148,16778,1.8344,0.000263,10
3,A,Scrambling,0.9,1.1,10,Testing Turmeric on Smokers,1.0,1.0,1.0,8724,36,5141,17282,2.164,0.001032,10
3,A,Scrambling,0.9,1.1,10,Alkylphenol Endocrine Disruptors and Allergies,1.0,1.0,1.0,8204,34,5150,16870,2.0253,0.000472,10
3,A,Scrambling,0.9,1.1,10,Slowing Cognitive Decline with Berries,1.0,1.0,1.0,7339,33,5145,15885,1.8867,0.001869,10
3,A,Scrambling,0.9,1.1,10,What is ‘Meat Glue’?,1.0,1.0,1.0,7819,33,5150,16446,2.164,0.000285,10
3,A,Scrambling,0.9,1.1,10,Is Liquid Smoke Safe?,1.0,1.0,1.0,8441,34,5156,17055,1.8867,0.001226,10
3,A,Scrambling,0.9,1.1,10,Does Antioxidant Intake Matter for Stroke and Heart Disease?,1.0,1.0,1.0,7960,34,5149,16655,1.6434,0.002092,10
3,A,Scrambling,0.9,1.1,10,Does Antioxidant Intake Matter for Cancer?,1.0,1.0,1.0,7106,33,5146,15691,1.8344,0.001094,10
3,A,Scrambling,0.9,1.1,10,Is buying organic worth it? A review of the science in new DVD,1.0,1.0,1.0,7601,34,5151,16939,2.3026,9.9e-05,10
3,A,Scrambling,0.9,1.1,10,Orange Aromatherapy for Anxiety,1.0,1.0,1.0,7873,35,5148,16427,2.0253,0.006857,10
3,A,Scrambling,0.9,1.1,10,Food Manufacturers Get to Decide if Their Own Additives Are Safe,1.0,1.0,1.0,8068,34,5142,16941,2.164,0.000376,10
3,A,Scrambling,0.9,1.1,10,Meat Industry Wins Right to Sell Tainted Meat,1.0,1.0,1.0,8057,33,5149,16670,2.0253,9.1e-05,10
3,A,Scrambling,0.9,1.1,10,Chicken Salmonella Outbreaks Show Food Safety Systems Failure,1.0,1.0,1.0,7400,34,5145,16105,2.0253,0.000323,10
3,A,Scrambling,0.9,1.1,10,Viral Food Poisoning from Pesticides?,1.0,1.0,1.0,7870,34,5144,17321,1.8344,0.000857,10
3,A,Scrambling,0.9,1.1,10,The Reversal on Fish Oil,1.0,1.0,1.0,6876,34,5152,15585,1.6957,2.9e-05,10
3,A,Scrambling,0.9,1.1,10,Are Multivitamins Just a Waste of Money?,1.0,1.0,1.0,8618,34,5148,17172,2.0253,0.000249,10
3,A,Noise,0.9,1.1,10,Breast Cancer Cells Feed on Cholesterol,1.0,1.0,0.9556,23300,170,12407,40911,1.8344,0.002694,10
3,A,Noise,0.9,1.1,10,Using Diet to Treat Asthma and Eczema,0.9,0.951,1.0,13603,100,7826,25538,1.6957,0.003859,10
3,A,Noise,0.9,1.1,10,Treating Asthma With Plants vs. Pills,1.0,1.0,0.9556,10126,74,5922,19607,1.8867,0.004942,10
3,A,Noise,0.9,1.1,10,How Fruits and Vegetables Can Treat Asthma,1.0,1.0,1.0,8574,59,5168,17365,1.8344,0.003803,10
3,A,Noise,0.9,1.1,10,How Fruits and Vegetables Can Prevent Asthma,1.0,1.0,0.9556,7794,58,5146,16513,1.6094,0.002205,10
3,A,Noise,0.9,1.1,10,Our Tax Dollars Subsidize Unhealthy Foods,1.0,1.0,1.0,8441,63,5147,17264,2.0253,0.000261,10
3,A,Noise,0.9,1.1,10,Reducing Arsenic in Chicken and Rice,1.0,1.0,0.9556,8127,62,5140,16561,1.973,9.9e-05,10
3,A,Noise,0.9,1.1,10,How Contaminated Are Our Children?,1.0,1.0,0.9556,8144,61,5171,16900,2.0253,0.000168,10
3,A,Noise,0.9,1.1,10,"Blood Type Diet Perceived as ""Crass Fraud""",1.0,1.0,0.9556,7654,57,5151,16269,2.0253,0.000377,10
3,A,Noise,0.9,1.1,10,Why Do Heart Doctors Favor Surgery and Drugs Over Diet?,1.0,1.0,0.9556,7885,57,5160,16523,1.973,0.000472,10
3,A,Noise,0.9,1.1,10,Phytates in Beans: Anti-Nutrient or Anti-Cancer?,1.0,0.9999,0.9111,7520,58,5163,16186,1.6957,0.000869,10
3,A,Noise,0.9,1.1,10,How Phytates Fight Cancer Cells,1.0,0.9993,0.9111,7620,61,5177,16405,1.973,7.9e-05,10
3,A,Noise,0.9,1.1,10,Colon Cancer Prevention: Is it the Fiber or the Phytates?,1.0,1.0,1.0,7965,58,5151,16681,2.0253,0.001223,10
3,A,Noise,0.9,1.1,10,Low Carb Diets Found to Feed Heart Disease,1.0,1.0,0.9556,8238,58,5145,16929,2.164,0.000759,9
3,A,Noise,0.9,1.1,10,How Curry Can Kill Cancer Cells,1.0,1.0,0.9556,8014,61,5149,16624,2.0253,0.000271,10
3,A,Noise,0.9,1.1,10,Testing Turmeric on Smokers,0.9,0.9485,1.0,6863,59,5159,15471,2.3026,0.001043,10
3,A,Noise,0.9,1.1,10,Alkylphenol Endocrine Disruptors and Allergies,1.0,1.0,0.9556,7448,60,5146,16097,2.0253,0.000482,10
3,A,Noise,0.9,1.1,10,Slowing Cognitive Decline with Berries,1.0,1.0,1.0,7790,58,5167,16693,1.8867,0.001821,10
3,A,Noise,0.9,1.1,10,What is ‘Meat Glue’?,1.0,1.0,1.0,7794,59,5146,16398,2.164,0.000284,10
3,A,Noise,0.9,1.1,10,Is Liquid Smoke Safe?,0.9,0.9499,0.9444,8143,63,5143,16867,1.8867,0.001248,10
3,A,Noise,0.9,1.1,10,Does Antioxidant Intake Matter for Stroke and Heart Disease?,1.0,1.0,0.9556,8550,58,5145,17169,1.7481,0.001945,10
3,A,Noise,0.9,1.1,10,Does Antioxidant Intake Matter for Cancer?,1.0,0.9999,0.9556,8495,58,5153,17175,1.8344,0.001053,10
3,A,Noise,0.9,1.1,10,Is buying organic worth it? A review of the science in new DVD,1.0,1.0,1.0,9975,59,5152,18527,2.3026,0.000107,10
3,A,Noise,0.9,1.1,10,Orange Aromatherapy for Anxiety,1.0,1.0,1.0,8067,57,5142,16672,2.0253,0.006914,10
3,A,Noise,0.9,1.1,10,Food Manufacturers Get to Decide if Their Own Additives Are Safe,1.0,1.0,0.9556,7456,60,5152,15219,2.164,0.00036,10
3,A,Noise,0.9,1.1,10,Meat Industry Wins Right to Sell Tainted Meat,1.0,1.0,1.0,7599,60,5140,15757,1.8867,8.9e-05,10
3,A,Noise,0.9,1.1,10,Chicken Salmonella Outbreaks Show Food Safety Systems Failure,1.0,0.9999,0.9556,8385,58,5148,17015,1.8867,0.0003,10
3,A,Noise,0.9,1.1,10,Viral Food Poisoning from Pesticides?,1.0,1.0,0.9556,7591,58,5165,16154,1.8344,0.000873,10
3,A,Noise,0.9,1.1,10,The Reversal on Fish Oil,1.0,0.9999,0.8667,7581,58,5141,16338,1.8867,2.9e-05,10
3,A,Noise,0.9,1.1,10,Are Multivitamins Just a Waste of Money?,1.0,1.0,1.0,7499,60,5140,16078,2.0253,0.000253,10
3,A,Combined,0.9,1.1,10,Breast Cancer Cells Feed on Cholesterol,1.0,1.0,0.9556,22962,177,11916,40436,1.8344,0.002808,10
3,A,Combined,0.9,1.1,10,Using Diet to Treat Asthma and Eczema,0.9,0.951,1.0,13292,101,7935,24387,1.6957,0.003952,10
3,A,Combined,0.9,1.1,10,Treating Asthma With Plants vs. Pills,1.0,1.0,1.0,10759,75,5920,20564,1.8867,0.005093,10
3,A,Combined,0.9,1.1,10,How Fruits and Vegetables Can Treat Asthma,1.0,1.0,1.0,8500,62,5153,17560,1.8344,0.003958,10
3,A,Combined,0.9,1.1,10,How Fruits and Vegetables Can Prevent Asthma,1.0,1.0,1.0,7517,58,5154,16491,1.8867,0.002303,10
3,A,Combined,0.9,1.1,10,Our Tax Dollars Subsidize Unhealthy Foods,0.9,0.9448,0.8889,7097,62,5144,15695,1.8344,0.000264,10
3,A,Combined,0.9,1.1,10,Reducing Arsenic in Chicken and Rice,1.0,1.0,1.0,8317,60,5154,17014,1.8344,9.9e-05,10
3,A,Combined,0.9,1.1,10,How Contaminated Are Our Children?,1.0,0.9991,0.8667,7260,57,5148,15981,1.973,0.000164,10
3,A,Combined,0.9,1.1,10,"Blood Type Diet Perceived as ""Crass Fraud""",1.0,1.0,1.0,7606,61,5148,16320,2.164,0.000391,10
3,A,Combined,0.9,1.1,10,Why Do Heart Doctors Favor Surgery and Drugs Over Diet?,0.9,0.9416,0.8889,8029,65,5147,17042,1.8344,0.00045,10
3,A,Combined,0.9,1.1,10,Phytates in Beans: Anti-Nutrient or Anti-Cancer?,1.0,1.0,1.0,8155,63,5153,16934,1.7481,0.000872,10
3,A,Combined,0.9,1.1,10,How Phytates Fight Cancer Cells,0.9,0.9396,0.7778,8649,59,5148,17765,1.973,9e-05,9
3,A,Combined,0.9,1.1,10,Colon Cancer Prevention: Is it the Fiber or the Phytates?,1.0,1.0,1.0,8248,58,5143,17130,1.8867,0.001207,10
3,A,Combined,0.9,1.1,10,Low Carb Diets Found to Feed Heart Disease,0.9,0.9448,1.0,8373,59,5140,17256,2.164,0.00079,10
3,A,Combined,0.9,1.1,10,How Curry Can Kill Cancer Cells,1.0,1.0,0.9556,8396,58,5141,17269,1.8344,0.000267,10
3,A,Combined,0.9,1.1,10,Testing Turmeric on Smokers,0.9,0.9485,1.0,8069,59,5152,16598,2.164,0.001007,10
3,A,Combined,0.9,1.1,10,Alkylphenol Endocrine Disruptors and Allergies,1.0,0.9998,0.9556,7986,59,5255,16838,2.0253,0.000479,10
3,A,Combined,0.9,1.1,10,Slowing Cognitive Decline with Berries,1.0,1.0,0.9556,7975,60,5154,16761,1.8867,0.001798,10
3,A,Combined,0.9,1.1,10,What is ‘Meat Glue’?,1.0,1.0,1.0,8049,60,5142,16754,2.0253,0.000279,10
3,A,Combined,0.9,1.1,10,Is Liquid Smoke Safe?,0.9,0.9477,0.9444,8296,59,5144,17006,1.8867,0.001269,9
3,A,Combined,0.9,1.1,10,Does Antioxidant Intake Matter for Stroke and Heart Disease?,1.0,1.0,1.0,8057,58,5142,16788,1.6434,0.00209,10
3,A,Combined,0.9,1.1,10,Does Antioxidant Intake Matter for Cancer?,0.9,0.9415,1.0,7553,59,5141,16593,1.6434,0.001018,10
3,A,Combined,0.9,1.1,10,Is buying organic worth it? A review of the science in new DVD,1.0,0.9999,0.9556,7878,60,5142,16452,2.0253,9.7e-05,10
3,A,Combined,0.9,1.1,10,Orange Aromatherapy for Anxiety,1.0,1.0,1.0,7645,59,5149,16658,2.0253,0.006846,10
3,A,Combined,0.9,1.1,10,Food Manufacturers Get to Decide if Their Own Additives Are Safe,1.0,1.0,1.0,8788,60,5157,17414,2.0253,0.000357,10
3,A,Combined,0.9,1.1,10,Meat Industry Wins Right to Sell Tainted Meat,0.9,0.9462,1.0,8144,60,5146,16736,2.0253,8.9e-05,10
3,A,Combined,0.9,1.1,10,Chicken Salmonella Outbreaks Show Food Safety Systems Failure,1.0,1.0,0.9556,7477,60,5147,16171,2.0253,0.00032,10
3,A,Combined,0.9,1.1,10,Viral Food Poisoning from Pesticides?,1.0,1.0,0.9556,8241,59,5146,16926,1.8344,0.000841,10
3,A,Combined,0.9,1.1,10,The Reversal on Fish Oil,0.9,0.9397,0.8889,7945,58,5143,16717,1.7481,3.1e-05,9
3,A,Combined,0.9,1.1,10,Are Multivitamins Just a Waste of Money?,1.0,1.0,0.9556,7548,58,5146,16090,2.164,0.000241,10
3,A,Rome,1.0,1.0,10,Breast Cancer Cells Feed on Cholesterol,1.0,1.0,1.0,20435,14463,12422,51753,1.8344,0.002867,10
3,A,Rome,1.0,1.0,10,Using Diet to Treat Asthma and Eczema,1.0,1.0,1.0,11065,7498,7833,30420,1.6957,0.003962,10
3,A,Rome,1.0,1.0,10,Treating Asthma With Plants vs. Pills,1.0,1.0,1.0,8844,5761,6751,25452,1.8867,0.005018,10
3,A,Rome,1.0,1.0,10,How Fruits and Vegetables Can Treat Asthma,1.0,1.0,1.0,7941,5767,6748,24218,1.8867,0.003889,10
3,A,Rome,1.0,1.0,10,How Fruits and Vegetables Can Prevent Asthma,1.0,1.0,1.0,7639,5761,6748,23736,1.7481,0.002246,10
3,A,Rome,1.0,1.0,10,Our Tax Dollars Subsidize Unhealthy Foods,1.0,1.0,1.0,8075,5762,6748,24289,1.8344,0.000264,10
3,A,Rome,1.0,1.0,10,Reducing Arsenic in Chicken and Rice,1.0,1.0,1.0,8372,5734,6735,24444,1.8344,0.0001,10
3,A,Rome,1.0,1.0,10,How Contaminated Are Our Children?,1.0,1.0,1.0,7789,5772,6755,23972,2.0253,0.00017,9
3,A,Rome,1.0,1.0,10,"Blood Type Diet Perceived as ""Crass Fraud""",1.0,1.0,1.0,7815,5765,6745,23780,1.8867,0.00039,10
3,A,Rome,1.0,1.0,10,Why Do Heart Doctors Favor Surgery and Drugs Over Diet?,1.0,1.0,1.0,9056,5749,6749,25016,1.7481,0.000481,10
3,A,Rome,1.0,1.0,10,Phytates in Beans: Anti-Nutrient or Anti-Cancer?,1.0,1.0,1.0,8381,5769,6740,24393,1.6094,0.000898,10
3,A,Rome,1.0,1.0,10,How Phytates Fight Cancer Cells,1.0,1.0,1.0,8434,5747,6743,24499,2.164,8.5e-05,10
3,A,Rome,1.0,1.0,10,Colon Cancer Prevention: Is it the Fiber or the Phytates?,1.0,1.0,1.0,8656,5778,6767,24830,2.0253,0.001258,10
3,A,Rome,1.0,1.0,10,Low Carb Diets Found to Feed Heart Disease,1.0,1.0,1.0,8123,5748,6742,24069,2.164,0.000777,10
3,A,Rome,1.0,1.0,10,How Curry Can Kill Cancer Cells,1.0,1.0,1.0,8340,5762,6768,24328,1.8344,0.000263,10
3,A,Rome,1.0,1.0,10,Testing Turmeric on Smokers,1.0,1.0,1.0,8705,5746,6747,24769,2.164,0.001032,10
3,A,Rome,1.0,1.0,10,Alkylphenol Endocrine Disruptors and Allergies,1.0,1.0,1.0,8430,5738,6756,24426,2.0253,0.000472,10
3,A,Rome,1.0,1.0,10,Slowing Cognitive Decline with Berries,1.0,1.0,1.0,8153,5775,6744,24177,1.8867,0.001869,10
3,A,Rome,1.0,1.0,10,What is ‘Meat Glue’?,1.0,1.0,1.0,7817,5782,6744,24451,2.164,0.000285,10
3,A,Rome,1.0,1.0,10,Is Liquid Smoke Safe?,1.0,1.0,1.0,7056,5760,6744,22967,1.8867,0.001226,10
3,A,Rome,1.0,1.0,10,Does Antioxidant Intake Matter for Stroke and Heart Disease?,1.0,1.0,1.0,7666,5792,6750,23773,1.6434,0.002092,10
3,A,Rome,1.0,1.0,10,Does Antioxidant Intake Matter for Cancer?,1.0,1.0,1.0,8227,5757,6757,24180,1.8344,0.001094,10
3,A,Rome,1.0,1.0,10,Is buying organic worth it? A review of the science in new DVD,1.0,1.0,1.0,8001,5753,6744,23990,2.3026,9.9e-05,10
3,A,Rome,1.0,1.0,10,Orange Aromatherapy for Anxiety,1.0,1.0,1.0,8574,5753,6750,24550,2.0253,0.006857,10
3,A,Rome,1.0,1.0,10,Food Manufacturers Get to Decide if Their Own Additives Are Safe,1.0,1.0,1.0,8222,5745,6745,24304,2.164,0.000376,10
3,A,Rome,1.0,1.0,10,Meat Industry Wins Right to Sell Tainted Meat,1.0,1.0,1.0,8255,5748,6746,24614,2.0253,9.1e-05,10
3,A,Rome,1.0,1.0,10,Chicken Salmonella Outbreaks Show Food Safety Systems Failure,1.0,1.0,1.0,7840,5762,6745,23652,2.0253,0.000323,10
3,A,Rome,1.0,1.0,10,Viral Food Poisoning from Pesticides?,1.0,1.0,1.0,8597,5784,6744,24593,1.8344,0.000857,10
3,A,Rome,1.0,1.0,10,The Reversal on Fish Oil,1.0,1.0,1.0,7884,5776,6744,23948,1.6957,2.9e-05,10
3,A,Rome,1.0,1.0,10,Are Multivitamins Just a Waste of Money?,1.0,1.0,1.0,7837,5770,6739,23913,2.0253,0.000249,10
3,A,RomeCombined,0.9,1.1,10,Breast Cancer Cells Feed on Cholesterol,1.0,1.0,0.9556,20988,14388,12253,51425,1.8344,0.002778,10
3,A,RomeCombined,0.9,1.1,10,Using Diet to Treat Asthma and Eczema,0.9,0.9509,0.8889,11323,7627,7996,30876,1.6957,0.003982,10
3,A,RomeCombined,0.9,1.1,10,Treating Asthma With Plants vs. Pills,1.0,1.0,1.0,8366,5823,6746,24488,1.8867,0.004975,10
3,A,RomeCombined,0.9,1.1,10,How Fruits and Vegetables Can Treat Asthma,1.0,1.0,1.0,8326,5778,6750,24434,1.8344,0.00387,10
3,A,RomeCombined,0.9,1.1,10,How Fruits and Vegetables Can Prevent Asthma,1.0,1.0,1.0,8199,5797,6742,24329,1.8867,0.002236,10
3,A,RomeCombined,0.9,1.1,10,Our Tax Dollars Subsidize Unhealthy Foods,1.0,1.0,1.0,8061,5791,6741,24062,2.164,0.000256,10
3,A,RomeCombined,0.9,1.1,10,Reducing Arsenic in Chicken and Rice,1.0,1.0,0.9556,8451,5788,6766,24525,1.8344,9.5e-05,9
3,A,RomeCombined,0.9,1.1,10,How Contaminated Are Our Children?,1.0,1.0,1.0,8521,5800,6747,24551,2.0253,0.000183,10
3,A,RomeCombined,0.9,1.1,10,"Blood Type Diet Perceived as ""Crass Fraud""",1.0,1.0,1.0,8158,5799,6750,24234,1.8867,0.000393,10
3,A,RomeCombined,0.9,1.1,10,Why Do Heart Doctors Favor Surgery and Drugs Over Diet?,1.0,1.0,0.9111,7851,5818,6740,24008,1.8344,0.000474,10
3,A,RomeCombined,0.9,1.1,10,Phytates in Beans: Anti-Nutrient or Anti-Cancer?,1.0,1.0,1.0,8646,5772,6749,24605,1.6957,0.000877,9
3,A,RomeCombined,0.9,1.1,10,How Phytates Fight Cancer Cells,0.9,0.9406,1.0,8451,5780,6746,24887,2.164,8.4e-05,10
3,A,RomeCombined,0.9,1.1,10,Colon Cancer Prevention: Is it the Fiber or the Phytates?,1.0,1.0,1.0,7725,5797,6744,23786,2.0253,0.001255,10
3,A,RomeCombined,0.9,1.1,10,Low Carb Diets Found to Feed Heart Disease,0.9,0.9425,1.0,8748,5796,6782,24926,2.164,0.000771,10
3,A,RomeCombined,0.9,1.1,10,How Curry Can Kill Cancer Cells,1.0,0.9998,0.8667,8122,5807,6760,24322,1.8344,0.000249,10
3,A,RomeCombined,0.9,1.1,10,Testing Turmeric on Smokers,0.9,0.9485,1.0,8634,5773,6741,25185,2.0253,0.001002,10
3,A,RomeCombined,0.9,1.1,10,Alkylphenol Endocrine Disruptors and Allergies,1.0,0.9998,0.9111,8372,5913,6738,24517,2.0253,0.000459,10
3,A,RomeCombined,0.9,1.1,10,Slowing Cognitive Decline with Berries,1.0,1.0,0.9556,8402,5792,6741,24631,1.8867,0.001928,10
3,A,RomeCombined,0.9,1.1,10,What is ‘Meat Glue’?,1.0,1.0,1.0,7844,5778,6756,23864,2.164,0.000294,10
3,A,RomeCombined,0.9,1.1,10,Is Liquid Smoke Safe?,1.0,1.0,1.0,7648,5800,6749,23722,1.7481,0.001174,10
3,A,RomeCombined,0.9,1.1,10,Does Antioxidant Intake Matter for Stroke and Heart Disease?,1.0,1.0,0.9556,8453,5789,6754,24488,1.7481,0.002051,10
3,A,RomeCombined,0.9,1.1,10,Does Antioxidant Intake Matter for Cancer?,0.9,0.9439,1.0,7968,5808,6768,24301,1.8867,0.001095,10
3,A,RomeCombined,0.9,1.1,10,Is buying organic worth it? A review of the science in new DVD,1.0,1.0,1.0,8406,5778,6770,24468,2.0253,0.000101,10
3,A,RomeCombined,0.9,1.1,10,Orange Aromatherapy for Anxiety,0.9,0.9559,1.0,7984,5785,6737,24209,2.0253,0.006693,10
3,A,RomeCombined,0.9,1.1,10,Food Manufacturers Get to Decide if Their Own Additives Are Safe,1.0,1.0,1.0,8149,6044,6787,24806,2.164,0.000372,10
3,A,RomeCombined,0.9,1.1,10,Meat Industry Wins Right to Sell Tainted Meat,0.9,0.9462,1.0,8717,5792,6749,24692,2.164,8.8e-05,10
3,A,RomeCombined,0.9,1.1,10,Chicken Salmonella Outbreaks Show Food Safety Systems Failure,0.9,0.9428,0.9444,7888,5807,6745,24056,2.0253,0.000316,10
3,A,RomeCombined,0.9,1.1,10,Viral Food Poisoning from Pesticides?,1.0,1.0,0.9556,7972,5797,6752,24091,1.8344,0.000847,10
3,A,RomeCombined,0.9,1.1,10,The Reversal on Fish Oil,1.0,1.0,0.9556,7958,5791,6743,24386,2.0253,3e-05,10
3,A,RomeCombined,0.9,1.1,10,Are Multivitamins Just a Waste of Money?,1.0,1.0,1.0,8238,5782,6743,24532,2.164,0.000258,10
3,A,Ckks,1.0,1.0,10,Breast Cancer Cells Feed on Cholesterol,1.0,1.0,1.0,23543,88692,36714171,36831501,1.8344,0.002867,10
3,A,Ckks,1.0,1.0,10,Using Diet to Treat Asthma and Eczema,1.0,1.0,1.0,10330,68157,36652234,36735123,1.6957,0.003962,10
3,A,Ckks,1.0,1.0,10,Treating Asthma With Plants vs. Pills,1.0,1.0,1.0,8947,66979,36606785,36687037,1.8867,0.005018,10
3,A,Ckks,1.0,1.0,10,How Fruits and Vegetables Can Treat Asthma,1.0,1.0,1.0,9075,63572,36692389,36769367,1.8867,0.003889,10
3,A,Ckks,1.0,1.0,10,How Fruits and Vegetables Can Prevent Asthma,1.0,1.0,1.0,9584,68423,36653198,36735595,1.7481,0.002246,10
3,A,Ckks,1.0,1.0,10,Our Tax Dollars Subsidize Unhealthy Foods,1.0,1.0,1.0,8724,67527,36694251,36774978,1.8344,0.000264,10
3,A,Ckks,1.0,1.0,10,Reducing Arsenic in Chicken and Rice,1.0,1.0,1.0,10327,66727,36608348,36690343,1.8344,0.0001,10
3,A,Ckks,1.0,1.0,10,How Contaminated Are Our Children?,1.0,1.0,1.0,9178,68138,36655299,36736903,2.0253,0.00017,9
3,A,Ckks,1.0,1.0,10,"Blood Type Diet Perceived as ""Crass Fraud""",1.0,1.0,1.0,9075,68141,36681684,36763143,1.8867,0.00039,10
3,A,Ckks,1.0,1.0,10,Why Do Heart Doctors Favor Surgery and Drugs Over Diet?,1.0,1.0,1.0,10446,67039,36588082,36669024,1.7481,0.000481,10
3,A,Ckks,1.0,1.0,10,Phytates in Beans: Anti-Nutrient or Anti-Cancer?,1.0,1.0,1.0,9410,69318,36663971,36747276,1.6094,0.000898,10
3,A,Ckks,1.0,1.0,10,How Phytates Fight Cancer Cells,1.0,1.0,1.0,9796,66547,36581713,36662567,2.164,8.5e-05,10
3,A,Ckks,1.0,1.0,10,Colon Cancer Prevention: Is it the Fiber or the Phytates?,1.0,1.0,1.0,9638,67450,36688351,36769701,2.0253,0.001258,10
3,A,Ckks,1.0,1.0,10,Low Carb Diets Found to Feed Heart Disease,1.0,1.0,1.0,9239,66704,36592553,36672954,2.164,0.000777,10
3,A,Ckks,1.0,1.0,10,How Curry Can Kill Cancer Cells,1.0,1.0,1.0,8074,66660,36622280,36701396,1.8344,0.000263,10
3,A,Ckks,1.0,1.0,10,Testing Turmeric on Smokers,1.0,1.0,1.0,9256,66885,36649696,36730037,2.164,0.001032,10
3,A,Ckks,1.0,1.0,10,Alkylphenol Endocrine Disruptors and Allergies,1.0,1.0,1.0,9549,68001,36624902,36707177,2.0253,0.000472,10
3,A,Ckks,1.0,1.0,10,Slowing Cognitive Decline with Berries,1.0,1.0,1.0,9764,66845,36641871,36722800,1.8867,0.001869,10
3,A,Ckks,1.0,1.0,10,What is ‘Meat Glue’?,1.0,1.0,1.0,8714,66704,36668716,36747429,2.164,0.000285,10
3,A,Ckks,1.0,1.0,10,Is Liquid Smoke Safe?,1.0,1.0,1.0,9288,66961,36662804,36743170,1.8867,0.001226,10
3,A,Ckks,1.0,1.0,10,Does Antioxidant Intake Matter for Stroke and Heart Disease?,1.0,1.0,1.0,9009,66757,36606397,36686206,1.6434,0.002092,10
3,A,Ckks,1.0,1.0,10,Does Antioxidant Intake Matter for Cancer?,1.0,1.0,1.0,9578,67928,36650446,36730420,1.8344,0.001094,10
3,A,Ckks,1.0,1.0,10,Is buying organic worth it? A review of the science in new DVD,1.0,1.0,1.0,8685,66761,36640017,36720029,2.3026,9.9e-05,10
3,A,Ckks,1.0,1.0,10,Orange Aromatherapy for Anxiety,1.0,1.0,1.0,8129,68300,36668430,36749439,2.0253,0.006857,10
3,A,Ckks,1.0,1.0,10,Food Manufacturers Get to Decide if Their Own Additives Are Safe,1.0,1.0,1.0,9072,66706,36622672,36702609,2.164,0.000376,10
3,A,Ckks,1.0,1.0,10,Meat Industry Wins Right to Sell Tainted Meat,1.0,1.0,1.0,9370,67827,36661268,36742339,2.0253,9.1e-05,10
3,A,Ckks,1.0,1.0,10,Chicken Salmonella Outbreaks Show Food Safety Systems Failure,1.0,1.0,1.0,9630,67911,36798954,36880858,2.0253,0.000323,10
3,A,Ckks,1.0,1.0,10,Viral Food Poisoning from Pesticides?,1.0,1.0,1.0,11060,66266,36589169,36670199,1.8344,0.000857,10
3,A,Ckks,1.0,1.0,10,The Reversal on Fish Oil,1.0,1.0,1.0,9999,63721,36576863,36654795,1.6957,2.9e-05,10
3,A,Ckks,1.0,1.0,10,Are Multivitamins Just a Waste of Money?,1.0,1.0,1.0,9449,68269,36627435,36709381,2.0253,0.000249,10
3,A,CkksCombined,0.9,1.1,10,Breast Cancer Cells Feed on Cholesterol,1.0,1.0,1.0,24483,87387,36673349,36790019,1.8344,0.002748,9
3,A,CkksCombined,0.9,1.1,10,Using Diet to Treat Asthma and Eczema,1.0,0.9999,0.9111,9335,68037,36631488,36713877,1.8867,0.004029,10
3,A,CkksCombined,0.9,1.1,10,Treating Asthma With Plants vs. Pills,1.0,1.0,0.9556,8568,68261,36690125,36771298,1.8867,0.005033,10
3,A,CkksCombined,0.9,1.1,10,How Fruits and Vegetables Can Treat Asthma,1.0,1.0,1.0,8644,66877,36598298,36678005,2.0253,0.003871,10
3,A,CkksCombined,0.9,1.1,10,How Fruits and Vegetables Can Prevent Asthma,1.0,1.0,1.0,8365,66877,36722667,36802214,1.8867,0.002248,10
3,A,CkksCombined,0.9,1.1,10,Our Tax Dollars Subsidize Unhealthy Foods,1.0,1.0,1.0,9158,68397,36666726,36748425,2.0253,0.000257,10
3,A,CkksCombined,0.9,1.1,10,Reducing Arsenic in Chicken and Rice,1.0,1.0,1.0,9487,68514,36657542,36739753,1.973,0.000101,10
3,A,CkksCombined,0.9,1.1,10,How Contaminated Are Our Children?,0.9,0.9421,0.8889,9878,68614,36686163,36768760,2.164,0.000164,10
3,A,CkksCombined,0.9,1.1,10,"Blood Type Diet Perceived as ""Crass Fraud""",1.0,1.0,0.9556,8552,67441,36611113,36691461,2.0253,0.000399,10
3,A,CkksCombined,0.9,1.1,10,Why Do Heart Doctors Favor Surgery and Drugs Over Diet?,1.0,1.0,0.9556,8735,68523,36686500,36769017,1.973,0.000499,10
3,A,CkksCombined,0.9,1.1,10,Phytates in Beans: Anti-Nutrient or Anti-Cancer?,1.0,1.0,0.8667,9990,68308,36637401,36720083,1.6094,0.000911,10
3,A,CkksCombined,0.9,1.1,10,How Phytates Fight Cancer Cells,1.0,0.9999,0.9556,10593,66844,36607424,36689075,2.164,8.3e-05,10
3,A,CkksCombined,0.9,1.1,10,Colon Cancer Prevention: Is it the Fiber or the Phytates?,1.0,1.0,0.9556,8639,67175,36574933,36654934,2.164,0.001257,10
3,A,CkksCombined,0.9,1.1,10,Low Carb Diets Found to Feed Heart Disease,1.0,1.0,1.0,9788,69208,36691972,36776197,2.164,0.000736,10
3,A,CkksCombined,0.9,1.1,10,How Curry Can Kill Cancer Cells,1.0,0.9999,0.9556,9715,70351,36721529,36805496,1.8867,0.00027,10
3,A,CkksCombined,0.9,1.1,10,Testing Turmeric on Smokers,1.0,1.0,1.0,8933,67620,36772481,36853013,2.0253,0.001007,10
3,A,CkksCombined,0.9,1.1,10,Alkylphenol Endocrine Disruptors and Allergies,1.0,1.0,0.9556,9181,67288,36756102,36836355,2.164,0.000464,10
3,A,CkksCombined,0.9,1.1,10,Slowing Cognitive Decline with Berries,1.0,1.0,1.0,8845,68138,36790029,36871071,2.0253,0.001802,10
3,A,CkksCombined,0.9,1.1,10,What is ‘Meat Glue’?,1.0,1.0,1.0,8307,69097,36794312,36875606,2.164,0.000287,10
3,A,CkksCombined,0.9,1.1,10,Is Liquid Smoke Safe?,1.0,1.0,0.9556,8838,65305,36722311,36800531,2.0253,0.001203,10
3,A,CkksCombined,0.9,1.1,10,Does Antioxidant Intake Matter for Stroke and Heart Disease?,1.0,1.0,1.0,8938,68215,36710602,36792530,1.4979,0.001985,10
3,A,CkksCombined,0.9,1.1,10,Does Antioxidant Intake Matter for Cancer?,1.0,0.9999,0.8667,10200,68256,36635692,36718336,1.8344,0.001121,10
3,A,CkksCombined,0.9,1.1,10,Is buying organic worth it? A review of the science in new DVD,1.0,0.9999,0.9556,9487,66829,36677374,36757028,2.164,9.8e-05,10
3,A,CkksCombined,0.9,1.1,10,Orange Aromatherapy for Anxiety,1.0,1.0,1.0,9793,70727,36757985,36842757,2.0253,0.00678,10
3,A,CkksCombined,0.9,1.1,10,Food Manufacturers Get to Decide if Their Own Additives Are Safe,1.0,1.0,0.9556,9705,68205,36661199,36743724,1.8867,0.000368,10
3,A,CkksCombined,0.9,1.1,10,Meat Industry Wins Right to Sell Tainted Meat,1.0,1.0,1.0,9714,68223,36717373,36799985,2.0253,9.1e-05,10
3,A,CkksCombined,0.9,1.1,10,Chicken Salmonella Outbreaks Show Food Safety Systems Failure,0.9,0.943,1.0,10147,68227,36988542,37070965,2.0253,0.00032,9
3,A,CkksCombined,0.9,1.1,10,Viral Food Poisoning from Pesticides?,1.0,1.0,0.9556,10301,69427,36894300,36978477,1.6434,0.000839,10
3,A,CkksCombined,0.9,1.1,10,The Reversal on Fish Oil,1.0,0.9998,0.7333,10310,70163,37065306,37151481,1.8344,3.3e-05,10
3,A,CkksCombined,0.9,1.1,10,Are Multivitamins Just a Waste of Money?,1.0,1.0,1.0,22506,70187,36838115,36936558,2.0253,0.000249,10
4,A,Scrambling,0.9,1.1,10,Breast Cancer Cells Feed on Cholesterol,1.0,1.0,1.0,19450,106,11248,33843,1.8344,0.002867,10
4,A,Scrambling,0.9,1.1,10,Using Diet to Treat Asthma and Eczema,1.0,1.0,1.0,9918,36,7028,20409,1.6957,0.003962,10
4,A,Scrambling,0.9,1.1,10,Treating Asthma With Plants vs. Pills,1.0,1.0,1.0,10363,35,5148,18330,1.8867,0.005018,10
4,A,Scrambling,0.9,1.1,10,How Fruits and Vegetables Can Treat Asthma,1.0,1.0,1.0,8292,36,5147,17674,1.8867,0.003889,10
4,A,Scrambling,0.9,1.1,10,How Fruits and Vegetables Can Prevent Asthma,1.0,1.0,1.0,8434,36,5156,17533,1.7481,0.002246,10
4,A,Scrambling,0.9,1.1,10,Our Tax Dollars Subsidize Unhealthy Foods,1.0,1.0,1.0,9054,37,5197,18825,1.8344,0.000264,10
4,A,Scrambling,0.9,1.1,10,Reducing Arsenic in Chicken and Rice,1.0,1.0,1.0,8514,36,5108,18101,1.8344,0.0001,10
4,A,Scrambling,0.9,1.1,10,How Contaminated Are Our Children?,1.0,1.0,1.0,8305,36,5126,17762,2.0253,0.00017,9
4,A,Scrambling,0.9,1.1,10,"Blood Type Diet Perceived as ""Crass Fraud""",1.0,1.0,1.0,8854,94,5136,17828,1.8867,0.00039,10
4,A,Scrambling,0.9,1.1,10,Why Do Heart Doctors Favor Surgery and Drugs Over Diet?,1.0,1.0,1.0,8505,35,5145,18146,1.7481,0.000481,10
4,A,Scrambling,0.9,1.1,10,Phytates in Beans: Anti-Nutrient or Anti-Cancer?,1.0,1.0,1.0,8397,35,5151,17558,1.6094,0.000898,10
4,A,Scrambling,0.9,1.1,10,How Phytates Fight Cancer Cells,1.0,1.0,1.0,9032,36,5180,18962,2.164,8.5e-05,10
4,A,Scrambling,0.9,1.1,10,Colon Cancer Prevention: Is it the Fiber or the Phytates?,1.0,1.0,1.0,8284,35,5148,17416,2.0253,0.001258,10
4,A,Scrambling,0.9,1.1,10,Low Carb Diets Found to Feed Heart Disease,1.0,1.0,1.0,9074,36,5142,19019,2.164,0.000777,10
4,A,Scrambling,0.9,1.1,10,How Curry Can Kill Cancer Cells,1.0,1.0,1.0,9681,35,5144,18476,1.8344,0.000263,10
4,A,Scrambling,0.9,1.1,10,Testing Turmeric on Smokers,1.0,1.0,1.0,9151,37,5119,18362,2.164,0.001032,10
4,A,Scrambling,0.9,1.1,10,Alkylphenol Endocrine Disruptors and Allergies,1.0,1.0,1.0,8099,35,5149,17652,2.0253,0.000472,10
4,A,Scrambling,0.9,1.1,10,Slowing Cognitive Decline with Berries,1.0,1.0,1.0,8670,36,5144,18167,1.8867,0.001869,10
4,A,Scrambling,0.9,1.1,10,What is ‘Meat Glue’?,1.0,1.0,1.0,8381,36,5093,16676,2.164,0.000285,10
4,A,Scrambling,0.9,1.1,10,Is Liquid Smoke Safe?,1.0,1.0,1.0,9124,35,5229,18927,1.8867,0.001226,10
4,A,Scrambling,0.9,1.1,10,Does Antioxidant Intake Matter for Stroke and Heart Disease?,1.0,1.0,1.0,9333,36,5096,18823,1.6434,0.002092,10
4,A,Scrambling,0.9,1.1,10,Does Antioxidant Intake Matter for Cancer?,1.0,1.0,1.0,8891,35,5149,18738,1.8344,0.001094,10
4,A,Scrambling,0.9,1.1,10,Is buying organic worth it? A review of the science in new DVD,1.0,1.0,1.0,8701,35,5204,17657,2.3026,9.9e-05,10
4,A,Scrambling,0.9,1.1,10,Orange Aromatherapy for Anxiety,1.0,1.0,1.0,8972,35,5149,18766,2.0253,0.006857,10
4,A,Scrambling,0.9,1.1,10,Food Manufacturers Get to Decide if Their Own Additives Are Safe,1.0,1.0,1.0,8975,35,5173,18503,2.164,0.000376,10
4,A,Scrambling,0.9,1.1,10,Meat Industry Wins Right to Sell Tainted Meat,1.0,1.0,1.0,8405,35,5153,17249,2.0253,9.1e-05,10
4,A,Scrambling,0.9,1.1,10,Chicken Salmonella Outbreaks Show Food Safety Systems Failure,1.0,1.0,1.0,8818,36,5172,17528,2.0253,0.000323,10
4,A,Scrambling,0.9,1.1,10,Viral Food Poisoning from Pesticides?,1.0,1.0,1.0,8430,35,5149,16887,1.8344,0.000857,10
4,A,Scrambling,0.9,1.1,10,The Reversal on Fish Oil,1.0,1.0,1.0,7765,35,5151,16591,1.6957,2.9e-05,10
4,A,Scrambling,0.9,1.1,10,Are Multivitamins Just a Waste of Money?,1.0,1.0,1.0,8612,35,5146,19412,2.0253,0.000249,10
4,A,Noise,0.9,1.1,10,Breast Cancer Cells Feed on Cholesterol,1.0,1.0,0.9556,20901,160,12262,37758,1.8344,0.002862,10
4,A,Noise,0.9,1.1,10,Using Diet to Treat Asthma and Eczema,1.0,1.0,1.0,12921,100,7864,29231,1.6957,0.003863,10
4,A,Noise,0.9,1.1,10,Treating Asthma With Plants vs. Pills,1.0,1.0,0.9111,15275,78,7526,25328,1.6957,0.005021,10
4,A,Noise,0.9,1.1,10,How Fruits and Vegetables Can Treat Asthma,1.0,1.0,1.0,8219,60,5165,15822,1.8867,0.003934,10
4,A,Noise,0.9,1.1,10,How Fruits and Vegetables Can Prevent Asthma,1.0,1.0,0.9556,8016,63,5186,16767,1.7481,0.002271,10
4,A,Noise,0.9,1.1,10,Our Tax Dollars Subsidize Unhealthy Foods,1.0,1.0,1.0,7954,59,5171,17013,2.0253,0.000255,10
4,A,Noise,0.9,1.1,10,Reducing Arsenic in Chicken and Rice,1.0,1.0,0.9111,7899,62,5170,15726,2.0253,0.0001,10
4,A,Noise,0.9,1.1,10,How Contaminated Are Our Children?,1.0,1.0,1.0,8035,62,5155,17018,2.0253,0.000165,10
4,A,Noise,0.9,1.1,10,"Blood Type Diet Perceived as ""Crass Fraud""",1.0,1.0,0.9111,7751,62,5154,16485,1.8344,0.000391,10
4,A,Noise,0.9,1.1,10,Why Do Heart Doctors Favor Surgery and Drugs Over Diet?,1.0,1.0,0.9556,8211,62,5114,17338,1.4979,0.000494,9
4,A,Noise,0.9,1.1,10,Phytates in Beans: Anti-Nutrient or Anti-Cancer?,1.0,1.0,0.9556,8296,60,5143,17285,1.6094,0.000918,10
4,A,Noise,0.9,1.1,10,How Phytates Fight Cancer Cells,0.9,0.9406,1.0,7658,60,5157,16681,2.164,8.4e-05,10
4,A,Noise,0.9,1.1,10,Colon Cancer Prevention: Is it the Fiber or the Phytates?,1.0,1.0,1.0,7968,62,5151,16289,2.0253,0.00127,10
4,A,Noise,0.9,1.1,10,Low Carb Diets Found to Feed Heart Disease,0.9,0.9423,1.0,8208,60,5293,17447,2.164,0.000772,9
4,A,Noise,0.9,1.1,10,How Curry Can Kill Cancer Cells,1.0,1.0,0.9111,7229,61,5180,15938,1.7481,0.000258,10
4,A,Noise,0.9,1.1,10,Testing Turmeric on Smokers,0.9,0.9485,1.0,8073,59,5158,18797,2.0253,0.000988,10
4,A,Noise,0.9,1.1,10,Alkylphenol Endocrine Disruptors and Allergies,1.0,1.0,1.0,8018,60,5152,16258,2.0253,0.000477,10
4,A,Noise,0.9,1.1,10,Slowing Cognitive Decline with Berries,1.0,1.0,1.0,8333,60,5140,16915,1.8867,0.001814,10
4,A,Noise,0.9,1.1,10,What is ‘Meat Glue’?,1.0,1.0,1.0,8096,58,5170,16681,2.0253,0.000283,10
4,A,Noise,0.9,1.1,10,Is Liquid Smoke Safe?,1.0,1.0,1.0,8303,60,5174,17176,1.8867,0.001194,10
4,A,Noise,0.9,1.1,10,Does Antioxidant Intake Matter for Stroke and Heart Disease?,1.0,1.0,0.9556,7806,59,5158,16639,1.6094,0.00205,10
4,A,Noise,0.9,1.1,10,Does Antioxidant Intake Matter for Cancer?,0.9,0.9438,0.8889,7625,59,5163,15773,1.8344,0.001112,10
4,A,Noise,0.9,1.1,10,Is buying organic worth it? A review of the science in new DVD,1.0,0.9999,0.9556,7969,58,5154,16705,2.164,9.5e-05,10
4,A,Noise,0.9,1.1,10,Orange Aromatherapy for Anxiety,1.0,1.0,1.0,8143,60,5144,16914,2.0253,0.006879,10
4,A,Noise,0.9,1.1,10,Food Manufacturers Get to Decide if Their Own Additives Are Safe,1.0,1.0,1.0,8198,60,5151,16291,1.8867,0.000386,10
4,A,Noise,0.9,1.1,10,Meat Industry Wins Right to Sell Tainted Meat,1.0,1.0,1.0,8092,58,5150,16455,2.0253,9.3e-05,10
4,A,Noise,0.9,1.1,10,Chicken Salmonella Outbreaks Show Food Safety Systems Failure,0.9,0.943,0.9444,7576,57,5155,16768,2.164,0.000308,10
4,A,Noise,0.9,1.1,10,Viral Food Poisoning from Pesticides?,1.0,1.0,0.9556,7389,58,5146,15669,1.6957,0.000878,10
4,A,Noise,0.9,1.1,10,The Reversal on Fish Oil,1.0,1.0,0.9111,7601,58,5184,16742,1.8867,3.2e-05,10
4,A,Noise,0.9,1.1,10,Are Multivitamins Just a Waste of Money?,1.0,1.0,1.0,8050,60,5142,16727,2.164,0.000251,10
4,A,Combined,0.9,1.1,10,Breast Cancer Cells Feed on Cholesterol,1.0,1.0,1.0,22846,193,11933,39385,1.8344,0.002892,9
4,A,Combined,0.9,1.1,10,Using Diet to Treat Asthma and Eczema,1.0,1.0,0.9556,12845,93,7658,24502,1.6957,0.003953,10
4,A,Combined,0.9,1.1,10,Treating Asthma With Plants vs. Pills,1.0,1.0,0.9556,9968,71,5791,19239,1.6957,0.004977,10
4,A,Combined,0.9,1.1,10,How Fruits and Vegetables Can Treat Asthma,1.0,1.0,1.0,8063,60,5149,16475,1.8867,0.003853,10
4,A,Combined,0.9,1.1,10,How Fruits and Vegetables Can Prevent Asthma,1.0,1.0,1.0,7648,61,5179,16525,1.8867,0.002222,10
4,A,Combined,0.9,1.1,10,Our Tax Dollars Subsidize Unhealthy Foods,1.0,1.0,1.0,6940,59,5181,15921,1.8344,0.000262,10
4,A,Combined,0.9,1.1,10,Reducing Arsenic in Chicken and Rice,1.0,1.0,0.9556,7611,58,5140,16239,1.8344,9.4e-05,10
4,A,Combined,0.9,1.1,10,How Contaminated Are Our Children?,1.0,0.9993,0.8667,7713,62,5148,16121,1.973,0.000182,10
4,A,Combined,0.9,1.1,10,"Blood Type Diet Perceived as ""Crass Fraud""",1.0,1.0,1.0,7853,63,5157,16284,1.8867,0.000382,10
4,A,Combined,0.9,1.1,10,Why Do Heart Doctors Favor Surgery and Drugs Over Diet?,1.0,1.0,0.9111,8254,63,5168,16840,1.7481,0.00048,10
4,A,Combined,0.9,1.1,10,Phytates in Beans: Anti-Nutrient or Anti-Cancer?,1.0,1.0,0.9556,8828,61,5142,16568,1.6094,0.000909,10
4,A,Combined,0.9,1.1,10,How Phytates Fight Cancer Cells,1.0,1.0,1.0,8450,63,5162,16329,2.0253,8.7e-05,9
4,A,Combined,0.9,1.1,10,Colon Cancer Prevention: Is it the Fiber or the Phytates?,1.0,1.0,1.0,9041,63,5157,16809,2.0253,0.00125,10
4,A,Combined,0.9,1.1,10,Low Carb Diets Found to Feed Heart Disease,1.0,1.0,0.9556,8203,61,5185,16721,2.164,0.000763,10
4,A,Combined,0.9,1.1,10,How Curry Can Kill Cancer Cells,1.0,1.0,1.0,7918,61,5149,15602,2.0253,0.000255,10
4,A,Combined,0.9,1.1,10,Testing Turmeric on Smokers,1.0,1.0,0.9556,7369,63,5178,15810,2.0253,0.000988,10
4,A,Combined,0.9,1.1,10,Alkylphenol Endocrine Disruptors and Allergies,1.0,0.9998,0.9556,8786,62,5153,17696,2.0253,0.000489,10
4,A,Combined,0.9,1.1,10,Slowing Cognitive Decline with Berries,1.0,1.0,0.9556,8262,62,5160,17469,1.8867,0.001833,10
4,A,Combined,0.9,1.1,10,What is ‘Meat Glue’?,1.0,1.0,1.0,6952,64,5148,15715,2.164,0.000279,10
4,A,Combined,0.9,1.1,10,Is Liquid Smoke Safe?,1.0,1.0,1.0,7243,60,5154,15962,2.0253,0.001175,9
4,A,Combined,0.9,1.1,10,Does Antioxidant Intake Matter for Stroke and Heart Disease?,1.0,1.0,0.9556,7958,62,5146,17416,1.6094,0.002131,10
4,A,Combined,0.9,1.1,10,Does Antioxidant Intake Matter for Cancer?,0.9,0.9416,1.0,7485,59,5142,16766,1.8344,0.001098,10
4,A,Combined,0.9,1.1,10,Is buying organic worth it? A review of the science in new DVD,1.0,0.9999,0.9556,7255,61,5167,16094,2.164,9.7e-05,10
4,A,Combined,0.9,1.1,10,Orange Aromatherapy for Anxiety,1.0,1.0,1.0,7249,59,5149,15826,2.0253,0.006855,10
4,A,Combined,0.9,1.1,10,Food Manufacturers Get to Decide if Their Own Additives Are Safe,1.0,1.0,0.9556,8145,62,5185,17315,2.164,0.000367,10
4,A,Combined,0.9,1.1,10,Meat Industry Wins Right to Sell Tainted Meat,0.9,0.9462,1.0,8107,62,5155,16665,2.164,8.6e-05,10
4,A,Combined,0.9,1.1,10,Chicken Salmonella Outbreaks Show Food Safety Systems Failure,1.0,1.0,0.9556,7768,59,5138,16725,2.0253,0.000321,10
4,A,Combined,0.9,1.1,10,Viral Food Poisoning from Pesticides?,1.0,1.0,1.0,8180,59,5140,17045,1.8344,0.000833,10
4,A,Combined,0.9,1.1,10,The Reversal on Fish Oil,1.0,1.0,1.0,7594,63,5137,17343,2.0253,2.9e-05,10
4,A,Combined,0.9,1.1,10,Are Multivitamins Just a Waste of Money?,1.0,1.0,0.9556,8316,59,5168,17981,2.3026,0.000227,10
4,A,Rome,1.0,1.0,10,Breast Cancer Cells Feed on Cholesterol,1.0,1.0,1.0,28315,12026,11917,58962,1.8344,0.002867,10
4,A,Rome,1.0,1.0,10,Using Diet to Treat Asthma and Eczema,1.0,1.0,1.0,11405,7337,7654,30221,1.6957,0.003962,10
4,A,Rome,1.0,1.0,10,Treating Asthma With Plants vs. Pills,1.0,1.0,1.0,7667,5758,6751,23277,1.8867,0.005018,10
4,A,Rome,1.0,1.0,10,How Fruits and Vegetables Can Treat Asthma,1.0,1.0,1.0,7996,5760,6749,24284,1.8867,0.003889,10
4,A,Rome,1.0,1.0,10,How Fruits and Vegetables Can Prevent Asthma,1.0,1.0,1.0,7171,5771,6752,22598,1.7481,0.002246,10
4,A,Rome,1.0,1.0,10,Our Tax Dollars Subsidize Unhealthy Foods,1.0,1.0,1.0,8358,5836,6734,24694,1.8344,0.000264,10
4,A,Rome,1.0,1.0,10,Reducing Arsenic in Chicken and Rice,1.0,1.0,1.0,9637,5944,6785,25452,1.8344,0.0001,10
4,A,Rome,1.0,1.0,10,How Contaminated Are Our Children?,1.0,1.0,1.0,8886,5947,6754,24119,2.0253,0.00017,9
4,A,Rome,1.0,1.0,10,"Blood Type Diet Perceived as ""Crass Fraud""",1.0,1.0,1.0,8527,5896,6819,24511,1.8867,0.00039,10
4,A,Rome,1.0,1.0,10,Why Do Heart Doctors Favor Surgery and Drugs Over Diet?,1.0,1.0,1.0,8701,5818,6758,23751,1.7481,0.000481,10
4,A,Rome,1.0,1.0,10,Phytates in Beans: Anti-Nutrient or Anti-Cancer?,1.0,1.0,1.0,8023,5818,6727,22952,1.6094,0.000898,10
4,A,Rome,1.0,1.0,10,How Phytates Fight Cancer Cells,1.0,1.0,1.0,8570,5841,6702,24821,2.164,8.5e-05,10
4,A,Rome,1.0,1.0,10,Colon Cancer Prevention: Is it the Fiber or the Phytates?,1.0,1.0,1.0,8339,5811,6750,24467,2.0253,0.001258,10
4,A,Rome,1.0,1.0,10,Low Carb Diets Found to Feed Heart Disease,1.0,1.0,1.0,7953,5792,6782,24929,2.164,0.000777,10
4,A,Rome,1.0,1.0,10,How Curry Can Kill Cancer Cells,1.0,1.0,1.0,9072,5738,6889,25385,1.8344,0.000263,10
4,A,Rome,1.0,1.0,10,Testing Turmeric on Smokers,1.0,1.0,1.0,9100,5864,6702,24997,2.164,0.001032,10
4,A,Rome,1.0,1.0,10,Alkylphenol Endocrine Disruptors and Allergies,1.0,1.0,1.0,8526,5836,6801,24808,2.0253,0.000472,10
4,A,Rome,1.0,1.0,10,Slowing Cognitive Decline with Berries,1.0,1.0,1.0,8622,5921,6760,25459,1.8867,0.001869,10
4,A,Rome,1.0,1.0,10,What is ‘Meat Glue’?,1.0,1.0,1.0,9036,5748,6744,24252,2.164,0.000285,10
4,A,Rome,1.0,1.0,10,Is Liquid Smoke Safe?,1.0,1.0,1.0,9483,5822,6764,25119,1.8867,0.001226,10
4,A,Rome,1.0,1.0,10,Does Antioxidant Intake Matter for Stroke and Heart Disease?,1.0,1.0,1.0,8474,5927,6729,24241,1.6434,0.002092,10
4,A,Rome,1.0,1.0,10,Does Antioxidant Intake Matter for Cancer?,1.0,1.0,1.0,10161,5968,6793,25641,1.8344,0.001094,10
4,A,Rome,1.0,1.0,10,Is buying organic worth it? A review of the science in new DVD,1.0,1.0,1.0,8603,5933,6780,25247,2.3026,9.9e-05,10
4,A,Rome,1.0,1.0,10,Orange Aromatherapy for Anxiety,1.0,1.0,1.0,9550,5991,6781,25887,2.0253,0.006857,10
4,A,Rome,1.0,1.0,10,Food Manufacturers Get to Decide if Their Own Additives Are Safe,1.0,1.0,1.0,8189,5930,6763,24316,2.164,0.000376,10
4,A,Rome,1.0,1.0,10,Meat Industry Wins Right to Sell Tainted Meat,1.0,1.0,1.0,8918,5749,6719,24937,2.0253,9.1e-05,10
4,A,Rome,1.0,1.0,10,Chicken Salmonella Outbreaks Show Food Safety Systems Failure,1.0,1.0,1.0,8034,5773,6751,23836,2.0253,0.000323,10
4,A,Rome,1.0,1.0,10,Viral Food Poisoning from Pesticides?,1.0,1.0,1.0,8435,5746,6748,24595,1.8344,0.000857,10
4,A,Rome,1.0,1.0,10,The Reversal on Fish Oil,1.0,1.0,1.0,8313,5756,6739,24144,1.6957,2.9e-05,10
4,A,Rome,1.0,1.0,10,Are Multivitamins Just a Waste of Money?,1.0,1.0,1.0,8287,5750,6743,24180,2.0253,0.000249,10
4,A,RomeCombined,0.9,1.1,10,Breast Cancer Cells Feed on Cholesterol,1.0,1.0,0.9556,26964,13263,11849,55406,1.8344,0.002835,9
4,A,RomeCombined,0.9,1.1,10,Using Diet to Treat Asthma and Eczema,1.0,0.9999,0.9556,11202,7413,7525,29005,1.6957,0.003822,10
4,A,RomeCombined,0.9,1.1,10,Treating Asthma With Plants vs. Pills,1.0,1.0,0.9111,8667,5958,6731,24616,1.8867,0.00474,10
4,A,RomeCombined,0.9,1.1,10,How Fruits and Vegetables Can Treat Asthma,1.0,1.0,0.9556,9025,5923,6760,24451,2.0253,0.003737,10
4,A,RomeCombined,0.9,1.1,10,How Fruits and Vegetables Can Prevent Asthma,1.0,1.0,1.0,8439,5830,6709,23498,2.0253,0.002144,10
4,A,RomeCombined,0.9,1.1,10,Our Tax Dollars Subsidize Unhealthy Foods,1.0,1.0,1.0,8705,5883,6836,24233,1.6957,0.000262,10
4,A,RomeCombined,0.9,1.1,10,Reducing Arsenic in Chicken and Rice,1.0,1.0,0.9556,8540,5878,6736,24735,2.0253,9.8e-05,10
4,A,RomeCombined,0.9,1.1,10,How Contaminated Are Our Children?,1.0,1.0,0.9556,8906,5900,6733,25483,2.0253,0.000163,10
4,A,RomeCombined,0.9,1.1,10,"Blood Type Diet Perceived as ""Crass Fraud""",1.0,1.0,1.0,8216,5812,6818,24073,2.0253,0.000391,10
4,A,RomeCombined,0.9,1.1,10,Why Do Heart Doctors Favor Surgery and Drugs Over Diet?,1.0,1.0,0.9556,9113,5899,6829,24898,1.7481,0.000484,10
4,A,RomeCombined,0.9,1.1,10,Phytates in Beans: Anti-Nutrient or Anti-Cancer?,1.0,1.0,0.9111,8276,5860,6685,24317,1.7481,0.000887,10
4,A,RomeCombined,0.9,1.1,10,How Phytates Fight Cancer Cells,1.0,1.0,1.0,8542,5911,6757,23964,2.164,7.2e-05,10
4,A,RomeCombined,0.9,1.1,10,Colon Cancer Prevention: Is it the Fiber or the Phytates?,1.0,1.0,0.9556,7893,5850,6772,23362,1.8867,0.001216,10
4,A,RomeCombined,0.9,1.1,10,Low Carb Diets Found to Feed Heart Disease,1.0,1.0,1.0,8708,5813,6781,24887,2.164,0.000735,10
4,A,RomeCombined,0.9,1.1,10,How Curry Can Kill Cancer Cells,1.0,0.9999,0.9556,7605,5801,6785,24107,2.0253,0.000256,10
4,A,RomeCombined,0.9,1.1,10,Testing Turmeric on Smokers,0.9,0.9485,1.0,8200,5817,6749,24062,2.164,0.000984,10
4,A,RomeCombined,0.9,1.1,10,Alkylphenol Endocrine Disruptors and Allergies,1.0,1.0,1.0,8284,5800,6748,23754,2.164,0.000478,10
4,A,RomeCombined,0.9,1.1,10,Slowing Cognitive Decline with Berries,1.0,1.0,1.0,8870,5790,6743,25011,1.8867,0.001849,10
4,A,RomeCombined,0.9,1.1,10,What is ‘Meat Glue’?,1.0,1.0,1.0,8546,5777,6754,24765,2.164,0.000289,10
4,A,RomeCombined,0.9,1.1,10,Is Liquid Smoke Safe?,1.0,1.0,0.9556,8484,5810,6754,24087,1.8867,0.001182,10
4,A,RomeCombined,0.9,1.1,10,Does Antioxidant Intake Matter for Stroke and Heart Disease?,1.0,1.0,1.0,9218,5810,6784,24574,1.8344,0.002104,10
4,A,RomeCombined,0.9,1.1,10,Does Antioxidant Intake Matter for Cancer?,1.0,1.0,0.9556,8289,5824,6738,24794,1.6957,0.001092,10
4,A,RomeCombined,0.9,1.1,10,Is buying organic worth it? A review of the science in new DVD,1.0,1.0,1.0,7991,5785,6747,24197,2.164,9.9e-05,9
4,A,RomeCombined,0.9,1.1,10,Orange Aromatherapy for Anxiety,1.0,1.0,1.0,8353,5798,6754,24064,2.0253,0.00696,10
4,A,RomeCombined,0.9,1.1,10,Food Manufacturers Get to Decide if Their Own Additives Are Safe,1.0,1.0,1.0,8685,5817,6747,24513,1.973,0.000366,10
4,A,RomeCombined,0.9,1.1,10,Meat Industry Wins Right to Sell Tainted Meat,0.9,0.9462,1.0,7975,5785,6753,23389,2.164,8.9e-05,10
4,A,RomeCombined,0.9,1.1,10,Chicken Salmonella Outbreaks Show Food Safety Systems Failure,1.0,1.0,0.9111,8374,5823,6749,24494,2.0253,0.000306,10
4,A,RomeCombined,0.9,1.1,10,Viral Food Poisoning from Pesticides?,1.0,1.0,0.9556,8534,5821,6746,24655,1.973,0.000843,10
4,A,RomeCombined,0.9,1.1,10,The Reversal on Fish Oil,1.0,1.0,0.9556,7690,5788,6744,24286,1.973,2.9e-05,9
4,A,RomeCombined,0.9,1.1,10,Are Multivitamins Just a Waste of Money?,0.9,0.9434,0.9444,8278,5815,6753,24653,2.0253,0.000241,10
4,A,Ckks,1.0,1.0,10,Breast Cancer Cells Feed on Cholesterol,1.0,1.0,1.0,29186,86051,36719466,36838866,1.8344,0.002867,10
4,A,Ckks,1.0,1.0,10,Using Diet to Treat Asthma and Eczema,1.0,1.0,1.0,10323,68266,36693056,36777141,1.6957,0.003962,10
4,A,Ckks,1.0,1.0,10,Treating Asthma With Plants vs. Pills,1.0,1.0,1.0,13951,66932,37003799,37090269,1.8867,0.005018,10
4,A,Ckks,1.0,1.0,10,How Fruits and Vegetables Can Treat Asthma,1.0,1.0,1.0,11148,66802,37020982,37103785,1.8867,0.003889,10
4,A,Ckks,1.0,1.0,10,How Fruits and Vegetables Can Prevent Asthma,1.0,1.0,1.0,10496,68185,36961052,37044669,1.7481,0.002246,10
4,A,Ckks,1.0,1.0,10,Our Tax Dollars Subsidize Unhealthy Foods,1.0,1.0,1.0,10757,68780,36782509,36864695,1.8344,0.000264,10
4,A,Ckks,1.0,1.0,10,Reducing Arsenic in Chicken and Rice,1.0,1.0,1.0,14105,68211,36801458,36889703,1.8344,0.0001,10
4,A,Ckks,1.0,1.0,10,How Contaminated Are Our Children?,1.0,1.0,1.0,12661,68509,38069672,38157529,2.0253,0.00017,9
4,A,Ckks,1.0,1.0,10,"Blood Type Diet Perceived as ""Crass Fraud""",1.0,1.0,1.0,14511,67872,37076616,37164944,1.8867,0.00039,10
4,A,Ckks,1.0,1.0,10,Why Do Heart Doctors Favor Surgery and Drugs Over Diet?,1.0,1.0,1.0,17759,70489,37247112,37340422,1.7481,0.000481,10
4,A,Ckks,1.0,1.0,10,Phytates in Beans: Anti-Nutrient or Anti-Cancer?,1.0,1.0,1.0,20013,69951,36841450,36936584,1.6094,0.000898,10
4,A,Ckks,1.0,1.0,10,How Phytates Fight Cancer Cells,1.0,1.0,1.0,10117,68186,36663918,36746327,2.164,8.5e-05,10
4,A,Ckks,1.0,1.0,10,Colon Cancer Prevention: Is it the Fiber or the Phytates?,1.0,1.0,1.0,10572,69743,36742482,36827256,2.0253,0.001258,10
4,A,Ckks,1.0,1.0,10,Low Carb Diets Found to Feed Heart Disease,1.0,1.0,1.0,10321,66145,36691434,36771141,2.164,0.000777,10
4,A,Ckks,1.0,1.0,10,How Curry Can Kill Cancer Cells,1.0,1.0,1.0,9668,68775,36925612,37008012,1.8344,0.000263,10
4,A,Ckks,1.0,1.0,10,Testing Turmeric on Smokers,1.0,1.0,1.0,9193,68425,36705257,36786162,2.164,0.001032,10
4,A,Ckks,1.0,1.0,10,Alkylphenol Endocrine Disruptors and Allergies,1.0,1.0,1.0,9156,67019,36665438,36746086,2.0253,0.000472,10
4,A,Ckks,1.0,1.0,10,Slowing Cognitive Decline with Berries,1.0,1.0,1.0,9471,68388,36612015,36694654,1.8867,0.001869,10
4,A,Ckks,1.0,1.0,10,What is ‘Meat Glue’?,1.0,1.0,1.0,10278,69136,36645747,36729457,2.164,0.000285,10
4,A,Ckks,1.0,1.0,10,Is Liquid Smoke Safe?,1.0,1.0,1.0,10789,67545,36609808,36692282,1.8867,0.001226,10
4,A,Ckks,1.0,1.0,10,Does Antioxidant Intake Matter for Stroke and Heart Disease?,1.0,1.0,1.0,9720,69357,36628376,36711652,1.6434,0.002092,10
4,A,Ckks,1.0,1.0,10,Does Antioxidant Intake Matter for Cancer?,1.0,1.0,1.0,10464,67895,36691226,36774288,1.8344,0.001094,10
4,A,Ckks,1.0,1.0,10,Is buying organic worth it? A review of the science in new DVD,1.0,1.0,1.0,9450,68027,36659127,36741160,2.3026,9.9e-05,10
4,A,Ckks,1.0,1.0,10,Orange Aromatherapy for Anxiety,1.0,1.0,1.0,10085,66776,36923529,37004323,2.0253,0.006857,10
4,A,Ckks,1.0,1.0,10,Food Manufacturers Get to Decide if Their Own Additives Are Safe,1.0,1.0,1.0,10330,68695,36619604,36703322,2.164,0.000376,10
4,A,Ckks,1.0,1.0,10,Meat Industry Wins Right to Sell Tainted Meat,1.0,1.0,1.0,9431,67799,37123559,37205236,2.0253,9.1e-05,10
4,A,Ckks,1.0,1.0,10,Chicken Salmonella Outbreaks Show Food Safety Systems Failure,1.0,1.0,1.0,10431,67856,36791722,36875046,2.0253,0.000323,10
4,A,Ckks,1.0,1.0,10,Viral Food Poisoning from Pesticides?,1.0,1.0,1.0,11847,70410,36715404,36802138,1.8344,0.000857,10
4,A,Ckks,1.0,1.0,10,The Reversal on Fish Oil,1.0,1.0,1.0,9152,67589,36825862,36906035,1.6957,2.9e-05,10
4,A,Ckks,1.0,1.0,10,Are Multivitamins Just a Waste of Money?,1.0,1.0,1.0,13737,67985,36777612,36861947,2.0253,0.000249,10
4,A,CkksCombined,0.9,1.1,10,Breast Cancer Cells Feed on Cholesterol,1.0,1.0,0.9556,35910,81195,36719288,36842390,1.8344,0.002857,10
4,A,CkksCombined,0.9,1.1,10,Using Diet to Treat Asthma and Eczema,1.0,1.0,1.0,10530,67219,36582287,36662675,1.6957,0.003803,10
4,A,CkksCombined,0.9,1.1,10,Treating Asthma With Plants vs. Pills,1.0,1.0,0.9111,9797,68691,36627296,36709827,1.8867,0.004949,10
4,A,CkksCombined,0.9,1.1,10,How Fruits and Vegetables Can Treat Asthma,1.0,1.0,1.0,9693,74959,37233509,37324079,2.0253,0.003794,10
4,A,CkksCombined,0.9,1.1,10,How Fruits and Vegetables Can Prevent Asthma,1.0,1.0,1.0,22026,68551,36697116,36793048,1.8867,0.002215,10
4,A,CkksCombined,0.9,1.1,10,Our Tax Dollars Subsidize Unhealthy Foods,0.9,0.944,0.8889,10216,69245,36711273,36794753,1.8344,0.000271,10
4,A,CkksCombined,0.9,1.1,10,Reducing Arsenic in Chicken and Rice,1.0,1.0,1.0,10169,68410,36731800,36816749,2.0253,0.000101,10
4,A,CkksCombined,0.9,1.1,10,How Contaminated Are Our Children?,1.0,1.0,1.0,14643,68363,36707960,36795026,2.164,0.000172,10
4,A,CkksCombined,0.9,1.1,10,"Blood Type Diet Perceived as ""Crass Fraud""",1.0,1.0,0.9556,12487,81300,36821691,36922090,2.0253,0.00041,10
4,A,CkksCombined,0.9,1.1,10,Why Do Heart Doctors Favor Surgery and Drugs Over Diet?,1.0,1.0,1.0,20794,69625,36804792,36900320,1.7481,0.000504,10
4,A,CkksCombined,0.9,1.1,10,Phytates in Beans: Anti-Nutrient or Anti-Cancer?,1.0,1.0,1.0,12066,65664,36633985,36717258,1.8344,0.000894,10
4,A,CkksCombined,0.9,1.1,10,How Phytates Fight Cancer Cells,0.9,0.9405,0.9444,13295,66963,36612761,36698656,2.164,8.3e-05,10
4,A,CkksCombined,0.9,1.1,10,Colon Cancer Prevention: Is it the Fiber or the Phytates?,1.0,1.0,1.0,12162,68924,37021273,37107512,2.164,0.001123,10
4,A,CkksCombined,0.9,1.1,10,Low Carb Diets Found to Feed Heart Disease,1.0,1.0,0.9556,11073,68429,36667784,36751964,2.164,0.000718,10
4,A,CkksCombined,0.9,1.1,10,How Curry Can Kill Cancer Cells,1.0,1.0,1.0,10853,67103,36627835,36714212,1.8867,0.000278,10
4,A,CkksCombined,0.9,1.1,10,Testing Turmeric on Smokers,1.0,1.0,1.0,13620,68235,36732066,36819336,2.0253,0.001008,10
4,A,CkksCombined,0.9,1.1,10,Alkylphenol Endocrine Disruptors and Allergies,1.0,1.0,1.0,17186,66412,36967296,37059477,2.164,0.000477,10
4,A,CkksCombined,0.9,1.1,10,Slowing Cognitive Decline with Berries,1.0,1.0,0.9556,15071,68399,36998059,37085881,1.8867,0.001813,10
4,A,CkksCombined,0.9,1.1,10,What is ‘Meat Glue’?,1.0,1.0,1.0,12093,68187,36635747,36721520,1.8867,0.00028,10
4,A,CkksCombined,0.9,1.1,10,Is Liquid Smoke Safe?,0.9,0.9478,0.9444,12111,69621,36897088,36983226,1.8867,0.001206,10
4,A,CkksCombined,0.9,1.1,10,Does Antioxidant Intake Matter for Stroke and Heart Disease?,1.0,1.0,1.0,12934,68722,36883313,36969683,1.6094,0.002001,10
4,A,CkksCombined,0.9,1.1,10,Does Antioxidant Intake Matter for Cancer?,1.0,0.9999,0.9111,11500,69126,36690766,36775306,1.6434,0.001036,10
4,A,CkksCombined,0.9,1.1,10,Is buying organic worth it? A review of the science in new DVD,1.0,0.9999,0.9111,15436,68651,36722790,36809386,2.0253,9.8e-05,10
4,A,CkksCombined,0.9,1.1,10,Orange Aromatherapy for Anxiety,0.9,0.9559,1.0,12640,72418,36838435,36929666,2.0253,0.006736,10
4,A,CkksCombined,0.9,1.1,10,Food Manufacturers Get to Decide if Their Own Additives Are Safe,1.0,1.0,0.9556,15540,69232,36755897,36843673,1.8867,0.000392,10
4,A,CkksCombined,0.9,1.1,10,Meat Industry Wins Right to Sell Tainted Meat,1.0,1.0,0.9556,10685,68177,36630962,36714065,2.0253,8.6e-05,9
4,A,CkksCombined,0.9,1.1,10,Chicken Salmonella Outbreaks Show Food Safety Systems Failure,0.9,0.9405,1.0,11229,68066,36702053,36784168,2.164,0.000333,10
4,A,CkksCombined,0.9,1.1,10,Viral Food Poisoning from Pesticides?,1.0,1.0,1.0,11118,68615,36858003,36943191,1.973,0.000843,10
4,A,CkksCombined,0.9,1.1,10,The Reversal on Fish Oil,1.0,0.9997,0.8222,15559,70020,36745602,36836562,2.0253,2.9e-05,10
4,A,CkksCombined,0.9,1.1,10,Are Multivitamins Just a Waste of Money?,1.0,1.0,0.9556,10783,68108,36839867,36923951,2.0253,0.000257,10
5,A,Scrambling,0.9,1.1,10,Breast Cancer Cells Feed on Cholesterol,1.0,1.0,1.0,25972,107,12164,44280,1.8344,0.002867,10
5,A,Scrambling,0.9,1.1,10,Using Diet to Treat Asthma and Eczema,1.0,1.0,1.0,14762,57,7882,35862,1.6957,0.003962,10
5,A,Scrambling,0.9,1.1,10,Treating Asthma With Plants vs. Pills,1.0,1.0,1.0,12503,45,6754,23762,1.8867,0.005018,10
5,A,Scrambling,0.9,1.1,10,How Fruits and Vegetables Can Treat Asthma,1.0,1.0,1.0,11633,37,5375,20095,1.8867,0.003889,10
5,A,Scrambling,0.9,1.1,10,How Fruits and Vegetables Can Prevent Asthma,1.0,1.0,1.0,10518,36,5414,19046,1.7481,0.002246,10
5,A,Scrambling,0.9,1.1,10,Our Tax Dollars Subsidize Unhealthy Foods,1.0,1.0,1.0,9658,70,5231,18440,1.8344,0.000264,10
5,A,Scrambling,0.9,1.1,10,Reducing Arsenic in Chicken and Rice,1.0,1.0,1.0,8636,35,5167,17021,1.8344,0.0001,10
5,A,Scrambling,0.9,1.1,10,How Contaminated Are Our Children?,1.0,1.0,1.0,9549,35,5171,17761,2.0253,0.00017,9
5,A,Scrambling,0.9,1.1,10,"Blood Type Diet Perceived as ""Crass Fraud""",1.0,1.0,1.0,8463,35,5221,18595,1.8867,0.00039,10
5,A,Scrambling,0.9,1.1,10,Why Do Heart Doctors Favor Surgery and Drugs Over Diet?,1.0,1.0,1.0,8632,36,5187,18223,1.7481,0.000481,10
5,A,Scrambling,0.9,1.1,10,Phytates in Beans: Anti-Nutrient or Anti-Cancer?,1.0,1.0,1.0,9381,35,5340,18606,1.6094,0.000898,10
5,A,Scrambling,0.9,1.1,10,How Phytates Fight Cancer Cells,1.0,1.0,1.0,10373,36,5577,19880,2.164,8.5e-05,10
5,A,Scrambling,0.9,1.1,10,Colon Cancer Prevention: Is it the Fiber or the Phytates?,1.0,1.0,1.0,13372,36,5158,22302,2.0253,0.001258,10
5,A,Scrambling,0.9,1.1,10,Low Carb Diets Found to Feed Heart Disease,1.0,1.0,1.0,9958,36,5212,18266,2.164,0.000777,10
5,A,Scrambling,0.9,1.1,10,How Curry Can Kill Cancer Cells,1.0,1.0,1.0,13226,35,5441,22090,1.8344,0.000263,10
5,A,Scrambling,0.9,1.1,10,Testing Turmeric on Smokers,1.0,1.0,1.0,10887,37,5272,19606,2.164,0.001032,10
5,A,Scrambling,0.9,1.1,10,Alkylphenol Endocrine Disruptors and Allergies,1.0,1.0,1.0,9457,35,5305,17924,2.0253,0.000472,10
5,A,Scrambling,0.9,1.1,10,Slowing Cognitive Decline with Berries,1.0,1.0,1.0,10619,36,5177,18930,1.8867,0.001869,10
5,A,Scrambling,0.9,1.1,10,What is ‘Meat Glue’?,1.0,1.0,1.0,11723,37,5354,20762,2.164,0.000285,10
5,A,Scrambling,0.9,1.1,10,Is Liquid Smoke Safe?,1.0,1.0,1.0,10989,35,5193,19781,1.8867,0.001226,10
5,A,Scrambling,0.9,1.1,10,Does Antioxidant Intake Matter for Stroke and Heart Disease?,1.0,1.0,1.0,10514,36,17032,33999,1.6434,0.002092,10
5,A,Scrambling,0.9,1.1,10,Does Antioxidant Intake Matter for Cancer?,1.0,1.0,1.0,25717,37,6907,35436,1.8344,0.001094,10
5,A,Scrambling,0.9,1.1,10,Is buying organic worth it? A review of the science in new DVD,1.0,1.0,1.0,13780,35,5427,23505,2.3026,9.9e-05,10
5,A,Scrambling,0.9,1.1,10,Orange Aromatherapy for Anxiety,1.0,1.0,1.0,11083,37,5851,19504,2.0253,0.006857,10
5,A,Scrambling,0.9,1.1,10,Food Manufacturers Get to Decide if Their Own Additives Are Safe,1.0,1.0,1.0,10745,36,5189,18470,2.164,0.000376,10
5,A,Scrambling,0.9,1.1,10,Meat Industry Wins Right to Sell Tainted Meat,1.0,1.0,1.0,10941,36,6043,20831,2.0253,9.1e-05,10
5,A,Scrambling,0.9,1.1,10,Chicken Salmonella Outbreaks Show Food Safety Systems Failure,1.0,1.0,1.0,11745,36,5559,20371,2.0253,0.000323,10
5,A,Scrambling,0.9,1.1,10,Viral Food Poisoning from Pesticides?,1.0,1.0,1.0,11604,36,5480,21333,1.8344,0.000857,10
5,A,Scrambling,0.9,1.1,10,The Reversal on Fish Oil,1.0,1.0,1.0,11332,42,5242,20202,1.6957,2.9e-05,10
5,A,Scrambling,0.9,1.1,10,Are Multivitamins Just a Waste of Money?,1.0,1.0,1.0,10525,36,5344,18596,2.0253,0.000249,10
5,A,Noise,0.9,1.1,10,Breast Cancer Cells Feed on Cholesterol,1.0,1.0,0.9556,21252,164,10049,42508,1.8344,0.002837,10
5,A,Noise,0.9,1.1,10,Using Diet to Treat Asthma and Eczema,0.9,0.951,1.0,14263,103,8290,26058,2.0253,0.003915,10
5,A,Noise,0.9,1.1,10,Treating Asthma With Plants vs. Pills,1.0,1.0,1.0,10718,79,6560,20461,1.8867,0.005076,10
5,A,Noise,0.9,1.1,10,How Fruits and Vegetables Can Treat Asthma,1.0,1.0,1.0,8996,64,5252,16863,1.8344,0.003916,10
5,A,Noise,0.9,1.1,10,How Fruits and Vegetables Can Prevent Asthma,1.0,1.0,1.0,8815,61,5083,17541,1.6094,0.002276,10
5,A,Noise,0.9,1.1,10,Our Tax Dollars Subsidize Unhealthy Foods,0.9,0.9448,0.9444,9847,62,5159,18444,2.164,0.000254,10
5,A,Noise,0.9,1.1,10,Reducing Arsenic in Chicken and Rice,1.0,1.0,1.0,9181,62,5290,18382,2.0253,9.6e-05,10
5,A,Noise,0.9,1.1,10,How Contaminated Are Our Children?,1.0,1.0,0.9111,9524,62,5154,17941,1.973,0.000161,10
5,A,Noise,0.9,1.1,10,"Blood Type Diet Perceived as ""Crass Fraud""",1.0,1.0,0.9556,10277,64,5290,18836,2.0253,0.00039,10
5,A,Noise,0.9,1.1,10,Why Do Heart Doctors Favor Surgery and Drugs Over Diet?,1.0,1.0,0.9111,9801,63,5419,18076,2.0253,0.000479,10
5,A,Noise,0.9,1.1,10,Phytates in Beans: Anti-Nutrient or Anti-Cancer?,1.0,1.0,1.0,10317,62,5262,18884,1.6957,0.000864,10
5,A,Noise,0.9,1.1,10,How Phytates Fight Cancer Cells,0.9,0.94,0.8889,12721,63,5483,22908,1.973,7.9e-05,9
5,A,Noise,0.9,1.1,10,Colon Cancer Prevention: Is it the Fiber or the Phytates?,1.0,1.0,1.0,10256,64,5264,20086,2.0253,0.001193,10
5,A,Noise,0.9,1.1,10,Low Carb Diets Found to Feed Heart Disease,1.0,1.0,0.9556,10705,68,5545,20597,2.0253,0.000782,10
5,A,Noise,0.9,1.1,10,How Curry Can Kill Cancer Cells,1.0,1.0,0.9556,10072,61,5406,19563,2.0253,0.000276,10
5,A,Noise,0.9,1.1,10,Testing Turmeric on Smokers,1.0,1.0,1.0,9828,76,5179,19596,2.0253,0.001063,10
5,A,Noise,0.9,1.1,10,Alkylphenol Endocrine Disruptors and Allergies,1.0,1.0,0.9111,9000,101,5247,17411,2.164,0.000469,10
5,A,Noise,0.9,1.1,10,Slowing Cognitive Decline with Berries,1.0,1.0,0.9556,10011,61,5286,19780,1.8867,0.001853,9
5,A,Noise,0.9,1.1,10,What is ‘Meat Glue’?,1.0,1.0,1.0,7869,59,5148,16093,2.0253,0.000276,10
5,A,Noise,0.9,1.1,10,Is Liquid Smoke Safe?,0.9,0.9478,0.9444,9610,60,5143,19946,1.8867,0.001225,10
5,A,Noise,0.9,1.1,10,Does Antioxidant Intake Matter for Stroke and Heart Disease?,0.9,0.9456,0.9444,9100,61,5434,18079,1.6434,0.002064,10
5,A,Noise,0.9,1.1,10,Does Antioxidant Intake Matter for Cancer?,0.9,0.9439,1.0,9053,60,5135,18905,1.8867,0.001042,10
5,A,Noise,0.9,1.1,10,Is buying organic worth it? A review of the science in new DVD,0.9,0.945,1.0,9020,97,5474,18590,2.164,9.8e-05,10
5,A,Noise,0.9,1.1,10,Orange Aromatherapy for Anxiety,1.0,1.0,1.0,8778,59,5426,18808,2.0253,0.006822,10
5,A,Noise,0.9,1.1,10,Food Manufacturers Get to Decide if Their Own Additives Are Safe,1.0,1.0,0.9556,8123,57,5218,17260,2.164,0.000374,10
5,A,Noise,0.9,1.1,10,Meat Industry Wins Right to Sell Tainted Meat,1.0,1.0,1.0,9865,60,5240,18353,2.0253,9e-05,10
5,A,Noise,0.9,1.1,10,Chicken Salmonella Outbreaks Show Food Safety Systems Failure,1.0,1.0,0.9556,8192,59,5240,18120,1.8867,0.000317,10
5,A,Noise,0.9,1.1,10,Viral Food Poisoning from Pesticides?,1.0,1.0,0.9556,10177,63,5261,19040,1.8344,0.000882,10
5,A,Noise,0.9,1.1,10,The Reversal on Fish Oil,1.0,0.9999,0.9111,8307,62,5296,17557,1.8867,2.6e-05,10
5,A,Noise,0.9,1.1,10,Are Multivitamins Just a Waste of Money?,1.0,1.0,0.9556,8075,58,5355,16602,2.0253,0.000255,10
5,A,Combined,0.9,1.1,10,Breast Cancer Cells Feed on Cholesterol,1.0,1.0,1.0,22593,162,14550,41434,1.8344,0.002849,10
5,A,Combined,0.9,1.1,10,Using Diet to Treat Asthma and Eczema,0.9,0.9508,0.7778,14409,92,7759,26471,1.6957,0.004,10
5,A,Combined,0.9,1.1,10,Treating Asthma With Plants vs. Pills,1.0,1.0,1.0,10641,74,6151,20260,1.6957,0.00494,10
5,A,Combined,0.9,1.1,10,How Fruits and Vegetables Can Treat Asthma,1.0,1.0,1.0,10419,62,5497,19555,1.6957,0.003833,10
5,A,Combined,0.9,1.1,10,How Fruits and Vegetables Can Prevent Asthma,1.0,1.0,0.9556,9509,63,5223,18015,1.8867,0.002217,10
5,A,Combined,0.9,1.1,10,Our Tax Dollars Subsidize Unhealthy Foods,1.0,1.0,0.9556,9597,62,5238,18121,2.164,0.000247,10
5,A,Combined,0.9,1.1,10,Reducing Arsenic in Chicken and Rice,1.0,0.9999,0.8667,9991,62,5366,18500,1.7481,0.000101,10
5,A,Combined,0.9,1.1,10,How Contaminated Are Our Children?,1.0,1.0,0.9111,10148,59,5240,18471,1.8344,0.000165,10
5,A,Combined,0.9,1.1,10,"Blood Type Diet Perceived as ""Crass Fraud""",1.0,1.0,1.0,9022,62,5384,18189,2.0253,0.000366,10
5,A,Combined,0.9,1.1,10,Why Do Heart Doctors Favor Surgery and Drugs Over Diet?,1.0,0.9998,0.7333,8229,57,5317,18648,1.973,0.000482,10
5,A,Combined,0.9,1.1,10,Phytates in Beans: Anti-Nutrient or Anti-Cancer?,1.0,1.0,1.0,9942,98,5294,18479,1.6957,0.000865,10
5,A,Combined,0.9,1.1,10,How Phytates Fight Cancer Cells,0.9,0.9405,0.9444,9056,61,5153,20464,1.973,8.6e-05,9
5,A,Combined,0.9,1.1,10,Colon Cancer Prevention: Is it the Fiber or the Phytates?,1.0,1.0,1.0,8945,61,5310,18333,2.0253,0.001251,10
5,A,Combined,0.9,1.1,10,Low Carb Diets Found to Feed Heart Disease,0.9,0.9425,1.0,9587,61,5219,18657,2.164,0.000771,10
5,A,Combined,0.9,1.1,10,How Curry Can Kill Cancer Cells,1.0,1.0,0.9556,9184,61,5173,18687,1.8344,0.000249,10
5,A,Combined,0.9,1.1,10,Testing Turmeric on Smokers,1.0,1.0,1.0,8838,62,5286,16861,2.164,0.001009,10
5,A,Combined,0.9,1.1,10,Alkylphenol Endocrine Disruptors and Allergies,1.0,1.0,1.0,8783,60,5249,17271,2.0253,0.000463,10
5,A,Combined,0.9,1.1,10,Slowing Cognitive Decline with Berries,1.0,1.0,0.9556,8694,59,5277,17867,1.8867,0.001818,10
5,A,Combined,0.9,1.1,10,What is ‘Meat Glue’?,1.0,1.0,1.0,11324,61,5209,20639,2.164,0.000285,10
5,A,Combined,0.9,1.1,10,Is Liquid Smoke Safe?,0.9,0.9499,1.0,9935,59,5496,23120,2.0253,0.001222,10
5,A,Combined,0.9,1.1,10,Does Antioxidant Intake Matter for Stroke and Heart Disease?,1.0,1.0,1.0,9135,61,5253,18970,1.8344,0.002059,10
5,A,Combined,0.9,1.1,10,Does Antioxidant Intake Matter for Cancer?,0.9,0.9415,1.0,12819,63,5333,20731,1.8344,0.001084,10
5,A,Combined,0.9,1.1,10,Is buying organic worth it? A review of the science in new DVD,0.9,0.945,1.0,9834,63,5297,17974,2.0253,9.8e-05,10
5,A,Combined,0.9,1.1,10,Orange Aromatherapy for Anxiety,1.0,1.0,1.0,9033,62,5223,23042,2.0253,0.006744,10
5,A,Combined,0.9,1.1,10,Food Manufacturers Get to Decide if Their Own Additives Are Safe,1.0,1.0,0.9556,11515,66,5307,20796,1.8344,0.000353,10
5,A,Combined,0.9,1.1,10,Meat Industry Wins Right to Sell Tainted Meat,1.0,1.0,0.9556,8627,64,5122,16194,2.0253,9.4e-05,10
5,A,Combined,0.9,1.1,10,Chicken Salmonella Outbreaks Show Food Safety Systems Failure,1.0,1.0,0.9556,9676,61,5186,18110,2.0253,0.000302,10
5,A,Combined,0.9,1.1,10,Viral Food Poisoning from Pesticides?,1.0,1.0,1.0,8899,60,5200,16503,1.6957,0.000857,10
5,A,Combined,0.9,1.1,10,The Reversal on Fish Oil,1.0,1.0,0.9111,9864,62,5210,17900,1.8344,2.9e-05,9
5,A,Combined,0.9,1.1,10,Are Multivitamins Just a Waste of Money?,1.0,1.0,0.9556,10052,62,5160,17885,2.0253,0.000244,10
5,A,Rome,1.0,1.0,10,Breast Cancer Cells Feed on Cholesterol,1.0,1.0,1.0,25322,14544,12519,59077,1.8344,0.002867,10
5,A,Rome,1.0,1.0,10,Using Diet to Treat Asthma and Eczema,1.0,1.0,1.0,14313,8287,8154,35295,1.6957,0.003962,10
5,A,Rome,1.0,1.0,10,Treating Asthma With Plants vs. Pills,1.0,1.0,1.0,10351,6039,6928,26666,1.8867,0.005018,10
5,A,Rome,1.0,1.0,10,How Fruits and Vegetables Can Treat Asthma,1.0,1.0,1.0,8976,5912,7121,25251,1.8867,0.003889,10
5,A,Rome,1.0,1.0,10,How Fruits and Vegetables Can Prevent Asthma,1.0,1.0,1.0,8166,5888,6844,24419,1.7481,0.002246,10
5,A,Rome,1.0,1.0,10,Our Tax Dollars Subsidize Unhealthy Foods,1.0,1.0,1.0,10006,6113,6833,26792,1.8344,0.000264,10
5,A,Rome,1.0,1.0,10,Reducing Arsenic in Chicken and Rice,1.0,1.0,1.0,10057,5941,6909,26264,1.8344,0.0001,10
5,A,Rome,1.0,1.0,10,How Contaminated Are Our Children?,1.0,1.0,1.0,10821,6323,6920,27769,2.0253,0.00017,9
5,A,Rome,1.0,1.0,10,"Blood Type Diet Perceived as ""Crass Fraud""",1.0,1.0,1.0,9210,5828,7032,24923,1.8867,0.00039,10
5,A,Rome,1.0,1.0,10,Why Do Heart Doctors Favor Surgery and Drugs Over Diet?,1.0,1.0,1.0,9364,6157,6953,25788,1.7481,0.000481,10
5,A,Rome,1.0,1.0,10,Phytates in Beans: Anti-Nutrient or Anti-Cancer?,1.0,1.0,1.0,8796,5932,6890,24562,1.6094,0.000898,10
5,A,Rome,1.0,1.0,10,How Phytates Fight Cancer Cells,1.0,1.0,1.0,9433,6104,6902,25014,2.164,8.5e-05,10
5,A,Rome,1.0,1.0,10,Colon Cancer Prevention: Is it the Fiber or the Phytates?,1.0,1.0,1.0,9666,5942,6725,25360,2.0253,0.001258,10
5,A,Rome,1.0,1.0,10,Low Carb Diets Found to Feed Heart Disease,1.0,1.0,1.0,8909,5935,6879,24895,2.164,0.000777,10
5,A,Rome,1.0,1.0,10,How Curry Can Kill Cancer Cells,1.0,1.0,1.0,9802,6002,7009,26324,1.8344,0.000263,10
5,A,Rome,1.0,1.0,10,Testing Turmeric on Smokers,1.0,1.0,1.0,9853,6224,6744,26340,2.164,0.001032,10
5,A,Rome,1.0,1.0,10,Alkylphenol Endocrine Disruptors and Allergies,1.0,1.0,1.0,9139,5896,7088,26637,2.0253,0.000472,10
5,A,Rome,1.0,1.0,10,Slowing Cognitive Decline with Berries,1.0,1.0,1.0,9535,6141,6918,26143,1.8867,0.001869,10
5,A,Rome,1.0,1.0,10,What is ‘Meat Glue’?,1.0,1.0,1.0,10351,5918,7079,27206,2.164,0.000285,10
5,A,Rome,1.0,1.0,10,Is Liquid Smoke Safe?,1.0,1.0,1.0,20265,6457,7014,36781,1.8867,0.001226,10
5,A,Rome,1.0,1.0,10,Does Antioxidant Intake Matter for Stroke and Heart Disease?,1.0,1.0,1.0,10401,6086,7241,27985,1.6434,0.002092,10
5,A,Rome,1.0,1.0,10,Does Antioxidant Intake Matter for Cancer?,1.0,1.0,1.0,10809,6386,6968,28014,1.8344,0.001094,10
5,A,Rome,1.0,1.0,10,Is buying organic worth it? A review of the science in new DVD,1.0,1.0,1.0,11434,6090,6821,27528,2.3026,9.9e-05,10
5,A,Rome,1.0,1.0,10,Orange Aromatherapy for Anxiety,1.0,1.0,1.0,12143,6043,7083,28622,2.0253,0.006857,10
5,A,Rome,1.0,1.0,10,Food Manufacturers Get to Decide if Their Own Additives Are Safe,1.0,1.0,1.0,10393,5993,6861,26520,2.164,0.000376,10
5,A,Rome,1.0,1.0,10,Meat Industry Wins Right to Sell Tainted Meat,1.0,1.0,1.0,10465,6211,6971,26982,2.0253,9.1e-05,10
5,A,Rome,1.0,1.0,10,Chicken Salmonella Outbreaks Show Food Safety Systems Failure,1.0,1.0,1.0,9305,5829,6841,24689,2.0253,0.000323,10
5,A,Rome,1.0,1.0,10,Viral Food Poisoning from Pesticides?,1.0,1.0,1.0,9188,6030,6789,25907,1.8344,0.000857,10
5,A,Rome,1.0,1.0,10,The Reversal on Fish Oil,1.0,1.0,1.0,10686,6066,7041,27993,1.6957,2.9e-05,10
5,A,Rome,1.0,1.0,10,Are Multivitamins Just a Waste of Money?,1.0,1.0,1.0,8521,6166,6946,26696,2.0253,0.000249,10
5,A,RomeCombined,0.9,1.1,10,Breast Cancer Cells Feed on Cholesterol,1.0,1.0,1.0,26463,13816,11930,56741,1.8344,0.002846,10
5,A,RomeCombined,0.9,1.1,10,Using Diet to Treat Asthma and Eczema,0.9,0.951,0.9444,11892,8039,7696,31838,1.6957,0.00395,10
5,A,RomeCombined,0.9,1.1,10,Treating Asthma With Plants vs. Pills,1.0,1.0,0.9556,8936,6150,7026,26165,1.6957,0.004966,9
5,A,RomeCombined,0.9,1.1,10,How Fruits and Vegetables Can Treat Asthma,1.0,1.0,1.0,9577,6016,7081,26044,1.6957,0.003807,10
5,A,RomeCombined,0.9,1.1,10,How Fruits and Vegetables Can Prevent Asthma,1.0,1.0,1.0,8312,5888,6919,24957,1.7481,0.002204,10
5,A,RomeCombined,0.9,1.1,10,Our Tax Dollars Subsidize Unhealthy Foods,1.0,1.0,0.9556,10551,6094,6909,26273,1.8344,0.000254,10
5,A,RomeCombined,0.9,1.1,10,Reducing Arsenic in Chicken and Rice,1.0,0.9999,0.8222,9197,6123,6977,26376,1.8344,0.000103,10
5,A,RomeCombined,0.9,1.1,10,How Contaminated Are Our Children?,1.0,1.0,0.9556,9282,5897,6809,25105,2.164,0.000162,10
5,A,RomeCombined,0.9,1.1,10,"Blood Type Diet Perceived as ""Crass Fraud""",1.0,1.0,1.0,9382,5925,6971,25560,1.8867,0.000372,10
5,A,RomeCombined,0.9,1.1,10,Why Do Heart Doctors Favor Surgery and Drugs Over Diet?,1.0,0.9999,0.7778,8863,5978,7046,24922,1.7481,0.000462,10
5,A,RomeCombined,0.9,1.1,10,Phytates in Beans: Anti-Nutrient or Anti-Cancer?,1.0,1.0,1.0,9415,6246,6779,27230,1.8344,0.000887,10
5,A,RomeCombined,0.9,1.1,10,How Phytates Fight Cancer Cells,0.9,0.9405,0.9444,9142,6065,6762,25751,1.973,9.5e-05,10
5,A,RomeCombined,0.9,1.1,10,Colon Cancer Prevention: Is it the Fiber or the Phytates?,1.0,1.0,1.0,12991,6114,6806,29927,2.164,0.00127,10
5,A,RomeCombined,0.9,1.1,10,Low Carb Diets Found to Feed Heart Disease,1.0,1.0,1.0,11136,5804,6713,30157,2.164,0.000765,10
5,A,RomeCombined,0.9,1.1,10,How Curry Can Kill Cancer Cells,1.0,1.0,0.9111,12212,6509,6889,28571,2.0253,0.000271,10
5,A,RomeCombined,0.9,1.1,10,Testing Turmeric on Smokers,1.0,1.0,1.0,9987,6192,7185,26374,2.164,0.001066,10
5,A,RomeCombined,0.9,1.1,10,Alkylphenol Endocrine Disruptors and Allergies,1.0,0.9998,0.9556,9732,6220,6996,26408,1.8867,0.00046,10
5,A,RomeCombined,0.9,1.1,10,Slowing Cognitive Decline with Berries,1.0,1.0,1.0,10395,5856,6728,26070,1.8867,0.001882,10
5,A,RomeCombined,0.9,1.1,10,What is ‘Meat Glue’?,1.0,1.0,1.0,10266,5846,6788,26204,2.0253,0.000283,10
5,A,RomeCombined,0.9,1.1,10,Is Liquid Smoke Safe?,1.0,1.0,1.0,10040,6140,6775,25615,1.8867,0.001244,10
5,A,RomeCombined,0.9,1.1,10,Does Antioxidant Intake Matter for Stroke and Heart Disease?,1.0,1.0,0.9556,9007,6158,6925,24832,1.6094,0.002144,10
5,A,RomeCombined,0.9,1.1,10,Does Antioxidant Intake Matter for Cancer?,0.9,0.9415,0.9444,10088,6029,6777,25537,1.6434,0.001081,9
5,A,RomeCombined,0.9,1.1,10,Is buying organic worth it? A review of the science in new DVD,1.0,1.0,1.0,9351,6114,6810,25515,2.164,9.9e-05,10
5,A,RomeCombined,0.9,1.1,10,Orange Aromatherapy for Anxiety,1.0,1.0,1.0,8574,6075,6764,24168,2.0253,0.006657,10
5,A,RomeCombined,0.9,1.1,10,Food Manufacturers Get to Decide if Their Own Additives Are Safe,1.0,1.0,1.0,8293,5925,7052,24017,2.0253,0.000376,9
5,A,RomeCombined,0.9,1.1,10,Meat Industry Wins Right to Sell Tainted Meat,1.0,1.0,1.0,8764,5946,6923,26032,2.164,8.9e-05,10
5,A,RomeCombined,0.9,1.1,10,Chicken Salmonella Outbreaks Show Food Safety Systems Failure,1.0,0.9999,0.8667,9242,5949,6978,25832,1.8344,0.000304,10
5,A,RomeCombined,0.9,1.1,10,Viral Food Poisoning from Pesticides?,1.0,1.0,0.9556,9059,6044,6834,25317,1.8344,0.000855,10
5,A,RomeCombined,0.9,1.1,10,The Reversal on Fish Oil,1.0,0.9998,0.8667,8319,6100,7127,24840,1.5048,3.1e-05,9
5,A,RomeCombined,0.9,1.1,10,Are Multivitamins Just a Waste of Money?,1.0,1.0,1.0,8526,6061,6818,26949,2.164,0.000249,10
5,A,Ckks,1.0,1.0,10,Breast Cancer Cells Feed on Cholesterol,1.0,1.0,1.0,30935,80251,37129251,37246354,1.8344,0.002867,10
5,A,Ckks,1.0,1.0,10,Using Diet to Treat Asthma and Eczema,1.0,1.0,1.0,11891,71835,37171184,37258285,1.6957,0.003962,10
5,A,Ckks,1.0,1.0,10,Treating Asthma With Plants vs. Pills,1.0,1.0,1.0,13018,70908,37238547,37328455,1.8867,0.005018,10
5,A,Ckks,1.0,1.0,10,How Fruits and Vegetables Can Treat Asthma,1.0,1.0,1.0,11227,70903,37017765,37103524,1.8867,0.003889,10
5,A,Ckks,1.0,1.0,10,How Fruits and Vegetables Can Prevent Asthma,1.0,1.0,1.0,10607,68280,37256988,37340868,1.7481,0.002246,10
5,A,Ckks,1.0,1.0,10,Our Tax Dollars Subsidize Unhealthy Foods,1.0,1.0,1.0,15564,71934,37176400,37268974,1.8344,0.000264,10
5,A,Ckks,1.0,1.0,10,Reducing Arsenic in Chicken and Rice,1.0,1.0,1.0,11860,71060,37107453,37194611,1.8344,0.0001,10
5,A,Ckks,1.0,1.0,10,How Contaminated Are Our Children?,1.0,1.0,1.0,10851,71326,37089942,37177527,2.0253,0.00017,9
5,A,Ckks,1.0,1.0,10,"Blood Type Diet Perceived as ""Crass Fraud""",1.0,1.0,1.0,14114,71719,37264133,37354648,1.8867,0.00039,10
5,A,Ckks,1.0,1.0,10,Why Do Heart Doctors Favor Surgery and Drugs Over Diet?,1.0,1.0,1.0,11770,70236,37327014,37414224,1.7481,0.000481,10
5,A,Ckks,1.0,1.0,10,Phytates in Beans: Anti-Nutrient or Anti-Cancer?,1.0,1.0,1.0,15718,71229,37129541,37219674,1.6094,0.000898,10
5,A,Ckks,1.0,1.0,10,How Phytates Fight Cancer Cells,1.0,1.0,1.0,10911,69910,37162313,37247365,2.164,8.5e-05,10
5,A,Ckks,1.0,1.0,10,Colon Cancer Prevention: Is it the Fiber or the Phytates?,1.0,1.0,1.0,33906,72862,36983130,37093010,2.0253,0.001258,10
5,A,Ckks,1.0,1.0,10,Low Carb Diets Found to Feed Heart Disease,1.0,1.0,1.0,10972,71143,37137461,37224199,2.164,0.000777,10
5,A,Ckks,1.0,1.0,10,How Curry Can Kill Cancer Cells,1.0,1.0,1.0,12006,70471,37094240,37183408,1.8344,0.000263,10
5,A,Ckks,1.0,1.0,10,Testing Turmeric on Smokers,1.0,1.0,1.0,10814,71723,37037977,37128160,2.164,0.001032,10
5,A,Ckks,1.0,1.0,10,Alkylphenol Endocrine Disruptors and Allergies,1.0,1.0,1.0,11674,73606,37129946,37220399,2.0253,0.000472,10
5,A,Ckks,1.0,1.0,10,Slowing Cognitive Decline with Berries,1.0,1.0,1.0,11953,72295,36877709,36966156,1.8867,0.001869,10
5,A,Ckks,1.0,1.0,10,What is ‘Meat Glue’?,1.0,1.0,1.0,10398,71153,37059747,37144970,2.164,0.000285,10
5,A,Ckks,1.0,1.0,10,Is Liquid Smoke Safe?,1.0,1.0,1.0,10447,72455,37041839,37129144,1.8867,0.001226,10
5,A,Ckks,1.0,1.0,10,Does Antioxidant Intake Matter for Stroke and Heart Disease?,1.0,1.0,1.0,13649,71438,37157746,37249765,1.6434,0.002092,10
5,A,Ckks,1.0,1.0,10,Does Antioxidant Intake Matter for Cancer?,1.0,1.0,1.0,10914,70962,37023688,37109955,1.8344,0.001094,10
5,A,Ckks,1.0,1.0,10,Is buying organic worth it? A review of the science in new DVD,1.0,1.0,1.0,11028,68059,37088859,37174142,2.3026,9.9e-05,10
5,A,Ckks,1.0,1.0,10,Orange Aromatherapy for Anxiety,1.0,1.0,1.0,12131,72683,37121931,37211082,2.0253,0.006857,10
5,A,Ckks,1.0,1.0,10,Food Manufacturers Get to Decide if Their Own Additives Are Safe,1.0,1.0,1.0,11939,71417,37081542,37169250,2.164,0.000376,10
5,A,Ckks,1.0,1.0,10,Meat Industry Wins Right to Sell Tainted Meat,1.0,1.0,1.0,11094,70549,37303703,37390593,2.0253,9.1e-05,10
5,A,Ckks,1.0,1.0,10,Chicken Salmonella Outbreaks Show Food Safety Systems Failure,1.0,1.0,1.0,17242,70038,36900850,36992295,2.0253,0.000323,10
5,A,Ckks,1.0,1.0,10,Viral Food Poisoning from Pesticides?,1.0,1.0,1.0,13686,68258,36949770,37037037,1.8344,0.000857,10
5,A,Ckks,1.0,1.0,10,The Reversal on Fish Oil,1.0,1.0,1.0,12153,67664,37063829,37148693,1.6957,2.9e-05,10
5,A,Ckks,1.0,1.0,10,Are Multivitamins Just a Waste of Money?,1.0,1.0,1.0,11251,70210,37082693,37169853,2.0253,0.000249,10
5,A,CkksCombined,0.9,1.1,10,Breast Cancer Cells Feed on Cholesterol,1.0,1.0,1.0,26377,88372,36827020,36946985,1.8344,0.002888,10
5,A,CkksCombined,0.9,1.1,10,Using Diet to Treat Asthma and Eczema,0.9,0.9509,0.9444,12511,64413,36705255,36784836,1.6957,0.00388,10
5,A,CkksCombined,0.9,1.1,10,Treating Asthma With Plants vs. Pills,1.0,1.0,0.9111,10045,68032,36805492,36886467,1.6957,0.004914,10
5,A,CkksCombined,0.9,1.1,10,How Fruits and Vegetables Can Treat Asthma,1.0,1.0,0.9556,10232,67821,36874130,36956860,2.0253,0.003855,10
5,A,CkksCombined,0.9,1.1,10,How Fruits and Vegetables Can Prevent Asthma,1.0,0.9994,0.9111,13142,69873,36699651,36786509,1.8867,0.002234,10
5,A,CkksCombined,0.9,1.1,10,Our Tax Dollars Subsidize Unhealthy Foods,1.0,1.0,1.0,11595,66514,36674718,36758784,1.8344,0.000261,9
5,A,CkksCombined,0.9,1.1,10,Reducing Arsenic in Chicken and Rice,1.0,1.0,1.0,13225,67924,36744305,36832782,2.0253,0.0001,10
5,A,CkksCombined,0.9,1.1,10,How Contaminated Are Our Children?,1.0,1.0,0.9111,11834,68329,36773674,36857780,1.8344,0.000181,10
5,A,CkksCombined,0.9,1.1,10,"Blood Type Diet Perceived as ""Crass Fraud""",0.9,0.942,0.9444,10645,69248,36795518,36881465,2.164,0.000388,10
5,A,CkksCombined,0.9,1.1,10,Why Do Heart Doctors Favor Surgery and Drugs Over Diet?,1.0,1.0,0.9111,13895,64110,36921770,37004495,1.8344,0.00048,10
5,A,CkksCombined,0.9,1.1,10,Phytates in Beans: Anti-Nutrient or Anti-Cancer?,1.0,1.0,1.0,12283,69410,36725724,36813537,1.6094,0.000879,10
5,A,CkksCombined,0.9,1.1,10,How Phytates Fight Cancer Cells,0.9,0.9405,0.9444,16544,67136,36726285,36814344,2.3026,7.2e-05,10
5,A,CkksCombined,0.9,1.1,10,Colon Cancer Prevention: Is it the Fiber or the Phytates?,1.0,1.0,0.9556,10748,67120,37300194,37382421,2.0253,0.001211,10
5,A,CkksCombined,0.9,1.1,10,Low Carb Diets Found to Feed Heart Disease,0.9,0.9419,0.9444,14881,68919,36725811,36814155,2.0253,0.000805,9
5,A,CkksCombined,0.9,1.1,10,How Curry Can Kill Cancer Cells,1.0,1.0,0.9111,14198,89624,36661743,36769832,1.8867,0.000252,10
5,A,CkksCombined,0.9,1.1,10,Testing Turmeric on Smokers,1.0,1.0,1.0,9736,66353,36598871,36679759,2.164,0.001003,10
5,A,CkksCombined,0.9,1.1,10,Alkylphenol Endocrine Disruptors and Allergies,1.0,0.9998,0.9111,9870,66658,36623095,36702818,2.0253,0.000472,10
5,A,CkksCombined,0.9,1.1,10,Slowing Cognitive Decline with Berries,1.0,1.0,0.9556,9722,68244,36725595,36808114,1.8867,0.0019,10
5,A,CkksCombined,0.9,1.1,10,What is ‘Meat Glue’?,1.0,1.0,1.0,11231,69884,36636665,36722034,2.164,0.000284,10
5,A,CkksCombined,0.9,1.1,10,Is Liquid Smoke Safe?,0.9,0.9478,0.9444,10788,66549,36660153,36740518,1.8867,0.001251,10
5,A,CkksCombined,0.9,1.1,10,Does Antioxidant Intake Matter for Stroke and Heart Disease?,1.0,1.0,0.9556,12052,67622,36619134,36703205,1.6434,0.002005,10
5,A,CkksCombined,0.9,1.1,10,Does Antioxidant Intake Matter for Cancer?,0.9,0.9439,1.0,9816,67534,36629551,36710887,1.8867,0.001042,10
5,A,CkksCombined,0.9,1.1,10,Is buying organic worth it? A review of the science in new DVD,0.9,0.9449,0.9444,9948,66926,36613961,36695928,2.0253,0.000103,10
5,A,CkksCombined,0.9,1.1,10,Orange Aromatherapy for Anxiety,1.0,1.0,1.0,10905,67969,36634457,36716680,2.0253,0.006822,10
5,A,CkksCombined,0.9,1.1,10,Food Manufacturers Get to Decide if Their Own Additives Are Safe,1.0,1.0,0.9556,9929,65153,36632919,36712686,2.0253,0.00037,10
5,A,CkksCombined,0.9,1.1,10,Meat Industry Wins Right to Sell Tainted Meat,1.0,1.0,1.0,11255,66947,36607065,36689275,2.0253,8.5e-05,10
5,A,CkksCombined,0.9,1.1,10,Chicken Salmonella Outbreaks Show Food Safety Systems Failure,1.0,1.0,0.9556,9268,67851,36617031,36698528,2.0253,0.000316,10
5,A,CkksCombined,0.9,1.1,10,Viral Food Poisoning from Pesticides?,1.0,1.0,1.0,12148,68125,36644912,36728959,1.8344,0.000833,10
5,A,CkksCombined,0.9,1.1,10,The Reversal on Fish Oil,1.0,0.9999,0.9111,10909,69700,36833882,36917744,2.0253,3.1e-05,10
5,A,CkksCombined,0.9,1.1,10,Are Multivitamins Just a Waste of Money?,1.0,1.0,1.0,11313,69902,36946166,37031952,2.0253,0.000257,10
6,A,Scrambling,0.9,1.1,10,Breast Cancer Cells Feed on Cholesterol,1.0,1.0,1.0,21935,109,12351,39744,1.8344,0.002867,10
6,A,Scrambling,0.9,1.1,10,Using Diet to Treat Asthma and Eczema,1.0,1.0,1.0,14542,52,7877,26688,1.6957,0.003962,10
6,A,Scrambling,0.9,1.1,10,Treating Asthma With Plants vs. Pills,1.0,1.0,1.0,10970,40,5868,20864,1.8867,0.005018,10
6,A,Scrambling,0.9,1.1,10,How Fruits and Vegetables Can Treat Asthma,1.0,1.0,1.0,9199,34,5305,18253,1.8867,0.003889,10
6,A,Scrambling,0.9,1.1,10,How Fruits and Vegetables Can Prevent Asthma,1.0,1.0,1.0,8318,33,5238,17312,1.7481,0.002246,10
6,A,Scrambling,0.9,1.1,10,Our Tax Dollars Subsidize Unhealthy Foods,1.0,1.0,1.0,9441,34,5251,18535,1.8344,0.000264,10
6,A,Scrambling,0.9,1.1,10,Reducing Arsenic in Chicken and Rice,1.0,1.0,1.0,9312,33,5178,18279,1.8344,0.0001,10
6,A,Scrambling,0.9,1.1,10,How Contaminated Are Our Children?,1.0,1.0,1.0,8435,35,5298,17286,2.0253,0.00017,9
6,A,Scrambling,0.9,1.1,10,"Blood Type Diet Perceived as ""Crass Fraud""",1.0,1.0,1.0,8126,34,5305,17157,1.8867,0.00039,10
6,A,Scrambling,0.9,1.1,10,Why Do Heart Doctors Favor Surgery and Drugs Over Diet?,1.0,1.0,1.0,8651,34,5340,17591,1.7481,0.000481,10
6,A,Scrambling,0.9,1.1,10,Phytates in Beans: Anti-Nutrient or Anti-Cancer?,1.0,1.0,1.0,9014,33,5274,18245,1.6094,0.000898,10
6,A,Scrambling,0.9,1.1,10,How Phytates Fight Cancer Cells,1.0,1.0,1.0,8787,33,5256,17710,2.164,8.5e-05,10
6,A,Scrambling,0.9,1.1,10,Colon Cancer Prevention: Is it the Fiber or the Phytates?,1.0,1.0,1.0,7886,33,5283,17061,2.0253,0.001258,10
6,A,Scrambling,0.9,1.1,10,Low Carb Diets Found to Feed Heart Disease,1.0,1.0,1.0,8208,33,5254,16540,2.164,0.000777,10
6,A,Scrambling,0.9,1.1,10,How Curry Can Kill Cancer Cells,1.0,1.0,1.0,7956,33,5319,16923,1.8344,0.000263,10
6,A,Scrambling,0.9,1.1,10,Testing Turmeric on Smokers,1.0,1.0,1.0,9286,34,5288,18435,2.164,0.001032,10
6,A,Scrambling,0.9,1.1,10,Alkylphenol Endocrine Disruptors and Allergies,1.0,1.0,1.0,8003,33,5252,17143,2.0253,0.000472,10
6,A,Scrambling,0.9,1.1,10,Slowing Cognitive Decline with Berries,1.0,1.0,1.0,8375,33,5296,17344,1.8867,0.001869,10
6,A,Scrambling,0.9,1.1,10,What is ‘Meat Glue’?,1.0,1.0,1.0,7648,34,5344,16145,2.164,0.000285,10
6,A,Scrambling,0.9,1.1,10,Is Liquid Smoke Safe?,1.0,1.0,1.0,8417,33,5283,17296,1.8867,0.001226,10
6,A,Scrambling,0.9,1.1,10,Does Antioxidant Intake Matter for Stroke and Heart Disease?,1.0,1.0,1.0,9211,34,5338,18205,1.6434,0.002092,10
6,A,Scrambling,0.9,1.1,10,Does Antioxidant Intake Matter for Cancer?,1.0,1.0,1.0,7889,34,5218,15847,1.8344,0.001094,10
6,A,Scrambling,0.9,1.1,10,Is buying organic worth it? A review of the science in new DVD,1.0,1.0,1.0,8816,34,5301,17931,2.3026,9.9e-05,10
6,A,Scrambling,0.9,1.1,10,Orange Aromatherapy for Anxiety,1.0,1.0,1.0,8418,34,5254,16524,2.0253,0.006857,10
6,A,Scrambling,0.9,1.1,10,Food Manufacturers Get to Decide if Their Own Additives Are Safe,1.0,1.0,1.0,9077,33,5282,18100,2.164,0.000376,10
6,A,Scrambling,0.9,1.1,10,Meat Industry Wins Right to Sell Tainted Meat,1.0,1.0,1.0,7716,35,5216,16588,2.0253,9.1e-05,10
6,A,Scrambling,0.9,1.1,10,Chicken Salmonella Outbreaks Show Food Safety Systems Failure,1.0,1.0,1.0,8681,34,5337,17654,2.0253,0.000323,10
6,A,Scrambling,0.9,1.1,10,Viral Food Poisoning from Pesticides?,1.0,1.0,1.0,8904,33,5341,17982,1.8344,0.000857,10
6,A,Scrambling,0.9,1.1,10,The Reversal on Fish Oil,1.0,1.0,1.0,8360,35,5229,17510,1.6957,2.9e-05,10
6,A,Scrambling,0.9,1.1,10,Are Multivitamins Just a Waste of Money?,1.0,1.0,1.0,8401,34,5157,15947,2.0253,0.000249,10
6,A,Noise,0.9,1.1,10,Breast Cancer Cells Feed on Cholesterol,1.0,1.0,1.0,23702,166,11919,41183,1.8344,0.002827,10
6,A,Noise,0.9,1.1,10,Using Diet to Treat Asthma and Eczema,1.0,1.0,1.0,13806,93,7832,26282,1.6957,0.004027,10
6,A,Noise,0.9,1.1,10,Treating Asthma With Plants vs. Pills,1.0,1.0,1.0,11181,71,5804,20808,1.8867,0.00499,10
6,A,Noise,0.9,1.1,10,How Fruits and Vegetables Can Treat Asthma,1.0,1.0,1.0,9943,59,5244,18976,1.8867,0.003851,10
6,A,Noise,0.9,1.1,10,How Fruits and Vegetables Can Prevent Asthma,1.0,1.0,1.0,8574,59,5306,17570,2.0253,0.002229,10
6,A,Noise,0.9,1.1,10,Our Tax Dollars Subsidize Unhealthy Foods,1.0,1.0,1.0,8753,62,5303,17729,1.8344,0.000253,10
6,A,Noise,0.9,1.1,10,Reducing Arsenic in Chicken and Rice,1.0,1.0,0.9556,9444,59,5273,18606,2.0253,0.0001,10
6,A,Noise,0.9,1.1,10,How Contaminated Are Our Children?,1.0,1.0,0.9556,9306,59,5282,18368,2.0253,0.000186,10
6,A,Noise,0.9,1.1,10,"Blood Type Diet Perceived as ""Crass Fraud""",1.0,1.0,1.0,8369,59,5291,17459,1.8867,0.000411,10
6,A,Noise,0.9,1.1,10,Why Do Heart Doctors Favor Surgery and Drugs Over Diet?,1.0,1.0,1.0,9348,59,5299,18411,2.0253,0.000463,10
6,A,Noise,0.9,1.1,10,Phytates in Beans: Anti-Nutrient or Anti-Cancer?,1.0,1.0,1.0,8465,62,5286,17819,1.6094,0.000892,10
6,A,Noise,0.9,1.1,10,How Phytates Fight Cancer Cells,1.0,0.9999,0.9556,8252,58,5305,17179,2.164,8.3e-05,10
6,A,Noise,0.9,1.1,10,Colon Cancer Prevention: Is it the Fiber or the Phytates?,1.0,1.0,0.9556,8847,65,5290,18116,1.8867,0.001297,10
6,A,Noise,0.9,1.1,10,Low Carb Diets Found to Feed Heart Disease,0.9,0.9448,1.0,9892,62,5283,19014,2.164,0.000774,9
6,A,Noise,0.9,1.1,10,How Curry Can Kill Cancer Cells,1.0,1.0,0.9556,8893,62,5244,17624,2.0253,0.000249,10
6,A,Noise,0.9,1.1,10,Testing Turmeric on Smokers,0.9,0.9485,1.0,9765,59,5331,18723,2.3026,0.00103,10
6,A,Noise,0.9,1.1,10,Alkylphenol Endocrine Disruptors and Allergies,1.0,0.9998,0.9556,8295,66,5293,17258,1.8867,0.000467,10
6,A,Noise,0.9,1.1,10,Slowing Cognitive Decline with Berries,1.0,1.0,1.0,8319,59,5247,17314,1.8867,0.001877,10
6,A,Noise,0.9,1.1,10,What is ‘Meat Glue’?,1.0,1.0,0.9556,8751,60,5286,17863,2.164,0.00028,10
6,A,Noise,0.9,1.1,10,Is Liquid Smoke Safe?,1.0,1.0,0.9556,8911,59,5288,18278,1.7481,0.001216,10
6,A,Noise,0.9,1.1,10,Does Antioxidant Intake Matter for Stroke and Heart Disease?,1.0,1.0,0.9111,8758,59,5318,17706,1.6434,0.002082,9
6,A,Noise,0.9,1.1,10,Does Antioxidant Intake Matter for Cancer?,1.0,0.9999,0.9111,9158,59,5145,17021,1.8867,0.001103,10
6,A,Noise,0.9,1.1,10,Is buying organic worth it? A review of the science in new DVD,1.0,0.9999,0.9556,9644,59,5205,18426,2.164,0.000102,10
6,A,Noise,0.9,1.1,10,Orange Aromatherapy for Anxiety,1.0,1.0,1.0,7697,62,5219,16919,2.0253,0.006882,10
6,A,Noise,0.9,1.1,10,Food Manufacturers Get to Decide if Their Own Additives Are Safe,1.0,1.0,1.0,8431,62,5146,17576,2.164,0.000386,10
6,A,Noise,0.9,1.1,10,Meat Industry Wins Right to Sell Tainted Meat,1.0,1.0,1.0,8264,59,5174,16434,2.164,8.4e-05,10
6,A,Noise,0.9,1.1,10,Chicken Salmonella Outbreaks Show Food Safety Systems Failure,1.0,1.0,0.9556,7709,95,5224,15403,2.0253,0.000327,10
6,A,Noise,0.9,1.1,10,Viral Food Poisoning from Pesticides?,1.0,0.9998,0.9111,7947,60,5216,15590,1.8344,0.000804,10
6,A,Noise,0.9,1.1,10,The Reversal on Fish Oil,1.0,1.0,1.0,8112,64,5179,15634,1.8867,2.9e-05,10
6,A,Noise,0.9,1.1,10,Are Multivitamins Just a Waste of Money?,1.0,1.0,1.0,7545,61,5243,15261,2.0253,0.000247,10
6,A,Combined,0.9,1.1,10,Breast Cancer Cells Feed on Cholesterol,1.0,1.0,0.9556,20559,159,9452,34305,1.8344,0.002844,10
6,A,Combined,0.9,1.1,10,Using Diet to Treat Asthma and Eczema,0.9,0.951,1.0,12215,62,5307,21055,1.6957,0.004011,10
6,A,Combined,0.9,1.1,10,Treating Asthma With Plants vs. Pills,1.0,1.0,1.0,11536,62,5799,21947,1.8867,0.004886,10
6,A,Combined,0.9,1.1,10,How Fruits and Vegetables Can Treat Asthma,1.0,1.0,1.0,9507,63,5396,18822,1.6957,0.003823,10
6,A,Combined,0.9,1.1,10,How Fruits and Vegetables Can Prevent Asthma,1.0,1.0,0.9556,7427,59,5275,16520,1.8867,0.002216,10
6,A,Combined,0.9,1.1,10,Our Tax Dollars Subsidize Unhealthy Foods,1.0,1.0,1.0,8284,58,5148,15883,1.973,0.000255,9
6,A,Combined,0.9,1.1,10,Reducing Arsenic in Chicken and Rice,1.0,0.9999,0.9111,8421,59,5302,17585,2.0253,9.6e-05,10
6,A,Combined,0.9,1.1,10,How Contaminated Are Our Children?,1.0,1.0,0.9111,9263,62,5186,18218,1.5048,0.00018,10
6,A,Combined,0.9,1.1,10,"Blood Type Diet Perceived as ""Crass Fraud""",1.0,1.0,0.9556,8577,58,5302,17479,2.0253,0.000387,10
6,A,Combined,0.9,1.1,10,Why Do Heart Doctors Favor Surgery and Drugs Over Diet?,1.0,1.0,0.9556,8241,57,5297,17355,1.973,0.000452,10
6,A,Combined,0.9,1.1,10,Phytates in Beans: Anti-Nutrient or Anti-Cancer?,1.0,1.0,1.0,7688,61,5291,16963,1.8344,0.000861,10
6,A,Combined,0.9,1.1,10,How Phytates Fight Cancer Cells,1.0,0.9995,0.9556,8257,58,5294,17199,1.973,7.8e-05,10
6,A,Combined,0.9,1.1,10,Colon Cancer Prevention: Is it the Fiber or the Phytates?,1.0,1.0,1.0,8220,67,5261,17236,2.164,0.001195,10
6,A,Combined,0.9,1.1,10,Low Carb Diets Found to Feed Heart Disease,1.0,1.0,1.0,8206,64,5302,17228,2.164,0.000748,10
6,A,Combined,0.9,1.1,10,How Curry Can Kill Cancer Cells,1.0,1.0,0.9556,9055,62,5303,18305,2.0253,0.000272,10
6,A,Combined,0.9,1.1,10,Testing Turmeric on Smokers,0.9,0.9485,0.9444,9270,60,5302,18319,2.3026,0.001022,10
6,A,Combined,0.9,1.1,10,Alkylphenol Endocrine Disruptors and Allergies,1.0,0.9998,0.8667,8682,62,5220,17621,1.8344,0.000442,10
6,A,Combined,0.9,1.1,10,Slowing Cognitive Decline with Berries,1.0,1.0,0.9556,7940,61,5202,16819,1.8867,0.001892,9
6,A,Combined,0.9,1.1,10,What is ‘Meat Glue’?,1.0,1.0,0.9556,7739,61,5281,15966,2.0253,0.000281,10
6,A,Combined,0.9,1.1,10,Is Liquid Smoke Safe?,0.9,0.9499,0.9444,8607,61,5307,17839,1.7481,0.001247,10
6,A,Combined,0.9,1.1,10,Does Antioxidant Intake Matter for Stroke and Heart Disease?,1.0,1.0,1.0,9930,61,9513,24027,1.6434,0.002043,10
6,A,Combined,0.9,1.1,10,Does Antioxidant Intake Matter for Cancer?,1.0,0.9999,0.9111,9595,63,5162,18037,1.6957,0.00104,9
6,A,Combined,0.9,1.1,10,Is buying organic worth it? A review of the science in new DVD,1.0,0.9999,0.9556,10310,65,5151,18157,2.3026,9.9e-05,10
6,A,Combined,0.9,1.1,10,Orange Aromatherapy for Anxiety,1.0,1.0,1.0,9594,62,5174,17239,2.0253,0.006899,10
6,A,Combined,0.9,1.1,10,Food Manufacturers Get to Decide if Their Own Additives Are Safe,1.0,1.0,0.9556,9294,63,5175,16927,2.164,0.00036,10
6,A,Combined,0.9,1.1,10,Meat Industry Wins Right to Sell Tainted Meat,1.0,1.0,1.0,9707,62,5293,18066,2.0253,9.1e-05,10
6,A,Combined,0.9,1.1,10,Chicken Salmonella Outbreaks Show Food Safety Systems Failure,0.9,0.943,1.0,9285,65,5186,16912,2.0253,0.000302,10
6,A,Combined,0.9,1.1,10,Viral Food Poisoning from Pesticides?,1.0,1.0,0.9556,8119,63,5171,15872,1.973,0.000834,10
6,A,Combined,0.9,1.1,10,The Reversal on Fish Oil,1.0,0.9999,0.8667,8368,62,5163,16028,1.6957,3.3e-05,9
6,A,Combined,0.9,1.1,10,Are Multivitamins Just a Waste of Money?,1.0,1.0,1.0,9911,64,5161,18702,2.164,0.000237,10
6,A,Rome,1.0,1.0,10,Breast Cancer Cells Feed on Cholesterol,1.0,1.0,1.0,23701,14578,12396,55636,1.8344,0.002867,10
6,A,Rome,1.0,1.0,10,Using Diet to Treat Asthma and Eczema,1.0,1.0,1.0,12117,7343,7621,31011,1.6957,0.003962,10
6,A,Rome,1.0,1.0,10,Treating Asthma With Plants vs. Pills,1.0,1.0,1.0,8977,5917,6840,25533,1.8867,0.005018,10
6,A,Rome,1.0,1.0,10,How Fruits and Vegetables Can Treat Asthma,1.0,1.0,1.0,9357,5927,6907,26088,1.8867,0.003889,10
6,A,Rome,1.0,1.0,10,How Fruits and Vegetables Can Prevent Asthma,1.0,1.0,1.0,9293,5933,6914,25927,1.7481,0.002246,10
6,A,Rome,1.0,1.0,10,Our Tax Dollars Subsidize Unhealthy Foods,1.0,1.0,1.0,8633,5869,6944,25265,1.8344,0.000264,10
6,A,Rome,1.0,1.0,10,Reducing Arsenic in Chicken and Rice,1.0,1.0,1.0,9481,5960,6962,26360,1.8344,0.0001,10
6,A,Rome,1.0,1.0,10,How Contaminated Are Our Children?,1.0,1.0,1.0,7963,5877,7001,24564,2.0253,0.00017,9
6,A,Rome,1.0,1.0,10,"Blood Type Diet Perceived as ""Crass Fraud""",1.0,1.0,1.0,8509,5828,6739,24144,1.8867,0.00039,10
6,A,Rome,1.0,1.0,10,Why Do Heart Doctors Favor Surgery and Drugs Over Diet?,1.0,1.0,1.0,9522,5845,6926,26199,1.7481,0.000481,10
6,A,Rome,1.0,1.0,10,Phytates in Beans: Anti-Nutrient or Anti-Cancer?,1.0,1.0,1.0,9037,6002,6840,24809,1.6094,0.000898,10
6,A,Rome,1.0,1.0,10,How Phytates Fight Cancer Cells,1.0,1.0,1.0,9278,5944,6857,24525,2.164,8.5e-05,10
6,A,Rome,1.0,1.0,10,Colon Cancer Prevention: Is it the Fiber or the Phytates?,1.0,1.0,1.0,8763,5799,6908,23788,2.0253,0.001258,10
6,A,Rome,1.0,1.0,10,Low Carb Diets Found to Feed Heart Disease,1.0,1.0,1.0,8453,5835,6746,23807,2.164,0.000777,10
6,A,Rome,1.0,1.0,10,How Curry Can Kill Cancer Cells,1.0,1.0,1.0,7959,5805,6942,23250,1.8344,0.000263,10
6,A,Rome,1.0,1.0,10,Testing Turmeric on Smokers,1.0,1.0,1.0,9053,5969,6915,25664,2.164,0.001032,10
6,A,Rome,1.0,1.0,10,Alkylphenol Endocrine Disruptors and Allergies,1.0,1.0,1.0,9103,5926,6821,25517,2.0253,0.000472,10
6,A,Rome,1.0,1.0,10,Slowing Cognitive Decline with Berries,1.0,1.0,1.0,8483,5847,6963,24968,1.8867,0.001869,10
6,A,Rome,1.0,1.0,10,What is ‘Meat Glue’?,1.0,1.0,1.0,8956,5890,6839,25615,2.164,0.000285,10
6,A,Rome,1.0,1.0,10,Is Liquid Smoke Safe?,1.0,1.0,1.0,8697,5969,6938,25215,1.8867,0.001226,10
6,A,Rome,1.0,1.0,10,Does Antioxidant Intake Matter for Stroke and Heart Disease?,1.0,1.0,1.0,8801,5927,6945,25238,1.6434,0.002092,10
6,A,Rome,1.0,1.0,10,Does Antioxidant Intake Matter for Cancer?,1.0,1.0,1.0,8871,5914,6907,25390,1.8344,0.001094,10
6,A,Rome,1.0,1.0,10,Is buying organic worth it? A review of the science in new DVD,1.0,1.0,1.0,8030,5903,6927,24436,2.3026,9.9e-05,10
6,A,Rome,1.0,1.0,10,Orange Aromatherapy for Anxiety,1.0,1.0,1.0,8654,5916,6882,25108,2.0253,0.006857,10
6,A,Rome,1.0,1.0,10,Food Manufacturers Get to Decide if Their Own Additives Are Safe,1.0,1.0,1.0,9464,5931,6936,26199,2.164,0.000376,10
6,A,Rome,1.0,1.0,10,Meat Industry Wins Right to Sell Tainted Meat,1.0,1.0,1.0,8655,5910,6870,25235,2.0253,9.1e-05,10
6,A,Rome,1.0,1.0,10,Chicken Salmonella Outbreaks Show Food Safety Systems Failure,1.0,1.0,1.0,8940,5850,6901,25424,2.0253,0.000323,10
6,A,Rome,1.0,1.0,10,Viral Food Poisoning from Pesticides?,1.0,1.0,1.0,8746,5929,6865,25084,1.8344,0.000857,10
6,A,Rome,1.0,1.0,10,The Reversal on Fish Oil,1.0,1.0,1.0,7528,5938,6953,24080,1.6957,2.9e-05,10
6,A,Rome,1.0,1.0,10,Are Multivitamins Just a Waste of Money?,1.0,1.0,1.0,8289,5956,6992,24887,2.0253,0.000249,10
6,A,RomeCombined,0.9,1.1,10,Breast Cancer Cells Feed on Cholesterol,1.0,1.0,1.0,17391,13951,11011,46378,1.8344,0.002838,10
6,A,RomeCombined,0.9,1.1,10,Using Diet to Treat Asthma and Eczema,1.0,1.0,1.0,11740,7742,8339,30627,1.6957,0.003829,10
6,A,RomeCombined,0.9,1.1,10,Treating Asthma With Plants vs. Pills,1.0,1.0,0.9111,10131,6296,6908,26693,1.8867,0.004851,10
6,A,RomeCombined,0.9,1.1,10,How Fruits and Vegetables Can Treat Asthma,1.0,1.0,1.0,9012,5866,6828,25895,1.8867,0.003782,10
6,A,RomeCombined,0.9,1.1,10,How Fruits and Vegetables Can Prevent Asthma,1.0,0.9994,0.9111,9337,6132,6817,26079,1.7481,0.002214,10
6,A,RomeCombined,0.9,1.1,10,Our Tax Dollars Subsidize Unhealthy Foods,1.0,1.0,0.9556,9791,5861,6802,26411,1.8344,0.00026,10
6,A,RomeCombined,0.9,1.1,10,Reducing Arsenic in Chicken and Rice,1.0,1.0,0.9556,8429,6027,6817,25055,1.7481,0.000104,10
6,A,RomeCombined,0.9,1.1,10,How Contaminated Are Our Children?,1.0,1.0,0.9556,9339,5936,6848,25859,2.164,0.000169,10
6,A,RomeCombined,0.9,1.1,10,"Blood Type Diet Perceived as ""Crass Fraud""",1.0,1.0,1.0,8912,5942,6954,25350,2.0253,0.000406,10
6,A,RomeCombined,0.9,1.1,10,Why Do Heart Doctors Favor Surgery and Drugs Over Diet?,1.0,1.0,0.8667,8308,5986,6878,25104,1.7481,0.000447,10
6,A,RomeCombined,0.9,1.1,10,Phytates in Beans: Anti-Nutrient or Anti-Cancer?,1.0,0.9999,0.9111,9079,5911,6925,25778,1.6957,0.000883,10
6,A,RomeCombined,0.9,1.1,10,How Phytates Fight Cancer Cells,0.9,0.9405,0.9444,9214,5910,6852,25874,2.164,7.9e-05,10
6,A,RomeCombined,0.9,1.1,10,Colon Cancer Prevention: Is it the Fiber or the Phytates?,1.0,1.0,0.9556,9617,5916,6911,26211,2.0253,0.001276,10
6,A,RomeCombined,0.9,1.1,10,Low Carb Diets Found to Feed Heart Disease,0.9,0.9448,1.0,8706,5941,6944,25559,2.164,0.000762,10
6,A,RomeCombined,0.9,1.1,10,How Curry Can Kill Cancer Cells,1.0,0.9999,0.9556,8175,5990,6947,24869,1.8344,0.000266,10
6,A,RomeCombined,0.9,1.1,10,Testing Turmeric on Smokers,1.0,1.0,1.0,7728,5954,6939,24356,2.0253,0.001013,10
6,A,RomeCombined,0.9,1.1,10,Alkylphenol Endocrine Disruptors and Allergies,1.0,1.0,1.0,9434,5921,6922,25949,1.8344,0.000455,10
6,A,RomeCombined,0.9,1.1,10,Slowing Cognitive Decline with Berries,1.0,1.0,0.9556,9085,5953,6939,25838,1.8867,0.001928,10
6,A,RomeCombined,0.9,1.1,10,What is ‘Meat Glue’?,1.0,1.0,1.0,8903,5993,6913,25387,2.0253,0.00028,10
6,A,RomeCombined,0.9,1.1,10,Is Liquid Smoke Safe?,1.0,1.0,1.0,8640,5783,6792,25240,1.8867,0.001206,10
6,A,RomeCombined,0.9,1.1,10,Does Antioxidant Intake Matter for Stroke and Heart Disease?,1.0,1.0,1.0,9375,5930,6940,25860,1.6094,0.002043,10
6,A,RomeCombined,0.9,1.1,10,Does Antioxidant Intake Matter for Cancer?,0.9,0.9416,1.0,8810,5941,6957,25746,1.8344,0.001102,10
6,A,RomeCombined,0.9,1.1,10,Is buying organic worth it? A review of the science in new DVD,1.0,0.9999,0.9556,9805,5917,6954,26380,2.3026,9.6e-05,10
6,A,RomeCombined,0.9,1.1,10,Orange Aromatherapy for Anxiety,1.0,1.0,1.0,9338,5980,6916,26065,2.0253,0.006739,10
6,A,RomeCombined,0.9,1.1,10,Food Manufacturers Get to Decide if Their Own Additives Are Safe,1.0,1.0,0.9111,8599,5982,6903,25011,2.164,0.000381,10
6,A,RomeCombined,0.9,1.1,10,Meat Industry Wins Right to Sell Tainted Meat,1.0,1.0,0.9556,8595,5961,6943,25088,2.0253,8.9e-05,10
6,A,RomeCombined,0.9,1.1,10,Chicken Salmonella Outbreaks Show Food Safety Systems Failure,1.0,1.0,1.0,9392,5916,6927,25854,2.0253,0.00034,10
6,A,RomeCombined,0.9,1.1,10,Viral Food Poisoning from Pesticides?,1.0,1.0,1.0,9587,5971,6904,26230,1.8344,0.000833,10
6,A,RomeCombined,0.9,1.1,10,The Reversal on Fish Oil,1.0,0.9998,0.8667,8962,5887,6966,25626,1.6957,2.8e-05,10
6,A,RomeCombined,0.9,1.1,10,Are Multivitamins Just a Waste of Money?,1.0,1.0,0.9556,8491,5944,6938,24925,2.164,0.000235,10
6,A,Ckks,1.0,1.0,10,Breast Cancer Cells Feed on Cholesterol,1.0,1.0,1.0,32893,84994,36887678,37009550,1.8344,0.002867,10
6,A,Ckks,1.0,1.0,10,Using Diet to Treat Asthma and Eczema,1.0,1.0,1.0,13432,71368,36896902,36986283,1.6957,0.003962,10
6,A,Ckks,1.0,1.0,10,Treating Asthma With Plants vs. Pills,1.0,1.0,1.0,11908,67585,36854942,36939004,1.8867,0.005018,10
6,A,Ckks,1.0,1.0,10,How Fruits and Vegetables Can Treat Asthma,1.0,1.0,1.0,10924,70098,37033100,37119255,1.8867,0.003889,10
6,A,Ckks,1.0,1.0,10,How Fruits and Vegetables Can Prevent Asthma,1.0,1.0,1.0,10234,69443,36868511,36952038,1.7481,0.002246,10
6,A,Ckks,1.0,1.0,10,Our Tax Dollars Subsidize Unhealthy Foods,1.0,1.0,1.0,9023,67992,36739911,36819511,1.8344,0.000264,10
6,A,Ckks,1.0,1.0,10,Reducing Arsenic in Chicken and Rice,1.0,1.0,1.0,12250,70311,36876493,36962497,1.8344,0.0001,10
6,A,Ckks,1.0,1.0,10,How Contaminated Are Our Children?,1.0,1.0,1.0,10864,69749,36881911,36967161,2.0253,0.00017,9
6,A,Ckks,1.0,1.0,10,"Blood Type Diet Perceived as ""Crass Fraud""",1.0,1.0,1.0,9809,68749,36871229,36954335,1.8867,0.00039,10
6,A,Ckks,1.0,1.0,10,Why Do Heart Doctors Favor Surgery and Drugs Over Diet?,1.0,1.0,1.0,11086,68708,36842915,36927309,1.7481,0.000481,10
6,A,Ckks,1.0,1.0,10,Phytates in Beans: Anti-Nutrient or Anti-Cancer?,1.0,1.0,1.0,9548,68484,36939006,37021297,1.6094,0.000898,10
6,A,Ckks,1.0,1.0,10,How Phytates Fight Cancer Cells,1.0,1.0,1.0,9406,70569,37000314,37084831,2.164,8.5e-05,10
6,A,Ckks,1.0,1.0,10,Colon Cancer Prevention: Is it the Fiber or the Phytates?,1.0,1.0,1.0,11094,67881,36875200,36958866,2.0253,0.001258,10
6,A,Ckks,1.0,1.0,10,Low Carb Diets Found to Feed Heart Disease,1.0,1.0,1.0,9873,69394,36913458,36997617,2.164,0.000777,10
6,A,Ckks,1.0,1.0,10,How Curry Can Kill Cancer Cells,1.0,1.0,1.0,10788,67993,36863612,36946003,1.8344,0.000263,10
6,A,Ckks,1.0,1.0,10,Testing Turmeric on Smokers,1.0,1.0,1.0,9670,68833,36879120,36961470,2.164,0.001032,10
6,A,Ckks,1.0,1.0,10,Alkylphenol Endocrine Disruptors and Allergies,1.0,1.0,1.0,9120,69560,36892545,36975608,2.0253,0.000472,10
6,A,Ckks,1.0,1.0,10,Slowing Cognitive Decline with Berries,1.0,1.0,1.0,9809,70196,36897868,36982409,1.8867,0.001869,10
6,A,Ckks,1.0,1.0,10,What is ‘Meat Glue’?,1.0,1.0,1.0,10386,70344,36987731,37072357,2.164,0.000285,10
6,A,Ckks,1.0,1.0,10,Is Liquid Smoke Safe?,1.0,1.0,1.0,9468,69671,36918739,37002568,1.8867,0.001226,10
6,A,Ckks,1.0,1.0,10,Does Antioxidant Intake Matter for Stroke and Heart Disease?,1.0,1.0,1.0,10164,68205,36866731,36949366,1.6434,0.002092,10
6,A,Ckks,1.0,1.0,10,Does Antioxidant Intake Matter for Cancer?,1.0,1.0,1.0,14624,70361,36844156,36932603,1.8344,0.001094,10
6,A,Ckks,1.0,1.0,10,Is buying organic worth it? A review of the science in new DVD,1.0,1.0,1.0,11102,68925,36849644,36934111,2.3026,9.9e-05,10
6,A,Ckks,1.0,1.0,10,Orange Aromatherapy for Anxiety,1.0,1.0,1.0,10578,70192,36939819,37024301,2.0253,0.006857,10
6,A,Ckks,1.0,1.0,10,Food Manufacturers Get to Decide if Their Own Additives Are Safe,1.0,1.0,1.0,9310,70947,36930025,37014759,2.164,0.000376,10
6,A,Ckks,1.0,1.0,10,Meat Industry Wins Right to Sell Tainted Meat,1.0,1.0,1.0,10008,70124,36950781,37035660,2.0253,9.1e-05,10
6,A,Ckks,1.0,1.0,10,Chicken Salmonella Outbreaks Show Food Safety Systems Failure,1.0,1.0,1.0,10171,68626,36902198,36983593,2.0253,0.000323,10
6,A,Ckks,1.0,1.0,10,Viral Food Poisoning from Pesticides?,1.0,1.0,1.0,10816,68056,36862518,36945808,1.8344,0.000857,10
6,A,Ckks,1.0,1.0,10,The Reversal on Fish Oil,1.0,1.0,1.0,10468,69686,36907701,36992430,1.6957,2.9e-05,10
6,A,Ckks,1.0,1.0,10,Are Multivitamins Just a Waste of Money?,1.0,1.0,1.0,9589,69446,36875444,36957686,2.0253,0.000249,10
6,A,CkksCombined,0.9,1.1,10,Breast Cancer Cells Feed on Cholesterol,1.0,1.0,1.0,29335,87915,36905069,37027015,1.8344,0.002876,10
6,A,CkksCombined,0.9,1.1,10,Using Diet to Treat Asthma and Eczema,1.0,1.0,0.9556,11093,70338,36931715,37016810,1.6957,0.003971,10
6,A,CkksCombined,0.9,1.1,10,Treating Asthma With Plants vs. Pills,1.0,1.0,0.9556,9594,68620,36873211,36956191,1.8867,0.004921,10
6,A,CkksCombined,0.9,1.1,10,How Fruits and Vegetables Can Treat Asthma,1.0,1.0,1.0,9276,76372,37053648,37141724,1.8344,0.003772,10
6,A,CkksCombined,0.9,1.1,10,How Fruits and Vegetables Can Prevent Asthma,1.0,1.0,1.0,10277,68404,36856737,36940055,1.7481,0.002179,10
6,A,CkksCombined,0.9,1.1,10,Our Tax Dollars Subsidize Unhealthy Foods,1.0,1.0,1.0,10205,70140,36896350,36981057,2.0253,0.000266,10
6,A,CkksCombined,0.9,1.1,10,Reducing Arsenic in Chicken and Rice,1.0,0.9999,0.8667,10203,69372,36910165,36993954,1.973,9.5e-05,10
6,A,CkksCombined,0.9,1.1,10,How Contaminated Are Our Children?,1.0,1.0,0.9111,10584,70293,36840718,36926128,2.0253,0.000161,10
6,A,CkksCombined,0.9,1.1,10,"Blood Type Diet Perceived as ""Crass Fraud""",1.0,1.0,1.0,8602,68600,36779033,36860131,1.8867,0.000408,10
6,A,CkksCombined,0.9,1.1,10,Why Do Heart Doctors Favor Surgery and Drugs Over Diet?,1.0,0.9999,0.8222,12264,67559,36578892,36661422,1.8344,0.000494,10
6,A,CkksCombined,0.9,1.1,10,Phytates in Beans: Anti-Nutrient or Anti-Cancer?,0.9,0.9435,1.0,10038,66866,36767813,36848688,1.6094,0.000907,10
6,A,CkksCombined,0.9,1.1,10,How Phytates Fight Cancer Cells,0.9,0.9405,0.8889,8699,69142,36784591,36866477,1.8867,8.7e-05,10
6,A,CkksCombined,0.9,1.1,10,Colon Cancer Prevention: Is it the Fiber or the Phytates?,1.0,1.0,1.0,9693,70956,36802079,36886704,2.164,0.001299,10
6,A,CkksCombined,0.9,1.1,10,Low Carb Diets Found to Feed Heart Disease,1.0,1.0,1.0,35659,70908,36760540,36870101,2.164,0.000779,10
6,A,CkksCombined,0.9,1.1,10,How Curry Can Kill Cancer Cells,1.0,0.9999,0.9111,9533,68057,36702769,36784455,2.0253,0.000244,10
6,A,CkksCombined,0.9,1.1,10,Testing Turmeric on Smokers,0.9,0.9485,1.0,9316,70974,36901659,36987489,2.164,0.001035,10
6,A,CkksCombined,0.9,1.1,10,Alkylphenol Endocrine Disruptors and Allergies,1.0,1.0,0.9556,17236,72776,36629346,36724731,1.8867,0.000441,10
6,A,CkksCombined,0.9,1.1,10,Slowing Cognitive Decline with Berries,1.0,1.0,1.0,11451,67115,36804262,36886671,1.8867,0.001825,9
6,A,CkksCombined,0.9,1.1,10,What is ‘Meat Glue’?,1.0,1.0,1.0,10213,70298,36875936,36959293,2.0253,0.000278,10
6,A,CkksCombined,0.9,1.1,10,Is Liquid Smoke Safe?,1.0,1.0,1.0,9083,68766,36876988,36960557,1.8867,0.001171,10
6,A,CkksCombined,0.9,1.1,10,Does Antioxidant Intake Matter for Stroke and Heart Disease?,1.0,1.0,1.0,11752,68053,36781477,36865661,1.6434,0.002045,10
6,A,CkksCombined,0.9,1.1,10,Does Antioxidant Intake Matter for Cancer?,0.9,0.9439,1.0,10127,68265,36644316,36725299,1.8344,0.001093,10
6,A,CkksCombined,0.9,1.1,10,Is buying organic worth it? A review of the science in new DVD,1.0,0.9999,0.9556,9736,69311,36855684,36937845,2.3026,9.8e-05,10
6,A,CkksCombined,0.9,1.1,10,Orange Aromatherapy for Anxiety,0.9,0.9559,1.0,16082,69420,36938731,37029630,2.0253,0.006695,10
6,A,CkksCombined,0.9,1.1,10,Food Manufacturers Get to Decide if Their Own Additives Are Safe,1.0,1.0,0.9556,10435,66328,36807653,36888939,2.0253,0.000377,10
6,A,CkksCombined,0.9,1.1,10,Meat Industry Wins Right to Sell Tainted Meat,1.0,1.0,1.0,10039,69336,36769490,36852460,2.0253,9.1e-05,10
6,A,CkksCombined,0.9,1.1,10,Chicken Salmonella Outbreaks Show Food Safety Systems Failure,0.9,0.943,1.0,9496,69958,36877493,36961874,2.0253,0.000335,10
6,A,CkksCombined,0.9,1.1,10,Viral Food Poisoning from Pesticides?,1.0,1.0,1.0,12278,70057,36878257,36965170,1.6957,0.000783,10
6,A,CkksCombined,0.9,1.1,10,The Reversal on Fish Oil,1.0,0.9998,0.9111,10511,70260,36900463,36985221,1.8344,2.7e-05,10
6,A,CkksCombined,0.9,1.1,10,Are Multivitamins Just a Waste of Money?,1.0,1.0,1.0,10494,69537,36946951,37030298,2.164,0.000265,10
7,A,Scrambling,0.9,1.1,10,Breast Cancer Cells Feed on Cholesterol,1.0,1.0,1.0,24072,139,10680,38600,1.8344,0.002867,10
7,A,Scrambling,0.9,1.1,10,Using Diet to Treat Asthma and Eczema,1.0,1.0,1.0,10835,38,8570,23207,1.6957,0.003962,10
7,A,Scrambling,0.9,1.1,10,Treating Asthma With Plants vs. Pills,1.0,1.0,1.0,10022,34,5256,19373,1.8867,0.005018,10
7,A,Scrambling,0.9,1.1,10,How Fruits and Vegetables Can Treat Asthma,1.0,1.0,1.0,8226,35,5291,17344,1.8867,0.003889,10
7,A,Scrambling,0.9,1.1,10,How Fruits and Vegetables Can Prevent Asthma,1.0,1.0,1.0,8259,36,5245,16390,1.7481,0.002246,10
7,A,Scrambling,0.9,1.1,10,Our Tax Dollars Subsidize Unhealthy Foods,1.0,1.0,1.0,7941,36,5202,16897,1.8344,0.000264,10
7,A,Scrambling,0.9,1.1,10,Reducing Arsenic in Chicken and Rice,1.0,1.0,1.0,8763,36,5286,17664,1.8344,0.0001,10
7,A,Scrambling,0.9,1.1,10,How Contaminated Are Our Children?,1.0,1.0,1.0,9075,34,5107,18291,2.0253,0.00017,9
7,A,Scrambling,0.9,1.1,10,"Blood Type Diet Perceived as ""Crass Fraud""",1.0,1.0,1.0,9199,34,5306,17923,1.8867,0.00039,10
7,A,Scrambling,0.9,1.1,10,Why Do Heart Doctors Favor Surgery and Drugs Over Diet?,1.0,1.0,1.0,9033,35,5196,18173,1.7481,0.000481,10
7,A,Scrambling,0.9,1.1,10,Phytates in Beans: Anti-Nutrient or Anti-Cancer?,1.0,1.0,1.0,9516,35,5203,18632,1.6094,0.000898,10
7,A,Scrambling,0.9,1.1,10,How Phytates Fight Cancer Cells,1.0,1.0,1.0,9656,35,5154,18650,2.164,8.5e-05,10
7,A,Scrambling,0.9,1.1,10,Colon Cancer Prevention: Is it the Fiber or the Phytates?,1.0,1.0,1.0,9663,35,5164,17736,2.0253,0.001258,10
7,A,Scrambling,0.9,1.1,10,Low Carb Diets Found to Feed Heart Disease,1.0,1.0,1.0,8833,34,5205,16558,2.164,0.000777,10
7,A,Scrambling,0.9,1.1,10,How Curry Can Kill Cancer Cells,1.0,1.0,1.0,9444,36,5191,17168,1.8344,0.000263,10
7,A,Scrambling,0.9,1.1,10,Testing Turmeric on Smokers,1.0,1.0,1.0,9379,35,5209,19097,2.164,0.001032,10
7,A,Scrambling,0.9,1.1,10,Alkylphenol Endocrine Disruptors and Allergies,1.0,1.0,1.0,8922,35,5304,16682,2.0253,0.000472,10
7,A,Scrambling,0.9,1.1,10,Slowing Cognitive Decline with Berries,1.0,1.0,1.0,7461,36,5173,14992,1.8867,0.001869,10
7,A,Scrambling,0.9,1.1,10,What is ‘Meat Glue’?,1.0,1.0,1.0,8654,34,5158,16314,2.164,0.000285,10
7,A,Scrambling,0.9,1.1,10,Is Liquid Smoke Safe?,1.0,1.0,1.0,8007,36,5147,16380,1.8867,0.001226,10
7,A,Scrambling,0.9,1.1,10,Does Antioxidant Intake Matter for Stroke and Heart Disease?,1.0,1.0,1.0,8607,35,5194,17265,1.6434,0.002092,10
7,A,Scrambling,0.9,1.1,10,Does Antioxidant Intake Matter for Cancer?,1.0,1.0,1.0,8979,35,5209,17622,1.8344,0.001094,10
7,A,Scrambling,0.9,1.1,10,Is buying organic worth it? A review of the science in new DVD,1.0,1.0,1.0,9557,34,5280,18721,2.3026,9.9e-05,10
7,A,Scrambling,0.9,1.1,10,Orange Aromatherapy for Anxiety,1.0,1.0,1.0,9208,34,5243,18467,2.0253,0.006857,10
7,A,Scrambling,0.9,1.1,10,Food Manufacturers Get to Decide if Their Own Additives Are Safe,1.0,1.0,1.0,9005,36,5187,18043,2.164,0.000376,10
7,A,Scrambling,0.9,1.1,10,Meat Industry Wins Right to Sell Tainted Meat,1.0,1.0,1.0,8724,36,5245,16719,2.0253,9.1e-05,10
7,A,Scrambling,0.9,1.1,10,Chicken Salmonella Outbreaks Show Food Safety Systems Failure,1.0,1.0,1.0,9110,34,5207,18411,2.0253,0.000323,10
7,A,Scrambling,0.9,1.1,10,Viral Food Poisoning from Pesticides?,1.0,1.0,1.0,9189,33,5258,18749,1.8344,0.000857,10
7,A,Scrambling,0.9,1.1,10,The Reversal on Fish Oil,1.0,1.0,1.0,9035,36,5266,18526,1.6957,2.9e-05,10
7,A,Scrambling,0.9,1.1,10,Are Multivitamins Just a Waste of Money?,1.0,1.0,1.0,10149,35,5233,19647,2.0253,0.000249,10
7,A,Noise,0.9,1.1,10,Breast Cancer Cells Feed on Cholesterol,1.0,1.0,1.0,20705,232,11040,36010,1.8344,0.002763,10
7,A,Noise,0.9,1.1,10,Using Diet to Treat Asthma and Eczema,0.9,0.951,1.0,11304,64,5229,20136,1.6957,0.003935,9
7,A,Noise,0.9,1.1,10,Treating Asthma With Plants vs. Pills,1.0,1.0,1.0,9568,65,5700,19659,1.8867,0.005039,10
7,A,Noise,0.9,1.1,10,How Fruits and Vegetables Can Treat Asthma,1.0,1.0,1.0,9816,63,5251,19673,1.6957,0.003853,10
7,A,Noise,0.9,1.1,10,How Fruits and Vegetables Can Prevent Asthma,1.0,1.0,1.0,9628,62,5277,19113,2.0253,0.002229,10
7,A,Noise,0.9,1.1,10,Our Tax Dollars Subsidize Unhealthy Foods,1.0,1.0,0.9556,9421,64,5226,18081,2.0253,0.00026,10
7,A,Noise,0.9,1.1,10,Reducing Arsenic in Chicken and Rice,1.0,1.0,0.9556,8076,63,5248,17213,2.0253,9.6e-05,10
7,A,Noise,0.9,1.1,10,How Contaminated Are Our Children?,1.0,1.0,0.9556,10000,61,5170,18867,2.0253,0.000167,10
7,A,Noise,0.9,1.1,10,"Blood Type Diet Perceived as ""Crass Fraud""",1.0,1.0,1.0,8259,62,5258,17345,2.0253,0.000389,10
7,A,Noise,0.9,1.1,10,Why Do Heart Doctors Favor Surgery and Drugs Over Diet?,1.0,1.0,0.9556,8699,63,5291,19110,1.7481,0.000473,10
7,A,Noise,0.9,1.1,10,Phytates in Beans: Anti-Nutrient or Anti-Cancer?,1.0,1.0,0.9111,9302,64,5292,18956,1.8344,0.000863,10
7,A,Noise,0.9,1.1,10,How Phytates Fight Cancer Cells,1.0,0.9999,0.9556,8634,63,5160,17612,1.973,7.1e-05,10
7,A,Noise,0.9,1.1,10,Colon Cancer Prevention: Is it the Fiber or the Phytates?,1.0,0.9999,0.9111,8717,62,5232,19683,1.8867,0.001259,10
7,A,Noise,0.9,1.1,10,Low Carb Diets Found to Feed Heart Disease,0.9,0.9448,1.0,9518,64,5152,18258,2.164,0.000799,10
7,A,Noise,0.9,1.1,10,How Curry Can Kill Cancer Cells,1.0,1.0,0.9556,10182,61,5192,18267,2.0253,0.000259,10
7,A,Noise,0.9,1.1,10,Testing Turmeric on Smokers,0.9,0.9485,1.0,8183,62,5225,17095,2.0253,0.001014,10
7,A,Noise,0.9,1.1,10,Alkylphenol Endocrine Disruptors and Allergies,1.0,1.0,1.0,8687,63,5360,17349,2.0253,0.000473,10
7,A,Noise,0.9,1.1,10,Slowing Cognitive Decline with Berries,1.0,1.0,1.0,7749,63,5270,16796,1.8867,0.001847,10
7,A,Noise,0.9,1.1,10,What is ‘Meat Glue’?,1.0,1.0,1.0,8575,62,5184,17528,1.8867,0.000279,10
7,A,Noise,0.9,1.1,10,Is Liquid Smoke Safe?,0.9,0.9499,0.9444,7699,62,5152,16079,1.8867,0.00117,10
7,A,Noise,0.9,1.1,10,Does Antioxidant Intake Matter for Stroke and Heart Disease?,1.0,1.0,1.0,9688,64,5306,18615,1.6434,0.002091,10
7,A,Noise,0.9,1.1,10,Does Antioxidant Intake Matter for Cancer?,1.0,0.9999,0.9111,8876,61,5180,17256,1.8344,0.001017,9
7,A,Noise,0.9,1.1,10,Is buying organic worth it? A review of the science in new DVD,0.9,0.9449,0.9444,9720,62,5252,18303,2.0253,9.7e-05,10
7,A,Noise,0.9,1.1,10,Orange Aromatherapy for Anxiety,1.0,1.0,1.0,9866,63,5155,19125,2.0253,0.006898,10
7,A,Noise,0.9,1.1,10,Food Manufacturers Get to Decide if Their Own Additives Are Safe,1.0,1.0,0.9556,8657,63,5219,17826,2.0253,0.000377,10
7,A,Noise,0.9,1.1,10,Meat Industry Wins Right to Sell Tainted Meat,1.0,1.0,1.0,8270,62,5151,16492,2.0253,9e-05,10
7,A,Noise,0.9,1.1,10,Chicken Salmonella Outbreaks Show Food Safety Systems Failure,1.0,1.0,0.9111,9547,62,5145,17704,2.164,0.000313,10
7,A,Noise,0.9,1.1,10,Viral Food Poisoning from Pesticides?,1.0,1.0,0.9556,9054,63,5217,18051,1.8344,0.000839,10
7,A,Noise,0.9,1.1,10,The Reversal on Fish Oil,1.0,0.9999,0.9556,9438,63,5189,18976,1.8867,3e-05,10
7,A,Noise,0.9,1.1,10,Are Multivitamins Just a Waste of Money?,1.0,1.0,0.9556,8463,62,5219,17640,2.3026,0.000248,10
7,A,Combined,0.9,1.1,10,Breast Cancer Cells Feed on Cholesterol,1.0,1.0,1.0,21838,166,11469,36874,1.8344,0.002887,10
7,A,Combined,0.9,1.1,10,Using Diet to Treat Asthma and Eczema,1.0,1.0,0.9556,11281,63,6313,21664,1.6957,0.003853,10
7,A,Combined,0.9,1.1,10,Treating Asthma With Plants vs. Pills,1.0,1.0,0.9556,10050,63,5221,20016,1.8867,0.004932,10
7,A,Combined,0.9,1.1,10,How Fruits and Vegetables Can Treat Asthma,1.0,1.0,1.0,8556,66,5273,17849,2.0253,0.003743,10
7,A,Combined,0.9,1.1,10,How Fruits and Vegetables Can Prevent Asthma,1.0,1.0,1.0,9171,63,5148,18118,1.7481,0.002146,10
7,A,Combined,0.9,1.1,10,Our Tax Dollars Subsidize Unhealthy Foods,1.0,1.0,0.9556,8318,62,5270,17370,2.0253,0.000271,10
7,A,Combined,0.9,1.1,10,Reducing Arsenic in Chicken and Rice,1.0,1.0,0.8667,8155,63,5149,17491,1.8344,0.000107,10
7,A,Combined,0.9,1.1,10,How Contaminated Are Our Children?,1.0,1.0,0.8667,8549,61,5159,17534,2.0253,0.000167,10
7,A,Combined,0.9,1.1,10,"Blood Type Diet Perceived as ""Crass Fraud""",0.9,0.942,0.9444,8424,62,5152,16654,2.0253,0.000413,10
7,A,Combined,0.9,1.1,10,Why Do Heart Doctors Favor Surgery and Drugs Over Diet?,1.0,1.0,0.8667,8327,62,5151,17329,2.0253,0.000461,10
7,A,Combined,0.9,1.1,10,Phytates in Beans: Anti-Nutrient or Anti-Cancer?,1.0,1.0,1.0,9755,60,5199,18435,1.6957,0.000897,10
7,A,Combined,0.9,1.1,10,How Phytates Fight Cancer Cells,0.9,0.9405,0.9444,9041,62,5247,17776,2.164,8.4e-05,10
7,A,Combined,0.9,1.1,10,Colon Cancer Prevention: Is it the Fiber or the Phytates?,1.0,1.0,1.0,8632,63,5233,17723,2.0253,0.001239,10
7,A,Combined,0.9,1.1,10,Low Carb Diets Found to Feed Heart Disease,1.0,1.0,1.0,9319,63,5206,18305,2.164,0.000789,10
7,A,Combined,0.9,1.1,10,How Curry Can Kill Cancer Cells,1.0,1.0,0.9556,8401,59,5150,17499,1.8867,0.000265,10
7,A,Combined,0.9,1.1,10,Testing Turmeric on Smokers,0.9,0.9485,1.0,8791,60,5212,17787,2.0253,0.001046,10
7,A,Combined,0.9,1.1,10,Alkylphenol Endocrine Disruptors and Allergies,1.0,1.0,1.0,9434,59,5219,17546,2.164,0.000453,10
7,A,Combined,0.9,1.1,10,Slowing Cognitive Decline with Berries,1.0,1.0,0.9556,7873,60,5385,17077,1.8867,0.001864,10
7,A,Combined,0.9,1.1,10,What is ‘Meat Glue’?,1.0,1.0,1.0,8696,64,5185,16729,1.8344,0.000281,10
7,A,Combined,0.9,1.1,10,Is Liquid Smoke Safe?,1.0,1.0,1.0,8738,63,5298,17561,1.8867,0.001199,10
7,A,Combined,0.9,1.1,10,Does Antioxidant Intake Matter for Stroke and Heart Disease?,1.0,1.0,1.0,8613,62,5155,17723,1.6094,0.002143,10
7,A,Combined,0.9,1.1,10,Does Antioxidant Intake Matter for Cancer?,0.9,0.9415,0.9444,9825,64,5233,19275,1.6434,0.001084,10
7,A,Combined,0.9,1.1,10,Is buying organic worth it? A review of the science in new DVD,1.0,0.9999,0.9556,9678,62,5318,18248,2.164,9.8e-05,10
7,A,Combined,0.9,1.1,10,Orange Aromatherapy for Anxiety,1.0,1.0,1.0,8781,64,5368,17332,2.0253,0.00675,10
7,A,Combined,0.9,1.1,10,Food Manufacturers Get to Decide if Their Own Additives Are Safe,1.0,1.0,0.9111,9838,61,5336,18932,2.0253,0.00039,10
7,A,Combined,0.9,1.1,10,Meat Industry Wins Right to Sell Tainted Meat,1.0,1.0,0.9556,8745,61,5258,17743,2.0253,9.5e-05,10
7,A,Combined,0.9,1.1,10,Chicken Salmonella Outbreaks Show Food Safety Systems Failure,0.9,0.943,1.0,8714,60,5172,17468,2.0253,0.000338,10
7,A,Combined,0.9,1.1,10,Viral Food Poisoning from Pesticides?,1.0,1.0,0.9556,9321,62,5304,18535,1.8344,0.000848,10
7,A,Combined,0.9,1.1,10,The Reversal on Fish Oil,1.0,0.9999,0.9111,9510,92,5243,19036,2.0253,3.3e-05,10
7,A,Combined,0.9,1.1,10,Are Multivitamins Just a Waste of Money?,1.0,1.0,0.9556,8744,63,5222,17983,2.0253,0.000228,10
7,A,Rome,1.0,1.0,10,Breast Cancer Cells Feed on Cholesterol,1.0,1.0,1.0,20916,7882,7271,40961,1.8344,0.002867,10
7,A,Rome,1.0,1.0,10,Using Diet to Treat Asthma and Eczema,1.0,1.0,1.0,12640,5822,9329,31697,1.6957,0.003962,10
7,A,Rome,1.0,1.0,10,Treating Asthma With Plants vs. Pills,1.0,1.0,1.0,11466,5954,7106,27766,1.8867,0.005018,10
7,A,Rome,1.0,1.0,10,How Fruits and Vegetables Can Treat Asthma,1.0,1.0,1.0,8499,5964,6887,25413,1.8867,0.003889,10
7,A,Rome,1.0,1.0,10,How Fruits and Vegetables Can Prevent Asthma,1.0,1.0,1.0,8269,5854,6815,24616,1.7481,0.002246,10
7,A,Rome,1.0,1.0,10,Our Tax Dollars Subsidize Unhealthy Foods,1.0,1.0,1.0,8973,5931,6808,26006,1.8344,0.000264,10
7,A,Rome,1.0,1.0,10,Reducing Arsenic in Chicken and Rice,1.0,1.0,1.0,9959,5834,15698,34888,1.8344,0.0001,10
7,A,Rome,1.0,1.0,10,How Contaminated Are Our Children?,1.0,1.0,1.0,29589,5980,7107,45167,2.0253,0.00017,9
7,A,Rome,1.0,1.0,10,"Blood Type Diet Perceived as ""Crass Fraud""",1.0,1.0,1.0,9297,5900,6914,25415,1.8867,0.00039,10
7,A,Rome,1.0,1.0,10,Why Do Heart Doctors Favor Surgery and Drugs Over Diet?,1.0,1.0,1.0,9045,5921,6815,25924,1.7481,0.000481,10
7,A,Rome,1.0,1.0,10,Phytates in Beans: Anti-Nutrient or Anti-Cancer?,1.0,1.0,1.0,8911,5909,6867,24948,1.6094,0.000898,10
7,A,Rome,1.0,1.0,10,How Phytates Fight Cancer Cells,1.0,1.0,1.0,9624,5949,6789,26234,2.164,8.5e-05,10
7,A,Rome,1.0,1.0,10,Colon Cancer Prevention: Is it the Fiber or the Phytates?,1.0,1.0,1.0,8768,5864,6764,24733,2.0253,0.001258,10
7,A,Rome,1.0,1.0,10,Low Carb Diets Found to Feed Heart Disease,1.0,1.0,1.0,9021,5892,6761,25752,2.164,0.000777,10
7,A,Rome,1.0,1.0,10,How Curry Can Kill Cancer Cells,1.0,1.0,1.0,8942,5928,6848,25556,1.8344,0.000263,10
7,A,Rome,1.0,1.0,10,Testing Turmeric on Smokers,1.0,1.0,1.0,8953,5955,6830,25790,2.164,0.001032,10
7,A,Rome,1.0,1.0,10,Alkylphenol Endocrine Disruptors and Allergies,1.0,1.0,1.0,9361,5960,6971,26897,2.0253,0.000472,10
7,A,Rome,1.0,1.0,10,Slowing Cognitive Decline with Berries,1.0,1.0,1.0,9462,5891,6911,25561,1.8867,0.001869,10
7,A,Rome,1.0,1.0,10,What is ‘Meat Glue’?,1.0,1.0,1.0,9221,6001,6869,26262,2.164,0.000285,10
7,A,Rome,1.0,1.0,10,Is Liquid Smoke Safe?,1.0,1.0,1.0,8817,5913,7024,25551,1.8867,0.001226,10
7,A,Rome,1.0,1.0,10,Does Antioxidant Intake Matter for Stroke and Heart Disease?,1.0,1.0,1.0,11185,5916,6864,27865,1.6434,0.002092,10
7,A,Rome,1.0,1.0,10,Does Antioxidant Intake Matter for Cancer?,1.0,1.0,1.0,9883,5932,6771,25868,1.8344,0.001094,10
7,A,Rome,1.0,1.0,10,Is buying organic worth it? A review of the science in new DVD,1.0,1.0,1.0,10742,6084,6944,27882,2.3026,9.9e-05,10
7,A,Rome,1.0,1.0,10,Orange Aromatherapy for Anxiety,1.0,1.0,1.0,11734,5957,6757,27755,2.0253,0.006857,10
7,A,Rome,1.0,1.0,10,Food Manufacturers Get to Decide if Their Own Additives Are Safe,1.0,1.0,1.0,9416,6082,6937,25566,2.164,0.000376,10
7,A,Rome,1.0,1.0,10,Meat Industry Wins Right to Sell Tainted Meat,1.0,1.0,1.0,10092,6233,6884,25711,2.0253,9.1e-05,10
7,A,Rome,1.0,1.0,10,Chicken Salmonella Outbreaks Show Food Safety Systems Failure,1.0,1.0,1.0,9911,6008,6896,26740,2.0253,0.000323,10
7,A,Rome,1.0,1.0,10,Viral Food Poisoning from Pesticides?,1.0,1.0,1.0,9876,6037,6780,25226,1.8344,0.000857,10
7,A,Rome,1.0,1.0,10,The Reversal on Fish Oil,1.0,1.0,1.0,11262,5843,6828,28091,1.6957,2.9e-05,10
7,A,Rome,1.0,1.0,10,Are Multivitamins Just a Waste of Money?,1.0,1.0,1.0,9723,6060,6881,26496,2.0253,0.000249,10
7,A,RomeCombined,0.9,1.1,10,Breast Cancer Cells Feed on Cholesterol,1.0,1.0,1.0,23336,14660,12925,56408,1.8344,0.002801,10
7,A,RomeCombined,0.9,1.1,10,Using Diet to Treat Asthma and Eczema,1.0,1.0,1.0,11264,7870,8078,29844,1.5048,0.003992,10
7,A,RomeCombined,0.9,1.1,10,Treating Asthma With Plants vs. Pills,1.0,1.0,0.9556,9287,5934,6891,24899,1.8867,0.004975,10
7,A,RomeCombined,0.9,1.1,10,How Fruits and Vegetables Can Treat Asthma,1.0,1.0,1.0,8288,5971,6804,24147,1.8867,0.003898,10
7,A,RomeCombined,0.9,1.1,10,How Fruits and Vegetables Can Prevent Asthma,1.0,1.0,1.0,8222,5902,6934,25153,1.8867,0.002264,10
7,A,RomeCombined,0.9,1.1,10,Our Tax Dollars Subsidize Unhealthy Foods,1.0,1.0,1.0,9122,5806,6872,25005,1.8344,0.000277,10
7,A,RomeCombined,0.9,1.1,10,Reducing Arsenic in Chicken and Rice,1.0,1.0,0.9556,8283,6064,7010,24280,2.0253,9.9e-05,10
7,A,RomeCombined,0.9,1.1,10,How Contaminated Are Our Children?,1.0,1.0,0.9556,8317,5933,6796,24746,1.8867,0.000182,9
7,A,RomeCombined,0.9,1.1,10,"Blood Type Diet Perceived as ""Crass Fraud""",1.0,1.0,0.9556,9263,5810,6778,24959,1.6957,0.0004,9
7,A,RomeCombined,0.9,1.1,10,Why Do Heart Doctors Favor Surgery and Drugs Over Diet?,1.0,1.0,1.0,8844,5845,6982,25210,1.973,0.00049,10
7,A,RomeCombined,0.9,1.1,10,Phytates in Beans: Anti-Nutrient or Anti-Cancer?,1.0,1.0,1.0,8547,5846,6752,24374,1.7481,0.0009,10
7,A,RomeCombined,0.9,1.1,10,How Phytates Fight Cancer Cells,0.9,0.9406,1.0,7962,5815,6736,23479,2.164,8e-05,10
7,A,RomeCombined,0.9,1.1,10,Colon Cancer Prevention: Is it the Fiber or the Phytates?,1.0,1.0,1.0,9004,6255,6793,25905,2.0253,0.001202,10
7,A,RomeCombined,0.9,1.1,10,Low Carb Diets Found to Feed Heart Disease,1.0,1.0,0.9556,8609,5881,6955,25305,2.164,0.00079,10
7,A,RomeCombined,0.9,1.1,10,How Curry Can Kill Cancer Cells,1.0,0.9999,0.9111,8829,5993,6911,25455,1.7481,0.000281,9
7,A,RomeCombined,0.9,1.1,10,Testing Turmeric on Smokers,0.9,0.9485,1.0,8803,6015,6755,26178,2.0253,0.000998,10
7,A,RomeCombined,0.9,1.1,10,Alkylphenol Endocrine Disruptors and Allergies,1.0,0.9998,0.9556,9133,5792,6892,25952,1.8867,0.000491,10
7,A,RomeCombined,0.9,1.1,10,Slowing Cognitive Decline with Berries,1.0,1.0,0.9556,9598,5788,6742,28381,1.8867,0.001897,10
7,A,RomeCombined,0.9,1.1,10,What is ‘Meat Glue’?,1.0,1.0,1.0,8731,5782,6739,25512,2.0253,0.000288,10
7,A,RomeCombined,0.9,1.1,10,Is Liquid Smoke Safe?,0.9,0.9478,0.9444,8015,6043,6826,25868,1.8867,0.0012,10
7,A,RomeCombined,0.9,1.1,10,Does Antioxidant Intake Matter for Stroke and Heart Disease?,1.0,0.9999,0.8222,8499,5818,6780,24250,1.6094,0.002016,9
7,A,RomeCombined,0.9,1.1,10,Does Antioxidant Intake Matter for Cancer?,1.0,0.9999,0.9111,8220,5819,6774,24053,1.8344,0.001064,10
7,A,RomeCombined,0.9,1.1,10,Is buying organic worth it? A review of the science in new DVD,0.9,0.9449,0.9444,8065,5822,6784,24747,2.3026,0.0001,10
7,A,RomeCombined,0.9,1.1,10,Orange Aromatherapy for Anxiety,0.9,0.9559,1.0,8190,5926,6824,25640,2.0253,0.00674,10
7,A,RomeCombined,0.9,1.1,10,Food Manufacturers Get to Decide if Their Own Additives Are Safe,1.0,1.0,0.9556,8596,5791,6896,25107,2.0253,0.000379,10
7,A,RomeCombined,0.9,1.1,10,Meat Industry Wins Right to Sell Tainted Meat,1.0,1.0,1.0,9083,5922,6872,26029,2.0253,9e-05,10
7,A,RomeCombined,0.9,1.1,10,Chicken Salmonella Outbreaks Show Food Safety Systems Failure,1.0,1.0,0.9111,8485,5791,6914,25069,2.0253,0.000333,10
7,A,RomeCombined,0.9,1.1,10,Viral Food Poisoning from Pesticides?,1.0,1.0,0.9556,9522,5867,6713,26211,2.0253,0.00083,10
7,A,RomeCombined,0.9,1.1,10,The Reversal on Fish Oil,1.0,0.9999,0.8667,9976,5905,6797,26026,1.8867,3.1e-05,10
7,A,RomeCombined,0.9,1.1,10,Are Multivitamins Just a Waste of Money?,1.0,1.0,1.0,8117,6048,6774,23438,2.0253,0.000256,10
7,A,Ckks,1.0,1.0,10,Breast Cancer Cells Feed on Cholesterol,1.0,1.0,1.0,20574,85348,36838682,36950912,1.8344,0.002867,10
7,A,Ckks,1.0,1.0,10,Using Diet to Treat Asthma and Eczema,1.0,1.0,1.0,11379,70771,36955389,37041478,1.6957,0.003962,10
7,A,Ckks,1.0,1.0,10,Treating Asthma With Plants vs. Pills,1.0,1.0,1.0,11649,69293,36860234,36945607,1.8867,0.005018,10
7,A,Ckks,1.0,1.0,10,How Fruits and Vegetables Can Treat Asthma,1.0,1.0,1.0,10324,70146,37035979,37119340,1.8867,0.003889,10
7,A,Ckks,1.0,1.0,10,How Fruits and Vegetables Can Prevent Asthma,1.0,1.0,1.0,11442,69821,36989713,37074613,1.7481,0.002246,10
7,A,Ckks,1.0,1.0,10,Our Tax Dollars Subsidize Unhealthy Foods,1.0,1.0,1.0,10443,70298,36901699,36985423,1.8344,0.000264,10
7,A,Ckks,1.0,1.0,10,Reducing Arsenic in Chicken and Rice,1.0,1.0,1.0,10639,67934,36885158,36967112,1.8344,0.0001,10
7,A,Ckks,1.0,1.0,10,How Contaminated Are Our Children?,1.0,1.0,1.0,10383,69775,36879092,36963973,2.0253,0.00017,9
7,A,Ckks,1.0,1.0,10,"Blood Type Diet Perceived as ""Crass Fraud""",1.0,1.0,1.0,10524,69789,36927727,37012668,1.8867,0.00039,10
7,A,Ckks,1.0,1.0,10,Why Do Heart Doctors Favor Surgery and Drugs Over Diet?,1.0,1.0,1.0,11118,68326,36838431,36922187,1.7481,0.000481,10
7,A,Ckks,1.0,1.0,10,Phytates in Beans: Anti-Nutrient or Anti-Cancer?,1.0,1.0,1.0,11571,68391,38010267,38096619,1.6094,0.000898,10
7,A,Ckks,1.0,1.0,10,How Phytates Fight Cancer Cells,1.0,1.0,1.0,17398,69325,36967373,37060069,2.164,8.5e-05,10
7,A,Ckks,1.0,1.0,10,Colon Cancer Prevention: Is it the Fiber or the Phytates?,1.0,1.0,1.0,15703,70459,37209593,37302271,2.0253,0.001258,10
7,A,Ckks,1.0,1.0,10,Low Carb Diets Found to Feed Heart Disease,1.0,1.0,1.0,14876,68197,36822986,36908859,2.164,0.000777,10
7,A,Ckks,1.0,1.0,10,How Curry Can Kill Cancer Cells,1.0,1.0,1.0,9608,69393,36874765,36957678,1.8344,0.000263,10
7,A,Ckks,1.0,1.0,10,Testing Turmeric on Smokers,1.0,1.0,1.0,9893,70540,36886659,36971352,2.164,0.001032,10
7,A,Ckks,1.0,1.0,10,Alkylphenol Endocrine Disruptors and Allergies,1.0,1.0,1.0,9479,69466,36872458,36954956,2.0253,0.000472,10
7,A,Ckks,1.0,1.0,10,Slowing Cognitive Decline with Berries,1.0,1.0,1.0,9794,69560,36886064,36969327,1.8867,0.001869,10
7,A,Ckks,1.0,1.0,10,What is ‘Meat Glue’?,1.0,1.0,1.0,9414,67953,36815905,36896576,2.164,0.000285,10
7,A,Ckks,1.0,1.0,10,Is Liquid Smoke Safe?,1.0,1.0,1.0,9701,70390,36921941,37006088,1.8867,0.001226,10
7,A,Ckks,1.0,1.0,10,Does Antioxidant Intake Matter for Stroke and Heart Disease?,1.0,1.0,1.0,11220,67980,37043815,37128414,1.6434,0.002092,10
7,A,Ckks,1.0,1.0,10,Does Antioxidant Intake Matter for Cancer?,1.0,1.0,1.0,12080,68668,36815599,36901340,1.8344,0.001094,10
7,A,Ckks,1.0,1.0,10,Is buying organic worth it? A review of the science in new DVD,1.0,1.0,1.0,11627,70070,36908512,36995041,2.3026,9.9e-05,10
7,A,Ckks,1.0,1.0,10,Orange Aromatherapy for Anxiety,1.0,1.0,1.0,10440,68659,36834136,36916873,2.0253,0.006857,10
7,A,Ckks,1.0,1.0,10,Food Manufacturers Get to Decide if Their Own Additives Are Safe,1.0,1.0,1.0,9245,66476,36907999,36988253,2.164,0.000376,10
7,A,Ckks,1.0,1.0,10,Meat Industry Wins Right to Sell Tainted Meat,1.0,1.0,1.0,12174,69675,36868483,36953814,2.0253,9.1e-05,10
7,A,Ckks,1.0,1.0,10,Chicken Salmonella Outbreaks Show Food Safety Systems Failure,1.0,1.0,1.0,11101,68252,36942855,37027561,2.0253,0.000323,10
7,A,Ckks,1.0,1.0,10,Viral Food Poisoning from Pesticides?,1.0,1.0,1.0,10254,69570,36906201,36992217,1.8344,0.000857,10
7,A,Ckks,1.0,1.0,10,The Reversal on Fish Oil,1.0,1.0,1.0,14715,68887,36828331,36916171,1.6957,2.9e-05,10
7,A,Ckks,1.0,1.0,10,Are Multivitamins Just a Waste of Money?,1.0,1.0,1.0,11310,71163,36919886,37007713,2.0253,0.000249,10
7,A,CkksCombined,0.9,1.1,10,Breast Cancer Cells Feed on Cholesterol,1.0,1.0,1.0,31467,84640,36848767,36971234,1.8344,0.002858,10
7,A,CkksCombined,0.9,1.1,10,Using Diet to Treat Asthma and Eczema,1.0,1.0,1.0,11059,70296,36840904,36926021,1.6957,0.003946,10
7,A,CkksCombined,0.9,1.1,10,Treating Asthma With Plants vs. Pills,1.0,1.0,1.0,10354,68886,36859277,36943396,1.8867,0.004917,10
7,A,CkksCombined,0.9,1.1,10,How Fruits and Vegetables Can Treat Asthma,1.0,1.0,1.0,12814,69989,36981480,37069583,1.6957,0.003834,10
7,A,CkksCombined,0.9,1.1,10,How Fruits and Vegetables Can Prevent Asthma,1.0,1.0,1.0,10667,68429,36883885,36967230,1.8867,0.002197,10
7,A,CkksCombined,0.9,1.1,10,Our Tax Dollars Subsidize Unhealthy Foods,1.0,1.0,0.9111,9409,70066,37030994,37114048,2.0253,0.000275,10
7,A,CkksCombined,0.9,1.1,10,Reducing Arsenic in Chicken and Rice,1.0,1.0,0.9111,12138,69655,36994389,37080562,1.7481,0.000103,9
7,A,CkksCombined,0.9,1.1,10,How Contaminated Are Our Children?,1.0,1.0,0.8667,9162,71188,37016499,37101362,2.164,0.000165,10
7,A,CkksCombined,0.9,1.1,10,"Blood Type Diet Perceived as ""Crass Fraud""",0.9,0.942,0.9444,11853,69274,36943441,37029546,1.8344,0.000389,10
7,A,CkksCombined,0.9,1.1,10,Why Do Heart Doctors Favor Surgery and Drugs Over Diet?,0.9,0.9415,0.7778,10234,68572,36933829,37015378,1.8344,0.000463,10
7,A,CkksCombined,0.9,1.1,10,Phytates in Beans: Anti-Nutrient or Anti-Cancer?,1.0,1.0,0.9556,9467,70434,36895302,36979593,1.6094,0.000865,10
7,A,CkksCombined,0.9,1.1,10,How Phytates Fight Cancer Cells,0.9,0.9406,1.0,9143,67823,36886480,36966843,2.164,8.9e-05,10
7,A,CkksCombined,0.9,1.1,10,Colon Cancer Prevention: Is it the Fiber or the Phytates?,1.0,1.0,1.0,8850,66938,36853787,36933178,2.0253,0.001317,10
7,A,CkksCombined,0.9,1.1,10,Low Carb Diets Found to Feed Heart Disease,0.9,0.9448,1.0,10292,68128,36878847,36961840,2.164,0.000755,10
7,A,CkksCombined,0.9,1.1,10,How Curry Can Kill Cancer Cells,1.0,1.0,0.9556,9237,69161,37163095,37246039,2.0253,0.000245,10
7,A,CkksCombined,0.9,1.1,10,Testing Turmeric on Smokers,1.0,1.0,1.0,13374,72785,36949375,37039949,2.0253,0.001041,10
7,A,CkksCombined,0.9,1.1,10,Alkylphenol Endocrine Disruptors and Allergies,1.0,1.0,0.9111,10011,70053,37885324,37971453,2.0253,0.000445,10
7,A,CkksCombined,0.9,1.1,10,Slowing Cognitive Decline with Berries,1.0,1.0,1.0,18053,67876,36833642,36922915,1.8867,0.001813,10
7,A,CkksCombined,0.9,1.1,10,What is ‘Meat Glue’?,1.0,1.0,1.0,15026,69892,36968118,37058392,2.0253,0.000277,10
7,A,CkksCombined,0.9,1.1,10,Is Liquid Smoke Safe?,1.0,1.0,1.0,14668,69531,37011167,37101320,1.8867,0.001233,10
7,A,CkksCombined,0.9,1.1,10,Does Antioxidant Intake Matter for Stroke and Heart Disease?,1.0,1.0,0.9556,14068,69575,36790807,36878877,1.8344,0.002102,10
7,A,CkksCombined,0.9,1.1,10,Does Antioxidant Intake Matter for Cancer?,0.9,0.9439,1.0,10214,67677,36886074,36968642,1.8344,0.001091,10
7,A,CkksCombined,0.9,1.1,10,Is buying organic worth it? A review of the science in new DVD,0.9,0.9449,0.9444,26160,70630,36843217,36945383,2.3026,0.0001,10
7,A,CkksCombined,0.9,1.1,10,Orange Aromatherapy for Anxiety,1.0,1.0,1.0,10879,69157,36813303,36899649,2.0253,0.006846,10
7,A,CkksCombined,0.9,1.1,10,Food Manufacturers Get to Decide if Their Own Additives Are Safe,1.0,1.0,0.9111,11831,69466,36894114,36981214,2.164,0.000387,10
7,A,CkksCombined,0.9,1.1,10,Meat Industry Wins Right to Sell Tainted Meat,1.0,1.0,0.9111,10382,69672,36901333,36988879,2.0253,9.1e-05,10
7,A,CkksCombined,0.9,1.1,10,Chicken Salmonella Outbreaks Show Food Safety Systems Failure,0.9,0.943,1.0,13266,69116,36831850,36923804,2.0253,0.000361,10
7,A,CkksCombined,0.9,1.1,10,Viral Food Poisoning from Pesticides?,1.0,0.9998,0.9111,14870,70043,36973674,37062910,1.8344,0.000876,10
7,A,CkksCombined,0.9,1.1,10,The Reversal on Fish Oil,0.9,0.9392,0.8333,10017,68481,36999473,37083313,1.8867,2.7e-05,10
7,A,CkksCombined,0.9,1.1,10,Are Multivitamins Just a Waste of Money?,1.0,1.0,1.0,16484,68777,36955570,37045074,2.164,0.000256,10
8,A,Scrambling,0.9,1.1,10,Breast Cancer Cells Feed on Cholesterol,1.0,1.0,1.0,26899,144,11620,42616,1.8344,0.002867,10
8,A,Scrambling,0.9,1.1,10,Using Diet to Treat Asthma and Eczema,1.0,1.0,1.0,12085,53,7179,22614,1.6957,0.003962,10
8,A,Scrambling,0.9,1.1,10,Treating Asthma With Plants vs. Pills,1.0,1.0,1.0,11593,43,6110,21605,1.8867,0.005018,10
8,A,Scrambling,0.9,1.1,10,How Fruits and Vegetables Can Treat Asthma,1.0,1.0,1.0,8660,37,5167,17434,1.8867,0.003889,10
8,A,Scrambling,0.9,1.1,10,How Fruits and Vegetables Can Prevent Asthma,1.0,1.0,1.0,7416,37,5218,15222,1.7481,0.002246,10
8,A,Scrambling,0.9,1.1,10,Our Tax Dollars Subsidize Unhealthy Foods,1.0,1.0,1.0,8149,36,5216,15905,1.8344,0.000264,10
8,A,Scrambling,0.9,1.1,10,Reducing Arsenic in Chicken and Rice,1.0,1.0,1.0,7786,37,5200,15862,1.8344,0.0001,10
8,A,Scrambling,0.9,1.1,10,How Contaminated Are Our Children?,1.0,1.0,1.0,7229,37,5246,16161,2.0253,0.00017,9
8,A,Scrambling,0.9,1.1,10,"Blood Type Diet Perceived as ""Crass Fraud""",1.0,1.0,1.0,8016,34,5135,19981,1.8867,0.00039,10
8,A,Scrambling,0.9,1.1,10,Why Do Heart Doctors Favor Surgery and Drugs Over Diet?,1.0,1.0,1.0,8949,36,5257,18473,1.7481,0.000481,10
8,A,Scrambling,0.9,1.1,10,Phytates in Beans: Anti-Nutrient or Anti-Cancer?,1.0,1.0,1.0,8304,35,5243,17184,1.6094,0.000898,10
8,A,Scrambling,0.9,1.1,10,How Phytates Fight Cancer Cells,1.0,1.0,1.0,7730,35,5199,16973,2.164,8.5e-05,10
8,A,Scrambling,0.9,1.1,10,Colon Cancer Prevention: Is it the Fiber or the Phytates?,1.0,1.0,1.0,7584,35,5349,16980,2.0253,0.001258,10
8,A,Scrambling,0.9,1.1,10,Low Carb Diets Found to Feed Heart Disease,1.0,1.0,1.0,8464,35,5417,17394,2.164,0.000777,10
8,A,Scrambling,0.9,1.1,10,How Curry Can Kill Cancer Cells,1.0,1.0,1.0,9932,35,5217,18852,1.8344,0.000263,10
8,A,Scrambling,0.9,1.1,10,Testing Turmeric on Smokers,1.0,1.0,1.0,9949,34,5250,18867,2.164,0.001032,10
8,A,Scrambling,0.9,1.1,10,Alkylphenol Endocrine Disruptors and Allergies,1.0,1.0,1.0,7542,66,5338,16697,2.0253,0.000472,10
8,A,Scrambling,0.9,1.1,10,Slowing Cognitive Decline with Berries,1.0,1.0,1.0,8463,35,5189,17276,1.8867,0.001869,10
8,A,Scrambling,0.9,1.1,10,What is ‘Meat Glue’?,1.0,1.0,1.0,8046,35,5229,16602,2.164,0.000285,10
8,A,Scrambling,0.9,1.1,10,Is Liquid Smoke Safe?,1.0,1.0,1.0,8099,34,5151,17049,1.8867,0.001226,10
8,A,Scrambling,0.9,1.1,10,Does Antioxidant Intake Matter for Stroke and Heart Disease?,1.0,1.0,1.0,8163,34,5274,17564,1.6434,0.002092,10
8,A,Scrambling,0.9,1.1,10,Does Antioxidant Intake Matter for Cancer?,1.0,1.0,1.0,7722,37,5185,17069,1.8344,0.001094,10
8,A,Scrambling,0.9,1.1,10,Is buying organic worth it? A review of the science in new DVD,1.0,1.0,1.0,7530,34,5215,17455,2.3026,9.9e-05,10
8,A,Scrambling,0.9,1.1,10,Orange Aromatherapy for Anxiety,1.0,1.0,1.0,7769,34,5262,17848,2.0253,0.006857,10
8,A,Scrambling,0.9,1.1,10,Food Manufacturers Get to Decide if Their Own Additives Are Safe,1.0,1.0,1.0,7238,33,5208,16590,2.164,0.000376,10
8,A,Scrambling,0.9,1.1,10,Meat Industry Wins Right to Sell Tainted Meat,1.0,1.0,1.0,8869,34,5143,16807,2.0253,9.1e-05,10
8,A,Scrambling,0.9,1.1,10,Chicken Salmonella Outbreaks Show Food Safety Systems Failure,1.0,1.0,1.0,8425,36,5175,17227,2.0253,0.000323,10
8,A,Scrambling,0.9,1.1,10,Viral Food Poisoning from Pesticides?,1.0,1.0,1.0,8526,35,5237,17286,1.8344,0.000857,10
8,A,Scrambling,0.9,1.1,10,The Reversal on Fish Oil,1.0,1.0,1.0,6876,34,5274,15791,1.6957,2.9e-05,10
8,A,Scrambling,0.9,1.1,10,Are Multivitamins Just a Waste of Money?,1.0,1.0,1.0,8051,34,5235,17160,2.0253,0.000249,10
8,A,Noise,0.9,1.1,10,Breast Cancer Cells Feed on Cholesterol,1.0,1.0,1.0,24363,177,11407,40838,1.8344,0.002906,10
8,A,Noise,0.9,1.1,10,Using Diet to Treat Asthma and Eczema,1.0,1.0,1.0,12293,82,7707,24519,1.6957,0.004034,10
8,A,Noise,0.9,1.1,10,Treating Asthma With Plants vs. Pills,1.0,1.0,0.9556,9445,76,6213,19726,1.8867,0.005165,10
8,A,Noise,0.9,1.1,10,How Fruits and Vegetables Can Treat Asthma,1.0,1.0,1.0,7810,64,5244,16341,2.0253,0.003947,10
8,A,Noise,0.9,1.1,10,How Fruits and Vegetables Can Prevent Asthma,1.0,1.0,1.0,7916,61,5215,16858,1.7481,0.002309,10
8,A,Noise,0.9,1.1,10,Our Tax Dollars Subsidize Unhealthy Foods,0.9,0.9448,0.8889,8096,62,5320,16984,2.0253,0.000265,10
8,A,Noise,0.9,1.1,10,Reducing Arsenic in Chicken and Rice,1.0,1.0,0.9111,8200,60,5312,16918,2.0253,9.7e-05,10
8,A,Noise,0.9,1.1,10,How Contaminated Are Our Children?,1.0,1.0,0.9111,8309,63,5279,17387,2.164,0.000168,10
8,A,Noise,0.9,1.1,10,"Blood Type Diet Perceived as ""Crass Fraud""",1.0,1.0,0.9556,8771,62,5287,18077,1.8867,0.000391,10
8,A,Noise,0.9,1.1,10,Why Do Heart Doctors Favor Surgery and Drugs Over Diet?,1.0,1.0,0.8667,8312,74,5209,17607,1.8344,0.000487,10
8,A,Noise,0.9,1.1,10,Phytates in Beans: Anti-Nutrient or Anti-Cancer?,1.0,1.0,0.9556,8835,62,5273,17829,1.7481,0.00083,10
8,A,Noise,0.9,1.1,10,How Phytates Fight Cancer Cells,0.9,0.9398,0.8333,8131,73,5327,17416,2.164,9.2e-05,10
8,A,Noise,0.9,1.1,10,Colon Cancer Prevention: Is it the Fiber or the Phytates?,1.0,1.0,1.0,7943,61,5217,16921,2.164,0.001194,10
8,A,Noise,0.9,1.1,10,Low Carb Diets Found to Feed Heart Disease,0.9,0.9423,1.0,8556,63,5331,17703,2.164,0.000746,10
8,A,Noise,0.9,1.1,10,How Curry Can Kill Cancer Cells,1.0,1.0,1.0,8763,63,5137,20877,2.164,0.000256,10
8,A,Noise,0.9,1.1,10,Testing Turmeric on Smokers,0.9,0.9485,0.9444,7453,60,5190,16056,2.0253,0.000984,10
8,A,Noise,0.9,1.1,10,Alkylphenol Endocrine Disruptors and Allergies,1.0,1.0,1.0,8136,60,5197,16168,2.164,0.000475,10
8,A,Noise,0.9,1.1,10,Slowing Cognitive Decline with Berries,1.0,0.9999,0.9111,8201,62,5200,16126,1.8867,0.001953,10
8,A,Noise,0.9,1.1,10,What is ‘Meat Glue’?,1.0,1.0,0.9556,8336,70,5273,17733,2.0253,0.000285,10
8,A,Noise,0.9,1.1,10,Is Liquid Smoke Safe?,0.9,0.9499,0.9444,8568,61,5150,16585,1.7481,0.001187,10
8,A,Noise,0.9,1.1,10,Does Antioxidant Intake Matter for Stroke and Heart Disease?,1.0,1.0,1.0,8133,61,5222,17060,1.6094,0.002052,10
8,A,Noise,0.9,1.1,10,Does Antioxidant Intake Matter for Cancer?,0.9,0.9416,1.0,7959,61,5152,16110,1.8867,0.001019,10
8,A,Noise,0.9,1.1,10,Is buying organic worth it? A review of the science in new DVD,0.9,0.9448,0.8889,8547,62,5145,16615,2.164,9.7e-05,9
8,A,Noise,0.9,1.1,10,Orange Aromatherapy for Anxiety,1.0,1.0,1.0,8720,61,5124,16783,2.0253,0.006712,10
8,A,Noise,0.9,1.1,10,Food Manufacturers Get to Decide if Their Own Additives Are Safe,1.0,1.0,0.9556,7517,61,5194,16522,2.164,0.000376,10
8,A,Noise,0.9,1.1,10,Meat Industry Wins Right to Sell Tainted Meat,1.0,1.0,0.9556,8230,59,5145,16558,2.164,8.7e-05,10
8,A,Noise,0.9,1.1,10,Chicken Salmonella Outbreaks Show Food Safety Systems Failure,1.0,1.0,0.9556,8575,59,5174,17354,1.8867,0.000322,10
8,A,Noise,0.9,1.1,10,Viral Food Poisoning from Pesticides?,1.0,1.0,0.9556,7086,99,5213,15463,1.8344,0.000854,10
8,A,Noise,0.9,1.1,10,The Reversal on Fish Oil,1.0,0.9999,0.9111,8271,61,5183,16511,1.8867,2.8e-05,10
8,A,Noise,0.9,1.1,10,Are Multivitamins Just a Waste of Money?,1.0,1.0,1.0,7527,61,5212,15523,2.164,0.000249,10
8,A,Combined,0.9,1.1,10,Breast Cancer Cells Feed on Cholesterol,1.0,1.0,1.0,25264,150,11370,41065,1.8344,0.002862,10
8,A,Combined,0.9,1.1,10,Using Diet to Treat Asthma and Eczema,0.9,0.9509,0.9444,13646,93,7521,25049,1.6957,0.003959,10
8,A,Combined,0.9,1.1,10,Treating Asthma With Plants vs. Pills,1.0,1.0,1.0,10357,69,5711,19094,1.8867,0.00494,10
8,A,Combined,0.9,1.1,10,How Fruits and Vegetables Can Treat Asthma,1.0,1.0,1.0,7941,60,5175,16939,1.8344,0.003868,10
8,A,Combined,0.9,1.1,10,How Fruits and Vegetables Can Prevent Asthma,1.0,1.0,1.0,8573,60,5177,17227,1.8867,0.002244,10
8,A,Combined,0.9,1.1,10,Our Tax Dollars Subsidize Unhealthy Foods,1.0,1.0,1.0,7406,60,5275,16606,2.0253,0.000259,10
8,A,Combined,0.9,1.1,10,Reducing Arsenic in Chicken and Rice,1.0,1.0,0.9556,7484,59,5168,17929,1.8344,0.000103,10
8,A,Combined,0.9,1.1,10,How Contaminated Are Our Children?,1.0,1.0,0.9111,7161,59,5228,15506,2.164,0.000175,10
8,A,Combined,0.9,1.1,10,"Blood Type Diet Perceived as ""Crass Fraud""",1.0,1.0,1.0,8623,60,5176,16925,2.164,0.000385,10
8,A,Combined,0.9,1.1,10,Why Do Heart Doctors Favor Surgery and Drugs Over Diet?,1.0,1.0,0.9111,7660,59,5211,15945,1.8344,0.000459,10
8,A,Combined,0.9,1.1,10,Phytates in Beans: Anti-Nutrient or Anti-Cancer?,1.0,1.0,0.9556,7684,59,5193,16297,1.7481,0.000922,10
8,A,Combined,0.9,1.1,10,How Phytates Fight Cancer Cells,1.0,0.9999,0.9111,7640,58,5137,16150,2.0253,8.7e-05,10
8,A,Combined,0.9,1.1,10,Colon Cancer Prevention: Is it the Fiber or the Phytates?,1.0,1.0,0.9556,7855,94,5150,19033,1.8867,0.00131,10
8,A,Combined,0.9,1.1,10,Low Carb Diets Found to Feed Heart Disease,1.0,1.0,1.0,7615,59,5215,15543,2.164,0.000779,10
8,A,Combined,0.9,1.1,10,How Curry Can Kill Cancer Cells,1.0,0.9999,0.8667,7820,60,5210,16186,1.6957,0.000274,10
8,A,Combined,0.9,1.1,10,Testing Turmeric on Smokers,1.0,1.0,1.0,7824,59,5192,15791,2.164,0.001032,10
8,A,Combined,0.9,1.1,10,Alkylphenol Endocrine Disruptors and Allergies,1.0,0.9998,0.9556,7288,60,5139,17387,2.0253,0.000482,10
8,A,Combined,0.9,1.1,10,Slowing Cognitive Decline with Berries,1.0,1.0,1.0,6879,62,5211,15629,1.8867,0.001956,10
8,A,Combined,0.9,1.1,10,What is ‘Meat Glue’?,1.0,1.0,1.0,6780,58,5217,16578,1.8867,0.000268,10
8,A,Combined,0.9,1.1,10,Is Liquid Smoke Safe?,1.0,1.0,1.0,7745,59,5204,16588,1.7481,0.001229,10
8,A,Combined,0.9,1.1,10,Does Antioxidant Intake Matter for Stroke and Heart Disease?,0.9,0.9456,0.9444,7367,57,5146,15288,1.6434,0.002157,10
8,A,Combined,0.9,1.1,10,Does Antioxidant Intake Matter for Cancer?,0.9,0.9415,1.0,7754,58,5180,16185,1.6434,0.001131,10
8,A,Combined,0.9,1.1,10,Is buying organic worth it? A review of the science in new DVD,1.0,1.0,1.0,6702,60,5219,15260,2.164,9.5e-05,10
8,A,Combined,0.9,1.1,10,Orange Aromatherapy for Anxiety,1.0,1.0,1.0,6438,60,5169,15288,2.0253,0.006664,10
8,A,Combined,0.9,1.1,10,Food Manufacturers Get to Decide if Their Own Additives Are Safe,1.0,1.0,1.0,8278,59,5274,17904,2.164,0.000373,10
8,A,Combined,0.9,1.1,10,Meat Industry Wins Right to Sell Tainted Meat,1.0,1.0,1.0,7568,59,5273,16593,2.164,9e-05,9
8,A,Combined,0.9,1.1,10,Chicken Salmonella Outbreaks Show Food Safety Systems Failure,0.9,0.943,1.0,6965,59,5206,15869,2.0253,0.000315,10
8,A,Combined,0.9,1.1,10,Viral Food Poisoning from Pesticides?,1.0,1.0,1.0,7262,67,5178,16767,1.8344,0.000853,10
8,A,Combined,0.9,1.1,10,The Reversal on Fish Oil,1.0,1.0,0.9556,8527,59,5202,18143,1.8344,3e-05,9
8,A,Combined,0.9,1.1,10,Are Multivitamins Just a Waste of Money?,1.0,1.0,0.9556,8256,62,5242,17272,2.164,0.000235,10
8,A,Rome,1.0,1.0,10,Breast Cancer Cells Feed on Cholesterol,1.0,1.0,1.0,27748,12988,11432,58431,1.8344,0.002867,10
8,A,Rome,1.0,1.0,10,Using Diet to Treat Asthma and Eczema,1.0,1.0,1.0,11945,7524,7778,30418,1.6957,0.003962,10
8,A,Rome,1.0,1.0,10,Treating Asthma With Plants vs. Pills,1.0,1.0,1.0,8742,5890,6749,25870,1.8867,0.005018,10
8,A,Rome,1.0,1.0,10,How Fruits and Vegetables Can Treat Asthma,1.0,1.0,1.0,8849,5791,6844,29197,1.8867,0.003889,10
8,A,Rome,1.0,1.0,10,How Fruits and Vegetables Can Prevent Asthma,1.0,1.0,1.0,8601,5746,6752,23857,1.7481,0.002246,10
8,A,Rome,1.0,1.0,10,Our Tax Dollars Subsidize Unhealthy Foods,1.0,1.0,1.0,8438,5845,6755,25348,1.8344,0.000264,10
8,A,Rome,1.0,1.0,10,Reducing Arsenic in Chicken and Rice,1.0,1.0,1.0,7665,5917,6887,24317,1.8344,0.0001,10
8,A,Rome,1.0,1.0,10,How Contaminated Are Our Children?,1.0,1.0,1.0,9890,5767,6734,25965,2.0253,0.00017,9
8,A,Rome,1.0,1.0,10,"Blood Type Diet Perceived as ""Crass Fraud""",1.0,1.0,1.0,8170,5838,6980,23666,1.8867,0.00039,10
8,A,Rome,1.0,1.0,10,Why Do Heart Doctors Favor Surgery and Drugs Over Diet?,1.0,1.0,1.0,8152,6036,6732,24174,1.7481,0.000481,10
8,A,Rome,1.0,1.0,10,Phytates in Beans: Anti-Nutrient or Anti-Cancer?,1.0,1.0,1.0,8648,5810,6810,24335,1.6094,0.000898,10
8,A,Rome,1.0,1.0,10,How Phytates Fight Cancer Cells,1.0,1.0,1.0,7367,5975,6711,24024,2.164,8.5e-05,10
8,A,Rome,1.0,1.0,10,Colon Cancer Prevention: Is it the Fiber or the Phytates?,1.0,1.0,1.0,7886,5954,6781,23805,2.0253,0.001258,10
8,A,Rome,1.0,1.0,10,Low Carb Diets Found to Feed Heart Disease,1.0,1.0,1.0,7596,5830,6785,23495,2.164,0.000777,10
8,A,Rome,1.0,1.0,10,How Curry Can Kill Cancer Cells,1.0,1.0,1.0,7655,5879,6773,23838,1.8344,0.000263,10
8,A,Rome,1.0,1.0,10,Testing Turmeric on Smokers,1.0,1.0,1.0,7982,5784,6774,23506,2.164,0.001032,10
8,A,Rome,1.0,1.0,10,Alkylphenol Endocrine Disruptors and Allergies,1.0,1.0,1.0,7504,6012,6800,24426,2.0253,0.000472,10
8,A,Rome,1.0,1.0,10,Slowing Cognitive Decline with Berries,1.0,1.0,1.0,8254,5855,6889,24525,1.8867,0.001869,10
8,A,Rome,1.0,1.0,10,What is ‘Meat Glue’?,1.0,1.0,1.0,8068,6070,6756,25881,2.164,0.000285,10
8,A,Rome,1.0,1.0,10,Is Liquid Smoke Safe?,1.0,1.0,1.0,8145,5796,6914,24548,1.8867,0.001226,10
8,A,Rome,1.0,1.0,10,Does Antioxidant Intake Matter for Stroke and Heart Disease?,1.0,1.0,1.0,8516,5829,6807,24905,1.6434,0.002092,10
8,A,Rome,1.0,1.0,10,Does Antioxidant Intake Matter for Cancer?,1.0,1.0,1.0,7863,5834,6780,24560,1.8344,0.001094,10
8,A,Rome,1.0,1.0,10,Is buying organic worth it? A review of the science in new DVD,1.0,1.0,1.0,8617,5858,6875,25677,2.3026,9.9e-05,10
8,A,Rome,1.0,1.0,10,Orange Aromatherapy for Anxiety,1.0,1.0,1.0,7364,5832,6754,23522,2.0253,0.006857,10
8,A,Rome,1.0,1.0,10,Food Manufacturers Get to Decide if Their Own Additives Are Safe,1.0,1.0,1.0,8909,5825,6877,26611,2.164,0.000376,10
8,A,Rome,1.0,1.0,10,Meat Industry Wins Right to Sell Tainted Meat,1.0,1.0,1.0,8143,5798,6742,25153,2.0253,9.1e-05,10
8,A,Rome,1.0,1.0,10,Chicken Salmonella Outbreaks Show Food Safety Systems Failure,1.0,1.0,1.0,7656,5799,6900,23995,2.0253,0.000323,10
8,A,Rome,1.0,1.0,10,Viral Food Poisoning from Pesticides?,1.0,1.0,1.0,8146,5866,6876,25036,1.8344,0.000857,10
8,A,Rome,1.0,1.0,10,The Reversal on Fish Oil,1.0,1.0,1.0,7577,5884,6871,26011,1.6957,2.9e-05,10
8,A,Rome,1.0,1.0,10,Are Multivitamins Just a Waste of Money?,1.0,1.0,1.0,8159,6033,7084,24638,2.0253,0.000249,10
8,A,RomeCombined,0.9,1.1,10,Breast Cancer Cells Feed on Cholesterol,1.0,1.0,1.0,32178,13457,11915,63354,1.8344,0.002823,10
8,A,RomeCombined,0.9,1.1,10,Using Diet to Treat Asthma and Eczema,0.9,0.951,0.9444,10613,7931,7970,30455,1.6957,0.003949,10
8,A,RomeCombined,0.9,1.1,10,Treating Asthma With Plants vs. Pills,1.0,1.0,1.0,9140,5845,6853,25002,1.8867,0.005059,10
8,A,RomeCombined,0.9,1.1,10,How Fruits and Vegetables Can Treat Asthma,1.0,1.0,1.0,7329,5864,7030,23250,1.8344,0.003894,10
8,A,RomeCombined,0.9,1.1,10,How Fruits and Vegetables Can Prevent Asthma,1.0,1.0,1.0,8105,5876,6891,24176,2.164,0.002258,10
8,A,RomeCombined,0.9,1.1,10,Our Tax Dollars Subsidize Unhealthy Foods,1.0,1.0,0.9556,8896,5854,6969,24826,2.0253,0.000266,10
8,A,RomeCombined,0.9,1.1,10,Reducing Arsenic in Chicken and Rice,1.0,1.0,0.8667,8947,5949,6851,25056,1.7481,0.000108,10
8,A,RomeCombined,0.9,1.1,10,How Contaminated Are Our Children?,1.0,1.0,0.9556,7836,5975,6893,24266,1.973,0.000171,10
8,A,RomeCombined,0.9,1.1,10,"Blood Type Diet Perceived as ""Crass Fraud""",0.9,0.942,1.0,7694,5919,6773,24002,1.8867,0.00036,10
8,A,RomeCombined,0.9,1.1,10,Why Do Heart Doctors Favor Surgery and Drugs Over Diet?,1.0,1.0,0.9556,8046,5948,6782,25035,1.8344,0.000452,10
8,A,RomeCombined,0.9,1.1,10,Phytates in Beans: Anti-Nutrient or Anti-Cancer?,1.0,1.0,0.9556,9656,5916,6962,24946,1.7481,0.000872,10
8,A,RomeCombined,0.9,1.1,10,How Phytates Fight Cancer Cells,1.0,1.0,1.0,9190,5963,6957,25533,2.0253,8.9e-05,10
8,A,RomeCombined,0.9,1.1,10,Colon Cancer Prevention: Is it the Fiber or the Phytates?,1.0,1.0,1.0,7643,5943,6868,24332,1.8867,0.001309,10
8,A,RomeCombined,0.9,1.1,10,Low Carb Diets Found to Feed Heart Disease,0.9,0.9448,1.0,7909,5999,6897,25622,2.164,0.000755,10
8,A,RomeCombined,0.9,1.1,10,How Curry Can Kill Cancer Cells,1.0,1.0,0.9111,8158,5909,6880,24337,2.0253,0.000261,10
8,A,RomeCombined,0.9,1.1,10,Testing Turmeric on Smokers,0.9,0.9485,1.0,7622,6005,6908,25371,2.164,0.001026,10
8,A,RomeCombined,0.9,1.1,10,Alkylphenol Endocrine Disruptors and Allergies,1.0,0.9998,0.9556,8860,5779,6923,24984,2.0253,0.000473,10
8,A,RomeCombined,0.9,1.1,10,Slowing Cognitive Decline with Berries,1.0,1.0,1.0,8327,6010,6964,24672,1.8867,0.001835,10
8,A,RomeCombined,0.9,1.1,10,What is ‘Meat Glue’?,1.0,1.0,0.9556,7936,5812,6784,23946,1.8867,0.000288,10
8,A,RomeCombined,0.9,1.1,10,Is Liquid Smoke Safe?,1.0,1.0,1.0,8972,5812,6886,25618,1.8867,0.001222,10
8,A,RomeCombined,0.9,1.1,10,Does Antioxidant Intake Matter for Stroke and Heart Disease?,1.0,1.0,0.9556,7900,5883,6755,24406,1.6434,0.002153,10
8,A,RomeCombined,0.9,1.1,10,Does Antioxidant Intake Matter for Cancer?,0.9,0.9439,1.0,8797,6011,6779,25187,1.8344,0.001092,10
8,A,RomeCombined,0.9,1.1,10,Is buying organic worth it? A review of the science in new DVD,1.0,1.0,1.0,8453,6026,6799,24173,2.164,9.6e-05,10
8,A,RomeCombined,0.9,1.1,10,Orange Aromatherapy for Anxiety,1.0,1.0,1.0,7997,5889,6766,23766,2.0253,0.00664,10
8,A,RomeCombined,0.9,1.1,10,Food Manufacturers Get to Decide if Their Own Additives Are Safe,1.0,1.0,1.0,8113,5854,6774,24593,2.0253,0.000361,10
8,A,RomeCombined,0.9,1.1,10,Meat Industry Wins Right to Sell Tainted Meat,1.0,1.0,0.9556,8571,5935,6811,23815,2.0253,8.9e-05,10
8,A,RomeCombined,0.9,1.1,10,Chicken Salmonella Outbreaks Show Food Safety Systems Failure,1.0,1.0,1.0,8239,5963,6793,24276,1.6957,0.000339,10
8,A,RomeCombined,0.9,1.1,10,Viral Food Poisoning from Pesticides?,1.0,1.0,1.0,8438,5849,6837,24774,1.973,0.000829,10
8,A,RomeCombined,0.9,1.1,10,The Reversal on Fish Oil,1.0,1.0,0.8667,7106,6060,6919,23742,1.6957,2.9e-05,9
8,A,RomeCombined,0.9,1.1,10,Are Multivitamins Just a Waste of Money?,1.0,1.0,0.9556,7916,5880,6918,24393,2.164,0.000232,10
8,A,Ckks,1.0,1.0,10,Breast Cancer Cells Feed on Cholesterol,1.0,1.0,1.0,34819,83710,37165294,37290909,1.8344,0.002867,10
8,A,Ckks,1.0,1.0,10,Using Diet to Treat Asthma and Eczema,1.0,1.0,1.0,17542,78233,37051179,37151074,1.6957,0.003962,10
8,A,Ckks,1.0,1.0,10,Treating Asthma With Plants vs. Pills,1.0,1.0,1.0,11484,67560,37064929,37148044,1.8867,0.005018,10
8,A,Ckks,1.0,1.0,10,How Fruits and Vegetables Can Treat Asthma,1.0,1.0,1.0,12268,68444,36873424,36958588,1.8867,0.003889,10
8,A,Ckks,1.0,1.0,10,How Fruits and Vegetables Can Prevent Asthma,1.0,1.0,1.0,10341,69924,36885563,36969807,1.7481,0.002246,10
8,A,Ckks,1.0,1.0,10,Our Tax Dollars Subsidize Unhealthy Foods,1.0,1.0,1.0,11000,83201,36868529,36966393,1.8344,0.000264,10
8,A,Ckks,1.0,1.0,10,Reducing Arsenic in Chicken and Rice,1.0,1.0,1.0,16131,65010,36809980,36897485,1.8344,0.0001,10
8,A,Ckks,1.0,1.0,10,How Contaminated Are Our Children?,1.0,1.0,1.0,11091,69219,36988931,37072795,2.0253,0.00017,9
8,A,Ckks,1.0,1.0,10,"Blood Type Diet Perceived as ""Crass Fraud""",1.0,1.0,1.0,15171,67115,36777709,36864396,1.8867,0.00039,10
8,A,Ckks,1.0,1.0,10,Why Do Heart Doctors Favor Surgery and Drugs Over Diet?,1.0,1.0,1.0,11213,68813,36803282,36887842,1.7481,0.000481,10
8,A,Ckks,1.0,1.0,10,Phytates in Beans: Anti-Nutrient or Anti-Cancer?,1.0,1.0,1.0,9389,69429,36770265,36853107,1.6094,0.000898,10
8,A,Ckks,1.0,1.0,10,How Phytates Fight Cancer Cells,1.0,1.0,1.0,15420,69953,36764071,36854047,2.164,8.5e-05,10
8,A,Ckks,1.0,1.0,10,Colon Cancer Prevention: Is it the Fiber or the Phytates?,1.0,1.0,1.0,8923,70937,36690085,36773942,2.0253,0.001258,10
8,A,Ckks,1.0,1.0,10,Low Carb Diets Found to Feed Heart Disease,1.0,1.0,1.0,10384,70348,36825478,36909459,2.164,0.000777,10
8,A,Ckks,1.0,1.0,10,How Curry Can Kill Cancer Cells,1.0,1.0,1.0,10456,65882,36741331,36820398,1.8344,0.000263,10
8,A,Ckks,1.0,1.0,10,Testing Turmeric on Smokers,1.0,1.0,1.0,10200,69330,36814914,36898036,2.164,0.001032,10
8,A,Ckks,1.0,1.0,10,Alkylphenol Endocrine Disruptors and Allergies,1.0,1.0,1.0,9467,69604,36798447,36881599,2.0253,0.000472,10
8,A,Ckks,1.0,1.0,10,Slowing Cognitive Decline with Berries,1.0,1.0,1.0,10628,70957,36783086,36867609,1.8867,0.001869,10
8,A,Ckks,1.0,1.0,10,What is ‘Meat Glue’?,1.0,1.0,1.0,9326,70345,36783244,36867093,2.164,0.000285,10
8,A,Ckks,1.0,1.0,10,Is Liquid Smoke Safe?,1.0,1.0,1.0,9302,71102,36952143,37039209,1.8867,0.001226,10
8,A,Ckks,1.0,1.0,10,Does Antioxidant Intake Matter for Stroke and Heart Disease?,1.0,1.0,1.0,11909,68378,36809270,36894550,1.6434,0.002092,10
8,A,Ckks,1.0,1.0,10,Does Antioxidant Intake Matter for Cancer?,1.0,1.0,1.0,10342,66914,36818359,36899696,1.8344,0.001094,10
8,A,Ckks,1.0,1.0,10,Is buying organic worth it? A review of the science in new DVD,1.0,1.0,1.0,11101,68983,36592742,36676349,2.3026,9.9e-05,10
8,A,Ckks,1.0,1.0,10,Orange Aromatherapy for Anxiety,1.0,1.0,1.0,9271,68499,36614045,36696116,2.0253,0.006857,10
8,A,Ckks,1.0,1.0,10,Food Manufacturers Get to Decide if Their Own Additives Are Safe,1.0,1.0,1.0,10600,66116,36594638,36675860,2.164,0.000376,10
8,A,Ckks,1.0,1.0,10,Meat Industry Wins Right to Sell Tainted Meat,1.0,1.0,1.0,11113,67734,36569965,36652638,2.0253,9.1e-05,10
8,A,Ckks,1.0,1.0,10,Chicken Salmonella Outbreaks Show Food Safety Systems Failure,1.0,1.0,1.0,10717,67207,36623453,36705788,2.0253,0.000323,10
8,A,Ckks,1.0,1.0,10,Viral Food Poisoning from Pesticides?,1.0,1.0,1.0,10003,68371,36802408,36884266,1.8344,0.000857,10
8,A,Ckks,1.0,1.0,10,The Reversal on Fish Oil,1.0,1.0,1.0,14719,70039,36855389,36945835,1.6957,2.9e-05,10
8,A,Ckks,1.0,1.0,10,Are Multivitamins Just a Waste of Money?,1.0,1.0,1.0,11418,67599,36682674,36765839,2.0253,0.000249,10
8,A,CkksCombined,0.9,1.1,10,Breast Cancer Cells Feed on Cholesterol,1.0,1.0,0.9556,28109,81581,36808172,36924717,1.8344,0.002888,10
8,A,CkksCombined,0.9,1.1,10,Using Diet to Treat Asthma and Eczema,0.9,0.9509,0.9444,10695,70033,36926831,37010776,1.6957,0.003869,10
8,A,CkksCombined,0.9,1.1,10,Treating Asthma With Plants vs. Pills,1.0,1.0,1.0,13036,69921,36914457,37001483,1.8867,0.00494,10
8,A,CkksCombined,0.9,1.1,10,How Fruits and Vegetables Can Treat Asthma,1.0,1.0,1.0,10908,67341,36782248,36863258,1.6957,0.003807,10
8,A,CkksCombined,0.9,1.1,10,How Fruits and Vegetables Can Prevent Asthma,1.0,1.0,1.0,14685,68708,36698608,36785645,1.8867,0.002215,10
8,A,CkksCombined,0.9,1.1,10,Our Tax Dollars Subsidize Unhealthy Foods,0.9,0.944,0.8889,10494,68591,36661853,36745220,1.6957,0.000257,9
8,A,CkksCombined,0.9,1.1,10,Reducing Arsenic in Chicken and Rice,1.0,0.9999,0.9111,10041,68613,36797480,36879925,2.0253,9.8e-05,10
8,A,CkksCombined,0.9,1.1,10,How Contaminated Are Our Children?,1.0,1.0,0.9111,11645,68252,36721093,36805321,1.8344,0.000168,10
8,A,CkksCombined,0.9,1.1,10,"Blood Type Diet Perceived as ""Crass Fraud""",1.0,1.0,1.0,10128,68428,36740314,36822166,2.164,0.000409,10
8,A,CkksCombined,0.9,1.1,10,Why Do Heart Doctors Favor Surgery and Drugs Over Diet?,1.0,1.0,0.9111,9703,67318,36671726,36753302,1.8344,0.00048,10
8,A,CkksCombined,0.9,1.1,10,Phytates in Beans: Anti-Nutrient or Anti-Cancer?,1.0,1.0,1.0,15408,74549,36852428,36947267,1.8344,0.000907,10
8,A,CkksCombined,0.9,1.1,10,How Phytates Fight Cancer Cells,0.9,0.9405,0.8889,13675,68724,36781876,36868524,2.164,7.8e-05,10
8,A,CkksCombined,0.9,1.1,10,Colon Cancer Prevention: Is it the Fiber or the Phytates?,1.0,1.0,0.9556,11528,68594,36677185,36763128,2.0253,0.00123,10
8,A,CkksCombined,0.9,1.1,10,Low Carb Diets Found to Feed Heart Disease,0.9,0.9446,1.0,15439,68114,36625584,36713776,2.164,0.000757,10
8,A,CkksCombined,0.9,1.1,10,How Curry Can Kill Cancer Cells,1.0,1.0,0.9111,11148,66959,36570594,36653192,1.6957,0.000263,10
8,A,CkksCombined,0.9,1.1,10,Testing Turmeric on Smokers,1.0,1.0,1.0,9904,70113,36614919,36698842,2.0253,0.001009,10
8,A,CkksCombined,0.9,1.1,10,Alkylphenol Endocrine Disruptors and Allergies,1.0,1.0,1.0,10141,68121,36686090,36767963,2.0253,0.000474,10
8,A,CkksCombined,0.9,1.1,10,Slowing Cognitive Decline with Berries,1.0,1.0,0.9556,10774,68173,36765984,36852196,1.8867,0.001858,10
8,A,CkksCombined,0.9,1.1,10,What is ‘Meat Glue’?,1.0,1.0,0.9556,17167,69417,37071859,37164945,1.8867,0.000281,10
8,A,CkksCombined,0.9,1.1,10,Is Liquid Smoke Safe?,0.9,0.9478,1.0,18218,70195,36837835,36931615,1.8867,0.001197,10
8,A,CkksCombined,0.9,1.1,10,Does Antioxidant Intake Matter for Stroke and Heart Disease?,1.0,1.0,0.9556,14981,67148,36695950,36782550,1.8344,0.002056,10
8,A,CkksCombined,0.9,1.1,10,Does Antioxidant Intake Matter for Cancer?,1.0,0.9999,0.9111,9480,65604,36613392,36693189,1.8867,0.001038,10
8,A,CkksCombined,0.9,1.1,10,Is buying organic worth it? A review of the science in new DVD,1.0,0.9999,0.9556,10271,68229,36844229,36928534,2.0253,0.000104,10
8,A,CkksCombined,0.9,1.1,10,Orange Aromatherapy for Anxiety,1.0,1.0,1.0,20605,68533,36767105,36862911,2.0253,0.006799,10
8,A,CkksCombined,0.9,1.1,10,Food Manufacturers Get to Decide if Their Own Additives Are Safe,1.0,1.0,0.9556,14287,69845,36721365,36810021,2.164,0.000368,10
8,A,CkksCombined,0.9,1.1,10,Meat Industry Wins Right to Sell Tainted Meat,0.9,0.9462,1.0,8883,69035,36719319,36802240,2.164,9.1e-05,10
8,A,CkksCombined,0.9,1.1,10,Chicken Salmonella Outbreaks Show Food Safety Systems Failure,1.0,1.0,0.9556,8656,67033,36598574,36678920,2.164,0.00033,10
8,A,CkksCombined,0.9,1.1,10,Viral Food Poisoning from Pesticides?,1.0,1.0,1.0,9618,69231,36682970,36766304,1.973,0.000848,10
8,A,CkksCombined,0.9,1.1,10,The Reversal on Fish Oil,1.0,0.9999,0.8667,9096,68660,36644442,36724711,2.0253,2.7e-05,10
8,A,CkksCombined,0.9,1.1,10,Are Multivitamins Just a Waste of Money?,1.0,1.0,0.9556,8851,69320,36932594,37015482,2.164,0.000242,10
9,A,Scrambling,0.9,1.1,10,Breast Cancer Cells Feed on Cholesterol,1.0,1.0,1.0,20969,108,12574,38006,1.8344,0.002867,10
9,A,Scrambling,0.9,1.1,10,Using Diet to Treat Asthma and Eczema,1.0,1.0,1.0,13504,58,7500,25055,1.6957,0.003962,10
9,A,Scrambling,0.9,1.1,10,Treating Asthma With Plants vs. Pills,1.0,1.0,1.0,9503,42,5972,18354,1.8867,0.005018,10
9,A,Scrambling,0.9,1.1,10,How Fruits and Vegetables Can Treat Asthma,1.0,1.0,1.0,8201,35,5140,16985,1.8867,0.003889,10
9,A,Scrambling,0.9,1.1,10,How Fruits and Vegetables Can Prevent Asthma,1.0,1.0,1.0,8101,34,5145,17635,1.7481,0.002246,10
9,A,Scrambling,0.9,1.1,10,Our Tax Dollars Subsidize Unhealthy Foods,1.0,1.0,1.0,8647,34,5270,18061,1.8344,0.000264,10
9,A,Scrambling,0.9,1.1,10,Reducing Arsenic in Chicken and Rice,1.0,1.0,1.0,9664,36,5162,18870,1.8344,0.0001,10
9,A,Scrambling,0.9,1.1,10,How Contaminated Are Our Children?,1.0,1.0,1.0,8362,34,5153,17536,2.0253,0.00017,9
9,A,Scrambling,0.9,1.1,10,"Blood Type Diet Perceived as ""Crass Fraud""",1.0,1.0,1.0,7138,34,5156,15966,1.8867,0.00039,10
9,A,Scrambling,0.9,1.1,10,Why Do Heart Doctors Favor Surgery and Drugs Over Diet?,1.0,1.0,1.0,8265,34,5149,16998,1.7481,0.000481,10
9,A,Scrambling,0.9,1.1,10,Phytates in Beans: Anti-Nutrient or Anti-Cancer?,1.0,1.0,1.0,9006,35,5182,17823,1.6094,0.000898,10
9,A,Scrambling,0.9,1.1,10,How Phytates Fight Cancer Cells,1.0,1.0,1.0,9090,35,5156,17874,2.164,8.5e-05,10
9,A,Scrambling,0.9,1.1,10,Colon Cancer Prevention: Is it the Fiber or the Phytates?,1.0,1.0,1.0,8241,35,5154,17100,2.0253,0.001258,10
9,A,Scrambling,0.9,1.1,10,Low Carb Diets Found to Feed Heart Disease,1.0,1.0,1.0,8443,35,5136,17157,2.164,0.000777,10
9,A,Scrambling,0.9,1.1,10,How Curry Can Kill Cancer Cells,1.0,1.0,1.0,9116,35,5273,17821,1.8344,0.000263,10
9,A,Scrambling,0.9,1.1,10,Testing Turmeric on Smokers,1.0,1.0,1.0,8561,35,5151,17332,2.164,0.001032,10
9,A,Scrambling,0.9,1.1,10,Alkylphenol Endocrine Disruptors and Allergies,1.0,1.0,1.0,7769,34,5168,16185,2.0253,0.000472,10
9,A,Scrambling,0.9,1.1,10,Slowing Cognitive Decline with Berries,1.0,1.0,1.0,7775,34,5151,15505,1.8867,0.001869,10
9,A,Scrambling,0.9,1.1,10,What is ‘Meat Glue’?,1.0,1.0,1.0,8441,35,5155,17030,2.164,0.000285,10
9,A,Scrambling,0.9,1.1,10,Is Liquid Smoke Safe?,1.0,1.0,1.0,8578,35,5151,17175,1.8867,0.001226,10
9,A,Scrambling,0.9,1.1,10,Does Antioxidant Intake Matter for Stroke and Heart Disease?,1.0,1.0,1.0,7996,34,5155,16764,1.6434,0.002092,10
9,A,Scrambling,0.9,1.1,10,Does Antioxidant Intake Matter for Cancer?,1.0,1.0,1.0,8313,34,5141,16245,1.8344,0.001094,10
9,A,Scrambling,0.9,1.1,10,Is buying organic worth it? A review of the science in new DVD,1.0,1.0,1.0,9717,34,5211,18250,2.3026,9.9e-05,10
9,A,Scrambling,0.9,1.1,10,Orange Aromatherapy for Anxiety,1.0,1.0,1.0,9316,36,5144,17495,2.0253,0.006857,10
9,A,Scrambling,0.9,1.1,10,Food Manufacturers Get to Decide if Their Own Additives Are Safe,1.0,1.0,1.0,8215,35,5145,16982,2.164,0.000376,10
9,A,Scrambling,0.9,1.1,10,Meat Industry Wins Right to Sell Tainted Meat,1.0,1.0,1.0,8353,34,5142,16391,2.0253,9.1e-05,10
9,A,Scrambling,0.9,1.1,10,Chicken Salmonella Outbreaks Show Food Safety Systems Failure,1.0,1.0,1.0,8610,33,5142,16142,2.0253,0.000323,10
9,A,Scrambling,0.9,1.1,10,Viral Food Poisoning from Pesticides?,1.0,1.0,1.0,9417,35,5129,18697,1.8344,0.000857,10
9,A,Scrambling,0.9,1.1,10,The Reversal on Fish Oil,1.0,1.0,1.0,9419,34,5153,17693,1.6957,2.9e-05,10
9,A,Scrambling,0.9,1.1,10,Are Multivitamins Just a Waste of Money?,1.0,1.0,1.0,8855,36,5159,16479,2.0253,0.000249,10
9,A,Noise,0.9,1.1,10,Breast Cancer Cells Feed on Cholesterol,1.0,1.0,0.9556,18958,163,10793,32688,1.8344,0.002824,10
9,A,Noise,0.9,1.1,10,Using Diet to Treat Asthma and Eczema,1.0,1.0,0.9556,10433,63,6046,19172,1.6957,0.003928,10
9,A,Noise,0.9,1.1,10,Treating Asthma With Plants vs. Pills,1.0,1.0,0.9556,9122,72,5698,18090,1.8867,0.004943,10
9,A,Noise,0.9,1.1,10,How Fruits and Vegetables Can Treat Asthma,1.0,1.0,1.0,9510,63,5248,17169,2.0253,0.003796,10
9,A,Noise,0.9,1.1,10,How Fruits and Vegetables Can Prevent Asthma,1.0,1.0,1.0,8724,61,5159,17302,2.0253,0.002147,10
9,A,Noise,0.9,1.1,10,Our Tax Dollars Subsidize Unhealthy Foods,1.0,1.0,1.0,9208,64,5161,17828,2.0253,0.00027,10
9,A,Noise,0.9,1.1,10,Reducing Arsenic in Chicken and Rice,1.0,1.0,0.9556,8976,61,5113,17285,1.973,9.4e-05,10
9,A,Noise,0.9,1.1,10,How Contaminated Are Our Children?,1.0,1.0,0.9556,8413,62,5192,17055,1.8344,0.00018,10
9,A,Noise,0.9,1.1,10,"Blood Type Diet Perceived as ""Crass Fraud""",1.0,1.0,1.0,9112,61,5182,17434,1.8867,0.000384,10
9,A,Noise,0.9,1.1,10,Why Do Heart Doctors Favor Surgery and Drugs Over Diet?,1.0,1.0,0.9111,8603,60,5146,16948,2.0253,0.000482,10
9,A,Noise,0.9,1.1,10,Phytates in Beans: Anti-Nutrient or Anti-Cancer?,1.0,1.0,1.0,9373,63,5238,18328,1.7481,0.000876,10
9,A,Noise,0.9,1.1,10,How Phytates Fight Cancer Cells,1.0,1.0,1.0,9751,62,5242,18749,2.164,7.8e-05,10
9,A,Noise,0.9,1.1,10,Colon Cancer Prevention: Is it the Fiber or the Phytates?,1.0,1.0,1.0,9361,64,5220,18430,1.8867,0.001268,10
9,A,Noise,0.9,1.1,10,Low Carb Diets Found to Feed Heart Disease,1.0,1.0,0.9556,9065,63,5143,17813,2.164,0.000728,9
9,A,Noise,0.9,1.1,10,How Curry Can Kill Cancer Cells,1.0,1.0,1.0,9390,62,5159,18811,1.4708,0.000261,10
9,A,Noise,0.9,1.1,10,Testing Turmeric on Smokers,0.9,0.9477,0.9444,9161,62,5143,18056,2.0253,0.001051,10
9,A,Noise,0.9,1.1,10,Alkylphenol Endocrine Disruptors and Allergies,1.0,1.0,1.0,9139,63,5146,18839,2.0253,0.000494,10
9,A,Noise,0.9,1.1,10,Slowing Cognitive Decline with Berries,1.0,1.0,0.9556,9079,62,5123,17925,1.8867,0.001768,10
9,A,Noise,0.9,1.1,10,What is ‘Meat Glue’?,1.0,1.0,1.0,8642,61,5205,16694,2.164,0.000283,10
9,A,Noise,0.9,1.1,10,Is Liquid Smoke Safe?,1.0,0.9992,0.9556,8750,62,5155,18226,1.8867,0.001237,10
9,A,Noise,0.9,1.1,10,Does Antioxidant Intake Matter for Stroke and Heart Disease?,1.0,1.0,0.9556,8853,63,5169,17744,1.4979,0.002173,10
9,A,Noise,0.9,1.1,10,Does Antioxidant Intake Matter for Cancer?,0.9,0.9416,1.0,8760,60,5152,17846,1.8344,0.001095,10
9,A,Noise,0.9,1.1,10,Is buying organic worth it? A review of the science in new DVD,0.9,0.945,1.0,9114,63,5146,17294,2.164,9.3e-05,10
9,A,Noise,0.9,1.1,10,Orange Aromatherapy for Anxiety,1.0,1.0,1.0,8017,61,5176,16477,2.0253,0.006837,10
9,A,Noise,0.9,1.1,10,Food Manufacturers Get to Decide if Their Own Additives Are Safe,1.0,1.0,1.0,8583,60,5200,16006,1.8867,0.000363,10
9,A,Noise,0.9,1.1,10,Meat Industry Wins Right to Sell Tainted Meat,1.0,1.0,0.9556,9411,61,5153,17944,1.8344,9.2e-05,10
9,A,Noise,0.9,1.1,10,Chicken Salmonella Outbreaks Show Food Safety Systems Failure,0.9,0.9407,0.9444,8317,60,5158,17674,2.0253,0.000322,10
9,A,Noise,0.9,1.1,10,Viral Food Poisoning from Pesticides?,1.0,1.0,1.0,8918,58,5141,17873,1.973,0.000856,10
9,A,Noise,0.9,1.1,10,The Reversal on Fish Oil,1.0,0.9999,0.8222,8280,59,5148,17155,1.8867,2.8e-05,10
9,A,Noise,0.9,1.1,10,Are Multivitamins Just a Waste of Money?,1.0,1.0,1.0,8662,62,5169,16563,2.164,0.000244,10
9,A,Combined,0.9,1.1,10,Breast Cancer Cells Feed on Cholesterol,1.0,1.0,1.0,22600,197,11147,38714,1.8344,0.002825,10
9,A,Combined,0.9,1.1,10,Using Diet to Treat Asthma and Eczema,1.0,1.0,1.0,14156,101,8402,26873,2.0253,0.00396,10
9,A,Combined,0.9,1.1,10,Treating Asthma With Plants vs. Pills,1.0,1.0,0.9556,11193,79,6284,21521,1.6957,0.00516,10
9,A,Combined,0.9,1.1,10,How Fruits and Vegetables Can Treat Asthma,1.0,1.0,0.9556,8328,66,5187,18070,1.8344,0.003939,10
9,A,Combined,0.9,1.1,10,How Fruits and Vegetables Can Prevent Asthma,1.0,1.0,0.9556,8078,64,5174,17510,1.7481,0.002309,10
9,A,Combined,0.9,1.1,10,Our Tax Dollars Subsidize Unhealthy Foods,1.0,1.0,1.0,7821,59,5178,17373,2.0253,0.000248,10
9,A,Combined,0.9,1.1,10,Reducing Arsenic in Chicken and Rice,1.0,1.0,0.9111,8743,63,5151,17729,1.8344,0.0001,10
9,A,Combined,0.9,1.1,10,How Contaminated Are Our Children?,1.0,1.0,1.0,8140,62,5146,16777,1.973,0.000165,10
9,A,Combined,0.9,1.1,10,"Blood Type Diet Perceived as ""Crass Fraud""",1.0,1.0,1.0,8395,61,5145,17729,1.8867,0.000394,10
9,A,Combined,0.9,1.1,10,Why Do Heart Doctors Favor Surgery and Drugs Over Diet?,1.0,1.0,0.9556,8932,60,5139,16637,1.973,0.000483,9
9,A,Combined,0.9,1.1,10,Phytates in Beans: Anti-Nutrient or Anti-Cancer?,1.0,1.0,1.0,8968,62,5164,18377,1.6094,0.000895,10
9,A,Combined,0.9,1.1,10,How Phytates Fight Cancer Cells,0.9,0.9405,0.9444,8140,62,5161,16530,2.164,8.1e-05,10
9,A,Combined,0.9,1.1,10,Colon Cancer Prevention: Is it the Fiber or the Phytates?,1.0,1.0,0.9556,8941,60,5190,18653,2.0253,0.001282,10
9,A,Combined,0.9,1.1,10,Low Carb Diets Found to Feed Heart Disease,1.0,1.0,1.0,9010,60,5154,17446,2.164,0.000803,10
9,A,Combined,0.9,1.1,10,How Curry Can Kill Cancer Cells,1.0,1.0,0.9556,8143,61,5144,16809,2.0253,0.000258,10
9,A,Combined,0.9,1.1,10,Testing Turmeric on Smokers,0.9,0.9485,1.0,9184,61,5146,17732,2.0253,0.001037,10
9,A,Combined,0.9,1.1,10,Alkylphenol Endocrine Disruptors and Allergies,1.0,1.0,0.9556,8078,60,5179,17192,1.8344,0.000462,10
9,A,Combined,0.9,1.1,10,Slowing Cognitive Decline with Berries,1.0,1.0,0.9556,8632,60,5143,17817,1.8867,0.001795,10
9,A,Combined,0.9,1.1,10,What is ‘Meat Glue’?,1.0,1.0,1.0,8018,58,5141,15752,1.8867,0.000262,10
9,A,Combined,0.9,1.1,10,Is Liquid Smoke Safe?,1.0,1.0,0.9556,7835,63,5191,16179,1.8867,0.001218,10
9,A,Combined,0.9,1.1,10,Does Antioxidant Intake Matter for Stroke and Heart Disease?,1.0,1.0,1.0,8800,59,5160,17430,1.6434,0.002108,10
9,A,Combined,0.9,1.1,10,Does Antioxidant Intake Matter for Cancer?,0.9,0.9415,0.9444,9141,63,5195,16899,1.8344,0.001095,10
9,A,Combined,0.9,1.1,10,Is buying organic worth it? A review of the science in new DVD,1.0,1.0,1.0,8969,65,5227,16931,2.3026,9.8e-05,10
9,A,Combined,0.9,1.1,10,Orange Aromatherapy for Anxiety,1.0,1.0,1.0,9363,65,5221,17122,2.0253,0.006747,10
9,A,Combined,0.9,1.1,10,Food Manufacturers Get to Decide if Their Own Additives Are Safe,1.0,0.9999,0.9111,8971,62,5195,18097,2.0253,0.000355,10
9,A,Combined,0.9,1.1,10,Meat Industry Wins Right to Sell Tainted Meat,1.0,1.0,0.9556,8305,60,5149,15830,2.164,8.7e-05,10
9,A,Combined,0.9,1.1,10,Chicken Salmonella Outbreaks Show Food Safety Systems Failure,1.0,1.0,1.0,8967,60,5153,17360,1.8867,0.000313,10
9,A,Combined,0.9,1.1,10,Viral Food Poisoning from Pesticides?,1.0,1.0,0.9556,8800,63,5097,17039,2.164,0.000846,10
9,A,Combined,0.9,1.1,10,The Reversal on Fish Oil,1.0,1.0,0.9556,7384,57,5170,16334,1.8867,3.2e-05,10
9,A,Combined,0.9,1.1,10,Are Multivitamins Just a Waste of Money?,1.0,1.0,0.9556,8124,62,5209,16156,2.0253,0.000252,10
9,A,Rome,1.0,1.0,10,Breast Cancer Cells Feed on Cholesterol,1.0,1.0,1.0,21073,14773,12821,54492,1.8344,0.002867,10
9,A,Rome,1.0,1.0,10,Using Diet to Treat Asthma and Eczema,1.0,1.0,1.0,12130,7679,7759,30443,1.6957,0.003962,10
9,A,Rome,1.0,1.0,10,Treating Asthma With Plants vs. Pills,1.0,1.0,1.0,8750,5930,6769,25337,1.8867,0.005018,10
9,A,Rome,1.0,1.0,10,How Fruits and Vegetables Can Treat Asthma,1.0,1.0,1.0,8927,5765,6738,24720,1.8867,0.003889,10
9,A,Rome,1.0,1.0,10,How Fruits and Vegetables Can Prevent Asthma,1.0,1.0,1.0,8136,5787,6750,24834,1.7481,0.002246,10
9,A,Rome,1.0,1.0,10,Our Tax Dollars Subsidize Unhealthy Foods,1.0,1.0,1.0,9245,5769,6759,25617,1.8344,0.000264,10
9,A,Rome,1.0,1.0,10,Reducing Arsenic in Chicken and Rice,1.0,1.0,1.0,8362,5766,6750,24213,1.8344,0.0001,10
9,A,Rome,1.0,1.0,10,How Contaminated Are Our Children?,1.0,1.0,1.0,8420,5752,6751,23349,2.0253,0.00017,9
9,A,Rome,1.0,1.0,10,"Blood Type Diet Perceived as ""Crass Fraud""",1.0,1.0,1.0,8369,5809,6788,24594,1.8867,0.00039,10
9,A,Rome,1.0,1.0,10,Why Do Heart Doctors Favor Surgery and Drugs Over Diet?,1.0,1.0,1.0,9197,5758,6860,26270,1.7481,0.000481,10
9,A,Rome,1.0,1.0,10,Phytates in Beans: Anti-Nutrient or Anti-Cancer?,1.0,1.0,1.0,8354,5744,6746,23810,1.6094,0.000898,10
9,A,Rome,1.0,1.0,10,How Phytates Fight Cancer Cells,1.0,1.0,1.0,8424,5763,6823,25317,2.164,8.5e-05,10
9,A,Rome,1.0,1.0,10,Colon Cancer Prevention: Is it the Fiber or the Phytates?,1.0,1.0,1.0,7831,5803,6749,24373,2.0253,0.001258,10
9,A,Rome,1.0,1.0,10,Low Carb Diets Found to Feed Heart Disease,1.0,1.0,1.0,8788,5782,6904,24435,2.164,0.000777,10
9,A,Rome,1.0,1.0,10,How Curry Can Kill Cancer Cells,1.0,1.0,1.0,8741,5793,6801,24234,1.8344,0.000263,10
9,A,Rome,1.0,1.0,10,Testing Turmeric on Smokers,1.0,1.0,1.0,7924,5761,6831,24914,2.164,0.001032,10
9,A,Rome,1.0,1.0,10,Alkylphenol Endocrine Disruptors and Allergies,1.0,1.0,1.0,8798,5778,6761,25179,2.0253,0.000472,10
9,A,Rome,1.0,1.0,10,Slowing Cognitive Decline with Berries,1.0,1.0,1.0,8658,5759,6823,25360,1.8867,0.001869,10
9,A,Rome,1.0,1.0,10,What is ‘Meat Glue’?,1.0,1.0,1.0,7892,5766,6738,23819,2.164,0.000285,10
9,A,Rome,1.0,1.0,10,Is Liquid Smoke Safe?,1.0,1.0,1.0,8360,5771,6826,24875,1.8867,0.001226,10
9,A,Rome,1.0,1.0,10,Does Antioxidant Intake Matter for Stroke and Heart Disease?,1.0,1.0,1.0,8790,5760,6750,25018,1.6434,0.002092,10
9,A,Rome,1.0,1.0,10,Does Antioxidant Intake Matter for Cancer?,1.0,1.0,1.0,8556,5745,6824,24730,1.8344,0.001094,10
9,A,Rome,1.0,1.0,10,Is buying organic worth it? A review of the science in new DVD,1.0,1.0,1.0,8942,5860,6910,25248,2.3026,9.9e-05,10
9,A,Rome,1.0,1.0,10,Orange Aromatherapy for Anxiety,1.0,1.0,1.0,8548,5944,6890,25606,2.0253,0.006857,10
9,A,Rome,1.0,1.0,10,Food Manufacturers Get to Decide if Their Own Additives Are Safe,1.0,1.0,1.0,9126,5840,6813,24784,2.164,0.000376,10
9,A,Rome,1.0,1.0,10,Meat Industry Wins Right to Sell Tainted Meat,1.0,1.0,1.0,9445,5896,6807,24606,2.0253,9.1e-05,10
9,A,Rome,1.0,1.0,10,Chicken Salmonella Outbreaks Show Food Safety Systems Failure,1.0,1.0,1.0,8204,5941,6768,23316,2.0253,0.000323,10
9,A,Rome,1.0,1.0,10,Viral Food Poisoning from Pesticides?,1.0,1.0,1.0,9057,5924,6852,24635,1.8344,0.000857,10
9,A,Rome,1.0,1.0,10,The Reversal on Fish Oil,1.0,1.0,1.0,8346,5811,6806,24458,1.6957,2.9e-05,10
9,A,Rome,1.0,1.0,10,Are Multivitamins Just a Waste of Money?,1.0,1.0,1.0,7955,5945,6869,23839,2.0253,0.000249,10
9,A,RomeCombined,0.9,1.1,10,Breast Cancer Cells Feed on Cholesterol,1.0,1.0,0.9556,22105,14478,14796,55095,1.8344,0.002864,10
9,A,RomeCombined,0.9,1.1,10,Using Diet to Treat Asthma and Eczema,1.0,1.0,0.9556,12618,7624,7978,31829,1.6957,0.003909,10
9,A,RomeCombined,0.9,1.1,10,Treating Asthma With Plants vs. Pills,1.0,1.0,0.9556,9943,6003,6773,26415,1.6957,0.005016,10
9,A,RomeCombined,0.9,1.1,10,How Fruits and Vegetables Can Treat Asthma,1.0,1.0,1.0,9266,9990,6719,29624,1.8344,0.003861,10
9,A,RomeCombined,0.9,1.1,10,How Fruits and Vegetables Can Prevent Asthma,1.0,1.0,1.0,8814,5805,6750,24849,1.6094,0.002201,10
9,A,RomeCombined,0.9,1.1,10,Our Tax Dollars Subsidize Unhealthy Foods,1.0,1.0,0.9556,8280,5783,6743,24171,1.8344,0.000257,9
9,A,RomeCombined,0.9,1.1,10,Reducing Arsenic in Chicken and Rice,1.0,1.0,0.9111,8715,5856,6757,25267,1.8344,0.000103,9
9,A,RomeCombined,0.9,1.1,10,How Contaminated Are Our Children?,1.0,1.0,0.9111,8525,5800,6745,24977,2.0253,0.000162,10
9,A,RomeCombined,0.9,1.1,10,"Blood Type Diet Perceived as ""Crass Fraud""",1.0,1.0,1.0,8546,5894,6852,25063,2.0253,0.000371,10
9,A,RomeCombined,0.9,1.1,10,Why Do Heart Doctors Favor Surgery and Drugs Over Diet?,1.0,1.0,0.9111,8677,5829,6799,24985,1.7481,0.00048,9
9,A,RomeCombined,0.9,1.1,10,Phytates in Beans: Anti-Nutrient or Anti-Cancer?,1.0,1.0,1.0,8128,5798,6701,23023,1.6957,0.000875,10
9,A,RomeCombined,0.9,1.1,10,How Phytates Fight Cancer Cells,1.0,1.0,1.0,8372,5789,6761,24628,2.3026,8.1e-05,10
9,A,RomeCombined,0.9,1.1,10,Colon Cancer Prevention: Is it the Fiber or the Phytates?,1.0,1.0,0.9556,8474,5794,6750,24872,2.164,0.00126,10
9,A,RomeCombined,0.9,1.1,10,Low Carb Diets Found to Feed Heart Disease,1.0,1.0,1.0,8206,5783,6755,23732,2.164,0.000774,10
9,A,RomeCombined,0.9,1.1,10,How Curry Can Kill Cancer Cells,1.0,1.0,1.0,8505,5803,6775,26438,1.8867,0.000262,10
9,A,RomeCombined,0.9,1.1,10,Testing Turmeric on Smokers,1.0,1.0,1.0,7916,5805,6760,24283,2.164,0.00104,10
9,A,RomeCombined,0.9,1.1,10,Alkylphenol Endocrine Disruptors and Allergies,1.0,1.0,1.0,8557,5779,6776,24384,2.0253,0.000471,10
9,A,RomeCombined,0.9,1.1,10,Slowing Cognitive Decline with Berries,1.0,1.0,1.0,8120,5802,6743,24671,1.8867,0.001895,10
9,A,RomeCombined,0.9,1.1,10,What is ‘Meat Glue’?,1.0,1.0,1.0,8284,5786,6747,25156,2.0253,0.000279,10
9,A,RomeCombined,0.9,1.1,10,Is Liquid Smoke Safe?,1.0,1.0,1.0,8128,6145,6829,25026,1.8867,0.001221,10
9,A,RomeCombined,0.9,1.1,10,Does Antioxidant Intake Matter for Stroke and Heart Disease?,1.0,1.0,1.0,9191,5821,6777,25572,1.6094,0.002166,10
9,A,RomeCombined,0.9,1.1,10,Does Antioxidant Intake Matter for Cancer?,1.0,1.0,1.0,8823,5830,6772,25152,1.8867,0.001112,10
9,A,RomeCombined,0.9,1.1,10,Is buying organic worth it? A review of the science in new DVD,1.0,1.0,1.0,9210,5839,6747,25336,2.3026,0.000101,10
9,A,RomeCombined,0.9,1.1,10,Orange Aromatherapy for Anxiety,1.0,1.0,1.0,7638,5795,6756,23623,2.0253,0.00681,10
9,A,RomeCombined,0.9,1.1,10,Food Manufacturers Get to Decide if Their Own Additives Are Safe,1.0,1.0,1.0,7995,5906,6903,23969,2.164,0.000368,10
9,A,RomeCombined,0.9,1.1,10,Meat Industry Wins Right to Sell Tainted Meat,1.0,1.0,0.9556,9614,5912,6760,25105,2.0253,9.3e-05,10
9,A,RomeCombined,0.9,1.1,10,Chicken Salmonella Outbreaks Show Food Safety Systems Failure,0.9,0.943,1.0,8286,5963,6732,23459,2.164,0.000314,10
9,A,RomeCombined,0.9,1.1,10,Viral Food Poisoning from Pesticides?,1.0,0.9999,0.9556,9162,5988,6744,24920,1.8344,0.000893,10
9,A,RomeCombined,0.9,1.1,10,The Reversal on Fish Oil,1.0,1.0,0.9556,8336,5863,6768,23367,1.8867,3.2e-05,8
9,A,RomeCombined,0.9,1.1,10,Are Multivitamins Just a Waste of Money?,1.0,1.0,1.0,8682,5964,6694,24774,2.0253,0.000245,10
9,A,Ckks,1.0,1.0,10,Breast Cancer Cells Feed on Cholesterol,1.0,1.0,1.0,31034,81992,36593879,36712731,1.8344,0.002867,10
9,A,Ckks,1.0,1.0,10,Using Diet to Treat Asthma and Eczema,1.0,1.0,1.0,9548,69783,36837544,36920782,1.6957,0.003962,10
9,A,Ckks,1.0,1.0,10,Treating Asthma With Plants vs. Pills,1.0,1.0,1.0,10427,67167,36759262,36840598,1.8867,0.005018,10
9,A,Ckks,1.0,1.0,10,How Fruits and Vegetables Can Treat Asthma,1.0,1.0,1.0,11418,67796,36658704,36742864,1.8867,0.003889,10
9,A,Ckks,1.0,1.0,10,How Fruits and Vegetables Can Prevent Asthma,1.0,1.0,1.0,10489,66809,36627103,36708401,1.7481,0.002246,10
9,A,Ckks,1.0,1.0,10,Our Tax Dollars Subsidize Unhealthy Foods,1.0,1.0,1.0,9520,67888,36635481,36717476,1.8344,0.000264,10
9,A,Ckks,1.0,1.0,10,Reducing Arsenic in Chicken and Rice,1.0,1.0,1.0,10937,68478,36739982,36823266,1.8344,0.0001,10
9,A,Ckks,1.0,1.0,10,How Contaminated Are Our Children?,1.0,1.0,1.0,10292,67533,36544162,36627388,2.0253,0.00017,9
9,A,Ckks,1.0,1.0,10,"Blood Type Diet Perceived as ""Crass Fraud""",1.0,1.0,1.0,9339,68140,36713200,36795208,1.8867,0.00039,10
9,A,Ckks,1.0,1.0,10,Why Do Heart Doctors Favor Surgery and Drugs Over Diet?,1.0,1.0,1.0,12272,67601,36647632,36732329,1.7481,0.000481,10
9,A,Ckks,1.0,1.0,10,Phytates in Beans: Anti-Nutrient or Anti-Cancer?,1.0,1.0,1.0,10004,68349,36664937,36747344,1.6094,0.000898,10
9,A,Ckks,1.0,1.0,10,How Phytates Fight Cancer Cells,1.0,1.0,1.0,11165,67028,36590181,36672662,2.164,8.5e-05,10
9,A,Ckks,1.0,1.0,10,Colon Cancer Prevention: Is it the Fiber or the Phytates?,1.0,1.0,1.0,10041,68058,36705798,36787905,2.0253,0.001258,10
9,A,Ckks,1.0,1.0,10,Low Carb Diets Found to Feed Heart Disease,1.0,1.0,1.0,10377,66720,36715651,36795521,2.164,0.000777,10
9,A,Ckks,1.0,1.0,10,How Curry Can Kill Cancer Cells,1.0,1.0,1.0,10363,79055,36777295,36871950,1.8344,0.000263,10
9,A,Ckks,1.0,1.0,10,Testing Turmeric on Smokers,1.0,1.0,1.0,14158,68615,36809594,36896828,2.164,0.001032,10
9,A,Ckks,1.0,1.0,10,Alkylphenol Endocrine Disruptors and Allergies,1.0,1.0,1.0,10719,68275,36617863,36700061,2.0253,0.000472,10
9,A,Ckks,1.0,1.0,10,Slowing Cognitive Decline with Berries,1.0,1.0,1.0,12723,69605,36615970,36703079,1.8867,0.001869,10
9,A,Ckks,1.0,1.0,10,What is ‘Meat Glue’?,1.0,1.0,1.0,9706,66005,36597487,36675861,2.164,0.000285,10
9,A,Ckks,1.0,1.0,10,Is Liquid Smoke Safe?,1.0,1.0,1.0,9356,67435,36627658,36708494,1.8867,0.001226,10
9,A,Ckks,1.0,1.0,10,Does Antioxidant Intake Matter for Stroke and Heart Disease?,1.0,1.0,1.0,10716,68917,36742433,36826238,1.6434,0.002092,10
9,A,Ckks,1.0,1.0,10,Does Antioxidant Intake Matter for Cancer?,1.0,1.0,1.0,10076,67268,36562350,36645520,1.8344,0.001094,10
9,A,Ckks,1.0,1.0,10,Is buying organic worth it? A review of the science in new DVD,1.0,1.0,1.0,10989,67621,36651203,36734554,2.3026,9.9e-05,10
9,A,Ckks,1.0,1.0,10,Orange Aromatherapy for Anxiety,1.0,1.0,1.0,12486,67994,36725246,36810406,2.0253,0.006857,10
9,A,Ckks,1.0,1.0,10,Food Manufacturers Get to Decide if Their Own Additives Are Safe,1.0,1.0,1.0,9738,69033,36651601,36734978,2.164,0.000376,10
9,A,Ckks,1.0,1.0,10,Meat Industry Wins Right to Sell Tainted Meat,1.0,1.0,1.0,11145,67285,36674529,36756072,2.0253,9.1e-05,10
9,A,Ckks,1.0,1.0,10,Chicken Salmonella Outbreaks Show Food Safety Systems Failure,1.0,1.0,1.0,10423,69483,36610415,36694670,2.0253,0.000323,10
9,A,Ckks,1.0,1.0,10,Viral Food Poisoning from Pesticides?,1.0,1.0,1.0,9292,68634,36615298,36695889,1.8344,0.000857,10
9,A,Ckks,1.0,1.0,10,The Reversal on Fish Oil,1.0,1.0,1.0,10086,68553,36596366,36680268,1.6957,2.9e-05,10
9,A,Ckks,1.0,1.0,10,Are Multivitamins Just a Waste of Money?,1.0,1.0,1.0,8883,63583,36525523,36601632,2.0253,0.000249,10
9,A,CkksCombined,0.9,1.1,10,Breast Cancer Cells Feed on Cholesterol,1.0,1.0,0.9556,27493,85384,36598513,36716809,1.8344,0.002843,10
9,A,CkksCombined,0.9,1.1,10,Using Diet to Treat Asthma and Eczema,1.0,1.0,1.0,9814,67526,36592330,36674623,1.8867,0.00402,10
9,A,CkksCombined,0.9,1.1,10,Treating Asthma With Plants vs. Pills,1.0,1.0,0.9556,10101,66863,36580515,36660596,1.8867,0.005108,10
9,A,CkksCombined,0.9,1.1,10,How Fruits and Vegetables Can Treat Asthma,1.0,1.0,0.9556,9936,68607,36799608,36881169,1.8867,0.003939,10
9,A,CkksCombined,0.9,1.1,10,How Fruits and Vegetables Can Prevent Asthma,1.0,1.0,0.9556,10344,68646,36755854,36839554,1.7481,0.002266,10
9,A,CkksCombined,0.9,1.1,10,Our Tax Dollars Subsidize Unhealthy Foods,1.0,1.0,0.8667,10060,69794,36615581,36702716,1.8344,0.000264,9
9,A,CkksCombined,0.9,1.1,10,Reducing Arsenic in Chicken and Rice,1.0,1.0,0.9556,9642,69293,36484481,36567984,2.0253,0.000101,10
9,A,CkksCombined,0.9,1.1,10,How Contaminated Are Our Children?,1.0,1.0,0.9556,8888,69469,36622483,36704693,1.8867,0.000155,10
9,A,CkksCombined,0.9,1.1,10,"Blood Type Diet Perceived as ""Crass Fraud""",0.9,0.942,1.0,12074,68441,36584849,36670676,2.0253,0.000381,10
9,A,CkksCombined,0.9,1.1,10,Why Do Heart Doctors Favor Surgery and Drugs Over Diet?,1.0,1.0,0.9111,10683,66581,36581724,36663138,1.4979,0.000515,10
9,A,CkksCombined,0.9,1.1,10,Phytates in Beans: Anti-Nutrient or Anti-Cancer?,1.0,1.0,0.9556,10177,68609,36706801,36789984,1.6957,0.000862,10
9,A,CkksCombined,0.9,1.1,10,How Phytates Fight Cancer Cells,0.9,0.9398,0.8333,10109,68362,36639530,36721244,1.5048,8.4e-05,10
9,A,CkksCombined,0.9,1.1,10,Colon Cancer Prevention: Is it the Fiber or the Phytates?,1.0,0.9999,0.9111,10388,69943,36687479,36772243,2.0253,0.001219,10
9,A,CkksCombined,0.9,1.1,10,Low Carb Diets Found to Feed Heart Disease,0.9,0.9446,1.0,10770,68598,36601484,36685141,2.164,0.000779,10
9,A,CkksCombined,0.9,1.1,10,How Curry Can Kill Cancer Cells,1.0,1.0,0.9556,11984,67199,36575915,36657672,1.8867,0.000267,10
9,A,CkksCombined,0.9,1.1,10,Testing Turmeric on Smokers,1.0,1.0,1.0,8941,67476,36603782,36684469,2.3026,0.001073,10
9,A,CkksCombined,0.9,1.1,10,Alkylphenol Endocrine Disruptors and Allergies,1.0,1.0,0.9556,10106,67601,36564508,36647139,2.0253,0.000462,9
9,A,CkksCombined,0.9,1.1,10,Slowing Cognitive Decline with Berries,1.0,1.0,0.9556,10414,66447,36586893,36666713,1.8867,0.001908,10
9,A,CkksCombined,0.9,1.1,10,What is ‘Meat Glue’?,1.0,1.0,0.9556,9696,69583,36581654,36665542,2.3026,0.000267,10
9,A,CkksCombined,0.9,1.1,10,Is Liquid Smoke Safe?,0.9,0.9499,0.9444,10226,68119,36628387,36711097,1.8867,0.001249,10
9,A,CkksCombined,0.9,1.1,10,Does Antioxidant Intake Matter for Stroke and Heart Disease?,1.0,1.0,1.0,11958,68471,36622924,36706272,1.6434,0.002152,10
9,A,CkksCombined,0.9,1.1,10,Does Antioxidant Intake Matter for Cancer?,0.9,0.9415,1.0,11357,69033,36580283,36664843,1.8344,0.00105,10
9,A,CkksCombined,0.9,1.1,10,Is buying organic worth it? A review of the science in new DVD,0.9,0.945,1.0,9797,67985,36587083,36669799,2.164,0.0001,10
9,A,CkksCombined,0.9,1.1,10,Orange Aromatherapy for Anxiety,1.0,1.0,1.0,9485,68655,36650692,36731861,2.0253,0.006814,10
9,A,CkksCombined,0.9,1.1,10,Food Manufacturers Get to Decide if Their Own Additives Are Safe,1.0,1.0,0.9556,9931,67659,36588736,36670707,2.0253,0.000377,10
9,A,CkksCombined,0.9,1.1,10,Meat Industry Wins Right to Sell Tainted Meat,1.0,1.0,0.9556,10120,68327,36627524,36710412,2.164,8.9e-05,10
9,A,CkksCombined,0.9,1.1,10,Chicken Salmonella Outbreaks Show Food Safety Systems Failure,1.0,1.0,0.9111,10423,67980,36597186,36678399,1.8867,0.000336,10
9,A,CkksCombined,0.9,1.1,10,Viral Food Poisoning from Pesticides?,1.0,1.0,0.9556,9842,67652,36541302,36623868,1.8344,0.000819,10
9,A,CkksCombined,0.9,1.1,10,The Reversal on Fish Oil,0.9,0.9396,0.8889,9934,66804,36609855,36690868,1.8867,3e-05,10
9,A,CkksCombined,0.9,1.1,10,Are Multivitamins Just a Waste of Money?,1.0,1.0,0.9111,10974,66895,36549043,36631571,2.0253,0.000252,10
10,A,Scrambling,0.9,1.1,10,Breast Cancer Cells Feed on Cholesterol,1.0,1.0,1.0,18804,128,12253,35954,1.8344,0.002867,10
10,A,Scrambling,0.9,1.1,10,Using Diet to Treat Asthma and Eczema,1.0,1.0,1.0,14236,57,8218,26381,1.6957,0.003962,10
10,A,Scrambling,0.9,1.1,10,Treating Asthma With Plants vs. Pills,1.0,1.0,1.0,9986,40,5958,19499,1.8867,0.005018,10
10,A,Scrambling,0.9,1.1,10,How Fruits and Vegetables Can Treat Asthma,1.0,1.0,1.0,8761,33,5153,17513,1.8867,0.003889,10
10,A,Scrambling,0.9,1.1,10,How Fruits and Vegetables Can Prevent Asthma,1.0,1.0,1.0,8652,34,5148,17327,1.7481,0.002246,10
10,A,Scrambling,0.9,1.1,10,Our Tax Dollars Subsidize Unhealthy Foods,1.0,1.0,1.0,9171,33,5143,17739,1.8344,0.000264,10
10,A,Scrambling,0.9,1.1,10,Reducing Arsenic in Chicken and Rice,1.0,1.0,1.0,7225,34,5164,16095,1.8344,0.0001,10
10,A,Scrambling,0.9,1.1,10,How Contaminated Are Our Children?,1.0,1.0,1.0,8270,34,5143,17105,2.0253,0.00017,9
10,A,Scrambling,0.9,1.1,10,"Blood Type Diet Perceived as ""Crass Fraud""",1.0,1.0,1.0,9018,38,5205,17357,1.8867,0.00039,10
10,A,Scrambling,0.9,1.1,10,Why Do Heart Doctors Favor Surgery and Drugs Over Diet?,1.0,1.0,1.0,9482,34,5161,17864,1.7481,0.000481,10
10,A,Scrambling,0.9,1.1,10,Phytates in Beans: Anti-Nutrient or Anti-Cancer?,1.0,1.0,1.0,8556,35,5151,17247,1.6094,0.000898,10
10,A,Scrambling,0.9,1.1,10,How Phytates Fight Cancer Cells,1.0,1.0,1.0,8435,34,5169,17064,2.164,8.5e-05,10
10,A,Scrambling,0.9,1.1,10,Colon Cancer Prevention: Is it the Fiber or the Phytates?,1.0,1.0,1.0,9001,34,5177,17745,2.0253,0.001258,10
10,A,Scrambling,0.9,1.1,10,Low Carb Diets Found to Feed Heart Disease,1.0,1.0,1.0,8630,33,5186,17422,2.164,0.000777,10
10,A,Scrambling,0.9,1.1,10,How Curry Can Kill Cancer Cells,1.0,1.0,1.0,8697,35,5155,17482,1.8344,0.000263,10
10,A,Scrambling,0.9,1.1,10,Testing Turmeric on Smokers,1.0,1.0,1.0,8421,43,5148,17813,2.164,0.001032,10
10,A,Scrambling,0.9,1.1,10,Alkylphenol Endocrine Disruptors and Allergies,1.0,1.0,1.0,7854,35,5155,16300,2.0253,0.000472,10
10,A,Scrambling,0.9,1.1,10,Slowing Cognitive Decline with Berries,1.0,1.0,1.0,9313,33,5153,19562,1.8867,0.001869,10
10,A,Scrambling,0.9,1.1,10,What is ‘Meat Glue’?,1.0,1.0,1.0,7619,34,5142,15387,2.164,0.000285,10
10,A,Scrambling,0.9,1.1,10,Is Liquid Smoke Safe?,1.0,1.0,1.0,8223,35,5150,17211,1.8867,0.001226,10
10,A,Scrambling,0.9,1.1,10,Does Antioxidant Intake Matter for Stroke and Heart Disease?,1.0,1.0,1.0,8414,34,5148,17268,1.6434,0.002092,10
10,A,Scrambling,0.9,1.1,10,Does Antioxidant Intake Matter for Cancer?,1.0,1.0,1.0,8175,37,5140,17304,1.8344,0.001094,10
10,A,Scrambling,0.9,1.1,10,Is buying organic worth it? A review of the science in new DVD,1.0,1.0,1.0,8366,35,5146,17160,2.3026,9.9e-05,10
10,A,Scrambling,0.9,1.1,10,Orange Aromatherapy for Anxiety,1.0,1.0,1.0,8883,34,5140,17830,2.0253,0.006857,10
10,A,Scrambling,0.9,1.1,10,Food Manufacturers Get to Decide if Their Own Additives Are Safe,1.0,1.0,1.0,8410,34,5149,17459,2.164,0.000376,10
10,A,Scrambling,0.9,1.1,10,Meat Industry Wins Right to Sell Tainted Meat,1.0,1.0,1.0,8222,34,5162,17140,2.0253,9.1e-05,10
10,A,Scrambling,0.9,1.1,10,Chicken Salmonella Outbreaks Show Food Safety Systems Failure,1.0,1.0,1.0,8361,35,5150,18441,2.0253,0.000323,10
10,A,Scrambling,0.9,1.1,10,Viral Food Poisoning from Pesticides?,1.0,1.0,1.0,8184,33,5149,17177,1.8344,0.000857,10
10,A,Scrambling,0.9,1.1,10,The Reversal on Fish Oil,1.0,1.0,1.0,6540,33,5148,16102,1.6957,2.9e-05,10
10,A,Scrambling,0.9,1.1,10,Are Multivitamins Just a Waste of Money?,1.0,1.0,1.0,6971,33,5176,16109,2.0253,0.000249,10
10,A,Noise,0.9,1.1,10,Breast Cancer Cells Feed on Cholesterol,1.0,1.0,0.9111,21401,173,12174,39182,1.8344,0.002844,10
10,A,Noise,0.9,1.1,10,Using Diet to Treat Asthma and Eczema,0.9,0.951,1.0,14705,103,7992,26916,1.8344,0.003917,10
10,A,Noise,0.9,1.1,10,Treating Asthma With Plants vs. Pills,1.0,1.0,1.0,10716,70,5918,20292,1.8867,0.005033,10
10,A,Noise,0.9,1.1,10,How Fruits and Vegetables Can Treat Asthma,1.0,1.0,1.0,8956,58,5196,17785,2.0253,0.003848,10
10,A,Noise,0.9,1.1,10,How Fruits and Vegetables Can Prevent Asthma,1.0,1.0,1.0,8615,61,5150,17288,2.0253,0.002263,10
10,A,Noise,0.9,1.1,10,Our Tax Dollars Subsidize Unhealthy Foods,1.0,0.9998,0.8222,8331,74,5158,17092,1.6957,0.000262,10
10,A,Noise,0.9,1.1,10,Reducing Arsenic in Chicken and Rice,1.0,1.0,0.9556,8434,61,5149,17074,1.7481,9.4e-05,9
10,A,Noise,0.9,1.1,10,How Contaminated Are Our Children?,1.0,1.0,0.9556,7724,61,5145,16376,2.0253,0.00017,10
10,A,Noise,0.9,1.1,10,"Blood Type Diet Perceived as ""Crass Fraud""",0.9,0.942,0.9444,8133,58,5159,16858,1.8867,0.000402,10
10,A,Noise,0.9,1.1,10,Why Do Heart Doctors Favor Surgery and Drugs Over Diet?,1.0,1.0,0.9111,7896,59,5144,16590,2.0253,0.000479,10
10,A,Noise,0.9,1.1,10,Phytates in Beans: Anti-Nutrient or Anti-Cancer?,1.0,1.0,0.9556,8752,59,5156,17703,1.7481,0.000814,10
10,A,Noise,0.9,1.1,10,How Phytates Fight Cancer Cells,0.9,0.9396,0.8333,8668,61,5141,17295,2.0253,8.2e-05,10
10,A,Noise,0.9,1.1,10,Colon Cancer Prevention: Is it the Fiber or the Phytates?,1.0,1.0,1.0,7850,58,5145,16508,2.0253,0.001213,10
10,A,Noise,0.9,1.1,10,Low Carb Diets Found to Feed Heart Disease,1.0,1.0,1.0,8281,57,5146,16861,2.164,0.000738,10
10,A,Noise,0.9,1.1,10,How Curry Can Kill Cancer Cells,1.0,1.0,0.9556,8842,60,5146,17559,2.0253,0.00024,10
10,A,Noise,0.9,1.1,10,Testing Turmeric on Smokers,0.9,0.9485,1.0,10093,59,5156,19437,2.3026,0.001003,10
10,A,Noise,0.9,1.1,10,Alkylphenol Endocrine Disruptors and Allergies,1.0,1.0,0.9111,9781,63,5148,17464,1.8867,0.000471,10
10,A,Noise,0.9,1.1,10,Slowing Cognitive Decline with Berries,1.0,1.0,1.0,9202,64,5144,16768,1.8867,0.00191,10
10,A,Noise,0.9,1.1,10,What is ‘Meat Glue’?,1.0,1.0,1.0,8576,60,5154,16307,2.0253,0.000287,10
10,A,Noise,0.9,1.1,10,Is Liquid Smoke Safe?,0.9,0.9499,0.9444,8133,59,5148,16131,2.0253,0.001196,10
10,A,Noise,0.9,1.1,10,Does Antioxidant Intake Matter for Stroke and Heart Disease?,0.9,0.9456,1.0,7897,64,5152,15422,1.6094,0.002063,10
10,A,Noise,0.9,1.1,10,Does Antioxidant Intake Matter for Cancer?,0.9,0.9439,1.0,9156,62,5154,17927,1.8344,0.001038,10
10,A,Noise,0.9,1.1,10,Is buying organic worth it? A review of the science in new DVD,1.0,1.0,1.0,8145,59,5147,16489,2.164,9.4e-05,10
10,A,Noise,0.9,1.1,10,Orange Aromatherapy for Anxiety,0.9,0.9559,1.0,9361,59,5145,17512,2.0253,0.006637,10
10,A,Noise,0.9,1.1,10,Food Manufacturers Get to Decide if Their Own Additives Are Safe,1.0,1.0,0.9556,7515,62,5149,16419,2.0253,0.000372,10
10,A,Noise,0.9,1.1,10,Meat Industry Wins Right to Sell Tainted Meat,1.0,1.0,1.0,7719,60,5145,15464,2.0253,8.7e-05,10
10,A,Noise,0.9,1.1,10,Chicken Salmonella Outbreaks Show Food Safety Systems Failure,1.0,1.0,0.9556,8575,63,5257,16974,2.0253,0.00032,10
10,A,Noise,0.9,1.1,10,Viral Food Poisoning from Pesticides?,1.0,1.0,0.9556,9029,61,5156,17405,1.8344,0.000838,10
10,A,Noise,0.9,1.1,10,The Reversal on Fish Oil,1.0,0.9999,0.8222,7914,59,5143,16597,1.6957,2.4e-05,9
10,A,Noise,0.9,1.1,10,Are Multivitamins Just a Waste of Money?,1.0,1.0,1.0,8110,61,5147,16717,2.164,0.000258,10
10,A,Combined,0.9,1.1,10,Breast Cancer Cells Feed on Cholesterol,1.0,1.0,0.9111,17092,190,11427,32192,1.8344,0.002812,9
10,A,Combined,0.9,1.1,10,Using Diet to Treat Asthma and Eczema,1.0,1.0,1.0,10089,63,5162,20821,1.8867,0.003658,10
10,A,Combined,0.9,1.1,10,Treating Asthma With Plants vs. Pills,1.0,1.0,0.9556,10229,68,5827,20516,1.6957,0.004931,10
10,A,Combined,0.9,1.1,10,How Fruits and Vegetables Can Treat Asthma,1.0,1.0,1.0,8638,68,5465,17697,2.0253,0.003914,10
10,A,Combined,0.9,1.1,10,How Fruits and Vegetables Can Prevent Asthma,1.0,1.0,0.9556,7039,60,5148,15662,1.8867,0.002287,10
10,A,Combined,0.9,1.1,10,Our Tax Dollars Subsidize Unhealthy Foods,0.9,0.9448,0.8333,8012,62,5152,16687,1.8344,0.000264,9
10,A,Combined,0.9,1.1,10,Reducing Arsenic in Chicken and Rice,1.0,1.0,1.0,8224,68,5152,16949,1.973,0.0001,10
10,A,Combined,0.9,1.1,10,How Contaminated Are Our Children?,1.0,1.0,1.0,7430,59,5154,16216,1.8344,0.000184,10
10,A,Combined,0.9,1.1,10,"Blood Type Diet Perceived as ""Crass Fraud""",1.0,1.0,1.0,8212,60,5139,16894,2.0253,0.000407,10
10,A,Combined,0.9,1.1,10,Why Do Heart Doctors Favor Surgery and Drugs Over Diet?,1.0,1.0,0.9111,8048,62,5213,16212,1.8344,0.000516,10
10,A,Combined,0.9,1.1,10,Phytates in Beans: Anti-Nutrient or Anti-Cancer?,1.0,1.0,0.9111,10503,64,5220,19150,1.8344,0.00086,10
10,A,Combined,0.9,1.1,10,How Phytates Fight Cancer Cells,1.0,0.9999,0.8667,9379,64,5129,17748,2.0253,6.4e-05,10
10,A,Combined,0.9,1.1,10,Colon Cancer Prevention: Is it the Fiber or the Phytates?,1.0,0.9999,0.9111,8686,65,5147,16964,1.8867,0.001202,10
10,A,Combined,0.9,1.1,10,Low Carb Diets Found to Feed Heart Disease,0.9,0.9425,1.0,8463,64,5209,17332,2.164,0.000764,10
10,A,Combined,0.9,1.1,10,How Curry Can Kill Cancer Cells,1.0,0.9999,0.8667,8536,64,5156,16826,1.8867,0.000249,9
10,A,Combined,0.9,1.1,10,Testing Turmeric on Smokers,1.0,1.0,1.0,7839,60,5165,16532,2.3026,0.000976,10
10,A,Combined,0.9,1.1,10,Alkylphenol Endocrine Disruptors and Allergies,1.0,1.0,1.0,7802,61,5146,16500,2.164,0.000459,10
10,A,Combined,0.9,1.1,10,Slowing Cognitive Decline with Berries,1.0,1.0,1.0,8408,59,5142,16810,1.8867,0.001823,10
10,A,Combined,0.9,1.1,10,What is ‘Meat Glue’?,1.0,1.0,1.0,6961,60,5144,15532,2.164,0.00028,10
10,A,Combined,0.9,1.1,10,Is Liquid Smoke Safe?,0.9,0.9478,0.9444,8386,61,5146,16798,1.8867,0.001218,10
10,A,Combined,0.9,1.1,10,Does Antioxidant Intake Matter for Stroke and Heart Disease?,0.9,0.9456,1.0,8230,61,5147,16636,1.4979,0.002106,10
10,A,Combined,0.9,1.1,10,Does Antioxidant Intake Matter for Cancer?,1.0,1.0,0.9556,8021,61,5142,16747,2.0253,0.001016,10
10,A,Combined,0.9,1.1,10,Is buying organic worth it? A review of the science in new DVD,0.9,0.9448,0.8889,9063,60,5146,17766,2.0253,0.0001,10
10,A,Combined,0.9,1.1,10,Orange Aromatherapy for Anxiety,1.0,1.0,1.0,7894,59,5147,16567,2.0253,0.006874,10
10,A,Combined,0.9,1.1,10,Food Manufacturers Get to Decide if Their Own Additives Are Safe,1.0,1.0,0.9556,7728,57,5143,16323,2.0253,0.000388,10
10,A,Combined,0.9,1.1,10,Meat Industry Wins Right to Sell Tainted Meat,0.9,0.9462,1.0,7104,57,5145,15744,2.0253,9.1e-05,10
10,A,Combined,0.9,1.1,10,Chicken Salmonella Outbreaks Show Food Safety Systems Failure,0.9,0.943,1.0,7801,61,5145,16634,1.8867,0.00033,9
10,A,Combined,0.9,1.1,10,Viral Food Poisoning from Pesticides?,1.0,1.0,0.9556,8035,59,5145,16700,1.973,0.000845,10
10,A,Combined,0.9,1.1,10,The Reversal on Fish Oil,1.0,0.9999,0.9111,8561,58,5147,17193,1.6434,3.4e-05,9
10,A,Combined,0.9,1.1,10,Are Multivitamins Just a Waste of Money?,1.0,1.0,0.9556,8076,61,5146,18061,2.164,0.000248,10
10,A,Rome,1.0,1.0,10,Breast Cancer Cells Feed on Cholesterol,1.0,1.0,1.0,20437,14100,12510,52312,1.8344,0.002867,10
10,A,Rome,1.0,1.0,10,Using Diet to Treat Asthma and Eczema,1.0,1.0,1.0,13058,7568,7744,32263,1.6957,0.003962,10
10,A,Rome,1.0,1.0,10,Treating Asthma With Plants vs. Pills,1.0,1.0,1.0,9560,5741,6758,26268,1.8867,0.005018,10
10,A,Rome,1.0,1.0,10,How Fruits and Vegetables Can Treat Asthma,1.0,1.0,1.0,7860,5777,6769,23925,1.8867,0.003889,10
10,A,Rome,1.0,1.0,10,How Fruits and Vegetables Can Prevent Asthma,1.0,1.0,1.0,8483,5772,6750,25064,1.7481,0.002246,10
10,A,Rome,1.0,1.0,10,Our Tax Dollars Subsidize Unhealthy Foods,1.0,1.0,1.0,8638,5774,6746,24805,1.8344,0.000264,10
10,A,Rome,1.0,1.0,10,Reducing Arsenic in Chicken and Rice,1.0,1.0,1.0,8917,5763,6746,25828,1.8344,0.0001,10
10,A,Rome,1.0,1.0,10,How Contaminated Are Our Children?,1.0,1.0,1.0,8579,5770,6793,24821,2.0253,0.00017,9
10,A,Rome,1.0,1.0,10,"Blood Type Diet Perceived as ""Crass Fraud""",1.0,1.0,1.0,8195,5775,6752,24954,1.8867,0.00039,10
10,A,Rome,1.0,1.0,10,Why Do Heart Doctors Favor Surgery and Drugs Over Diet?,1.0,1.0,1.0,8787,5746,6754,24889,1.7481,0.000481,10
10,A,Rome,1.0,1.0,10,Phytates in Beans: Anti-Nutrient or Anti-Cancer?,1.0,1.0,1.0,8744,5746,6743,25540,1.6094,0.000898,10
10,A,Rome,1.0,1.0,10,How Phytates Fight Cancer Cells,1.0,1.0,1.0,8536,5758,6765,24665,2.164,8.5e-05,10
10,A,Rome,1.0,1.0,10,Colon Cancer Prevention: Is it the Fiber or the Phytates?,1.0,1.0,1.0,8864,5754,6749,25166,2.0253,0.001258,10
10,A,Rome,1.0,1.0,10,Low Carb Diets Found to Feed Heart Disease,1.0,1.0,1.0,8045,5774,6758,24166,2.164,0.000777,10
10,A,Rome,1.0,1.0,10,How Curry Can Kill Cancer Cells,1.0,1.0,1.0,8884,5761,6756,25224,1.8344,0.000263,10
10,A,Rome,1.0,1.0,10,Testing Turmeric on Smokers,1.0,1.0,1.0,8500,5757,6745,24586,2.164,0.001032,10
10,A,Rome,1.0,1.0,10,Alkylphenol Endocrine Disruptors and Allergies,1.0,1.0,1.0,7726,5815,6743,24401,2.0253,0.000472,10
10,A,Rome,1.0,1.0,10,Slowing Cognitive Decline with Berries,1.0,1.0,1.0,8820,5772,6762,25168,1.8867,0.001869,10
10,A,Rome,1.0,1.0,10,What is ‘Meat Glue’?,1.0,1.0,1.0,9631,5755,6777,25667,2.164,0.000285,10
10,A,Rome,1.0,1.0,10,Is Liquid Smoke Safe?,1.0,1.0,1.0,8066,5750,6771,23577,1.8867,0.001226,10
10,A,Rome,1.0,1.0,10,Does Antioxidant Intake Matter for Stroke and Heart Disease?,1.0,1.0,1.0,9546,5751,6765,25967,1.6434,0.002092,10
10,A,Rome,1.0,1.0,10,Does Antioxidant Intake Matter for Cancer?,1.0,1.0,1.0,9716,5934,6755,25131,1.8344,0.001094,10
10,A,Rome,1.0,1.0,10,Is buying organic worth it? A review of the science in new DVD,1.0,1.0,1.0,8782,5929,6762,23956,2.3026,9.9e-05,10
10,A,Rome,1.0,1.0,10,Orange Aromatherapy for Anxiety,1.0,1.0,1.0,9386,5806,6769,24619,2.0253,0.006857,10
10,A,Rome,1.0,1.0,10,Food Manufacturers Get to Decide if Their Own Additives Are Safe,1.0,1.0,1.0,8815,5837,6745,24882,2.164,0.000376,10
10,A,Rome,1.0,1.0,10,Meat Industry Wins Right to Sell Tainted Meat,1.0,1.0,1.0,8603,5819,6762,24225,2.0253,9.1e-05,10
10,A,Rome,1.0,1.0,10,Chicken Salmonella Outbreaks Show Food Safety Systems Failure,1.0,1.0,1.0,8132,5790,6748,24516,2.0253,0.000323,10
10,A,Rome,1.0,1.0,10,Viral Food Poisoning from Pesticides?,1.0,1.0,1.0,8418,5752,6802,24676,1.8344,0.000857,10
10,A,Rome,1.0,1.0,10,The Reversal on Fish Oil,1.0,1.0,1.0,7773,5788,6754,23945,1.6957,2.9e-05,10
10,A,Rome,1.0,1.0,10,Are Multivitamins Just a Waste of Money?,1.0,1.0,1.0,8587,5749,6756,24280,2.0253,0.000249,10
10,A,RomeCombined,0.9,1.1,10,Breast Cancer Cells Feed on Cholesterol,1.0,1.0,1.0,20908,12331,11158,47616,1.8344,0.002796,10
10,A,RomeCombined,0.9,1.1,10,Using Diet to Treat Asthma and Eczema,1.0,1.0,1.0,12777,7780,7829,31061,1.6957,0.003831,10
10,A,RomeCombined,0.9,1.1,10,Treating Asthma With Plants vs. Pills,1.0,1.0,0.9556,9972,5865,6768,25288,1.6957,0.004898,10
10,A,RomeCombined,0.9,1.1,10,How Fruits and Vegetables Can Treat Asthma,1.0,1.0,1.0,8834,5872,6740,25356,1.8867,0.003811,10
10,A,RomeCombined,0.9,1.1,10,How Fruits and Vegetables Can Prevent Asthma,1.0,1.0,1.0,8924,5862,6769,23993,1.8867,0.002203,10
10,A,RomeCombined,0.9,1.1,10,Our Tax Dollars Subsidize Unhealthy Foods,1.0,1.0,1.0,8997,5824,6761,25214,1.8344,0.00027,10
10,A,RomeCombined,0.9,1.1,10,Reducing Arsenic in Chicken and Rice,1.0,1.0,0.9556,8666,5798,6755,24800,1.8344,9.7e-05,10
10,A,RomeCombined,0.9,1.1,10,How Contaminated Are Our Children?,1.0,1.0,0.9111,9168,5812,6758,25426,1.8344,0.000178,10
10,A,RomeCombined,0.9,1.1,10,"Blood Type Diet Perceived as ""Crass Fraud""",1.0,1.0,0.9556,9208,5782,6787,25427,1.8867,0.000432,10
10,A,RomeCombined,0.9,1.1,10,Why Do Heart Doctors Favor Surgery and Drugs Over Diet?,1.0,1.0,1.0,8932,5885,6765,25295,1.8344,0.000493,10
10,A,RomeCombined,0.9,1.1,10,Phytates in Beans: Anti-Nutrient or Anti-Cancer?,1.0,1.0,0.9111,8250,5800,6753,24026,1.7481,0.000883,10
10,A,RomeCombined,0.9,1.1,10,How Phytates Fight Cancer Cells,1.0,0.9999,0.9556,9067,5839,6760,25362,2.3026,8.4e-05,10
10,A,RomeCombined,0.9,1.1,10,Colon Cancer Prevention: Is it the Fiber or the Phytates?,1.0,1.0,0.9556,7866,5787,6740,23967,2.0253,0.001251,10
10,A,RomeCombined,0.9,1.1,10,Low Carb Diets Found to Feed Heart Disease,0.9,0.9423,1.0,8770,5796,6787,25072,2.164,0.000794,10
10,A,RomeCombined,0.9,1.1,10,How Curry Can Kill Cancer Cells,1.0,1.0,0.9556,9250,5796,6761,25742,2.0253,0.000252,9
10,A,RomeCombined,0.9,1.1,10,Testing Turmeric on Smokers,1.0,1.0,1.0,8821,5848,6761,25158,2.164,0.000993,10
10,A,RomeCombined,0.9,1.1,10,Alkylphenol Endocrine Disruptors and Allergies,1.0,0.9998,0.9556,8951,5780,6743,25527,2.0253,0.000463,10
10,A,RomeCombined,0.9,1.1,10,Slowing Cognitive Decline with Berries,1.0,1.0,1.0,9233,5809,6746,25415,2.0253,0.001797,10
10,A,RomeCombined,0.9,1.1,10,What is ‘Meat Glue’?,1.0,1.0,1.0,9339,5781,6755,25661,1.8867,0.00027,10
10,A,RomeCombined,0.9,1.1,10,Is Liquid Smoke Safe?,1.0,1.0,0.9556,9789,5815,6759,26319,1.8867,0.001199,10
10,A,RomeCombined,0.9,1.1,10,Does Antioxidant Intake Matter for Stroke and Heart Disease?,0.9,0.9456,0.8889,9487,5803,6777,25785,1.6434,0.002159,10
10,A,RomeCombined,0.9,1.1,10,Does Antioxidant Intake Matter for Cancer?,1.0,1.0,1.0,9031,5834,6751,25533,1.8344,0.001077,10
10,A,RomeCombined,0.9,1.1,10,Is buying organic worth it? A review of the science in new DVD,0.9,0.9449,0.9444,8922,5781,6771,25354,2.3026,9.8e-05,10
10,A,RomeCombined,0.9,1.1,10,Orange Aromatherapy for Anxiety,1.0,1.0,1.0,9591,5808,6744,26279,2.0253,0.006654,10
10,A,RomeCombined,0.9,1.1,10,Food Manufacturers Get to Decide if Their Own Additives Are Safe,1.0,1.0,0.9556,8684,5796,6761,25022,2.164,0.000369,10
10,A,RomeCombined,0.9,1.1,10,Meat Industry Wins Right to Sell Tainted Meat,0.9,0.9462,1.0,9478,5773,6753,26266,2.164,9.5e-05,10
10,A,RomeCombined,0.9,1.1,10,Chicken Salmonella Outbreaks Show Food Safety Systems Failure,0.9,0.943,1.0,9232,5820,6753,25463,2.164,0.000329,10
10,A,RomeCombined,0.9,1.1,10,Viral Food Poisoning from Pesticides?,1.0,0.9999,0.9556,7591,5786,6753,23997,1.8344,0.000833,10
10,A,RomeCombined,0.9,1.1,10,The Reversal on Fish Oil,1.0,1.0,0.9556,8439,5792,6761,25380,2.0253,2.9e-05,10
10,A,RomeCombined,0.9,1.1,10,Are Multivitamins Just a Waste of Money?,1.0,1.0,0.9556,8753,5834,6741,25181,2.3026,0.000224,10
10,A,Ckks,1.0,1.0,10,Breast Cancer Cells Feed on Cholesterol,1.0,1.0,1.0,23437,91026,36580850,36699138,1.8344,0.002867,10
10,A,Ckks,1.0,1.0,10,Using Diet to Treat Asthma and Eczema,1.0,1.0,1.0,10005,68469,36639423,36722733,1.6957,0.003962,10
10,A,Ckks,1.0,1.0,10,Treating Asthma With Plants vs. Pills,1.0,1.0,1.0,9879,68404,36602803,36684731,1.8867,0.005018,10
10,A,Ckks,1.0,1.0,10,How Fruits and Vegetables Can Treat Asthma,1.0,1.0,1.0,9935,66821,36741807,36823306,1.8867,0.003889,10
10,A,Ckks,1.0,1.0,10,How Fruits and Vegetables Can Prevent Asthma,1.0,1.0,1.0,12936,77350,36594804,36689022,1.7481,0.002246,10
10,A,Ckks,1.0,1.0,10,Our Tax Dollars Subsidize Unhealthy Foods,1.0,1.0,1.0,10854,68724,36559503,36643523,1.8344,0.000264,10
10,A,Ckks,1.0,1.0,10,Reducing Arsenic in Chicken and Rice,1.0,1.0,1.0,11141,67298,36582384,36665111,1.8344,0.0001,10
10,A,Ckks,1.0,1.0,10,How Contaminated Are Our Children?,1.0,1.0,1.0,10077,68144,36621931,36704319,2.0253,0.00017,9
10,A,Ckks,1.0,1.0,10,"Blood Type Diet Perceived as ""Crass Fraud""",1.0,1.0,1.0,9403,67807,36542155,36623348,1.8867,0.00039,10
10,A,Ckks,1.0,1.0,10,Why Do Heart Doctors Favor Surgery and Drugs Over Diet?,1.0,1.0,1.0,9966,77467,36589274,36680922,1.7481,0.000481,10
10,A,Ckks,1.0,1.0,10,Phytates in Beans: Anti-Nutrient or Anti-Cancer?,1.0,1.0,1.0,9981,66705,36613265,36694247,1.6094,0.000898,10
10,A,Ckks,1.0,1.0,10,How Phytates Fight Cancer Cells,1.0,1.0,1.0,11280,69405,36567032,36651976,2.164,8.5e-05,10
10,A,Ckks,1.0,1.0,10,Colon Cancer Prevention: Is it the Fiber or the Phytates?,1.0,1.0,1.0,10335,68191,36615296,36698023,2.0253,0.001258,10
10,A,Ckks,1.0,1.0,10,Low Carb Diets Found to Feed Heart Disease,1.0,1.0,1.0,10537,67160,36572921,36655302,2.164,0.000777,10
10,A,Ckks,1.0,1.0,10,How Curry Can Kill Cancer Cells,1.0,1.0,1.0,12447,67826,36575096,36659773,1.8344,0.000263,10
10,A,Ckks,1.0,1.0,10,Testing Turmeric on Smokers,1.0,1.0,1.0,10012,68643,36621208,36704275,2.164,0.001032,10
10,A,Ckks,1.0,1.0,10,Alkylphenol Endocrine Disruptors and Allergies,1.0,1.0,1.0,11178,68719,36614347,36698100,2.0253,0.000472,10
10,A,Ckks,1.0,1.0,10,Slowing Cognitive Decline with Berries,1.0,1.0,1.0,9887,69653,36623339,36707106,1.8867,0.001869,10
10,A,Ckks,1.0,1.0,10,What is ‘Meat Glue’?,1.0,1.0,1.0,10857,68480,36604967,36688559,2.164,0.000285,10
10,A,Ckks,1.0,1.0,10,Is Liquid Smoke Safe?,1.0,1.0,1.0,11613,68550,36595728,36680231,1.8867,0.001226,10
10,A,Ckks,1.0,1.0,10,Does Antioxidant Intake Matter for Stroke and Heart Disease?,1.0,1.0,1.0,9746,69064,36565095,36648145,1.6434,0.002092,10
10,A,Ckks,1.0,1.0,10,Does Antioxidant Intake Matter for Cancer?,1.0,1.0,1.0,10926,66812,36588097,36670215,1.8344,0.001094,10
10,A,Ckks,1.0,1.0,10,Is buying organic worth it? A review of the science in new DVD,1.0,1.0,1.0,11269,67947,36582855,36666418,2.3026,9.9e-05,10
10,A,Ckks,1.0,1.0,10,Orange Aromatherapy for Anxiety,1.0,1.0,1.0,9723,69757,36608200,36692389,2.0253,0.006857,10
10,A,Ckks,1.0,1.0,10,Food Manufacturers Get to Decide if Their Own Additives Are Safe,1.0,1.0,1.0,10498,67915,36596684,36679432,2.164,0.000376,10
10,A,Ckks,1.0,1.0,10,Meat Industry Wins Right to Sell Tainted Meat,1.0,1.0,1.0,9842,67991,36581616,36664475,2.0253,9.1e-05,10
10,A,Ckks,1.0,1.0,10,Chicken Salmonella Outbreaks Show Food Safety Systems Failure,1.0,1.0,1.0,10625,67203,36571687,36653551,2.0253,0.000323,10
10,A,Ckks,1.0,1.0,10,Viral Food Poisoning from Pesticides?,1.0,1.0,1.0,9452,68368,36584736,36665730,1.8344,0.000857,10
10,A,Ckks,1.0,1.0,10,The Reversal on Fish Oil,1.0,1.0,1.0,10316,68392,36631116,36713436,1.6957,2.9e-05,10
10,A,Ckks,1.0,1.0,10,Are Multivitamins Just a Waste of Money?,1.0,1.0,1.0,9611,67590,36572843,36654257,2.0253,0.000249,10
10,A,CkksCombined,0.9,1.1,10,Breast Cancer Cells Feed on Cholesterol,1.0,1.0,1.0,28854,87339,36591857,36711567,1.8344,0.002798,10
10,A,CkksCombined,0.9,1.1,10,Using Diet to Treat Asthma and Eczema,0.9,0.951,0.9444,10771,69339,36608842,36691653,1.6957,0.003881,10
10,A,CkksCombined,0.9,1.1,10,Treating Asthma With Plants vs. Pills,1.0,1.0,1.0,9400,68979,36673531,36756256,1.8867,0.004938,10
10,A,CkksCombined,0.9,1.1,10,How Fruits and Vegetables Can Treat Asthma,1.0,1.0,1.0,9403,66538,36568569,36648833,1.6957,0.003797,10
10,A,CkksCombined,0.9,1.1,10,How Fruits and Vegetables Can Prevent Asthma,1.0,1.0,1.0,10027,66960,36647524,36728712,1.8867,0.002208,10
10,A,CkksCombined,0.9,1.1,10,Our Tax Dollars Subsidize Unhealthy Foods,0.9,0.9448,0.8333,8819,68416,36560755,36642329,1.6957,0.000265,10
10,A,CkksCombined,0.9,1.1,10,Reducing Arsenic in Chicken and Rice,1.0,1.0,0.9111,9869,68300,36603056,36685499,2.0253,0.000101,10
10,A,CkksCombined,0.9,1.1,10,How Contaminated Are Our Children?,1.0,1.0,1.0,8577,69705,36637325,36719966,2.164,0.000189,10
10,A,CkksCombined,0.9,1.1,10,"Blood Type Diet Perceived as ""Crass Fraud""",1.0,1.0,0.9556,9051,67076,36584355,36665813,1.8867,0.00041,10
10,A,CkksCombined,0.9,1.1,10,Why Do Heart Doctors Favor Surgery and Drugs Over Diet?,1.0,1.0,0.9111,9316,66953,36584206,36663953,1.4979,0.000513,10
10,A,CkksCombined,0.9,1.1,10,Phytates in Beans: Anti-Nutrient or Anti-Cancer?,1.0,1.0,0.9111,11437,66980,36559018,36640613,1.7481,0.000858,10
10,A,CkksCombined,0.9,1.1,10,How Phytates Fight Cancer Cells,0.9,0.9398,0.8333,8899,66008,36630958,36710285,2.0253,8.6e-05,10
10,A,CkksCombined,0.9,1.1,10,Colon Cancer Prevention: Is it the Fiber or the Phytates?,1.0,1.0,1.0,10114,65746,36525236,36605395,2.0253,0.001163,10
10,A,CkksCombined,0.9,1.1,10,Low Carb Diets Found to Feed Heart Disease,0.9,0.9423,1.0,10694,67297,36608504,36689030,2.164,0.000778,10
10,A,CkksCombined,0.9,1.1,10,How Curry Can Kill Cancer Cells,1.0,1.0,0.9556,19687,72107,36695650,36792153,1.8344,0.00027,10
10,A,CkksCombined,0.9,1.1,10,Testing Turmeric on Smokers,1.0,1.0,0.9556,11165,68274,36601895,36684219,2.0253,0.000987,10
10,A,CkksCombined,0.9,1.1,10,Alkylphenol Endocrine Disruptors and Allergies,1.0,1.0,1.0,9756,68561,36638825,36721800,2.0253,0.000487,10
10,A,CkksCombined,0.9,1.1,10,Slowing Cognitive Decline with Berries,1.0,1.0,0.9556,9653,68306,36618936,36700338,1.8867,0.001828,10
10,A,CkksCombined,0.9,1.1,10,What is ‘Meat Glue’?,1.0,1.0,0.9556,10546,67102,36574122,36656072,2.0253,0.000276,10
10,A,CkksCombined,0.9,1.1,10,Is Liquid Smoke Safe?,0.9,0.9499,1.0,10230,69898,36617158,36702265,1.8867,0.001213,10
10,A,CkksCombined,0.9,1.1,10,Does Antioxidant Intake Matter for Stroke and Heart Disease?,1.0,1.0,0.9556,9853,67028,36573534,36653444,1.6434,0.002123,10
10,A,CkksCombined,0.9,1.1,10,Does Antioxidant Intake Matter for Cancer?,0.9,0.9408,0.9444,9781,67180,36562258,36643598,1.8344,0.001012,10
10,A,CkksCombined,0.9,1.1,10,Is buying organic worth it? A review of the science in new DVD,1.0,0.9999,0.9111,8534,68089,36603591,36683880,2.164,9.2e-05,10
10,A,CkksCombined,0.9,1.1,10,Orange Aromatherapy for Anxiety,1.0,1.0,1.0,9296,68466,36610925,36692501,2.0253,0.006732,10
10,A,CkksCombined,0.9,1.1,10,Food Manufacturers Get to Decide if Their Own Additives Are Safe,1.0,1.0,0.9556,9883,68120,36622284,36704773,2.164,0.000393,10
10,A,CkksCombined,0.9,1.1,10,Meat Industry Wins Right to Sell Tainted Meat,1.0,1.0,1.0,9955,69632,36606168,36690277,2.164,9.3e-05,9
10,A,CkksCombined,0.9,1.1,10,Chicken Salmonella Outbreaks Show Food Safety Systems Failure,1.0,1.0,0.9111,9952,68027,36605902,36688108,2.0253,0.000318,10
10,A,CkksCombined,0.9,1.1,10,Viral Food Poisoning from Pesticides?,1.0,1.0,1.0,10102,66724,36587946,36669493,1.973,0.000857,10
10,A,CkksCombined,0.9,1.1,10,The Reversal on Fish Oil,1.0,1.0,1.0,10522,69947,36589165,36673237,1.8867,2.9e-05,10
10,A,CkksCombined,0.9,1.1,10,Are Multivitamins Just a Waste of Money?,1.0,1.0,1.0,9810,68549,36585565,36668444,2.164,0.000233,10
1,A,Diehard,1.0,1.0,10,Breast Cancer Cells Feed on Cholesterol,1.0,1.0,1.0,27047,12264,7456,51522,1.8344,0.002867,10
1,A,Diehard,1.0,1.0,10,Using Diet to Treat Asthma and Eczema,1.0,1.0,1.0,21857,8089,5775,40101,1.6957,0.003962,10
1,A,Diehard,1.0,1.0,10,Treating Asthma With Plants vs. Pills,1.0,1.0,1.0,18968,6817,4984,34957,1.8867,0.005018,10
1,A,Diehard,1.0,1.0,10,How Fruits and Vegetables Can Treat Asthma,1.0,1.0,1.0,19106,6115,4694,33823,1.8867,0.003889,10
1,A,Diehard,1.0,1.0,10,How Fruits and Vegetables Can Prevent Asthma,1.0,1.0,1.0,15929,5899,4556,30339,1.7481,0.002246,10
1,A,Diehard,1.0,1.0,10,Our Tax Dollars Subsidize Unhealthy Foods,1.0,1.0,1.0,15272,5602,4268,29132,1.8344,0.000264,10
1,A,Diehard,1.0,1.0,10,Reducing Arsenic in Chicken and Rice,1.0,1.0,1.0,13201,5319,4155,26463,1.8344,0.0001,10
1,A,Diehard,1.0,1.0,10,How Contaminated Are Our Children?,1.0,1.0,1.0,12717,5276,4053,25660,2.0253,0.00017,9
1,A,Diehard,1.0,1.0,10,"Blood Type Diet Perceived as ""Crass Fraud""",1.0,1.0,1.0,13461,5125,3997,26278,1.8867,0.00039,10
1,A,Diehard,1.0,1.0,10,Why Do Heart Doctors Favor Surgery and Drugs Over Diet?,1.0,1.0,1.0,12669,5038,3941,25242,1.7481,0.000481,10
1,A,Diehard,1.0,1.0,10,Phytates in Beans: Anti-Nutrient or Anti-Cancer?,1.0,1.0,1.0,13738,5042,3970,26293,1.6094,0.000898,10
1,A,Diehard,1.0,1.0,10,How Phytates Fight Cancer Cells,1.0,1.0,1.0,11346,5045,3883,23952,2.164,8.5e-05,10
1,A,Diehard,1.0,1.0,10,Colon Cancer Prevention: Is it the Fiber or the Phytates?,1.0,1.0,1.0,11631,5078,3877,23609,2.0253,0.001258,10
1,A,Diehard,1.0,1.0,10,Low Carb Diets Found to Feed Heart Disease,1.0,1.0,1.0,12896,4981,3880,25321,2.164,0.000777,10
1,A,Diehard,1.0,1.0,10,How Curry Can Kill Cancer Cells,1.0,1.0,1.0,11635,4871,3880,23989,1.8344,0.000263,10
1,A,Diehard,1.0,1.0,10,Testing Turmeric on Smokers,1.0,1.0,1.0,12364,4829,3836,24478,2.164,0.001032,10
1,A,Diehard,1.0,1.0,10,Alkylphenol Endocrine Disruptors and Allergies,1.0,1.0,1.0,10504,4818,3831,22745,2.0253,0.000472,10
1,A,Diehard,1.0,1.0,10,Slowing Cognitive Decline with Berries,1.0,1.0,1.0,11169,4867,3819,23359,1.8867,0.001869,10
1,A,Diehard,1.0,1.0,10,What is ‘Meat Glue’?,1.0,1.0,1.0,10677,4830,3752,22914,2.164,0.000285,10
1,A,Diehard,1.0,1.0,10,Is Liquid Smoke Safe?,1.0,1.0,1.0,11304,4815,3827,22590,1.8867,0.001226,10
1,A,Diehard,1.0,1.0,10,Does Antioxidant Intake Matter for Stroke and Heart Disease?,1.0,1.0,1.0,12293,4844,4154,24202,1.6434,0.002092,10
1,A,Diehard,1.0,1.0,10,Does Antioxidant Intake Matter for Cancer?,1.0,1.0,1.0,10843,4605,3651,22796,1.8344,0.001094,10
1,A,Diehard,1.0,1.0,10,Is buying organic worth it? A review of the science in new DVD,1.0,1.0,1.0,12581,4675,3686,23535,2.3026,9.9e-05,10
1,A,Diehard,1.0,1.0,10,Orange Aromatherapy for Anxiety,1.0,1.0,1.0,11762,4581,3591,22923,2.0253,0.006857,10
1,A,Diehard,1.0,1.0,10,Food Manufacturers Get to Decide if Their Own Additives Are Safe,1.0,1.0,1.0,10026,4425,3599,20262,2.164,0.000376,10
1,A,Diehard,1.0,1.0,10,Meat Industry Wins Right to Sell Tainted Meat,1.0,1.0,1.0,8982,4209,3573,19080,2.0253,9.1e-05,10
1,A,Diehard,1.0,1.0,10,Chicken Salmonella Outbreaks Show Food Safety Systems Failure,1.0,1.0,1.0,9121,3993,3582,20282,2.0253,0.000323,10
1,A,Diehard,1.0,1.0,10,Viral Food Poisoning from Pesticides?,1.0,1.0,1.0,9285,4015,3320,18874,1.8344,0.000857,10
1,A,Diehard,1.0,1.0,10,The Reversal on Fish Oil,1.0,1.0,1.0,9330,4076,3580,19292,1.6957,2.9e-05,10
1,A,Diehard,1.0,1.0,10,Are Multivitamins Just a Waste of Money?,1.0,1.0,1.0,9549,4155,3591,20989,2.0253,0.000249,10
1,A,DiehardCombined,0.9,1.1,10,Breast Cancer Cells Feed on Cholesterol,0.9,0.9487,0.8333,22599,13467,7377,48331,2.0253,2.5e-05,10
1,A,DiehardCombined,0.9,1.1,10,Using Diet to Treat Asthma and Eczema,1.0,0.9987,0.8222,20834,8218,5798,39108,2.164,3.2e-05,10
1,A,DiehardCombined,0.9,1.1,10,Treating Asthma With Plants vs. Pills,1.0,0.9993,0.6889,20823,6990,5235,36792,2.0253,5.9e-05,10
1,A,DiehardCombined,0.9,1.1,10,How Fruits and Vegetables Can Treat Asthma,1.0,0.9991,0.8222,17153,6190,4753,31921,2.164,4.8e-05,10
1,A,DiehardCombined,0.9,1.1,10,How Fruits and Vegetables Can Prevent Asthma,0.9,0.9455,0.6111,15488,5842,4512,29761,2.0253,3e-05,10
1,A,DiehardCombined,0.9,1.1,10,Our Tax Dollars Subsidize Unhealthy Foods,0.9,0.9381,0.6111,11741,4883,3750,24093,1.7481,2e-06,7
1,A,DiehardCombined,0.9,1.1,10,Reducing Arsenic in Chicken and Rice,0.8,0.8765,0.4286,11980,4587,3595,22735,1.8344,1e-06,9
1,A,DiehardCombined,0.9,1.1,10,How Contaminated Are Our Children?,0.8,0.8698,0.7857,9875,4453,3585,20335,2.164,2e-06,9
1,A,DiehardCombined,0.9,1.1,10,"Blood Type Diet Perceived as ""Crass Fraud""",0.9,0.9345,0.4444,10057,4602,3664,20660,2.0253,3e-06,10
1,A,DiehardCombined,0.9,1.1,10,Why Do Heart Doctors Favor Surgery and Drugs Over Diet?,0.8,0.8521,0.4286,11607,4101,3594,21507,1.8344,6e-06,10
1,A,DiehardCombined,0.9,1.1,10,Phytates in Beans: Anti-Nutrient or Anti-Cancer?,0.9,0.9454,0.6667,10655,4161,3590,21739,1.973,4e-06,9
1,A,DiehardCombined,0.9,1.1,10,How Phytates Fight Cancer Cells,0.8,0.7849,0.4286,10730,4168,3586,20811,1.8344,1e-06,8
1,A,DiehardCombined,0.9,1.1,10,Colon Cancer Prevention: Is it the Fiber or the Phytates?,1.0,0.9981,0.7778,12148,4290,3579,23508,2.0253,1.4e-05,10
1,A,DiehardCombined,0.9,1.1,10,Low Carb Diets Found to Feed Heart Disease,0.8,0.8868,0.8571,11878,4392,3580,23397,2.3026,1.5e-05,10
1,A,DiehardCombined,0.9,1.1,10,How Curry Can Kill Cancer Cells,0.7,0.7725,0.7143,11861,4552,3602,22893,2.0253,1e-06,8
1,A,DiehardCombined,0.9,1.1,10,Testing Turmeric on Smokers,0.8,0.8778,0.4286,10296,4568,3598,21966,1.8867,5e-06,9
1,A,DiehardCombined,0.9,1.1,10,Alkylphenol Endocrine Disruptors and Allergies,0.7,0.7985,0.8095,12159,4706,3707,24187,1.7481,1.3e-05,10
1,A,DiehardCombined,0.9,1.1,10,Slowing Cognitive Decline with Berries,0.9,0.94,0.6667,12457,4851,3746,24589,2.0253,1.1e-05,10
1,A,DiehardCombined,0.9,1.1,10,What is ‘Meat Glue’?,0.9,0.9415,0.4444,10485,4697,3664,22444,1.973,3e-06,9
1,A,DiehardCombined,0.9,1.1,10,Is Liquid Smoke Safe?,0.8,0.8943,0.5,11286,4773,3756,23514,1.6094,1e-05,9
1,A,DiehardCombined,0.9,1.1,10,Does Antioxidant Intake Matter for Stroke and Heart Disease?,0.9,0.9283,0.6111,12382,4854,3746,24116,1.8344,1.6e-05,9
1,A,DiehardCombined,0.9,1.1,10,Does Antioxidant Intake Matter for Cancer?,0.7,0.8103,0.9048,10601,4711,3749,22559,2.0253,1e-05,10
1,A,DiehardCombined,0.9,1.1,10,Is buying organic worth it? A review of the science in new DVD,0.8,0.8744,0.3571,12326,4888,3755,24635,2.0253,1e-06,10
1,A,DiehardCombined,0.9,1.1,10,Orange Aromatherapy for Anxiety,0.8,0.9069,0.9286,11464,4871,3753,23561,2.0253,6.5e-05,10
1,A,DiehardCombined,0.9,1.1,10,Food Manufacturers Get to Decide if Their Own Additives Are Safe,0.9,0.9348,0.5556,11070,4879,3766,23245,2.164,3e-06,10
1,A,DiehardCombined,0.9,1.1,10,Meat Industry Wins Right to Sell Tainted Meat,0.8,0.8695,0.7857,11291,4873,3738,23006,1.5571,1e-06,8
1,A,DiehardCombined,0.9,1.1,10,Chicken Salmonella Outbreaks Show Food Safety Systems Failure,0.7,0.8014,0.619,10018,4809,3724,22084,1.8344,2e-06,8
1,A,DiehardCombined,0.9,1.1,10,Viral Food Poisoning from Pesticides?,0.8,0.8818,0.6429,11566,4840,3734,23732,1.7481,7e-06,9
1,A,DiehardCombined,0.9,1.1,10,The Reversal on Fish Oil,0.9,0.916,0.4444,10432,4788,3737,22663,2.3026,0.0,9
1,A,DiehardCombined,0.9,1.1,10,Are Multivitamins Just a Waste of Money?,1.0,0.9953,0.7333,10838,4907,3762,23051,1.6957,2e-06,7
2,A,Diehard,1.0,1.0,10,Breast Cancer Cells Feed on Cholesterol,1.0,1.0,1.0,25426,7211,5413,42450,1.8344,0.002867,10
2,A,Diehard,1.0,1.0,10,Using Diet to Treat Asthma and Eczema,1.0,1.0,1.0,16173,6581,4859,31613,1.6957,0.003962,10
2,A,Diehard,1.0,1.0,10,Treating Asthma With Plants vs. Pills,1.0,1.0,1.0,17508,5945,4561,31873,1.8867,0.005018,10
2,A,Diehard,1.0,1.0,10,How Fruits and Vegetables Can Treat Asthma,1.0,1.0,1.0,14830,5670,4269,28761,1.8867,0.003889,10
2,A,Diehard,1.0,1.0,10,How Fruits and Vegetables Can Prevent Asthma,1.0,1.0,1.0,12797,5311,4156,25853,1.7481,0.002246,10
2,A,Diehard,1.0,1.0,10,Our Tax Dollars Subsidize Unhealthy Foods,1.0,1.0,1.0,13175,5279,4059,26163,1.8344,0.000264,10
2,A,Diehard,1.0,1.0,10,Reducing Arsenic in Chicken and Rice,1.0,1.0,1.0,13359,5074,4046,26154,1.8344,0.0001,10
2,A,Diehard,1.0,1.0,10,How Contaminated Are Our Children?,1.0,1.0,1.0,12378,5051,3906,24505,2.0253,0.00017,9
2,A,Diehard,1.0,1.0,10,"Blood Type Diet Perceived as ""Crass Fraud""",1.0,1.0,1.0,12940,5010,3873,26023,1.8867,0.00039,10
2,A,Diehard,1.0,1.0,10,Why Do Heart Doctors Favor Surgery and Drugs Over Diet?,1.0,1.0,1.0,13441,5137,3999,25901,1.7481,0.000481,10
2,A,Diehard,1.0,1.0,10,Phytates in Beans: Anti-Nutrient or Anti-Cancer?,1.0,1.0,1.0,12189,5071,3942,25104,1.6094,0.000898,10
2,A,Diehard,1.0,1.0,10,How Phytates Fight Cancer Cells,1.0,1.0,1.0,12232,5061,3876,24676,2.164,8.5e-05,10
2,A,Diehard,1.0,1.0,10,Colon Cancer Prevention: Is it the Fiber or the Phytates?,1.0,1.0,1.0,11816,4933,3876,24290,2.0253,0.001258,10
2,A,Diehard,1.0,1.0,10,Low Carb Diets Found to Feed Heart Disease,1.0,1.0,1.0,11901,4967,3881,24340,2.164,0.000777,10
2,A,Diehard,1.0,1.0,10,How Curry Can Kill Cancer Cells,1.0,1.0,1.0,11582,4852,4012,24271,1.8344,0.000263,10
2,A,Diehard,1.0,1.0,10,Testing Turmeric on Smokers,1.0,1.0,1.0,11050,4827,3903,23334,2.164,0.001032,10
2,A,Diehard,1.0,1.0,10,Alkylphenol Endocrine Disruptors and Allergies,1.0,1.0,1.0,11301,4843,3812,23487,2.0253,0.000472,10
2,A,Diehard,1.0,1.0,10,Slowing Cognitive Decline with Berries,1.0,1.0,1.0,12036,4823,3796,23293,1.8867,0.001869,10
2,A,Diehard,1.0,1.0,10,What is ‘Meat Glue’?,1.0,1.0,1.0,10535,4845,3775,22678,2.164,0.000285,10
2,A,Diehard,1.0,1.0,10,Is Liquid Smoke Safe?,1.0,1.0,1.0,11405,4808,3739,23406,1.8867,0.001226,10
2,A,Diehard,1.0,1.0,10,Does Antioxidant Intake Matter for Stroke and Heart Disease?,1.0,1.0,1.0,12132,4836,3791,24313,1.6434,0.002092,10
2,A,Diehard,1.0,1.0,10,Does Antioxidant Intake Matter for Cancer?,1.0,1.0,1.0,11774,4858,3828,23959,1.8344,0.001094,10
2,A,Diehard,1.0,1.0,10,Is buying organic worth it? A review of the science in new DVD,1.0,1.0,1.0,11135,4827,3765,23568,2.3026,9.9e-05,10
2,A,Diehard,1.0,1.0,10,Orange Aromatherapy for Anxiety,1.0,1.0,1.0,11019,4828,3778,23350,2.0253,0.006857,10
2,A,Diehard,1.0,1.0,10,Food Manufacturers Get to Decide if Their Own Additives Are Safe,1.0,1.0,1.0,10361,4830,3746,22442,2.164,0.000376,10
2,A,Diehard,1.0,1.0,10,Meat Industry Wins Right to Sell Tainted Meat,1.0,1.0,1.0,11815,4965,3764,24110,2.0253,9.1e-05,10
2,A,Diehard,1.0,1.0,10,Chicken Salmonella Outbreaks Show Food Safety Systems Failure,1.0,1.0,1.0,11670,4811,3740,23794,2.0253,0.000323,10
2,A,Diehard,1.0,1.0,10,Viral Food Poisoning from Pesticides?,1.0,1.0,1.0,12428,4834,3817,24741,1.8344,0.000857,10
2,A,Diehard,1.0,1.0,10,The Reversal on Fish Oil,1.0,1.0,1.0,11283,4831,3797,23583,1.6957,2.9e-05,10
2,A,Diehard,1.0,1.0,10,Are Multivitamins Just a Waste of Money?,1.0,1.0,1.0,11794,4370,3588,23702,2.0253,0.000249,10
2,A,DiehardCombined,0.9,1.1,10,Breast Cancer Cells Feed on Cholesterol,0.9,0.9486,0.8333,24876,13697,7444,50729,1.8344,1.7e-05,10
2,A,DiehardCombined,0.9,1.1,10,Using Diet to Treat Asthma and Eczema,0.9,0.9494,0.6667,20990,8250,5834,39510,2.0253,3.3e-05,10
2,A,DiehardCombined,0.9,1.1,10,Treating Asthma With Plants vs. Pills,0.8,0.8922,1.0,18462,7289,5250,35163,1.8867,3.2e-05,10
2,A,DiehardCombined,0.9,1.1,10,How Fruits and Vegetables Can Treat Asthma,0.9,0.9444,0.8889,17985,6329,4814,33061,1.8344,2.3e-05,8
2,A,DiehardCombined,0.9,1.1,10,How Fruits and Vegetables Can Prevent Asthma,0.9,0.9437,0.7222,11750,5022,3903,24606,1.8867,1.5e-05,10
2,A,DiehardCombined,0.9,1.1,10,Our Tax Dollars Subsidize Unhealthy Foods,0.8,0.8811,0.7143,12072,4801,3687,23512,1.7481,2e-06,7
2,A,DiehardCombined,0.9,1.1,10,Reducing Arsenic in Chicken and Rice,0.8,0.8747,0.5,10713,4519,3613,21214,1.4708,2e-06,7
2,A,DiehardCombined,0.9,1.1,10,How Contaminated Are Our Children?,0.8,0.8448,-0.2143,10541,4222,3586,20686,2.164,2e-06,9
2,A,DiehardCombined,0.9,1.1,10,"Blood Type Diet Perceived as ""Crass Fraud""",0.8,0.8448,0.3571,11373,4158,3563,21283,1.5048,2e-06,9
2,A,DiehardCombined,0.9,1.1,10,Why Do Heart Doctors Favor Surgery and Drugs Over Diet?,0.8,0.825,0.2143,11492,4185,3588,22065,1.6094,7e-06,9
2,A,DiehardCombined,0.9,1.1,10,Phytates in Beans: Anti-Nutrient or Anti-Cancer?,0.7,0.829,0.8095,10876,4217,3594,21027,2.164,6e-06,9
2,A,DiehardCombined,0.9,1.1,10,How Phytates Fight Cancer Cells,0.7,0.7635,-0.2381,12623,4318,3597,24135,2.164,1e-06,10
2,A,DiehardCombined,0.9,1.1,10,Colon Cancer Prevention: Is it the Fiber or the Phytates?,0.9,0.9421,0.8333,11580,4377,3577,23116,2.0253,1.2e-05,9
2,A,DiehardCombined,0.9,1.1,10,Low Carb Diets Found to Feed Heart Disease,0.8,0.8586,0.4286,12299,4500,3581,23988,1.8344,6e-06,9
2,A,DiehardCombined,0.9,1.1,10,How Curry Can Kill Cancer Cells,0.9,0.9333,0.5556,12349,4687,3652,24422,1.6957,3e-06,9
2,A,DiehardCombined,0.9,1.1,10,Testing Turmeric on Smokers,0.8,0.8886,0.5714,11468,4688,3674,23491,1.8867,1.1e-05,9
2,A,DiehardCombined,0.9,1.1,10,Alkylphenol Endocrine Disruptors and Allergies,0.5,0.6466,0.6,10866,4688,3707,22975,1.5571,3e-06,9
2,A,DiehardCombined,0.9,1.1,10,Slowing Cognitive Decline with Berries,0.8,0.8829,0.7857,11415,4695,3674,23365,2.164,1.4e-05,10
2,A,DiehardCombined,0.9,1.1,10,What is ‘Meat Glue’?,1.0,0.9981,0.8222,11144,4698,3682,23159,1.973,3e-06,10
2,A,DiehardCombined,0.9,1.1,10,Is Liquid Smoke Safe?,0.7,0.8402,0.8095,11239,4699,3737,23348,2.164,1.1e-05,10
2,A,DiehardCombined,0.9,1.1,10,Does Antioxidant Intake Matter for Stroke and Heart Disease?,0.7,0.8269,0.9048,11966,4834,3741,24487,1.973,2.2e-05,10
2,A,DiehardCombined,0.9,1.1,10,Does Antioxidant Intake Matter for Cancer?,0.8,0.8768,0.7857,12342,4876,3801,24762,2.0253,6e-06,9
2,A,DiehardCombined,0.9,1.1,10,Is buying organic worth it? A review of the science in new DVD,1.0,0.9913,0.5556,12305,4865,3762,24536,1.8344,1e-06,8
2,A,DiehardCombined,0.9,1.1,10,Orange Aromatherapy for Anxiety,1.0,0.9992,0.8222,11286,4868,3775,23382,2.164,5.3e-05,10
2,A,DiehardCombined,0.9,1.1,10,Food Manufacturers Get to Decide if Their Own Additives Are Safe,0.7,0.8056,0.9048,10428,4863,3762,22930,2.0253,2e-06,10
2,A,DiehardCombined,0.9,1.1,10,Meat Industry Wins Right to Sell Tainted Meat,0.8,0.8719,0.5714,10810,4842,3732,23161,1.8344,1e-06,8
2,A,DiehardCombined,0.9,1.1,10,Chicken Salmonella Outbreaks Show Food Safety Systems Failure,0.8,0.8618,0.4286,10814,4708,3722,23079,2.0253,2e-06,8
2,A,DiehardCombined,0.9,1.1,10,Viral Food Poisoning from Pesticides?,0.8,0.8858,0.5714,11378,4840,3741,23852,1.973,1e-05,10
2,A,DiehardCombined,0.9,1.1,10,The Reversal on Fish Oil,0.8,0.8516,0.5714,10023,4722,3694,21499,2.0253,1e-06,8
2,A,DiehardCombined,0.9,1.1,10,Are Multivitamins Just a Waste of Money?,0.9,0.9282,0.5556,11391,4754,3712,23375,1.8344,3e-06,8
3,A,Diehard,1.0,1.0,10,Breast Cancer Cells Feed on Cholesterol,1.0,1.0,1.0,23373,12042,7294,47338,1.8344,0.002867,10
3,A,Diehard,1.0,1.0,10,Using Diet to Treat Asthma and Eczema,1.0,1.0,1.0,19660,7578,5429,36944,1.6957,0.003962,10
3,A,Diehard,1.0,1.0,10,Treating Asthma With Plants vs. Pills,1.0,1.0,1.0,19941,6306,4910,35405,1.8867,0.005018,10
3,A,Diehard,1.0,1.0,10,How Fruits and Vegetables Can Treat Asthma,1.0,1.0,1.0,18520,5919,4578,33017,1.8867,0.003889,10
3,A,Diehard,1.0,1.0,10,How Fruits and Vegetables Can Prevent Asthma,1.0,1.0,1.0,15485,5683,4331,29194,1.7481,0.002246,10
3,A,Diehard,1.0,1.0,10,Our Tax Dollars Subsidize Unhealthy Foods,1.0,1.0,1.0,14688,5582,4293,28208,1.8344,0.000264,10
3,A,Diehard,1.0,1.0,10,Reducing Arsenic in Chicken and Rice,1.0,1.0,1.0,14456,5342,4109,27723,1.8344,0.0001,10
3,A,Diehard,1.0,1.0,10,How Contaminated Are Our Children?,1.0,1.0,1.0,13985,5235,4070,26985,2.0253,0.00017,9
3,A,Diehard,1.0,1.0,10,"Blood Type Diet Perceived as ""Crass Fraud""",1.0,1.0,1.0,12541,5115,3977,25233,1.8867,0.00039,10
3,A,Diehard,1.0,1.0,10,Why Do Heart Doctors Favor Surgery and Drugs Over Diet?,1.0,1.0,1.0,13664,5067,3950,26436,1.7481,0.000481,10
3,A,Diehard,1.0,1.0,10,Phytates in Beans: Anti-Nutrient or Anti-Cancer?,1.0,1.0,1.0,12762,5044,3872,25556,1.6094,0.000898,10
3,A,Diehard,1.0,1.0,10,How Phytates Fight Cancer Cells,1.0,1.0,1.0,12625,5078,3875,25254,2.164,8.5e-05,10
3,A,Diehard,1.0,1.0,10,Colon Cancer Prevention: Is it the Fiber or the Phytates?,1.0,1.0,1.0,11659,4939,3871,23725,2.0253,0.001258,10
3,A,Diehard,1.0,1.0,10,Low Carb Diets Found to Feed Heart Disease,1.0,1.0,1.0,13849,4928,3877,26275,2.164,0.000777,10
3,A,Diehard,1.0,1.0,10,How Curry Can Kill Cancer Cells,1.0,1.0,1.0,12550,4953,3873,24909,1.8344,0.000263,10
3,A,Diehard,1.0,1.0,10,Testing Turmeric on Smokers,1.0,1.0,1.0,12307,4888,3822,24679,2.164,0.001032,10
3,A,Diehard,1.0,1.0,10,Alkylphenol Endocrine Disruptors and Allergies,1.0,1.0,1.0,10697,4837,3787,22832,2.0253,0.000472,10
3,A,Diehard,1.0,1.0,10,Slowing Cognitive Decline with Berries,1.0,1.0,1.0,11839,4840,3821,23963,1.8867,0.001869,10
3,A,Diehard,1.0,1.0,10,What is ‘Meat Glue’?,1.0,1.0,1.0,11392,4836,3758,23518,2.164,0.000285,10
3,A,Diehard,1.0,1.0,10,Is Liquid Smoke Safe?,1.0,1.0,1.0,11562,4815,3720,23444,1.8867,0.001226,10
3,A,Diehard,1.0,1.0,10,Does Antioxidant Intake Matter for Stroke and Heart Disease?,1.0,1.0,1.0,11535,4679,3711,24483,1.6434,0.002092,10
3,A,Diehard,1.0,1.0,10,Does Antioxidant Intake Matter for Cancer?,1.0,1.0,1.0,12556,4692,3714,24675,1.8344,0.001094,10
3,A,Diehard,1.0,1.0,10,Is buying organic worth it? A review of the science in new DVD,1.0,1.0,1.0,11638,4658,3707,23742,2.3026,9.9e-05,10
3,A,Diehard,1.0,1.0,10,Orange Aromatherapy for Anxiety,1.0,1.0,1.0,10031,4728,3692,21993,2.0253,0.006857,10
3,A,Diehard,1.0,1.0,10,Food Manufacturers Get to Decide if Their Own Additives Are Safe,1.0,1.0,1.0,10788,4418,3598,21279,2.164,0.000376,10
3,A,Diehard,1.0,1.0,10,Meat Industry Wins Right to Sell Tainted Meat,1.0,1.0,1.0,9534,4370,3584,20506,2.0253,9.1e-05,10
3,A,Diehard,1.0,1.0,10,Chicken Salmonella Outbreaks Show Food Safety Systems Failure,1.0,1.0,1.0,10295,4253,3414,20297,2.0253,0.000323,10
3,A,Diehard,1.0,1.0,10,Viral Food Poisoning from Pesticides?,1.0,1.0,1.0,9846,4329,3588,19982,1.8344,0.000857,10
3,A,Diehard,1.0,1.0,10,The Reversal on Fish Oil,1.0,1.0,1.0,9742,4347,3593,19897,1.6957,2.9e-05,10
3,A,Diehard,1.0,1.0,10,Are Multivitamins Just a Waste of Money?,1.0,1.0,1.0,9942,4222,3580,20050,2.0253,0.000249,10
3,A,DiehardCombined,0.9,1.1,10,Breast Cancer Cells Feed on Cholesterol,0.9,0.9468,0.7778,23823,5710,4364,37833,2.0253,2.3e-05,9
3,A,DiehardCombined,0.9,1.1,10,Using Diet to Treat Asthma and Eczema,0.9,0.948,0.7222,17407,5204,4022,30418,1.8344,3.1e-05,8
3,A,DiehardCombined,0.9,1.1,10,Treating Asthma With Plants vs. Pills,0.9,0.9445,0.8333,18645,5174,4127,31544,1.8344,3.8e-05,10
3,A,DiehardCombined,0.9,1.1,10,How Fruits and Vegetables Can Treat Asthma,1.0,0.9991,0.8222,16407,5081,3992,28287,1.8344,3e-05,10
3,A,DiehardCombined,0.9,1.1,10,How Fruits and Vegetables Can Prevent Asthma,1.0,0.9992,0.8222,15118,5173,4032,28313,2.164,1.9e-05,9
3,A,DiehardCombined,0.9,1.1,10,Our Tax Dollars Subsidize Unhealthy Foods,0.7,0.8127,0.7143,14239,5096,4036,27109,1.8344,2e-06,10
3,A,DiehardCombined,0.9,1.1,10,Reducing Arsenic in Chicken and Rice,0.8,0.8332,0.1429,12039,4828,3966,24243,2.164,1e-06,8
3,A,DiehardCombined,0.9,1.1,10,How Contaminated Are Our Children?,0.8,0.8742,0.3571,13304,4755,3808,25636,1.8344,2e-06,9
3,A,DiehardCombined,0.9,1.1,10,"Blood Type Diet Perceived as ""Crass Fraud""",0.7,0.7922,0.7143,12886,4706,3743,25216,1.8344,1.1e-05,10
3,A,DiehardCombined,0.9,1.1,10,Why Do Heart Doctors Favor Surgery and Drugs Over Diet?,0.8,0.8514,0.4286,12023,4718,3731,24113,2.164,3e-06,9
3,A,DiehardCombined,0.9,1.1,10,Phytates in Beans: Anti-Nutrient or Anti-Cancer?,0.8,0.8611,0.8571,13654,4777,3751,25909,1.6094,4e-06,8
3,A,DiehardCombined,0.9,1.1,10,How Phytates Fight Cancer Cells,0.9,0.9301,0.0556,11878,4772,3763,23992,2.164,1e-06,10
3,A,DiehardCombined,0.9,1.1,10,Colon Cancer Prevention: Is it the Fiber or the Phytates?,1.0,0.9913,0.6444,12988,4884,3885,25438,2.164,6e-06,10
3,A,DiehardCombined,0.9,1.1,10,Low Carb Diets Found to Feed Heart Disease,0.9,0.9375,0.7778,12167,4900,3784,24541,2.0253,8e-06,10
3,A,DiehardCombined,0.9,1.1,10,How Curry Can Kill Cancer Cells,0.9,0.9364,0.8889,11939,4792,3779,24465,1.973,5e-06,10
3,A,DiehardCombined,0.9,1.1,10,Testing Turmeric on Smokers,0.9,0.935,0.7222,13073,4886,3830,24554,1.8344,1.1e-05,10
3,A,DiehardCombined,0.9,1.1,10,Alkylphenol Endocrine Disruptors and Allergies,0.8,0.8807,0.8571,11479,4866,3824,23879,1.6094,7e-06,9
3,A,DiehardCombined,0.9,1.1,10,Slowing Cognitive Decline with Berries,0.7,0.818,0.7143,11709,4909,3805,24155,1.4185,1.4e-05,10
3,A,DiehardCombined,0.9,1.1,10,What is ‘Meat Glue’?,0.8,0.8875,0.9286,10838,4880,3739,22969,1.8867,3e-06,10
3,A,DiehardCombined,0.9,1.1,10,Is Liquid Smoke Safe?,0.8,0.8921,0.7143,9581,4566,3593,20583,2.164,1.2e-05,10
3,A,DiehardCombined,0.9,1.1,10,Does Antioxidant Intake Matter for Stroke and Heart Disease?,0.7,0.8172,0.619,12207,4630,3628,23727,1.6434,1.8e-05,10
3,A,DiehardCombined,0.9,1.1,10,Does Antioxidant Intake Matter for Cancer?,0.8,0.8835,0.6429,11321,4679,3657,23145,2.164,5e-06,10
3,A,DiehardCombined,0.9,1.1,10,Is buying organic worth it? A review of the science in new DVD,0.9,0.9322,0.5556,9987,4710,3632,21791,1.973,1e-06,8
3,A,DiehardCombined,0.9,1.1,10,Orange Aromatherapy for Anxiety,0.9,0.9502,0.7778,10599,4831,3735,23174,1.8344,4e-05,8
3,A,DiehardCombined,0.9,1.1,10,Food Manufacturers Get to Decide if Their Own Additives Are Safe,0.9,0.9392,0.6111,11790,4738,3605,22958,1.5048,4e-06,8
3,A,DiehardCombined,0.9,1.1,10,Meat Industry Wins Right to Sell Tainted Meat,0.6,0.7509,0.7333,11842,4613,3623,23721,1.8867,1e-06,7
3,A,DiehardCombined,0.9,1.1,10,Chicken Salmonella Outbreaks Show Food Safety Systems Failure,0.8,0.8663,0.7143,10638,4611,3715,22429,2.164,3e-06,9
3,A,DiehardCombined,0.9,1.1,10,Viral Food Poisoning from Pesticides?,0.8,0.8813,0.8571,10847,4643,3669,22799,1.6094,8e-06,9
3,A,DiehardCombined,0.9,1.1,10,The Reversal on Fish Oil,0.7,0.7621,0.0476,11383,4697,3650,23453,1.8867,1e-06,7
3,A,DiehardCombined,0.9,1.1,10,Are Multivitamins Just a Waste of Money?,0.8,0.872,0.5714,10619,4770,3666,22592,2.164,4e-06,10
4,A,Diehard,1.0,1.0,10,Breast Cancer Cells Feed on Cholesterol,1.0,1.0,1.0,26361,7816,5691,44632,1.8344,0.002867,10
4,A,Diehard,1.0,1.0,10,Using Diet to Treat Asthma and Eczema,1.0,1.0,1.0,21861,6085,4555,35088,1.6957,0.003962,10
4,A,Diehard,1.0,1.0,10,Treating Asthma With Plants vs. Pills,1.0,1.0,1.0,15514,5024,3892,26888,1.8867,0.005018,10
4,A,Diehard,1.0,1.0,10,How Fruits and Vegetables Can Treat Asthma,1.0,1.0,1.0,12315,4623,3647,23499,1.8867,0.003889,10
4,A,Diehard,1.0,1.0,10,How Fruits and Vegetables Can Prevent Asthma,1.0,1.0,1.0,13349,4534,3685,24814,1.7481,0.002246,10
4,A,Diehard,1.0,1.0,10,Our Tax Dollars Subsidize Unhealthy Foods,1.0,1.0,1.0,10504,4405,3594,20993,1.8344,0.000264,10
4,A,Diehard,1.0,1.0,10,Reducing Arsenic in Chicken and Rice,1.0,1.0,1.0,14331,4374,3597,26111,1.8344,0.0001,10
4,A,Diehard,1.0,1.0,10,How Contaminated Are Our Children?,1.0,1.0,1.0,12188,4522,3590,24030,2.0253,0.00017,9
4,A,Diehard,1.0,1.0,10,"Blood Type Diet Perceived as ""Crass Fraud""",1.0,1.0,1.0,12708,4639,3594,24318,1.8867,0.00039,10
4,A,Diehard,1.0,1.0,10,Why Do Heart Doctors Favor Surgery and Drugs Over Diet?,1.0,1.0,1.0,12814,4726,3609,24516,1.7481,0.000481,10
4,A,Diehard,1.0,1.0,10,Phytates in Beans: Anti-Nutrient or Anti-Cancer?,1.0,1.0,1.0,12829,4694,3751,24435,1.6094,0.000898,10
4,A,Diehard,1.0,1.0,10,How Phytates Fight Cancer Cells,1.0,1.0,1.0,12512,4658,3691,24645,2.164,8.5e-05,10
4,A,Diehard,1.0,1.0,10,Colon Cancer Prevention: Is it the Fiber or the Phytates?,1.0,1.0,1.0,12463,4688,3718,24455,2.0253,0.001258,10
4,A,Diehard,1.0,1.0,10,Low Carb Diets Found to Feed Heart Disease,1.0,1.0,1.0,11492,4719,3814,23758,2.164,0.000777,10
4,A,Diehard,1.0,1.0,10,How Curry Can Kill Cancer Cells,1.0,1.0,1.0,11686,4671,3676,23782,1.8344,0.000263,10
4,A,Diehard,1.0,1.0,10,Testing Turmeric on Smokers,1.0,1.0,1.0,10247,4565,3616,21972,2.164,0.001032,10
4,A,Diehard,1.0,1.0,10,Alkylphenol Endocrine Disruptors and Allergies,1.0,1.0,1.0,12096,4773,3661,25257,2.0253,0.000472,10
4,A,Diehard,1.0,1.0,10,Slowing Cognitive Decline with Berries,1.0,1.0,1.0,12485,4850,3613,24531,1.8867,0.001869,10
4,A,Diehard,1.0,1.0,10,What is ‘Meat Glue’?,1.0,1.0,1.0,11842,4669,3607,23591,2.164,0.000285,10
4,A,Diehard,1.0,1.0,10,Is Liquid Smoke Safe?,1.0,1.0,1.0,10772,4584,3647,22632,1.8867,0.001226,10
4,A,Diehard,1.0,1.0,10,Does Antioxidant Intake Matter for Stroke and Heart Disease?,1.0,1.0,1.0,12203,4576,3838,24169,1.6434,0.002092,10
4,A,Diehard,1.0,1.0,10,Does Antioxidant Intake Matter for Cancer?,1.0,1.0,1.0,10719,4526,3594,22580,1.8344,0.001094,10
4,A,Diehard,1.0,1.0,10,Is buying organic worth it? A review of the science in new DVD,1.0,1.0,1.0,12284,4602,3621,23831,2.3026,9.9e-05,10
4,A,Diehard,1.0,1.0,10,Orange Aromatherapy for Anxiety,1.0,1.0,1.0,10557,4801,3721,22742,2.0253,0.006857,10
4,A,Diehard,1.0,1.0,10,Food Manufacturers Get to Decide if Their Own Additives Are Safe,1.0,1.0,1.0,10942,4459,3619,22601,2.164,0.000376,10
4,A,Diehard,1.0,1.0,10,Meat Industry Wins Right to Sell Tainted Meat,1.0,1.0,1.0,11227,4555,3671,23026,2.0253,9.1e-05,10
4,A,Diehard,1.0,1.0,10,Chicken Salmonella Outbreaks Show Food Safety Systems Failure,1.0,1.0,1.0,10958,4565,3756,22807,2.0253,0.000323,10
4,A,Diehard,1.0,1.0,10,Viral Food Poisoning from Pesticides?,1.0,1.0,1.0,10606,4483,3623,22321,1.8344,0.000857,10
4,A,Diehard,1.0,1.0,10,The Reversal on Fish Oil,1.0,1.0,1.0,10674,4471,3777,22604,1.6957,2.9e-05,10
4,A,Diehard,1.0,1.0,10,Are Multivitamins Just a Waste of Money?,1.0,1.0,1.0,11712,4622,3633,25106,2.0253,0.000249,10
4,A,DiehardCombined,0.9,1.1,10,Breast Cancer Cells Feed on Cholesterol,0.9,0.9478,0.9444,26957,6274,4667,42164,1.8344,2.4e-05,10
4,A,DiehardCombined,0.9,1.1,10,Using Diet to Treat Asthma and Eczema,0.9,0.9454,0.7222,18543,5811,4377,32381,1.973,4.6e-05,10
4,A,DiehardCombined,0.9,1.1,10,Treating Asthma With Plants vs. Pills,1.0,0.9991,0.6444,17202,5621,4321,31045,1.8344,3.7e-05,10
4,A,DiehardCombined,0.9,1.1,10,How Fruits and Vegetables Can Treat Asthma,0.9,0.9498,0.7222,13610,5347,4072,26668,2.0253,3e-05,10
4,A,DiehardCombined,0.9,1.1,10,How Fruits and Vegetables Can Prevent Asthma,1.0,1.0,0.9111,13910,5378,4169,26845,2.164,2.2e-05,10
4,A,DiehardCombined,0.9,1.1,10,Our Tax Dollars Subsidize Unhealthy Foods,0.9,0.9268,0.3333,13798,5146,4065,26663,1.8867,1e-06,8
4,A,DiehardCombined,0.9,1.1,10,Reducing Arsenic in Chicken and Rice,0.7,0.7805,0.619,13601,5091,3880,25887,1.7481,1e-06,8
4,A,DiehardCombined,0.9,1.1,10,How Contaminated Are Our Children?,0.8,0.8467,0.4286,14952,8061,4859,31958,1.8867,1e-06,7
4,A,DiehardCombined,0.9,1.1,10,"Blood Type Diet Perceived as ""Crass Fraud""",0.8,0.8649,0.0,10367,4438,3659,22185,2.164,2e-06,9
4,A,DiehardCombined,0.9,1.1,10,Why Do Heart Doctors Favor Surgery and Drugs Over Diet?,0.8,0.8766,0.6429,12838,4614,3584,24866,2.0253,7e-06,10
4,A,DiehardCombined,0.9,1.1,10,Phytates in Beans: Anti-Nutrient or Anti-Cancer?,0.9,0.9324,0.8333,11380,4576,3580,23016,1.8344,5e-06,10
4,A,DiehardCombined,0.9,1.1,10,How Phytates Fight Cancer Cells,0.8,0.8557,0.3571,10134,4529,3625,21590,2.0253,2e-06,8
4,A,DiehardCombined,0.9,1.1,10,Colon Cancer Prevention: Is it the Fiber or the Phytates?,1.0,0.9974,0.7333,12718,4583,3607,24504,1.8867,1.2e-05,10
4,A,DiehardCombined,0.9,1.1,10,Low Carb Diets Found to Feed Heart Disease,0.9,0.935,0.5556,11092,4585,3611,22729,1.8344,4e-06,7
4,A,DiehardCombined,0.9,1.1,10,How Curry Can Kill Cancer Cells,0.8,0.8738,0.7857,13273,4714,3614,25747,2.0253,3e-06,10
4,A,DiehardCombined,0.9,1.1,10,Testing Turmeric on Smokers,0.7,0.8214,0.8095,9685,4525,3636,21369,2.164,6e-06,10
4,A,DiehardCombined,0.9,1.1,10,Alkylphenol Endocrine Disruptors and Allergies,0.8,0.8527,0.5,11627,4547,3649,23148,2.164,3e-06,10
4,A,DiehardCombined,0.9,1.1,10,Slowing Cognitive Decline with Berries,0.9,0.9442,0.7778,12806,4478,3679,25025,1.8867,1.1e-05,10
4,A,DiehardCombined,0.9,1.1,10,What is ‘Meat Glue’?,1.0,0.9992,0.7333,10262,4455,3585,21059,1.8867,3e-06,8
4,A,DiehardCombined,0.9,1.1,10,Is Liquid Smoke Safe?,0.8,0.8927,0.9286,13070,4674,3607,24392,1.6434,1.3e-05,9
4,A,DiehardCombined,0.9,1.1,10,Does Antioxidant Intake Matter for Stroke and Heart Disease?,0.9,0.9365,0.6111,11080,4566,3608,22881,1.7481,2.4e-05,9
4,A,DiehardCombined,0.9,1.1,10,Does Antioxidant Intake Matter for Cancer?,0.8,0.8757,0.8571,11786,4578,3687,23494,1.7481,1e-05,9
4,A,DiehardCombined,0.9,1.1,10,Is buying organic worth it? A review of the science in new DVD,0.8,0.8718,0.4286,11553,4514,3641,23579,2.164,2e-06,10
4,A,DiehardCombined,0.9,1.1,10,Orange Aromatherapy for Anxiety,0.9,0.9545,0.8333,11711,4452,3595,23222,2.0253,4e-05,10
4,A,DiehardCombined,0.9,1.1,10,Food Manufacturers Get to Decide if Their Own Additives Are Safe,0.9,0.9378,0.6667,11529,4494,3573,23868,2.0253,3e-06,9
4,A,DiehardCombined,0.9,1.1,10,Meat Industry Wins Right to Sell Tainted Meat,0.9,0.9256,0.6667,11593,4419,3602,23325,1.8867,1e-06,8
4,A,DiehardCombined,0.9,1.1,10,Chicken Salmonella Outbreaks Show Food Safety Systems Failure,0.8,0.8719,0.4286,12140,4523,3683,23629,2.3026,2e-06,10
4,A,DiehardCombined,0.9,1.1,10,Viral Food Poisoning from Pesticides?,0.8,0.8682,0.7857,11206,4541,3589,23365,2.0253,4e-06,9
4,A,DiehardCombined,0.9,1.1,10,The Reversal on Fish Oil,0.9,0.9281,0.1111,10903,4588,3591,22894,1.8867,0.0,7
4,A,DiehardCombined,0.9,1.1,10,Are Multivitamins Just a Waste of Money?,1.0,0.9974,0.5556,11351,4595,3600,23421,2.3026,2e-06,10
5,A,Diehard,1.0,1.0,10,Breast Cancer Cells Feed on Cholesterol,1.0,1.0,1.0,24311,7057,5193,39589,1.8344,0.002867,10
5,A,Diehard,1.0,1.0,10,Using Diet to Treat Asthma and Eczema,1.0,1.0,1.0,19459,5087,3933,32296,1.6957,0.003962,10
5,A,Diehard,1.0,1.0,10,Treating Asthma With Plants vs. Pills,1.0,1.0,1.0,13733,4730,3679,24457,1.8867,0.005018,10
5,A,Diehard,1.0,1.0,10,How Fruits and Vegetables Can Treat Asthma,1.0,1.0,1.0,13631,4644,3656,24681,1.8867,0.003889,10
5,A,Diehard,1.0,1.0,10,How Fruits and Vegetables Can Prevent Asthma,1.0,1.0,1.0,9564,4524,3614,21086,1.7481,0.002246,10
5,A,Diehard,1.0,1.0,10,Our Tax Dollars Subsidize Unhealthy Foods,1.0,1.0,1.0,11756,4321,3592,23764,1.8344,0.000264,10
5,A,Diehard,1.0,1.0,10,Reducing Arsenic in Chicken and Rice,1.0,1.0,1.0,13040,4408,3574,28323,1.8344,0.0001,10
5,A,Diehard,1.0,1.0,10,How Contaminated Are Our Children?,1.0,1.0,1.0,12775,4675,3676,25200,2.0253,0.00017,9
5,A,Diehard,1.0,1.0,10,"Blood Type Diet Perceived as ""Crass Fraud""",1.0,1.0,1.0,11328,4482,3544,22250,1.8867,0.00039,10
5,A,Diehard,1.0,1.0,10,Why Do Heart Doctors Favor Surgery and Drugs Over Diet?,1.0,1.0,1.0,14189,4619,3655,25246,1.7481,0.000481,10
5,A,Diehard,1.0,1.0,10,Phytates in Beans: Anti-Nutrient or Anti-Cancer?,1.0,1.0,1.0,11988,4699,3780,22814,1.6094,0.000898,10
5,A,Diehard,1.0,1.0,10,How Phytates Fight Cancer Cells,1.0,1.0,1.0,12466,4690,3732,23287,2.164,8.5e-05,10
5,A,Diehard,1.0,1.0,10,Colon Cancer Prevention: Is it the Fiber or the Phytates?,1.0,1.0,1.0,11569,4776,3878,24151,2.0253,0.001258,10
5,A,Diehard,1.0,1.0,10,Low Carb Diets Found to Feed Heart Disease,1.0,1.0,1.0,11748,4801,3757,24080,2.164,0.000777,10
5,A,Diehard,1.0,1.0,10,How Curry Can Kill Cancer Cells,1.0,1.0,1.0,12748,4698,3673,24860,1.8344,0.000263,10
5,A,Diehard,1.0,1.0,10,Testing Turmeric on Smokers,1.0,1.0,1.0,11336,4833,3709,23435,2.164,0.001032,10
5,A,Diehard,1.0,1.0,10,Alkylphenol Endocrine Disruptors and Allergies,1.0,1.0,1.0,12044,4642,3666,24155,2.0253,0.000472,10
5,A,Diehard,1.0,1.0,10,Slowing Cognitive Decline with Berries,1.0,1.0,1.0,11722,4757,3747,23787,1.8867,0.001869,10
5,A,Diehard,1.0,1.0,10,What is ‘Meat Glue’?,1.0,1.0,1.0,12148,4634,3625,24105,2.164,0.000285,10
5,A,Diehard,1.0,1.0,10,Is Liquid Smoke Safe?,1.0,1.0,1.0,12549,4662,3730,25161,1.8867,0.001226,10
5,A,Diehard,1.0,1.0,10,Does Antioxidant Intake Matter for Stroke and Heart Disease?,1.0,1.0,1.0,12249,4701,3666,24384,1.6434,0.002092,10
5,A,Diehard,1.0,1.0,10,Does Antioxidant Intake Matter for Cancer?,1.0,1.0,1.0,10722,4677,3850,22892,1.8344,0.001094,10
5,A,Diehard,1.0,1.0,10,Is buying organic worth it? A review of the science in new DVD,1.0,1.0,1.0,12126,4781,3701,24786,2.3026,9.9e-05,10
5,A,Diehard,1.0,1.0,10,Orange Aromatherapy for Anxiety,1.0,1.0,1.0,11677,4711,3677,23733,2.0253,0.006857,10
5,A,Diehard,1.0,1.0,10,Food Manufacturers Get to Decide if Their Own Additives Are Safe,1.0,1.0,1.0,12348,4782,3698,24893,2.164,0.000376,10
5,A,Diehard,1.0,1.0,10,Meat Industry Wins Right to Sell Tainted Meat,1.0,1.0,1.0,12720,4798,3745,24888,2.0253,9.1e-05,10
5,A,Diehard,1.0,1.0,10,Chicken Salmonella Outbreaks Show Food Safety Systems Failure,1.0,1.0,1.0,10872,4875,3671,23200,2.0253,0.000323,10
5,A,Diehard,1.0,1.0,10,Viral Food Poisoning from Pesticides?,1.0,1.0,1.0,12217,4693,3735,24146,1.8344,0.000857,10
5,A,Diehard,1.0,1.0,10,The Reversal on Fish Oil,1.0,1.0,1.0,10707,4697,3741,22740,1.6957,2.9e-05,10
5,A,Diehard,1.0,1.0,10,Are Multivitamins Just a Waste of Money?,1.0,1.0,1.0,11059,4552,3619,22254,2.0253,0.000249,10
5,A,DiehardCombined,0.9,1.1,10,Breast Cancer Cells Feed on Cholesterol,0.8,0.898,0.6429,27107,9346,6647,48062,1.8344,2.3e-05,9
5,A,DiehardCombined,0.9,1.1,10,Using Diet to Treat Asthma and Eczema,0.9,0.9499,0.6111,22484,7448,5698,40114,2.3026,4.9e-05,10
5,A,DiehardCombined,0.9,1.1,10,Treating Asthma With Plants vs. Pills,0.8,0.8749,0.7143,17912,6364,4870,33228,1.8344,2.3e-05,10
5,A,DiehardCombined,0.9,1.1,10,How Fruits and Vegetables Can Treat Asthma,0.9,0.9417,0.7778,15291,5956,4499,29722,1.6094,1.9e-05,9
5,A,DiehardCombined,0.9,1.1,10,How Fruits and Vegetables Can Prevent Asthma,0.9,0.941,0.7222,17157,5743,4267,30984,2.164,9e-06,9
5,A,DiehardCombined,0.9,1.1,10,Our Tax Dollars Subsidize Unhealthy Foods,0.8,0.873,0.4286,13055,5305,4055,30407,2.3026,2e-06,10
5,A,DiehardCombined,0.9,1.1,10,Reducing Arsenic in Chicken and Rice,0.9,0.9253,0.5,13275,5329,4073,26828,1.8344,1e-06,8
5,A,DiehardCombined,0.9,1.1,10,How Contaminated Are Our Children?,0.8,0.8408,0.2857,15211,5223,4056,29815,2.164,2e-06,9
5,A,DiehardCombined,0.9,1.1,10,"Blood Type Diet Perceived as ""Crass Fraud""",0.8,0.868,0.1429,12704,5077,3990,25836,2.0253,4e-06,9
5,A,DiehardCombined,0.9,1.1,10,Why Do Heart Doctors Favor Surgery and Drugs Over Diet?,0.8,0.8606,0.5,14752,5031,3875,27632,1.8344,1e-05,10
5,A,DiehardCombined,0.9,1.1,10,Phytates in Beans: Anti-Nutrient or Anti-Cancer?,0.6,0.6976,0.6,14774,5246,3896,27083,2.0253,4e-06,10
5,A,DiehardCombined,0.9,1.1,10,How Phytates Fight Cancer Cells,0.8,0.8669,0.2143,11498,4874,3819,24240,2.0253,1e-06,9
5,A,DiehardCombined,0.9,1.1,10,Colon Cancer Prevention: Is it the Fiber or the Phytates?,1.0,0.9875,0.5556,16838,4933,4253,29315,1.973,1.4e-05,10
5,A,DiehardCombined,0.9,1.1,10,Low Carb Diets Found to Feed Heart Disease,0.9,0.8942,0.5,12670,4874,4108,24361,2.0253,4e-06,9
5,A,DiehardCombined,0.9,1.1,10,How Curry Can Kill Cancer Cells,0.8,0.8624,0.6429,12652,4889,3925,24712,2.0253,4e-06,9
5,A,DiehardCombined,0.9,1.1,10,Testing Turmeric on Smokers,0.7,0.8233,0.8095,12261,4886,3818,23423,1.973,1e-05,9
5,A,DiehardCombined,0.9,1.1,10,Alkylphenol Endocrine Disruptors and Allergies,0.6,0.6568,0.2,11553,4847,3768,23035,1.6094,3e-06,8
5,A,DiehardCombined,0.9,1.1,10,Slowing Cognitive Decline with Berries,0.8,0.8578,0.7857,10627,4563,3591,21983,1.8344,1e-05,8
5,A,DiehardCombined,0.9,1.1,10,What is ‘Meat Glue’?,0.9,0.9442,0.7222,11709,4584,3631,23957,2.0253,3e-06,9
5,A,DiehardCombined,0.9,1.1,10,Is Liquid Smoke Safe?,0.7,0.8395,0.7143,11075,4560,3743,23103,2.3026,1e-05,10
5,A,DiehardCombined,0.9,1.1,10,Does Antioxidant Intake Matter for Stroke and Heart Disease?,0.9,0.9214,0.5556,12507,4564,3750,24599,1.5048,1.6e-05,10
5,A,DiehardCombined,0.9,1.1,10,Does Antioxidant Intake Matter for Cancer?,0.7,0.8058,0.9048,11997,4649,3611,23499,2.0253,4e-06,10
5,A,DiehardCombined,0.9,1.1,10,Is buying organic worth it? A review of the science in new DVD,0.9,0.9285,0.5,11335,4588,3622,22716,1.8867,1e-06,7
5,A,DiehardCombined,0.9,1.1,10,Orange Aromatherapy for Anxiety,0.9,0.9458,0.9444,11898,4799,3653,24497,2.0253,7.1e-05,10
5,A,DiehardCombined,0.9,1.1,10,Food Manufacturers Get to Decide if Their Own Additives Are Safe,0.7,0.801,0.5238,10405,4378,3599,22319,1.6094,2e-06,8
5,A,DiehardCombined,0.9,1.1,10,Meat Industry Wins Right to Sell Tainted Meat,0.9,0.9429,0.8889,9888,4387,3586,20537,2.0253,1e-06,8
5,A,DiehardCombined,0.9,1.1,10,Chicken Salmonella Outbreaks Show Food Safety Systems Failure,0.8,0.8726,0.6429,10412,4544,3671,21217,1.973,3e-06,10
5,A,DiehardCombined,0.9,1.1,10,Viral Food Poisoning from Pesticides?,0.9,0.9399,0.5,10030,4218,3628,20304,2.164,6e-06,10
5,A,DiehardCombined,0.9,1.1,10,The Reversal on Fish Oil,0.7,0.796,0.2381,9723,4312,3584,20160,2.164,1e-06,10
5,A,DiehardCombined,0.9,1.1,10,Are Multivitamins Just a Waste of Money?,0.8,0.8686,0.7857,10901,4370,3586,22058,1.8344,3e-06,10
6,A,Diehard,1.0,1.0,10,Breast Cancer Cells Feed on Cholesterol,1.0,1.0,1.0,26771,11168,3617,45309,1.8344,0.002867,10
6,A,Diehard,1.0,1.0,10,Using Diet to Treat Asthma and Eczema,1.0,1.0,1.0,18561,4378,3587,29616,1.6957,0.003962,10
6,A,Diehard,1.0,1.0,10,Treating Asthma With Plants vs. Pills,1.0,1.0,1.0,16099,4412,3586,27676,1.8867,0.005018,10
6,A,Diehard,1.0,1.0,10,How Fruits and Vegetables Can Treat Asthma,1.0,1.0,1.0,11683,4392,3577,23208,1.8867,0.003889,10
6,A,Diehard,1.0,1.0,10,How Fruits and Vegetables Can Prevent Asthma,1.0,1.0,1.0,10617,4455,4450,23253,1.7481,0.002246,10
6,A,Diehard,1.0,1.0,10,Our Tax Dollars Subsidize Unhealthy Foods,1.0,1.0,1.0,10873,4400,3585,23263,1.8344,0.000264,10
6,A,Diehard,1.0,1.0,10,Reducing Arsenic in Chicken and Rice,1.0,1.0,1.0,9095,4385,3579,20641,1.8344,0.0001,10
6,A,Diehard,1.0,1.0,10,How Contaminated Are Our Children?,1.0,1.0,1.0,10712,4378,4249,23009,2.0253,0.00017,9
6,A,Diehard,1.0,1.0,10,"Blood Type Diet Perceived as ""Crass Fraud""",1.0,1.0,1.0,8590,4389,3592,19997,1.8867,0.00039,10
6,A,Diehard,1.0,1.0,10,Why Do Heart Doctors Favor Surgery and Drugs Over Diet?,1.0,1.0,1.0,9032,4427,3588,20449,1.7481,0.000481,10
6,A,Diehard,1.0,1.0,10,Phytates in Beans: Anti-Nutrient or Anti-Cancer?,1.0,1.0,1.0,12060,4379,3838,23825,1.6094,0.000898,10
6,A,Diehard,1.0,1.0,10,How Phytates Fight Cancer Cells,1.0,1.0,1.0,12914,5003,3863,25367,2.164,8.5e-05,10
6,A,Diehard,1.0,1.0,10,Colon Cancer Prevention: Is it the Fiber or the Phytates?,1.0,1.0,1.0,10109,4713,3587,21940,2.0253,0.001258,10
6,A,Diehard,1.0,1.0,10,Low Carb Diets Found to Feed Heart Disease,1.0,1.0,1.0,14163,4402,3584,24984,2.164,0.000777,10
6,A,Diehard,1.0,1.0,10,How Curry Can Kill Cancer Cells,1.0,1.0,1.0,8557,4413,3583,18887,1.8344,0.000263,10
6,A,Diehard,1.0,1.0,10,Testing Turmeric on Smokers,1.0,1.0,1.0,8988,4427,3604,19348,2.164,0.001032,10
6,A,Diehard,1.0,1.0,10,Alkylphenol Endocrine Disruptors and Allergies,1.0,1.0,1.0,9268,4446,3590,19803,2.0253,0.000472,10
6,A,Diehard,1.0,1.0,10,Slowing Cognitive Decline with Berries,1.0,1.0,1.0,8687,4420,3605,19090,1.8867,0.001869,10
6,A,Diehard,1.0,1.0,10,What is ‘Meat Glue’?,1.0,1.0,1.0,9987,4379,3578,20811,2.164,0.000285,10
6,A,Diehard,1.0,1.0,10,Is Liquid Smoke Safe?,1.0,1.0,1.0,9503,4466,3594,19954,1.8867,0.001226,10
6,A,Diehard,1.0,1.0,10,Does Antioxidant Intake Matter for Stroke and Heart Disease?,1.0,1.0,1.0,10413,4234,3599,21899,1.6434,0.002092,10
6,A,Diehard,1.0,1.0,10,Does Antioxidant Intake Matter for Cancer?,1.0,1.0,1.0,9564,4404,3582,20987,1.8344,0.001094,10
6,A,Diehard,1.0,1.0,10,Is buying organic worth it? A review of the science in new DVD,1.0,1.0,1.0,10086,4386,3580,21428,2.3026,9.9e-05,10
6,A,Diehard,1.0,1.0,10,Orange Aromatherapy for Anxiety,1.0,1.0,1.0,11546,4373,3580,22943,2.0253,0.006857,10
6,A,Diehard,1.0,1.0,10,Food Manufacturers Get to Decide if Their Own Additives Are Safe,1.0,1.0,1.0,10279,4401,3590,21864,2.164,0.000376,10
6,A,Diehard,1.0,1.0,10,Meat Industry Wins Right to Sell Tainted Meat,1.0,1.0,1.0,10879,4388,3579,22086,2.0253,9.1e-05,10
6,A,Diehard,1.0,1.0,10,Chicken Salmonella Outbreaks Show Food Safety Systems Failure,1.0,1.0,1.0,11964,4761,3766,24375,2.0253,0.000323,10
6,A,Diehard,1.0,1.0,10,Viral Food Poisoning from Pesticides?,1.0,1.0,1.0,14309,4392,3697,26680,1.8344,0.000857,10
6,A,Diehard,1.0,1.0,10,The Reversal on Fish Oil,1.0,1.0,1.0,11270,4493,3857,22090,1.6957,2.9e-05,10
6,A,Diehard,1.0,1.0,10,Are Multivitamins Just a Waste of Money?,1.0,1.0,1.0,10790,4383,3769,22568,2.0253,0.000249,10
6,A,DiehardCombined,0.9,1.1,10,Breast Cancer Cells Feed on Cholesterol,0.9,0.9499,0.8333,26832,11808,7181,50639,1.8344,2.4e-05,10
6,A,DiehardCombined,0.9,1.1,10,Using Diet to Treat Asthma and Eczema,0.9,0.9506,0.7778,19071,8100,5672,36979,2.0253,2.2e-05,10
6,A,DiehardCombined,0.9,1.1,10,Treating Asthma With Plants vs. Pills,0.8,0.8931,0.5,16609,6743,5026,32197,1.6434,3.5e-05,10
6,A,DiehardCombined,0.9,1.1,10,How Fruits and Vegetables Can Treat Asthma,0.8,0.8973,0.7143,14546,6106,4548,29001,2.0253,2.6e-05,9
6,A,DiehardCombined,0.9,1.1,10,How Fruits and Vegetables Can Prevent Asthma,0.9,0.9448,0.7778,18423,5799,4418,32501,2.164,1.3e-05,10
6,A,DiehardCombined,0.9,1.1,10,Our Tax Dollars Subsidize Unhealthy Foods,0.9,0.9324,0.8333,13729,5475,4263,27044,2.0253,3e-06,10
6,A,DiehardCombined,0.9,1.1,10,Reducing Arsenic in Chicken and Rice,0.8,0.8688,0.7143,14761,5367,4057,27757,1.8344,1e-06,8
6,A,DiehardCombined,0.9,1.1,10,How Contaminated Are Our Children?,0.8,0.8662,0.4286,13179,5253,4051,26090,1.8867,1e-06,8
6,A,DiehardCombined,0.9,1.1,10,"Blood Type Diet Perceived as ""Crass Fraud""",0.9,0.8882,0.3333,12942,5169,4028,25658,1.973,1e-06,9
6,A,DiehardCombined,0.9,1.1,10,Why Do Heart Doctors Favor Surgery and Drugs Over Diet?,0.8,0.8686,0.6429,12979,5092,3942,25592,1.973,8e-06,10
6,A,DiehardCombined,0.9,1.1,10,Phytates in Beans: Anti-Nutrient or Anti-Cancer?,0.7,0.8026,0.619,12412,5077,3872,24920,1.8867,3e-06,9
6,A,DiehardCombined,0.9,1.1,10,How Phytates Fight Cancer Cells,0.7,0.7881,0.5238,13252,5070,3869,25735,1.6434,2e-06,8
6,A,DiehardCombined,0.9,1.1,10,Colon Cancer Prevention: Is it the Fiber or the Phytates?,0.9,0.9437,0.7778,11767,5110,3878,24272,2.0253,1e-05,10
6,A,DiehardCombined,0.9,1.1,10,Low Carb Diets Found to Feed Heart Disease,0.8,0.8718,0.6429,12706,4830,3930,24800,2.0253,2e-06,8
6,A,DiehardCombined,0.9,1.1,10,How Curry Can Kill Cancer Cells,0.8,0.8298,0.5714,11227,4807,3767,23396,1.8867,1e-06,9
6,A,DiehardCombined,0.9,1.1,10,Testing Turmeric on Smokers,0.8,0.8755,0.6429,10280,4767,3687,22268,1.8867,1e-05,9
6,A,DiehardCombined,0.9,1.1,10,Alkylphenol Endocrine Disruptors and Allergies,0.9,0.9336,0.5556,11724,4764,3726,24029,2.164,2e-06,9
6,A,DiehardCombined,0.9,1.1,10,Slowing Cognitive Decline with Berries,0.8,0.8798,0.8571,11460,4690,3725,23381,1.8867,1.3e-05,9
6,A,DiehardCombined,0.9,1.1,10,What is ‘Meat Glue’?,0.9,0.9466,0.7778,10960,4792,3738,22936,2.0253,2e-06,9
6,A,DiehardCombined,0.9,1.1,10,Is Liquid Smoke Safe?,0.9,0.9358,0.7222,10870,4801,3750,22971,2.164,5e-06,10
6,A,DiehardCombined,0.9,1.1,10,Does Antioxidant Intake Matter for Stroke and Heart Disease?,0.8,0.8853,0.5,10485,4804,3738,22415,1.8867,8e-06,10
6,A,DiehardCombined,0.9,1.1,10,Does Antioxidant Intake Matter for Cancer?,0.9,0.9432,0.8333,13016,4865,3749,25374,2.3026,7e-06,10
6,A,DiehardCombined,0.9,1.1,10,Is buying organic worth it? A review of the science in new DVD,0.9,0.9369,0.6667,11468,4891,3746,24007,2.164,1e-06,9
6,A,DiehardCombined,0.9,1.1,10,Orange Aromatherapy for Anxiety,0.9,0.9532,0.8333,11403,4851,3739,23506,2.0253,6.7e-05,10
6,A,DiehardCombined,0.9,1.1,10,Food Manufacturers Get to Decide if Their Own Additives Are Safe,0.8,0.8837,0.8571,10842,4859,3780,22991,1.8344,4e-06,10
6,A,DiehardCombined,0.9,1.1,10,Meat Industry Wins Right to Sell Tainted Meat,0.9,0.9444,0.6111,11741,4873,3737,23834,1.7481,1e-06,8
6,A,DiehardCombined,0.9,1.1,10,Chicken Salmonella Outbreaks Show Food Safety Systems Failure,0.8,0.8647,0.3571,11574,4916,3741,24012,2.0253,4e-06,10
6,A,DiehardCombined,0.9,1.1,10,Viral Food Poisoning from Pesticides?,0.7,0.8156,0.4286,10353,4457,3600,21875,1.8867,6e-06,8
6,A,DiehardCombined,0.9,1.1,10,The Reversal on Fish Oil,0.8,0.8547,0.1429,9371,4437,3574,20084,2.164,0.0,8
6,A,DiehardCombined,0.9,1.1,10,Are Multivitamins Just a Waste of Money?,0.8,0.8688,0.8571,10012,4392,3594,20358,2.0253,2e-06,9
7,A,Diehard,1.0,1.0,10,Breast Cancer Cells Feed on Cholesterol,1.0,1.0,1.0,21317,12854,7514,46363,1.8344,0.002867,10
7,A,Diehard,1.0,1.0,10,Using Diet to Treat Asthma and Eczema,1.0,1.0,1.0,21813,6674,4985,37495,1.6957,0.003962,10
7,A,Diehard,1.0,1.0,10,Treating Asthma With Plants vs. Pills,1.0,1.0,1.0,16562,6007,4550,31243,1.8867,0.005018,10
7,A,Diehard,1.0,1.0,10,How Fruits and Vegetables Can Treat Asthma,1.0,1.0,1.0,15211,4748,3716,28040,1.8867,0.003889,10
7,A,Diehard,1.0,1.0,10,How Fruits and Vegetables Can Prevent Asthma,1.0,1.0,1.0,15396,4434,3605,25962,1.7481,0.002246,10
7,A,Diehard,1.0,1.0,10,Our Tax Dollars Subsidize Unhealthy Foods,1.0,1.0,1.0,10271,4349,3584,20580,1.8344,0.000264,10
7,A,Diehard,1.0,1.0,10,Reducing Arsenic in Chicken and Rice,1.0,1.0,1.0,11381,4266,3589,22740,1.8344,0.0001,10
7,A,Diehard,1.0,1.0,10,How Contaminated Are Our Children?,1.0,1.0,1.0,12747,4292,3557,22867,2.0253,0.00017,9
7,A,Diehard,1.0,1.0,10,"Blood Type Diet Perceived as ""Crass Fraud""",1.0,1.0,1.0,10371,4227,3590,20774,1.8867,0.00039,10
7,A,Diehard,1.0,1.0,10,Why Do Heart Doctors Favor Surgery and Drugs Over Diet?,1.0,1.0,1.0,12554,4251,3580,24155,1.7481,0.000481,10
7,A,Diehard,1.0,1.0,10,Phytates in Beans: Anti-Nutrient or Anti-Cancer?,1.0,1.0,1.0,14608,4326,3587,26034,1.6094,0.000898,10
7,A,Diehard,1.0,1.0,10,How Phytates Fight Cancer Cells,1.0,1.0,1.0,13241,4476,3574,24945,2.164,8.5e-05,10
7,A,Diehard,1.0,1.0,10,Colon Cancer Prevention: Is it the Fiber or the Phytates?,1.0,1.0,1.0,12656,4645,3642,24425,2.0253,0.001258,10
7,A,Diehard,1.0,1.0,10,Low Carb Diets Found to Feed Heart Disease,1.0,1.0,1.0,12761,4657,3733,24290,2.164,0.000777,10
7,A,Diehard,1.0,1.0,10,How Curry Can Kill Cancer Cells,1.0,1.0,1.0,12526,4832,3744,24766,1.8344,0.000263,10
7,A,Diehard,1.0,1.0,10,Testing Turmeric on Smokers,1.0,1.0,1.0,13389,4841,3765,25542,2.164,0.001032,10
7,A,Diehard,1.0,1.0,10,Alkylphenol Endocrine Disruptors and Allergies,1.0,1.0,1.0,11338,4824,3740,22799,2.0253,0.000472,10
7,A,Diehard,1.0,1.0,10,Slowing Cognitive Decline with Berries,1.0,1.0,1.0,10892,4836,3740,23015,1.8867,0.001869,10
7,A,Diehard,1.0,1.0,10,What is ‘Meat Glue’?,1.0,1.0,1.0,11557,4779,3704,23688,2.164,0.000285,10
7,A,Diehard,1.0,1.0,10,Is Liquid Smoke Safe?,1.0,1.0,1.0,10532,4678,3680,22311,1.8867,0.001226,10
7,A,Diehard,1.0,1.0,10,Does Antioxidant Intake Matter for Stroke and Heart Disease?,1.0,1.0,1.0,10408,4677,3712,22306,1.6434,0.002092,10
7,A,Diehard,1.0,1.0,10,Does Antioxidant Intake Matter for Cancer?,1.0,1.0,1.0,12017,4823,3740,24302,1.8344,0.001094,10
7,A,Diehard,1.0,1.0,10,Is buying organic worth it? A review of the science in new DVD,1.0,1.0,1.0,12317,4774,3738,24282,2.3026,9.9e-05,10
7,A,Diehard,1.0,1.0,10,Orange Aromatherapy for Anxiety,1.0,1.0,1.0,11482,4803,3732,23758,2.0253,0.006857,10
7,A,Diehard,1.0,1.0,10,Food Manufacturers Get to Decide if Their Own Additives Are Safe,1.0,1.0,1.0,10918,4812,3739,22032,2.164,0.000376,10
7,A,Diehard,1.0,1.0,10,Meat Industry Wins Right to Sell Tainted Meat,1.0,1.0,1.0,10407,4823,3761,22617,2.0253,9.1e-05,10
7,A,Diehard,1.0,1.0,10,Chicken Salmonella Outbreaks Show Food Safety Systems Failure,1.0,1.0,1.0,11449,4801,3763,23657,2.0253,0.000323,10
7,A,Diehard,1.0,1.0,10,Viral Food Poisoning from Pesticides?,1.0,1.0,1.0,11421,4812,3738,23415,1.8344,0.000857,10
7,A,Diehard,1.0,1.0,10,The Reversal on Fish Oil,1.0,1.0,1.0,10286,4790,3717,22553,1.6957,2.9e-05,10
7,A,Diehard,1.0,1.0,10,Are Multivitamins Just a Waste of Money?,1.0,1.0,1.0,10887,4826,3734,22949,2.0253,0.000249,10
7,A,DiehardCombined,0.9,1.1,10,Breast Cancer Cells Feed on Cholesterol,0.9,0.9483,0.7778,21844,12677,7391,46796,2.164,3.8e-05,10
7,A,DiehardCombined,0.9,1.1,10,Using Diet to Treat Asthma and Eczema,0.8,0.8974,0.7857,22230,8245,5987,40662,1.8867,4.2e-05,10
7,A,DiehardCombined,0.9,1.1,10,Treating Asthma With Plants vs. Pills,0.9,0.948,0.7778,16340,6748,5110,32512,1.7481,6.3e-05,9
7,A,DiehardCombined,0.9,1.1,10,How Fruits and Vegetables Can Treat Asthma,1.0,0.9993,0.7778,14837,6144,4627,30149,1.8344,4.7e-05,9
7,A,DiehardCombined,0.9,1.1,10,How Fruits and Vegetables Can Prevent Asthma,1.0,0.9999,0.9111,15487,5795,4535,29338,1.6957,3e-05,10
7,A,DiehardCombined,0.9,1.1,10,Our Tax Dollars Subsidize Unhealthy Foods,0.8,0.8692,0.4286,16635,5693,4377,30538,1.8344,3e-06,9
7,A,DiehardCombined,0.9,1.1,10,Reducing Arsenic in Chicken and Rice,0.8,0.8455,0.2857,15332,5443,4266,28638,1.973,1e-06,8
7,A,DiehardCombined,0.9,1.1,10,How Contaminated Are Our Children?,0.7,0.7984,0.2381,14528,5353,4060,27593,1.8867,3e-06,8
7,A,DiehardCombined,0.9,1.1,10,"Blood Type Diet Perceived as ""Crass Fraud""",0.9,0.9102,0.1111,12778,5290,4062,25791,2.164,2e-06,10
7,A,DiehardCombined,0.9,1.1,10,Why Do Heart Doctors Favor Surgery and Drugs Over Diet?,0.8,0.8598,0.3571,13847,5090,4007,26693,1.8867,3e-06,9
7,A,DiehardCombined,0.9,1.1,10,Phytates in Beans: Anti-Nutrient or Anti-Cancer?,0.8,0.881,0.6429,14139,5123,4020,26990,1.8867,5e-06,9
7,A,DiehardCombined,0.9,1.1,10,How Phytates Fight Cancer Cells,0.7,0.7344,0.3333,12830,5092,3930,25412,2.0253,1e-06,10
7,A,DiehardCombined,0.9,1.1,10,Colon Cancer Prevention: Is it the Fiber or the Phytates?,1.0,0.9919,0.7333,12592,5086,3958,23954,2.0253,7e-06,10
7,A,DiehardCombined,0.9,1.1,10,Low Carb Diets Found to Feed Heart Disease,0.8,0.8754,0.5,12140,5106,3960,24358,2.0253,5e-06,10
7,A,DiehardCombined,0.9,1.1,10,How Curry Can Kill Cancer Cells,0.8,0.8499,0.2857,11222,4528,3591,23021,2.0253,2e-06,10
7,A,DiehardCombined,0.9,1.1,10,Testing Turmeric on Smokers,0.9,0.9432,0.6111,10604,4457,3577,21212,2.164,5e-06,9
7,A,DiehardCombined,0.9,1.1,10,Alkylphenol Endocrine Disruptors and Allergies,0.8,0.8703,0.5714,9192,4459,3861,19849,1.8344,4e-06,9
7,A,DiehardCombined,0.9,1.1,10,Slowing Cognitive Decline with Berries,1.0,0.9979,0.6444,9996,4370,3590,20141,2.0253,1.2e-05,10
7,A,DiehardCombined,0.9,1.1,10,What is ‘Meat Glue’?,0.9,0.9427,0.6667,8740,4313,3579,18779,1.8867,2e-06,9
7,A,DiehardCombined,0.9,1.1,10,Is Liquid Smoke Safe?,0.9,0.9497,0.9444,9626,4326,3590,20201,2.0253,6e-06,9
7,A,DiehardCombined,0.9,1.1,10,Does Antioxidant Intake Matter for Stroke and Heart Disease?,0.9,0.9434,0.5556,10486,4359,3590,20603,2.0253,2.4e-05,10
7,A,DiehardCombined,0.9,1.1,10,Does Antioxidant Intake Matter for Cancer?,1.0,0.997,0.6,10462,4290,3608,21486,1.973,5e-06,9
7,A,DiehardCombined,0.9,1.1,10,Is buying organic worth it? A review of the science in new DVD,0.8,0.8804,0.7143,12764,4342,3593,24471,2.164,1e-06,10
7,A,DiehardCombined,0.9,1.1,10,Orange Aromatherapy for Anxiety,0.9,0.9552,0.8889,11288,4442,3585,22951,2.0253,4.4e-05,9
7,A,DiehardCombined,0.9,1.1,10,Food Manufacturers Get to Decide if Their Own Additives Are Safe,0.8,0.8582,0.5,11450,4583,3592,23371,1.8867,3e-06,9
7,A,DiehardCombined,0.9,1.1,10,Meat Industry Wins Right to Sell Tainted Meat,0.8,0.8708,-0.0714,10666,4568,3579,22241,1.7481,1e-06,8
7,A,DiehardCombined,0.9,1.1,10,Chicken Salmonella Outbreaks Show Food Safety Systems Failure,0.8,0.848,-0.1429,11159,4643,3625,22926,2.164,3e-06,9
7,A,DiehardCombined,0.9,1.1,10,Viral Food Poisoning from Pesticides?,0.8,0.8793,0.5714,11877,4695,3707,23815,1.6957,8e-06,10
7,A,DiehardCombined,0.9,1.1,10,The Reversal on Fish Oil,0.8,0.8385,0.0,10040,4758,3738,22351,2.164,0.0,9
7,A,DiehardCombined,0.9,1.1,10,Are Multivitamins Just a Waste of Money?,0.9,0.8603,0.7222,10863,4816,3711,22889,1.6957,3e-06,7
8,A,Diehard,1.0,1.0,10,Breast Cancer Cells Feed on Cholesterol,1.0,1.0,1.0,17182,4871,3894,28792,1.8344,0.002867,10
8,A,Diehard,1.0,1.0,10,Using Diet to Treat Asthma and Eczema,1.0,1.0,1.0,16274,4820,3888,28975,1.6957,0.003962,10
8,A,Diehard,1.0,1.0,10,Treating Asthma With Plants vs. Pills,1.0,1.0,1.0,18396,5042,3978,31320,1.8867,0.005018,10
8,A,Diehard,1.0,1.0,10,How Fruits and Vegetables Can Treat Asthma,1.0,1.0,1.0,17819,5248,4056,30902,1.8867,0.003889,10
8,A,Diehard,1.0,1.0,10,How Fruits and Vegetables Can Prevent Asthma,1.0,1.0,1.0,14215,5101,4022,26972,1.7481,0.002246,10
8,A,Diehard,1.0,1.0,10,Our Tax Dollars Subsidize Unhealthy Foods,1.0,1.0,1.0,15121,5105,4003,27978,1.8344,0.000264,10
8,A,Diehard,1.0,1.0,10,Reducing Arsenic in Chicken and Rice,1.0,1.0,1.0,14152,5133,4027,27047,1.8344,0.0001,10
8,A,Diehard,1.0,1.0,10,How Contaminated Are Our Children?,1.0,1.0,1.0,12718,5056,3948,25318,2.0253,0.00017,9
8,A,Diehard,1.0,1.0,10,"Blood Type Diet Perceived as ""Crass Fraud""",1.0,1.0,1.0,14079,5066,4130,27058,1.8867,0.00039,10
8,A,Diehard,1.0,1.0,10,Why Do Heart Doctors Favor Surgery and Drugs Over Diet?,1.0,1.0,1.0,13773,5073,3911,26638,1.7481,0.000481,10
8,A,Diehard,1.0,1.0,10,Phytates in Beans: Anti-Nutrient or Anti-Cancer?,1.0,1.0,1.0,12294,5035,3890,24803,1.6094,0.000898,10
8,A,Diehard,1.0,1.0,10,How Phytates Fight Cancer Cells,1.0,1.0,1.0,12453,5062,3895,24935,2.164,8.5e-05,10
8,A,Diehard,1.0,1.0,10,Colon Cancer Prevention: Is it the Fiber or the Phytates?,1.0,1.0,1.0,12401,4910,3896,24825,2.0253,0.001258,10
8,A,Diehard,1.0,1.0,10,Low Carb Diets Found to Feed Heart Disease,1.0,1.0,1.0,12444,4933,3872,24762,2.164,0.000777,10
8,A,Diehard,1.0,1.0,10,How Curry Can Kill Cancer Cells,1.0,1.0,1.0,12032,4845,3882,23858,1.8344,0.000263,10
8,A,Diehard,1.0,1.0,10,Testing Turmeric on Smokers,1.0,1.0,1.0,12227,4906,3848,24528,2.164,0.001032,10
8,A,Diehard,1.0,1.0,10,Alkylphenol Endocrine Disruptors and Allergies,1.0,1.0,1.0,11983,4834,3875,24344,2.0253,0.000472,10
8,A,Diehard,1.0,1.0,10,Slowing Cognitive Decline with Berries,1.0,1.0,1.0,10095,4812,3738,22252,1.8867,0.001869,10
8,A,Diehard,1.0,1.0,10,What is ‘Meat Glue’?,1.0,1.0,1.0,11703,4802,3737,23719,2.164,0.000285,10
8,A,Diehard,1.0,1.0,10,Is Liquid Smoke Safe?,1.0,1.0,1.0,11846,4787,3763,24033,1.8867,0.001226,10
8,A,Diehard,1.0,1.0,10,Does Antioxidant Intake Matter for Stroke and Heart Disease?,1.0,1.0,1.0,11996,4849,3821,24219,1.6434,0.002092,10
8,A,Diehard,1.0,1.0,10,Does Antioxidant Intake Matter for Cancer?,1.0,1.0,1.0,10972,4837,3758,23105,1.8344,0.001094,10
8,A,Diehard,1.0,1.0,10,Is buying organic worth it? A review of the science in new DVD,1.0,1.0,1.0,12107,4841,3800,24217,2.3026,9.9e-05,10
8,A,Diehard,1.0,1.0,10,Orange Aromatherapy for Anxiety,1.0,1.0,1.0,12440,4826,3842,24783,2.0253,0.006857,10
8,A,Diehard,1.0,1.0,10,Food Manufacturers Get to Decide if Their Own Additives Are Safe,1.0,1.0,1.0,10667,4835,3792,22929,2.164,0.000376,10
8,A,Diehard,1.0,1.0,10,Meat Industry Wins Right to Sell Tainted Meat,1.0,1.0,1.0,9957,4781,3737,22035,2.0253,9.1e-05,10
8,A,Diehard,1.0,1.0,10,Chicken Salmonella Outbreaks Show Food Safety Systems Failure,1.0,1.0,1.0,11937,4845,3747,24096,2.0253,0.000323,10
8,A,Diehard,1.0,1.0,10,Viral Food Poisoning from Pesticides?,1.0,1.0,1.0,11998,4820,3745,23925,1.8344,0.000857,10
8,A,Diehard,1.0,1.0,10,The Reversal on Fish Oil,1.0,1.0,1.0,13366,4845,4037,25311,1.6957,2.9e-05,10
8,A,Diehard,1.0,1.0,10,Are Multivitamins Just a Waste of Money?,1.0,1.0,1.0,11917,4864,3813,24286,2.0253,0.000249,10
8,A,DiehardCombined,0.9,1.1,10,Breast Cancer Cells Feed on Cholesterol,0.9,0.9494,0.8889,20082,12814,7399,45010,1.8344,1.8e-05,9
8,A,DiehardCombined,0.9,1.1,10,Using Diet to Treat Asthma and Eczema,0.8,0.8913,0.7143,22353,8275,6009,40610,2.164,2.6e-05,10
8,A,DiehardCombined,0.9,1.1,10,Treating Asthma With Plants vs. Pills,0.9,0.9474,0.5556,16991,7084,5128,31788,2.164,3.9e-05,10
8,A,DiehardCombined,0.9,1.1,10,How Fruits and Vegetables Can Treat Asthma,0.9,0.9469,0.7778,14755,6131,4748,28480,1.8867,3.4e-05,10
8,A,DiehardCombined,0.9,1.1,10,How Fruits and Vegetables Can Prevent Asthma,0.9,0.9431,0.6667,13842,5945,4536,28102,2.0253,2.7e-05,10
8,A,DiehardCombined,0.9,1.1,10,Our Tax Dollars Subsidize Unhealthy Foods,0.8,0.8752,0.3571,16778,5720,4258,29971,2.0253,2e-06,9
8,A,DiehardCombined,0.9,1.1,10,Reducing Arsenic in Chicken and Rice,0.9,0.9268,0.2778,12807,5347,4058,26431,1.6434,1e-06,9
8,A,DiehardCombined,0.9,1.1,10,How Contaminated Are Our Children?,0.8,0.8687,0.7143,14457,5085,3951,26441,2.0253,7e-06,9
8,A,DiehardCombined,0.9,1.1,10,"Blood Type Diet Perceived as ""Crass Fraud""",0.7,0.8006,0.1429,10279,4590,3583,20859,2.0253,2e-06,10
8,A,DiehardCombined,0.9,1.1,10,Why Do Heart Doctors Favor Surgery and Drugs Over Diet?,0.9,0.9311,0.6667,10287,4449,3587,20607,2.0253,4e-06,9
8,A,DiehardCombined,0.9,1.1,10,Phytates in Beans: Anti-Nutrient or Anti-Cancer?,0.7,0.8131,0.9048,11521,4339,3582,22280,2.164,1e-05,9
8,A,DiehardCombined,0.9,1.1,10,How Phytates Fight Cancer Cells,0.9,0.9207,0.0,11141,4286,3587,22162,2.164,1e-06,9
8,A,DiehardCombined,0.9,1.1,10,Colon Cancer Prevention: Is it the Fiber or the Phytates?,1.0,0.9956,0.5111,11527,4337,3608,21823,1.8344,1.5e-05,9
8,A,DiehardCombined,0.9,1.1,10,Low Carb Diets Found to Feed Heart Disease,0.9,0.9222,0.5556,11531,4337,3583,23062,2.0253,2e-06,9
8,A,DiehardCombined,0.9,1.1,10,How Curry Can Kill Cancer Cells,0.8,0.8573,0.5714,12681,4449,3579,24263,2.0253,3e-06,9
8,A,DiehardCombined,0.9,1.1,10,Testing Turmeric on Smokers,0.9,0.9407,0.7222,11674,4597,3607,23469,1.8867,1e-05,9
8,A,DiehardCombined,0.9,1.1,10,Alkylphenol Endocrine Disruptors and Allergies,0.8,0.8368,0.2143,12560,4705,3646,24506,2.164,1e-06,9
8,A,DiehardCombined,0.9,1.1,10,Slowing Cognitive Decline with Berries,0.9,0.9446,0.5556,11662,4735,3683,23538,1.8344,1.2e-05,10
8,A,DiehardCombined,0.9,1.1,10,What is ‘Meat Glue’?,1.0,0.9999,0.9111,11716,4780,3735,23404,2.164,3e-06,9
8,A,DiehardCombined,0.9,1.1,10,Is Liquid Smoke Safe?,0.9,0.949,0.8889,11544,4806,4534,24039,2.3026,1.1e-05,10
8,A,DiehardCombined,0.9,1.1,10,Does Antioxidant Intake Matter for Stroke and Heart Disease?,0.8,0.8729,0.5714,11163,4663,3617,23054,1.4979,1.7e-05,9
8,A,DiehardCombined,0.9,1.1,10,Does Antioxidant Intake Matter for Cancer?,0.9,0.9433,0.7778,10884,4670,3614,22882,2.3026,1.2e-05,10
8,A,DiehardCombined,0.9,1.1,10,Is buying organic worth it? A review of the science in new DVD,0.8,0.8702,0.7857,11328,4712,3656,23179,2.0253,1e-06,8
8,A,DiehardCombined,0.9,1.1,10,Orange Aromatherapy for Anxiety,0.9,0.9546,0.8333,10538,4701,3687,22348,2.164,5.6e-05,10
8,A,DiehardCombined,0.9,1.1,10,Food Manufacturers Get to Decide if Their Own Additives Are Safe,0.8,0.8735,0.5,9875,4694,3646,21810,1.5048,8e-06,8
8,A,DiehardCombined,0.9,1.1,10,Meat Industry Wins Right to Sell Tainted Meat,0.9,0.9457,0.7222,10996,4736,3695,23096,2.164,1e-06,9
8,A,DiehardCombined,0.9,1.1,10,Chicken Salmonella Outbreaks Show Food Safety Systems Failure,0.8,0.872,0.6429,10519,4706,3661,22533,2.0253,3e-06,8
8,A,DiehardCombined,0.9,1.1,10,Viral Food Poisoning from Pesticides?,0.7,0.7861,0.619,10082,4703,3707,22173,1.8867,6e-06,10
8,A,DiehardCombined,0.9,1.1,10,The Reversal on Fish Oil,0.8,0.8412,-0.3571,11245,4709,3712,23298,1.8867,0.0,9
8,A,DiehardCombined,0.9,1.1,10,Are Multivitamins Just a Waste of Money?,0.9,0.9388,0.7778,10691,4768,3730,22741,1.6957,2e-06,7
9,A,Diehard,1.0,1.0,10,Breast Cancer Cells Feed on Cholesterol,1.0,1.0,1.0,18803,11453,7490,41756,1.8344,0.002867,10
9,A,Diehard,1.0,1.0,10,Using Diet to Treat Asthma and Eczema,1.0,1.0,1.0,18492,8193,5983,35860,1.6957,0.003962,10
9,A,Diehard,1.0,1.0,10,Treating Asthma With Plants vs. Pills,1.0,1.0,1.0,15425,6836,5177,30496,1.8867,0.005018,10
9,A,Diehard,1.0,1.0,10,How Fruits and Vegetables Can Treat Asthma,1.0,1.0,1.0,18415,5662,4366,31464,1.8867,0.003889,10
9,A,Diehard,1.0,1.0,10,How Fruits and Vegetables Can Prevent Asthma,1.0,1.0,1.0,15342,5592,4265,28062,1.7481,0.002246,10
9,A,Diehard,1.0,1.0,10,Our Tax Dollars Subsidize Unhealthy Foods,1.0,1.0,1.0,17178,5579,4269,29648,1.8344,0.000264,10
9,A,Diehard,1.0,1.0,10,Reducing Arsenic in Chicken and Rice,1.0,1.0,1.0,15026,5397,4189,27372,1.8344,0.0001,10
9,A,Diehard,1.0,1.0,10,How Contaminated Are Our Children?,1.0,1.0,1.0,14832,5353,4063,27001,2.0253,0.00017,9
9,A,Diehard,1.0,1.0,10,"Blood Type Diet Perceived as ""Crass Fraud""",1.0,1.0,1.0,13561,5192,4060,25541,1.8867,0.00039,10
9,A,Diehard,1.0,1.0,10,Why Do Heart Doctors Favor Surgery and Drugs Over Diet?,1.0,1.0,1.0,13163,5133,4032,24935,1.7481,0.000481,10
9,A,Diehard,1.0,1.0,10,Phytates in Beans: Anti-Nutrient or Anti-Cancer?,1.0,1.0,1.0,12116,5040,4025,23804,1.6094,0.000898,10
9,A,Diehard,1.0,1.0,10,How Phytates Fight Cancer Cells,1.0,1.0,1.0,12844,5073,3911,24428,2.164,8.5e-05,10
9,A,Diehard,1.0,1.0,10,Colon Cancer Prevention: Is it the Fiber or the Phytates?,1.0,1.0,1.0,11710,5009,3880,23177,2.0253,0.001258,10
9,A,Diehard,1.0,1.0,10,Low Carb Diets Found to Feed Heart Disease,1.0,1.0,1.0,12325,5005,3893,23705,2.164,0.000777,10
9,A,Diehard,1.0,1.0,10,How Curry Can Kill Cancer Cells,1.0,1.0,1.0,11197,4983,3871,22632,1.8344,0.000263,10
9,A,Diehard,1.0,1.0,10,Testing Turmeric on Smokers,1.0,1.0,1.0,11130,4832,3844,22399,2.164,0.001032,10
9,A,Diehard,1.0,1.0,10,Alkylphenol Endocrine Disruptors and Allergies,1.0,1.0,1.0,11767,4898,3898,23211,2.0253,0.000472,10
9,A,Diehard,1.0,1.0,10,Slowing Cognitive Decline with Berries,1.0,1.0,1.0,10621,4834,3770,21815,1.8867,0.001869,10
9,A,Diehard,1.0,1.0,10,What is ‘Meat Glue’?,1.0,1.0,1.0,11447,4830,3801,22605,2.164,0.000285,10
9,A,Diehard,1.0,1.0,10,Is Liquid Smoke Safe?,1.0,1.0,1.0,11316,4837,3778,22431,1.8867,0.001226,10
9,A,Diehard,1.0,1.0,10,Does Antioxidant Intake Matter for Stroke and Heart Disease?,1.0,1.0,1.0,11916,4820,3798,23071,1.6434,0.002092,10
9,A,Diehard,1.0,1.0,10,Does Antioxidant Intake Matter for Cancer?,1.0,1.0,1.0,12204,4897,3860,23453,1.8344,0.001094,10
9,A,Diehard,1.0,1.0,10,Is buying organic worth it? A review of the science in new DVD,1.0,1.0,1.0,10965,4899,3841,22238,2.3026,9.9e-05,10
9,A,Diehard,1.0,1.0,10,Orange Aromatherapy for Anxiety,1.0,1.0,1.0,8842,4410,3610,19366,2.0253,0.006857,10
9,A,Diehard,1.0,1.0,10,Food Manufacturers Get to Decide if Their Own Additives Are Safe,1.0,1.0,1.0,9601,4403,3575,20379,2.164,0.000376,10
9,A,Diehard,1.0,1.0,10,Meat Industry Wins Right to Sell Tainted Meat,1.0,1.0,1.0,10995,4375,3594,21804,2.0253,9.1e-05,10
9,A,Diehard,1.0,1.0,10,Chicken Salmonella Outbreaks Show Food Safety Systems Failure,1.0,1.0,1.0,9297,4384,3589,20140,2.0253,0.000323,10
9,A,Diehard,1.0,1.0,10,Viral Food Poisoning from Pesticides?,1.0,1.0,1.0,9039,4404,3585,19493,1.8344,0.000857,10
9,A,Diehard,1.0,1.0,10,The Reversal on Fish Oil,1.0,1.0,1.0,8637,4287,3577,19117,1.6957,2.9e-05,10
9,A,Diehard,1.0,1.0,10,Are Multivitamins Just a Waste of Money?,1.0,1.0,1.0,10204,4357,3580,20777,2.0253,0.000249,10
9,A,DiehardCombined,0.9,1.1,10,Breast Cancer Cells Feed on Cholesterol,0.9,0.9493,0.7222,24049,12588,7551,49201,2.164,2.2e-05,9
9,A,DiehardCombined,0.9,1.1,10,Using Diet to Treat Asthma and Eczema,0.8,0.8906,0.7857,22729,8855,5979,42107,1.7481,1.7e-05,8
9,A,DiehardCombined,0.9,1.1,10,Treating Asthma With Plants vs. Pills,0.9,0.9484,0.5,18691,7189,5158,33830,2.0253,3.9e-05,10
9,A,DiehardCombined,0.9,1.1,10,How Fruits and Vegetables Can Treat Asthma,0.9,0.949,0.7778,17549,6645,4870,32943,2.0253,2.9e-05,10
9,A,DiehardCombined,0.9,1.1,10,How Fruits and Vegetables Can Prevent Asthma,0.9,0.9458,0.7222,15233,6142,4662,30373,2.3026,2.1e-05,10
9,A,DiehardCombined,0.9,1.1,10,Our Tax Dollars Subsidize Unhealthy Foods,0.7,0.817,0.619,16777,5712,4515,30904,2.0253,2e-06,9
9,A,DiehardCombined,0.9,1.1,10,Reducing Arsenic in Chicken and Rice,0.9,0.9323,0.3889,12713,5487,4265,26425,1.7481,2e-06,8
9,A,DiehardCombined,0.9,1.1,10,How Contaminated Are Our Children?,0.8,0.8624,0.5714,13886,5365,4087,27069,2.164,5e-06,10
9,A,DiehardCombined,0.9,1.1,10,"Blood Type Diet Perceived as ""Crass Fraud""",0.9,0.9384,0.6667,13380,5251,4092,26565,2.0253,3e-06,9
9,A,DiehardCombined,0.9,1.1,10,Why Do Heart Doctors Favor Surgery and Drugs Over Diet?,1.0,0.9976,0.4222,15946,5351,4170,29779,1.8344,4e-06,9
9,A,DiehardCombined,0.9,1.1,10,Phytates in Beans: Anti-Nutrient or Anti-Cancer?,0.7,0.7953,0.7143,13138,5130,4076,26683,1.5571,6e-06,10
9,A,DiehardCombined,0.9,1.1,10,How Phytates Fight Cancer Cells,0.8,0.862,0.3571,10660,5110,3980,28739,1.8344,1e-06,7
9,A,DiehardCombined,0.9,1.1,10,Colon Cancer Prevention: Is it the Fiber or the Phytates?,1.0,0.9982,0.7333,15176,5227,4092,28469,2.164,1e-05,9
9,A,DiehardCombined,0.9,1.1,10,Low Carb Diets Found to Feed Heart Disease,0.9,0.9355,0.7222,13118,5142,3990,26120,2.164,4e-06,9
9,A,DiehardCombined,0.9,1.1,10,How Curry Can Kill Cancer Cells,0.8,0.8748,0.4286,12765,5358,3998,25797,2.0253,4e-06,10
9,A,DiehardCombined,0.9,1.1,10,Testing Turmeric on Smokers,0.8,0.8719,0.4286,12582,5088,3893,24931,1.8344,6e-06,9
9,A,DiehardCombined,0.9,1.1,10,Alkylphenol Endocrine Disruptors and Allergies,1.0,0.9963,0.3778,11968,5065,3879,24546,1.973,6e-06,10
9,A,DiehardCombined,0.9,1.1,10,Slowing Cognitive Decline with Berries,0.8,0.8858,0.8571,10893,4869,3858,23332,1.8344,2e-05,10
9,A,DiehardCombined,0.9,1.1,10,What is ‘Meat Glue’?,0.9,0.9417,0.5556,11023,4912,3870,24446,1.8867,2e-06,10
9,A,DiehardCombined,0.9,1.1,10,Is Liquid Smoke Safe?,1.0,0.9974,0.7333,10892,4554,3588,22415,2.164,7e-06,10
9,A,DiehardCombined,0.9,1.1,10,Does Antioxidant Intake Matter for Stroke and Heart Disease?,0.8,0.8693,0.7143,16212,4530,3624,26774,1.8344,1.6e-05,9
9,A,DiehardCombined,0.9,1.1,10,Does Antioxidant Intake Matter for Cancer?,0.7,0.7964,0.7143,10367,4477,3566,20709,2.0253,7e-06,10
9,A,DiehardCombined,0.9,1.1,10,Is buying organic worth it? A review of the science in new DVD,0.9,0.9376,0.7222,9735,4335,3593,20178,2.164,1e-06,10
9,A,DiehardCombined,0.9,1.1,10,Orange Aromatherapy for Anxiety,1.0,0.9997,0.8667,11820,4324,3580,22018,2.0253,5.2e-05,10
9,A,DiehardCombined,0.9,1.1,10,Food Manufacturers Get to Decide if Their Own Additives Are Safe,0.9,0.9405,0.5,10157,4380,3595,21256,1.8867,6e-06,10
9,A,DiehardCombined,0.9,1.1,10,Meat Industry Wins Right to Sell Tainted Meat,0.7,0.8214,0.5238,9896,4408,3596,21480,1.6094,1e-06,8
9,A,DiehardCombined,0.9,1.1,10,Chicken Salmonella Outbreaks Show Food Safety Systems Failure,0.8,0.8549,0.5714,11265,4322,3578,22725,2.0253,3e-06,10
9,A,DiehardCombined,0.9,1.1,10,Viral Food Poisoning from Pesticides?,0.9,0.9413,0.6667,12099,4368,3583,23770,2.164,5e-06,10
9,A,DiehardCombined,0.9,1.1,10,The Reversal on Fish Oil,0.7,0.7562,0.5238,11423,4502,3598,26555,1.973,0.0,8
9,A,DiehardCombined,0.9,1.1,10,Are Multivitamins Just a Waste of Money?,0.9,0.9279,0.3889,12359,4706,3723,24380,2.164,2e-06,10
10,A,Diehard,1.0,1.0,10,Breast Cancer Cells Feed on Cholesterol,1.0,1.0,1.0,26629,13281,7418,58211,1.8344,0.002867,10
10,A,Diehard,1.0,1.0,10,Using Diet to Treat Asthma and Eczema,1.0,1.0,1.0,39045,9644,6427,59771,1.6957,0.003962,10
10,A,Diehard,1.0,1.0,10,Treating Asthma With Plants vs. Pills,1.0,1.0,1.0,26021,7308,5372,43087,1.8867,0.005018,10
10,A,Diehard,1.0,1.0,10,How Fruits and Vegetables Can Treat Asthma,1.0,1.0,1.0,17299,6542,4901,32796,1.8867,0.003889,10
10,A,Diehard,1.0,1.0,10,How Fruits and Vegetables Can Prevent Asthma,1.0,1.0,1.0,24591,6345,4821,39502,1.7481,0.002246,10
10,A,Diehard,1.0,1.0,10,Our Tax Dollars Subsidize Unhealthy Foods,1.0,1.0,1.0,15664,6049,4537,30851,1.8344,0.000264,10
10,A,Diehard,1.0,1.0,10,Reducing Arsenic in Chicken and Rice,1.0,1.0,1.0,14264,5667,4256,27760,1.8344,0.0001,10
10,A,Diehard,1.0,1.0,10,How Contaminated Are Our Children?,1.0,1.0,1.0,14442,5628,4258,28562,2.0253,0.00017,9
10,A,Diehard,1.0,1.0,10,"Blood Type Diet Perceived as ""Crass Fraud""",1.0,1.0,1.0,15348,5498,4200,28977,1.8867,0.00039,10
10,A,Diehard,1.0,1.0,10,Why Do Heart Doctors Favor Surgery and Drugs Over Diet?,1.0,1.0,1.0,13776,5188,4055,27960,1.7481,0.000481,10
10,A,Diehard,1.0,1.0,10,Phytates in Beans: Anti-Nutrient or Anti-Cancer?,1.0,1.0,1.0,14275,5280,4056,27928,1.6094,0.000898,10
10,A,Diehard,1.0,1.0,10,How Phytates Fight Cancer Cells,1.0,1.0,1.0,13130,5035,4011,26216,2.164,8.5e-05,10
10,A,Diehard,1.0,1.0,10,Colon Cancer Prevention: Is it the Fiber or the Phytates?,1.0,1.0,1.0,13180,5065,3900,27538,2.0253,0.001258,10
10,A,Diehard,1.0,1.0,10,Low Carb Diets Found to Feed Heart Disease,1.0,1.0,1.0,14700,5134,4029,28950,2.164,0.000777,10
10,A,Diehard,1.0,1.0,10,How Curry Can Kill Cancer Cells,1.0,1.0,1.0,13637,5162,4053,27654,1.8344,0.000263,10
10,A,Diehard,1.0,1.0,10,Testing Turmeric on Smokers,1.0,1.0,1.0,11404,5147,4025,25860,2.164,0.001032,10
10,A,Diehard,1.0,1.0,10,Alkylphenol Endocrine Disruptors and Allergies,1.0,1.0,1.0,14637,5202,4049,28051,2.0253,0.000472,10
10,A,Diehard,1.0,1.0,10,Slowing Cognitive Decline with Berries,1.0,1.0,1.0,11027,5060,3925,24077,1.8867,0.001869,10
10,A,Diehard,1.0,1.0,10,What is ‘Meat Glue’?,1.0,1.0,1.0,10945,4997,3871,23984,2.164,0.000285,10
10,A,Diehard,1.0,1.0,10,Is Liquid Smoke Safe?,1.0,1.0,1.0,10775,4918,3853,23833,1.8867,0.001226,10
10,A,Diehard,1.0,1.0,10,Does Antioxidant Intake Matter for Stroke and Heart Disease?,1.0,1.0,1.0,12285,4837,3850,25574,1.6434,0.002092,10
10,A,Diehard,1.0,1.0,10,Does Antioxidant Intake Matter for Cancer?,1.0,1.0,1.0,11206,4430,3588,23468,1.8344,0.001094,10
10,A,Diehard,1.0,1.0,10,Is buying organic worth it? A review of the science in new DVD,1.0,1.0,1.0,10467,4514,3599,21207,2.3026,9.9e-05,10
10,A,Diehard,1.0,1.0,10,Orange Aromatherapy for Anxiety,1.0,1.0,1.0,10321,4546,3577,21043,2.0253,0.006857,10
10,A,Diehard,1.0,1.0,10,Food Manufacturers Get to Decide if Their Own Additives Are Safe,1.0,1.0,1.0,9649,4564,4025,21297,2.164,0.000376,10
10,A,Diehard,1.0,1.0,10,Meat Industry Wins Right to Sell Tainted Meat,1.0,1.0,1.0,10626,4384,3580,21417,2.0253,9.1e-05,10
10,A,Diehard,1.0,1.0,10,Chicken Salmonella Outbreaks Show Food Safety Systems Failure,1.0,1.0,1.0,9315,4324,3586,19595,2.0253,0.000323,10
10,A,Diehard,1.0,1.0,10,Viral Food Poisoning from Pesticides?,1.0,1.0,1.0,10603,4353,3585,22156,1.8344,0.000857,10
10,A,Diehard,1.0,1.0,10,The Reversal on Fish Oil,1.0,1.0,1.0,9797,4373,3584,21996,1.6957,2.9e-05,10
10,A,Diehard,1.0,1.0,10,Are Multivitamins Just a Waste of Money?,1.0,1.0,1.0,11344,4303,3589,23346,2.0253,0.000249,10
10,A,DiehardCombined,0.9,1.1,10,Breast Cancer Cells Feed on Cholesterol,0.9,0.9488,0.8333,22229,11268,3857,42118,2.164,2.3e-05,10
10,A,DiehardCombined,0.9,1.1,10,Using Diet to Treat Asthma and Eczema,0.8,0.8988,0.7857,18644,7241,4798,35952,2.164,3.2e-05,10
10,A,DiehardCombined,0.9,1.1,10,Treating Asthma With Plants vs. Pills,1.0,0.9995,0.7778,20520,8278,5973,39024,1.8344,3.3e-05,10
10,A,DiehardCombined,0.9,1.1,10,How Fruits and Vegetables Can Treat Asthma,0.9,0.9497,0.7778,15392,6793,5101,31567,1.973,2.4e-05,10
10,A,DiehardCombined,0.9,1.1,10,How Fruits and Vegetables Can Prevent Asthma,1.0,0.9973,0.8222,13096,5742,4344,27003,1.6434,1.4e-05,8
10,A,DiehardCombined,0.9,1.1,10,Our Tax Dollars Subsidize Unhealthy Foods,1.0,0.9952,0.6444,9933,5001,3823,21737,1.8344,3e-06,10
10,A,DiehardCombined,0.9,1.1,10,Reducing Arsenic in Chicken and Rice,0.8,0.8597,0.6429,14964,4525,3602,25695,1.8344,2e-06,9
10,A,DiehardCombined,0.9,1.1,10,How Contaminated Are Our Children?,0.8,0.8464,-0.1429,11336,4412,3587,21730,1.6094,1e-06,6
10,A,DiehardCombined,0.9,1.1,10,"Blood Type Diet Perceived as ""Crass Fraud""",0.9,0.9367,0.5,10023,4412,3582,20716,2.164,1e-05,10
10,A,DiehardCombined,0.9,1.1,10,Why Do Heart Doctors Favor Surgery and Drugs Over Diet?,0.8,0.8779,0.4286,11059,4379,3592,21878,2.3026,8e-06,10
10,A,DiehardCombined,0.9,1.1,10,Phytates in Beans: Anti-Nutrient or Anti-Cancer?,0.9,0.9365,0.7222,11553,4416,3586,21879,2.0253,7e-06,9
10,A,DiehardCombined,0.9,1.1,10,How Phytates Fight Cancer Cells,0.9,0.9341,0.3889,14181,4347,3585,25746,2.164,1e-06,9
10,A,DiehardCombined,0.9,1.1,10,Colon Cancer Prevention: Is it the Fiber or the Phytates?,1.0,0.9996,0.8667,13063,4427,3580,24723,2.0253,1.4e-05,10
10,A,DiehardCombined,0.9,1.1,10,Low Carb Diets Found to Feed Heart Disease,0.8,0.8673,0.6429,12739,4580,3581,24570,2.164,5e-06,9
10,A,DiehardCombined,0.9,1.1,10,How Curry Can Kill Cancer Cells,0.8,0.877,0.5,12361,4715,3659,24490,1.8867,3e-06,10
10,A,DiehardCombined,0.9,1.1,10,Testing Turmeric on Smokers,0.8,0.876,0.7143,12285,4705,3691,24395,1.8344,8e-06,9
10,A,DiehardCombined,0.9,1.1,10,Alkylphenol Endocrine Disruptors and Allergies,0.7,0.8024,0.619,12755,4816,3741,24671,1.973,6e-06,8
10,A,DiehardCombined,0.9,1.1,10,Slowing Cognitive Decline with Berries,0.8,0.8854,0.7143,11525,4878,3754,24000,1.8344,1.5e-05,10
10,A,DiehardCombined,0.9,1.1,10,What is ‘Meat Glue’?,0.9,0.9249,0.5556,10786,4842,3739,22457,1.973,2e-06,9
10,A,DiehardCombined,0.9,1.1,10,Is Liquid Smoke Safe?,0.8,0.8906,0.7143,11595,4910,3751,24232,2.164,1.4e-05,9
10,A,DiehardCombined,0.9,1.1,10,Does Antioxidant Intake Matter for Stroke and Heart Disease?,0.8,0.8871,0.7143,11636,4873,3790,24179,2.0253,2.6e-05,9
10,A,DiehardCombined,0.9,1.1,10,Does Antioxidant Intake Matter for Cancer?,0.8,0.8716,0.7143,10749,4883,3742,22816,2.164,1e-05,10
10,A,DiehardCombined,0.9,1.1,10,Is buying organic worth it? A review of the science in new DVD,0.8,0.8703,0.1429,11853,4872,3743,24161,1.973,1e-06,9
10,A,DiehardCombined,0.9,1.1,10,Orange Aromatherapy for Anxiety,1.0,0.9999,0.9556,10733,4885,3751,22976,1.8867,5e-05,9
10,A,DiehardCombined,0.9,1.1,10,Food Manufacturers Get to Decide if Their Own Additives Are Safe,0.9,0.9304,0.6111,11615,4873,3746,23658,2.0253,3e-06,9
10,A,DiehardCombined,0.9,1.1,10,Meat Industry Wins Right to Sell Tainted Meat,0.9,0.9316,0.8333,10724,4866,3748,23094,2.0253,1e-06,10
10,A,DiehardCombined,0.9,1.1,10,Chicken Salmonella Outbreaks Show Food Safety Systems Failure,0.9,0.942,0.8889,10892,4845,3735,23336,2.0253,5e-06,10
10,A,DiehardCombined,0.9,1.1,10,Viral Food Poisoning from Pesticides?,0.9,0.9406,0.6111,11396,4856,3767,24062,2.3026,8e-06,10
10,A,DiehardCombined,0.9,1.1,10,The Reversal on Fish Oil,0.9,0.9217,0.3333,12549,4888,3796,26069,2.0253,1e-06,9
10,A,DiehardCombined,0.9,1.1,10,Are Multivitamins Just a Waste of Money?,0.9,0.9346,0.5,12235,4974,3851,24690,2.164,5e-06,10
