trial,exp,algorithm,top_k,query,recall_at_k,ndcg_at_k,kendall_tau
1,E,Scrambling,1,Breast Cancer Cells Feed on Cholesterol,1.0,1.0,1.0
1,E,Scrambling,1,Using Diet to Treat Asthma and Eczema,1.0,1.0,1.0
1,E,Scrambling,1,Treating Asthma With Plants vs. Pills,1.0,1.0,1.0
1,E,Scrambling,1,How Fruits and Vegetables Can Treat Asthma,1.0,1.0,1.0
1,E,Scrambling,1,How Fruits and Vegetables Can Prevent Asthma,1.0,1.0,1.0
1,E,Scrambling,1,Our Tax Dollars Subsidize Unhealthy Foods,1.0,1.0,1.0
1,E,Scrambling,1,Reducing Arsenic in Chicken and Rice,1.0,1.0,1.0
1,E,Scrambling,1,How Contaminated Are Our Children?,1.0,1.0,1.0
1,E,Scrambling,1,"Blood Type Diet Perceived as ""Crass Fraud""",1.0,1.0,1.0
1,E,Scrambling,1,Why Do Heart Doctors Favor Surgery and Drugs Over Diet?,1.0,1.0,1.0
1,E,Scrambling,5,Breast Cancer Cells Feed on Cholesterol,1.0,1.0,1.0
1,E,Scrambling,5,Using Diet to Treat Asthma and Eczema,1.0,1.0,1.0
1,E,Scrambling,5,Treating Asthma With Plants vs. Pills,1.0,1.0,1.0
1,E,Scrambling,5,How Fruits and Vegetables Can Treat Asthma,1.0,1.0,1.0
1,E,Scrambling,5,How Fruits and Vegetables Can Prevent Asthma,1.0,1.0,1.0
1,E,Scrambling,5,Our Tax Dollars Subsidize Unhealthy Foods,1.0,1.0,1.0
1,E,Scrambling,5,Reducing Arsenic in Chicken and Rice,1.0,1.0,1.0
1,E,Scrambling,5,How Contaminated Are Our Children?,1.0,1.0,1.0
1,E,Scrambling,5,"Blood Type Diet Perceived as ""Crass Fraud""",1.0,1.0,1.0
1,E,Scrambling,5,Why Do Heart Doctors Favor Surgery and Drugs Over Diet?,1.0,1.0,1.0
1,E,Scrambling,10,Breast Cancer Cells Feed on Cholesterol,1.0,1.0,1.0
1,E,Scrambling,10,Using Diet to Treat Asthma and Eczema,1.0,1.0,1.0
1,E,Scrambling,10,Treating Asthma With Plants vs. Pills,1.0,1.0,1.0
1,E,Scrambling,10,How Fruits and Vegetables Can Treat Asthma,1.0,1.0,1.0
1,E,Scrambling,10,How Fruits and Vegetables Can Prevent Asthma,1.0,1.0,1.0
1,E,Scrambling,10,Our Tax Dollars Subsidize Unhealthy Foods,1.0,1.0,1.0
1,E,Scrambling,10,Reducing Arsenic in Chicken and Rice,1.0,1.0,1.0
1,E,Scrambling,10,How Contaminated Are Our Children?,1.0,1.0,1.0
1,E,Scrambling,10,"Blood Type Diet Perceived as ""Crass Fraud""",1.0,1.0,1.0
1,E,Scrambling,10,Why Do Heart Doctors Favor Surgery and Drugs Over Diet?,1.0,1.0,1.0
1,E,Scrambling,20,Breast Cancer Cells Feed on Cholesterol,1.0,1.0,1.0
1,E,Scrambling,20,Using Diet to Treat Asthma and Eczema,1.0,1.0,1.0
1,E,Scrambling,20,Treating Asthma With Plants vs. Pills,1.0,1.0,1.0
1,E,Scrambling,20,How Fruits and Vegetables Can Treat Asthma,1.0,1.0,1.0
1,E,Scrambling,20,How Fruits and Vegetables Can Prevent Asthma,1.0,1.0,1.0
1,E,Scrambling,20,Our Tax Dollars Subsidize Unhealthy Foods,1.0,1.0,1.0
1,E,Scrambling,20,Reducing Arsenic in Chicken and Rice,1.0,1.0,1.0
1,E,Scrambling,20,How Contaminated Are Our Children?,1.0,1.0,1.0
1,E,Scrambling,20,"Blood Type Diet Perceived as ""Crass Fraud""",1.0,1.0,1.0
1,E,Scrambling,20,Why Do Heart Doctors Favor Surgery and Drugs Over Diet?,1.0,1.0,1.0
1,E,Scrambling,50,Breast Cancer Cells Feed on Cholesterol,1.0,1.0,1.0
1,E,Scrambling,50,Using Diet to Treat Asthma and Eczema,1.0,1.0,1.0
1,E,Scrambling,50,Treating Asthma With Plants vs. Pills,1.0,1.0,1.0
1,E,Scrambling,50,How Fruits and Vegetables Can Treat Asthma,1.0,1.0,1.0
1,E,Scrambling,50,How Fruits and Vegetables Can Prevent Asthma,1.0,1.0,1.0
1,E,Scrambling,50,Our Tax Dollars Subsidize Unhealthy Foods,1.0,1.0,1.0
1,E,Scrambling,50,Reducing Arsenic in Chicken and Rice,1.0,1.0,1.0
1,E,Scrambling,50,How Contaminated Are Our Children?,1.0,1.0,1.0
1,E,Scrambling,50,"Blood Type Diet Perceived as ""Crass Fraud""",1.0,1.0,1.0
1,E,Scrambling,50,Why Do Heart Doctors Favor Surgery and Drugs Over Diet?,1.0,1.0,1.0
1,E,Noise,1,Breast Cancer Cells Feed on Cholesterol,1.0,1.0,1.0
1,E,Noise,1,Using Diet to Treat Asthma and Eczema,1.0,1.0,1.0
1,E,Noise,1,Treating Asthma With Plants vs. Pills,1.0,1.0,1.0
1,E,Noise,1,How Fruits and Vegetables Can Treat Asthma,1.0,1.0,1.0
1,E,Noise,1,How Fruits and Vegetables Can Prevent Asthma,0.0,0.9939,1.0
1,E,Noise,1,Our Tax Dollars Subsidize Unhealthy Foods,1.0,1.0,1.0
1,E,Noise,1,Reducing Arsenic in Chicken and Rice,1.0,1.0,1.0
1,E,Noise,1,How Contaminated Are Our Children?,1.0,1.0,1.0
1,E,Noise,1,"Blood Type Diet Perceived as ""Crass Fraud""",1.0,1.0,1.0
1,E,Noise,1,Why Do Heart Doctors Favor Surgery and Drugs Over Diet?,1.0,1.0,1.0
1,E,Noise,5,Breast Cancer Cells Feed on Cholesterol,1.0,1.0,1.0
1,E,Noise,5,Using Diet to Treat Asthma and Eczema,1.0,0.9998,0.8
1,E,Noise,5,Treating Asthma With Plants vs. Pills,0.8,0.9998,0.8
1,E,Noise,5,How Fruits and Vegetables Can Treat Asthma,1.0,1.0,1.0
1,E,Noise,5,How Fruits and Vegetables Can Prevent Asthma,1.0,0.9992,0.8
1,E,Noise,5,Our Tax Dollars Subsidize Unhealthy Foods,1.0,1.0,1.0
1,E,Noise,5,Reducing Arsenic in Chicken and Rice,1.0,1.0,1.0
1,E,Noise,5,How Contaminated Are Our Children?,1.0,1.0,1.0
1,E,Noise,5,"Blood Type Diet Perceived as ""Crass Fraud""",1.0,0.9999,0.8
1,E,Noise,5,Why Do Heart Doctors Favor Surgery and Drugs Over Diet?,1.0,1.0,1.0
1,E,Noise,10,Breast Cancer Cells Feed on Cholesterol,1.0,1.0,1.0
1,E,Noise,10,Using Diet to Treat Asthma and Eczema,1.0,0.9999,0.9556
1,E,Noise,10,Treating Asthma With Plants vs. Pills,1.0,0.9999,0.9111
1,E,Noise,10,How Fruits and Vegetables Can Treat Asthma,1.0,1.0,1.0
1,E,Noise,10,How Fruits and Vegetables Can Prevent Asthma,1.0,0.9994,0.9556
1,E,Noise,10,Our Tax Dollars Subsidize Unhealthy Foods,1.0,1.0,0.8667
1,E,Noise,10,Reducing Arsenic in Chicken and Rice,1.0,1.0,1.0
1,E,Noise,10,How Contaminated Are Our Children?,1.0,1.0,1.0
1,E,Noise,10,"Blood Type Diet Perceived as ""Crass Fraud""",1.0,0.9999,0.9556
1,E,Noise,10,Why Do Heart Doctors Favor Surgery and Drugs Over Diet?,1.0,1.0,0.9111
1,E,Noise,20,Breast Cancer Cells Feed on Cholesterol,1.0,1.0,0.9474
1,E,Noise,20,Using Diet to Treat Asthma and Eczema,1.0,0.9999,0.9895
1,E,Noise,20,Treating Asthma With Plants vs. Pills,1.0,0.9999,0.9789
1,E,Noise,20,How Fruits and Vegetables Can Treat Asthma,1.0,1.0,1.0
1,E,Noise,20,How Fruits and Vegetables Can Prevent Asthma,1.0,0.9996,0.9895
1,E,Noise,20,Our Tax Dollars Subsidize Unhealthy Foods,1.0,1.0,0.9684
1,E,Noise,20,Reducing Arsenic in Chicken and Rice,1.0,1.0,0.9789
1,E,Noise,20,How Contaminated Are Our Children?,1.0,1.0,0.9895
1,E,Noise,20,"Blood Type Diet Perceived as ""Crass Fraud""",1.0,0.9999,0.9684
1,E,Noise,20,Why Do Heart Doctors Favor Surgery and Drugs Over Diet?,1.0,1.0,0.9684
1,E,Noise,50,Breast Cancer Cells Feed on Cholesterol,1.0,1.0,0.9804
1,E,Noise,50,Using Diet to Treat Asthma and Eczema,1.0,0.9999,0.9869
1,E,Noise,50,Treating Asthma With Plants vs. Pills,1.0,1.0,0.9853
1,E,Noise,50,How Fruits and Vegetables Can Treat Asthma,0.98,0.991,0.9847
1,E,Noise,50,How Fruits and Vegetables Can Prevent Asthma,1.0,0.9997,0.9935
1,E,Noise,50,Our Tax Dollars Subsidize Unhealthy Foods,1.0,1.0,0.9739
1,E,Noise,50,Reducing Arsenic in Chicken and Rice,1.0,1.0,0.9837
1,E,Noise,50,How Contaminated Are Our Children?,1.0,1.0,0.9837
1,E,Noise,50,"Blood Type Diet Perceived as ""Crass Fraud""",0.98,0.9892,0.9864
1,E,Noise,50,Why Do Heart Doctors Favor Surgery and Drugs Over Diet?,0.98,0.9893,0.983
1,E,Combined,1,Breast Cancer Cells Feed on Cholesterol,1.0,1.0,1.0
1,E,Combined,1,Using Diet to Treat Asthma and Eczema,1.0,1.0,1.0
1,E,Combined,1,Treating Asthma With Plants vs. Pills,1.0,1.0,1.0
1,E,Combined,1,How Fruits and Vegetables Can Treat Asthma,1.0,1.0,1.0
1,E,Combined,1,How Fruits and Vegetables Can Prevent Asthma,1.0,1.0,1.0
1,E,Combined,1,Our Tax Dollars Subsidize Unhealthy Foods,1.0,1.0,1.0
1,E,Combined,1,Reducing Arsenic in Chicken and Rice,1.0,1.0,1.0
1,E,Combined,1,How Contaminated Are Our Children?,1.0,1.0,1.0
1,E,Combined,1,"Blood Type Diet Perceived as ""Crass Fraud""",1.0,1.0,1.0
1,E,Combined,1,Why Do Heart Doctors Favor Surgery and Drugs Over Diet?,1.0,1.0,1.0
1,E,Combined,5,Breast Cancer Cells Feed on Cholesterol,1.0,1.0,1.0
1,E,Combined,5,Using Diet to Treat Asthma and Eczema,1.0,1.0,1.0
1,E,Combined,5,Treating Asthma With Plants vs. Pills,0.8,0.9999,1.0
1,E,Combined,5,How Fruits and Vegetables Can Treat Asthma,0.8,0.9996,1.0
1,E,Combined,5,How Fruits and Vegetables Can Prevent Asthma,1.0,1.0,1.0
1,E,Combined,5,Our Tax Dollars Subsidize Unhealthy Foods,1.0,1.0,1.0
1,E,Combined,5,Reducing Arsenic in Chicken and Rice,0.8,0.9989,1.0
1,E,Combined,5,How Contaminated Are Our Children?,1.0,1.0,0.8
1,E,Combined,5,"Blood Type Diet Perceived as ""Crass Fraud""",1.0,1.0,1.0
1,E,Combined,5,Why Do Heart Doctors Favor Surgery and Drugs Over Diet?,0.8,0.9992,1.0
1,E,Combined,10,Breast Cancer Cells Feed on Cholesterol,1.0,1.0,1.0
1,E,Combined,10,Using Diet to Treat Asthma and Eczema,1.0,1.0,1.0
1,E,Combined,10,Treating Asthma With Plants vs. Pills,1.0,1.0,0.9111
1,E,Combined,10,How Fruits and Vegetables Can Treat Asthma,1.0,1.0,0.9556
1,E,Combined,10,How Fruits and Vegetables Can Prevent Asthma,1.0,1.0,1.0
1,E,Combined,10,Our Tax Dollars Subsidize Unhealthy Foods,1.0,1.0,0.9556
1,E,Combined,10,Reducing Arsenic in Chicken and Rice,1.0,0.9999,0.8667
1,E,Combined,10,How Contaminated Are Our Children?,1.0,1.0,0.9556
1,E,Combined,10,"Blood Type Diet Perceived as ""Crass Fraud""",1.0,1.0,0.9556
1,E,Combined,10,Why Do Heart Doctors Favor Surgery and Drugs Over Diet?,1.0,0.9999,0.8222
1,E,Combined,20,Breast Cancer Cells Feed on Cholesterol,1.0,1.0,0.9684
1,E,Combined,20,Using Diet to Treat Asthma and Eczema,1.0,1.0,1.0
1,E,Combined,20,Treating Asthma With Plants vs. Pills,1.0,1.0,0.9474
1,E,Combined,20,How Fruits and Vegetables Can Treat Asthma,1.0,1.0,0.9895
1,E,Combined,20,How Fruits and Vegetables Can Prevent Asthma,1.0,1.0,1.0
1,E,Combined,20,Our Tax Dollars Subsidize Unhealthy Foods,1.0,1.0,0.9789
1,E,Combined,20,Reducing Arsenic in Chicken and Rice,0.95,0.9999,0.9684
1,E,Combined,20,How Contaminated Are Our Children?,1.0,1.0,0.9579
1,E,Combined,20,"Blood Type Diet Perceived as ""Crass Fraud""",0.95,1.0,0.9895
1,E,Combined,20,Why Do Heart Doctors Favor Surgery and Drugs Over Diet?,1.0,0.9999,0.9474
1,E,Combined,50,Breast Cancer Cells Feed on Cholesterol,1.0,1.0,0.9755
1,E,Combined,50,Using Diet to Treat Asthma and Eczema,1.0,1.0,0.9918
1,E,Combined,50,Treating Asthma With Plants vs. Pills,1.0,1.0,0.9722
1,E,Combined,50,How Fruits and Vegetables Can Treat Asthma,1.0,1.0,0.9837
1,E,Combined,50,How Fruits and Vegetables Can Prevent Asthma,1.0,1.0,0.9918
1,E,Combined,50,Our Tax Dollars Subsidize Unhealthy Foods,1.0,1.0,0.9706
1,E,Combined,50,Reducing Arsenic in Chicken and Rice,0.98,0.989,0.9694
1,E,Combined,50,How Contaminated Are Our Children?,1.0,1.0,0.9771
1,E,Combined,50,"Blood Type Diet Perceived as ""Crass Fraud""",0.98,0.9892,0.9779
1,E,Combined,50,Why Do Heart Doctors Favor Surgery and Drugs Over Diet?,1.0,1.0,0.9788
1,E,Rome,1,Breast Cancer Cells Feed on Cholesterol,1.0,1.0,1.0
1,E,Rome,1,Using Diet to Treat Asthma and Eczema,1.0,1.0,1.0
1,E,Rome,1,Treating Asthma With Plants vs. Pills,1.0,1.0,1.0
1,E,Rome,1,How Fruits and Vegetables Can Treat Asthma,1.0,1.0,1.0
1,E,Rome,1,How Fruits and Vegetables Can Prevent Asthma,1.0,1.0,1.0
1,E,Rome,1,Our Tax Dollars Subsidize Unhealthy Foods,1.0,1.0,1.0
1,E,Rome,1,Reducing Arsenic in Chicken and Rice,1.0,1.0,1.0
1,E,Rome,1,How Contaminated Are Our Children?,1.0,1.0,1.0
1,E,Rome,1,"Blood Type Diet Perceived as ""Crass Fraud""",1.0,1.0,1.0
1,E,Rome,1,Why Do Heart Doctors Favor Surgery and Drugs Over Diet?,1.0,1.0,1.0
1,E,Rome,5,Breast Cancer Cells Feed on Cholesterol,1.0,1.0,1.0
1,E,Rome,5,Using Diet to Treat Asthma and Eczema,1.0,1.0,1.0
1,E,Rome,5,Treating Asthma With Plants vs. Pills,1.0,1.0,1.0
1,E,Rome,5,How Fruits and Vegetables Can Treat Asthma,1.0,1.0,1.0
1,E,Rome,5,How Fruits and Vegetables Can Prevent Asthma,1.0,1.0,1.0
1,E,Rome,5,Our Tax Dollars Subsidize Unhealthy Foods,1.0,1.0,1.0
1,E,Rome,5,Reducing Arsenic in Chicken and Rice,1.0,1.0,1.0
1,E,Rome,5,How Contaminated Are Our Children?,1.0,1.0,1.0
1,E,Rome,5,"Blood Type Diet Perceived as ""Crass Fraud""",1.0,1.0,1.0
1,E,Rome,5,Why Do Heart Doctors Favor Surgery and Drugs Over Diet?,1.0,1.0,1.0
1,E,Rome,10,Breast Cancer Cells Feed on Cholesterol,1.0,1.0,1.0
1,E,Rome,10,Using Diet to Treat Asthma and Eczema,1.0,1.0,1.0
1,E,Rome,10,Treating Asthma With Plants vs. Pills,1.0,1.0,1.0
1,E,Rome,10,How Fruits and Vegetables Can Treat Asthma,1.0,1.0,1.0
1,E,Rome,10,How Fruits and Vegetables Can Prevent Asthma,1.0,1.0,1.0
1,E,Rome,10,Our Tax Dollars Subsidize Unhealthy Foods,1.0,1.0,1.0
1,E,Rome,10,Reducing Arsenic in Chicken and Rice,1.0,1.0,1.0
1,E,Rome,10,How Contaminated Are Our Children?,1.0,1.0,1.0
1,E,Rome,10,"Blood Type Diet Perceived as ""Crass Fraud""",1.0,1.0,1.0
1,E,Rome,10,Why Do Heart Doctors Favor Surgery and Drugs Over Diet?,1.0,1.0,1.0
1,E,Rome,20,Breast Cancer Cells Feed on Cholesterol,1.0,1.0,1.0
1,E,Rome,20,Using Diet to Treat Asthma and Eczema,1.0,1.0,1.0
1,E,Rome,20,Treating Asthma With Plants vs. Pills,1.0,1.0,1.0
1,E,Rome,20,How Fruits and Vegetables Can Treat Asthma,1.0,1.0,1.0
1,E,Rome,20,How Fruits and Vegetables Can Prevent Asthma,1.0,1.0,1.0
1,E,Rome,20,Our Tax Dollars Subsidize Unhealthy Foods,1.0,1.0,1.0
1,E,Rome,20,Reducing Arsenic in Chicken and Rice,1.0,1.0,1.0
1,E,Rome,20,How Contaminated Are Our Children?,1.0,1.0,1.0
1,E,Rome,20,"Blood Type Diet Perceived as ""Crass Fraud""",1.0,1.0,1.0
1,E,Rome,20,Why Do Heart Doctors Favor Surgery and Drugs Over Diet?,1.0,1.0,1.0
1,E,Rome,50,Breast Cancer Cells Feed on Cholesterol,1.0,1.0,1.0
1,E,Rome,50,Using Diet to Treat Asthma and Eczema,1.0,1.0,1.0
1,E,Rome,50,Treating Asthma With Plants vs. Pills,1.0,1.0,1.0
1,E,Rome,50,How Fruits and Vegetables Can Treat Asthma,1.0,1.0,1.0
1,E,Rome,50,How Fruits and Vegetables Can Prevent Asthma,1.0,1.0,1.0
1,E,Rome,50,Our Tax Dollars Subsidize Unhealthy Foods,1.0,1.0,1.0
1,E,Rome,50,Reducing Arsenic in Chicken and Rice,1.0,1.0,1.0
1,E,Rome,50,How Contaminated Are Our Children?,1.0,1.0,1.0
1,E,Rome,50,"Blood Type Diet Perceived as ""Crass Fraud""",1.0,1.0,1.0
1,E,Rome,50,Why Do Heart Doctors Favor Surgery and Drugs Over Diet?,1.0,1.0,1.0
1,E,RomeCombined,1,Breast Cancer Cells Feed on Cholesterol,1.0,1.0,1.0
1,E,RomeCombined,1,Using Diet to Treat Asthma and Eczema,1.0,1.0,1.0
1,E,RomeCombined,1,Treating Asthma With Plants vs. Pills,1.0,1.0,1.0
1,E,RomeCombined,1,How Fruits and Vegetables Can Treat Asthma,1.0,1.0,1.0
1,E,RomeCombined,1,How Fruits and Vegetables Can Prevent Asthma,1.0,1.0,1.0
1,E,RomeCombined,1,Our Tax Dollars Subsidize Unhealthy Foods,1.0,1.0,1.0
1,E,RomeCombined,1,Reducing Arsenic in Chicken and Rice,1.0,1.0,1.0
1,E,RomeCombined,1,How Contaminated Are Our Children?,1.0,1.0,1.0
1,E,RomeCombined,1,"Blood Type Diet Perceived as ""Crass Fraud""",1.0,1.0,1.0
1,E,RomeCombined,1,Why Do Heart Doctors Favor Surgery and Drugs Over Diet?,1.0,1.0,1.0
1,E,RomeCombined,5,Breast Cancer Cells Feed on Cholesterol,1.0,1.0,1.0
1,E,RomeCombined,5,Using Diet to Treat Asthma and Eczema,1.0,0.9998,0.8
1,E,RomeCombined,5,Treating Asthma With Plants vs. Pills,0.8,0.9999,1.0
1,E,RomeCombined,5,How Fruits and Vegetables Can Treat Asthma,1.0,1.0,1.0
1,E,RomeCombined,5,How Fruits and Vegetables Can Prevent Asthma,1.0,1.0,1.0
1,E,RomeCombined,5,Our Tax Dollars Subsidize Unhealthy Foods,1.0,1.0,1.0
1,E,RomeCombined,5,Reducing Arsenic in Chicken and Rice,0.8,0.9999,1.0
1,E,RomeCombined,5,How Contaminated Are Our Children?,1.0,1.0,1.0
1,E,RomeCombined,5,"Blood Type Diet Perceived as ""Crass Fraud""",1.0,1.0,1.0
1,E,RomeCombined,5,Why Do Heart Doctors Favor Surgery and Drugs Over Diet?,1.0,1.0,1.0
1,E,RomeCombined,10,Breast Cancer Cells Feed on Cholesterol,1.0,1.0,1.0
1,E,RomeCombined,10,Using Diet to Treat Asthma and Eczema,1.0,0.9999,0.9556
1,E,RomeCombined,10,Treating Asthma With Plants vs. Pills,1.0,1.0,0.9111
1,E,RomeCombined,10,How Fruits and Vegetables Can Treat Asthma,1.0,1.0,1.0
1,E,RomeCombined,10,How Fruits and Vegetables Can Prevent Asthma,1.0,1.0,1.0
1,E,RomeCombined,10,Our Tax Dollars Subsidize Unhealthy Foods,1.0,1.0,1.0
1,E,RomeCombined,10,Reducing Arsenic in Chicken and Rice,1.0,1.0,0.9111
1,E,RomeCombined,10,How Contaminated Are Our Children?,1.0,1.0,0.9111
1,E,RomeCombined,10,"Blood Type Diet Perceived as ""Crass Fraud""",1.0,1.0,0.9556
1,E,RomeCombined,10,Why Do Heart Doctors Favor Surgery and Drugs Over Diet?,1.0,1.0,1.0
1,E,RomeCombined,20,Breast Cancer Cells Feed on Cholesterol,1.0,1.0,0.9684
1,E,RomeCombined,20,Using Diet to Treat Asthma and Eczema,1.0,0.9999,0.9895
1,E,RomeCombined,20,Treating Asthma With Plants vs. Pills,1.0,1.0,0.9684
1,E,RomeCombined,20,How Fruits and Vegetables Can Treat Asthma,1.0,1.0,0.9895
1,E,RomeCombined,20,How Fruits and Vegetables Can Prevent Asthma,1.0,1.0,1.0
1,E,RomeCombined,20,Our Tax Dollars Subsidize Unhealthy Foods,1.0,1.0,0.9579
1,E,RomeCombined,20,Reducing Arsenic in Chicken and Rice,0.95,0.9999,0.9474
1,E,RomeCombined,20,How Contaminated Are Our Children?,1.0,1.0,0.9684
1,E,RomeCombined,20,"Blood Type Diet Perceived as ""Crass Fraud""",0.95,0.9999,0.9895
1,E,RomeCombined,20,Why Do Heart Doctors Favor Surgery and Drugs Over Diet?,1.0,1.0,0.9895
1,E,RomeCombined,50,Breast Cancer Cells Feed on Cholesterol,1.0,1.0,0.9886
1,E,RomeCombined,50,Using Diet to Treat Asthma and Eczema,1.0,0.9999,0.9918
1,E,RomeCombined,50,Treating Asthma With Plants vs. Pills,1.0,1.0,0.982
1,E,RomeCombined,50,How Fruits and Vegetables Can Treat Asthma,1.0,1.0,0.982
1,E,RomeCombined,50,How Fruits and Vegetables Can Prevent Asthma,1.0,1.0,0.9984
1,E,RomeCombined,50,Our Tax Dollars Subsidize Unhealthy Foods,1.0,1.0,0.982
1,E,RomeCombined,50,Reducing Arsenic in Chicken and Rice,0.98,0.989,0.9796
1,E,RomeCombined,50,How Contaminated Are Our Children?,1.0,1.0,0.9771
1,E,RomeCombined,50,"Blood Type Diet Perceived as ""Crass Fraud""",1.0,1.0,0.9886
1,E,RomeCombined,50,Why Do Heart Doctors Favor Surgery and Drugs Over Diet?,0.98,0.9892,0.983
1,E,Ckks,1,Breast Cancer Cells Feed on Cholesterol,1.0,1.0,1.0
1,E,Ckks,1,Using Diet to Treat Asthma and Eczema,1.0,1.0,1.0
1,E,Ckks,1,Treating Asthma With Plants vs. Pills,1.0,1.0,1.0
1,E,Ckks,1,How Fruits and Vegetables Can Treat Asthma,1.0,1.0,1.0
1,E,Ckks,1,How Fruits and Vegetables Can Prevent Asthma,1.0,1.0,1.0
1,E,Ckks,1,Our Tax Dollars Subsidize Unhealthy Foods,1.0,1.0,1.0
1,E,Ckks,1,Reducing Arsenic in Chicken and Rice,1.0,1.0,1.0
1,E,Ckks,1,How Contaminated Are Our Children?,1.0,1.0,1.0
1,E,Ckks,1,"Blood Type Diet Perceived as ""Crass Fraud""",1.0,1.0,1.0
1,E,Ckks,1,Why Do Heart Doctors Favor Surgery and Drugs Over Diet?,1.0,1.0,1.0
1,E,Ckks,5,Breast Cancer Cells Feed on Cholesterol,1.0,1.0,1.0
1,E,Ckks,5,Using Diet to Treat Asthma and Eczema,1.0,1.0,1.0
1,E,Ckks,5,Treating Asthma With Plants vs. Pills,1.0,1.0,1.0
1,E,Ckks,5,How Fruits and Vegetables Can Treat Asthma,1.0,1.0,1.0
1,E,Ckks,5,How Fruits and Vegetables Can Prevent Asthma,1.0,1.0,1.0
1,E,Ckks,5,Our Tax Dollars Subsidize Unhealthy Foods,1.0,1.0,1.0
1,E,Ckks,5,Reducing Arsenic in Chicken and Rice,1.0,1.0,1.0
1,E,Ckks,5,How Contaminated Are Our Children?,1.0,1.0,1.0
1,E,Ckks,5,"Blood Type Diet Perceived as ""Crass Fraud""",1.0,1.0,1.0
1,E,Ckks,5,Why Do Heart Doctors Favor Surgery and Drugs Over Diet?,1.0,1.0,1.0
1,E,Ckks,10,Breast Cancer Cells Feed on Cholesterol,1.0,1.0,1.0
1,E,Ckks,10,Using Diet to Treat Asthma and Eczema,1.0,1.0,1.0
1,E,Ckks,10,Treating Asthma With Plants vs. Pills,1.0,1.0,1.0
1,E,Ckks,10,How Fruits and Vegetables Can Treat Asthma,1.0,1.0,1.0
1,E,Ckks,10,How Fruits and Vegetables Can Prevent Asthma,1.0,1.0,1.0
1,E,Ckks,10,Our Tax Dollars Subsidize Unhealthy Foods,1.0,1.0,1.0
1,E,Ckks,10,Reducing Arsenic in Chicken and Rice,1.0,1.0,1.0
1,E,Ckks,10,How Contaminated Are Our Children?,1.0,1.0,1.0
1,E,Ckks,10,"Blood Type Diet Perceived as ""Crass Fraud""",1.0,1.0,1.0
1,E,Ckks,10,Why Do Heart Doctors Favor Surgery and Drugs Over Diet?,1.0,1.0,1.0
1,E,Ckks,20,Breast Cancer Cells Feed on Cholesterol,1.0,1.0,1.0
1,E,Ckks,20,Using Diet to Treat Asthma and Eczema,1.0,1.0,1.0
1,E,Ckks,20,Treating Asthma With Plants vs. Pills,1.0,1.0,1.0
1,E,Ckks,20,How Fruits and Vegetables Can Treat Asthma,1.0,1.0,1.0
1,E,Ckks,20,How Fruits and Vegetables Can Prevent Asthma,1.0,1.0,1.0
1,E,Ckks,20,Our Tax Dollars Subsidize Unhealthy Foods,1.0,1.0,1.0
1,E,Ckks,20,Reducing Arsenic in Chicken and Rice,1.0,1.0,1.0
1,E,Ckks,20,How Contaminated Are Our Children?,1.0,1.0,1.0
1,E,Ckks,20,"Blood Type Diet Perceived as ""Crass Fraud""",1.0,1.0,1.0
1,E,Ckks,20,Why Do Heart Doctors Favor Surgery and Drugs Over Diet?,1.0,1.0,1.0
1,E,Ckks,50,Breast Cancer Cells Feed on Cholesterol,1.0,1.0,1.0
1,E,Ckks,50,Using Diet to Treat Asthma and Eczema,1.0,1.0,1.0
1,E,Ckks,50,Treating Asthma With Plants vs. Pills,1.0,1.0,1.0
1,E,Ckks,50,How Fruits and Vegetables Can Treat Asthma,1.0,1.0,1.0
1,E,Ckks,50,How Fruits and Vegetables Can Prevent Asthma,1.0,1.0,1.0
1,E,Ckks,50,Our Tax Dollars Subsidize Unhealthy Foods,1.0,1.0,1.0
1,E,Ckks,50,Reducing Arsenic in Chicken and Rice,1.0,1.0,1.0
1,E,Ckks,50,How Contaminated Are Our Children?,1.0,1.0,1.0
1,E,Ckks,50,"Blood Type Diet Perceived as ""Crass Fraud""",1.0,1.0,1.0
1,E,Ckks,50,Why Do Heart Doctors Favor Surgery and Drugs Over Diet?,1.0,1.0,1.0
1,E,CkksCombined,1,Breast Cancer Cells Feed on Cholesterol,1.0,1.0,1.0
1,E,CkksCombined,1,Using Diet to Treat Asthma and Eczema,1.0,1.0,1.0
1,E,CkksCombined,1,Treating Asthma With Plants vs. Pills,1.0,1.0,1.0
1,E,CkksCombined,1,How Fruits and Vegetables Can Treat Asthma,1.0,1.0,1.0
1,E,CkksCombined,1,How Fruits and Vegetables Can Prevent Asthma,0.0,0.9939,1.0
1,E,CkksCombined,1,Our Tax Dollars Subsidize Unhealthy Foods,1.0,1.0,1.0
1,E,CkksCombined,1,Reducing Arsenic in Chicken and Rice,1.0,1.0,1.0
1,E,CkksCombined,1,How Contaminated Are Our Children?,1.0,1.0,1.0
1,E,CkksCombined,1,"Blood Type Diet Perceived as ""Crass Fraud""",1.0,1.0,1.0
1,E,CkksCombined,1,Why Do Heart Doctors Favor Surgery and Drugs Over Diet?,1.0,1.0,1.0
1,E,CkksCombined,5,Breast Cancer Cells Feed on Cholesterol,1.0,1.0,1.0
1,E,CkksCombined,5,Using Diet to Treat Asthma and Eczema,1.0,1.0,1.0
1,E,CkksCombined,5,Treating Asthma With Plants vs. Pills,0.8,0.9999,1.0
1,E,CkksCombined,5,How Fruits and Vegetables Can Treat Asthma,1.0,1.0,1.0
1,E,CkksCombined,5,How Fruits and Vegetables Can Prevent Asthma,1.0,0.9992,0.8
1,E,CkksCombined,5,Our Tax Dollars Subsidize Unhealthy Foods,1.0,1.0,1.0
1,E,CkksCombined,5,Reducing Arsenic in Chicken and Rice,0.8,0.9999,1.0
1,E,CkksCombined,5,How Contaminated Are Our Children?,1.0,1.0,0.8
1,E,CkksCombined,5,"Blood Type Diet Perceived as ""Crass Fraud""",1.0,1.0,1.0
1,E,CkksCombined,5,Why Do Heart Doctors Favor Surgery and Drugs Over Diet?,1.0,1.0,1.0
1,E,CkksCombined,10,Breast Cancer Cells Feed on Cholesterol,1.0,1.0,1.0
1,E,CkksCombined,10,Using Diet to Treat Asthma and Eczema,1.0,1.0,1.0
1,E,CkksCombined,10,Treating Asthma With Plants vs. Pills,1.0,1.0,0.9111
1,E,CkksCombined,10,How Fruits and Vegetables Can Treat Asthma,1.0,1.0,1.0
1,E,CkksCombined,10,How Fruits and Vegetables Can Prevent Asthma,1.0,0.9994,0.9556
1,E,CkksCombined,10,Our Tax Dollars Subsidize Unhealthy Foods,1.0,1.0,1.0
1,E,CkksCombined,10,Reducing Arsenic in Chicken and Rice,1.0,0.9999,0.8222
1,E,CkksCombined,10,How Contaminated Are Our Children?,1.0,1.0,0.9556
1,E,CkksCombined,10,"Blood Type Diet Perceived as ""Crass Fraud""",1.0,1.0,0.9556
1,E,CkksCombined,10,Why Do Heart Doctors Favor Surgery and Drugs Over Diet?,1.0,1.0,0.8667
1,E,CkksCombined,20,Breast Cancer Cells Feed on Cholesterol,1.0,1.0,1.0
1,E,CkksCombined,20,Using Diet to Treat Asthma and Eczema,1.0,1.0,1.0
1,E,CkksCombined,20,Treating Asthma With Plants vs. Pills,1.0,1.0,0.9789
1,E,CkksCombined,20,How Fruits and Vegetables Can Treat Asthma,1.0,1.0,1.0
1,E,CkksCombined,20,How Fruits and Vegetables Can Prevent Asthma,1.0,0.9996,0.9895
1,E,CkksCombined,20,Our Tax Dollars Subsidize Unhealthy Foods,1.0,1.0,0.9895
1,E,CkksCombined,20,Reducing Arsenic in Chicken and Rice,1.0,0.9999,0.9158
1,E,CkksCombined,20,How Contaminated Are Our Children?,1.0,1.0,0.9789
1,E,CkksCombined,20,"Blood Type Diet Perceived as ""Crass Fraud""",0.95,1.0,0.9684
1,E,CkksCombined,20,Why Do Heart Doctors Favor Surgery and Drugs Over Diet?,1.0,1.0,0.9684
1,E,CkksCombined,50,Breast Cancer Cells Feed on Cholesterol,1.0,1.0,0.9739
1,E,CkksCombined,50,Using Diet to Treat Asthma and Eczema,0.98,0.9915,0.9847
1,E,CkksCombined,50,Treating Asthma With Plants vs. Pills,1.0,1.0,0.9853
1,E,CkksCombined,50,How Fruits and Vegetables Can Treat Asthma,1.0,1.0,0.9804
1,E,CkksCombined,50,How Fruits and Vegetables Can Prevent Asthma,1.0,0.9997,0.9902
1,E,CkksCombined,50,Our Tax Dollars Subsidize Unhealthy Foods,0.98,0.9896,0.983
1,E,CkksCombined,50,Reducing Arsenic in Chicken and Rice,0.98,0.989,0.9711
1,E,CkksCombined,50,How Contaminated Are Our Children?,0.98,0.9886,0.983
1,E,CkksCombined,50,"Blood Type Diet Perceived as ""Crass Fraud""",0.98,0.9891,0.9796
1,E,CkksCombined,50,Why Do Heart Doctors Favor Surgery and Drugs Over Diet?,0.98,0.9891,0.983
2,E,Scrambling,1,Breast Cancer Cells Feed on Cholesterol,1.0,1.0,1.0
2,E,Scrambling,1,Using Diet to Treat Asthma and Eczema,1.0,1.0,1.0
2,E,Scrambling,1,Treating Asthma With Plants vs. Pills,1.0,1.0,1.0
2,E,Scrambling,1,How Fruits and Vegetables Can Treat Asthma,1.0,1.0,1.0
2,E,Scrambling,1,How Fruits and Vegetables Can Prevent Asthma,1.0,1.0,1.0
2,E,Scrambling,1,Our Tax Dollars Subsidize Unhealthy Foods,1.0,1.0,1.0
2,E,Scrambling,1,Reducing Arsenic in Chicken and Rice,1.0,1.0,1.0
2,E,Scrambling,1,How Contaminated Are Our Children?,1.0,1.0,1.0
2,E,Scrambling,1,"Blood Type Diet Perceived as ""Crass Fraud""",1.0,1.0,1.0
2,E,Scrambling,1,Why Do Heart Doctors Favor Surgery and Drugs Over Diet?,1.0,1.0,1.0
2,E,Scrambling,5,Breast Cancer Cells Feed on Cholesterol,1.0,1.0,1.0
2,E,Scrambling,5,Using Diet to Treat Asthma and Eczema,1.0,1.0,1.0
2,E,Scrambling,5,Treating Asthma With Plants vs. Pills,1.0,1.0,1.0
2,E,Scrambling,5,How Fruits and Vegetables Can Treat Asthma,1.0,1.0,1.0
2,E,Scrambling,5,How Fruits and Vegetables Can Prevent Asthma,1.0,1.0,1.0
2,E,Scrambling,5,Our Tax Dollars Subsidize Unhealthy Foods,1.0,1.0,1.0
2,E,Scrambling,5,Reducing Arsenic in Chicken and Rice,1.0,1.0,1.0
2,E,Scrambling,5,How Contaminated Are Our Children?,1.0,1.0,1.0
2,E,Scrambling,5,"Blood Type Diet Perceived as ""Crass Fraud""",1.0,1.0,1.0
2,E,Scrambling,5,Why Do Heart Doctors Favor Surgery and Drugs Over Diet?,1.0,1.0,1.0
2,E,Scrambling,10,Breast Cancer Cells Feed on Cholesterol,1.0,1.0,1.0
2,E,Scrambling,10,Using Diet to Treat Asthma and Eczema,1.0,1.0,1.0
2,E,Scrambling,10,Treating Asthma With Plants vs. Pills,1.0,1.0,1.0
2,E,Scrambling,10,How Fruits and Vegetables Can Treat Asthma,1.0,1.0,1.0
2,E,Scrambling,10,How Fruits and Vegetables Can Prevent Asthma,1.0,1.0,1.0
2,E,Scrambling,10,Our Tax Dollars Subsidize Unhealthy Foods,1.0,1.0,1.0
2,E,Scrambling,10,Reducing Arsenic in Chicken and Rice,1.0,1.0,1.0
2,E,Scrambling,10,How Contaminated Are Our Children?,1.0,1.0,1.0
2,E,Scrambling,10,"Blood Type Diet Perceived as ""Crass Fraud""",1.0,1.0,1.0
2,E,Scrambling,10,Why Do Heart Doctors Favor Surgery and Drugs Over Diet?,1.0,1.0,1.0
2,E,Scrambling,20,Breast Cancer Cells Feed on Cholesterol,1.0,1.0,1.0
2,E,Scrambling,20,Using Diet to Treat Asthma and Eczema,1.0,1.0,1.0
2,E,Scrambling,20,Treating Asthma With Plants vs. Pills,1.0,1.0,1.0
2,E,Scrambling,20,How Fruits and Vegetables Can Treat Asthma,1.0,1.0,1.0
2,E,Scrambling,20,How Fruits and Vegetables Can Prevent Asthma,1.0,1.0,1.0
2,E,Scrambling,20,Our Tax Dollars Subsidize Unhealthy Foods,1.0,1.0,1.0
2,E,Scrambling,20,Reducing Arsenic in Chicken and Rice,1.0,1.0,1.0
2,E,Scrambling,20,How Contaminated Are Our Children?,1.0,1.0,1.0
2,E,Scrambling,20,"Blood Type Diet Perceived as ""Crass Fraud""",1.0,1.0,1.0
2,E,Scrambling,20,Why Do Heart Doctors Favor Surgery and Drugs Over Diet?,1.0,1.0,1.0
2,E,Scrambling,50,Breast Cancer Cells Feed on Cholesterol,1.0,1.0,1.0
2,E,Scrambling,50,Using Diet to Treat Asthma and Eczema,1.0,1.0,1.0
2,E,Scrambling,50,Treating Asthma With Plants vs. Pills,1.0,1.0,1.0
2,E,Scrambling,50,How Fruits and Vegetables Can Treat Asthma,1.0,1.0,1.0
2,E,Scrambling,50,How Fruits and Vegetables Can Prevent Asthma,1.0,1.0,1.0
2,E,Scrambling,50,Our Tax Dollars Subsidize Unhealthy Foods,1.0,1.0,1.0
2,E,Scrambling,50,Reducing Arsenic in Chicken and Rice,1.0,1.0,1.0
2,E,Scrambling,50,How Contaminated Are Our Children?,1.0,1.0,1.0
2,E,Scrambling,50,"Blood Type Diet Perceived as ""Crass Fraud""",1.0,1.0,1.0
2,E,Scrambling,50,Why Do Heart Doctors Favor Surgery and Drugs Over Diet?,1.0,1.0,1.0
2,E,Noise,1,Breast Cancer Cells Feed on Cholesterol,1.0,1.0,1.0
2,E,Noise,1,Using Diet to Treat Asthma and Eczema,1.0,1.0,1.0
2,E,Noise,1,Treating Asthma With Plants vs. Pills,1.0,1.0,1.0
2,E,Noise,1,How Fruits and Vegetables Can Treat Asthma,1.0,1.0,1.0
2,E,Noise,1,How Fruits and Vegetables Can Prevent Asthma,1.0,1.0,1.0
2,E,Noise,1,Our Tax Dollars Subsidize Unhealthy Foods,1.0,1.0,1.0
2,E,Noise,1,Reducing Arsenic in Chicken and Rice,1.0,1.0,1.0
2,E,Noise,1,How Contaminated Are Our Children?,1.0,1.0,1.0
2,E,Noise,1,"Blood Type Diet Perceived as ""Crass Fraud""",1.0,1.0,1.0
2,E,Noise,1,Why Do Heart Doctors Favor Surgery and Drugs Over Diet?,1.0,1.0,1.0
2,E,Noise,5,Breast Cancer Cells Feed on Cholesterol,1.0,1.0,1.0
2,E,Noise,5,Using Diet to Treat Asthma and Eczema,1.0,1.0,1.0
2,E,Noise,5,Treating Asthma With Plants vs. Pills,1.0,1.0,1.0
2,E,Noise,5,How Fruits and Vegetables Can Treat Asthma,1.0,1.0,1.0
2,E,Noise,5,How Fruits and Vegetables Can Prevent Asthma,1.0,1.0,1.0
2,E,Noise,5,Our Tax Dollars Subsidize Unhealthy Foods,1.0,1.0,1.0
2,E,Noise,5,Reducing Arsenic in Chicken and Rice,1.0,1.0,1.0
2,E,Noise,5,How Contaminated Are Our Children?,1.0,1.0,0.8
2,E,Noise,5,"Blood Type Diet Perceived as ""Crass Fraud""",1.0,1.0,1.0
2,E,Noise,5,Why Do Heart Doctors Favor Surgery and Drugs Over Diet?,0.8,0.9989,1.0
2,E,Noise,10,Breast Cancer Cells Feed on Cholesterol,1.0,1.0,0.9556
2,E,Noise,10,Using Diet to Treat Asthma and Eczema,0.9,0.9997,0.9556
2,E,Noise,10,Treating Asthma With Plants vs. Pills,1.0,1.0,1.0
2,E,Noise,10,How Fruits and Vegetables Can Treat Asthma,1.0,1.0,1.0
2,E,Noise,10,How Fruits and Vegetables Can Prevent Asthma,1.0,1.0,1.0
2,E,Noise,10,Our Tax Dollars Subsidize Unhealthy Foods,1.0,1.0,1.0
2,E,Noise,10,Reducing Arsenic in Chicken and Rice,1.0,1.0,0.9556
2,E,Noise,10,How Contaminated Are Our Children?,1.0,1.0,0.8667
2,E,Noise,10,"Blood Type Diet Perceived as ""Crass Fraud""",1.0,1.0,1.0
2,E,Noise,10,Why Do Heart Doctors Favor Surgery and Drugs Over Diet?,1.0,0.9999,0.8222
2,E,Noise,20,Breast Cancer Cells Feed on Cholesterol,1.0,1.0,0.9579
2,E,Noise,20,Using Diet to Treat Asthma and Eczema,1.0,1.0,0.9474
2,E,Noise,20,Treating Asthma With Plants vs. Pills,1.0,1.0,0.9895
2,E,Noise,20,How Fruits and Vegetables Can Treat Asthma,1.0,1.0,0.9895
2,E,Noise,20,How Fruits and Vegetables Can Prevent Asthma,1.0,1.0,1.0
2,E,Noise,20,Our Tax Dollars Subsidize Unhealthy Foods,1.0,1.0,1.0
2,E,Noise,20,Reducing Arsenic in Chicken and Rice,1.0,1.0,0.9684
2,E,Noise,20,How Contaminated Are Our Children?,1.0,1.0,0.9579
2,E,Noise,20,"Blood Type Diet Perceived as ""Crass Fraud""",0.95,0.9999,0.9684
2,E,Noise,20,Why Do Heart Doctors Favor Surgery and Drugs Over Diet?,1.0,0.9999,0.9474
2,E,Noise,50,Breast Cancer Cells Feed on Cholesterol,1.0,1.0,0.969
2,E,Noise,50,Using Diet to Treat Asthma and Eczema,1.0,1.0,0.9739
2,E,Noise,50,Treating Asthma With Plants vs. Pills,1.0,1.0,0.9886
2,E,Noise,50,How Fruits and Vegetables Can Treat Asthma,1.0,1.0,0.9853
2,E,Noise,50,How Fruits and Vegetables Can Prevent Asthma,0.98,0.9912,0.9864
2,E,Noise,50,Our Tax Dollars Subsidize Unhealthy Foods,1.0,1.0,0.9902
2,E,Noise,50,Reducing Arsenic in Chicken and Rice,1.0,1.0,0.982
2,E,Noise,50,How Contaminated Are Our Children?,1.0,1.0,0.9804
2,E,Noise,50,"Blood Type Diet Perceived as ""Crass Fraud""",1.0,1.0,0.9837
2,E,Noise,50,Why Do Heart Doctors Favor Surgery and Drugs Over Diet?,1.0,1.0,0.9641
2,E,Combined,1,Breast Cancer Cells Feed on Cholesterol,1.0,1.0,1.0
2,E,Combined,1,Using Diet to Treat Asthma and Eczema,1.0,1.0,1.0
2,E,Combined,1,Treating Asthma With Plants vs. Pills,1.0,1.0,1.0
2,E,Combined,1,How Fruits and Vegetables Can Treat Asthma,1.0,1.0,1.0
2,E,Combined,1,How Fruits and Vegetables Can Prevent Asthma,1.0,1.0,1.0
2,E,Combined,1,Our Tax Dollars Subsidize Unhealthy Foods,1.0,1.0,1.0
2,E,Combined,1,Reducing Arsenic in Chicken and Rice,1.0,1.0,1.0
2,E,Combined,1,How Contaminated Are Our Children?,1.0,1.0,1.0
2,E,Combined,1,"Blood Type Diet Perceived as ""Crass Fraud""",1.0,1.0,1.0
2,E,Combined,1,Why Do Heart Doctors Favor Surgery and Drugs Over Diet?,1.0,1.0,1.0
2,E,Combined,5,Breast Cancer Cells Feed on Cholesterol,1.0,1.0,1.0
2,E,Combined,5,Using Diet to Treat Asthma and Eczema,1.0,0.9998,0.8
2,E,Combined,5,Treating Asthma With Plants vs. Pills,1.0,1.0,1.0
2,E,Combined,5,How Fruits and Vegetables Can Treat Asthma,1.0,1.0,1.0
2,E,Combined,5,How Fruits and Vegetables Can Prevent Asthma,1.0,1.0,1.0
2,E,Combined,5,Our Tax Dollars Subsidize Unhealthy Foods,1.0,1.0,1.0
2,E,Combined,5,Reducing Arsenic in Chicken and Rice,1.0,1.0,1.0
2,E,Combined,5,How Contaminated Are Our Children?,1.0,1.0,1.0
2,E,Combined,5,"Blood Type Diet Perceived as ""Crass Fraud""",1.0,1.0,1.0
2,E,Combined,5,Why Do Heart Doctors Favor Surgery and Drugs Over Diet?,1.0,1.0,1.0
2,E,Combined,10,Breast Cancer Cells Feed on Cholesterol,1.0,1.0,1.0
2,E,Combined,10,Using Diet to Treat Asthma and Eczema,0.9,0.9998,0.9556
2,E,Combined,10,Treating Asthma With Plants vs. Pills,1.0,1.0,1.0
2,E,Combined,10,How Fruits and Vegetables Can Treat Asthma,1.0,1.0,1.0
2,E,Combined,10,How Fruits and Vegetables Can Prevent Asthma,1.0,1.0,1.0
2,E,Combined,10,Our Tax Dollars Subsidize Unhealthy Foods,1.0,1.0,0.9556
2,E,Combined,10,Reducing Arsenic in Chicken and Rice,1.0,1.0,0.9111
2,E,Combined,10,How Contaminated Are Our Children?,1.0,1.0,1.0
2,E,Combined,10,"Blood Type Diet Perceived as ""Crass Fraud""",1.0,1.0,0.9111
2,E,Combined,10,Why Do Heart Doctors Favor Surgery and Drugs Over Diet?,1.0,1.0,0.9556
2,E,Combined,20,Breast Cancer Cells Feed on Cholesterol,1.0,1.0,0.9684
2,E,Combined,20,Using Diet to Treat Asthma and Eczema,1.0,0.9999,0.9789
2,E,Combined,20,Treating Asthma With Plants vs. Pills,1.0,1.0,0.9789
2,E,Combined,20,How Fruits and Vegetables Can Treat Asthma,1.0,1.0,1.0
2,E,Combined,20,How Fruits and Vegetables Can Prevent Asthma,1.0,1.0,1.0
2,E,Combined,20,Our Tax Dollars Subsidize Unhealthy Foods,1.0,1.0,0.9789
2,E,Combined,20,Reducing Arsenic in Chicken and Rice,0.95,0.9999,0.9368
2,E,Combined,20,How Contaminated Are Our Children?,1.0,1.0,0.9579
2,E,Combined,20,"Blood Type Diet Perceived as ""Crass Fraud""",0.95,0.9999,0.9579
2,E,Combined,20,Why Do Heart Doctors Favor Surgery and Drugs Over Diet?,0.95,0.9998,0.9895
2,E,Combined,50,Breast Cancer Cells Feed on Cholesterol,1.0,1.0,0.9804
2,E,Combined,50,Using Diet to Treat Asthma and Eczema,1.0,0.9999,0.9853
2,E,Combined,50,Treating Asthma With Plants vs. Pills,1.0,1.0,0.9902
2,E,Combined,50,How Fruits and Vegetables Can Treat Asthma,1.0,1.0,0.9869
2,E,Combined,50,How Fruits and Vegetables Can Prevent Asthma,1.0,1.0,0.9918
2,E,Combined,50,Our Tax Dollars Subsidize Unhealthy Foods,1.0,1.0,0.9771
2,E,Combined,50,Reducing Arsenic in Chicken and Rice,1.0,1.0,0.9755
2,E,Combined,50,How Contaminated Are Our Children?,0.98,0.9886,0.9881
2,E,Combined,50,"Blood Type Diet Perceived as ""Crass Fraud""",0.98,0.9892,0.9847
2,E,Combined,50,Why Do Heart Doctors Favor Surgery and Drugs Over Diet?,1.0,1.0,0.9771
2,E,Rome,1,Breast Cancer Cells Feed on Cholesterol,1.0,1.0,1.0
2,E,Rome,1,Using Diet to Treat Asthma and Eczema,1.0,1.0,1.0
2,E,Rome,1,Treating Asthma With Plants vs. Pills,1.0,1.0,1.0
2,E,Rome,1,How Fruits and Vegetables Can Treat Asthma,1.0,1.0,1.0
2,E,Rome,1,How Fruits and Vegetables Can Prevent Asthma,1.0,1.0,1.0
2,E,Rome,1,Our Tax Dollars Subsidize Unhealthy Foods,1.0,1.0,1.0
2,E,Rome,1,Reducing Arsenic in Chicken and Rice,1.0,1.0,1.0
2,E,Rome,1,How Contaminated Are Our Children?,1.0,1.0,1.0
2,E,Rome,1,"Blood Type Diet Perceived as ""Crass Fraud""",1.0,1.0,1.0
2,E,Rome,1,Why Do Heart Doctors Favor Surgery and Drugs Over Diet?,1.0,1.0,1.0
2,E,Rome,5,Breast Cancer Cells Feed on Cholesterol,1.0,1.0,1.0
2,E,Rome,5,Using Diet to Treat Asthma and Eczema,1.0,1.0,1.0
2,E,Rome,5,Treating Asthma With Plants vs. Pills,1.0,1.0,1.0
2,E,Rome,5,How Fruits and Vegetables Can Treat Asthma,1.0,1.0,1.0
2,E,Rome,5,How Fruits and Vegetables Can Prevent Asthma,1.0,1.0,1.0
2,E,Rome,5,Our Tax Dollars Subsidize Unhealthy Foods,1.0,1.0,1.0
2,E,Rome,5,Reducing Arsenic in Chicken and Rice,1.0,1.0,1.0
2,E,Rome,5,How Contaminated Are Our Children?,1.0,1.0,1.0
2,E,Rome,5,"Blood Type Diet Perceived as ""Crass Fraud""",1.0,1.0,1.0
2,E,Rome,5,Why Do Heart Doctors Favor Surgery and Drugs Over Diet?,1.0,1.0,1.0
2,E,Rome,10,Breast Cancer Cells Feed on Cholesterol,1.0,1.0,1.0
2,E,Rome,10,Using Diet to Treat Asthma and Eczema,1.0,1.0,1.0
2,E,Rome,10,Treating Asthma With Plants vs. Pills,1.0,1.0,1.0
2,E,Rome,10,How Fruits and Vegetables Can Treat Asthma,1.0,1.0,1.0
2,E,Rome,10,How Fruits and Vegetables Can Prevent Asthma,1.0,1.0,1.0
2,E,Rome,10,Our Tax Dollars Subsidize Unhealthy Foods,1.0,1.0,1.0
2,E,Rome,10,Reducing Arsenic in Chicken and Rice,1.0,1.0,1.0
2,E,Rome,10,How Contaminated Are Our Children?,1.0,1.0,1.0
2,E,Rome,10,"Blood Type Diet Perceived as ""Crass Fraud""",1.0,1.0,1.0
2,E,Rome,10,Why Do Heart Doctors Favor Surgery and Drugs Over Diet?,1.0,1.0,1.0
2,E,Rome,20,Breast Cancer Cells Feed on Cholesterol,1.0,1.0,1.0
2,E,Rome,20,Using Diet to Treat Asthma and Eczema,1.0,1.0,1.0
2,E,Rome,20,Treating Asthma With Plants vs. Pills,1.0,1.0,1.0
2,E,Rome,20,How Fruits and Vegetables Can Treat Asthma,1.0,1.0,1.0
2,E,Rome,20,How Fruits and Vegetables Can Prevent Asthma,1.0,1.0,1.0
2,E,Rome,20,Our Tax Dollars Subsidize Unhealthy Foods,1.0,1.0,1.0
2,E,Rome,20,Reducing Arsenic in Chicken and Rice,1.0,1.0,1.0
2,E,Rome,20,How Contaminated Are Our Children?,1.0,1.0,1.0
2,E,Rome,20,"Blood Type Diet Perceived as ""Crass Fraud""",1.0,1.0,1.0
2,E,Rome,20,Why Do Heart Doctors Favor Surgery and Drugs Over Diet?,1.0,1.0,1.0
2,E,Rome,50,Breast Cancer Cells Feed on Cholesterol,1.0,1.0,1.0
2,E,Rome,50,Using Diet to Treat Asthma and Eczema,1.0,1.0,1.0
2,E,Rome,50,Treating Asthma With Plants vs. Pills,1.0,1.0,1.0
2,E,Rome,50,How Fruits and Vegetables Can Treat Asthma,1.0,1.0,1.0
2,E,Rome,50,How Fruits and Vegetables Can Prevent Asthma,1.0,1.0,1.0
2,E,Rome,50,Our Tax Dollars Subsidize Unhealthy Foods,1.0,1.0,1.0
2,E,Rome,50,Reducing Arsenic in Chicken and Rice,1.0,1.0,1.0
2,E,Rome,50,How Contaminated Are Our Children?,1.0,1.0,1.0
2,E,Rome,50,"Blood Type Diet Perceived as ""Crass Fraud""",1.0,1.0,1.0
2,E,Rome,50,Why Do Heart Doctors Favor Surgery and Drugs Over Diet?,1.0,1.0,1.0
2,E,RomeCombined,1,Breast Cancer Cells Feed on Cholesterol,1.0,1.0,1.0
2,E,RomeCombined,1,Using Diet to Treat Asthma and Eczema,1.0,1.0,1.0
2,E,RomeCombined,1,Treating Asthma With Plants vs. Pills,1.0,1.0,1.0
2,E,RomeCombined,1,How Fruits and Vegetables Can Treat Asthma,1.0,1.0,1.0
2,E,RomeCombined,1,How Fruits and Vegetables Can Prevent Asthma,1.0,1.0,1.0
2,E,RomeCombined,1,Our Tax Dollars Subsidize Unhealthy Foods,1.0,1.0,1.0
2,E,RomeCombined,1,Reducing Arsenic in Chicken and Rice,1.0,1.0,1.0
2,E,RomeCombined,1,How Contaminated Are Our Children?,1.0,1.0,1.0
2,E,RomeCombined,1,"Blood Type Diet Perceived as ""Crass Fraud""",1.0,1.0,1.0
2,E,RomeCombined,1,Why Do Heart Doctors Favor Surgery and Drugs Over Diet?,1.0,1.0,1.0
2,E,RomeCombined,5,Breast Cancer Cells Feed on Cholesterol,1.0,1.0,1.0
2,E,RomeCombined,5,Using Diet to Treat Asthma and Eczema,1.0,1.0,1.0
2,E,RomeCombined,5,Treating Asthma With Plants vs. Pills,0.8,0.9999,1.0
2,E,RomeCombined,5,How Fruits and Vegetables Can Treat Asthma,0.8,0.9996,1.0
2,E,RomeCombined,5,How Fruits and Vegetables Can Prevent Asthma,1.0,1.0,1.0
2,E,RomeCombined,5,Our Tax Dollars Subsidize Unhealthy Foods,1.0,0.9998,0.8
2,E,RomeCombined,5,Reducing Arsenic in Chicken and Rice,1.0,1.0,1.0
2,E,RomeCombined,5,How Contaminated Are Our Children?,1.0,0.9999,0.8
2,E,RomeCombined,5,"Blood Type Diet Perceived as ""Crass Fraud""",1.0,1.0,1.0
2,E,RomeCombined,5,Why Do Heart Doctors Favor Surgery and Drugs Over Diet?,1.0,1.0,1.0
2,E,RomeCombined,10,Breast Cancer Cells Feed on Cholesterol,1.0,1.0,0.9556
2,E,RomeCombined,10,Using Diet to Treat Asthma and Eczema,1.0,1.0,1.0
2,E,RomeCombined,10,Treating Asthma With Plants vs. Pills,1.0,1.0,0.9111
2,E,RomeCombined,10,How Fruits and Vegetables Can Treat Asthma,1.0,1.0,0.9556
2,E,RomeCombined,10,How Fruits and Vegetables Can Prevent Asthma,1.0,1.0,1.0
2,E,RomeCombined,10,Our Tax Dollars Subsidize Unhealthy Foods,1.0,0.9999,0.9111
2,E,RomeCombined,10,Reducing Arsenic in Chicken and Rice,1.0,1.0,0.9556
2,E,RomeCombined,10,How Contaminated Are Our Children?,1.0,0.9999,0.8667
2,E,RomeCombined,10,"Blood Type Diet Perceived as ""Crass Fraud""",1.0,1.0,1.0
2,E,RomeCombined,10,Why Do Heart Doctors Favor Surgery and Drugs Over Diet?,1.0,1.0,0.9111
2,E,RomeCombined,20,Breast Cancer Cells Feed on Cholesterol,1.0,1.0,0.9789
2,E,RomeCombined,20,Using Diet to Treat Asthma and Eczema,1.0,1.0,1.0
2,E,RomeCombined,20,Treating Asthma With Plants vs. Pills,1.0,1.0,0.9579
2,E,RomeCombined,20,How Fruits and Vegetables Can Treat Asthma,1.0,1.0,0.9895
2,E,RomeCombined,20,How Fruits and Vegetables Can Prevent Asthma,1.0,1.0,0.9895
2,E,RomeCombined,20,Our Tax Dollars Subsidize Unhealthy Foods,1.0,0.9999,0.9789
2,E,RomeCombined,20,Reducing Arsenic in Chicken and Rice,1.0,1.0,0.9684
2,E,RomeCombined,20,How Contaminated Are Our Children?,1.0,0.9999,0.9368
2,E,RomeCombined,20,"Blood Type Diet Perceived as ""Crass Fraud""",1.0,1.0,1.0
2,E,RomeCombined,20,Why Do Heart Doctors Favor Surgery and Drugs Over Diet?,1.0,1.0,0.9684
2,E,RomeCombined,50,Breast Cancer Cells Feed on Cholesterol,0.98,0.9901,0.9694
2,E,RomeCombined,50,Using Diet to Treat Asthma and Eczema,1.0,1.0,0.9886
2,E,RomeCombined,50,Treating Asthma With Plants vs. Pills,1.0,1.0,0.9771
2,E,RomeCombined,50,How Fruits and Vegetables Can Treat Asthma,1.0,1.0,0.982
2,E,RomeCombined,50,How Fruits and Vegetables Can Prevent Asthma,1.0,1.0,0.9902
2,E,RomeCombined,50,Our Tax Dollars Subsidize Unhealthy Foods,1.0,0.9999,0.9804
2,E,RomeCombined,50,Reducing Arsenic in Chicken and Rice,1.0,1.0,0.9804
2,E,RomeCombined,50,How Contaminated Are Our Children?,0.98,0.9886,0.9694
2,E,RomeCombined,50,"Blood Type Diet Perceived as ""Crass Fraud""",0.98,0.9892,0.9813
2,E,RomeCombined,50,Why Do Heart Doctors Favor Surgery and Drugs Over Diet?,0.98,0.9892,0.9813
2,E,Ckks,1,Breast Cancer Cells Feed on Cholesterol,1.0,1.0,1.0
2,E,Ckks,1,Using Diet to Treat Asthma and Eczema,1.0,1.0,1.0
2,E,Ckks,1,Treating Asthma With Plants vs. Pills,1.0,1.0,1.0
2,E,Ckks,1,How Fruits and Vegetables Can Treat Asthma,1.0,1.0,1.0
2,E,Ckks,1,How Fruits and Vegetables Can Prevent Asthma,1.0,1.0,1.0
2,E,Ckks,1,Our Tax Dollars Subsidize Unhealthy Foods,1.0,1.0,1.0
2,E,Ckks,1,Reducing Arsenic in Chicken and Rice,1.0,1.0,1.0
2,E,Ckks,1,How Contaminated Are Our Children?,1.0,1.0,1.0
2,E,Ckks,1,"Blood Type Diet Perceived as ""Crass Fraud""",1.0,1.0,1.0
2,E,Ckks,1,Why Do Heart Doctors Favor Surgery and Drugs Over Diet?,1.0,1.0,1.0
2,E,Ckks,5,Breast Cancer Cells Feed on Cholesterol,1.0,1.0,1.0
2,E,Ckks,5,Using Diet to Treat Asthma and Eczema,1.0,1.0,1.0
2,E,Ckks,5,Treating Asthma With Plants vs. Pills,1.0,1.0,1.0
2,E,Ckks,5,How Fruits and Vegetables Can Treat Asthma,1.0,1.0,1.0
2,E,Ckks,5,How Fruits and Vegetables Can Prevent Asthma,1.0,1.0,1.0
2,E,Ckks,5,Our Tax Dollars Subsidize Unhealthy Foods,1.0,1.0,1.0
2,E,Ckks,5,Reducing Arsenic in Chicken and Rice,1.0,1.0,1.0
2,E,Ckks,5,How Contaminated Are Our Children?,1.0,1.0,1.0
2,E,Ckks,5,"Blood Type Diet Perceived as ""Crass Fraud""",1.0,1.0,1.0
2,E,Ckks,5,Why Do Heart Doctors Favor Surgery and Drugs Over Diet?,1.0,1.0,1.0
2,E,Ckks,10,Breast Cancer Cells Feed on Cholesterol,1.0,1.0,1.0
2,E,Ckks,10,Using Diet to Treat Asthma and Eczema,1.0,1.0,1.0
2,E,Ckks,10,Treating Asthma With Plants vs. Pills,1.0,1.0,1.0
2,E,Ckks,10,How Fruits and Vegetables Can Treat Asthma,1.0,1.0,1.0
2,E,Ckks,10,How Fruits and Vegetables Can Prevent Asthma,1.0,1.0,1.0
2,E,Ckks,10,Our Tax Dollars Subsidize Unhealthy Foods,1.0,1.0,1.0
2,E,Ckks,10,Reducing Arsenic in Chicken and Rice,1.0,1.0,1.0
2,E,Ckks,10,How Contaminated Are Our Children?,1.0,1.0,1.0
2,E,Ckks,10,"Blood Type Diet Perceived as ""Crass Fraud""",1.0,1.0,1.0
2,E,Ckks,10,Why Do Heart Doctors Favor Surgery and Drugs Over Diet?,1.0,1.0,1.0
2,E,Ckks,20,Breast Cancer Cells Feed on Cholesterol,1.0,1.0,1.0
2,E,Ckks,20,Using Diet to Treat Asthma and Eczema,1.0,1.0,1.0
2,E,Ckks,20,Treating Asthma With Plants vs. Pills,1.0,1.0,1.0
2,E,Ckks,20,How Fruits and Vegetables Can Treat Asthma,1.0,1.0,1.0
2,E,Ckks,20,How Fruits and Vegetables Can Prevent Asthma,1.0,1.0,1.0
2,E,Ckks,20,Our Tax Dollars Subsidize Unhealthy Foods,1.0,1.0,1.0
2,E,Ckks,20,Reducing Arsenic in Chicken and Rice,1.0,1.0,1.0
2,E,Ckks,20,How Contaminated Are Our Children?,1.0,1.0,1.0
2,E,Ckks,20,"Blood Type Diet Perceived as ""Crass Fraud""",1.0,1.0,1.0
2,E,Ckks,20,Why Do Heart Doctors Favor Surgery and Drugs Over Diet?,1.0,1.0,1.0
2,E,Ckks,50,Breast Cancer Cells Feed on Cholesterol,1.0,1.0,1.0
2,E,Ckks,50,Using Diet to Treat Asthma and Eczema,1.0,1.0,1.0
2,E,Ckks,50,Treating Asthma With Plants vs. Pills,1.0,1.0,1.0
2,E,Ckks,50,How Fruits and Vegetables Can Treat Asthma,1.0,1.0,1.0
2,E,Ckks,50,How Fruits and Vegetables Can Prevent Asthma,1.0,1.0,1.0
2,E,Ckks,50,Our Tax Dollars Subsidize Unhealthy Foods,1.0,1.0,1.0
2,E,Ckks,50,Reducing Arsenic in Chicken and Rice,1.0,1.0,1.0
2,E,Ckks,50,How Contaminated Are Our Children?,1.0,1.0,1.0
2,E,Ckks,50,"Blood Type Diet Perceived as ""Crass Fraud""",1.0,1.0,1.0
2,E,Ckks,50,Why Do Heart Doctors Favor Surgery and Drugs Over Diet?,1.0,1.0,1.0
2,E,CkksCombined,1,Breast Cancer Cells Feed on Cholesterol,1.0,1.0,1.0
2,E,CkksCombined,1,Using Diet to Treat Asthma and Eczema,1.0,1.0,1.0
2,E,CkksCombined,1,Treating Asthma With Plants vs. Pills,1.0,1.0,1.0
2,E,CkksCombined,1,How Fruits and Vegetables Can Treat Asthma,1.0,1.0,1.0
2,E,CkksCombined,1,How Fruits and Vegetables Can Prevent Asthma,1.0,1.0,1.0
2,E,CkksCombined,1,Our Tax Dollars Subsidize Unhealthy Foods,1.0,1.0,1.0
2,E,CkksCombined,1,Reducing Arsenic in Chicken and Rice,1.0,1.0,1.0
2,E,CkksCombined,1,How Contaminated Are Our Children?,1.0,1.0,1.0
2,E,CkksCombined,1,"Blood Type Diet Perceived as ""Crass Fraud""",1.0,1.0,1.0
2,E,CkksCombined,1,Why Do Heart Doctors Favor Surgery and Drugs Over Diet?,1.0,1.0,1.0
2,E,CkksCombined,5,Breast Cancer Cells Feed on Cholesterol,1.0,1.0,1.0
2,E,CkksCombined,5,Using Diet to Treat Asthma and Eczema,1.0,1.0,1.0
2,E,CkksCombined,5,Treating Asthma With Plants vs. Pills,1.0,1.0,1.0
2,E,CkksCombined,5,How Fruits and Vegetables Can Treat Asthma,1.0,1.0,1.0
2,E,CkksCombined,5,How Fruits and Vegetables Can Prevent Asthma,0.8,0.9995,1.0
2,E,CkksCombined,5,Our Tax Dollars Subsidize Unhealthy Foods,1.0,0.9998,0.8
2,E,CkksCombined,5,Reducing Arsenic in Chicken and Rice,0.8,0.9999,1.0
2,E,CkksCombined,5,How Contaminated Are Our Children?,1.0,1.0,0.8
2,E,CkksCombined,5,"Blood Type Diet Perceived as ""Crass Fraud""",1.0,1.0,1.0
2,E,CkksCombined,5,Why Do Heart Doctors Favor Surgery and Drugs Over Diet?,1.0,1.0,1.0
2,E,CkksCombined,10,Breast Cancer Cells Feed on Cholesterol,1.0,1.0,1.0
2,E,CkksCombined,10,Using Diet to Treat Asthma and Eczema,0.9,0.9999,1.0
2,E,CkksCombined,10,Treating Asthma With Plants vs. Pills,1.0,1.0,1.0
2,E,CkksCombined,10,How Fruits and Vegetables Can Treat Asthma,1.0,1.0,1.0
2,E,CkksCombined,10,How Fruits and Vegetables Can Prevent Asthma,1.0,1.0,0.9556
2,E,CkksCombined,10,Our Tax Dollars Subsidize Unhealthy Foods,1.0,0.9999,0.9111
2,E,CkksCombined,10,Reducing Arsenic in Chicken and Rice,1.0,1.0,0.9111
2,E,CkksCombined,10,How Contaminated Are Our Children?,1.0,1.0,0.9556
2,E,CkksCombined,10,"Blood Type Diet Perceived as ""Crass Fraud""",1.0,1.0,1.0
2,E,CkksCombined,10,Why Do Heart Doctors Favor Surgery and Drugs Over Diet?,1.0,1.0,0.9111
2,E,CkksCombined,20,Breast Cancer Cells Feed on Cholesterol,1.0,1.0,0.9368
2,E,CkksCombined,20,Using Diet to Treat Asthma and Eczema,1.0,1.0,0.9789
2,E,CkksCombined,20,Treating Asthma With Plants vs. Pills,1.0,1.0,0.9579
2,E,CkksCombined,20,How Fruits and Vegetables Can Treat Asthma,1.0,1.0,1.0
2,E,CkksCombined,20,How Fruits and Vegetables Can Prevent Asthma,1.0,1.0,0.9895
2,E,CkksCombined,20,Our Tax Dollars Subsidize Unhealthy Foods,1.0,0.9999,0.9684
2,E,CkksCombined,20,Reducing Arsenic in Chicken and Rice,1.0,1.0,0.9579
2,E,CkksCombined,20,How Contaminated Are Our Children?,1.0,1.0,0.9579
2,E,CkksCombined,20,"Blood Type Diet Perceived as ""Crass Fraud""",0.95,0.9999,0.9789
2,E,CkksCombined,20,Why Do Heart Doctors Favor Surgery and Drugs Over Diet?,1.0,1.0,0.9684
2,E,CkksCombined,50,Breast Cancer Cells Feed on Cholesterol,1.0,1.0,0.969
2,E,CkksCombined,50,Using Diet to Treat Asthma and Eczema,0.98,0.9915,0.9915
2,E,CkksCombined,50,Treating Asthma With Plants vs. Pills,1.0,1.0,0.9755
2,E,CkksCombined,50,How Fruits and Vegetables Can Treat Asthma,1.0,1.0,0.982
2,E,CkksCombined,50,How Fruits and Vegetables Can Prevent Asthma,1.0,1.0,0.9918
2,E,CkksCombined,50,Our Tax Dollars Subsidize Unhealthy Foods,1.0,0.9999,0.9804
2,E,CkksCombined,50,Reducing Arsenic in Chicken and Rice,0.98,0.989,0.9779
2,E,CkksCombined,50,How Contaminated Are Our Children?,1.0,1.0,0.969
2,E,CkksCombined,50,"Blood Type Diet Perceived as ""Crass Fraud""",0.98,0.9892,0.983
2,E,CkksCombined,50,Why Do Heart Doctors Favor Surgery and Drugs Over Diet?,0.98,0.9892,0.9762
3,E,Scrambling,1,Breast Cancer Cells Feed on Cholesterol,1.0,1.0,1.0
3,E,Scrambling,1,Using Diet to Treat Asthma and Eczema,1.0,1.0,1.0
3,E,Scrambling,1,Treating Asthma With Plants vs. Pills,1.0,1.0,1.0
3,E,Scrambling,1,How Fruits and Vegetables Can Treat Asthma,1.0,1.0,1.0
3,E,Scrambling,1,How Fruits and Vegetables Can Prevent Asthma,1.0,1.0,1.0
3,E,Scrambling,1,Our Tax Dollars Subsidize Unhealthy Foods,1.0,1.0,1.0
3,E,Scrambling,1,Reducing Arsenic in Chicken and Rice,1.0,1.0,1.0
3,E,Scrambling,1,How Contaminated Are Our Children?,1.0,1.0,1.0
3,E,Scrambling,1,"Blood Type Diet Perceived as ""Crass Fraud""",1.0,1.0,1.0
3,E,Scrambling,1,Why Do Heart Doctors Favor Surgery and Drugs Over Diet?,1.0,1.0,1.0
3,E,Scrambling,5,Breast Cancer Cells Feed on Cholesterol,1.0,1.0,1.0
3,E,Scrambling,5,Using Diet to Treat Asthma and Eczema,1.0,1.0,1.0
3,E,Scrambling,5,Treating Asthma With Plants vs. Pills,1.0,1.0,1.0
3,E,Scrambling,5,How Fruits and Vegetables Can Treat Asthma,1.0,1.0,1.0
3,E,Scrambling,5,How Fruits and Vegetables Can Prevent Asthma,1.0,1.0,1.0
3,E,Scrambling,5,Our Tax Dollars Subsidize Unhealthy Foods,1.0,1.0,1.0
3,E,Scrambling,5,Reducing Arsenic in Chicken and Rice,1.0,1.0,1.0
3,E,Scrambling,5,How Contaminated Are Our Children?,1.0,1.0,1.0
3,E,Scrambling,5,"Blood Type Diet Perceived as ""Crass Fraud""",1.0,1.0,1.0
3,E,Scrambling,5,Why Do Heart Doctors Favor Surgery and Drugs Over Diet?,1.0,1.0,1.0
3,E,Scrambling,10,Breast Cancer Cells Feed on Cholesterol,1.0,1.0,1.0
3,E,Scrambling,10,Using Diet to Treat Asthma and Eczema,1.0,1.0,1.0
3,E,Scrambling,10,Treating Asthma With Plants vs. Pills,1.0,1.0,1.0
3,E,Scrambling,10,How Fruits and Vegetables Can Treat Asthma,1.0,1.0,1.0
3,E,Scrambling,10,How Fruits and Vegetables Can Prevent Asthma,1.0,1.0,1.0
3,E,Scrambling,10,Our Tax Dollars Subsidize Unhealthy Foods,1.0,1.0,1.0
3,E,Scrambling,10,Reducing Arsenic in Chicken and Rice,1.0,1.0,1.0
3,E,Scrambling,10,How Contaminated Are Our Children?,1.0,1.0,1.0
3,E,Scrambling,10,"Blood Type Diet Perceived as ""Crass Fraud""",1.0,1.0,1.0
3,E,Scrambling,10,Why Do Heart Doctors Favor Surgery and Drugs Over Diet?,1.0,1.0,1.0
3,E,Scrambling,20,Breast Cancer Cells Feed on Cholesterol,1.0,1.0,1.0
3,E,Scrambling,20,Using Diet to Treat Asthma and Eczema,1.0,1.0,1.0
3,E,Scrambling,20,Treating Asthma With Plants vs. Pills,1.0,1.0,1.0
3,E,Scrambling,20,How Fruits and Vegetables Can Treat Asthma,1.0,1.0,1.0
3,E,Scrambling,20,How Fruits and Vegetables Can Prevent Asthma,1.0,1.0,1.0
3,E,Scrambling,20,Our Tax Dollars Subsidize Unhealthy Foods,1.0,1.0,1.0
3,E,Scrambling,20,Reducing Arsenic in Chicken and Rice,1.0,1.0,1.0
3,E,Scrambling,20,How Contaminated Are Our Children?,1.0,1.0,1.0
3,E,Scrambling,20,"Blood Type Diet Perceived as ""Crass Fraud""",1.0,1.0,1.0
3,E,Scrambling,20,Why Do Heart Doctors Favor Surgery and Drugs Over Diet?,1.0,1.0,1.0
3,E,Scrambling,50,Breast Cancer Cells Feed on Cholesterol,1.0,1.0,1.0
3,E,Scrambling,50,Using Diet to Treat Asthma and Eczema,1.0,1.0,1.0
3,E,Scrambling,50,Treating Asthma With Plants vs. Pills,1.0,1.0,1.0
3,E,Scrambling,50,How Fruits and Vegetables Can Treat Asthma,1.0,1.0,1.0
3,E,Scrambling,50,How Fruits and Vegetables Can Prevent Asthma,1.0,1.0,1.0
3,E,Scrambling,50,Our Tax Dollars Subsidize Unhealthy Foods,1.0,1.0,1.0
3,E,Scrambling,50,Reducing Arsenic in Chicken and Rice,1.0,1.0,1.0
3,E,Scrambling,50,How Contaminated Are Our Children?,1.0,1.0,1.0
3,E,Scrambling,50,"Blood Type Diet Perceived as ""Crass Fraud""",1.0,1.0,1.0
3,E,Scrambling,50,Why Do Heart Doctors Favor Surgery and Drugs Over Diet?,1.0,1.0,1.0
3,E,Noise,1,Breast Cancer Cells Feed on Cholesterol,1.0,1.0,1.0
3,E,Noise,1,Using Diet to Treat Asthma and Eczema,1.0,1.0,1.0
3,E,Noise,1,Treating Asthma With Plants vs. Pills,1.0,1.0,1.0
3,E,Noise,1,How Fruits and Vegetables Can Treat Asthma,1.0,1.0,1.0
3,E,Noise,1,How Fruits and Vegetables Can Prevent Asthma,1.0,1.0,1.0
3,E,Noise,1,Our Tax Dollars Subsidize Unhealthy Foods,1.0,1.0,1.0
3,E,Noise,1,Reducing Arsenic in Chicken and Rice,1.0,1.0,1.0
3,E,Noise,1,How Contaminated Are Our Children?,1.0,1.0,1.0
3,E,Noise,1,"Blood Type Diet Perceived as ""Crass Fraud""",1.0,1.0,1.0
3,E,Noise,1,Why Do Heart Doctors Favor Surgery and Drugs Over Diet?,1.0,1.0,1.0
3,E,Noise,5,Breast Cancer Cells Feed on Cholesterol,1.0,1.0,1.0
3,E,Noise,5,Using Diet to Treat Asthma and Eczema,1.0,1.0,1.0
3,E,Noise,5,Treating Asthma With Plants vs. Pills,1.0,1.0,1.0
3,E,Noise,5,How Fruits and Vegetables Can Treat Asthma,1.0,1.0,1.0
3,E,Noise,5,How Fruits and Vegetables Can Prevent Asthma,1.0,1.0,1.0
3,E,Noise,5,Our Tax Dollars Subsidize Unhealthy Foods,1.0,1.0,1.0
3,E,Noise,5,Reducing Arsenic in Chicken and Rice,1.0,1.0,1.0
3,E,Noise,5,How Contaminated Are Our Children?,1.0,1.0,1.0
3,E,Noise,5,"Blood Type Diet Perceived as ""Crass Fraud""",1.0,1.0,1.0
3,E,Noise,5,Why Do Heart Doctors Favor Surgery and Drugs Over Diet?,1.0,1.0,1.0
3,E,Noise,10,Breast Cancer Cells Feed on Cholesterol,1.0,1.0,0.9556
3,E,Noise,10,Using Diet to Treat Asthma and Eczema,1.0,1.0,1.0
3,E,Noise,10,Treating Asthma With Plants vs. Pills,1.0,1.0,1.0
3,E,Noise,10,How Fruits and Vegetables Can Treat Asthma,1.0,1.0,1.0
3,E,Noise,10,How Fruits and Vegetables Can Prevent Asthma,1.0,1.0,1.0
3,E,Noise,10,Our Tax Dollars Subsidize Unhealthy Foods,1.0,1.0,1.0
3,E,Noise,10,Reducing Arsenic in Chicken and Rice,1.0,1.0,1.0
3,E,Noise,10,How Contaminated Are Our Children?,1.0,1.0,0.9556
3,E,Noise,10,"Blood Type Diet Perceived as ""Crass Fraud""",1.0,1.0,1.0
3,E,Noise,10,Why Do Heart Doctors Favor Surgery and Drugs Over Diet?,1.0,1.0,0.9111
3,E,Noise,20,Breast Cancer Cells Feed on Cholesterol,1.0,1.0,0.9684
3,E,Noise,20,Using Diet to Treat Asthma and Eczema,1.0,1.0,0.9789
3,E,Noise,20,Treating Asthma With Plants vs. Pills,1.0,1.0,0.9895
3,E,Noise,20,How Fruits and Vegetables Can Treat Asthma,1.0,1.0,0.9895
3,E,Noise,20,How Fruits and Vegetables Can Prevent Asthma,1.0,1.0,1.0
3,E,Noise,20,Our Tax Dollars Subsidize Unhealthy Foods,1.0,1.0,1.0
3,E,Noise,20,Reducing Arsenic in Chicken and Rice,1.0,1.0,0.9368
3,E,Noise,20,How Contaminated Are Our Children?,1.0,1.0,0.9474
3,E,Noise,20,"Blood Type Diet Perceived as ""Crass Fraud""",0.95,1.0,0.9895
3,E,Noise,20,Why Do Heart Doctors Favor Surgery and Drugs Over Diet?,1.0,1.0,0.9684
3,E,Noise,50,Breast Cancer Cells Feed on Cholesterol,1.0,1.0,0.9869
3,E,Noise,50,Using Diet to Treat Asthma and Eczema,1.0,1.0,0.9837
3,E,Noise,50,Treating Asthma With Plants vs. Pills,1.0,1.0,0.9902
3,E,Noise,50,How Fruits and Vegetables Can Treat Asthma,0.98,0.991,0.9847
3,E,Noise,50,How Fruits and Vegetables Can Prevent Asthma,1.0,1.0,0.9886
3,E,Noise,50,Our Tax Dollars Subsidize Unhealthy Foods,1.0,1.0,0.9837
3,E,Noise,50,Reducing Arsenic in Chicken and Rice,0.98,0.989,0.9609
3,E,Noise,50,How Contaminated Are Our Children?,1.0,1.0,0.9673
3,E,Noise,50,"Blood Type Diet Perceived as ""Crass Fraud""",1.0,1.0,0.9853
3,E,Noise,50,Why Do Heart Doctors Favor Surgery and Drugs Over Diet?,0.98,0.9892,0.9796
3,E,Combined,1,Breast Cancer Cells Feed on Cholesterol,1.0,1.0,1.0
3,E,Combined,1,Using Diet to Treat Asthma and Eczema,1.0,1.0,1.0
3,E,Combined,1,Treating Asthma With Plants vs. Pills,1.0,1.0,1.0
3,E,Combined,1,How Fruits and Vegetables Can Treat Asthma,1.0,1.0,1.0
3,E,Combined,1,How Fruits and Vegetables Can Prevent Asthma,1.0,1.0,1.0
3,E,Combined,1,Our Tax Dollars Subsidize Unhealthy Foods,1.0,1.0,1.0
3,E,Combined,1,Reducing Arsenic in Chicken and Rice,1.0,1.0,1.0
3,E,Combined,1,How Contaminated Are Our Children?,1.0,1.0,1.0
3,E,Combined,1,"Blood Type Diet Perceived as ""Crass Fraud""",1.0,1.0,1.0
3,E,Combined,1,Why Do Heart Doctors Favor Surgery and Drugs Over Diet?,1.0,1.0,1.0
3,E,Combined,5,Breast Cancer Cells Feed on Cholesterol,1.0,1.0,1.0
3,E,Combined,5,Using Diet to Treat Asthma and Eczema,0.8,0.9994,0.8
3,E,Combined,5,Treating Asthma With Plants vs. Pills,0.8,0.9999,1.0
3,E,Combined,5,How Fruits and Vegetables Can Treat Asthma,1.0,1.0,1.0
3,E,Combined,5,How Fruits and Vegetables Can Prevent Asthma,1.0,1.0,1.0
3,E,Combined,5,Our Tax Dollars Subsidize Unhealthy Foods,1.0,1.0,1.0
3,E,Combined,5,Reducing Arsenic in Chicken and Rice,0.8,0.9994,1.0
3,E,Combined,5,How Contaminated Are Our Children?,1.0,1.0,1.0
3,E,Combined,5,"Blood Type Diet Perceived as ""Crass Fraud""",0.8,0.9986,0.8
3,E,Combined,5,Why Do Heart Doctors Favor Surgery and Drugs Over Diet?,1.0,1.0,1.0
3,E,Combined,10,Breast Cancer Cells Feed on Cholesterol,1.0,1.0,0.9556
3,E,Combined,10,Using Diet to Treat Asthma and Eczema,0.9,0.9998,0.9111
3,E,Combined,10,Treating Asthma With Plants vs. Pills,1.0,1.0,0.9556
3,E,Combined,10,How Fruits and Vegetables Can Treat Asthma,1.0,1.0,1.0
3,E,Combined,10,How Fruits and Vegetables Can Prevent Asthma,1.0,1.0,1.0
3,E,Combined,10,Our Tax Dollars Subsidize Unhealthy Foods,1.0,1.0,1.0
3,E,Combined,10,Reducing Arsenic in Chicken and Rice,1.0,1.0,0.9111
3,E,Combined,10,How Contaminated Are Our Children?,1.0,1.0,0.9556
3,E,Combined,10,"Blood Type Diet Perceived as ""Crass Fraud""",0.9,0.9996,0.8667
3,E,Combined,10,Why Do Heart Doctors Favor Surgery and Drugs Over Diet?,1.0,1.0,0.9556
3,E,Combined,20,Breast Cancer Cells Feed on Cholesterol,1.0,1.0,0.9684
3,E,Combined,20,Using Diet to Treat Asthma and Eczema,1.0,0.9999,0.9684
3,E,Combined,20,Treating Asthma With Plants vs. Pills,1.0,1.0,0.9684
3,E,Combined,20,How Fruits and Vegetables Can Treat Asthma,1.0,1.0,0.9895
3,E,Combined,20,How Fruits and Vegetables Can Prevent Asthma,1.0,1.0,0.9895
3,E,Combined,20,Our Tax Dollars Subsidize Unhealthy Foods,1.0,1.0,0.9895
3,E,Combined,20,Reducing Arsenic in Chicken and Rice,1.0,1.0,0.9474
3,E,Combined,20,How Contaminated Are Our Children?,1.0,1.0,0.9579
3,E,Combined,20,"Blood Type Diet Perceived as ""Crass Fraud""",0.95,0.9997,0.9263
3,E,Combined,20,Why Do Heart Doctors Favor Surgery and Drugs Over Diet?,1.0,1.0,0.9789
3,E,Combined,50,Breast Cancer Cells Feed on Cholesterol,1.0,1.0,0.982
3,E,Combined,50,Using Diet to Treat Asthma and Eczema,0.98,0.9915,0.9847
3,E,Combined,50,Treating Asthma With Plants vs. Pills,1.0,1.0,0.9771
3,E,Combined,50,How Fruits and Vegetables Can Treat Asthma,1.0,1.0,0.9706
3,E,Combined,50,How Fruits and Vegetables Can Prevent Asthma,0.98,0.9913,0.9915
3,E,Combined,50,Our Tax Dollars Subsidize Unhealthy Foods,1.0,1.0,0.9869
3,E,Combined,50,Reducing Arsenic in Chicken and Rice,0.98,0.989,0.9779
3,E,Combined,50,How Contaminated Are Our Children?,1.0,1.0,0.9722
3,E,Combined,50,"Blood Type Diet Perceived as ""Crass Fraud""",0.98,0.9891,0.9711
3,E,Combined,50,Why Do Heart Doctors Favor Surgery and Drugs Over Diet?,0.98,0.9893,0.9847
3,E,Rome,1,Breast Cancer Cells Feed on Cholesterol,1.0,1.0,1.0
3,E,Rome,1,Using Diet to Treat Asthma and Eczema,1.0,1.0,1.0
3,E,Rome,1,Treating Asthma With Plants vs. Pills,1.0,1.0,1.0
3,E,Rome,1,How Fruits and Vegetables Can Treat Asthma,1.0,1.0,1.0
3,E,Rome,1,How Fruits and Vegetables Can Prevent Asthma,1.0,1.0,1.0
3,E,Rome,1,Our Tax Dollars Subsidize Unhealthy Foods,1.0,1.0,1.0
3,E,Rome,1,Reducing Arsenic in Chicken and Rice,1.0,1.0,1.0
3,E,Rome,1,How Contaminated Are Our Children?,1.0,1.0,1.0
3,E,Rome,1,"Blood Type Diet Perceived as ""Crass Fraud""",1.0,1.0,1.0
3,E,Rome,1,Why Do Heart Doctors Favor Surgery and Drugs Over Diet?,1.0,1.0,1.0
3,E,Rome,5,Breast Cancer Cells Feed on Cholesterol,1.0,1.0,1.0
3,E,Rome,5,Using Diet to Treat Asthma and Eczema,1.0,1.0,1.0
3,E,Rome,5,Treating Asthma With Plants vs. Pills,1.0,1.0,1.0
3,E,Rome,5,How Fruits and Vegetables Can Treat Asthma,1.0,1.0,1.0
3,E,Rome,5,How Fruits and Vegetables Can Prevent Asthma,1.0,1.0,1.0
3,E,Rome,5,Our Tax Dollars Subsidize Unhealthy Foods,1.0,1.0,1.0
3,E,Rome,5,Reducing Arsenic in Chicken and Rice,1.0,1.0,1.0
3,E,Rome,5,How Contaminated Are Our Children?,1.0,1.0,1.0
3,E,Rome,5,"Blood Type Diet Perceived as ""Crass Fraud""",1.0,1.0,1.0
3,E,Rome,5,Why Do Heart Doctors Favor Surgery and Drugs Over Diet?,1.0,1.0,1.0
3,E,Rome,10,Breast Cancer Cells Feed on Cholesterol,1.0,1.0,1.0
3,E,Rome,10,Using Diet to Treat Asthma and Eczema,1.0,1.0,1.0
3,E,Rome,10,Treating Asthma With Plants vs. Pills,1.0,1.0,1.0
3,E,Rome,10,How Fruits and Vegetables Can Treat Asthma,1.0,1.0,1.0
3,E,Rome,10,How Fruits and Vegetables Can Prevent Asthma,1.0,1.0,1.0
3,E,Rome,10,Our Tax Dollars Subsidize Unhealthy Foods,1.0,1.0,1.0
3,E,Rome,10,Reducing Arsenic in Chicken and Rice,1.0,1.0,1.0
3,E,Rome,10,How Contaminated Are Our Children?,1.0,1.0,1.0
3,E,Rome,10,"Blood Type Diet Perceived as ""Crass Fraud""",1.0,1.0,1.0
3,E,Rome,10,Why Do Heart Doctors Favor Surgery and Drugs Over Diet?,1.0,1.0,1.0
3,E,Rome,20,Breast Cancer Cells Feed on Cholesterol,1.0,1.0,1.0
3,E,Rome,20,Using Diet to Treat Asthma and Eczema,1.0,1.0,1.0
3,E,Rome,20,Treating Asthma With Plants vs. Pills,1.0,1.0,1.0
3,E,Rome,20,How Fruits and Vegetables Can Treat Asthma,1.0,1.0,1.0
3,E,Rome,20,How Fruits and Vegetables Can Prevent Asthma,1.0,1.0,1.0
3,E,Rome,20,Our Tax Dollars Subsidize Unhealthy Foods,1.0,1.0,1.0
3,E,Rome,20,Reducing Arsenic in Chicken and Rice,1.0,1.0,1.0
3,E,Rome,20,How Contaminated Are Our Children?,1.0,1.0,1.0
3,E,Rome,20,"Blood Type Diet Perceived as ""Crass Fraud""",1.0,1.0,1.0
3,E,Rome,20,Why Do Heart Doctors Favor Surgery and Drugs Over Diet?,1.0,1.0,1.0
3,E,Rome,50,Breast Cancer Cells Feed on Cholesterol,1.0,1.0,1.0
3,E,Rome,50,Using Diet to Treat Asthma and Eczema,1.0,1.0,1.0
3,E,Rome,50,Treating Asthma With Plants vs. Pills,1.0,1.0,1.0
3,E,Rome,50,How Fruits and Vegetables Can Treat Asthma,1.0,1.0,1.0
3,E,Rome,50,How Fruits and Vegetables Can Prevent Asthma,1.0,1.0,1.0
3,E,Rome,50,Our Tax Dollars Subsidize Unhealthy Foods,1.0,1.0,1.0
3,E,Rome,50,Reducing Arsenic in Chicken and Rice,1.0,1.0,1.0
3,E,Rome,50,How Contaminated Are Our Children?,1.0,1.0,1.0
3,E,Rome,50,"Blood Type Diet Perceived as ""Crass Fraud""",1.0,1.0,1.0
3,E,Rome,50,Why Do Heart Doctors Favor Surgery and Drugs Over Diet?,1.0,1.0,1.0
3,E,RomeCombined,1,Breast Cancer Cells Feed on Cholesterol,1.0,1.0,1.0
3,E,RomeCombined,1,Using Diet to Treat Asthma and Eczema,1.0,1.0,1.0
3,E,RomeCombined,1,Treating Asthma With Plants vs. Pills,1.0,1.0,1.0
3,E,RomeCombined,1,How Fruits and Vegetables Can Treat Asthma,1.0,1.0,1.0
3,E,RomeCombined,1,How Fruits and Vegetables Can Prevent Asthma,1.0,1.0,1.0
3,E,RomeCombined,1,Our Tax Dollars Subsidize Unhealthy Foods,1.0,1.0,1.0
3,E,RomeCombined,1,Reducing Arsenic in Chicken and Rice,1.0,1.0,1.0
3,E,RomeCombined,1,How Contaminated Are Our Children?,1.0,1.0,1.0
3,E,RomeCombined,1,"Blood Type Diet Perceived as ""Crass Fraud""",1.0,1.0,1.0
3,E,RomeCombined,1,Why Do Heart Doctors Favor Surgery and Drugs Over Diet?,1.0,1.0,1.0
3,E,RomeCombined,5,Breast Cancer Cells Feed on Cholesterol,1.0,1.0,1.0
3,E,RomeCombined,5,Using Diet to Treat Asthma and Eczema,1.0,1.0,1.0
3,E,RomeCombined,5,Treating Asthma With Plants vs. Pills,1.0,1.0,1.0
3,E,RomeCombined,5,How Fruits and Vegetables Can Treat Asthma,0.8,0.9996,1.0
3,E,RomeCombined,5,How Fruits and Vegetables Can Prevent Asthma,1.0,1.0,1.0
3,E,RomeCombined,5,Our Tax Dollars Subsidize Unhealthy Foods,1.0,1.0,1.0
3,E,RomeCombined,5,Reducing Arsenic in Chicken and Rice,0.8,0.9999,1.0
3,E,RomeCombined,5,How Contaminated Are Our Children?,1.0,0.9999,0.8
3,E,RomeCombined,5,"Blood Type Diet Perceived as ""Crass Fraud""",1.0,1.0,1.0
3,E,RomeCombined,5,Why Do Heart Doctors Favor Surgery and Drugs Over Diet?,1.0,1.0,1.0
3,E,RomeCombined,10,Breast Cancer Cells Feed on Cholesterol,1.0,1.0,0.9556
3,E,RomeCombined,10,Using Diet to Treat Asthma and Eczema,1.0,1.0,0.9556
3,E,RomeCombined,10,Treating Asthma With Plants vs. Pills,1.0,1.0,0.9556
3,E,RomeCombined,10,How Fruits and Vegetables Can Treat Asthma,1.0,1.0,0.9556
3,E,RomeCombined,10,How Fruits and Vegetables Can Prevent Asthma,1.0,1.0,1.0
3,E,RomeCombined,10,Our Tax Dollars Subsidize Unhealthy Foods,1.0,1.0,1.0
3,E,RomeCombined,10,Reducing Arsenic in Chicken and Rice,1.0,1.0,0.8667
3,E,RomeCombined,10,How Contaminated Are Our Children?,1.0,1.0,0.9556
3,E,RomeCombined,10,"Blood Type Diet Perceived as ""Crass Fraud""",0.9,0.9997,0.9556
3,E,RomeCombined,10,Why Do Heart Doctors Favor Surgery and Drugs Over Diet?,1.0,1.0,0.9111
3,E,RomeCombined,20,Breast Cancer Cells Feed on Cholesterol,1.0,1.0,0.9474
3,E,RomeCombined,20,Using Diet to Treat Asthma and Eczema,1.0,1.0,0.9789
3,E,RomeCombined,20,Treating Asthma With Plants vs. Pills,1.0,1.0,0.9789
3,E,RomeCombined,20,How Fruits and Vegetables Can Treat Asthma,1.0,1.0,0.9789
3,E,RomeCombined,20,How Fruits and Vegetables Can Prevent Asthma,1.0,1.0,1.0
3,E,RomeCombined,20,Our Tax Dollars Subsidize Unhealthy Foods,1.0,1.0,0.9684
3,E,RomeCombined,20,Reducing Arsenic in Chicken and Rice,0.95,0.9999,0.9474
3,E,RomeCombined,20,How Contaminated Are Our Children?,1.0,1.0,0.9684
3,E,RomeCombined,20,"Blood Type Diet Perceived as ""Crass Fraud""",0.95,1.0,0.9789
3,E,RomeCombined,20,Why Do Heart Doctors Favor Surgery and Drugs Over Diet?,0.95,0.9998,0.9789
3,E,RomeCombined,50,Breast Cancer Cells Feed on Cholesterol,1.0,1.0,0.9804
3,E,RomeCombined,50,Using Diet to Treat Asthma and Eczema,0.98,0.9915,0.9813
3,E,RomeCombined,50,Treating Asthma With Plants vs. Pills,1.0,1.0,0.9804
3,E,RomeCombined,50,How Fruits and Vegetables Can Treat Asthma,1.0,1.0,0.9886
3,E,RomeCombined,50,How Fruits and Vegetables Can Prevent Asthma,0.98,0.9912,0.9813
3,E,RomeCombined,50,Our Tax Dollars Subsidize Unhealthy Foods,1.0,1.0,0.9837
3,E,RomeCombined,50,Reducing Arsenic in Chicken and Rice,1.0,1.0,0.982
3,E,RomeCombined,50,How Contaminated Are Our Children?,0.98,0.9886,0.983
3,E,RomeCombined,50,"Blood Type Diet Perceived as ""Crass Fraud""",0.98,0.9892,0.983
3,E,RomeCombined,50,Why Do Heart Doctors Favor Surgery and Drugs Over Diet?,1.0,1.0,0.9853
3,E,Ckks,1,Breast Cancer Cells Feed on Cholesterol,1.0,1.0,1.0
3,E,Ckks,1,Using Diet to Treat Asthma and Eczema,1.0,1.0,1.0
3,E,Ckks,1,Treating Asthma With Plants vs. Pills,1.0,1.0,1.0
3,E,Ckks,1,How Fruits and Vegetables Can Treat Asthma,1.0,1.0,1.0
3,E,Ckks,1,How Fruits and Vegetables Can Prevent Asthma,1.0,1.0,1.0
3,E,Ckks,1,Our Tax Dollars Subsidize Unhealthy Foods,1.0,1.0,1.0
3,E,Ckks,1,Reducing Arsenic in Chicken and Rice,1.0,1.0,1.0
3,E,Ckks,1,How Contaminated Are Our Children?,1.0,1.0,1.0
3,E,Ckks,1,"Blood Type Diet Perceived as ""Crass Fraud""",1.0,1.0,1.0
3,E,Ckks,1,Why Do Heart Doctors Favor Surgery and Drugs Over Diet?,1.0,1.0,1.0
3,E,Ckks,5,Breast Cancer Cells Feed on Cholesterol,1.0,1.0,1.0
3,E,Ckks,5,Using Diet to Treat Asthma and Eczema,1.0,1.0,1.0
3,E,Ckks,5,Treating Asthma With Plants vs. Pills,1.0,1.0,1.0
3,E,Ckks,5,How Fruits and Vegetables Can Treat Asthma,1.0,1.0,1.0
3,E,Ckks,5,How Fruits and Vegetables Can Prevent Asthma,1.0,1.0,1.0
3,E,Ckks,5,Our Tax Dollars Subsidize Unhealthy Foods,1.0,1.0,1.0
3,E,Ckks,5,Reducing Arsenic in Chicken and Rice,1.0,1.0,1.0
3,E,Ckks,5,How Contaminated Are Our Children?,1.0,1.0,1.0
3,E,Ckks,5,"Blood Type Diet Perceived as ""Crass Fraud""",1.0,1.0,1.0
3,E,Ckks,5,Why Do Heart Doctors Favor Surgery and Drugs Over Diet?,1.0,1.0,1.0
3,E,Ckks,10,Breast Cancer Cells Feed on Cholesterol,1.0,1.0,1.0
3,E,Ckks,10,Using Diet to Treat Asthma and Eczema,1.0,1.0,1.0
3,E,Ckks,10,Treating Asthma With Plants vs. Pills,1.0,1.0,1.0
3,E,Ckks,10,How Fruits and Vegetables Can Treat Asthma,1.0,1.0,1.0
3,E,Ckks,10,How Fruits and Vegetables Can Prevent Asthma,1.0,1.0,1.0
3,E,Ckks,10,Our Tax Dollars Subsidize Unhealthy Foods,1.0,1.0,1.0
3,E,Ckks,10,Reducing Arsenic in Chicken and Rice,1.0,1.0,1.0
3,E,Ckks,10,How Contaminated Are Our Children?,1.0,1.0,1.0
3,E,Ckks,10,"Blood Type Diet Perceived as ""Crass Fraud""",1.0,1.0,1.0
3,E,Ckks,10,Why Do Heart Doctors Favor Surgery and Drugs Over Diet?,1.0,1.0,1.0
3,E,Ckks,20,Breast Cancer Cells Feed on Cholesterol,1.0,1.0,1.0
3,E,Ckks,20,Using Diet to Treat Asthma and Eczema,1.0,1.0,1.0
3,E,Ckks,20,Treating Asthma With Plants vs. Pills,1.0,1.0,1.0
3,E,Ckks,20,How Fruits and Vegetables Can Treat Asthma,1.0,1.0,1.0
3,E,Ckks,20,How Fruits and Vegetables Can Prevent Asthma,1.0,1.0,1.0
3,E,Ckks,20,Our Tax Dollars Subsidize Unhealthy Foods,1.0,1.0,1.0
3,E,Ckks,20,Reducing Arsenic in Chicken and Rice,1.0,1.0,1.0
3,E,Ckks,20,How Contaminated Are Our Children?,1.0,1.0,1.0
3,E,Ckks,20,"Blood Type Diet Perceived as ""Crass Fraud""",1.0,1.0,1.0
3,E,Ckks,20,Why Do Heart Doctors Favor Surgery and Drugs Over Diet?,1.0,1.0,1.0
3,E,Ckks,50,Breast Cancer Cells Feed on Cholesterol,1.0,1.0,1.0
3,E,Ckks,50,Using Diet to Treat Asthma and Eczema,1.0,1.0,1.0
3,E,Ckks,50,Treating Asthma With Plants vs. Pills,1.0,1.0,1.0
3,E,Ckks,50,How Fruits and Vegetables Can Treat Asthma,1.0,1.0,1.0
3,E,Ckks,50,How Fruits and Vegetables Can Prevent Asthma,1.0,1.0,1.0
3,E,Ckks,50,Our Tax Dollars Subsidize Unhealthy Foods,1.0,1.0,1.0
3,E,Ckks,50,Reducing Arsenic in Chicken and Rice,1.0,1.0,1.0
3,E,Ckks,50,How Contaminated Are Our Children?,1.0,1.0,1.0
3,E,Ckks,50,"Blood Type Diet Perceived as ""Crass Fraud""",1.0,1.0,1.0
3,E,Ckks,50,Why Do Heart Doctors Favor Surgery and Drugs Over Diet?,1.0,1.0,1.0
3,E,CkksCombined,1,Breast Cancer Cells Feed on Cholesterol,1.0,1.0,1.0
3,E,CkksCombined,1,Using Diet to Treat Asthma and Eczema,1.0,1.0,1.0
3,E,CkksCombined,1,Treating Asthma With Plants vs. Pills,1.0,1.0,1.0
3,E,CkksCombined,1,How Fruits and Vegetables Can Treat Asthma,1.0,1.0,1.0
3,E,CkksCombined,1,How Fruits and Vegetables Can Prevent Asthma,1.0,1.0,1.0
3,E,CkksCombined,1,Our Tax Dollars Subsidize Unhealthy Foods,1.0,1.0,1.0
3,E,CkksCombined,1,Reducing Arsenic in Chicken and Rice,1.0,1.0,1.0
3,E,CkksCombined,1,How Contaminated Are Our Children?,1.0,1.0,1.0
3,E,CkksCombined,1,"Blood Type Diet Perceived as ""Crass Fraud""",1.0,1.0,1.0
3,E,CkksCombined,1,Why Do Heart Doctors Favor Surgery and Drugs Over Diet?,1.0,1.0,1.0
3,E,CkksCombined,5,Breast Cancer Cells Feed on Cholesterol,1.0,1.0,1.0
3,E,CkksCombined,5,Using Diet to Treat Asthma and Eczema,1.0,0.9998,0.8
3,E,CkksCombined,5,Treating Asthma With Plants vs. Pills,1.0,1.0,1.0
3,E,CkksCombined,5,How Fruits and Vegetables Can Treat Asthma,1.0,1.0,1.0
3,E,CkksCombined,5,How Fruits and Vegetables Can Prevent Asthma,1.0,1.0,1.0
3,E,CkksCombined,5,Our Tax Dollars Subsidize Unhealthy Foods,1.0,1.0,1.0
3,E,CkksCombined,5,Reducing Arsenic in Chicken and Rice,1.0,1.0,1.0
3,E,CkksCombined,5,How Contaminated Are Our Children?,1.0,0.9999,0.6
3,E,CkksCombined,5,"Blood Type Diet Perceived as ""Crass Fraud""",1.0,1.0,1.0
3,E,CkksCombined,5,Why Do Heart Doctors Favor Surgery and Drugs Over Diet?,1.0,1.0,1.0
3,E,CkksCombined,10,Breast Cancer Cells Feed on Cholesterol,1.0,1.0,0.9556
3,E,CkksCombined,10,Using Diet to Treat Asthma and Eczema,0.9,0.9996,0.9556
3,E,CkksCombined,10,Treating Asthma With Plants vs. Pills,1.0,1.0,1.0
3,E,CkksCombined,10,How Fruits and Vegetables Can Treat Asthma,1.0,1.0,1.0
3,E,CkksCombined,10,How Fruits and Vegetables Can Prevent Asthma,1.0,1.0,1.0
3,E,CkksCombined,10,Our Tax Dollars Subsidize Unhealthy Foods,0.9,0.9998,1.0
3,E,CkksCombined,10,Reducing Arsenic in Chicken and Rice,1.0,0.9999,0.8222
3,E,CkksCombined,10,How Contaminated Are Our Children?,1.0,0.9999,0.8667
3,E,CkksCombined,10,"Blood Type Diet Perceived as ""Crass Fraud""",0.9,0.9997,1.0
3,E,CkksCombined,10,Why Do Heart Doctors Favor Surgery and Drugs Over Diet?,1.0,1.0,0.8667
3,E,CkksCombined,20,Breast Cancer Cells Feed on Cholesterol,0.95,0.9998,0.9474
3,E,CkksCombined,20,Using Diet to Treat Asthma and Eczema,1.0,0.9999,0.9684
3,E,CkksCombined,20,Treating Asthma With Plants vs. Pills,1.0,1.0,0.9579
3,E,CkksCombined,20,How Fruits and Vegetables Can Treat Asthma,1.0,1.0,1.0
3,E,CkksCombined,20,How Fruits and Vegetables Can Prevent Asthma,1.0,1.0,1.0
3,E,CkksCombined,20,Our Tax Dollars Subsidize Unhealthy Foods,1.0,1.0,0.9579
3,E,CkksCombined,20,Reducing Arsenic in Chicken and Rice,0.95,0.9999,0.9579
3,E,CkksCombined,20,How Contaminated Are Our Children?,1.0,1.0,0.9474
3,E,CkksCombined,20,"Blood Type Diet Perceived as ""Crass Fraud""",0.95,1.0,0.9789
3,E,CkksCombined,20,Why Do Heart Doctors Favor Surgery and Drugs Over Diet?,1.0,1.0,0.9474
3,E,CkksCombined,50,Breast Cancer Cells Feed on Cholesterol,0.98,0.9901,0.9677
3,E,CkksCombined,50,Using Diet to Treat Asthma and Eczema,1.0,0.9999,0.9853
3,E,CkksCombined,50,Treating Asthma With Plants vs. Pills,1.0,1.0,0.9837
3,E,CkksCombined,50,How Fruits and Vegetables Can Treat Asthma,1.0,1.0,0.9755
3,E,CkksCombined,50,How Fruits and Vegetables Can Prevent Asthma,0.98,0.9913,0.9915
3,E,CkksCombined,50,Our Tax Dollars Subsidize Unhealthy Foods,1.0,1.0,0.982
3,E,CkksCombined,50,Reducing Arsenic in Chicken and Rice,1.0,0.9999,0.9706
3,E,CkksCombined,50,How Contaminated Are Our Children?,1.0,1.0,0.9722
3,E,CkksCombined,50,"Blood Type Diet Perceived as ""Crass Fraud""",1.0,1.0,0.9837
3,E,CkksCombined,50,Why Do Heart Doctors Favor Surgery and Drugs Over Diet?,1.0,1.0,0.9722
4,E,Scrambling,1,Breast Cancer Cells Feed on Cholesterol,1.0,1.0,1.0
4,E,Scrambling,1,Using Diet to Treat Asthma and Eczema,1.0,1.0,1.0
4,E,Scrambling,1,Treating Asthma With Plants vs. Pills,1.0,1.0,1.0
4,E,Scrambling,1,How Fruits and Vegetables Can Treat Asthma,1.0,1.0,1.0
4,E,Scrambling,1,How Fruits and Vegetables Can Prevent Asthma,1.0,1.0,1.0
4,E,Scrambling,1,Our Tax Dollars Subsidize Unhealthy Foods,1.0,1.0,1.0
4,E,Scrambling,1,Reducing Arsenic in Chicken and Rice,1.0,1.0,1.0
4,E,Scrambling,1,How Contaminated Are Our Children?,1.0,1.0,1.0
4,E,Scrambling,1,"Blood Type Diet Perceived as ""Crass Fraud""",1.0,1.0,1.0
4,E,Scrambling,1,Why Do Heart Doctors Favor Surgery and Drugs Over Diet?,1.0,1.0,1.0
4,E,Scrambling,5,Breast Cancer Cells Feed on Cholesterol,1.0,1.0,1.0
4,E,Scrambling,5,Using Diet to Treat Asthma and Eczema,1.0,1.0,1.0
4,E,Scrambling,5,Treating Asthma With Plants vs. Pills,1.0,1.0,1.0
4,E,Scrambling,5,How Fruits and Vegetables Can Treat Asthma,1.0,1.0,1.0
4,E,Scrambling,5,How Fruits and Vegetables Can Prevent Asthma,1.0,1.0,1.0
4,E,Scrambling,5,Our Tax Dollars Subsidize Unhealthy Foods,1.0,1.0,1.0
4,E,Scrambling,5,Reducing Arsenic in Chicken and Rice,1.0,1.0,1.0
4,E,Scrambling,5,How Contaminated Are Our Children?,1.0,1.0,1.0
4,E,Scrambling,5,"Blood Type Diet Perceived as ""Crass Fraud""",1.0,1.0,1.0
4,E,Scrambling,5,Why Do Heart Doctors Favor Surgery and Drugs Over Diet?,1.0,1.0,1.0
4,E,Scrambling,10,Breast Cancer Cells Feed on Cholesterol,1.0,1.0,1.0
4,E,Scrambling,10,Using Diet to Treat Asthma and Eczema,1.0,1.0,1.0
4,E,Scrambling,10,Treating Asthma With Plants vs. Pills,1.0,1.0,1.0
4,E,Scrambling,10,How Fruits and Vegetables Can Treat Asthma,1.0,1.0,1.0
4,E,Scrambling,10,How Fruits and Vegetables Can Prevent Asthma,1.0,1.0,1.0
4,E,Scrambling,10,Our Tax Dollars Subsidize Unhealthy Foods,1.0,1.0,1.0
4,E,Scrambling,10,Reducing Arsenic in Chicken and Rice,1.0,1.0,1.0
4,E,Scrambling,10,How Contaminated Are Our Children?,1.0,1.0,1.0
4,E,Scrambling,10,"Blood Type Diet Perceived as ""Crass Fraud""",1.0,1.0,1.0
4,E,Scrambling,10,Why Do Heart Doctors Favor Surgery and Drugs Over Diet?,1.0,1.0,1.0
4,E,Scrambling,20,Breast Cancer Cells Feed on Cholesterol,1.0,1.0,1.0
4,E,Scrambling,20,Using Diet to Treat Asthma and Eczema,1.0,1.0,1.0
4,E,Scrambling,20,Treating Asthma With Plants vs. Pills,1.0,1.0,1.0
4,E,Scrambling,20,How Fruits and Vegetables Can Treat Asthma,1.0,1.0,1.0
4,E,Scrambling,20,How Fruits and Vegetables Can Prevent Asthma,1.0,1.0,1.0
4,E,Scrambling,20,Our Tax Dollars Subsidize Unhealthy Foods,1.0,1.0,1.0
4,E,Scrambling,20,Reducing Arsenic in Chicken and Rice,1.0,1.0,1.0
4,E,Scrambling,20,How Contaminated Are Our Children?,1.0,1.0,1.0
4,E,Scrambling,20,"Blood Type Diet Perceived as ""Crass Fraud""",1.0,1.0,1.0
4,E,Scrambling,20,Why Do Heart Doctors Favor Surgery and Drugs Over Diet?,1.0,1.0,1.0
4,E,Scrambling,50,Breast Cancer Cells Feed on Cholesterol,1.0,1.0,1.0
4,E,Scrambling,50,Using Diet to Treat Asthma and Eczema,1.0,1.0,1.0
4,E,Scrambling,50,Treating Asthma With Plants vs. Pills,1.0,1.0,1.0
4,E,Scrambling,50,How Fruits and Vegetables Can Treat Asthma,1.0,1.0,1.0
4,E,Scrambling,50,How Fruits and Vegetables Can Prevent Asthma,1.0,1.0,1.0
4,E,Scrambling,50,Our Tax Dollars Subsidize Unhealthy Foods,1.0,1.0,1.0
4,E,Scrambling,50,Reducing Arsenic in Chicken and Rice,1.0,1.0,1.0
4,E,Scrambling,50,How Contaminated Are Our Children?,1.0,1.0,1.0
4,E,Scrambling,50,"Blood Type Diet Perceived as ""Crass Fraud""",1.0,1.0,1.0
4,E,Scrambling,50,Why Do Heart Doctors Favor Surgery and Drugs Over Diet?,1.0,1.0,1.0
4,E,Noise,1,Breast Cancer Cells Feed on Cholesterol,1.0,1.0,1.0
4,E,Noise,1,Using Diet to Treat Asthma and Eczema,1.0,1.0,1.0
4,E,Noise,1,Treating Asthma With Plants vs. Pills,1.0,1.0,1.0
4,E,Noise,1,How Fruits and Vegetables Can Treat Asthma,1.0,1.0,1.0
4,E,Noise,1,How Fruits and Vegetables Can Prevent Asthma,1.0,1.0,1.0
4,E,Noise,1,Our Tax Dollars Subsidize Unhealthy Foods,1.0,1.0,1.0
4,E,Noise,1,Reducing Arsenic in Chicken and Rice,1.0,1.0,1.0
4,E,Noise,1,How Contaminated Are Our Children?,1.0,1.0,1.0
4,E,Noise,1,"Blood Type Diet Perceived as ""Crass Fraud""",1.0,1.0,1.0
4,E,Noise,1,Why Do Heart Doctors Favor Surgery and Drugs Over Diet?,1.0,1.0,1.0
4,E,Noise,5,Breast Cancer Cells Feed on Cholesterol,1.0,1.0,1.0
4,E,Noise,5,Using Diet to Treat Asthma and Eczema,1.0,1.0,1.0
4,E,Noise,5,Treating Asthma With Plants vs. Pills,1.0,1.0,1.0
4,E,Noise,5,How Fruits and Vegetables Can Treat Asthma,1.0,1.0,1.0
4,E,Noise,5,How Fruits and Vegetables Can Prevent Asthma,1.0,1.0,1.0
4,E,Noise,5,Our Tax Dollars Subsidize Unhealthy Foods,1.0,1.0,1.0
4,E,Noise,5,Reducing Arsenic in Chicken and Rice,1.0,1.0,1.0
4,E,Noise,5,How Contaminated Are Our Children?,1.0,1.0,1.0
4,E,Noise,5,"Blood Type Diet Perceived as ""Crass Fraud""",1.0,1.0,1.0
4,E,Noise,5,Why Do Heart Doctors Favor Surgery and Drugs Over Diet?,1.0,1.0,1.0
4,E,Noise,10,Breast Cancer Cells Feed on Cholesterol,1.0,1.0,1.0
4,E,Noise,10,Using Diet to Treat Asthma and Eczema,0.9,0.9999,1.0
4,E,Noise,10,Treating Asthma With Plants vs. Pills,1.0,1.0,0.9556
4,E,Noise,10,How Fruits and Vegetables Can Treat Asthma,1.0,1.0,1.0
4,E,Noise,10,How Fruits and Vegetables Can Prevent Asthma,1.0,1.0,0.9556
4,E,Noise,10,Our Tax Dollars Subsidize Unhealthy Foods,1.0,1.0,1.0
4,E,Noise,10,Reducing Arsenic in Chicken and Rice,1.0,1.0,0.9556
4,E,Noise,10,How Contaminated Are Our Children?,1.0,1.0,1.0
4,E,Noise,10,"Blood Type Diet Perceived as ""Crass Fraud""",1.0,1.0,1.0
4,E,Noise,10,Why Do Heart Doctors Favor Surgery and Drugs Over Diet?,0.9,0.9996,0.9111
4,E,Noise,20,Breast Cancer Cells Feed on Cholesterol,1.0,1.0,0.9789
4,E,Noise,20,Using Diet to Treat Asthma and Eczema,1.0,1.0,0.9895
4,E,Noise,20,Treating Asthma With Plants vs. Pills,1.0,1.0,0.9895
4,E,Noise,20,How Fruits and Vegetables Can Treat Asthma,1.0,1.0,0.9895
4,E,Noise,20,How Fruits and Vegetables Can Prevent Asthma,1.0,1.0,0.9895
4,E,Noise,20,Our Tax Dollars Subsidize Unhealthy Foods,1.0,1.0,0.9895
4,E,Noise,20,Reducing Arsenic in Chicken and Rice,1.0,1.0,0.9684
4,E,Noise,20,How Contaminated Are Our Children?,1.0,1.0,0.9895
4,E,Noise,20,"Blood Type Diet Perceived as ""Crass Fraud""",1.0,1.0,1.0
4,E,Noise,20,Why Do Heart Doctors Favor Surgery and Drugs Over Diet?,1.0,1.0,0.9579
4,E,Noise,50,Breast Cancer Cells Feed on Cholesterol,1.0,1.0,0.9755
4,E,Noise,50,Using Diet to Treat Asthma and Eczema,0.98,0.9915,0.9949
4,E,Noise,50,Treating Asthma With Plants vs. Pills,1.0,1.0,0.9804
4,E,Noise,50,How Fruits and Vegetables Can Treat Asthma,1.0,1.0,0.982
4,E,Noise,50,How Fruits and Vegetables Can Prevent Asthma,1.0,1.0,0.9902
4,E,Noise,50,Our Tax Dollars Subsidize Unhealthy Foods,0.98,0.9896,0.9898
4,E,Noise,50,Reducing Arsenic in Chicken and Rice,0.98,0.9891,0.9813
4,E,Noise,50,How Contaminated Are Our Children?,0.98,0.9886,0.9864
4,E,Noise,50,"Blood Type Diet Perceived as ""Crass Fraud""",0.98,0.9892,0.9847
4,E,Noise,50,Why Do Heart Doctors Favor Surgery and Drugs Over Diet?,0.98,0.9893,0.983
4,E,Combined,1,Breast Cancer Cells Feed on Cholesterol,1.0,1.0,1.0
4,E,Combined,1,Using Diet to Treat Asthma and Eczema,1.0,1.0,1.0
4,E,Combined,1,Treating Asthma With Plants vs. Pills,1.0,1.0,1.0
4,E,Combined,1,How Fruits and Vegetables Can Treat Asthma,1.0,1.0,1.0
4,E,Combined,1,How Fruits and Vegetables Can Prevent Asthma,1.0,1.0,1.0
4,E,Combined,1,Our Tax Dollars Subsidize Unhealthy Foods,1.0,1.0,1.0
4,E,Combined,1,Reducing Arsenic in Chicken and Rice,1.0,1.0,1.0
4,E,Combined,1,How Contaminated Are Our Children?,1.0,1.0,1.0
4,E,Combined,1,"Blood Type Diet Perceived as ""Crass Fraud""",1.0,1.0,1.0
4,E,Combined,1,Why Do Heart Doctors Favor Surgery and Drugs Over Diet?,1.0,1.0,1.0
4,E,Combined,5,Breast Cancer Cells Feed on Cholesterol,1.0,1.0,1.0
4,E,Combined,5,Using Diet to Treat Asthma and Eczema,1.0,1.0,1.0
4,E,Combined,5,Treating Asthma With Plants vs. Pills,1.0,1.0,1.0
4,E,Combined,5,How Fruits and Vegetables Can Treat Asthma,0.8,0.9996,1.0
4,E,Combined,5,How Fruits and Vegetables Can Prevent Asthma,1.0,1.0,1.0
4,E,Combined,5,Our Tax Dollars Subsidize Unhealthy Foods,1.0,1.0,1.0
4,E,Combined,5,Reducing Arsenic in Chicken and Rice,1.0,1.0,1.0
4,E,Combined,5,How Contaminated Are Our Children?,1.0,1.0,1.0
4,E,Combined,5,"Blood Type Diet Perceived as ""Crass Fraud""",1.0,1.0,1.0
4,E,Combined,5,Why Do Heart Doctors Favor Surgery and Drugs Over Diet?,0.8,0.9992,1.0
4,E,Combined,10,Breast Cancer Cells Feed on Cholesterol,1.0,1.0,0.9556
4,E,Combined,10,Using Diet to Treat Asthma and Eczema,1.0,1.0,1.0
4,E,Combined,10,Treating Asthma With Plants vs. Pills,1.0,1.0,0.9556
4,E,Combined,10,How Fruits and Vegetables Can Treat Asthma,1.0,1.0,0.9556
4,E,Combined,10,How Fruits and Vegetables Can Prevent Asthma,1.0,1.0,1.0
4,E,Combined,10,Our Tax Dollars Subsidize Unhealthy Foods,0.9,0.9998,0.9556
4,E,Combined,10,Reducing Arsenic in Chicken and Rice,1.0,1.0,0.9556
4,E,Combined,10,How Contaminated Are Our Children?,1.0,1.0,1.0
4,E,Combined,10,"Blood Type Diet Perceived as ""Crass Fraud""",1.0,1.0,0.9556
4,E,Combined,10,Why Do Heart Doctors Favor Surgery and Drugs Over Diet?,1.0,0.9999,0.8667
4,E,Combined,20,Breast Cancer Cells Feed on Cholesterol,1.0,1.0,0.9789
4,E,Combined,20,Using Diet to Treat Asthma and Eczema,1.0,1.0,0.9789
4,E,Combined,20,Treating Asthma With Plants vs. Pills,1.0,1.0,0.9789
4,E,Combined,20,How Fruits and Vegetables Can Treat Asthma,1.0,1.0,0.9895
4,E,Combined,20,How Fruits and Vegetables Can Prevent Asthma,1.0,1.0,1.0
4,E,Combined,20,Our Tax Dollars Subsidize Unhealthy Foods,1.0,1.0,0.9684
4,E,Combined,20,Reducing Arsenic in Chicken and Rice,0.95,0.9999,0.9895
4,E,Combined,20,How Contaminated Are Our Children?,1.0,1.0,0.9895
4,E,Combined,20,"Blood Type Diet Perceived as ""Crass Fraud""",0.95,0.9999,0.9895
4,E,Combined,20,Why Do Heart Doctors Favor Surgery and Drugs Over Diet?,1.0,1.0,0.9579
4,E,Combined,50,Breast Cancer Cells Feed on Cholesterol,1.0,1.0,0.9722
4,E,Combined,50,Using Diet to Treat Asthma and Eczema,1.0,1.0,0.9804
4,E,Combined,50,Treating Asthma With Plants vs. Pills,1.0,1.0,0.982
4,E,Combined,50,How Fruits and Vegetables Can Treat Asthma,1.0,1.0,0.9837
4,E,Combined,50,How Fruits and Vegetables Can Prevent Asthma,0.98,0.9912,0.9932
4,E,Combined,50,Our Tax Dollars Subsidize Unhealthy Foods,0.98,0.9896,0.9898
4,E,Combined,50,Reducing Arsenic in Chicken and Rice,0.98,0.9891,0.9881
4,E,Combined,50,How Contaminated Are Our Children?,1.0,1.0,0.9869
4,E,Combined,50,"Blood Type Diet Perceived as ""Crass Fraud""",0.98,0.9892,0.9847
4,E,Combined,50,Why Do Heart Doctors Favor Surgery and Drugs Over Diet?,1.0,1.0,0.9657
4,E,Rome,1,Breast Cancer Cells Feed on Cholesterol,1.0,1.0,1.0
4,E,Rome,1,Using Diet to Treat Asthma and Eczema,1.0,1.0,1.0
4,E,Rome,1,Treating Asthma With Plants vs. Pills,1.0,1.0,1.0
4,E,Rome,1,How Fruits and Vegetables Can Treat Asthma,1.0,1.0,1.0
4,E,Rome,1,How Fruits and Vegetables Can Prevent Asthma,1.0,1.0,1.0
4,E,Rome,1,Our Tax Dollars Subsidize Unhealthy Foods,1.0,1.0,1.0
4,E,Rome,1,Reducing Arsenic in Chicken and Rice,1.0,1.0,1.0
4,E,Rome,1,How Contaminated Are Our Children?,1.0,1.0,1.0
4,E,Rome,1,"Blood Type Diet Perceived as ""Crass Fraud""",1.0,1.0,1.0
4,E,Rome,1,Why Do Heart Doctors Favor Surgery and Drugs Over Diet?,1.0,1.0,1.0
4,E,Rome,5,Breast Cancer Cells Feed on Cholesterol,1.0,1.0,1.0
4,E,Rome,5,Using Diet to Treat Asthma and Eczema,1.0,1.0,1.0
4,E,Rome,5,Treating Asthma With Plants vs. Pills,1.0,1.0,1.0
4,E,Rome,5,How Fruits and Vegetables Can Treat Asthma,1.0,1.0,1.0
4,E,Rome,5,How Fruits and Vegetables Can Prevent Asthma,1.0,1.0,1.0
4,E,Rome,5,Our Tax Dollars Subsidize Unhealthy Foods,1.0,1.0,1.0
4,E,Rome,5,Reducing Arsenic in Chicken and Rice,1.0,1.0,1.0
4,E,Rome,5,How Contaminated Are Our Children?,1.0,1.0,1.0
4,E,Rome,5,"Blood Type Diet Perceived as ""Crass Fraud""",1.0,1.0,1.0
4,E,Rome,5,Why Do Heart Doctors Favor Surgery and Drugs Over Diet?,1.0,1.0,1.0
4,E,Rome,10,Breast Cancer Cells Feed on Cholesterol,1.0,1.0,1.0
4,E,Rome,10,Using Diet to Treat Asthma and Eczema,1.0,1.0,1.0
4,E,Rome,10,Treating Asthma With Plants vs. Pills,1.0,1.0,1.0
4,E,Rome,10,How Fruits and Vegetables Can Treat Asthma,1.0,1.0,1.0
4,E,Rome,10,How Fruits and Vegetables Can Prevent Asthma,1.0,1.0,1.0
4,E,Rome,10,Our Tax Dollars Subsidize Unhealthy Foods,1.0,1.0,1.0
4,E,Rome,10,Reducing Arsenic in Chicken and Rice,1.0,1.0,1.0
4,E,Rome,10,How Contaminated Are Our Children?,1.0,1.0,1.0
4,E,Rome,10,"Blood Type Diet Perceived as ""Crass Fraud""",1.0,1.0,1.0
4,E,Rome,10,Why Do Heart Doctors Favor Surgery and Drugs Over Diet?,1.0,1.0,1.0
4,E,Rome,20,Breast Cancer Cells Feed on Cholesterol,1.0,1.0,1.0
4,E,Rome,20,Using Diet to Treat Asthma and Eczema,1.0,1.0,1.0
4,E,Rome,20,Treating Asthma With Plants vs. Pills,1.0,1.0,1.0
4,E,Rome,20,How Fruits and Vegetables Can Treat Asthma,1.0,1.0,1.0
4,E,Rome,20,How Fruits and Vegetables Can Prevent Asthma,1.0,1.0,1.0
4,E,Rome,20,Our Tax Dollars Subsidize Unhealthy Foods,1.0,1.0,1.0
4,E,Rome,20,Reducing Arsenic in Chicken and Rice,1.0,1.0,1.0
4,E,Rome,20,How Contaminated Are Our Children?,1.0,1.0,1.0
4,E,Rome,20,"Blood Type Diet Perceived as ""Crass Fraud""",1.0,1.0,1.0
4,E,Rome,20,Why Do Heart Doctors Favor Surgery and Drugs Over Diet?,1.0,1.0,1.0
4,E,Rome,50,Breast Cancer Cells Feed on Cholesterol,1.0,1.0,1.0
4,E,Rome,50,Using Diet to Treat Asthma and Eczema,1.0,1.0,1.0
4,E,Rome,50,Treating Asthma With Plants vs. Pills,1.0,1.0,1.0
4,E,Rome,50,How Fruits and Vegetables Can Treat Asthma,1.0,1.0,1.0
4,E,Rome,50,How Fruits and Vegetables Can Prevent Asthma,1.0,1.0,1.0
4,E,Rome,50,Our Tax Dollars Subsidize Unhealthy Foods,1.0,1.0,1.0
4,E,Rome,50,Reducing Arsenic in Chicken and Rice,1.0,1.0,1.0
4,E,Rome,50,How Contaminated Are Our Children?,1.0,1.0,1.0
4,E,Rome,50,"Blood Type Diet Perceived as ""Crass Fraud""",1.0,1.0,1.0
4,E,Rome,50,Why Do Heart Doctors Favor Surgery and Drugs Over Diet?,1.0,1.0,1.0
4,E,RomeCombined,1,Breast Cancer Cells Feed on Cholesterol,1.0,1.0,1.0
4,E,RomeCombined,1,Using Diet to Treat Asthma and Eczema,1.0,1.0,1.0
4,E,RomeCombined,1,Treating Asthma With Plants vs. Pills,1.0,1.0,1.0
4,E,RomeCombined,1,How Fruits and Vegetables Can Treat Asthma,1.0,1.0,1.0
4,E,RomeCombined,1,How Fruits and Vegetables Can Prevent Asthma,1.0,1.0,1.0
4,E,RomeCombined,1,Our Tax Dollars Subsidize Unhealthy Foods,1.0,1.0,1.0
4,E,RomeCombined,1,Reducing Arsenic in Chicken and Rice,1.0,1.0,1.0
4,E,RomeCombined,1,How Contaminated Are Our Children?,1.0,1.0,1.0
4,E,RomeCombined,1,"Blood Type Diet Perceived as ""Crass Fraud""",1.0,1.0,1.0
4,E,RomeCombined,1,Why Do Heart Doctors Favor Surgery and Drugs Over Diet?,1.0,1.0,1.0
4,E,RomeCombined,5,Breast Cancer Cells Feed on Cholesterol,1.0,1.0,1.0
4,E,RomeCombined,5,Using Diet to Treat Asthma and Eczema,1.0,1.0,1.0
4,E,RomeCombined,5,Treating Asthma With Plants vs. Pills,0.8,0.9999,1.0
4,E,RomeCombined,5,How Fruits and Vegetables Can Treat Asthma,1.0,1.0,1.0
4,E,RomeCombined,5,How Fruits and Vegetables Can Prevent Asthma,1.0,1.0,1.0
4,E,RomeCombined,5,Our Tax Dollars Subsidize Unhealthy Foods,1.0,1.0,1.0
4,E,RomeCombined,5,Reducing Arsenic in Chicken and Rice,0.8,0.9999,1.0
4,E,RomeCombined,5,How Contaminated Are Our Children?,1.0,0.9999,0.8
4,E,RomeCombined,5,"Blood Type Diet Perceived as ""Crass Fraud""",1.0,1.0,1.0
4,E,RomeCombined,5,Why Do Heart Doctors Favor Surgery and Drugs Over Diet?,1.0,1.0,1.0
4,E,RomeCombined,10,Breast Cancer Cells Feed on Cholesterol,1.0,1.0,1.0
4,E,RomeCombined,10,Using Diet to Treat Asthma and Eczema,1.0,1.0,1.0
4,E,RomeCombined,10,Treating Asthma With Plants vs. Pills,1.0,1.0,0.9111
4,E,RomeCombined,10,How Fruits and Vegetables Can Treat Asthma,1.0,1.0,1.0
4,E,RomeCombined,10,How Fruits and Vegetables Can Prevent Asthma,1.0,1.0,1.0
4,E,RomeCombined,10,Our Tax Dollars Subsidize Unhealthy Foods,1.0,1.0,1.0
4,E,RomeCombined,10,Reducing Arsenic in Chicken and Rice,1.0,1.0,0.9111
4,E,RomeCombined,10,How Contaminated Are Our Children?,1.0,1.0,0.9556
4,E,RomeCombined,10,"Blood Type Diet Perceived as ""Crass Fraud""",0.9,0.9997,0.9556
4,E,RomeCombined,10,Why Do Heart Doctors Favor Surgery and Drugs Over Diet?,1.0,1.0,1.0
4,E,RomeCombined,20,Breast Cancer Cells Feed on Cholesterol,1.0,1.0,0.9684
4,E,RomeCombined,20,Using Diet to Treat Asthma and Eczema,1.0,1.0,1.0
4,E,RomeCombined,20,Treating Asthma With Plants vs. Pills,1.0,1.0,0.9579
4,E,RomeCombined,20,How Fruits and Vegetables Can Treat Asthma,1.0,1.0,1.0
4,E,RomeCombined,20,How Fruits and Vegetables Can Prevent Asthma,1.0,1.0,0.9895
4,E,RomeCombined,20,Our Tax Dollars Subsidize Unhealthy Foods,1.0,1.0,0.9895
4,E,RomeCombined,20,Reducing Arsenic in Chicken and Rice,1.0,1.0,0.9263
4,E,RomeCombined,20,How Contaminated Are Our Children?,1.0,1.0,0.9684
4,E,RomeCombined,20,"Blood Type Diet Perceived as ""Crass Fraud""",0.95,0.9998,0.9789
4,E,RomeCombined,20,Why Do Heart Doctors Favor Surgery and Drugs Over Diet?,1.0,1.0,0.9895
4,E,RomeCombined,50,Breast Cancer Cells Feed on Cholesterol,1.0,1.0,0.9853
4,E,RomeCombined,50,Using Diet to Treat Asthma and Eczema,0.98,0.9915,0.9898
4,E,RomeCombined,50,Treating Asthma With Plants vs. Pills,1.0,1.0,0.9755
4,E,RomeCombined,50,How Fruits and Vegetables Can Treat Asthma,1.0,1.0,0.9755
4,E,RomeCombined,50,How Fruits and Vegetables Can Prevent Asthma,1.0,1.0,0.9886
4,E,RomeCombined,50,Our Tax Dollars Subsidize Unhealthy Foods,1.0,1.0,0.9886
4,E,RomeCombined,50,Reducing Arsenic in Chicken and Rice,0.98,0.989,0.9643
4,E,RomeCombined,50,How Contaminated Are Our Children?,0.98,0.9885,0.9694
4,E,RomeCombined,50,"Blood Type Diet Perceived as ""Crass Fraud""",1.0,1.0,0.982
4,E,RomeCombined,50,Why Do Heart Doctors Favor Surgery and Drugs Over Diet?,0.98,0.9893,0.9864
4,E,Ckks,1,Breast Cancer Cells Feed on Cholesterol,1.0,1.0,1.0
4,E,Ckks,1,Using Diet to Treat Asthma and Eczema,1.0,1.0,1.0
4,E,Ckks,1,Treating Asthma With Plants vs. Pills,1.0,1.0,1.0
4,E,Ckks,1,How Fruits and Vegetables Can Treat Asthma,1.0,1.0,1.0
4,E,Ckks,1,How Fruits and Vegetables Can Prevent Asthma,1.0,1.0,1.0
4,E,Ckks,1,Our Tax Dollars Subsidize Unhealthy Foods,1.0,1.0,1.0
4,E,Ckks,1,Reducing Arsenic in Chicken and Rice,1.0,1.0,1.0
4,E,Ckks,1,How Contaminated Are Our Children?,1.0,1.0,1.0
4,E,Ckks,1,"Blood Type Diet Perceived as ""Crass Fraud""",1.0,1.0,1.0
4,E,Ckks,1,Why Do Heart Doctors Favor Surgery and Drugs Over Diet?,1.0,1.0,1.0
4,E,Ckks,5,Breast Cancer Cells Feed on Cholesterol,1.0,1.0,1.0
4,E,Ckks,5,Using Diet to Treat Asthma and Eczema,1.0,1.0,1.0
4,E,Ckks,5,Treating Asthma With Plants vs. Pills,1.0,1.0,1.0
4,E,Ckks,5,How Fruits and Vegetables Can Treat Asthma,1.0,1.0,1.0
4,E,Ckks,5,How Fruits and Vegetables Can Prevent Asthma,1.0,1.0,1.0
4,E,Ckks,5,Our Tax Dollars Subsidize Unhealthy Foods,1.0,1.0,1.0
4,E,Ckks,5,Reducing Arsenic in Chicken and Rice,1.0,1.0,1.0
4,E,Ckks,5,How Contaminated Are Our Children?,1.0,1.0,1.0
4,E,Ckks,5,"Blood Type Diet Perceived as ""Crass Fraud""",1.0,1.0,1.0
4,E,Ckks,5,Why Do Heart Doctors Favor Surgery and Drugs Over Diet?,1.0,1.0,1.0
4,E,Ckks,10,Breast Cancer Cells Feed on Cholesterol,1.0,1.0,1.0
4,E,Ckks,10,Using Diet to Treat Asthma and Eczema,1.0,1.0,1.0
4,E,Ckks,10,Treating Asthma With Plants vs. Pills,1.0,1.0,1.0
4,E,Ckks,10,How Fruits and Vegetables Can Treat Asthma,1.0,1.0,1.0
4,E,Ckks,10,How Fruits and Vegetables Can Prevent Asthma,1.0,1.0,1.0
4,E,Ckks,10,Our Tax Dollars Subsidize Unhealthy Foods,1.0,1.0,1.0
4,E,Ckks,10,Reducing Arsenic in Chicken and Rice,1.0,1.0,1.0
4,E,Ckks,10,How Contaminated Are Our Children?,1.0,1.0,1.0
4,E,Ckks,10,"Blood Type Diet Perceived as ""Crass Fraud""",1.0,1.0,1.0
4,E,Ckks,10,Why Do Heart Doctors Favor Surgery and Drugs Over Diet?,1.0,1.0,1.0
4,E,Ckks,20,Breast Cancer Cells Feed on Cholesterol,1.0,1.0,1.0
4,E,Ckks,20,Using Diet to Treat Asthma and Eczema,1.0,1.0,1.0
4,E,Ckks,20,Treating Asthma With Plants vs. Pills,1.0,1.0,1.0
4,E,Ckks,20,How Fruits and Vegetables Can Treat Asthma,1.0,1.0,1.0
4,E,Ckks,20,How Fruits and Vegetables Can Prevent Asthma,1.0,1.0,1.0
4,E,Ckks,20,Our Tax Dollars Subsidize Unhealthy Foods,1.0,1.0,1.0
4,E,Ckks,20,Reducing Arsenic in Chicken and Rice,1.0,1.0,1.0
4,E,Ckks,20,How Contaminated Are Our Children?,1.0,1.0,1.0
4,E,Ckks,20,"Blood Type Diet Perceived as ""Crass Fraud""",1.0,1.0,1.0
4,E,Ckks,20,Why Do Heart Doctors Favor Surgery and Drugs Over Diet?,1.0,1.0,1.0
4,E,Ckks,50,Breast Cancer Cells Feed on Cholesterol,1.0,1.0,1.0
4,E,Ckks,50,Using Diet to Treat Asthma and Eczema,1.0,1.0,1.0
4,E,Ckks,50,Treating Asthma With Plants vs. Pills,1.0,1.0,1.0
4,E,Ckks,50,How Fruits and Vegetables Can Treat Asthma,1.0,1.0,1.0
4,E,Ckks,50,How Fruits and Vegetables Can Prevent Asthma,1.0,1.0,1.0
4,E,Ckks,50,Our Tax Dollars Subsidize Unhealthy Foods,1.0,1.0,1.0
4,E,Ckks,50,Reducing Arsenic in Chicken and Rice,1.0,1.0,1.0
4,E,Ckks,50,How Contaminated Are Our Children?,1.0,1.0,1.0
4,E,Ckks,50,"Blood Type Diet Perceived as ""Crass Fraud""",1.0,1.0,1.0
4,E,Ckks,50,Why Do Heart Doctors Favor Surgery and Drugs Over Diet?,1.0,1.0,1.0
4,E,CkksCombined,1,Breast Cancer Cells Feed on Cholesterol,1.0,1.0,1.0
4,E,CkksCombined,1,Using Diet to Treat Asthma and Eczema,1.0,1.0,1.0
4,E,CkksCombined,1,Treating Asthma With Plants vs. Pills,1.0,1.0,1.0
4,E,CkksCombined,1,How Fruits and Vegetables Can Treat Asthma,1.0,1.0,1.0
4,E,CkksCombined,1,How Fruits and Vegetables Can Prevent Asthma,1.0,1.0,1.0
4,E,CkksCombined,1,Our Tax Dollars Subsidize Unhealthy Foods,1.0,1.0,1.0
4,E,CkksCombined,1,Reducing Arsenic in Chicken and Rice,1.0,1.0,1.0
4,E,CkksCombined,1,How Contaminated Are Our Children?,1.0,1.0,1.0
4,E,CkksCombined,1,"Blood Type Diet Perceived as ""Crass Fraud""",1.0,1.0,1.0
4,E,CkksCombined,1,Why Do Heart Doctors Favor Surgery and Drugs Over Diet?,1.0,1.0,1.0
4,E,CkksCombined,5,Breast Cancer Cells Feed on Cholesterol,1.0,1.0,1.0
4,E,CkksCombined,5,Using Diet to Treat Asthma and Eczema,1.0,0.9998,0.8
4,E,CkksCombined,5,Treating Asthma With Plants vs. Pills,0.8,0.9999,1.0
4,E,CkksCombined,5,How Fruits and Vegetables Can Treat Asthma,0.8,0.9996,1.0
4,E,CkksCombined,5,How Fruits and Vegetables Can Prevent Asthma,0.8,0.9995,1.0
4,E,CkksCombined,5,Our Tax Dollars Subsidize Unhealthy Foods,1.0,1.0,1.0
4,E,CkksCombined,5,Reducing Arsenic in Chicken and Rice,1.0,1.0,1.0
4,E,CkksCombined,5,How Contaminated Are Our Children?,1.0,1.0,0.8
4,E,CkksCombined,5,"Blood Type Diet Perceived as ""Crass Fraud""",1.0,1.0,1.0
4,E,CkksCombined,5,Why Do Heart Doctors Favor Surgery and Drugs Over Diet?,1.0,1.0,1.0
4,E,CkksCombined,10,Breast Cancer Cells Feed on Cholesterol,1.0,1.0,1.0
4,E,CkksCombined,10,Using Diet to Treat Asthma and Eczema,1.0,0.9999,0.9111
4,E,CkksCombined,10,Treating Asthma With Plants vs. Pills,1.0,1.0,0.9111
4,E,CkksCombined,10,How Fruits and Vegetables Can Treat Asthma,1.0,1.0,0.9556
4,E,CkksCombined,10,How Fruits and Vegetables Can Prevent Asthma,1.0,1.0,0.9556
4,E,CkksCombined,10,Our Tax Dollars Subsidize Unhealthy Foods,1.0,1.0,1.0
4,E,CkksCombined,10,Reducing Arsenic in Chicken and Rice,1.0,1.0,0.9111
4,E,CkksCombined,10,How Contaminated Are Our Children?,1.0,1.0,0.9111
4,E,CkksCombined,10,"Blood Type Diet Perceived as ""Crass Fraud""",1.0,1.0,1.0
4,E,CkksCombined,10,Why Do Heart Doctors Favor Surgery and Drugs Over Diet?,0.9,0.9996,0.9111
4,E,CkksCombined,20,Breast Cancer Cells Feed on Cholesterol,1.0,1.0,0.9684
4,E,CkksCombined,20,Using Diet to Treat Asthma and Eczema,1.0,0.9999,0.9789
4,E,CkksCombined,20,Treating Asthma With Plants vs. Pills,1.0,1.0,0.9684
4,E,CkksCombined,20,How Fruits and Vegetables Can Treat Asthma,1.0,1.0,0.9895
4,E,CkksCombined,20,How Fruits and Vegetables Can Prevent Asthma,1.0,1.0,0.9789
4,E,CkksCombined,20,Our Tax Dollars Subsidize Unhealthy Foods,1.0,1.0,0.9895
4,E,CkksCombined,20,Reducing Arsenic in Chicken and Rice,0.95,0.9999,0.9579
4,E,CkksCombined,20,How Contaminated Are Our Children?,1.0,1.0,0.9684
4,E,CkksCombined,20,"Blood Type Diet Perceived as ""Crass Fraud""",0.95,1.0,0.9895
4,E,CkksCombined,20,Why Do Heart Doctors Favor Surgery and Drugs Over Diet?,0.95,0.9998,0.9684
4,E,CkksCombined,50,Breast Cancer Cells Feed on Cholesterol,1.0,1.0,0.9771
4,E,CkksCombined,50,Using Diet to Treat Asthma and Eczema,0.98,0.9915,0.9847
4,E,CkksCombined,50,Treating Asthma With Plants vs. Pills,1.0,1.0,0.9771
4,E,CkksCombined,50,How Fruits and Vegetables Can Treat Asthma,1.0,1.0,0.9771
4,E,CkksCombined,50,How Fruits and Vegetables Can Prevent Asthma,1.0,1.0,0.9886
4,E,CkksCombined,50,Our Tax Dollars Subsidize Unhealthy Foods,1.0,1.0,0.9804
4,E,CkksCombined,50,Reducing Arsenic in Chicken and Rice,1.0,1.0,0.9739
4,E,CkksCombined,50,How Contaminated Are Our Children?,0.98,0.9886,0.9813
4,E,CkksCombined,50,"Blood Type Diet Perceived as ""Crass Fraud""",1.0,1.0,0.9853
4,E,CkksCombined,50,Why Do Heart Doctors Favor Surgery and Drugs Over Diet?,0.98,0.9893,0.9796
5,E,Scrambling,1,Breast Cancer Cells Feed on Cholesterol,1.0,1.0,1.0
5,E,Scrambling,1,Using Diet to Treat Asthma and Eczema,1.0,1.0,1.0
5,E,Scrambling,1,Treating Asthma With Plants vs. Pills,1.0,1.0,1.0
5,E,Scrambling,1,How Fruits and Vegetables Can Treat Asthma,1.0,1.0,1.0
5,E,Scrambling,1,How Fruits and Vegetables Can Prevent Asthma,1.0,1.0,1.0
5,E,Scrambling,1,Our Tax Dollars Subsidize Unhealthy Foods,1.0,1.0,1.0
5,E,Scrambling,1,Reducing Arsenic in Chicken and Rice,1.0,1.0,1.0
5,E,Scrambling,1,How Contaminated Are Our Children?,1.0,1.0,1.0
5,E,Scrambling,1,"Blood Type Diet Perceived as ""Crass Fraud""",1.0,1.0,1.0
5,E,Scrambling,1,Why Do Heart Doctors Favor Surgery and Drugs Over Diet?,1.0,1.0,1.0
5,E,Scrambling,5,Breast Cancer Cells Feed on Cholesterol,1.0,1.0,1.0
5,E,Scrambling,5,Using Diet to Treat Asthma and Eczema,1.0,1.0,1.0
5,E,Scrambling,5,Treating Asthma With Plants vs. Pills,1.0,1.0,1.0
5,E,Scrambling,5,How Fruits and Vegetables Can Treat Asthma,1.0,1.0,1.0
5,E,Scrambling,5,How Fruits and Vegetables Can Prevent Asthma,1.0,1.0,1.0
5,E,Scrambling,5,Our Tax Dollars Subsidize Unhealthy Foods,1.0,1.0,1.0
5,E,Scrambling,5,Reducing Arsenic in Chicken and Rice,1.0,1.0,1.0
5,E,Scrambling,5,How Contaminated Are Our Children?,1.0,1.0,1.0
5,E,Scrambling,5,"Blood Type Diet Perceived as ""Crass Fraud""",1.0,1.0,1.0
5,E,Scrambling,5,Why Do Heart Doctors Favor Surgery and Drugs Over Diet?,1.0,1.0,1.0
5,E,Scrambling,10,Breast Cancer Cells Feed on Cholesterol,1.0,1.0,1.0
5,E,Scrambling,10,Using Diet to Treat Asthma and Eczema,1.0,1.0,1.0
5,E,Scrambling,10,Treating Asthma With Plants vs. Pills,1.0,1.0,1.0
5,E,Scrambling,10,How Fruits and Vegetables Can Treat Asthma,1.0,1.0,1.0
5,E,Scrambling,10,How Fruits and Vegetables Can Prevent Asthma,1.0,1.0,1.0
5,E,Scrambling,10,Our Tax Dollars Subsidize Unhealthy Foods,1.0,1.0,1.0
5,E,Scrambling,10,Reducing Arsenic in Chicken and Rice,1.0,1.0,1.0
5,E,Scrambling,10,How Contaminated Are Our Children?,1.0,1.0,1.0
5,E,Scrambling,10,"Blood Type Diet Perceived as ""Crass Fraud""",1.0,1.0,1.0
5,E,Scrambling,10,Why Do Heart Doctors Favor Surgery and Drugs Over Diet?,1.0,1.0,1.0
5,E,Scrambling,20,Breast Cancer Cells Feed on Cholesterol,1.0,1.0,1.0
5,E,Scrambling,20,Using Diet to Treat Asthma and Eczema,1.0,1.0,1.0
5,E,Scrambling,20,Treating Asthma With Plants vs. Pills,1.0,1.0,1.0
5,E,Scrambling,20,How Fruits and Vegetables Can Treat Asthma,1.0,1.0,1.0
5,E,Scrambling,20,How Fruits and Vegetables Can Prevent Asthma,1.0,1.0,1.0
5,E,Scrambling,20,Our Tax Dollars Subsidize Unhealthy Foods,1.0,1.0,1.0
5,E,Scrambling,20,Reducing Arsenic in Chicken and Rice,1.0,1.0,1.0
5,E,Scrambling,20,How Contaminated Are Our Children?,1.0,1.0,1.0
5,E,Scrambling,20,"Blood Type Diet Perceived as ""Crass Fraud""",1.0,1.0,1.0
5,E,Scrambling,20,Why Do Heart Doctors Favor Surgery and Drugs Over Diet?,1.0,1.0,1.0
5,E,Scrambling,50,Breast Cancer Cells Feed on Cholesterol,1.0,1.0,1.0
5,E,Scrambling,50,Using Diet to Treat Asthma and Eczema,1.0,1.0,1.0
5,E,Scrambling,50,Treating Asthma With Plants vs. Pills,1.0,1.0,1.0
5,E,Scrambling,50,How Fruits and Vegetables Can Treat Asthma,1.0,1.0,1.0
5,E,Scrambling,50,How Fruits and Vegetables Can Prevent Asthma,1.0,1.0,1.0
5,E,Scrambling,50,Our Tax Dollars Subsidize Unhealthy Foods,1.0,1.0,1.0
5,E,Scrambling,50,Reducing Arsenic in Chicken and Rice,1.0,1.0,1.0
5,E,Scrambling,50,How Contaminated Are Our Children?,1.0,1.0,1.0
5,E,Scrambling,50,"Blood Type Diet Perceived as ""Crass Fraud""",1.0,1.0,1.0
5,E,Scrambling,50,Why Do Heart Doctors Favor Surgery and Drugs Over Diet?,1.0,1.0,1.0
5,E,Noise,1,Breast Cancer Cells Feed on Cholesterol,1.0,1.0,1.0
5,E,Noise,1,Using Diet to Treat Asthma and Eczema,1.0,1.0,1.0
5,E,Noise,1,Treating Asthma With Plants vs. Pills,1.0,1.0,1.0
5,E,Noise,1,How Fruits and Vegetables Can Treat Asthma,1.0,1.0,1.0
5,E,Noise,1,How Fruits and Vegetables Can Prevent Asthma,1.0,1.0,1.0
5,E,Noise,1,Our Tax Dollars Subsidize Unhealthy Foods,1.0,1.0,1.0
5,E,Noise,1,Reducing Arsenic in Chicken and Rice,1.0,1.0,1.0
5,E,Noise,1,How Contaminated Are Our Children?,1.0,1.0,1.0
5,E,Noise,1,"Blood Type Diet Perceived as ""Crass Fraud""",1.0,1.0,1.0
5,E,Noise,1,Why Do Heart Doctors Favor Surgery and Drugs Over Diet?,1.0,1.0,1.0
5,E,Noise,5,Breast Cancer Cells Feed on Cholesterol,1.0,1.0,1.0
5,E,Noise,5,Using Diet to Treat Asthma and Eczema,1.0,1.0,1.0
5,E,Noise,5,Treating Asthma With Plants vs. Pills,1.0,1.0,1.0
5,E,Noise,5,How Fruits and Vegetables Can Treat Asthma,0.8,0.9996,1.0
5,E,Noise,5,How Fruits and Vegetables Can Prevent Asthma,0.8,0.9995,1.0
5,E,Noise,5,Our Tax Dollars Subsidize Unhealthy Foods,1.0,1.0,1.0
5,E,Noise,5,Reducing Arsenic in Chicken and Rice,0.8,0.9994,1.0
5,E,Noise,5,How Contaminated Are Our Children?,1.0,0.9999,0.8
5,E,Noise,5,"Blood Type Diet Perceived as ""Crass Fraud""",1.0,1.0,1.0
5,E,Noise,5,Why Do Heart Doctors Favor Surgery and Drugs Over Diet?,1.0,1.0,1.0
5,E,Noise,10,Breast Cancer Cells Feed on Cholesterol,1.0,1.0,1.0
5,E,Noise,10,Using Diet to Treat Asthma and Eczema,0.9,0.9997,1.0
5,E,Noise,10,Treating Asthma With Plants vs. Pills,1.0,1.0,0.9556
5,E,Noise,10,How Fruits and Vegetables Can Treat Asthma,1.0,1.0,0.9556
5,E,Noise,10,How Fruits and Vegetables Can Prevent Asthma,1.0,1.0,0.9556
5,E,Noise,10,Our Tax Dollars Subsidize Unhealthy Foods,1.0,1.0,0.9111
5,E,Noise,10,Reducing Arsenic in Chicken and Rice,1.0,0.9998,0.7333
5,E,Noise,10,How Contaminated Are Our Children?,1.0,0.9999,0.9111
5,E,Noise,10,"Blood Type Diet Perceived as ""Crass Fraud""",0.9,0.9997,0.9556
5,E,Noise,10,Why Do Heart Doctors Favor Surgery and Drugs Over Diet?,1.0,1.0,0.8667
5,E,Noise,20,Breast Cancer Cells Feed on Cholesterol,0.95,0.9998,0.9789
5,E,Noise,20,Using Diet to Treat Asthma and Eczema,1.0,1.0,0.9579
5,E,Noise,20,Treating Asthma With Plants vs. Pills,1.0,1.0,0.9789
5,E,Noise,20,How Fruits and Vegetables Can Treat Asthma,1.0,1.0,0.9789
5,E,Noise,20,How Fruits and Vegetables Can Prevent Asthma,1.0,1.0,0.9895
5,E,Noise,20,Our Tax Dollars Subsidize Unhealthy Foods,1.0,1.0,0.9684
5,E,Noise,20,Reducing Arsenic in Chicken and Rice,1.0,0.9999,0.9158
5,E,Noise,20,How Contaminated Are Our Children?,1.0,1.0,0.9474
5,E,Noise,20,"Blood Type Diet Perceived as ""Crass Fraud""",0.95,0.9998,0.9789
5,E,Noise,20,Why Do Heart Doctors Favor Surgery and Drugs Over Diet?,1.0,1.0,0.9368
5,E,Noise,50,Breast Cancer Cells Feed on Cholesterol,1.0,1.0,0.9739
5,E,Noise,50,Using Diet to Treat Asthma and Eczema,1.0,1.0,0.9837
5,E,Noise,50,Treating Asthma With Plants vs. Pills,1.0,1.0,0.9837
5,E,Noise,50,How Fruits and Vegetables Can Treat Asthma,1.0,1.0,0.9722
5,E,Noise,50,How Fruits and Vegetables Can Prevent Asthma,1.0,1.0,0.9886
5,E,Noise,50,Our Tax Dollars Subsidize Unhealthy Foods,1.0,1.0,0.9739
5,E,Noise,50,Reducing Arsenic in Chicken and Rice,1.0,0.9999,0.9657
5,E,Noise,50,How Contaminated Are Our Children?,0.98,0.9886,0.9745
5,E,Noise,50,"Blood Type Diet Perceived as ""Crass Fraud""",1.0,1.0,0.9739
5,E,Noise,50,Why Do Heart Doctors Favor Surgery and Drugs Over Diet?,0.98,0.9893,0.9779
5,E,Combined,1,Breast Cancer Cells Feed on Cholesterol,1.0,1.0,1.0
5,E,Combined,1,Using Diet to Treat Asthma and Eczema,1.0,1.0,1.0
5,E,Combined,1,Treating Asthma With Plants vs. Pills,1.0,1.0,1.0
5,E,Combined,1,How Fruits and Vegetables Can Treat Asthma,1.0,1.0,1.0
5,E,Combined,1,How Fruits and Vegetables Can Prevent Asthma,1.0,1.0,1.0
5,E,Combined,1,Our Tax Dollars Subsidize Unhealthy Foods,1.0,1.0,1.0
5,E,Combined,1,Reducing Arsenic in Chicken and Rice,1.0,1.0,1.0
5,E,Combined,1,How Contaminated Are Our Children?,1.0,1.0,1.0
5,E,Combined,1,"Blood Type Diet Perceived as ""Crass Fraud""",1.0,1.0,1.0
5,E,Combined,1,Why Do Heart Doctors Favor Surgery and Drugs Over Diet?,1.0,1.0,1.0
5,E,Combined,5,Breast Cancer Cells Feed on Cholesterol,1.0,1.0,1.0
5,E,Combined,5,Using Diet to Treat Asthma and Eczema,1.0,1.0,1.0
5,E,Combined,5,Treating Asthma With Plants vs. Pills,1.0,1.0,1.0
5,E,Combined,5,How Fruits and Vegetables Can Treat Asthma,1.0,1.0,1.0
5,E,Combined,5,How Fruits and Vegetables Can Prevent Asthma,0.8,0.9995,1.0
5,E,Combined,5,Our Tax Dollars Subsidize Unhealthy Foods,1.0,1.0,1.0
5,E,Combined,5,Reducing Arsenic in Chicken and Rice,0.8,0.9994,1.0
5,E,Combined,5,How Contaminated Are Our Children?,1.0,0.9999,0.8
5,E,Combined,5,"Blood Type Diet Perceived as ""Crass Fraud""",1.0,1.0,1.0
5,E,Combined,5,Why Do Heart Doctors Favor Surgery and Drugs Over Diet?,1.0,1.0,1.0
5,E,Combined,10,Breast Cancer Cells Feed on Cholesterol,1.0,1.0,1.0
5,E,Combined,10,Using Diet to Treat Asthma and Eczema,0.9,0.9999,1.0
5,E,Combined,10,Treating Asthma With Plants vs. Pills,1.0,1.0,0.9556
5,E,Combined,10,How Fruits and Vegetables Can Treat Asthma,1.0,1.0,1.0
5,E,Combined,10,How Fruits and Vegetables Can Prevent Asthma,1.0,1.0,0.9556
5,E,Combined,10,Our Tax Dollars Subsidize Unhealthy Foods,0.9,0.9998,0.9556
5,E,Combined,10,Reducing Arsenic in Chicken and Rice,1.0,0.9999,0.8222
5,E,Combined,10,How Contaminated Are Our Children?,1.0,0.9999,0.8667
5,E,Combined,10,"Blood Type Diet Perceived as ""Crass Fraud""",1.0,1.0,0.9556
5,E,Combined,10,Why Do Heart Doctors Favor Surgery and Drugs Over Diet?,1.0,1.0,0.8667
5,E,Combined,20,Breast Cancer Cells Feed on Cholesterol,1.0,1.0,0.9789
5,E,Combined,20,Using Diet to Treat Asthma and Eczema,1.0,1.0,0.9789
5,E,Combined,20,Treating Asthma With Plants vs. Pills,1.0,1.0,0.9895
5,E,Combined,20,How Fruits and Vegetables Can Treat Asthma,1.0,1.0,1.0
5,E,Combined,20,How Fruits and Vegetables Can Prevent Asthma,1.0,1.0,0.9895
5,E,Combined,20,Our Tax Dollars Subsidize Unhealthy Foods,1.0,1.0,0.9684
5,E,Combined,20,Reducing Arsenic in Chicken and Rice,0.95,0.9999,0.9263
5,E,Combined,20,How Contaminated Are Our Children?,1.0,0.9999,0.9368
5,E,Combined,20,"Blood Type Diet Perceived as ""Crass Fraud""",0.95,0.9998,0.9684
5,E,Combined,20,Why Do Heart Doctors Favor Surgery and Drugs Over Diet?,1.0,1.0,0.9684
5,E,Combined,50,Breast Cancer Cells Feed on Cholesterol,1.0,1.0,0.9739
5,E,Combined,50,Using Diet to Treat Asthma and Eczema,0.98,0.9915,0.9779
5,E,Combined,50,Treating Asthma With Plants vs. Pills,1.0,1.0,0.9886
5,E,Combined,50,How Fruits and Vegetables Can Treat Asthma,1.0,1.0,0.9804
5,E,Combined,50,How Fruits and Vegetables Can Prevent Asthma,1.0,1.0,0.9902
5,E,Combined,50,Our Tax Dollars Subsidize Unhealthy Foods,1.0,1.0,0.982
5,E,Combined,50,Reducing Arsenic in Chicken and Rice,1.0,1.0,0.9673
5,E,Combined,50,How Contaminated Are Our Children?,0.98,0.9886,0.9779
5,E,Combined,50,"Blood Type Diet Perceived as ""Crass Fraud""",1.0,1.0,0.969
5,E,Combined,50,Why Do Heart Doctors Favor Surgery and Drugs Over Diet?,1.0,1.0,0.9804
5,E,Rome,1,Breast Cancer Cells Feed on Cholesterol,1.0,1.0,1.0
5,E,Rome,1,Using Diet to Treat Asthma and Eczema,1.0,1.0,1.0
5,E,Rome,1,Treating Asthma With Plants vs. Pills,1.0,1.0,1.0
5,E,Rome,1,How Fruits and Vegetables Can Treat Asthma,1.0,1.0,1.0
5,E,Rome,1,How Fruits and Vegetables Can Prevent Asthma,1.0,1.0,1.0
5,E,Rome,1,Our Tax Dollars Subsidize Unhealthy Foods,1.0,1.0,1.0
5,E,Rome,1,Reducing Arsenic in Chicken and Rice,1.0,1.0,1.0
5,E,Rome,1,How Contaminated Are Our Children?,1.0,1.0,1.0
5,E,Rome,1,"Blood Type Diet Perceived as ""Crass Fraud""",1.0,1.0,1.0
5,E,Rome,1,Why Do Heart Doctors Favor Surgery and Drugs Over Diet?,1.0,1.0,1.0
5,E,Rome,5,Breast Cancer Cells Feed on Cholesterol,1.0,1.0,1.0
5,E,Rome,5,Using Diet to Treat Asthma and Eczema,1.0,1.0,1.0
5,E,Rome,5,Treating Asthma With Plants vs. Pills,1.0,1.0,1.0
5,E,Rome,5,How Fruits and Vegetables Can Treat Asthma,1.0,1.0,1.0
5,E,Rome,5,How Fruits and Vegetables Can Prevent Asthma,1.0,1.0,1.0
5,E,Rome,5,Our Tax Dollars Subsidize Unhealthy Foods,1.0,1.0,1.0
5,E,Rome,5,Reducing Arsenic in Chicken and Rice,1.0,1.0,1.0
5,E,Rome,5,How Contaminated Are Our Children?,1.0,1.0,1.0
5,E,Rome,5,"Blood Type Diet Perceived as ""Crass Fraud""",1.0,1.0,1.0
5,E,Rome,5,Why Do Heart Doctors Favor Surgery and Drugs Over Diet?,1.0,1.0,1.0
5,E,Rome,10,Breast Cancer Cells Feed on Cholesterol,1.0,1.0,1.0
5,E,Rome,10,Using Diet to Treat Asthma and Eczema,1.0,1.0,1.0
5,E,Rome,10,Treating Asthma With Plants vs. Pills,1.0,1.0,1.0
5,E,Rome,10,How Fruits and Vegetables Can Treat Asthma,1.0,1.0,1.0
5,E,Rome,10,How Fruits and Vegetables Can Prevent Asthma,1.0,1.0,1.0
5,E,Rome,10,Our Tax Dollars Subsidize Unhealthy Foods,1.0,1.0,1.0
5,E,Rome,10,Reducing Arsenic in Chicken and Rice,1.0,1.0,1.0
5,E,Rome,10,How Contaminated Are Our Children?,1.0,1.0,1.0
5,E,Rome,10,"Blood Type Diet Perceived as ""Crass Fraud""",1.0,1.0,1.0
5,E,Rome,10,Why Do Heart Doctors Favor Surgery and Drugs Over Diet?,1.0,1.0,1.0
5,E,Rome,20,Breast Cancer Cells Feed on Cholesterol,1.0,1.0,1.0
5,E,Rome,20,Using Diet to Treat Asthma and Eczema,1.0,1.0,1.0
5,E,Rome,20,Treating Asthma With Plants vs. Pills,1.0,1.0,1.0
5,E,Rome,20,How Fruits and Vegetables Can Treat Asthma,1.0,1.0,1.0
5,E,Rome,20,How Fruits and Vegetables Can Prevent Asthma,1.0,1.0,1.0
5,E,Rome,20,Our Tax Dollars Subsidize Unhealthy Foods,1.0,1.0,1.0
5,E,Rome,20,Reducing Arsenic in Chicken and Rice,1.0,1.0,1.0
5,E,Rome,20,How Contaminated Are Our Children?,1.0,1.0,1.0
5,E,Rome,20,"Blood Type Diet Perceived as ""Crass Fraud""",1.0,1.0,1.0
5,E,Rome,20,Why Do Heart Doctors Favor Surgery and Drugs Over Diet?,1.0,1.0,1.0
5,E,Rome,50,Breast Cancer Cells Feed on Cholesterol,1.0,1.0,1.0
5,E,Rome,50,Using Diet to Treat Asthma and Eczema,1.0,1.0,1.0
5,E,Rome,50,Treating Asthma With Plants vs. Pills,1.0,1.0,1.0
5,E,Rome,50,How Fruits and Vegetables Can Treat Asthma,1.0,1.0,1.0
5,E,Rome,50,How Fruits and Vegetables Can Prevent Asthma,1.0,1.0,1.0
5,E,Rome,50,Our Tax Dollars Subsidize Unhealthy Foods,1.0,1.0,1.0
5,E,Rome,50,Reducing Arsenic in Chicken and Rice,1.0,1.0,1.0
5,E,Rome,50,How Contaminated Are Our Children?,1.0,1.0,1.0
5,E,Rome,50,"Blood Type Diet Perceived as ""Crass Fraud""",1.0,1.0,1.0
5,E,Rome,50,Why Do Heart Doctors Favor Surgery and Drugs Over Diet?,1.0,1.0,1.0
5,E,RomeCombined,1,Breast Cancer Cells Feed on Cholesterol,1.0,1.0,1.0
5,E,RomeCombined,1,Using Diet to Treat Asthma and Eczema,1.0,1.0,1.0
5,E,RomeCombined,1,Treating Asthma With Plants vs. Pills,1.0,1.0,1.0
5,E,RomeCombined,1,How Fruits and Vegetables Can Treat Asthma,1.0,1.0,1.0
5,E,RomeCombined,1,How Fruits and Vegetables Can Prevent Asthma,1.0,1.0,1.0
5,E,RomeCombined,1,Our Tax Dollars Subsidize Unhealthy Foods,1.0,1.0,1.0
5,E,RomeCombined,1,Reducing Arsenic in Chicken and Rice,1.0,1.0,1.0
5,E,RomeCombined,1,How Contaminated Are Our Children?,1.0,1.0,1.0
5,E,RomeCombined,1,"Blood Type Diet Perceived as ""Crass Fraud""",1.0,1.0,1.0
5,E,RomeCombined,1,Why Do Heart Doctors Favor Surgery and Drugs Over Diet?,1.0,1.0,1.0
5,E,RomeCombined,5,Breast Cancer Cells Feed on Cholesterol,1.0,1.0,1.0
5,E,RomeCombined,5,Using Diet to Treat Asthma and Eczema,1.0,1.0,1.0
5,E,RomeCombined,5,Treating Asthma With Plants vs. Pills,0.8,0.9999,1.0
5,E,RomeCombined,5,How Fruits and Vegetables Can Treat Asthma,0.8,0.9996,1.0
5,E,RomeCombined,5,How Fruits and Vegetables Can Prevent Asthma,1.0,0.9998,0.8
5,E,RomeCombined,5,Our Tax Dollars Subsidize Unhealthy Foods,1.0,1.0,1.0
5,E,RomeCombined,5,Reducing Arsenic in Chicken and Rice,1.0,1.0,1.0
5,E,RomeCombined,5,How Contaminated Are Our Children?,1.0,1.0,0.8
5,E,RomeCombined,5,"Blood Type Diet Perceived as ""Crass Fraud""",1.0,0.9999,0.8
5,E,RomeCombined,5,Why Do Heart Doctors Favor Surgery and Drugs Over Diet?,0.8,0.9994,1.0
5,E,RomeCombined,10,Breast Cancer Cells Feed on Cholesterol,1.0,1.0,1.0
5,E,RomeCombined,10,Using Diet to Treat Asthma and Eczema,1.0,1.0,1.0
5,E,RomeCombined,10,Treating Asthma With Plants vs. Pills,1.0,1.0,0.9111
5,E,RomeCombined,10,How Fruits and Vegetables Can Treat Asthma,1.0,1.0,0.9556
5,E,RomeCombined,10,How Fruits and Vegetables Can Prevent Asthma,1.0,0.9999,0.9111
5,E,RomeCombined,10,Our Tax Dollars Subsidize Unhealthy Foods,1.0,1.0,0.9556
5,E,RomeCombined,10,Reducing Arsenic in Chicken and Rice,1.0,1.0,0.9556
5,E,RomeCombined,10,How Contaminated Are Our Children?,1.0,1.0,0.9111
5,E,RomeCombined,10,"Blood Type Diet Perceived as ""Crass Fraud""",1.0,0.9999,0.9556
5,E,RomeCombined,10,Why Do Heart Doctors Favor Surgery and Drugs Over Diet?,1.0,0.9999,0.9111
5,E,RomeCombined,20,Breast Cancer Cells Feed on Cholesterol,1.0,1.0,0.9579
5,E,RomeCombined,20,Using Diet to Treat Asthma and Eczema,1.0,1.0,0.9789
5,E,RomeCombined,20,Treating Asthma With Plants vs. Pills,1.0,1.0,0.9474
5,E,RomeCombined,20,How Fruits and Vegetables Can Treat Asthma,1.0,1.0,0.9789
5,E,RomeCombined,20,How Fruits and Vegetables Can Prevent Asthma,1.0,0.9999,0.9789
5,E,RomeCombined,20,Our Tax Dollars Subsidize Unhealthy Foods,1.0,1.0,0.9789
5,E,RomeCombined,20,Reducing Arsenic in Chicken and Rice,0.95,0.9999,0.9579
5,E,RomeCombined,20,How Contaminated Are Our Children?,1.0,1.0,0.9474
5,E,RomeCombined,20,"Blood Type Diet Perceived as ""Crass Fraud""",1.0,0.9999,0.9789
5,E,RomeCombined,20,Why Do Heart Doctors Favor Surgery and Drugs Over Diet?,1.0,1.0,0.9789
5,E,RomeCombined,50,Breast Cancer Cells Feed on Cholesterol,1.0,1.0,0.9771
5,E,RomeCombined,50,Using Diet to Treat Asthma and Eczema,0.98,0.9915,0.9847
5,E,RomeCombined,50,Treating Asthma With Plants vs. Pills,1.0,1.0,0.9837
5,E,RomeCombined,50,How Fruits and Vegetables Can Treat Asthma,1.0,1.0,0.9706
5,E,RomeCombined,50,How Fruits and Vegetables Can Prevent Asthma,1.0,0.9999,0.9837
5,E,RomeCombined,50,Our Tax Dollars Subsidize Unhealthy Foods,1.0,1.0,0.9673
5,E,RomeCombined,50,Reducing Arsenic in Chicken and Rice,1.0,1.0,0.9788
5,E,RomeCombined,50,How Contaminated Are Our Children?,0.98,0.9886,0.9694
5,E,RomeCombined,50,"Blood Type Diet Perceived as ""Crass Fraud""",0.98,0.9892,0.9813
5,E,RomeCombined,50,Why Do Heart Doctors Favor Surgery and Drugs Over Diet?,1.0,1.0,0.9869
5,E,Ckks,1,Breast Cancer Cells Feed on Cholesterol,1.0,1.0,1.0
5,E,Ckks,1,Using Diet to Treat Asthma and Eczema,1.0,1.0,1.0
5,E,Ckks,1,Treating Asthma With Plants vs. Pills,1.0,1.0,1.0
5,E,Ckks,1,How Fruits and Vegetables Can Treat Asthma,1.0,1.0,1.0
5,E,Ckks,1,How Fruits and Vegetables Can Prevent Asthma,1.0,1.0,1.0
5,E,Ckks,1,Our Tax Dollars Subsidize Unhealthy Foods,1.0,1.0,1.0
5,E,Ckks,1,Reducing Arsenic in Chicken and Rice,1.0,1.0,1.0
5,E,Ckks,1,How Contaminated Are Our Children?,1.0,1.0,1.0
5,E,Ckks,1,"Blood Type Diet Perceived as ""Crass Fraud""",1.0,1.0,1.0
5,E,Ckks,1,Why Do Heart Doctors Favor Surgery and Drugs Over Diet?,1.0,1.0,1.0
5,E,Ckks,5,Breast Cancer Cells Feed on Cholesterol,1.0,1.0,1.0
5,E,Ckks,5,Using Diet to Treat Asthma and Eczema,1.0,1.0,1.0
5,E,Ckks,5,Treating Asthma With Plants vs. Pills,1.0,1.0,1.0
5,E,Ckks,5,How Fruits and Vegetables Can Treat Asthma,1.0,1.0,1.0
5,E,Ckks,5,How Fruits and Vegetables Can Prevent Asthma,1.0,1.0,1.0
5,E,Ckks,5,Our Tax Dollars Subsidize Unhealthy Foods,1.0,1.0,1.0
5,E,Ckks,5,Reducing Arsenic in Chicken and Rice,1.0,1.0,1.0
5,E,Ckks,5,How Contaminated Are Our Children?,1.0,1.0,1.0
5,E,Ckks,5,"Blood Type Diet Perceived as ""Crass Fraud""",1.0,1.0,1.0
5,E,Ckks,5,Why Do Heart Doctors Favor Surgery and Drugs Over Diet?,1.0,1.0,1.0
5,E,Ckks,10,Breast Cancer Cells Feed on Cholesterol,1.0,1.0,1.0
5,E,Ckks,10,Using Diet to Treat Asthma and Eczema,1.0,1.0,1.0
5,E,Ckks,10,Treating Asthma With Plants vs. Pills,1.0,1.0,1.0
5,E,Ckks,10,How Fruits and Vegetables Can Treat Asthma,1.0,1.0,1.0
5,E,Ckks,10,How Fruits and Vegetables Can Prevent Asthma,1.0,1.0,1.0
5,E,Ckks,10,Our Tax Dollars Subsidize Unhealthy Foods,1.0,1.0,1.0
5,E,Ckks,10,Reducing Arsenic in Chicken and Rice,1.0,1.0,1.0
5,E,Ckks,10,How Contaminated Are Our Children?,1.0,1.0,1.0
5,E,Ckks,10,"Blood Type Diet Perceived as ""Crass Fraud""",1.0,1.0,1.0
5,E,Ckks,10,Why Do Heart Doctors Favor Surgery and Drugs Over Diet?,1.0,1.0,1.0
5,E,Ckks,20,Breast Cancer Cells Feed on Cholesterol,1.0,1.0,1.0
5,E,Ckks,20,Using Diet to Treat Asthma and Eczema,1.0,1.0,1.0
5,E,Ckks,20,Treating Asthma With Plants vs. Pills,1.0,1.0,1.0
5,E,Ckks,20,How Fruits and Vegetables Can Treat Asthma,1.0,1.0,1.0
5,E,Ckks,20,How Fruits and Vegetables Can Prevent Asthma,1.0,1.0,1.0
5,E,Ckks,20,Our Tax Dollars Subsidize Unhealthy Foods,1.0,1.0,1.0
5,E,Ckks,20,Reducing Arsenic in Chicken and Rice,1.0,1.0,1.0
5,E,Ckks,20,How Contaminated Are Our Children?,1.0,1.0,1.0
5,E,Ckks,20,"Blood Type Diet Perceived as ""Crass Fraud""",1.0,1.0,1.0
5,E,Ckks,20,Why Do Heart Doctors Favor Surgery and Drugs Over Diet?,1.0,1.0,1.0
5,E,Ckks,50,Breast Cancer Cells Feed on Cholesterol,1.0,1.0,1.0
5,E,Ckks,50,Using Diet to Treat Asthma and Eczema,1.0,1.0,1.0
5,E,Ckks,50,Treating Asthma With Plants vs. Pills,1.0,1.0,1.0
5,E,Ckks,50,How Fruits and Vegetables Can Treat Asthma,1.0,1.0,1.0
5,E,Ckks,50,How Fruits and Vegetables Can Prevent Asthma,1.0,1.0,1.0
5,E,Ckks,50,Our Tax Dollars Subsidize Unhealthy Foods,1.0,1.0,1.0
5,E,Ckks,50,Reducing Arsenic in Chicken and Rice,1.0,1.0,1.0
5,E,Ckks,50,How Contaminated Are Our Children?,1.0,1.0,1.0
5,E,Ckks,50,"Blood Type Diet Perceived as ""Crass Fraud""",1.0,1.0,1.0
5,E,Ckks,50,Why Do Heart Doctors Favor Surgery and Drugs Over Diet?,1.0,1.0,1.0
5,E,CkksCombined,1,Breast Cancer Cells Feed on Cholesterol,1.0,1.0,1.0
5,E,CkksCombined,1,Using Diet to Treat Asthma and Eczema,1.0,1.0,1.0
5,E,CkksCombined,1,Treating Asthma With Plants vs. Pills,1.0,1.0,1.0
5,E,CkksCombined,1,How Fruits and Vegetables Can Treat Asthma,1.0,1.0,1.0
5,E,CkksCombined,1,How Fruits and Vegetables Can Prevent Asthma,1.0,1.0,1.0
5,E,CkksCombined,1,Our Tax Dollars Subsidize Unhealthy Foods,1.0,1.0,1.0
5,E,CkksCombined,1,Reducing Arsenic in Chicken and Rice,1.0,1.0,1.0
5,E,CkksCombined,1,How Contaminated Are Our Children?,1.0,1.0,1.0
5,E,CkksCombined,1,"Blood Type Diet Perceived as ""Crass Fraud""",1.0,1.0,1.0
5,E,CkksCombined,1,Why Do Heart Doctors Favor Surgery and Drugs Over Diet?,1.0,1.0,1.0
5,E,CkksCombined,5,Breast Cancer Cells Feed on Cholesterol,1.0,1.0,1.0
5,E,CkksCombined,5,Using Diet to Treat Asthma and Eczema,0.8,0.9996,1.0
5,E,CkksCombined,5,Treating Asthma With Plants vs. Pills,0.8,0.9999,1.0
5,E,CkksCombined,5,How Fruits and Vegetables Can Treat Asthma,1.0,1.0,1.0
5,E,CkksCombined,5,How Fruits and Vegetables Can Prevent Asthma,1.0,1.0,1.0
5,E,CkksCombined,5,Our Tax Dollars Subsidize Unhealthy Foods,1.0,1.0,1.0
5,E,CkksCombined,5,Reducing Arsenic in Chicken and Rice,1.0,1.0,1.0
5,E,CkksCombined,5,How Contaminated Are Our Children?,1.0,0.9999,0.8
5,E,CkksCombined,5,"Blood Type Diet Perceived as ""Crass Fraud""",1.0,1.0,1.0
5,E,CkksCombined,5,Why Do Heart Doctors Favor Surgery and Drugs Over Diet?,1.0,1.0,1.0
5,E,CkksCombined,10,Breast Cancer Cells Feed on Cholesterol,1.0,1.0,0.9556
5,E,CkksCombined,10,Using Diet to Treat Asthma and Eczema,1.0,1.0,0.9556
5,E,CkksCombined,10,Treating Asthma With Plants vs. Pills,1.0,1.0,0.9556
5,E,CkksCombined,10,How Fruits and Vegetables Can Treat Asthma,1.0,1.0,1.0
5,E,CkksCombined,10,How Fruits and Vegetables Can Prevent Asthma,1.0,1.0,0.9556
5,E,CkksCombined,10,Our Tax Dollars Subsidize Unhealthy Foods,1.0,1.0,0.9556
5,E,CkksCombined,10,Reducing Arsenic in Chicken and Rice,1.0,1.0,0.9556
5,E,CkksCombined,10,How Contaminated Are Our Children?,1.0,1.0,0.9556
5,E,CkksCombined,10,"Blood Type Diet Perceived as ""Crass Fraud""",1.0,1.0,1.0
5,E,CkksCombined,10,Why Do Heart Doctors Favor Surgery and Drugs Over Diet?,1.0,1.0,1.0
5,E,CkksCombined,20,Breast Cancer Cells Feed on Cholesterol,0.95,0.9998,0.9579
5,E,CkksCombined,20,Using Diet to Treat Asthma and Eczema,1.0,1.0,0.9895
5,E,CkksCombined,20,Treating Asthma With Plants vs. Pills,1.0,1.0,0.9895
5,E,CkksCombined,20,How Fruits and Vegetables Can Treat Asthma,1.0,1.0,0.9895
5,E,CkksCombined,20,How Fruits and Vegetables Can Prevent Asthma,1.0,1.0,0.9895
5,E,CkksCombined,20,Our Tax Dollars Subsidize Unhealthy Foods,1.0,1.0,0.9789
5,E,CkksCombined,20,Reducing Arsenic in Chicken and Rice,1.0,1.0,0.9684
5,E,CkksCombined,20,How Contaminated Are Our Children?,1.0,1.0,0.9789
5,E,CkksCombined,20,"Blood Type Diet Perceived as ""Crass Fraud""",1.0,1.0,1.0
5,E,CkksCombined,20,Why Do Heart Doctors Favor Surgery and Drugs Over Diet?,1.0,1.0,0.9789
5,E,CkksCombined,50,Breast Cancer Cells Feed on Cholesterol,1.0,1.0,0.969
5,E,CkksCombined,50,Using Diet to Treat Asthma and Eczema,1.0,1.0,0.9902
5,E,CkksCombined,50,Treating Asthma With Plants vs. Pills,1.0,1.0,0.9886
5,E,CkksCombined,50,How Fruits and Vegetables Can Treat Asthma,1.0,1.0,0.982
5,E,CkksCombined,50,How Fruits and Vegetables Can Prevent Asthma,1.0,1.0,0.9935
5,E,CkksCombined,50,Our Tax Dollars Subsidize Unhealthy Foods,0.98,0.9896,0.9813
5,E,CkksCombined,50,Reducing Arsenic in Chicken and Rice,0.98,0.9891,0.9847
5,E,CkksCombined,50,How Contaminated Are Our Children?,0.98,0.9886,0.9745
5,E,CkksCombined,50,"Blood Type Diet Perceived as ""Crass Fraud""",0.98,0.9892,0.9779
5,E,CkksCombined,50,Why Do Heart Doctors Favor Surgery and Drugs Over Diet?,0.98,0.9893,0.9864
1,E,Diehard,1,Breast Cancer Cells Feed on Cholesterol,1.0,1.0,1.0
1,E,Diehard,1,Using Diet to Treat Asthma and Eczema,1.0,1.0,1.0
1,E,Diehard,1,Treating Asthma With Plants vs. Pills,1.0,1.0,1.0
1,E,Diehard,1,How Fruits and Vegetables Can Treat Asthma,1.0,1.0,1.0
1,E,Diehard,1,How Fruits and Vegetables Can Prevent Asthma,1.0,1.0,1.0
1,E,Diehard,1,Our Tax Dollars Subsidize Unhealthy Foods,1.0,1.0,1.0
1,E,Diehard,1,Reducing Arsenic in Chicken and Rice,1.0,1.0,1.0
1,E,Diehard,1,How Contaminated Are Our Children?,1.0,1.0,1.0
1,E,Diehard,1,"Blood Type Diet Perceived as ""Crass Fraud""",1.0,1.0,1.0
1,E,Diehard,1,Why Do Heart Doctors Favor Surgery and Drugs Over Diet?,1.0,1.0,1.0
1,E,Diehard,5,Breast Cancer Cells Feed on Cholesterol,1.0,1.0,1.0
1,E,Diehard,5,Using Diet to Treat Asthma and Eczema,1.0,1.0,1.0
1,E,Diehard,5,Treating Asthma With Plants vs. Pills,1.0,1.0,1.0
1,E,Diehard,5,How Fruits and Vegetables Can Treat Asthma,1.0,1.0,1.0
1,E,Diehard,5,How Fruits and Vegetables Can Prevent Asthma,1.0,1.0,1.0
1,E,Diehard,5,Our Tax Dollars Subsidize Unhealthy Foods,1.0,1.0,1.0
1,E,Diehard,5,Reducing Arsenic in Chicken and Rice,1.0,1.0,1.0
1,E,Diehard,5,How Contaminated Are Our Children?,1.0,1.0,1.0
1,E,Diehard,5,"Blood Type Diet Perceived as ""Crass Fraud""",1.0,1.0,1.0
1,E,Diehard,5,Why Do Heart Doctors Favor Surgery and Drugs Over Diet?,1.0,1.0,1.0
1,E,Diehard,10,Breast Cancer Cells Feed on Cholesterol,1.0,1.0,1.0
1,E,Diehard,10,Using Diet to Treat Asthma and Eczema,1.0,1.0,1.0
1,E,Diehard,10,Treating Asthma With Plants vs. Pills,1.0,1.0,1.0
1,E,Diehard,10,How Fruits and Vegetables Can Treat Asthma,1.0,1.0,1.0
1,E,Diehard,10,How Fruits and Vegetables Can Prevent Asthma,1.0,1.0,1.0
1,E,Diehard,10,Our Tax Dollars Subsidize Unhealthy Foods,1.0,1.0,1.0
1,E,Diehard,10,Reducing Arsenic in Chicken and Rice,1.0,1.0,1.0
1,E,Diehard,10,How Contaminated Are Our Children?,1.0,1.0,1.0
1,E,Diehard,10,"Blood Type Diet Perceived as ""Crass Fraud""",1.0,1.0,1.0
1,E,Diehard,10,Why Do Heart Doctors Favor Surgery and Drugs Over Diet?,1.0,1.0,1.0
1,E,Diehard,20,Breast Cancer Cells Feed on Cholesterol,1.0,1.0,1.0
1,E,Diehard,20,Using Diet to Treat Asthma and Eczema,1.0,1.0,1.0
1,E,Diehard,20,Treating Asthma With Plants vs. Pills,1.0,1.0,1.0
1,E,Diehard,20,How Fruits and Vegetables Can Treat Asthma,1.0,1.0,1.0
1,E,Diehard,20,How Fruits and Vegetables Can Prevent Asthma,1.0,1.0,1.0
1,E,Diehard,20,Our Tax Dollars Subsidize Unhealthy Foods,1.0,1.0,1.0
1,E,Diehard,20,Reducing Arsenic in Chicken and Rice,1.0,1.0,1.0
1,E,Diehard,20,How Contaminated Are Our Children?,1.0,1.0,1.0
1,E,Diehard,20,"Blood Type Diet Perceived as ""Crass Fraud""",1.0,1.0,1.0
1,E,Diehard,20,Why Do Heart Doctors Favor Surgery and Drugs Over Diet?,1.0,1.0,1.0
1,E,Diehard,50,Breast Cancer Cells Feed on Cholesterol,1.0,1.0,1.0
1,E,Diehard,50,Using Diet to Treat Asthma and Eczema,1.0,1.0,1.0
1,E,Diehard,50,Treating Asthma With Plants vs. Pills,1.0,1.0,1.0
1,E,Diehard,50,How Fruits and Vegetables Can Treat Asthma,1.0,1.0,1.0
1,E,Diehard,50,How Fruits and Vegetables Can Prevent Asthma,1.0,1.0,1.0
1,E,Diehard,50,Our Tax Dollars Subsidize Unhealthy Foods,1.0,1.0,1.0
1,E,Diehard,50,Reducing Arsenic in Chicken and Rice,1.0,1.0,1.0
1,E,Diehard,50,How Contaminated Are Our Children?,1.0,1.0,1.0
1,E,Diehard,50,"Blood Type Diet Perceived as ""Crass Fraud""",1.0,1.0,1.0
1,E,Diehard,50,Why Do Heart Doctors Favor Surgery and Drugs Over Diet?,1.0,1.0,1.0
1,E,DiehardCombined,1,Breast Cancer Cells Feed on Cholesterol,0.0,0.9864,1.0
1,E,DiehardCombined,1,Using Diet to Treat Asthma and Eczema,1.0,1.0,1.0
1,E,DiehardCombined,1,Treating Asthma With Plants vs. Pills,1.0,1.0,1.0
1,E,DiehardCombined,1,How Fruits and Vegetables Can Treat Asthma,1.0,1.0,1.0
1,E,DiehardCombined,1,How Fruits and Vegetables Can Prevent Asthma,1.0,1.0,1.0
1,E,DiehardCombined,1,Our Tax Dollars Subsidize Unhealthy Foods,1.0,1.0,1.0
1,E,DiehardCombined,1,Reducing Arsenic in Chicken and Rice,1.0,1.0,1.0
1,E,DiehardCombined,1,How Contaminated Are Our Children?,0.0,0.8711,1.0
1,E,DiehardCombined,1,"Blood Type Diet Perceived as ""Crass Fraud""",1.0,1.0,1.0
1,E,DiehardCombined,1,Why Do Heart Doctors Favor Surgery and Drugs Over Diet?,1.0,1.0,1.0
1,E,DiehardCombined,5,Breast Cancer Cells Feed on Cholesterol,1.0,0.9976,0.6
1,E,DiehardCombined,5,Using Diet to Treat Asthma and Eczema,1.0,0.9994,0.6
1,E,DiehardCombined,5,Treating Asthma With Plants vs. Pills,0.8,0.9988,0.8
1,E,DiehardCombined,5,How Fruits and Vegetables Can Treat Asthma,1.0,1.0,1.0
1,E,DiehardCombined,5,How Fruits and Vegetables Can Prevent Asthma,1.0,0.9981,0.8
1,E,DiehardCombined,5,Our Tax Dollars Subsidize Unhealthy Foods,0.6,0.9618,0.4
1,E,DiehardCombined,5,Reducing Arsenic in Chicken and Rice,0.6,0.9945,0.8
1,E,DiehardCombined,5,How Contaminated Are Our Children?,0.6,0.9485,-0.6
1,E,DiehardCombined,5,"Blood Type Diet Perceived as ""Crass Fraud""",0.4,0.9724,0.4
1,E,DiehardCombined,5,Why Do Heart Doctors Favor Surgery and Drugs Over Diet?,0.8,0.9939,0.6
1,E,DiehardCombined,10,Breast Cancer Cells Feed on Cholesterol,0.8,0.9934,0.8222
1,E,DiehardCombined,10,Using Diet to Treat Asthma and Eczema,0.8,0.9979,0.8222
1,E,DiehardCombined,10,Treating Asthma With Plants vs. Pills,1.0,0.9998,0.8222
1,E,DiehardCombined,10,How Fruits and Vegetables Can Treat Asthma,1.0,0.9998,0.9556
1,E,DiehardCombined,10,How Fruits and Vegetables Can Prevent Asthma,1.0,0.9984,0.9111
1,E,DiehardCombined,10,Our Tax Dollars Subsidize Unhealthy Foods,0.8,0.9864,0.2444
1,E,DiehardCombined,10,Reducing Arsenic in Chicken and Rice,0.8,0.991,0.4667
1,E,DiehardCombined,10,How Contaminated Are Our Children?,0.9,0.9679,0.3333
1,E,DiehardCombined,10,"Blood Type Diet Perceived as ""Crass Fraud""",0.9,0.9924,0.1111
1,E,DiehardCombined,10,Why Do Heart Doctors Favor Surgery and Drugs Over Diet?,0.9,0.9959,0.6889
1,E,DiehardCombined,20,Breast Cancer Cells Feed on Cholesterol,0.85,0.9913,0.7263
1,E,DiehardCombined,20,Using Diet to Treat Asthma and Eczema,1.0,0.9993,0.7789
1,E,DiehardCombined,20,Treating Asthma With Plants vs. Pills,0.95,0.9991,0.8
1,E,DiehardCombined,20,How Fruits and Vegetables Can Treat Asthma,1.0,0.9995,0.8842
1,E,DiehardCombined,20,How Fruits and Vegetables Can Prevent Asthma,0.9,0.9975,0.8947
1,E,DiehardCombined,20,Our Tax Dollars Subsidize Unhealthy Foods,0.95,0.992,0.6526
1,E,DiehardCombined,20,Reducing Arsenic in Chicken and Rice,0.85,0.9895,0.5579
1,E,DiehardCombined,20,How Contaminated Are Our Children?,0.9,0.9793,0.4421
1,E,DiehardCombined,20,"Blood Type Diet Perceived as ""Crass Fraud""",0.75,0.9849,0.5368
1,E,DiehardCombined,20,Why Do Heart Doctors Favor Surgery and Drugs Over Diet?,0.85,0.9905,0.7158
1,E,DiehardCombined,50,Breast Cancer Cells Feed on Cholesterol,0.94,0.9636,0.6244
1,E,DiehardCombined,50,Using Diet to Treat Asthma and Eczema,0.92,0.9641,0.8145
1,E,DiehardCombined,50,Treating Asthma With Plants vs. Pills,0.96,0.9796,0.8085
1,E,DiehardCombined,50,How Fruits and Vegetables Can Treat Asthma,0.86,0.9323,0.8472
1,E,DiehardCombined,50,How Fruits and Vegetables Can Prevent Asthma,0.94,0.9706,0.889
1,E,DiehardCombined,50,Our Tax Dollars Subsidize Unhealthy Foods,0.94,0.9626,0.7539
1,E,DiehardCombined,50,Reducing Arsenic in Chicken and Rice,0.9,0.9391,0.6444
1,E,DiehardCombined,50,How Contaminated Are Our Children?,0.9,0.9271,0.6687
1,E,DiehardCombined,50,"Blood Type Diet Perceived as ""Crass Fraud""",0.88,0.9277,0.7061
1,E,DiehardCombined,50,Why Do Heart Doctors Favor Surgery and Drugs Over Diet?,0.84,0.9073,0.7003
2,E,Diehard,1,Breast Cancer Cells Feed on Cholesterol,1.0,1.0,1.0
2,E,Diehard,1,Using Diet to Treat Asthma and Eczema,1.0,1.0,1.0
2,E,Diehard,1,Treating Asthma With Plants vs. Pills,1.0,1.0,1.0
2,E,Diehard,1,How Fruits and Vegetables Can Treat Asthma,1.0,1.0,1.0
2,E,Diehard,1,How Fruits and Vegetables Can Prevent Asthma,1.0,1.0,1.0
2,E,Diehard,1,Our Tax Dollars Subsidize Unhealthy Foods,1.0,1.0,1.0
2,E,Diehard,1,Reducing Arsenic in Chicken and Rice,1.0,1.0,1.0
2,E,Diehard,1,How Contaminated Are Our Children?,1.0,1.0,1.0
2,E,Diehard,1,"Blood Type Diet Perceived as ""Crass Fraud""",1.0,1.0,1.0
2,E,Diehard,1,Why Do Heart Doctors Favor Surgery and Drugs Over Diet?,1.0,1.0,1.0
2,E,Diehard,5,Breast Cancer Cells Feed on Cholesterol,1.0,1.0,1.0
2,E,Diehard,5,Using Diet to Treat Asthma and Eczema,1.0,1.0,1.0
2,E,Diehard,5,Treating Asthma With Plants vs. Pills,1.0,1.0,1.0
2,E,Diehard,5,How Fruits and Vegetables Can Treat Asthma,1.0,1.0,1.0
2,E,Diehard,5,How Fruits and Vegetables Can Prevent Asthma,1.0,1.0,1.0
2,E,Diehard,5,Our Tax Dollars Subsidize Unhealthy Foods,1.0,1.0,1.0
2,E,Diehard,5,Reducing Arsenic in Chicken and Rice,1.0,1.0,1.0
2,E,Diehard,5,How Contaminated Are Our Children?,1.0,1.0,1.0
2,E,Diehard,5,"Blood Type Diet Perceived as ""Crass Fraud""",1.0,1.0,1.0
2,E,Diehard,5,Why Do Heart Doctors Favor Surgery and Drugs Over Diet?,1.0,1.0,1.0
2,E,Diehard,10,Breast Cancer Cells Feed on Cholesterol,1.0,1.0,1.0
2,E,Diehard,10,Using Diet to Treat Asthma and Eczema,1.0,1.0,1.0
2,E,Diehard,10,Treating Asthma With Plants vs. Pills,1.0,1.0,1.0
2,E,Diehard,10,How Fruits and Vegetables Can Treat Asthma,1.0,1.0,1.0
2,E,Diehard,10,How Fruits and Vegetables Can Prevent Asthma,1.0,1.0,1.0
2,E,Diehard,10,Our Tax Dollars Subsidize Unhealthy Foods,1.0,1.0,1.0
2,E,Diehard,10,Reducing Arsenic in Chicken and Rice,1.0,1.0,1.0
2,E,Diehard,10,How Contaminated Are Our Children?,1.0,1.0,1.0
2,E,Diehard,10,"Blood Type Diet Perceived as ""Crass Fraud""",1.0,1.0,1.0
2,E,Diehard,10,Why Do Heart Doctors Favor Surgery and Drugs Over Diet?,1.0,1.0,1.0
2,E,Diehard,20,Breast Cancer Cells Feed on Cholesterol,1.0,1.0,1.0
2,E,Diehard,20,Using Diet to Treat Asthma and Eczema,1.0,1.0,1.0
2,E,Diehard,20,Treating Asthma With Plants vs. Pills,1.0,1.0,1.0
2,E,Diehard,20,How Fruits and Vegetables Can Treat Asthma,1.0,1.0,1.0
2,E,Diehard,20,How Fruits and Vegetables Can Prevent Asthma,1.0,1.0,1.0
2,E,Diehard,20,Our Tax Dollars Subsidize Unhealthy Foods,1.0,1.0,1.0
2,E,Diehard,20,Reducing Arsenic in Chicken and Rice,1.0,1.0,1.0
2,E,Diehard,20,How Contaminated Are Our Children?,1.0,1.0,1.0
2,E,Diehard,20,"Blood Type Diet Perceived as ""Crass Fraud""",1.0,1.0,1.0
2,E,Diehard,20,Why Do Heart Doctors Favor Surgery and Drugs Over Diet?,1.0,1.0,1.0
2,E,Diehard,50,Breast Cancer Cells Feed on Cholesterol,1.0,1.0,1.0
2,E,Diehard,50,Using Diet to Treat Asthma and Eczema,1.0,1.0,1.0
2,E,Diehard,50,Treating Asthma With Plants vs. Pills,1.0,1.0,1.0
2,E,Diehard,50,How Fruits and Vegetables Can Treat Asthma,1.0,1.0,1.0
2,E,Diehard,50,How Fruits and Vegetables Can Prevent Asthma,1.0,1.0,1.0
2,E,Diehard,50,Our Tax Dollars Subsidize Unhealthy Foods,1.0,1.0,1.0
2,E,Diehard,50,Reducing Arsenic in Chicken and Rice,1.0,1.0,1.0
2,E,Diehard,50,How Contaminated Are Our Children?,1.0,1.0,1.0
2,E,Diehard,50,"Blood Type Diet Perceived as ""Crass Fraud""",1.0,1.0,1.0
2,E,Diehard,50,Why Do Heart Doctors Favor Surgery and Drugs Over Diet?,1.0,1.0,1.0
2,E,DiehardCombined,1,Breast Cancer Cells Feed on Cholesterol,1.0,1.0,1.0
2,E,DiehardCombined,1,Using Diet to Treat Asthma and Eczema,1.0,1.0,1.0
2,E,DiehardCombined,1,Treating Asthma With Plants vs. Pills,1.0,1.0,1.0
2,E,DiehardCombined,1,How Fruits and Vegetables Can Treat Asthma,1.0,1.0,1.0
2,E,DiehardCombined,1,How Fruits and Vegetables Can Prevent Asthma,1.0,1.0,1.0
2,E,DiehardCombined,1,Our Tax Dollars Subsidize Unhealthy Foods,0.0,0.9377,1.0
2,E,DiehardCombined,1,Reducing Arsenic in Chicken and Rice,1.0,1.0,1.0
2,E,DiehardCombined,1,How Contaminated Are Our Children?,0.0,0.9923,1.0
2,E,DiehardCombined,1,"Blood Type Diet Perceived as ""Crass Fraud""",1.0,1.0,1.0
2,E,DiehardCombined,1,Why Do Heart Doctors Favor Surgery and Drugs Over Diet?,0.0,0.9319,1.0
2,E,DiehardCombined,5,Breast Cancer Cells Feed on Cholesterol,1.0,0.9993,0.8
2,E,DiehardCombined,5,Using Diet to Treat Asthma and Eczema,1.0,0.9998,0.8
2,E,DiehardCombined,5,Treating Asthma With Plants vs. Pills,1.0,0.9999,0.8
2,E,DiehardCombined,5,How Fruits and Vegetables Can Treat Asthma,0.8,0.9931,1.0
2,E,DiehardCombined,5,How Fruits and Vegetables Can Prevent Asthma,0.8,0.9913,1.0
2,E,DiehardCombined,5,Our Tax Dollars Subsidize Unhealthy Foods,0.8,0.9823,-0.2
2,E,DiehardCombined,5,Reducing Arsenic in Chicken and Rice,0.6,0.9851,1.0
2,E,DiehardCombined,5,How Contaminated Are Our Children?,0.6,0.9655,0.2
2,E,DiehardCombined,5,"Blood Type Diet Perceived as ""Crass Fraud""",0.8,0.9973,0.4
2,E,DiehardCombined,5,Why Do Heart Doctors Favor Surgery and Drugs Over Diet?,0.6,0.9669,0.6
2,E,DiehardCombined,10,Breast Cancer Cells Feed on Cholesterol,0.9,0.9944,0.8667
2,E,DiehardCombined,10,Using Diet to Treat Asthma and Eczema,0.9,0.9989,0.8667
2,E,DiehardCombined,10,Treating Asthma With Plants vs. Pills,0.8,0.992,0.8667
2,E,DiehardCombined,10,How Fruits and Vegetables Can Treat Asthma,0.9,0.9915,0.7778
2,E,DiehardCombined,10,How Fruits and Vegetables Can Prevent Asthma,0.9,0.9897,0.8667
2,E,DiehardCombined,10,Our Tax Dollars Subsidize Unhealthy Foods,0.8,0.9868,0.6444
2,E,DiehardCombined,10,Reducing Arsenic in Chicken and Rice,0.9,0.9919,0.4222
2,E,DiehardCombined,10,How Contaminated Are Our Children?,0.9,0.9831,0.1556
2,E,DiehardCombined,10,"Blood Type Diet Perceived as ""Crass Fraud""",0.9,0.9959,0.4667
2,E,DiehardCombined,10,Why Do Heart Doctors Favor Surgery and Drugs Over Diet?,0.7,0.9756,0.5556
2,E,DiehardCombined,20,Breast Cancer Cells Feed on Cholesterol,0.8,0.9917,0.8
2,E,DiehardCombined,20,Using Diet to Treat Asthma and Eczema,1.0,0.9995,0.8316
2,E,DiehardCombined,20,Treating Asthma With Plants vs. Pills,0.9,0.9955,0.6947
2,E,DiehardCombined,20,How Fruits and Vegetables Can Treat Asthma,0.9,0.9956,0.8105
2,E,DiehardCombined,20,How Fruits and Vegetables Can Prevent Asthma,0.9,0.997,0.8526
2,E,DiehardCombined,20,Our Tax Dollars Subsidize Unhealthy Foods,0.9,0.9874,0.6947
2,E,DiehardCombined,20,Reducing Arsenic in Chicken and Rice,0.85,0.9908,0.6842
2,E,DiehardCombined,20,How Contaminated Are Our Children?,0.9,0.9901,0.5684
2,E,DiehardCombined,20,"Blood Type Diet Perceived as ""Crass Fraud""",0.85,0.9912,0.6842
2,E,DiehardCombined,20,Why Do Heart Doctors Favor Surgery and Drugs Over Diet?,0.95,0.9905,0.6211
2,E,DiehardCombined,50,Breast Cancer Cells Feed on Cholesterol,0.94,0.9665,0.6947
2,E,DiehardCombined,50,Using Diet to Treat Asthma and Eczema,0.92,0.9636,0.7952
2,E,DiehardCombined,50,Treating Asthma With Plants vs. Pills,0.9,0.9499,0.802
2,E,DiehardCombined,50,How Fruits and Vegetables Can Treat Asthma,0.94,0.9687,0.7891
2,E,DiehardCombined,50,How Fruits and Vegetables Can Prevent Asthma,0.96,0.9806,0.844
2,E,DiehardCombined,50,Our Tax Dollars Subsidize Unhealthy Foods,0.9,0.9404,0.7677
2,E,DiehardCombined,50,Reducing Arsenic in Chicken and Rice,0.88,0.9272,0.6638
2,E,DiehardCombined,50,How Contaminated Are Our Children?,0.92,0.9473,0.7295
2,E,DiehardCombined,50,"Blood Type Diet Perceived as ""Crass Fraud""",0.86,0.9169,0.7165
2,E,DiehardCombined,50,Why Do Heart Doctors Favor Surgery and Drugs Over Diet?,0.9,0.9384,0.8101
3,E,Diehard,1,Breast Cancer Cells Feed on Cholesterol,1.0,1.0,1.0
3,E,Diehard,1,Using Diet to Treat Asthma and Eczema,1.0,1.0,1.0
3,E,Diehard,1,Treating Asthma With Plants vs. Pills,1.0,1.0,1.0
3,E,Diehard,1,How Fruits and Vegetables Can Treat Asthma,1.0,1.0,1.0
3,E,Diehard,1,How Fruits and Vegetables Can Prevent Asthma,1.0,1.0,1.0
3,E,Diehard,1,Our Tax Dollars Subsidize Unhealthy Foods,1.0,1.0,1.0
3,E,Diehard,1,Reducing Arsenic in Chicken and Rice,1.0,1.0,1.0
3,E,Diehard,1,How Contaminated Are Our Children?,1.0,1.0,1.0
3,E,Diehard,1,"Blood Type Diet Perceived as ""Crass Fraud""",1.0,1.0,1.0
3,E,Diehard,1,Why Do Heart Doctors Favor Surgery and Drugs Over Diet?,1.0,1.0,1.0
3,E,Diehard,5,Breast Cancer Cells Feed on Cholesterol,1.0,1.0,1.0
3,E,Diehard,5,Using Diet to Treat Asthma and Eczema,1.0,1.0,1.0
3,E,Diehard,5,Treating Asthma With Plants vs. Pills,1.0,1.0,1.0
3,E,Diehard,5,How Fruits and Vegetables Can Treat Asthma,1.0,1.0,1.0
3,E,Diehard,5,How Fruits and Vegetables Can Prevent Asthma,1.0,1.0,1.0
3,E,Diehard,5,Our Tax Dollars Subsidize Unhealthy Foods,1.0,1.0,1.0
3,E,Diehard,5,Reducing Arsenic in Chicken and Rice,1.0,1.0,1.0
3,E,Diehard,5,How Contaminated Are Our Children?,1.0,1.0,1.0
3,E,Diehard,5,"Blood Type Diet Perceived as ""Crass Fraud""",1.0,1.0,1.0
3,E,Diehard,5,Why Do Heart Doctors Favor Surgery and Drugs Over Diet?,1.0,1.0,1.0
3,E,Diehard,10,Breast Cancer Cells Feed on Cholesterol,1.0,1.0,1.0
3,E,Diehard,10,Using Diet to Treat Asthma and Eczema,1.0,1.0,1.0
3,E,Diehard,10,Treating Asthma With Plants vs. Pills,1.0,1.0,1.0
3,E,Diehard,10,How Fruits and Vegetables Can Treat Asthma,1.0,1.0,1.0
3,E,Diehard,10,How Fruits and Vegetables Can Prevent Asthma,1.0,1.0,1.0
3,E,Diehard,10,Our Tax Dollars Subsidize Unhealthy Foods,1.0,1.0,1.0
3,E,Diehard,10,Reducing Arsenic in Chicken and Rice,1.0,1.0,1.0
3,E,Diehard,10,How Contaminated Are Our Children?,1.0,1.0,1.0
3,E,Diehard,10,"Blood Type Diet Perceived as ""Crass Fraud""",1.0,1.0,1.0
3,E,Diehard,10,Why Do Heart Doctors Favor Surgery and Drugs Over Diet?,1.0,1.0,1.0
3,E,Diehard,20,Breast Cancer Cells Feed on Cholesterol,1.0,1.0,1.0
3,E,Diehard,20,Using Diet to Treat Asthma and Eczema,1.0,1.0,1.0
3,E,Diehard,20,Treating Asthma With Plants vs. Pills,1.0,1.0,1.0
3,E,Diehard,20,How Fruits and Vegetables Can Treat Asthma,1.0,1.0,1.0
3,E,Diehard,20,How Fruits and Vegetables Can Prevent Asthma,1.0,1.0,1.0
3,E,Diehard,20,Our Tax Dollars Subsidize Unhealthy Foods,1.0,1.0,1.0
3,E,Diehard,20,Reducing Arsenic in Chicken and Rice,1.0,1.0,1.0
3,E,Diehard,20,How Contaminated Are Our Children?,1.0,1.0,1.0
3,E,Diehard,20,"Blood Type Diet Perceived as ""Crass Fraud""",1.0,1.0,1.0
3,E,Diehard,20,Why Do Heart Doctors Favor Surgery and Drugs Over Diet?,1.0,1.0,1.0
3,E,Diehard,50,Breast Cancer Cells Feed on Cholesterol,1.0,1.0,1.0
3,E,Diehard,50,Using Diet to Treat Asthma and Eczema,1.0,1.0,1.0
3,E,Diehard,50,Treating Asthma With Plants vs. Pills,1.0,1.0,1.0
3,E,Diehard,50,How Fruits and Vegetables Can Treat Asthma,1.0,1.0,1.0
3,E,Diehard,50,How Fruits and Vegetables Can Prevent Asthma,1.0,1.0,1.0
3,E,Diehard,50,Our Tax Dollars Subsidize Unhealthy Foods,1.0,1.0,1.0
3,E,Diehard,50,Reducing Arsenic in Chicken and Rice,1.0,1.0,1.0
3,E,Diehard,50,How Contaminated Are Our Children?,1.0,1.0,1.0
3,E,Diehard,50,"Blood Type Diet Perceived as ""Crass Fraud""",1.0,1.0,1.0
3,E,Diehard,50,Why Do Heart Doctors Favor Surgery and Drugs Over Diet?,1.0,1.0,1.0
3,E,DiehardCombined,1,Breast Cancer Cells Feed on Cholesterol,0.0,0.9864,1.0
3,E,DiehardCombined,1,Using Diet to Treat Asthma and Eczema,1.0,1.0,1.0
3,E,DiehardCombined,1,Treating Asthma With Plants vs. Pills,1.0,1.0,1.0
3,E,DiehardCombined,1,How Fruits and Vegetables Can Treat Asthma,1.0,1.0,1.0
3,E,DiehardCombined,1,How Fruits and Vegetables Can Prevent Asthma,1.0,1.0,1.0
3,E,DiehardCombined,1,Our Tax Dollars Subsidize Unhealthy Foods,0.0,0.9459,1.0
3,E,DiehardCombined,1,Reducing Arsenic in Chicken and Rice,0.0,0.9519,1.0
3,E,DiehardCombined,1,How Contaminated Are Our Children?,0.0,0.9923,1.0
3,E,DiehardCombined,1,"Blood Type Diet Perceived as ""Crass Fraud""",1.0,1.0,1.0
3,E,DiehardCombined,1,Why Do Heart Doctors Favor Surgery and Drugs Over Diet?,1.0,1.0,1.0
3,E,DiehardCombined,5,Breast Cancer Cells Feed on Cholesterol,1.0,0.995,0.4
3,E,DiehardCombined,5,Using Diet to Treat Asthma and Eczema,0.8,0.9988,0.8
3,E,DiehardCombined,5,Treating Asthma With Plants vs. Pills,1.0,1.0,1.0
3,E,DiehardCombined,5,How Fruits and Vegetables Can Treat Asthma,1.0,0.9998,0.8
3,E,DiehardCombined,5,How Fruits and Vegetables Can Prevent Asthma,0.8,0.9895,0.8
3,E,DiehardCombined,5,Our Tax Dollars Subsidize Unhealthy Foods,1.0,0.989,0.2
3,E,DiehardCombined,5,Reducing Arsenic in Chicken and Rice,0.8,0.9914,0.6
3,E,DiehardCombined,5,How Contaminated Are Our Children?,0.8,0.9759,0.6
3,E,DiehardCombined,5,"Blood Type Diet Perceived as ""Crass Fraud""",0.6,0.9885,0.4
3,E,DiehardCombined,5,Why Do Heart Doctors Favor Surgery and Drugs Over Diet?,0.8,0.9924,0.6
3,E,DiehardCombined,10,Breast Cancer Cells Feed on Cholesterol,0.9,0.9939,0.8222
3,E,DiehardCombined,10,Using Diet to Treat Asthma and Eczema,0.8,0.9957,0.8222
3,E,DiehardCombined,10,Treating Asthma With Plants vs. Pills,0.9,0.9981,0.8667
3,E,DiehardCombined,10,How Fruits and Vegetables Can Treat Asthma,1.0,0.9993,0.7778
3,E,DiehardCombined,10,How Fruits and Vegetables Can Prevent Asthma,1.0,0.9977,0.7778
3,E,DiehardCombined,10,Our Tax Dollars Subsidize Unhealthy Foods,0.9,0.9919,0.7333
3,E,DiehardCombined,10,Reducing Arsenic in Chicken and Rice,0.8,0.9851,0.7333
3,E,DiehardCombined,10,How Contaminated Are Our Children?,0.8,0.9868,0.3778
3,E,DiehardCombined,10,"Blood Type Diet Perceived as ""Crass Fraud""",0.8,0.9894,0.5556
3,E,DiehardCombined,10,Why Do Heart Doctors Favor Surgery and Drugs Over Diet?,0.9,0.9949,0.6
3,E,DiehardCombined,20,Breast Cancer Cells Feed on Cholesterol,0.9,0.9937,0.7895
3,E,DiehardCombined,20,Using Diet to Treat Asthma and Eczema,1.0,0.9985,0.7263
3,E,DiehardCombined,20,Treating Asthma With Plants vs. Pills,0.9,0.997,0.8421
3,E,DiehardCombined,20,How Fruits and Vegetables Can Treat Asthma,0.95,0.9978,0.8105
3,E,DiehardCombined,20,How Fruits and Vegetables Can Prevent Asthma,0.9,0.996,0.8421
3,E,DiehardCombined,20,Our Tax Dollars Subsidize Unhealthy Foods,0.9,0.9897,0.7789
3,E,DiehardCombined,20,Reducing Arsenic in Chicken and Rice,1.0,0.9956,0.5789
3,E,DiehardCombined,20,How Contaminated Are Our Children?,0.75,0.9843,0.4842
3,E,DiehardCombined,20,"Blood Type Diet Perceived as ""Crass Fraud""",0.8,0.9909,0.6421
3,E,DiehardCombined,20,Why Do Heart Doctors Favor Surgery and Drugs Over Diet?,0.85,0.9939,0.6421
3,E,DiehardCombined,50,Breast Cancer Cells Feed on Cholesterol,0.92,0.9566,0.6928
3,E,DiehardCombined,50,Using Diet to Treat Asthma and Eczema,0.96,0.9791,0.8174
3,E,DiehardCombined,50,Treating Asthma With Plants vs. Pills,0.92,0.96,0.8184
3,E,DiehardCombined,50,How Fruits and Vegetables Can Treat Asthma,0.9,0.9514,0.798
3,E,DiehardCombined,50,How Fruits and Vegetables Can Prevent Asthma,0.94,0.9705,0.8039
3,E,DiehardCombined,50,Our Tax Dollars Subsidize Unhealthy Foods,0.92,0.9513,0.772
3,E,DiehardCombined,50,Reducing Arsenic in Chicken and Rice,0.94,0.962,0.7003
3,E,DiehardCombined,50,How Contaminated Are Our Children?,0.92,0.9452,0.5923
3,E,DiehardCombined,50,"Blood Type Diet Perceived as ""Crass Fraud""",0.92,0.9508,0.7797
3,E,DiehardCombined,50,Why Do Heart Doctors Favor Surgery and Drugs Over Diet?,0.86,0.9187,0.7807
4,E,Diehard,1,Breast Cancer Cells Feed on Cholesterol,1.0,1.0,1.0
4,E,Diehard,1,Using Diet to Treat Asthma and Eczema,1.0,1.0,1.0
4,E,Diehard,1,Treating Asthma With Plants vs. Pills,1.0,1.0,1.0
4,E,Diehard,1,How Fruits and Vegetables Can Treat Asthma,1.0,1.0,1.0
4,E,Diehard,1,How Fruits and Vegetables Can Prevent Asthma,1.0,1.0,1.0
4,E,Diehard,1,Our Tax Dollars Subsidize Unhealthy Foods,1.0,1.0,1.0
4,E,Diehard,1,Reducing Arsenic in Chicken and Rice,1.0,1.0,1.0
4,E,Diehard,1,How Contaminated Are Our Children?,1.0,1.0,1.0
4,E,Diehard,1,"Blood Type Diet Perceived as ""Crass Fraud""",1.0,1.0,1.0
4,E,Diehard,1,Why Do Heart Doctors Favor Surgery and Drugs Over Diet?,1.0,1.0,1.0
4,E,Diehard,5,Breast Cancer Cells Feed on Cholesterol,1.0,1.0,1.0
4,E,Diehard,5,Using Diet to Treat Asthma and Eczema,1.0,1.0,1.0
4,E,Diehard,5,Treating Asthma With Plants vs. Pills,1.0,1.0,1.0
4,E,Diehard,5,How Fruits and Vegetables Can Treat Asthma,1.0,1.0,1.0
4,E,Diehard,5,How Fruits and Vegetables Can Prevent Asthma,1.0,1.0,1.0
4,E,Diehard,5,Our Tax Dollars Subsidize Unhealthy Foods,1.0,1.0,1.0
4,E,Diehard,5,Reducing Arsenic in Chicken and Rice,1.0,1.0,1.0
4,E,Diehard,5,How Contaminated Are Our Children?,1.0,1.0,1.0
4,E,Diehard,5,"Blood Type Diet Perceived as ""Crass Fraud""",1.0,1.0,1.0
4,E,Diehard,5,Why Do Heart Doctors Favor Surgery and Drugs Over Diet?,1.0,1.0,1.0
4,E,Diehard,10,Breast Cancer Cells Feed on Cholesterol,1.0,1.0,1.0
4,E,Diehard,10,Using Diet to Treat Asthma and Eczema,1.0,1.0,1.0
4,E,Diehard,10,Treating Asthma With Plants vs. Pills,1.0,1.0,1.0
4,E,Diehard,10,How Fruits and Vegetables Can Treat Asthma,1.0,1.0,1.0
4,E,Diehard,10,How Fruits and Vegetables Can Prevent Asthma,1.0,1.0,1.0
4,E,Diehard,10,Our Tax Dollars Subsidize Unhealthy Foods,1.0,1.0,1.0
4,E,Diehard,10,Reducing Arsenic in Chicken and Rice,1.0,1.0,1.0
4,E,Diehard,10,How Contaminated Are Our Children?,1.0,1.0,1.0
4,E,Diehard,10,"Blood Type Diet Perceived as ""Crass Fraud""",1.0,1.0,1.0
4,E,Diehard,10,Why Do Heart Doctors Favor Surgery and Drugs Over Diet?,1.0,1.0,1.0
4,E,Diehard,20,Breast Cancer Cells Feed on Cholesterol,1.0,1.0,1.0
4,E,Diehard,20,Using Diet to Treat Asthma and Eczema,1.0,1.0,1.0
4,E,Diehard,20,Treating Asthma With Plants vs. Pills,1.0,1.0,1.0
4,E,Diehard,20,How Fruits and Vegetables Can Treat Asthma,1.0,1.0,1.0
4,E,Diehard,20,How Fruits and Vegetables Can Prevent Asthma,1.0,1.0,1.0
4,E,Diehard,20,Our Tax Dollars Subsidize Unhealthy Foods,1.0,1.0,1.0
4,E,Diehard,20,Reducing Arsenic in Chicken and Rice,1.0,1.0,1.0
4,E,Diehard,20,How Contaminated Are Our Children?,1.0,1.0,1.0
4,E,Diehard,20,"Blood Type Diet Perceived as ""Crass Fraud""",1.0,1.0,1.0
4,E,Diehard,20,Why Do Heart Doctors Favor Surgery and Drugs Over Diet?,1.0,1.0,1.0
4,E,Diehard,50,Breast Cancer Cells Feed on Cholesterol,1.0,1.0,1.0
4,E,Diehard,50,Using Diet to Treat Asthma and Eczema,1.0,1.0,1.0
4,E,Diehard,50,Treating Asthma With Plants vs. Pills,1.0,1.0,1.0
4,E,Diehard,50,How Fruits and Vegetables Can Treat Asthma,1.0,1.0,1.0
4,E,Diehard,50,How Fruits and Vegetables Can Prevent Asthma,1.0,1.0,1.0
4,E,Diehard,50,Our Tax Dollars Subsidize Unhealthy Foods,1.0,1.0,1.0
4,E,Diehard,50,Reducing Arsenic in Chicken and Rice,1.0,1.0,1.0
4,E,Diehard,50,How Contaminated Are Our Children?,1.0,1.0,1.0
4,E,Diehard,50,"Blood Type Diet Perceived as ""Crass Fraud""",1.0,1.0,1.0
4,E,Diehard,50,Why Do Heart Doctors Favor Surgery and Drugs Over Diet?,1.0,1.0,1.0
4,E,DiehardCombined,1,Breast Cancer Cells Feed on Cholesterol,0.0,0.9864,1.0
4,E,DiehardCombined,1,Using Diet to Treat Asthma and Eczema,1.0,1.0,1.0
4,E,DiehardCombined,1,Treating Asthma With Plants vs. Pills,1.0,1.0,1.0
4,E,DiehardCombined,1,How Fruits and Vegetables Can Treat Asthma,0.0,0.901,1.0
4,E,DiehardCombined,1,How Fruits and Vegetables Can Prevent Asthma,0.0,0.9939,1.0
4,E,DiehardCombined,1,Our Tax Dollars Subsidize Unhealthy Foods,1.0,1.0,1.0
4,E,DiehardCombined,1,Reducing Arsenic in Chicken and Rice,1.0,1.0,1.0
4,E,DiehardCombined,1,How Contaminated Are Our Children?,0.0,0.9923,1.0
4,E,DiehardCombined,1,"Blood Type Diet Perceived as ""Crass Fraud""",1.0,1.0,1.0
4,E,DiehardCombined,1,Why Do Heart Doctors Favor Surgery and Drugs Over Diet?,1.0,1.0,1.0
4,E,DiehardCombined,5,Breast Cancer Cells Feed on Cholesterol,1.0,0.9982,0.8
4,E,DiehardCombined,5,Using Diet to Treat Asthma and Eczema,0.8,0.9836,0.8
4,E,DiehardCombined,5,Treating Asthma With Plants vs. Pills,0.8,0.9966,0.8
4,E,DiehardCombined,5,How Fruits and Vegetables Can Treat Asthma,1.0,0.9856,0.6
4,E,DiehardCombined,5,How Fruits and Vegetables Can Prevent Asthma,0.8,0.9953,0.4
4,E,DiehardCombined,5,Our Tax Dollars Subsidize Unhealthy Foods,0.8,0.9916,0.6
4,E,DiehardCombined,5,Reducing Arsenic in Chicken and Rice,0.6,0.9855,0.4
4,E,DiehardCombined,5,How Contaminated Are Our Children?,0.6,0.9695,0.2
4,E,DiehardCombined,5,"Blood Type Diet Perceived as ""Crass Fraud""",1.0,0.9975,0.2
4,E,DiehardCombined,5,Why Do Heart Doctors Favor Surgery and Drugs Over Diet?,0.6,0.9849,-0.2
4,E,DiehardCombined,10,Breast Cancer Cells Feed on Cholesterol,0.9,0.9943,0.9111
4,E,DiehardCombined,10,Using Diet to Treat Asthma and Eczema,0.9,0.9958,0.6889
4,E,DiehardCombined,10,Treating Asthma With Plants vs. Pills,1.0,0.9991,0.6889
4,E,DiehardCombined,10,How Fruits and Vegetables Can Treat Asthma,0.9,0.984,0.9111
4,E,DiehardCombined,10,How Fruits and Vegetables Can Prevent Asthma,1.0,0.9968,0.6889
4,E,DiehardCombined,10,Our Tax Dollars Subsidize Unhealthy Foods,0.8,0.9922,0.5111
4,E,DiehardCombined,10,Reducing Arsenic in Chicken and Rice,0.9,0.9861,0.4222
4,E,DiehardCombined,10,How Contaminated Are Our Children?,0.9,0.9833,0.1556
4,E,DiehardCombined,10,"Blood Type Diet Perceived as ""Crass Fraud""",0.9,0.9977,0.8222
4,E,DiehardCombined,10,Why Do Heart Doctors Favor Surgery and Drugs Over Diet?,0.8,0.9881,0.4222
4,E,DiehardCombined,20,Breast Cancer Cells Feed on Cholesterol,0.95,0.9982,0.8105
4,E,DiehardCombined,20,Using Diet to Treat Asthma and Eczema,1.0,0.9973,0.8
4,E,DiehardCombined,20,Treating Asthma With Plants vs. Pills,0.9,0.9945,0.8316
4,E,DiehardCombined,20,How Fruits and Vegetables Can Treat Asthma,1.0,0.9922,0.8842
4,E,DiehardCombined,20,How Fruits and Vegetables Can Prevent Asthma,1.0,0.9969,0.7368
4,E,DiehardCombined,20,Our Tax Dollars Subsidize Unhealthy Foods,0.85,0.9903,0.7368
4,E,DiehardCombined,20,Reducing Arsenic in Chicken and Rice,0.9,0.9885,0.5368
4,E,DiehardCombined,20,How Contaminated Are Our Children?,0.9,0.9912,0.4526
4,E,DiehardCombined,20,"Blood Type Diet Perceived as ""Crass Fraud""",0.85,0.9942,0.7368
4,E,DiehardCombined,20,Why Do Heart Doctors Favor Surgery and Drugs Over Diet?,0.9,0.9924,0.6842
4,E,DiehardCombined,50,Breast Cancer Cells Feed on Cholesterol,0.9,0.9458,0.7737
4,E,DiehardCombined,50,Using Diet to Treat Asthma and Eczema,0.94,0.9713,0.8131
4,E,DiehardCombined,50,Treating Asthma With Plants vs. Pills,0.9,0.9504,0.798
4,E,DiehardCombined,50,How Fruits and Vegetables Can Treat Asthma,0.88,0.9365,0.8414
4,E,DiehardCombined,50,How Fruits and Vegetables Can Prevent Asthma,0.98,0.9888,0.8299
4,E,DiehardCombined,50,Our Tax Dollars Subsidize Unhealthy Foods,0.92,0.9533,0.7681
4,E,DiehardCombined,50,Reducing Arsenic in Chicken and Rice,0.88,0.9243,0.6786
4,E,DiehardCombined,50,How Contaminated Are Our Children?,0.9,0.9327,0.7354
4,E,DiehardCombined,50,"Blood Type Diet Perceived as ""Crass Fraud""",0.86,0.917,0.7519
4,E,DiehardCombined,50,Why Do Heart Doctors Favor Surgery and Drugs Over Diet?,0.9,0.9399,0.798
5,E,Diehard,1,Breast Cancer Cells Feed on Cholesterol,1.0,1.0,1.0
5,E,Diehard,1,Using Diet to Treat Asthma and Eczema,1.0,1.0,1.0
5,E,Diehard,1,Treating Asthma With Plants vs. Pills,1.0,1.0,1.0
5,E,Diehard,1,How Fruits and Vegetables Can Treat Asthma,1.0,1.0,1.0
5,E,Diehard,1,How Fruits and Vegetables Can Prevent Asthma,1.0,1.0,1.0
5,E,Diehard,1,Our Tax Dollars Subsidize Unhealthy Foods,1.0,1.0,1.0
5,E,Diehard,1,Reducing Arsenic in Chicken and Rice,1.0,1.0,1.0
5,E,Diehard,1,How Contaminated Are Our Children?,1.0,1.0,1.0
5,E,Diehard,1,"Blood Type Diet Perceived as ""Crass Fraud""",1.0,1.0,1.0
5,E,Diehard,1,Why Do Heart Doctors Favor Surgery and Drugs Over Diet?,1.0,1.0,1.0
5,E,Diehard,5,Breast Cancer Cells Feed on Cholesterol,1.0,1.0,1.0
5,E,Diehard,5,Using Diet to Treat Asthma and Eczema,1.0,1.0,1.0
5,E,Diehard,5,Treating Asthma With Plants vs. Pills,1.0,1.0,1.0
5,E,Diehard,5,How Fruits and Vegetables Can Treat Asthma,1.0,1.0,1.0
5,E,Diehard,5,How Fruits and Vegetables Can Prevent Asthma,1.0,1.0,1.0
5,E,Diehard,5,Our Tax Dollars Subsidize Unhealthy Foods,1.0,1.0,1.0
5,E,Diehard,5,Reducing Arsenic in Chicken and Rice,1.0,1.0,1.0
5,E,Diehard,5,How Contaminated Are Our Children?,1.0,1.0,1.0
5,E,Diehard,5,"Blood Type Diet Perceived as ""Crass Fraud""",1.0,1.0,1.0
5,E,Diehard,5,Why Do Heart Doctors Favor Surgery and Drugs Over Diet?,1.0,1.0,1.0
5,E,Diehard,10,Breast Cancer Cells Feed on Cholesterol,1.0,1.0,1.0
5,E,Diehard,10,Using Diet to Treat Asthma and Eczema,1.0,1.0,1.0
5,E,Diehard,10,Treating Asthma With Plants vs. Pills,1.0,1.0,1.0
5,E,Diehard,10,How Fruits and Vegetables Can Treat Asthma,1.0,1.0,1.0
5,E,Diehard,10,How Fruits and Vegetables Can Prevent Asthma,1.0,1.0,1.0
5,E,Diehard,10,Our Tax Dollars Subsidize Unhealthy Foods,1.0,1.0,1.0
5,E,Diehard,10,Reducing Arsenic in Chicken and Rice,1.0,1.0,1.0
5,E,Diehard,10,How Contaminated Are Our Children?,1.0,1.0,1.0
5,E,Diehard,10,"Blood Type Diet Perceived as ""Crass Fraud""",1.0,1.0,1.0
5,E,Diehard,10,Why Do Heart Doctors Favor Surgery and Drugs Over Diet?,1.0,1.0,1.0
5,E,Diehard,20,Breast Cancer Cells Feed on Cholesterol,1.0,1.0,1.0
5,E,Diehard,20,Using Diet to Treat Asthma and Eczema,1.0,1.0,1.0
5,E,Diehard,20,Treating Asthma With Plants vs. Pills,1.0,1.0,1.0
5,E,Diehard,20,How Fruits and Vegetables Can Treat Asthma,1.0,1.0,1.0
5,E,Diehard,20,How Fruits and Vegetables Can Prevent Asthma,1.0,1.0,1.0
5,E,Diehard,20,Our Tax Dollars Subsidize Unhealthy Foods,1.0,1.0,1.0
5,E,Diehard,20,Reducing Arsenic in Chicken and Rice,1.0,1.0,1.0
5,E,Diehard,20,How Contaminated Are Our Children?,1.0,1.0,1.0
5,E,Diehard,20,"Blood Type Diet Perceived as ""Crass Fraud""",1.0,1.0,1.0
5,E,Diehard,20,Why Do Heart Doctors Favor Surgery and Drugs Over Diet?,1.0,1.0,1.0
5,E,Diehard,50,Breast Cancer Cells Feed on Cholesterol,1.0,1.0,1.0
5,E,Diehard,50,Using Diet to Treat Asthma and Eczema,1.0,1.0,1.0
5,E,Diehard,50,Treating Asthma With Plants vs. Pills,1.0,1.0,1.0
5,E,Diehard,50,How Fruits and Vegetables Can Treat Asthma,1.0,1.0,1.0
5,E,Diehard,50,How Fruits and Vegetables Can Prevent Asthma,1.0,1.0,1.0
5,E,Diehard,50,Our Tax Dollars Subsidize Unhealthy Foods,1.0,1.0,1.0
5,E,Diehard,50,Reducing Arsenic in Chicken and Rice,1.0,1.0,1.0
5,E,Diehard,50,How Contaminated Are Our Children?,1.0,1.0,1.0
5,E,Diehard,50,"Blood Type Diet Perceived as ""Crass Fraud""",1.0,1.0,1.0
5,E,Diehard,50,Why Do Heart Doctors Favor Surgery and Drugs Over Diet?,1.0,1.0,1.0
5,E,DiehardCombined,1,Breast Cancer Cells Feed on Cholesterol,1.0,1.0,1.0
5,E,DiehardCombined,1,Using Diet to Treat Asthma and Eczema,1.0,1.0,1.0
5,E,DiehardCombined,1,Treating Asthma With Plants vs. Pills,1.0,1.0,1.0
5,E,DiehardCombined,1,How Fruits and Vegetables Can Treat Asthma,1.0,1.0,1.0
5,E,DiehardCombined,1,How Fruits and Vegetables Can Prevent Asthma,1.0,1.0,1.0
5,E,DiehardCombined,1,Our Tax Dollars Subsidize Unhealthy Foods,1.0,1.0,1.0
5,E,DiehardCombined,1,Reducing Arsenic in Chicken and Rice,1.0,1.0,1.0
5,E,DiehardCombined,1,How Contaminated Are Our Children?,0.0,0.9923,1.0
5,E,DiehardCombined,1,"Blood Type Diet Perceived as ""Crass Fraud""",1.0,1.0,1.0
5,E,DiehardCombined,1,Why Do Heart Doctors Favor Surgery and Drugs Over Diet?,0.0,0.9319,1.0
5,E,DiehardCombined,5,Breast Cancer Cells Feed on Cholesterol,0.8,0.9922,0.4
5,E,DiehardCombined,5,Using Diet to Treat Asthma and Eczema,0.8,0.9972,0.6
5,E,DiehardCombined,5,Treating Asthma With Plants vs. Pills,0.8,0.9988,0.8
5,E,DiehardCombined,5,How Fruits and Vegetables Can Treat Asthma,0.8,0.9873,1.0
5,E,DiehardCombined,5,How Fruits and Vegetables Can Prevent Asthma,1.0,0.9979,0.6
5,E,DiehardCombined,5,Our Tax Dollars Subsidize Unhealthy Foods,1.0,0.9974,0.6
5,E,DiehardCombined,5,Reducing Arsenic in Chicken and Rice,0.6,0.9861,1.0
5,E,DiehardCombined,5,How Contaminated Are Our Children?,0.6,0.9711,0.2
5,E,DiehardCombined,5,"Blood Type Diet Perceived as ""Crass Fraud""",0.4,0.9584,0.8
5,E,DiehardCombined,5,Why Do Heart Doctors Favor Surgery and Drugs Over Diet?,0.8,0.9885,0.6
5,E,DiehardCombined,10,Breast Cancer Cells Feed on Cholesterol,0.8,0.9868,0.6889
5,E,DiehardCombined,10,Using Diet to Treat Asthma and Eczema,0.9,0.9976,0.7778
5,E,DiehardCombined,10,Treating Asthma With Plants vs. Pills,0.8,0.9905,0.6
5,E,DiehardCombined,10,How Fruits and Vegetables Can Treat Asthma,0.9,0.9881,0.7333
5,E,DiehardCombined,10,How Fruits and Vegetables Can Prevent Asthma,0.9,0.9918,0.7778
5,E,DiehardCombined,10,Our Tax Dollars Subsidize Unhealthy Foods,0.8,0.9902,0.8222
5,E,DiehardCombined,10,Reducing Arsenic in Chicken and Rice,0.7,0.9749,0.5556
5,E,DiehardCombined,10,How Contaminated Are Our Children?,0.8,0.985,0.2889
5,E,DiehardCombined,10,"Blood Type Diet Perceived as ""Crass Fraud""",0.7,0.9767,0.1111
5,E,DiehardCombined,10,Why Do Heart Doctors Favor Surgery and Drugs Over Diet?,0.7,0.9731,0.6889
5,E,DiehardCombined,20,Breast Cancer Cells Feed on Cholesterol,0.85,0.9906,0.6105
5,E,DiehardCombined,20,Using Diet to Treat Asthma and Eczema,0.95,0.9965,0.7789
5,E,DiehardCombined,20,Treating Asthma With Plants vs. Pills,0.8,0.9907,0.7158
5,E,DiehardCombined,20,How Fruits and Vegetables Can Treat Asthma,0.9,0.995,0.7579
5,E,DiehardCombined,20,How Fruits and Vegetables Can Prevent Asthma,0.9,0.995,0.8
5,E,DiehardCombined,20,Our Tax Dollars Subsidize Unhealthy Foods,0.9,0.9946,0.7684
5,E,DiehardCombined,20,Reducing Arsenic in Chicken and Rice,0.9,0.9934,0.4316
5,E,DiehardCombined,20,How Contaminated Are Our Children?,0.75,0.9513,0.5322
5,E,DiehardCombined,20,"Blood Type Diet Perceived as ""Crass Fraud""",0.85,0.9893,0.4211
5,E,DiehardCombined,20,Why Do Heart Doctors Favor Surgery and Drugs Over Diet?,0.85,0.9849,0.4316
5,E,DiehardCombined,50,Breast Cancer Cells Feed on Cholesterol,0.92,0.9545,0.687
5,E,DiehardCombined,50,Using Diet to Treat Asthma and Eczema,0.92,0.9619,0.7411
5,E,DiehardCombined,50,Treating Asthma With Plants vs. Pills,0.9,0.9448,0.7313
5,E,DiehardCombined,50,How Fruits and Vegetables Can Treat Asthma,0.88,0.9396,0.7188
5,E,DiehardCombined,50,How Fruits and Vegetables Can Prevent Asthma,0.9,0.9496,0.7939
5,E,DiehardCombined,50,Our Tax Dollars Subsidize Unhealthy Foods,0.88,0.9325,0.7696
5,E,DiehardCombined,50,Reducing Arsenic in Chicken and Rice,0.9,0.9372,0.6343
5,E,DiehardCombined,50,How Contaminated Are Our Children?,0.92,0.9409,0.6039
5,E,DiehardCombined,50,"Blood Type Diet Perceived as ""Crass Fraud""",0.88,0.925,0.6956
5,E,DiehardCombined,50,Why Do Heart Doctors Favor Surgery and Drugs Over Diet?,0.92,0.9494,0.6908
6,E,Diehard,1,Breast Cancer Cells Feed on Cholesterol,1.0,1.0,1.0
6,E,Diehard,1,Using Diet to Treat Asthma and Eczema,1.0,1.0,1.0
6,E,Diehard,1,Treating Asthma With Plants vs. Pills,1.0,1.0,1.0
6,E,Diehard,1,How Fruits and Vegetables Can Treat Asthma,1.0,1.0,1.0
6,E,Diehard,1,How Fruits and Vegetables Can Prevent Asthma,1.0,1.0,1.0
6,E,Diehard,1,Our Tax Dollars Subsidize Unhealthy Foods,1.0,1.0,1.0
6,E,Diehard,1,Reducing Arsenic in Chicken and Rice,1.0,1.0,1.0
6,E,Diehard,1,How Contaminated Are Our Children?,1.0,1.0,1.0
6,E,Diehard,1,"Blood Type Diet Perceived as ""Crass Fraud""",1.0,1.0,1.0
6,E,Diehard,1,Why Do Heart Doctors Favor Surgery and Drugs Over Diet?,1.0,1.0,1.0
6,E,Diehard,5,Breast Cancer Cells Feed on Cholesterol,1.0,1.0,1.0
6,E,Diehard,5,Using Diet to Treat Asthma and Eczema,1.0,1.0,1.0
6,E,Diehard,5,Treating Asthma With Plants vs. Pills,1.0,1.0,1.0
6,E,Diehard,5,How Fruits and Vegetables Can Treat Asthma,1.0,1.0,1.0
6,E,Diehard,5,How Fruits and Vegetables Can Prevent Asthma,1.0,1.0,1.0
6,E,Diehard,5,Our Tax Dollars Subsidize Unhealthy Foods,1.0,1.0,1.0
6,E,Diehard,5,Reducing Arsenic in Chicken and Rice,1.0,1.0,1.0
6,E,Diehard,5,How Contaminated Are Our Children?,1.0,1.0,1.0
6,E,Diehard,5,"Blood Type Diet Perceived as ""Crass Fraud""",1.0,1.0,1.0
6,E,Diehard,5,Why Do Heart Doctors Favor Surgery and Drugs Over Diet?,1.0,1.0,1.0
6,E,Diehard,10,Breast Cancer Cells Feed on Cholesterol,1.0,1.0,1.0
6,E,Diehard,10,Using Diet to Treat Asthma and Eczema,1.0,1.0,1.0
6,E,Diehard,10,Treating Asthma With Plants vs. Pills,1.0,1.0,1.0
6,E,Diehard,10,How Fruits and Vegetables Can Treat Asthma,1.0,1.0,1.0
6,E,Diehard,10,How Fruits and Vegetables Can Prevent Asthma,1.0,1.0,1.0
6,E,Diehard,10,Our Tax Dollars Subsidize Unhealthy Foods,1.0,1.0,1.0
6,E,Diehard,10,Reducing Arsenic in Chicken and Rice,1.0,1.0,1.0
6,E,Diehard,10,How Contaminated Are Our Children?,1.0,1.0,1.0
6,E,Diehard,10,"Blood Type Diet Perceived as ""Crass Fraud""",1.0,1.0,1.0
6,E,Diehard,10,Why Do Heart Doctors Favor Surgery and Drugs Over Diet?,1.0,1.0,1.0
6,E,Diehard,20,Breast Cancer Cells Feed on Cholesterol,1.0,1.0,1.0
6,E,Diehard,20,Using Diet to Treat Asthma and Eczema,1.0,1.0,1.0
6,E,Diehard,20,Treating Asthma With Plants vs. Pills,1.0,1.0,1.0
6,E,Diehard,20,How Fruits and Vegetables Can Treat Asthma,1.0,1.0,1.0
6,E,Diehard,20,How Fruits and Vegetables Can Prevent Asthma,1.0,1.0,1.0
6,E,Diehard,20,Our Tax Dollars Subsidize Unhealthy Foods,1.0,1.0,1.0
6,E,Diehard,20,Reducing Arsenic in Chicken and Rice,1.0,1.0,1.0
6,E,Diehard,20,How Contaminated Are Our Children?,1.0,1.0,1.0
6,E,Diehard,20,"Blood Type Diet Perceived as ""Crass Fraud""",1.0,1.0,1.0
6,E,Diehard,20,Why Do Heart Doctors Favor Surgery and Drugs Over Diet?,1.0,1.0,1.0
6,E,Diehard,50,Breast Cancer Cells Feed on Cholesterol,1.0,1.0,1.0
6,E,Diehard,50,Using Diet to Treat Asthma and Eczema,1.0,1.0,1.0
6,E,Diehard,50,Treating Asthma With Plants vs. Pills,1.0,1.0,1.0
6,E,Diehard,50,How Fruits and Vegetables Can Treat Asthma,1.0,1.0,1.0
6,E,Diehard,50,How Fruits and Vegetables Can Prevent Asthma,1.0,1.0,1.0
6,E,Diehard,50,Our Tax Dollars Subsidize Unhealthy Foods,1.0,1.0,1.0
6,E,Diehard,50,Reducing Arsenic in Chicken and Rice,1.0,1.0,1.0
6,E,Diehard,50,How Contaminated Are Our Children?,1.0,1.0,1.0
6,E,Diehard,50,"Blood Type Diet Perceived as ""Crass Fraud""",1.0,1.0,1.0
6,E,Diehard,50,Why Do Heart Doctors Favor Surgery and Drugs Over Diet?,1.0,1.0,1.0
6,E,DiehardCombined,1,Breast Cancer Cells Feed on Cholesterol,0.0,0.9718,1.0
6,E,DiehardCombined,1,Using Diet to Treat Asthma and Eczema,1.0,1.0,1.0
6,E,DiehardCombined,1,Treating Asthma With Plants vs. Pills,1.0,1.0,1.0
6,E,DiehardCombined,1,How Fruits and Vegetables Can Treat Asthma,1.0,1.0,1.0
6,E,DiehardCombined,1,How Fruits and Vegetables Can Prevent Asthma,0.0,0.9939,1.0
6,E,DiehardCombined,1,Our Tax Dollars Subsidize Unhealthy Foods,0.0,0.9015,1.0
6,E,DiehardCombined,1,Reducing Arsenic in Chicken and Rice,1.0,1.0,1.0
6,E,DiehardCombined,1,How Contaminated Are Our Children?,0.0,0.9923,1.0
6,E,DiehardCombined,1,"Blood Type Diet Perceived as ""Crass Fraud""",1.0,1.0,1.0
6,E,DiehardCombined,1,Why Do Heart Doctors Favor Surgery and Drugs Over Diet?,1.0,1.0,1.0
6,E,DiehardCombined,5,Breast Cancer Cells Feed on Cholesterol,1.0,0.9957,0.6
6,E,DiehardCombined,5,Using Diet to Treat Asthma and Eczema,0.8,0.9977,0.4
6,E,DiehardCombined,5,Treating Asthma With Plants vs. Pills,0.8,0.9868,0.8
6,E,DiehardCombined,5,How Fruits and Vegetables Can Treat Asthma,0.8,0.9994,0.8
6,E,DiehardCombined,5,How Fruits and Vegetables Can Prevent Asthma,0.8,0.9986,0.6
6,E,DiehardCombined,5,Our Tax Dollars Subsidize Unhealthy Foods,0.8,0.9713,-0.6
6,E,DiehardCombined,5,Reducing Arsenic in Chicken and Rice,0.8,0.9797,0.2
6,E,DiehardCombined,5,How Contaminated Are Our Children?,0.6,0.9694,0.0
6,E,DiehardCombined,5,"Blood Type Diet Perceived as ""Crass Fraud""",1.0,1.0,1.0
6,E,DiehardCombined,5,Why Do Heart Doctors Favor Surgery and Drugs Over Diet?,0.8,0.9978,0.6
6,E,DiehardCombined,10,Breast Cancer Cells Feed on Cholesterol,0.9,0.9943,0.8222
6,E,DiehardCombined,10,Using Diet to Treat Asthma and Eczema,0.9,0.9981,0.7333
6,E,DiehardCombined,10,Treating Asthma With Plants vs. Pills,0.8,0.9867,0.6444
6,E,DiehardCombined,10,How Fruits and Vegetables Can Treat Asthma,0.9,0.996,0.7333
6,E,DiehardCombined,10,How Fruits and Vegetables Can Prevent Asthma,0.9,0.9933,0.8222
6,E,DiehardCombined,10,Our Tax Dollars Subsidize Unhealthy Foods,0.8,0.9742,0.5111
6,E,DiehardCombined,10,Reducing Arsenic in Chicken and Rice,0.8,0.9806,0.4667
6,E,DiehardCombined,10,How Contaminated Are Our Children?,0.8,0.9845,0.1556
6,E,DiehardCombined,10,"Blood Type Diet Perceived as ""Crass Fraud""",0.7,0.9854,0.8222
6,E,DiehardCombined,10,Why Do Heart Doctors Favor Surgery and Drugs Over Diet?,0.7,0.9894,0.7778
6,E,DiehardCombined,20,Breast Cancer Cells Feed on Cholesterol,0.85,0.9927,0.7579
6,E,DiehardCombined,20,Using Diet to Treat Asthma and Eczema,1.0,0.9989,0.8211
6,E,DiehardCombined,20,Treating Asthma With Plants vs. Pills,0.9,0.9942,0.7053
6,E,DiehardCombined,20,How Fruits and Vegetables Can Treat Asthma,0.9,0.9943,0.8316
6,E,DiehardCombined,20,How Fruits and Vegetables Can Prevent Asthma,0.9,0.9967,0.8737
6,E,DiehardCombined,20,Our Tax Dollars Subsidize Unhealthy Foods,0.9,0.9843,0.6211
6,E,DiehardCombined,20,Reducing Arsenic in Chicken and Rice,0.75,0.9822,0.5789
6,E,DiehardCombined,20,How Contaminated Are Our Children?,0.8,0.9863,0.4316
6,E,DiehardCombined,20,"Blood Type Diet Perceived as ""Crass Fraud""",0.8,0.9918,0.6632
6,E,DiehardCombined,20,Why Do Heart Doctors Favor Surgery and Drugs Over Diet?,0.85,0.9938,0.7053
6,E,DiehardCombined,50,Breast Cancer Cells Feed on Cholesterol,0.9,0.9438,0.7354
6,E,DiehardCombined,50,Using Diet to Treat Asthma and Eczema,0.96,0.9813,0.8138
6,E,DiehardCombined,50,Treating Asthma With Plants vs. Pills,0.92,0.9589,0.743
6,E,DiehardCombined,50,How Fruits and Vegetables Can Treat Asthma,0.92,0.9598,0.77
6,E,DiehardCombined,50,How Fruits and Vegetables Can Prevent Asthma,0.96,0.9791,0.7872
6,E,DiehardCombined,50,Our Tax Dollars Subsidize Unhealthy Foods,0.92,0.9469,0.7662
6,E,DiehardCombined,50,Reducing Arsenic in Chicken and Rice,0.88,0.9241,0.6406
6,E,DiehardCombined,50,How Contaminated Are Our Children?,0.92,0.9452,0.658
6,E,DiehardCombined,50,"Blood Type Diet Perceived as ""Crass Fraud""",0.8,0.88,0.6821
6,E,DiehardCombined,50,Why Do Heart Doctors Favor Surgery and Drugs Over Diet?,0.88,0.9307,0.7463
7,E,Diehard,1,Breast Cancer Cells Feed on Cholesterol,1.0,1.0,1.0
7,E,Diehard,1,Using Diet to Treat Asthma and Eczema,1.0,1.0,1.0
7,E,Diehard,1,Treating Asthma With Plants vs. Pills,1.0,1.0,1.0
7,E,Diehard,1,How Fruits and Vegetables Can Treat Asthma,1.0,1.0,1.0
7,E,Diehard,1,How Fruits and Vegetables Can Prevent Asthma,1.0,1.0,1.0
7,E,Diehard,1,Our Tax Dollars Subsidize Unhealthy Foods,1.0,1.0,1.0
7,E,Diehard,1,Reducing Arsenic in Chicken and Rice,1.0,1.0,1.0
7,E,Diehard,1,How Contaminated Are Our Children?,1.0,1.0,1.0
7,E,Diehard,1,"Blood Type Diet Perceived as ""Crass Fraud""",1.0,1.0,1.0
7,E,Diehard,1,Why Do Heart Doctors Favor Surgery and Drugs Over Diet?,1.0,1.0,1.0
7,E,Diehard,5,Breast Cancer Cells Feed on Cholesterol,1.0,1.0,1.0
7,E,Diehard,5,Using Diet to Treat Asthma and Eczema,1.0,1.0,1.0
7,E,Diehard,5,Treating Asthma With Plants vs. Pills,1.0,1.0,1.0
7,E,Diehard,5,How Fruits and Vegetables Can Treat Asthma,1.0,1.0,1.0
7,E,Diehard,5,How Fruits and Vegetables Can Prevent Asthma,1.0,1.0,1.0
7,E,Diehard,5,Our Tax Dollars Subsidize Unhealthy Foods,1.0,1.0,1.0
7,E,Diehard,5,Reducing Arsenic in Chicken and Rice,1.0,1.0,1.0
7,E,Diehard,5,How Contaminated Are Our Children?,1.0,1.0,1.0
7,E,Diehard,5,"Blood Type Diet Perceived as ""Crass Fraud""",1.0,1.0,1.0
7,E,Diehard,5,Why Do Heart Doctors Favor Surgery and Drugs Over Diet?,1.0,1.0,1.0
7,E,Diehard,10,Breast Cancer Cells Feed on Cholesterol,1.0,1.0,1.0
7,E,Diehard,10,Using Diet to Treat Asthma and Eczema,1.0,1.0,1.0
7,E,Diehard,10,Treating Asthma With Plants vs. Pills,1.0,1.0,1.0
7,E,Diehard,10,How Fruits and Vegetables Can Treat Asthma,1.0,1.0,1.0
7,E,Diehard,10,How Fruits and Vegetables Can Prevent Asthma,1.0,1.0,1.0
7,E,Diehard,10,Our Tax Dollars Subsidize Unhealthy Foods,1.0,1.0,1.0
7,E,Diehard,10,Reducing Arsenic in Chicken and Rice,1.0,1.0,1.0
7,E,Diehard,10,How Contaminated Are Our Children?,1.0,1.0,1.0
7,E,Diehard,10,"Blood Type Diet Perceived as ""Crass Fraud""",1.0,1.0,1.0
7,E,Diehard,10,Why Do Heart Doctors Favor Surgery and Drugs Over Diet?,1.0,1.0,1.0
7,E,Diehard,20,Breast Cancer Cells Feed on Cholesterol,1.0,1.0,1.0
7,E,Diehard,20,Using Diet to Treat Asthma and Eczema,1.0,1.0,1.0
7,E,Diehard,20,Treating Asthma With Plants vs. Pills,1.0,1.0,1.0
7,E,Diehard,20,How Fruits and Vegetables Can Treat Asthma,1.0,1.0,1.0
7,E,Diehard,20,How Fruits and Vegetables Can Prevent Asthma,1.0,1.0,1.0
7,E,Diehard,20,Our Tax Dollars Subsidize Unhealthy Foods,1.0,1.0,1.0
7,E,Diehard,20,Reducing Arsenic in Chicken and Rice,1.0,1.0,1.0
7,E,Diehard,20,How Contaminated Are Our Children?,1.0,1.0,1.0
7,E,Diehard,20,"Blood Type Diet Perceived as ""Crass Fraud""",1.0,1.0,1.0
7,E,Diehard,20,Why Do Heart Doctors Favor Surgery and Drugs Over Diet?,1.0,1.0,1.0
7,E,Diehard,50,Breast Cancer Cells Feed on Cholesterol,1.0,1.0,1.0
7,E,Diehard,50,Using Diet to Treat Asthma and Eczema,1.0,1.0,1.0
7,E,Diehard,50,Treating Asthma With Plants vs. Pills,1.0,1.0,1.0
7,E,Diehard,50,How Fruits and Vegetables Can Treat Asthma,1.0,1.0,1.0
7,E,Diehard,50,How Fruits and Vegetables Can Prevent Asthma,1.0,1.0,1.0
7,E,Diehard,50,Our Tax Dollars Subsidize Unhealthy Foods,1.0,1.0,1.0
7,E,Diehard,50,Reducing Arsenic in Chicken and Rice,1.0,1.0,1.0
7,E,Diehard,50,How Contaminated Are Our Children?,1.0,1.0,1.0
7,E,Diehard,50,"Blood Type Diet Perceived as ""Crass Fraud""",1.0,1.0,1.0
7,E,Diehard,50,Why Do Heart Doctors Favor Surgery and Drugs Over Diet?,1.0,1.0,1.0
7,E,DiehardCombined,1,Breast Cancer Cells Feed on Cholesterol,1.0,1.0,1.0
7,E,DiehardCombined,1,Using Diet to Treat Asthma and Eczema,1.0,1.0,1.0
7,E,DiehardCombined,1,Treating Asthma With Plants vs. Pills,1.0,1.0,1.0
7,E,DiehardCombined,1,How Fruits and Vegetables Can Treat Asthma,1.0,1.0,1.0
7,E,DiehardCombined,1,How Fruits and Vegetables Can Prevent Asthma,0.0,0.9939,1.0
7,E,DiehardCombined,1,Our Tax Dollars Subsidize Unhealthy Foods,1.0,1.0,1.0
7,E,DiehardCombined,1,Reducing Arsenic in Chicken and Rice,0.0,0.9519,1.0
7,E,DiehardCombined,1,How Contaminated Are Our Children?,0.0,0.9454,1.0
7,E,DiehardCombined,1,"Blood Type Diet Perceived as ""Crass Fraud""",0.0,0.8804,1.0
7,E,DiehardCombined,1,Why Do Heart Doctors Favor Surgery and Drugs Over Diet?,0.0,0.9704,1.0
7,E,DiehardCombined,5,Breast Cancer Cells Feed on Cholesterol,0.8,0.9951,0.8
7,E,DiehardCombined,5,Using Diet to Treat Asthma and Eczema,0.8,0.9845,0.8
7,E,DiehardCombined,5,Treating Asthma With Plants vs. Pills,0.6,0.9867,0.8
7,E,DiehardCombined,5,How Fruits and Vegetables Can Treat Asthma,0.8,0.9996,1.0
7,E,DiehardCombined,5,How Fruits and Vegetables Can Prevent Asthma,1.0,0.9966,0.4
7,E,DiehardCombined,5,Our Tax Dollars Subsidize Unhealthy Foods,0.8,0.9833,1.0
7,E,DiehardCombined,5,Reducing Arsenic in Chicken and Rice,0.6,0.9839,0.6
7,E,DiehardCombined,5,How Contaminated Are Our Children?,0.8,0.9723,-0.6
7,E,DiehardCombined,5,"Blood Type Diet Perceived as ""Crass Fraud""",0.6,0.9592,-0.4
7,E,DiehardCombined,5,Why Do Heart Doctors Favor Surgery and Drugs Over Diet?,0.8,0.9921,0.8
7,E,DiehardCombined,10,Breast Cancer Cells Feed on Cholesterol,0.8,0.9913,0.7778
7,E,DiehardCombined,10,Using Diet to Treat Asthma and Eczema,1.0,0.9969,0.7778
7,E,DiehardCombined,10,Treating Asthma With Plants vs. Pills,0.8,0.9845,0.3778
7,E,DiehardCombined,10,How Fruits and Vegetables Can Treat Asthma,0.8,0.9861,0.6889
7,E,DiehardCombined,10,How Fruits and Vegetables Can Prevent Asthma,0.9,0.9873,0.6889
7,E,DiehardCombined,10,Our Tax Dollars Subsidize Unhealthy Foods,0.9,0.9935,0.7778
7,E,DiehardCombined,10,Reducing Arsenic in Chicken and Rice,0.7,0.9807,0.5556
7,E,DiehardCombined,10,How Contaminated Are Our Children?,0.8,0.9759,0.2444
7,E,DiehardCombined,10,"Blood Type Diet Perceived as ""Crass Fraud""",0.8,0.9698,0.2
7,E,DiehardCombined,10,Why Do Heart Doctors Favor Surgery and Drugs Over Diet?,0.8,0.9905,0.8222
7,E,DiehardCombined,20,Breast Cancer Cells Feed on Cholesterol,0.85,0.9937,0.7263
7,E,DiehardCombined,20,Using Diet to Treat Asthma and Eczema,0.95,0.9953,0.8421
7,E,DiehardCombined,20,Treating Asthma With Plants vs. Pills,0.9,0.9912,0.7158
7,E,DiehardCombined,20,How Fruits and Vegetables Can Treat Asthma,0.85,0.989,0.7789
7,E,DiehardCombined,20,How Fruits and Vegetables Can Prevent Asthma,0.85,0.9862,0.7789
7,E,DiehardCombined,20,Our Tax Dollars Subsidize Unhealthy Foods,0.9,0.9923,0.6842
7,E,DiehardCombined,20,Reducing Arsenic in Chicken and Rice,0.9,0.9891,0.6421
7,E,DiehardCombined,20,How Contaminated Are Our Children?,0.85,0.984,0.4737
7,E,DiehardCombined,20,"Blood Type Diet Perceived as ""Crass Fraud""",0.8,0.976,0.5053
7,E,DiehardCombined,20,Why Do Heart Doctors Favor Surgery and Drugs Over Diet?,0.8,0.9895,0.8105
7,E,DiehardCombined,50,Breast Cancer Cells Feed on Cholesterol,0.94,0.9675,0.6984
7,E,DiehardCombined,50,Using Diet to Treat Asthma and Eczema,0.9,0.9516,0.7778
7,E,DiehardCombined,50,Treating Asthma With Plants vs. Pills,0.94,0.9678,0.7151
7,E,DiehardCombined,50,How Fruits and Vegetables Can Treat Asthma,0.88,0.9368,0.7674
7,E,DiehardCombined,50,How Fruits and Vegetables Can Prevent Asthma,0.96,0.9768,0.766
7,E,DiehardCombined,50,Our Tax Dollars Subsidize Unhealthy Foods,0.92,0.9521,0.7681
7,E,DiehardCombined,50,Reducing Arsenic in Chicken and Rice,0.9,0.9352,0.7071
7,E,DiehardCombined,50,How Contaminated Are Our Children?,0.94,0.9557,0.5726
7,E,DiehardCombined,50,"Blood Type Diet Perceived as ""Crass Fraud""",0.88,0.9193,0.6385
7,E,DiehardCombined,50,Why Do Heart Doctors Favor Surgery and Drugs Over Diet?,0.88,0.9255,0.6998
8,E,Diehard,1,Breast Cancer Cells Feed on Cholesterol,1.0,1.0,1.0
8,E,Diehard,1,Using Diet to Treat Asthma and Eczema,1.0,1.0,1.0
8,E,Diehard,1,Treating Asthma With Plants vs. Pills,1.0,1.0,1.0
8,E,Diehard,1,How Fruits and Vegetables Can Treat Asthma,1.0,1.0,1.0
8,E,Diehard,1,How Fruits and Vegetables Can Prevent Asthma,1.0,1.0,1.0
8,E,Diehard,1,Our Tax Dollars Subsidize Unhealthy Foods,1.0,1.0,1.0
8,E,Diehard,1,Reducing Arsenic in Chicken and Rice,1.0,1.0,1.0
8,E,Diehard,1,How Contaminated Are Our Children?,1.0,1.0,1.0
8,E,Diehard,1,"Blood Type Diet Perceived as ""Crass Fraud""",1.0,1.0,1.0
8,E,Diehard,1,Why Do Heart Doctors Favor Surgery and Drugs Over Diet?,1.0,1.0,1.0
8,E,Diehard,5,Breast Cancer Cells Feed on Cholesterol,1.0,1.0,1.0
8,E,Diehard,5,Using Diet to Treat Asthma and Eczema,1.0,1.0,1.0
8,E,Diehard,5,Treating Asthma With Plants vs. Pills,1.0,1.0,1.0
8,E,Diehard,5,How Fruits and Vegetables Can Treat Asthma,1.0,1.0,1.0
8,E,Diehard,5,How Fruits and Vegetables Can Prevent Asthma,1.0,1.0,1.0
8,E,Diehard,5,Our Tax Dollars Subsidize Unhealthy Foods,1.0,1.0,1.0
8,E,Diehard,5,Reducing Arsenic in Chicken and Rice,1.0,1.0,1.0
8,E,Diehard,5,How Contaminated Are Our Children?,1.0,1.0,1.0
8,E,Diehard,5,"Blood Type Diet Perceived as ""Crass Fraud""",1.0,1.0,1.0
8,E,Diehard,5,Why Do Heart Doctors Favor Surgery and Drugs Over Diet?,1.0,1.0,1.0
8,E,Diehard,10,Breast Cancer Cells Feed on Cholesterol,1.0,1.0,1.0
8,E,Diehard,10,Using Diet to Treat Asthma and Eczema,1.0,1.0,1.0
8,E,Diehard,10,Treating Asthma With Plants vs. Pills,1.0,1.0,1.0
8,E,Diehard,10,How Fruits and Vegetables Can Treat Asthma,1.0,1.0,1.0
8,E,Diehard,10,How Fruits and Vegetables Can Prevent Asthma,1.0,1.0,1.0
8,E,Diehard,10,Our Tax Dollars Subsidize Unhealthy Foods,1.0,1.0,1.0
8,E,Diehard,10,Reducing Arsenic in Chicken and Rice,1.0,1.0,1.0
8,E,Diehard,10,How Contaminated Are Our Children?,1.0,1.0,1.0
8,E,Diehard,10,"Blood Type Diet Perceived as ""Crass Fraud""",1.0,1.0,1.0
8,E,Diehard,10,Why Do Heart Doctors Favor Surgery and Drugs Over Diet?,1.0,1.0,1.0
8,E,Diehard,20,Breast Cancer Cells Feed on Cholesterol,1.0,1.0,1.0
8,E,Diehard,20,Using Diet to Treat Asthma and Eczema,1.0,1.0,1.0
8,E,Diehard,20,Treating Asthma With Plants vs. Pills,1.0,1.0,1.0
8,E,Diehard,20,How Fruits and Vegetables Can Treat Asthma,1.0,1.0,1.0
8,E,Diehard,20,How Fruits and Vegetables Can Prevent Asthma,1.0,1.0,1.0
8,E,Diehard,20,Our Tax Dollars Subsidize Unhealthy Foods,1.0,1.0,1.0
8,E,Diehard,20,Reducing Arsenic in Chicken and Rice,1.0,1.0,1.0
8,E,Diehard,20,How Contaminated Are Our Children?,1.0,1.0,1.0
8,E,Diehard,20,"Blood Type Diet Perceived as ""Crass Fraud""",1.0,1.0,1.0
8,E,Diehard,20,Why Do Heart Doctors Favor Surgery and Drugs Over Diet?,1.0,1.0,1.0
8,E,Diehard,50,Breast Cancer Cells Feed on Cholesterol,1.0,1.0,1.0
8,E,Diehard,50,Using Diet to Treat Asthma and Eczema,1.0,1.0,1.0
8,E,Diehard,50,Treating Asthma With Plants vs. Pills,1.0,1.0,1.0
8,E,Diehard,50,How Fruits and Vegetables Can Treat Asthma,1.0,1.0,1.0
8,E,Diehard,50,How Fruits and Vegetables Can Prevent Asthma,1.0,1.0,1.0
8,E,Diehard,50,Our Tax Dollars Subsidize Unhealthy Foods,1.0,1.0,1.0
8,E,Diehard,50,Reducing Arsenic in Chicken and Rice,1.0,1.0,1.0
8,E,Diehard,50,How Contaminated Are Our Children?,1.0,1.0,1.0
8,E,Diehard,50,"Blood Type Diet Perceived as ""Crass Fraud""",1.0,1.0,1.0
8,E,Diehard,50,Why Do Heart Doctors Favor Surgery and Drugs Over Diet?,1.0,1.0,1.0
8,E,DiehardCombined,1,Breast Cancer Cells Feed on Cholesterol,0.0,0.8896,1.0
8,E,DiehardCombined,1,Using Diet to Treat Asthma and Eczema,1.0,1.0,1.0
8,E,DiehardCombined,1,Treating Asthma With Plants vs. Pills,1.0,1.0,1.0
8,E,DiehardCombined,1,How Fruits and Vegetables Can Treat Asthma,1.0,1.0,1.0
8,E,DiehardCombined,1,How Fruits and Vegetables Can Prevent Asthma,0.0,0.9468,1.0
8,E,DiehardCombined,1,Our Tax Dollars Subsidize Unhealthy Foods,1.0,1.0,1.0
8,E,DiehardCombined,1,Reducing Arsenic in Chicken and Rice,0.0,0.8583,1.0
8,E,DiehardCombined,1,How Contaminated Are Our Children?,1.0,1.0,1.0
8,E,DiehardCombined,1,"Blood Type Diet Perceived as ""Crass Fraud""",1.0,1.0,1.0
8,E,DiehardCombined,1,Why Do Heart Doctors Favor Surgery and Drugs Over Diet?,1.0,1.0,1.0
8,E,DiehardCombined,5,Breast Cancer Cells Feed on Cholesterol,1.0,0.9742,-0.6
8,E,DiehardCombined,5,Using Diet to Treat Asthma and Eczema,0.8,0.9866,0.6
8,E,DiehardCombined,5,Treating Asthma With Plants vs. Pills,0.6,0.9942,0.8
8,E,DiehardCombined,5,How Fruits and Vegetables Can Treat Asthma,0.8,0.9953,1.0
8,E,DiehardCombined,5,How Fruits and Vegetables Can Prevent Asthma,1.0,0.9904,0.2
8,E,DiehardCombined,5,Our Tax Dollars Subsidize Unhealthy Foods,1.0,0.9956,0.2
8,E,DiehardCombined,5,Reducing Arsenic in Chicken and Rice,0.8,0.9666,-0.2
8,E,DiehardCombined,5,How Contaminated Are Our Children?,0.8,0.9946,0.6
8,E,DiehardCombined,5,"Blood Type Diet Perceived as ""Crass Fraud""",1.0,0.9992,0.6
8,E,DiehardCombined,5,Why Do Heart Doctors Favor Surgery and Drugs Over Diet?,0.6,0.9948,1.0
8,E,DiehardCombined,10,Breast Cancer Cells Feed on Cholesterol,0.8,0.9769,0.5556
8,E,DiehardCombined,10,Using Diet to Treat Asthma and Eczema,1.0,0.9966,0.7333
8,E,DiehardCombined,10,Treating Asthma With Plants vs. Pills,1.0,0.997,0.3778
8,E,DiehardCombined,10,How Fruits and Vegetables Can Treat Asthma,0.9,0.995,0.8667
8,E,DiehardCombined,10,How Fruits and Vegetables Can Prevent Asthma,1.0,0.9932,0.7333
8,E,DiehardCombined,10,Our Tax Dollars Subsidize Unhealthy Foods,1.0,0.9969,0.7333
8,E,DiehardCombined,10,Reducing Arsenic in Chicken and Rice,0.7,0.9605,0.5556
8,E,DiehardCombined,10,How Contaminated Are Our Children?,0.8,0.9936,0.7333
8,E,DiehardCombined,10,"Blood Type Diet Perceived as ""Crass Fraud""",0.8,0.9886,0.8222
8,E,DiehardCombined,10,Why Do Heart Doctors Favor Surgery and Drugs Over Diet?,0.8,0.9938,0.7778
8,E,DiehardCombined,20,Breast Cancer Cells Feed on Cholesterol,0.8,0.9818,0.6842
8,E,DiehardCombined,20,Using Diet to Treat Asthma and Eczema,0.95,0.9944,0.7684
8,E,DiehardCombined,20,Treating Asthma With Plants vs. Pills,0.8,0.989,0.7895
8,E,DiehardCombined,20,How Fruits and Vegetables Can Treat Asthma,0.9,0.9949,0.8526
8,E,DiehardCombined,20,How Fruits and Vegetables Can Prevent Asthma,0.95,0.9929,0.7789
8,E,DiehardCombined,20,Our Tax Dollars Subsidize Unhealthy Foods,0.9,0.9937,0.6526
8,E,DiehardCombined,20,Reducing Arsenic in Chicken and Rice,0.9,0.976,0.3684
8,E,DiehardCombined,20,How Contaminated Are Our Children?,0.8,0.9582,0.7193
8,E,DiehardCombined,20,"Blood Type Diet Perceived as ""Crass Fraud""",0.95,0.9969,0.6632
8,E,DiehardCombined,20,Why Do Heart Doctors Favor Surgery and Drugs Over Diet?,0.8,0.9896,0.7579
8,E,DiehardCombined,50,Breast Cancer Cells Feed on Cholesterol,0.9,0.9367,0.7354
8,E,DiehardCombined,50,Using Diet to Treat Asthma and Eczema,0.9,0.9509,0.8121
8,E,DiehardCombined,50,Treating Asthma With Plants vs. Pills,0.88,0.9392,0.7188
8,E,DiehardCombined,50,How Fruits and Vegetables Can Treat Asthma,0.86,0.9302,0.8339
8,E,DiehardCombined,50,How Fruits and Vegetables Can Prevent Asthma,0.94,0.9682,0.8002
8,E,DiehardCombined,50,Our Tax Dollars Subsidize Unhealthy Foods,0.9,0.9431,0.7556
8,E,DiehardCombined,50,Reducing Arsenic in Chicken and Rice,0.9,0.9293,0.6909
8,E,DiehardCombined,50,How Contaminated Are Our Children?,0.88,0.92,0.6977
8,E,DiehardCombined,50,"Blood Type Diet Perceived as ""Crass Fraud""",0.88,0.9307,0.8182
8,E,DiehardCombined,50,Why Do Heart Doctors Favor Surgery and Drugs Over Diet?,0.88,0.9312,0.7125
9,E,Diehard,1,Breast Cancer Cells Feed on Cholesterol,1.0,1.0,1.0
9,E,Diehard,1,Using Diet to Treat Asthma and Eczema,1.0,1.0,1.0
9,E,Diehard,1,Treating Asthma With Plants vs. Pills,1.0,1.0,1.0
9,E,Diehard,1,How Fruits and Vegetables Can Treat Asthma,1.0,1.0,1.0
9,E,Diehard,1,How Fruits and Vegetables Can Prevent Asthma,1.0,1.0,1.0
9,E,Diehard,1,Our Tax Dollars Subsidize Unhealthy Foods,1.0,1.0,1.0
9,E,Diehard,1,Reducing Arsenic in Chicken and Rice,1.0,1.0,1.0
9,E,Diehard,1,How Contaminated Are Our Children?,1.0,1.0,1.0
9,E,Diehard,1,"Blood Type Diet Perceived as ""Crass Fraud""",1.0,1.0,1.0
9,E,Diehard,1,Why Do Heart Doctors Favor Surgery and Drugs Over Diet?,1.0,1.0,1.0
9,E,Diehard,5,Breast Cancer Cells Feed on Cholesterol,1.0,1.0,1.0
9,E,Diehard,5,Using Diet to Treat Asthma and Eczema,1.0,1.0,1.0
9,E,Diehard,5,Treating Asthma With Plants vs. Pills,1.0,1.0,1.0
9,E,Diehard,5,How Fruits and Vegetables Can Treat Asthma,1.0,1.0,1.0
9,E,Diehard,5,How Fruits and Vegetables Can Prevent Asthma,1.0,1.0,1.0
9,E,Diehard,5,Our Tax Dollars Subsidize Unhealthy Foods,1.0,1.0,1.0
9,E,Diehard,5,Reducing Arsenic in Chicken and Rice,1.0,1.0,1.0
9,E,Diehard,5,How Contaminated Are Our Children?,1.0,1.0,1.0
9,E,Diehard,5,"Blood Type Diet Perceived as ""Crass Fraud""",1.0,1.0,1.0
9,E,Diehard,5,Why Do Heart Doctors Favor Surgery and Drugs Over Diet?,1.0,1.0,1.0
9,E,Diehard,10,Breast Cancer Cells Feed on Cholesterol,1.0,1.0,1.0
9,E,Diehard,10,Using Diet to Treat Asthma and Eczema,1.0,1.0,1.0
9,E,Diehard,10,Treating Asthma With Plants vs. Pills,1.0,1.0,1.0
9,E,Diehard,10,How Fruits and Vegetables Can Treat Asthma,1.0,1.0,1.0
9,E,Diehard,10,How Fruits and Vegetables Can Prevent Asthma,1.0,1.0,1.0
9,E,Diehard,10,Our Tax Dollars Subsidize Unhealthy Foods,1.0,1.0,1.0
9,E,Diehard,10,Reducing Arsenic in Chicken and Rice,1.0,1.0,1.0
9,E,Diehard,10,How Contaminated Are Our Children?,1.0,1.0,1.0
9,E,Diehard,10,"Blood Type Diet Perceived as ""Crass Fraud""",1.0,1.0,1.0
9,E,Diehard,10,Why Do Heart Doctors Favor Surgery and Drugs Over Diet?,1.0,1.0,1.0
9,E,Diehard,20,Breast Cancer Cells Feed on Cholesterol,1.0,1.0,1.0
9,E,Diehard,20,Using Diet to Treat Asthma and Eczema,1.0,1.0,1.0
9,E,Diehard,20,Treating Asthma With Plants vs. Pills,1.0,1.0,1.0
9,E,Diehard,20,How Fruits and Vegetables Can Treat Asthma,1.0,1.0,1.0
9,E,Diehard,20,How Fruits and Vegetables Can Prevent Asthma,1.0,1.0,1.0
9,E,Diehard,20,Our Tax Dollars Subsidize Unhealthy Foods,1.0,1.0,1.0
9,E,Diehard,20,Reducing Arsenic in Chicken and Rice,1.0,1.0,1.0
9,E,Diehard,20,How Contaminated Are Our Children?,1.0,1.0,1.0
9,E,Diehard,20,"Blood Type Diet Perceived as ""Crass Fraud""",1.0,1.0,1.0
9,E,Diehard,20,Why Do Heart Doctors Favor Surgery and Drugs Over Diet?,1.0,1.0,1.0
9,E,Diehard,50,Breast Cancer Cells Feed on Cholesterol,1.0,1.0,1.0
9,E,Diehard,50,Using Diet to Treat Asthma and Eczema,1.0,1.0,1.0
9,E,Diehard,50,Treating Asthma With Plants vs. Pills,1.0,1.0,1.0
9,E,Diehard,50,How Fruits and Vegetables Can Treat Asthma,1.0,1.0,1.0
9,E,Diehard,50,How Fruits and Vegetables Can Prevent Asthma,1.0,1.0,1.0
9,E,Diehard,50,Our Tax Dollars Subsidize Unhealthy Foods,1.0,1.0,1.0
9,E,Diehard,50,Reducing Arsenic in Chicken and Rice,1.0,1.0,1.0
9,E,Diehard,50,How Contaminated Are Our Children?,1.0,1.0,1.0
9,E,Diehard,50,"Blood Type Diet Perceived as ""Crass Fraud""",1.0,1.0,1.0
9,E,Diehard,50,Why Do Heart Doctors Favor Surgery and Drugs Over Diet?,1.0,1.0,1.0
9,E,DiehardCombined,1,Breast Cancer Cells Feed on Cholesterol,1.0,1.0,1.0
9,E,DiehardCombined,1,Using Diet to Treat Asthma and Eczema,1.0,1.0,1.0
9,E,DiehardCombined,1,Treating Asthma With Plants vs. Pills,1.0,1.0,1.0
9,E,DiehardCombined,1,How Fruits and Vegetables Can Treat Asthma,1.0,1.0,1.0
9,E,DiehardCombined,1,How Fruits and Vegetables Can Prevent Asthma,0.0,0.9536,1.0
9,E,DiehardCombined,1,Our Tax Dollars Subsidize Unhealthy Foods,1.0,1.0,1.0
9,E,DiehardCombined,1,Reducing Arsenic in Chicken and Rice,1.0,1.0,1.0
9,E,DiehardCombined,1,How Contaminated Are Our Children?,1.0,1.0,1.0
9,E,DiehardCombined,1,"Blood Type Diet Perceived as ""Crass Fraud""",1.0,1.0,1.0
9,E,DiehardCombined,1,Why Do Heart Doctors Favor Surgery and Drugs Over Diet?,0.0,0.9704,1.0
9,E,DiehardCombined,5,Breast Cancer Cells Feed on Cholesterol,1.0,0.9992,0.8
9,E,DiehardCombined,5,Using Diet to Treat Asthma and Eczema,0.8,0.9968,0.4
9,E,DiehardCombined,5,Treating Asthma With Plants vs. Pills,0.6,0.9958,1.0
9,E,DiehardCombined,5,How Fruits and Vegetables Can Treat Asthma,1.0,0.9998,0.8
9,E,DiehardCombined,5,How Fruits and Vegetables Can Prevent Asthma,1.0,0.9905,0.2
9,E,DiehardCombined,5,Our Tax Dollars Subsidize Unhealthy Foods,0.8,0.995,1.0
9,E,DiehardCombined,5,Reducing Arsenic in Chicken and Rice,0.8,0.9947,0.6
9,E,DiehardCombined,5,How Contaminated Are Our Children?,0.8,0.9886,0.8
9,E,DiehardCombined,5,"Blood Type Diet Perceived as ""Crass Fraud""",0.6,0.9865,0.4
9,E,DiehardCombined,5,Why Do Heart Doctors Favor Surgery and Drugs Over Diet?,0.4,0.9753,0.2
9,E,DiehardCombined,10,Breast Cancer Cells Feed on Cholesterol,0.8,0.9947,0.9111
9,E,DiehardCombined,10,Using Diet to Treat Asthma and Eczema,0.9,0.9983,0.7333
9,E,DiehardCombined,10,Treating Asthma With Plants vs. Pills,1.0,0.9991,0.6889
9,E,DiehardCombined,10,How Fruits and Vegetables Can Treat Asthma,0.9,0.9957,0.8667
9,E,DiehardCombined,10,How Fruits and Vegetables Can Prevent Asthma,1.0,0.9929,0.6444
9,E,DiehardCombined,10,Our Tax Dollars Subsidize Unhealthy Foods,0.7,0.9909,0.9111
9,E,DiehardCombined,10,Reducing Arsenic in Chicken and Rice,1.0,0.9982,0.5111
9,E,DiehardCombined,10,How Contaminated Are Our Children?,0.9,0.9914,0.6444
9,E,DiehardCombined,10,"Blood Type Diet Perceived as ""Crass Fraud""",0.8,0.9925,0.4667
9,E,DiehardCombined,10,Why Do Heart Doctors Favor Surgery and Drugs Over Diet?,0.9,0.9901,0.0667
9,E,DiehardCombined,20,Breast Cancer Cells Feed on Cholesterol,0.85,0.9966,0.8
9,E,DiehardCombined,20,Using Diet to Treat Asthma and Eczema,1.0,0.9984,0.8211
9,E,DiehardCombined,20,Treating Asthma With Plants vs. Pills,0.9,0.997,0.8421
9,E,DiehardCombined,20,How Fruits and Vegetables Can Treat Asthma,0.95,0.9987,0.8842
9,E,DiehardCombined,20,How Fruits and Vegetables Can Prevent Asthma,1.0,0.9947,0.8526
9,E,DiehardCombined,20,Our Tax Dollars Subsidize Unhealthy Foods,0.9,0.9956,0.7368
9,E,DiehardCombined,20,Reducing Arsenic in Chicken and Rice,0.95,0.9947,0.7474
9,E,DiehardCombined,20,How Contaminated Are Our Children?,0.75,0.9912,0.6
9,E,DiehardCombined,20,"Blood Type Diet Perceived as ""Crass Fraud""",0.7,0.9858,0.6737
9,E,DiehardCombined,20,Why Do Heart Doctors Favor Surgery and Drugs Over Diet?,0.85,0.9867,0.5684
9,E,DiehardCombined,50,Breast Cancer Cells Feed on Cholesterol,0.94,0.9684,0.7206
9,E,DiehardCombined,50,Using Diet to Treat Asthma and Eczema,0.88,0.9444,0.7844
9,E,DiehardCombined,50,Treating Asthma With Plants vs. Pills,0.9,0.9499,0.7919
9,E,DiehardCombined,50,How Fruits and Vegetables Can Treat Asthma,0.94,0.9707,0.8594
9,E,DiehardCombined,50,How Fruits and Vegetables Can Prevent Asthma,0.96,0.9762,0.8174
9,E,DiehardCombined,50,Our Tax Dollars Subsidize Unhealthy Foods,0.92,0.955,0.7874
9,E,DiehardCombined,50,Reducing Arsenic in Chicken and Rice,0.88,0.9272,0.7146
9,E,DiehardCombined,50,How Contaminated Are Our Children?,0.92,0.9492,0.7198
9,E,DiehardCombined,50,"Blood Type Diet Perceived as ""Crass Fraud""",0.9,0.9385,0.6061
9,E,DiehardCombined,50,Why Do Heart Doctors Favor Surgery and Drugs Over Diet?,0.86,0.9169,0.7342
10,E,Diehard,1,Breast Cancer Cells Feed on Cholesterol,1.0,1.0,1.0
10,E,Diehard,1,Using Diet to Treat Asthma and Eczema,1.0,1.0,1.0
10,E,Diehard,1,Treating Asthma With Plants vs. Pills,1.0,1.0,1.0
10,E,Diehard,1,How Fruits and Vegetables Can Treat Asthma,1.0,1.0,1.0
10,E,Diehard,1,How Fruits and Vegetables Can Prevent Asthma,1.0,1.0,1.0
10,E,Diehard,1,Our Tax Dollars Subsidize Unhealthy Foods,1.0,1.0,1.0
10,E,Diehard,1,Reducing Arsenic in Chicken and Rice,1.0,1.0,1.0
10,E,Diehard,1,How Contaminated Are Our Children?,1.0,1.0,1.0
10,E,Diehard,1,"Blood Type Diet Perceived as ""Crass Fraud""",1.0,1.0,1.0
10,E,Diehard,1,Why Do Heart Doctors Favor Surgery and Drugs Over Diet?,1.0,1.0,1.0
10,E,Diehard,5,Breast Cancer Cells Feed on Cholesterol,1.0,1.0,1.0
10,E,Diehard,5,Using Diet to Treat Asthma and Eczema,1.0,1.0,1.0
10,E,Diehard,5,Treating Asthma With Plants vs. Pills,1.0,1.0,1.0
10,E,Diehard,5,How Fruits and Vegetables Can Treat Asthma,1.0,1.0,1.0
10,E,Diehard,5,How Fruits and Vegetables Can Prevent Asthma,1.0,1.0,1.0
10,E,Diehard,5,Our Tax Dollars Subsidize Unhealthy Foods,1.0,1.0,1.0
10,E,Diehard,5,Reducing Arsenic in Chicken and Rice,1.0,1.0,1.0
10,E,Diehard,5,How Contaminated Are Our Children?,1.0,1.0,1.0
10,E,Diehard,5,"Blood Type Diet Perceived as ""Crass Fraud""",1.0,1.0,1.0
10,E,Diehard,5,Why Do Heart Doctors Favor Surgery and Drugs Over Diet?,1.0,1.0,1.0
10,E,Diehard,10,Breast Cancer Cells Feed on Cholesterol,1.0,1.0,1.0
10,E,Diehard,10,Using Diet to Treat Asthma and Eczema,1.0,1.0,1.0
10,E,Diehard,10,Treating Asthma With Plants vs. Pills,1.0,1.0,1.0
10,E,Diehard,10,How Fruits and Vegetables Can Treat Asthma,1.0,1.0,1.0
10,E,Diehard,10,How Fruits and Vegetables Can Prevent Asthma,1.0,1.0,1.0
10,E,Diehard,10,Our Tax Dollars Subsidize Unhealthy Foods,1.0,1.0,1.0
10,E,Diehard,10,Reducing Arsenic in Chicken and Rice,1.0,1.0,1.0
10,E,Diehard,10,How Contaminated Are Our Children?,1.0,1.0,1.0
10,E,Diehard,10,"Blood Type Diet Perceived as ""Crass Fraud""",1.0,1.0,1.0
10,E,Diehard,10,Why Do Heart Doctors Favor Surgery and Drugs Over Diet?,1.0,1.0,1.0
10,E,Diehard,20,Breast Cancer Cells Feed on Cholesterol,1.0,1.0,1.0
10,E,Diehard,20,Using Diet to Treat Asthma and Eczema,1.0,1.0,1.0
10,E,Diehard,20,Treating Asthma With Plants vs. Pills,1.0,1.0,1.0
10,E,Diehard,20,How Fruits and Vegetables Can Treat Asthma,1.0,1.0,1.0
10,E,Diehard,20,How Fruits and Vegetables Can Prevent Asthma,1.0,1.0,1.0
10,E,Diehard,20,Our Tax Dollars Subsidize Unhealthy Foods,1.0,1.0,1.0
10,E,Diehard,20,Reducing Arsenic in Chicken and Rice,1.0,1.0,1.0
10,E,Diehard,20,How Contaminated Are Our Children?,1.0,1.0,1.0
10,E,Diehard,20,"Blood Type Diet Perceived as ""Crass Fraud""",1.0,1.0,1.0
10,E,Diehard,20,Why Do Heart Doctors Favor Surgery and Drugs Over Diet?,1.0,1.0,1.0
10,E,Diehard,50,Breast Cancer Cells Feed on Cholesterol,1.0,1.0,1.0
10,E,Diehard,50,Using Diet to Treat Asthma and Eczema,1.0,1.0,1.0
10,E,Diehard,50,Treating Asthma With Plants vs. Pills,1.0,1.0,1.0
10,E,Diehard,50,How Fruits and Vegetables Can Treat Asthma,1.0,1.0,1.0
10,E,Diehard,50,How Fruits and Vegetables Can Prevent Asthma,1.0,1.0,1.0
10,E,Diehard,50,Our Tax Dollars Subsidize Unhealthy Foods,1.0,1.0,1.0
10,E,Diehard,50,Reducing Arsenic in Chicken and Rice,1.0,1.0,1.0
10,E,Diehard,50,How Contaminated Are Our Children?,1.0,1.0,1.0
10,E,Diehard,50,"Blood Type Diet Perceived as ""Crass Fraud""",1.0,1.0,1.0
10,E,Diehard,50,Why Do Heart Doctors Favor Surgery and Drugs Over Diet?,1.0,1.0,1.0
10,E,DiehardCombined,1,Breast Cancer Cells Feed on Cholesterol,1.0,1.0,1.0
10,E,DiehardCombined,1,Using Diet to Treat Asthma and Eczema,1.0,1.0,1.0
10,E,DiehardCombined,1,Treating Asthma With Plants vs. Pills,1.0,1.0,1.0
10,E,DiehardCombined,1,How Fruits and Vegetables Can Treat Asthma,1.0,1.0,1.0
10,E,DiehardCombined,1,How Fruits and Vegetables Can Prevent Asthma,0.0,0.9468,1.0
10,E,DiehardCombined,1,Our Tax Dollars Subsidize Unhealthy Foods,1.0,1.0,1.0
10,E,DiehardCombined,1,Reducing Arsenic in Chicken and Rice,1.0,1.0,1.0
10,E,DiehardCombined,1,How Contaminated Are Our Children?,0.0,0.9924,1.0
10,E,DiehardCombined,1,"Blood Type Diet Perceived as ""Crass Fraud""",1.0,1.0,1.0
10,E,DiehardCombined,1,Why Do Heart Doctors Favor Surgery and Drugs Over Diet?,1.0,1.0,1.0
10,E,DiehardCombined,5,Breast Cancer Cells Feed on Cholesterol,1.0,0.9967,0.4
10,E,DiehardCombined,5,Using Diet to Treat Asthma and Eczema,0.8,0.9975,0.4
10,E,DiehardCombined,5,Treating Asthma With Plants vs. Pills,0.8,0.9955,0.8
10,E,DiehardCombined,5,How Fruits and Vegetables Can Treat Asthma,0.8,0.9945,0.8
10,E,DiehardCombined,5,How Fruits and Vegetables Can Prevent Asthma,0.8,0.9888,0.0
10,E,DiehardCombined,5,Our Tax Dollars Subsidize Unhealthy Foods,1.0,0.9971,0.4
10,E,DiehardCombined,5,Reducing Arsenic in Chicken and Rice,0.4,0.9817,0.4
10,E,DiehardCombined,5,How Contaminated Are Our Children?,0.6,0.9835,0.8
10,E,DiehardCombined,5,"Blood Type Diet Perceived as ""Crass Fraud""",1.0,0.999,0.6
10,E,DiehardCombined,5,Why Do Heart Doctors Favor Surgery and Drugs Over Diet?,0.8,0.9904,0.6
10,E,DiehardCombined,10,Breast Cancer Cells Feed on Cholesterol,1.0,0.9977,0.8667
10,E,DiehardCombined,10,Using Diet to Treat Asthma and Eczema,0.9,0.9984,0.8222
10,E,DiehardCombined,10,Treating Asthma With Plants vs. Pills,1.0,0.9976,0.5556
10,E,DiehardCombined,10,How Fruits and Vegetables Can Treat Asthma,0.9,0.9929,0.6889
10,E,DiehardCombined,10,How Fruits and Vegetables Can Prevent Asthma,1.0,0.9923,0.6
10,E,DiehardCombined,10,Our Tax Dollars Subsidize Unhealthy Foods,0.7,0.9833,0.7778
10,E,DiehardCombined,10,Reducing Arsenic in Chicken and Rice,0.8,0.9824,0.3333
10,E,DiehardCombined,10,How Contaminated Are Our Children?,0.8,0.9922,0.6
10,E,DiehardCombined,10,"Blood Type Diet Perceived as ""Crass Fraud""",0.9,0.995,0.7333
10,E,DiehardCombined,10,Why Do Heart Doctors Favor Surgery and Drugs Over Diet?,0.8,0.9882,0.5556
10,E,DiehardCombined,20,Breast Cancer Cells Feed on Cholesterol,0.85,0.9913,0.7474
10,E,DiehardCombined,20,Using Diet to Treat Asthma and Eczema,1.0,0.9987,0.8421
10,E,DiehardCombined,20,Treating Asthma With Plants vs. Pills,1.0,0.9982,0.8211
10,E,DiehardCombined,20,How Fruits and Vegetables Can Treat Asthma,0.95,0.9967,0.8316
10,E,DiehardCombined,20,How Fruits and Vegetables Can Prevent Asthma,0.95,0.9929,0.7895
10,E,DiehardCombined,20,Our Tax Dollars Subsidize Unhealthy Foods,0.9,0.994,0.6421
10,E,DiehardCombined,20,Reducing Arsenic in Chicken and Rice,0.95,0.9918,0.5579
10,E,DiehardCombined,20,How Contaminated Are Our Children?,0.9,0.9929,0.7053
10,E,DiehardCombined,20,"Blood Type Diet Perceived as ""Crass Fraud""",0.9,0.9954,0.6947
10,E,DiehardCombined,20,Why Do Heart Doctors Favor Surgery and Drugs Over Diet?,0.8,0.9869,0.6
10,E,DiehardCombined,50,Breast Cancer Cells Feed on Cholesterol,0.96,0.9768,0.6649
10,E,DiehardCombined,50,Using Diet to Treat Asthma and Eczema,0.9,0.9533,0.8687
10,E,DiehardCombined,50,Treating Asthma With Plants vs. Pills,0.96,0.9799,0.8546
10,E,DiehardCombined,50,How Fruits and Vegetables Can Treat Asthma,0.92,0.9603,0.8222
10,E,DiehardCombined,50,How Fruits and Vegetables Can Prevent Asthma,0.94,0.9684,0.8353
10,E,DiehardCombined,50,Our Tax Dollars Subsidize Unhealthy Foods,0.94,0.9648,0.8076
10,E,DiehardCombined,50,Reducing Arsenic in Chicken and Rice,0.88,0.9238,0.6321
10,E,DiehardCombined,50,How Contaminated Are Our Children?,0.9,0.9374,0.6707
10,E,DiehardCombined,50,"Blood Type Diet Perceived as ""Crass Fraud""",0.9,0.9405,0.7697
10,E,DiehardCombined,50,Why Do Heart Doctors Favor Surgery and Drugs Over Diet?,0.88,0.928,0.7336
