trial,exp,algorithm,top_k,query,recall_at_k,ndcg_at_k,kendall_tau
1,E,Scrambling,1,Breast Cancer Cells Feed on Cholesterol,1.0,1.0,1.0
1,E,Scrambling,1,Using Diet to Treat Asthma and Eczema,1.0,1.0,1.0
1,E,Scrambling,1,Treating Asthma With Plants vs. Pills,1.0,1.0,1.0
1,E,Scrambling,1,How Fruits and Vegetables Can Treat Asthma,1.0,1.0,1.0
1,E,Scrambling,1,How Fruits and Vegetables Can Prevent Asthma,1.0,1.0,1.0
1,E,Scrambling,1,Our Tax Dollars Subsidize Unhealthy Foods,1.0,1.0,1.0
1,E,Scrambling,1,Reducing Arsenic in Chicken and Rice,1.0,1.0,1.0
1,E,Scrambling,1,How Contaminated Are Our Children?,1.0,1.0,1.0
1,E,Scrambling,1,"Blood Type Diet Perceived as ""Crass Fraud""",1.0,1.0,1.0
1,E,Scrambling,1,Why Do Heart Doctors Favor Surgery and Drugs Over Diet?,1.0,1.0,1.0
1,E,Scrambling,5,Breast Cancer Cells Feed on Cholesterol,1.0,1.0,1.0
1,E,Scrambling,5,Using Diet to Treat Asthma and Eczema,1.0,1.0,1.0
1,E,Scrambling,5,Treating Asthma With Plants vs. Pills,1.0,1.0,1.0
1,E,Scrambling,5,How Fruits and Vegetables Can Treat Asthma,1.0,1.0,1.0
1,E,Scrambling,5,How Fruits and Vegetables Can Prevent Asthma,1.0,1.0,1.0
1,E,Scrambling,5,Our Tax Dollars Subsidize Unhealthy Foods,1.0,1.0,1.0
1,E,Scrambling,5,Reducing Arsenic in Chicken and Rice,1.0,1.0,1.0
1,E,Scrambling,5,How Contaminated Are Our Children?,1.0,1.0,1.0
1,E,Scrambling,5,"Blood Type Diet Perceived as ""Crass Fraud""",1.0,1.0,1.0
1,E,Scrambling,5,Why Do Heart Doctors Favor Surgery and Drugs Over Diet?,1.0,1.0,1.0
1,E,Scrambling,10,Breast Cancer Cells Feed on Cholesterol,1.0,1.0,1.0
1,E,Scrambling,10,Using Diet to Treat Asthma and Eczema,1.0,1.0,1.0
1,E,Scrambling,10,Treating Asthma With Plants vs. Pills,1.0,1.0,1.0
1,E,Scrambling,10,How Fruits and Vegetables Can Treat Asthma,1.0,1.0,1.0
1,E,Scrambling,10,How Fruits and Vegetables Can Prevent Asthma,1.0,1.0,1.0
1,E,Scrambling,10,Our Tax Dollars Subsidize Unhealthy Foods,1.0,1.0,1.0
1,E,Scrambling,10,Reducing Arsenic in Chicken and Rice,1.0,1.0,1.0
1,E,Scrambling,10,How Contaminated Are Our Children?,1.0,1.0,1.0
1,E,Scrambling,10,"Blood Type Diet Perceived as ""Crass Fraud""",1.0,1.0,1.0
1,E,Scrambling,10,Why Do Heart Doctors Favor Surgery and Drugs Over Diet?,1.0,1.0,1.0
1,E,Scrambling,20,Breast Cancer Cells Feed on Cholesterol,1.0,1.0,1.0
1,E,Scrambling,20,Using Diet to Treat Asthma and Eczema,1.0,1.0,1.0
1,E,Scrambling,20,Treating Asthma With Plants vs. Pills,1.0,1.0,1.0
1,E,Scrambling,20,How Fruits and Vegetables Can Treat Asthma,1.0,1.0,1.0
1,E,Scrambling,20,How Fruits and Vegetables Can Prevent Asthma,1.0,1.0,1.0
1,E,Scrambling,20,Our Tax Dollars Subsidize Unhealthy Foods,1.0,1.0,1.0
1,E,Scrambling,20,Reducing Arsenic in Chicken and Rice,1.0,1.0,1.0
1,E,Scrambling,20,How Contaminated Are Our Children?,1.0,1.0,1.0
1,E,Scrambling,20,"Blood Type Diet Perceived as ""Crass Fraud""",1.0,1.0,1.0
1,E,Scrambling,20,Why Do Heart Doctors Favor Surgery and Drugs Over Diet?,1.0,1.0,1.0
1,E,Scrambling,50,Breast Cancer Cells Feed on Cholesterol,1.0,1.0,0.9984
1,E,Scrambling,50,Using Diet to Treat Asthma and Eczema,1.0,1.0,1.0
1,E,Scrambling,50,Treating Asthma With Plants vs. Pills,1.0,1.0,1.0
1,E,Scrambling,50,How Fruits and Vegetables Can Treat Asthma,1.0,1.0,1.0
1,E,Scrambling,50,How Fruits and Vegetables Can Prevent Asthma,1.0,1.0,1.0
1,E,Scrambling,50,Our Tax Dollars Subsidize Unhealthy Foods,1.0,1.0,1.0
1,E,Scrambling,50,Reducing Arsenic in Chicken and Rice,1.0,1.0,1.0
1,E,Scrambling,50,How Contaminated Are Our Children?,1.0,1.0,1.0
1,E,Scrambling,50,"Blood Type Diet Perceived as ""Crass Fraud""",1.0,1.0,1.0
1,E,Scrambling,50,Why Do Heart Doctors Favor Surgery and Drugs Over Diet?,1.0,1.0,1.0
1,E,Noise,1,Breast Cancer Cells Feed on Cholesterol,1.0,1.0,1.0
1,E,Noise,1,Using Diet to Treat Asthma and Eczema,1.0,1.0,1.0
1,E,Noise,1,Treating Asthma With Plants vs. Pills,1.0,1.0,1.0
1,E,Noise,1,How Fruits and Vegetables Can Treat Asthma,1.0,1.0,1.0
1,E,Noise,1,How Fruits and Vegetables Can Prevent Asthma,0.0,0.9975,1.0
1,E,Noise,1,Our Tax Dollars Subsidize Unhealthy Foods,1.0,1.0,1.0
1,E,Noise,1,Reducing Arsenic in Chicken and Rice,1.0,1.0,1.0
1,E,Noise,1,How Contaminated Are Our Children?,1.0,1.0,1.0
1,E,Noise,1,"Blood Type Diet Perceived as ""Crass Fraud""",1.0,1.0,1.0
1,E,Noise,1,Why Do Heart Doctors Favor Surgery and Drugs Over Diet?,1.0,1.0,1.0
1,E,Noise,5,Breast Cancer Cells Feed on Cholesterol,1.0,1.0,1.0
1,E,Noise,5,Using Diet to Treat Asthma and Eczema,1.0,1.0,1.0
1,E,Noise,5,Treating Asthma With Plants vs. Pills,1.0,1.0,0.8
1,E,Noise,5,How Fruits and Vegetables Can Treat Asthma,1.0,1.0,1.0
1,E,Noise,5,How Fruits and Vegetables Can Prevent Asthma,1.0,0.9996,0.6
1,E,Noise,5,Our Tax Dollars Subsidize Unhealthy Foods,1.0,1.0,1.0
1,E,Noise,5,Reducing Arsenic in Chicken and Rice,1.0,1.0,1.0
1,E,Noise,5,How Contaminated Are Our Children?,1.0,1.0,1.0
1,E,Noise,5,"Blood Type Diet Perceived as ""Crass Fraud""",1.0,1.0,1.0
1,E,Noise,5,Why Do Heart Doctors Favor Surgery and Drugs Over Diet?,1.0,1.0,1.0
1,E,Noise,10,Breast Cancer Cells Feed on Cholesterol,0.9,0.9998,1.0
1,E,Noise,10,Using Diet to Treat Asthma and Eczema,1.0,1.0,1.0
1,E,Noise,10,Treating Asthma With Plants vs. Pills,1.0,1.0,0.9556
1,E,Noise,10,How Fruits and Vegetables Can Treat Asthma,1.0,1.0,1.0
1,E,Noise,10,How Fruits and Vegetables Can Prevent Asthma,1.0,0.9997,0.9111
1,E,Noise,10,Our Tax Dollars Subsidize Unhealthy Foods,1.0,1.0,0.9556
1,E,Noise,10,Reducing Arsenic in Chicken and Rice,1.0,1.0,0.9556
1,E,Noise,10,How Contaminated Are Our Children?,1.0,1.0,1.0
1,E,Noise,10,"Blood Type Diet Perceived as ""Crass Fraud""",1.0,1.0,0.9556
1,E,Noise,10,Why Do Heart Doctors Favor Surgery and Drugs Over Diet?,1.0,1.0,1.0
1,E,Noise,20,Breast Cancer Cells Feed on Cholesterol,0.95,0.9999,0.9579
1,E,Noise,20,Using Diet to Treat Asthma and Eczema,1.0,1.0,0.9895
1,E,Noise,20,Treating Asthma With Plants vs. Pills,1.0,1.0,0.9579
1,E,Noise,20,How Fruits and Vegetables Can Treat Asthma,1.0,1.0,0.9895
1,E,Noise,20,How Fruits and Vegetables Can Prevent Asthma,1.0,0.9998,0.9789
1,E,Noise,20,Our Tax Dollars Subsidize Unhealthy Foods,1.0,1.0,0.9474
1,E,Noise,20,Reducing Arsenic in Chicken and Rice,1.0,1.0,0.9789
1,E,Noise,20,How Contaminated Are Our Children?,1.0,1.0,0.9789
1,E,Noise,20,"Blood Type Diet Perceived as ""Crass Fraud""",1.0,1.0,0.9789
1,E,Noise,20,Why Do Heart Doctors Favor Surgery and Drugs Over Diet?,0.95,0.9999,0.9789
1,E,Noise,50,Breast Cancer Cells Feed on Cholesterol,0.98,0.988,0.9609
1,E,Noise,50,Using Diet to Treat Asthma and Eczema,0.98,0.9891,0.9728
1,E,Noise,50,Treating Asthma With Plants vs. Pills,1.0,1.0,0.9722
1,E,Noise,50,How Fruits and Vegetables Can Treat Asthma,0.98,0.9883,0.9745
1,E,Noise,50,How Fruits and Vegetables Can Prevent Asthma,1.0,0.9999,0.9363
1,E,Noise,50,Our Tax Dollars Subsidize Unhealthy Foods,0.96,0.9763,0.9628
1,E,Noise,50,Reducing Arsenic in Chicken and Rice,0.96,0.9793,0.9699
1,E,Noise,50,How Contaminated Are Our Children?,0.98,0.9882,0.9847
1,E,Noise,50,"Blood Type Diet Perceived as ""Crass Fraud""",1.0,1.0,0.9576
1,E,Noise,50,Why Do Heart Doctors Favor Surgery and Drugs Over Diet?,0.98,0.9878,0.966
1,E,Combined,1,Breast Cancer Cells Feed on Cholesterol,1.0,1.0,1.0
1,E,Combined,1,Using Diet to Treat Asthma and Eczema,1.0,1.0,1.0
1,E,Combined,1,Treating Asthma With Plants vs. Pills,1.0,1.0,1.0
1,E,Combined,1,How Fruits and Vegetables Can Treat Asthma,1.0,1.0,1.0
1,E,Combined,1,How Fruits and Vegetables Can Prevent Asthma,1.0,1.0,1.0
1,E,Combined,1,Our Tax Dollars Subsidize Unhealthy Foods,1.0,1.0,1.0
1,E,Combined,1,Reducing Arsenic in Chicken and Rice,1.0,1.0,1.0
1,E,Combined,1,How Contaminated Are Our Children?,1.0,1.0,1.0
1,E,Combined,1,"Blood Type Diet Perceived as ""Crass Fraud""",1.0,1.0,1.0
1,E,Combined,1,Why Do Heart Doctors Favor Surgery and Drugs Over Diet?,1.0,1.0,1.0
1,E,Combined,5,Breast Cancer Cells Feed on Cholesterol,1.0,1.0,1.0
1,E,Combined,5,Using Diet to Treat Asthma and Eczema,1.0,1.0,1.0
1,E,Combined,5,Treating Asthma With Plants vs. Pills,1.0,1.0,0.8
1,E,Combined,5,How Fruits and Vegetables Can Treat Asthma,1.0,1.0,1.0
1,E,Combined,5,How Fruits and Vegetables Can Prevent Asthma,1.0,1.0,0.8
1,E,Combined,5,Our Tax Dollars Subsidize Unhealthy Foods,1.0,1.0,1.0
1,E,Combined,5,Reducing Arsenic in Chicken and Rice,1.0,1.0,1.0
1,E,Combined,5,How Contaminated Are Our Children?,1.0,1.0,1.0
1,E,Combined,5,"Blood Type Diet Perceived as ""Crass Fraud""",1.0,1.0,1.0
1,E,Combined,5,Why Do Heart Doctors Favor Surgery and Drugs Over Diet?,1.0,0.9997,0.4
1,E,Combined,10,Breast Cancer Cells Feed on Cholesterol,1.0,1.0,1.0
1,E,Combined,10,Using Diet to Treat Asthma and Eczema,1.0,1.0,0.9556
1,E,Combined,10,Treating Asthma With Plants vs. Pills,1.0,1.0,0.9556
1,E,Combined,10,How Fruits and Vegetables Can Treat Asthma,1.0,1.0,0.9556
1,E,Combined,10,How Fruits and Vegetables Can Prevent Asthma,1.0,1.0,0.9556
1,E,Combined,10,Our Tax Dollars Subsidize Unhealthy Foods,1.0,1.0,0.9111
1,E,Combined,10,Reducing Arsenic in Chicken and Rice,1.0,1.0,1.0
1,E,Combined,10,How Contaminated Are Our Children?,1.0,1.0,0.9556
1,E,Combined,10,"Blood Type Diet Perceived as ""Crass Fraud""",1.0,1.0,1.0
1,E,Combined,10,Why Do Heart Doctors Favor Surgery and Drugs Over Diet?,1.0,0.9998,0.8667
1,E,Combined,20,Breast Cancer Cells Feed on Cholesterol,1.0,1.0,0.9684
1,E,Combined,20,Using Diet to Treat Asthma and Eczema,0.95,0.9999,0.9684
1,E,Combined,20,Treating Asthma With Plants vs. Pills,1.0,1.0,0.9684
1,E,Combined,20,How Fruits and Vegetables Can Treat Asthma,1.0,1.0,0.9579
1,E,Combined,20,How Fruits and Vegetables Can Prevent Asthma,1.0,1.0,0.9789
1,E,Combined,20,Our Tax Dollars Subsidize Unhealthy Foods,0.95,0.9999,0.9684
1,E,Combined,20,Reducing Arsenic in Chicken and Rice,1.0,1.0,0.9895
1,E,Combined,20,How Contaminated Are Our Children?,1.0,1.0,0.9579
1,E,Combined,20,"Blood Type Diet Perceived as ""Crass Fraud""",1.0,1.0,0.9368
1,E,Combined,20,Why Do Heart Doctors Favor Surgery and Drugs Over Diet?,1.0,0.9999,0.8842
1,E,Combined,50,Breast Cancer Cells Feed on Cholesterol,0.98,0.9882,0.9558
1,E,Combined,50,Using Diet to Treat Asthma and Eczema,0.98,0.9891,0.9796
1,E,Combined,50,Treating Asthma With Plants vs. Pills,1.0,1.0,0.9739
1,E,Combined,50,How Fruits and Vegetables Can Treat Asthma,1.0,1.0,0.9706
1,E,Combined,50,How Fruits and Vegetables Can Prevent Asthma,1.0,1.0,0.9461
1,E,Combined,50,Our Tax Dollars Subsidize Unhealthy Foods,0.98,0.9883,0.9711
1,E,Combined,50,Reducing Arsenic in Chicken and Rice,0.98,0.9897,0.9745
1,E,Combined,50,How Contaminated Are Our Children?,1.0,1.0,0.9755
1,E,Combined,50,"Blood Type Diet Perceived as ""Crass Fraud""",0.98,0.9879,0.949
1,E,Combined,50,Why Do Heart Doctors Favor Surgery and Drugs Over Diet?,1.0,0.9999,0.9543
1,E,Rome,1,Breast Cancer Cells Feed on Cholesterol,1.0,1.0,1.0
1,E,Rome,1,Using Diet to Treat Asthma and Eczema,1.0,1.0,1.0
1,E,Rome,1,Treating Asthma With Plants vs. Pills,1.0,1.0,1.0
1,E,Rome,1,How Fruits and Vegetables Can Treat Asthma,1.0,1.0,1.0
1,E,Rome,1,How Fruits and Vegetables Can Prevent Asthma,1.0,1.0,1.0
1,E,Rome,1,Our Tax Dollars Subsidize Unhealthy Foods,1.0,1.0,1.0
1,E,Rome,1,Reducing Arsenic in Chicken and Rice,1.0,1.0,1.0
1,E,Rome,1,How Contaminated Are Our Children?,1.0,1.0,1.0
1,E,Rome,1,"Blood Type Diet Perceived as ""Crass Fraud""",1.0,1.0,1.0
1,E,Rome,1,Why Do Heart Doctors Favor Surgery and Drugs Over Diet?,1.0,1.0,1.0
1,E,Rome,5,Breast Cancer Cells Feed on Cholesterol,1.0,1.0,1.0
1,E,Rome,5,Using Diet to Treat Asthma and Eczema,1.0,1.0,1.0
1,E,Rome,5,Treating Asthma With Plants vs. Pills,1.0,1.0,1.0
1,E,Rome,5,How Fruits and Vegetables Can Treat Asthma,1.0,1.0,1.0
1,E,Rome,5,How Fruits and Vegetables Can Prevent Asthma,1.0,1.0,1.0
1,E,Rome,5,Our Tax Dollars Subsidize Unhealthy Foods,1.0,1.0,1.0
1,E,Rome,5,Reducing Arsenic in Chicken and Rice,1.0,1.0,1.0
1,E,Rome,5,How Contaminated Are Our Children?,1.0,1.0,1.0
1,E,Rome,5,"Blood Type Diet Perceived as ""Crass Fraud""",1.0,1.0,1.0
1,E,Rome,5,Why Do Heart Doctors Favor Surgery and Drugs Over Diet?,1.0,1.0,1.0
1,E,Rome,10,Breast Cancer Cells Feed on Cholesterol,1.0,1.0,1.0
1,E,Rome,10,Using Diet to Treat Asthma and Eczema,1.0,1.0,1.0
1,E,Rome,10,Treating Asthma With Plants vs. Pills,1.0,1.0,1.0
1,E,Rome,10,How Fruits and Vegetables Can Treat Asthma,1.0,1.0,1.0
1,E,Rome,10,How Fruits and Vegetables Can Prevent Asthma,1.0,1.0,1.0
1,E,Rome,10,Our Tax Dollars Subsidize Unhealthy Foods,1.0,1.0,1.0
1,E,Rome,10,Reducing Arsenic in Chicken and Rice,1.0,1.0,1.0
1,E,Rome,10,How Contaminated Are Our Children?,1.0,1.0,1.0
1,E,Rome,10,"Blood Type Diet Perceived as ""Crass Fraud""",1.0,1.0,1.0
1,E,Rome,10,Why Do Heart Doctors Favor Surgery and Drugs Over Diet?,1.0,1.0,1.0
1,E,Rome,20,Breast Cancer Cells Feed on Cholesterol,1.0,1.0,1.0
1,E,Rome,20,Using Diet to Treat Asthma and Eczema,1.0,1.0,1.0
1,E,Rome,20,Treating Asthma With Plants vs. Pills,1.0,1.0,1.0
1,E,Rome,20,How Fruits and Vegetables Can Treat Asthma,1.0,1.0,1.0
1,E,Rome,20,How Fruits and Vegetables Can Prevent Asthma,1.0,1.0,1.0
1,E,Rome,20,Our Tax Dollars Subsidize Unhealthy Foods,1.0,1.0,1.0
1,E,Rome,20,Reducing Arsenic in Chicken and Rice,1.0,1.0,1.0
1,E,Rome,20,How Contaminated Are Our Children?,1.0,1.0,1.0
1,E,Rome,20,"Blood Type Diet Perceived as ""Crass Fraud""",1.0,1.0,1.0
1,E,Rome,20,Why Do Heart Doctors Favor Surgery and Drugs Over Diet?,1.0,1.0,1.0
1,E,Rome,50,Breast Cancer Cells Feed on Cholesterol,1.0,1.0,0.9984
1,E,Rome,50,Using Diet to Treat Asthma and Eczema,1.0,1.0,1.0
1,E,Rome,50,Treating Asthma With Plants vs. Pills,1.0,1.0,1.0
1,E,Rome,50,How Fruits and Vegetables Can Treat Asthma,1.0,1.0,0.9984
1,E,Rome,50,How Fruits and Vegetables Can Prevent Asthma,1.0,1.0,0.9984
1,E,Rome,50,Our Tax Dollars Subsidize Unhealthy Foods,1.0,1.0,1.0
1,E,Rome,50,Reducing Arsenic in Chicken and Rice,1.0,1.0,1.0
1,E,Rome,50,How Contaminated Are Our Children?,1.0,1.0,1.0
1,E,Rome,50,"Blood Type Diet Perceived as ""Crass Fraud""",1.0,1.0,1.0
1,E,Rome,50,Why Do Heart Doctors Favor Surgery and Drugs Over Diet?,1.0,1.0,1.0
1,E,RomeCombined,1,Breast Cancer Cells Feed on Cholesterol,1.0,1.0,1.0
1,E,RomeCombined,1,Using Diet to Treat Asthma and Eczema,1.0,1.0,1.0
1,E,RomeCombined,1,Treating Asthma With Plants vs. Pills,1.0,1.0,1.0
1,E,RomeCombined,1,How Fruits and Vegetables Can Treat Asthma,1.0,1.0,1.0
1,E,RomeCombined,1,How Fruits and Vegetables Can Prevent Asthma,1.0,1.0,1.0
1,E,RomeCombined,1,Our Tax Dollars Subsidize Unhealthy Foods,1.0,1.0,1.0
1,E,RomeCombined,1,Reducing Arsenic in Chicken and Rice,1.0,1.0,1.0
1,E,RomeCombined,1,How Contaminated Are Our Children?,1.0,1.0,1.0
1,E,RomeCombined,1,"Blood Type Diet Perceived as ""Crass Fraud""",1.0,1.0,1.0
1,E,RomeCombined,1,Why Do Heart Doctors Favor Surgery and Drugs Over Diet?,1.0,1.0,1.0
1,E,RomeCombined,5,Breast Cancer Cells Feed on Cholesterol,1.0,1.0,1.0
1,E,RomeCombined,5,Using Diet to Treat Asthma and Eczema,1.0,1.0,1.0
1,E,RomeCombined,5,Treating Asthma With Plants vs. Pills,1.0,0.9997,0.6
1,E,RomeCombined,5,How Fruits and Vegetables Can Treat Asthma,1.0,1.0,1.0
1,E,RomeCombined,5,How Fruits and Vegetables Can Prevent Asthma,1.0,1.0,0.8
1,E,RomeCombined,5,Our Tax Dollars Subsidize Unhealthy Foods,1.0,1.0,1.0
1,E,RomeCombined,5,Reducing Arsenic in Chicken and Rice,1.0,1.0,1.0
1,E,RomeCombined,5,How Contaminated Are Our Children?,1.0,1.0,1.0
1,E,RomeCombined,5,"Blood Type Diet Perceived as ""Crass Fraud""",1.0,1.0,1.0
1,E,RomeCombined,5,Why Do Heart Doctors Favor Surgery and Drugs Over Diet?,1.0,1.0,0.8
1,E,RomeCombined,10,Breast Cancer Cells Feed on Cholesterol,1.0,1.0,1.0
1,E,RomeCombined,10,Using Diet to Treat Asthma and Eczema,1.0,1.0,0.9556
1,E,RomeCombined,10,Treating Asthma With Plants vs. Pills,1.0,0.9998,0.9111
1,E,RomeCombined,10,How Fruits and Vegetables Can Treat Asthma,1.0,1.0,1.0
1,E,RomeCombined,10,How Fruits and Vegetables Can Prevent Asthma,1.0,1.0,0.9556
1,E,RomeCombined,10,Our Tax Dollars Subsidize Unhealthy Foods,0.9,0.9996,0.9556
1,E,RomeCombined,10,Reducing Arsenic in Chicken and Rice,1.0,1.0,1.0
1,E,RomeCombined,10,How Contaminated Are Our Children?,1.0,1.0,0.9556
1,E,RomeCombined,10,"Blood Type Diet Perceived as ""Crass Fraud""",1.0,1.0,0.9111
1,E,RomeCombined,10,Why Do Heart Doctors Favor Surgery and Drugs Over Diet?,1.0,1.0,0.9556
1,E,RomeCombined,20,Breast Cancer Cells Feed on Cholesterol,1.0,1.0,0.9684
1,E,RomeCombined,20,Using Diet to Treat Asthma and Eczema,1.0,1.0,0.9579
1,E,RomeCombined,20,Treating Asthma With Plants vs. Pills,1.0,0.9999,0.9474
1,E,RomeCombined,20,How Fruits and Vegetables Can Treat Asthma,0.95,0.9997,0.9474
1,E,RomeCombined,20,How Fruits and Vegetables Can Prevent Asthma,1.0,1.0,0.9684
1,E,RomeCombined,20,Our Tax Dollars Subsidize Unhealthy Foods,1.0,1.0,0.9579
1,E,RomeCombined,20,Reducing Arsenic in Chicken and Rice,1.0,1.0,0.9789
1,E,RomeCombined,20,How Contaminated Are Our Children?,1.0,1.0,0.9789
1,E,RomeCombined,20,"Blood Type Diet Perceived as ""Crass Fraud""",1.0,1.0,0.9474
1,E,RomeCombined,20,Why Do Heart Doctors Favor Surgery and Drugs Over Diet?,1.0,1.0,0.9474
1,E,RomeCombined,50,Breast Cancer Cells Feed on Cholesterol,0.96,0.9764,0.9628
1,E,RomeCombined,50,Using Diet to Treat Asthma and Eczema,0.98,0.9891,0.9711
1,E,RomeCombined,50,Treating Asthma With Plants vs. Pills,1.0,0.9999,0.9673
1,E,RomeCombined,50,How Fruits and Vegetables Can Treat Asthma,1.0,1.0,0.9592
1,E,RomeCombined,50,How Fruits and Vegetables Can Prevent Asthma,1.0,1.0,0.9265
1,E,RomeCombined,50,Our Tax Dollars Subsidize Unhealthy Foods,0.98,0.9883,0.966
1,E,RomeCombined,50,Reducing Arsenic in Chicken and Rice,0.98,0.9895,0.9728
1,E,RomeCombined,50,How Contaminated Are Our Children?,1.0,1.0,0.969
1,E,RomeCombined,50,"Blood Type Diet Perceived as ""Crass Fraud""",0.98,0.9879,0.9677
1,E,RomeCombined,50,Why Do Heart Doctors Favor Surgery and Drugs Over Diet?,0.98,0.9878,0.9779
1,E,Romm,1,Breast Cancer Cells Feed on Cholesterol,1.0,1.0,1.0
1,E,Romm,1,Using Diet to Treat Asthma and Eczema,1.0,1.0,1.0
1,E,Romm,1,Treating Asthma With Plants vs. Pills,1.0,1.0,1.0
1,E,Romm,1,How Fruits and Vegetables Can Treat Asthma,1.0,1.0,1.0
1,E,Romm,1,How Fruits and Vegetables Can Prevent Asthma,1.0,1.0,1.0
1,E,Romm,1,Our Tax Dollars Subsidize Unhealthy Foods,1.0,1.0,1.0
1,E,Romm,1,Reducing Arsenic in Chicken and Rice,1.0,1.0,1.0
1,E,Romm,1,How Contaminated Are Our Children?,1.0,1.0,1.0
1,E,Romm,1,"Blood Type Diet Perceived as ""Crass Fraud""",1.0,1.0,1.0
1,E,Romm,1,Why Do Heart Doctors Favor Surgery and Drugs Over Diet?,1.0,1.0,1.0
1,E,Romm,5,Breast Cancer Cells Feed on Cholesterol,1.0,1.0,1.0
1,E,Romm,5,Using Diet to Treat Asthma and Eczema,1.0,1.0,1.0
1,E,Romm,5,Treating Asthma With Plants vs. Pills,1.0,1.0,1.0
1,E,Romm,5,How Fruits and Vegetables Can Treat Asthma,1.0,1.0,1.0
1,E,Romm,5,How Fruits and Vegetables Can Prevent Asthma,1.0,1.0,1.0
1,E,Romm,5,Our Tax Dollars Subsidize Unhealthy Foods,1.0,1.0,1.0
1,E,Romm,5,Reducing Arsenic in Chicken and Rice,1.0,1.0,1.0
1,E,Romm,5,How Contaminated Are Our Children?,1.0,1.0,1.0
1,E,Romm,5,"Blood Type Diet Perceived as ""Crass Fraud""",1.0,1.0,1.0
1,E,Romm,5,Why Do Heart Doctors Favor Surgery and Drugs Over Diet?,1.0,1.0,1.0
1,E,Romm,10,Breast Cancer Cells Feed on Cholesterol,1.0,1.0,1.0
1,E,Romm,10,Using Diet to Treat Asthma and Eczema,1.0,1.0,1.0
1,E,Romm,10,Treating Asthma With Plants vs. Pills,1.0,1.0,1.0
1,E,Romm,10,How Fruits and Vegetables Can Treat Asthma,1.0,1.0,1.0
1,E,Romm,10,How Fruits and Vegetables Can Prevent Asthma,1.0,1.0,1.0
1,E,Romm,10,Our Tax Dollars Subsidize Unhealthy Foods,1.0,1.0,1.0
1,E,Romm,10,Reducing Arsenic in Chicken and Rice,1.0,1.0,1.0
1,E,Romm,10,How Contaminated Are Our Children?,1.0,1.0,1.0
1,E,Romm,10,"Blood Type Diet Perceived as ""Crass Fraud""",1.0,1.0,1.0
1,E,Romm,10,Why Do Heart Doctors Favor Surgery and Drugs Over Diet?,1.0,1.0,1.0
1,E,Romm,20,Breast Cancer Cells Feed on Cholesterol,1.0,1.0,1.0
1,E,Romm,20,Using Diet to Treat Asthma and Eczema,1.0,1.0,1.0
1,E,Romm,20,Treating Asthma With Plants vs. Pills,1.0,1.0,1.0
1,E,Romm,20,How Fruits and Vegetables Can Treat Asthma,1.0,1.0,1.0
1,E,Romm,20,How Fruits and Vegetables Can Prevent Asthma,1.0,1.0,1.0
1,E,Romm,20,Our Tax Dollars Subsidize Unhealthy Foods,1.0,1.0,1.0
1,E,Romm,20,Reducing Arsenic in Chicken and Rice,1.0,1.0,1.0
1,E,Romm,20,How Contaminated Are Our Children?,1.0,1.0,1.0
1,E,Romm,20,"Blood Type Diet Perceived as ""Crass Fraud""",1.0,1.0,1.0
1,E,Romm,20,Why Do Heart Doctors Favor Surgery and Drugs Over Diet?,1.0,1.0,1.0
1,E,Romm,50,Breast Cancer Cells Feed on Cholesterol,1.0,1.0,1.0
1,E,Romm,50,Using Diet to Treat Asthma and Eczema,1.0,1.0,1.0
1,E,Romm,50,Treating Asthma With Plants vs. Pills,1.0,1.0,1.0
1,E,Romm,50,How Fruits and Vegetables Can Treat Asthma,1.0,1.0,1.0
1,E,Romm,50,How Fruits and Vegetables Can Prevent Asthma,1.0,1.0,1.0
1,E,Romm,50,Our Tax Dollars Subsidize Unhealthy Foods,1.0,1.0,1.0
1,E,Romm,50,Reducing Arsenic in Chicken and Rice,1.0,1.0,0.9984
1,E,Romm,50,How Contaminated Are Our Children?,1.0,1.0,1.0
1,E,Romm,50,"Blood Type Diet Perceived as ""Crass Fraud""",1.0,1.0,1.0
1,E,Romm,50,Why Do Heart Doctors Favor Surgery and Drugs Over Diet?,1.0,1.0,1.0
1,E,RommCombined,1,Breast Cancer Cells Feed on Cholesterol,1.0,1.0,1.0
1,E,RommCombined,1,Using Diet to Treat Asthma and Eczema,1.0,1.0,1.0
1,E,RommCombined,1,Treating Asthma With Plants vs. Pills,1.0,1.0,1.0
1,E,RommCombined,1,How Fruits and Vegetables Can Treat Asthma,1.0,1.0,1.0
1,E,RommCombined,1,How Fruits and Vegetables Can Prevent Asthma,1.0,1.0,1.0
1,E,RommCombined,1,Our Tax Dollars Subsidize Unhealthy Foods,1.0,1.0,1.0
1,E,RommCombined,1,Reducing Arsenic in Chicken and Rice,1.0,1.0,1.0
1,E,RommCombined,1,How Contaminated Are Our Children?,1.0,1.0,1.0
1,E,RommCombined,1,"Blood Type Diet Perceived as ""Crass Fraud""",1.0,1.0,1.0
1,E,RommCombined,1,Why Do Heart Doctors Favor Surgery and Drugs Over Diet?,1.0,1.0,1.0
1,E,RommCombined,5,Breast Cancer Cells Feed on Cholesterol,1.0,1.0,1.0
1,E,RommCombined,5,Using Diet to Treat Asthma and Eczema,1.0,1.0,1.0
1,E,RommCombined,5,Treating Asthma With Plants vs. Pills,1.0,0.9999,0.8
1,E,RommCombined,5,How Fruits and Vegetables Can Treat Asthma,1.0,1.0,1.0
1,E,RommCombined,5,How Fruits and Vegetables Can Prevent Asthma,1.0,1.0,1.0
1,E,RommCombined,5,Our Tax Dollars Subsidize Unhealthy Foods,1.0,1.0,1.0
1,E,RommCombined,5,Reducing Arsenic in Chicken and Rice,1.0,1.0,1.0
1,E,RommCombined,5,How Contaminated Are Our Children?,1.0,1.0,1.0
1,E,RommCombined,5,"Blood Type Diet Perceived as ""Crass Fraud""",1.0,1.0,1.0
1,E,RommCombined,5,Why Do Heart Doctors Favor Surgery and Drugs Over Diet?,1.0,1.0,1.0
1,E,RommCombined,10,Breast Cancer Cells Feed on Cholesterol,1.0,1.0,1.0
1,E,RommCombined,10,Using Diet to Treat Asthma and Eczema,1.0,1.0,0.9556
1,E,RommCombined,10,Treating Asthma With Plants vs. Pills,1.0,1.0,0.9556
1,E,RommCombined,10,How Fruits and Vegetables Can Treat Asthma,1.0,1.0,1.0
1,E,RommCombined,10,How Fruits and Vegetables Can Prevent Asthma,1.0,1.0,1.0
1,E,RommCombined,10,Our Tax Dollars Subsidize Unhealthy Foods,1.0,1.0,0.9111
1,E,RommCombined,10,Reducing Arsenic in Chicken and Rice,1.0,1.0,1.0
1,E,RommCombined,10,How Contaminated Are Our Children?,1.0,1.0,0.9556
1,E,RommCombined,10,"Blood Type Diet Perceived as ""Crass Fraud""",1.0,1.0,0.8222
1,E,RommCombined,10,Why Do Heart Doctors Favor Surgery and Drugs Over Diet?,1.0,1.0,0.9556
1,E,RommCombined,20,Breast Cancer Cells Feed on Cholesterol,1.0,1.0,0.9789
1,E,RommCombined,20,Using Diet to Treat Asthma and Eczema,1.0,1.0,0.9684
1,E,RommCombined,20,Treating Asthma With Plants vs. Pills,1.0,1.0,0.9684
1,E,RommCombined,20,How Fruits and Vegetables Can Treat Asthma,1.0,1.0,1.0
1,E,RommCombined,20,How Fruits and Vegetables Can Prevent Asthma,1.0,1.0,0.9789
1,E,RommCombined,20,Our Tax Dollars Subsidize Unhealthy Foods,0.95,0.9999,0.9684
1,E,RommCombined,20,Reducing Arsenic in Chicken and Rice,1.0,1.0,0.9579
1,E,RommCombined,20,How Contaminated Are Our Children?,1.0,1.0,0.9579
1,E,RommCombined,20,"Blood Type Diet Perceived as ""Crass Fraud""",1.0,1.0,0.9263
1,E,RommCombined,20,Why Do Heart Doctors Favor Surgery and Drugs Over Diet?,1.0,1.0,0.9263
1,E,RommCombined,50,Breast Cancer Cells Feed on Cholesterol,0.98,0.988,0.949
1,E,RommCombined,50,Using Diet to Treat Asthma and Eczema,1.0,1.0,0.9722
1,E,RommCombined,50,Treating Asthma With Plants vs. Pills,1.0,1.0,0.9722
1,E,RommCombined,50,How Fruits and Vegetables Can Treat Asthma,0.98,0.9883,0.966
1,E,RommCombined,50,How Fruits and Vegetables Can Prevent Asthma,1.0,1.0,0.9314
1,E,RommCombined,50,Our Tax Dollars Subsidize Unhealthy Foods,0.96,0.9766,0.9734
1,E,RommCombined,50,Reducing Arsenic in Chicken and Rice,0.96,0.9794,0.9681
1,E,RommCombined,50,How Contaminated Are Our Children?,1.0,1.0,0.9804
1,E,RommCombined,50,"Blood Type Diet Perceived as ""Crass Fraud""",0.98,0.9878,0.9422
1,E,RommCombined,50,Why Do Heart Doctors Favor Surgery and Drugs Over Diet?,1.0,1.0,0.9673
1,E,Diehard,1,Breast Cancer Cells Feed on Cholesterol,1.0,1.0,1.0
1,E,Diehard,1,Using Diet to Treat Asthma and Eczema,1.0,1.0,1.0
1,E,Diehard,1,Treating Asthma With Plants vs. Pills,1.0,1.0,1.0
1,E,Diehard,1,How Fruits and Vegetables Can Treat Asthma,1.0,1.0,1.0
1,E,Diehard,1,How Fruits and Vegetables Can Prevent Asthma,1.0,1.0,1.0
1,E,Diehard,1,Our Tax Dollars Subsidize Unhealthy Foods,1.0,1.0,1.0
1,E,Diehard,1,Reducing Arsenic in Chicken and Rice,1.0,1.0,1.0
1,E,Diehard,1,How Contaminated Are Our Children?,1.0,1.0,1.0
1,E,Diehard,1,"Blood Type Diet Perceived as ""Crass Fraud""",1.0,1.0,1.0
1,E,Diehard,1,Why Do Heart Doctors Favor Surgery and Drugs Over Diet?,1.0,1.0,1.0
1,E,Diehard,5,Breast Cancer Cells Feed on Cholesterol,1.0,1.0,1.0
1,E,Diehard,5,Using Diet to Treat Asthma and Eczema,1.0,1.0,1.0
1,E,Diehard,5,Treating Asthma With Plants vs. Pills,1.0,1.0,1.0
1,E,Diehard,5,How Fruits and Vegetables Can Treat Asthma,1.0,1.0,1.0
1,E,Diehard,5,How Fruits and Vegetables Can Prevent Asthma,1.0,1.0,1.0
1,E,Diehard,5,Our Tax Dollars Subsidize Unhealthy Foods,1.0,1.0,1.0
1,E,Diehard,5,Reducing Arsenic in Chicken and Rice,1.0,1.0,1.0
1,E,Diehard,5,How Contaminated Are Our Children?,1.0,1.0,1.0
1,E,Diehard,5,"Blood Type Diet Perceived as ""Crass Fraud""",1.0,1.0,1.0
1,E,Diehard,5,Why Do Heart Doctors Favor Surgery and Drugs Over Diet?,1.0,1.0,1.0
1,E,Diehard,10,Breast Cancer Cells Feed on Cholesterol,1.0,1.0,1.0
1,E,Diehard,10,Using Diet to Treat Asthma and Eczema,1.0,1.0,1.0
1,E,Diehard,10,Treating Asthma With Plants vs. Pills,1.0,1.0,1.0
1,E,Diehard,10,How Fruits and Vegetables Can Treat Asthma,1.0,1.0,1.0
1,E,Diehard,10,How Fruits and Vegetables Can Prevent Asthma,1.0,1.0,1.0
1,E,Diehard,10,Our Tax Dollars Subsidize Unhealthy Foods,1.0,1.0,1.0
1,E,Diehard,10,Reducing Arsenic in Chicken and Rice,1.0,1.0,1.0
1,E,Diehard,10,How Contaminated Are Our Children?,1.0,1.0,1.0
1,E,Diehard,10,"Blood Type Diet Perceived as ""Crass Fraud""",1.0,1.0,1.0
1,E,Diehard,10,Why Do Heart Doctors Favor Surgery and Drugs Over Diet?,1.0,1.0,1.0
1,E,Diehard,20,Breast Cancer Cells Feed on Cholesterol,1.0,1.0,1.0
1,E,Diehard,20,Using Diet to Treat Asthma and Eczema,1.0,1.0,1.0
1,E,Diehard,20,Treating Asthma With Plants vs. Pills,1.0,1.0,1.0
1,E,Diehard,20,How Fruits and Vegetables Can Treat Asthma,1.0,1.0,1.0
1,E,Diehard,20,How Fruits and Vegetables Can Prevent Asthma,1.0,1.0,1.0
1,E,Diehard,20,Our Tax Dollars Subsidize Unhealthy Foods,1.0,1.0,1.0
1,E,Diehard,20,Reducing Arsenic in Chicken and Rice,1.0,1.0,1.0
1,E,Diehard,20,How Contaminated Are Our Children?,1.0,1.0,1.0
1,E,Diehard,20,"Blood Type Diet Perceived as ""Crass Fraud""",1.0,1.0,1.0
1,E,Diehard,20,Why Do Heart Doctors Favor Surgery and Drugs Over Diet?,1.0,1.0,1.0
1,E,Diehard,50,Breast Cancer Cells Feed on Cholesterol,1.0,1.0,1.0
1,E,Diehard,50,Using Diet to Treat Asthma and Eczema,1.0,1.0,1.0
1,E,Diehard,50,Treating Asthma With Plants vs. Pills,1.0,1.0,1.0
1,E,Diehard,50,How Fruits and Vegetables Can Treat Asthma,1.0,1.0,0.9984
1,E,Diehard,50,How Fruits and Vegetables Can Prevent Asthma,1.0,1.0,0.9984
1,E,Diehard,50,Our Tax Dollars Subsidize Unhealthy Foods,1.0,1.0,1.0
1,E,Diehard,50,Reducing Arsenic in Chicken and Rice,1.0,1.0,1.0
1,E,Diehard,50,How Contaminated Are Our Children?,1.0,1.0,1.0
1,E,Diehard,50,"Blood Type Diet Perceived as ""Crass Fraud""",1.0,1.0,1.0
1,E,Diehard,50,Why Do Heart Doctors Favor Surgery and Drugs Over Diet?,1.0,1.0,1.0
1,E,DiehardCombined,1,Breast Cancer Cells Feed on Cholesterol,1.0,1.0,1.0
1,E,DiehardCombined,1,Using Diet to Treat Asthma and Eczema,1.0,1.0,1.0
1,E,DiehardCombined,1,Treating Asthma With Plants vs. Pills,1.0,1.0,1.0
1,E,DiehardCombined,1,How Fruits and Vegetables Can Treat Asthma,1.0,1.0,1.0
1,E,DiehardCombined,1,How Fruits and Vegetables Can Prevent Asthma,0.0,0.9975,1.0
1,E,DiehardCombined,1,Our Tax Dollars Subsidize Unhealthy Foods,1.0,1.0,1.0
1,E,DiehardCombined,1,Reducing Arsenic in Chicken and Rice,1.0,1.0,1.0
1,E,DiehardCombined,1,How Contaminated Are Our Children?,0.0,0.977,1.0
1,E,DiehardCombined,1,"Blood Type Diet Perceived as ""Crass Fraud""",1.0,1.0,1.0
1,E,DiehardCombined,1,Why Do Heart Doctors Favor Surgery and Drugs Over Diet?,1.0,1.0,1.0
1,E,DiehardCombined,5,Breast Cancer Cells Feed on Cholesterol,0.8,0.996,0.8
1,E,DiehardCombined,5,Using Diet to Treat Asthma and Eczema,0.6,0.9851,0.8
1,E,DiehardCombined,5,Treating Asthma With Plants vs. Pills,1.0,0.9999,0.6
1,E,DiehardCombined,5,How Fruits and Vegetables Can Treat Asthma,0.8,0.996,0.8
1,E,DiehardCombined,5,How Fruits and Vegetables Can Prevent Asthma,0.4,0.9827,0.8
1,E,DiehardCombined,5,Our Tax Dollars Subsidize Unhealthy Foods,0.8,0.9936,0.4
1,E,DiehardCombined,5,Reducing Arsenic in Chicken and Rice,1.0,0.9981,0.8
1,E,DiehardCombined,5,How Contaminated Are Our Children?,0.8,0.9784,0.2
1,E,DiehardCombined,5,"Blood Type Diet Perceived as ""Crass Fraud""",0.6,0.9735,0.6
1,E,DiehardCombined,5,Why Do Heart Doctors Favor Surgery and Drugs Over Diet?,0.8,0.9974,0.6
1,E,DiehardCombined,10,Breast Cancer Cells Feed on Cholesterol,0.9,0.9318,0.7222
1,E,DiehardCombined,10,Using Diet to Treat Asthma and Eczema,0.9,0.9947,0.4667
1,E,DiehardCombined,10,Treating Asthma With Plants vs. Pills,0.9,0.9908,0.7333
1,E,DiehardCombined,10,How Fruits and Vegetables Can Treat Asthma,0.8,0.9848,0.7333
1,E,DiehardCombined,10,How Fruits and Vegetables Can Prevent Asthma,0.8,0.989,0.5111
1,E,DiehardCombined,10,Our Tax Dollars Subsidize Unhealthy Foods,0.8,0.9892,0.6
1,E,DiehardCombined,10,Reducing Arsenic in Chicken and Rice,0.9,0.9966,0.8222
1,E,DiehardCombined,10,How Contaminated Are Our Children?,0.8,0.9851,0.4222
1,E,DiehardCombined,10,"Blood Type Diet Perceived as ""Crass Fraud""",0.7,0.9804,0.3333
1,E,DiehardCombined,10,Why Do Heart Doctors Favor Surgery and Drugs Over Diet?,0.9,0.9969,0.7778
1,E,DiehardCombined,20,Breast Cancer Cells Feed on Cholesterol,0.7,0.9205,0.7778
1,E,DiehardCombined,20,Using Diet to Treat Asthma and Eczema,0.9,0.9966,0.7158
1,E,DiehardCombined,20,Treating Asthma With Plants vs. Pills,0.75,0.9868,0.6632
1,E,DiehardCombined,20,How Fruits and Vegetables Can Treat Asthma,0.8,0.9638,0.6491
1,E,DiehardCombined,20,How Fruits and Vegetables Can Prevent Asthma,0.9,0.9928,0.6105
1,E,DiehardCombined,20,Our Tax Dollars Subsidize Unhealthy Foods,0.75,0.986,0.6105
1,E,DiehardCombined,20,Reducing Arsenic in Chicken and Rice,0.85,0.9924,0.7684
1,E,DiehardCombined,20,How Contaminated Are Our Children?,0.8,0.9856,0.4526
1,E,DiehardCombined,20,"Blood Type Diet Perceived as ""Crass Fraud""",0.7,0.9529,0.3567
1,E,DiehardCombined,20,Why Do Heart Doctors Favor Surgery and Drugs Over Diet?,0.75,0.9954,0.6211
1,E,DiehardCombined,50,Breast Cancer Cells Feed on Cholesterol,0.76,0.8256,0.6358
1,E,DiehardCombined,50,Using Diet to Treat Asthma and Eczema,0.84,0.907,0.7305
1,E,DiehardCombined,50,Treating Asthma With Plants vs. Pills,0.9,0.9363,0.5313
1,E,DiehardCombined,50,How Fruits and Vegetables Can Treat Asthma,0.8,0.8689,0.6846
1,E,DiehardCombined,50,How Fruits and Vegetables Can Prevent Asthma,0.88,0.9178,0.6216
1,E,DiehardCombined,50,Our Tax Dollars Subsidize Unhealthy Foods,0.78,0.8538,0.6275
1,E,DiehardCombined,50,Reducing Arsenic in Chicken and Rice,0.82,0.8952,0.6707
1,E,DiehardCombined,50,How Contaminated Are Our Children?,0.84,0.8924,0.6121
1,E,DiehardCombined,50,"Blood Type Diet Perceived as ""Crass Fraud""",0.72,0.8002,0.4254
1,E,DiehardCombined,50,Why Do Heart Doctors Favor Surgery and Drugs Over Diet?,0.88,0.9197,0.6786
1,E,Ckks,1,Breast Cancer Cells Feed on Cholesterol,1.0,1.0,1.0
1,E,Ckks,1,Using Diet to Treat Asthma and Eczema,1.0,1.0,1.0
1,E,Ckks,1,Treating Asthma With Plants vs. Pills,1.0,1.0,1.0
1,E,Ckks,1,How Fruits and Vegetables Can Treat Asthma,1.0,1.0,1.0
1,E,Ckks,1,How Fruits and Vegetables Can Prevent Asthma,1.0,1.0,1.0
1,E,Ckks,1,Our Tax Dollars Subsidize Unhealthy Foods,1.0,1.0,1.0
1,E,Ckks,1,Reducing Arsenic in Chicken and Rice,1.0,1.0,1.0
1,E,Ckks,1,How Contaminated Are Our Children?,1.0,1.0,1.0
1,E,Ckks,1,"Blood Type Diet Perceived as ""Crass Fraud""",1.0,1.0,1.0
1,E,Ckks,1,Why Do Heart Doctors Favor Surgery and Drugs Over Diet?,1.0,1.0,1.0
1,E,Ckks,5,Breast Cancer Cells Feed on Cholesterol,1.0,1.0,1.0
1,E,Ckks,5,Using Diet to Treat Asthma and Eczema,1.0,1.0,1.0
1,E,Ckks,5,Treating Asthma With Plants vs. Pills,1.0,1.0,1.0
1,E,Ckks,5,How Fruits and Vegetables Can Treat Asthma,1.0,1.0,1.0
1,E,Ckks,5,How Fruits and Vegetables Can Prevent Asthma,1.0,1.0,1.0
1,E,Ckks,5,Our Tax Dollars Subsidize Unhealthy Foods,1.0,1.0,1.0
1,E,Ckks,5,Reducing Arsenic in Chicken and Rice,1.0,1.0,1.0
1,E,Ckks,5,How Contaminated Are Our Children?,1.0,1.0,1.0
1,E,Ckks,5,"Blood Type Diet Perceived as ""Crass Fraud""",1.0,1.0,1.0
1,E,Ckks,5,Why Do Heart Doctors Favor Surgery and Drugs Over Diet?,1.0,1.0,0.8
1,E,Ckks,10,Breast Cancer Cells Feed on Cholesterol,1.0,1.0,1.0
1,E,Ckks,10,Using Diet to Treat Asthma and Eczema,1.0,1.0,1.0
1,E,Ckks,10,Treating Asthma With Plants vs. Pills,1.0,1.0,1.0
1,E,Ckks,10,How Fruits and Vegetables Can Treat Asthma,1.0,1.0,1.0
1,E,Ckks,10,How Fruits and Vegetables Can Prevent Asthma,1.0,1.0,1.0
1,E,Ckks,10,Our Tax Dollars Subsidize Unhealthy Foods,1.0,1.0,1.0
1,E,Ckks,10,Reducing Arsenic in Chicken and Rice,1.0,1.0,1.0
1,E,Ckks,10,How Contaminated Are Our Children?,1.0,1.0,1.0
1,E,Ckks,10,"Blood Type Diet Perceived as ""Crass Fraud""",1.0,1.0,1.0
1,E,Ckks,10,Why Do Heart Doctors Favor Surgery and Drugs Over Diet?,1.0,1.0,0.9556
1,E,Ckks,20,Breast Cancer Cells Feed on Cholesterol,1.0,1.0,1.0
1,E,Ckks,20,Using Diet to Treat Asthma and Eczema,1.0,1.0,1.0
1,E,Ckks,20,Treating Asthma With Plants vs. Pills,1.0,1.0,1.0
1,E,Ckks,20,How Fruits and Vegetables Can Treat Asthma,1.0,1.0,1.0
1,E,Ckks,20,How Fruits and Vegetables Can Prevent Asthma,1.0,1.0,1.0
1,E,Ckks,20,Our Tax Dollars Subsidize Unhealthy Foods,1.0,1.0,1.0
1,E,Ckks,20,Reducing Arsenic in Chicken and Rice,1.0,1.0,1.0
1,E,Ckks,20,How Contaminated Are Our Children?,1.0,1.0,1.0
1,E,Ckks,20,"Blood Type Diet Perceived as ""Crass Fraud""",1.0,1.0,1.0
1,E,Ckks,20,Why Do Heart Doctors Favor Surgery and Drugs Over Diet?,1.0,1.0,0.9895
1,E,Ckks,50,Breast Cancer Cells Feed on Cholesterol,1.0,1.0,1.0
1,E,Ckks,50,Using Diet to Treat Asthma and Eczema,1.0,1.0,1.0
1,E,Ckks,50,Treating Asthma With Plants vs. Pills,1.0,1.0,0.9984
1,E,Ckks,50,How Fruits and Vegetables Can Treat Asthma,1.0,1.0,0.9984
1,E,Ckks,50,How Fruits and Vegetables Can Prevent Asthma,1.0,1.0,0.9984
1,E,Ckks,50,Our Tax Dollars Subsidize Unhealthy Foods,1.0,1.0,0.9984
1,E,Ckks,50,Reducing Arsenic in Chicken and Rice,1.0,1.0,1.0
1,E,Ckks,50,How Contaminated Are Our Children?,1.0,1.0,1.0
1,E,Ckks,50,"Blood Type Diet Perceived as ""Crass Fraud""",1.0,1.0,1.0
1,E,Ckks,50,Why Do Heart Doctors Favor Surgery and Drugs Over Diet?,1.0,1.0,0.9967
1,E,CkksCombined,1,Breast Cancer Cells Feed on Cholesterol,1.0,1.0,1.0
1,E,CkksCombined,1,Using Diet to Treat Asthma and Eczema,1.0,1.0,1.0
1,E,CkksCombined,1,Treating Asthma With Plants vs. Pills,1.0,1.0,1.0
1,E,CkksCombined,1,How Fruits and Vegetables Can Treat Asthma,1.0,1.0,1.0
1,E,CkksCombined,1,How Fruits and Vegetables Can Prevent Asthma,0.0,0.9975,1.0
1,E,CkksCombined,1,Our Tax Dollars Subsidize Unhealthy Foods,1.0,1.0,1.0
1,E,CkksCombined,1,Reducing Arsenic in Chicken and Rice,1.0,1.0,1.0
1,E,CkksCombined,1,How Contaminated Are Our Children?,1.0,1.0,1.0
1,E,CkksCombined,1,"Blood Type Diet Perceived as ""Crass Fraud""",1.0,1.0,1.0
1,E,CkksCombined,1,Why Do Heart Doctors Favor Surgery and Drugs Over Diet?,1.0,1.0,1.0
1,E,CkksCombined,5,Breast Cancer Cells Feed on Cholesterol,1.0,1.0,1.0
1,E,CkksCombined,5,Using Diet to Treat Asthma and Eczema,1.0,1.0,1.0
1,E,CkksCombined,5,Treating Asthma With Plants vs. Pills,1.0,1.0,1.0
1,E,CkksCombined,5,How Fruits and Vegetables Can Treat Asthma,1.0,1.0,1.0
1,E,CkksCombined,5,How Fruits and Vegetables Can Prevent Asthma,1.0,0.9997,0.8
1,E,CkksCombined,5,Our Tax Dollars Subsidize Unhealthy Foods,1.0,1.0,1.0
1,E,CkksCombined,5,Reducing Arsenic in Chicken and Rice,1.0,1.0,1.0
1,E,CkksCombined,5,How Contaminated Are Our Children?,1.0,1.0,1.0
1,E,CkksCombined,5,"Blood Type Diet Perceived as ""Crass Fraud""",1.0,1.0,1.0
1,E,CkksCombined,5,Why Do Heart Doctors Favor Surgery and Drugs Over Diet?,1.0,1.0,0.8
1,E,CkksCombined,10,Breast Cancer Cells Feed on Cholesterol,1.0,1.0,0.9111
1,E,CkksCombined,10,Using Diet to Treat Asthma and Eczema,1.0,1.0,0.9556
1,E,CkksCombined,10,Treating Asthma With Plants vs. Pills,1.0,1.0,1.0
1,E,CkksCombined,10,How Fruits and Vegetables Can Treat Asthma,1.0,1.0,1.0
1,E,CkksCombined,10,How Fruits and Vegetables Can Prevent Asthma,1.0,0.9998,0.9556
1,E,CkksCombined,10,Our Tax Dollars Subsidize Unhealthy Foods,1.0,1.0,1.0
1,E,CkksCombined,10,Reducing Arsenic in Chicken and Rice,1.0,1.0,1.0
1,E,CkksCombined,10,How Contaminated Are Our Children?,1.0,1.0,1.0
1,E,CkksCombined,10,"Blood Type Diet Perceived as ""Crass Fraud""",1.0,1.0,0.8667
1,E,CkksCombined,10,Why Do Heart Doctors Favor Surgery and Drugs Over Diet?,1.0,1.0,0.9111
1,E,CkksCombined,20,Breast Cancer Cells Feed on Cholesterol,0.95,0.9998,0.9789
1,E,CkksCombined,20,Using Diet to Treat Asthma and Eczema,0.95,0.9998,0.9579
1,E,CkksCombined,20,Treating Asthma With Plants vs. Pills,1.0,1.0,0.9895
1,E,CkksCombined,20,How Fruits and Vegetables Can Treat Asthma,0.95,0.9998,0.9789
1,E,CkksCombined,20,How Fruits and Vegetables Can Prevent Asthma,0.95,0.9997,0.9684
1,E,CkksCombined,20,Our Tax Dollars Subsidize Unhealthy Foods,1.0,1.0,0.9684
1,E,CkksCombined,20,Reducing Arsenic in Chicken and Rice,1.0,1.0,0.9895
1,E,CkksCombined,20,How Contaminated Are Our Children?,1.0,1.0,0.9684
1,E,CkksCombined,20,"Blood Type Diet Perceived as ""Crass Fraud""",1.0,1.0,0.9158
1,E,CkksCombined,20,Why Do Heart Doctors Favor Surgery and Drugs Over Diet?,0.9,0.9998,0.9684
1,E,CkksCombined,50,Breast Cancer Cells Feed on Cholesterol,0.98,0.988,0.9558
1,E,CkksCombined,50,Using Diet to Treat Asthma and Eczema,1.0,1.0,0.9755
1,E,CkksCombined,50,Treating Asthma With Plants vs. Pills,1.0,1.0,0.9788
1,E,CkksCombined,50,How Fruits and Vegetables Can Treat Asthma,1.0,1.0,0.9576
1,E,CkksCombined,50,How Fruits and Vegetables Can Prevent Asthma,1.0,0.9999,0.9233
1,E,CkksCombined,50,Our Tax Dollars Subsidize Unhealthy Foods,0.96,0.976,0.9734
1,E,CkksCombined,50,Reducing Arsenic in Chicken and Rice,1.0,1.0,0.9624
1,E,CkksCombined,50,How Contaminated Are Our Children?,0.98,0.9882,0.9762
1,E,CkksCombined,50,"Blood Type Diet Perceived as ""Crass Fraud""",0.98,0.9878,0.9558
1,E,CkksCombined,50,Why Do Heart Doctors Favor Surgery and Drugs Over Diet?,0.98,0.9878,0.9558
2,E,Scrambling,1,Breast Cancer Cells Feed on Cholesterol,1.0,1.0,1.0
2,E,Scrambling,1,Using Diet to Treat Asthma and Eczema,1.0,1.0,1.0
2,E,Scrambling,1,Treating Asthma With Plants vs. Pills,1.0,1.0,1.0
2,E,Scrambling,1,How Fruits and Vegetables Can Treat Asthma,1.0,1.0,1.0
2,E,Scrambling,1,How Fruits and Vegetables Can Prevent Asthma,1.0,1.0,1.0
2,E,Scrambling,1,Our Tax Dollars Subsidize Unhealthy Foods,1.0,1.0,1.0
2,E,Scrambling,1,Reducing Arsenic in Chicken and Rice,1.0,1.0,1.0
2,E,Scrambling,1,How Contaminated Are Our Children?,1.0,1.0,1.0
2,E,Scrambling,1,"Blood Type Diet Perceived as ""Crass Fraud""",1.0,1.0,1.0
2,E,Scrambling,1,Why Do Heart Doctors Favor Surgery and Drugs Over Diet?,1.0,1.0,1.0
2,E,Scrambling,5,Breast Cancer Cells Feed on Cholesterol,1.0,1.0,1.0
2,E,Scrambling,5,Using Diet to Treat Asthma and Eczema,1.0,1.0,1.0
2,E,Scrambling,5,Treating Asthma With Plants vs. Pills,1.0,1.0,1.0
2,E,Scrambling,5,How Fruits and Vegetables Can Treat Asthma,1.0,1.0,1.0
2,E,Scrambling,5,How Fruits and Vegetables Can Prevent Asthma,1.0,1.0,1.0
2,E,Scrambling,5,Our Tax Dollars Subsidize Unhealthy Foods,1.0,1.0,1.0
2,E,Scrambling,5,Reducing Arsenic in Chicken and Rice,1.0,1.0,1.0
2,E,Scrambling,5,How Contaminated Are Our Children?,1.0,1.0,1.0
2,E,Scrambling,5,"Blood Type Diet Perceived as ""Crass Fraud""",1.0,1.0,1.0
2,E,Scrambling,5,Why Do Heart Doctors Favor Surgery and Drugs Over Diet?,1.0,1.0,0.8
2,E,Scrambling,10,Breast Cancer Cells Feed on Cholesterol,1.0,1.0,1.0
2,E,Scrambling,10,Using Diet to Treat Asthma and Eczema,1.0,1.0,1.0
2,E,Scrambling,10,Treating Asthma With Plants vs. Pills,1.0,1.0,1.0
2,E,Scrambling,10,How Fruits and Vegetables Can Treat Asthma,1.0,1.0,1.0
2,E,Scrambling,10,How Fruits and Vegetables Can Prevent Asthma,1.0,1.0,1.0
2,E,Scrambling,10,Our Tax Dollars Subsidize Unhealthy Foods,1.0,1.0,1.0
2,E,Scrambling,10,Reducing Arsenic in Chicken and Rice,1.0,1.0,1.0
2,E,Scrambling,10,How Contaminated Are Our Children?,1.0,1.0,1.0
2,E,Scrambling,10,"Blood Type Diet Perceived as ""Crass Fraud""",1.0,1.0,1.0
2,E,Scrambling,10,Why Do Heart Doctors Favor Surgery and Drugs Over Diet?,1.0,1.0,0.9556
2,E,Scrambling,20,Breast Cancer Cells Feed on Cholesterol,1.0,1.0,1.0
2,E,Scrambling,20,Using Diet to Treat Asthma and Eczema,1.0,1.0,1.0
2,E,Scrambling,20,Treating Asthma With Plants vs. Pills,1.0,1.0,1.0
2,E,Scrambling,20,How Fruits and Vegetables Can Treat Asthma,1.0,1.0,1.0
2,E,Scrambling,20,How Fruits and Vegetables Can Prevent Asthma,1.0,1.0,1.0
2,E,Scrambling,20,Our Tax Dollars Subsidize Unhealthy Foods,1.0,1.0,1.0
2,E,Scrambling,20,Reducing Arsenic in Chicken and Rice,1.0,1.0,1.0
2,E,Scrambling,20,How Contaminated Are Our Children?,1.0,1.0,1.0
2,E,Scrambling,20,"Blood Type Diet Perceived as ""Crass Fraud""",1.0,1.0,1.0
2,E,Scrambling,20,Why Do Heart Doctors Favor Surgery and Drugs Over Diet?,1.0,1.0,0.9895
2,E,Scrambling,50,Breast Cancer Cells Feed on Cholesterol,1.0,1.0,1.0
2,E,Scrambling,50,Using Diet to Treat Asthma and Eczema,1.0,1.0,1.0
2,E,Scrambling,50,Treating Asthma With Plants vs. Pills,1.0,1.0,0.9984
2,E,Scrambling,50,How Fruits and Vegetables Can Treat Asthma,1.0,1.0,0.9984
2,E,Scrambling,50,How Fruits and Vegetables Can Prevent Asthma,1.0,1.0,0.9984
2,E,Scrambling,50,Our Tax Dollars Subsidize Unhealthy Foods,1.0,1.0,1.0
2,E,Scrambling,50,Reducing Arsenic in Chicken and Rice,1.0,1.0,1.0
2,E,Scrambling,50,How Contaminated Are Our Children?,1.0,1.0,1.0
2,E,Scrambling,50,"Blood Type Diet Perceived as ""Crass Fraud""",1.0,1.0,0.9984
2,E,Scrambling,50,Why Do Heart Doctors Favor Surgery and Drugs Over Diet?,1.0,1.0,0.9984
2,E,Noise,1,Breast Cancer Cells Feed on Cholesterol,1.0,1.0,1.0
2,E,Noise,1,Using Diet to Treat Asthma and Eczema,1.0,1.0,1.0
2,E,Noise,1,Treating Asthma With Plants vs. Pills,1.0,1.0,1.0
2,E,Noise,1,How Fruits and Vegetables Can Treat Asthma,1.0,1.0,1.0
2,E,Noise,1,How Fruits and Vegetables Can Prevent Asthma,1.0,1.0,1.0
2,E,Noise,1,Our Tax Dollars Subsidize Unhealthy Foods,1.0,1.0,1.0
2,E,Noise,1,Reducing Arsenic in Chicken and Rice,1.0,1.0,1.0
2,E,Noise,1,How Contaminated Are Our Children?,1.0,1.0,1.0
2,E,Noise,1,"Blood Type Diet Perceived as ""Crass Fraud""",1.0,1.0,1.0
2,E,Noise,1,Why Do Heart Doctors Favor Surgery and Drugs Over Diet?,1.0,1.0,1.0
2,E,Noise,5,Breast Cancer Cells Feed on Cholesterol,1.0,1.0,1.0
2,E,Noise,5,Using Diet to Treat Asthma and Eczema,1.0,1.0,1.0
2,E,Noise,5,Treating Asthma With Plants vs. Pills,1.0,1.0,0.8
2,E,Noise,5,How Fruits and Vegetables Can Treat Asthma,1.0,1.0,1.0
2,E,Noise,5,How Fruits and Vegetables Can Prevent Asthma,1.0,1.0,1.0
2,E,Noise,5,Our Tax Dollars Subsidize Unhealthy Foods,1.0,1.0,1.0
2,E,Noise,5,Reducing Arsenic in Chicken and Rice,1.0,1.0,1.0
2,E,Noise,5,How Contaminated Are Our Children?,1.0,1.0,1.0
2,E,Noise,5,"Blood Type Diet Perceived as ""Crass Fraud""",1.0,1.0,1.0
2,E,Noise,5,Why Do Heart Doctors Favor Surgery and Drugs Over Diet?,1.0,1.0,0.8
2,E,Noise,10,Breast Cancer Cells Feed on Cholesterol,0.9,0.9998,0.9556
2,E,Noise,10,Using Diet to Treat Asthma and Eczema,1.0,1.0,0.9111
2,E,Noise,10,Treating Asthma With Plants vs. Pills,1.0,1.0,0.9111
2,E,Noise,10,How Fruits and Vegetables Can Treat Asthma,1.0,1.0,1.0
2,E,Noise,10,How Fruits and Vegetables Can Prevent Asthma,1.0,1.0,1.0
2,E,Noise,10,Our Tax Dollars Subsidize Unhealthy Foods,1.0,1.0,0.9111
2,E,Noise,10,Reducing Arsenic in Chicken and Rice,1.0,1.0,1.0
2,E,Noise,10,How Contaminated Are Our Children?,1.0,1.0,1.0
2,E,Noise,10,"Blood Type Diet Perceived as ""Crass Fraud""",1.0,1.0,0.8222
2,E,Noise,10,Why Do Heart Doctors Favor Surgery and Drugs Over Diet?,1.0,1.0,0.9556
2,E,Noise,20,Breast Cancer Cells Feed on Cholesterol,1.0,1.0,0.9368
2,E,Noise,20,Using Diet to Treat Asthma and Eczema,0.95,0.9998,0.9684
2,E,Noise,20,Treating Asthma With Plants vs. Pills,1.0,1.0,0.9684
2,E,Noise,20,How Fruits and Vegetables Can Treat Asthma,1.0,1.0,0.9895
2,E,Noise,20,How Fruits and Vegetables Can Prevent Asthma,1.0,1.0,1.0
2,E,Noise,20,Our Tax Dollars Subsidize Unhealthy Foods,1.0,1.0,0.9474
2,E,Noise,20,Reducing Arsenic in Chicken and Rice,1.0,1.0,0.9895
2,E,Noise,20,How Contaminated Are Our Children?,1.0,1.0,0.9474
2,E,Noise,20,"Blood Type Diet Perceived as ""Crass Fraud""",1.0,1.0,0.9368
2,E,Noise,20,Why Do Heart Doctors Favor Surgery and Drugs Over Diet?,0.95,0.9999,0.9579
2,E,Noise,50,Breast Cancer Cells Feed on Cholesterol,0.96,0.9764,0.9379
2,E,Noise,50,Using Diet to Treat Asthma and Eczema,1.0,1.0,0.9673
2,E,Noise,50,Treating Asthma With Plants vs. Pills,1.0,1.0,0.9706
2,E,Noise,50,How Fruits and Vegetables Can Treat Asthma,1.0,1.0,0.9722
2,E,Noise,50,How Fruits and Vegetables Can Prevent Asthma,1.0,1.0,0.9494
2,E,Noise,50,Our Tax Dollars Subsidize Unhealthy Foods,0.98,0.9882,0.9694
2,E,Noise,50,Reducing Arsenic in Chicken and Rice,0.98,0.9897,0.9694
2,E,Noise,50,How Contaminated Are Our Children?,0.98,0.9882,0.9677
2,E,Noise,50,"Blood Type Diet Perceived as ""Crass Fraud""",0.98,0.9879,0.9643
2,E,Noise,50,Why Do Heart Doctors Favor Surgery and Drugs Over Diet?,1.0,1.0,0.9657
2,E,Combined,1,Breast Cancer Cells Feed on Cholesterol,1.0,1.0,1.0
2,E,Combined,1,Using Diet to Treat Asthma and Eczema,1.0,1.0,1.0
2,E,Combined,1,Treating Asthma With Plants vs. Pills,1.0,1.0,1.0
2,E,Combined,1,How Fruits and Vegetables Can Treat Asthma,1.0,1.0,1.0
2,E,Combined,1,How Fruits and Vegetables Can Prevent Asthma,1.0,1.0,1.0
2,E,Combined,1,Our Tax Dollars Subsidize Unhealthy Foods,1.0,1.0,1.0
2,E,Combined,1,Reducing Arsenic in Chicken and Rice,1.0,1.0,1.0
2,E,Combined,1,How Contaminated Are Our Children?,1.0,1.0,1.0
2,E,Combined,1,"Blood Type Diet Perceived as ""Crass Fraud""",1.0,1.0,1.0
2,E,Combined,1,Why Do Heart Doctors Favor Surgery and Drugs Over Diet?,1.0,1.0,1.0
2,E,Combined,5,Breast Cancer Cells Feed on Cholesterol,0.8,0.9987,1.0
2,E,Combined,5,Using Diet to Treat Asthma and Eczema,1.0,1.0,1.0
2,E,Combined,5,Treating Asthma With Plants vs. Pills,1.0,1.0,1.0
2,E,Combined,5,How Fruits and Vegetables Can Treat Asthma,1.0,1.0,1.0
2,E,Combined,5,How Fruits and Vegetables Can Prevent Asthma,1.0,1.0,1.0
2,E,Combined,5,Our Tax Dollars Subsidize Unhealthy Foods,1.0,1.0,1.0
2,E,Combined,5,Reducing Arsenic in Chicken and Rice,1.0,1.0,1.0
2,E,Combined,5,How Contaminated Are Our Children?,1.0,1.0,1.0
2,E,Combined,5,"Blood Type Diet Perceived as ""Crass Fraud""",1.0,1.0,1.0
2,E,Combined,5,Why Do Heart Doctors Favor Surgery and Drugs Over Diet?,1.0,1.0,0.8
2,E,Combined,10,Breast Cancer Cells Feed on Cholesterol,1.0,0.9999,0.9556
2,E,Combined,10,Using Diet to Treat Asthma and Eczema,1.0,0.9999,0.9111
2,E,Combined,10,Treating Asthma With Plants vs. Pills,1.0,1.0,1.0
2,E,Combined,10,How Fruits and Vegetables Can Treat Asthma,0.9,0.9997,1.0
2,E,Combined,10,How Fruits and Vegetables Can Prevent Asthma,1.0,1.0,1.0
2,E,Combined,10,Our Tax Dollars Subsidize Unhealthy Foods,1.0,1.0,0.9556
2,E,Combined,10,Reducing Arsenic in Chicken and Rice,1.0,1.0,1.0
2,E,Combined,10,How Contaminated Are Our Children?,1.0,1.0,0.9556
2,E,Combined,10,"Blood Type Diet Perceived as ""Crass Fraud""",1.0,1.0,0.9556
2,E,Combined,10,Why Do Heart Doctors Favor Surgery and Drugs Over Diet?,1.0,1.0,0.9111
2,E,Combined,20,Breast Cancer Cells Feed on Cholesterol,0.95,0.9998,0.9474
2,E,Combined,20,Using Diet to Treat Asthma and Eczema,1.0,0.9999,0.9789
2,E,Combined,20,Treating Asthma With Plants vs. Pills,1.0,1.0,0.9789
2,E,Combined,20,How Fruits and Vegetables Can Treat Asthma,1.0,1.0,0.9684
2,E,Combined,20,How Fruits and Vegetables Can Prevent Asthma,1.0,1.0,0.9895
2,E,Combined,20,Our Tax Dollars Subsidize Unhealthy Foods,1.0,1.0,0.9474
2,E,Combined,20,Reducing Arsenic in Chicken and Rice,1.0,1.0,1.0
2,E,Combined,20,How Contaminated Are Our Children?,1.0,1.0,0.9684
2,E,Combined,20,"Blood Type Diet Perceived as ""Crass Fraud""",0.95,0.9998,0.9579
2,E,Combined,20,Why Do Heart Doctors Favor Surgery and Drugs Over Diet?,1.0,1.0,0.9579
2,E,Combined,50,Breast Cancer Cells Feed on Cholesterol,0.98,0.9881,0.9337
2,E,Combined,50,Using Diet to Treat Asthma and Eczema,1.0,1.0,0.9771
2,E,Combined,50,Treating Asthma With Plants vs. Pills,0.98,0.9887,0.9847
2,E,Combined,50,How Fruits and Vegetables Can Treat Asthma,1.0,1.0,0.9641
2,E,Combined,50,How Fruits and Vegetables Can Prevent Asthma,1.0,1.0,0.9543
2,E,Combined,50,Our Tax Dollars Subsidize Unhealthy Foods,0.96,0.9765,0.9521
2,E,Combined,50,Reducing Arsenic in Chicken and Rice,0.98,0.9897,0.9796
2,E,Combined,50,How Contaminated Are Our Children?,0.98,0.9882,0.9762
2,E,Combined,50,"Blood Type Diet Perceived as ""Crass Fraud""",0.98,0.9879,0.9592
2,E,Combined,50,Why Do Heart Doctors Favor Surgery and Drugs Over Diet?,0.96,0.9756,0.9752
2,E,Rome,1,Breast Cancer Cells Feed on Cholesterol,1.0,1.0,1.0
2,E,Rome,1,Using Diet to Treat Asthma and Eczema,1.0,1.0,1.0
2,E,Rome,1,Treating Asthma With Plants vs. Pills,1.0,1.0,1.0
2,E,Rome,1,How Fruits and Vegetables Can Treat Asthma,1.0,1.0,1.0
2,E,Rome,1,How Fruits and Vegetables Can Prevent Asthma,1.0,1.0,1.0
2,E,Rome,1,Our Tax Dollars Subsidize Unhealthy Foods,1.0,1.0,1.0
2,E,Rome,1,Reducing Arsenic in Chicken and Rice,1.0,1.0,1.0
2,E,Rome,1,How Contaminated Are Our Children?,1.0,1.0,1.0
2,E,Rome,1,"Blood Type Diet Perceived as ""Crass Fraud""",1.0,1.0,1.0
2,E,Rome,1,Why Do Heart Doctors Favor Surgery and Drugs Over Diet?,1.0,1.0,1.0
2,E,Rome,5,Breast Cancer Cells Feed on Cholesterol,1.0,1.0,1.0
2,E,Rome,5,Using Diet to Treat Asthma and Eczema,1.0,1.0,1.0
2,E,Rome,5,Treating Asthma With Plants vs. Pills,1.0,1.0,1.0
2,E,Rome,5,How Fruits and Vegetables Can Treat Asthma,1.0,1.0,1.0
2,E,Rome,5,How Fruits and Vegetables Can Prevent Asthma,1.0,1.0,1.0
2,E,Rome,5,Our Tax Dollars Subsidize Unhealthy Foods,1.0,1.0,1.0
2,E,Rome,5,Reducing Arsenic in Chicken and Rice,1.0,1.0,1.0
2,E,Rome,5,How Contaminated Are Our Children?,1.0,1.0,1.0
2,E,Rome,5,"Blood Type Diet Perceived as ""Crass Fraud""",1.0,1.0,1.0
2,E,Rome,5,Why Do Heart Doctors Favor Surgery and Drugs Over Diet?,1.0,1.0,1.0
2,E,Rome,10,Breast Cancer Cells Feed on Cholesterol,1.0,1.0,1.0
2,E,Rome,10,Using Diet to Treat Asthma and Eczema,1.0,1.0,1.0
2,E,Rome,10,Treating Asthma With Plants vs. Pills,1.0,1.0,1.0
2,E,Rome,10,How Fruits and Vegetables Can Treat Asthma,1.0,1.0,1.0
2,E,Rome,10,How Fruits and Vegetables Can Prevent Asthma,1.0,1.0,1.0
2,E,Rome,10,Our Tax Dollars Subsidize Unhealthy Foods,1.0,1.0,1.0
2,E,Rome,10,Reducing Arsenic in Chicken and Rice,1.0,1.0,1.0
2,E,Rome,10,How Contaminated Are Our Children?,1.0,1.0,1.0
2,E,Rome,10,"Blood Type Diet Perceived as ""Crass Fraud""",1.0,1.0,1.0
2,E,Rome,10,Why Do Heart Doctors Favor Surgery and Drugs Over Diet?,1.0,1.0,1.0
2,E,Rome,20,Breast Cancer Cells Feed on Cholesterol,1.0,1.0,1.0
2,E,Rome,20,Using Diet to Treat Asthma and Eczema,1.0,1.0,1.0
2,E,Rome,20,Treating Asthma With Plants vs. Pills,1.0,1.0,1.0
2,E,Rome,20,How Fruits and Vegetables Can Treat Asthma,1.0,1.0,1.0
2,E,Rome,20,How Fruits and Vegetables Can Prevent Asthma,1.0,1.0,1.0
2,E,Rome,20,Our Tax Dollars Subsidize Unhealthy Foods,1.0,1.0,1.0
2,E,Rome,20,Reducing Arsenic in Chicken and Rice,1.0,1.0,1.0
2,E,Rome,20,How Contaminated Are Our Children?,1.0,1.0,1.0
2,E,Rome,20,"Blood Type Diet Perceived as ""Crass Fraud""",1.0,1.0,1.0
2,E,Rome,20,Why Do Heart Doctors Favor Surgery and Drugs Over Diet?,1.0,1.0,1.0
2,E,Rome,50,Breast Cancer Cells Feed on Cholesterol,1.0,1.0,1.0
2,E,Rome,50,Using Diet to Treat Asthma and Eczema,1.0,1.0,1.0
2,E,Rome,50,Treating Asthma With Plants vs. Pills,1.0,1.0,1.0
2,E,Rome,50,How Fruits and Vegetables Can Treat Asthma,1.0,1.0,0.9984
2,E,Rome,50,How Fruits and Vegetables Can Prevent Asthma,1.0,1.0,0.9984
2,E,Rome,50,Our Tax Dollars Subsidize Unhealthy Foods,1.0,1.0,1.0
2,E,Rome,50,Reducing Arsenic in Chicken and Rice,1.0,1.0,1.0
2,E,Rome,50,How Contaminated Are Our Children?,1.0,1.0,1.0
2,E,Rome,50,"Blood Type Diet Perceived as ""Crass Fraud""",1.0,1.0,1.0
2,E,Rome,50,Why Do Heart Doctors Favor Surgery and Drugs Over Diet?,1.0,1.0,1.0
2,E,RomeCombined,1,Breast Cancer Cells Feed on Cholesterol,1.0,1.0,1.0
2,E,RomeCombined,1,Using Diet to Treat Asthma and Eczema,1.0,1.0,1.0
2,E,RomeCombined,1,Treating Asthma With Plants vs. Pills,1.0,1.0,1.0
2,E,RomeCombined,1,How Fruits and Vegetables Can Treat Asthma,1.0,1.0,1.0
2,E,RomeCombined,1,How Fruits and Vegetables Can Prevent Asthma,1.0,1.0,1.0
2,E,RomeCombined,1,Our Tax Dollars Subsidize Unhealthy Foods,1.0,1.0,1.0
2,E,RomeCombined,1,Reducing Arsenic in Chicken and Rice,1.0,1.0,1.0
2,E,RomeCombined,1,How Contaminated Are Our Children?,1.0,1.0,1.0
2,E,RomeCombined,1,"Blood Type Diet Perceived as ""Crass Fraud""",1.0,1.0,1.0
2,E,RomeCombined,1,Why Do Heart Doctors Favor Surgery and Drugs Over Diet?,1.0,1.0,1.0
2,E,RomeCombined,5,Breast Cancer Cells Feed on Cholesterol,1.0,1.0,1.0
2,E,RomeCombined,5,Using Diet to Treat Asthma and Eczema,1.0,1.0,1.0
2,E,RomeCombined,5,Treating Asthma With Plants vs. Pills,1.0,1.0,1.0
2,E,RomeCombined,5,How Fruits and Vegetables Can Treat Asthma,1.0,1.0,1.0
2,E,RomeCombined,5,How Fruits and Vegetables Can Prevent Asthma,1.0,1.0,0.8
2,E,RomeCombined,5,Our Tax Dollars Subsidize Unhealthy Foods,1.0,1.0,1.0
2,E,RomeCombined,5,Reducing Arsenic in Chicken and Rice,1.0,1.0,1.0
2,E,RomeCombined,5,How Contaminated Are Our Children?,1.0,1.0,1.0
2,E,RomeCombined,5,"Blood Type Diet Perceived as ""Crass Fraud""",1.0,1.0,1.0
2,E,RomeCombined,5,Why Do Heart Doctors Favor Surgery and Drugs Over Diet?,1.0,1.0,1.0
2,E,RomeCombined,10,Breast Cancer Cells Feed on Cholesterol,1.0,1.0,1.0
2,E,RomeCombined,10,Using Diet to Treat Asthma and Eczema,1.0,1.0,0.9556
2,E,RomeCombined,10,Treating Asthma With Plants vs. Pills,1.0,1.0,1.0
2,E,RomeCombined,10,How Fruits and Vegetables Can Treat Asthma,1.0,1.0,1.0
2,E,RomeCombined,10,How Fruits and Vegetables Can Prevent Asthma,1.0,1.0,0.9556
2,E,RomeCombined,10,Our Tax Dollars Subsidize Unhealthy Foods,1.0,1.0,0.9556
2,E,RomeCombined,10,Reducing Arsenic in Chicken and Rice,1.0,1.0,1.0
2,E,RomeCombined,10,How Contaminated Are Our Children?,1.0,1.0,1.0
2,E,RomeCombined,10,"Blood Type Diet Perceived as ""Crass Fraud""",1.0,1.0,0.9111
2,E,RomeCombined,10,Why Do Heart Doctors Favor Surgery and Drugs Over Diet?,1.0,1.0,1.0
2,E,RomeCombined,20,Breast Cancer Cells Feed on Cholesterol,0.95,0.9999,0.9895
2,E,RomeCombined,20,Using Diet to Treat Asthma and Eczema,0.95,0.9998,0.9789
2,E,RomeCombined,20,Treating Asthma With Plants vs. Pills,1.0,1.0,0.9684
2,E,RomeCombined,20,How Fruits and Vegetables Can Treat Asthma,1.0,1.0,0.9684
2,E,RomeCombined,20,How Fruits and Vegetables Can Prevent Asthma,1.0,1.0,0.9684
2,E,RomeCombined,20,Our Tax Dollars Subsidize Unhealthy Foods,0.95,0.9999,0.9368
2,E,RomeCombined,20,Reducing Arsenic in Chicken and Rice,1.0,1.0,0.9684
2,E,RomeCombined,20,How Contaminated Are Our Children?,1.0,1.0,0.9368
2,E,RomeCombined,20,"Blood Type Diet Perceived as ""Crass Fraud""",1.0,1.0,0.9263
2,E,RomeCombined,20,Why Do Heart Doctors Favor Surgery and Drugs Over Diet?,0.95,1.0,1.0
2,E,RomeCombined,50,Breast Cancer Cells Feed on Cholesterol,1.0,1.0,0.9592
2,E,RomeCombined,50,Using Diet to Treat Asthma and Eczema,1.0,1.0,0.9641
2,E,RomeCombined,50,Treating Asthma With Plants vs. Pills,1.0,1.0,0.9853
2,E,RomeCombined,50,How Fruits and Vegetables Can Treat Asthma,1.0,1.0,0.9771
2,E,RomeCombined,50,How Fruits and Vegetables Can Prevent Asthma,1.0,1.0,0.9657
2,E,RomeCombined,50,Our Tax Dollars Subsidize Unhealthy Foods,0.96,0.9765,0.977
2,E,RomeCombined,50,Reducing Arsenic in Chicken and Rice,0.98,0.9896,0.9711
2,E,RomeCombined,50,How Contaminated Are Our Children?,0.98,0.9882,0.9694
2,E,RomeCombined,50,"Blood Type Diet Perceived as ""Crass Fraud""",1.0,1.0,0.9576
2,E,RomeCombined,50,Why Do Heart Doctors Favor Surgery and Drugs Over Diet?,0.98,0.9878,0.9745
2,E,Romm,1,Breast Cancer Cells Feed on Cholesterol,1.0,1.0,1.0
2,E,Romm,1,Using Diet to Treat Asthma and Eczema,1.0,1.0,1.0
2,E,Romm,1,Treating Asthma With Plants vs. Pills,1.0,1.0,1.0
2,E,Romm,1,How Fruits and Vegetables Can Treat Asthma,1.0,1.0,1.0
2,E,Romm,1,How Fruits and Vegetables Can Prevent Asthma,1.0,1.0,1.0
2,E,Romm,1,Our Tax Dollars Subsidize Unhealthy Foods,1.0,1.0,1.0
2,E,Romm,1,Reducing Arsenic in Chicken and Rice,1.0,1.0,1.0
2,E,Romm,1,How Contaminated Are Our Children?,1.0,1.0,1.0
2,E,Romm,1,"Blood Type Diet Perceived as ""Crass Fraud""",1.0,1.0,1.0
2,E,Romm,1,Why Do Heart Doctors Favor Surgery and Drugs Over Diet?,1.0,1.0,1.0
2,E,Romm,5,Breast Cancer Cells Feed on Cholesterol,1.0,1.0,1.0
2,E,Romm,5,Using Diet to Treat Asthma and Eczema,1.0,1.0,1.0
2,E,Romm,5,Treating Asthma With Plants vs. Pills,1.0,1.0,1.0
2,E,Romm,5,How Fruits and Vegetables Can Treat Asthma,1.0,1.0,1.0
2,E,Romm,5,How Fruits and Vegetables Can Prevent Asthma,1.0,1.0,1.0
2,E,Romm,5,Our Tax Dollars Subsidize Unhealthy Foods,1.0,1.0,1.0
2,E,Romm,5,Reducing Arsenic in Chicken and Rice,1.0,1.0,1.0
2,E,Romm,5,How Contaminated Are Our Children?,1.0,1.0,1.0
2,E,Romm,5,"Blood Type Diet Perceived as ""Crass Fraud""",1.0,1.0,1.0
2,E,Romm,5,Why Do Heart Doctors Favor Surgery and Drugs Over Diet?,1.0,1.0,0.8
2,E,Romm,10,Breast Cancer Cells Feed on Cholesterol,1.0,1.0,1.0
2,E,Romm,10,Using Diet to Treat Asthma and Eczema,1.0,1.0,1.0
2,E,Romm,10,Treating Asthma With Plants vs. Pills,1.0,1.0,1.0
2,E,Romm,10,How Fruits and Vegetables Can Treat Asthma,1.0,1.0,1.0
2,E,Romm,10,How Fruits and Vegetables Can Prevent Asthma,1.0,1.0,1.0
2,E,Romm,10,Our Tax Dollars Subsidize Unhealthy Foods,1.0,1.0,1.0
2,E,Romm,10,Reducing Arsenic in Chicken and Rice,1.0,1.0,1.0
2,E,Romm,10,How Contaminated Are Our Children?,1.0,1.0,1.0
2,E,Romm,10,"Blood Type Diet Perceived as ""Crass Fraud""",1.0,1.0,1.0
2,E,Romm,10,Why Do Heart Doctors Favor Surgery and Drugs Over Diet?,1.0,1.0,0.9556
2,E,Romm,20,Breast Cancer Cells Feed on Cholesterol,1.0,1.0,1.0
2,E,Romm,20,Using Diet to Treat Asthma and Eczema,1.0,1.0,1.0
2,E,Romm,20,Treating Asthma With Plants vs. Pills,1.0,1.0,1.0
2,E,Romm,20,How Fruits and Vegetables Can Treat Asthma,1.0,1.0,1.0
2,E,Romm,20,How Fruits and Vegetables Can Prevent Asthma,1.0,1.0,1.0
2,E,Romm,20,Our Tax Dollars Subsidize Unhealthy Foods,1.0,1.0,1.0
2,E,Romm,20,Reducing Arsenic in Chicken and Rice,1.0,1.0,1.0
2,E,Romm,20,How Contaminated Are Our Children?,1.0,1.0,1.0
2,E,Romm,20,"Blood Type Diet Perceived as ""Crass Fraud""",1.0,1.0,1.0
2,E,Romm,20,Why Do Heart Doctors Favor Surgery and Drugs Over Diet?,1.0,1.0,0.9895
2,E,Romm,50,Breast Cancer Cells Feed on Cholesterol,1.0,1.0,0.9984
2,E,Romm,50,Using Diet to Treat Asthma and Eczema,1.0,1.0,1.0
2,E,Romm,50,Treating Asthma With Plants vs. Pills,1.0,1.0,0.9984
2,E,Romm,50,How Fruits and Vegetables Can Treat Asthma,1.0,1.0,1.0
2,E,Romm,50,How Fruits and Vegetables Can Prevent Asthma,1.0,1.0,1.0
2,E,Romm,50,Our Tax Dollars Subsidize Unhealthy Foods,1.0,1.0,1.0
2,E,Romm,50,Reducing Arsenic in Chicken and Rice,1.0,1.0,1.0
2,E,Romm,50,How Contaminated Are Our Children?,1.0,1.0,1.0
2,E,Romm,50,"Blood Type Diet Perceived as ""Crass Fraud""",1.0,1.0,0.9984
2,E,Romm,50,Why Do Heart Doctors Favor Surgery and Drugs Over Diet?,1.0,1.0,0.9984
2,E,RommCombined,1,Breast Cancer Cells Feed on Cholesterol,1.0,1.0,1.0
2,E,RommCombined,1,Using Diet to Treat Asthma and Eczema,1.0,1.0,1.0
2,E,RommCombined,1,Treating Asthma With Plants vs. Pills,1.0,1.0,1.0
2,E,RommCombined,1,How Fruits and Vegetables Can Treat Asthma,1.0,1.0,1.0
2,E,RommCombined,1,How Fruits and Vegetables Can Prevent Asthma,1.0,1.0,1.0
2,E,RommCombined,1,Our Tax Dollars Subsidize Unhealthy Foods,1.0,1.0,1.0
2,E,RommCombined,1,Reducing Arsenic in Chicken and Rice,1.0,1.0,1.0
2,E,RommCombined,1,How Contaminated Are Our Children?,1.0,1.0,1.0
2,E,RommCombined,1,"Blood Type Diet Perceived as ""Crass Fraud""",1.0,1.0,1.0
2,E,RommCombined,1,Why Do Heart Doctors Favor Surgery and Drugs Over Diet?,1.0,1.0,1.0
2,E,RommCombined,5,Breast Cancer Cells Feed on Cholesterol,1.0,1.0,1.0
2,E,RommCombined,5,Using Diet to Treat Asthma and Eczema,1.0,1.0,1.0
2,E,RommCombined,5,Treating Asthma With Plants vs. Pills,1.0,1.0,1.0
2,E,RommCombined,5,How Fruits and Vegetables Can Treat Asthma,1.0,1.0,1.0
2,E,RommCombined,5,How Fruits and Vegetables Can Prevent Asthma,1.0,1.0,1.0
2,E,RommCombined,5,Our Tax Dollars Subsidize Unhealthy Foods,1.0,1.0,1.0
2,E,RommCombined,5,Reducing Arsenic in Chicken and Rice,1.0,1.0,1.0
2,E,RommCombined,5,How Contaminated Are Our Children?,1.0,1.0,1.0
2,E,RommCombined,5,"Blood Type Diet Perceived as ""Crass Fraud""",1.0,1.0,1.0
2,E,RommCombined,5,Why Do Heart Doctors Favor Surgery and Drugs Over Diet?,1.0,1.0,0.8
2,E,RommCombined,10,Breast Cancer Cells Feed on Cholesterol,1.0,1.0,1.0
2,E,RommCombined,10,Using Diet to Treat Asthma and Eczema,1.0,1.0,1.0
2,E,RommCombined,10,Treating Asthma With Plants vs. Pills,1.0,1.0,1.0
2,E,RommCombined,10,How Fruits and Vegetables Can Treat Asthma,0.9,0.9997,1.0
2,E,RommCombined,10,How Fruits and Vegetables Can Prevent Asthma,1.0,1.0,1.0
2,E,RommCombined,10,Our Tax Dollars Subsidize Unhealthy Foods,1.0,1.0,1.0
2,E,RommCombined,10,Reducing Arsenic in Chicken and Rice,1.0,1.0,1.0
2,E,RommCombined,10,How Contaminated Are Our Children?,1.0,1.0,1.0
2,E,RommCombined,10,"Blood Type Diet Perceived as ""Crass Fraud""",1.0,1.0,0.9111
2,E,RommCombined,10,Why Do Heart Doctors Favor Surgery and Drugs Over Diet?,1.0,1.0,0.8667
2,E,RommCombined,20,Breast Cancer Cells Feed on Cholesterol,0.95,0.9999,0.9789
2,E,RommCombined,20,Using Diet to Treat Asthma and Eczema,0.95,1.0,1.0
2,E,RommCombined,20,Treating Asthma With Plants vs. Pills,1.0,1.0,0.9684
2,E,RommCombined,20,How Fruits and Vegetables Can Treat Asthma,1.0,1.0,0.9895
2,E,RommCombined,20,How Fruits and Vegetables Can Prevent Asthma,1.0,1.0,1.0
2,E,RommCombined,20,Our Tax Dollars Subsidize Unhealthy Foods,0.95,0.9999,0.9368
2,E,RommCombined,20,Reducing Arsenic in Chicken and Rice,1.0,1.0,0.9789
2,E,RommCombined,20,How Contaminated Are Our Children?,1.0,1.0,0.9368
2,E,RommCombined,20,"Blood Type Diet Perceived as ""Crass Fraud""",1.0,1.0,0.9368
2,E,RommCombined,20,Why Do Heart Doctors Favor Surgery and Drugs Over Diet?,0.9,0.9997,0.9474
2,E,RommCombined,50,Breast Cancer Cells Feed on Cholesterol,0.98,0.9882,0.9575
2,E,RommCombined,50,Using Diet to Treat Asthma and Eczema,1.0,1.0,0.9788
2,E,RommCombined,50,Treating Asthma With Plants vs. Pills,1.0,1.0,0.9624
2,E,RommCombined,50,How Fruits and Vegetables Can Treat Asthma,0.98,0.9883,0.9507
2,E,RommCombined,50,How Fruits and Vegetables Can Prevent Asthma,1.0,1.0,0.9461
2,E,RommCombined,50,Our Tax Dollars Subsidize Unhealthy Foods,0.98,0.9881,0.966
2,E,RommCombined,50,Reducing Arsenic in Chicken and Rice,1.0,1.0,0.9641
2,E,RommCombined,50,How Contaminated Are Our Children?,0.98,0.9882,0.9779
2,E,RommCombined,50,"Blood Type Diet Perceived as ""Crass Fraud""",0.98,0.9879,0.9541
2,E,RommCombined,50,Why Do Heart Doctors Favor Surgery and Drugs Over Diet?,1.0,1.0,0.9543
2,E,Diehard,1,Breast Cancer Cells Feed on Cholesterol,1.0,1.0,1.0
2,E,Diehard,1,Using Diet to Treat Asthma and Eczema,1.0,1.0,1.0
2,E,Diehard,1,Treating Asthma With Plants vs. Pills,1.0,1.0,1.0
2,E,Diehard,1,How Fruits and Vegetables Can Treat Asthma,1.0,1.0,1.0
2,E,Diehard,1,How Fruits and Vegetables Can Prevent Asthma,1.0,1.0,1.0
2,E,Diehard,1,Our Tax Dollars Subsidize Unhealthy Foods,1.0,1.0,1.0
2,E,Diehard,1,Reducing Arsenic in Chicken and Rice,1.0,1.0,1.0
2,E,Diehard,1,How Contaminated Are Our Children?,1.0,1.0,1.0
2,E,Diehard,1,"Blood Type Diet Perceived as ""Crass Fraud""",1.0,1.0,1.0
2,E,Diehard,1,Why Do Heart Doctors Favor Surgery and Drugs Over Diet?,1.0,1.0,1.0
2,E,Diehard,5,Breast Cancer Cells Feed on Cholesterol,1.0,1.0,1.0
2,E,Diehard,5,Using Diet to Treat Asthma and Eczema,1.0,1.0,1.0
2,E,Diehard,5,Treating Asthma With Plants vs. Pills,1.0,1.0,1.0
2,E,Diehard,5,How Fruits and Vegetables Can Treat Asthma,1.0,1.0,1.0
2,E,Diehard,5,How Fruits and Vegetables Can Prevent Asthma,1.0,1.0,1.0
2,E,Diehard,5,Our Tax Dollars Subsidize Unhealthy Foods,1.0,1.0,1.0
2,E,Diehard,5,Reducing Arsenic in Chicken and Rice,1.0,1.0,1.0
2,E,Diehard,5,How Contaminated Are Our Children?,1.0,1.0,1.0
2,E,Diehard,5,"Blood Type Diet Perceived as ""Crass Fraud""",1.0,1.0,1.0
2,E,Diehard,5,Why Do Heart Doctors Favor Surgery and Drugs Over Diet?,1.0,1.0,1.0
2,E,Diehard,10,Breast Cancer Cells Feed on Cholesterol,1.0,1.0,1.0
2,E,Diehard,10,Using Diet to Treat Asthma and Eczema,1.0,1.0,1.0
2,E,Diehard,10,Treating Asthma With Plants vs. Pills,1.0,1.0,1.0
2,E,Diehard,10,How Fruits and Vegetables Can Treat Asthma,1.0,1.0,1.0
2,E,Diehard,10,How Fruits and Vegetables Can Prevent Asthma,1.0,1.0,1.0
2,E,Diehard,10,Our Tax Dollars Subsidize Unhealthy Foods,1.0,1.0,1.0
2,E,Diehard,10,Reducing Arsenic in Chicken and Rice,1.0,1.0,1.0
2,E,Diehard,10,How Contaminated Are Our Children?,1.0,1.0,1.0
2,E,Diehard,10,"Blood Type Diet Perceived as ""Crass Fraud""",1.0,1.0,1.0
2,E,Diehard,10,Why Do Heart Doctors Favor Surgery and Drugs Over Diet?,1.0,1.0,1.0
2,E,Diehard,20,Breast Cancer Cells Feed on Cholesterol,1.0,1.0,1.0
2,E,Diehard,20,Using Diet to Treat Asthma and Eczema,1.0,1.0,1.0
2,E,Diehard,20,Treating Asthma With Plants vs. Pills,1.0,1.0,1.0
2,E,Diehard,20,How Fruits and Vegetables Can Treat Asthma,1.0,1.0,1.0
2,E,Diehard,20,How Fruits and Vegetables Can Prevent Asthma,1.0,1.0,1.0
2,E,Diehard,20,Our Tax Dollars Subsidize Unhealthy Foods,1.0,1.0,1.0
2,E,Diehard,20,Reducing Arsenic in Chicken and Rice,1.0,1.0,1.0
2,E,Diehard,20,How Contaminated Are Our Children?,1.0,1.0,1.0
2,E,Diehard,20,"Blood Type Diet Perceived as ""Crass Fraud""",1.0,1.0,1.0
2,E,Diehard,20,Why Do Heart Doctors Favor Surgery and Drugs Over Diet?,1.0,1.0,1.0
2,E,Diehard,50,Breast Cancer Cells Feed on Cholesterol,1.0,1.0,1.0
2,E,Diehard,50,Using Diet to Treat Asthma and Eczema,1.0,1.0,1.0
2,E,Diehard,50,Treating Asthma With Plants vs. Pills,1.0,1.0,1.0
2,E,Diehard,50,How Fruits and Vegetables Can Treat Asthma,1.0,1.0,0.9984
2,E,Diehard,50,How Fruits and Vegetables Can Prevent Asthma,1.0,1.0,0.9984
2,E,Diehard,50,Our Tax Dollars Subsidize Unhealthy Foods,1.0,1.0,1.0
2,E,Diehard,50,Reducing Arsenic in Chicken and Rice,1.0,1.0,0.9984
2,E,Diehard,50,How Contaminated Are Our Children?,1.0,1.0,1.0
2,E,Diehard,50,"Blood Type Diet Perceived as ""Crass Fraud""",1.0,1.0,1.0
2,E,Diehard,50,Why Do Heart Doctors Favor Surgery and Drugs Over Diet?,1.0,1.0,1.0
2,E,DiehardCombined,1,Breast Cancer Cells Feed on Cholesterol,0.0,0.9306,1.0
2,E,DiehardCombined,1,Using Diet to Treat Asthma and Eczema,1.0,1.0,1.0
2,E,DiehardCombined,1,Treating Asthma With Plants vs. Pills,0.0,0.9285,1.0
2,E,DiehardCombined,1,How Fruits and Vegetables Can Treat Asthma,0.0,0.9703,1.0
2,E,DiehardCombined,1,How Fruits and Vegetables Can Prevent Asthma,1.0,1.0,1.0
2,E,DiehardCombined,1,Our Tax Dollars Subsidize Unhealthy Foods,1.0,1.0,1.0
2,E,DiehardCombined,1,Reducing Arsenic in Chicken and Rice,1.0,1.0,1.0
2,E,DiehardCombined,1,How Contaminated Are Our Children?,1.0,1.0,1.0
2,E,DiehardCombined,1,"Blood Type Diet Perceived as ""Crass Fraud""",1.0,1.0,1.0
2,E,DiehardCombined,1,Why Do Heart Doctors Favor Surgery and Drugs Over Diet?,1.0,1.0,1.0
2,E,DiehardCombined,5,Breast Cancer Cells Feed on Cholesterol,0.8,0.9877,0.8
2,E,DiehardCombined,5,Using Diet to Treat Asthma and Eczema,0.6,0.9763,0.8
2,E,DiehardCombined,5,Treating Asthma With Plants vs. Pills,0.6,0.9712,-0.8
2,E,DiehardCombined,5,How Fruits and Vegetables Can Treat Asthma,0.4,0.9761,0.6
2,E,DiehardCombined,5,How Fruits and Vegetables Can Prevent Asthma,0.8,0.9914,0.6
2,E,DiehardCombined,5,Our Tax Dollars Subsidize Unhealthy Foods,0.8,0.9971,0.6
2,E,DiehardCombined,5,Reducing Arsenic in Chicken and Rice,1.0,1.0,1.0
2,E,DiehardCombined,5,How Contaminated Are Our Children?,0.8,0.9942,0.8
2,E,DiehardCombined,5,"Blood Type Diet Perceived as ""Crass Fraud""",0.8,0.9876,1.0
2,E,DiehardCombined,5,Why Do Heart Doctors Favor Surgery and Drugs Over Diet?,0.8,0.9919,1.0
2,E,DiehardCombined,10,Breast Cancer Cells Feed on Cholesterol,0.8,0.9832,0.7333
2,E,DiehardCombined,10,Using Diet to Treat Asthma and Eczema,0.9,0.9868,0.2
2,E,DiehardCombined,10,Treating Asthma With Plants vs. Pills,0.9,0.9794,0.2
2,E,DiehardCombined,10,How Fruits and Vegetables Can Treat Asthma,0.9,0.9891,0.3333
2,E,DiehardCombined,10,How Fruits and Vegetables Can Prevent Asthma,0.9,0.9897,0.6889
2,E,DiehardCombined,10,Our Tax Dollars Subsidize Unhealthy Foods,0.6,0.9879,0.7778
2,E,DiehardCombined,10,Reducing Arsenic in Chicken and Rice,1.0,1.0,1.0
2,E,DiehardCombined,10,How Contaminated Are Our Children?,0.9,0.9966,0.6
2,E,DiehardCombined,10,"Blood Type Diet Perceived as ""Crass Fraud""",0.6,0.9886,0.5556
2,E,DiehardCombined,10,Why Do Heart Doctors Favor Surgery and Drugs Over Diet?,0.6,0.9894,0.5556
2,E,DiehardCombined,20,Breast Cancer Cells Feed on Cholesterol,0.8,0.9892,0.6316
2,E,DiehardCombined,20,Using Diet to Treat Asthma and Eczema,0.9,0.9925,0.5579
2,E,DiehardCombined,20,Treating Asthma With Plants vs. Pills,0.75,0.9752,0.5263
2,E,DiehardCombined,20,How Fruits and Vegetables Can Treat Asthma,0.85,0.9341,0.5817
2,E,DiehardCombined,20,How Fruits and Vegetables Can Prevent Asthma,0.85,0.9606,0.6842
2,E,DiehardCombined,20,Our Tax Dollars Subsidize Unhealthy Foods,0.8,0.9869,0.5474
2,E,DiehardCombined,20,Reducing Arsenic in Chicken and Rice,0.8,0.9909,0.7684
2,E,DiehardCombined,20,How Contaminated Are Our Children?,0.85,0.9906,0.6947
2,E,DiehardCombined,20,"Blood Type Diet Perceived as ""Crass Fraud""",0.7,0.9025,0.3529
2,E,DiehardCombined,20,Why Do Heart Doctors Favor Surgery and Drugs Over Diet?,0.8,0.9936,0.4421
2,E,DiehardCombined,50,Breast Cancer Cells Feed on Cholesterol,0.82,0.8815,0.4976
2,E,DiehardCombined,50,Using Diet to Treat Asthma and Eczema,0.82,0.8898,0.7073
2,E,DiehardCombined,50,Treating Asthma With Plants vs. Pills,0.9,0.9295,0.497
2,E,DiehardCombined,50,How Fruits and Vegetables Can Treat Asthma,0.82,0.873,0.5829
2,E,DiehardCombined,50,How Fruits and Vegetables Can Prevent Asthma,0.78,0.8527,0.6086
2,E,DiehardCombined,50,Our Tax Dollars Subsidize Unhealthy Foods,0.82,0.8831,0.5366
2,E,DiehardCombined,50,Reducing Arsenic in Chicken and Rice,0.78,0.8749,0.6356
2,E,DiehardCombined,50,How Contaminated Are Our Children?,0.88,0.924,0.649
2,E,DiehardCombined,50,"Blood Type Diet Perceived as ""Crass Fraud""",0.76,0.8255,0.559
2,E,DiehardCombined,50,Why Do Heart Doctors Favor Surgery and Drugs Over Diet?,0.86,0.9083,0.6589
2,E,Ckks,1,Breast Cancer Cells Feed on Cholesterol,1.0,1.0,1.0
2,E,Ckks,1,Using Diet to Treat Asthma and Eczema,1.0,1.0,1.0
2,E,Ckks,1,Treating Asthma With Plants vs. Pills,1.0,1.0,1.0
2,E,Ckks,1,How Fruits and Vegetables Can Treat Asthma,1.0,1.0,1.0
2,E,Ckks,1,How Fruits and Vegetables Can Prevent Asthma,1.0,1.0,1.0
2,E,Ckks,1,Our Tax Dollars Subsidize Unhealthy Foods,1.0,1.0,1.0
2,E,Ckks,1,Reducing Arsenic in Chicken and Rice,1.0,1.0,1.0
2,E,Ckks,1,How Contaminated Are Our Children?,1.0,1.0,1.0
2,E,Ckks,1,"Blood Type Diet Perceived as ""Crass Fraud""",1.0,1.0,1.0
2,E,Ckks,1,Why Do Heart Doctors Favor Surgery and Drugs Over Diet?,1.0,1.0,1.0
2,E,Ckks,5,Breast Cancer Cells Feed on Cholesterol,1.0,1.0,1.0
2,E,Ckks,5,Using Diet to Treat Asthma and Eczema,1.0,1.0,1.0
2,E,Ckks,5,Treating Asthma With Plants vs. Pills,1.0,1.0,1.0
2,E,Ckks,5,How Fruits and Vegetables Can Treat Asthma,1.0,1.0,1.0
2,E,Ckks,5,How Fruits and Vegetables Can Prevent Asthma,1.0,1.0,1.0
2,E,Ckks,5,Our Tax Dollars Subsidize Unhealthy Foods,1.0,1.0,1.0
2,E,Ckks,5,Reducing Arsenic in Chicken and Rice,1.0,1.0,1.0
2,E,Ckks,5,How Contaminated Are Our Children?,1.0,1.0,1.0
2,E,Ckks,5,"Blood Type Diet Perceived as ""Crass Fraud""",1.0,1.0,1.0
2,E,Ckks,5,Why Do Heart Doctors Favor Surgery and Drugs Over Diet?,1.0,1.0,1.0
2,E,Ckks,10,Breast Cancer Cells Feed on Cholesterol,1.0,1.0,1.0
2,E,Ckks,10,Using Diet to Treat Asthma and Eczema,1.0,1.0,1.0
2,E,Ckks,10,Treating Asthma With Plants vs. Pills,1.0,1.0,1.0
2,E,Ckks,10,How Fruits and Vegetables Can Treat Asthma,1.0,1.0,1.0
2,E,Ckks,10,How Fruits and Vegetables Can Prevent Asthma,1.0,1.0,1.0
2,E,Ckks,10,Our Tax Dollars Subsidize Unhealthy Foods,1.0,1.0,1.0
2,E,Ckks,10,Reducing Arsenic in Chicken and Rice,1.0,1.0,1.0
2,E,Ckks,10,How Contaminated Are Our Children?,1.0,1.0,1.0
2,E,Ckks,10,"Blood Type Diet Perceived as ""Crass Fraud""",1.0,1.0,1.0
2,E,Ckks,10,Why Do Heart Doctors Favor Surgery and Drugs Over Diet?,1.0,1.0,1.0
2,E,Ckks,20,Breast Cancer Cells Feed on Cholesterol,1.0,1.0,1.0
2,E,Ckks,20,Using Diet to Treat Asthma and Eczema,1.0,1.0,1.0
2,E,Ckks,20,Treating Asthma With Plants vs. Pills,1.0,1.0,1.0
2,E,Ckks,20,How Fruits and Vegetables Can Treat Asthma,1.0,1.0,1.0
2,E,Ckks,20,How Fruits and Vegetables Can Prevent Asthma,1.0,1.0,1.0
2,E,Ckks,20,Our Tax Dollars Subsidize Unhealthy Foods,1.0,1.0,1.0
2,E,Ckks,20,Reducing Arsenic in Chicken and Rice,1.0,1.0,1.0
2,E,Ckks,20,How Contaminated Are Our Children?,1.0,1.0,1.0
2,E,Ckks,20,"Blood Type Diet Perceived as ""Crass Fraud""",1.0,1.0,1.0
2,E,Ckks,20,Why Do Heart Doctors Favor Surgery and Drugs Over Diet?,1.0,1.0,0.9895
2,E,Ckks,50,Breast Cancer Cells Feed on Cholesterol,1.0,1.0,0.9984
2,E,Ckks,50,Using Diet to Treat Asthma and Eczema,1.0,1.0,1.0
2,E,Ckks,50,Treating Asthma With Plants vs. Pills,1.0,1.0,0.9967
2,E,Ckks,50,How Fruits and Vegetables Can Treat Asthma,1.0,1.0,0.9967
2,E,Ckks,50,How Fruits and Vegetables Can Prevent Asthma,1.0,1.0,0.9967
2,E,Ckks,50,Our Tax Dollars Subsidize Unhealthy Foods,1.0,1.0,0.9984
2,E,Ckks,50,Reducing Arsenic in Chicken and Rice,1.0,1.0,1.0
2,E,Ckks,50,How Contaminated Are Our Children?,1.0,1.0,1.0
2,E,Ckks,50,"Blood Type Diet Perceived as ""Crass Fraud""",1.0,1.0,1.0
2,E,Ckks,50,Why Do Heart Doctors Favor Surgery and Drugs Over Diet?,1.0,1.0,0.9967
2,E,CkksCombined,1,Breast Cancer Cells Feed on Cholesterol,1.0,1.0,1.0
2,E,CkksCombined,1,Using Diet to Treat Asthma and Eczema,1.0,1.0,1.0
2,E,CkksCombined,1,Treating Asthma With Plants vs. Pills,1.0,1.0,1.0
2,E,CkksCombined,1,How Fruits and Vegetables Can Treat Asthma,1.0,1.0,1.0
2,E,CkksCombined,1,How Fruits and Vegetables Can Prevent Asthma,1.0,1.0,1.0
2,E,CkksCombined,1,Our Tax Dollars Subsidize Unhealthy Foods,1.0,1.0,1.0
2,E,CkksCombined,1,Reducing Arsenic in Chicken and Rice,1.0,1.0,1.0
2,E,CkksCombined,1,How Contaminated Are Our Children?,1.0,1.0,1.0
2,E,CkksCombined,1,"Blood Type Diet Perceived as ""Crass Fraud""",1.0,1.0,1.0
2,E,CkksCombined,1,Why Do Heart Doctors Favor Surgery and Drugs Over Diet?,1.0,1.0,1.0
2,E,CkksCombined,5,Breast Cancer Cells Feed on Cholesterol,1.0,1.0,1.0
2,E,CkksCombined,5,Using Diet to Treat Asthma and Eczema,1.0,1.0,1.0
2,E,CkksCombined,5,Treating Asthma With Plants vs. Pills,1.0,1.0,1.0
2,E,CkksCombined,5,How Fruits and Vegetables Can Treat Asthma,1.0,1.0,1.0
2,E,CkksCombined,5,How Fruits and Vegetables Can Prevent Asthma,1.0,1.0,1.0
2,E,CkksCombined,5,Our Tax Dollars Subsidize Unhealthy Foods,1.0,1.0,1.0
2,E,CkksCombined,5,Reducing Arsenic in Chicken and Rice,1.0,1.0,1.0
2,E,CkksCombined,5,How Contaminated Are Our Children?,1.0,1.0,1.0
2,E,CkksCombined,5,"Blood Type Diet Perceived as ""Crass Fraud""",1.0,1.0,1.0
2,E,CkksCombined,5,Why Do Heart Doctors Favor Surgery and Drugs Over Diet?,1.0,1.0,1.0
2,E,CkksCombined,10,Breast Cancer Cells Feed on Cholesterol,1.0,1.0,1.0
2,E,CkksCombined,10,Using Diet to Treat Asthma and Eczema,1.0,1.0,0.9556
2,E,CkksCombined,10,Treating Asthma With Plants vs. Pills,1.0,1.0,1.0
2,E,CkksCombined,10,How Fruits and Vegetables Can Treat Asthma,1.0,1.0,1.0
2,E,CkksCombined,10,How Fruits and Vegetables Can Prevent Asthma,1.0,1.0,1.0
2,E,CkksCombined,10,Our Tax Dollars Subsidize Unhealthy Foods,1.0,1.0,0.9556
2,E,CkksCombined,10,Reducing Arsenic in Chicken and Rice,1.0,1.0,1.0
2,E,CkksCombined,10,How Contaminated Are Our Children?,1.0,1.0,0.9556
2,E,CkksCombined,10,"Blood Type Diet Perceived as ""Crass Fraud""",1.0,1.0,0.9556
2,E,CkksCombined,10,Why Do Heart Doctors Favor Surgery and Drugs Over Diet?,1.0,1.0,0.9556
2,E,CkksCombined,20,Breast Cancer Cells Feed on Cholesterol,0.95,0.9998,0.9684
2,E,CkksCombined,20,Using Diet to Treat Asthma and Eczema,1.0,1.0,0.9789
2,E,CkksCombined,20,Treating Asthma With Plants vs. Pills,1.0,1.0,0.9684
2,E,CkksCombined,20,How Fruits and Vegetables Can Treat Asthma,1.0,1.0,0.9789
2,E,CkksCombined,20,How Fruits and Vegetables Can Prevent Asthma,1.0,1.0,0.9895
2,E,CkksCombined,20,Our Tax Dollars Subsidize Unhealthy Foods,0.95,0.9998,0.9474
2,E,CkksCombined,20,Reducing Arsenic in Chicken and Rice,1.0,1.0,0.9474
2,E,CkksCombined,20,How Contaminated Are Our Children?,1.0,1.0,0.9579
2,E,CkksCombined,20,"Blood Type Diet Perceived as ""Crass Fraud""",1.0,1.0,0.9474
2,E,CkksCombined,20,Why Do Heart Doctors Favor Surgery and Drugs Over Diet?,1.0,1.0,0.9474
2,E,CkksCombined,50,Breast Cancer Cells Feed on Cholesterol,0.98,0.9882,0.9388
2,E,CkksCombined,50,Using Diet to Treat Asthma and Eczema,1.0,1.0,0.9853
2,E,CkksCombined,50,Treating Asthma With Plants vs. Pills,1.0,1.0,0.9641
2,E,CkksCombined,50,How Fruits and Vegetables Can Treat Asthma,0.98,0.988,0.9541
2,E,CkksCombined,50,How Fruits and Vegetables Can Prevent Asthma,1.0,1.0,0.9216
2,E,CkksCombined,50,Our Tax Dollars Subsidize Unhealthy Foods,0.96,0.9765,0.9663
2,E,CkksCombined,50,Reducing Arsenic in Chicken and Rice,1.0,1.0,0.9461
2,E,CkksCombined,50,How Contaminated Are Our Children?,1.0,1.0,0.9804
2,E,CkksCombined,50,"Blood Type Diet Perceived as ""Crass Fraud""",0.98,0.9879,0.9218
2,E,CkksCombined,50,Why Do Heart Doctors Favor Surgery and Drugs Over Diet?,0.98,0.9878,0.9575
3,E,Scrambling,1,Breast Cancer Cells Feed on Cholesterol,1.0,1.0,1.0
3,E,Scrambling,1,Using Diet to Treat Asthma and Eczema,1.0,1.0,1.0
3,E,Scrambling,1,Treating Asthma With Plants vs. Pills,1.0,1.0,1.0
3,E,Scrambling,1,How Fruits and Vegetables Can Treat Asthma,1.0,1.0,1.0
3,E,Scrambling,1,How Fruits and Vegetables Can Prevent Asthma,1.0,1.0,1.0
3,E,Scrambling,1,Our Tax Dollars Subsidize Unhealthy Foods,1.0,1.0,1.0
3,E,Scrambling,1,Reducing Arsenic in Chicken and Rice,1.0,1.0,1.0
3,E,Scrambling,1,How Contaminated Are Our Children?,1.0,1.0,1.0
3,E,Scrambling,1,"Blood Type Diet Perceived as ""Crass Fraud""",1.0,1.0,1.0
3,E,Scrambling,1,Why Do Heart Doctors Favor Surgery and Drugs Over Diet?,1.0,1.0,1.0
3,E,Scrambling,5,Breast Cancer Cells Feed on Cholesterol,1.0,1.0,1.0
3,E,Scrambling,5,Using Diet to Treat Asthma and Eczema,1.0,1.0,1.0
3,E,Scrambling,5,Treating Asthma With Plants vs. Pills,1.0,1.0,1.0
3,E,Scrambling,5,How Fruits and Vegetables Can Treat Asthma,1.0,1.0,1.0
3,E,Scrambling,5,How Fruits and Vegetables Can Prevent Asthma,1.0,1.0,1.0
3,E,Scrambling,5,Our Tax Dollars Subsidize Unhealthy Foods,1.0,1.0,1.0
3,E,Scrambling,5,Reducing Arsenic in Chicken and Rice,1.0,1.0,1.0
3,E,Scrambling,5,How Contaminated Are Our Children?,1.0,1.0,1.0
3,E,Scrambling,5,"Blood Type Diet Perceived as ""Crass Fraud""",1.0,1.0,1.0
3,E,Scrambling,5,Why Do Heart Doctors Favor Surgery and Drugs Over Diet?,1.0,1.0,0.8
3,E,Scrambling,10,Breast Cancer Cells Feed on Cholesterol,1.0,1.0,1.0
3,E,Scrambling,10,Using Diet to Treat Asthma and Eczema,1.0,1.0,1.0
3,E,Scrambling,10,Treating Asthma With Plants vs. Pills,1.0,1.0,1.0
3,E,Scrambling,10,How Fruits and Vegetables Can Treat Asthma,1.0,1.0,1.0
3,E,Scrambling,10,How Fruits and Vegetables Can Prevent Asthma,1.0,1.0,1.0
3,E,Scrambling,10,Our Tax Dollars Subsidize Unhealthy Foods,1.0,1.0,1.0
3,E,Scrambling,10,Reducing Arsenic in Chicken and Rice,1.0,1.0,1.0
3,E,Scrambling,10,How Contaminated Are Our Children?,1.0,1.0,1.0
3,E,Scrambling,10,"Blood Type Diet Perceived as ""Crass Fraud""",1.0,1.0,1.0
3,E,Scrambling,10,Why Do Heart Doctors Favor Surgery and Drugs Over Diet?,1.0,1.0,0.9556
3,E,Scrambling,20,Breast Cancer Cells Feed on Cholesterol,1.0,1.0,1.0
3,E,Scrambling,20,Using Diet to Treat Asthma and Eczema,1.0,1.0,1.0
3,E,Scrambling,20,Treating Asthma With Plants vs. Pills,1.0,1.0,1.0
3,E,Scrambling,20,How Fruits and Vegetables Can Treat Asthma,1.0,1.0,1.0
3,E,Scrambling,20,How Fruits and Vegetables Can Prevent Asthma,1.0,1.0,1.0
3,E,Scrambling,20,Our Tax Dollars Subsidize Unhealthy Foods,1.0,1.0,1.0
3,E,Scrambling,20,Reducing Arsenic in Chicken and Rice,1.0,1.0,1.0
3,E,Scrambling,20,How Contaminated Are Our Children?,1.0,1.0,1.0
3,E,Scrambling,20,"Blood Type Diet Perceived as ""Crass Fraud""",1.0,1.0,1.0
3,E,Scrambling,20,Why Do Heart Doctors Favor Surgery and Drugs Over Diet?,1.0,1.0,0.9895
3,E,Scrambling,50,Breast Cancer Cells Feed on Cholesterol,1.0,1.0,1.0
3,E,Scrambling,50,Using Diet to Treat Asthma and Eczema,1.0,1.0,1.0
3,E,Scrambling,50,Treating Asthma With Plants vs. Pills,1.0,1.0,0.9984
3,E,Scrambling,50,How Fruits and Vegetables Can Treat Asthma,1.0,1.0,0.9984
3,E,Scrambling,50,How Fruits and Vegetables Can Prevent Asthma,1.0,1.0,0.9984
3,E,Scrambling,50,Our Tax Dollars Subsidize Unhealthy Foods,1.0,1.0,1.0
3,E,Scrambling,50,Reducing Arsenic in Chicken and Rice,1.0,1.0,0.9984
3,E,Scrambling,50,How Contaminated Are Our Children?,1.0,1.0,1.0
3,E,Scrambling,50,"Blood Type Diet Perceived as ""Crass Fraud""",1.0,1.0,0.9984
3,E,Scrambling,50,Why Do Heart Doctors Favor Surgery and Drugs Over Diet?,1.0,1.0,0.9984
3,E,Noise,1,Breast Cancer Cells Feed on Cholesterol,1.0,1.0,1.0
3,E,Noise,1,Using Diet to Treat Asthma and Eczema,1.0,1.0,1.0
3,E,Noise,1,Treating Asthma With Plants vs. Pills,1.0,1.0,1.0
3,E,Noise,1,How Fruits and Vegetables Can Treat Asthma,1.0,1.0,1.0
3,E,Noise,1,How Fruits and Vegetables Can Prevent Asthma,0.0,0.9975,1.0
3,E,Noise,1,Our Tax Dollars Subsidize Unhealthy Foods,1.0,1.0,1.0
3,E,Noise,1,Reducing Arsenic in Chicken and Rice,1.0,1.0,1.0
3,E,Noise,1,How Contaminated Are Our Children?,1.0,1.0,1.0
3,E,Noise,1,"Blood Type Diet Perceived as ""Crass Fraud""",1.0,1.0,1.0
3,E,Noise,1,Why Do Heart Doctors Favor Surgery and Drugs Over Diet?,1.0,1.0,1.0
3,E,Noise,5,Breast Cancer Cells Feed on Cholesterol,1.0,1.0,1.0
3,E,Noise,5,Using Diet to Treat Asthma and Eczema,1.0,1.0,1.0
3,E,Noise,5,Treating Asthma With Plants vs. Pills,1.0,0.9999,0.6
3,E,Noise,5,How Fruits and Vegetables Can Treat Asthma,1.0,1.0,1.0
3,E,Noise,5,How Fruits and Vegetables Can Prevent Asthma,1.0,0.9997,0.8
3,E,Noise,5,Our Tax Dollars Subsidize Unhealthy Foods,1.0,1.0,1.0
3,E,Noise,5,Reducing Arsenic in Chicken and Rice,1.0,1.0,1.0
3,E,Noise,5,How Contaminated Are Our Children?,1.0,1.0,1.0
3,E,Noise,5,"Blood Type Diet Perceived as ""Crass Fraud""",1.0,1.0,1.0
3,E,Noise,5,Why Do Heart Doctors Favor Surgery and Drugs Over Diet?,1.0,0.9997,0.4
3,E,Noise,10,Breast Cancer Cells Feed on Cholesterol,1.0,1.0,1.0
3,E,Noise,10,Using Diet to Treat Asthma and Eczema,1.0,1.0,1.0
3,E,Noise,10,Treating Asthma With Plants vs. Pills,1.0,0.9999,0.9111
3,E,Noise,10,How Fruits and Vegetables Can Treat Asthma,1.0,1.0,1.0
3,E,Noise,10,How Fruits and Vegetables Can Prevent Asthma,1.0,0.9998,0.9556
3,E,Noise,10,Our Tax Dollars Subsidize Unhealthy Foods,1.0,1.0,0.9111
3,E,Noise,10,Reducing Arsenic in Chicken and Rice,1.0,1.0,1.0
3,E,Noise,10,How Contaminated Are Our Children?,1.0,1.0,1.0
3,E,Noise,10,"Blood Type Diet Perceived as ""Crass Fraud""",1.0,1.0,1.0
3,E,Noise,10,Why Do Heart Doctors Favor Surgery and Drugs Over Diet?,0.9,0.999,0.8222
3,E,Noise,20,Breast Cancer Cells Feed on Cholesterol,1.0,1.0,0.9579
3,E,Noise,20,Using Diet to Treat Asthma and Eczema,0.95,0.9998,0.9895
3,E,Noise,20,Treating Asthma With Plants vs. Pills,1.0,0.9999,0.9789
3,E,Noise,20,How Fruits and Vegetables Can Treat Asthma,1.0,1.0,0.9789
3,E,Noise,20,How Fruits and Vegetables Can Prevent Asthma,1.0,0.9998,0.9789
3,E,Noise,20,Our Tax Dollars Subsidize Unhealthy Foods,0.95,0.9998,0.9474
3,E,Noise,20,Reducing Arsenic in Chicken and Rice,1.0,1.0,0.9789
3,E,Noise,20,How Contaminated Are Our Children?,1.0,1.0,0.9579
3,E,Noise,20,"Blood Type Diet Perceived as ""Crass Fraud""",1.0,1.0,0.9368
3,E,Noise,20,Why Do Heart Doctors Favor Surgery and Drugs Over Diet?,1.0,0.9998,0.9263
3,E,Noise,50,Breast Cancer Cells Feed on Cholesterol,1.0,1.0,0.9706
3,E,Noise,50,Using Diet to Treat Asthma and Eczema,1.0,1.0,0.9739
3,E,Noise,50,Treating Asthma With Plants vs. Pills,0.98,0.9886,0.9762
3,E,Noise,50,How Fruits and Vegetables Can Treat Asthma,1.0,1.0,0.9722
3,E,Noise,50,How Fruits and Vegetables Can Prevent Asthma,1.0,0.9999,0.9396
3,E,Noise,50,Our Tax Dollars Subsidize Unhealthy Foods,0.98,0.9883,0.9541
3,E,Noise,50,Reducing Arsenic in Chicken and Rice,0.98,0.9897,0.9677
3,E,Noise,50,How Contaminated Are Our Children?,1.0,1.0,0.9804
3,E,Noise,50,"Blood Type Diet Perceived as ""Crass Fraud""",0.98,0.9878,0.9388
3,E,Noise,50,Why Do Heart Doctors Favor Surgery and Drugs Over Diet?,1.0,0.9999,0.9576
3,E,Combined,1,Breast Cancer Cells Feed on Cholesterol,1.0,1.0,1.0
3,E,Combined,1,Using Diet to Treat Asthma and Eczema,1.0,1.0,1.0
3,E,Combined,1,Treating Asthma With Plants vs. Pills,1.0,1.0,1.0
3,E,Combined,1,How Fruits and Vegetables Can Treat Asthma,1.0,1.0,1.0
3,E,Combined,1,How Fruits and Vegetables Can Prevent Asthma,1.0,1.0,1.0
3,E,Combined,1,Our Tax Dollars Subsidize Unhealthy Foods,1.0,1.0,1.0
3,E,Combined,1,Reducing Arsenic in Chicken and Rice,1.0,1.0,1.0
3,E,Combined,1,How Contaminated Are Our Children?,1.0,1.0,1.0
3,E,Combined,1,"Blood Type Diet Perceived as ""Crass Fraud""",1.0,1.0,1.0
3,E,Combined,1,Why Do Heart Doctors Favor Surgery and Drugs Over Diet?,1.0,1.0,1.0
3,E,Combined,5,Breast Cancer Cells Feed on Cholesterol,1.0,1.0,1.0
3,E,Combined,5,Using Diet to Treat Asthma and Eczema,1.0,1.0,1.0
3,E,Combined,5,Treating Asthma With Plants vs. Pills,1.0,1.0,1.0
3,E,Combined,5,How Fruits and Vegetables Can Treat Asthma,1.0,1.0,1.0
3,E,Combined,5,How Fruits and Vegetables Can Prevent Asthma,1.0,1.0,0.8
3,E,Combined,5,Our Tax Dollars Subsidize Unhealthy Foods,1.0,1.0,1.0
3,E,Combined,5,Reducing Arsenic in Chicken and Rice,1.0,1.0,1.0
3,E,Combined,5,How Contaminated Are Our Children?,1.0,1.0,1.0
3,E,Combined,5,"Blood Type Diet Perceived as ""Crass Fraud""",1.0,0.9998,0.8
3,E,Combined,5,Why Do Heart Doctors Favor Surgery and Drugs Over Diet?,1.0,0.9997,0.4
3,E,Combined,10,Breast Cancer Cells Feed on Cholesterol,0.9,0.9998,1.0
3,E,Combined,10,Using Diet to Treat Asthma and Eczema,1.0,1.0,0.9556
3,E,Combined,10,Treating Asthma With Plants vs. Pills,1.0,1.0,1.0
3,E,Combined,10,How Fruits and Vegetables Can Treat Asthma,1.0,1.0,1.0
3,E,Combined,10,How Fruits and Vegetables Can Prevent Asthma,1.0,1.0,0.9556
3,E,Combined,10,Our Tax Dollars Subsidize Unhealthy Foods,1.0,1.0,0.9556
3,E,Combined,10,Reducing Arsenic in Chicken and Rice,1.0,1.0,1.0
3,E,Combined,10,How Contaminated Are Our Children?,1.0,1.0,0.9556
3,E,Combined,10,"Blood Type Diet Perceived as ""Crass Fraud""",0.9,0.9994,0.9556
3,E,Combined,10,Why Do Heart Doctors Favor Surgery and Drugs Over Diet?,1.0,0.9998,0.7778
3,E,Combined,20,Breast Cancer Cells Feed on Cholesterol,0.95,0.9997,0.9684
3,E,Combined,20,Using Diet to Treat Asthma and Eczema,0.95,0.9999,0.9474
3,E,Combined,20,Treating Asthma With Plants vs. Pills,1.0,1.0,0.9895
3,E,Combined,20,How Fruits and Vegetables Can Treat Asthma,1.0,1.0,1.0
3,E,Combined,20,How Fruits and Vegetables Can Prevent Asthma,1.0,1.0,0.9684
3,E,Combined,20,Our Tax Dollars Subsidize Unhealthy Foods,1.0,1.0,0.9579
3,E,Combined,20,Reducing Arsenic in Chicken and Rice,1.0,1.0,0.9789
3,E,Combined,20,How Contaminated Are Our Children?,0.95,0.9998,0.9789
3,E,Combined,20,"Blood Type Diet Perceived as ""Crass Fraud""",1.0,0.9999,0.9263
3,E,Combined,20,Why Do Heart Doctors Favor Surgery and Drugs Over Diet?,0.95,0.9998,0.9263
3,E,Combined,50,Breast Cancer Cells Feed on Cholesterol,1.0,1.0,0.9461
3,E,Combined,50,Using Diet to Treat Asthma and Eczema,1.0,1.0,0.9673
3,E,Combined,50,Treating Asthma With Plants vs. Pills,0.98,0.9887,0.9779
3,E,Combined,50,How Fruits and Vegetables Can Treat Asthma,1.0,1.0,0.9755
3,E,Combined,50,How Fruits and Vegetables Can Prevent Asthma,1.0,1.0,0.9527
3,E,Combined,50,Our Tax Dollars Subsidize Unhealthy Foods,0.98,0.9881,0.9643
3,E,Combined,50,Reducing Arsenic in Chicken and Rice,0.98,0.9897,0.9626
3,E,Combined,50,How Contaminated Are Our Children?,1.0,1.0,0.9739
3,E,Combined,50,"Blood Type Diet Perceived as ""Crass Fraud""",1.0,0.9999,0.9461
3,E,Combined,50,Why Do Heart Doctors Favor Surgery and Drugs Over Diet?,0.98,0.9877,0.966
3,E,Rome,1,Breast Cancer Cells Feed on Cholesterol,1.0,1.0,1.0
3,E,Rome,1,Using Diet to Treat Asthma and Eczema,1.0,1.0,1.0
3,E,Rome,1,Treating Asthma With Plants vs. Pills,1.0,1.0,1.0
3,E,Rome,1,How Fruits and Vegetables Can Treat Asthma,1.0,1.0,1.0
3,E,Rome,1,How Fruits and Vegetables Can Prevent Asthma,1.0,1.0,1.0
3,E,Rome,1,Our Tax Dollars Subsidize Unhealthy Foods,1.0,1.0,1.0
3,E,Rome,1,Reducing Arsenic in Chicken and Rice,1.0,1.0,1.0
3,E,Rome,1,How Contaminated Are Our Children?,1.0,1.0,1.0
3,E,Rome,1,"Blood Type Diet Perceived as ""Crass Fraud""",1.0,1.0,1.0
3,E,Rome,1,Why Do Heart Doctors Favor Surgery and Drugs Over Diet?,1.0,1.0,1.0
3,E,Rome,5,Breast Cancer Cells Feed on Cholesterol,1.0,1.0,1.0
3,E,Rome,5,Using Diet to Treat Asthma and Eczema,1.0,1.0,1.0
3,E,Rome,5,Treating Asthma With Plants vs. Pills,1.0,1.0,1.0
3,E,Rome,5,How Fruits and Vegetables Can Treat Asthma,1.0,1.0,1.0
3,E,Rome,5,How Fruits and Vegetables Can Prevent Asthma,1.0,1.0,1.0
3,E,Rome,5,Our Tax Dollars Subsidize Unhealthy Foods,1.0,1.0,1.0
3,E,Rome,5,Reducing Arsenic in Chicken and Rice,1.0,1.0,1.0
3,E,Rome,5,How Contaminated Are Our Children?,1.0,1.0,1.0
3,E,Rome,5,"Blood Type Diet Perceived as ""Crass Fraud""",1.0,1.0,1.0
3,E,Rome,5,Why Do Heart Doctors Favor Surgery and Drugs Over Diet?,1.0,1.0,0.8
3,E,Rome,10,Breast Cancer Cells Feed on Cholesterol,1.0,1.0,1.0
3,E,Rome,10,Using Diet to Treat Asthma and Eczema,1.0,1.0,1.0
3,E,Rome,10,Treating Asthma With Plants vs. Pills,1.0,1.0,1.0
3,E,Rome,10,How Fruits and Vegetables Can Treat Asthma,1.0,1.0,1.0
3,E,Rome,10,How Fruits and Vegetables Can Prevent Asthma,1.0,1.0,1.0
3,E,Rome,10,Our Tax Dollars Subsidize Unhealthy Foods,1.0,1.0,1.0
3,E,Rome,10,Reducing Arsenic in Chicken and Rice,1.0,1.0,1.0
3,E,Rome,10,How Contaminated Are Our Children?,1.0,1.0,1.0
3,E,Rome,10,"Blood Type Diet Perceived as ""Crass Fraud""",1.0,1.0,1.0
3,E,Rome,10,Why Do Heart Doctors Favor Surgery and Drugs Over Diet?,1.0,1.0,0.9556
3,E,Rome,20,Breast Cancer Cells Feed on Cholesterol,1.0,1.0,1.0
3,E,Rome,20,Using Diet to Treat Asthma and Eczema,1.0,1.0,1.0
3,E,Rome,20,Treating Asthma With Plants vs. Pills,1.0,1.0,1.0
3,E,Rome,20,How Fruits and Vegetables Can Treat Asthma,1.0,1.0,1.0
3,E,Rome,20,How Fruits and Vegetables Can Prevent Asthma,1.0,1.0,1.0
3,E,Rome,20,Our Tax Dollars Subsidize Unhealthy Foods,1.0,1.0,1.0
3,E,Rome,20,Reducing Arsenic in Chicken and Rice,1.0,1.0,1.0
3,E,Rome,20,How Contaminated Are Our Children?,1.0,1.0,1.0
3,E,Rome,20,"Blood Type Diet Perceived as ""Crass Fraud""",1.0,1.0,1.0
3,E,Rome,20,Why Do Heart Doctors Favor Surgery and Drugs Over Diet?,1.0,1.0,0.9895
3,E,Rome,50,Breast Cancer Cells Feed on Cholesterol,1.0,1.0,0.9984
3,E,Rome,50,Using Diet to Treat Asthma and Eczema,1.0,1.0,1.0
3,E,Rome,50,Treating Asthma With Plants vs. Pills,1.0,1.0,0.9984
3,E,Rome,50,How Fruits and Vegetables Can Treat Asthma,1.0,1.0,1.0
3,E,Rome,50,How Fruits and Vegetables Can Prevent Asthma,1.0,1.0,1.0
3,E,Rome,50,Our Tax Dollars Subsidize Unhealthy Foods,1.0,1.0,1.0
3,E,Rome,50,Reducing Arsenic in Chicken and Rice,1.0,1.0,1.0
3,E,Rome,50,How Contaminated Are Our Children?,1.0,1.0,1.0
3,E,Rome,50,"Blood Type Diet Perceived as ""Crass Fraud""",1.0,1.0,0.9984
3,E,Rome,50,Why Do Heart Doctors Favor Surgery and Drugs Over Diet?,1.0,1.0,0.9984
3,E,RomeCombined,1,Breast Cancer Cells Feed on Cholesterol,1.0,1.0,1.0
3,E,RomeCombined,1,Using Diet to Treat Asthma and Eczema,1.0,1.0,1.0
3,E,RomeCombined,1,Treating Asthma With Plants vs. Pills,1.0,1.0,1.0
3,E,RomeCombined,1,How Fruits and Vegetables Can Treat Asthma,1.0,1.0,1.0
3,E,RomeCombined,1,How Fruits and Vegetables Can Prevent Asthma,0.0,0.9975,1.0
3,E,RomeCombined,1,Our Tax Dollars Subsidize Unhealthy Foods,1.0,1.0,1.0
3,E,RomeCombined,1,Reducing Arsenic in Chicken and Rice,1.0,1.0,1.0
3,E,RomeCombined,1,How Contaminated Are Our Children?,1.0,1.0,1.0
3,E,RomeCombined,1,"Blood Type Diet Perceived as ""Crass Fraud""",1.0,1.0,1.0
3,E,RomeCombined,1,Why Do Heart Doctors Favor Surgery and Drugs Over Diet?,1.0,1.0,1.0
3,E,RomeCombined,5,Breast Cancer Cells Feed on Cholesterol,1.0,1.0,1.0
3,E,RomeCombined,5,Using Diet to Treat Asthma and Eczema,1.0,1.0,1.0
3,E,RomeCombined,5,Treating Asthma With Plants vs. Pills,1.0,1.0,0.8
3,E,RomeCombined,5,How Fruits and Vegetables Can Treat Asthma,1.0,1.0,1.0
3,E,RomeCombined,5,How Fruits and Vegetables Can Prevent Asthma,1.0,0.9996,0.6
3,E,RomeCombined,5,Our Tax Dollars Subsidize Unhealthy Foods,1.0,1.0,1.0
3,E,RomeCombined,5,Reducing Arsenic in Chicken and Rice,1.0,1.0,1.0
3,E,RomeCombined,5,How Contaminated Are Our Children?,1.0,1.0,1.0
3,E,RomeCombined,5,"Blood Type Diet Perceived as ""Crass Fraud""",1.0,1.0,1.0
3,E,RomeCombined,5,Why Do Heart Doctors Favor Surgery and Drugs Over Diet?,1.0,1.0,0.8
3,E,RomeCombined,10,Breast Cancer Cells Feed on Cholesterol,1.0,1.0,1.0
3,E,RomeCombined,10,Using Diet to Treat Asthma and Eczema,1.0,1.0,1.0
3,E,RomeCombined,10,Treating Asthma With Plants vs. Pills,1.0,1.0,0.9556
3,E,RomeCombined,10,How Fruits and Vegetables Can Treat Asthma,1.0,1.0,0.9556
3,E,RomeCombined,10,How Fruits and Vegetables Can Prevent Asthma,1.0,0.9997,0.9111
3,E,RomeCombined,10,Our Tax Dollars Subsidize Unhealthy Foods,1.0,1.0,0.9556
3,E,RomeCombined,10,Reducing Arsenic in Chicken and Rice,1.0,1.0,1.0
3,E,RomeCombined,10,How Contaminated Are Our Children?,1.0,1.0,1.0
3,E,RomeCombined,10,"Blood Type Diet Perceived as ""Crass Fraud""",1.0,1.0,0.8667
3,E,RomeCombined,10,Why Do Heart Doctors Favor Surgery and Drugs Over Diet?,1.0,1.0,0.9111
3,E,RomeCombined,20,Breast Cancer Cells Feed on Cholesterol,1.0,1.0,0.9684
3,E,RomeCombined,20,Using Diet to Treat Asthma and Eczema,1.0,1.0,0.9895
3,E,RomeCombined,20,Treating Asthma With Plants vs. Pills,1.0,1.0,0.9368
3,E,RomeCombined,20,How Fruits and Vegetables Can Treat Asthma,1.0,1.0,0.9684
3,E,RomeCombined,20,How Fruits and Vegetables Can Prevent Asthma,1.0,0.9998,0.9684
3,E,RomeCombined,20,Our Tax Dollars Subsidize Unhealthy Foods,1.0,1.0,0.9789
3,E,RomeCombined,20,Reducing Arsenic in Chicken and Rice,1.0,1.0,0.9895
3,E,RomeCombined,20,How Contaminated Are Our Children?,1.0,1.0,0.9368
3,E,RomeCombined,20,"Blood Type Diet Perceived as ""Crass Fraud""",1.0,1.0,0.9053
3,E,RomeCombined,20,Why Do Heart Doctors Favor Surgery and Drugs Over Diet?,1.0,1.0,0.9579
3,E,RomeCombined,50,Breast Cancer Cells Feed on Cholesterol,0.96,0.9764,0.9521
3,E,RomeCombined,50,Using Diet to Treat Asthma and Eczema,1.0,1.0,0.9722
3,E,RomeCombined,50,Treating Asthma With Plants vs. Pills,1.0,1.0,0.9673
3,E,RomeCombined,50,How Fruits and Vegetables Can Treat Asthma,0.98,0.9883,0.9626
3,E,RomeCombined,50,How Fruits and Vegetables Can Prevent Asthma,1.0,0.9999,0.9445
3,E,RomeCombined,50,Our Tax Dollars Subsidize Unhealthy Foods,0.98,0.9883,0.9762
3,E,RomeCombined,50,Reducing Arsenic in Chicken and Rice,0.98,0.9895,0.9728
3,E,RomeCombined,50,How Contaminated Are Our Children?,1.0,1.0,0.9722
3,E,RomeCombined,50,"Blood Type Diet Perceived as ""Crass Fraud""",0.98,0.9879,0.9541
3,E,RomeCombined,50,Why Do Heart Doctors Favor Surgery and Drugs Over Diet?,1.0,1.0,0.9673
3,E,Romm,1,Breast Cancer Cells Feed on Cholesterol,1.0,1.0,1.0
3,E,Romm,1,Using Diet to Treat Asthma and Eczema,1.0,1.0,1.0
3,E,Romm,1,Treating Asthma With Plants vs. Pills,1.0,1.0,1.0
3,E,Romm,1,How Fruits and Vegetables Can Treat Asthma,1.0,1.0,1.0
3,E,Romm,1,How Fruits and Vegetables Can Prevent Asthma,1.0,1.0,1.0
3,E,Romm,1,Our Tax Dollars Subsidize Unhealthy Foods,1.0,1.0,1.0
3,E,Romm,1,Reducing Arsenic in Chicken and Rice,1.0,1.0,1.0
3,E,Romm,1,How Contaminated Are Our Children?,1.0,1.0,1.0
3,E,Romm,1,"Blood Type Diet Perceived as ""Crass Fraud""",1.0,1.0,1.0
3,E,Romm,1,Why Do Heart Doctors Favor Surgery and Drugs Over Diet?,1.0,1.0,1.0
3,E,Romm,5,Breast Cancer Cells Feed on Cholesterol,1.0,1.0,1.0
3,E,Romm,5,Using Diet to Treat Asthma and Eczema,1.0,1.0,1.0
3,E,Romm,5,Treating Asthma With Plants vs. Pills,1.0,1.0,1.0
3,E,Romm,5,How Fruits and Vegetables Can Treat Asthma,1.0,1.0,1.0
3,E,Romm,5,How Fruits and Vegetables Can Prevent Asthma,1.0,1.0,1.0
3,E,Romm,5,Our Tax Dollars Subsidize Unhealthy Foods,1.0,1.0,1.0
3,E,Romm,5,Reducing Arsenic in Chicken and Rice,1.0,1.0,1.0
3,E,Romm,5,How Contaminated Are Our Children?,1.0,1.0,1.0
3,E,Romm,5,"Blood Type Diet Perceived as ""Crass Fraud""",1.0,1.0,1.0
3,E,Romm,5,Why Do Heart Doctors Favor Surgery and Drugs Over Diet?,1.0,1.0,1.0
3,E,Romm,10,Breast Cancer Cells Feed on Cholesterol,1.0,1.0,1.0
3,E,Romm,10,Using Diet to Treat Asthma and Eczema,1.0,1.0,1.0
3,E,Romm,10,Treating Asthma With Plants vs. Pills,1.0,1.0,1.0
3,E,Romm,10,How Fruits and Vegetables Can Treat Asthma,1.0,1.0,1.0
3,E,Romm,10,How Fruits and Vegetables Can Prevent Asthma,1.0,1.0,1.0
3,E,Romm,10,Our Tax Dollars Subsidize Unhealthy Foods,1.0,1.0,1.0
3,E,Romm,10,Reducing Arsenic in Chicken and Rice,1.0,1.0,1.0
3,E,Romm,10,How Contaminated Are Our Children?,1.0,1.0,1.0
3,E,Romm,10,"Blood Type Diet Perceived as ""Crass Fraud""",1.0,1.0,1.0
3,E,Romm,10,Why Do Heart Doctors Favor Surgery and Drugs Over Diet?,1.0,1.0,1.0
3,E,Romm,20,Breast Cancer Cells Feed on Cholesterol,1.0,1.0,1.0
3,E,Romm,20,Using Diet to Treat Asthma and Eczema,1.0,1.0,1.0
3,E,Romm,20,Treating Asthma With Plants vs. Pills,1.0,1.0,1.0
3,E,Romm,20,How Fruits and Vegetables Can Treat Asthma,1.0,1.0,1.0
3,E,Romm,20,How Fruits and Vegetables Can Prevent Asthma,1.0,1.0,1.0
3,E,Romm,20,Our Tax Dollars Subsidize Unhealthy Foods,1.0,1.0,1.0
3,E,Romm,20,Reducing Arsenic in Chicken and Rice,1.0,1.0,1.0
3,E,Romm,20,How Contaminated Are Our Children?,1.0,1.0,1.0
3,E,Romm,20,"Blood Type Diet Perceived as ""Crass Fraud""",1.0,1.0,1.0
3,E,Romm,20,Why Do Heart Doctors Favor Surgery and Drugs Over Diet?,1.0,1.0,1.0
3,E,Romm,50,Breast Cancer Cells Feed on Cholesterol,1.0,1.0,0.9984
3,E,Romm,50,Using Diet to Treat Asthma and Eczema,1.0,1.0,1.0
3,E,Romm,50,Treating Asthma With Plants vs. Pills,1.0,1.0,1.0
3,E,Romm,50,How Fruits and Vegetables Can Treat Asthma,1.0,1.0,1.0
3,E,Romm,50,How Fruits and Vegetables Can Prevent Asthma,1.0,1.0,1.0
3,E,Romm,50,Our Tax Dollars Subsidize Unhealthy Foods,1.0,1.0,1.0
3,E,Romm,50,Reducing Arsenic in Chicken and Rice,1.0,1.0,0.9984
3,E,Romm,50,How Contaminated Are Our Children?,1.0,1.0,1.0
3,E,Romm,50,"Blood Type Diet Perceived as ""Crass Fraud""",1.0,1.0,1.0
3,E,Romm,50,Why Do Heart Doctors Favor Surgery and Drugs Over Diet?,1.0,1.0,1.0
3,E,RommCombined,1,Breast Cancer Cells Feed on Cholesterol,1.0,1.0,1.0
3,E,RommCombined,1,Using Diet to Treat Asthma and Eczema,1.0,1.0,1.0
3,E,RommCombined,1,Treating Asthma With Plants vs. Pills,1.0,1.0,1.0
3,E,RommCombined,1,How Fruits and Vegetables Can Treat Asthma,1.0,1.0,1.0
3,E,RommCombined,1,How Fruits and Vegetables Can Prevent Asthma,1.0,1.0,1.0
3,E,RommCombined,1,Our Tax Dollars Subsidize Unhealthy Foods,1.0,1.0,1.0
3,E,RommCombined,1,Reducing Arsenic in Chicken and Rice,1.0,1.0,1.0
3,E,RommCombined,1,How Contaminated Are Our Children?,1.0,1.0,1.0
3,E,RommCombined,1,"Blood Type Diet Perceived as ""Crass Fraud""",1.0,1.0,1.0
3,E,RommCombined,1,Why Do Heart Doctors Favor Surgery and Drugs Over Diet?,1.0,1.0,1.0
3,E,RommCombined,5,Breast Cancer Cells Feed on Cholesterol,1.0,1.0,1.0
3,E,RommCombined,5,Using Diet to Treat Asthma and Eczema,1.0,1.0,1.0
3,E,RommCombined,5,Treating Asthma With Plants vs. Pills,1.0,1.0,1.0
3,E,RommCombined,5,How Fruits and Vegetables Can Treat Asthma,1.0,1.0,1.0
3,E,RommCombined,5,How Fruits and Vegetables Can Prevent Asthma,1.0,1.0,0.8
3,E,RommCombined,5,Our Tax Dollars Subsidize Unhealthy Foods,1.0,1.0,1.0
3,E,RommCombined,5,Reducing Arsenic in Chicken and Rice,1.0,1.0,1.0
3,E,RommCombined,5,How Contaminated Are Our Children?,1.0,1.0,1.0
3,E,RommCombined,5,"Blood Type Diet Perceived as ""Crass Fraud""",1.0,1.0,1.0
3,E,RommCombined,5,Why Do Heart Doctors Favor Surgery and Drugs Over Diet?,1.0,1.0,1.0
3,E,RommCombined,10,Breast Cancer Cells Feed on Cholesterol,1.0,1.0,1.0
3,E,RommCombined,10,Using Diet to Treat Asthma and Eczema,1.0,1.0,0.9556
3,E,RommCombined,10,Treating Asthma With Plants vs. Pills,1.0,1.0,1.0
3,E,RommCombined,10,How Fruits and Vegetables Can Treat Asthma,1.0,1.0,0.9556
3,E,RommCombined,10,How Fruits and Vegetables Can Prevent Asthma,1.0,1.0,0.9556
3,E,RommCombined,10,Our Tax Dollars Subsidize Unhealthy Foods,1.0,1.0,1.0
3,E,RommCombined,10,Reducing Arsenic in Chicken and Rice,1.0,1.0,1.0
3,E,RommCombined,10,How Contaminated Are Our Children?,1.0,1.0,0.9111
3,E,RommCombined,10,"Blood Type Diet Perceived as ""Crass Fraud""",1.0,1.0,0.9556
3,E,RommCombined,10,Why Do Heart Doctors Favor Surgery and Drugs Over Diet?,1.0,1.0,0.9111
3,E,RommCombined,20,Breast Cancer Cells Feed on Cholesterol,0.95,0.9998,1.0
3,E,RommCombined,20,Using Diet to Treat Asthma and Eczema,1.0,1.0,0.9474
3,E,RommCombined,20,Treating Asthma With Plants vs. Pills,1.0,1.0,0.9789
3,E,RommCombined,20,How Fruits and Vegetables Can Treat Asthma,1.0,1.0,0.9789
3,E,RommCombined,20,How Fruits and Vegetables Can Prevent Asthma,1.0,1.0,0.9789
3,E,RommCombined,20,Our Tax Dollars Subsidize Unhealthy Foods,0.95,0.9999,0.9895
3,E,RommCombined,20,Reducing Arsenic in Chicken and Rice,1.0,1.0,0.9684
3,E,RommCombined,20,How Contaminated Are Our Children?,1.0,1.0,0.9579
3,E,RommCombined,20,"Blood Type Diet Perceived as ""Crass Fraud""",0.95,0.9999,0.9158
3,E,RommCombined,20,Why Do Heart Doctors Favor Surgery and Drugs Over Diet?,0.95,0.9999,0.9158
3,E,RommCombined,50,Breast Cancer Cells Feed on Cholesterol,0.98,0.9881,0.9609
3,E,RommCombined,50,Using Diet to Treat Asthma and Eczema,1.0,1.0,0.9722
3,E,RommCombined,50,Treating Asthma With Plants vs. Pills,0.98,0.9887,0.9779
3,E,RommCombined,50,How Fruits and Vegetables Can Treat Asthma,0.98,0.9883,0.9728
3,E,RommCombined,50,How Fruits and Vegetables Can Prevent Asthma,1.0,1.0,0.9608
3,E,RommCombined,50,Our Tax Dollars Subsidize Unhealthy Foods,0.94,0.9647,0.9759
3,E,RommCombined,50,Reducing Arsenic in Chicken and Rice,0.96,0.9793,0.9628
3,E,RommCombined,50,How Contaminated Are Our Children?,1.0,1.0,0.9576
3,E,RommCombined,50,"Blood Type Diet Perceived as ""Crass Fraud""",0.98,0.9879,0.9507
3,E,RommCombined,50,Why Do Heart Doctors Favor Surgery and Drugs Over Diet?,0.98,0.9878,0.9592
3,E,Diehard,1,Breast Cancer Cells Feed on Cholesterol,1.0,1.0,1.0
3,E,Diehard,1,Using Diet to Treat Asthma and Eczema,1.0,1.0,1.0
3,E,Diehard,1,Treating Asthma With Plants vs. Pills,1.0,1.0,1.0
3,E,Diehard,1,How Fruits and Vegetables Can Treat Asthma,1.0,1.0,1.0
3,E,Diehard,1,How Fruits and Vegetables Can Prevent Asthma,1.0,1.0,1.0
3,E,Diehard,1,Our Tax Dollars Subsidize Unhealthy Foods,1.0,1.0,1.0
3,E,Diehard,1,Reducing Arsenic in Chicken and Rice,1.0,1.0,1.0
3,E,Diehard,1,How Contaminated Are Our Children?,1.0,1.0,1.0
3,E,Diehard,1,"Blood Type Diet Perceived as ""Crass Fraud""",1.0,1.0,1.0
3,E,Diehard,1,Why Do Heart Doctors Favor Surgery and Drugs Over Diet?,1.0,1.0,1.0
3,E,Diehard,5,Breast Cancer Cells Feed on Cholesterol,1.0,1.0,1.0
3,E,Diehard,5,Using Diet to Treat Asthma and Eczema,1.0,1.0,1.0
3,E,Diehard,5,Treating Asthma With Plants vs. Pills,1.0,1.0,1.0
3,E,Diehard,5,How Fruits and Vegetables Can Treat Asthma,1.0,1.0,1.0
3,E,Diehard,5,How Fruits and Vegetables Can Prevent Asthma,1.0,1.0,1.0
3,E,Diehard,5,Our Tax Dollars Subsidize Unhealthy Foods,1.0,1.0,1.0
3,E,Diehard,5,Reducing Arsenic in Chicken and Rice,1.0,1.0,1.0
3,E,Diehard,5,How Contaminated Are Our Children?,1.0,1.0,1.0
3,E,Diehard,5,"Blood Type Diet Perceived as ""Crass Fraud""",1.0,1.0,1.0
3,E,Diehard,5,Why Do Heart Doctors Favor Surgery and Drugs Over Diet?,1.0,1.0,1.0
3,E,Diehard,10,Breast Cancer Cells Feed on Cholesterol,1.0,1.0,1.0
3,E,Diehard,10,Using Diet to Treat Asthma and Eczema,1.0,1.0,1.0
3,E,Diehard,10,Treating Asthma With Plants vs. Pills,1.0,1.0,1.0
3,E,Diehard,10,How Fruits and Vegetables Can Treat Asthma,1.0,1.0,1.0
3,E,Diehard,10,How Fruits and Vegetables Can Prevent Asthma,1.0,1.0,1.0
3,E,Diehard,10,Our Tax Dollars Subsidize Unhealthy Foods,1.0,1.0,1.0
3,E,Diehard,10,Reducing Arsenic in Chicken and Rice,1.0,1.0,1.0
3,E,Diehard,10,How Contaminated Are Our Children?,1.0,1.0,1.0
3,E,Diehard,10,"Blood Type Diet Perceived as ""Crass Fraud""",1.0,1.0,1.0
3,E,Diehard,10,Why Do Heart Doctors Favor Surgery and Drugs Over Diet?,1.0,1.0,1.0
3,E,Diehard,20,Breast Cancer Cells Feed on Cholesterol,1.0,1.0,1.0
3,E,Diehard,20,Using Diet to Treat Asthma and Eczema,1.0,1.0,1.0
3,E,Diehard,20,Treating Asthma With Plants vs. Pills,1.0,1.0,1.0
3,E,Diehard,20,How Fruits and Vegetables Can Treat Asthma,1.0,1.0,1.0
3,E,Diehard,20,How Fruits and Vegetables Can Prevent Asthma,1.0,1.0,1.0
3,E,Diehard,20,Our Tax Dollars Subsidize Unhealthy Foods,1.0,1.0,1.0
3,E,Diehard,20,Reducing Arsenic in Chicken and Rice,1.0,1.0,1.0
3,E,Diehard,20,How Contaminated Are Our Children?,1.0,1.0,1.0
3,E,Diehard,20,"Blood Type Diet Perceived as ""Crass Fraud""",1.0,1.0,1.0
3,E,Diehard,20,Why Do Heart Doctors Favor Surgery and Drugs Over Diet?,1.0,1.0,1.0
3,E,Diehard,50,Breast Cancer Cells Feed on Cholesterol,1.0,1.0,1.0
3,E,Diehard,50,Using Diet to Treat Asthma and Eczema,1.0,1.0,1.0
3,E,Diehard,50,Treating Asthma With Plants vs. Pills,1.0,1.0,1.0
3,E,Diehard,50,How Fruits and Vegetables Can Treat Asthma,1.0,1.0,0.9984
3,E,Diehard,50,How Fruits and Vegetables Can Prevent Asthma,1.0,1.0,0.9984
3,E,Diehard,50,Our Tax Dollars Subsidize Unhealthy Foods,1.0,1.0,1.0
3,E,Diehard,50,Reducing Arsenic in Chicken and Rice,1.0,1.0,0.9984
3,E,Diehard,50,How Contaminated Are Our Children?,1.0,1.0,1.0
3,E,Diehard,50,"Blood Type Diet Perceived as ""Crass Fraud""",1.0,1.0,1.0
3,E,Diehard,50,Why Do Heart Doctors Favor Surgery and Drugs Over Diet?,1.0,1.0,1.0
3,E,DiehardCombined,1,Breast Cancer Cells Feed on Cholesterol,0.0,0.9306,1.0
3,E,DiehardCombined,1,Using Diet to Treat Asthma and Eczema,1.0,1.0,1.0
3,E,DiehardCombined,1,Treating Asthma With Plants vs. Pills,0.0,0.9642,1.0
3,E,DiehardCombined,1,How Fruits and Vegetables Can Treat Asthma,1.0,1.0,1.0
3,E,DiehardCombined,1,How Fruits and Vegetables Can Prevent Asthma,0.0,0.9975,1.0
3,E,DiehardCombined,1,Our Tax Dollars Subsidize Unhealthy Foods,1.0,1.0,1.0
3,E,DiehardCombined,1,Reducing Arsenic in Chicken and Rice,0.0,0.9506,1.0
3,E,DiehardCombined,1,How Contaminated Are Our Children?,0.0,0.977,1.0
3,E,DiehardCombined,1,"Blood Type Diet Perceived as ""Crass Fraud""",1.0,1.0,1.0
3,E,DiehardCombined,1,Why Do Heart Doctors Favor Surgery and Drugs Over Diet?,1.0,1.0,1.0
3,E,DiehardCombined,5,Breast Cancer Cells Feed on Cholesterol,0.8,0.9752,0.6
3,E,DiehardCombined,5,Using Diet to Treat Asthma and Eczema,0.6,0.9908,1.0
3,E,DiehardCombined,5,Treating Asthma With Plants vs. Pills,1.0,0.9948,-0.2
3,E,DiehardCombined,5,How Fruits and Vegetables Can Treat Asthma,0.6,0.9776,1.0
3,E,DiehardCombined,5,How Fruits and Vegetables Can Prevent Asthma,0.6,0.9908,0.2
3,E,DiehardCombined,5,Our Tax Dollars Subsidize Unhealthy Foods,0.8,0.997,0.6
3,E,DiehardCombined,5,Reducing Arsenic in Chicken and Rice,1.0,0.9912,0.4
3,E,DiehardCombined,5,How Contaminated Are Our Children?,0.6,0.9767,0.2
3,E,DiehardCombined,5,"Blood Type Diet Perceived as ""Crass Fraud""",0.6,0.9786,0.6
3,E,DiehardCombined,5,Why Do Heart Doctors Favor Surgery and Drugs Over Diet?,0.8,0.9955,0.0
3,E,DiehardCombined,10,Breast Cancer Cells Feed on Cholesterol,0.7,0.9764,0.6
3,E,DiehardCombined,10,Using Diet to Treat Asthma and Eczema,1.0,0.9986,0.6
3,E,DiehardCombined,10,Treating Asthma With Plants vs. Pills,0.7,0.9718,0.7333
3,E,DiehardCombined,10,How Fruits and Vegetables Can Treat Asthma,0.7,0.9875,0.4222
3,E,DiehardCombined,10,How Fruits and Vegetables Can Prevent Asthma,0.8,0.9931,0.5111
3,E,DiehardCombined,10,Our Tax Dollars Subsidize Unhealthy Foods,0.8,0.9953,0.6889
3,E,DiehardCombined,10,Reducing Arsenic in Chicken and Rice,1.0,0.9933,0.7778
3,E,DiehardCombined,10,How Contaminated Are Our Children?,0.7,0.9815,0.1111
3,E,DiehardCombined,10,"Blood Type Diet Perceived as ""Crass Fraud""",0.5,0.9147,0.5556
3,E,DiehardCombined,10,Why Do Heart Doctors Favor Surgery and Drugs Over Diet?,0.6,0.9199,0.3889
3,E,DiehardCombined,20,Breast Cancer Cells Feed on Cholesterol,0.8,0.9867,0.4842
3,E,DiehardCombined,20,Using Diet to Treat Asthma and Eczema,0.9,0.997,0.7158
3,E,DiehardCombined,20,Treating Asthma With Plants vs. Pills,0.75,0.9826,0.6211
3,E,DiehardCombined,20,How Fruits and Vegetables Can Treat Asthma,0.75,0.9596,0.614
3,E,DiehardCombined,20,How Fruits and Vegetables Can Prevent Asthma,0.85,0.9909,0.5789
3,E,DiehardCombined,20,Our Tax Dollars Subsidize Unhealthy Foods,0.85,0.9923,0.6947
3,E,DiehardCombined,20,Reducing Arsenic in Chicken and Rice,0.85,0.9668,0.8129
3,E,DiehardCombined,20,How Contaminated Are Our Children?,0.75,0.984,0.4316
3,E,DiehardCombined,20,"Blood Type Diet Perceived as ""Crass Fraud""",0.8,0.9163,0.2157
3,E,DiehardCombined,20,Why Do Heart Doctors Favor Surgery and Drugs Over Diet?,0.75,0.9406,0.4386
3,E,DiehardCombined,50,Breast Cancer Cells Feed on Cholesterol,0.84,0.8898,0.6307
3,E,DiehardCombined,50,Using Diet to Treat Asthma and Eczema,0.84,0.9038,0.7886
3,E,DiehardCombined,50,Treating Asthma With Plants vs. Pills,0.84,0.8874,0.5424
3,E,DiehardCombined,50,How Fruits and Vegetables Can Treat Asthma,0.82,0.8777,0.6146
3,E,DiehardCombined,50,How Fruits and Vegetables Can Prevent Asthma,0.8,0.8697,0.7026
3,E,DiehardCombined,50,Our Tax Dollars Subsidize Unhealthy Foods,0.84,0.8978,0.6562
3,E,DiehardCombined,50,Reducing Arsenic in Chicken and Rice,0.78,0.8638,0.6545
3,E,DiehardCombined,50,How Contaminated Are Our Children?,0.9,0.9301,0.5535
3,E,DiehardCombined,50,"Blood Type Diet Perceived as ""Crass Fraud""",0.78,0.8327,0.4845
3,E,DiehardCombined,50,Why Do Heart Doctors Favor Surgery and Drugs Over Diet?,0.76,0.8239,0.5533
3,E,Ckks,1,Breast Cancer Cells Feed on Cholesterol,1.0,1.0,1.0
3,E,Ckks,1,Using Diet to Treat Asthma and Eczema,1.0,1.0,1.0
3,E,Ckks,1,Treating Asthma With Plants vs. Pills,1.0,1.0,1.0
3,E,Ckks,1,How Fruits and Vegetables Can Treat Asthma,1.0,1.0,1.0
3,E,Ckks,1,How Fruits and Vegetables Can Prevent Asthma,1.0,1.0,1.0
3,E,Ckks,1,Our Tax Dollars Subsidize Unhealthy Foods,1.0,1.0,1.0
3,E,Ckks,1,Reducing Arsenic in Chicken and Rice,1.0,1.0,1.0
3,E,Ckks,1,How Contaminated Are Our Children?,1.0,1.0,1.0
3,E,Ckks,1,"Blood Type Diet Perceived as ""Crass Fraud""",1.0,1.0,1.0
3,E,Ckks,1,Why Do Heart Doctors Favor Surgery and Drugs Over Diet?,1.0,1.0,1.0
3,E,Ckks,5,Breast Cancer Cells Feed on Cholesterol,1.0,1.0,1.0
3,E,Ckks,5,Using Diet to Treat Asthma and Eczema,1.0,1.0,1.0
3,E,Ckks,5,Treating Asthma With Plants vs. Pills,1.0,1.0,1.0
3,E,Ckks,5,How Fruits and Vegetables Can Treat Asthma,1.0,1.0,1.0
3,E,Ckks,5,How Fruits and Vegetables Can Prevent Asthma,1.0,1.0,1.0
3,E,Ckks,5,Our Tax Dollars Subsidize Unhealthy Foods,1.0,1.0,1.0
3,E,Ckks,5,Reducing Arsenic in Chicken and Rice,1.0,1.0,1.0
3,E,Ckks,5,How Contaminated Are Our Children?,1.0,1.0,1.0
3,E,Ckks,5,"Blood Type Diet Perceived as ""Crass Fraud""",1.0,1.0,1.0
3,E,Ckks,5,Why Do Heart Doctors Favor Surgery and Drugs Over Diet?,1.0,1.0,1.0
3,E,Ckks,10,Breast Cancer Cells Feed on Cholesterol,1.0,1.0,1.0
3,E,Ckks,10,Using Diet to Treat Asthma and Eczema,1.0,1.0,1.0
3,E,Ckks,10,Treating Asthma With Plants vs. Pills,1.0,1.0,1.0
3,E,Ckks,10,How Fruits and Vegetables Can Treat Asthma,1.0,1.0,1.0
3,E,Ckks,10,How Fruits and Vegetables Can Prevent Asthma,1.0,1.0,1.0
3,E,Ckks,10,Our Tax Dollars Subsidize Unhealthy Foods,1.0,1.0,1.0
3,E,Ckks,10,Reducing Arsenic in Chicken and Rice,1.0,1.0,1.0
3,E,Ckks,10,How Contaminated Are Our Children?,1.0,1.0,1.0
3,E,Ckks,10,"Blood Type Diet Perceived as ""Crass Fraud""",1.0,1.0,1.0
3,E,Ckks,10,Why Do Heart Doctors Favor Surgery and Drugs Over Diet?,1.0,1.0,1.0
3,E,Ckks,20,Breast Cancer Cells Feed on Cholesterol,1.0,1.0,1.0
3,E,Ckks,20,Using Diet to Treat Asthma and Eczema,1.0,1.0,1.0
3,E,Ckks,20,Treating Asthma With Plants vs. Pills,1.0,1.0,1.0
3,E,Ckks,20,How Fruits and Vegetables Can Treat Asthma,1.0,1.0,1.0
3,E,Ckks,20,How Fruits and Vegetables Can Prevent Asthma,1.0,1.0,1.0
3,E,Ckks,20,Our Tax Dollars Subsidize Unhealthy Foods,1.0,1.0,1.0
3,E,Ckks,20,Reducing Arsenic in Chicken and Rice,1.0,1.0,1.0
3,E,Ckks,20,How Contaminated Are Our Children?,1.0,1.0,1.0
3,E,Ckks,20,"Blood Type Diet Perceived as ""Crass Fraud""",1.0,1.0,1.0
3,E,Ckks,20,Why Do Heart Doctors Favor Surgery and Drugs Over Diet?,1.0,1.0,0.9895
3,E,Ckks,50,Breast Cancer Cells Feed on Cholesterol,1.0,1.0,1.0
3,E,Ckks,50,Using Diet to Treat Asthma and Eczema,1.0,1.0,1.0
3,E,Ckks,50,Treating Asthma With Plants vs. Pills,1.0,1.0,1.0
3,E,Ckks,50,How Fruits and Vegetables Can Treat Asthma,1.0,1.0,0.9984
3,E,Ckks,50,How Fruits and Vegetables Can Prevent Asthma,1.0,1.0,0.9984
3,E,Ckks,50,Our Tax Dollars Subsidize Unhealthy Foods,1.0,1.0,0.9984
3,E,Ckks,50,Reducing Arsenic in Chicken and Rice,1.0,1.0,1.0
3,E,Ckks,50,How Contaminated Are Our Children?,1.0,1.0,1.0
3,E,Ckks,50,"Blood Type Diet Perceived as ""Crass Fraud""",1.0,1.0,0.9984
3,E,Ckks,50,Why Do Heart Doctors Favor Surgery and Drugs Over Diet?,1.0,1.0,0.9984
3,E,CkksCombined,1,Breast Cancer Cells Feed on Cholesterol,1.0,1.0,1.0
3,E,CkksCombined,1,Using Diet to Treat Asthma and Eczema,1.0,1.0,1.0
3,E,CkksCombined,1,Treating Asthma With Plants vs. Pills,1.0,1.0,1.0
3,E,CkksCombined,1,How Fruits and Vegetables Can Treat Asthma,1.0,1.0,1.0
3,E,CkksCombined,1,How Fruits and Vegetables Can Prevent Asthma,1.0,1.0,1.0
3,E,CkksCombined,1,Our Tax Dollars Subsidize Unhealthy Foods,1.0,1.0,1.0
3,E,CkksCombined,1,Reducing Arsenic in Chicken and Rice,1.0,1.0,1.0
3,E,CkksCombined,1,How Contaminated Are Our Children?,1.0,1.0,1.0
3,E,CkksCombined,1,"Blood Type Diet Perceived as ""Crass Fraud""",1.0,1.0,1.0
3,E,CkksCombined,1,Why Do Heart Doctors Favor Surgery and Drugs Over Diet?,1.0,1.0,1.0
3,E,CkksCombined,5,Breast Cancer Cells Feed on Cholesterol,1.0,1.0,1.0
3,E,CkksCombined,5,Using Diet to Treat Asthma and Eczema,1.0,1.0,1.0
3,E,CkksCombined,5,Treating Asthma With Plants vs. Pills,1.0,1.0,0.8
3,E,CkksCombined,5,How Fruits and Vegetables Can Treat Asthma,1.0,1.0,1.0
3,E,CkksCombined,5,How Fruits and Vegetables Can Prevent Asthma,1.0,1.0,1.0
3,E,CkksCombined,5,Our Tax Dollars Subsidize Unhealthy Foods,1.0,1.0,1.0
3,E,CkksCombined,5,Reducing Arsenic in Chicken and Rice,1.0,1.0,1.0
3,E,CkksCombined,5,How Contaminated Are Our Children?,1.0,1.0,1.0
3,E,CkksCombined,5,"Blood Type Diet Perceived as ""Crass Fraud""",1.0,1.0,1.0
3,E,CkksCombined,5,Why Do Heart Doctors Favor Surgery and Drugs Over Diet?,1.0,1.0,0.8
3,E,CkksCombined,10,Breast Cancer Cells Feed on Cholesterol,1.0,1.0,1.0
3,E,CkksCombined,10,Using Diet to Treat Asthma and Eczema,1.0,1.0,0.9111
3,E,CkksCombined,10,Treating Asthma With Plants vs. Pills,1.0,1.0,0.9556
3,E,CkksCombined,10,How Fruits and Vegetables Can Treat Asthma,1.0,1.0,1.0
3,E,CkksCombined,10,How Fruits and Vegetables Can Prevent Asthma,1.0,1.0,1.0
3,E,CkksCombined,10,Our Tax Dollars Subsidize Unhealthy Foods,1.0,1.0,0.9111
3,E,CkksCombined,10,Reducing Arsenic in Chicken and Rice,1.0,1.0,0.9556
3,E,CkksCombined,10,How Contaminated Are Our Children?,1.0,1.0,1.0
3,E,CkksCombined,10,"Blood Type Diet Perceived as ""Crass Fraud""",1.0,1.0,0.9556
3,E,CkksCombined,10,Why Do Heart Doctors Favor Surgery and Drugs Over Diet?,1.0,1.0,0.9111
3,E,CkksCombined,20,Breast Cancer Cells Feed on Cholesterol,0.95,0.9999,0.9895
3,E,CkksCombined,20,Using Diet to Treat Asthma and Eczema,0.95,0.9999,0.9474
3,E,CkksCombined,20,Treating Asthma With Plants vs. Pills,1.0,1.0,0.9579
3,E,CkksCombined,20,How Fruits and Vegetables Can Treat Asthma,1.0,1.0,0.9895
3,E,CkksCombined,20,How Fruits and Vegetables Can Prevent Asthma,0.95,0.9999,0.9895
3,E,CkksCombined,20,Our Tax Dollars Subsidize Unhealthy Foods,0.95,0.9998,0.9474
3,E,CkksCombined,20,Reducing Arsenic in Chicken and Rice,1.0,1.0,0.9684
3,E,CkksCombined,20,How Contaminated Are Our Children?,0.95,0.9997,0.9895
3,E,CkksCombined,20,"Blood Type Diet Perceived as ""Crass Fraud""",1.0,1.0,0.9474
3,E,CkksCombined,20,Why Do Heart Doctors Favor Surgery and Drugs Over Diet?,0.95,0.9999,0.9474
3,E,CkksCombined,50,Breast Cancer Cells Feed on Cholesterol,0.98,0.9881,0.9541
3,E,CkksCombined,50,Using Diet to Treat Asthma and Eczema,1.0,1.0,0.9722
3,E,CkksCombined,50,Treating Asthma With Plants vs. Pills,1.0,1.0,0.9706
3,E,CkksCombined,50,How Fruits and Vegetables Can Treat Asthma,1.0,1.0,0.9657
3,E,CkksCombined,50,How Fruits and Vegetables Can Prevent Asthma,1.0,1.0,0.9412
3,E,CkksCombined,50,Our Tax Dollars Subsidize Unhealthy Foods,0.96,0.9766,0.9628
3,E,CkksCombined,50,Reducing Arsenic in Chicken and Rice,0.98,0.9897,0.9711
3,E,CkksCombined,50,How Contaminated Are Our Children?,1.0,1.0,0.9722
3,E,CkksCombined,50,"Blood Type Diet Perceived as ""Crass Fraud""",0.98,0.9877,0.949
3,E,CkksCombined,50,Why Do Heart Doctors Favor Surgery and Drugs Over Diet?,0.98,0.9879,0.9609
4,E,Scrambling,1,Breast Cancer Cells Feed on Cholesterol,1.0,1.0,1.0
4,E,Scrambling,1,Using Diet to Treat Asthma and Eczema,1.0,1.0,1.0
4,E,Scrambling,1,Treating Asthma With Plants vs. Pills,1.0,1.0,1.0
4,E,Scrambling,1,How Fruits and Vegetables Can Treat Asthma,1.0,1.0,1.0
4,E,Scrambling,1,How Fruits and Vegetables Can Prevent Asthma,1.0,1.0,1.0
4,E,Scrambling,1,Our Tax Dollars Subsidize Unhealthy Foods,1.0,1.0,1.0
4,E,Scrambling,1,Reducing Arsenic in Chicken and Rice,1.0,1.0,1.0
4,E,Scrambling,1,How Contaminated Are Our Children?,1.0,1.0,1.0
4,E,Scrambling,1,"Blood Type Diet Perceived as ""Crass Fraud""",1.0,1.0,1.0
4,E,Scrambling,1,Why Do Heart Doctors Favor Surgery and Drugs Over Diet?,1.0,1.0,1.0
4,E,Scrambling,5,Breast Cancer Cells Feed on Cholesterol,1.0,1.0,1.0
4,E,Scrambling,5,Using Diet to Treat Asthma and Eczema,1.0,1.0,1.0
4,E,Scrambling,5,Treating Asthma With Plants vs. Pills,1.0,1.0,1.0
4,E,Scrambling,5,How Fruits and Vegetables Can Treat Asthma,1.0,1.0,1.0
4,E,Scrambling,5,How Fruits and Vegetables Can Prevent Asthma,1.0,1.0,1.0
4,E,Scrambling,5,Our Tax Dollars Subsidize Unhealthy Foods,1.0,1.0,1.0
4,E,Scrambling,5,Reducing Arsenic in Chicken and Rice,1.0,1.0,1.0
4,E,Scrambling,5,How Contaminated Are Our Children?,1.0,1.0,1.0
4,E,Scrambling,5,"Blood Type Diet Perceived as ""Crass Fraud""",1.0,1.0,1.0
4,E,Scrambling,5,Why Do Heart Doctors Favor Surgery and Drugs Over Diet?,1.0,1.0,0.8
4,E,Scrambling,10,Breast Cancer Cells Feed on Cholesterol,1.0,1.0,1.0
4,E,Scrambling,10,Using Diet to Treat Asthma and Eczema,1.0,1.0,1.0
4,E,Scrambling,10,Treating Asthma With Plants vs. Pills,1.0,1.0,1.0
4,E,Scrambling,10,How Fruits and Vegetables Can Treat Asthma,1.0,1.0,1.0
4,E,Scrambling,10,How Fruits and Vegetables Can Prevent Asthma,1.0,1.0,1.0
4,E,Scrambling,10,Our Tax Dollars Subsidize Unhealthy Foods,1.0,1.0,1.0
4,E,Scrambling,10,Reducing Arsenic in Chicken and Rice,1.0,1.0,1.0
4,E,Scrambling,10,How Contaminated Are Our Children?,1.0,1.0,1.0
4,E,Scrambling,10,"Blood Type Diet Perceived as ""Crass Fraud""",1.0,1.0,1.0
4,E,Scrambling,10,Why Do Heart Doctors Favor Surgery and Drugs Over Diet?,1.0,1.0,0.9556
4,E,Scrambling,20,Breast Cancer Cells Feed on Cholesterol,1.0,1.0,1.0
4,E,Scrambling,20,Using Diet to Treat Asthma and Eczema,1.0,1.0,1.0
4,E,Scrambling,20,Treating Asthma With Plants vs. Pills,1.0,1.0,1.0
4,E,Scrambling,20,How Fruits and Vegetables Can Treat Asthma,1.0,1.0,1.0
4,E,Scrambling,20,How Fruits and Vegetables Can Prevent Asthma,1.0,1.0,1.0
4,E,Scrambling,20,Our Tax Dollars Subsidize Unhealthy Foods,1.0,1.0,1.0
4,E,Scrambling,20,Reducing Arsenic in Chicken and Rice,1.0,1.0,1.0
4,E,Scrambling,20,How Contaminated Are Our Children?,1.0,1.0,1.0
4,E,Scrambling,20,"Blood Type Diet Perceived as ""Crass Fraud""",1.0,1.0,1.0
4,E,Scrambling,20,Why Do Heart Doctors Favor Surgery and Drugs Over Diet?,1.0,1.0,0.9895
4,E,Scrambling,50,Breast Cancer Cells Feed on Cholesterol,1.0,1.0,1.0
4,E,Scrambling,50,Using Diet to Treat Asthma and Eczema,1.0,1.0,1.0
4,E,Scrambling,50,Treating Asthma With Plants vs. Pills,1.0,1.0,0.9984
4,E,Scrambling,50,How Fruits and Vegetables Can Treat Asthma,1.0,1.0,1.0
4,E,Scrambling,50,How Fruits and Vegetables Can Prevent Asthma,1.0,1.0,1.0
4,E,Scrambling,50,Our Tax Dollars Subsidize Unhealthy Foods,1.0,1.0,1.0
4,E,Scrambling,50,Reducing Arsenic in Chicken and Rice,1.0,1.0,1.0
4,E,Scrambling,50,How Contaminated Are Our Children?,1.0,1.0,1.0
4,E,Scrambling,50,"Blood Type Diet Perceived as ""Crass Fraud""",1.0,1.0,0.9984
4,E,Scrambling,50,Why Do Heart Doctors Favor Surgery and Drugs Over Diet?,1.0,1.0,0.9984
4,E,Noise,1,Breast Cancer Cells Feed on Cholesterol,1.0,1.0,1.0
4,E,Noise,1,Using Diet to Treat Asthma and Eczema,1.0,1.0,1.0
4,E,Noise,1,Treating Asthma With Plants vs. Pills,1.0,1.0,1.0
4,E,Noise,1,How Fruits and Vegetables Can Treat Asthma,1.0,1.0,1.0
4,E,Noise,1,How Fruits and Vegetables Can Prevent Asthma,1.0,1.0,1.0
4,E,Noise,1,Our Tax Dollars Subsidize Unhealthy Foods,1.0,1.0,1.0
4,E,Noise,1,Reducing Arsenic in Chicken and Rice,1.0,1.0,1.0
4,E,Noise,1,How Contaminated Are Our Children?,1.0,1.0,1.0
4,E,Noise,1,"Blood Type Diet Perceived as ""Crass Fraud""",1.0,1.0,1.0
4,E,Noise,1,Why Do Heart Doctors Favor Surgery and Drugs Over Diet?,1.0,1.0,1.0
4,E,Noise,5,Breast Cancer Cells Feed on Cholesterol,1.0,1.0,1.0
4,E,Noise,5,Using Diet to Treat Asthma and Eczema,1.0,1.0,1.0
4,E,Noise,5,Treating Asthma With Plants vs. Pills,1.0,0.9999,0.6
4,E,Noise,5,How Fruits and Vegetables Can Treat Asthma,1.0,1.0,1.0
4,E,Noise,5,How Fruits and Vegetables Can Prevent Asthma,1.0,1.0,1.0
4,E,Noise,5,Our Tax Dollars Subsidize Unhealthy Foods,0.8,0.9993,1.0
4,E,Noise,5,Reducing Arsenic in Chicken and Rice,1.0,1.0,1.0
4,E,Noise,5,How Contaminated Are Our Children?,1.0,1.0,1.0
4,E,Noise,5,"Blood Type Diet Perceived as ""Crass Fraud""",1.0,1.0,1.0
4,E,Noise,5,Why Do Heart Doctors Favor Surgery and Drugs Over Diet?,1.0,1.0,1.0
4,E,Noise,10,Breast Cancer Cells Feed on Cholesterol,1.0,1.0,1.0
4,E,Noise,10,Using Diet to Treat Asthma and Eczema,1.0,1.0,1.0
4,E,Noise,10,Treating Asthma With Plants vs. Pills,1.0,0.9999,0.9111
4,E,Noise,10,How Fruits and Vegetables Can Treat Asthma,1.0,1.0,1.0
4,E,Noise,10,How Fruits and Vegetables Can Prevent Asthma,1.0,1.0,1.0
4,E,Noise,10,Our Tax Dollars Subsidize Unhealthy Foods,1.0,0.9999,0.9111
4,E,Noise,10,Reducing Arsenic in Chicken and Rice,1.0,1.0,1.0
4,E,Noise,10,How Contaminated Are Our Children?,1.0,1.0,1.0
4,E,Noise,10,"Blood Type Diet Perceived as ""Crass Fraud""",1.0,1.0,0.9556
4,E,Noise,10,Why Do Heart Doctors Favor Surgery and Drugs Over Diet?,1.0,1.0,0.9556
4,E,Noise,20,Breast Cancer Cells Feed on Cholesterol,0.9,0.9997,0.9789
4,E,Noise,20,Using Diet to Treat Asthma and Eczema,1.0,1.0,0.9789
4,E,Noise,20,Treating Asthma With Plants vs. Pills,1.0,0.9999,0.9789
4,E,Noise,20,How Fruits and Vegetables Can Treat Asthma,1.0,1.0,0.9789
4,E,Noise,20,How Fruits and Vegetables Can Prevent Asthma,1.0,1.0,1.0
4,E,Noise,20,Our Tax Dollars Subsidize Unhealthy Foods,0.95,0.9999,0.9474
4,E,Noise,20,Reducing Arsenic in Chicken and Rice,1.0,1.0,0.9895
4,E,Noise,20,How Contaminated Are Our Children?,1.0,1.0,0.9684
4,E,Noise,20,"Blood Type Diet Perceived as ""Crass Fraud""",1.0,1.0,0.9474
4,E,Noise,20,Why Do Heart Doctors Favor Surgery and Drugs Over Diet?,0.95,0.9999,0.9789
4,E,Noise,50,Breast Cancer Cells Feed on Cholesterol,0.98,0.9882,0.9626
4,E,Noise,50,Using Diet to Treat Asthma and Eczema,0.98,0.9891,0.9813
4,E,Noise,50,Treating Asthma With Plants vs. Pills,0.98,0.9886,0.9779
4,E,Noise,50,How Fruits and Vegetables Can Treat Asthma,1.0,1.0,0.9722
4,E,Noise,50,How Fruits and Vegetables Can Prevent Asthma,1.0,1.0,0.9559
4,E,Noise,50,Our Tax Dollars Subsidize Unhealthy Foods,0.96,0.9766,0.9699
4,E,Noise,50,Reducing Arsenic in Chicken and Rice,0.98,0.9897,0.9728
4,E,Noise,50,How Contaminated Are Our Children?,0.98,0.9882,0.9796
4,E,Noise,50,"Blood Type Diet Perceived as ""Crass Fraud""",1.0,1.0,0.9494
4,E,Noise,50,Why Do Heart Doctors Favor Surgery and Drugs Over Diet?,1.0,1.0,0.9706
4,E,Combined,1,Breast Cancer Cells Feed on Cholesterol,1.0,1.0,1.0
4,E,Combined,1,Using Diet to Treat Asthma and Eczema,1.0,1.0,1.0
4,E,Combined,1,Treating Asthma With Plants vs. Pills,1.0,1.0,1.0
4,E,Combined,1,How Fruits and Vegetables Can Treat Asthma,1.0,1.0,1.0
4,E,Combined,1,How Fruits and Vegetables Can Prevent Asthma,1.0,1.0,1.0
4,E,Combined,1,Our Tax Dollars Subsidize Unhealthy Foods,1.0,1.0,1.0
4,E,Combined,1,Reducing Arsenic in Chicken and Rice,1.0,1.0,1.0
4,E,Combined,1,How Contaminated Are Our Children?,1.0,1.0,1.0
4,E,Combined,1,"Blood Type Diet Perceived as ""Crass Fraud""",1.0,1.0,1.0
4,E,Combined,1,Why Do Heart Doctors Favor Surgery and Drugs Over Diet?,1.0,1.0,1.0
4,E,Combined,5,Breast Cancer Cells Feed on Cholesterol,1.0,1.0,1.0
4,E,Combined,5,Using Diet to Treat Asthma and Eczema,1.0,1.0,1.0
4,E,Combined,5,Treating Asthma With Plants vs. Pills,1.0,1.0,0.8
4,E,Combined,5,How Fruits and Vegetables Can Treat Asthma,1.0,1.0,1.0
4,E,Combined,5,How Fruits and Vegetables Can Prevent Asthma,1.0,1.0,0.8
4,E,Combined,5,Our Tax Dollars Subsidize Unhealthy Foods,1.0,1.0,1.0
4,E,Combined,5,Reducing Arsenic in Chicken and Rice,1.0,1.0,1.0
4,E,Combined,5,How Contaminated Are Our Children?,1.0,1.0,1.0
4,E,Combined,5,"Blood Type Diet Perceived as ""Crass Fraud""",1.0,1.0,1.0
4,E,Combined,5,Why Do Heart Doctors Favor Surgery and Drugs Over Diet?,1.0,1.0,0.8
4,E,Combined,10,Breast Cancer Cells Feed on Cholesterol,1.0,1.0,1.0
4,E,Combined,10,Using Diet to Treat Asthma and Eczema,1.0,1.0,1.0
4,E,Combined,10,Treating Asthma With Plants vs. Pills,1.0,1.0,0.9111
4,E,Combined,10,How Fruits and Vegetables Can Treat Asthma,1.0,1.0,1.0
4,E,Combined,10,How Fruits and Vegetables Can Prevent Asthma,1.0,1.0,0.9556
4,E,Combined,10,Our Tax Dollars Subsidize Unhealthy Foods,1.0,1.0,0.9556
4,E,Combined,10,Reducing Arsenic in Chicken and Rice,1.0,1.0,1.0
4,E,Combined,10,How Contaminated Are Our Children?,1.0,1.0,1.0
4,E,Combined,10,"Blood Type Diet Perceived as ""Crass Fraud""",0.9,0.9995,0.9556
4,E,Combined,10,Why Do Heart Doctors Favor Surgery and Drugs Over Diet?,1.0,1.0,0.9111
4,E,Combined,20,Breast Cancer Cells Feed on Cholesterol,1.0,1.0,1.0
4,E,Combined,20,Using Diet to Treat Asthma and Eczema,1.0,1.0,0.9895
4,E,Combined,20,Treating Asthma With Plants vs. Pills,1.0,1.0,0.9789
4,E,Combined,20,How Fruits and Vegetables Can Treat Asthma,1.0,1.0,0.9789
4,E,Combined,20,How Fruits and Vegetables Can Prevent Asthma,1.0,1.0,0.9789
4,E,Combined,20,Our Tax Dollars Subsidize Unhealthy Foods,0.95,0.9999,0.9579
4,E,Combined,20,Reducing Arsenic in Chicken and Rice,1.0,1.0,0.9684
4,E,Combined,20,How Contaminated Are Our Children?,1.0,1.0,0.9684
4,E,Combined,20,"Blood Type Diet Perceived as ""Crass Fraud""",0.95,0.9996,0.9158
4,E,Combined,20,Why Do Heart Doctors Favor Surgery and Drugs Over Diet?,0.95,0.9999,0.9053
4,E,Combined,50,Breast Cancer Cells Feed on Cholesterol,0.98,0.9882,0.9592
4,E,Combined,50,Using Diet to Treat Asthma and Eczema,1.0,1.0,0.9853
4,E,Combined,50,Treating Asthma With Plants vs. Pills,1.0,1.0,0.9706
4,E,Combined,50,How Fruits and Vegetables Can Treat Asthma,1.0,1.0,0.9739
4,E,Combined,50,How Fruits and Vegetables Can Prevent Asthma,1.0,1.0,0.9184
4,E,Combined,50,Our Tax Dollars Subsidize Unhealthy Foods,0.96,0.9764,0.961
4,E,Combined,50,Reducing Arsenic in Chicken and Rice,0.98,0.9896,0.9626
4,E,Combined,50,How Contaminated Are Our Children?,1.0,1.0,0.9592
4,E,Combined,50,"Blood Type Diet Perceived as ""Crass Fraud""",0.98,0.9878,0.9235
4,E,Combined,50,Why Do Heart Doctors Favor Surgery and Drugs Over Diet?,0.98,0.9877,0.9609
4,E,Rome,1,Breast Cancer Cells Feed on Cholesterol,1.0,1.0,1.0
4,E,Rome,1,Using Diet to Treat Asthma and Eczema,1.0,1.0,1.0
4,E,Rome,1,Treating Asthma With Plants vs. Pills,1.0,1.0,1.0
4,E,Rome,1,How Fruits and Vegetables Can Treat Asthma,1.0,1.0,1.0
4,E,Rome,1,How Fruits and Vegetables Can Prevent Asthma,1.0,1.0,1.0
4,E,Rome,1,Our Tax Dollars Subsidize Unhealthy Foods,1.0,1.0,1.0
4,E,Rome,1,Reducing Arsenic in Chicken and Rice,1.0,1.0,1.0
4,E,Rome,1,How Contaminated Are Our Children?,1.0,1.0,1.0
4,E,Rome,1,"Blood Type Diet Perceived as ""Crass Fraud""",1.0,1.0,1.0
4,E,Rome,1,Why Do Heart Doctors Favor Surgery and Drugs Over Diet?,1.0,1.0,1.0
4,E,Rome,5,Breast Cancer Cells Feed on Cholesterol,1.0,1.0,1.0
4,E,Rome,5,Using Diet to Treat Asthma and Eczema,1.0,1.0,1.0
4,E,Rome,5,Treating Asthma With Plants vs. Pills,1.0,1.0,1.0
4,E,Rome,5,How Fruits and Vegetables Can Treat Asthma,1.0,1.0,1.0
4,E,Rome,5,How Fruits and Vegetables Can Prevent Asthma,1.0,1.0,1.0
4,E,Rome,5,Our Tax Dollars Subsidize Unhealthy Foods,1.0,1.0,1.0
4,E,Rome,5,Reducing Arsenic in Chicken and Rice,1.0,1.0,1.0
4,E,Rome,5,How Contaminated Are Our Children?,1.0,1.0,1.0
4,E,Rome,5,"Blood Type Diet Perceived as ""Crass Fraud""",1.0,1.0,1.0
4,E,Rome,5,Why Do Heart Doctors Favor Surgery and Drugs Over Diet?,1.0,1.0,1.0
4,E,Rome,10,Breast Cancer Cells Feed on Cholesterol,1.0,1.0,1.0
4,E,Rome,10,Using Diet to Treat Asthma and Eczema,1.0,1.0,1.0
4,E,Rome,10,Treating Asthma With Plants vs. Pills,1.0,1.0,1.0
4,E,Rome,10,How Fruits and Vegetables Can Treat Asthma,1.0,1.0,1.0
4,E,Rome,10,How Fruits and Vegetables Can Prevent Asthma,1.0,1.0,1.0
4,E,Rome,10,Our Tax Dollars Subsidize Unhealthy Foods,1.0,1.0,1.0
4,E,Rome,10,Reducing Arsenic in Chicken and Rice,1.0,1.0,1.0
4,E,Rome,10,How Contaminated Are Our Children?,1.0,1.0,1.0
4,E,Rome,10,"Blood Type Diet Perceived as ""Crass Fraud""",1.0,1.0,1.0
4,E,Rome,10,Why Do Heart Doctors Favor Surgery and Drugs Over Diet?,1.0,1.0,1.0
4,E,Rome,20,Breast Cancer Cells Feed on Cholesterol,1.0,1.0,1.0
4,E,Rome,20,Using Diet to Treat Asthma and Eczema,1.0,1.0,1.0
4,E,Rome,20,Treating Asthma With Plants vs. Pills,1.0,1.0,1.0
4,E,Rome,20,How Fruits and Vegetables Can Treat Asthma,1.0,1.0,1.0
4,E,Rome,20,How Fruits and Vegetables Can Prevent Asthma,1.0,1.0,1.0
4,E,Rome,20,Our Tax Dollars Subsidize Unhealthy Foods,1.0,1.0,1.0
4,E,Rome,20,Reducing Arsenic in Chicken and Rice,1.0,1.0,1.0
4,E,Rome,20,How Contaminated Are Our Children?,1.0,1.0,1.0
4,E,Rome,20,"Blood Type Diet Perceived as ""Crass Fraud""",1.0,1.0,1.0
4,E,Rome,20,Why Do Heart Doctors Favor Surgery and Drugs Over Diet?,1.0,1.0,1.0
4,E,Rome,50,Breast Cancer Cells Feed on Cholesterol,1.0,1.0,1.0
4,E,Rome,50,Using Diet to Treat Asthma and Eczema,1.0,1.0,1.0
4,E,Rome,50,Treating Asthma With Plants vs. Pills,1.0,1.0,1.0
4,E,Rome,50,How Fruits and Vegetables Can Treat Asthma,1.0,1.0,0.9984
4,E,Rome,50,How Fruits and Vegetables Can Prevent Asthma,1.0,1.0,0.9984
4,E,Rome,50,Our Tax Dollars Subsidize Unhealthy Foods,1.0,1.0,1.0
4,E,Rome,50,Reducing Arsenic in Chicken and Rice,1.0,1.0,1.0
4,E,Rome,50,How Contaminated Are Our Children?,1.0,1.0,1.0
4,E,Rome,50,"Blood Type Diet Perceived as ""Crass Fraud""",1.0,1.0,1.0
4,E,Rome,50,Why Do Heart Doctors Favor Surgery and Drugs Over Diet?,1.0,1.0,1.0
4,E,RomeCombined,1,Breast Cancer Cells Feed on Cholesterol,1.0,1.0,1.0
4,E,RomeCombined,1,Using Diet to Treat Asthma and Eczema,1.0,1.0,1.0
4,E,RomeCombined,1,Treating Asthma With Plants vs. Pills,1.0,1.0,1.0
4,E,RomeCombined,1,How Fruits and Vegetables Can Treat Asthma,1.0,1.0,1.0
4,E,RomeCombined,1,How Fruits and Vegetables Can Prevent Asthma,0.0,0.9975,1.0
4,E,RomeCombined,1,Our Tax Dollars Subsidize Unhealthy Foods,1.0,1.0,1.0
4,E,RomeCombined,1,Reducing Arsenic in Chicken and Rice,1.0,1.0,1.0
4,E,RomeCombined,1,How Contaminated Are Our Children?,1.0,1.0,1.0
4,E,RomeCombined,1,"Blood Type Diet Perceived as ""Crass Fraud""",1.0,1.0,1.0
4,E,RomeCombined,1,Why Do Heart Doctors Favor Surgery and Drugs Over Diet?,1.0,1.0,1.0
4,E,RomeCombined,5,Breast Cancer Cells Feed on Cholesterol,1.0,1.0,1.0
4,E,RomeCombined,5,Using Diet to Treat Asthma and Eczema,1.0,1.0,1.0
4,E,RomeCombined,5,Treating Asthma With Plants vs. Pills,1.0,1.0,1.0
4,E,RomeCombined,5,How Fruits and Vegetables Can Treat Asthma,1.0,1.0,1.0
4,E,RomeCombined,5,How Fruits and Vegetables Can Prevent Asthma,1.0,0.9997,0.8
4,E,RomeCombined,5,Our Tax Dollars Subsidize Unhealthy Foods,1.0,1.0,1.0
4,E,RomeCombined,5,Reducing Arsenic in Chicken and Rice,1.0,1.0,1.0
4,E,RomeCombined,5,How Contaminated Are Our Children?,1.0,1.0,1.0
4,E,RomeCombined,5,"Blood Type Diet Perceived as ""Crass Fraud""",1.0,1.0,1.0
4,E,RomeCombined,5,Why Do Heart Doctors Favor Surgery and Drugs Over Diet?,1.0,1.0,0.8
4,E,RomeCombined,10,Breast Cancer Cells Feed on Cholesterol,1.0,1.0,1.0
4,E,RomeCombined,10,Using Diet to Treat Asthma and Eczema,1.0,1.0,1.0
4,E,RomeCombined,10,Treating Asthma With Plants vs. Pills,1.0,1.0,1.0
4,E,RomeCombined,10,How Fruits and Vegetables Can Treat Asthma,1.0,1.0,1.0
4,E,RomeCombined,10,How Fruits and Vegetables Can Prevent Asthma,1.0,0.9998,0.9556
4,E,RomeCombined,10,Our Tax Dollars Subsidize Unhealthy Foods,1.0,1.0,0.9556
4,E,RomeCombined,10,Reducing Arsenic in Chicken and Rice,1.0,1.0,1.0
4,E,RomeCombined,10,How Contaminated Are Our Children?,1.0,1.0,1.0
4,E,RomeCombined,10,"Blood Type Diet Perceived as ""Crass Fraud""",1.0,1.0,1.0
4,E,RomeCombined,10,Why Do Heart Doctors Favor Surgery and Drugs Over Diet?,1.0,1.0,0.9556
4,E,RomeCombined,20,Breast Cancer Cells Feed on Cholesterol,1.0,1.0,0.9579
4,E,RomeCombined,20,Using Diet to Treat Asthma and Eczema,1.0,1.0,0.9579
4,E,RomeCombined,20,Treating Asthma With Plants vs. Pills,1.0,1.0,0.9684
4,E,RomeCombined,20,How Fruits and Vegetables Can Treat Asthma,1.0,1.0,0.9895
4,E,RomeCombined,20,How Fruits and Vegetables Can Prevent Asthma,1.0,0.9998,0.9684
4,E,RomeCombined,20,Our Tax Dollars Subsidize Unhealthy Foods,0.95,0.9998,0.9789
4,E,RomeCombined,20,Reducing Arsenic in Chicken and Rice,1.0,1.0,0.9789
4,E,RomeCombined,20,How Contaminated Are Our Children?,1.0,1.0,0.9789
4,E,RomeCombined,20,"Blood Type Diet Perceived as ""Crass Fraud""",1.0,1.0,0.9474
4,E,RomeCombined,20,Why Do Heart Doctors Favor Surgery and Drugs Over Diet?,0.95,0.9999,0.9895
4,E,RomeCombined,50,Breast Cancer Cells Feed on Cholesterol,0.98,0.9882,0.9609
4,E,RomeCombined,50,Using Diet to Treat Asthma and Eczema,0.98,0.9891,0.9813
4,E,RomeCombined,50,Treating Asthma With Plants vs. Pills,0.98,0.9886,0.9745
4,E,RomeCombined,50,How Fruits and Vegetables Can Treat Asthma,1.0,1.0,0.9755
4,E,RomeCombined,50,How Fruits and Vegetables Can Prevent Asthma,1.0,0.9999,0.9069
4,E,RomeCombined,50,Our Tax Dollars Subsidize Unhealthy Foods,0.96,0.9766,0.9699
4,E,RomeCombined,50,Reducing Arsenic in Chicken and Rice,0.98,0.9897,0.9762
4,E,RomeCombined,50,How Contaminated Are Our Children?,1.0,1.0,0.9918
4,E,RomeCombined,50,"Blood Type Diet Perceived as ""Crass Fraud""",0.98,0.9879,0.9643
4,E,RomeCombined,50,Why Do Heart Doctors Favor Surgery and Drugs Over Diet?,0.98,0.9878,0.9813
4,E,Romm,1,Breast Cancer Cells Feed on Cholesterol,1.0,1.0,1.0
4,E,Romm,1,Using Diet to Treat Asthma and Eczema,1.0,1.0,1.0
4,E,Romm,1,Treating Asthma With Plants vs. Pills,1.0,1.0,1.0
4,E,Romm,1,How Fruits and Vegetables Can Treat Asthma,1.0,1.0,1.0
4,E,Romm,1,How Fruits and Vegetables Can Prevent Asthma,1.0,1.0,1.0
4,E,Romm,1,Our Tax Dollars Subsidize Unhealthy Foods,1.0,1.0,1.0
4,E,Romm,1,Reducing Arsenic in Chicken and Rice,1.0,1.0,1.0
4,E,Romm,1,How Contaminated Are Our Children?,1.0,1.0,1.0
4,E,Romm,1,"Blood Type Diet Perceived as ""Crass Fraud""",1.0,1.0,1.0
4,E,Romm,1,Why Do Heart Doctors Favor Surgery and Drugs Over Diet?,1.0,1.0,1.0
4,E,Romm,5,Breast Cancer Cells Feed on Cholesterol,1.0,1.0,1.0
4,E,Romm,5,Using Diet to Treat Asthma and Eczema,1.0,1.0,1.0
4,E,Romm,5,Treating Asthma With Plants vs. Pills,1.0,1.0,1.0
4,E,Romm,5,How Fruits and Vegetables Can Treat Asthma,1.0,1.0,1.0
4,E,Romm,5,How Fruits and Vegetables Can Prevent Asthma,1.0,1.0,1.0
4,E,Romm,5,Our Tax Dollars Subsidize Unhealthy Foods,1.0,1.0,1.0
4,E,Romm,5,Reducing Arsenic in Chicken and Rice,1.0,1.0,1.0
4,E,Romm,5,How Contaminated Are Our Children?,1.0,1.0,1.0
4,E,Romm,5,"Blood Type Diet Perceived as ""Crass Fraud""",1.0,1.0,1.0
4,E,Romm,5,Why Do Heart Doctors Favor Surgery and Drugs Over Diet?,1.0,1.0,1.0
4,E,Romm,10,Breast Cancer Cells Feed on Cholesterol,1.0,1.0,1.0
4,E,Romm,10,Using Diet to Treat Asthma and Eczema,1.0,1.0,1.0
4,E,Romm,10,Treating Asthma With Plants vs. Pills,1.0,1.0,1.0
4,E,Romm,10,How Fruits and Vegetables Can Treat Asthma,1.0,1.0,1.0
4,E,Romm,10,How Fruits and Vegetables Can Prevent Asthma,1.0,1.0,1.0
4,E,Romm,10,Our Tax Dollars Subsidize Unhealthy Foods,1.0,1.0,1.0
4,E,Romm,10,Reducing Arsenic in Chicken and Rice,1.0,1.0,1.0
4,E,Romm,10,How Contaminated Are Our Children?,1.0,1.0,1.0
4,E,Romm,10,"Blood Type Diet Perceived as ""Crass Fraud""",1.0,1.0,1.0
4,E,Romm,10,Why Do Heart Doctors Favor Surgery and Drugs Over Diet?,1.0,1.0,1.0
4,E,Romm,20,Breast Cancer Cells Feed on Cholesterol,1.0,1.0,1.0
4,E,Romm,20,Using Diet to Treat Asthma and Eczema,1.0,1.0,1.0
4,E,Romm,20,Treating Asthma With Plants vs. Pills,1.0,1.0,1.0
4,E,Romm,20,How Fruits and Vegetables Can Treat Asthma,1.0,1.0,1.0
4,E,Romm,20,How Fruits and Vegetables Can Prevent Asthma,1.0,1.0,1.0
4,E,Romm,20,Our Tax Dollars Subsidize Unhealthy Foods,1.0,1.0,1.0
4,E,Romm,20,Reducing Arsenic in Chicken and Rice,1.0,1.0,1.0
4,E,Romm,20,How Contaminated Are Our Children?,1.0,1.0,1.0
4,E,Romm,20,"Blood Type Diet Perceived as ""Crass Fraud""",1.0,1.0,1.0
4,E,Romm,20,Why Do Heart Doctors Favor Surgery and Drugs Over Diet?,1.0,1.0,1.0
4,E,Romm,50,Breast Cancer Cells Feed on Cholesterol,1.0,1.0,1.0
4,E,Romm,50,Using Diet to Treat Asthma and Eczema,1.0,1.0,1.0
4,E,Romm,50,Treating Asthma With Plants vs. Pills,1.0,1.0,1.0
4,E,Romm,50,How Fruits and Vegetables Can Treat Asthma,1.0,1.0,0.9984
4,E,Romm,50,How Fruits and Vegetables Can Prevent Asthma,1.0,1.0,0.9984
4,E,Romm,50,Our Tax Dollars Subsidize Unhealthy Foods,1.0,1.0,1.0
4,E,Romm,50,Reducing Arsenic in Chicken and Rice,1.0,1.0,1.0
4,E,Romm,50,How Contaminated Are Our Children?,1.0,1.0,1.0
4,E,Romm,50,"Blood Type Diet Perceived as ""Crass Fraud""",1.0,1.0,1.0
4,E,Romm,50,Why Do Heart Doctors Favor Surgery and Drugs Over Diet?,1.0,1.0,1.0
4,E,RommCombined,1,Breast Cancer Cells Feed on Cholesterol,1.0,1.0,1.0
4,E,RommCombined,1,Using Diet to Treat Asthma and Eczema,1.0,1.0,1.0
4,E,RommCombined,1,Treating Asthma With Plants vs. Pills,1.0,1.0,1.0
4,E,RommCombined,1,How Fruits and Vegetables Can Treat Asthma,1.0,1.0,1.0
4,E,RommCombined,1,How Fruits and Vegetables Can Prevent Asthma,1.0,1.0,1.0
4,E,RommCombined,1,Our Tax Dollars Subsidize Unhealthy Foods,1.0,1.0,1.0
4,E,RommCombined,1,Reducing Arsenic in Chicken and Rice,1.0,1.0,1.0
4,E,RommCombined,1,How Contaminated Are Our Children?,1.0,1.0,1.0
4,E,RommCombined,1,"Blood Type Diet Perceived as ""Crass Fraud""",1.0,1.0,1.0
4,E,RommCombined,1,Why Do Heart Doctors Favor Surgery and Drugs Over Diet?,1.0,1.0,1.0
4,E,RommCombined,5,Breast Cancer Cells Feed on Cholesterol,1.0,1.0,1.0
4,E,RommCombined,5,Using Diet to Treat Asthma and Eczema,1.0,1.0,1.0
4,E,RommCombined,5,Treating Asthma With Plants vs. Pills,1.0,1.0,0.8
4,E,RommCombined,5,How Fruits and Vegetables Can Treat Asthma,1.0,1.0,1.0
4,E,RommCombined,5,How Fruits and Vegetables Can Prevent Asthma,1.0,1.0,1.0
4,E,RommCombined,5,Our Tax Dollars Subsidize Unhealthy Foods,1.0,1.0,1.0
4,E,RommCombined,5,Reducing Arsenic in Chicken and Rice,1.0,1.0,1.0
4,E,RommCombined,5,How Contaminated Are Our Children?,1.0,1.0,1.0
4,E,RommCombined,5,"Blood Type Diet Perceived as ""Crass Fraud""",1.0,1.0,1.0
4,E,RommCombined,5,Why Do Heart Doctors Favor Surgery and Drugs Over Diet?,1.0,0.9997,0.6
4,E,RommCombined,10,Breast Cancer Cells Feed on Cholesterol,1.0,1.0,1.0
4,E,RommCombined,10,Using Diet to Treat Asthma and Eczema,1.0,1.0,0.9556
4,E,RommCombined,10,Treating Asthma With Plants vs. Pills,1.0,1.0,0.9556
4,E,RommCombined,10,How Fruits and Vegetables Can Treat Asthma,1.0,1.0,0.9556
4,E,RommCombined,10,How Fruits and Vegetables Can Prevent Asthma,1.0,1.0,1.0
4,E,RommCombined,10,Our Tax Dollars Subsidize Unhealthy Foods,1.0,1.0,0.9556
4,E,RommCombined,10,Reducing Arsenic in Chicken and Rice,1.0,1.0,1.0
4,E,RommCombined,10,How Contaminated Are Our Children?,1.0,1.0,1.0
4,E,RommCombined,10,"Blood Type Diet Perceived as ""Crass Fraud""",1.0,1.0,0.9556
4,E,RommCombined,10,Why Do Heart Doctors Favor Surgery and Drugs Over Diet?,1.0,0.9998,0.8667
4,E,RommCombined,20,Breast Cancer Cells Feed on Cholesterol,1.0,1.0,0.9684
4,E,RommCombined,20,Using Diet to Treat Asthma and Eczema,1.0,1.0,0.9474
4,E,RommCombined,20,Treating Asthma With Plants vs. Pills,1.0,1.0,0.9579
4,E,RommCombined,20,How Fruits and Vegetables Can Treat Asthma,0.95,0.9998,0.9895
4,E,RommCombined,20,How Fruits and Vegetables Can Prevent Asthma,1.0,1.0,0.9895
4,E,RommCombined,20,Our Tax Dollars Subsidize Unhealthy Foods,0.95,0.9999,0.9895
4,E,RommCombined,20,Reducing Arsenic in Chicken and Rice,1.0,1.0,0.9684
4,E,RommCombined,20,How Contaminated Are Our Children?,1.0,1.0,0.9684
4,E,RommCombined,20,"Blood Type Diet Perceived as ""Crass Fraud""",1.0,1.0,0.9474
4,E,RommCombined,20,Why Do Heart Doctors Favor Surgery and Drugs Over Diet?,0.95,0.9998,0.9368
4,E,RommCombined,50,Breast Cancer Cells Feed on Cholesterol,0.98,0.9882,0.9507
4,E,RommCombined,50,Using Diet to Treat Asthma and Eczema,1.0,1.0,0.9804
4,E,RommCombined,50,Treating Asthma With Plants vs. Pills,1.0,1.0,0.9657
4,E,RommCombined,50,How Fruits and Vegetables Can Treat Asthma,1.0,1.0,0.951
4,E,RommCombined,50,How Fruits and Vegetables Can Prevent Asthma,1.0,1.0,0.9314
4,E,RommCombined,50,Our Tax Dollars Subsidize Unhealthy Foods,1.0,1.0,0.9624
4,E,RommCombined,50,Reducing Arsenic in Chicken and Rice,0.98,0.9896,0.9745
4,E,RommCombined,50,How Contaminated Are Our Children?,1.0,1.0,0.9755
4,E,RommCombined,50,"Blood Type Diet Perceived as ""Crass Fraud""",1.0,1.0,0.951
4,E,RommCombined,50,Why Do Heart Doctors Favor Surgery and Drugs Over Diet?,1.0,0.9999,0.9706
4,E,Diehard,1,Breast Cancer Cells Feed on Cholesterol,1.0,1.0,1.0
4,E,Diehard,1,Using Diet to Treat Asthma and Eczema,1.0,1.0,1.0
4,E,Diehard,1,Treating Asthma With Plants vs. Pills,1.0,1.0,1.0
4,E,Diehard,1,How Fruits and Vegetables Can Treat Asthma,1.0,1.0,1.0
4,E,Diehard,1,How Fruits and Vegetables Can Prevent Asthma,1.0,1.0,1.0
4,E,Diehard,1,Our Tax Dollars Subsidize Unhealthy Foods,1.0,1.0,1.0
4,E,Diehard,1,Reducing Arsenic in Chicken and Rice,1.0,1.0,1.0
4,E,Diehard,1,How Contaminated Are Our Children?,1.0,1.0,1.0
4,E,Diehard,1,"Blood Type Diet Perceived as ""Crass Fraud""",1.0,1.0,1.0
4,E,Diehard,1,Why Do Heart Doctors Favor Surgery and Drugs Over Diet?,1.0,1.0,1.0
4,E,Diehard,5,Breast Cancer Cells Feed on Cholesterol,1.0,1.0,1.0
4,E,Diehard,5,Using Diet to Treat Asthma and Eczema,1.0,1.0,1.0
4,E,Diehard,5,Treating Asthma With Plants vs. Pills,1.0,1.0,1.0
4,E,Diehard,5,How Fruits and Vegetables Can Treat Asthma,1.0,1.0,1.0
4,E,Diehard,5,How Fruits and Vegetables Can Prevent Asthma,1.0,1.0,1.0
4,E,Diehard,5,Our Tax Dollars Subsidize Unhealthy Foods,1.0,1.0,1.0
4,E,Diehard,5,Reducing Arsenic in Chicken and Rice,1.0,1.0,1.0
4,E,Diehard,5,How Contaminated Are Our Children?,1.0,1.0,1.0
4,E,Diehard,5,"Blood Type Diet Perceived as ""Crass Fraud""",1.0,1.0,1.0
4,E,Diehard,5,Why Do Heart Doctors Favor Surgery and Drugs Over Diet?,1.0,1.0,1.0
4,E,Diehard,10,Breast Cancer Cells Feed on Cholesterol,1.0,1.0,1.0
4,E,Diehard,10,Using Diet to Treat Asthma and Eczema,1.0,1.0,1.0
4,E,Diehard,10,Treating Asthma With Plants vs. Pills,1.0,1.0,1.0
4,E,Diehard,10,How Fruits and Vegetables Can Treat Asthma,1.0,1.0,1.0
4,E,Diehard,10,How Fruits and Vegetables Can Prevent Asthma,1.0,1.0,1.0
4,E,Diehard,10,Our Tax Dollars Subsidize Unhealthy Foods,1.0,1.0,1.0
4,E,Diehard,10,Reducing Arsenic in Chicken and Rice,1.0,1.0,1.0
4,E,Diehard,10,How Contaminated Are Our Children?,1.0,1.0,1.0
4,E,Diehard,10,"Blood Type Diet Perceived as ""Crass Fraud""",1.0,1.0,1.0
4,E,Diehard,10,Why Do Heart Doctors Favor Surgery and Drugs Over Diet?,1.0,1.0,1.0
4,E,Diehard,20,Breast Cancer Cells Feed on Cholesterol,1.0,1.0,1.0
4,E,Diehard,20,Using Diet to Treat Asthma and Eczema,1.0,1.0,1.0
4,E,Diehard,20,Treating Asthma With Plants vs. Pills,1.0,1.0,1.0
4,E,Diehard,20,How Fruits and Vegetables Can Treat Asthma,1.0,1.0,1.0
4,E,Diehard,20,How Fruits and Vegetables Can Prevent Asthma,1.0,1.0,1.0
4,E,Diehard,20,Our Tax Dollars Subsidize Unhealthy Foods,1.0,1.0,1.0
4,E,Diehard,20,Reducing Arsenic in Chicken and Rice,1.0,1.0,1.0
4,E,Diehard,20,How Contaminated Are Our Children?,1.0,1.0,1.0
4,E,Diehard,20,"Blood Type Diet Perceived as ""Crass Fraud""",1.0,1.0,1.0
4,E,Diehard,20,Why Do Heart Doctors Favor Surgery and Drugs Over Diet?,1.0,1.0,1.0
4,E,Diehard,50,Breast Cancer Cells Feed on Cholesterol,1.0,1.0,0.9984
4,E,Diehard,50,Using Diet to Treat Asthma and Eczema,1.0,1.0,1.0
4,E,Diehard,50,Treating Asthma With Plants vs. Pills,1.0,1.0,1.0
4,E,Diehard,50,How Fruits and Vegetables Can Treat Asthma,1.0,1.0,0.9984
4,E,Diehard,50,How Fruits and Vegetables Can Prevent Asthma,1.0,1.0,0.9984
4,E,Diehard,50,Our Tax Dollars Subsidize Unhealthy Foods,1.0,1.0,1.0
4,E,Diehard,50,Reducing Arsenic in Chicken and Rice,1.0,1.0,0.9984
4,E,Diehard,50,How Contaminated Are Our Children?,1.0,1.0,1.0
4,E,Diehard,50,"Blood Type Diet Perceived as ""Crass Fraud""",1.0,1.0,1.0
4,E,Diehard,50,Why Do Heart Doctors Favor Surgery and Drugs Over Diet?,1.0,1.0,1.0
4,E,DiehardCombined,1,Breast Cancer Cells Feed on Cholesterol,1.0,1.0,1.0
4,E,DiehardCombined,1,Using Diet to Treat Asthma and Eczema,1.0,1.0,1.0
4,E,DiehardCombined,1,Treating Asthma With Plants vs. Pills,1.0,1.0,1.0
4,E,DiehardCombined,1,How Fruits and Vegetables Can Treat Asthma,1.0,1.0,1.0
4,E,DiehardCombined,1,How Fruits and Vegetables Can Prevent Asthma,0.0,0.9975,1.0
4,E,DiehardCombined,1,Our Tax Dollars Subsidize Unhealthy Foods,1.0,1.0,1.0
4,E,DiehardCombined,1,Reducing Arsenic in Chicken and Rice,0.0,0.9921,1.0
4,E,DiehardCombined,1,How Contaminated Are Our Children?,0.0,0.8397,1.0
4,E,DiehardCombined,1,"Blood Type Diet Perceived as ""Crass Fraud""",1.0,1.0,1.0
4,E,DiehardCombined,1,Why Do Heart Doctors Favor Surgery and Drugs Over Diet?,1.0,1.0,1.0
4,E,DiehardCombined,5,Breast Cancer Cells Feed on Cholesterol,1.0,0.9995,0.8
4,E,DiehardCombined,5,Using Diet to Treat Asthma and Eczema,1.0,0.999,0.6
4,E,DiehardCombined,5,Treating Asthma With Plants vs. Pills,0.8,0.9864,0.6
4,E,DiehardCombined,5,How Fruits and Vegetables Can Treat Asthma,0.8,0.9823,0.8
4,E,DiehardCombined,5,How Fruits and Vegetables Can Prevent Asthma,0.6,0.9766,0.8
4,E,DiehardCombined,5,Our Tax Dollars Subsidize Unhealthy Foods,1.0,1.0,1.0
4,E,DiehardCombined,5,Reducing Arsenic in Chicken and Rice,1.0,0.9981,0.6
4,E,DiehardCombined,5,How Contaminated Are Our Children?,0.6,0.9466,0.0
4,E,DiehardCombined,5,"Blood Type Diet Perceived as ""Crass Fraud""",0.6,0.9898,1.0
4,E,DiehardCombined,5,Why Do Heart Doctors Favor Surgery and Drugs Over Diet?,0.8,0.9965,0.8
4,E,DiehardCombined,10,Breast Cancer Cells Feed on Cholesterol,0.8,0.9859,0.7333
4,E,DiehardCombined,10,Using Diet to Treat Asthma and Eczema,0.8,0.9941,0.8222
4,E,DiehardCombined,10,Treating Asthma With Plants vs. Pills,0.8,0.982,0.5556
4,E,DiehardCombined,10,How Fruits and Vegetables Can Treat Asthma,0.7,0.9892,0.4667
4,E,DiehardCombined,10,How Fruits and Vegetables Can Prevent Asthma,0.8,0.9835,0.3778
4,E,DiehardCombined,10,Our Tax Dollars Subsidize Unhealthy Foods,0.7,0.9357,0.7778
4,E,DiehardCombined,10,Reducing Arsenic in Chicken and Rice,0.9,0.9904,0.8667
4,E,DiehardCombined,10,How Contaminated Are Our Children?,0.8,0.9672,0.0222
4,E,DiehardCombined,10,"Blood Type Diet Perceived as ""Crass Fraud""",0.5,0.8656,0.8571
4,E,DiehardCombined,10,Why Do Heart Doctors Favor Surgery and Drugs Over Diet?,0.8,0.9942,0.6889
4,E,DiehardCombined,20,Breast Cancer Cells Feed on Cholesterol,0.75,0.9568,0.5789
4,E,DiehardCombined,20,Using Diet to Treat Asthma and Eczema,0.9,0.9953,0.7158
4,E,DiehardCombined,20,Treating Asthma With Plants vs. Pills,0.8,0.9883,0.5579
4,E,DiehardCombined,20,How Fruits and Vegetables Can Treat Asthma,0.8,0.9886,0.5263
4,E,DiehardCombined,20,How Fruits and Vegetables Can Prevent Asthma,0.9,0.9925,0.5789
4,E,DiehardCombined,20,Our Tax Dollars Subsidize Unhealthy Foods,0.75,0.9233,0.6209
4,E,DiehardCombined,20,Reducing Arsenic in Chicken and Rice,0.75,0.9917,0.6211
4,E,DiehardCombined,20,How Contaminated Are Our Children?,0.8,0.9754,0.4316
4,E,DiehardCombined,20,"Blood Type Diet Perceived as ""Crass Fraud""",0.65,0.8787,0.4118
4,E,DiehardCombined,20,Why Do Heart Doctors Favor Surgery and Drugs Over Diet?,0.75,0.9317,0.6471
4,E,DiehardCombined,50,Breast Cancer Cells Feed on Cholesterol,0.74,0.8196,0.5195
4,E,DiehardCombined,50,Using Diet to Treat Asthma and Eczema,0.84,0.9042,0.7584
4,E,DiehardCombined,50,Treating Asthma With Plants vs. Pills,0.94,0.9615,0.543
4,E,DiehardCombined,50,How Fruits and Vegetables Can Treat Asthma,0.88,0.9217,0.6512
4,E,DiehardCombined,50,How Fruits and Vegetables Can Prevent Asthma,0.86,0.9055,0.6434
4,E,DiehardCombined,50,Our Tax Dollars Subsidize Unhealthy Foods,0.84,0.8816,0.6237
4,E,DiehardCombined,50,Reducing Arsenic in Chicken and Rice,0.84,0.9075,0.6167
4,E,DiehardCombined,50,How Contaminated Are Our Children?,0.84,0.8835,0.5261
4,E,DiehardCombined,50,"Blood Type Diet Perceived as ""Crass Fraud""",0.68,0.7568,0.4938
4,E,DiehardCombined,50,Why Do Heart Doctors Favor Surgery and Drugs Over Diet?,0.84,0.8856,0.7143
4,E,Ckks,1,Breast Cancer Cells Feed on Cholesterol,1.0,1.0,1.0
4,E,Ckks,1,Using Diet to Treat Asthma and Eczema,1.0,1.0,1.0
4,E,Ckks,1,Treating Asthma With Plants vs. Pills,1.0,1.0,1.0
4,E,Ckks,1,How Fruits and Vegetables Can Treat Asthma,1.0,1.0,1.0
4,E,Ckks,1,How Fruits and Vegetables Can Prevent Asthma,1.0,1.0,1.0
4,E,Ckks,1,Our Tax Dollars Subsidize Unhealthy Foods,1.0,1.0,1.0
4,E,Ckks,1,Reducing Arsenic in Chicken and Rice,1.0,1.0,1.0
4,E,Ckks,1,How Contaminated Are Our Children?,1.0,1.0,1.0
4,E,Ckks,1,"Blood Type Diet Perceived as ""Crass Fraud""",1.0,1.0,1.0
4,E,Ckks,1,Why Do Heart Doctors Favor Surgery and Drugs Over Diet?,1.0,1.0,1.0
4,E,Ckks,5,Breast Cancer Cells Feed on Cholesterol,1.0,1.0,1.0
4,E,Ckks,5,Using Diet to Treat Asthma and Eczema,1.0,1.0,1.0
4,E,Ckks,5,Treating Asthma With Plants vs. Pills,1.0,1.0,1.0
4,E,Ckks,5,How Fruits and Vegetables Can Treat Asthma,1.0,1.0,1.0
4,E,Ckks,5,How Fruits and Vegetables Can Prevent Asthma,1.0,1.0,1.0
4,E,Ckks,5,Our Tax Dollars Subsidize Unhealthy Foods,1.0,1.0,1.0
4,E,Ckks,5,Reducing Arsenic in Chicken and Rice,1.0,1.0,1.0
4,E,Ckks,5,How Contaminated Are Our Children?,1.0,1.0,1.0
4,E,Ckks,5,"Blood Type Diet Perceived as ""Crass Fraud""",1.0,1.0,1.0
4,E,Ckks,5,Why Do Heart Doctors Favor Surgery and Drugs Over Diet?,1.0,1.0,0.8
4,E,Ckks,10,Breast Cancer Cells Feed on Cholesterol,1.0,1.0,1.0
4,E,Ckks,10,Using Diet to Treat Asthma and Eczema,1.0,1.0,1.0
4,E,Ckks,10,Treating Asthma With Plants vs. Pills,1.0,1.0,1.0
4,E,Ckks,10,How Fruits and Vegetables Can Treat Asthma,1.0,1.0,1.0
4,E,Ckks,10,How Fruits and Vegetables Can Prevent Asthma,1.0,1.0,1.0
4,E,Ckks,10,Our Tax Dollars Subsidize Unhealthy Foods,1.0,1.0,1.0
4,E,Ckks,10,Reducing Arsenic in Chicken and Rice,1.0,1.0,1.0
4,E,Ckks,10,How Contaminated Are Our Children?,1.0,1.0,1.0
4,E,Ckks,10,"Blood Type Diet Perceived as ""Crass Fraud""",1.0,1.0,1.0
4,E,Ckks,10,Why Do Heart Doctors Favor Surgery and Drugs Over Diet?,1.0,1.0,0.9556
4,E,Ckks,20,Breast Cancer Cells Feed on Cholesterol,1.0,1.0,1.0
4,E,Ckks,20,Using Diet to Treat Asthma and Eczema,1.0,1.0,1.0
4,E,Ckks,20,Treating Asthma With Plants vs. Pills,1.0,1.0,1.0
4,E,Ckks,20,How Fruits and Vegetables Can Treat Asthma,1.0,1.0,1.0
4,E,Ckks,20,How Fruits and Vegetables Can Prevent Asthma,1.0,1.0,1.0
4,E,Ckks,20,Our Tax Dollars Subsidize Unhealthy Foods,1.0,1.0,1.0
4,E,Ckks,20,Reducing Arsenic in Chicken and Rice,1.0,1.0,1.0
4,E,Ckks,20,How Contaminated Are Our Children?,1.0,1.0,1.0
4,E,Ckks,20,"Blood Type Diet Perceived as ""Crass Fraud""",1.0,1.0,1.0
4,E,Ckks,20,Why Do Heart Doctors Favor Surgery and Drugs Over Diet?,1.0,1.0,0.9789
4,E,Ckks,50,Breast Cancer Cells Feed on Cholesterol,1.0,1.0,0.9984
4,E,Ckks,50,Using Diet to Treat Asthma and Eczema,1.0,1.0,1.0
4,E,Ckks,50,Treating Asthma With Plants vs. Pills,1.0,1.0,0.9967
4,E,Ckks,50,How Fruits and Vegetables Can Treat Asthma,1.0,1.0,0.9984
4,E,Ckks,50,How Fruits and Vegetables Can Prevent Asthma,1.0,1.0,0.9984
4,E,Ckks,50,Our Tax Dollars Subsidize Unhealthy Foods,1.0,1.0,1.0
4,E,Ckks,50,Reducing Arsenic in Chicken and Rice,1.0,1.0,0.9984
4,E,Ckks,50,How Contaminated Are Our Children?,1.0,1.0,1.0
4,E,Ckks,50,"Blood Type Diet Perceived as ""Crass Fraud""",1.0,1.0,1.0
4,E,Ckks,50,Why Do Heart Doctors Favor Surgery and Drugs Over Diet?,1.0,1.0,0.9951
4,E,CkksCombined,1,Breast Cancer Cells Feed on Cholesterol,1.0,1.0,1.0
4,E,CkksCombined,1,Using Diet to Treat Asthma and Eczema,1.0,1.0,1.0
4,E,CkksCombined,1,Treating Asthma With Plants vs. Pills,1.0,1.0,1.0
4,E,CkksCombined,1,How Fruits and Vegetables Can Treat Asthma,1.0,1.0,1.0
4,E,CkksCombined,1,How Fruits and Vegetables Can Prevent Asthma,1.0,1.0,1.0
4,E,CkksCombined,1,Our Tax Dollars Subsidize Unhealthy Foods,1.0,1.0,1.0
4,E,CkksCombined,1,Reducing Arsenic in Chicken and Rice,1.0,1.0,1.0
4,E,CkksCombined,1,How Contaminated Are Our Children?,1.0,1.0,1.0
4,E,CkksCombined,1,"Blood Type Diet Perceived as ""Crass Fraud""",1.0,1.0,1.0
4,E,CkksCombined,1,Why Do Heart Doctors Favor Surgery and Drugs Over Diet?,1.0,1.0,1.0
4,E,CkksCombined,5,Breast Cancer Cells Feed on Cholesterol,1.0,1.0,1.0
4,E,CkksCombined,5,Using Diet to Treat Asthma and Eczema,1.0,1.0,1.0
4,E,CkksCombined,5,Treating Asthma With Plants vs. Pills,1.0,1.0,1.0
4,E,CkksCombined,5,How Fruits and Vegetables Can Treat Asthma,1.0,0.9999,0.8
4,E,CkksCombined,5,How Fruits and Vegetables Can Prevent Asthma,1.0,1.0,1.0
4,E,CkksCombined,5,Our Tax Dollars Subsidize Unhealthy Foods,1.0,1.0,1.0
4,E,CkksCombined,5,Reducing Arsenic in Chicken and Rice,1.0,1.0,1.0
4,E,CkksCombined,5,How Contaminated Are Our Children?,1.0,1.0,1.0
4,E,CkksCombined,5,"Blood Type Diet Perceived as ""Crass Fraud""",1.0,1.0,1.0
4,E,CkksCombined,5,Why Do Heart Doctors Favor Surgery and Drugs Over Diet?,1.0,1.0,1.0
4,E,CkksCombined,10,Breast Cancer Cells Feed on Cholesterol,0.9,0.9998,1.0
4,E,CkksCombined,10,Using Diet to Treat Asthma and Eczema,1.0,1.0,1.0
4,E,CkksCombined,10,Treating Asthma With Plants vs. Pills,1.0,1.0,1.0
4,E,CkksCombined,10,How Fruits and Vegetables Can Treat Asthma,1.0,0.9999,0.9111
4,E,CkksCombined,10,How Fruits and Vegetables Can Prevent Asthma,1.0,1.0,1.0
4,E,CkksCombined,10,Our Tax Dollars Subsidize Unhealthy Foods,1.0,1.0,0.9556
4,E,CkksCombined,10,Reducing Arsenic in Chicken and Rice,1.0,1.0,1.0
4,E,CkksCombined,10,How Contaminated Are Our Children?,1.0,1.0,1.0
4,E,CkksCombined,10,"Blood Type Diet Perceived as ""Crass Fraud""",1.0,1.0,1.0
4,E,CkksCombined,10,Why Do Heart Doctors Favor Surgery and Drugs Over Diet?,1.0,1.0,1.0
4,E,CkksCombined,20,Breast Cancer Cells Feed on Cholesterol,1.0,1.0,0.9579
4,E,CkksCombined,20,Using Diet to Treat Asthma and Eczema,1.0,1.0,0.9263
4,E,CkksCombined,20,Treating Asthma With Plants vs. Pills,1.0,1.0,0.9474
4,E,CkksCombined,20,How Fruits and Vegetables Can Treat Asthma,1.0,0.9999,0.9579
4,E,CkksCombined,20,How Fruits and Vegetables Can Prevent Asthma,1.0,1.0,0.9895
4,E,CkksCombined,20,Our Tax Dollars Subsidize Unhealthy Foods,1.0,1.0,0.9579
4,E,CkksCombined,20,Reducing Arsenic in Chicken and Rice,1.0,1.0,0.9684
4,E,CkksCombined,20,How Contaminated Are Our Children?,1.0,1.0,0.9684
4,E,CkksCombined,20,"Blood Type Diet Perceived as ""Crass Fraud""",0.95,0.9999,0.9368
4,E,CkksCombined,20,Why Do Heart Doctors Favor Surgery and Drugs Over Diet?,1.0,1.0,0.8947
4,E,CkksCombined,50,Breast Cancer Cells Feed on Cholesterol,0.98,0.988,0.9524
4,E,CkksCombined,50,Using Diet to Treat Asthma and Eczema,0.98,0.989,0.966
4,E,CkksCombined,50,Treating Asthma With Plants vs. Pills,1.0,1.0,0.9739
4,E,CkksCombined,50,How Fruits and Vegetables Can Treat Asthma,1.0,1.0,0.9559
4,E,CkksCombined,50,How Fruits and Vegetables Can Prevent Asthma,1.0,1.0,0.9559
4,E,CkksCombined,50,Our Tax Dollars Subsidize Unhealthy Foods,0.96,0.9766,0.9628
4,E,CkksCombined,50,Reducing Arsenic in Chicken and Rice,1.0,1.0,0.9461
4,E,CkksCombined,50,How Contaminated Are Our Children?,1.0,1.0,0.9804
4,E,CkksCombined,50,"Blood Type Diet Perceived as ""Crass Fraud""",0.98,0.9878,0.9558
4,E,CkksCombined,50,Why Do Heart Doctors Favor Surgery and Drugs Over Diet?,1.0,1.0,0.9543
5,E,Scrambling,1,Breast Cancer Cells Feed on Cholesterol,1.0,1.0,1.0
5,E,Scrambling,1,Using Diet to Treat Asthma and Eczema,1.0,1.0,1.0
5,E,Scrambling,1,Treating Asthma With Plants vs. Pills,1.0,1.0,1.0
5,E,Scrambling,1,How Fruits and Vegetables Can Treat Asthma,1.0,1.0,1.0
5,E,Scrambling,1,How Fruits and Vegetables Can Prevent Asthma,1.0,1.0,1.0
5,E,Scrambling,1,Our Tax Dollars Subsidize Unhealthy Foods,1.0,1.0,1.0
5,E,Scrambling,1,Reducing Arsenic in Chicken and Rice,1.0,1.0,1.0
5,E,Scrambling,1,How Contaminated Are Our Children?,1.0,1.0,1.0
5,E,Scrambling,1,"Blood Type Diet Perceived as ""Crass Fraud""",1.0,1.0,1.0
5,E,Scrambling,1,Why Do Heart Doctors Favor Surgery and Drugs Over Diet?,1.0,1.0,1.0
5,E,Scrambling,5,Breast Cancer Cells Feed on Cholesterol,1.0,1.0,1.0
5,E,Scrambling,5,Using Diet to Treat Asthma and Eczema,1.0,1.0,1.0
5,E,Scrambling,5,Treating Asthma With Plants vs. Pills,1.0,1.0,1.0
5,E,Scrambling,5,How Fruits and Vegetables Can Treat Asthma,1.0,1.0,1.0
5,E,Scrambling,5,How Fruits and Vegetables Can Prevent Asthma,1.0,1.0,1.0
5,E,Scrambling,5,Our Tax Dollars Subsidize Unhealthy Foods,1.0,1.0,1.0
5,E,Scrambling,5,Reducing Arsenic in Chicken and Rice,1.0,1.0,1.0
5,E,Scrambling,5,How Contaminated Are Our Children?,1.0,1.0,1.0
5,E,Scrambling,5,"Blood Type Diet Perceived as ""Crass Fraud""",1.0,1.0,1.0
5,E,Scrambling,5,Why Do Heart Doctors Favor Surgery and Drugs Over Diet?,1.0,1.0,1.0
5,E,Scrambling,10,Breast Cancer Cells Feed on Cholesterol,1.0,1.0,1.0
5,E,Scrambling,10,Using Diet to Treat Asthma and Eczema,1.0,1.0,1.0
5,E,Scrambling,10,Treating Asthma With Plants vs. Pills,1.0,1.0,1.0
5,E,Scrambling,10,How Fruits and Vegetables Can Treat Asthma,1.0,1.0,1.0
5,E,Scrambling,10,How Fruits and Vegetables Can Prevent Asthma,1.0,1.0,1.0
5,E,Scrambling,10,Our Tax Dollars Subsidize Unhealthy Foods,1.0,1.0,1.0
5,E,Scrambling,10,Reducing Arsenic in Chicken and Rice,1.0,1.0,1.0
5,E,Scrambling,10,How Contaminated Are Our Children?,1.0,1.0,1.0
5,E,Scrambling,10,"Blood Type Diet Perceived as ""Crass Fraud""",1.0,1.0,1.0
5,E,Scrambling,10,Why Do Heart Doctors Favor Surgery and Drugs Over Diet?,1.0,1.0,1.0
5,E,Scrambling,20,Breast Cancer Cells Feed on Cholesterol,1.0,1.0,1.0
5,E,Scrambling,20,Using Diet to Treat Asthma and Eczema,1.0,1.0,1.0
5,E,Scrambling,20,Treating Asthma With Plants vs. Pills,1.0,1.0,1.0
5,E,Scrambling,20,How Fruits and Vegetables Can Treat Asthma,1.0,1.0,1.0
5,E,Scrambling,20,How Fruits and Vegetables Can Prevent Asthma,1.0,1.0,1.0
5,E,Scrambling,20,Our Tax Dollars Subsidize Unhealthy Foods,1.0,1.0,1.0
5,E,Scrambling,20,Reducing Arsenic in Chicken and Rice,1.0,1.0,1.0
5,E,Scrambling,20,How Contaminated Are Our Children?,1.0,1.0,1.0
5,E,Scrambling,20,"Blood Type Diet Perceived as ""Crass Fraud""",1.0,1.0,1.0
5,E,Scrambling,20,Why Do Heart Doctors Favor Surgery and Drugs Over Diet?,1.0,1.0,1.0
5,E,Scrambling,50,Breast Cancer Cells Feed on Cholesterol,1.0,1.0,1.0
5,E,Scrambling,50,Using Diet to Treat Asthma and Eczema,1.0,1.0,1.0
5,E,Scrambling,50,Treating Asthma With Plants vs. Pills,1.0,1.0,1.0
5,E,Scrambling,50,How Fruits and Vegetables Can Treat Asthma,1.0,1.0,0.9984
5,E,Scrambling,50,How Fruits and Vegetables Can Prevent Asthma,1.0,1.0,0.9984
5,E,Scrambling,50,Our Tax Dollars Subsidize Unhealthy Foods,1.0,1.0,1.0
5,E,Scrambling,50,Reducing Arsenic in Chicken and Rice,1.0,1.0,1.0
5,E,Scrambling,50,How Contaminated Are Our Children?,1.0,1.0,1.0
5,E,Scrambling,50,"Blood Type Diet Perceived as ""Crass Fraud""",1.0,1.0,1.0
5,E,Scrambling,50,Why Do Heart Doctors Favor Surgery and Drugs Over Diet?,1.0,1.0,1.0
5,E,Noise,1,Breast Cancer Cells Feed on Cholesterol,1.0,1.0,1.0
5,E,Noise,1,Using Diet to Treat Asthma and Eczema,1.0,1.0,1.0
5,E,Noise,1,Treating Asthma With Plants vs. Pills,1.0,1.0,1.0
5,E,Noise,1,How Fruits and Vegetables Can Treat Asthma,1.0,1.0,1.0
5,E,Noise,1,How Fruits and Vegetables Can Prevent Asthma,0.0,0.9975,1.0
5,E,Noise,1,Our Tax Dollars Subsidize Unhealthy Foods,1.0,1.0,1.0
5,E,Noise,1,Reducing Arsenic in Chicken and Rice,1.0,1.0,1.0
5,E,Noise,1,How Contaminated Are Our Children?,1.0,1.0,1.0
5,E,Noise,1,"Blood Type Diet Perceived as ""Crass Fraud""",1.0,1.0,1.0
5,E,Noise,1,Why Do Heart Doctors Favor Surgery and Drugs Over Diet?,1.0,1.0,1.0
5,E,Noise,5,Breast Cancer Cells Feed on Cholesterol,1.0,1.0,1.0
5,E,Noise,5,Using Diet to Treat Asthma and Eczema,1.0,1.0,1.0
5,E,Noise,5,Treating Asthma With Plants vs. Pills,1.0,1.0,1.0
5,E,Noise,5,How Fruits and Vegetables Can Treat Asthma,1.0,1.0,1.0
5,E,Noise,5,How Fruits and Vegetables Can Prevent Asthma,1.0,0.9997,0.8
5,E,Noise,5,Our Tax Dollars Subsidize Unhealthy Foods,1.0,1.0,1.0
5,E,Noise,5,Reducing Arsenic in Chicken and Rice,1.0,1.0,1.0
5,E,Noise,5,How Contaminated Are Our Children?,1.0,1.0,1.0
5,E,Noise,5,"Blood Type Diet Perceived as ""Crass Fraud""",1.0,1.0,1.0
5,E,Noise,5,Why Do Heart Doctors Favor Surgery and Drugs Over Diet?,1.0,1.0,1.0
5,E,Noise,10,Breast Cancer Cells Feed on Cholesterol,1.0,1.0,1.0
5,E,Noise,10,Using Diet to Treat Asthma and Eczema,1.0,1.0,0.9556
5,E,Noise,10,Treating Asthma With Plants vs. Pills,1.0,1.0,1.0
5,E,Noise,10,How Fruits and Vegetables Can Treat Asthma,1.0,1.0,1.0
5,E,Noise,10,How Fruits and Vegetables Can Prevent Asthma,1.0,0.9998,0.9556
5,E,Noise,10,Our Tax Dollars Subsidize Unhealthy Foods,1.0,1.0,0.9556
5,E,Noise,10,Reducing Arsenic in Chicken and Rice,1.0,1.0,1.0
5,E,Noise,10,How Contaminated Are Our Children?,1.0,1.0,1.0
5,E,Noise,10,"Blood Type Diet Perceived as ""Crass Fraud""",1.0,1.0,0.9556
5,E,Noise,10,Why Do Heart Doctors Favor Surgery and Drugs Over Diet?,1.0,1.0,0.9556
5,E,Noise,20,Breast Cancer Cells Feed on Cholesterol,0.9,0.9997,0.9684
5,E,Noise,20,Using Diet to Treat Asthma and Eczema,1.0,1.0,0.9684
5,E,Noise,20,Treating Asthma With Plants vs. Pills,1.0,1.0,0.9684
5,E,Noise,20,How Fruits and Vegetables Can Treat Asthma,0.95,0.9998,0.9789
5,E,Noise,20,How Fruits and Vegetables Can Prevent Asthma,0.95,0.9997,0.9474
5,E,Noise,20,Our Tax Dollars Subsidize Unhealthy Foods,1.0,1.0,0.9684
5,E,Noise,20,Reducing Arsenic in Chicken and Rice,1.0,1.0,0.9895
5,E,Noise,20,How Contaminated Are Our Children?,0.95,0.9997,0.9789
5,E,Noise,20,"Blood Type Diet Perceived as ""Crass Fraud""",1.0,1.0,0.9684
5,E,Noise,20,Why Do Heart Doctors Favor Surgery and Drugs Over Diet?,0.9,0.9998,0.9263
5,E,Noise,50,Breast Cancer Cells Feed on Cholesterol,0.98,0.988,0.9473
5,E,Noise,50,Using Diet to Treat Asthma and Eczema,1.0,1.0,0.9788
5,E,Noise,50,Treating Asthma With Plants vs. Pills,0.98,0.9886,0.9745
5,E,Noise,50,How Fruits and Vegetables Can Treat Asthma,1.0,1.0,0.9608
5,E,Noise,50,How Fruits and Vegetables Can Prevent Asthma,1.0,0.9999,0.9249
5,E,Noise,50,Our Tax Dollars Subsidize Unhealthy Foods,0.96,0.9761,0.9699
5,E,Noise,50,Reducing Arsenic in Chicken and Rice,0.98,0.9897,0.9711
5,E,Noise,50,How Contaminated Are Our Children?,0.98,0.9882,0.9711
5,E,Noise,50,"Blood Type Diet Perceived as ""Crass Fraud""",0.98,0.9879,0.9541
5,E,Noise,50,Why Do Heart Doctors Favor Surgery and Drugs Over Diet?,0.98,0.9877,0.9592
5,E,Combined,1,Breast Cancer Cells Feed on Cholesterol,1.0,1.0,1.0
5,E,Combined,1,Using Diet to Treat Asthma and Eczema,1.0,1.0,1.0
5,E,Combined,1,Treating Asthma With Plants vs. Pills,1.0,1.0,1.0
5,E,Combined,1,How Fruits and Vegetables Can Treat Asthma,1.0,1.0,1.0
5,E,Combined,1,How Fruits and Vegetables Can Prevent Asthma,0.0,0.9975,1.0
5,E,Combined,1,Our Tax Dollars Subsidize Unhealthy Foods,1.0,1.0,1.0
5,E,Combined,1,Reducing Arsenic in Chicken and Rice,1.0,1.0,1.0
5,E,Combined,1,How Contaminated Are Our Children?,1.0,1.0,1.0
5,E,Combined,1,"Blood Type Diet Perceived as ""Crass Fraud""",1.0,1.0,1.0
5,E,Combined,1,Why Do Heart Doctors Favor Surgery and Drugs Over Diet?,1.0,1.0,1.0
5,E,Combined,5,Breast Cancer Cells Feed on Cholesterol,1.0,1.0,1.0
5,E,Combined,5,Using Diet to Treat Asthma and Eczema,1.0,1.0,1.0
5,E,Combined,5,Treating Asthma With Plants vs. Pills,1.0,0.9999,0.6
5,E,Combined,5,How Fruits and Vegetables Can Treat Asthma,1.0,1.0,1.0
5,E,Combined,5,How Fruits and Vegetables Can Prevent Asthma,1.0,0.9997,0.8
5,E,Combined,5,Our Tax Dollars Subsidize Unhealthy Foods,1.0,1.0,1.0
5,E,Combined,5,Reducing Arsenic in Chicken and Rice,1.0,1.0,1.0
5,E,Combined,5,How Contaminated Are Our Children?,1.0,1.0,1.0
5,E,Combined,5,"Blood Type Diet Perceived as ""Crass Fraud""",1.0,1.0,1.0
5,E,Combined,5,Why Do Heart Doctors Favor Surgery and Drugs Over Diet?,1.0,0.9997,0.4
5,E,Combined,10,Breast Cancer Cells Feed on Cholesterol,0.9,0.9997,0.8667
5,E,Combined,10,Using Diet to Treat Asthma and Eczema,1.0,1.0,0.9556
5,E,Combined,10,Treating Asthma With Plants vs. Pills,1.0,0.9999,0.9111
5,E,Combined,10,How Fruits and Vegetables Can Treat Asthma,1.0,1.0,1.0
5,E,Combined,10,How Fruits and Vegetables Can Prevent Asthma,1.0,0.9998,0.9556
5,E,Combined,10,Our Tax Dollars Subsidize Unhealthy Foods,1.0,1.0,1.0
5,E,Combined,10,Reducing Arsenic in Chicken and Rice,1.0,1.0,0.9556
5,E,Combined,10,How Contaminated Are Our Children?,1.0,1.0,1.0
5,E,Combined,10,"Blood Type Diet Perceived as ""Crass Fraud""",1.0,1.0,0.8667
5,E,Combined,10,Why Do Heart Doctors Favor Surgery and Drugs Over Diet?,1.0,0.9998,0.8222
5,E,Combined,20,Breast Cancer Cells Feed on Cholesterol,0.95,0.9998,0.8737
5,E,Combined,20,Using Diet to Treat Asthma and Eczema,1.0,1.0,0.9789
5,E,Combined,20,Treating Asthma With Plants vs. Pills,1.0,0.9999,0.9684
5,E,Combined,20,How Fruits and Vegetables Can Treat Asthma,1.0,1.0,0.9895
5,E,Combined,20,How Fruits and Vegetables Can Prevent Asthma,1.0,0.9998,0.9895
5,E,Combined,20,Our Tax Dollars Subsidize Unhealthy Foods,0.95,0.9999,0.9474
5,E,Combined,20,Reducing Arsenic in Chicken and Rice,1.0,1.0,0.9474
5,E,Combined,20,How Contaminated Are Our Children?,1.0,1.0,0.9789
5,E,Combined,20,"Blood Type Diet Perceived as ""Crass Fraud""",1.0,1.0,0.8947
5,E,Combined,20,Why Do Heart Doctors Favor Surgery and Drugs Over Diet?,0.95,0.9998,0.9158
5,E,Combined,50,Breast Cancer Cells Feed on Cholesterol,0.96,0.9764,0.9397
5,E,Combined,50,Using Diet to Treat Asthma and Eczema,1.0,1.0,0.9853
5,E,Combined,50,Treating Asthma With Plants vs. Pills,0.98,0.9886,0.9694
5,E,Combined,50,How Fruits and Vegetables Can Treat Asthma,1.0,1.0,0.9657
5,E,Combined,50,How Fruits and Vegetables Can Prevent Asthma,0.98,0.9881,0.9643
5,E,Combined,50,Our Tax Dollars Subsidize Unhealthy Foods,0.92,0.9526,0.9691
5,E,Combined,50,Reducing Arsenic in Chicken and Rice,0.98,0.9897,0.9609
5,E,Combined,50,How Contaminated Are Our Children?,1.0,1.0,0.9673
5,E,Combined,50,"Blood Type Diet Perceived as ""Crass Fraud""",0.98,0.9879,0.9286
5,E,Combined,50,Why Do Heart Doctors Favor Surgery and Drugs Over Diet?,1.0,0.9999,0.9641
5,E,Rome,1,Breast Cancer Cells Feed on Cholesterol,1.0,1.0,1.0
5,E,Rome,1,Using Diet to Treat Asthma and Eczema,1.0,1.0,1.0
5,E,Rome,1,Treating Asthma With Plants vs. Pills,1.0,1.0,1.0
5,E,Rome,1,How Fruits and Vegetables Can Treat Asthma,1.0,1.0,1.0
5,E,Rome,1,How Fruits and Vegetables Can Prevent Asthma,1.0,1.0,1.0
5,E,Rome,1,Our Tax Dollars Subsidize Unhealthy Foods,1.0,1.0,1.0
5,E,Rome,1,Reducing Arsenic in Chicken and Rice,1.0,1.0,1.0
5,E,Rome,1,How Contaminated Are Our Children?,1.0,1.0,1.0
5,E,Rome,1,"Blood Type Diet Perceived as ""Crass Fraud""",1.0,1.0,1.0
5,E,Rome,1,Why Do Heart Doctors Favor Surgery and Drugs Over Diet?,1.0,1.0,1.0
5,E,Rome,5,Breast Cancer Cells Feed on Cholesterol,1.0,1.0,1.0
5,E,Rome,5,Using Diet to Treat Asthma and Eczema,1.0,1.0,1.0
5,E,Rome,5,Treating Asthma With Plants vs. Pills,1.0,1.0,1.0
5,E,Rome,5,How Fruits and Vegetables Can Treat Asthma,1.0,1.0,1.0
5,E,Rome,5,How Fruits and Vegetables Can Prevent Asthma,1.0,1.0,1.0
5,E,Rome,5,Our Tax Dollars Subsidize Unhealthy Foods,1.0,1.0,1.0
5,E,Rome,5,Reducing Arsenic in Chicken and Rice,1.0,1.0,1.0
5,E,Rome,5,How Contaminated Are Our Children?,1.0,1.0,1.0
5,E,Rome,5,"Blood Type Diet Perceived as ""Crass Fraud""",1.0,1.0,1.0
5,E,Rome,5,Why Do Heart Doctors Favor Surgery and Drugs Over Diet?,1.0,1.0,1.0
5,E,Rome,10,Breast Cancer Cells Feed on Cholesterol,1.0,1.0,1.0
5,E,Rome,10,Using Diet to Treat Asthma and Eczema,1.0,1.0,1.0
5,E,Rome,10,Treating Asthma With Plants vs. Pills,1.0,1.0,1.0
5,E,Rome,10,How Fruits and Vegetables Can Treat Asthma,1.0,1.0,1.0
5,E,Rome,10,How Fruits and Vegetables Can Prevent Asthma,1.0,1.0,1.0
5,E,Rome,10,Our Tax Dollars Subsidize Unhealthy Foods,1.0,1.0,1.0
5,E,Rome,10,Reducing Arsenic in Chicken and Rice,1.0,1.0,1.0
5,E,Rome,10,How Contaminated Are Our Children?,1.0,1.0,1.0
5,E,Rome,10,"Blood Type Diet Perceived as ""Crass Fraud""",1.0,1.0,1.0
5,E,Rome,10,Why Do Heart Doctors Favor Surgery and Drugs Over Diet?,1.0,1.0,1.0
5,E,Rome,20,Breast Cancer Cells Feed on Cholesterol,1.0,1.0,1.0
5,E,Rome,20,Using Diet to Treat Asthma and Eczema,1.0,1.0,1.0
5,E,Rome,20,Treating Asthma With Plants vs. Pills,1.0,1.0,1.0
5,E,Rome,20,How Fruits and Vegetables Can Treat Asthma,1.0,1.0,1.0
5,E,Rome,20,How Fruits and Vegetables Can Prevent Asthma,1.0,1.0,1.0
5,E,Rome,20,Our Tax Dollars Subsidize Unhealthy Foods,1.0,1.0,1.0
5,E,Rome,20,Reducing Arsenic in Chicken and Rice,1.0,1.0,1.0
5,E,Rome,20,How Contaminated Are Our Children?,1.0,1.0,1.0
5,E,Rome,20,"Blood Type Diet Perceived as ""Crass Fraud""",1.0,1.0,1.0
5,E,Rome,20,Why Do Heart Doctors Favor Surgery and Drugs Over Diet?,1.0,1.0,1.0
5,E,Rome,50,Breast Cancer Cells Feed on Cholesterol,1.0,1.0,1.0
5,E,Rome,50,Using Diet to Treat Asthma and Eczema,1.0,1.0,1.0
5,E,Rome,50,Treating Asthma With Plants vs. Pills,1.0,1.0,1.0
5,E,Rome,50,How Fruits and Vegetables Can Treat Asthma,1.0,1.0,0.9984
5,E,Rome,50,How Fruits and Vegetables Can Prevent Asthma,1.0,1.0,0.9984
5,E,Rome,50,Our Tax Dollars Subsidize Unhealthy Foods,1.0,1.0,1.0
5,E,Rome,50,Reducing Arsenic in Chicken and Rice,1.0,1.0,1.0
5,E,Rome,50,How Contaminated Are Our Children?,1.0,1.0,1.0
5,E,Rome,50,"Blood Type Diet Perceived as ""Crass Fraud""",1.0,1.0,1.0
5,E,Rome,50,Why Do Heart Doctors Favor Surgery and Drugs Over Diet?,1.0,1.0,1.0
5,E,RomeCombined,1,Breast Cancer Cells Feed on Cholesterol,1.0,1.0,1.0
5,E,RomeCombined,1,Using Diet to Treat Asthma and Eczema,1.0,1.0,1.0
5,E,RomeCombined,1,Treating Asthma With Plants vs. Pills,1.0,1.0,1.0
5,E,RomeCombined,1,How Fruits and Vegetables Can Treat Asthma,1.0,1.0,1.0
5,E,RomeCombined,1,How Fruits and Vegetables Can Prevent Asthma,1.0,1.0,1.0
5,E,RomeCombined,1,Our Tax Dollars Subsidize Unhealthy Foods,1.0,1.0,1.0
5,E,RomeCombined,1,Reducing Arsenic in Chicken and Rice,1.0,1.0,1.0
5,E,RomeCombined,1,How Contaminated Are Our Children?,1.0,1.0,1.0
5,E,RomeCombined,1,"Blood Type Diet Perceived as ""Crass Fraud""",1.0,1.0,1.0
5,E,RomeCombined,1,Why Do Heart Doctors Favor Surgery and Drugs Over Diet?,1.0,1.0,1.0
5,E,RomeCombined,5,Breast Cancer Cells Feed on Cholesterol,1.0,1.0,1.0
5,E,RomeCombined,5,Using Diet to Treat Asthma and Eczema,1.0,1.0,1.0
5,E,RomeCombined,5,Treating Asthma With Plants vs. Pills,1.0,0.9999,0.6
5,E,RomeCombined,5,How Fruits and Vegetables Can Treat Asthma,1.0,0.9999,0.8
5,E,RomeCombined,5,How Fruits and Vegetables Can Prevent Asthma,1.0,1.0,1.0
5,E,RomeCombined,5,Our Tax Dollars Subsidize Unhealthy Foods,1.0,1.0,1.0
5,E,RomeCombined,5,Reducing Arsenic in Chicken and Rice,1.0,1.0,1.0
5,E,RomeCombined,5,How Contaminated Are Our Children?,1.0,1.0,1.0
5,E,RomeCombined,5,"Blood Type Diet Perceived as ""Crass Fraud""",1.0,1.0,1.0
5,E,RomeCombined,5,Why Do Heart Doctors Favor Surgery and Drugs Over Diet?,1.0,1.0,0.8
5,E,RomeCombined,10,Breast Cancer Cells Feed on Cholesterol,1.0,1.0,1.0
5,E,RomeCombined,10,Using Diet to Treat Asthma and Eczema,1.0,1.0,0.9556
5,E,RomeCombined,10,Treating Asthma With Plants vs. Pills,1.0,0.9999,0.9111
5,E,RomeCombined,10,How Fruits and Vegetables Can Treat Asthma,1.0,0.9999,0.9556
5,E,RomeCombined,10,How Fruits and Vegetables Can Prevent Asthma,1.0,1.0,1.0
5,E,RomeCombined,10,Our Tax Dollars Subsidize Unhealthy Foods,1.0,1.0,0.9556
5,E,RomeCombined,10,Reducing Arsenic in Chicken and Rice,1.0,1.0,1.0
5,E,RomeCombined,10,How Contaminated Are Our Children?,1.0,1.0,0.9556
5,E,RomeCombined,10,"Blood Type Diet Perceived as ""Crass Fraud""",0.9,0.9995,0.9111
5,E,RomeCombined,10,Why Do Heart Doctors Favor Surgery and Drugs Over Diet?,1.0,1.0,0.9111
5,E,RomeCombined,20,Breast Cancer Cells Feed on Cholesterol,1.0,1.0,0.9789
5,E,RomeCombined,20,Using Diet to Treat Asthma and Eczema,1.0,1.0,0.9684
5,E,RomeCombined,20,Treating Asthma With Plants vs. Pills,1.0,0.9999,0.9684
5,E,RomeCombined,20,How Fruits and Vegetables Can Treat Asthma,1.0,1.0,0.9895
5,E,RomeCombined,20,How Fruits and Vegetables Can Prevent Asthma,1.0,1.0,0.9895
5,E,RomeCombined,20,Our Tax Dollars Subsidize Unhealthy Foods,1.0,1.0,0.9789
5,E,RomeCombined,20,Reducing Arsenic in Chicken and Rice,1.0,1.0,0.9895
5,E,RomeCombined,20,How Contaminated Are Our Children?,1.0,1.0,0.9579
5,E,RomeCombined,20,"Blood Type Diet Perceived as ""Crass Fraud""",1.0,1.0,0.9368
5,E,RomeCombined,20,Why Do Heart Doctors Favor Surgery and Drugs Over Diet?,0.95,0.9999,0.9158
5,E,RomeCombined,50,Breast Cancer Cells Feed on Cholesterol,0.98,0.9882,0.9677
5,E,RomeCombined,50,Using Diet to Treat Asthma and Eczema,0.98,0.9891,0.9796
5,E,RomeCombined,50,Treating Asthma With Plants vs. Pills,1.0,1.0,0.969
5,E,RomeCombined,50,How Fruits and Vegetables Can Treat Asthma,1.0,1.0,0.9869
5,E,RomeCombined,50,How Fruits and Vegetables Can Prevent Asthma,1.0,1.0,0.951
5,E,RomeCombined,50,Our Tax Dollars Subsidize Unhealthy Foods,0.94,0.9647,0.9759
5,E,RomeCombined,50,Reducing Arsenic in Chicken and Rice,0.98,0.9897,0.9711
5,E,RomeCombined,50,How Contaminated Are Our Children?,0.98,0.9882,0.9694
5,E,RomeCombined,50,"Blood Type Diet Perceived as ""Crass Fraud""",0.98,0.9879,0.9592
5,E,RomeCombined,50,Why Do Heart Doctors Favor Surgery and Drugs Over Diet?,0.98,0.9877,0.9745
5,E,Romm,1,Breast Cancer Cells Feed on Cholesterol,1.0,1.0,1.0
5,E,Romm,1,Using Diet to Treat Asthma and Eczema,1.0,1.0,1.0
5,E,Romm,1,Treating Asthma With Plants vs. Pills,1.0,1.0,1.0
5,E,Romm,1,How Fruits and Vegetables Can Treat Asthma,1.0,1.0,1.0
5,E,Romm,1,How Fruits and Vegetables Can Prevent Asthma,1.0,1.0,1.0
5,E,Romm,1,Our Tax Dollars Subsidize Unhealthy Foods,1.0,1.0,1.0
5,E,Romm,1,Reducing Arsenic in Chicken and Rice,1.0,1.0,1.0
5,E,Romm,1,How Contaminated Are Our Children?,1.0,1.0,1.0
5,E,Romm,1,"Blood Type Diet Perceived as ""Crass Fraud""",1.0,1.0,1.0
5,E,Romm,1,Why Do Heart Doctors Favor Surgery and Drugs Over Diet?,1.0,1.0,1.0
5,E,Romm,5,Breast Cancer Cells Feed on Cholesterol,1.0,1.0,1.0
5,E,Romm,5,Using Diet to Treat Asthma and Eczema,1.0,1.0,1.0
5,E,Romm,5,Treating Asthma With Plants vs. Pills,1.0,1.0,1.0
5,E,Romm,5,How Fruits and Vegetables Can Treat Asthma,1.0,1.0,1.0
5,E,Romm,5,How Fruits and Vegetables Can Prevent Asthma,1.0,1.0,1.0
5,E,Romm,5,Our Tax Dollars Subsidize Unhealthy Foods,1.0,1.0,1.0
5,E,Romm,5,Reducing Arsenic in Chicken and Rice,1.0,1.0,1.0
5,E,Romm,5,How Contaminated Are Our Children?,1.0,1.0,1.0
5,E,Romm,5,"Blood Type Diet Perceived as ""Crass Fraud""",1.0,1.0,1.0
5,E,Romm,5,Why Do Heart Doctors Favor Surgery and Drugs Over Diet?,1.0,1.0,1.0
5,E,Romm,10,Breast Cancer Cells Feed on Cholesterol,1.0,1.0,1.0
5,E,Romm,10,Using Diet to Treat Asthma and Eczema,1.0,1.0,1.0
5,E,Romm,10,Treating Asthma With Plants vs. Pills,1.0,1.0,1.0
5,E,Romm,10,How Fruits and Vegetables Can Treat Asthma,1.0,1.0,1.0
5,E,Romm,10,How Fruits and Vegetables Can Prevent Asthma,1.0,1.0,1.0
5,E,Romm,10,Our Tax Dollars Subsidize Unhealthy Foods,1.0,1.0,1.0
5,E,Romm,10,Reducing Arsenic in Chicken and Rice,1.0,1.0,1.0
5,E,Romm,10,How Contaminated Are Our Children?,1.0,1.0,1.0
5,E,Romm,10,"Blood Type Diet Perceived as ""Crass Fraud""",1.0,1.0,1.0
5,E,Romm,10,Why Do Heart Doctors Favor Surgery and Drugs Over Diet?,1.0,1.0,1.0
5,E,Romm,20,Breast Cancer Cells Feed on Cholesterol,1.0,1.0,1.0
5,E,Romm,20,Using Diet to Treat Asthma and Eczema,1.0,1.0,1.0
5,E,Romm,20,Treating Asthma With Plants vs. Pills,1.0,1.0,1.0
5,E,Romm,20,How Fruits and Vegetables Can Treat Asthma,1.0,1.0,1.0
5,E,Romm,20,How Fruits and Vegetables Can Prevent Asthma,1.0,1.0,1.0
5,E,Romm,20,Our Tax Dollars Subsidize Unhealthy Foods,1.0,1.0,1.0
5,E,Romm,20,Reducing Arsenic in Chicken and Rice,1.0,1.0,1.0
5,E,Romm,20,How Contaminated Are Our Children?,1.0,1.0,1.0
5,E,Romm,20,"Blood Type Diet Perceived as ""Crass Fraud""",1.0,1.0,1.0
5,E,Romm,20,Why Do Heart Doctors Favor Surgery and Drugs Over Diet?,1.0,1.0,1.0
5,E,Romm,50,Breast Cancer Cells Feed on Cholesterol,1.0,1.0,1.0
5,E,Romm,50,Using Diet to Treat Asthma and Eczema,1.0,1.0,1.0
5,E,Romm,50,Treating Asthma With Plants vs. Pills,1.0,1.0,1.0
5,E,Romm,50,How Fruits and Vegetables Can Treat Asthma,1.0,1.0,0.9984
5,E,Romm,50,How Fruits and Vegetables Can Prevent Asthma,1.0,1.0,0.9984
5,E,Romm,50,Our Tax Dollars Subsidize Unhealthy Foods,1.0,1.0,1.0
5,E,Romm,50,Reducing Arsenic in Chicken and Rice,1.0,1.0,1.0
5,E,Romm,50,How Contaminated Are Our Children?,1.0,1.0,1.0
5,E,Romm,50,"Blood Type Diet Perceived as ""Crass Fraud""",1.0,1.0,1.0
5,E,Romm,50,Why Do Heart Doctors Favor Surgery and Drugs Over Diet?,1.0,1.0,1.0
5,E,RommCombined,1,Breast Cancer Cells Feed on Cholesterol,1.0,1.0,1.0
5,E,RommCombined,1,Using Diet to Treat Asthma and Eczema,1.0,1.0,1.0
5,E,RommCombined,1,Treating Asthma With Plants vs. Pills,1.0,1.0,1.0
5,E,RommCombined,1,How Fruits and Vegetables Can Treat Asthma,1.0,1.0,1.0
5,E,RommCombined,1,How Fruits and Vegetables Can Prevent Asthma,1.0,1.0,1.0
5,E,RommCombined,1,Our Tax Dollars Subsidize Unhealthy Foods,1.0,1.0,1.0
5,E,RommCombined,1,Reducing Arsenic in Chicken and Rice,1.0,1.0,1.0
5,E,RommCombined,1,How Contaminated Are Our Children?,1.0,1.0,1.0
5,E,RommCombined,1,"Blood Type Diet Perceived as ""Crass Fraud""",1.0,1.0,1.0
5,E,RommCombined,1,Why Do Heart Doctors Favor Surgery and Drugs Over Diet?,1.0,1.0,1.0
5,E,RommCombined,5,Breast Cancer Cells Feed on Cholesterol,1.0,1.0,1.0
5,E,RommCombined,5,Using Diet to Treat Asthma and Eczema,1.0,1.0,1.0
5,E,RommCombined,5,Treating Asthma With Plants vs. Pills,1.0,0.9999,0.8
5,E,RommCombined,5,How Fruits and Vegetables Can Treat Asthma,1.0,1.0,1.0
5,E,RommCombined,5,How Fruits and Vegetables Can Prevent Asthma,1.0,1.0,1.0
5,E,RommCombined,5,Our Tax Dollars Subsidize Unhealthy Foods,1.0,1.0,1.0
5,E,RommCombined,5,Reducing Arsenic in Chicken and Rice,1.0,1.0,1.0
5,E,RommCombined,5,How Contaminated Are Our Children?,1.0,1.0,1.0
5,E,RommCombined,5,"Blood Type Diet Perceived as ""Crass Fraud""",1.0,1.0,1.0
5,E,RommCombined,5,Why Do Heart Doctors Favor Surgery and Drugs Over Diet?,1.0,1.0,1.0
5,E,RommCombined,10,Breast Cancer Cells Feed on Cholesterol,1.0,1.0,0.9556
5,E,RommCombined,10,Using Diet to Treat Asthma and Eczema,1.0,1.0,0.9556
5,E,RommCombined,10,Treating Asthma With Plants vs. Pills,1.0,1.0,0.9556
5,E,RommCombined,10,How Fruits and Vegetables Can Treat Asthma,0.9,0.9997,1.0
5,E,RommCombined,10,How Fruits and Vegetables Can Prevent Asthma,1.0,1.0,1.0
5,E,RommCombined,10,Our Tax Dollars Subsidize Unhealthy Foods,1.0,1.0,1.0
5,E,RommCombined,10,Reducing Arsenic in Chicken and Rice,1.0,1.0,1.0
5,E,RommCombined,10,How Contaminated Are Our Children?,1.0,1.0,1.0
5,E,RommCombined,10,"Blood Type Diet Perceived as ""Crass Fraud""",1.0,1.0,0.9111
5,E,RommCombined,10,Why Do Heart Doctors Favor Surgery and Drugs Over Diet?,1.0,1.0,1.0
5,E,RommCombined,20,Breast Cancer Cells Feed on Cholesterol,0.95,0.9999,0.9895
5,E,RommCombined,20,Using Diet to Treat Asthma and Eczema,0.95,0.9999,0.9684
5,E,RommCombined,20,Treating Asthma With Plants vs. Pills,1.0,1.0,0.9684
5,E,RommCombined,20,How Fruits and Vegetables Can Treat Asthma,1.0,1.0,0.9789
5,E,RommCombined,20,How Fruits and Vegetables Can Prevent Asthma,0.95,0.9999,0.9895
5,E,RommCombined,20,Our Tax Dollars Subsidize Unhealthy Foods,0.95,0.9999,0.9789
5,E,RommCombined,20,Reducing Arsenic in Chicken and Rice,1.0,1.0,0.9895
5,E,RommCombined,20,How Contaminated Are Our Children?,1.0,1.0,0.9684
5,E,RommCombined,20,"Blood Type Diet Perceived as ""Crass Fraud""",1.0,1.0,0.9263
5,E,RommCombined,20,Why Do Heart Doctors Favor Surgery and Drugs Over Diet?,0.95,0.9999,0.9368
5,E,RommCombined,50,Breast Cancer Cells Feed on Cholesterol,0.98,0.9882,0.9643
5,E,RommCombined,50,Using Diet to Treat Asthma and Eczema,1.0,1.0,0.9804
5,E,RommCombined,50,Treating Asthma With Plants vs. Pills,0.98,0.9886,0.9745
5,E,RommCombined,50,How Fruits and Vegetables Can Treat Asthma,0.98,0.9883,0.9745
5,E,RommCombined,50,How Fruits and Vegetables Can Prevent Asthma,1.0,1.0,0.9624
5,E,RommCombined,50,Our Tax Dollars Subsidize Unhealthy Foods,0.96,0.9765,0.9752
5,E,RommCombined,50,Reducing Arsenic in Chicken and Rice,0.98,0.9895,0.9779
5,E,RommCombined,50,How Contaminated Are Our Children?,1.0,1.0,0.9771
5,E,RommCombined,50,"Blood Type Diet Perceived as ""Crass Fraud""",0.98,0.9878,0.9422
5,E,RommCombined,50,Why Do Heart Doctors Favor Surgery and Drugs Over Diet?,1.0,1.0,0.9429
5,E,Diehard,1,Breast Cancer Cells Feed on Cholesterol,1.0,1.0,1.0
5,E,Diehard,1,Using Diet to Treat Asthma and Eczema,1.0,1.0,1.0
5,E,Diehard,1,Treating Asthma With Plants vs. Pills,1.0,1.0,1.0
5,E,Diehard,1,How Fruits and Vegetables Can Treat Asthma,1.0,1.0,1.0
5,E,Diehard,1,How Fruits and Vegetables Can Prevent Asthma,1.0,1.0,1.0
5,E,Diehard,1,Our Tax Dollars Subsidize Unhealthy Foods,1.0,1.0,1.0
5,E,Diehard,1,Reducing Arsenic in Chicken and Rice,1.0,1.0,1.0
5,E,Diehard,1,How Contaminated Are Our Children?,1.0,1.0,1.0
5,E,Diehard,1,"Blood Type Diet Perceived as ""Crass Fraud""",1.0,1.0,1.0
5,E,Diehard,1,Why Do Heart Doctors Favor Surgery and Drugs Over Diet?,1.0,1.0,1.0
5,E,Diehard,5,Breast Cancer Cells Feed on Cholesterol,1.0,1.0,1.0
5,E,Diehard,5,Using Diet to Treat Asthma and Eczema,1.0,1.0,1.0
5,E,Diehard,5,Treating Asthma With Plants vs. Pills,1.0,1.0,1.0
5,E,Diehard,5,How Fruits and Vegetables Can Treat Asthma,1.0,1.0,1.0
5,E,Diehard,5,How Fruits and Vegetables Can Prevent Asthma,1.0,1.0,1.0
5,E,Diehard,5,Our Tax Dollars Subsidize Unhealthy Foods,1.0,1.0,1.0
5,E,Diehard,5,Reducing Arsenic in Chicken and Rice,1.0,1.0,1.0
5,E,Diehard,5,How Contaminated Are Our Children?,1.0,1.0,1.0
5,E,Diehard,5,"Blood Type Diet Perceived as ""Crass Fraud""",1.0,1.0,1.0
5,E,Diehard,5,Why Do Heart Doctors Favor Surgery and Drugs Over Diet?,1.0,1.0,1.0
5,E,Diehard,10,Breast Cancer Cells Feed on Cholesterol,1.0,1.0,1.0
5,E,Diehard,10,Using Diet to Treat Asthma and Eczema,1.0,1.0,1.0
5,E,Diehard,10,Treating Asthma With Plants vs. Pills,1.0,1.0,1.0
5,E,Diehard,10,How Fruits and Vegetables Can Treat Asthma,1.0,1.0,1.0
5,E,Diehard,10,How Fruits and Vegetables Can Prevent Asthma,1.0,1.0,1.0
5,E,Diehard,10,Our Tax Dollars Subsidize Unhealthy Foods,1.0,1.0,1.0
5,E,Diehard,10,Reducing Arsenic in Chicken and Rice,1.0,1.0,1.0
5,E,Diehard,10,How Contaminated Are Our Children?,1.0,1.0,1.0
5,E,Diehard,10,"Blood Type Diet Perceived as ""Crass Fraud""",1.0,1.0,1.0
5,E,Diehard,10,Why Do Heart Doctors Favor Surgery and Drugs Over Diet?,1.0,1.0,1.0
5,E,Diehard,20,Breast Cancer Cells Feed on Cholesterol,1.0,1.0,1.0
5,E,Diehard,20,Using Diet to Treat Asthma and Eczema,1.0,1.0,1.0
5,E,Diehard,20,Treating Asthma With Plants vs. Pills,1.0,1.0,1.0
5,E,Diehard,20,How Fruits and Vegetables Can Treat Asthma,1.0,1.0,1.0
5,E,Diehard,20,How Fruits and Vegetables Can Prevent Asthma,1.0,1.0,1.0
5,E,Diehard,20,Our Tax Dollars Subsidize Unhealthy Foods,1.0,1.0,1.0
5,E,Diehard,20,Reducing Arsenic in Chicken and Rice,1.0,1.0,1.0
5,E,Diehard,20,How Contaminated Are Our Children?,1.0,1.0,1.0
5,E,Diehard,20,"Blood Type Diet Perceived as ""Crass Fraud""",1.0,1.0,1.0
5,E,Diehard,20,Why Do Heart Doctors Favor Surgery and Drugs Over Diet?,1.0,1.0,1.0
5,E,Diehard,50,Breast Cancer Cells Feed on Cholesterol,1.0,1.0,0.9984
5,E,Diehard,50,Using Diet to Treat Asthma and Eczema,1.0,1.0,1.0
5,E,Diehard,50,Treating Asthma With Plants vs. Pills,1.0,1.0,1.0
5,E,Diehard,50,How Fruits and Vegetables Can Treat Asthma,1.0,1.0,1.0
5,E,Diehard,50,How Fruits and Vegetables Can Prevent Asthma,1.0,1.0,1.0
5,E,Diehard,50,Our Tax Dollars Subsidize Unhealthy Foods,1.0,1.0,1.0
5,E,Diehard,50,Reducing Arsenic in Chicken and Rice,1.0,1.0,0.9984
5,E,Diehard,50,How Contaminated Are Our Children?,1.0,1.0,1.0
5,E,Diehard,50,"Blood Type Diet Perceived as ""Crass Fraud""",1.0,1.0,1.0
5,E,Diehard,50,Why Do Heart Doctors Favor Surgery and Drugs Over Diet?,1.0,1.0,1.0
5,E,DiehardCombined,1,Breast Cancer Cells Feed on Cholesterol,1.0,1.0,1.0
5,E,DiehardCombined,1,Using Diet to Treat Asthma and Eczema,1.0,1.0,1.0
5,E,DiehardCombined,1,Treating Asthma With Plants vs. Pills,0.0,0.9587,1.0
5,E,DiehardCombined,1,How Fruits and Vegetables Can Treat Asthma,1.0,1.0,1.0
5,E,DiehardCombined,1,How Fruits and Vegetables Can Prevent Asthma,1.0,1.0,1.0
5,E,DiehardCombined,1,Our Tax Dollars Subsidize Unhealthy Foods,1.0,1.0,1.0
5,E,DiehardCombined,1,Reducing Arsenic in Chicken and Rice,1.0,1.0,1.0
5,E,DiehardCombined,1,How Contaminated Are Our Children?,0.0,0.937,1.0
5,E,DiehardCombined,1,"Blood Type Diet Perceived as ""Crass Fraud""",1.0,1.0,1.0
5,E,DiehardCombined,1,Why Do Heart Doctors Favor Surgery and Drugs Over Diet?,0.0,0.8589,1.0
5,E,DiehardCombined,5,Breast Cancer Cells Feed on Cholesterol,0.8,0.9898,0.4
5,E,DiehardCombined,5,Using Diet to Treat Asthma and Eczema,0.8,0.9934,0.8
5,E,DiehardCombined,5,Treating Asthma With Plants vs. Pills,0.8,0.984,-0.4
5,E,DiehardCombined,5,How Fruits and Vegetables Can Treat Asthma,0.8,0.9915,0.4
5,E,DiehardCombined,5,How Fruits and Vegetables Can Prevent Asthma,1.0,1.0,1.0
5,E,DiehardCombined,5,Our Tax Dollars Subsidize Unhealthy Foods,0.6,0.9801,0.8
5,E,DiehardCombined,5,Reducing Arsenic in Chicken and Rice,1.0,1.0,1.0
5,E,DiehardCombined,5,How Contaminated Are Our Children?,0.8,0.9721,0.6
5,E,DiehardCombined,5,"Blood Type Diet Perceived as ""Crass Fraud""",0.6,0.9853,0.8
5,E,DiehardCombined,5,Why Do Heart Doctors Favor Surgery and Drugs Over Diet?,0.8,0.9552,-0.4
5,E,DiehardCombined,10,Breast Cancer Cells Feed on Cholesterol,0.6,0.9775,0.6444
5,E,DiehardCombined,10,Using Diet to Treat Asthma and Eczema,0.9,0.9927,0.6
5,E,DiehardCombined,10,Treating Asthma With Plants vs. Pills,0.8,0.979,0.4222
5,E,DiehardCombined,10,How Fruits and Vegetables Can Treat Asthma,0.6,0.9767,0.6
5,E,DiehardCombined,10,How Fruits and Vegetables Can Prevent Asthma,0.7,0.9868,0.8222
5,E,DiehardCombined,10,Our Tax Dollars Subsidize Unhealthy Foods,0.6,0.9838,0.6889
5,E,DiehardCombined,10,Reducing Arsenic in Chicken and Rice,0.9,0.994,1.0
5,E,DiehardCombined,10,How Contaminated Are Our Children?,0.7,0.9711,0.6444
5,E,DiehardCombined,10,"Blood Type Diet Perceived as ""Crass Fraud""",0.5,0.9192,0.5
5,E,DiehardCombined,10,Why Do Heart Doctors Favor Surgery and Drugs Over Diet?,0.7,0.9691,0.4667
5,E,DiehardCombined,20,Breast Cancer Cells Feed on Cholesterol,0.8,0.9906,0.4
5,E,DiehardCombined,20,Using Diet to Treat Asthma and Eczema,0.95,0.9947,0.4947
5,E,DiehardCombined,20,Treating Asthma With Plants vs. Pills,0.75,0.9833,0.6211
5,E,DiehardCombined,20,How Fruits and Vegetables Can Treat Asthma,0.75,0.9811,0.4105
5,E,DiehardCombined,20,How Fruits and Vegetables Can Prevent Asthma,0.8,0.9849,0.6211
5,E,DiehardCombined,20,Our Tax Dollars Subsidize Unhealthy Foods,0.75,0.898,0.4853
5,E,DiehardCombined,20,Reducing Arsenic in Chicken and Rice,0.85,0.9962,0.8211
5,E,DiehardCombined,20,How Contaminated Are Our Children?,0.75,0.9547,0.4269
5,E,DiehardCombined,20,"Blood Type Diet Perceived as ""Crass Fraud""",0.65,0.8835,0.2941
5,E,DiehardCombined,20,Why Do Heart Doctors Favor Surgery and Drugs Over Diet?,0.65,0.9409,0.5906
5,E,DiehardCombined,50,Breast Cancer Cells Feed on Cholesterol,0.84,0.8976,0.5261
5,E,DiehardCombined,50,Using Diet to Treat Asthma and Eczema,0.82,0.8924,0.6976
5,E,DiehardCombined,50,Treating Asthma With Plants vs. Pills,0.92,0.9447,0.6213
5,E,DiehardCombined,50,How Fruits and Vegetables Can Treat Asthma,0.8,0.8706,0.5718
5,E,DiehardCombined,50,How Fruits and Vegetables Can Prevent Asthma,0.82,0.8828,0.6244
5,E,DiehardCombined,50,Our Tax Dollars Subsidize Unhealthy Foods,0.76,0.8241,0.5761
5,E,DiehardCombined,50,Reducing Arsenic in Chicken and Rice,0.76,0.8613,0.6956
5,E,DiehardCombined,50,How Contaminated Are Our Children?,0.78,0.8495,0.5331
5,E,DiehardCombined,50,"Blood Type Diet Perceived as ""Crass Fraud""",0.66,0.7441,0.4053
5,E,DiehardCombined,50,Why Do Heart Doctors Favor Surgery and Drugs Over Diet?,0.84,0.8762,0.5401
5,E,Ckks,1,Breast Cancer Cells Feed on Cholesterol,1.0,1.0,1.0
5,E,Ckks,1,Using Diet to Treat Asthma and Eczema,1.0,1.0,1.0
5,E,Ckks,1,Treating Asthma With Plants vs. Pills,1.0,1.0,1.0
5,E,Ckks,1,How Fruits and Vegetables Can Treat Asthma,1.0,1.0,1.0
5,E,Ckks,1,How Fruits and Vegetables Can Prevent Asthma,1.0,1.0,1.0
5,E,Ckks,1,Our Tax Dollars Subsidize Unhealthy Foods,1.0,1.0,1.0
5,E,Ckks,1,Reducing Arsenic in Chicken and Rice,1.0,1.0,1.0
5,E,Ckks,1,How Contaminated Are Our Children?,1.0,1.0,1.0
5,E,Ckks,1,"Blood Type Diet Perceived as ""Crass Fraud""",1.0,1.0,1.0
5,E,Ckks,1,Why Do Heart Doctors Favor Surgery and Drugs Over Diet?,1.0,1.0,1.0
5,E,Ckks,5,Breast Cancer Cells Feed on Cholesterol,1.0,1.0,1.0
5,E,Ckks,5,Using Diet to Treat Asthma and Eczema,1.0,1.0,1.0
5,E,Ckks,5,Treating Asthma With Plants vs. Pills,1.0,1.0,1.0
5,E,Ckks,5,How Fruits and Vegetables Can Treat Asthma,1.0,1.0,1.0
5,E,Ckks,5,How Fruits and Vegetables Can Prevent Asthma,1.0,1.0,1.0
5,E,Ckks,5,Our Tax Dollars Subsidize Unhealthy Foods,1.0,1.0,1.0
5,E,Ckks,5,Reducing Arsenic in Chicken and Rice,1.0,1.0,1.0
5,E,Ckks,5,How Contaminated Are Our Children?,1.0,1.0,1.0
5,E,Ckks,5,"Blood Type Diet Perceived as ""Crass Fraud""",1.0,1.0,1.0
5,E,Ckks,5,Why Do Heart Doctors Favor Surgery and Drugs Over Diet?,1.0,1.0,0.8
5,E,Ckks,10,Breast Cancer Cells Feed on Cholesterol,1.0,1.0,1.0
5,E,Ckks,10,Using Diet to Treat Asthma and Eczema,1.0,1.0,1.0
5,E,Ckks,10,Treating Asthma With Plants vs. Pills,1.0,1.0,1.0
5,E,Ckks,10,How Fruits and Vegetables Can Treat Asthma,1.0,1.0,1.0
5,E,Ckks,10,How Fruits and Vegetables Can Prevent Asthma,1.0,1.0,1.0
5,E,Ckks,10,Our Tax Dollars Subsidize Unhealthy Foods,1.0,1.0,1.0
5,E,Ckks,10,Reducing Arsenic in Chicken and Rice,1.0,1.0,1.0
5,E,Ckks,10,How Contaminated Are Our Children?,1.0,1.0,1.0
5,E,Ckks,10,"Blood Type Diet Perceived as ""Crass Fraud""",1.0,1.0,1.0
5,E,Ckks,10,Why Do Heart Doctors Favor Surgery and Drugs Over Diet?,1.0,1.0,0.9556
5,E,Ckks,20,Breast Cancer Cells Feed on Cholesterol,1.0,1.0,1.0
5,E,Ckks,20,Using Diet to Treat Asthma and Eczema,1.0,1.0,1.0
5,E,Ckks,20,Treating Asthma With Plants vs. Pills,1.0,1.0,1.0
5,E,Ckks,20,How Fruits and Vegetables Can Treat Asthma,1.0,1.0,1.0
5,E,Ckks,20,How Fruits and Vegetables Can Prevent Asthma,1.0,1.0,1.0
5,E,Ckks,20,Our Tax Dollars Subsidize Unhealthy Foods,1.0,1.0,1.0
5,E,Ckks,20,Reducing Arsenic in Chicken and Rice,1.0,1.0,1.0
5,E,Ckks,20,How Contaminated Are Our Children?,1.0,1.0,1.0
5,E,Ckks,20,"Blood Type Diet Perceived as ""Crass Fraud""",1.0,1.0,1.0
5,E,Ckks,20,Why Do Heart Doctors Favor Surgery and Drugs Over Diet?,1.0,1.0,0.9789
5,E,Ckks,50,Breast Cancer Cells Feed on Cholesterol,1.0,1.0,1.0
5,E,Ckks,50,Using Diet to Treat Asthma and Eczema,1.0,1.0,1.0
5,E,Ckks,50,Treating Asthma With Plants vs. Pills,1.0,1.0,0.9967
5,E,Ckks,50,How Fruits and Vegetables Can Treat Asthma,1.0,1.0,0.9967
5,E,Ckks,50,How Fruits and Vegetables Can Prevent Asthma,1.0,1.0,0.9967
5,E,Ckks,50,Our Tax Dollars Subsidize Unhealthy Foods,1.0,1.0,1.0
5,E,Ckks,50,Reducing Arsenic in Chicken and Rice,1.0,1.0,1.0
5,E,Ckks,50,How Contaminated Are Our Children?,1.0,1.0,1.0
5,E,Ckks,50,"Blood Type Diet Perceived as ""Crass Fraud""",1.0,1.0,1.0
5,E,Ckks,50,Why Do Heart Doctors Favor Surgery and Drugs Over Diet?,1.0,1.0,0.9967
5,E,CkksCombined,1,Breast Cancer Cells Feed on Cholesterol,1.0,1.0,1.0
5,E,CkksCombined,1,Using Diet to Treat Asthma and Eczema,1.0,1.0,1.0
5,E,CkksCombined,1,Treating Asthma With Plants vs. Pills,1.0,1.0,1.0
5,E,CkksCombined,1,How Fruits and Vegetables Can Treat Asthma,1.0,1.0,1.0
5,E,CkksCombined,1,How Fruits and Vegetables Can Prevent Asthma,1.0,1.0,1.0
5,E,CkksCombined,1,Our Tax Dollars Subsidize Unhealthy Foods,1.0,1.0,1.0
5,E,CkksCombined,1,Reducing Arsenic in Chicken and Rice,1.0,1.0,1.0
5,E,CkksCombined,1,How Contaminated Are Our Children?,1.0,1.0,1.0
5,E,CkksCombined,1,"Blood Type Diet Perceived as ""Crass Fraud""",1.0,1.0,1.0
5,E,CkksCombined,1,Why Do Heart Doctors Favor Surgery and Drugs Over Diet?,1.0,1.0,1.0
5,E,CkksCombined,5,Breast Cancer Cells Feed on Cholesterol,1.0,1.0,1.0
5,E,CkksCombined,5,Using Diet to Treat Asthma and Eczema,1.0,1.0,1.0
5,E,CkksCombined,5,Treating Asthma With Plants vs. Pills,1.0,0.9999,0.8
5,E,CkksCombined,5,How Fruits and Vegetables Can Treat Asthma,1.0,1.0,1.0
5,E,CkksCombined,5,How Fruits and Vegetables Can Prevent Asthma,1.0,1.0,1.0
5,E,CkksCombined,5,Our Tax Dollars Subsidize Unhealthy Foods,1.0,1.0,1.0
5,E,CkksCombined,5,Reducing Arsenic in Chicken and Rice,1.0,1.0,1.0
5,E,CkksCombined,5,How Contaminated Are Our Children?,1.0,1.0,1.0
5,E,CkksCombined,5,"Blood Type Diet Perceived as ""Crass Fraud""",1.0,1.0,1.0
5,E,CkksCombined,5,Why Do Heart Doctors Favor Surgery and Drugs Over Diet?,1.0,0.9997,0.4
5,E,CkksCombined,10,Breast Cancer Cells Feed on Cholesterol,1.0,1.0,1.0
5,E,CkksCombined,10,Using Diet to Treat Asthma and Eczema,1.0,1.0,0.9556
5,E,CkksCombined,10,Treating Asthma With Plants vs. Pills,1.0,0.9999,0.9111
5,E,CkksCombined,10,How Fruits and Vegetables Can Treat Asthma,1.0,1.0,1.0
5,E,CkksCombined,10,How Fruits and Vegetables Can Prevent Asthma,1.0,1.0,1.0
5,E,CkksCombined,10,Our Tax Dollars Subsidize Unhealthy Foods,1.0,1.0,0.9556
5,E,CkksCombined,10,Reducing Arsenic in Chicken and Rice,1.0,1.0,0.9556
5,E,CkksCombined,10,How Contaminated Are Our Children?,0.9,0.9997,1.0
5,E,CkksCombined,10,"Blood Type Diet Perceived as ""Crass Fraud""",1.0,1.0,1.0
5,E,CkksCombined,10,Why Do Heart Doctors Favor Surgery and Drugs Over Diet?,1.0,0.9998,0.8222
5,E,CkksCombined,20,Breast Cancer Cells Feed on Cholesterol,1.0,1.0,0.9474
5,E,CkksCombined,20,Using Diet to Treat Asthma and Eczema,1.0,1.0,0.9789
5,E,CkksCombined,20,Treating Asthma With Plants vs. Pills,1.0,0.9999,0.9368
5,E,CkksCombined,20,How Fruits and Vegetables Can Treat Asthma,1.0,1.0,1.0
5,E,CkksCombined,20,How Fruits and Vegetables Can Prevent Asthma,1.0,1.0,0.9895
5,E,CkksCombined,20,Our Tax Dollars Subsidize Unhealthy Foods,1.0,1.0,0.9895
5,E,CkksCombined,20,Reducing Arsenic in Chicken and Rice,1.0,1.0,0.9368
5,E,CkksCombined,20,How Contaminated Are Our Children?,1.0,1.0,0.9579
5,E,CkksCombined,20,"Blood Type Diet Perceived as ""Crass Fraud""",1.0,1.0,0.9474
5,E,CkksCombined,20,Why Do Heart Doctors Favor Surgery and Drugs Over Diet?,0.95,0.9998,0.9263
5,E,CkksCombined,50,Breast Cancer Cells Feed on Cholesterol,0.98,0.9881,0.9575
5,E,CkksCombined,50,Using Diet to Treat Asthma and Eczema,1.0,1.0,0.9837
5,E,CkksCombined,50,Treating Asthma With Plants vs. Pills,1.0,1.0,0.9706
5,E,CkksCombined,50,How Fruits and Vegetables Can Treat Asthma,1.0,1.0,0.9641
5,E,CkksCombined,50,How Fruits and Vegetables Can Prevent Asthma,0.98,0.9881,0.9133
5,E,CkksCombined,50,Our Tax Dollars Subsidize Unhealthy Foods,1.0,1.0,0.9641
5,E,CkksCombined,50,Reducing Arsenic in Chicken and Rice,0.96,0.9793,0.9734
5,E,CkksCombined,50,How Contaminated Are Our Children?,0.98,0.9882,0.9796
5,E,CkksCombined,50,"Blood Type Diet Perceived as ""Crass Fraud""",0.98,0.9879,0.9592
5,E,CkksCombined,50,Why Do Heart Doctors Favor Surgery and Drugs Over Diet?,0.98,0.9878,0.9558
6,E,Scrambling,1,Breast Cancer Cells Feed on Cholesterol,1.0,1.0,1.0
6,E,Scrambling,1,Using Diet to Treat Asthma and Eczema,1.0,1.0,1.0
6,E,Scrambling,1,Treating Asthma With Plants vs. Pills,1.0,1.0,1.0
6,E,Scrambling,1,How Fruits and Vegetables Can Treat Asthma,1.0,1.0,1.0
6,E,Scrambling,1,How Fruits and Vegetables Can Prevent Asthma,1.0,1.0,1.0
6,E,Scrambling,1,Our Tax Dollars Subsidize Unhealthy Foods,1.0,1.0,1.0
6,E,Scrambling,1,Reducing Arsenic in Chicken and Rice,1.0,1.0,1.0
6,E,Scrambling,1,How Contaminated Are Our Children?,1.0,1.0,1.0
6,E,Scrambling,1,"Blood Type Diet Perceived as ""Crass Fraud""",1.0,1.0,1.0
6,E,Scrambling,1,Why Do Heart Doctors Favor Surgery and Drugs Over Diet?,1.0,1.0,1.0
6,E,Scrambling,5,Breast Cancer Cells Feed on Cholesterol,1.0,1.0,1.0
6,E,Scrambling,5,Using Diet to Treat Asthma and Eczema,1.0,1.0,1.0
6,E,Scrambling,5,Treating Asthma With Plants vs. Pills,1.0,1.0,1.0
6,E,Scrambling,5,How Fruits and Vegetables Can Treat Asthma,1.0,1.0,1.0
6,E,Scrambling,5,How Fruits and Vegetables Can Prevent Asthma,1.0,1.0,1.0
6,E,Scrambling,5,Our Tax Dollars Subsidize Unhealthy Foods,1.0,1.0,1.0
6,E,Scrambling,5,Reducing Arsenic in Chicken and Rice,1.0,1.0,1.0
6,E,Scrambling,5,How Contaminated Are Our Children?,1.0,1.0,1.0
6,E,Scrambling,5,"Blood Type Diet Perceived as ""Crass Fraud""",1.0,1.0,1.0
6,E,Scrambling,5,Why Do Heart Doctors Favor Surgery and Drugs Over Diet?,1.0,1.0,1.0
6,E,Scrambling,10,Breast Cancer Cells Feed on Cholesterol,1.0,1.0,1.0
6,E,Scrambling,10,Using Diet to Treat Asthma and Eczema,1.0,1.0,1.0
6,E,Scrambling,10,Treating Asthma With Plants vs. Pills,1.0,1.0,1.0
6,E,Scrambling,10,How Fruits and Vegetables Can Treat Asthma,1.0,1.0,1.0
6,E,Scrambling,10,How Fruits and Vegetables Can Prevent Asthma,1.0,1.0,1.0
6,E,Scrambling,10,Our Tax Dollars Subsidize Unhealthy Foods,1.0,1.0,1.0
6,E,Scrambling,10,Reducing Arsenic in Chicken and Rice,1.0,1.0,1.0
6,E,Scrambling,10,How Contaminated Are Our Children?,1.0,1.0,1.0
6,E,Scrambling,10,"Blood Type Diet Perceived as ""Crass Fraud""",1.0,1.0,1.0
6,E,Scrambling,10,Why Do Heart Doctors Favor Surgery and Drugs Over Diet?,1.0,1.0,1.0
6,E,Scrambling,20,Breast Cancer Cells Feed on Cholesterol,1.0,1.0,1.0
6,E,Scrambling,20,Using Diet to Treat Asthma and Eczema,1.0,1.0,1.0
6,E,Scrambling,20,Treating Asthma With Plants vs. Pills,1.0,1.0,1.0
6,E,Scrambling,20,How Fruits and Vegetables Can Treat Asthma,1.0,1.0,1.0
6,E,Scrambling,20,How Fruits and Vegetables Can Prevent Asthma,1.0,1.0,1.0
6,E,Scrambling,20,Our Tax Dollars Subsidize Unhealthy Foods,1.0,1.0,1.0
6,E,Scrambling,20,Reducing Arsenic in Chicken and Rice,1.0,1.0,1.0
6,E,Scrambling,20,How Contaminated Are Our Children?,1.0,1.0,1.0
6,E,Scrambling,20,"Blood Type Diet Perceived as ""Crass Fraud""",1.0,1.0,1.0
6,E,Scrambling,20,Why Do Heart Doctors Favor Surgery and Drugs Over Diet?,1.0,1.0,1.0
6,E,Scrambling,50,Breast Cancer Cells Feed on Cholesterol,1.0,1.0,0.9984
6,E,Scrambling,50,Using Diet to Treat Asthma and Eczema,1.0,1.0,1.0
6,E,Scrambling,50,Treating Asthma With Plants vs. Pills,1.0,1.0,1.0
6,E,Scrambling,50,How Fruits and Vegetables Can Treat Asthma,1.0,1.0,1.0
6,E,Scrambling,50,How Fruits and Vegetables Can Prevent Asthma,1.0,1.0,1.0
6,E,Scrambling,50,Our Tax Dollars Subsidize Unhealthy Foods,1.0,1.0,1.0
6,E,Scrambling,50,Reducing Arsenic in Chicken and Rice,1.0,1.0,1.0
6,E,Scrambling,50,How Contaminated Are Our Children?,1.0,1.0,1.0
6,E,Scrambling,50,"Blood Type Diet Perceived as ""Crass Fraud""",1.0,1.0,1.0
6,E,Scrambling,50,Why Do Heart Doctors Favor Surgery and Drugs Over Diet?,1.0,1.0,1.0
6,E,Noise,1,Breast Cancer Cells Feed on Cholesterol,1.0,1.0,1.0
6,E,Noise,1,Using Diet to Treat Asthma and Eczema,1.0,1.0,1.0
6,E,Noise,1,Treating Asthma With Plants vs. Pills,1.0,1.0,1.0
6,E,Noise,1,How Fruits and Vegetables Can Treat Asthma,1.0,1.0,1.0
6,E,Noise,1,How Fruits and Vegetables Can Prevent Asthma,1.0,1.0,1.0
6,E,Noise,1,Our Tax Dollars Subsidize Unhealthy Foods,1.0,1.0,1.0
6,E,Noise,1,Reducing Arsenic in Chicken and Rice,1.0,1.0,1.0
6,E,Noise,1,How Contaminated Are Our Children?,1.0,1.0,1.0
6,E,Noise,1,"Blood Type Diet Perceived as ""Crass Fraud""",1.0,1.0,1.0
6,E,Noise,1,Why Do Heart Doctors Favor Surgery and Drugs Over Diet?,1.0,1.0,1.0
6,E,Noise,5,Breast Cancer Cells Feed on Cholesterol,1.0,1.0,1.0
6,E,Noise,5,Using Diet to Treat Asthma and Eczema,1.0,1.0,1.0
6,E,Noise,5,Treating Asthma With Plants vs. Pills,1.0,1.0,0.8
6,E,Noise,5,How Fruits and Vegetables Can Treat Asthma,1.0,1.0,1.0
6,E,Noise,5,How Fruits and Vegetables Can Prevent Asthma,1.0,0.9999,0.8
6,E,Noise,5,Our Tax Dollars Subsidize Unhealthy Foods,0.8,0.9993,1.0
6,E,Noise,5,Reducing Arsenic in Chicken and Rice,1.0,1.0,1.0
6,E,Noise,5,How Contaminated Are Our Children?,1.0,1.0,1.0
6,E,Noise,5,"Blood Type Diet Perceived as ""Crass Fraud""",1.0,1.0,1.0
6,E,Noise,5,Why Do Heart Doctors Favor Surgery and Drugs Over Diet?,1.0,1.0,0.8
6,E,Noise,10,Breast Cancer Cells Feed on Cholesterol,1.0,1.0,0.9556
6,E,Noise,10,Using Diet to Treat Asthma and Eczema,1.0,1.0,0.9556
6,E,Noise,10,Treating Asthma With Plants vs. Pills,1.0,1.0,0.9556
6,E,Noise,10,How Fruits and Vegetables Can Treat Asthma,1.0,1.0,1.0
6,E,Noise,10,How Fruits and Vegetables Can Prevent Asthma,1.0,0.9999,0.9556
6,E,Noise,10,Our Tax Dollars Subsidize Unhealthy Foods,1.0,1.0,0.9111
6,E,Noise,10,Reducing Arsenic in Chicken and Rice,1.0,1.0,1.0
6,E,Noise,10,How Contaminated Are Our Children?,1.0,1.0,1.0
6,E,Noise,10,"Blood Type Diet Perceived as ""Crass Fraud""",1.0,1.0,0.9556
6,E,Noise,10,Why Do Heart Doctors Favor Surgery and Drugs Over Diet?,1.0,1.0,0.9556
6,E,Noise,20,Breast Cancer Cells Feed on Cholesterol,0.95,0.9999,0.9474
6,E,Noise,20,Using Diet to Treat Asthma and Eczema,0.95,0.9999,0.9368
6,E,Noise,20,Treating Asthma With Plants vs. Pills,1.0,1.0,0.9789
6,E,Noise,20,How Fruits and Vegetables Can Treat Asthma,1.0,1.0,0.9895
6,E,Noise,20,How Fruits and Vegetables Can Prevent Asthma,1.0,0.9999,0.9684
6,E,Noise,20,Our Tax Dollars Subsidize Unhealthy Foods,0.95,0.9999,0.9684
6,E,Noise,20,Reducing Arsenic in Chicken and Rice,1.0,1.0,0.9789
6,E,Noise,20,How Contaminated Are Our Children?,1.0,1.0,0.9368
6,E,Noise,20,"Blood Type Diet Perceived as ""Crass Fraud""",0.95,0.9997,0.9263
6,E,Noise,20,Why Do Heart Doctors Favor Surgery and Drugs Over Diet?,1.0,1.0,0.9158
6,E,Noise,50,Breast Cancer Cells Feed on Cholesterol,0.96,0.9763,0.9362
6,E,Noise,50,Using Diet to Treat Asthma and Eczema,1.0,1.0,0.9673
6,E,Noise,50,Treating Asthma With Plants vs. Pills,0.98,0.9886,0.9626
6,E,Noise,50,How Fruits and Vegetables Can Treat Asthma,0.98,0.9882,0.9694
6,E,Noise,50,How Fruits and Vegetables Can Prevent Asthma,1.0,0.9999,0.9265
6,E,Noise,50,Our Tax Dollars Subsidize Unhealthy Foods,0.98,0.9882,0.9643
6,E,Noise,50,Reducing Arsenic in Chicken and Rice,0.96,0.9792,0.961
6,E,Noise,50,How Contaminated Are Our Children?,0.98,0.9882,0.9762
6,E,Noise,50,"Blood Type Diet Perceived as ""Crass Fraud""",0.96,0.9756,0.9415
6,E,Noise,50,Why Do Heart Doctors Favor Surgery and Drugs Over Diet?,1.0,1.0,0.9494
6,E,Combined,1,Breast Cancer Cells Feed on Cholesterol,1.0,1.0,1.0
6,E,Combined,1,Using Diet to Treat Asthma and Eczema,1.0,1.0,1.0
6,E,Combined,1,Treating Asthma With Plants vs. Pills,1.0,1.0,1.0
6,E,Combined,1,How Fruits and Vegetables Can Treat Asthma,1.0,1.0,1.0
6,E,Combined,1,How Fruits and Vegetables Can Prevent Asthma,1.0,1.0,1.0
6,E,Combined,1,Our Tax Dollars Subsidize Unhealthy Foods,1.0,1.0,1.0
6,E,Combined,1,Reducing Arsenic in Chicken and Rice,1.0,1.0,1.0
6,E,Combined,1,How Contaminated Are Our Children?,1.0,1.0,1.0
6,E,Combined,1,"Blood Type Diet Perceived as ""Crass Fraud""",1.0,1.0,1.0
6,E,Combined,1,Why Do Heart Doctors Favor Surgery and Drugs Over Diet?,1.0,1.0,1.0
6,E,Combined,5,Breast Cancer Cells Feed on Cholesterol,1.0,1.0,1.0
6,E,Combined,5,Using Diet to Treat Asthma and Eczema,1.0,1.0,1.0
6,E,Combined,5,Treating Asthma With Plants vs. Pills,1.0,1.0,1.0
6,E,Combined,5,How Fruits and Vegetables Can Treat Asthma,1.0,0.9999,0.8
6,E,Combined,5,How Fruits and Vegetables Can Prevent Asthma,1.0,1.0,1.0
6,E,Combined,5,Our Tax Dollars Subsidize Unhealthy Foods,1.0,1.0,1.0
6,E,Combined,5,Reducing Arsenic in Chicken and Rice,1.0,1.0,1.0
6,E,Combined,5,How Contaminated Are Our Children?,1.0,1.0,1.0
6,E,Combined,5,"Blood Type Diet Perceived as ""Crass Fraud""",1.0,1.0,1.0
6,E,Combined,5,Why Do Heart Doctors Favor Surgery and Drugs Over Diet?,1.0,1.0,1.0
6,E,Combined,10,Breast Cancer Cells Feed on Cholesterol,0.9,0.9997,0.8667
6,E,Combined,10,Using Diet to Treat Asthma and Eczema,1.0,1.0,1.0
6,E,Combined,10,Treating Asthma With Plants vs. Pills,1.0,1.0,0.9556
6,E,Combined,10,How Fruits and Vegetables Can Treat Asthma,1.0,0.9999,0.9556
6,E,Combined,10,How Fruits and Vegetables Can Prevent Asthma,1.0,1.0,1.0
6,E,Combined,10,Our Tax Dollars Subsidize Unhealthy Foods,1.0,1.0,0.9111
6,E,Combined,10,Reducing Arsenic in Chicken and Rice,1.0,1.0,1.0
6,E,Combined,10,How Contaminated Are Our Children?,1.0,1.0,1.0
6,E,Combined,10,"Blood Type Diet Perceived as ""Crass Fraud""",1.0,1.0,0.9556
6,E,Combined,10,Why Do Heart Doctors Favor Surgery and Drugs Over Diet?,1.0,1.0,0.9556
6,E,Combined,20,Breast Cancer Cells Feed on Cholesterol,0.95,0.9998,0.9263
6,E,Combined,20,Using Diet to Treat Asthma and Eczema,1.0,1.0,0.9684
6,E,Combined,20,Treating Asthma With Plants vs. Pills,1.0,1.0,0.9579
6,E,Combined,20,How Fruits and Vegetables Can Treat Asthma,1.0,0.9999,0.9579
6,E,Combined,20,How Fruits and Vegetables Can Prevent Asthma,1.0,1.0,0.9789
6,E,Combined,20,Our Tax Dollars Subsidize Unhealthy Foods,1.0,1.0,0.9579
6,E,Combined,20,Reducing Arsenic in Chicken and Rice,1.0,1.0,0.9895
6,E,Combined,20,How Contaminated Are Our Children?,1.0,1.0,0.9368
6,E,Combined,20,"Blood Type Diet Perceived as ""Crass Fraud""",1.0,1.0,0.9053
6,E,Combined,20,Why Do Heart Doctors Favor Surgery and Drugs Over Diet?,0.95,0.9999,0.9684
6,E,Combined,50,Breast Cancer Cells Feed on Cholesterol,0.98,0.9881,0.9422
6,E,Combined,50,Using Diet to Treat Asthma and Eczema,0.98,0.9891,0.9728
6,E,Combined,50,Treating Asthma With Plants vs. Pills,1.0,1.0,0.9722
6,E,Combined,50,How Fruits and Vegetables Can Treat Asthma,0.98,0.9882,0.949
6,E,Combined,50,How Fruits and Vegetables Can Prevent Asthma,0.98,0.988,0.949
6,E,Combined,50,Our Tax Dollars Subsidize Unhealthy Foods,0.96,0.976,0.977
6,E,Combined,50,Reducing Arsenic in Chicken and Rice,1.0,1.0,0.9608
6,E,Combined,50,How Contaminated Are Our Children?,1.0,1.0,0.9722
6,E,Combined,50,"Blood Type Diet Perceived as ""Crass Fraud""",0.98,0.9879,0.9592
6,E,Combined,50,Why Do Heart Doctors Favor Surgery and Drugs Over Diet?,1.0,1.0,0.969
6,E,Rome,1,Breast Cancer Cells Feed on Cholesterol,1.0,1.0,1.0
6,E,Rome,1,Using Diet to Treat Asthma and Eczema,1.0,1.0,1.0
6,E,Rome,1,Treating Asthma With Plants vs. Pills,1.0,1.0,1.0
6,E,Rome,1,How Fruits and Vegetables Can Treat Asthma,1.0,1.0,1.0
6,E,Rome,1,How Fruits and Vegetables Can Prevent Asthma,1.0,1.0,1.0
6,E,Rome,1,Our Tax Dollars Subsidize Unhealthy Foods,1.0,1.0,1.0
6,E,Rome,1,Reducing Arsenic in Chicken and Rice,1.0,1.0,1.0
6,E,Rome,1,How Contaminated Are Our Children?,1.0,1.0,1.0
6,E,Rome,1,"Blood Type Diet Perceived as ""Crass Fraud""",1.0,1.0,1.0
6,E,Rome,1,Why Do Heart Doctors Favor Surgery and Drugs Over Diet?,1.0,1.0,1.0
6,E,Rome,5,Breast Cancer Cells Feed on Cholesterol,1.0,1.0,1.0
6,E,Rome,5,Using Diet to Treat Asthma and Eczema,1.0,1.0,1.0
6,E,Rome,5,Treating Asthma With Plants vs. Pills,1.0,1.0,1.0
6,E,Rome,5,How Fruits and Vegetables Can Treat Asthma,1.0,1.0,1.0
6,E,Rome,5,How Fruits and Vegetables Can Prevent Asthma,1.0,1.0,1.0
6,E,Rome,5,Our Tax Dollars Subsidize Unhealthy Foods,1.0,1.0,1.0
6,E,Rome,5,Reducing Arsenic in Chicken and Rice,1.0,1.0,1.0
6,E,Rome,5,How Contaminated Are Our Children?,1.0,1.0,1.0
6,E,Rome,5,"Blood Type Diet Perceived as ""Crass Fraud""",1.0,1.0,1.0
6,E,Rome,5,Why Do Heart Doctors Favor Surgery and Drugs Over Diet?,1.0,1.0,0.8
6,E,Rome,10,Breast Cancer Cells Feed on Cholesterol,1.0,1.0,1.0
6,E,Rome,10,Using Diet to Treat Asthma and Eczema,1.0,1.0,1.0
6,E,Rome,10,Treating Asthma With Plants vs. Pills,1.0,1.0,1.0
6,E,Rome,10,How Fruits and Vegetables Can Treat Asthma,1.0,1.0,1.0
6,E,Rome,10,How Fruits and Vegetables Can Prevent Asthma,1.0,1.0,1.0
6,E,Rome,10,Our Tax Dollars Subsidize Unhealthy Foods,1.0,1.0,1.0
6,E,Rome,10,Reducing Arsenic in Chicken and Rice,1.0,1.0,1.0
6,E,Rome,10,How Contaminated Are Our Children?,1.0,1.0,1.0
6,E,Rome,10,"Blood Type Diet Perceived as ""Crass Fraud""",1.0,1.0,1.0
6,E,Rome,10,Why Do Heart Doctors Favor Surgery and Drugs Over Diet?,1.0,1.0,0.9556
6,E,Rome,20,Breast Cancer Cells Feed on Cholesterol,1.0,1.0,1.0
6,E,Rome,20,Using Diet to Treat Asthma and Eczema,1.0,1.0,1.0
6,E,Rome,20,Treating Asthma With Plants vs. Pills,1.0,1.0,1.0
6,E,Rome,20,How Fruits and Vegetables Can Treat Asthma,1.0,1.0,1.0
6,E,Rome,20,How Fruits and Vegetables Can Prevent Asthma,1.0,1.0,1.0
6,E,Rome,20,Our Tax Dollars Subsidize Unhealthy Foods,1.0,1.0,1.0
6,E,Rome,20,Reducing Arsenic in Chicken and Rice,1.0,1.0,1.0
6,E,Rome,20,How Contaminated Are Our Children?,1.0,1.0,1.0
6,E,Rome,20,"Blood Type Diet Perceived as ""Crass Fraud""",1.0,1.0,1.0
6,E,Rome,20,Why Do Heart Doctors Favor Surgery and Drugs Over Diet?,1.0,1.0,0.9895
6,E,Rome,50,Breast Cancer Cells Feed on Cholesterol,1.0,1.0,1.0
6,E,Rome,50,Using Diet to Treat Asthma and Eczema,1.0,1.0,1.0
6,E,Rome,50,Treating Asthma With Plants vs. Pills,1.0,1.0,0.9984
6,E,Rome,50,How Fruits and Vegetables Can Treat Asthma,1.0,1.0,1.0
6,E,Rome,50,How Fruits and Vegetables Can Prevent Asthma,1.0,1.0,1.0
6,E,Rome,50,Our Tax Dollars Subsidize Unhealthy Foods,1.0,1.0,1.0
6,E,Rome,50,Reducing Arsenic in Chicken and Rice,1.0,1.0,1.0
6,E,Rome,50,How Contaminated Are Our Children?,1.0,1.0,1.0
6,E,Rome,50,"Blood Type Diet Perceived as ""Crass Fraud""",1.0,1.0,0.9984
6,E,Rome,50,Why Do Heart Doctors Favor Surgery and Drugs Over Diet?,1.0,1.0,0.9984
6,E,RomeCombined,1,Breast Cancer Cells Feed on Cholesterol,1.0,1.0,1.0
6,E,RomeCombined,1,Using Diet to Treat Asthma and Eczema,1.0,1.0,1.0
6,E,RomeCombined,1,Treating Asthma With Plants vs. Pills,1.0,1.0,1.0
6,E,RomeCombined,1,How Fruits and Vegetables Can Treat Asthma,1.0,1.0,1.0
6,E,RomeCombined,1,How Fruits and Vegetables Can Prevent Asthma,1.0,1.0,1.0
6,E,RomeCombined,1,Our Tax Dollars Subsidize Unhealthy Foods,1.0,1.0,1.0
6,E,RomeCombined,1,Reducing Arsenic in Chicken and Rice,1.0,1.0,1.0
6,E,RomeCombined,1,How Contaminated Are Our Children?,1.0,1.0,1.0
6,E,RomeCombined,1,"Blood Type Diet Perceived as ""Crass Fraud""",1.0,1.0,1.0
6,E,RomeCombined,1,Why Do Heart Doctors Favor Surgery and Drugs Over Diet?,1.0,1.0,1.0
6,E,RomeCombined,5,Breast Cancer Cells Feed on Cholesterol,1.0,1.0,1.0
6,E,RomeCombined,5,Using Diet to Treat Asthma and Eczema,1.0,1.0,1.0
6,E,RomeCombined,5,Treating Asthma With Plants vs. Pills,1.0,1.0,1.0
6,E,RomeCombined,5,How Fruits and Vegetables Can Treat Asthma,1.0,1.0,1.0
6,E,RomeCombined,5,How Fruits and Vegetables Can Prevent Asthma,1.0,1.0,0.8
6,E,RomeCombined,5,Our Tax Dollars Subsidize Unhealthy Foods,0.8,0.9993,1.0
6,E,RomeCombined,5,Reducing Arsenic in Chicken and Rice,1.0,1.0,1.0
6,E,RomeCombined,5,How Contaminated Are Our Children?,1.0,1.0,1.0
6,E,RomeCombined,5,"Blood Type Diet Perceived as ""Crass Fraud""",1.0,1.0,1.0
6,E,RomeCombined,5,Why Do Heart Doctors Favor Surgery and Drugs Over Diet?,1.0,1.0,0.8
6,E,RomeCombined,10,Breast Cancer Cells Feed on Cholesterol,0.9,0.9998,1.0
6,E,RomeCombined,10,Using Diet to Treat Asthma and Eczema,1.0,1.0,1.0
6,E,RomeCombined,10,Treating Asthma With Plants vs. Pills,1.0,1.0,0.9556
6,E,RomeCombined,10,How Fruits and Vegetables Can Treat Asthma,1.0,1.0,1.0
6,E,RomeCombined,10,How Fruits and Vegetables Can Prevent Asthma,1.0,1.0,0.9556
6,E,RomeCombined,10,Our Tax Dollars Subsidize Unhealthy Foods,1.0,1.0,0.9111
6,E,RomeCombined,10,Reducing Arsenic in Chicken and Rice,1.0,1.0,1.0
6,E,RomeCombined,10,How Contaminated Are Our Children?,1.0,1.0,1.0
6,E,RomeCombined,10,"Blood Type Diet Perceived as ""Crass Fraud""",1.0,1.0,1.0
6,E,RomeCombined,10,Why Do Heart Doctors Favor Surgery and Drugs Over Diet?,1.0,1.0,0.9556
6,E,RomeCombined,20,Breast Cancer Cells Feed on Cholesterol,0.95,0.9999,0.9474
6,E,RomeCombined,20,Using Diet to Treat Asthma and Eczema,0.95,0.9999,0.9895
6,E,RomeCombined,20,Treating Asthma With Plants vs. Pills,1.0,1.0,0.9895
6,E,RomeCombined,20,How Fruits and Vegetables Can Treat Asthma,1.0,1.0,0.9895
6,E,RomeCombined,20,How Fruits and Vegetables Can Prevent Asthma,1.0,1.0,0.9895
6,E,RomeCombined,20,Our Tax Dollars Subsidize Unhealthy Foods,1.0,1.0,0.9474
6,E,RomeCombined,20,Reducing Arsenic in Chicken and Rice,1.0,1.0,0.9895
6,E,RomeCombined,20,How Contaminated Are Our Children?,1.0,1.0,0.9474
6,E,RomeCombined,20,"Blood Type Diet Perceived as ""Crass Fraud""",0.95,0.9999,0.9474
6,E,RomeCombined,20,Why Do Heart Doctors Favor Surgery and Drugs Over Diet?,1.0,1.0,0.9579
6,E,RomeCombined,50,Breast Cancer Cells Feed on Cholesterol,0.98,0.9882,0.9609
6,E,RomeCombined,50,Using Diet to Treat Asthma and Eczema,0.98,0.9891,0.9677
6,E,RomeCombined,50,Treating Asthma With Plants vs. Pills,1.0,1.0,0.9804
6,E,RomeCombined,50,How Fruits and Vegetables Can Treat Asthma,1.0,1.0,0.9722
6,E,RomeCombined,50,How Fruits and Vegetables Can Prevent Asthma,1.0,1.0,0.9331
6,E,RomeCombined,50,Our Tax Dollars Subsidize Unhealthy Foods,0.94,0.9648,0.9685
6,E,RomeCombined,50,Reducing Arsenic in Chicken and Rice,0.98,0.9895,0.966
6,E,RomeCombined,50,How Contaminated Are Our Children?,0.98,0.9882,0.966
6,E,RomeCombined,50,"Blood Type Diet Perceived as ""Crass Fraud""",1.0,1.0,0.9641
6,E,RomeCombined,50,Why Do Heart Doctors Favor Surgery and Drugs Over Diet?,0.98,0.9878,0.9813
6,E,Romm,1,Breast Cancer Cells Feed on Cholesterol,1.0,1.0,1.0
6,E,Romm,1,Using Diet to Treat Asthma and Eczema,1.0,1.0,1.0
6,E,Romm,1,Treating Asthma With Plants vs. Pills,1.0,1.0,1.0
6,E,Romm,1,How Fruits and Vegetables Can Treat Asthma,1.0,1.0,1.0
6,E,Romm,1,How Fruits and Vegetables Can Prevent Asthma,1.0,1.0,1.0
6,E,Romm,1,Our Tax Dollars Subsidize Unhealthy Foods,1.0,1.0,1.0
6,E,Romm,1,Reducing Arsenic in Chicken and Rice,1.0,1.0,1.0
6,E,Romm,1,How Contaminated Are Our Children?,1.0,1.0,1.0
6,E,Romm,1,"Blood Type Diet Perceived as ""Crass Fraud""",1.0,1.0,1.0
6,E,Romm,1,Why Do Heart Doctors Favor Surgery and Drugs Over Diet?,1.0,1.0,1.0
6,E,Romm,5,Breast Cancer Cells Feed on Cholesterol,1.0,1.0,1.0
6,E,Romm,5,Using Diet to Treat Asthma and Eczema,1.0,1.0,1.0
6,E,Romm,5,Treating Asthma With Plants vs. Pills,1.0,1.0,1.0
6,E,Romm,5,How Fruits and Vegetables Can Treat Asthma,1.0,1.0,1.0
6,E,Romm,5,How Fruits and Vegetables Can Prevent Asthma,1.0,1.0,1.0
6,E,Romm,5,Our Tax Dollars Subsidize Unhealthy Foods,1.0,1.0,1.0
6,E,Romm,5,Reducing Arsenic in Chicken and Rice,1.0,1.0,1.0
6,E,Romm,5,How Contaminated Are Our Children?,1.0,1.0,1.0
6,E,Romm,5,"Blood Type Diet Perceived as ""Crass Fraud""",1.0,1.0,1.0
6,E,Romm,5,Why Do Heart Doctors Favor Surgery and Drugs Over Diet?,1.0,1.0,1.0
6,E,Romm,10,Breast Cancer Cells Feed on Cholesterol,1.0,1.0,1.0
6,E,Romm,10,Using Diet to Treat Asthma and Eczema,1.0,1.0,1.0
6,E,Romm,10,Treating Asthma With Plants vs. Pills,1.0,1.0,1.0
6,E,Romm,10,How Fruits and Vegetables Can Treat Asthma,1.0,1.0,1.0
6,E,Romm,10,How Fruits and Vegetables Can Prevent Asthma,1.0,1.0,1.0
6,E,Romm,10,Our Tax Dollars Subsidize Unhealthy Foods,1.0,1.0,1.0
6,E,Romm,10,Reducing Arsenic in Chicken and Rice,1.0,1.0,1.0
6,E,Romm,10,How Contaminated Are Our Children?,1.0,1.0,1.0
6,E,Romm,10,"Blood Type Diet Perceived as ""Crass Fraud""",1.0,1.0,1.0
6,E,Romm,10,Why Do Heart Doctors Favor Surgery and Drugs Over Diet?,1.0,1.0,1.0
6,E,Romm,20,Breast Cancer Cells Feed on Cholesterol,1.0,1.0,1.0
6,E,Romm,20,Using Diet to Treat Asthma and Eczema,1.0,1.0,1.0
6,E,Romm,20,Treating Asthma With Plants vs. Pills,1.0,1.0,1.0
6,E,Romm,20,How Fruits and Vegetables Can Treat Asthma,1.0,1.0,1.0
6,E,Romm,20,How Fruits and Vegetables Can Prevent Asthma,1.0,1.0,1.0
6,E,Romm,20,Our Tax Dollars Subsidize Unhealthy Foods,1.0,1.0,1.0
6,E,Romm,20,Reducing Arsenic in Chicken and Rice,1.0,1.0,1.0
6,E,Romm,20,How Contaminated Are Our Children?,1.0,1.0,1.0
6,E,Romm,20,"Blood Type Diet Perceived as ""Crass Fraud""",1.0,1.0,1.0
6,E,Romm,20,Why Do Heart Doctors Favor Surgery and Drugs Over Diet?,1.0,1.0,1.0
6,E,Romm,50,Breast Cancer Cells Feed on Cholesterol,1.0,1.0,1.0
6,E,Romm,50,Using Diet to Treat Asthma and Eczema,1.0,1.0,1.0
6,E,Romm,50,Treating Asthma With Plants vs. Pills,1.0,1.0,1.0
6,E,Romm,50,How Fruits and Vegetables Can Treat Asthma,1.0,1.0,1.0
6,E,Romm,50,How Fruits and Vegetables Can Prevent Asthma,1.0,1.0,1.0
6,E,Romm,50,Our Tax Dollars Subsidize Unhealthy Foods,1.0,1.0,1.0
6,E,Romm,50,Reducing Arsenic in Chicken and Rice,1.0,1.0,0.9984
6,E,Romm,50,How Contaminated Are Our Children?,1.0,1.0,1.0
6,E,Romm,50,"Blood Type Diet Perceived as ""Crass Fraud""",1.0,1.0,1.0
6,E,Romm,50,Why Do Heart Doctors Favor Surgery and Drugs Over Diet?,1.0,1.0,1.0
6,E,RommCombined,1,Breast Cancer Cells Feed on Cholesterol,1.0,1.0,1.0
6,E,RommCombined,1,Using Diet to Treat Asthma and Eczema,1.0,1.0,1.0
6,E,RommCombined,1,Treating Asthma With Plants vs. Pills,1.0,1.0,1.0
6,E,RommCombined,1,How Fruits and Vegetables Can Treat Asthma,1.0,1.0,1.0
6,E,RommCombined,1,How Fruits and Vegetables Can Prevent Asthma,1.0,1.0,1.0
6,E,RommCombined,1,Our Tax Dollars Subsidize Unhealthy Foods,1.0,1.0,1.0
6,E,RommCombined,1,Reducing Arsenic in Chicken and Rice,1.0,1.0,1.0
6,E,RommCombined,1,How Contaminated Are Our Children?,1.0,1.0,1.0
6,E,RommCombined,1,"Blood Type Diet Perceived as ""Crass Fraud""",1.0,1.0,1.0
6,E,RommCombined,1,Why Do Heart Doctors Favor Surgery and Drugs Over Diet?,1.0,1.0,1.0
6,E,RommCombined,5,Breast Cancer Cells Feed on Cholesterol,1.0,1.0,1.0
6,E,RommCombined,5,Using Diet to Treat Asthma and Eczema,1.0,1.0,1.0
6,E,RommCombined,5,Treating Asthma With Plants vs. Pills,1.0,1.0,1.0
6,E,RommCombined,5,How Fruits and Vegetables Can Treat Asthma,1.0,1.0,1.0
6,E,RommCombined,5,How Fruits and Vegetables Can Prevent Asthma,1.0,1.0,1.0
6,E,RommCombined,5,Our Tax Dollars Subsidize Unhealthy Foods,0.8,0.9993,1.0
6,E,RommCombined,5,Reducing Arsenic in Chicken and Rice,1.0,1.0,1.0
6,E,RommCombined,5,How Contaminated Are Our Children?,1.0,1.0,1.0
6,E,RommCombined,5,"Blood Type Diet Perceived as ""Crass Fraud""",1.0,1.0,1.0
6,E,RommCombined,5,Why Do Heart Doctors Favor Surgery and Drugs Over Diet?,1.0,1.0,1.0
6,E,RommCombined,10,Breast Cancer Cells Feed on Cholesterol,1.0,1.0,0.9556
6,E,RommCombined,10,Using Diet to Treat Asthma and Eczema,1.0,1.0,0.9556
6,E,RommCombined,10,Treating Asthma With Plants vs. Pills,1.0,1.0,0.9556
6,E,RommCombined,10,How Fruits and Vegetables Can Treat Asthma,0.9,0.9997,1.0
6,E,RommCombined,10,How Fruits and Vegetables Can Prevent Asthma,1.0,1.0,1.0
6,E,RommCombined,10,Our Tax Dollars Subsidize Unhealthy Foods,1.0,1.0,0.9111
6,E,RommCombined,10,Reducing Arsenic in Chicken and Rice,1.0,1.0,1.0
6,E,RommCombined,10,How Contaminated Are Our Children?,1.0,1.0,1.0
6,E,RommCombined,10,"Blood Type Diet Perceived as ""Crass Fraud""",1.0,1.0,1.0
6,E,RommCombined,10,Why Do Heart Doctors Favor Surgery and Drugs Over Diet?,1.0,1.0,1.0
6,E,RommCombined,20,Breast Cancer Cells Feed on Cholesterol,0.95,0.9998,0.9684
6,E,RommCombined,20,Using Diet to Treat Asthma and Eczema,1.0,1.0,0.9684
6,E,RommCombined,20,Treating Asthma With Plants vs. Pills,1.0,1.0,0.9579
6,E,RommCombined,20,How Fruits and Vegetables Can Treat Asthma,1.0,1.0,0.9579
6,E,RommCombined,20,How Fruits and Vegetables Can Prevent Asthma,1.0,1.0,0.9895
6,E,RommCombined,20,Our Tax Dollars Subsidize Unhealthy Foods,0.95,0.9998,0.9263
6,E,RommCombined,20,Reducing Arsenic in Chicken and Rice,1.0,1.0,0.9579
6,E,RommCombined,20,How Contaminated Are Our Children?,1.0,1.0,0.9579
6,E,RommCombined,20,"Blood Type Diet Perceived as ""Crass Fraud""",1.0,1.0,0.9263
6,E,RommCombined,20,Why Do Heart Doctors Favor Surgery and Drugs Over Diet?,0.95,0.9999,0.9789
6,E,RommCombined,50,Breast Cancer Cells Feed on Cholesterol,0.98,0.9881,0.949
6,E,RommCombined,50,Using Diet to Treat Asthma and Eczema,1.0,1.0,0.9657
6,E,RommCombined,50,Treating Asthma With Plants vs. Pills,0.98,0.9886,0.9643
6,E,RommCombined,50,How Fruits and Vegetables Can Treat Asthma,1.0,1.0,0.9592
6,E,RommCombined,50,How Fruits and Vegetables Can Prevent Asthma,1.0,1.0,0.951
6,E,RommCombined,50,Our Tax Dollars Subsidize Unhealthy Foods,0.96,0.9764,0.9645
6,E,RommCombined,50,Reducing Arsenic in Chicken and Rice,0.96,0.9792,0.961
6,E,RommCombined,50,How Contaminated Are Our Children?,1.0,1.0,0.9739
6,E,RommCombined,50,"Blood Type Diet Perceived as ""Crass Fraud""",0.98,0.9877,0.9575
6,E,RommCombined,50,Why Do Heart Doctors Favor Surgery and Drugs Over Diet?,0.96,0.9755,0.977
6,E,Diehard,1,Breast Cancer Cells Feed on Cholesterol,1.0,1.0,1.0
6,E,Diehard,1,Using Diet to Treat Asthma and Eczema,1.0,1.0,1.0
6,E,Diehard,1,Treating Asthma With Plants vs. Pills,1.0,1.0,1.0
6,E,Diehard,1,How Fruits and Vegetables Can Treat Asthma,1.0,1.0,1.0
6,E,Diehard,1,How Fruits and Vegetables Can Prevent Asthma,1.0,1.0,1.0
6,E,Diehard,1,Our Tax Dollars Subsidize Unhealthy Foods,1.0,1.0,1.0
6,E,Diehard,1,Reducing Arsenic in Chicken and Rice,1.0,1.0,1.0
6,E,Diehard,1,How Contaminated Are Our Children?,1.0,1.0,1.0
6,E,Diehard,1,"Blood Type Diet Perceived as ""Crass Fraud""",1.0,1.0,1.0
6,E,Diehard,1,Why Do Heart Doctors Favor Surgery and Drugs Over Diet?,1.0,1.0,1.0
6,E,Diehard,5,Breast Cancer Cells Feed on Cholesterol,1.0,1.0,1.0
6,E,Diehard,5,Using Diet to Treat Asthma and Eczema,1.0,1.0,1.0
6,E,Diehard,5,Treating Asthma With Plants vs. Pills,1.0,1.0,1.0
6,E,Diehard,5,How Fruits and Vegetables Can Treat Asthma,1.0,1.0,1.0
6,E,Diehard,5,How Fruits and Vegetables Can Prevent Asthma,1.0,1.0,1.0
6,E,Diehard,5,Our Tax Dollars Subsidize Unhealthy Foods,1.0,1.0,1.0
6,E,Diehard,5,Reducing Arsenic in Chicken and Rice,1.0,1.0,1.0
6,E,Diehard,5,How Contaminated Are Our Children?,1.0,1.0,1.0
6,E,Diehard,5,"Blood Type Diet Perceived as ""Crass Fraud""",1.0,1.0,1.0
6,E,Diehard,5,Why Do Heart Doctors Favor Surgery and Drugs Over Diet?,1.0,1.0,1.0
6,E,Diehard,10,Breast Cancer Cells Feed on Cholesterol,1.0,1.0,1.0
6,E,Diehard,10,Using Diet to Treat Asthma and Eczema,1.0,1.0,1.0
6,E,Diehard,10,Treating Asthma With Plants vs. Pills,1.0,1.0,1.0
6,E,Diehard,10,How Fruits and Vegetables Can Treat Asthma,1.0,1.0,1.0
6,E,Diehard,10,How Fruits and Vegetables Can Prevent Asthma,1.0,1.0,1.0
6,E,Diehard,10,Our Tax Dollars Subsidize Unhealthy Foods,1.0,1.0,1.0
6,E,Diehard,10,Reducing Arsenic in Chicken and Rice,1.0,1.0,1.0
6,E,Diehard,10,How Contaminated Are Our Children?,1.0,1.0,1.0
6,E,Diehard,10,"Blood Type Diet Perceived as ""Crass Fraud""",1.0,1.0,1.0
6,E,Diehard,10,Why Do Heart Doctors Favor Surgery and Drugs Over Diet?,1.0,1.0,1.0
6,E,Diehard,20,Breast Cancer Cells Feed on Cholesterol,1.0,1.0,1.0
6,E,Diehard,20,Using Diet to Treat Asthma and Eczema,1.0,1.0,1.0
6,E,Diehard,20,Treating Asthma With Plants vs. Pills,1.0,1.0,1.0
6,E,Diehard,20,How Fruits and Vegetables Can Treat Asthma,1.0,1.0,1.0
6,E,Diehard,20,How Fruits and Vegetables Can Prevent Asthma,1.0,1.0,1.0
6,E,Diehard,20,Our Tax Dollars Subsidize Unhealthy Foods,1.0,1.0,1.0
6,E,Diehard,20,Reducing Arsenic in Chicken and Rice,1.0,1.0,1.0
6,E,Diehard,20,How Contaminated Are Our Children?,1.0,1.0,1.0
6,E,Diehard,20,"Blood Type Diet Perceived as ""Crass Fraud""",1.0,1.0,1.0
6,E,Diehard,20,Why Do Heart Doctors Favor Surgery and Drugs Over Diet?,1.0,1.0,1.0
6,E,Diehard,50,Breast Cancer Cells Feed on Cholesterol,1.0,1.0,1.0
6,E,Diehard,50,Using Diet to Treat Asthma and Eczema,1.0,1.0,1.0
6,E,Diehard,50,Treating Asthma With Plants vs. Pills,1.0,1.0,1.0
6,E,Diehard,50,How Fruits and Vegetables Can Treat Asthma,1.0,1.0,1.0
6,E,Diehard,50,How Fruits and Vegetables Can Prevent Asthma,1.0,1.0,1.0
6,E,Diehard,50,Our Tax Dollars Subsidize Unhealthy Foods,1.0,1.0,1.0
6,E,Diehard,50,Reducing Arsenic in Chicken and Rice,1.0,1.0,0.9984
6,E,Diehard,50,How Contaminated Are Our Children?,1.0,1.0,1.0
6,E,Diehard,50,"Blood Type Diet Perceived as ""Crass Fraud""",1.0,1.0,1.0
6,E,Diehard,50,Why Do Heart Doctors Favor Surgery and Drugs Over Diet?,1.0,1.0,1.0
6,E,DiehardCombined,1,Breast Cancer Cells Feed on Cholesterol,1.0,1.0,1.0
6,E,DiehardCombined,1,Using Diet to Treat Asthma and Eczema,1.0,1.0,1.0
6,E,DiehardCombined,1,Treating Asthma With Plants vs. Pills,0.0,0.9673,1.0
6,E,DiehardCombined,1,How Fruits and Vegetables Can Treat Asthma,1.0,1.0,1.0
6,E,DiehardCombined,1,How Fruits and Vegetables Can Prevent Asthma,1.0,1.0,1.0
6,E,DiehardCombined,1,Our Tax Dollars Subsidize Unhealthy Foods,1.0,1.0,1.0
6,E,DiehardCombined,1,Reducing Arsenic in Chicken and Rice,0.0,0.9506,1.0
6,E,DiehardCombined,1,How Contaminated Are Our Children?,1.0,1.0,1.0
6,E,DiehardCombined,1,"Blood Type Diet Perceived as ""Crass Fraud""",1.0,1.0,1.0
6,E,DiehardCombined,1,Why Do Heart Doctors Favor Surgery and Drugs Over Diet?,1.0,1.0,1.0
6,E,DiehardCombined,5,Breast Cancer Cells Feed on Cholesterol,1.0,0.9995,0.8
6,E,DiehardCombined,5,Using Diet to Treat Asthma and Eczema,0.8,0.9969,1.0
6,E,DiehardCombined,5,Treating Asthma With Plants vs. Pills,0.6,0.9804,0.2
6,E,DiehardCombined,5,How Fruits and Vegetables Can Treat Asthma,0.8,0.9965,1.0
6,E,DiehardCombined,5,How Fruits and Vegetables Can Prevent Asthma,0.8,0.9958,0.6
6,E,DiehardCombined,5,Our Tax Dollars Subsidize Unhealthy Foods,0.8,0.992,1.0
6,E,DiehardCombined,5,Reducing Arsenic in Chicken and Rice,0.8,0.9824,0.6
6,E,DiehardCombined,5,How Contaminated Are Our Children?,0.8,0.9935,0.6
6,E,DiehardCombined,5,"Blood Type Diet Perceived as ""Crass Fraud""",0.6,0.85,0.6667
6,E,DiehardCombined,5,Why Do Heart Doctors Favor Surgery and Drugs Over Diet?,0.6,0.9763,0.6
6,E,DiehardCombined,10,Breast Cancer Cells Feed on Cholesterol,0.8,0.9919,0.6889
6,E,DiehardCombined,10,Using Diet to Treat Asthma and Eczema,0.7,0.9876,0.9111
6,E,DiehardCombined,10,Treating Asthma With Plants vs. Pills,0.9,0.9831,0.4667
6,E,DiehardCombined,10,How Fruits and Vegetables Can Treat Asthma,0.9,0.9964,0.7778
6,E,DiehardCombined,10,How Fruits and Vegetables Can Prevent Asthma,0.9,0.9964,0.6
6,E,DiehardCombined,10,Our Tax Dollars Subsidize Unhealthy Foods,0.7,0.9932,0.6444
6,E,DiehardCombined,10,Reducing Arsenic in Chicken and Rice,1.0,0.9933,0.8222
6,E,DiehardCombined,10,How Contaminated Are Our Children?,0.6,0.9814,0.6444
6,E,DiehardCombined,10,"Blood Type Diet Perceived as ""Crass Fraud""",0.5,0.8326,0.2857
6,E,DiehardCombined,10,Why Do Heart Doctors Favor Surgery and Drugs Over Diet?,0.6,0.9814,0.5111
6,E,DiehardCombined,20,Breast Cancer Cells Feed on Cholesterol,0.75,0.9647,0.6374
6,E,DiehardCombined,20,Using Diet to Treat Asthma and Eczema,0.95,0.9974,0.5684
6,E,DiehardCombined,20,Treating Asthma With Plants vs. Pills,0.75,0.9511,0.5088
6,E,DiehardCombined,20,How Fruits and Vegetables Can Treat Asthma,0.85,0.9623,0.8129
6,E,DiehardCombined,20,How Fruits and Vegetables Can Prevent Asthma,0.8,0.9343,0.6209
6,E,DiehardCombined,20,Our Tax Dollars Subsidize Unhealthy Foods,0.75,0.9597,0.6491
6,E,DiehardCombined,20,Reducing Arsenic in Chicken and Rice,0.85,0.9914,0.8316
6,E,DiehardCombined,20,How Contaminated Are Our Children?,0.8,0.9868,0.4105
6,E,DiehardCombined,20,"Blood Type Diet Perceived as ""Crass Fraud""",0.6,0.8801,0.4118
6,E,DiehardCombined,20,Why Do Heart Doctors Favor Surgery and Drugs Over Diet?,0.75,0.9873,0.3053
6,E,DiehardCombined,50,Breast Cancer Cells Feed on Cholesterol,0.74,0.8267,0.5766
6,E,DiehardCombined,50,Using Diet to Treat Asthma and Eczema,0.82,0.8923,0.7537
6,E,DiehardCombined,50,Treating Asthma With Plants vs. Pills,0.86,0.9024,0.577
6,E,DiehardCombined,50,How Fruits and Vegetables Can Treat Asthma,0.78,0.8527,0.6329
6,E,DiehardCombined,50,How Fruits and Vegetables Can Prevent Asthma,0.82,0.8759,0.678
6,E,DiehardCombined,50,Our Tax Dollars Subsidize Unhealthy Foods,0.82,0.8799,0.5854
6,E,DiehardCombined,50,Reducing Arsenic in Chicken and Rice,0.82,0.8936,0.7073
6,E,DiehardCombined,50,How Contaminated Are Our Children?,0.82,0.8828,0.5829
6,E,DiehardCombined,50,"Blood Type Diet Perceived as ""Crass Fraud""",0.78,0.8202,0.3117
6,E,DiehardCombined,50,Why Do Heart Doctors Favor Surgery and Drugs Over Diet?,0.8,0.8563,0.5
6,E,Ckks,1,Breast Cancer Cells Feed on Cholesterol,1.0,1.0,1.0
6,E,Ckks,1,Using Diet to Treat Asthma and Eczema,1.0,1.0,1.0
6,E,Ckks,1,Treating Asthma With Plants vs. Pills,1.0,1.0,1.0
6,E,Ckks,1,How Fruits and Vegetables Can Treat Asthma,1.0,1.0,1.0
6,E,Ckks,1,How Fruits and Vegetables Can Prevent Asthma,1.0,1.0,1.0
6,E,Ckks,1,Our Tax Dollars Subsidize Unhealthy Foods,1.0,1.0,1.0
6,E,Ckks,1,Reducing Arsenic in Chicken and Rice,1.0,1.0,1.0
6,E,Ckks,1,How Contaminated Are Our Children?,1.0,1.0,1.0
6,E,Ckks,1,"Blood Type Diet Perceived as ""Crass Fraud""",1.0,1.0,1.0
6,E,Ckks,1,Why Do Heart Doctors Favor Surgery and Drugs Over Diet?,1.0,1.0,1.0
6,E,Ckks,5,Breast Cancer Cells Feed on Cholesterol,1.0,1.0,1.0
6,E,Ckks,5,Using Diet to Treat Asthma and Eczema,1.0,1.0,1.0
6,E,Ckks,5,Treating Asthma With Plants vs. Pills,1.0,1.0,1.0
6,E,Ckks,5,How Fruits and Vegetables Can Treat Asthma,1.0,1.0,1.0
6,E,Ckks,5,How Fruits and Vegetables Can Prevent Asthma,1.0,1.0,1.0
6,E,Ckks,5,Our Tax Dollars Subsidize Unhealthy Foods,1.0,1.0,1.0
6,E,Ckks,5,Reducing Arsenic in Chicken and Rice,1.0,1.0,1.0
6,E,Ckks,5,How Contaminated Are Our Children?,1.0,1.0,1.0
6,E,Ckks,5,"Blood Type Diet Perceived as ""Crass Fraud""",1.0,1.0,1.0
6,E,Ckks,5,Why Do Heart Doctors Favor Surgery and Drugs Over Diet?,1.0,1.0,1.0
6,E,Ckks,10,Breast Cancer Cells Feed on Cholesterol,1.0,1.0,1.0
6,E,Ckks,10,Using Diet to Treat Asthma and Eczema,1.0,1.0,1.0
6,E,Ckks,10,Treating Asthma With Plants vs. Pills,1.0,1.0,1.0
6,E,Ckks,10,How Fruits and Vegetables Can Treat Asthma,1.0,1.0,1.0
6,E,Ckks,10,How Fruits and Vegetables Can Prevent Asthma,1.0,1.0,1.0
6,E,Ckks,10,Our Tax Dollars Subsidize Unhealthy Foods,1.0,1.0,1.0
6,E,Ckks,10,Reducing Arsenic in Chicken and Rice,1.0,1.0,1.0
6,E,Ckks,10,How Contaminated Are Our Children?,1.0,1.0,1.0
6,E,Ckks,10,"Blood Type Diet Perceived as ""Crass Fraud""",1.0,1.0,1.0
6,E,Ckks,10,Why Do Heart Doctors Favor Surgery and Drugs Over Diet?,1.0,1.0,1.0
6,E,Ckks,20,Breast Cancer Cells Feed on Cholesterol,1.0,1.0,1.0
6,E,Ckks,20,Using Diet to Treat Asthma and Eczema,1.0,1.0,1.0
6,E,Ckks,20,Treating Asthma With Plants vs. Pills,1.0,1.0,1.0
6,E,Ckks,20,How Fruits and Vegetables Can Treat Asthma,1.0,1.0,1.0
6,E,Ckks,20,How Fruits and Vegetables Can Prevent Asthma,1.0,1.0,1.0
6,E,Ckks,20,Our Tax Dollars Subsidize Unhealthy Foods,1.0,1.0,1.0
6,E,Ckks,20,Reducing Arsenic in Chicken and Rice,1.0,1.0,1.0
6,E,Ckks,20,How Contaminated Are Our Children?,1.0,1.0,1.0
6,E,Ckks,20,"Blood Type Diet Perceived as ""Crass Fraud""",1.0,1.0,1.0
6,E,Ckks,20,Why Do Heart Doctors Favor Surgery and Drugs Over Diet?,1.0,1.0,0.9895
6,E,Ckks,50,Breast Cancer Cells Feed on Cholesterol,1.0,1.0,0.9984
6,E,Ckks,50,Using Diet to Treat Asthma and Eczema,1.0,1.0,1.0
6,E,Ckks,50,Treating Asthma With Plants vs. Pills,1.0,1.0,1.0
6,E,Ckks,50,How Fruits and Vegetables Can Treat Asthma,1.0,1.0,1.0
6,E,Ckks,50,How Fruits and Vegetables Can Prevent Asthma,1.0,1.0,1.0
6,E,Ckks,50,Our Tax Dollars Subsidize Unhealthy Foods,1.0,1.0,0.9984
6,E,Ckks,50,Reducing Arsenic in Chicken and Rice,1.0,1.0,1.0
6,E,Ckks,50,How Contaminated Are Our Children?,1.0,1.0,1.0
6,E,Ckks,50,"Blood Type Diet Perceived as ""Crass Fraud""",1.0,1.0,1.0
6,E,Ckks,50,Why Do Heart Doctors Favor Surgery and Drugs Over Diet?,1.0,1.0,0.9984
6,E,CkksCombined,1,Breast Cancer Cells Feed on Cholesterol,1.0,1.0,1.0
6,E,CkksCombined,1,Using Diet to Treat Asthma and Eczema,1.0,1.0,1.0
6,E,CkksCombined,1,Treating Asthma With Plants vs. Pills,1.0,1.0,1.0
6,E,CkksCombined,1,How Fruits and Vegetables Can Treat Asthma,1.0,1.0,1.0
6,E,CkksCombined,1,How Fruits and Vegetables Can Prevent Asthma,1.0,1.0,1.0
6,E,CkksCombined,1,Our Tax Dollars Subsidize Unhealthy Foods,1.0,1.0,1.0
6,E,CkksCombined,1,Reducing Arsenic in Chicken and Rice,1.0,1.0,1.0
6,E,CkksCombined,1,How Contaminated Are Our Children?,1.0,1.0,1.0
6,E,CkksCombined,1,"Blood Type Diet Perceived as ""Crass Fraud""",1.0,1.0,1.0
6,E,CkksCombined,1,Why Do Heart Doctors Favor Surgery and Drugs Over Diet?,1.0,1.0,1.0
6,E,CkksCombined,5,Breast Cancer Cells Feed on Cholesterol,1.0,1.0,1.0
6,E,CkksCombined,5,Using Diet to Treat Asthma and Eczema,1.0,1.0,1.0
6,E,CkksCombined,5,Treating Asthma With Plants vs. Pills,1.0,1.0,1.0
6,E,CkksCombined,5,How Fruits and Vegetables Can Treat Asthma,1.0,1.0,1.0
6,E,CkksCombined,5,How Fruits and Vegetables Can Prevent Asthma,1.0,1.0,1.0
6,E,CkksCombined,5,Our Tax Dollars Subsidize Unhealthy Foods,1.0,1.0,1.0
6,E,CkksCombined,5,Reducing Arsenic in Chicken and Rice,1.0,1.0,1.0
6,E,CkksCombined,5,How Contaminated Are Our Children?,1.0,1.0,1.0
6,E,CkksCombined,5,"Blood Type Diet Perceived as ""Crass Fraud""",1.0,1.0,1.0
6,E,CkksCombined,5,Why Do Heart Doctors Favor Surgery and Drugs Over Diet?,1.0,1.0,1.0
6,E,CkksCombined,10,Breast Cancer Cells Feed on Cholesterol,1.0,1.0,0.9556
6,E,CkksCombined,10,Using Diet to Treat Asthma and Eczema,1.0,1.0,0.9111
6,E,CkksCombined,10,Treating Asthma With Plants vs. Pills,1.0,1.0,1.0
6,E,CkksCombined,10,How Fruits and Vegetables Can Treat Asthma,1.0,1.0,1.0
6,E,CkksCombined,10,How Fruits and Vegetables Can Prevent Asthma,1.0,1.0,1.0
6,E,CkksCombined,10,Our Tax Dollars Subsidize Unhealthy Foods,1.0,1.0,0.9556
6,E,CkksCombined,10,Reducing Arsenic in Chicken and Rice,1.0,1.0,1.0
6,E,CkksCombined,10,How Contaminated Are Our Children?,1.0,1.0,0.9556
6,E,CkksCombined,10,"Blood Type Diet Perceived as ""Crass Fraud""",1.0,1.0,0.9556
6,E,CkksCombined,10,Why Do Heart Doctors Favor Surgery and Drugs Over Diet?,1.0,1.0,0.9111
6,E,CkksCombined,20,Breast Cancer Cells Feed on Cholesterol,1.0,1.0,0.9789
6,E,CkksCombined,20,Using Diet to Treat Asthma and Eczema,0.95,0.9998,0.9579
6,E,CkksCombined,20,Treating Asthma With Plants vs. Pills,1.0,1.0,1.0
6,E,CkksCombined,20,How Fruits and Vegetables Can Treat Asthma,1.0,1.0,0.9579
6,E,CkksCombined,20,How Fruits and Vegetables Can Prevent Asthma,1.0,1.0,0.9789
6,E,CkksCombined,20,Our Tax Dollars Subsidize Unhealthy Foods,1.0,1.0,0.9684
6,E,CkksCombined,20,Reducing Arsenic in Chicken and Rice,0.95,0.9996,0.9789
6,E,CkksCombined,20,How Contaminated Are Our Children?,1.0,1.0,0.9474
6,E,CkksCombined,20,"Blood Type Diet Perceived as ""Crass Fraud""",0.95,0.9999,0.9579
6,E,CkksCombined,20,Why Do Heart Doctors Favor Surgery and Drugs Over Diet?,0.95,0.9999,0.9579
6,E,CkksCombined,50,Breast Cancer Cells Feed on Cholesterol,0.98,0.9882,0.9524
6,E,CkksCombined,50,Using Diet to Treat Asthma and Eczema,1.0,1.0,0.9673
6,E,CkksCombined,50,Treating Asthma With Plants vs. Pills,0.98,0.9886,0.9575
6,E,CkksCombined,50,How Fruits and Vegetables Can Treat Asthma,0.98,0.9883,0.9558
6,E,CkksCombined,50,How Fruits and Vegetables Can Prevent Asthma,1.0,1.0,0.9396
6,E,CkksCombined,50,Our Tax Dollars Subsidize Unhealthy Foods,0.98,0.9883,0.9711
6,E,CkksCombined,50,Reducing Arsenic in Chicken and Rice,0.98,0.9897,0.966
6,E,CkksCombined,50,How Contaminated Are Our Children?,0.98,0.9882,0.9728
6,E,CkksCombined,50,"Blood Type Diet Perceived as ""Crass Fraud""",0.98,0.9877,0.9575
6,E,CkksCombined,50,Why Do Heart Doctors Favor Surgery and Drugs Over Diet?,0.98,0.9879,0.966
7,E,Scrambling,1,Breast Cancer Cells Feed on Cholesterol,1.0,1.0,1.0
7,E,Scrambling,1,Using Diet to Treat Asthma and Eczema,1.0,1.0,1.0
7,E,Scrambling,1,Treating Asthma With Plants vs. Pills,1.0,1.0,1.0
7,E,Scrambling,1,How Fruits and Vegetables Can Treat Asthma,1.0,1.0,1.0
7,E,Scrambling,1,How Fruits and Vegetables Can Prevent Asthma,1.0,1.0,1.0
7,E,Scrambling,1,Our Tax Dollars Subsidize Unhealthy Foods,1.0,1.0,1.0
7,E,Scrambling,1,Reducing Arsenic in Chicken and Rice,1.0,1.0,1.0
7,E,Scrambling,1,How Contaminated Are Our Children?,1.0,1.0,1.0
7,E,Scrambling,1,"Blood Type Diet Perceived as ""Crass Fraud""",1.0,1.0,1.0
7,E,Scrambling,1,Why Do Heart Doctors Favor Surgery and Drugs Over Diet?,1.0,1.0,1.0
7,E,Scrambling,5,Breast Cancer Cells Feed on Cholesterol,1.0,1.0,1.0
7,E,Scrambling,5,Using Diet to Treat Asthma and Eczema,1.0,1.0,1.0
7,E,Scrambling,5,Treating Asthma With Plants vs. Pills,1.0,1.0,1.0
7,E,Scrambling,5,How Fruits and Vegetables Can Treat Asthma,1.0,1.0,1.0
7,E,Scrambling,5,How Fruits and Vegetables Can Prevent Asthma,1.0,1.0,1.0
7,E,Scrambling,5,Our Tax Dollars Subsidize Unhealthy Foods,1.0,1.0,1.0
7,E,Scrambling,5,Reducing Arsenic in Chicken and Rice,1.0,1.0,1.0
7,E,Scrambling,5,How Contaminated Are Our Children?,1.0,1.0,1.0
7,E,Scrambling,5,"Blood Type Diet Perceived as ""Crass Fraud""",1.0,1.0,1.0
7,E,Scrambling,5,Why Do Heart Doctors Favor Surgery and Drugs Over Diet?,1.0,1.0,0.8
7,E,Scrambling,10,Breast Cancer Cells Feed on Cholesterol,1.0,1.0,1.0
7,E,Scrambling,10,Using Diet to Treat Asthma and Eczema,1.0,1.0,1.0
7,E,Scrambling,10,Treating Asthma With Plants vs. Pills,1.0,1.0,1.0
7,E,Scrambling,10,How Fruits and Vegetables Can Treat Asthma,1.0,1.0,1.0
7,E,Scrambling,10,How Fruits and Vegetables Can Prevent Asthma,1.0,1.0,1.0
7,E,Scrambling,10,Our Tax Dollars Subsidize Unhealthy Foods,1.0,1.0,1.0
7,E,Scrambling,10,Reducing Arsenic in Chicken and Rice,1.0,1.0,1.0
7,E,Scrambling,10,How Contaminated Are Our Children?,1.0,1.0,1.0
7,E,Scrambling,10,"Blood Type Diet Perceived as ""Crass Fraud""",1.0,1.0,1.0
7,E,Scrambling,10,Why Do Heart Doctors Favor Surgery and Drugs Over Diet?,1.0,1.0,0.9556
7,E,Scrambling,20,Breast Cancer Cells Feed on Cholesterol,1.0,1.0,1.0
7,E,Scrambling,20,Using Diet to Treat Asthma and Eczema,1.0,1.0,1.0
7,E,Scrambling,20,Treating Asthma With Plants vs. Pills,1.0,1.0,1.0
7,E,Scrambling,20,How Fruits and Vegetables Can Treat Asthma,1.0,1.0,1.0
7,E,Scrambling,20,How Fruits and Vegetables Can Prevent Asthma,1.0,1.0,1.0
7,E,Scrambling,20,Our Tax Dollars Subsidize Unhealthy Foods,1.0,1.0,1.0
7,E,Scrambling,20,Reducing Arsenic in Chicken and Rice,1.0,1.0,1.0
7,E,Scrambling,20,How Contaminated Are Our Children?,1.0,1.0,1.0
7,E,Scrambling,20,"Blood Type Diet Perceived as ""Crass Fraud""",1.0,1.0,1.0
7,E,Scrambling,20,Why Do Heart Doctors Favor Surgery and Drugs Over Diet?,1.0,1.0,0.9895
7,E,Scrambling,50,Breast Cancer Cells Feed on Cholesterol,1.0,1.0,0.9984
7,E,Scrambling,50,Using Diet to Treat Asthma and Eczema,1.0,1.0,1.0
7,E,Scrambling,50,Treating Asthma With Plants vs. Pills,1.0,1.0,0.9984
7,E,Scrambling,50,How Fruits and Vegetables Can Treat Asthma,1.0,1.0,1.0
7,E,Scrambling,50,How Fruits and Vegetables Can Prevent Asthma,1.0,1.0,1.0
7,E,Scrambling,50,Our Tax Dollars Subsidize Unhealthy Foods,1.0,1.0,1.0
7,E,Scrambling,50,Reducing Arsenic in Chicken and Rice,1.0,1.0,1.0
7,E,Scrambling,50,How Contaminated Are Our Children?,1.0,1.0,1.0
7,E,Scrambling,50,"Blood Type Diet Perceived as ""Crass Fraud""",1.0,1.0,0.9984
7,E,Scrambling,50,Why Do Heart Doctors Favor Surgery and Drugs Over Diet?,1.0,1.0,0.9984
7,E,Noise,1,Breast Cancer Cells Feed on Cholesterol,1.0,1.0,1.0
7,E,Noise,1,Using Diet to Treat Asthma and Eczema,1.0,1.0,1.0
7,E,Noise,1,Treating Asthma With Plants vs. Pills,1.0,1.0,1.0
7,E,Noise,1,How Fruits and Vegetables Can Treat Asthma,1.0,1.0,1.0
7,E,Noise,1,How Fruits and Vegetables Can Prevent Asthma,1.0,1.0,1.0
7,E,Noise,1,Our Tax Dollars Subsidize Unhealthy Foods,1.0,1.0,1.0
7,E,Noise,1,Reducing Arsenic in Chicken and Rice,1.0,1.0,1.0
7,E,Noise,1,How Contaminated Are Our Children?,1.0,1.0,1.0
7,E,Noise,1,"Blood Type Diet Perceived as ""Crass Fraud""",1.0,1.0,1.0
7,E,Noise,1,Why Do Heart Doctors Favor Surgery and Drugs Over Diet?,1.0,1.0,1.0
7,E,Noise,5,Breast Cancer Cells Feed on Cholesterol,1.0,1.0,1.0
7,E,Noise,5,Using Diet to Treat Asthma and Eczema,1.0,1.0,1.0
7,E,Noise,5,Treating Asthma With Plants vs. Pills,1.0,0.9999,0.8
7,E,Noise,5,How Fruits and Vegetables Can Treat Asthma,1.0,1.0,1.0
7,E,Noise,5,How Fruits and Vegetables Can Prevent Asthma,1.0,1.0,1.0
7,E,Noise,5,Our Tax Dollars Subsidize Unhealthy Foods,1.0,1.0,1.0
7,E,Noise,5,Reducing Arsenic in Chicken and Rice,1.0,1.0,1.0
7,E,Noise,5,How Contaminated Are Our Children?,1.0,1.0,1.0
7,E,Noise,5,"Blood Type Diet Perceived as ""Crass Fraud""",1.0,1.0,1.0
7,E,Noise,5,Why Do Heart Doctors Favor Surgery and Drugs Over Diet?,1.0,1.0,1.0
7,E,Noise,10,Breast Cancer Cells Feed on Cholesterol,1.0,0.9999,0.8667
7,E,Noise,10,Using Diet to Treat Asthma and Eczema,1.0,1.0,0.9111
7,E,Noise,10,Treating Asthma With Plants vs. Pills,1.0,1.0,0.9556
7,E,Noise,10,How Fruits and Vegetables Can Treat Asthma,1.0,1.0,1.0
7,E,Noise,10,How Fruits and Vegetables Can Prevent Asthma,1.0,1.0,1.0
7,E,Noise,10,Our Tax Dollars Subsidize Unhealthy Foods,1.0,1.0,0.9556
7,E,Noise,10,Reducing Arsenic in Chicken and Rice,1.0,1.0,1.0
7,E,Noise,10,How Contaminated Are Our Children?,1.0,1.0,1.0
7,E,Noise,10,"Blood Type Diet Perceived as ""Crass Fraud""",1.0,1.0,0.9556
7,E,Noise,10,Why Do Heart Doctors Favor Surgery and Drugs Over Diet?,1.0,1.0,1.0
7,E,Noise,20,Breast Cancer Cells Feed on Cholesterol,1.0,1.0,0.9579
7,E,Noise,20,Using Diet to Treat Asthma and Eczema,1.0,1.0,0.9474
7,E,Noise,20,Treating Asthma With Plants vs. Pills,1.0,1.0,0.9579
7,E,Noise,20,How Fruits and Vegetables Can Treat Asthma,1.0,1.0,0.9789
7,E,Noise,20,How Fruits and Vegetables Can Prevent Asthma,1.0,1.0,0.9789
7,E,Noise,20,Our Tax Dollars Subsidize Unhealthy Foods,0.95,0.9999,0.9684
7,E,Noise,20,Reducing Arsenic in Chicken and Rice,1.0,1.0,0.9895
7,E,Noise,20,How Contaminated Are Our Children?,1.0,1.0,0.9263
7,E,Noise,20,"Blood Type Diet Perceived as ""Crass Fraud""",0.95,0.9999,0.9579
7,E,Noise,20,Why Do Heart Doctors Favor Surgery and Drugs Over Diet?,0.95,0.9999,0.9579
7,E,Noise,50,Breast Cancer Cells Feed on Cholesterol,0.98,0.9881,0.9541
7,E,Noise,50,Using Diet to Treat Asthma and Eczema,1.0,1.0,0.9673
7,E,Noise,50,Treating Asthma With Plants vs. Pills,1.0,1.0,0.9641
7,E,Noise,50,How Fruits and Vegetables Can Treat Asthma,1.0,1.0,0.9673
7,E,Noise,50,How Fruits and Vegetables Can Prevent Asthma,1.0,1.0,0.9576
7,E,Noise,50,Our Tax Dollars Subsidize Unhealthy Foods,0.96,0.9762,0.9592
7,E,Noise,50,Reducing Arsenic in Chicken and Rice,1.0,1.0,0.9788
7,E,Noise,50,How Contaminated Are Our Children?,0.98,0.9882,0.9745
7,E,Noise,50,"Blood Type Diet Perceived as ""Crass Fraud""",0.98,0.9879,0.966
7,E,Noise,50,Why Do Heart Doctors Favor Surgery and Drugs Over Diet?,0.98,0.9879,0.9728
7,E,Combined,1,Breast Cancer Cells Feed on Cholesterol,1.0,1.0,1.0
7,E,Combined,1,Using Diet to Treat Asthma and Eczema,1.0,1.0,1.0
7,E,Combined,1,Treating Asthma With Plants vs. Pills,1.0,1.0,1.0
7,E,Combined,1,How Fruits and Vegetables Can Treat Asthma,1.0,1.0,1.0
7,E,Combined,1,How Fruits and Vegetables Can Prevent Asthma,0.0,0.9975,1.0
7,E,Combined,1,Our Tax Dollars Subsidize Unhealthy Foods,1.0,1.0,1.0
7,E,Combined,1,Reducing Arsenic in Chicken and Rice,1.0,1.0,1.0
7,E,Combined,1,How Contaminated Are Our Children?,1.0,1.0,1.0
7,E,Combined,1,"Blood Type Diet Perceived as ""Crass Fraud""",1.0,1.0,1.0
7,E,Combined,1,Why Do Heart Doctors Favor Surgery and Drugs Over Diet?,1.0,1.0,1.0
7,E,Combined,5,Breast Cancer Cells Feed on Cholesterol,1.0,1.0,1.0
7,E,Combined,5,Using Diet to Treat Asthma and Eczema,1.0,1.0,1.0
7,E,Combined,5,Treating Asthma With Plants vs. Pills,1.0,1.0,0.8
7,E,Combined,5,How Fruits and Vegetables Can Treat Asthma,1.0,1.0,1.0
7,E,Combined,5,How Fruits and Vegetables Can Prevent Asthma,1.0,0.9997,0.8
7,E,Combined,5,Our Tax Dollars Subsidize Unhealthy Foods,0.8,0.9993,1.0
7,E,Combined,5,Reducing Arsenic in Chicken and Rice,1.0,1.0,1.0
7,E,Combined,5,How Contaminated Are Our Children?,1.0,1.0,1.0
7,E,Combined,5,"Blood Type Diet Perceived as ""Crass Fraud""",1.0,1.0,1.0
7,E,Combined,5,Why Do Heart Doctors Favor Surgery and Drugs Over Diet?,1.0,1.0,0.8
7,E,Combined,10,Breast Cancer Cells Feed on Cholesterol,1.0,1.0,1.0
7,E,Combined,10,Using Diet to Treat Asthma and Eczema,1.0,1.0,0.9556
7,E,Combined,10,Treating Asthma With Plants vs. Pills,1.0,1.0,0.9556
7,E,Combined,10,How Fruits and Vegetables Can Treat Asthma,1.0,1.0,1.0
7,E,Combined,10,How Fruits and Vegetables Can Prevent Asthma,0.9,0.999,0.9556
7,E,Combined,10,Our Tax Dollars Subsidize Unhealthy Foods,1.0,1.0,0.9111
7,E,Combined,10,Reducing Arsenic in Chicken and Rice,1.0,1.0,0.9556
7,E,Combined,10,How Contaminated Are Our Children?,1.0,1.0,0.9556
7,E,Combined,10,"Blood Type Diet Perceived as ""Crass Fraud""",1.0,1.0,0.9111
7,E,Combined,10,Why Do Heart Doctors Favor Surgery and Drugs Over Diet?,1.0,1.0,0.9556
7,E,Combined,20,Breast Cancer Cells Feed on Cholesterol,0.95,0.9999,0.9789
7,E,Combined,20,Using Diet to Treat Asthma and Eczema,1.0,1.0,0.9684
7,E,Combined,20,Treating Asthma With Plants vs. Pills,1.0,1.0,0.9368
7,E,Combined,20,How Fruits and Vegetables Can Treat Asthma,1.0,1.0,0.9789
7,E,Combined,20,How Fruits and Vegetables Can Prevent Asthma,0.95,0.9997,0.9474
7,E,Combined,20,Our Tax Dollars Subsidize Unhealthy Foods,1.0,1.0,0.9368
7,E,Combined,20,Reducing Arsenic in Chicken and Rice,1.0,1.0,0.9684
7,E,Combined,20,How Contaminated Are Our Children?,0.95,0.9998,0.9789
7,E,Combined,20,"Blood Type Diet Perceived as ""Crass Fraud""",0.95,0.9998,0.8947
7,E,Combined,20,Why Do Heart Doctors Favor Surgery and Drugs Over Diet?,0.95,0.9999,0.9474
7,E,Combined,50,Breast Cancer Cells Feed on Cholesterol,0.98,0.988,0.9626
7,E,Combined,50,Using Diet to Treat Asthma and Eczema,1.0,1.0,0.9755
7,E,Combined,50,Treating Asthma With Plants vs. Pills,1.0,1.0,0.9673
7,E,Combined,50,How Fruits and Vegetables Can Treat Asthma,0.98,0.9883,0.9643
7,E,Combined,50,How Fruits and Vegetables Can Prevent Asthma,1.0,0.9999,0.9265
7,E,Combined,50,Our Tax Dollars Subsidize Unhealthy Foods,0.96,0.9764,0.9734
7,E,Combined,50,Reducing Arsenic in Chicken and Rice,0.96,0.9792,0.9645
7,E,Combined,50,How Contaminated Are Our Children?,1.0,1.0,0.9739
7,E,Combined,50,"Blood Type Diet Perceived as ""Crass Fraud""",0.98,0.9877,0.9575
7,E,Combined,50,Why Do Heart Doctors Favor Surgery and Drugs Over Diet?,0.96,0.9756,0.9663
7,E,Rome,1,Breast Cancer Cells Feed on Cholesterol,1.0,1.0,1.0
7,E,Rome,1,Using Diet to Treat Asthma and Eczema,1.0,1.0,1.0
7,E,Rome,1,Treating Asthma With Plants vs. Pills,1.0,1.0,1.0
7,E,Rome,1,How Fruits and Vegetables Can Treat Asthma,1.0,1.0,1.0
7,E,Rome,1,How Fruits and Vegetables Can Prevent Asthma,1.0,1.0,1.0
7,E,Rome,1,Our Tax Dollars Subsidize Unhealthy Foods,1.0,1.0,1.0
7,E,Rome,1,Reducing Arsenic in Chicken and Rice,1.0,1.0,1.0
7,E,Rome,1,How Contaminated Are Our Children?,1.0,1.0,1.0
7,E,Rome,1,"Blood Type Diet Perceived as ""Crass Fraud""",1.0,1.0,1.0
7,E,Rome,1,Why Do Heart Doctors Favor Surgery and Drugs Over Diet?,1.0,1.0,1.0
7,E,Rome,5,Breast Cancer Cells Feed on Cholesterol,1.0,1.0,1.0
7,E,Rome,5,Using Diet to Treat Asthma and Eczema,1.0,1.0,1.0
7,E,Rome,5,Treating Asthma With Plants vs. Pills,1.0,1.0,1.0
7,E,Rome,5,How Fruits and Vegetables Can Treat Asthma,1.0,1.0,1.0
7,E,Rome,5,How Fruits and Vegetables Can Prevent Asthma,1.0,1.0,1.0
7,E,Rome,5,Our Tax Dollars Subsidize Unhealthy Foods,1.0,1.0,1.0
7,E,Rome,5,Reducing Arsenic in Chicken and Rice,1.0,1.0,1.0
7,E,Rome,5,How Contaminated Are Our Children?,1.0,1.0,1.0
7,E,Rome,5,"Blood Type Diet Perceived as ""Crass Fraud""",1.0,1.0,1.0
7,E,Rome,5,Why Do Heart Doctors Favor Surgery and Drugs Over Diet?,1.0,1.0,0.8
7,E,Rome,10,Breast Cancer Cells Feed on Cholesterol,1.0,1.0,1.0
7,E,Rome,10,Using Diet to Treat Asthma and Eczema,1.0,1.0,1.0
7,E,Rome,10,Treating Asthma With Plants vs. Pills,1.0,1.0,1.0
7,E,Rome,10,How Fruits and Vegetables Can Treat Asthma,1.0,1.0,1.0
7,E,Rome,10,How Fruits and Vegetables Can Prevent Asthma,1.0,1.0,1.0
7,E,Rome,10,Our Tax Dollars Subsidize Unhealthy Foods,1.0,1.0,1.0
7,E,Rome,10,Reducing Arsenic in Chicken and Rice,1.0,1.0,1.0
7,E,Rome,10,How Contaminated Are Our Children?,1.0,1.0,1.0
7,E,Rome,10,"Blood Type Diet Perceived as ""Crass Fraud""",1.0,1.0,1.0
7,E,Rome,10,Why Do Heart Doctors Favor Surgery and Drugs Over Diet?,1.0,1.0,0.9556
7,E,Rome,20,Breast Cancer Cells Feed on Cholesterol,1.0,1.0,1.0
7,E,Rome,20,Using Diet to Treat Asthma and Eczema,1.0,1.0,1.0
7,E,Rome,20,Treating Asthma With Plants vs. Pills,1.0,1.0,1.0
7,E,Rome,20,How Fruits and Vegetables Can Treat Asthma,1.0,1.0,1.0
7,E,Rome,20,How Fruits and Vegetables Can Prevent Asthma,1.0,1.0,1.0
7,E,Rome,20,Our Tax Dollars Subsidize Unhealthy Foods,1.0,1.0,1.0
7,E,Rome,20,Reducing Arsenic in Chicken and Rice,1.0,1.0,1.0
7,E,Rome,20,How Contaminated Are Our Children?,1.0,1.0,1.0
7,E,Rome,20,"Blood Type Diet Perceived as ""Crass Fraud""",1.0,1.0,1.0
7,E,Rome,20,Why Do Heart Doctors Favor Surgery and Drugs Over Diet?,1.0,1.0,0.9895
7,E,Rome,50,Breast Cancer Cells Feed on Cholesterol,1.0,1.0,1.0
7,E,Rome,50,Using Diet to Treat Asthma and Eczema,1.0,1.0,1.0
7,E,Rome,50,Treating Asthma With Plants vs. Pills,1.0,1.0,0.9984
7,E,Rome,50,How Fruits and Vegetables Can Treat Asthma,1.0,1.0,0.9984
7,E,Rome,50,How Fruits and Vegetables Can Prevent Asthma,1.0,1.0,0.9984
7,E,Rome,50,Our Tax Dollars Subsidize Unhealthy Foods,1.0,1.0,1.0
7,E,Rome,50,Reducing Arsenic in Chicken and Rice,1.0,1.0,0.9984
7,E,Rome,50,How Contaminated Are Our Children?,1.0,1.0,1.0
7,E,Rome,50,"Blood Type Diet Perceived as ""Crass Fraud""",1.0,1.0,0.9984
7,E,Rome,50,Why Do Heart Doctors Favor Surgery and Drugs Over Diet?,1.0,1.0,0.9984
7,E,RomeCombined,1,Breast Cancer Cells Feed on Cholesterol,1.0,1.0,1.0
7,E,RomeCombined,1,Using Diet to Treat Asthma and Eczema,1.0,1.0,1.0
7,E,RomeCombined,1,Treating Asthma With Plants vs. Pills,1.0,1.0,1.0
7,E,RomeCombined,1,How Fruits and Vegetables Can Treat Asthma,1.0,1.0,1.0
7,E,RomeCombined,1,How Fruits and Vegetables Can Prevent Asthma,1.0,1.0,1.0
7,E,RomeCombined,1,Our Tax Dollars Subsidize Unhealthy Foods,1.0,1.0,1.0
7,E,RomeCombined,1,Reducing Arsenic in Chicken and Rice,1.0,1.0,1.0
7,E,RomeCombined,1,How Contaminated Are Our Children?,1.0,1.0,1.0
7,E,RomeCombined,1,"Blood Type Diet Perceived as ""Crass Fraud""",1.0,1.0,1.0
7,E,RomeCombined,1,Why Do Heart Doctors Favor Surgery and Drugs Over Diet?,1.0,1.0,1.0
7,E,RomeCombined,5,Breast Cancer Cells Feed on Cholesterol,1.0,1.0,1.0
7,E,RomeCombined,5,Using Diet to Treat Asthma and Eczema,1.0,1.0,1.0
7,E,RomeCombined,5,Treating Asthma With Plants vs. Pills,1.0,1.0,0.8
7,E,RomeCombined,5,How Fruits and Vegetables Can Treat Asthma,1.0,1.0,1.0
7,E,RomeCombined,5,How Fruits and Vegetables Can Prevent Asthma,1.0,1.0,1.0
7,E,RomeCombined,5,Our Tax Dollars Subsidize Unhealthy Foods,1.0,1.0,1.0
7,E,RomeCombined,5,Reducing Arsenic in Chicken and Rice,1.0,1.0,1.0
7,E,RomeCombined,5,How Contaminated Are Our Children?,1.0,1.0,1.0
7,E,RomeCombined,5,"Blood Type Diet Perceived as ""Crass Fraud""",1.0,1.0,1.0
7,E,RomeCombined,5,Why Do Heart Doctors Favor Surgery and Drugs Over Diet?,1.0,1.0,0.8
7,E,RomeCombined,10,Breast Cancer Cells Feed on Cholesterol,1.0,1.0,0.9556
7,E,RomeCombined,10,Using Diet to Treat Asthma and Eczema,1.0,1.0,1.0
7,E,RomeCombined,10,Treating Asthma With Plants vs. Pills,1.0,1.0,0.9556
7,E,RomeCombined,10,How Fruits and Vegetables Can Treat Asthma,0.9,0.9997,1.0
7,E,RomeCombined,10,How Fruits and Vegetables Can Prevent Asthma,1.0,1.0,1.0
7,E,RomeCombined,10,Our Tax Dollars Subsidize Unhealthy Foods,1.0,1.0,0.9556
7,E,RomeCombined,10,Reducing Arsenic in Chicken and Rice,1.0,1.0,1.0
7,E,RomeCombined,10,How Contaminated Are Our Children?,1.0,1.0,1.0
7,E,RomeCombined,10,"Blood Type Diet Perceived as ""Crass Fraud""",1.0,1.0,1.0
7,E,RomeCombined,10,Why Do Heart Doctors Favor Surgery and Drugs Over Diet?,1.0,1.0,0.9111
7,E,RomeCombined,20,Breast Cancer Cells Feed on Cholesterol,0.95,0.9998,0.9474
7,E,RomeCombined,20,Using Diet to Treat Asthma and Eczema,1.0,1.0,1.0
7,E,RomeCombined,20,Treating Asthma With Plants vs. Pills,1.0,1.0,0.9684
7,E,RomeCombined,20,How Fruits and Vegetables Can Treat Asthma,1.0,1.0,0.9789
7,E,RomeCombined,20,How Fruits and Vegetables Can Prevent Asthma,1.0,1.0,1.0
7,E,RomeCombined,20,Our Tax Dollars Subsidize Unhealthy Foods,0.95,0.9999,0.9684
7,E,RomeCombined,20,Reducing Arsenic in Chicken and Rice,1.0,1.0,0.9684
7,E,RomeCombined,20,How Contaminated Are Our Children?,1.0,1.0,0.9789
7,E,RomeCombined,20,"Blood Type Diet Perceived as ""Crass Fraud""",0.95,0.9997,0.9368
7,E,RomeCombined,20,Why Do Heart Doctors Favor Surgery and Drugs Over Diet?,1.0,1.0,0.8947
7,E,RomeCombined,50,Breast Cancer Cells Feed on Cholesterol,0.98,0.988,0.9626
7,E,RomeCombined,50,Using Diet to Treat Asthma and Eczema,1.0,1.0,0.9837
7,E,RomeCombined,50,Treating Asthma With Plants vs. Pills,1.0,1.0,0.9706
7,E,RomeCombined,50,How Fruits and Vegetables Can Treat Asthma,1.0,1.0,0.9771
7,E,RomeCombined,50,How Fruits and Vegetables Can Prevent Asthma,1.0,1.0,0.9673
7,E,RomeCombined,50,Our Tax Dollars Subsidize Unhealthy Foods,0.94,0.9647,0.9759
7,E,RomeCombined,50,Reducing Arsenic in Chicken and Rice,0.98,0.9896,0.966
7,E,RomeCombined,50,How Contaminated Are Our Children?,1.0,1.0,0.9771
7,E,RomeCombined,50,"Blood Type Diet Perceived as ""Crass Fraud""",1.0,1.0,0.9331
7,E,RomeCombined,50,Why Do Heart Doctors Favor Surgery and Drugs Over Diet?,1.0,1.0,0.9624
7,E,Romm,1,Breast Cancer Cells Feed on Cholesterol,1.0,1.0,1.0
7,E,Romm,1,Using Diet to Treat Asthma and Eczema,1.0,1.0,1.0
7,E,Romm,1,Treating Asthma With Plants vs. Pills,1.0,1.0,1.0
7,E,Romm,1,How Fruits and Vegetables Can Treat Asthma,1.0,1.0,1.0
7,E,Romm,1,How Fruits and Vegetables Can Prevent Asthma,1.0,1.0,1.0
7,E,Romm,1,Our Tax Dollars Subsidize Unhealthy Foods,1.0,1.0,1.0
7,E,Romm,1,Reducing Arsenic in Chicken and Rice,1.0,1.0,1.0
7,E,Romm,1,How Contaminated Are Our Children?,1.0,1.0,1.0
7,E,Romm,1,"Blood Type Diet Perceived as ""Crass Fraud""",1.0,1.0,1.0
7,E,Romm,1,Why Do Heart Doctors Favor Surgery and Drugs Over Diet?,1.0,1.0,1.0
7,E,Romm,5,Breast Cancer Cells Feed on Cholesterol,1.0,1.0,1.0
7,E,Romm,5,Using Diet to Treat Asthma and Eczema,1.0,1.0,1.0
7,E,Romm,5,Treating Asthma With Plants vs. Pills,1.0,1.0,1.0
7,E,Romm,5,How Fruits and Vegetables Can Treat Asthma,1.0,1.0,1.0
7,E,Romm,5,How Fruits and Vegetables Can Prevent Asthma,1.0,1.0,1.0
7,E,Romm,5,Our Tax Dollars Subsidize Unhealthy Foods,1.0,1.0,1.0
7,E,Romm,5,Reducing Arsenic in Chicken and Rice,1.0,1.0,1.0
7,E,Romm,5,How Contaminated Are Our Children?,1.0,1.0,1.0
7,E,Romm,5,"Blood Type Diet Perceived as ""Crass Fraud""",1.0,1.0,1.0
7,E,Romm,5,Why Do Heart Doctors Favor Surgery and Drugs Over Diet?,1.0,1.0,1.0
7,E,Romm,10,Breast Cancer Cells Feed on Cholesterol,1.0,1.0,1.0
7,E,Romm,10,Using Diet to Treat Asthma and Eczema,1.0,1.0,1.0
7,E,Romm,10,Treating Asthma With Plants vs. Pills,1.0,1.0,1.0
7,E,Romm,10,How Fruits and Vegetables Can Treat Asthma,1.0,1.0,1.0
7,E,Romm,10,How Fruits and Vegetables Can Prevent Asthma,1.0,1.0,1.0
7,E,Romm,10,Our Tax Dollars Subsidize Unhealthy Foods,1.0,1.0,1.0
7,E,Romm,10,Reducing Arsenic in Chicken and Rice,1.0,1.0,1.0
7,E,Romm,10,How Contaminated Are Our Children?,1.0,1.0,1.0
7,E,Romm,10,"Blood Type Diet Perceived as ""Crass Fraud""",1.0,1.0,1.0
7,E,Romm,10,Why Do Heart Doctors Favor Surgery and Drugs Over Diet?,1.0,1.0,1.0
7,E,Romm,20,Breast Cancer Cells Feed on Cholesterol,1.0,1.0,1.0
7,E,Romm,20,Using Diet to Treat Asthma and Eczema,1.0,1.0,1.0
7,E,Romm,20,Treating Asthma With Plants vs. Pills,1.0,1.0,1.0
7,E,Romm,20,How Fruits and Vegetables Can Treat Asthma,1.0,1.0,1.0
7,E,Romm,20,How Fruits and Vegetables Can Prevent Asthma,1.0,1.0,1.0
7,E,Romm,20,Our Tax Dollars Subsidize Unhealthy Foods,1.0,1.0,1.0
7,E,Romm,20,Reducing Arsenic in Chicken and Rice,1.0,1.0,1.0
7,E,Romm,20,How Contaminated Are Our Children?,1.0,1.0,1.0
7,E,Romm,20,"Blood Type Diet Perceived as ""Crass Fraud""",1.0,1.0,1.0
7,E,Romm,20,Why Do Heart Doctors Favor Surgery and Drugs Over Diet?,1.0,1.0,1.0
7,E,Romm,50,Breast Cancer Cells Feed on Cholesterol,1.0,1.0,1.0
7,E,Romm,50,Using Diet to Treat Asthma and Eczema,1.0,1.0,1.0
7,E,Romm,50,Treating Asthma With Plants vs. Pills,1.0,1.0,1.0
7,E,Romm,50,How Fruits and Vegetables Can Treat Asthma,1.0,1.0,0.9984
7,E,Romm,50,How Fruits and Vegetables Can Prevent Asthma,1.0,1.0,0.9984
7,E,Romm,50,Our Tax Dollars Subsidize Unhealthy Foods,1.0,1.0,1.0
7,E,Romm,50,Reducing Arsenic in Chicken and Rice,1.0,1.0,1.0
7,E,Romm,50,How Contaminated Are Our Children?,1.0,1.0,1.0
7,E,Romm,50,"Blood Type Diet Perceived as ""Crass Fraud""",1.0,1.0,1.0
7,E,Romm,50,Why Do Heart Doctors Favor Surgery and Drugs Over Diet?,1.0,1.0,1.0
7,E,RommCombined,1,Breast Cancer Cells Feed on Cholesterol,1.0,1.0,1.0
7,E,RommCombined,1,Using Diet to Treat Asthma and Eczema,1.0,1.0,1.0
7,E,RommCombined,1,Treating Asthma With Plants vs. Pills,1.0,1.0,1.0
7,E,RommCombined,1,How Fruits and Vegetables Can Treat Asthma,1.0,1.0,1.0
7,E,RommCombined,1,How Fruits and Vegetables Can Prevent Asthma,1.0,1.0,1.0
7,E,RommCombined,1,Our Tax Dollars Subsidize Unhealthy Foods,1.0,1.0,1.0
7,E,RommCombined,1,Reducing Arsenic in Chicken and Rice,1.0,1.0,1.0
7,E,RommCombined,1,How Contaminated Are Our Children?,1.0,1.0,1.0
7,E,RommCombined,1,"Blood Type Diet Perceived as ""Crass Fraud""",1.0,1.0,1.0
7,E,RommCombined,1,Why Do Heart Doctors Favor Surgery and Drugs Over Diet?,1.0,1.0,1.0
7,E,RommCombined,5,Breast Cancer Cells Feed on Cholesterol,1.0,1.0,1.0
7,E,RommCombined,5,Using Diet to Treat Asthma and Eczema,1.0,1.0,1.0
7,E,RommCombined,5,Treating Asthma With Plants vs. Pills,1.0,1.0,1.0
7,E,RommCombined,5,How Fruits and Vegetables Can Treat Asthma,1.0,1.0,1.0
7,E,RommCombined,5,How Fruits and Vegetables Can Prevent Asthma,1.0,1.0,0.8
7,E,RommCombined,5,Our Tax Dollars Subsidize Unhealthy Foods,1.0,1.0,1.0
7,E,RommCombined,5,Reducing Arsenic in Chicken and Rice,1.0,1.0,1.0
7,E,RommCombined,5,How Contaminated Are Our Children?,1.0,1.0,1.0
7,E,RommCombined,5,"Blood Type Diet Perceived as ""Crass Fraud""",1.0,1.0,1.0
7,E,RommCombined,5,Why Do Heart Doctors Favor Surgery and Drugs Over Diet?,1.0,1.0,1.0
7,E,RommCombined,10,Breast Cancer Cells Feed on Cholesterol,1.0,1.0,0.9556
7,E,RommCombined,10,Using Diet to Treat Asthma and Eczema,1.0,1.0,0.9556
7,E,RommCombined,10,Treating Asthma With Plants vs. Pills,1.0,1.0,1.0
7,E,RommCombined,10,How Fruits and Vegetables Can Treat Asthma,1.0,1.0,0.9556
7,E,RommCombined,10,How Fruits and Vegetables Can Prevent Asthma,1.0,1.0,0.9556
7,E,RommCombined,10,Our Tax Dollars Subsidize Unhealthy Foods,1.0,1.0,0.9556
7,E,RommCombined,10,Reducing Arsenic in Chicken and Rice,1.0,1.0,1.0
7,E,RommCombined,10,How Contaminated Are Our Children?,1.0,1.0,1.0
7,E,RommCombined,10,"Blood Type Diet Perceived as ""Crass Fraud""",1.0,1.0,0.9556
7,E,RommCombined,10,Why Do Heart Doctors Favor Surgery and Drugs Over Diet?,1.0,1.0,0.9556
7,E,RommCombined,20,Breast Cancer Cells Feed on Cholesterol,0.95,0.9999,0.9789
7,E,RommCombined,20,Using Diet to Treat Asthma and Eczema,0.95,0.9999,0.9474
7,E,RommCombined,20,Treating Asthma With Plants vs. Pills,1.0,1.0,0.9684
7,E,RommCombined,20,How Fruits and Vegetables Can Treat Asthma,1.0,1.0,0.9789
7,E,RommCombined,20,How Fruits and Vegetables Can Prevent Asthma,1.0,1.0,0.9789
7,E,RommCombined,20,Our Tax Dollars Subsidize Unhealthy Foods,0.95,0.9999,0.9368
7,E,RommCombined,20,Reducing Arsenic in Chicken and Rice,1.0,1.0,0.9789
7,E,RommCombined,20,How Contaminated Are Our Children?,1.0,1.0,0.9895
7,E,RommCombined,20,"Blood Type Diet Perceived as ""Crass Fraud""",1.0,1.0,0.9579
7,E,RommCombined,20,Why Do Heart Doctors Favor Surgery and Drugs Over Diet?,0.9,0.9998,0.9474
7,E,RommCombined,50,Breast Cancer Cells Feed on Cholesterol,0.98,0.9881,0.9558
7,E,RommCombined,50,Using Diet to Treat Asthma and Eczema,1.0,1.0,0.9706
7,E,RommCombined,50,Treating Asthma With Plants vs. Pills,0.98,0.9886,0.9728
7,E,RommCombined,50,How Fruits and Vegetables Can Treat Asthma,0.98,0.9883,0.9643
7,E,RommCombined,50,How Fruits and Vegetables Can Prevent Asthma,1.0,1.0,0.9298
7,E,RommCombined,50,Our Tax Dollars Subsidize Unhealthy Foods,0.96,0.9765,0.9645
7,E,RommCombined,50,Reducing Arsenic in Chicken and Rice,0.98,0.9897,0.9796
7,E,RommCombined,50,How Contaminated Are Our Children?,0.98,0.9883,0.9864
7,E,RommCombined,50,"Blood Type Diet Perceived as ""Crass Fraud""",1.0,1.0,0.9641
7,E,RommCombined,50,Why Do Heart Doctors Favor Surgery and Drugs Over Diet?,0.98,0.9879,0.9643
7,E,Diehard,1,Breast Cancer Cells Feed on Cholesterol,1.0,1.0,1.0
7,E,Diehard,1,Using Diet to Treat Asthma and Eczema,1.0,1.0,1.0
7,E,Diehard,1,Treating Asthma With Plants vs. Pills,1.0,1.0,1.0
7,E,Diehard,1,How Fruits and Vegetables Can Treat Asthma,1.0,1.0,1.0
7,E,Diehard,1,How Fruits and Vegetables Can Prevent Asthma,1.0,1.0,1.0
7,E,Diehard,1,Our Tax Dollars Subsidize Unhealthy Foods,1.0,1.0,1.0
7,E,Diehard,1,Reducing Arsenic in Chicken and Rice,1.0,1.0,1.0
7,E,Diehard,1,How Contaminated Are Our Children?,1.0,1.0,1.0
7,E,Diehard,1,"Blood Type Diet Perceived as ""Crass Fraud""",1.0,1.0,1.0
7,E,Diehard,1,Why Do Heart Doctors Favor Surgery and Drugs Over Diet?,1.0,1.0,1.0
7,E,Diehard,5,Breast Cancer Cells Feed on Cholesterol,1.0,1.0,1.0
7,E,Diehard,5,Using Diet to Treat Asthma and Eczema,1.0,1.0,1.0
7,E,Diehard,5,Treating Asthma With Plants vs. Pills,1.0,1.0,1.0
7,E,Diehard,5,How Fruits and Vegetables Can Treat Asthma,1.0,1.0,1.0
7,E,Diehard,5,How Fruits and Vegetables Can Prevent Asthma,1.0,1.0,1.0
7,E,Diehard,5,Our Tax Dollars Subsidize Unhealthy Foods,1.0,1.0,1.0
7,E,Diehard,5,Reducing Arsenic in Chicken and Rice,1.0,1.0,1.0
7,E,Diehard,5,How Contaminated Are Our Children?,1.0,1.0,1.0
7,E,Diehard,5,"Blood Type Diet Perceived as ""Crass Fraud""",1.0,1.0,1.0
7,E,Diehard,5,Why Do Heart Doctors Favor Surgery and Drugs Over Diet?,1.0,1.0,0.8
7,E,Diehard,10,Breast Cancer Cells Feed on Cholesterol,1.0,1.0,1.0
7,E,Diehard,10,Using Diet to Treat Asthma and Eczema,1.0,1.0,1.0
7,E,Diehard,10,Treating Asthma With Plants vs. Pills,1.0,1.0,1.0
7,E,Diehard,10,How Fruits and Vegetables Can Treat Asthma,1.0,1.0,1.0
7,E,Diehard,10,How Fruits and Vegetables Can Prevent Asthma,1.0,1.0,1.0
7,E,Diehard,10,Our Tax Dollars Subsidize Unhealthy Foods,1.0,1.0,1.0
7,E,Diehard,10,Reducing Arsenic in Chicken and Rice,1.0,1.0,1.0
7,E,Diehard,10,How Contaminated Are Our Children?,1.0,1.0,1.0
7,E,Diehard,10,"Blood Type Diet Perceived as ""Crass Fraud""",1.0,1.0,1.0
7,E,Diehard,10,Why Do Heart Doctors Favor Surgery and Drugs Over Diet?,1.0,1.0,0.9556
7,E,Diehard,20,Breast Cancer Cells Feed on Cholesterol,1.0,1.0,1.0
7,E,Diehard,20,Using Diet to Treat Asthma and Eczema,1.0,1.0,1.0
7,E,Diehard,20,Treating Asthma With Plants vs. Pills,1.0,1.0,1.0
7,E,Diehard,20,How Fruits and Vegetables Can Treat Asthma,1.0,1.0,1.0
7,E,Diehard,20,How Fruits and Vegetables Can Prevent Asthma,1.0,1.0,1.0
7,E,Diehard,20,Our Tax Dollars Subsidize Unhealthy Foods,1.0,1.0,1.0
7,E,Diehard,20,Reducing Arsenic in Chicken and Rice,1.0,1.0,1.0
7,E,Diehard,20,How Contaminated Are Our Children?,1.0,1.0,1.0
7,E,Diehard,20,"Blood Type Diet Perceived as ""Crass Fraud""",1.0,1.0,1.0
7,E,Diehard,20,Why Do Heart Doctors Favor Surgery and Drugs Over Diet?,1.0,1.0,0.9895
7,E,Diehard,50,Breast Cancer Cells Feed on Cholesterol,1.0,1.0,1.0
7,E,Diehard,50,Using Diet to Treat Asthma and Eczema,1.0,1.0,1.0
7,E,Diehard,50,Treating Asthma With Plants vs. Pills,1.0,1.0,0.9984
7,E,Diehard,50,How Fruits and Vegetables Can Treat Asthma,1.0,1.0,1.0
7,E,Diehard,50,How Fruits and Vegetables Can Prevent Asthma,1.0,1.0,1.0
7,E,Diehard,50,Our Tax Dollars Subsidize Unhealthy Foods,1.0,1.0,1.0
7,E,Diehard,50,Reducing Arsenic in Chicken and Rice,1.0,1.0,1.0
7,E,Diehard,50,How Contaminated Are Our Children?,1.0,1.0,1.0
7,E,Diehard,50,"Blood Type Diet Perceived as ""Crass Fraud""",1.0,1.0,0.9984
7,E,Diehard,50,Why Do Heart Doctors Favor Surgery and Drugs Over Diet?,1.0,1.0,0.9984
7,E,DiehardCombined,1,Breast Cancer Cells Feed on Cholesterol,0.0,0.9194,1.0
7,E,DiehardCombined,1,Using Diet to Treat Asthma and Eczema,0.0,0.896,1.0
7,E,DiehardCombined,1,Treating Asthma With Plants vs. Pills,1.0,1.0,1.0
7,E,DiehardCombined,1,How Fruits and Vegetables Can Treat Asthma,1.0,1.0,1.0
7,E,DiehardCombined,1,How Fruits and Vegetables Can Prevent Asthma,0.0,0.9975,1.0
7,E,DiehardCombined,1,Our Tax Dollars Subsidize Unhealthy Foods,1.0,1.0,1.0
7,E,DiehardCombined,1,Reducing Arsenic in Chicken and Rice,0.0,0.9921,1.0
7,E,DiehardCombined,1,How Contaminated Are Our Children?,1.0,1.0,1.0
7,E,DiehardCombined,1,"Blood Type Diet Perceived as ""Crass Fraud""",1.0,1.0,1.0
7,E,DiehardCombined,1,Why Do Heart Doctors Favor Surgery and Drugs Over Diet?,1.0,1.0,1.0
7,E,DiehardCombined,5,Breast Cancer Cells Feed on Cholesterol,0.8,0.9863,0.4
7,E,DiehardCombined,5,Using Diet to Treat Asthma and Eczema,0.6,0.9634,0.8
7,E,DiehardCombined,5,Treating Asthma With Plants vs. Pills,0.8,0.9845,0.4
7,E,DiehardCombined,5,How Fruits and Vegetables Can Treat Asthma,0.8,0.9938,0.8
7,E,DiehardCombined,5,How Fruits and Vegetables Can Prevent Asthma,0.6,0.9842,0.6
7,E,DiehardCombined,5,Our Tax Dollars Subsidize Unhealthy Foods,0.8,0.9962,0.8
7,E,DiehardCombined,5,Reducing Arsenic in Chicken and Rice,1.0,0.999,0.8
7,E,DiehardCombined,5,How Contaminated Are Our Children?,0.8,0.9901,0.6
7,E,DiehardCombined,5,"Blood Type Diet Perceived as ""Crass Fraud""",0.8,0.9802,0.6
7,E,DiehardCombined,5,Why Do Heart Doctors Favor Surgery and Drugs Over Diet?,0.8,0.9907,0.4
7,E,DiehardCombined,10,Breast Cancer Cells Feed on Cholesterol,0.9,0.9911,0.7778
7,E,DiehardCombined,10,Using Diet to Treat Asthma and Eczema,0.6,0.9757,0.4222
7,E,DiehardCombined,10,Treating Asthma With Plants vs. Pills,1.0,0.9959,0.5111
7,E,DiehardCombined,10,How Fruits and Vegetables Can Treat Asthma,0.8,0.9923,0.6889
7,E,DiehardCombined,10,How Fruits and Vegetables Can Prevent Asthma,0.7,0.9868,0.6
7,E,DiehardCombined,10,Our Tax Dollars Subsidize Unhealthy Foods,0.8,0.9959,0.7333
7,E,DiehardCombined,10,Reducing Arsenic in Chicken and Rice,0.8,0.991,0.9111
7,E,DiehardCombined,10,How Contaminated Are Our Children?,0.6,0.9758,0.6444
7,E,DiehardCombined,10,"Blood Type Diet Perceived as ""Crass Fraud""",0.6,0.9854,0.4222
7,E,DiehardCombined,10,Why Do Heart Doctors Favor Surgery and Drugs Over Diet?,0.6,0.9841,0.6889
7,E,DiehardCombined,20,Breast Cancer Cells Feed on Cholesterol,0.7,0.9847,0.7263
7,E,DiehardCombined,20,Using Diet to Treat Asthma and Eczema,0.9,0.9848,0.5368
7,E,DiehardCombined,20,Treating Asthma With Plants vs. Pills,0.85,0.992,0.6947
7,E,DiehardCombined,20,How Fruits and Vegetables Can Treat Asthma,0.9,0.9944,0.6316
7,E,DiehardCombined,20,How Fruits and Vegetables Can Prevent Asthma,0.9,0.9941,0.6421
7,E,DiehardCombined,20,Our Tax Dollars Subsidize Unhealthy Foods,0.75,0.9934,0.5474
7,E,DiehardCombined,20,Reducing Arsenic in Chicken and Rice,0.8,0.9921,0.7684
7,E,DiehardCombined,20,How Contaminated Are Our Children?,0.85,0.9892,0.3789
7,E,DiehardCombined,20,"Blood Type Diet Perceived as ""Crass Fraud""",0.65,0.9551,0.3567
7,E,DiehardCombined,20,Why Do Heart Doctors Favor Surgery and Drugs Over Diet?,0.75,0.9868,0.4632
7,E,DiehardCombined,50,Breast Cancer Cells Feed on Cholesterol,0.8,0.8606,0.5385
7,E,DiehardCombined,50,Using Diet to Treat Asthma and Eczema,0.82,0.8878,0.7171
7,E,DiehardCombined,50,Treating Asthma With Plants vs. Pills,0.88,0.9225,0.6512
7,E,DiehardCombined,50,How Fruits and Vegetables Can Treat Asthma,0.88,0.9234,0.649
7,E,DiehardCombined,50,How Fruits and Vegetables Can Prevent Asthma,0.9,0.9357,0.6303
7,E,DiehardCombined,50,Our Tax Dollars Subsidize Unhealthy Foods,0.82,0.8845,0.6707
7,E,DiehardCombined,50,Reducing Arsenic in Chicken and Rice,0.76,0.8629,0.5676
7,E,DiehardCombined,50,How Contaminated Are Our Children?,0.82,0.8815,0.6244
7,E,DiehardCombined,50,"Blood Type Diet Perceived as ""Crass Fraud""",0.78,0.8476,0.3873
7,E,DiehardCombined,50,Why Do Heart Doctors Favor Surgery and Drugs Over Diet?,0.84,0.8919,0.5935
7,E,Ckks,1,Breast Cancer Cells Feed on Cholesterol,1.0,1.0,1.0
7,E,Ckks,1,Using Diet to Treat Asthma and Eczema,1.0,1.0,1.0
7,E,Ckks,1,Treating Asthma With Plants vs. Pills,1.0,1.0,1.0
7,E,Ckks,1,How Fruits and Vegetables Can Treat Asthma,1.0,1.0,1.0
7,E,Ckks,1,How Fruits and Vegetables Can Prevent Asthma,1.0,1.0,1.0
7,E,Ckks,1,Our Tax Dollars Subsidize Unhealthy Foods,1.0,1.0,1.0
7,E,Ckks,1,Reducing Arsenic in Chicken and Rice,1.0,1.0,1.0
7,E,Ckks,1,How Contaminated Are Our Children?,1.0,1.0,1.0
7,E,Ckks,1,"Blood Type Diet Perceived as ""Crass Fraud""",1.0,1.0,1.0
7,E,Ckks,1,Why Do Heart Doctors Favor Surgery and Drugs Over Diet?,1.0,1.0,1.0
7,E,Ckks,5,Breast Cancer Cells Feed on Cholesterol,1.0,1.0,1.0
7,E,Ckks,5,Using Diet to Treat Asthma and Eczema,1.0,1.0,1.0
7,E,Ckks,5,Treating Asthma With Plants vs. Pills,1.0,1.0,1.0
7,E,Ckks,5,How Fruits and Vegetables Can Treat Asthma,1.0,1.0,1.0
7,E,Ckks,5,How Fruits and Vegetables Can Prevent Asthma,1.0,1.0,1.0
7,E,Ckks,5,Our Tax Dollars Subsidize Unhealthy Foods,1.0,1.0,1.0
7,E,Ckks,5,Reducing Arsenic in Chicken and Rice,1.0,1.0,1.0
7,E,Ckks,5,How Contaminated Are Our Children?,1.0,1.0,1.0
7,E,Ckks,5,"Blood Type Diet Perceived as ""Crass Fraud""",1.0,1.0,1.0
7,E,Ckks,5,Why Do Heart Doctors Favor Surgery and Drugs Over Diet?,1.0,1.0,0.8
7,E,Ckks,10,Breast Cancer Cells Feed on Cholesterol,1.0,1.0,1.0
7,E,Ckks,10,Using Diet to Treat Asthma and Eczema,1.0,1.0,1.0
7,E,Ckks,10,Treating Asthma With Plants vs. Pills,1.0,1.0,1.0
7,E,Ckks,10,How Fruits and Vegetables Can Treat Asthma,1.0,1.0,1.0
7,E,Ckks,10,How Fruits and Vegetables Can Prevent Asthma,1.0,1.0,1.0
7,E,Ckks,10,Our Tax Dollars Subsidize Unhealthy Foods,1.0,1.0,1.0
7,E,Ckks,10,Reducing Arsenic in Chicken and Rice,1.0,1.0,1.0
7,E,Ckks,10,How Contaminated Are Our Children?,1.0,1.0,1.0
7,E,Ckks,10,"Blood Type Diet Perceived as ""Crass Fraud""",1.0,1.0,1.0
7,E,Ckks,10,Why Do Heart Doctors Favor Surgery and Drugs Over Diet?,1.0,1.0,0.9556
7,E,Ckks,20,Breast Cancer Cells Feed on Cholesterol,1.0,1.0,1.0
7,E,Ckks,20,Using Diet to Treat Asthma and Eczema,1.0,1.0,1.0
7,E,Ckks,20,Treating Asthma With Plants vs. Pills,1.0,1.0,1.0
7,E,Ckks,20,How Fruits and Vegetables Can Treat Asthma,1.0,1.0,1.0
7,E,Ckks,20,How Fruits and Vegetables Can Prevent Asthma,1.0,1.0,1.0
7,E,Ckks,20,Our Tax Dollars Subsidize Unhealthy Foods,1.0,1.0,1.0
7,E,Ckks,20,Reducing Arsenic in Chicken and Rice,1.0,1.0,1.0
7,E,Ckks,20,How Contaminated Are Our Children?,1.0,1.0,1.0
7,E,Ckks,20,"Blood Type Diet Perceived as ""Crass Fraud""",1.0,1.0,1.0
7,E,Ckks,20,Why Do Heart Doctors Favor Surgery and Drugs Over Diet?,1.0,1.0,0.9789
7,E,Ckks,50,Breast Cancer Cells Feed on Cholesterol,1.0,1.0,1.0
7,E,Ckks,50,Using Diet to Treat Asthma and Eczema,1.0,1.0,1.0
7,E,Ckks,50,Treating Asthma With Plants vs. Pills,1.0,1.0,0.9984
7,E,Ckks,50,How Fruits and Vegetables Can Treat Asthma,1.0,1.0,0.9967
7,E,Ckks,50,How Fruits and Vegetables Can Prevent Asthma,1.0,1.0,0.9967
7,E,Ckks,50,Our Tax Dollars Subsidize Unhealthy Foods,1.0,1.0,1.0
7,E,Ckks,50,Reducing Arsenic in Chicken and Rice,1.0,1.0,0.9984
7,E,Ckks,50,How Contaminated Are Our Children?,1.0,1.0,1.0
7,E,Ckks,50,"Blood Type Diet Perceived as ""Crass Fraud""",1.0,1.0,0.9984
7,E,Ckks,50,Why Do Heart Doctors Favor Surgery and Drugs Over Diet?,1.0,1.0,0.9967
7,E,CkksCombined,1,Breast Cancer Cells Feed on Cholesterol,1.0,1.0,1.0
7,E,CkksCombined,1,Using Diet to Treat Asthma and Eczema,1.0,1.0,1.0
7,E,CkksCombined,1,Treating Asthma With Plants vs. Pills,1.0,1.0,1.0
7,E,CkksCombined,1,How Fruits and Vegetables Can Treat Asthma,1.0,1.0,1.0
7,E,CkksCombined,1,How Fruits and Vegetables Can Prevent Asthma,1.0,1.0,1.0
7,E,CkksCombined,1,Our Tax Dollars Subsidize Unhealthy Foods,1.0,1.0,1.0
7,E,CkksCombined,1,Reducing Arsenic in Chicken and Rice,1.0,1.0,1.0
7,E,CkksCombined,1,How Contaminated Are Our Children?,1.0,1.0,1.0
7,E,CkksCombined,1,"Blood Type Diet Perceived as ""Crass Fraud""",1.0,1.0,1.0
7,E,CkksCombined,1,Why Do Heart Doctors Favor Surgery and Drugs Over Diet?,1.0,1.0,1.0
7,E,CkksCombined,5,Breast Cancer Cells Feed on Cholesterol,1.0,1.0,1.0
7,E,CkksCombined,5,Using Diet to Treat Asthma and Eczema,1.0,1.0,1.0
7,E,CkksCombined,5,Treating Asthma With Plants vs. Pills,1.0,1.0,0.8
7,E,CkksCombined,5,How Fruits and Vegetables Can Treat Asthma,1.0,1.0,1.0
7,E,CkksCombined,5,How Fruits and Vegetables Can Prevent Asthma,1.0,1.0,0.8
7,E,CkksCombined,5,Our Tax Dollars Subsidize Unhealthy Foods,1.0,1.0,1.0
7,E,CkksCombined,5,Reducing Arsenic in Chicken and Rice,1.0,1.0,1.0
7,E,CkksCombined,5,How Contaminated Are Our Children?,1.0,1.0,1.0
7,E,CkksCombined,5,"Blood Type Diet Perceived as ""Crass Fraud""",1.0,1.0,1.0
7,E,CkksCombined,5,Why Do Heart Doctors Favor Surgery and Drugs Over Diet?,1.0,1.0,1.0
7,E,CkksCombined,10,Breast Cancer Cells Feed on Cholesterol,1.0,1.0,1.0
7,E,CkksCombined,10,Using Diet to Treat Asthma and Eczema,1.0,1.0,1.0
7,E,CkksCombined,10,Treating Asthma With Plants vs. Pills,1.0,1.0,0.9556
7,E,CkksCombined,10,How Fruits and Vegetables Can Treat Asthma,0.9,0.9997,1.0
7,E,CkksCombined,10,How Fruits and Vegetables Can Prevent Asthma,1.0,1.0,0.9556
7,E,CkksCombined,10,Our Tax Dollars Subsidize Unhealthy Foods,0.9,0.9996,0.9556
7,E,CkksCombined,10,Reducing Arsenic in Chicken and Rice,1.0,1.0,1.0
7,E,CkksCombined,10,How Contaminated Are Our Children?,1.0,1.0,1.0
7,E,CkksCombined,10,"Blood Type Diet Perceived as ""Crass Fraud""",1.0,1.0,0.9111
7,E,CkksCombined,10,Why Do Heart Doctors Favor Surgery and Drugs Over Diet?,1.0,1.0,0.9111
7,E,CkksCombined,20,Breast Cancer Cells Feed on Cholesterol,1.0,1.0,0.9684
7,E,CkksCombined,20,Using Diet to Treat Asthma and Eczema,1.0,1.0,1.0
7,E,CkksCombined,20,Treating Asthma With Plants vs. Pills,1.0,1.0,0.9684
7,E,CkksCombined,20,How Fruits and Vegetables Can Treat Asthma,1.0,1.0,0.9895
7,E,CkksCombined,20,How Fruits and Vegetables Can Prevent Asthma,1.0,1.0,0.9789
7,E,CkksCombined,20,Our Tax Dollars Subsidize Unhealthy Foods,1.0,1.0,0.9579
7,E,CkksCombined,20,Reducing Arsenic in Chicken and Rice,1.0,1.0,1.0
7,E,CkksCombined,20,How Contaminated Are Our Children?,1.0,1.0,0.9789
7,E,CkksCombined,20,"Blood Type Diet Perceived as ""Crass Fraud""",1.0,1.0,0.8737
7,E,CkksCombined,20,Why Do Heart Doctors Favor Surgery and Drugs Over Diet?,0.9,0.9998,0.9263
7,E,CkksCombined,50,Breast Cancer Cells Feed on Cholesterol,0.98,0.988,0.9609
7,E,CkksCombined,50,Using Diet to Treat Asthma and Eczema,0.98,0.9891,0.9847
7,E,CkksCombined,50,Treating Asthma With Plants vs. Pills,0.98,0.9886,0.9745
7,E,CkksCombined,50,How Fruits and Vegetables Can Treat Asthma,0.98,0.9883,0.966
7,E,CkksCombined,50,How Fruits and Vegetables Can Prevent Asthma,1.0,1.0,0.9592
7,E,CkksCombined,50,Our Tax Dollars Subsidize Unhealthy Foods,0.98,0.9883,0.9745
7,E,CkksCombined,50,Reducing Arsenic in Chicken and Rice,0.98,0.9897,0.9796
7,E,CkksCombined,50,How Contaminated Are Our Children?,1.0,1.0,0.9739
7,E,CkksCombined,50,"Blood Type Diet Perceived as ""Crass Fraud""",0.98,0.9875,0.9507
7,E,CkksCombined,50,Why Do Heart Doctors Favor Surgery and Drugs Over Diet?,0.98,0.9878,0.9592
8,E,Scrambling,1,Breast Cancer Cells Feed on Cholesterol,1.0,1.0,1.0
8,E,Scrambling,1,Using Diet to Treat Asthma and Eczema,1.0,1.0,1.0
8,E,Scrambling,1,Treating Asthma With Plants vs. Pills,1.0,1.0,1.0
8,E,Scrambling,1,How Fruits and Vegetables Can Treat Asthma,1.0,1.0,1.0
8,E,Scrambling,1,How Fruits and Vegetables Can Prevent Asthma,1.0,1.0,1.0
8,E,Scrambling,1,Our Tax Dollars Subsidize Unhealthy Foods,1.0,1.0,1.0
8,E,Scrambling,1,Reducing Arsenic in Chicken and Rice,1.0,1.0,1.0
8,E,Scrambling,1,How Contaminated Are Our Children?,1.0,1.0,1.0
8,E,Scrambling,1,"Blood Type Diet Perceived as ""Crass Fraud""",1.0,1.0,1.0
8,E,Scrambling,1,Why Do Heart Doctors Favor Surgery and Drugs Over Diet?,1.0,1.0,1.0
8,E,Scrambling,5,Breast Cancer Cells Feed on Cholesterol,1.0,1.0,1.0
8,E,Scrambling,5,Using Diet to Treat Asthma and Eczema,1.0,1.0,1.0
8,E,Scrambling,5,Treating Asthma With Plants vs. Pills,1.0,1.0,1.0
8,E,Scrambling,5,How Fruits and Vegetables Can Treat Asthma,1.0,1.0,1.0
8,E,Scrambling,5,How Fruits and Vegetables Can Prevent Asthma,1.0,1.0,1.0
8,E,Scrambling,5,Our Tax Dollars Subsidize Unhealthy Foods,1.0,1.0,1.0
8,E,Scrambling,5,Reducing Arsenic in Chicken and Rice,1.0,1.0,1.0
8,E,Scrambling,5,How Contaminated Are Our Children?,1.0,1.0,1.0
8,E,Scrambling,5,"Blood Type Diet Perceived as ""Crass Fraud""",1.0,1.0,1.0
8,E,Scrambling,5,Why Do Heart Doctors Favor Surgery and Drugs Over Diet?,1.0,1.0,0.8
8,E,Scrambling,10,Breast Cancer Cells Feed on Cholesterol,1.0,1.0,1.0
8,E,Scrambling,10,Using Diet to Treat Asthma and Eczema,1.0,1.0,1.0
8,E,Scrambling,10,Treating Asthma With Plants vs. Pills,1.0,1.0,1.0
8,E,Scrambling,10,How Fruits and Vegetables Can Treat Asthma,1.0,1.0,1.0
8,E,Scrambling,10,How Fruits and Vegetables Can Prevent Asthma,1.0,1.0,1.0
8,E,Scrambling,10,Our Tax Dollars Subsidize Unhealthy Foods,1.0,1.0,1.0
8,E,Scrambling,10,Reducing Arsenic in Chicken and Rice,1.0,1.0,1.0
8,E,Scrambling,10,How Contaminated Are Our Children?,1.0,1.0,1.0
8,E,Scrambling,10,"Blood Type Diet Perceived as ""Crass Fraud""",1.0,1.0,1.0
8,E,Scrambling,10,Why Do Heart Doctors Favor Surgery and Drugs Over Diet?,1.0,1.0,0.9556
8,E,Scrambling,20,Breast Cancer Cells Feed on Cholesterol,1.0,1.0,1.0
8,E,Scrambling,20,Using Diet to Treat Asthma and Eczema,1.0,1.0,1.0
8,E,Scrambling,20,Treating Asthma With Plants vs. Pills,1.0,1.0,1.0
8,E,Scrambling,20,How Fruits and Vegetables Can Treat Asthma,1.0,1.0,1.0
8,E,Scrambling,20,How Fruits and Vegetables Can Prevent Asthma,1.0,1.0,1.0
8,E,Scrambling,20,Our Tax Dollars Subsidize Unhealthy Foods,1.0,1.0,1.0
8,E,Scrambling,20,Reducing Arsenic in Chicken and Rice,1.0,1.0,1.0
8,E,Scrambling,20,How Contaminated Are Our Children?,1.0,1.0,1.0
8,E,Scrambling,20,"Blood Type Diet Perceived as ""Crass Fraud""",1.0,1.0,1.0
8,E,Scrambling,20,Why Do Heart Doctors Favor Surgery and Drugs Over Diet?,1.0,1.0,0.9895
8,E,Scrambling,50,Breast Cancer Cells Feed on Cholesterol,1.0,1.0,0.9984
8,E,Scrambling,50,Using Diet to Treat Asthma and Eczema,1.0,1.0,1.0
8,E,Scrambling,50,Treating Asthma With Plants vs. Pills,1.0,1.0,0.9984
8,E,Scrambling,50,How Fruits and Vegetables Can Treat Asthma,1.0,1.0,1.0
8,E,Scrambling,50,How Fruits and Vegetables Can Prevent Asthma,1.0,1.0,1.0
8,E,Scrambling,50,Our Tax Dollars Subsidize Unhealthy Foods,1.0,1.0,1.0
8,E,Scrambling,50,Reducing Arsenic in Chicken and Rice,1.0,1.0,1.0
8,E,Scrambling,50,How Contaminated Are Our Children?,1.0,1.0,1.0
8,E,Scrambling,50,"Blood Type Diet Perceived as ""Crass Fraud""",1.0,1.0,0.9984
8,E,Scrambling,50,Why Do Heart Doctors Favor Surgery and Drugs Over Diet?,1.0,1.0,0.9984
8,E,Noise,1,Breast Cancer Cells Feed on Cholesterol,1.0,1.0,1.0
8,E,Noise,1,Using Diet to Treat Asthma and Eczema,1.0,1.0,1.0
8,E,Noise,1,Treating Asthma With Plants vs. Pills,1.0,1.0,1.0
8,E,Noise,1,How Fruits and Vegetables Can Treat Asthma,1.0,1.0,1.0
8,E,Noise,1,How Fruits and Vegetables Can Prevent Asthma,1.0,1.0,1.0
8,E,Noise,1,Our Tax Dollars Subsidize Unhealthy Foods,1.0,1.0,1.0
8,E,Noise,1,Reducing Arsenic in Chicken and Rice,1.0,1.0,1.0
8,E,Noise,1,How Contaminated Are Our Children?,1.0,1.0,1.0
8,E,Noise,1,"Blood Type Diet Perceived as ""Crass Fraud""",1.0,1.0,1.0
8,E,Noise,1,Why Do Heart Doctors Favor Surgery and Drugs Over Diet?,1.0,1.0,1.0
8,E,Noise,5,Breast Cancer Cells Feed on Cholesterol,1.0,1.0,1.0
8,E,Noise,5,Using Diet to Treat Asthma and Eczema,1.0,1.0,1.0
8,E,Noise,5,Treating Asthma With Plants vs. Pills,1.0,1.0,0.8
8,E,Noise,5,How Fruits and Vegetables Can Treat Asthma,1.0,1.0,1.0
8,E,Noise,5,How Fruits and Vegetables Can Prevent Asthma,1.0,1.0,1.0
8,E,Noise,5,Our Tax Dollars Subsidize Unhealthy Foods,1.0,1.0,1.0
8,E,Noise,5,Reducing Arsenic in Chicken and Rice,1.0,1.0,1.0
8,E,Noise,5,How Contaminated Are Our Children?,1.0,1.0,1.0
8,E,Noise,5,"Blood Type Diet Perceived as ""Crass Fraud""",1.0,1.0,1.0
8,E,Noise,5,Why Do Heart Doctors Favor Surgery and Drugs Over Diet?,1.0,1.0,1.0
8,E,Noise,10,Breast Cancer Cells Feed on Cholesterol,0.9,0.9998,0.9556
8,E,Noise,10,Using Diet to Treat Asthma and Eczema,1.0,1.0,1.0
8,E,Noise,10,Treating Asthma With Plants vs. Pills,1.0,1.0,0.9556
8,E,Noise,10,How Fruits and Vegetables Can Treat Asthma,1.0,1.0,1.0
8,E,Noise,10,How Fruits and Vegetables Can Prevent Asthma,1.0,1.0,1.0
8,E,Noise,10,Our Tax Dollars Subsidize Unhealthy Foods,1.0,1.0,1.0
8,E,Noise,10,Reducing Arsenic in Chicken and Rice,1.0,1.0,1.0
8,E,Noise,10,How Contaminated Are Our Children?,1.0,1.0,0.9556
8,E,Noise,10,"Blood Type Diet Perceived as ""Crass Fraud""",1.0,1.0,1.0
8,E,Noise,10,Why Do Heart Doctors Favor Surgery and Drugs Over Diet?,1.0,1.0,1.0
8,E,Noise,20,Breast Cancer Cells Feed on Cholesterol,0.95,0.9998,0.9579
8,E,Noise,20,Using Diet to Treat Asthma and Eczema,0.95,0.9999,0.9684
8,E,Noise,20,Treating Asthma With Plants vs. Pills,1.0,1.0,0.9579
8,E,Noise,20,How Fruits and Vegetables Can Treat Asthma,1.0,1.0,0.9895
8,E,Noise,20,How Fruits and Vegetables Can Prevent Asthma,1.0,1.0,0.9789
8,E,Noise,20,Our Tax Dollars Subsidize Unhealthy Foods,1.0,1.0,0.9895
8,E,Noise,20,Reducing Arsenic in Chicken and Rice,1.0,1.0,0.9789
8,E,Noise,20,How Contaminated Are Our Children?,1.0,1.0,0.9789
8,E,Noise,20,"Blood Type Diet Perceived as ""Crass Fraud""",1.0,1.0,0.9579
8,E,Noise,20,Why Do Heart Doctors Favor Surgery and Drugs Over Diet?,0.95,1.0,0.9368
8,E,Noise,50,Breast Cancer Cells Feed on Cholesterol,0.98,0.9882,0.9609
8,E,Noise,50,Using Diet to Treat Asthma and Eczema,0.98,0.9891,0.9711
8,E,Noise,50,Treating Asthma With Plants vs. Pills,0.98,0.9886,0.9745
8,E,Noise,50,How Fruits and Vegetables Can Treat Asthma,1.0,1.0,0.9673
8,E,Noise,50,How Fruits and Vegetables Can Prevent Asthma,1.0,1.0,0.9445
8,E,Noise,50,Our Tax Dollars Subsidize Unhealthy Foods,0.98,0.9882,0.9847
8,E,Noise,50,Reducing Arsenic in Chicken and Rice,0.98,0.9895,0.9779
8,E,Noise,50,How Contaminated Are Our Children?,1.0,1.0,0.9788
8,E,Noise,50,"Blood Type Diet Perceived as ""Crass Fraud""",0.98,0.9878,0.9643
8,E,Noise,50,Why Do Heart Doctors Favor Surgery and Drugs Over Diet?,0.96,0.9758,0.9645
8,E,Combined,1,Breast Cancer Cells Feed on Cholesterol,1.0,1.0,1.0
8,E,Combined,1,Using Diet to Treat Asthma and Eczema,1.0,1.0,1.0
8,E,Combined,1,Treating Asthma With Plants vs. Pills,1.0,1.0,1.0
8,E,Combined,1,How Fruits and Vegetables Can Treat Asthma,1.0,1.0,1.0
8,E,Combined,1,How Fruits and Vegetables Can Prevent Asthma,1.0,1.0,1.0
8,E,Combined,1,Our Tax Dollars Subsidize Unhealthy Foods,1.0,1.0,1.0
8,E,Combined,1,Reducing Arsenic in Chicken and Rice,1.0,1.0,1.0
8,E,Combined,1,How Contaminated Are Our Children?,1.0,1.0,1.0
8,E,Combined,1,"Blood Type Diet Perceived as ""Crass Fraud""",1.0,1.0,1.0
8,E,Combined,1,Why Do Heart Doctors Favor Surgery and Drugs Over Diet?,1.0,1.0,1.0
8,E,Combined,5,Breast Cancer Cells Feed on Cholesterol,1.0,1.0,1.0
8,E,Combined,5,Using Diet to Treat Asthma and Eczema,1.0,1.0,1.0
8,E,Combined,5,Treating Asthma With Plants vs. Pills,1.0,1.0,1.0
8,E,Combined,5,How Fruits and Vegetables Can Treat Asthma,1.0,0.9999,0.8
8,E,Combined,5,How Fruits and Vegetables Can Prevent Asthma,1.0,1.0,1.0
8,E,Combined,5,Our Tax Dollars Subsidize Unhealthy Foods,0.8,0.9993,1.0
8,E,Combined,5,Reducing Arsenic in Chicken and Rice,1.0,1.0,1.0
8,E,Combined,5,How Contaminated Are Our Children?,1.0,1.0,1.0
8,E,Combined,5,"Blood Type Diet Perceived as ""Crass Fraud""",1.0,1.0,1.0
8,E,Combined,5,Why Do Heart Doctors Favor Surgery and Drugs Over Diet?,1.0,1.0,0.8
8,E,Combined,10,Breast Cancer Cells Feed on Cholesterol,1.0,1.0,1.0
8,E,Combined,10,Using Diet to Treat Asthma and Eczema,1.0,1.0,0.9556
8,E,Combined,10,Treating Asthma With Plants vs. Pills,1.0,1.0,1.0
8,E,Combined,10,How Fruits and Vegetables Can Treat Asthma,1.0,0.9999,0.9556
8,E,Combined,10,How Fruits and Vegetables Can Prevent Asthma,1.0,1.0,1.0
8,E,Combined,10,Our Tax Dollars Subsidize Unhealthy Foods,1.0,1.0,0.9111
8,E,Combined,10,Reducing Arsenic in Chicken and Rice,1.0,1.0,0.9556
8,E,Combined,10,How Contaminated Are Our Children?,1.0,1.0,1.0
8,E,Combined,10,"Blood Type Diet Perceived as ""Crass Fraud""",1.0,1.0,0.8667
8,E,Combined,10,Why Do Heart Doctors Favor Surgery and Drugs Over Diet?,1.0,1.0,0.9111
8,E,Combined,20,Breast Cancer Cells Feed on Cholesterol,0.95,0.9998,0.9474
8,E,Combined,20,Using Diet to Treat Asthma and Eczema,0.95,0.9999,0.9789
8,E,Combined,20,Treating Asthma With Plants vs. Pills,1.0,1.0,0.9789
8,E,Combined,20,How Fruits and Vegetables Can Treat Asthma,1.0,1.0,0.9895
8,E,Combined,20,How Fruits and Vegetables Can Prevent Asthma,1.0,1.0,0.9895
8,E,Combined,20,Our Tax Dollars Subsidize Unhealthy Foods,1.0,1.0,0.9368
8,E,Combined,20,Reducing Arsenic in Chicken and Rice,1.0,1.0,0.9684
8,E,Combined,20,How Contaminated Are Our Children?,1.0,1.0,0.9579
8,E,Combined,20,"Blood Type Diet Perceived as ""Crass Fraud""",1.0,1.0,0.9263
8,E,Combined,20,Why Do Heart Doctors Favor Surgery and Drugs Over Diet?,0.95,0.9999,0.9789
8,E,Combined,50,Breast Cancer Cells Feed on Cholesterol,0.98,0.9882,0.9609
8,E,Combined,50,Using Diet to Treat Asthma and Eczema,1.0,1.0,0.9755
8,E,Combined,50,Treating Asthma With Plants vs. Pills,0.98,0.9886,0.9745
8,E,Combined,50,How Fruits and Vegetables Can Treat Asthma,0.98,0.9883,0.9779
8,E,Combined,50,How Fruits and Vegetables Can Prevent Asthma,1.0,1.0,0.9592
8,E,Combined,50,Our Tax Dollars Subsidize Unhealthy Foods,0.96,0.9766,0.9681
8,E,Combined,50,Reducing Arsenic in Chicken and Rice,0.98,0.9897,0.9609
8,E,Combined,50,How Contaminated Are Our Children?,1.0,1.0,0.9706
8,E,Combined,50,"Blood Type Diet Perceived as ""Crass Fraud""",0.98,0.9878,0.9456
8,E,Combined,50,Why Do Heart Doctors Favor Surgery and Drugs Over Diet?,0.98,0.9878,0.9677
8,E,Rome,1,Breast Cancer Cells Feed on Cholesterol,1.0,1.0,1.0
8,E,Rome,1,Using Diet to Treat Asthma and Eczema,1.0,1.0,1.0
8,E,Rome,1,Treating Asthma With Plants vs. Pills,1.0,1.0,1.0
8,E,Rome,1,How Fruits and Vegetables Can Treat Asthma,1.0,1.0,1.0
8,E,Rome,1,How Fruits and Vegetables Can Prevent Asthma,1.0,1.0,1.0
8,E,Rome,1,Our Tax Dollars Subsidize Unhealthy Foods,1.0,1.0,1.0
8,E,Rome,1,Reducing Arsenic in Chicken and Rice,1.0,1.0,1.0
8,E,Rome,1,How Contaminated Are Our Children?,1.0,1.0,1.0
8,E,Rome,1,"Blood Type Diet Perceived as ""Crass Fraud""",1.0,1.0,1.0
8,E,Rome,1,Why Do Heart Doctors Favor Surgery and Drugs Over Diet?,1.0,1.0,1.0
8,E,Rome,5,Breast Cancer Cells Feed on Cholesterol,1.0,1.0,1.0
8,E,Rome,5,Using Diet to Treat Asthma and Eczema,1.0,1.0,1.0
8,E,Rome,5,Treating Asthma With Plants vs. Pills,1.0,1.0,1.0
8,E,Rome,5,How Fruits and Vegetables Can Treat Asthma,1.0,1.0,1.0
8,E,Rome,5,How Fruits and Vegetables Can Prevent Asthma,1.0,1.0,1.0
8,E,Rome,5,Our Tax Dollars Subsidize Unhealthy Foods,1.0,1.0,1.0
8,E,Rome,5,Reducing Arsenic in Chicken and Rice,1.0,1.0,1.0
8,E,Rome,5,How Contaminated Are Our Children?,1.0,1.0,1.0
8,E,Rome,5,"Blood Type Diet Perceived as ""Crass Fraud""",1.0,1.0,1.0
8,E,Rome,5,Why Do Heart Doctors Favor Surgery and Drugs Over Diet?,1.0,1.0,1.0
8,E,Rome,10,Breast Cancer Cells Feed on Cholesterol,1.0,1.0,1.0
8,E,Rome,10,Using Diet to Treat Asthma and Eczema,1.0,1.0,1.0
8,E,Rome,10,Treating Asthma With Plants vs. Pills,1.0,1.0,1.0
8,E,Rome,10,How Fruits and Vegetables Can Treat Asthma,1.0,1.0,1.0
8,E,Rome,10,How Fruits and Vegetables Can Prevent Asthma,1.0,1.0,1.0
8,E,Rome,10,Our Tax Dollars Subsidize Unhealthy Foods,1.0,1.0,1.0
8,E,Rome,10,Reducing Arsenic in Chicken and Rice,1.0,1.0,1.0
8,E,Rome,10,How Contaminated Are Our Children?,1.0,1.0,1.0
8,E,Rome,10,"Blood Type Diet Perceived as ""Crass Fraud""",1.0,1.0,1.0
8,E,Rome,10,Why Do Heart Doctors Favor Surgery and Drugs Over Diet?,1.0,1.0,1.0
8,E,Rome,20,Breast Cancer Cells Feed on Cholesterol,1.0,1.0,1.0
8,E,Rome,20,Using Diet to Treat Asthma and Eczema,1.0,1.0,1.0
8,E,Rome,20,Treating Asthma With Plants vs. Pills,1.0,1.0,1.0
8,E,Rome,20,How Fruits and Vegetables Can Treat Asthma,1.0,1.0,1.0
8,E,Rome,20,How Fruits and Vegetables Can Prevent Asthma,1.0,1.0,1.0
8,E,Rome,20,Our Tax Dollars Subsidize Unhealthy Foods,1.0,1.0,1.0
8,E,Rome,20,Reducing Arsenic in Chicken and Rice,1.0,1.0,1.0
8,E,Rome,20,How Contaminated Are Our Children?,1.0,1.0,1.0
8,E,Rome,20,"Blood Type Diet Perceived as ""Crass Fraud""",1.0,1.0,1.0
8,E,Rome,20,Why Do Heart Doctors Favor Surgery and Drugs Over Diet?,1.0,1.0,1.0
8,E,Rome,50,Breast Cancer Cells Feed on Cholesterol,1.0,1.0,1.0
8,E,Rome,50,Using Diet to Treat Asthma and Eczema,1.0,1.0,1.0
8,E,Rome,50,Treating Asthma With Plants vs. Pills,1.0,1.0,1.0
8,E,Rome,50,How Fruits and Vegetables Can Treat Asthma,1.0,1.0,1.0
8,E,Rome,50,How Fruits and Vegetables Can Prevent Asthma,1.0,1.0,1.0
8,E,Rome,50,Our Tax Dollars Subsidize Unhealthy Foods,1.0,1.0,1.0
8,E,Rome,50,Reducing Arsenic in Chicken and Rice,1.0,1.0,0.9984
8,E,Rome,50,How Contaminated Are Our Children?,1.0,1.0,1.0
8,E,Rome,50,"Blood Type Diet Perceived as ""Crass Fraud""",1.0,1.0,1.0
8,E,Rome,50,Why Do Heart Doctors Favor Surgery and Drugs Over Diet?,1.0,1.0,1.0
8,E,RomeCombined,1,Breast Cancer Cells Feed on Cholesterol,1.0,1.0,1.0
8,E,RomeCombined,1,Using Diet to Treat Asthma and Eczema,1.0,1.0,1.0
8,E,RomeCombined,1,Treating Asthma With Plants vs. Pills,1.0,1.0,1.0
8,E,RomeCombined,1,How Fruits and Vegetables Can Treat Asthma,1.0,1.0,1.0
8,E,RomeCombined,1,How Fruits and Vegetables Can Prevent Asthma,1.0,1.0,1.0
8,E,RomeCombined,1,Our Tax Dollars Subsidize Unhealthy Foods,1.0,1.0,1.0
8,E,RomeCombined,1,Reducing Arsenic in Chicken and Rice,1.0,1.0,1.0
8,E,RomeCombined,1,How Contaminated Are Our Children?,1.0,1.0,1.0
8,E,RomeCombined,1,"Blood Type Diet Perceived as ""Crass Fraud""",1.0,1.0,1.0
8,E,RomeCombined,1,Why Do Heart Doctors Favor Surgery and Drugs Over Diet?,1.0,1.0,1.0
8,E,RomeCombined,5,Breast Cancer Cells Feed on Cholesterol,1.0,1.0,1.0
8,E,RomeCombined,5,Using Diet to Treat Asthma and Eczema,1.0,1.0,1.0
8,E,RomeCombined,5,Treating Asthma With Plants vs. Pills,1.0,1.0,0.8
8,E,RomeCombined,5,How Fruits and Vegetables Can Treat Asthma,1.0,1.0,1.0
8,E,RomeCombined,5,How Fruits and Vegetables Can Prevent Asthma,1.0,1.0,1.0
8,E,RomeCombined,5,Our Tax Dollars Subsidize Unhealthy Foods,1.0,1.0,1.0
8,E,RomeCombined,5,Reducing Arsenic in Chicken and Rice,1.0,1.0,1.0
8,E,RomeCombined,5,How Contaminated Are Our Children?,1.0,1.0,1.0
8,E,RomeCombined,5,"Blood Type Diet Perceived as ""Crass Fraud""",1.0,1.0,1.0
8,E,RomeCombined,5,Why Do Heart Doctors Favor Surgery and Drugs Over Diet?,1.0,1.0,1.0
8,E,RomeCombined,10,Breast Cancer Cells Feed on Cholesterol,0.9,0.9998,0.9556
8,E,RomeCombined,10,Using Diet to Treat Asthma and Eczema,1.0,1.0,1.0
8,E,RomeCombined,10,Treating Asthma With Plants vs. Pills,1.0,1.0,0.9111
8,E,RomeCombined,10,How Fruits and Vegetables Can Treat Asthma,1.0,1.0,1.0
8,E,RomeCombined,10,How Fruits and Vegetables Can Prevent Asthma,1.0,1.0,1.0
8,E,RomeCombined,10,Our Tax Dollars Subsidize Unhealthy Foods,1.0,1.0,0.9111
8,E,RomeCombined,10,Reducing Arsenic in Chicken and Rice,1.0,1.0,1.0
8,E,RomeCombined,10,How Contaminated Are Our Children?,1.0,1.0,1.0
8,E,RomeCombined,10,"Blood Type Diet Perceived as ""Crass Fraud""",1.0,1.0,0.9556
8,E,RomeCombined,10,Why Do Heart Doctors Favor Surgery and Drugs Over Diet?,1.0,1.0,1.0
8,E,RomeCombined,20,Breast Cancer Cells Feed on Cholesterol,1.0,1.0,0.9684
8,E,RomeCombined,20,Using Diet to Treat Asthma and Eczema,0.95,0.9999,0.9789
8,E,RomeCombined,20,Treating Asthma With Plants vs. Pills,1.0,1.0,0.9474
8,E,RomeCombined,20,How Fruits and Vegetables Can Treat Asthma,1.0,1.0,0.9895
8,E,RomeCombined,20,How Fruits and Vegetables Can Prevent Asthma,1.0,1.0,1.0
8,E,RomeCombined,20,Our Tax Dollars Subsidize Unhealthy Foods,1.0,1.0,0.9474
8,E,RomeCombined,20,Reducing Arsenic in Chicken and Rice,1.0,1.0,0.9789
8,E,RomeCombined,20,How Contaminated Are Our Children?,1.0,1.0,0.9579
8,E,RomeCombined,20,"Blood Type Diet Perceived as ""Crass Fraud""",1.0,1.0,0.9368
8,E,RomeCombined,20,Why Do Heart Doctors Favor Surgery and Drugs Over Diet?,1.0,1.0,0.9474
8,E,RomeCombined,50,Breast Cancer Cells Feed on Cholesterol,1.0,1.0,0.9592
8,E,RomeCombined,50,Using Diet to Treat Asthma and Eczema,0.98,0.9891,0.9796
8,E,RomeCombined,50,Treating Asthma With Plants vs. Pills,0.98,0.9886,0.966
8,E,RomeCombined,50,How Fruits and Vegetables Can Treat Asthma,0.98,0.9883,0.9847
8,E,RomeCombined,50,How Fruits and Vegetables Can Prevent Asthma,1.0,1.0,0.9657
8,E,RomeCombined,50,Our Tax Dollars Subsidize Unhealthy Foods,0.98,0.988,0.9711
8,E,RomeCombined,50,Reducing Arsenic in Chicken and Rice,0.98,0.9895,0.9677
8,E,RomeCombined,50,How Contaminated Are Our Children?,1.0,1.0,0.9592
8,E,RomeCombined,50,"Blood Type Diet Perceived as ""Crass Fraud""",0.98,0.9878,0.9541
8,E,RomeCombined,50,Why Do Heart Doctors Favor Surgery and Drugs Over Diet?,1.0,1.0,0.9837
8,E,Romm,1,Breast Cancer Cells Feed on Cholesterol,1.0,1.0,1.0
8,E,Romm,1,Using Diet to Treat Asthma and Eczema,1.0,1.0,1.0
8,E,Romm,1,Treating Asthma With Plants vs. Pills,1.0,1.0,1.0
8,E,Romm,1,How Fruits and Vegetables Can Treat Asthma,1.0,1.0,1.0
8,E,Romm,1,How Fruits and Vegetables Can Prevent Asthma,1.0,1.0,1.0
8,E,Romm,1,Our Tax Dollars Subsidize Unhealthy Foods,1.0,1.0,1.0
8,E,Romm,1,Reducing Arsenic in Chicken and Rice,1.0,1.0,1.0
8,E,Romm,1,How Contaminated Are Our Children?,1.0,1.0,1.0
8,E,Romm,1,"Blood Type Diet Perceived as ""Crass Fraud""",1.0,1.0,1.0
8,E,Romm,1,Why Do Heart Doctors Favor Surgery and Drugs Over Diet?,1.0,1.0,1.0
8,E,Romm,5,Breast Cancer Cells Feed on Cholesterol,1.0,1.0,1.0
8,E,Romm,5,Using Diet to Treat Asthma and Eczema,1.0,1.0,1.0
8,E,Romm,5,Treating Asthma With Plants vs. Pills,1.0,1.0,1.0
8,E,Romm,5,How Fruits and Vegetables Can Treat Asthma,1.0,1.0,1.0
8,E,Romm,5,How Fruits and Vegetables Can Prevent Asthma,1.0,1.0,1.0
8,E,Romm,5,Our Tax Dollars Subsidize Unhealthy Foods,1.0,1.0,1.0
8,E,Romm,5,Reducing Arsenic in Chicken and Rice,1.0,1.0,1.0
8,E,Romm,5,How Contaminated Are Our Children?,1.0,1.0,1.0
8,E,Romm,5,"Blood Type Diet Perceived as ""Crass Fraud""",1.0,1.0,1.0
8,E,Romm,5,Why Do Heart Doctors Favor Surgery and Drugs Over Diet?,1.0,1.0,0.8
8,E,Romm,10,Breast Cancer Cells Feed on Cholesterol,1.0,1.0,1.0
8,E,Romm,10,Using Diet to Treat Asthma and Eczema,1.0,1.0,1.0
8,E,Romm,10,Treating Asthma With Plants vs. Pills,1.0,1.0,1.0
8,E,Romm,10,How Fruits and Vegetables Can Treat Asthma,1.0,1.0,1.0
8,E,Romm,10,How Fruits and Vegetables Can Prevent Asthma,1.0,1.0,1.0
8,E,Romm,10,Our Tax Dollars Subsidize Unhealthy Foods,1.0,1.0,1.0
8,E,Romm,10,Reducing Arsenic in Chicken and Rice,1.0,1.0,1.0
8,E,Romm,10,How Contaminated Are Our Children?,1.0,1.0,1.0
8,E,Romm,10,"Blood Type Diet Perceived as ""Crass Fraud""",1.0,1.0,1.0
8,E,Romm,10,Why Do Heart Doctors Favor Surgery and Drugs Over Diet?,1.0,1.0,0.9556
8,E,Romm,20,Breast Cancer Cells Feed on Cholesterol,1.0,1.0,1.0
8,E,Romm,20,Using Diet to Treat Asthma and Eczema,1.0,1.0,1.0
8,E,Romm,20,Treating Asthma With Plants vs. Pills,1.0,1.0,1.0
8,E,Romm,20,How Fruits and Vegetables Can Treat Asthma,1.0,1.0,1.0
8,E,Romm,20,How Fruits and Vegetables Can Prevent Asthma,1.0,1.0,1.0
8,E,Romm,20,Our Tax Dollars Subsidize Unhealthy Foods,1.0,1.0,1.0
8,E,Romm,20,Reducing Arsenic in Chicken and Rice,1.0,1.0,1.0
8,E,Romm,20,How Contaminated Are Our Children?,1.0,1.0,1.0
8,E,Romm,20,"Blood Type Diet Perceived as ""Crass Fraud""",1.0,1.0,1.0
8,E,Romm,20,Why Do Heart Doctors Favor Surgery and Drugs Over Diet?,1.0,1.0,0.9895
8,E,Romm,50,Breast Cancer Cells Feed on Cholesterol,1.0,1.0,1.0
8,E,Romm,50,Using Diet to Treat Asthma and Eczema,1.0,1.0,1.0
8,E,Romm,50,Treating Asthma With Plants vs. Pills,1.0,1.0,0.9984
8,E,Romm,50,How Fruits and Vegetables Can Treat Asthma,1.0,1.0,1.0
8,E,Romm,50,How Fruits and Vegetables Can Prevent Asthma,1.0,1.0,1.0
8,E,Romm,50,Our Tax Dollars Subsidize Unhealthy Foods,1.0,1.0,1.0
8,E,Romm,50,Reducing Arsenic in Chicken and Rice,1.0,1.0,1.0
8,E,Romm,50,How Contaminated Are Our Children?,1.0,1.0,1.0
8,E,Romm,50,"Blood Type Diet Perceived as ""Crass Fraud""",1.0,1.0,0.9984
8,E,Romm,50,Why Do Heart Doctors Favor Surgery and Drugs Over Diet?,1.0,1.0,0.9984
8,E,RommCombined,1,Breast Cancer Cells Feed on Cholesterol,1.0,1.0,1.0
8,E,RommCombined,1,Using Diet to Treat Asthma and Eczema,1.0,1.0,1.0
8,E,RommCombined,1,Treating Asthma With Plants vs. Pills,1.0,1.0,1.0
8,E,RommCombined,1,How Fruits and Vegetables Can Treat Asthma,1.0,1.0,1.0
8,E,RommCombined,1,How Fruits and Vegetables Can Prevent Asthma,1.0,1.0,1.0
8,E,RommCombined,1,Our Tax Dollars Subsidize Unhealthy Foods,1.0,1.0,1.0
8,E,RommCombined,1,Reducing Arsenic in Chicken and Rice,1.0,1.0,1.0
8,E,RommCombined,1,How Contaminated Are Our Children?,1.0,1.0,1.0
8,E,RommCombined,1,"Blood Type Diet Perceived as ""Crass Fraud""",1.0,1.0,1.0
8,E,RommCombined,1,Why Do Heart Doctors Favor Surgery and Drugs Over Diet?,1.0,1.0,1.0
8,E,RommCombined,5,Breast Cancer Cells Feed on Cholesterol,1.0,1.0,1.0
8,E,RommCombined,5,Using Diet to Treat Asthma and Eczema,1.0,1.0,1.0
8,E,RommCombined,5,Treating Asthma With Plants vs. Pills,1.0,1.0,1.0
8,E,RommCombined,5,How Fruits and Vegetables Can Treat Asthma,1.0,1.0,1.0
8,E,RommCombined,5,How Fruits and Vegetables Can Prevent Asthma,1.0,1.0,1.0
8,E,RommCombined,5,Our Tax Dollars Subsidize Unhealthy Foods,1.0,1.0,1.0
8,E,RommCombined,5,Reducing Arsenic in Chicken and Rice,1.0,1.0,1.0
8,E,RommCombined,5,How Contaminated Are Our Children?,1.0,1.0,1.0
8,E,RommCombined,5,"Blood Type Diet Perceived as ""Crass Fraud""",1.0,1.0,1.0
8,E,RommCombined,5,Why Do Heart Doctors Favor Surgery and Drugs Over Diet?,1.0,1.0,1.0
8,E,RommCombined,10,Breast Cancer Cells Feed on Cholesterol,1.0,1.0,0.9556
8,E,RommCombined,10,Using Diet to Treat Asthma and Eczema,1.0,1.0,1.0
8,E,RommCombined,10,Treating Asthma With Plants vs. Pills,1.0,1.0,1.0
8,E,RommCombined,10,How Fruits and Vegetables Can Treat Asthma,1.0,1.0,1.0
8,E,RommCombined,10,How Fruits and Vegetables Can Prevent Asthma,1.0,1.0,1.0
8,E,RommCombined,10,Our Tax Dollars Subsidize Unhealthy Foods,1.0,1.0,0.9556
8,E,RommCombined,10,Reducing Arsenic in Chicken and Rice,1.0,1.0,1.0
8,E,RommCombined,10,How Contaminated Are Our Children?,1.0,1.0,1.0
8,E,RommCombined,10,"Blood Type Diet Perceived as ""Crass Fraud""",1.0,1.0,0.9111
8,E,RommCombined,10,Why Do Heart Doctors Favor Surgery and Drugs Over Diet?,1.0,1.0,0.9556
8,E,RommCombined,20,Breast Cancer Cells Feed on Cholesterol,0.9,0.9997,0.9368
8,E,RommCombined,20,Using Diet to Treat Asthma and Eczema,1.0,1.0,0.9895
8,E,RommCombined,20,Treating Asthma With Plants vs. Pills,1.0,1.0,0.9789
8,E,RommCombined,20,How Fruits and Vegetables Can Treat Asthma,1.0,1.0,1.0
8,E,RommCombined,20,How Fruits and Vegetables Can Prevent Asthma,1.0,1.0,0.9895
8,E,RommCombined,20,Our Tax Dollars Subsidize Unhealthy Foods,1.0,1.0,0.9684
8,E,RommCombined,20,Reducing Arsenic in Chicken and Rice,1.0,1.0,0.9789
8,E,RommCombined,20,How Contaminated Are Our Children?,1.0,1.0,0.9895
8,E,RommCombined,20,"Blood Type Diet Perceived as ""Crass Fraud""",1.0,1.0,0.9158
8,E,RommCombined,20,Why Do Heart Doctors Favor Surgery and Drugs Over Diet?,1.0,1.0,0.9579
8,E,RommCombined,50,Breast Cancer Cells Feed on Cholesterol,1.0,1.0,0.9543
8,E,RommCombined,50,Using Diet to Treat Asthma and Eczema,1.0,1.0,0.9771
8,E,RommCombined,50,Treating Asthma With Plants vs. Pills,1.0,1.0,0.9673
8,E,RommCombined,50,How Fruits and Vegetables Can Treat Asthma,1.0,1.0,0.9592
8,E,RommCombined,50,How Fruits and Vegetables Can Prevent Asthma,1.0,1.0,0.9314
8,E,RommCombined,50,Our Tax Dollars Subsidize Unhealthy Foods,0.96,0.9765,0.9574
8,E,RommCombined,50,Reducing Arsenic in Chicken and Rice,0.98,0.9897,0.9643
8,E,RommCombined,50,How Contaminated Are Our Children?,0.98,0.9882,0.9745
8,E,RommCombined,50,"Blood Type Diet Perceived as ""Crass Fraud""",0.98,0.9879,0.9609
8,E,RommCombined,50,Why Do Heart Doctors Favor Surgery and Drugs Over Diet?,0.98,0.9878,0.9762
8,E,Diehard,1,Breast Cancer Cells Feed on Cholesterol,1.0,1.0,1.0
8,E,Diehard,1,Using Diet to Treat Asthma and Eczema,1.0,1.0,1.0
8,E,Diehard,1,Treating Asthma With Plants vs. Pills,1.0,1.0,1.0
8,E,Diehard,1,How Fruits and Vegetables Can Treat Asthma,1.0,1.0,1.0
8,E,Diehard,1,How Fruits and Vegetables Can Prevent Asthma,1.0,1.0,1.0
8,E,Diehard,1,Our Tax Dollars Subsidize Unhealthy Foods,1.0,1.0,1.0
8,E,Diehard,1,Reducing Arsenic in Chicken and Rice,1.0,1.0,1.0
8,E,Diehard,1,How Contaminated Are Our Children?,1.0,1.0,1.0
8,E,Diehard,1,"Blood Type Diet Perceived as ""Crass Fraud""",1.0,1.0,1.0
8,E,Diehard,1,Why Do Heart Doctors Favor Surgery and Drugs Over Diet?,1.0,1.0,1.0
8,E,Diehard,5,Breast Cancer Cells Feed on Cholesterol,1.0,1.0,1.0
8,E,Diehard,5,Using Diet to Treat Asthma and Eczema,1.0,1.0,1.0
8,E,Diehard,5,Treating Asthma With Plants vs. Pills,1.0,1.0,1.0
8,E,Diehard,5,How Fruits and Vegetables Can Treat Asthma,1.0,1.0,1.0
8,E,Diehard,5,How Fruits and Vegetables Can Prevent Asthma,1.0,1.0,1.0
8,E,Diehard,5,Our Tax Dollars Subsidize Unhealthy Foods,1.0,1.0,1.0
8,E,Diehard,5,Reducing Arsenic in Chicken and Rice,1.0,1.0,1.0
8,E,Diehard,5,How Contaminated Are Our Children?,1.0,1.0,1.0
8,E,Diehard,5,"Blood Type Diet Perceived as ""Crass Fraud""",1.0,1.0,1.0
8,E,Diehard,5,Why Do Heart Doctors Favor Surgery and Drugs Over Diet?,1.0,1.0,0.8
8,E,Diehard,10,Breast Cancer Cells Feed on Cholesterol,1.0,1.0,1.0
8,E,Diehard,10,Using Diet to Treat Asthma and Eczema,1.0,1.0,1.0
8,E,Diehard,10,Treating Asthma With Plants vs. Pills,1.0,1.0,1.0
8,E,Diehard,10,How Fruits and Vegetables Can Treat Asthma,1.0,1.0,1.0
8,E,Diehard,10,How Fruits and Vegetables Can Prevent Asthma,1.0,1.0,1.0
8,E,Diehard,10,Our Tax Dollars Subsidize Unhealthy Foods,1.0,1.0,1.0
8,E,Diehard,10,Reducing Arsenic in Chicken and Rice,1.0,1.0,1.0
8,E,Diehard,10,How Contaminated Are Our Children?,1.0,1.0,1.0
8,E,Diehard,10,"Blood Type Diet Perceived as ""Crass Fraud""",1.0,1.0,1.0
8,E,Diehard,10,Why Do Heart Doctors Favor Surgery and Drugs Over Diet?,1.0,1.0,0.9556
8,E,Diehard,20,Breast Cancer Cells Feed on Cholesterol,1.0,1.0,1.0
8,E,Diehard,20,Using Diet to Treat Asthma and Eczema,1.0,1.0,1.0
8,E,Diehard,20,Treating Asthma With Plants vs. Pills,1.0,1.0,1.0
8,E,Diehard,20,How Fruits and Vegetables Can Treat Asthma,1.0,1.0,1.0
8,E,Diehard,20,How Fruits and Vegetables Can Prevent Asthma,1.0,1.0,1.0
8,E,Diehard,20,Our Tax Dollars Subsidize Unhealthy Foods,1.0,1.0,1.0
8,E,Diehard,20,Reducing Arsenic in Chicken and Rice,1.0,1.0,1.0
8,E,Diehard,20,How Contaminated Are Our Children?,1.0,1.0,1.0
8,E,Diehard,20,"Blood Type Diet Perceived as ""Crass Fraud""",1.0,1.0,1.0
8,E,Diehard,20,Why Do Heart Doctors Favor Surgery and Drugs Over Diet?,1.0,1.0,0.9895
8,E,Diehard,50,Breast Cancer Cells Feed on Cholesterol,1.0,1.0,0.9984
8,E,Diehard,50,Using Diet to Treat Asthma and Eczema,1.0,1.0,1.0
8,E,Diehard,50,Treating Asthma With Plants vs. Pills,1.0,1.0,0.9984
8,E,Diehard,50,How Fruits and Vegetables Can Treat Asthma,1.0,1.0,0.9984
8,E,Diehard,50,How Fruits and Vegetables Can Prevent Asthma,1.0,1.0,0.9984
8,E,Diehard,50,Our Tax Dollars Subsidize Unhealthy Foods,1.0,1.0,1.0
8,E,Diehard,50,Reducing Arsenic in Chicken and Rice,1.0,1.0,1.0
8,E,Diehard,50,How Contaminated Are Our Children?,1.0,1.0,1.0
8,E,Diehard,50,"Blood Type Diet Perceived as ""Crass Fraud""",1.0,1.0,0.9984
8,E,Diehard,50,Why Do Heart Doctors Favor Surgery and Drugs Over Diet?,1.0,1.0,0.9984
8,E,DiehardCombined,1,Breast Cancer Cells Feed on Cholesterol,1.0,1.0,1.0
8,E,DiehardCombined,1,Using Diet to Treat Asthma and Eczema,1.0,1.0,1.0
8,E,DiehardCombined,1,Treating Asthma With Plants vs. Pills,0.0,0.8814,1.0
8,E,DiehardCombined,1,How Fruits and Vegetables Can Treat Asthma,0.0,0.8485,1.0
8,E,DiehardCombined,1,How Fruits and Vegetables Can Prevent Asthma,1.0,1.0,1.0
8,E,DiehardCombined,1,Our Tax Dollars Subsidize Unhealthy Foods,1.0,1.0,1.0
8,E,DiehardCombined,1,Reducing Arsenic in Chicken and Rice,1.0,1.0,1.0
8,E,DiehardCombined,1,How Contaminated Are Our Children?,1.0,1.0,1.0
8,E,DiehardCombined,1,"Blood Type Diet Perceived as ""Crass Fraud""",1.0,1.0,1.0
8,E,DiehardCombined,1,Why Do Heart Doctors Favor Surgery and Drugs Over Diet?,1.0,1.0,1.0
8,E,DiehardCombined,5,Breast Cancer Cells Feed on Cholesterol,0.8,0.9982,0.8
8,E,DiehardCombined,5,Using Diet to Treat Asthma and Eczema,0.6,0.9745,0.6
8,E,DiehardCombined,5,Treating Asthma With Plants vs. Pills,0.6,0.9609,-0.2
8,E,DiehardCombined,5,How Fruits and Vegetables Can Treat Asthma,0.6,0.958,0.4
8,E,DiehardCombined,5,How Fruits and Vegetables Can Prevent Asthma,0.6,0.9867,0.4
8,E,DiehardCombined,5,Our Tax Dollars Subsidize Unhealthy Foods,0.8,0.9967,1.0
8,E,DiehardCombined,5,Reducing Arsenic in Chicken and Rice,1.0,0.9981,0.8
8,E,DiehardCombined,5,How Contaminated Are Our Children?,0.6,0.9804,0.6
8,E,DiehardCombined,5,"Blood Type Diet Perceived as ""Crass Fraud""",0.6,0.9749,0.8
8,E,DiehardCombined,5,Why Do Heart Doctors Favor Surgery and Drugs Over Diet?,0.6,0.9735,1.0
8,E,DiehardCombined,10,Breast Cancer Cells Feed on Cholesterol,0.9,0.9944,0.7333
8,E,DiehardCombined,10,Using Diet to Treat Asthma and Eczema,0.8,0.9887,0.3778
8,E,DiehardCombined,10,Treating Asthma With Plants vs. Pills,0.9,0.9794,0.3778
8,E,DiehardCombined,10,How Fruits and Vegetables Can Treat Asthma,0.8,0.9762,0.5111
8,E,DiehardCombined,10,How Fruits and Vegetables Can Prevent Asthma,1.0,0.9962,0.3778
8,E,DiehardCombined,10,Our Tax Dollars Subsidize Unhealthy Foods,0.8,0.9965,0.7778
8,E,DiehardCombined,10,Reducing Arsenic in Chicken and Rice,0.9,0.9965,0.8667
8,E,DiehardCombined,10,How Contaminated Are Our Children?,0.7,0.9836,0.3333
8,E,DiehardCombined,10,"Blood Type Diet Perceived as ""Crass Fraud""",0.8,0.9815,0.4667
8,E,DiehardCombined,10,Why Do Heart Doctors Favor Surgery and Drugs Over Diet?,0.6,0.9847,0.5556
8,E,DiehardCombined,20,Breast Cancer Cells Feed on Cholesterol,0.7,0.9891,0.6211
8,E,DiehardCombined,20,Using Diet to Treat Asthma and Eczema,0.9,0.9924,0.6842
8,E,DiehardCombined,20,Treating Asthma With Plants vs. Pills,0.85,0.9838,0.7053
8,E,DiehardCombined,20,How Fruits and Vegetables Can Treat Asthma,0.9,0.9821,0.6737
8,E,DiehardCombined,20,How Fruits and Vegetables Can Prevent Asthma,0.9,0.9947,0.6947
8,E,DiehardCombined,20,Our Tax Dollars Subsidize Unhealthy Foods,0.8,0.9645,0.7427
8,E,DiehardCombined,20,Reducing Arsenic in Chicken and Rice,0.75,0.9689,0.8713
8,E,DiehardCombined,20,How Contaminated Are Our Children?,0.7,0.9849,0.5368
8,E,DiehardCombined,20,"Blood Type Diet Perceived as ""Crass Fraud""",0.5,0.854,0.3833
8,E,DiehardCombined,20,Why Do Heart Doctors Favor Surgery and Drugs Over Diet?,0.75,0.9632,0.4503
8,E,DiehardCombined,50,Breast Cancer Cells Feed on Cholesterol,0.78,0.8527,0.5115
8,E,DiehardCombined,50,Using Diet to Treat Asthma and Eczema,0.9,0.9383,0.7778
8,E,DiehardCombined,50,Treating Asthma With Plants vs. Pills,0.9,0.9303,0.703
8,E,DiehardCombined,50,How Fruits and Vegetables Can Treat Asthma,0.82,0.8727,0.678
8,E,DiehardCombined,50,How Fruits and Vegetables Can Prevent Asthma,0.86,0.9044,0.6124
8,E,DiehardCombined,50,Our Tax Dollars Subsidize Unhealthy Foods,0.82,0.8829,0.7073
8,E,DiehardCombined,50,Reducing Arsenic in Chicken and Rice,0.8,0.8818,0.6051
8,E,DiehardCombined,50,How Contaminated Are Our Children?,0.84,0.8899,0.554
8,E,DiehardCombined,50,"Blood Type Diet Perceived as ""Crass Fraud""",0.64,0.7345,0.3387
8,E,DiehardCombined,50,Why Do Heart Doctors Favor Surgery and Drugs Over Diet?,0.78,0.8499,0.6167
8,E,Ckks,1,Breast Cancer Cells Feed on Cholesterol,1.0,1.0,1.0
8,E,Ckks,1,Using Diet to Treat Asthma and Eczema,1.0,1.0,1.0
8,E,Ckks,1,Treating Asthma With Plants vs. Pills,1.0,1.0,1.0
8,E,Ckks,1,How Fruits and Vegetables Can Treat Asthma,1.0,1.0,1.0
8,E,Ckks,1,How Fruits and Vegetables Can Prevent Asthma,1.0,1.0,1.0
8,E,Ckks,1,Our Tax Dollars Subsidize Unhealthy Foods,1.0,1.0,1.0
8,E,Ckks,1,Reducing Arsenic in Chicken and Rice,1.0,1.0,1.0
8,E,Ckks,1,How Contaminated Are Our Children?,1.0,1.0,1.0
8,E,Ckks,1,"Blood Type Diet Perceived as ""Crass Fraud""",1.0,1.0,1.0
8,E,Ckks,1,Why Do Heart Doctors Favor Surgery and Drugs Over Diet?,1.0,1.0,1.0
8,E,Ckks,5,Breast Cancer Cells Feed on Cholesterol,1.0,1.0,1.0
8,E,Ckks,5,Using Diet to Treat Asthma and Eczema,1.0,1.0,1.0
8,E,Ckks,5,Treating Asthma With Plants vs. Pills,1.0,1.0,1.0
8,E,Ckks,5,How Fruits and Vegetables Can Treat Asthma,1.0,1.0,1.0
8,E,Ckks,5,How Fruits and Vegetables Can Prevent Asthma,1.0,1.0,1.0
8,E,Ckks,5,Our Tax Dollars Subsidize Unhealthy Foods,1.0,1.0,1.0
8,E,Ckks,5,Reducing Arsenic in Chicken and Rice,1.0,1.0,1.0
8,E,Ckks,5,How Contaminated Are Our Children?,1.0,1.0,1.0
8,E,Ckks,5,"Blood Type Diet Perceived as ""Crass Fraud""",1.0,1.0,1.0
8,E,Ckks,5,Why Do Heart Doctors Favor Surgery and Drugs Over Diet?,1.0,1.0,1.0
8,E,Ckks,10,Breast Cancer Cells Feed on Cholesterol,1.0,1.0,1.0
8,E,Ckks,10,Using Diet to Treat Asthma and Eczema,1.0,1.0,1.0
8,E,Ckks,10,Treating Asthma With Plants vs. Pills,1.0,1.0,1.0
8,E,Ckks,10,How Fruits and Vegetables Can Treat Asthma,1.0,1.0,1.0
8,E,Ckks,10,How Fruits and Vegetables Can Prevent Asthma,1.0,1.0,1.0
8,E,Ckks,10,Our Tax Dollars Subsidize Unhealthy Foods,1.0,1.0,1.0
8,E,Ckks,10,Reducing Arsenic in Chicken and Rice,1.0,1.0,1.0
8,E,Ckks,10,How Contaminated Are Our Children?,1.0,1.0,1.0
8,E,Ckks,10,"Blood Type Diet Perceived as ""Crass Fraud""",1.0,1.0,1.0
8,E,Ckks,10,Why Do Heart Doctors Favor Surgery and Drugs Over Diet?,1.0,1.0,1.0
8,E,Ckks,20,Breast Cancer Cells Feed on Cholesterol,1.0,1.0,1.0
8,E,Ckks,20,Using Diet to Treat Asthma and Eczema,1.0,1.0,1.0
8,E,Ckks,20,Treating Asthma With Plants vs. Pills,1.0,1.0,1.0
8,E,Ckks,20,How Fruits and Vegetables Can Treat Asthma,1.0,1.0,1.0
8,E,Ckks,20,How Fruits and Vegetables Can Prevent Asthma,1.0,1.0,1.0
8,E,Ckks,20,Our Tax Dollars Subsidize Unhealthy Foods,1.0,1.0,1.0
8,E,Ckks,20,Reducing Arsenic in Chicken and Rice,1.0,1.0,1.0
8,E,Ckks,20,How Contaminated Are Our Children?,1.0,1.0,1.0
8,E,Ckks,20,"Blood Type Diet Perceived as ""Crass Fraud""",1.0,1.0,1.0
8,E,Ckks,20,Why Do Heart Doctors Favor Surgery and Drugs Over Diet?,1.0,1.0,1.0
8,E,Ckks,50,Breast Cancer Cells Feed on Cholesterol,1.0,1.0,0.9984
8,E,Ckks,50,Using Diet to Treat Asthma and Eczema,1.0,1.0,1.0
8,E,Ckks,50,Treating Asthma With Plants vs. Pills,1.0,1.0,0.9984
8,E,Ckks,50,How Fruits and Vegetables Can Treat Asthma,1.0,1.0,1.0
8,E,Ckks,50,How Fruits and Vegetables Can Prevent Asthma,1.0,1.0,1.0
8,E,Ckks,50,Our Tax Dollars Subsidize Unhealthy Foods,1.0,1.0,1.0
8,E,Ckks,50,Reducing Arsenic in Chicken and Rice,1.0,1.0,1.0
8,E,Ckks,50,How Contaminated Are Our Children?,1.0,1.0,1.0
8,E,Ckks,50,"Blood Type Diet Perceived as ""Crass Fraud""",1.0,1.0,0.9984
8,E,Ckks,50,Why Do Heart Doctors Favor Surgery and Drugs Over Diet?,1.0,1.0,1.0
8,E,CkksCombined,1,Breast Cancer Cells Feed on Cholesterol,1.0,1.0,1.0
8,E,CkksCombined,1,Using Diet to Treat Asthma and Eczema,1.0,1.0,1.0
8,E,CkksCombined,1,Treating Asthma With Plants vs. Pills,1.0,1.0,1.0
8,E,CkksCombined,1,How Fruits and Vegetables Can Treat Asthma,1.0,1.0,1.0
8,E,CkksCombined,1,How Fruits and Vegetables Can Prevent Asthma,0.0,0.9975,1.0
8,E,CkksCombined,1,Our Tax Dollars Subsidize Unhealthy Foods,1.0,1.0,1.0
8,E,CkksCombined,1,Reducing Arsenic in Chicken and Rice,1.0,1.0,1.0
8,E,CkksCombined,1,How Contaminated Are Our Children?,1.0,1.0,1.0
8,E,CkksCombined,1,"Blood Type Diet Perceived as ""Crass Fraud""",1.0,1.0,1.0
8,E,CkksCombined,1,Why Do Heart Doctors Favor Surgery and Drugs Over Diet?,1.0,1.0,1.0
8,E,CkksCombined,5,Breast Cancer Cells Feed on Cholesterol,1.0,1.0,1.0
8,E,CkksCombined,5,Using Diet to Treat Asthma and Eczema,1.0,1.0,1.0
8,E,CkksCombined,5,Treating Asthma With Plants vs. Pills,1.0,1.0,1.0
8,E,CkksCombined,5,How Fruits and Vegetables Can Treat Asthma,1.0,1.0,1.0
8,E,CkksCombined,5,How Fruits and Vegetables Can Prevent Asthma,1.0,0.9997,0.8
8,E,CkksCombined,5,Our Tax Dollars Subsidize Unhealthy Foods,1.0,1.0,1.0
8,E,CkksCombined,5,Reducing Arsenic in Chicken and Rice,1.0,1.0,1.0
8,E,CkksCombined,5,How Contaminated Are Our Children?,1.0,1.0,1.0
8,E,CkksCombined,5,"Blood Type Diet Perceived as ""Crass Fraud""",1.0,1.0,1.0
8,E,CkksCombined,5,Why Do Heart Doctors Favor Surgery and Drugs Over Diet?,1.0,1.0,0.8
8,E,CkksCombined,10,Breast Cancer Cells Feed on Cholesterol,1.0,1.0,0.9111
8,E,CkksCombined,10,Using Diet to Treat Asthma and Eczema,1.0,1.0,0.9111
8,E,CkksCombined,10,Treating Asthma With Plants vs. Pills,1.0,1.0,1.0
8,E,CkksCombined,10,How Fruits and Vegetables Can Treat Asthma,0.9,0.9997,1.0
8,E,CkksCombined,10,How Fruits and Vegetables Can Prevent Asthma,1.0,0.9998,0.9556
8,E,CkksCombined,10,Our Tax Dollars Subsidize Unhealthy Foods,1.0,1.0,0.9556
8,E,CkksCombined,10,Reducing Arsenic in Chicken and Rice,1.0,1.0,1.0
8,E,CkksCombined,10,How Contaminated Are Our Children?,1.0,1.0,0.9556
8,E,CkksCombined,10,"Blood Type Diet Perceived as ""Crass Fraud""",1.0,1.0,1.0
8,E,CkksCombined,10,Why Do Heart Doctors Favor Surgery and Drugs Over Diet?,1.0,1.0,0.9111
8,E,CkksCombined,20,Breast Cancer Cells Feed on Cholesterol,0.9,0.9996,0.9368
8,E,CkksCombined,20,Using Diet to Treat Asthma and Eczema,0.95,0.9999,0.9684
8,E,CkksCombined,20,Treating Asthma With Plants vs. Pills,1.0,1.0,0.9684
8,E,CkksCombined,20,How Fruits and Vegetables Can Treat Asthma,1.0,1.0,0.9684
8,E,CkksCombined,20,How Fruits and Vegetables Can Prevent Asthma,1.0,0.9998,0.9579
8,E,CkksCombined,20,Our Tax Dollars Subsidize Unhealthy Foods,1.0,1.0,0.9368
8,E,CkksCombined,20,Reducing Arsenic in Chicken and Rice,1.0,1.0,0.9684
8,E,CkksCombined,20,How Contaminated Are Our Children?,1.0,1.0,0.9684
8,E,CkksCombined,20,"Blood Type Diet Perceived as ""Crass Fraud""",1.0,1.0,0.9474
8,E,CkksCombined,20,Why Do Heart Doctors Favor Surgery and Drugs Over Diet?,0.9,0.9997,0.9474
8,E,CkksCombined,50,Breast Cancer Cells Feed on Cholesterol,0.98,0.9881,0.9354
8,E,CkksCombined,50,Using Diet to Treat Asthma and Eczema,1.0,1.0,0.969
8,E,CkksCombined,50,Treating Asthma With Plants vs. Pills,0.98,0.9886,0.9711
8,E,CkksCombined,50,How Fruits and Vegetables Can Treat Asthma,1.0,1.0,0.9527
8,E,CkksCombined,50,How Fruits and Vegetables Can Prevent Asthma,1.0,0.9999,0.9608
8,E,CkksCombined,50,Our Tax Dollars Subsidize Unhealthy Foods,0.96,0.9765,0.9539
8,E,CkksCombined,50,Reducing Arsenic in Chicken and Rice,0.96,0.9793,0.9663
8,E,CkksCombined,50,How Contaminated Are Our Children?,0.98,0.9882,0.9779
8,E,CkksCombined,50,"Blood Type Diet Perceived as ""Crass Fraud""",0.98,0.9879,0.9558
8,E,CkksCombined,50,Why Do Heart Doctors Favor Surgery and Drugs Over Diet?,0.96,0.9755,0.9628
9,E,Scrambling,1,Breast Cancer Cells Feed on Cholesterol,1.0,1.0,1.0
9,E,Scrambling,1,Using Diet to Treat Asthma and Eczema,1.0,1.0,1.0
9,E,Scrambling,1,Treating Asthma With Plants vs. Pills,1.0,1.0,1.0
9,E,Scrambling,1,How Fruits and Vegetables Can Treat Asthma,1.0,1.0,1.0
9,E,Scrambling,1,How Fruits and Vegetables Can Prevent Asthma,1.0,1.0,1.0
9,E,Scrambling,1,Our Tax Dollars Subsidize Unhealthy Foods,1.0,1.0,1.0
9,E,Scrambling,1,Reducing Arsenic in Chicken and Rice,1.0,1.0,1.0
9,E,Scrambling,1,How Contaminated Are Our Children?,1.0,1.0,1.0
9,E,Scrambling,1,"Blood Type Diet Perceived as ""Crass Fraud""",1.0,1.0,1.0
9,E,Scrambling,1,Why Do Heart Doctors Favor Surgery and Drugs Over Diet?,1.0,1.0,1.0
9,E,Scrambling,5,Breast Cancer Cells Feed on Cholesterol,1.0,1.0,1.0
9,E,Scrambling,5,Using Diet to Treat Asthma and Eczema,1.0,1.0,1.0
9,E,Scrambling,5,Treating Asthma With Plants vs. Pills,1.0,1.0,1.0
9,E,Scrambling,5,How Fruits and Vegetables Can Treat Asthma,1.0,1.0,1.0
9,E,Scrambling,5,How Fruits and Vegetables Can Prevent Asthma,1.0,1.0,1.0
9,E,Scrambling,5,Our Tax Dollars Subsidize Unhealthy Foods,1.0,1.0,1.0
9,E,Scrambling,5,Reducing Arsenic in Chicken and Rice,1.0,1.0,1.0
9,E,Scrambling,5,How Contaminated Are Our Children?,1.0,1.0,1.0
9,E,Scrambling,5,"Blood Type Diet Perceived as ""Crass Fraud""",1.0,1.0,1.0
9,E,Scrambling,5,Why Do Heart Doctors Favor Surgery and Drugs Over Diet?,1.0,1.0,1.0
9,E,Scrambling,10,Breast Cancer Cells Feed on Cholesterol,1.0,1.0,1.0
9,E,Scrambling,10,Using Diet to Treat Asthma and Eczema,1.0,1.0,1.0
9,E,Scrambling,10,Treating Asthma With Plants vs. Pills,1.0,1.0,1.0
9,E,Scrambling,10,How Fruits and Vegetables Can Treat Asthma,1.0,1.0,1.0
9,E,Scrambling,10,How Fruits and Vegetables Can Prevent Asthma,1.0,1.0,1.0
9,E,Scrambling,10,Our Tax Dollars Subsidize Unhealthy Foods,1.0,1.0,1.0
9,E,Scrambling,10,Reducing Arsenic in Chicken and Rice,1.0,1.0,1.0
9,E,Scrambling,10,How Contaminated Are Our Children?,1.0,1.0,1.0
9,E,Scrambling,10,"Blood Type Diet Perceived as ""Crass Fraud""",1.0,1.0,1.0
9,E,Scrambling,10,Why Do Heart Doctors Favor Surgery and Drugs Over Diet?,1.0,1.0,1.0
9,E,Scrambling,20,Breast Cancer Cells Feed on Cholesterol,1.0,1.0,1.0
9,E,Scrambling,20,Using Diet to Treat Asthma and Eczema,1.0,1.0,1.0
9,E,Scrambling,20,Treating Asthma With Plants vs. Pills,1.0,1.0,1.0
9,E,Scrambling,20,How Fruits and Vegetables Can Treat Asthma,1.0,1.0,1.0
9,E,Scrambling,20,How Fruits and Vegetables Can Prevent Asthma,1.0,1.0,1.0
9,E,Scrambling,20,Our Tax Dollars Subsidize Unhealthy Foods,1.0,1.0,1.0
9,E,Scrambling,20,Reducing Arsenic in Chicken and Rice,1.0,1.0,1.0
9,E,Scrambling,20,How Contaminated Are Our Children?,1.0,1.0,1.0
9,E,Scrambling,20,"Blood Type Diet Perceived as ""Crass Fraud""",1.0,1.0,1.0
9,E,Scrambling,20,Why Do Heart Doctors Favor Surgery and Drugs Over Diet?,1.0,1.0,1.0
9,E,Scrambling,50,Breast Cancer Cells Feed on Cholesterol,1.0,1.0,0.9984
9,E,Scrambling,50,Using Diet to Treat Asthma and Eczema,1.0,1.0,1.0
9,E,Scrambling,50,Treating Asthma With Plants vs. Pills,1.0,1.0,1.0
9,E,Scrambling,50,How Fruits and Vegetables Can Treat Asthma,1.0,1.0,1.0
9,E,Scrambling,50,How Fruits and Vegetables Can Prevent Asthma,1.0,1.0,1.0
9,E,Scrambling,50,Our Tax Dollars Subsidize Unhealthy Foods,1.0,1.0,1.0
9,E,Scrambling,50,Reducing Arsenic in Chicken and Rice,1.0,1.0,0.9984
9,E,Scrambling,50,How Contaminated Are Our Children?,1.0,1.0,1.0
9,E,Scrambling,50,"Blood Type Diet Perceived as ""Crass Fraud""",1.0,1.0,1.0
9,E,Scrambling,50,Why Do Heart Doctors Favor Surgery and Drugs Over Diet?,1.0,1.0,1.0
9,E,Noise,1,Breast Cancer Cells Feed on Cholesterol,1.0,1.0,1.0
9,E,Noise,1,Using Diet to Treat Asthma and Eczema,1.0,1.0,1.0
9,E,Noise,1,Treating Asthma With Plants vs. Pills,1.0,1.0,1.0
9,E,Noise,1,How Fruits and Vegetables Can Treat Asthma,1.0,1.0,1.0
9,E,Noise,1,How Fruits and Vegetables Can Prevent Asthma,0.0,0.9975,1.0
9,E,Noise,1,Our Tax Dollars Subsidize Unhealthy Foods,1.0,1.0,1.0
9,E,Noise,1,Reducing Arsenic in Chicken and Rice,1.0,1.0,1.0
9,E,Noise,1,How Contaminated Are Our Children?,1.0,1.0,1.0
9,E,Noise,1,"Blood Type Diet Perceived as ""Crass Fraud""",1.0,1.0,1.0
9,E,Noise,1,Why Do Heart Doctors Favor Surgery and Drugs Over Diet?,1.0,1.0,1.0
9,E,Noise,5,Breast Cancer Cells Feed on Cholesterol,1.0,1.0,1.0
9,E,Noise,5,Using Diet to Treat Asthma and Eczema,1.0,1.0,1.0
9,E,Noise,5,Treating Asthma With Plants vs. Pills,1.0,0.9997,0.4
9,E,Noise,5,How Fruits and Vegetables Can Treat Asthma,1.0,1.0,1.0
9,E,Noise,5,How Fruits and Vegetables Can Prevent Asthma,1.0,0.9996,0.6
9,E,Noise,5,Our Tax Dollars Subsidize Unhealthy Foods,1.0,1.0,1.0
9,E,Noise,5,Reducing Arsenic in Chicken and Rice,1.0,1.0,1.0
9,E,Noise,5,How Contaminated Are Our Children?,1.0,1.0,1.0
9,E,Noise,5,"Blood Type Diet Perceived as ""Crass Fraud""",1.0,1.0,1.0
9,E,Noise,5,Why Do Heart Doctors Favor Surgery and Drugs Over Diet?,1.0,1.0,0.8
9,E,Noise,10,Breast Cancer Cells Feed on Cholesterol,1.0,1.0,1.0
9,E,Noise,10,Using Diet to Treat Asthma and Eczema,1.0,1.0,1.0
9,E,Noise,10,Treating Asthma With Plants vs. Pills,1.0,0.9998,0.8667
9,E,Noise,10,How Fruits and Vegetables Can Treat Asthma,0.9,0.9997,1.0
9,E,Noise,10,How Fruits and Vegetables Can Prevent Asthma,1.0,0.9997,0.9111
9,E,Noise,10,Our Tax Dollars Subsidize Unhealthy Foods,1.0,1.0,1.0
9,E,Noise,10,Reducing Arsenic in Chicken and Rice,1.0,1.0,0.9556
9,E,Noise,10,How Contaminated Are Our Children?,1.0,1.0,1.0
9,E,Noise,10,"Blood Type Diet Perceived as ""Crass Fraud""",1.0,1.0,0.9556
9,E,Noise,10,Why Do Heart Doctors Favor Surgery and Drugs Over Diet?,1.0,1.0,0.9556
9,E,Noise,20,Breast Cancer Cells Feed on Cholesterol,0.95,0.9999,0.9895
9,E,Noise,20,Using Diet to Treat Asthma and Eczema,0.95,1.0,0.9895
9,E,Noise,20,Treating Asthma With Plants vs. Pills,1.0,0.9999,0.9579
9,E,Noise,20,How Fruits and Vegetables Can Treat Asthma,1.0,1.0,0.9895
9,E,Noise,20,How Fruits and Vegetables Can Prevent Asthma,1.0,0.9998,0.9684
9,E,Noise,20,Our Tax Dollars Subsidize Unhealthy Foods,0.95,0.9999,0.9579
9,E,Noise,20,Reducing Arsenic in Chicken and Rice,1.0,1.0,0.9368
9,E,Noise,20,How Contaminated Are Our Children?,0.95,0.9998,0.9789
9,E,Noise,20,"Blood Type Diet Perceived as ""Crass Fraud""",1.0,1.0,0.9684
9,E,Noise,20,Why Do Heart Doctors Favor Surgery and Drugs Over Diet?,1.0,1.0,0.9684
9,E,Noise,50,Breast Cancer Cells Feed on Cholesterol,0.96,0.9764,0.9628
9,E,Noise,50,Using Diet to Treat Asthma and Eczema,0.98,0.9891,0.9745
9,E,Noise,50,Treating Asthma With Plants vs. Pills,1.0,0.9999,0.9706
9,E,Noise,50,How Fruits and Vegetables Can Treat Asthma,0.98,0.9883,0.9762
9,E,Noise,50,How Fruits and Vegetables Can Prevent Asthma,1.0,0.9999,0.9527
9,E,Noise,50,Our Tax Dollars Subsidize Unhealthy Foods,0.98,0.9882,0.9626
9,E,Noise,50,Reducing Arsenic in Chicken and Rice,0.98,0.9897,0.9626
9,E,Noise,50,How Contaminated Are Our Children?,0.98,0.9882,0.9745
9,E,Noise,50,"Blood Type Diet Perceived as ""Crass Fraud""",0.98,0.9879,0.9643
9,E,Noise,50,Why Do Heart Doctors Favor Surgery and Drugs Over Diet?,0.98,0.9878,0.9609
9,E,Combined,1,Breast Cancer Cells Feed on Cholesterol,1.0,1.0,1.0
9,E,Combined,1,Using Diet to Treat Asthma and Eczema,1.0,1.0,1.0
9,E,Combined,1,Treating Asthma With Plants vs. Pills,1.0,1.0,1.0
9,E,Combined,1,How Fruits and Vegetables Can Treat Asthma,1.0,1.0,1.0
9,E,Combined,1,How Fruits and Vegetables Can Prevent Asthma,1.0,1.0,1.0
9,E,Combined,1,Our Tax Dollars Subsidize Unhealthy Foods,1.0,1.0,1.0
9,E,Combined,1,Reducing Arsenic in Chicken and Rice,1.0,1.0,1.0
9,E,Combined,1,How Contaminated Are Our Children?,1.0,1.0,1.0
9,E,Combined,1,"Blood Type Diet Perceived as ""Crass Fraud""",1.0,1.0,1.0
9,E,Combined,1,Why Do Heart Doctors Favor Surgery and Drugs Over Diet?,1.0,1.0,1.0
9,E,Combined,5,Breast Cancer Cells Feed on Cholesterol,1.0,1.0,1.0
9,E,Combined,5,Using Diet to Treat Asthma and Eczema,1.0,1.0,1.0
9,E,Combined,5,Treating Asthma With Plants vs. Pills,1.0,1.0,0.8
9,E,Combined,5,How Fruits and Vegetables Can Treat Asthma,1.0,1.0,1.0
9,E,Combined,5,How Fruits and Vegetables Can Prevent Asthma,1.0,1.0,0.8
9,E,Combined,5,Our Tax Dollars Subsidize Unhealthy Foods,0.8,0.9993,1.0
9,E,Combined,5,Reducing Arsenic in Chicken and Rice,1.0,1.0,1.0
9,E,Combined,5,How Contaminated Are Our Children?,1.0,1.0,1.0
9,E,Combined,5,"Blood Type Diet Perceived as ""Crass Fraud""",1.0,1.0,1.0
9,E,Combined,5,Why Do Heart Doctors Favor Surgery and Drugs Over Diet?,1.0,1.0,1.0
9,E,Combined,10,Breast Cancer Cells Feed on Cholesterol,1.0,1.0,1.0
9,E,Combined,10,Using Diet to Treat Asthma and Eczema,1.0,1.0,1.0
9,E,Combined,10,Treating Asthma With Plants vs. Pills,1.0,1.0,0.9556
9,E,Combined,10,How Fruits and Vegetables Can Treat Asthma,1.0,1.0,1.0
9,E,Combined,10,How Fruits and Vegetables Can Prevent Asthma,1.0,1.0,0.9556
9,E,Combined,10,Our Tax Dollars Subsidize Unhealthy Foods,1.0,1.0,0.9556
9,E,Combined,10,Reducing Arsenic in Chicken and Rice,1.0,1.0,1.0
9,E,Combined,10,How Contaminated Are Our Children?,1.0,1.0,1.0
9,E,Combined,10,"Blood Type Diet Perceived as ""Crass Fraud""",1.0,1.0,0.9556
9,E,Combined,10,Why Do Heart Doctors Favor Surgery and Drugs Over Diet?,1.0,1.0,0.9556
9,E,Combined,20,Breast Cancer Cells Feed on Cholesterol,0.95,0.9999,0.9579
9,E,Combined,20,Using Diet to Treat Asthma and Eczema,1.0,1.0,0.9789
9,E,Combined,20,Treating Asthma With Plants vs. Pills,1.0,1.0,0.9684
9,E,Combined,20,How Fruits and Vegetables Can Treat Asthma,1.0,1.0,0.9684
9,E,Combined,20,How Fruits and Vegetables Can Prevent Asthma,1.0,1.0,0.9684
9,E,Combined,20,Our Tax Dollars Subsidize Unhealthy Foods,0.95,0.9999,0.9684
9,E,Combined,20,Reducing Arsenic in Chicken and Rice,1.0,1.0,0.9895
9,E,Combined,20,How Contaminated Are Our Children?,0.95,0.9997,0.9895
9,E,Combined,20,"Blood Type Diet Perceived as ""Crass Fraud""",1.0,1.0,0.9474
9,E,Combined,20,Why Do Heart Doctors Favor Surgery and Drugs Over Diet?,0.95,1.0,0.9789
9,E,Combined,50,Breast Cancer Cells Feed on Cholesterol,0.98,0.9882,0.9541
9,E,Combined,50,Using Diet to Treat Asthma and Eczema,0.98,0.989,0.9745
9,E,Combined,50,Treating Asthma With Plants vs. Pills,1.0,1.0,0.9608
9,E,Combined,50,How Fruits and Vegetables Can Treat Asthma,0.98,0.9883,0.9592
9,E,Combined,50,How Fruits and Vegetables Can Prevent Asthma,1.0,1.0,0.9445
9,E,Combined,50,Our Tax Dollars Subsidize Unhealthy Foods,0.98,0.9883,0.9626
9,E,Combined,50,Reducing Arsenic in Chicken and Rice,0.96,0.9793,0.9628
9,E,Combined,50,How Contaminated Are Our Children?,0.98,0.9882,0.966
9,E,Combined,50,"Blood Type Diet Perceived as ""Crass Fraud""",0.98,0.9876,0.9609
9,E,Combined,50,Why Do Heart Doctors Favor Surgery and Drugs Over Diet?,1.0,1.0,0.9543
9,E,Rome,1,Breast Cancer Cells Feed on Cholesterol,1.0,1.0,1.0
9,E,Rome,1,Using Diet to Treat Asthma and Eczema,1.0,1.0,1.0
9,E,Rome,1,Treating Asthma With Plants vs. Pills,1.0,1.0,1.0
9,E,Rome,1,How Fruits and Vegetables Can Treat Asthma,1.0,1.0,1.0
9,E,Rome,1,How Fruits and Vegetables Can Prevent Asthma,1.0,1.0,1.0
9,E,Rome,1,Our Tax Dollars Subsidize Unhealthy Foods,1.0,1.0,1.0
9,E,Rome,1,Reducing Arsenic in Chicken and Rice,1.0,1.0,1.0
9,E,Rome,1,How Contaminated Are Our Children?,1.0,1.0,1.0
9,E,Rome,1,"Blood Type Diet Perceived as ""Crass Fraud""",1.0,1.0,1.0
9,E,Rome,1,Why Do Heart Doctors Favor Surgery and Drugs Over Diet?,1.0,1.0,1.0
9,E,Rome,5,Breast Cancer Cells Feed on Cholesterol,1.0,1.0,1.0
9,E,Rome,5,Using Diet to Treat Asthma and Eczema,1.0,1.0,1.0
9,E,Rome,5,Treating Asthma With Plants vs. Pills,1.0,1.0,1.0
9,E,Rome,5,How Fruits and Vegetables Can Treat Asthma,1.0,1.0,1.0
9,E,Rome,5,How Fruits and Vegetables Can Prevent Asthma,1.0,1.0,1.0
9,E,Rome,5,Our Tax Dollars Subsidize Unhealthy Foods,1.0,1.0,1.0
9,E,Rome,5,Reducing Arsenic in Chicken and Rice,1.0,1.0,1.0
9,E,Rome,5,How Contaminated Are Our Children?,1.0,1.0,1.0
9,E,Rome,5,"Blood Type Diet Perceived as ""Crass Fraud""",1.0,1.0,1.0
9,E,Rome,5,Why Do Heart Doctors Favor Surgery and Drugs Over Diet?,1.0,1.0,1.0
9,E,Rome,10,Breast Cancer Cells Feed on Cholesterol,1.0,1.0,1.0
9,E,Rome,10,Using Diet to Treat Asthma and Eczema,1.0,1.0,1.0
9,E,Rome,10,Treating Asthma With Plants vs. Pills,1.0,1.0,1.0
9,E,Rome,10,How Fruits and Vegetables Can Treat Asthma,1.0,1.0,1.0
9,E,Rome,10,How Fruits and Vegetables Can Prevent Asthma,1.0,1.0,1.0
9,E,Rome,10,Our Tax Dollars Subsidize Unhealthy Foods,1.0,1.0,1.0
9,E,Rome,10,Reducing Arsenic in Chicken and Rice,1.0,1.0,1.0
9,E,Rome,10,How Contaminated Are Our Children?,1.0,1.0,1.0
9,E,Rome,10,"Blood Type Diet Perceived as ""Crass Fraud""",1.0,1.0,1.0
9,E,Rome,10,Why Do Heart Doctors Favor Surgery and Drugs Over Diet?,1.0,1.0,1.0
9,E,Rome,20,Breast Cancer Cells Feed on Cholesterol,1.0,1.0,1.0
9,E,Rome,20,Using Diet to Treat Asthma and Eczema,1.0,1.0,1.0
9,E,Rome,20,Treating Asthma With Plants vs. Pills,1.0,1.0,1.0
9,E,Rome,20,How Fruits and Vegetables Can Treat Asthma,1.0,1.0,1.0
9,E,Rome,20,How Fruits and Vegetables Can Prevent Asthma,1.0,1.0,1.0
9,E,Rome,20,Our Tax Dollars Subsidize Unhealthy Foods,1.0,1.0,1.0
9,E,Rome,20,Reducing Arsenic in Chicken and Rice,1.0,1.0,1.0
9,E,Rome,20,How Contaminated Are Our Children?,1.0,1.0,1.0
9,E,Rome,20,"Blood Type Diet Perceived as ""Crass Fraud""",1.0,1.0,1.0
9,E,Rome,20,Why Do Heart Doctors Favor Surgery and Drugs Over Diet?,1.0,1.0,1.0
9,E,Rome,50,Breast Cancer Cells Feed on Cholesterol,1.0,1.0,1.0
9,E,Rome,50,Using Diet to Treat Asthma and Eczema,1.0,1.0,1.0
9,E,Rome,50,Treating Asthma With Plants vs. Pills,1.0,1.0,1.0
9,E,Rome,50,How Fruits and Vegetables Can Treat Asthma,1.0,1.0,0.9984
9,E,Rome,50,How Fruits and Vegetables Can Prevent Asthma,1.0,1.0,0.9984
9,E,Rome,50,Our Tax Dollars Subsidize Unhealthy Foods,1.0,1.0,1.0
9,E,Rome,50,Reducing Arsenic in Chicken and Rice,1.0,1.0,0.9984
9,E,Rome,50,How Contaminated Are Our Children?,1.0,1.0,1.0
9,E,Rome,50,"Blood Type Diet Perceived as ""Crass Fraud""",1.0,1.0,1.0
9,E,Rome,50,Why Do Heart Doctors Favor Surgery and Drugs Over Diet?,1.0,1.0,1.0
9,E,RomeCombined,1,Breast Cancer Cells Feed on Cholesterol,1.0,1.0,1.0
9,E,RomeCombined,1,Using Diet to Treat Asthma and Eczema,1.0,1.0,1.0
9,E,RomeCombined,1,Treating Asthma With Plants vs. Pills,1.0,1.0,1.0
9,E,RomeCombined,1,How Fruits and Vegetables Can Treat Asthma,1.0,1.0,1.0
9,E,RomeCombined,1,How Fruits and Vegetables Can Prevent Asthma,1.0,1.0,1.0
9,E,RomeCombined,1,Our Tax Dollars Subsidize Unhealthy Foods,1.0,1.0,1.0
9,E,RomeCombined,1,Reducing Arsenic in Chicken and Rice,1.0,1.0,1.0
9,E,RomeCombined,1,How Contaminated Are Our Children?,1.0,1.0,1.0
9,E,RomeCombined,1,"Blood Type Diet Perceived as ""Crass Fraud""",1.0,1.0,1.0
9,E,RomeCombined,1,Why Do Heart Doctors Favor Surgery and Drugs Over Diet?,1.0,1.0,1.0
9,E,RomeCombined,5,Breast Cancer Cells Feed on Cholesterol,1.0,1.0,1.0
9,E,RomeCombined,5,Using Diet to Treat Asthma and Eczema,1.0,1.0,1.0
9,E,RomeCombined,5,Treating Asthma With Plants vs. Pills,1.0,0.9999,0.6
9,E,RomeCombined,5,How Fruits and Vegetables Can Treat Asthma,1.0,1.0,1.0
9,E,RomeCombined,5,How Fruits and Vegetables Can Prevent Asthma,1.0,1.0,0.8
9,E,RomeCombined,5,Our Tax Dollars Subsidize Unhealthy Foods,1.0,1.0,1.0
9,E,RomeCombined,5,Reducing Arsenic in Chicken and Rice,1.0,1.0,1.0
9,E,RomeCombined,5,How Contaminated Are Our Children?,1.0,1.0,1.0
9,E,RomeCombined,5,"Blood Type Diet Perceived as ""Crass Fraud""",1.0,1.0,1.0
9,E,RomeCombined,5,Why Do Heart Doctors Favor Surgery and Drugs Over Diet?,1.0,0.9997,0.4
9,E,RomeCombined,10,Breast Cancer Cells Feed on Cholesterol,1.0,1.0,1.0
9,E,RomeCombined,10,Using Diet to Treat Asthma and Eczema,1.0,1.0,1.0
9,E,RomeCombined,10,Treating Asthma With Plants vs. Pills,1.0,0.9999,0.9111
9,E,RomeCombined,10,How Fruits and Vegetables Can Treat Asthma,1.0,1.0,1.0
9,E,RomeCombined,10,How Fruits and Vegetables Can Prevent Asthma,1.0,1.0,0.9556
9,E,RomeCombined,10,Our Tax Dollars Subsidize Unhealthy Foods,0.9,0.9996,0.9556
9,E,RomeCombined,10,Reducing Arsenic in Chicken and Rice,1.0,1.0,1.0
9,E,RomeCombined,10,How Contaminated Are Our Children?,1.0,1.0,1.0
9,E,RomeCombined,10,"Blood Type Diet Perceived as ""Crass Fraud""",1.0,1.0,0.8667
9,E,RomeCombined,10,Why Do Heart Doctors Favor Surgery and Drugs Over Diet?,1.0,0.9998,0.7778
9,E,RomeCombined,20,Breast Cancer Cells Feed on Cholesterol,1.0,1.0,0.9789
9,E,RomeCombined,20,Using Diet to Treat Asthma and Eczema,1.0,1.0,0.9684
9,E,RomeCombined,20,Treating Asthma With Plants vs. Pills,1.0,0.9999,0.9263
9,E,RomeCombined,20,How Fruits and Vegetables Can Treat Asthma,1.0,1.0,0.9895
9,E,RomeCombined,20,How Fruits and Vegetables Can Prevent Asthma,1.0,1.0,0.9895
9,E,RomeCombined,20,Our Tax Dollars Subsidize Unhealthy Foods,1.0,1.0,0.9579
9,E,RomeCombined,20,Reducing Arsenic in Chicken and Rice,1.0,1.0,0.9579
9,E,RomeCombined,20,How Contaminated Are Our Children?,1.0,1.0,0.9789
9,E,RomeCombined,20,"Blood Type Diet Perceived as ""Crass Fraud""",1.0,1.0,0.9368
9,E,RomeCombined,20,Why Do Heart Doctors Favor Surgery and Drugs Over Diet?,0.95,0.9998,0.9158
9,E,RomeCombined,50,Breast Cancer Cells Feed on Cholesterol,1.0,1.0,0.9673
9,E,RomeCombined,50,Using Diet to Treat Asthma and Eczema,1.0,1.0,0.9673
9,E,RomeCombined,50,Treating Asthma With Plants vs. Pills,1.0,1.0,0.9641
9,E,RomeCombined,50,How Fruits and Vegetables Can Treat Asthma,0.98,0.9883,0.966
9,E,RomeCombined,50,How Fruits and Vegetables Can Prevent Asthma,1.0,1.0,0.9314
9,E,RomeCombined,50,Our Tax Dollars Subsidize Unhealthy Foods,0.98,0.9882,0.9677
9,E,RomeCombined,50,Reducing Arsenic in Chicken and Rice,0.98,0.9897,0.9711
9,E,RomeCombined,50,How Contaminated Are Our Children?,0.98,0.9882,0.9694
9,E,RomeCombined,50,"Blood Type Diet Perceived as ""Crass Fraud""",0.98,0.9877,0.9439
9,E,RomeCombined,50,Why Do Heart Doctors Favor Surgery and Drugs Over Diet?,0.98,0.9878,0.9575
9,E,Romm,1,Breast Cancer Cells Feed on Cholesterol,1.0,1.0,1.0
9,E,Romm,1,Using Diet to Treat Asthma and Eczema,1.0,1.0,1.0
9,E,Romm,1,Treating Asthma With Plants vs. Pills,1.0,1.0,1.0
9,E,Romm,1,How Fruits and Vegetables Can Treat Asthma,1.0,1.0,1.0
9,E,Romm,1,How Fruits and Vegetables Can Prevent Asthma,1.0,1.0,1.0
9,E,Romm,1,Our Tax Dollars Subsidize Unhealthy Foods,1.0,1.0,1.0
9,E,Romm,1,Reducing Arsenic in Chicken and Rice,1.0,1.0,1.0
9,E,Romm,1,How Contaminated Are Our Children?,1.0,1.0,1.0
9,E,Romm,1,"Blood Type Diet Perceived as ""Crass Fraud""",1.0,1.0,1.0
9,E,Romm,1,Why Do Heart Doctors Favor Surgery and Drugs Over Diet?,1.0,1.0,1.0
9,E,Romm,5,Breast Cancer Cells Feed on Cholesterol,1.0,1.0,1.0
9,E,Romm,5,Using Diet to Treat Asthma and Eczema,1.0,1.0,1.0
9,E,Romm,5,Treating Asthma With Plants vs. Pills,1.0,1.0,1.0
9,E,Romm,5,How Fruits and Vegetables Can Treat Asthma,1.0,1.0,1.0
9,E,Romm,5,How Fruits and Vegetables Can Prevent Asthma,1.0,1.0,1.0
9,E,Romm,5,Our Tax Dollars Subsidize Unhealthy Foods,1.0,1.0,1.0
9,E,Romm,5,Reducing Arsenic in Chicken and Rice,1.0,1.0,1.0
9,E,Romm,5,How Contaminated Are Our Children?,1.0,1.0,1.0
9,E,Romm,5,"Blood Type Diet Perceived as ""Crass Fraud""",1.0,1.0,1.0
9,E,Romm,5,Why Do Heart Doctors Favor Surgery and Drugs Over Diet?,1.0,1.0,1.0
9,E,Romm,10,Breast Cancer Cells Feed on Cholesterol,1.0,1.0,1.0
9,E,Romm,10,Using Diet to Treat Asthma and Eczema,1.0,1.0,1.0
9,E,Romm,10,Treating Asthma With Plants vs. Pills,1.0,1.0,1.0
9,E,Romm,10,How Fruits and Vegetables Can Treat Asthma,1.0,1.0,1.0
9,E,Romm,10,How Fruits and Vegetables Can Prevent Asthma,1.0,1.0,1.0
9,E,Romm,10,Our Tax Dollars Subsidize Unhealthy Foods,1.0,1.0,1.0
9,E,Romm,10,Reducing Arsenic in Chicken and Rice,1.0,1.0,1.0
9,E,Romm,10,How Contaminated Are Our Children?,1.0,1.0,1.0
9,E,Romm,10,"Blood Type Diet Perceived as ""Crass Fraud""",1.0,1.0,1.0
9,E,Romm,10,Why Do Heart Doctors Favor Surgery and Drugs Over Diet?,1.0,1.0,1.0
9,E,Romm,20,Breast Cancer Cells Feed on Cholesterol,1.0,1.0,1.0
9,E,Romm,20,Using Diet to Treat Asthma and Eczema,1.0,1.0,1.0
9,E,Romm,20,Treating Asthma With Plants vs. Pills,1.0,1.0,1.0
9,E,Romm,20,How Fruits and Vegetables Can Treat Asthma,1.0,1.0,1.0
9,E,Romm,20,How Fruits and Vegetables Can Prevent Asthma,1.0,1.0,1.0
9,E,Romm,20,Our Tax Dollars Subsidize Unhealthy Foods,1.0,1.0,1.0
9,E,Romm,20,Reducing Arsenic in Chicken and Rice,1.0,1.0,1.0
9,E,Romm,20,How Contaminated Are Our Children?,1.0,1.0,1.0
9,E,Romm,20,"Blood Type Diet Perceived as ""Crass Fraud""",1.0,1.0,1.0
9,E,Romm,20,Why Do Heart Doctors Favor Surgery and Drugs Over Diet?,1.0,1.0,1.0
9,E,Romm,50,Breast Cancer Cells Feed on Cholesterol,1.0,1.0,0.9984
9,E,Romm,50,Using Diet to Treat Asthma and Eczema,1.0,1.0,1.0
9,E,Romm,50,Treating Asthma With Plants vs. Pills,1.0,1.0,1.0
9,E,Romm,50,How Fruits and Vegetables Can Treat Asthma,1.0,1.0,0.9984
9,E,Romm,50,How Fruits and Vegetables Can Prevent Asthma,1.0,1.0,0.9984
9,E,Romm,50,Our Tax Dollars Subsidize Unhealthy Foods,1.0,1.0,1.0
9,E,Romm,50,Reducing Arsenic in Chicken and Rice,1.0,1.0,1.0
9,E,Romm,50,How Contaminated Are Our Children?,1.0,1.0,1.0
9,E,Romm,50,"Blood Type Diet Perceived as ""Crass Fraud""",1.0,1.0,1.0
9,E,Romm,50,Why Do Heart Doctors Favor Surgery and Drugs Over Diet?,1.0,1.0,1.0
9,E,RommCombined,1,Breast Cancer Cells Feed on Cholesterol,1.0,1.0,1.0
9,E,RommCombined,1,Using Diet to Treat Asthma and Eczema,1.0,1.0,1.0
9,E,RommCombined,1,Treating Asthma With Plants vs. Pills,1.0,1.0,1.0
9,E,RommCombined,1,How Fruits and Vegetables Can Treat Asthma,1.0,1.0,1.0
9,E,RommCombined,1,How Fruits and Vegetables Can Prevent Asthma,1.0,1.0,1.0
9,E,RommCombined,1,Our Tax Dollars Subsidize Unhealthy Foods,1.0,1.0,1.0
9,E,RommCombined,1,Reducing Arsenic in Chicken and Rice,1.0,1.0,1.0
9,E,RommCombined,1,How Contaminated Are Our Children?,1.0,1.0,1.0
9,E,RommCombined,1,"Blood Type Diet Perceived as ""Crass Fraud""",1.0,1.0,1.0
9,E,RommCombined,1,Why Do Heart Doctors Favor Surgery and Drugs Over Diet?,1.0,1.0,1.0
9,E,RommCombined,5,Breast Cancer Cells Feed on Cholesterol,1.0,1.0,1.0
9,E,RommCombined,5,Using Diet to Treat Asthma and Eczema,1.0,1.0,1.0
9,E,RommCombined,5,Treating Asthma With Plants vs. Pills,1.0,0.9999,0.8
9,E,RommCombined,5,How Fruits and Vegetables Can Treat Asthma,1.0,1.0,1.0
9,E,RommCombined,5,How Fruits and Vegetables Can Prevent Asthma,1.0,1.0,1.0
9,E,RommCombined,5,Our Tax Dollars Subsidize Unhealthy Foods,0.8,0.9993,1.0
9,E,RommCombined,5,Reducing Arsenic in Chicken and Rice,1.0,1.0,1.0
9,E,RommCombined,5,How Contaminated Are Our Children?,1.0,1.0,1.0
9,E,RommCombined,5,"Blood Type Diet Perceived as ""Crass Fraud""",1.0,1.0,1.0
9,E,RommCombined,5,Why Do Heart Doctors Favor Surgery and Drugs Over Diet?,1.0,1.0,0.8
9,E,RommCombined,10,Breast Cancer Cells Feed on Cholesterol,0.9,0.9998,1.0
9,E,RommCombined,10,Using Diet to Treat Asthma and Eczema,1.0,1.0,0.9556
9,E,RommCombined,10,Treating Asthma With Plants vs. Pills,1.0,1.0,0.9556
9,E,RommCombined,10,How Fruits and Vegetables Can Treat Asthma,1.0,1.0,1.0
9,E,RommCombined,10,How Fruits and Vegetables Can Prevent Asthma,1.0,1.0,1.0
9,E,RommCombined,10,Our Tax Dollars Subsidize Unhealthy Foods,1.0,1.0,0.9111
9,E,RommCombined,10,Reducing Arsenic in Chicken and Rice,1.0,1.0,1.0
9,E,RommCombined,10,How Contaminated Are Our Children?,1.0,1.0,0.9556
9,E,RommCombined,10,"Blood Type Diet Perceived as ""Crass Fraud""",1.0,1.0,0.9111
9,E,RommCombined,10,Why Do Heart Doctors Favor Surgery and Drugs Over Diet?,1.0,1.0,0.9111
9,E,RommCombined,20,Breast Cancer Cells Feed on Cholesterol,1.0,1.0,0.9474
9,E,RommCombined,20,Using Diet to Treat Asthma and Eczema,1.0,1.0,0.9474
9,E,RommCombined,20,Treating Asthma With Plants vs. Pills,1.0,1.0,0.9789
9,E,RommCombined,20,How Fruits and Vegetables Can Treat Asthma,0.95,0.9998,1.0
9,E,RommCombined,20,How Fruits and Vegetables Can Prevent Asthma,1.0,1.0,0.9895
9,E,RommCombined,20,Our Tax Dollars Subsidize Unhealthy Foods,1.0,1.0,0.9579
9,E,RommCombined,20,Reducing Arsenic in Chicken and Rice,1.0,1.0,0.9368
9,E,RommCombined,20,How Contaminated Are Our Children?,1.0,1.0,0.9684
9,E,RommCombined,20,"Blood Type Diet Perceived as ""Crass Fraud""",1.0,1.0,0.9263
9,E,RommCombined,20,Why Do Heart Doctors Favor Surgery and Drugs Over Diet?,0.95,0.9999,0.9263
9,E,RommCombined,50,Breast Cancer Cells Feed on Cholesterol,0.98,0.9882,0.9507
9,E,RommCombined,50,Using Diet to Treat Asthma and Eczema,1.0,1.0,0.9722
9,E,RommCombined,50,Treating Asthma With Plants vs. Pills,0.98,0.9886,0.9796
9,E,RommCombined,50,How Fruits and Vegetables Can Treat Asthma,1.0,1.0,0.969
9,E,RommCombined,50,How Fruits and Vegetables Can Prevent Asthma,0.98,0.9882,0.966
9,E,RommCombined,50,Our Tax Dollars Subsidize Unhealthy Foods,0.96,0.9765,0.9699
9,E,RommCombined,50,Reducing Arsenic in Chicken and Rice,0.98,0.9897,0.9609
9,E,RommCombined,50,How Contaminated Are Our Children?,0.98,0.9882,0.9694
9,E,RommCombined,50,"Blood Type Diet Perceived as ""Crass Fraud""",1.0,1.0,0.951
9,E,RommCombined,50,Why Do Heart Doctors Favor Surgery and Drugs Over Diet?,0.98,0.9877,0.9728
9,E,Diehard,1,Breast Cancer Cells Feed on Cholesterol,1.0,1.0,1.0
9,E,Diehard,1,Using Diet to Treat Asthma and Eczema,1.0,1.0,1.0
9,E,Diehard,1,Treating Asthma With Plants vs. Pills,1.0,1.0,1.0
9,E,Diehard,1,How Fruits and Vegetables Can Treat Asthma,1.0,1.0,1.0
9,E,Diehard,1,How Fruits and Vegetables Can Prevent Asthma,1.0,1.0,1.0
9,E,Diehard,1,Our Tax Dollars Subsidize Unhealthy Foods,1.0,1.0,1.0
9,E,Diehard,1,Reducing Arsenic in Chicken and Rice,1.0,1.0,1.0
9,E,Diehard,1,How Contaminated Are Our Children?,1.0,1.0,1.0
9,E,Diehard,1,"Blood Type Diet Perceived as ""Crass Fraud""",1.0,1.0,1.0
9,E,Diehard,1,Why Do Heart Doctors Favor Surgery and Drugs Over Diet?,1.0,1.0,1.0
9,E,Diehard,5,Breast Cancer Cells Feed on Cholesterol,1.0,1.0,1.0
9,E,Diehard,5,Using Diet to Treat Asthma and Eczema,1.0,1.0,1.0
9,E,Diehard,5,Treating Asthma With Plants vs. Pills,1.0,1.0,1.0
9,E,Diehard,5,How Fruits and Vegetables Can Treat Asthma,1.0,1.0,1.0
9,E,Diehard,5,How Fruits and Vegetables Can Prevent Asthma,1.0,1.0,1.0
9,E,Diehard,5,Our Tax Dollars Subsidize Unhealthy Foods,1.0,1.0,1.0
9,E,Diehard,5,Reducing Arsenic in Chicken and Rice,1.0,1.0,1.0
9,E,Diehard,5,How Contaminated Are Our Children?,1.0,1.0,1.0
9,E,Diehard,5,"Blood Type Diet Perceived as ""Crass Fraud""",1.0,1.0,1.0
9,E,Diehard,5,Why Do Heart Doctors Favor Surgery and Drugs Over Diet?,1.0,1.0,1.0
9,E,Diehard,10,Breast Cancer Cells Feed on Cholesterol,1.0,1.0,1.0
9,E,Diehard,10,Using Diet to Treat Asthma and Eczema,1.0,1.0,1.0
9,E,Diehard,10,Treating Asthma With Plants vs. Pills,1.0,1.0,1.0
9,E,Diehard,10,How Fruits and Vegetables Can Treat Asthma,1.0,1.0,1.0
9,E,Diehard,10,How Fruits and Vegetables Can Prevent Asthma,1.0,1.0,1.0
9,E,Diehard,10,Our Tax Dollars Subsidize Unhealthy Foods,1.0,1.0,1.0
9,E,Diehard,10,Reducing Arsenic in Chicken and Rice,1.0,1.0,1.0
9,E,Diehard,10,How Contaminated Are Our Children?,1.0,1.0,1.0
9,E,Diehard,10,"Blood Type Diet Perceived as ""Crass Fraud""",1.0,1.0,1.0
9,E,Diehard,10,Why Do Heart Doctors Favor Surgery and Drugs Over Diet?,1.0,1.0,1.0
9,E,Diehard,20,Breast Cancer Cells Feed on Cholesterol,1.0,1.0,1.0
9,E,Diehard,20,Using Diet to Treat Asthma and Eczema,1.0,1.0,1.0
9,E,Diehard,20,Treating Asthma With Plants vs. Pills,1.0,1.0,1.0
9,E,Diehard,20,How Fruits and Vegetables Can Treat Asthma,1.0,1.0,1.0
9,E,Diehard,20,How Fruits and Vegetables Can Prevent Asthma,1.0,1.0,1.0
9,E,Diehard,20,Our Tax Dollars Subsidize Unhealthy Foods,1.0,1.0,1.0
9,E,Diehard,20,Reducing Arsenic in Chicken and Rice,1.0,1.0,1.0
9,E,Diehard,20,How Contaminated Are Our Children?,1.0,1.0,1.0
9,E,Diehard,20,"Blood Type Diet Perceived as ""Crass Fraud""",1.0,1.0,1.0
9,E,Diehard,20,Why Do Heart Doctors Favor Surgery and Drugs Over Diet?,1.0,1.0,1.0
9,E,Diehard,50,Breast Cancer Cells Feed on Cholesterol,1.0,1.0,0.9984
9,E,Diehard,50,Using Diet to Treat Asthma and Eczema,1.0,1.0,1.0
9,E,Diehard,50,Treating Asthma With Plants vs. Pills,1.0,1.0,1.0
9,E,Diehard,50,How Fruits and Vegetables Can Treat Asthma,1.0,1.0,1.0
9,E,Diehard,50,How Fruits and Vegetables Can Prevent Asthma,1.0,1.0,1.0
9,E,Diehard,50,Our Tax Dollars Subsidize Unhealthy Foods,1.0,1.0,1.0
9,E,Diehard,50,Reducing Arsenic in Chicken and Rice,1.0,1.0,1.0
9,E,Diehard,50,How Contaminated Are Our Children?,1.0,1.0,1.0
9,E,Diehard,50,"Blood Type Diet Perceived as ""Crass Fraud""",1.0,1.0,1.0
9,E,Diehard,50,Why Do Heart Doctors Favor Surgery and Drugs Over Diet?,1.0,1.0,1.0
9,E,DiehardCombined,1,Breast Cancer Cells Feed on Cholesterol,1.0,1.0,1.0
9,E,DiehardCombined,1,Using Diet to Treat Asthma and Eczema,1.0,1.0,1.0
9,E,DiehardCombined,1,Treating Asthma With Plants vs. Pills,0.0,0.9587,1.0
9,E,DiehardCombined,1,How Fruits and Vegetables Can Treat Asthma,0.0,0.9703,1.0
9,E,DiehardCombined,1,How Fruits and Vegetables Can Prevent Asthma,1.0,1.0,1.0
9,E,DiehardCombined,1,Our Tax Dollars Subsidize Unhealthy Foods,1.0,1.0,1.0
9,E,DiehardCombined,1,Reducing Arsenic in Chicken and Rice,1.0,1.0,1.0
9,E,DiehardCombined,1,How Contaminated Are Our Children?,1.0,1.0,1.0
9,E,DiehardCombined,1,"Blood Type Diet Perceived as ""Crass Fraud""",1.0,1.0,1.0
9,E,DiehardCombined,1,Why Do Heart Doctors Favor Surgery and Drugs Over Diet?,1.0,1.0,1.0
9,E,DiehardCombined,5,Breast Cancer Cells Feed on Cholesterol,0.8,0.9902,0.4
9,E,DiehardCombined,5,Using Diet to Treat Asthma and Eczema,0.6,0.9704,0.8
9,E,DiehardCombined,5,Treating Asthma With Plants vs. Pills,0.8,0.9864,0.0
9,E,DiehardCombined,5,How Fruits and Vegetables Can Treat Asthma,0.8,0.9826,0.6
9,E,DiehardCombined,5,How Fruits and Vegetables Can Prevent Asthma,0.8,0.9944,0.8
9,E,DiehardCombined,5,Our Tax Dollars Subsidize Unhealthy Foods,0.8,0.994,0.8
9,E,DiehardCombined,5,Reducing Arsenic in Chicken and Rice,0.8,0.986,0.8
9,E,DiehardCombined,5,How Contaminated Are Our Children?,0.8,0.9941,0.8
9,E,DiehardCombined,5,"Blood Type Diet Perceived as ""Crass Fraud""",0.8,0.9901,0.8
9,E,DiehardCombined,5,Why Do Heart Doctors Favor Surgery and Drugs Over Diet?,1.0,0.9993,0.6
9,E,DiehardCombined,10,Breast Cancer Cells Feed on Cholesterol,0.9,0.993,0.5556
9,E,DiehardCombined,10,Using Diet to Treat Asthma and Eczema,0.8,0.9827,0.2889
9,E,DiehardCombined,10,Treating Asthma With Plants vs. Pills,0.9,0.9863,0.4667
9,E,DiehardCombined,10,How Fruits and Vegetables Can Treat Asthma,0.7,0.9833,0.6444
9,E,DiehardCombined,10,How Fruits and Vegetables Can Prevent Asthma,0.7,0.9933,0.6
9,E,DiehardCombined,10,Our Tax Dollars Subsidize Unhealthy Foods,0.7,0.9915,0.7333
9,E,DiehardCombined,10,Reducing Arsenic in Chicken and Rice,0.9,0.994,0.8222
9,E,DiehardCombined,10,How Contaminated Are Our Children?,0.7,0.9886,0.8222
9,E,DiehardCombined,10,"Blood Type Diet Perceived as ""Crass Fraud""",0.7,0.9367,0.7222
9,E,DiehardCombined,10,Why Do Heart Doctors Favor Surgery and Drugs Over Diet?,0.7,0.9894,0.7333
9,E,DiehardCombined,20,Breast Cancer Cells Feed on Cholesterol,0.7,0.9879,0.6105
9,E,DiehardCombined,20,Using Diet to Treat Asthma and Eczema,0.95,0.9938,0.5263
9,E,DiehardCombined,20,Treating Asthma With Plants vs. Pills,0.8,0.9879,0.6842
9,E,DiehardCombined,20,How Fruits and Vegetables Can Treat Asthma,0.9,0.9914,0.5579
9,E,DiehardCombined,20,How Fruits and Vegetables Can Prevent Asthma,0.9,0.9929,0.5895
9,E,DiehardCombined,20,Our Tax Dollars Subsidize Unhealthy Foods,0.75,0.992,0.5684
9,E,DiehardCombined,20,Reducing Arsenic in Chicken and Rice,0.65,0.9877,0.8632
9,E,DiehardCombined,20,How Contaminated Are Our Children?,0.8,0.991,0.6421
9,E,DiehardCombined,20,"Blood Type Diet Perceived as ""Crass Fraud""",0.55,0.9213,0.5817
9,E,DiehardCombined,20,Why Do Heart Doctors Favor Surgery and Drugs Over Diet?,0.8,0.9964,0.4842
9,E,DiehardCombined,50,Breast Cancer Cells Feed on Cholesterol,0.76,0.8328,0.5562
9,E,DiehardCombined,50,Using Diet to Treat Asthma and Eczema,0.88,0.9279,0.7484
9,E,DiehardCombined,50,Treating Asthma With Plants vs. Pills,0.94,0.9596,0.7132
9,E,DiehardCombined,50,How Fruits and Vegetables Can Treat Asthma,0.88,0.9196,0.6723
9,E,DiehardCombined,50,How Fruits and Vegetables Can Prevent Asthma,0.86,0.9085,0.67
9,E,DiehardCombined,50,Our Tax Dollars Subsidize Unhealthy Foods,0.78,0.8588,0.6437
9,E,DiehardCombined,50,Reducing Arsenic in Chicken and Rice,0.72,0.8413,0.5937
9,E,DiehardCombined,50,How Contaminated Are Our Children?,0.84,0.8954,0.626
9,E,DiehardCombined,50,"Blood Type Diet Perceived as ""Crass Fraud""",0.72,0.7959,0.4159
9,E,DiehardCombined,50,Why Do Heart Doctors Favor Surgery and Drugs Over Diet?,0.84,0.8956,0.5958
9,E,Ckks,1,Breast Cancer Cells Feed on Cholesterol,1.0,1.0,1.0
9,E,Ckks,1,Using Diet to Treat Asthma and Eczema,1.0,1.0,1.0
9,E,Ckks,1,Treating Asthma With Plants vs. Pills,1.0,1.0,1.0
9,E,Ckks,1,How Fruits and Vegetables Can Treat Asthma,1.0,1.0,1.0
9,E,Ckks,1,How Fruits and Vegetables Can Prevent Asthma,1.0,1.0,1.0
9,E,Ckks,1,Our Tax Dollars Subsidize Unhealthy Foods,1.0,1.0,1.0
9,E,Ckks,1,Reducing Arsenic in Chicken and Rice,1.0,1.0,1.0
9,E,Ckks,1,How Contaminated Are Our Children?,1.0,1.0,1.0
9,E,Ckks,1,"Blood Type Diet Perceived as ""Crass Fraud""",1.0,1.0,1.0
9,E,Ckks,1,Why Do Heart Doctors Favor Surgery and Drugs Over Diet?,1.0,1.0,1.0
9,E,Ckks,5,Breast Cancer Cells Feed on Cholesterol,1.0,1.0,1.0
9,E,Ckks,5,Using Diet to Treat Asthma and Eczema,1.0,1.0,1.0
9,E,Ckks,5,Treating Asthma With Plants vs. Pills,1.0,1.0,1.0
9,E,Ckks,5,How Fruits and Vegetables Can Treat Asthma,1.0,1.0,1.0
9,E,Ckks,5,How Fruits and Vegetables Can Prevent Asthma,1.0,1.0,1.0
9,E,Ckks,5,Our Tax Dollars Subsidize Unhealthy Foods,1.0,1.0,1.0
9,E,Ckks,5,Reducing Arsenic in Chicken and Rice,1.0,1.0,1.0
9,E,Ckks,5,How Contaminated Are Our Children?,1.0,1.0,1.0
9,E,Ckks,5,"Blood Type Diet Perceived as ""Crass Fraud""",1.0,1.0,1.0
9,E,Ckks,5,Why Do Heart Doctors Favor Surgery and Drugs Over Diet?,1.0,1.0,1.0
9,E,Ckks,10,Breast Cancer Cells Feed on Cholesterol,1.0,1.0,1.0
9,E,Ckks,10,Using Diet to Treat Asthma and Eczema,1.0,1.0,1.0
9,E,Ckks,10,Treating Asthma With Plants vs. Pills,1.0,1.0,1.0
9,E,Ckks,10,How Fruits and Vegetables Can Treat Asthma,1.0,1.0,1.0
9,E,Ckks,10,How Fruits and Vegetables Can Prevent Asthma,1.0,1.0,1.0
9,E,Ckks,10,Our Tax Dollars Subsidize Unhealthy Foods,1.0,1.0,1.0
9,E,Ckks,10,Reducing Arsenic in Chicken and Rice,1.0,1.0,1.0
9,E,Ckks,10,How Contaminated Are Our Children?,1.0,1.0,1.0
9,E,Ckks,10,"Blood Type Diet Perceived as ""Crass Fraud""",1.0,1.0,1.0
9,E,Ckks,10,Why Do Heart Doctors Favor Surgery and Drugs Over Diet?,1.0,1.0,1.0
9,E,Ckks,20,Breast Cancer Cells Feed on Cholesterol,1.0,1.0,1.0
9,E,Ckks,20,Using Diet to Treat Asthma and Eczema,1.0,1.0,1.0
9,E,Ckks,20,Treating Asthma With Plants vs. Pills,1.0,1.0,1.0
9,E,Ckks,20,How Fruits and Vegetables Can Treat Asthma,1.0,1.0,1.0
9,E,Ckks,20,How Fruits and Vegetables Can Prevent Asthma,1.0,1.0,1.0
9,E,Ckks,20,Our Tax Dollars Subsidize Unhealthy Foods,1.0,1.0,1.0
9,E,Ckks,20,Reducing Arsenic in Chicken and Rice,1.0,1.0,1.0
9,E,Ckks,20,How Contaminated Are Our Children?,1.0,1.0,1.0
9,E,Ckks,20,"Blood Type Diet Perceived as ""Crass Fraud""",1.0,1.0,1.0
9,E,Ckks,20,Why Do Heart Doctors Favor Surgery and Drugs Over Diet?,1.0,1.0,0.9895
9,E,Ckks,50,Breast Cancer Cells Feed on Cholesterol,1.0,1.0,1.0
9,E,Ckks,50,Using Diet to Treat Asthma and Eczema,1.0,1.0,1.0
9,E,Ckks,50,Treating Asthma With Plants vs. Pills,1.0,1.0,1.0
9,E,Ckks,50,How Fruits and Vegetables Can Treat Asthma,1.0,1.0,0.9984
9,E,Ckks,50,How Fruits and Vegetables Can Prevent Asthma,1.0,1.0,0.9984
9,E,Ckks,50,Our Tax Dollars Subsidize Unhealthy Foods,1.0,1.0,1.0
9,E,Ckks,50,Reducing Arsenic in Chicken and Rice,1.0,1.0,0.9984
9,E,Ckks,50,How Contaminated Are Our Children?,1.0,1.0,1.0
9,E,Ckks,50,"Blood Type Diet Perceived as ""Crass Fraud""",1.0,1.0,0.9984
9,E,Ckks,50,Why Do Heart Doctors Favor Surgery and Drugs Over Diet?,1.0,1.0,0.9984
9,E,CkksCombined,1,Breast Cancer Cells Feed on Cholesterol,1.0,1.0,1.0
9,E,CkksCombined,1,Using Diet to Treat Asthma and Eczema,1.0,1.0,1.0
9,E,CkksCombined,1,Treating Asthma With Plants vs. Pills,1.0,1.0,1.0
9,E,CkksCombined,1,How Fruits and Vegetables Can Treat Asthma,1.0,1.0,1.0
9,E,CkksCombined,1,How Fruits and Vegetables Can Prevent Asthma,1.0,1.0,1.0
9,E,CkksCombined,1,Our Tax Dollars Subsidize Unhealthy Foods,1.0,1.0,1.0
9,E,CkksCombined,1,Reducing Arsenic in Chicken and Rice,1.0,1.0,1.0
9,E,CkksCombined,1,How Contaminated Are Our Children?,1.0,1.0,1.0
9,E,CkksCombined,1,"Blood Type Diet Perceived as ""Crass Fraud""",1.0,1.0,1.0
9,E,CkksCombined,1,Why Do Heart Doctors Favor Surgery and Drugs Over Diet?,1.0,1.0,1.0
9,E,CkksCombined,5,Breast Cancer Cells Feed on Cholesterol,1.0,1.0,1.0
9,E,CkksCombined,5,Using Diet to Treat Asthma and Eczema,1.0,1.0,1.0
9,E,CkksCombined,5,Treating Asthma With Plants vs. Pills,1.0,0.9999,0.6
9,E,CkksCombined,5,How Fruits and Vegetables Can Treat Asthma,1.0,1.0,1.0
9,E,CkksCombined,5,How Fruits and Vegetables Can Prevent Asthma,1.0,1.0,0.8
9,E,CkksCombined,5,Our Tax Dollars Subsidize Unhealthy Foods,0.8,0.9993,1.0
9,E,CkksCombined,5,Reducing Arsenic in Chicken and Rice,1.0,1.0,1.0
9,E,CkksCombined,5,How Contaminated Are Our Children?,1.0,1.0,1.0
9,E,CkksCombined,5,"Blood Type Diet Perceived as ""Crass Fraud""",1.0,1.0,1.0
9,E,CkksCombined,5,Why Do Heart Doctors Favor Surgery and Drugs Over Diet?,1.0,0.9997,0.4
9,E,CkksCombined,10,Breast Cancer Cells Feed on Cholesterol,1.0,1.0,1.0
9,E,CkksCombined,10,Using Diet to Treat Asthma and Eczema,1.0,1.0,0.9556
9,E,CkksCombined,10,Treating Asthma With Plants vs. Pills,1.0,0.9999,0.9111
9,E,CkksCombined,10,How Fruits and Vegetables Can Treat Asthma,0.9,0.9997,1.0
9,E,CkksCombined,10,How Fruits and Vegetables Can Prevent Asthma,1.0,1.0,0.9556
9,E,CkksCombined,10,Our Tax Dollars Subsidize Unhealthy Foods,0.9,0.9995,0.9556
9,E,CkksCombined,10,Reducing Arsenic in Chicken and Rice,1.0,1.0,1.0
9,E,CkksCombined,10,How Contaminated Are Our Children?,1.0,1.0,1.0
9,E,CkksCombined,10,"Blood Type Diet Perceived as ""Crass Fraud""",1.0,1.0,1.0
9,E,CkksCombined,10,Why Do Heart Doctors Favor Surgery and Drugs Over Diet?,1.0,0.9998,0.8222
9,E,CkksCombined,20,Breast Cancer Cells Feed on Cholesterol,0.95,0.9999,0.9684
9,E,CkksCombined,20,Using Diet to Treat Asthma and Eczema,1.0,1.0,0.9368
9,E,CkksCombined,20,Treating Asthma With Plants vs. Pills,1.0,0.9999,0.9474
9,E,CkksCombined,20,How Fruits and Vegetables Can Treat Asthma,0.95,0.9998,0.9684
9,E,CkksCombined,20,How Fruits and Vegetables Can Prevent Asthma,1.0,1.0,0.9789
9,E,CkksCombined,20,Our Tax Dollars Subsidize Unhealthy Foods,0.95,0.9998,0.9474
9,E,CkksCombined,20,Reducing Arsenic in Chicken and Rice,1.0,1.0,0.9789
9,E,CkksCombined,20,How Contaminated Are Our Children?,1.0,1.0,0.9368
9,E,CkksCombined,20,"Blood Type Diet Perceived as ""Crass Fraud""",1.0,1.0,0.9474
9,E,CkksCombined,20,Why Do Heart Doctors Favor Surgery and Drugs Over Diet?,1.0,0.9999,0.8737
9,E,CkksCombined,50,Breast Cancer Cells Feed on Cholesterol,0.98,0.9882,0.9626
9,E,CkksCombined,50,Using Diet to Treat Asthma and Eczema,1.0,1.0,0.9657
9,E,CkksCombined,50,Treating Asthma With Plants vs. Pills,1.0,1.0,0.9592
9,E,CkksCombined,50,How Fruits and Vegetables Can Treat Asthma,1.0,1.0,0.9461
9,E,CkksCombined,50,How Fruits and Vegetables Can Prevent Asthma,1.0,1.0,0.9249
9,E,CkksCombined,50,Our Tax Dollars Subsidize Unhealthy Foods,0.96,0.9765,0.9699
9,E,CkksCombined,50,Reducing Arsenic in Chicken and Rice,0.98,0.9897,0.9813
9,E,CkksCombined,50,How Contaminated Are Our Children?,1.0,1.0,0.9608
9,E,CkksCombined,50,"Blood Type Diet Perceived as ""Crass Fraud""",0.96,0.9756,0.945
9,E,CkksCombined,50,Why Do Heart Doctors Favor Surgery and Drugs Over Diet?,0.96,0.9757,0.9557
10,E,Scrambling,1,Breast Cancer Cells Feed on Cholesterol,1.0,1.0,1.0
10,E,Scrambling,1,Using Diet to Treat Asthma and Eczema,1.0,1.0,1.0
10,E,Scrambling,1,Treating Asthma With Plants vs. Pills,1.0,1.0,1.0
10,E,Scrambling,1,How Fruits and Vegetables Can Treat Asthma,1.0,1.0,1.0
10,E,Scrambling,1,How Fruits and Vegetables Can Prevent Asthma,1.0,1.0,1.0
10,E,Scrambling,1,Our Tax Dollars Subsidize Unhealthy Foods,1.0,1.0,1.0
10,E,Scrambling,1,Reducing Arsenic in Chicken and Rice,1.0,1.0,1.0
10,E,Scrambling,1,How Contaminated Are Our Children?,1.0,1.0,1.0
10,E,Scrambling,1,"Blood Type Diet Perceived as ""Crass Fraud""",1.0,1.0,1.0
10,E,Scrambling,1,Why Do Heart Doctors Favor Surgery and Drugs Over Diet?,1.0,1.0,1.0
10,E,Scrambling,5,Breast Cancer Cells Feed on Cholesterol,1.0,1.0,1.0
10,E,Scrambling,5,Using Diet to Treat Asthma and Eczema,1.0,1.0,1.0
10,E,Scrambling,5,Treating Asthma With Plants vs. Pills,1.0,1.0,1.0
10,E,Scrambling,5,How Fruits and Vegetables Can Treat Asthma,1.0,1.0,1.0
10,E,Scrambling,5,How Fruits and Vegetables Can Prevent Asthma,1.0,1.0,1.0
10,E,Scrambling,5,Our Tax Dollars Subsidize Unhealthy Foods,1.0,1.0,1.0
10,E,Scrambling,5,Reducing Arsenic in Chicken and Rice,1.0,1.0,1.0
10,E,Scrambling,5,How Contaminated Are Our Children?,1.0,1.0,1.0
10,E,Scrambling,5,"Blood Type Diet Perceived as ""Crass Fraud""",1.0,1.0,1.0
10,E,Scrambling,5,Why Do Heart Doctors Favor Surgery and Drugs Over Diet?,1.0,1.0,0.8
10,E,Scrambling,10,Breast Cancer Cells Feed on Cholesterol,1.0,1.0,1.0
10,E,Scrambling,10,Using Diet to Treat Asthma and Eczema,1.0,1.0,1.0
10,E,Scrambling,10,Treating Asthma With Plants vs. Pills,1.0,1.0,1.0
10,E,Scrambling,10,How Fruits and Vegetables Can Treat Asthma,1.0,1.0,1.0
10,E,Scrambling,10,How Fruits and Vegetables Can Prevent Asthma,1.0,1.0,1.0
10,E,Scrambling,10,Our Tax Dollars Subsidize Unhealthy Foods,1.0,1.0,1.0
10,E,Scrambling,10,Reducing Arsenic in Chicken and Rice,1.0,1.0,1.0
10,E,Scrambling,10,How Contaminated Are Our Children?,1.0,1.0,1.0
10,E,Scrambling,10,"Blood Type Diet Perceived as ""Crass Fraud""",1.0,1.0,1.0
10,E,Scrambling,10,Why Do Heart Doctors Favor Surgery and Drugs Over Diet?,1.0,1.0,0.9556
10,E,Scrambling,20,Breast Cancer Cells Feed on Cholesterol,1.0,1.0,1.0
10,E,Scrambling,20,Using Diet to Treat Asthma and Eczema,1.0,1.0,1.0
10,E,Scrambling,20,Treating Asthma With Plants vs. Pills,1.0,1.0,1.0
10,E,Scrambling,20,How Fruits and Vegetables Can Treat Asthma,1.0,1.0,1.0
10,E,Scrambling,20,How Fruits and Vegetables Can Prevent Asthma,1.0,1.0,1.0
10,E,Scrambling,20,Our Tax Dollars Subsidize Unhealthy Foods,1.0,1.0,1.0
10,E,Scrambling,20,Reducing Arsenic in Chicken and Rice,1.0,1.0,1.0
10,E,Scrambling,20,How Contaminated Are Our Children?,1.0,1.0,1.0
10,E,Scrambling,20,"Blood Type Diet Perceived as ""Crass Fraud""",1.0,1.0,1.0
10,E,Scrambling,20,Why Do Heart Doctors Favor Surgery and Drugs Over Diet?,1.0,1.0,0.9895
10,E,Scrambling,50,Breast Cancer Cells Feed on Cholesterol,1.0,1.0,0.9984
10,E,Scrambling,50,Using Diet to Treat Asthma and Eczema,1.0,1.0,1.0
10,E,Scrambling,50,Treating Asthma With Plants vs. Pills,1.0,1.0,0.9984
10,E,Scrambling,50,How Fruits and Vegetables Can Treat Asthma,1.0,1.0,1.0
10,E,Scrambling,50,How Fruits and Vegetables Can Prevent Asthma,1.0,1.0,1.0
10,E,Scrambling,50,Our Tax Dollars Subsidize Unhealthy Foods,1.0,1.0,1.0
10,E,Scrambling,50,Reducing Arsenic in Chicken and Rice,1.0,1.0,0.9984
10,E,Scrambling,50,How Contaminated Are Our Children?,1.0,1.0,1.0
10,E,Scrambling,50,"Blood Type Diet Perceived as ""Crass Fraud""",1.0,1.0,0.9984
10,E,Scrambling,50,Why Do Heart Doctors Favor Surgery and Drugs Over Diet?,1.0,1.0,0.9984
10,E,Noise,1,Breast Cancer Cells Feed on Cholesterol,1.0,1.0,1.0
10,E,Noise,1,Using Diet to Treat Asthma and Eczema,1.0,1.0,1.0
10,E,Noise,1,Treating Asthma With Plants vs. Pills,1.0,1.0,1.0
10,E,Noise,1,How Fruits and Vegetables Can Treat Asthma,1.0,1.0,1.0
10,E,Noise,1,How Fruits and Vegetables Can Prevent Asthma,1.0,1.0,1.0
10,E,Noise,1,Our Tax Dollars Subsidize Unhealthy Foods,1.0,1.0,1.0
10,E,Noise,1,Reducing Arsenic in Chicken and Rice,1.0,1.0,1.0
10,E,Noise,1,How Contaminated Are Our Children?,1.0,1.0,1.0
10,E,Noise,1,"Blood Type Diet Perceived as ""Crass Fraud""",1.0,1.0,1.0
10,E,Noise,1,Why Do Heart Doctors Favor Surgery and Drugs Over Diet?,1.0,1.0,1.0
10,E,Noise,5,Breast Cancer Cells Feed on Cholesterol,1.0,1.0,1.0
10,E,Noise,5,Using Diet to Treat Asthma and Eczema,1.0,1.0,1.0
10,E,Noise,5,Treating Asthma With Plants vs. Pills,1.0,1.0,0.8
10,E,Noise,5,How Fruits and Vegetables Can Treat Asthma,1.0,1.0,1.0
10,E,Noise,5,How Fruits and Vegetables Can Prevent Asthma,1.0,1.0,0.8
10,E,Noise,5,Our Tax Dollars Subsidize Unhealthy Foods,1.0,1.0,1.0
10,E,Noise,5,Reducing Arsenic in Chicken and Rice,1.0,1.0,1.0
10,E,Noise,5,How Contaminated Are Our Children?,1.0,1.0,1.0
10,E,Noise,5,"Blood Type Diet Perceived as ""Crass Fraud""",1.0,1.0,1.0
10,E,Noise,5,Why Do Heart Doctors Favor Surgery and Drugs Over Diet?,1.0,1.0,0.8
10,E,Noise,10,Breast Cancer Cells Feed on Cholesterol,1.0,1.0,1.0
10,E,Noise,10,Using Diet to Treat Asthma and Eczema,1.0,1.0,0.9111
10,E,Noise,10,Treating Asthma With Plants vs. Pills,1.0,1.0,0.9556
10,E,Noise,10,How Fruits and Vegetables Can Treat Asthma,1.0,1.0,0.9556
10,E,Noise,10,How Fruits and Vegetables Can Prevent Asthma,1.0,1.0,0.9556
10,E,Noise,10,Our Tax Dollars Subsidize Unhealthy Foods,1.0,1.0,0.9556
10,E,Noise,10,Reducing Arsenic in Chicken and Rice,1.0,1.0,1.0
10,E,Noise,10,How Contaminated Are Our Children?,1.0,1.0,0.9556
10,E,Noise,10,"Blood Type Diet Perceived as ""Crass Fraud""",1.0,1.0,0.9111
10,E,Noise,10,Why Do Heart Doctors Favor Surgery and Drugs Over Diet?,1.0,1.0,0.9111
10,E,Noise,20,Breast Cancer Cells Feed on Cholesterol,0.95,0.9999,0.9895
10,E,Noise,20,Using Diet to Treat Asthma and Eczema,1.0,1.0,0.9263
10,E,Noise,20,Treating Asthma With Plants vs. Pills,1.0,1.0,0.9684
10,E,Noise,20,How Fruits and Vegetables Can Treat Asthma,1.0,1.0,0.9789
10,E,Noise,20,How Fruits and Vegetables Can Prevent Asthma,1.0,1.0,0.9684
10,E,Noise,20,Our Tax Dollars Subsidize Unhealthy Foods,1.0,1.0,0.9895
10,E,Noise,20,Reducing Arsenic in Chicken and Rice,1.0,1.0,0.9789
10,E,Noise,20,How Contaminated Are Our Children?,1.0,1.0,0.9474
10,E,Noise,20,"Blood Type Diet Perceived as ""Crass Fraud""",1.0,1.0,0.9263
10,E,Noise,20,Why Do Heart Doctors Favor Surgery and Drugs Over Diet?,0.95,0.9999,0.9263
10,E,Noise,50,Breast Cancer Cells Feed on Cholesterol,1.0,1.0,0.9543
10,E,Noise,50,Using Diet to Treat Asthma and Eczema,1.0,1.0,0.9722
10,E,Noise,50,Treating Asthma With Plants vs. Pills,1.0,1.0,0.9657
10,E,Noise,50,How Fruits and Vegetables Can Treat Asthma,1.0,1.0,0.9527
10,E,Noise,50,How Fruits and Vegetables Can Prevent Asthma,0.98,0.9881,0.9371
10,E,Noise,50,Our Tax Dollars Subsidize Unhealthy Foods,0.98,0.9883,0.9745
10,E,Noise,50,Reducing Arsenic in Chicken and Rice,0.98,0.9897,0.9626
10,E,Noise,50,How Contaminated Are Our Children?,0.98,0.9882,0.966
10,E,Noise,50,"Blood Type Diet Perceived as ""Crass Fraud""",0.96,0.9758,0.945
10,E,Noise,50,Why Do Heart Doctors Favor Surgery and Drugs Over Diet?,0.98,0.9879,0.9609
10,E,Combined,1,Breast Cancer Cells Feed on Cholesterol,1.0,1.0,1.0
10,E,Combined,1,Using Diet to Treat Asthma and Eczema,1.0,1.0,1.0
10,E,Combined,1,Treating Asthma With Plants vs. Pills,1.0,1.0,1.0
10,E,Combined,1,How Fruits and Vegetables Can Treat Asthma,1.0,1.0,1.0
10,E,Combined,1,How Fruits and Vegetables Can Prevent Asthma,1.0,1.0,1.0
10,E,Combined,1,Our Tax Dollars Subsidize Unhealthy Foods,1.0,1.0,1.0
10,E,Combined,1,Reducing Arsenic in Chicken and Rice,1.0,1.0,1.0
10,E,Combined,1,How Contaminated Are Our Children?,1.0,1.0,1.0
10,E,Combined,1,"Blood Type Diet Perceived as ""Crass Fraud""",1.0,1.0,1.0
10,E,Combined,1,Why Do Heart Doctors Favor Surgery and Drugs Over Diet?,1.0,1.0,1.0
10,E,Combined,5,Breast Cancer Cells Feed on Cholesterol,1.0,1.0,1.0
10,E,Combined,5,Using Diet to Treat Asthma and Eczema,1.0,1.0,1.0
10,E,Combined,5,Treating Asthma With Plants vs. Pills,1.0,1.0,0.8
10,E,Combined,5,How Fruits and Vegetables Can Treat Asthma,1.0,1.0,1.0
10,E,Combined,5,How Fruits and Vegetables Can Prevent Asthma,1.0,1.0,0.8
10,E,Combined,5,Our Tax Dollars Subsidize Unhealthy Foods,0.8,0.9993,1.0
10,E,Combined,5,Reducing Arsenic in Chicken and Rice,1.0,1.0,1.0
10,E,Combined,5,How Contaminated Are Our Children?,1.0,1.0,1.0
10,E,Combined,5,"Blood Type Diet Perceived as ""Crass Fraud""",1.0,1.0,1.0
10,E,Combined,5,Why Do Heart Doctors Favor Surgery and Drugs Over Diet?,1.0,0.9997,0.6
10,E,Combined,10,Breast Cancer Cells Feed on Cholesterol,0.9,0.9998,0.9556
10,E,Combined,10,Using Diet to Treat Asthma and Eczema,1.0,1.0,0.9111
10,E,Combined,10,Treating Asthma With Plants vs. Pills,1.0,1.0,0.9556
10,E,Combined,10,How Fruits and Vegetables Can Treat Asthma,1.0,1.0,1.0
10,E,Combined,10,How Fruits and Vegetables Can Prevent Asthma,1.0,1.0,0.9556
10,E,Combined,10,Our Tax Dollars Subsidize Unhealthy Foods,1.0,1.0,0.9111
10,E,Combined,10,Reducing Arsenic in Chicken and Rice,1.0,1.0,0.9556
10,E,Combined,10,How Contaminated Are Our Children?,0.9,0.9997,1.0
10,E,Combined,10,"Blood Type Diet Perceived as ""Crass Fraud""",1.0,1.0,0.9556
10,E,Combined,10,Why Do Heart Doctors Favor Surgery and Drugs Over Diet?,1.0,0.9998,0.8222
10,E,Combined,20,Breast Cancer Cells Feed on Cholesterol,1.0,1.0,0.9263
10,E,Combined,20,Using Diet to Treat Asthma and Eczema,0.95,0.9999,0.9684
10,E,Combined,20,Treating Asthma With Plants vs. Pills,1.0,1.0,0.9684
10,E,Combined,20,How Fruits and Vegetables Can Treat Asthma,1.0,1.0,0.9895
10,E,Combined,20,How Fruits and Vegetables Can Prevent Asthma,1.0,1.0,0.9789
10,E,Combined,20,Our Tax Dollars Subsidize Unhealthy Foods,1.0,1.0,0.9579
10,E,Combined,20,Reducing Arsenic in Chicken and Rice,1.0,1.0,0.9474
10,E,Combined,20,How Contaminated Are Our Children?,1.0,1.0,0.9053
10,E,Combined,20,"Blood Type Diet Perceived as ""Crass Fraud""",1.0,1.0,0.9579
10,E,Combined,20,Why Do Heart Doctors Favor Surgery and Drugs Over Diet?,1.0,0.9999,0.9368
10,E,Combined,50,Breast Cancer Cells Feed on Cholesterol,0.96,0.9763,0.9539
10,E,Combined,50,Using Diet to Treat Asthma and Eczema,1.0,1.0,0.982
10,E,Combined,50,Treating Asthma With Plants vs. Pills,1.0,1.0,0.969
10,E,Combined,50,How Fruits and Vegetables Can Treat Asthma,1.0,1.0,0.9624
10,E,Combined,50,How Fruits and Vegetables Can Prevent Asthma,1.0,1.0,0.9478
10,E,Combined,50,Our Tax Dollars Subsidize Unhealthy Foods,0.96,0.9763,0.9663
10,E,Combined,50,Reducing Arsenic in Chicken and Rice,0.96,0.9793,0.9539
10,E,Combined,50,How Contaminated Are Our Children?,1.0,1.0,0.9624
10,E,Combined,50,"Blood Type Diet Perceived as ""Crass Fraud""",1.0,1.0,0.951
10,E,Combined,50,Why Do Heart Doctors Favor Surgery and Drugs Over Diet?,0.98,0.9877,0.9694
10,E,Rome,1,Breast Cancer Cells Feed on Cholesterol,1.0,1.0,1.0
10,E,Rome,1,Using Diet to Treat Asthma and Eczema,1.0,1.0,1.0
10,E,Rome,1,Treating Asthma With Plants vs. Pills,1.0,1.0,1.0
10,E,Rome,1,How Fruits and Vegetables Can Treat Asthma,1.0,1.0,1.0
10,E,Rome,1,How Fruits and Vegetables Can Prevent Asthma,1.0,1.0,1.0
10,E,Rome,1,Our Tax Dollars Subsidize Unhealthy Foods,1.0,1.0,1.0
10,E,Rome,1,Reducing Arsenic in Chicken and Rice,1.0,1.0,1.0
10,E,Rome,1,How Contaminated Are Our Children?,1.0,1.0,1.0
10,E,Rome,1,"Blood Type Diet Perceived as ""Crass Fraud""",1.0,1.0,1.0
10,E,Rome,1,Why Do Heart Doctors Favor Surgery and Drugs Over Diet?,1.0,1.0,1.0
10,E,Rome,5,Breast Cancer Cells Feed on Cholesterol,1.0,1.0,1.0
10,E,Rome,5,Using Diet to Treat Asthma and Eczema,1.0,1.0,1.0
10,E,Rome,5,Treating Asthma With Plants vs. Pills,1.0,1.0,1.0
10,E,Rome,5,How Fruits and Vegetables Can Treat Asthma,1.0,1.0,1.0
10,E,Rome,5,How Fruits and Vegetables Can Prevent Asthma,1.0,1.0,1.0
10,E,Rome,5,Our Tax Dollars Subsidize Unhealthy Foods,1.0,1.0,1.0
10,E,Rome,5,Reducing Arsenic in Chicken and Rice,1.0,1.0,1.0
10,E,Rome,5,How Contaminated Are Our Children?,1.0,1.0,1.0
10,E,Rome,5,"Blood Type Diet Perceived as ""Crass Fraud""",1.0,1.0,1.0
10,E,Rome,5,Why Do Heart Doctors Favor Surgery and Drugs Over Diet?,1.0,1.0,0.8
10,E,Rome,10,Breast Cancer Cells Feed on Cholesterol,1.0,1.0,1.0
10,E,Rome,10,Using Diet to Treat Asthma and Eczema,1.0,1.0,1.0
10,E,Rome,10,Treating Asthma With Plants vs. Pills,1.0,1.0,1.0
10,E,Rome,10,How Fruits and Vegetables Can Treat Asthma,1.0,1.0,1.0
10,E,Rome,10,How Fruits and Vegetables Can Prevent Asthma,1.0,1.0,1.0
10,E,Rome,10,Our Tax Dollars Subsidize Unhealthy Foods,1.0,1.0,1.0
10,E,Rome,10,Reducing Arsenic in Chicken and Rice,1.0,1.0,1.0
10,E,Rome,10,How Contaminated Are Our Children?,1.0,1.0,1.0
10,E,Rome,10,"Blood Type Diet Perceived as ""Crass Fraud""",1.0,1.0,1.0
10,E,Rome,10,Why Do Heart Doctors Favor Surgery and Drugs Over Diet?,1.0,1.0,0.9556
10,E,Rome,20,Breast Cancer Cells Feed on Cholesterol,1.0,1.0,1.0
10,E,Rome,20,Using Diet to Treat Asthma and Eczema,1.0,1.0,1.0
10,E,Rome,20,Treating Asthma With Plants vs. Pills,1.0,1.0,1.0
10,E,Rome,20,How Fruits and Vegetables Can Treat Asthma,1.0,1.0,1.0
10,E,Rome,20,How Fruits and Vegetables Can Prevent Asthma,1.0,1.0,1.0
10,E,Rome,20,Our Tax Dollars Subsidize Unhealthy Foods,1.0,1.0,1.0
10,E,Rome,20,Reducing Arsenic in Chicken and Rice,1.0,1.0,1.0
10,E,Rome,20,How Contaminated Are Our Children?,1.0,1.0,1.0
10,E,Rome,20,"Blood Type Diet Perceived as ""Crass Fraud""",1.0,1.0,1.0
10,E,Rome,20,Why Do Heart Doctors Favor Surgery and Drugs Over Diet?,1.0,1.0,0.9895
10,E,Rome,50,Breast Cancer Cells Feed on Cholesterol,1.0,1.0,1.0
10,E,Rome,50,Using Diet to Treat Asthma and Eczema,1.0,1.0,1.0
10,E,Rome,50,Treating Asthma With Plants vs. Pills,1.0,1.0,0.9984
10,E,Rome,50,How Fruits and Vegetables Can Treat Asthma,1.0,1.0,1.0
10,E,Rome,50,How Fruits and Vegetables Can Prevent Asthma,1.0,1.0,1.0
10,E,Rome,50,Our Tax Dollars Subsidize Unhealthy Foods,1.0,1.0,1.0
10,E,Rome,50,Reducing Arsenic in Chicken and Rice,1.0,1.0,1.0
10,E,Rome,50,How Contaminated Are Our Children?,1.0,1.0,1.0
10,E,Rome,50,"Blood Type Diet Perceived as ""Crass Fraud""",1.0,1.0,0.9984
10,E,Rome,50,Why Do Heart Doctors Favor Surgery and Drugs Over Diet?,1.0,1.0,0.9984
10,E,RomeCombined,1,Breast Cancer Cells Feed on Cholesterol,1.0,1.0,1.0
10,E,RomeCombined,1,Using Diet to Treat Asthma and Eczema,1.0,1.0,1.0
10,E,RomeCombined,1,Treating Asthma With Plants vs. Pills,1.0,1.0,1.0
10,E,RomeCombined,1,How Fruits and Vegetables Can Treat Asthma,1.0,1.0,1.0
10,E,RomeCombined,1,How Fruits and Vegetables Can Prevent Asthma,1.0,1.0,1.0
10,E,RomeCombined,1,Our Tax Dollars Subsidize Unhealthy Foods,1.0,1.0,1.0
10,E,RomeCombined,1,Reducing Arsenic in Chicken and Rice,1.0,1.0,1.0
10,E,RomeCombined,1,How Contaminated Are Our Children?,1.0,1.0,1.0
10,E,RomeCombined,1,"Blood Type Diet Perceived as ""Crass Fraud""",1.0,1.0,1.0
10,E,RomeCombined,1,Why Do Heart Doctors Favor Surgery and Drugs Over Diet?,1.0,1.0,1.0
10,E,RomeCombined,5,Breast Cancer Cells Feed on Cholesterol,1.0,1.0,1.0
10,E,RomeCombined,5,Using Diet to Treat Asthma and Eczema,1.0,1.0,1.0
10,E,RomeCombined,5,Treating Asthma With Plants vs. Pills,1.0,1.0,0.8
10,E,RomeCombined,5,How Fruits and Vegetables Can Treat Asthma,1.0,1.0,1.0
10,E,RomeCombined,5,How Fruits and Vegetables Can Prevent Asthma,1.0,1.0,0.8
10,E,RomeCombined,5,Our Tax Dollars Subsidize Unhealthy Foods,0.8,0.9993,1.0
10,E,RomeCombined,5,Reducing Arsenic in Chicken and Rice,1.0,1.0,1.0
10,E,RomeCombined,5,How Contaminated Are Our Children?,1.0,1.0,1.0
10,E,RomeCombined,5,"Blood Type Diet Perceived as ""Crass Fraud""",1.0,1.0,1.0
10,E,RomeCombined,5,Why Do Heart Doctors Favor Surgery and Drugs Over Diet?,1.0,1.0,1.0
10,E,RomeCombined,10,Breast Cancer Cells Feed on Cholesterol,0.9,0.9998,0.9556
10,E,RomeCombined,10,Using Diet to Treat Asthma and Eczema,1.0,1.0,0.9556
10,E,RomeCombined,10,Treating Asthma With Plants vs. Pills,1.0,1.0,0.9556
10,E,RomeCombined,10,How Fruits and Vegetables Can Treat Asthma,0.9,0.9997,1.0
10,E,RomeCombined,10,How Fruits and Vegetables Can Prevent Asthma,1.0,1.0,0.9556
10,E,RomeCombined,10,Our Tax Dollars Subsidize Unhealthy Foods,1.0,1.0,0.9111
10,E,RomeCombined,10,Reducing Arsenic in Chicken and Rice,1.0,1.0,1.0
10,E,RomeCombined,10,How Contaminated Are Our Children?,1.0,1.0,0.9111
10,E,RomeCombined,10,"Blood Type Diet Perceived as ""Crass Fraud""",1.0,1.0,1.0
10,E,RomeCombined,10,Why Do Heart Doctors Favor Surgery and Drugs Over Diet?,1.0,1.0,1.0
10,E,RomeCombined,20,Breast Cancer Cells Feed on Cholesterol,1.0,1.0,0.9579
10,E,RomeCombined,20,Using Diet to Treat Asthma and Eczema,1.0,1.0,0.9684
10,E,RomeCombined,20,Treating Asthma With Plants vs. Pills,1.0,1.0,0.9368
10,E,RomeCombined,20,How Fruits and Vegetables Can Treat Asthma,1.0,1.0,0.9684
10,E,RomeCombined,20,How Fruits and Vegetables Can Prevent Asthma,1.0,1.0,0.9684
10,E,RomeCombined,20,Our Tax Dollars Subsidize Unhealthy Foods,1.0,1.0,0.9263
10,E,RomeCombined,20,Reducing Arsenic in Chicken and Rice,1.0,1.0,0.9895
10,E,RomeCombined,20,How Contaminated Are Our Children?,0.95,0.9998,0.9474
10,E,RomeCombined,20,"Blood Type Diet Perceived as ""Crass Fraud""",1.0,1.0,0.9263
10,E,RomeCombined,20,Why Do Heart Doctors Favor Surgery and Drugs Over Diet?,0.95,0.9999,0.9579
10,E,RomeCombined,50,Breast Cancer Cells Feed on Cholesterol,0.98,0.988,0.9728
10,E,RomeCombined,50,Using Diet to Treat Asthma and Eczema,0.98,0.9891,0.9762
10,E,RomeCombined,50,Treating Asthma With Plants vs. Pills,1.0,1.0,0.9673
10,E,RomeCombined,50,How Fruits and Vegetables Can Treat Asthma,0.98,0.9882,0.9779
10,E,RomeCombined,50,How Fruits and Vegetables Can Prevent Asthma,1.0,1.0,0.9429
10,E,RomeCombined,50,Our Tax Dollars Subsidize Unhealthy Foods,0.96,0.9763,0.9787
10,E,RomeCombined,50,Reducing Arsenic in Chicken and Rice,0.98,0.9897,0.9779
10,E,RomeCombined,50,How Contaminated Are Our Children?,1.0,1.0,0.9673
10,E,RomeCombined,50,"Blood Type Diet Perceived as ""Crass Fraud""",0.98,0.9879,0.9643
10,E,RomeCombined,50,Why Do Heart Doctors Favor Surgery and Drugs Over Diet?,0.98,0.9878,0.9728
10,E,Romm,1,Breast Cancer Cells Feed on Cholesterol,1.0,1.0,1.0
10,E,Romm,1,Using Diet to Treat Asthma and Eczema,1.0,1.0,1.0
10,E,Romm,1,Treating Asthma With Plants vs. Pills,1.0,1.0,1.0
10,E,Romm,1,How Fruits and Vegetables Can Treat Asthma,1.0,1.0,1.0
10,E,Romm,1,How Fruits and Vegetables Can Prevent Asthma,1.0,1.0,1.0
10,E,Romm,1,Our Tax Dollars Subsidize Unhealthy Foods,1.0,1.0,1.0
10,E,Romm,1,Reducing Arsenic in Chicken and Rice,1.0,1.0,1.0
10,E,Romm,1,How Contaminated Are Our Children?,1.0,1.0,1.0
10,E,Romm,1,"Blood Type Diet Perceived as ""Crass Fraud""",1.0,1.0,1.0
10,E,Romm,1,Why Do Heart Doctors Favor Surgery and Drugs Over Diet?,1.0,1.0,1.0
10,E,Romm,5,Breast Cancer Cells Feed on Cholesterol,1.0,1.0,1.0
10,E,Romm,5,Using Diet to Treat Asthma and Eczema,1.0,1.0,1.0
10,E,Romm,5,Treating Asthma With Plants vs. Pills,1.0,1.0,1.0
10,E,Romm,5,How Fruits and Vegetables Can Treat Asthma,1.0,1.0,1.0
10,E,Romm,5,How Fruits and Vegetables Can Prevent Asthma,1.0,1.0,1.0
10,E,Romm,5,Our Tax Dollars Subsidize Unhealthy Foods,1.0,1.0,1.0
10,E,Romm,5,Reducing Arsenic in Chicken and Rice,1.0,1.0,1.0
10,E,Romm,5,How Contaminated Are Our Children?,1.0,1.0,1.0
10,E,Romm,5,"Blood Type Diet Perceived as ""Crass Fraud""",1.0,1.0,1.0
10,E,Romm,5,Why Do Heart Doctors Favor Surgery and Drugs Over Diet?,1.0,1.0,1.0
10,E,Romm,10,Breast Cancer Cells Feed on Cholesterol,1.0,1.0,1.0
10,E,Romm,10,Using Diet to Treat Asthma and Eczema,1.0,1.0,1.0
10,E,Romm,10,Treating Asthma With Plants vs. Pills,1.0,1.0,1.0
10,E,Romm,10,How Fruits and Vegetables Can Treat Asthma,1.0,1.0,1.0
10,E,Romm,10,How Fruits and Vegetables Can Prevent Asthma,1.0,1.0,1.0
10,E,Romm,10,Our Tax Dollars Subsidize Unhealthy Foods,1.0,1.0,1.0
10,E,Romm,10,Reducing Arsenic in Chicken and Rice,1.0,1.0,1.0
10,E,Romm,10,How Contaminated Are Our Children?,1.0,1.0,1.0
10,E,Romm,10,"Blood Type Diet Perceived as ""Crass Fraud""",1.0,1.0,1.0
10,E,Romm,10,Why Do Heart Doctors Favor Surgery and Drugs Over Diet?,1.0,1.0,1.0
10,E,Romm,20,Breast Cancer Cells Feed on Cholesterol,1.0,1.0,1.0
10,E,Romm,20,Using Diet to Treat Asthma and Eczema,1.0,1.0,1.0
10,E,Romm,20,Treating Asthma With Plants vs. Pills,1.0,1.0,1.0
10,E,Romm,20,How Fruits and Vegetables Can Treat Asthma,1.0,1.0,1.0
10,E,Romm,20,How Fruits and Vegetables Can Prevent Asthma,1.0,1.0,1.0
10,E,Romm,20,Our Tax Dollars Subsidize Unhealthy Foods,1.0,1.0,1.0
10,E,Romm,20,Reducing Arsenic in Chicken and Rice,1.0,1.0,1.0
10,E,Romm,20,How Contaminated Are Our Children?,1.0,1.0,1.0
10,E,Romm,20,"Blood Type Diet Perceived as ""Crass Fraud""",1.0,1.0,1.0
10,E,Romm,20,Why Do Heart Doctors Favor Surgery and Drugs Over Diet?,1.0,1.0,1.0
10,E,Romm,50,Breast Cancer Cells Feed on Cholesterol,1.0,1.0,0.9984
10,E,Romm,50,Using Diet to Treat Asthma and Eczema,1.0,1.0,1.0
10,E,Romm,50,Treating Asthma With Plants vs. Pills,1.0,1.0,1.0
10,E,Romm,50,How Fruits and Vegetables Can Treat Asthma,1.0,1.0,0.9984
10,E,Romm,50,How Fruits and Vegetables Can Prevent Asthma,1.0,1.0,0.9984
10,E,Romm,50,Our Tax Dollars Subsidize Unhealthy Foods,1.0,1.0,1.0
10,E,Romm,50,Reducing Arsenic in Chicken and Rice,1.0,1.0,1.0
10,E,Romm,50,How Contaminated Are Our Children?,1.0,1.0,1.0
10,E,Romm,50,"Blood Type Diet Perceived as ""Crass Fraud""",1.0,1.0,1.0
10,E,Romm,50,Why Do Heart Doctors Favor Surgery and Drugs Over Diet?,1.0,1.0,1.0
10,E,RommCombined,1,Breast Cancer Cells Feed on Cholesterol,1.0,1.0,1.0
10,E,RommCombined,1,Using Diet to Treat Asthma and Eczema,1.0,1.0,1.0
10,E,RommCombined,1,Treating Asthma With Plants vs. Pills,1.0,1.0,1.0
10,E,RommCombined,1,How Fruits and Vegetables Can Treat Asthma,1.0,1.0,1.0
10,E,RommCombined,1,How Fruits and Vegetables Can Prevent Asthma,0.0,0.9975,1.0
10,E,RommCombined,1,Our Tax Dollars Subsidize Unhealthy Foods,1.0,1.0,1.0
10,E,RommCombined,1,Reducing Arsenic in Chicken and Rice,1.0,1.0,1.0
10,E,RommCombined,1,How Contaminated Are Our Children?,1.0,1.0,1.0
10,E,RommCombined,1,"Blood Type Diet Perceived as ""Crass Fraud""",1.0,1.0,1.0
10,E,RommCombined,1,Why Do Heart Doctors Favor Surgery and Drugs Over Diet?,1.0,1.0,1.0
10,E,RommCombined,5,Breast Cancer Cells Feed on Cholesterol,1.0,1.0,1.0
10,E,RommCombined,5,Using Diet to Treat Asthma and Eczema,1.0,1.0,1.0
10,E,RommCombined,5,Treating Asthma With Plants vs. Pills,1.0,0.9999,0.8
10,E,RommCombined,5,How Fruits and Vegetables Can Treat Asthma,1.0,1.0,1.0
10,E,RommCombined,5,How Fruits and Vegetables Can Prevent Asthma,1.0,0.9996,0.6
10,E,RommCombined,5,Our Tax Dollars Subsidize Unhealthy Foods,0.8,0.9993,1.0
10,E,RommCombined,5,Reducing Arsenic in Chicken and Rice,1.0,1.0,1.0
10,E,RommCombined,5,How Contaminated Are Our Children?,1.0,1.0,1.0
10,E,RommCombined,5,"Blood Type Diet Perceived as ""Crass Fraud""",1.0,1.0,1.0
10,E,RommCombined,5,Why Do Heart Doctors Favor Surgery and Drugs Over Diet?,1.0,1.0,1.0
10,E,RommCombined,10,Breast Cancer Cells Feed on Cholesterol,0.9,0.9998,1.0
10,E,RommCombined,10,Using Diet to Treat Asthma and Eczema,1.0,1.0,0.9111
10,E,RommCombined,10,Treating Asthma With Plants vs. Pills,1.0,0.9999,0.9556
10,E,RommCombined,10,How Fruits and Vegetables Can Treat Asthma,1.0,1.0,1.0
10,E,RommCombined,10,How Fruits and Vegetables Can Prevent Asthma,1.0,0.9997,0.9111
10,E,RommCombined,10,Our Tax Dollars Subsidize Unhealthy Foods,1.0,1.0,0.9111
10,E,RommCombined,10,Reducing Arsenic in Chicken and Rice,1.0,1.0,1.0
10,E,RommCombined,10,How Contaminated Are Our Children?,1.0,1.0,1.0
10,E,RommCombined,10,"Blood Type Diet Perceived as ""Crass Fraud""",1.0,1.0,0.9111
10,E,RommCombined,10,Why Do Heart Doctors Favor Surgery and Drugs Over Diet?,1.0,1.0,1.0
10,E,RommCombined,20,Breast Cancer Cells Feed on Cholesterol,1.0,1.0,0.9474
10,E,RommCombined,20,Using Diet to Treat Asthma and Eczema,1.0,1.0,0.9579
10,E,RommCombined,20,Treating Asthma With Plants vs. Pills,1.0,1.0,0.9579
10,E,RommCombined,20,How Fruits and Vegetables Can Treat Asthma,1.0,1.0,0.9789
10,E,RommCombined,20,How Fruits and Vegetables Can Prevent Asthma,1.0,0.9998,0.9684
10,E,RommCombined,20,Our Tax Dollars Subsidize Unhealthy Foods,1.0,1.0,0.9579
10,E,RommCombined,20,Reducing Arsenic in Chicken and Rice,1.0,1.0,0.9474
10,E,RommCombined,20,How Contaminated Are Our Children?,0.95,0.9998,0.9474
10,E,RommCombined,20,"Blood Type Diet Perceived as ""Crass Fraud""",1.0,1.0,0.9474
10,E,RommCombined,20,Why Do Heart Doctors Favor Surgery and Drugs Over Diet?,1.0,1.0,0.9789
10,E,RommCombined,50,Breast Cancer Cells Feed on Cholesterol,0.98,0.9882,0.9711
10,E,RommCombined,50,Using Diet to Treat Asthma and Eczema,1.0,1.0,0.9673
10,E,RommCombined,50,Treating Asthma With Plants vs. Pills,0.98,0.9886,0.9711
10,E,RommCombined,50,How Fruits and Vegetables Can Treat Asthma,0.98,0.9883,0.9609
10,E,RommCombined,50,How Fruits and Vegetables Can Prevent Asthma,1.0,0.9999,0.938
10,E,RommCombined,50,Our Tax Dollars Subsidize Unhealthy Foods,0.98,0.9881,0.9745
10,E,RommCombined,50,Reducing Arsenic in Chicken and Rice,0.96,0.9792,0.9645
10,E,RommCombined,50,How Contaminated Are Our Children?,1.0,1.0,0.9673
10,E,RommCombined,50,"Blood Type Diet Perceived as ""Crass Fraud""",1.0,1.0,0.9527
10,E,RommCombined,50,Why Do Heart Doctors Favor Surgery and Drugs Over Diet?,0.98,0.9878,0.9796
10,E,Diehard,1,Breast Cancer Cells Feed on Cholesterol,1.0,1.0,1.0
10,E,Diehard,1,Using Diet to Treat Asthma and Eczema,1.0,1.0,1.0
10,E,Diehard,1,Treating Asthma With Plants vs. Pills,1.0,1.0,1.0
10,E,Diehard,1,How Fruits and Vegetables Can Treat Asthma,1.0,1.0,1.0
10,E,Diehard,1,How Fruits and Vegetables Can Prevent Asthma,1.0,1.0,1.0
10,E,Diehard,1,Our Tax Dollars Subsidize Unhealthy Foods,1.0,1.0,1.0
10,E,Diehard,1,Reducing Arsenic in Chicken and Rice,1.0,1.0,1.0
10,E,Diehard,1,How Contaminated Are Our Children?,1.0,1.0,1.0
10,E,Diehard,1,"Blood Type Diet Perceived as ""Crass Fraud""",1.0,1.0,1.0
10,E,Diehard,1,Why Do Heart Doctors Favor Surgery and Drugs Over Diet?,1.0,1.0,1.0
10,E,Diehard,5,Breast Cancer Cells Feed on Cholesterol,1.0,1.0,1.0
10,E,Diehard,5,Using Diet to Treat Asthma and Eczema,1.0,1.0,1.0
10,E,Diehard,5,Treating Asthma With Plants vs. Pills,1.0,1.0,1.0
10,E,Diehard,5,How Fruits and Vegetables Can Treat Asthma,1.0,1.0,1.0
10,E,Diehard,5,How Fruits and Vegetables Can Prevent Asthma,1.0,1.0,1.0
10,E,Diehard,5,Our Tax Dollars Subsidize Unhealthy Foods,1.0,1.0,1.0
10,E,Diehard,5,Reducing Arsenic in Chicken and Rice,1.0,1.0,1.0
10,E,Diehard,5,How Contaminated Are Our Children?,1.0,1.0,1.0
10,E,Diehard,5,"Blood Type Diet Perceived as ""Crass Fraud""",1.0,1.0,1.0
10,E,Diehard,5,Why Do Heart Doctors Favor Surgery and Drugs Over Diet?,1.0,1.0,1.0
10,E,Diehard,10,Breast Cancer Cells Feed on Cholesterol,1.0,1.0,1.0
10,E,Diehard,10,Using Diet to Treat Asthma and Eczema,1.0,1.0,1.0
10,E,Diehard,10,Treating Asthma With Plants vs. Pills,1.0,1.0,1.0
10,E,Diehard,10,How Fruits and Vegetables Can Treat Asthma,1.0,1.0,1.0
10,E,Diehard,10,How Fruits and Vegetables Can Prevent Asthma,1.0,1.0,1.0
10,E,Diehard,10,Our Tax Dollars Subsidize Unhealthy Foods,1.0,1.0,1.0
10,E,Diehard,10,Reducing Arsenic in Chicken and Rice,1.0,1.0,1.0
10,E,Diehard,10,How Contaminated Are Our Children?,1.0,1.0,1.0
10,E,Diehard,10,"Blood Type Diet Perceived as ""Crass Fraud""",1.0,1.0,1.0
10,E,Diehard,10,Why Do Heart Doctors Favor Surgery and Drugs Over Diet?,1.0,1.0,1.0
10,E,Diehard,20,Breast Cancer Cells Feed on Cholesterol,1.0,1.0,1.0
10,E,Diehard,20,Using Diet to Treat Asthma and Eczema,1.0,1.0,1.0
10,E,Diehard,20,Treating Asthma With Plants vs. Pills,1.0,1.0,1.0
10,E,Diehard,20,How Fruits and Vegetables Can Treat Asthma,1.0,1.0,1.0
10,E,Diehard,20,How Fruits and Vegetables Can Prevent Asthma,1.0,1.0,1.0
10,E,Diehard,20,Our Tax Dollars Subsidize Unhealthy Foods,1.0,1.0,1.0
10,E,Diehard,20,Reducing Arsenic in Chicken and Rice,1.0,1.0,1.0
10,E,Diehard,20,How Contaminated Are Our Children?,1.0,1.0,1.0
10,E,Diehard,20,"Blood Type Diet Perceived as ""Crass Fraud""",1.0,1.0,1.0
10,E,Diehard,20,Why Do Heart Doctors Favor Surgery and Drugs Over Diet?,1.0,1.0,1.0
10,E,Diehard,50,Breast Cancer Cells Feed on Cholesterol,1.0,1.0,0.9984
10,E,Diehard,50,Using Diet to Treat Asthma and Eczema,1.0,1.0,1.0
10,E,Diehard,50,Treating Asthma With Plants vs. Pills,1.0,1.0,1.0
10,E,Diehard,50,How Fruits and Vegetables Can Treat Asthma,1.0,1.0,0.9984
10,E,Diehard,50,How Fruits and Vegetables Can Prevent Asthma,1.0,1.0,0.9984
10,E,Diehard,50,Our Tax Dollars Subsidize Unhealthy Foods,1.0,1.0,1.0
10,E,Diehard,50,Reducing Arsenic in Chicken and Rice,1.0,1.0,0.9984
10,E,Diehard,50,How Contaminated Are Our Children?,1.0,1.0,1.0
10,E,Diehard,50,"Blood Type Diet Perceived as ""Crass Fraud""",1.0,1.0,1.0
10,E,Diehard,50,Why Do Heart Doctors Favor Surgery and Drugs Over Diet?,1.0,1.0,1.0
10,E,DiehardCombined,1,Breast Cancer Cells Feed on Cholesterol,1.0,1.0,1.0
10,E,DiehardCombined,1,Using Diet to Treat Asthma and Eczema,1.0,1.0,1.0
10,E,DiehardCombined,1,Treating Asthma With Plants vs. Pills,0.0,0.9642,1.0
10,E,DiehardCombined,1,How Fruits and Vegetables Can Treat Asthma,1.0,1.0,1.0
10,E,DiehardCombined,1,How Fruits and Vegetables Can Prevent Asthma,1.0,1.0,1.0
10,E,DiehardCombined,1,Our Tax Dollars Subsidize Unhealthy Foods,1.0,1.0,1.0
10,E,DiehardCombined,1,Reducing Arsenic in Chicken and Rice,0.0,0.9921,1.0
10,E,DiehardCombined,1,How Contaminated Are Our Children?,1.0,1.0,1.0
10,E,DiehardCombined,1,"Blood Type Diet Perceived as ""Crass Fraud""",1.0,1.0,1.0
10,E,DiehardCombined,1,Why Do Heart Doctors Favor Surgery and Drugs Over Diet?,1.0,1.0,1.0
10,E,DiehardCombined,5,Breast Cancer Cells Feed on Cholesterol,0.8,0.9982,0.8
10,E,DiehardCombined,5,Using Diet to Treat Asthma and Eczema,0.8,0.9927,0.6
10,E,DiehardCombined,5,Treating Asthma With Plants vs. Pills,1.0,0.9929,-0.2
10,E,DiehardCombined,5,How Fruits and Vegetables Can Treat Asthma,0.6,0.9751,0.8
10,E,DiehardCombined,5,How Fruits and Vegetables Can Prevent Asthma,0.8,0.9894,0.6
10,E,DiehardCombined,5,Our Tax Dollars Subsidize Unhealthy Foods,0.8,0.996,1.0
10,E,DiehardCombined,5,Reducing Arsenic in Chicken and Rice,1.0,0.9974,0.6
10,E,DiehardCombined,5,How Contaminated Are Our Children?,0.4,0.9637,0.6
10,E,DiehardCombined,5,"Blood Type Diet Perceived as ""Crass Fraud""",0.6,0.9806,0.4
10,E,DiehardCombined,5,Why Do Heart Doctors Favor Surgery and Drugs Over Diet?,0.8,0.9956,0.6
10,E,DiehardCombined,10,Breast Cancer Cells Feed on Cholesterol,1.0,0.999,0.6889
10,E,DiehardCombined,10,Using Diet to Treat Asthma and Eczema,0.8,0.9866,0.7778
10,E,DiehardCombined,10,Treating Asthma With Plants vs. Pills,0.9,0.9841,0.5111
10,E,DiehardCombined,10,How Fruits and Vegetables Can Treat Asthma,0.8,0.9869,0.5111
10,E,DiehardCombined,10,How Fruits and Vegetables Can Prevent Asthma,0.8,0.9844,0.5111
10,E,DiehardCombined,10,Our Tax Dollars Subsidize Unhealthy Foods,0.8,0.9951,0.7333
10,E,DiehardCombined,10,Reducing Arsenic in Chicken and Rice,0.9,0.9945,0.8222
10,E,DiehardCombined,10,How Contaminated Are Our Children?,0.7,0.9765,0.2444
10,E,DiehardCombined,10,"Blood Type Diet Perceived as ""Crass Fraud""",0.7,0.9801,0.4222
10,E,DiehardCombined,10,Why Do Heart Doctors Favor Surgery and Drugs Over Diet?,0.6,0.981,0.6889
10,E,DiehardCombined,20,Breast Cancer Cells Feed on Cholesterol,0.75,0.9907,0.7474
10,E,DiehardCombined,20,Using Diet to Treat Asthma and Eczema,0.8,0.9909,0.7263
10,E,DiehardCombined,20,Treating Asthma With Plants vs. Pills,0.85,0.9645,0.5205
10,E,DiehardCombined,20,How Fruits and Vegetables Can Treat Asthma,0.95,0.9952,0.5684
10,E,DiehardCombined,20,How Fruits and Vegetables Can Prevent Asthma,0.95,0.9942,0.5895
10,E,DiehardCombined,20,Our Tax Dollars Subsidize Unhealthy Foods,0.8,0.9912,0.5579
10,E,DiehardCombined,20,Reducing Arsenic in Chicken and Rice,0.85,0.9945,0.8632
10,E,DiehardCombined,20,How Contaminated Are Our Children?,0.9,0.9896,0.3158
10,E,DiehardCombined,20,"Blood Type Diet Perceived as ""Crass Fraud""",0.6,0.9792,0.5684
10,E,DiehardCombined,20,Why Do Heart Doctors Favor Surgery and Drugs Over Diet?,0.65,0.9865,0.3368
10,E,DiehardCombined,50,Breast Cancer Cells Feed on Cholesterol,0.78,0.8579,0.6599
10,E,DiehardCombined,50,Using Diet to Treat Asthma and Eczema,0.84,0.905,0.6911
10,E,DiehardCombined,50,Treating Asthma With Plants vs. Pills,0.9,0.9315,0.6525
10,E,DiehardCombined,50,How Fruits and Vegetables Can Treat Asthma,0.84,0.8949,0.712
10,E,DiehardCombined,50,How Fruits and Vegetables Can Prevent Asthma,0.9,0.9321,0.6808
10,E,DiehardCombined,50,Our Tax Dollars Subsidize Unhealthy Foods,0.76,0.8433,0.6159
10,E,DiehardCombined,50,Reducing Arsenic in Chicken and Rice,0.78,0.8732,0.7247
10,E,DiehardCombined,50,How Contaminated Are Our Children?,0.86,0.9047,0.5725
10,E,DiehardCombined,50,"Blood Type Diet Perceived as ""Crass Fraud""",0.7,0.7864,0.4891
10,E,DiehardCombined,50,Why Do Heart Doctors Favor Surgery and Drugs Over Diet?,0.82,0.8812,0.5049
10,E,Ckks,1,Breast Cancer Cells Feed on Cholesterol,1.0,1.0,1.0
10,E,Ckks,1,Using Diet to Treat Asthma and Eczema,1.0,1.0,1.0
10,E,Ckks,1,Treating Asthma With Plants vs. Pills,1.0,1.0,1.0
10,E,Ckks,1,How Fruits and Vegetables Can Treat Asthma,1.0,1.0,1.0
10,E,Ckks,1,How Fruits and Vegetables Can Prevent Asthma,1.0,1.0,1.0
10,E,Ckks,1,Our Tax Dollars Subsidize Unhealthy Foods,1.0,1.0,1.0
10,E,Ckks,1,Reducing Arsenic in Chicken and Rice,1.0,1.0,1.0
10,E,Ckks,1,How Contaminated Are Our Children?,1.0,1.0,1.0
10,E,Ckks,1,"Blood Type Diet Perceived as ""Crass Fraud""",1.0,1.0,1.0
10,E,Ckks,1,Why Do Heart Doctors Favor Surgery and Drugs Over Diet?,1.0,1.0,1.0
10,E,Ckks,5,Breast Cancer Cells Feed on Cholesterol,1.0,1.0,1.0
10,E,Ckks,5,Using Diet to Treat Asthma and Eczema,1.0,1.0,1.0
10,E,Ckks,5,Treating Asthma With Plants vs. Pills,1.0,1.0,1.0
10,E,Ckks,5,How Fruits and Vegetables Can Treat Asthma,1.0,1.0,1.0
10,E,Ckks,5,How Fruits and Vegetables Can Prevent Asthma,1.0,1.0,1.0
10,E,Ckks,5,Our Tax Dollars Subsidize Unhealthy Foods,1.0,1.0,1.0
10,E,Ckks,5,Reducing Arsenic in Chicken and Rice,1.0,1.0,1.0
10,E,Ckks,5,How Contaminated Are Our Children?,1.0,1.0,1.0
10,E,Ckks,5,"Blood Type Diet Perceived as ""Crass Fraud""",1.0,1.0,1.0
10,E,Ckks,5,Why Do Heart Doctors Favor Surgery and Drugs Over Diet?,1.0,1.0,0.8
10,E,Ckks,10,Breast Cancer Cells Feed on Cholesterol,1.0,1.0,1.0
10,E,Ckks,10,Using Diet to Treat Asthma and Eczema,1.0,1.0,1.0
10,E,Ckks,10,Treating Asthma With Plants vs. Pills,1.0,1.0,1.0
10,E,Ckks,10,How Fruits and Vegetables Can Treat Asthma,1.0,1.0,1.0
10,E,Ckks,10,How Fruits and Vegetables Can Prevent Asthma,1.0,1.0,1.0
10,E,Ckks,10,Our Tax Dollars Subsidize Unhealthy Foods,1.0,1.0,1.0
10,E,Ckks,10,Reducing Arsenic in Chicken and Rice,1.0,1.0,1.0
10,E,Ckks,10,How Contaminated Are Our Children?,1.0,1.0,1.0
10,E,Ckks,10,"Blood Type Diet Perceived as ""Crass Fraud""",1.0,1.0,1.0
10,E,Ckks,10,Why Do Heart Doctors Favor Surgery and Drugs Over Diet?,1.0,1.0,0.9556
10,E,Ckks,20,Breast Cancer Cells Feed on Cholesterol,1.0,1.0,1.0
10,E,Ckks,20,Using Diet to Treat Asthma and Eczema,1.0,1.0,1.0
10,E,Ckks,20,Treating Asthma With Plants vs. Pills,1.0,1.0,1.0
10,E,Ckks,20,How Fruits and Vegetables Can Treat Asthma,1.0,1.0,1.0
10,E,Ckks,20,How Fruits and Vegetables Can Prevent Asthma,1.0,1.0,1.0
10,E,Ckks,20,Our Tax Dollars Subsidize Unhealthy Foods,1.0,1.0,1.0
10,E,Ckks,20,Reducing Arsenic in Chicken and Rice,1.0,1.0,1.0
10,E,Ckks,20,How Contaminated Are Our Children?,1.0,1.0,1.0
10,E,Ckks,20,"Blood Type Diet Perceived as ""Crass Fraud""",1.0,1.0,1.0
10,E,Ckks,20,Why Do Heart Doctors Favor Surgery and Drugs Over Diet?,1.0,1.0,0.9789
10,E,Ckks,50,Breast Cancer Cells Feed on Cholesterol,1.0,1.0,1.0
10,E,Ckks,50,Using Diet to Treat Asthma and Eczema,1.0,1.0,1.0
10,E,Ckks,50,Treating Asthma With Plants vs. Pills,1.0,1.0,0.9984
10,E,Ckks,50,How Fruits and Vegetables Can Treat Asthma,1.0,1.0,0.9984
10,E,Ckks,50,How Fruits and Vegetables Can Prevent Asthma,1.0,1.0,0.9984
10,E,Ckks,50,Our Tax Dollars Subsidize Unhealthy Foods,1.0,1.0,0.9984
10,E,Ckks,50,Reducing Arsenic in Chicken and Rice,1.0,1.0,1.0
10,E,Ckks,50,How Contaminated Are Our Children?,1.0,1.0,1.0
10,E,Ckks,50,"Blood Type Diet Perceived as ""Crass Fraud""",1.0,1.0,0.9984
10,E,Ckks,50,Why Do Heart Doctors Favor Surgery and Drugs Over Diet?,1.0,1.0,0.9951
10,E,CkksCombined,1,Breast Cancer Cells Feed on Cholesterol,1.0,1.0,1.0
10,E,CkksCombined,1,Using Diet to Treat Asthma and Eczema,1.0,1.0,1.0
10,E,CkksCombined,1,Treating Asthma With Plants vs. Pills,1.0,1.0,1.0
10,E,CkksCombined,1,How Fruits and Vegetables Can Treat Asthma,1.0,1.0,1.0
10,E,CkksCombined,1,How Fruits and Vegetables Can Prevent Asthma,1.0,1.0,1.0
10,E,CkksCombined,1,Our Tax Dollars Subsidize Unhealthy Foods,1.0,1.0,1.0
10,E,CkksCombined,1,Reducing Arsenic in Chicken and Rice,1.0,1.0,1.0
10,E,CkksCombined,1,How Contaminated Are Our Children?,1.0,1.0,1.0
10,E,CkksCombined,1,"Blood Type Diet Perceived as ""Crass Fraud""",1.0,1.0,1.0
10,E,CkksCombined,1,Why Do Heart Doctors Favor Surgery and Drugs Over Diet?,1.0,1.0,1.0
10,E,CkksCombined,5,Breast Cancer Cells Feed on Cholesterol,1.0,1.0,1.0
10,E,CkksCombined,5,Using Diet to Treat Asthma and Eczema,1.0,1.0,1.0
10,E,CkksCombined,5,Treating Asthma With Plants vs. Pills,1.0,1.0,0.8
10,E,CkksCombined,5,How Fruits and Vegetables Can Treat Asthma,1.0,1.0,1.0
10,E,CkksCombined,5,How Fruits and Vegetables Can Prevent Asthma,1.0,1.0,1.0
10,E,CkksCombined,5,Our Tax Dollars Subsidize Unhealthy Foods,0.8,0.9993,1.0
10,E,CkksCombined,5,Reducing Arsenic in Chicken and Rice,1.0,1.0,1.0
10,E,CkksCombined,5,How Contaminated Are Our Children?,1.0,1.0,1.0
10,E,CkksCombined,5,"Blood Type Diet Perceived as ""Crass Fraud""",1.0,0.9998,0.8
10,E,CkksCombined,5,Why Do Heart Doctors Favor Surgery and Drugs Over Diet?,1.0,1.0,0.8
10,E,CkksCombined,10,Breast Cancer Cells Feed on Cholesterol,1.0,1.0,1.0
10,E,CkksCombined,10,Using Diet to Treat Asthma and Eczema,1.0,1.0,1.0
10,E,CkksCombined,10,Treating Asthma With Plants vs. Pills,1.0,1.0,0.9556
10,E,CkksCombined,10,How Fruits and Vegetables Can Treat Asthma,1.0,1.0,1.0
10,E,CkksCombined,10,How Fruits and Vegetables Can Prevent Asthma,1.0,1.0,1.0
10,E,CkksCombined,10,Our Tax Dollars Subsidize Unhealthy Foods,1.0,1.0,0.9556
10,E,CkksCombined,10,Reducing Arsenic in Chicken and Rice,1.0,1.0,0.9556
10,E,CkksCombined,10,How Contaminated Are Our Children?,1.0,1.0,1.0
10,E,CkksCombined,10,"Blood Type Diet Perceived as ""Crass Fraud""",1.0,0.9999,0.9111
10,E,CkksCombined,10,Why Do Heart Doctors Favor Surgery and Drugs Over Diet?,1.0,1.0,0.8667
10,E,CkksCombined,20,Breast Cancer Cells Feed on Cholesterol,1.0,1.0,0.9579
10,E,CkksCombined,20,Using Diet to Treat Asthma and Eczema,1.0,1.0,0.9579
10,E,CkksCombined,20,Treating Asthma With Plants vs. Pills,1.0,1.0,0.9895
10,E,CkksCombined,20,How Fruits and Vegetables Can Treat Asthma,0.95,0.9998,0.9895
10,E,CkksCombined,20,How Fruits and Vegetables Can Prevent Asthma,1.0,1.0,1.0
10,E,CkksCombined,20,Our Tax Dollars Subsidize Unhealthy Foods,1.0,1.0,0.9474
10,E,CkksCombined,20,Reducing Arsenic in Chicken and Rice,1.0,1.0,0.9684
10,E,CkksCombined,20,How Contaminated Are Our Children?,1.0,1.0,0.9474
10,E,CkksCombined,20,"Blood Type Diet Perceived as ""Crass Fraud""",0.95,0.9998,0.9474
10,E,CkksCombined,20,Why Do Heart Doctors Favor Surgery and Drugs Over Diet?,1.0,1.0,0.8842
10,E,CkksCombined,50,Breast Cancer Cells Feed on Cholesterol,0.96,0.9762,0.9521
10,E,CkksCombined,50,Using Diet to Treat Asthma and Eczema,0.98,0.9891,0.9813
10,E,CkksCombined,50,Treating Asthma With Plants vs. Pills,1.0,1.0,0.9722
10,E,CkksCombined,50,How Fruits and Vegetables Can Treat Asthma,1.0,1.0,0.9494
10,E,CkksCombined,50,How Fruits and Vegetables Can Prevent Asthma,0.98,0.9881,0.9167
10,E,CkksCombined,50,Our Tax Dollars Subsidize Unhealthy Foods,0.96,0.9762,0.9592
10,E,CkksCombined,50,Reducing Arsenic in Chicken and Rice,0.98,0.9894,0.9507
10,E,CkksCombined,50,How Contaminated Are Our Children?,0.98,0.9882,0.9745
10,E,CkksCombined,50,"Blood Type Diet Perceived as ""Crass Fraud""",1.0,0.9999,0.9592
10,E,CkksCombined,50,Why Do Heart Doctors Favor Surgery and Drugs Over Diet?,0.98,0.9878,0.9592
