trial,exp,algorithm,noise_min,noise_max,top_k,query,recall_at_k,ndcg_at_k,kendall_tau,enc_embed_us,enc_encrypt_us,enc_search_us,enc_total_us,score_entropy,score_variance,score_distinct_count
1,A,Scrambling,0.9,1.1,10,Breast Cancer Cells Feed on Cholesterol,1.0,1.0,1.0,7825,11,881,11358,2.0253,0.003559,10
1,A,Scrambling,0.9,1.1,10,Using Diet to Treat Asthma and Eczema,1.0,1.0,1.0,8036,2,850,12383,1.8344,0.002109,10
1,A,Scrambling,0.9,1.1,10,Treating Asthma With Plants vs. Pills,1.0,1.0,1.0,10122,2,853,14520,2.0253,0.000406,10
1,A,Scrambling,0.9,1.1,10,How Fruits and Vegetables Can Treat Asthma,1.0,1.0,1.0,9868,1,918,13089,2.0253,0.001719,10
1,A,Scrambling,0.9,1.1,10,How Fruits and Vegetables Can Prevent Asthma,1.0,1.0,1.0,7746,2,848,10961,2.0253,0.001538,10
1,A,Scrambling,0.9,1.1,10,Our Tax Dollars Subsidize Unhealthy Foods,1.0,1.0,1.0,8501,1,843,13392,1.6094,0.003116,10
1,A,Scrambling,0.9,1.1,10,Reducing Arsenic in Chicken and Rice,1.0,1.0,1.0,6937,2,847,9860,2.0253,0.009455,10
1,A,Scrambling,0.9,1.1,10,How Contaminated Are Our Children?,1.0,1.0,1.0,7603,1,843,10673,2.3026,0.000587,10
1,A,Scrambling,0.9,1.1,10,"Blood Type Diet Perceived as ""Crass Fraud""",1.0,1.0,1.0,7942,1,853,12596,1.3592,0.003264,10
1,A,Scrambling,0.9,1.1,10,Why Do Heart Doctors Favor Surgery and Drugs Over Diet?,1.0,1.0,0.9556,8567,1,846,12043,1.8344,0.000878,9
1,A,Scrambling,0.9,1.1,10,Phytates in Beans: Anti-Nutrient or Anti-Cancer?,1.0,1.0,1.0,8021,1,843,12562,2.164,0.000424,10
1,A,Scrambling,0.9,1.1,10,How Phytates Fight Cancer Cells,0.9,0.9399,1.0,5702,1,832,10197,2.164,0.000335,9
1,A,Scrambling,0.9,1.1,10,Colon Cancer Prevention: Is it the Fiber or the Phytates?,1.0,1.0,1.0,8202,1,1300,11410,1.6094,0.001848,10
1,A,Scrambling,0.9,1.1,10,Low Carb Diets Found to Feed Heart Disease,1.0,1.0,0.9556,9143,1,833,12821,1.973,0.000362,9
1,A,Scrambling,0.9,1.1,10,How Curry Can Kill Cancer Cells,1.0,1.0,1.0,8126,2,848,11669,1.6094,0.000636,9
1,A,Scrambling,0.9,1.1,10,Testing Turmeric on Smokers,1.0,1.0,1.0,7528,2,834,11209,1.4185,0.003161,10
1,A,Scrambling,0.9,1.1,10,Alkylphenol Endocrine Disruptors and Allergies,1.0,1.0,1.0,7237,2,844,11284,1.4708,0.008035,10
1,A,Scrambling,0.9,1.1,10,Slowing Cognitive Decline with Berries,1.0,1.0,1.0,7944,2,840,11971,2.164,0.002724,10
1,A,Scrambling,0.9,1.1,10,What is ‘Meat Glue’?,1.0,1.0,1.0,6961,1,831,11169,1.8867,0.000914,10
1,A,Scrambling,0.9,1.1,10,Is Liquid Smoke Safe?,1.0,1.0,1.0,7505,1,842,11452,1.8344,0.002074,10
1,A,Scrambling,0.9,1.1,10,Does Antioxidant Intake Matter for Stroke and Heart Disease?,1.0,1.0,1.0,8169,1,832,11878,1.8344,0.003368,10
1,A,Scrambling,0.9,1.1,10,Does Antioxidant Intake Matter for Cancer?,1.0,1.0,1.0,7180,1,829,10866,1.6957,0.002813,10
1,A,Scrambling,0.9,1.1,10,Is buying organic worth it? A review of the science in new DVD,1.0,1.0,1.0,8194,1,842,12202,1.8867,0.003951,10
1,A,Scrambling,0.9,1.1,10,Orange Aromatherapy for Anxiety,1.0,1.0,1.0,7406,1,838,11786,1.8867,0.00319,10
1,A,Scrambling,0.9,1.1,10,Food Manufacturers Get to Decide if Their Own Additives Are Safe,1.0,1.0,1.0,7393,2,836,11466,1.8344,0.003727,10
1,A,Scrambling,0.9,1.1,10,Meat Industry Wins Right to Sell Tainted Meat,1.0,1.0,1.0,7910,1,831,12609,1.7481,0.00028,10
1,A,Scrambling,0.9,1.1,10,Chicken Salmonella Outbreaks Show Food Safety Systems Failure,1.0,1.0,1.0,7248,2,843,11301,2.3026,0.000682,10
1,A,Scrambling,0.9,1.1,10,Viral Food Poisoning from Pesticides?,1.0,1.0,1.0,6245,1,837,10881,2.0253,0.001973,10
1,A,Scrambling,0.9,1.1,10,The Reversal on Fish Oil,1.0,1.0,1.0,7291,1,830,11498,1.8867,0.001024,10
1,A,Scrambling,0.9,1.1,10,Are Multivitamins Just a Waste of Money?,1.0,1.0,1.0,8155,1,838,12253,1.8344,0.001774,10
1,A,Noise,0.9,1.1,10,Breast Cancer Cells Feed on Cholesterol,1.0,1.0,1.0,17309,5,1508,21236,2.0253,0.003454,10
1,A,Noise,0.9,1.1,10,Using Diet to Treat Asthma and Eczema,1.0,1.0,1.0,12428,3,1089,17199,1.8344,0.002115,10
1,A,Noise,0.9,1.1,10,Treating Asthma With Plants vs. Pills,1.0,1.0,0.9556,9671,3,1029,12943,2.0253,0.000395,10
1,A,Noise,0.9,1.1,10,How Fruits and Vegetables Can Treat Asthma,1.0,1.0,0.9556,9848,2,922,12738,2.0253,0.001721,10
1,A,Noise,0.9,1.1,10,How Fruits and Vegetables Can Prevent Asthma,1.0,0.9997,0.9111,8178,3,879,10956,2.0253,0.001561,10
1,A,Noise,0.9,1.1,10,Our Tax Dollars Subsidize Unhealthy Foods,1.0,1.0,0.9556,8634,2,842,11388,1.7481,0.003272,10
1,A,Noise,0.9,1.1,10,Reducing Arsenic in Chicken and Rice,1.0,1.0,1.0,8505,2,829,11321,2.0253,0.009325,10
1,A,Noise,0.9,1.1,10,How Contaminated Are Our Children?,1.0,1.0,1.0,8080,2,833,10681,2.164,0.000543,10
1,A,Noise,0.9,1.1,10,"Blood Type Diet Perceived as ""Crass Fraud""",1.0,1.0,0.9556,8170,2,848,10822,1.4708,0.003175,10
1,A,Noise,0.9,1.1,10,Why Do Heart Doctors Favor Surgery and Drugs Over Diet?,1.0,1.0,0.9111,8020,2,838,10634,1.8867,0.000901,9
1,A,Noise,0.9,1.1,10,Phytates in Beans: Anti-Nutrient or Anti-Cancer?,1.0,0.9998,0.8667,9563,2,842,12545,1.8344,0.000447,10
1,A,Noise,0.9,1.1,10,How Phytates Fight Cancer Cells,1.0,1.0,1.0,8707,2,837,11295,2.0253,0.000325,10
1,A,Noise,0.9,1.1,10,Colon Cancer Prevention: Is it the Fiber or the Phytates?,1.0,1.0,0.8667,8703,2,833,11617,1.8344,0.001957,10
1,A,Noise,0.9,1.1,10,Low Carb Diets Found to Feed Heart Disease,1.0,1.0,0.9111,7998,2,844,12224,1.973,0.000377,9
1,A,Noise,0.9,1.1,10,How Curry Can Kill Cancer Cells,1.0,1.0,0.9111,8134,2,845,12288,1.6957,0.000588,9
1,A,Noise,0.9,1.1,10,Testing Turmeric on Smokers,0.9,0.9454,0.8889,8153,2,847,12398,1.6094,0.003129,9
1,A,Noise,0.9,1.1,10,Alkylphenol Endocrine Disruptors and Allergies,0.9,0.949,1.0,7387,2,832,12414,1.4708,0.008068,10
1,A,Noise,0.9,1.1,10,Slowing Cognitive Decline with Berries,1.0,1.0,1.0,8590,3,828,12543,2.3026,0.002801,10
1,A,Noise,0.9,1.1,10,What is ‘Meat Glue’?,1.0,1.0,1.0,8006,2,843,12129,2.0253,0.000923,10
1,A,Noise,0.9,1.1,10,Is Liquid Smoke Safe?,1.0,1.0,1.0,7927,2,839,11239,1.973,0.002059,10
1,A,Noise,0.9,1.1,10,Does Antioxidant Intake Matter for Stroke and Heart Disease?,1.0,1.0,0.9556,8029,2,825,12046,1.8344,0.00323,10
1,A,Noise,0.9,1.1,10,Does Antioxidant Intake Matter for Cancer?,0.9,0.9435,1.0,8550,2,835,12551,1.8344,0.002879,10
1,A,Noise,0.9,1.1,10,Is buying organic worth it? A review of the science in new DVD,1.0,1.0,0.9556,8458,3,843,12610,1.8867,0.003896,10
1,A,Noise,0.9,1.1,10,Orange Aromatherapy for Anxiety,1.0,1.0,0.9556,7383,2,830,12404,1.8867,0.003232,10
1,A,Noise,0.9,1.1,10,Food Manufacturers Get to Decide if Their Own Additives Are Safe,1.0,1.0,0.9556,8005,2,839,11044,1.6434,0.003642,10
1,A,Noise,0.9,1.1,10,Meat Industry Wins Right to Sell Tainted Meat,1.0,1.0,0.9556,8260,2,838,11099,1.4708,0.000308,9
1,A,Noise,0.9,1.1,10,Chicken Salmonella Outbreaks Show Food Safety Systems Failure,1.0,1.0,1.0,7549,2,841,10674,2.164,0.000673,10
1,A,Noise,0.9,1.1,10,Viral Food Poisoning from Pesticides?,1.0,1.0,1.0,9308,2,827,13337,1.8344,0.001975,10
1,A,Noise,0.9,1.1,10,The Reversal on Fish Oil,0.9,0.9427,1.0,8339,2,838,12424,2.0253,0.001086,10
1,A,Noise,0.9,1.1,10,Are Multivitamins Just a Waste of Money?,1.0,1.0,0.9556,7715,2,843,12016,2.164,0.00173,10
1,A,Combined,0.9,1.1,10,Breast Cancer Cells Feed on Cholesterol,0.9,0.9457,1.0,16950,18,1443,22657,1.8344,0.00347,10
1,A,Combined,0.9,1.1,10,Using Diet to Treat Asthma and Eczema,1.0,1.0,1.0,11127,3,1183,15922,1.8867,0.00208,10
1,A,Combined,0.9,1.1,10,Treating Asthma With Plants vs. Pills,1.0,1.0,1.0,10802,3,1007,15360,1.8344,0.00042,10
1,A,Combined,0.9,1.1,10,How Fruits and Vegetables Can Treat Asthma,1.0,1.0,0.9556,9460,2,915,13721,2.0253,0.001709,10
1,A,Combined,0.9,1.1,10,How Fruits and Vegetables Can Prevent Asthma,1.0,1.0,1.0,8744,3,893,12403,2.0253,0.001565,10
1,A,Combined,0.9,1.1,10,Our Tax Dollars Subsidize Unhealthy Foods,1.0,1.0,1.0,7248,3,841,12338,1.7481,0.003136,10
1,A,Combined,0.9,1.1,10,Reducing Arsenic in Chicken and Rice,1.0,0.9993,0.9556,8094,2,827,12669,2.0253,0.009413,10
1,A,Combined,0.9,1.1,10,How Contaminated Are Our Children?,1.0,1.0,1.0,7932,2,834,12119,2.164,0.000594,10
1,A,Combined,0.9,1.1,10,"Blood Type Diet Perceived as ""Crass Fraud""",1.0,1.0,1.0,7619,3,839,11754,1.3592,0.003253,10
1,A,Combined,0.9,1.1,10,Why Do Heart Doctors Favor Surgery and Drugs Over Diet?,0.9,0.9414,0.9444,7645,2,837,12502,1.6094,0.00091,9
1,A,Combined,0.9,1.1,10,Phytates in Beans: Anti-Nutrient or Anti-Cancer?,1.0,1.0,1.0,8225,2,831,11854,2.0253,0.000381,10
1,A,Combined,0.9,1.1,10,How Phytates Fight Cancer Cells,0.9,0.9399,0.9444,7759,3,837,11880,2.0253,0.000337,10
1,A,Combined,0.9,1.1,10,Colon Cancer Prevention: Is it the Fiber or the Phytates?,0.9,0.9415,1.0,7593,2,859,11134,1.6094,0.001748,9
1,A,Combined,0.9,1.1,10,Low Carb Diets Found to Feed Heart Disease,1.0,1.0,0.8667,6711,2,836,10682,1.7481,0.000337,9
1,A,Combined,0.9,1.1,10,How Curry Can Kill Cancer Cells,1.0,1.0,0.9556,8870,3,838,12967,1.3592,0.000689,9
1,A,Combined,0.9,1.1,10,Testing Turmeric on Smokers,1.0,1.0,0.9111,9020,2,847,12859,1.6094,0.003201,10
1,A,Combined,0.9,1.1,10,Alkylphenol Endocrine Disruptors and Allergies,1.0,1.0,1.0,8204,2,850,12702,1.6094,0.00791,10
1,A,Combined,0.9,1.1,10,Slowing Cognitive Decline with Berries,1.0,1.0,1.0,6606,2,921,10628,2.164,0.002585,10
1,A,Combined,0.9,1.1,10,What is ‘Meat Glue’?,1.0,0.9999,0.8667,8269,2,814,11461,1.8867,0.000963,10
1,A,Combined,0.9,1.1,10,Is Liquid Smoke Safe?,1.0,1.0,1.0,8246,3,866,11564,1.8344,0.002086,10
1,A,Combined,0.9,1.1,10,Does Antioxidant Intake Matter for Stroke and Heart Disease?,1.0,1.0,0.9556,9059,2,859,12584,1.7481,0.003325,10
1,A,Combined,0.9,1.1,10,Does Antioxidant Intake Matter for Cancer?,1.0,0.9999,0.8667,8840,2,840,11538,1.6434,0.002826,10
1,A,Combined,0.9,1.1,10,Is buying organic worth it? A review of the science in new DVD,1.0,1.0,1.0,8497,2,842,11201,1.8867,0.003857,10
1,A,Combined,0.9,1.1,10,Orange Aromatherapy for Anxiety,1.0,1.0,1.0,8414,2,840,11299,1.8867,0.003058,10
1,A,Combined,0.9,1.1,10,Food Manufacturers Get to Decide if Their Own Additives Are Safe,1.0,1.0,0.9556,7704,2,835,10440,1.8344,0.003721,10
1,A,Combined,0.9,1.1,10,Meat Industry Wins Right to Sell Tainted Meat,1.0,0.9996,0.8667,8114,2,841,10739,1.6957,0.000293,10
1,A,Combined,0.9,1.1,10,Chicken Salmonella Outbreaks Show Food Safety Systems Failure,1.0,1.0,1.0,7360,3,839,9911,2.3026,0.000671,10
1,A,Combined,0.9,1.1,10,Viral Food Poisoning from Pesticides?,1.0,1.0,0.9556,9030,3,835,11698,1.8867,0.001936,10
1,A,Combined,0.9,1.1,10,The Reversal on Fish Oil,1.0,1.0,0.9556,7947,2,847,10834,1.8867,0.000984,9
1,A,Combined,0.9,1.1,10,Are Multivitamins Just a Waste of Money?,1.0,1.0,1.0,7989,2,837,12015,1.8344,0.001692,10
1,A,Rome,1.0,1.0,10,Breast Cancer Cells Feed on Cholesterol,1.0,1.0,1.0,16409,80,2002,22834,2.0253,0.003559,10
1,A,Rome,1.0,1.0,10,Using Diet to Treat Asthma and Eczema,1.0,1.0,1.0,11590,53,1612,16956,1.8344,0.002109,10
1,A,Rome,1.0,1.0,10,Treating Asthma With Plants vs. Pills,1.0,1.0,1.0,9893,46,1390,13776,2.0253,0.000406,10
1,A,Rome,1.0,1.0,10,How Fruits and Vegetables Can Treat Asthma,1.0,1.0,1.0,8414,40,1260,12349,2.0253,0.001719,10
1,A,Rome,1.0,1.0,10,How Fruits and Vegetables Can Prevent Asthma,1.0,1.0,1.0,8202,38,1215,12719,2.0253,0.001538,10
1,A,Rome,1.0,1.0,10,Our Tax Dollars Subsidize Unhealthy Foods,1.0,1.0,1.0,8337,39,1151,12816,1.6094,0.003116,10
1,A,Rome,1.0,1.0,10,Reducing Arsenic in Chicken and Rice,1.0,1.0,1.0,8714,39,1134,13629,2.0253,0.009455,10
1,A,Rome,1.0,1.0,10,How Contaminated Are Our Children?,1.0,1.0,1.0,7881,36,1147,12246,2.3026,0.000587,10
1,A,Rome,1.0,1.0,10,"Blood Type Diet Perceived as ""Crass Fraud""",1.0,1.0,1.0,7915,38,1113,12374,1.3592,0.003264,10
1,A,Rome,1.0,1.0,10,Why Do Heart Doctors Favor Surgery and Drugs Over Diet?,1.0,1.0,0.9556,8651,36,1137,12022,1.8344,0.000878,9
1,A,Rome,1.0,1.0,10,Phytates in Beans: Anti-Nutrient or Anti-Cancer?,1.0,1.0,1.0,9387,39,1138,12476,2.164,0.000424,10
1,A,Rome,1.0,1.0,10,How Phytates Fight Cancer Cells,0.9,0.9399,1.0,9041,35,1132,12302,2.164,0.000335,9
1,A,Rome,1.0,1.0,10,Colon Cancer Prevention: Is it the Fiber or the Phytates?,1.0,1.0,1.0,8601,39,1136,11614,1.6094,0.001848,10
1,A,Rome,1.0,1.0,10,Low Carb Diets Found to Feed Heart Disease,1.0,1.0,0.9556,8551,39,1147,11658,1.973,0.000362,9
1,A,Rome,1.0,1.0,10,How Curry Can Kill Cancer Cells,1.0,1.0,0.9556,7467,36,1139,10521,1.6094,0.000636,9
1,A,Rome,1.0,1.0,10,Testing Turmeric on Smokers,1.0,1.0,1.0,9007,39,1132,11948,1.4185,0.003161,10
1,A,Rome,1.0,1.0,10,Alkylphenol Endocrine Disruptors and Allergies,1.0,1.0,1.0,8236,38,1136,11313,1.4708,0.008035,10
1,A,Rome,1.0,1.0,10,Slowing Cognitive Decline with Berries,1.0,1.0,1.0,9016,36,1189,12872,2.164,0.002724,10
1,A,Rome,1.0,1.0,10,What is ‘Meat Glue’?,1.0,1.0,1.0,7739,40,1154,12124,1.8867,0.000914,10
1,A,Rome,1.0,1.0,10,Is Liquid Smoke Safe?,1.0,1.0,1.0,8928,37,1135,13096,1.8344,0.002074,10
1,A,Rome,1.0,1.0,10,Does Antioxidant Intake Matter for Stroke and Heart Disease?,1.0,1.0,1.0,9554,38,1144,14133,1.8344,0.003368,10
1,A,Rome,1.0,1.0,10,Does Antioxidant Intake Matter for Cancer?,1.0,1.0,1.0,8252,36,1138,11600,1.6957,0.002813,10
1,A,Rome,1.0,1.0,10,Is buying organic worth it? A review of the science in new DVD,1.0,1.0,1.0,8644,37,1135,13370,1.8867,0.003951,10
1,A,Rome,1.0,1.0,10,Orange Aromatherapy for Anxiety,1.0,1.0,1.0,8484,37,1126,12916,1.8867,0.00319,10
1,A,Rome,1.0,1.0,10,Food Manufacturers Get to Decide if Their Own Additives Are Safe,1.0,1.0,1.0,9012,40,1125,13311,1.8344,0.003727,10
1,A,Rome,1.0,1.0,10,Meat Industry Wins Right to Sell Tainted Meat,1.0,1.0,1.0,8617,38,1132,12327,1.7481,0.00028,10
1,A,Rome,1.0,1.0,10,Chicken Salmonella Outbreaks Show Food Safety Systems Failure,1.0,1.0,1.0,8399,37,1133,13421,2.3026,0.000682,10
1,A,Rome,1.0,1.0,10,Viral Food Poisoning from Pesticides?,1.0,1.0,1.0,8303,38,1126,13214,2.0253,0.001973,10
1,A,Rome,1.0,1.0,10,The Reversal on Fish Oil,1.0,1.0,1.0,8129,38,1122,12523,1.8867,0.001024,10
1,A,Rome,1.0,1.0,10,Are Multivitamins Just a Waste of Money?,1.0,1.0,1.0,8046,38,1133,12581,1.8344,0.001774,10
1,A,RomeCombined,0.9,1.1,10,Breast Cancer Cells Feed on Cholesterol,1.0,1.0,1.0,16562,67,1984,21037,2.0253,0.003513,10
1,A,RomeCombined,0.9,1.1,10,Using Diet to Treat Asthma and Eczema,1.0,1.0,0.9556,12595,54,1624,16331,1.8344,0.002131,10
1,A,RomeCombined,0.9,1.1,10,Treating Asthma With Plants vs. Pills,1.0,0.9998,0.8667,11310,47,1401,14815,1.973,0.000403,9
1,A,RomeCombined,0.9,1.1,10,How Fruits and Vegetables Can Treat Asthma,1.0,1.0,1.0,9262,41,1267,12946,2.0253,0.001715,10
1,A,RomeCombined,0.9,1.1,10,How Fruits and Vegetables Can Prevent Asthma,1.0,1.0,0.9556,7739,40,1183,10883,2.0253,0.001535,10
1,A,RomeCombined,0.9,1.1,10,Our Tax Dollars Subsidize Unhealthy Foods,1.0,1.0,0.9556,7732,37,1143,10911,1.6094,0.003154,9
1,A,RomeCombined,0.9,1.1,10,Reducing Arsenic in Chicken and Rice,1.0,1.0,1.0,7876,38,1145,11387,2.0253,0.009446,10
1,A,RomeCombined,0.9,1.1,10,How Contaminated Are Our Children?,1.0,1.0,1.0,7338,37,1143,10474,2.0253,0.000571,10
1,A,RomeCombined,0.9,1.1,10,"Blood Type Diet Perceived as ""Crass Fraud""",0.9,0.9444,0.9444,8286,40,1159,11711,1.4979,0.003147,10
1,A,RomeCombined,0.9,1.1,10,Why Do Heart Doctors Favor Surgery and Drugs Over Diet?,1.0,1.0,0.9556,8494,39,1170,11783,1.6957,0.000874,9
1,A,RomeCombined,0.9,1.1,10,Phytates in Beans: Anti-Nutrient or Anti-Cancer?,1.0,1.0,0.9111,9206,39,1149,12382,1.8867,0.000403,10
1,A,RomeCombined,0.9,1.1,10,How Phytates Fight Cancer Cells,0.9,0.9399,1.0,7799,36,1143,11220,2.164,0.000301,10
1,A,RomeCombined,0.9,1.1,10,Colon Cancer Prevention: Is it the Fiber or the Phytates?,1.0,1.0,1.0,8079,38,1135,11112,1.6094,0.001795,10
1,A,RomeCombined,0.9,1.1,10,Low Carb Diets Found to Feed Heart Disease,1.0,1.0,0.9111,8887,36,1137,12342,2.0253,0.000358,9
1,A,RomeCombined,0.9,1.1,10,How Curry Can Kill Cancer Cells,1.0,1.0,0.8667,8170,38,1126,11272,1.7481,0.000652,9
1,A,RomeCombined,0.9,1.1,10,Testing Turmeric on Smokers,1.0,1.0,1.0,7762,39,1137,10775,1.8344,0.003101,10
1,A,RomeCombined,0.9,1.1,10,Alkylphenol Endocrine Disruptors and Allergies,1.0,1.0,0.9111,7750,35,1135,10866,1.6094,0.007982,10
1,A,RomeCombined,0.9,1.1,10,Slowing Cognitive Decline with Berries,1.0,1.0,1.0,8665,38,1129,11764,2.3026,0.002706,10
1,A,RomeCombined,0.9,1.1,10,What is ‘Meat Glue’?,1.0,1.0,0.9556,7381,37,1139,10437,1.8344,0.000919,10
1,A,RomeCombined,0.9,1.1,10,Is Liquid Smoke Safe?,1.0,1.0,0.9556,7574,39,1137,10643,1.8344,0.002037,10
1,A,RomeCombined,0.9,1.1,10,Does Antioxidant Intake Matter for Stroke and Heart Disease?,1.0,1.0,1.0,8446,38,1139,11545,1.7481,0.003271,10
1,A,RomeCombined,0.9,1.1,10,Does Antioxidant Intake Matter for Cancer?,1.0,1.0,1.0,8018,36,1171,11100,1.973,0.002683,10
1,A,RomeCombined,0.9,1.1,10,Is buying organic worth it? A review of the science in new DVD,1.0,1.0,0.9556,8526,37,1165,12278,1.8867,0.003808,10
1,A,RomeCombined,0.9,1.1,10,Orange Aromatherapy for Anxiety,1.0,1.0,1.0,8851,36,1097,12057,2.0253,0.003292,10
1,A,RomeCombined,0.9,1.1,10,Food Manufacturers Get to Decide if Their Own Additives Are Safe,1.0,1.0,1.0,9051,37,1136,12257,1.8344,0.003751,10
1,A,RomeCombined,0.9,1.1,10,Meat Industry Wins Right to Sell Tainted Meat,1.0,1.0,0.8667,8545,40,1101,11738,1.3592,0.000308,10
1,A,RomeCombined,0.9,1.1,10,Chicken Salmonella Outbreaks Show Food Safety Systems Failure,1.0,1.0,1.0,8196,40,1133,11472,2.3026,0.00069,10
1,A,RomeCombined,0.9,1.1,10,Viral Food Poisoning from Pesticides?,1.0,1.0,1.0,8265,36,1144,11861,1.8344,0.001995,10
1,A,RomeCombined,0.9,1.1,10,The Reversal on Fish Oil,1.0,1.0,1.0,7433,41,1146,10569,1.8867,0.000983,10
1,A,RomeCombined,0.9,1.1,10,Are Multivitamins Just a Waste of Money?,1.0,1.0,1.0,8171,36,1143,11220,2.164,0.001763,10
1,A,Romm,1.0,1.0,10,Breast Cancer Cells Feed on Cholesterol,1.0,1.0,1.0,16768,50,1439,21609,2.0253,0.003559,10
1,A,Romm,1.0,1.0,10,Using Diet to Treat Asthma and Eczema,1.0,1.0,1.0,11960,32,1195,16800,1.8344,0.002109,10
1,A,Romm,1.0,1.0,10,Treating Asthma With Plants vs. Pills,1.0,1.0,1.0,11523,26,1009,15530,2.0253,0.000406,10
1,A,Romm,1.0,1.0,10,How Fruits and Vegetables Can Treat Asthma,1.0,1.0,1.0,9014,23,924,13872,2.0253,0.001719,10
1,A,Romm,1.0,1.0,10,How Fruits and Vegetables Can Prevent Asthma,1.0,1.0,1.0,8558,22,858,12664,2.0253,0.001538,10
1,A,Romm,1.0,1.0,10,Our Tax Dollars Subsidize Unhealthy Foods,1.0,1.0,1.0,7863,23,839,11957,1.6094,0.003116,10
1,A,Romm,1.0,1.0,10,Reducing Arsenic in Chicken and Rice,1.0,1.0,1.0,8123,23,833,12837,2.0253,0.009455,10
1,A,Romm,1.0,1.0,10,How Contaminated Are Our Children?,1.0,1.0,1.0,7149,23,820,11223,2.3026,0.000587,10
1,A,Romm,1.0,1.0,10,"Blood Type Diet Perceived as ""Crass Fraud""",1.0,1.0,1.0,7482,23,832,11019,1.3592,0.003264,10
1,A,Romm,1.0,1.0,10,Why Do Heart Doctors Favor Surgery and Drugs Over Diet?,1.0,1.0,0.9556,8221,23,839,12098,1.8344,0.000878,9
1,A,Romm,1.0,1.0,10,Phytates in Beans: Anti-Nutrient or Anti-Cancer?,1.0,1.0,1.0,8369,25,831,13132,2.164,0.000424,10
1,A,Romm,1.0,1.0,10,How Phytates Fight Cancer Cells,0.9,0.9399,1.0,7382,23,825,11704,2.164,0.000335,9
1,A,Romm,1.0,1.0,10,Colon Cancer Prevention: Is it the Fiber or the Phytates?,1.0,1.0,1.0,8447,24,832,12091,1.6094,0.001848,10
1,A,Romm,1.0,1.0,10,Low Carb Diets Found to Feed Heart Disease,1.0,1.0,0.9556,7990,22,835,12707,1.973,0.000362,9
1,A,Romm,1.0,1.0,10,How Curry Can Kill Cancer Cells,1.0,1.0,1.0,6619,22,824,10273,1.6094,0.000636,9
1,A,Romm,1.0,1.0,10,Testing Turmeric on Smokers,1.0,1.0,1.0,8949,20,832,11935,1.4185,0.003161,10
1,A,Romm,1.0,1.0,10,Alkylphenol Endocrine Disruptors and Allergies,1.0,1.0,1.0,7336,22,852,10297,1.4708,0.008035,10
1,A,Romm,1.0,1.0,10,Slowing Cognitive Decline with Berries,1.0,1.0,1.0,7910,23,824,13653,2.164,0.002724,10
1,A,Romm,1.0,1.0,10,What is ‘Meat Glue’?,1.0,1.0,1.0,7979,24,826,12253,1.8867,0.000914,10
1,A,Romm,1.0,1.0,10,Is Liquid Smoke Safe?,1.0,1.0,1.0,7632,24,837,11780,1.8344,0.002074,10
1,A,Romm,1.0,1.0,10,Does Antioxidant Intake Matter for Stroke and Heart Disease?,1.0,1.0,1.0,8213,20,850,12465,1.8344,0.003368,10
1,A,Romm,1.0,1.0,10,Does Antioxidant Intake Matter for Cancer?,1.0,1.0,1.0,7563,20,821,12250,1.6957,0.002813,10
1,A,Romm,1.0,1.0,10,Is buying organic worth it? A review of the science in new DVD,1.0,1.0,1.0,7613,24,859,11447,1.8867,0.003951,10
1,A,Romm,1.0,1.0,10,Orange Aromatherapy for Anxiety,1.0,1.0,1.0,6685,22,843,10284,1.8867,0.00319,10
1,A,Romm,1.0,1.0,10,Food Manufacturers Get to Decide if Their Own Additives Are Safe,1.0,1.0,1.0,8175,23,829,11687,1.8344,0.003727,10
1,A,Romm,1.0,1.0,10,Meat Industry Wins Right to Sell Tainted Meat,1.0,1.0,1.0,7571,20,836,11501,1.7481,0.00028,10
1,A,Romm,1.0,1.0,10,Chicken Salmonella Outbreaks Show Food Safety Systems Failure,1.0,1.0,1.0,8287,22,839,12433,2.3026,0.000682,10
1,A,Romm,1.0,1.0,10,Viral Food Poisoning from Pesticides?,1.0,1.0,1.0,6832,24,793,11313,2.0253,0.001973,10
1,A,Romm,1.0,1.0,10,The Reversal on Fish Oil,1.0,1.0,1.0,6654,23,862,10783,1.8867,0.001024,10
1,A,Romm,1.0,1.0,10,Are Multivitamins Just a Waste of Money?,1.0,1.0,1.0,8205,23,839,11888,1.8344,0.001774,10
1,A,RommCombined,0.9,1.1,10,Breast Cancer Cells Feed on Cholesterol,1.0,1.0,1.0,15974,54,1439,21239,1.8867,0.003511,10
1,A,RommCombined,0.9,1.1,10,Using Diet to Treat Asthma and Eczema,1.0,1.0,0.9556,11332,33,1195,15994,2.0253,0.002026,10
1,A,RommCombined,0.9,1.1,10,Treating Asthma With Plants vs. Pills,1.0,0.9998,0.9111,10090,29,1011,14278,1.8867,0.000417,10
1,A,RommCombined,0.9,1.1,10,How Fruits and Vegetables Can Treat Asthma,1.0,1.0,1.0,8246,25,942,12746,2.0253,0.001691,10
1,A,RommCombined,0.9,1.1,10,How Fruits and Vegetables Can Prevent Asthma,1.0,0.9998,0.9556,8828,23,876,13829,1.8867,0.001496,10
1,A,RommCombined,0.9,1.1,10,Our Tax Dollars Subsidize Unhealthy Foods,1.0,1.0,1.0,8184,22,854,12028,1.6094,0.003137,10
1,A,RommCombined,0.9,1.1,10,Reducing Arsenic in Chicken and Rice,1.0,1.0,1.0,7577,24,839,11800,2.0253,0.009508,10
1,A,RommCombined,0.9,1.1,10,How Contaminated Are Our Children?,1.0,1.0,0.9556,7302,24,827,12689,2.3026,0.000538,10
1,A,RommCombined,0.9,1.1,10,"Blood Type Diet Perceived as ""Crass Fraud""",1.0,1.0,0.8222,7898,25,830,13233,1.3592,0.003194,10
1,A,RommCombined,0.9,1.1,10,Why Do Heart Doctors Favor Surgery and Drugs Over Diet?,1.0,1.0,0.8667,7888,23,832,11950,1.6094,0.000872,9
1,A,RommCombined,0.9,1.1,10,Phytates in Beans: Anti-Nutrient or Anti-Cancer?,1.0,0.9999,0.9111,7975,23,838,12191,1.8867,0.000437,10
1,A,RommCombined,0.9,1.1,10,How Phytates Fight Cancer Cells,0.9,0.9399,0.8889,8016,24,838,12011,2.164,0.000331,10
1,A,RommCombined,0.9,1.1,10,Colon Cancer Prevention: Is it the Fiber or the Phytates?,1.0,1.0,0.9111,8247,24,825,12452,1.7481,0.001786,10
1,A,RommCombined,0.9,1.1,10,Low Carb Diets Found to Feed Heart Disease,0.9,0.9403,0.6667,7803,23,835,11365,1.973,0.000361,8
1,A,RommCombined,0.9,1.1,10,How Curry Can Kill Cancer Cells,1.0,1.0,0.9111,7389,24,834,11142,1.8344,0.000679,9
1,A,RommCombined,0.9,1.1,10,Testing Turmeric on Smokers,1.0,1.0,1.0,7511,23,831,12342,1.4185,0.003239,10
1,A,RommCombined,0.9,1.1,10,Alkylphenol Endocrine Disruptors and Allergies,1.0,1.0,1.0,8244,24,835,12202,1.6094,0.008184,10
1,A,RommCombined,0.9,1.1,10,Slowing Cognitive Decline with Berries,1.0,1.0,0.9556,8161,21,835,12329,2.164,0.002701,10
1,A,RommCombined,0.9,1.1,10,What is ‘Meat Glue’?,1.0,0.9999,0.9556,7166,23,828,10831,1.6957,0.000926,10
1,A,RommCombined,0.9,1.1,10,Is Liquid Smoke Safe?,1.0,1.0,0.9556,9753,22,805,14559,1.8344,0.002068,10
1,A,RommCombined,0.9,1.1,10,Does Antioxidant Intake Matter for Stroke and Heart Disease?,1.0,1.0,0.9556,8021,22,816,11601,1.8344,0.003428,9
1,A,RommCombined,0.9,1.1,10,Does Antioxidant Intake Matter for Cancer?,1.0,1.0,0.9556,7725,24,840,11484,1.6957,0.002818,10
1,A,RommCombined,0.9,1.1,10,Is buying organic worth it? A review of the science in new DVD,1.0,0.9999,0.8222,7766,24,827,11831,1.8867,0.003764,10
1,A,RommCombined,0.9,1.1,10,Orange Aromatherapy for Anxiety,1.0,1.0,0.9556,7116,24,823,11130,1.8867,0.003081,10
1,A,RommCombined,0.9,1.1,10,Food Manufacturers Get to Decide if Their Own Additives Are Safe,1.0,1.0,0.9556,7544,24,838,11337,1.8344,0.003709,10
1,A,RommCombined,0.9,1.1,10,Meat Industry Wins Right to Sell Tainted Meat,1.0,0.9999,0.7333,7888,24,826,12950,1.6957,0.000284,10
1,A,RommCombined,0.9,1.1,10,Chicken Salmonella Outbreaks Show Food Safety Systems Failure,1.0,1.0,1.0,7160,25,822,10286,2.3026,0.000696,10
1,A,RommCombined,0.9,1.1,10,Viral Food Poisoning from Pesticides?,1.0,1.0,1.0,8690,24,843,11515,1.8344,0.001867,10
1,A,RommCombined,0.9,1.1,10,The Reversal on Fish Oil,1.0,1.0,0.9111,8201,25,839,11086,2.0253,0.000978,10
1,A,RommCombined,0.9,1.1,10,Are Multivitamins Just a Waste of Money?,1.0,1.0,1.0,8189,24,842,10873,2.0253,0.00166,10
1,A,Diehard,1.0,1.0,10,Breast Cancer Cells Feed on Cholesterol,1.0,1.0,1.0,17469,108,998,22390,2.0253,0.003559,10
1,A,Diehard,1.0,1.0,10,Using Diet to Treat Asthma and Eczema,1.0,1.0,1.0,12960,40,829,17328,1.8344,0.002109,10
1,A,Diehard,1.0,1.0,10,Treating Asthma With Plants vs. Pills,1.0,1.0,1.0,10579,35,726,14666,2.0253,0.000406,10
1,A,Diehard,1.0,1.0,10,How Fruits and Vegetables Can Treat Asthma,1.0,1.0,1.0,10165,30,666,14272,2.0253,0.001719,10
1,A,Diehard,1.0,1.0,10,How Fruits and Vegetables Can Prevent Asthma,1.0,1.0,1.0,7911,31,617,12512,2.0253,0.001538,10
1,A,Diehard,1.0,1.0,10,Our Tax Dollars Subsidize Unhealthy Foods,1.0,1.0,1.0,8205,28,616,12589,1.6094,0.003116,10
1,A,Diehard,1.0,1.0,10,Reducing Arsenic in Chicken and Rice,1.0,1.0,1.0,6624,30,599,10772,2.0253,0.009455,10
1,A,Diehard,1.0,1.0,10,How Contaminated Are Our Children?,1.0,1.0,1.0,7236,30,610,10486,2.3026,0.000587,10
1,A,Diehard,1.0,1.0,10,"Blood Type Diet Perceived as ""Crass Fraud""",1.0,1.0,1.0,8120,30,603,13457,1.3592,0.003264,10
1,A,Diehard,1.0,1.0,10,Why Do Heart Doctors Favor Surgery and Drugs Over Diet?,1.0,1.0,1.0,8235,27,596,12178,1.8344,0.000878,9
1,A,Diehard,1.0,1.0,10,Phytates in Beans: Anti-Nutrient or Anti-Cancer?,1.0,1.0,1.0,8023,31,623,11641,2.164,0.000424,10
1,A,Diehard,1.0,1.0,10,How Phytates Fight Cancer Cells,0.9,0.9399,1.0,7114,27,609,11818,2.164,0.000335,9
1,A,Diehard,1.0,1.0,10,Colon Cancer Prevention: Is it the Fiber or the Phytates?,1.0,1.0,1.0,7297,29,609,11208,1.6094,0.001848,10
1,A,Diehard,1.0,1.0,10,Low Carb Diets Found to Feed Heart Disease,1.0,1.0,1.0,8083,27,611,11694,1.973,0.000362,9
1,A,Diehard,1.0,1.0,10,How Curry Can Kill Cancer Cells,1.0,1.0,0.9556,6740,31,606,10437,1.6094,0.000636,9
1,A,Diehard,1.0,1.0,10,Testing Turmeric on Smokers,1.0,1.0,1.0,7752,30,588,10901,1.4185,0.003161,10
1,A,Diehard,1.0,1.0,10,Alkylphenol Endocrine Disruptors and Allergies,1.0,1.0,1.0,8478,29,617,11356,1.4708,0.008035,10
1,A,Diehard,1.0,1.0,10,Slowing Cognitive Decline with Berries,1.0,1.0,1.0,6331,29,621,10342,2.164,0.002724,10
1,A,Diehard,1.0,1.0,10,What is ‘Meat Glue’?,1.0,1.0,1.0,6932,29,601,10657,1.8867,0.000914,10
1,A,Diehard,1.0,1.0,10,Is Liquid Smoke Safe?,1.0,1.0,1.0,7834,30,617,11110,1.8344,0.002074,10
1,A,Diehard,1.0,1.0,10,Does Antioxidant Intake Matter for Stroke and Heart Disease?,1.0,1.0,1.0,8473,30,625,11435,1.8344,0.003368,10
1,A,Diehard,1.0,1.0,10,Does Antioxidant Intake Matter for Cancer?,1.0,1.0,1.0,8402,30,614,12659,1.6957,0.002813,10
1,A,Diehard,1.0,1.0,10,Is buying organic worth it? A review of the science in new DVD,1.0,1.0,1.0,8182,30,602,11902,1.8867,0.003951,10
1,A,Diehard,1.0,1.0,10,Orange Aromatherapy for Anxiety,1.0,1.0,1.0,7123,29,602,10223,1.8867,0.00319,10
1,A,Diehard,1.0,1.0,10,Food Manufacturers Get to Decide if Their Own Additives Are Safe,1.0,1.0,1.0,7488,29,610,11431,1.8344,0.003727,10
1,A,Diehard,1.0,1.0,10,Meat Industry Wins Right to Sell Tainted Meat,1.0,1.0,1.0,8107,30,599,11561,1.7481,0.00028,10
1,A,Diehard,1.0,1.0,10,Chicken Salmonella Outbreaks Show Food Safety Systems Failure,1.0,1.0,1.0,9134,28,627,12502,2.3026,0.000682,10
1,A,Diehard,1.0,1.0,10,Viral Food Poisoning from Pesticides?,1.0,1.0,1.0,8198,28,605,12193,2.0253,0.001973,10
1,A,Diehard,1.0,1.0,10,The Reversal on Fish Oil,1.0,1.0,1.0,8362,30,603,10936,1.8867,0.001024,10
1,A,Diehard,1.0,1.0,10,Are Multivitamins Just a Waste of Money?,1.0,1.0,1.0,8667,29,617,11264,1.8344,0.001774,10
1,A,DiehardCombined,0.9,1.1,10,Breast Cancer Cells Feed on Cholesterol,0.8,0.8629,0.9286,15806,74,1029,21509,1.973,2.7e-05,10
1,A,DiehardCombined,0.9,1.1,10,Using Diet to Treat Asthma and Eczema,0.9,0.9352,0.3889,12143,41,846,15984,1.4185,2.5e-05,10
1,A,DiehardCombined,0.9,1.1,10,Treating Asthma With Plants vs. Pills,0.9,0.9368,0.4444,9295,36,728,13943,1.7481,8e-06,8
1,A,DiehardCombined,0.9,1.1,10,How Fruits and Vegetables Can Treat Asthma,0.8,0.8688,0.5,9308,31,653,13816,1.8867,2.5e-05,10
1,A,DiehardCombined,0.9,1.1,10,How Fruits and Vegetables Can Prevent Asthma,0.9,0.9264,0.7222,8171,30,621,12883,1.973,2.6e-05,9
1,A,DiehardCombined,0.9,1.1,10,Our Tax Dollars Subsidize Unhealthy Foods,0.7,0.8102,0.2381,9094,30,614,12883,1.7481,1.4e-05,9
1,A,DiehardCombined,0.9,1.1,10,Reducing Arsenic in Chicken and Rice,0.9,0.9517,0.8333,8561,30,613,13058,2.0253,7.3e-05,10
1,A,DiehardCombined,0.9,1.1,10,How Contaminated Are Our Children?,0.6,0.6726,0.0667,7031,31,610,10010,1.8867,5e-06,10
1,A,DiehardCombined,0.9,1.1,10,"Blood Type Diet Perceived as ""Crass Fraud""",0.7,0.8107,0.4286,7668,29,611,10934,1.6094,1.4e-05,9
1,A,DiehardCombined,0.9,1.1,10,Why Do Heart Doctors Favor Surgery and Drugs Over Diet?,0.7,0.7839,0.8095,8036,29,617,11646,1.6094,1.1e-05,9
1,A,DiehardCombined,0.9,1.1,10,Phytates in Beans: Anti-Nutrient or Anti-Cancer?,0.8,0.8639,0.5714,8160,30,647,10989,1.973,1.1e-05,9
1,A,DiehardCombined,0.9,1.1,10,How Phytates Fight Cancer Cells,0.6,0.7132,0.8667,9731,31,628,13487,1.6094,2e-06,8
1,A,DiehardCombined,0.9,1.1,10,Colon Cancer Prevention: Is it the Fiber or the Phytates?,0.6,0.7274,0.8667,8035,29,623,11660,1.8344,3.1e-05,10
1,A,DiehardCombined,0.9,1.1,10,Low Carb Diets Found to Feed Heart Disease,0.7,0.7793,0.4286,8775,29,587,11887,1.6094,7e-06,8
1,A,DiehardCombined,0.9,1.1,10,How Curry Can Kill Cancer Cells,0.9,0.9372,0.6667,9262,29,738,12076,2.0253,3e-06,9
1,A,DiehardCombined,0.9,1.1,10,Testing Turmeric on Smokers,0.7,0.8167,0.5238,8674,31,629,12429,2.164,1.7e-05,10
1,A,DiehardCombined,0.9,1.1,10,Alkylphenol Endocrine Disruptors and Allergies,0.7,0.8362,0.9048,7619,31,640,10785,1.6957,6.4e-05,10
1,A,DiehardCombined,0.9,1.1,10,Slowing Cognitive Decline with Berries,0.9,0.9397,0.5,7686,29,671,11107,2.164,2.7e-05,10
1,A,DiehardCombined,0.9,1.1,10,What is ‘Meat Glue’?,0.9,0.9385,0.8333,7391,30,653,11122,2.164,1.4e-05,10
1,A,DiehardCombined,0.9,1.1,10,Is Liquid Smoke Safe?,0.8,0.8748,0.7143,7470,31,619,10516,2.164,1.1e-05,10
1,A,DiehardCombined,0.9,1.1,10,Does Antioxidant Intake Matter for Stroke and Heart Disease?,0.6,0.7186,0.7333,6774,29,618,9834,1.8867,3.1e-05,10
1,A,DiehardCombined,0.9,1.1,10,Does Antioxidant Intake Matter for Cancer?,0.6,0.7323,0.7333,7925,29,662,10438,1.973,7e-06,10
1,A,DiehardCombined,0.9,1.1,10,Is buying organic worth it? A review of the science in new DVD,0.9,0.9406,0.3889,7936,31,648,11282,1.6957,3.6e-05,8
1,A,DiehardCombined,0.9,1.1,10,Orange Aromatherapy for Anxiety,1.0,0.9951,0.7333,7977,31,622,10894,2.164,4.1e-05,10
1,A,DiehardCombined,0.9,1.1,10,Food Manufacturers Get to Decide if Their Own Additives Are Safe,0.7,0.8108,0.619,7391,30,664,11151,1.6957,3.1e-05,10
1,A,DiehardCombined,0.9,1.1,10,Meat Industry Wins Right to Sell Tainted Meat,0.8,0.8632,0.7143,8143,31,616,11645,1.8344,5e-06,10
1,A,DiehardCombined,0.9,1.1,10,Chicken Salmonella Outbreaks Show Food Safety Systems Failure,0.8,0.877,0.3571,8012,29,656,11759,2.164,9e-06,10
1,A,DiehardCombined,0.9,1.1,10,Viral Food Poisoning from Pesticides?,0.8,0.8641,0.3571,8814,29,643,12752,1.6957,6e-06,9
1,A,DiehardCombined,0.9,1.1,10,The Reversal on Fish Oil,0.9,0.9187,0.3889,9543,28,613,13542,1.8344,1.6e-05,10
1,A,DiehardCombined,0.9,1.1,10,Are Multivitamins Just a Waste of Money?,0.9,0.918,0.3889,9539,29,649,12272,1.7481,6e-06,9
1,A,Ckks,1.0,1.0,10,Breast Cancer Cells Feed on Cholesterol,1.0,1.0,1.0,17888,7361,4200843,4228728,2.0253,0.003559,10
1,A,Ckks,1.0,1.0,10,Using Diet to Treat Asthma and Eczema,1.0,1.0,1.0,8569,4399,4164342,4181007,1.8344,0.002109,10
1,A,Ckks,1.0,1.0,10,Treating Asthma With Plants vs. Pills,1.0,1.0,1.0,8312,4309,4174626,4191028,2.0253,0.000406,10
1,A,Ckks,1.0,1.0,10,How Fruits and Vegetables Can Treat Asthma,1.0,1.0,1.0,9017,4364,4193591,4211832,2.0253,0.001719,10
1,A,Ckks,1.0,1.0,10,How Fruits and Vegetables Can Prevent Asthma,1.0,1.0,1.0,7549,4020,4210503,4225896,2.0253,0.001538,10
1,A,Ckks,1.0,1.0,10,Our Tax Dollars Subsidize Unhealthy Foods,1.0,1.0,1.0,8960,4359,4232663,4249957,1.6094,0.003116,10
1,A,Ckks,1.0,1.0,10,Reducing Arsenic in Chicken and Rice,1.0,1.0,1.0,9582,3882,4250421,4266813,2.0253,0.009455,10
1,A,Ckks,1.0,1.0,10,How Contaminated Are Our Children?,1.0,1.0,1.0,8290,4382,4253210,4268440,2.3026,0.000587,10
1,A,Ckks,1.0,1.0,10,"Blood Type Diet Perceived as ""Crass Fraud""",1.0,1.0,1.0,8548,3941,4282276,4297468,1.3592,0.003264,10
1,A,Ckks,1.0,1.0,10,Why Do Heart Doctors Favor Surgery and Drugs Over Diet?,1.0,1.0,1.0,8943,4326,4292440,4308274,1.8344,0.000878,9
1,A,Ckks,1.0,1.0,10,Phytates in Beans: Anti-Nutrient or Anti-Cancer?,1.0,1.0,1.0,9477,4282,4310891,4327010,2.164,0.000424,10
1,A,Ckks,1.0,1.0,10,How Phytates Fight Cancer Cells,0.9,0.9399,1.0,9025,4008,4312866,4329740,2.164,0.000335,9
1,A,Ckks,1.0,1.0,10,Colon Cancer Prevention: Is it the Fiber or the Phytates?,1.0,1.0,1.0,8496,4004,4315140,4331340,1.6094,0.001848,10
1,A,Ckks,1.0,1.0,10,Low Carb Diets Found to Feed Heart Disease,1.0,1.0,0.9556,9287,4327,4337068,4353930,1.973,0.000362,9
1,A,Ckks,1.0,1.0,10,How Curry Can Kill Cancer Cells,1.0,1.0,0.9556,9397,3952,4300094,4317141,1.6094,0.000636,9
1,A,Ckks,1.0,1.0,10,Testing Turmeric on Smokers,1.0,1.0,1.0,8764,4437,4328705,4345670,1.4185,0.003161,10
1,A,Ckks,1.0,1.0,10,Alkylphenol Endocrine Disruptors and Allergies,1.0,1.0,1.0,8131,4331,4326872,4343629,1.4708,0.008035,10
1,A,Ckks,1.0,1.0,10,Slowing Cognitive Decline with Berries,1.0,1.0,1.0,7906,4365,4337377,4351816,2.164,0.002724,10
1,A,Ckks,1.0,1.0,10,What is ‘Meat Glue’?,1.0,1.0,1.0,8705,4037,4329204,4345596,1.8867,0.000914,10
1,A,Ckks,1.0,1.0,10,Is Liquid Smoke Safe?,1.0,1.0,1.0,9316,4020,4335166,4352588,1.8344,0.002074,10
1,A,Ckks,1.0,1.0,10,Does Antioxidant Intake Matter for Stroke and Heart Disease?,1.0,1.0,1.0,9089,4096,4323623,4339287,1.8344,0.003368,10
1,A,Ckks,1.0,1.0,10,Does Antioxidant Intake Matter for Cancer?,1.0,1.0,1.0,7651,4080,4319960,4335593,1.6957,0.002813,10
1,A,Ckks,1.0,1.0,10,Is buying organic worth it? A review of the science in new DVD,1.0,1.0,1.0,8924,4348,4327056,4344494,1.8867,0.003951,10
1,A,Ckks,1.0,1.0,10,Orange Aromatherapy for Anxiety,1.0,1.0,1.0,9348,4078,4320398,4338219,1.8867,0.00319,10
1,A,Ckks,1.0,1.0,10,Food Manufacturers Get to Decide if Their Own Additives Are Safe,1.0,1.0,1.0,7989,4019,4318319,4334044,1.8344,0.003727,10
1,A,Ckks,1.0,1.0,10,Meat Industry Wins Right to Sell Tainted Meat,1.0,1.0,1.0,8510,4338,4320110,4337291,1.7481,0.00028,10
1,A,Ckks,1.0,1.0,10,Chicken Salmonella Outbreaks Show Food Safety Systems Failure,1.0,1.0,1.0,9156,4362,4340311,4357606,2.3026,0.000682,10
1,A,Ckks,1.0,1.0,10,Viral Food Poisoning from Pesticides?,1.0,1.0,1.0,9338,4215,4320792,4337047,2.0253,0.001973,10
1,A,Ckks,1.0,1.0,10,The Reversal on Fish Oil,1.0,1.0,1.0,7254,4012,4304355,4319732,1.8867,0.001024,10
1,A,Ckks,1.0,1.0,10,Are Multivitamins Just a Waste of Money?,1.0,1.0,1.0,8276,4231,4308490,4324395,1.8344,0.001774,10
1,A,CkksCombined,0.9,1.1,10,Breast Cancer Cells Feed on Cholesterol,0.9,0.9457,0.8889,15195,8018,4159801,4187566,2.0253,0.003394,10
1,A,CkksCombined,0.9,1.1,10,Using Diet to Treat Asthma and Eczema,1.0,1.0,0.9556,8411,4341,4147038,4165049,1.8344,0.002136,10
1,A,CkksCombined,0.9,1.1,10,Treating Asthma With Plants vs. Pills,1.0,1.0,1.0,8970,4333,4147083,4163184,1.8344,0.000445,10
1,A,CkksCombined,0.9,1.1,10,How Fruits and Vegetables Can Treat Asthma,1.0,0.9999,0.9556,8678,4450,4147273,4163635,2.0253,0.001735,10
1,A,CkksCombined,0.9,1.1,10,How Fruits and Vegetables Can Prevent Asthma,1.0,0.9998,0.9556,8620,3993,4142365,4158603,1.8867,0.001551,10
1,A,CkksCombined,0.9,1.1,10,Our Tax Dollars Subsidize Unhealthy Foods,1.0,0.9996,0.7778,7350,4255,4148265,4164355,1.6094,0.00306,10
1,A,CkksCombined,0.9,1.1,10,Reducing Arsenic in Chicken and Rice,1.0,1.0,1.0,8246,4354,4159533,4175850,1.8867,0.009179,10
1,A,CkksCombined,0.9,1.1,10,How Contaminated Are Our Children?,1.0,1.0,1.0,8458,4112,4174696,4191170,2.164,0.000531,10
1,A,CkksCombined,0.9,1.1,10,"Blood Type Diet Perceived as ""Crass Fraud""",1.0,1.0,0.8667,8639,4339,4173489,4190358,1.3592,0.00318,10
1,A,CkksCombined,0.9,1.1,10,Why Do Heart Doctors Favor Surgery and Drugs Over Diet?,0.9,0.9412,0.7778,9344,4486,4199069,4216579,1.8867,0.000923,9
1,A,CkksCombined,0.9,1.1,10,Phytates in Beans: Anti-Nutrient or Anti-Cancer?,1.0,1.0,1.0,9246,4094,4209355,4226496,1.8344,0.000455,10
1,A,CkksCombined,0.9,1.1,10,How Phytates Fight Cancer Cells,1.0,0.9999,0.9556,7679,3965,4212344,4228022,2.164,0.000326,10
1,A,CkksCombined,0.9,1.1,10,Colon Cancer Prevention: Is it the Fiber or the Phytates?,1.0,1.0,1.0,8933,4042,4220183,4237135,1.7481,0.001823,10
1,A,CkksCombined,0.9,1.1,10,Low Carb Diets Found to Feed Heart Disease,1.0,1.0,1.0,9423,4016,4224282,4241838,1.973,0.000365,9
1,A,CkksCombined,0.9,1.1,10,How Curry Can Kill Cancer Cells,1.0,0.9999,0.7778,9188,4188,4255789,4273661,1.6957,0.000742,9
1,A,CkksCombined,0.9,1.1,10,Testing Turmeric on Smokers,0.9,0.9455,0.9444,8746,4059,4274132,4289858,1.7481,0.0032,10
1,A,CkksCombined,0.9,1.1,10,Alkylphenol Endocrine Disruptors and Allergies,1.0,1.0,1.0,8179,4349,4284767,4302007,1.4708,0.007896,10
1,A,CkksCombined,0.9,1.1,10,Slowing Cognitive Decline with Berries,1.0,1.0,1.0,8108,4177,4299451,4315411,2.3026,0.002638,10
1,A,CkksCombined,0.9,1.1,10,What is ‘Meat Glue’?,1.0,1.0,0.9556,8205,4066,4299641,4315113,1.8344,0.000906,9
1,A,CkksCombined,0.9,1.1,10,Is Liquid Smoke Safe?,1.0,1.0,1.0,8333,4313,4313797,4329850,1.8344,0.002101,10
1,A,CkksCombined,0.9,1.1,10,Does Antioxidant Intake Matter for Stroke and Heart Disease?,1.0,1.0,1.0,8576,4344,4333853,4350819,1.7481,0.003353,10
1,A,CkksCombined,0.9,1.1,10,Does Antioxidant Intake Matter for Cancer?,1.0,1.0,1.0,7566,4274,4325919,4341006,1.8867,0.002787,10
1,A,CkksCombined,0.9,1.1,10,Is buying organic worth it? A review of the science in new DVD,1.0,1.0,0.9556,8736,4347,4343885,4360188,1.8867,0.004115,10
1,A,CkksCombined,0.9,1.1,10,Orange Aromatherapy for Anxiety,1.0,1.0,1.0,8389,3648,4313745,4330225,2.0253,0.003097,10
1,A,CkksCombined,0.9,1.1,10,Food Manufacturers Get to Decide if Their Own Additives Are Safe,1.0,1.0,1.0,8504,4029,4339014,4355555,1.8867,0.003626,10
1,A,CkksCombined,0.9,1.1,10,Meat Industry Wins Right to Sell Tainted Meat,1.0,1.0,0.9556,8434,3988,4350166,4366625,1.7481,0.000252,9
1,A,CkksCombined,0.9,1.1,10,Chicken Salmonella Outbreaks Show Food Safety Systems Failure,1.0,1.0,1.0,7429,4372,4364643,4378947,2.3026,0.000702,10
1,A,CkksCombined,0.9,1.1,10,Viral Food Poisoning from Pesticides?,1.0,1.0,0.9556,9758,4012,4356170,4373987,2.0253,0.001976,10
1,A,CkksCombined,0.9,1.1,10,The Reversal on Fish Oil,1.0,1.0,0.9111,8660,4199,4348525,4364776,2.0253,0.001003,10
1,A,CkksCombined,0.9,1.1,10,Are Multivitamins Just a Waste of Money?,1.0,1.0,1.0,8243,4111,4354432,4370259,2.164,0.001641,10
2,A,Scrambling,0.9,1.1,10,Breast Cancer Cells Feed on Cholesterol,1.0,1.0,1.0,18401,15,1443,23519,2.0253,0.003559,10
2,A,Scrambling,0.9,1.1,10,Using Diet to Treat Asthma and Eczema,1.0,1.0,1.0,11259,2,1194,15643,1.8344,0.002109,10
2,A,Scrambling,0.9,1.1,10,Treating Asthma With Plants vs. Pills,1.0,1.0,1.0,9286,2,1029,12769,2.0253,0.000406,10
2,A,Scrambling,0.9,1.1,10,How Fruits and Vegetables Can Treat Asthma,1.0,1.0,1.0,9295,1,915,13944,2.0253,0.001719,10
2,A,Scrambling,0.9,1.1,10,How Fruits and Vegetables Can Prevent Asthma,1.0,1.0,1.0,8324,1,860,12491,2.0253,0.001538,10
2,A,Scrambling,0.9,1.1,10,Our Tax Dollars Subsidize Unhealthy Foods,1.0,1.0,1.0,8256,1,842,12341,1.6094,0.003116,10
2,A,Scrambling,0.9,1.1,10,Reducing Arsenic in Chicken and Rice,1.0,1.0,1.0,8169,1,852,11619,2.0253,0.009455,10
2,A,Scrambling,0.9,1.1,10,How Contaminated Are Our Children?,1.0,1.0,1.0,8502,1,911,12726,2.3026,0.000587,10
2,A,Scrambling,0.9,1.1,10,"Blood Type Diet Perceived as ""Crass Fraud""",1.0,1.0,1.0,8472,3,824,11552,1.3592,0.003264,10
2,A,Scrambling,0.9,1.1,10,Why Do Heart Doctors Favor Surgery and Drugs Over Diet?,1.0,1.0,1.0,8828,2,843,12910,1.8344,0.000878,9
2,A,Scrambling,0.9,1.1,10,Phytates in Beans: Anti-Nutrient or Anti-Cancer?,1.0,1.0,1.0,7960,2,845,11539,2.164,0.000424,10
2,A,Scrambling,0.9,1.1,10,How Phytates Fight Cancer Cells,1.0,1.0,1.0,8108,1,834,10779,2.164,0.000335,9
2,A,Scrambling,0.9,1.1,10,Colon Cancer Prevention: Is it the Fiber or the Phytates?,1.0,1.0,1.0,8242,1,842,10863,1.6094,0.001848,10
2,A,Scrambling,0.9,1.1,10,Low Carb Diets Found to Feed Heart Disease,1.0,1.0,1.0,7194,1,855,9971,1.973,0.000362,9
2,A,Scrambling,0.9,1.1,10,How Curry Can Kill Cancer Cells,1.0,1.0,0.9556,8984,1,844,11663,1.6094,0.000636,9
2,A,Scrambling,0.9,1.1,10,Testing Turmeric on Smokers,1.0,1.0,1.0,7942,2,885,10633,1.4185,0.003161,10
2,A,Scrambling,0.9,1.1,10,Alkylphenol Endocrine Disruptors and Allergies,1.0,1.0,1.0,7358,1,835,10449,1.4708,0.008035,10
2,A,Scrambling,0.9,1.1,10,Slowing Cognitive Decline with Berries,1.0,1.0,1.0,9172,2,833,11859,2.164,0.002724,10
2,A,Scrambling,0.9,1.1,10,What is ‘Meat Glue’?,1.0,1.0,1.0,8574,1,850,11183,1.8867,0.000914,10
2,A,Scrambling,0.9,1.1,10,Is Liquid Smoke Safe?,1.0,1.0,1.0,7577,1,827,11416,1.8344,0.002074,10
2,A,Scrambling,0.9,1.1,10,Does Antioxidant Intake Matter for Stroke and Heart Disease?,1.0,1.0,1.0,8890,1,805,12083,1.8344,0.003368,10
2,A,Scrambling,0.9,1.1,10,Does Antioxidant Intake Matter for Cancer?,1.0,1.0,1.0,8733,2,851,12905,1.6957,0.002813,10
2,A,Scrambling,0.9,1.1,10,Is buying organic worth it? A review of the science in new DVD,1.0,1.0,1.0,8647,2,857,12722,1.8867,0.003951,10
2,A,Scrambling,0.9,1.1,10,Orange Aromatherapy for Anxiety,1.0,1.0,1.0,8970,1,839,13830,1.8867,0.00319,10
2,A,Scrambling,0.9,1.1,10,Food Manufacturers Get to Decide if Their Own Additives Are Safe,1.0,1.0,1.0,7812,1,834,11719,1.8344,0.003727,10
2,A,Scrambling,0.9,1.1,10,Meat Industry Wins Right to Sell Tainted Meat,1.0,1.0,1.0,8322,2,840,12130,1.7481,0.00028,10
2,A,Scrambling,0.9,1.1,10,Chicken Salmonella Outbreaks Show Food Safety Systems Failure,1.0,1.0,1.0,7596,2,857,10948,2.3026,0.000682,10
2,A,Scrambling,0.9,1.1,10,Viral Food Poisoning from Pesticides?,1.0,1.0,1.0,8160,2,853,11921,2.0253,0.001973,10
2,A,Scrambling,0.9,1.1,10,The Reversal on Fish Oil,1.0,1.0,1.0,8986,1,836,12501,1.8867,0.001024,10
2,A,Scrambling,0.9,1.1,10,Are Multivitamins Just a Waste of Money?,1.0,1.0,1.0,7233,2,846,10645,1.8344,0.001774,10
2,A,Noise,0.9,1.1,10,Breast Cancer Cells Feed on Cholesterol,0.9,0.9457,1.0,13682,4,1177,19341,2.0253,0.003552,10
2,A,Noise,0.9,1.1,10,Using Diet to Treat Asthma and Eczema,1.0,1.0,0.9556,11027,3,1083,14795,1.8344,0.002098,10
2,A,Noise,0.9,1.1,10,Treating Asthma With Plants vs. Pills,1.0,0.9998,0.8667,9595,2,969,13395,1.7481,0.000415,10
2,A,Noise,0.9,1.1,10,How Fruits and Vegetables Can Treat Asthma,1.0,1.0,1.0,8231,3,884,12696,2.164,0.001742,10
2,A,Noise,0.9,1.1,10,How Fruits and Vegetables Can Prevent Asthma,1.0,0.9998,0.9556,8121,2,844,12015,1.8344,0.00152,10
2,A,Noise,0.9,1.1,10,Our Tax Dollars Subsidize Unhealthy Foods,0.9,0.9445,0.9444,8481,2,837,12125,1.7481,0.00297,10
2,A,Noise,0.9,1.1,10,Reducing Arsenic in Chicken and Rice,1.0,0.9993,0.9556,7309,2,830,11247,2.0253,0.009252,10
2,A,Noise,0.9,1.1,10,How Contaminated Are Our Children?,1.0,1.0,1.0,7535,2,836,11577,2.164,0.000498,10
2,A,Noise,0.9,1.1,10,"Blood Type Diet Perceived as ""Crass Fraud""",1.0,1.0,0.8222,7642,2,842,12034,1.4708,0.003185,10
2,A,Noise,0.9,1.1,10,Why Do Heart Doctors Favor Surgery and Drugs Over Diet?,1.0,1.0,0.9111,8234,2,849,11779,1.2799,0.000904,9
2,A,Noise,0.9,1.1,10,Phytates in Beans: Anti-Nutrient or Anti-Cancer?,1.0,0.9999,0.9111,7639,2,851,12741,2.164,0.000436,10
2,A,Noise,0.9,1.1,10,How Phytates Fight Cancer Cells,0.9,0.9399,0.9444,8259,2,843,11723,2.164,0.000337,10
2,A,Noise,0.9,1.1,10,Colon Cancer Prevention: Is it the Fiber or the Phytates?,1.0,1.0,0.8667,8345,3,842,11170,1.6094,0.001788,9
2,A,Noise,0.9,1.1,10,Low Carb Diets Found to Feed Heart Disease,1.0,1.0,0.8667,8820,3,827,13617,1.973,0.000334,9
2,A,Noise,0.9,1.1,10,How Curry Can Kill Cancer Cells,1.0,0.9999,0.7778,7805,2,846,10876,1.7481,0.000676,9
2,A,Noise,0.9,1.1,10,Testing Turmeric on Smokers,1.0,1.0,0.9556,7237,2,842,10838,1.6094,0.003166,10
2,A,Noise,0.9,1.1,10,Alkylphenol Endocrine Disruptors and Allergies,1.0,1.0,0.9556,7484,2,829,11241,1.4708,0.007874,10
2,A,Noise,0.9,1.1,10,Slowing Cognitive Decline with Berries,1.0,1.0,1.0,6471,2,829,9934,2.164,0.002749,10
2,A,Noise,0.9,1.1,10,What is ‘Meat Glue’?,1.0,0.9999,0.9111,7474,2,836,11819,1.8867,0.000882,10
2,A,Noise,0.9,1.1,10,Is Liquid Smoke Safe?,1.0,0.9999,0.9111,7955,2,831,12288,1.8344,0.002001,10
2,A,Noise,0.9,1.1,10,Does Antioxidant Intake Matter for Stroke and Heart Disease?,1.0,1.0,0.9556,8166,2,824,12842,1.8344,0.003259,10
2,A,Noise,0.9,1.1,10,Does Antioxidant Intake Matter for Cancer?,0.9,0.9435,0.9444,7824,2,832,11647,1.8867,0.002734,10
2,A,Noise,0.9,1.1,10,Is buying organic worth it? A review of the science in new DVD,1.0,0.9999,0.9556,8014,3,846,12464,1.8344,0.003968,10
2,A,Noise,0.9,1.1,10,Orange Aromatherapy for Anxiety,1.0,1.0,1.0,6763,2,832,11509,2.0253,0.00326,10
2,A,Noise,0.9,1.1,10,Food Manufacturers Get to Decide if Their Own Additives Are Safe,1.0,1.0,1.0,8184,2,829,12233,1.6434,0.003773,10
2,A,Noise,0.9,1.1,10,Meat Industry Wins Right to Sell Tainted Meat,1.0,0.9995,0.6889,8262,2,838,12373,1.6094,0.000274,10
2,A,Noise,0.9,1.1,10,Chicken Salmonella Outbreaks Show Food Safety Systems Failure,1.0,1.0,1.0,8170,3,841,12290,2.164,0.000644,10
2,A,Noise,0.9,1.1,10,Viral Food Poisoning from Pesticides?,1.0,1.0,1.0,7279,2,826,11833,1.8344,0.00199,10
2,A,Noise,0.9,1.1,10,The Reversal on Fish Oil,0.9,0.9427,1.0,8405,2,824,11940,2.164,0.000943,10
2,A,Noise,0.9,1.1,10,Are Multivitamins Just a Waste of Money?,1.0,1.0,1.0,7779,3,835,11218,2.0253,0.001718,10
2,A,Combined,0.9,1.1,10,Breast Cancer Cells Feed on Cholesterol,1.0,1.0,0.9556,18028,21,1453,23658,1.973,0.003685,10
2,A,Combined,0.9,1.1,10,Using Diet to Treat Asthma and Eczema,1.0,1.0,1.0,11508,4,1078,15650,1.8344,0.002211,10
2,A,Combined,0.9,1.1,10,Treating Asthma With Plants vs. Pills,1.0,1.0,0.9556,9824,3,1013,12964,2.164,0.000432,10
2,A,Combined,0.9,1.1,10,How Fruits and Vegetables Can Treat Asthma,1.0,1.0,1.0,9153,3,937,11954,2.164,0.001788,10
2,A,Combined,0.9,1.1,10,How Fruits and Vegetables Can Prevent Asthma,1.0,0.9998,0.9556,8398,3,877,11299,1.8344,0.001583,10
2,A,Combined,0.9,1.1,10,Our Tax Dollars Subsidize Unhealthy Foods,1.0,1.0,1.0,8990,3,834,11806,1.6094,0.00315,10
2,A,Combined,0.9,1.1,10,Reducing Arsenic in Chicken and Rice,1.0,1.0,1.0,8906,3,815,11556,2.0253,0.009329,10
2,A,Combined,0.9,1.1,10,How Contaminated Are Our Children?,1.0,1.0,1.0,8986,4,851,11609,2.3026,0.000591,10
2,A,Combined,0.9,1.1,10,"Blood Type Diet Perceived as ""Crass Fraud""",1.0,0.9999,0.8667,7688,3,844,10516,1.3592,0.003286,10
2,A,Combined,0.9,1.1,10,Why Do Heart Doctors Favor Surgery and Drugs Over Diet?,1.0,1.0,0.9556,8516,3,843,11411,1.6957,0.000811,8
2,A,Combined,0.9,1.1,10,Phytates in Beans: Anti-Nutrient or Anti-Cancer?,1.0,0.9999,0.8667,7998,2,853,12160,2.0253,0.000402,10
2,A,Combined,0.9,1.1,10,How Phytates Fight Cancer Cells,0.9,0.9399,0.9444,7936,3,841,12045,2.3026,0.000325,10
2,A,Combined,0.9,1.1,10,Colon Cancer Prevention: Is it the Fiber or the Phytates?,1.0,1.0,0.9556,8794,3,834,13184,1.6094,0.001817,10
2,A,Combined,0.9,1.1,10,Low Carb Diets Found to Feed Heart Disease,1.0,0.9999,0.7778,8198,3,845,12247,1.8344,0.00034,9
2,A,Combined,0.9,1.1,10,How Curry Can Kill Cancer Cells,1.0,1.0,0.8667,7970,2,840,12291,2.0253,0.000548,9
2,A,Combined,0.9,1.1,10,Testing Turmeric on Smokers,1.0,1.0,0.9111,7261,2,839,10713,1.6094,0.003206,10
2,A,Combined,0.9,1.1,10,Alkylphenol Endocrine Disruptors and Allergies,1.0,1.0,0.9556,8651,3,843,13106,1.4708,0.007887,10
2,A,Combined,0.9,1.1,10,Slowing Cognitive Decline with Berries,1.0,1.0,1.0,7689,3,842,11027,2.164,0.002707,10
2,A,Combined,0.9,1.1,10,What is ‘Meat Glue’?,1.0,1.0,0.9111,8030,2,837,11460,1.8867,0.000897,10
2,A,Combined,0.9,1.1,10,Is Liquid Smoke Safe?,1.0,1.0,0.9556,8213,3,831,11044,1.8344,0.002101,10
2,A,Combined,0.9,1.1,10,Does Antioxidant Intake Matter for Stroke and Heart Disease?,1.0,1.0,0.9556,7661,3,851,10372,1.8344,0.003373,10
2,A,Combined,0.9,1.1,10,Does Antioxidant Intake Matter for Cancer?,0.9,0.9435,1.0,8742,3,845,12455,1.6957,0.002817,10
2,A,Combined,0.9,1.1,10,Is buying organic worth it? A review of the science in new DVD,1.0,1.0,1.0,7666,3,837,11445,1.8867,0.003937,10
2,A,Combined,0.9,1.1,10,Orange Aromatherapy for Anxiety,1.0,1.0,0.9556,7915,3,843,12020,2.0253,0.003147,10
2,A,Combined,0.9,1.1,10,Food Manufacturers Get to Decide if Their Own Additives Are Safe,1.0,1.0,0.9556,7824,2,851,11728,1.8344,0.003597,10
2,A,Combined,0.9,1.1,10,Meat Industry Wins Right to Sell Tainted Meat,0.9,0.9393,0.8333,7863,2,838,11933,1.8867,0.000251,10
2,A,Combined,0.9,1.1,10,Chicken Salmonella Outbreaks Show Food Safety Systems Failure,1.0,1.0,1.0,8063,3,836,12151,2.3026,0.000691,10
2,A,Combined,0.9,1.1,10,Viral Food Poisoning from Pesticides?,0.9,0.9431,0.9444,7786,3,860,11881,1.8867,0.001973,10
2,A,Combined,0.9,1.1,10,The Reversal on Fish Oil,1.0,0.9996,0.9111,7746,2,833,11707,2.0253,0.001004,10
2,A,Combined,0.9,1.1,10,Are Multivitamins Just a Waste of Money?,1.0,1.0,0.9556,7289,3,829,11057,2.0253,0.00177,10
2,A,Rome,1.0,1.0,10,Breast Cancer Cells Feed on Cholesterol,1.0,1.0,1.0,18859,80,1994,24869,2.0253,0.003559,10
2,A,Rome,1.0,1.0,10,Using Diet to Treat Asthma and Eczema,1.0,1.0,1.0,11513,54,1623,16698,1.8344,0.002109,10
2,A,Rome,1.0,1.0,10,Treating Asthma With Plants vs. Pills,1.0,1.0,1.0,10286,45,1395,14728,2.0253,0.000406,10
2,A,Rome,1.0,1.0,10,How Fruits and Vegetables Can Treat Asthma,1.0,1.0,1.0,9012,40,1274,13744,2.0253,0.001719,10
2,A,Rome,1.0,1.0,10,How Fruits and Vegetables Can Prevent Asthma,1.0,1.0,1.0,8493,40,1161,13880,2.0253,0.001538,10
2,A,Rome,1.0,1.0,10,Our Tax Dollars Subsidize Unhealthy Foods,1.0,1.0,1.0,9047,37,1151,14043,1.6094,0.003116,10
2,A,Rome,1.0,1.0,10,Reducing Arsenic in Chicken and Rice,1.0,1.0,1.0,8129,37,1143,11537,2.0253,0.009455,10
2,A,Rome,1.0,1.0,10,How Contaminated Are Our Children?,1.0,1.0,1.0,8337,38,1157,12053,2.3026,0.000587,10
2,A,Rome,1.0,1.0,10,"Blood Type Diet Perceived as ""Crass Fraud""",1.0,1.0,1.0,7630,37,1154,11338,1.3592,0.003264,10
2,A,Rome,1.0,1.0,10,Why Do Heart Doctors Favor Surgery and Drugs Over Diet?,1.0,1.0,0.9556,7863,34,1087,12412,1.8344,0.000878,9
2,A,Rome,1.0,1.0,10,Phytates in Beans: Anti-Nutrient or Anti-Cancer?,1.0,1.0,1.0,7993,38,1159,11876,2.164,0.000424,10
2,A,Rome,1.0,1.0,10,How Phytates Fight Cancer Cells,0.9,0.9399,1.0,7429,38,1155,10863,2.164,0.000335,9
2,A,Rome,1.0,1.0,10,Colon Cancer Prevention: Is it the Fiber or the Phytates?,1.0,1.0,1.0,8231,36,1081,13369,1.6094,0.001848,10
2,A,Rome,1.0,1.0,10,Low Carb Diets Found to Feed Heart Disease,1.0,1.0,0.9556,8460,35,1082,12711,1.973,0.000362,9
2,A,Rome,1.0,1.0,10,How Curry Can Kill Cancer Cells,1.0,1.0,0.9556,7843,39,1151,12323,1.6094,0.000636,9
2,A,Rome,1.0,1.0,10,Testing Turmeric on Smokers,1.0,1.0,1.0,8442,42,1152,12196,1.4185,0.003161,10
2,A,Rome,1.0,1.0,10,Alkylphenol Endocrine Disruptors and Allergies,1.0,1.0,1.0,6520,37,1136,11178,1.4708,0.008035,10
2,A,Rome,1.0,1.0,10,Slowing Cognitive Decline with Berries,1.0,1.0,1.0,7880,36,1152,12373,2.164,0.002724,10
2,A,Rome,1.0,1.0,10,What is ‘Meat Glue’?,1.0,1.0,1.0,7615,35,1130,12011,1.8867,0.000914,10
2,A,Rome,1.0,1.0,10,Is Liquid Smoke Safe?,1.0,1.0,1.0,8511,37,1135,12660,1.8344,0.002074,10
2,A,Rome,1.0,1.0,10,Does Antioxidant Intake Matter for Stroke and Heart Disease?,1.0,1.0,1.0,8822,37,1149,12813,1.8344,0.003368,10
2,A,Rome,1.0,1.0,10,Does Antioxidant Intake Matter for Cancer?,1.0,1.0,1.0,7859,36,1150,11083,1.6957,0.002813,10
2,A,Rome,1.0,1.0,10,Is buying organic worth it? A review of the science in new DVD,1.0,1.0,1.0,8860,36,1159,11884,1.8867,0.003951,10
2,A,Rome,1.0,1.0,10,Orange Aromatherapy for Anxiety,1.0,1.0,1.0,9019,37,1145,12182,1.8867,0.00319,10
2,A,Rome,1.0,1.0,10,Food Manufacturers Get to Decide if Their Own Additives Are Safe,1.0,1.0,1.0,9530,36,1149,12638,1.8344,0.003727,10
2,A,Rome,1.0,1.0,10,Meat Industry Wins Right to Sell Tainted Meat,1.0,1.0,1.0,8726,37,1146,11727,1.7481,0.00028,10
2,A,Rome,1.0,1.0,10,Chicken Salmonella Outbreaks Show Food Safety Systems Failure,1.0,1.0,1.0,7923,37,1162,11143,2.3026,0.000682,10
2,A,Rome,1.0,1.0,10,Viral Food Poisoning from Pesticides?,1.0,1.0,1.0,8136,38,1138,11206,2.0253,0.001973,10
2,A,Rome,1.0,1.0,10,The Reversal on Fish Oil,1.0,1.0,1.0,7151,39,1153,10175,1.8867,0.001024,10
2,A,Rome,1.0,1.0,10,Are Multivitamins Just a Waste of Money?,1.0,1.0,1.0,7511,38,1149,11891,1.8344,0.001774,10
2,A,RomeCombined,0.9,1.1,10,Breast Cancer Cells Feed on Cholesterol,1.0,1.0,1.0,16780,79,1937,22247,2.0253,0.003636,10
2,A,RomeCombined,0.9,1.1,10,Using Diet to Treat Asthma and Eczema,1.0,1.0,0.9556,10745,54,1528,15573,1.7481,0.002085,10
2,A,RomeCombined,0.9,1.1,10,Treating Asthma With Plants vs. Pills,1.0,1.0,0.9556,9602,46,1389,13179,2.164,0.000422,10
2,A,RomeCombined,0.9,1.1,10,How Fruits and Vegetables Can Treat Asthma,1.0,1.0,1.0,8765,40,1264,15061,2.0253,0.00169,10
2,A,RomeCombined,0.9,1.1,10,How Fruits and Vegetables Can Prevent Asthma,1.0,0.9998,0.9556,8901,38,1171,14398,2.0253,0.001487,10
2,A,RomeCombined,0.9,1.1,10,Our Tax Dollars Subsidize Unhealthy Foods,1.0,1.0,0.9111,9011,39,1138,13559,1.7481,0.003171,10
2,A,RomeCombined,0.9,1.1,10,Reducing Arsenic in Chicken and Rice,1.0,1.0,0.9556,8494,41,1137,12951,2.0253,0.009385,10
2,A,RomeCombined,0.9,1.1,10,How Contaminated Are Our Children?,1.0,1.0,1.0,9026,40,1140,13392,2.3026,0.000584,10
2,A,RomeCombined,0.9,1.1,10,"Blood Type Diet Perceived as ""Crass Fraud""",1.0,1.0,0.9556,7823,39,1133,13199,1.3592,0.003073,10
2,A,RomeCombined,0.9,1.1,10,Why Do Heart Doctors Favor Surgery and Drugs Over Diet?,1.0,1.0,1.0,8390,38,1132,13902,1.6094,0.00089,9
2,A,RomeCombined,0.9,1.1,10,Phytates in Beans: Anti-Nutrient or Anti-Cancer?,1.0,1.0,0.9556,8134,36,1147,12940,1.8867,0.000416,10
2,A,RomeCombined,0.9,1.1,10,How Phytates Fight Cancer Cells,0.9,0.9398,0.9444,9039,39,1133,13680,2.0253,0.000344,10
2,A,RomeCombined,0.9,1.1,10,Colon Cancer Prevention: Is it the Fiber or the Phytates?,1.0,1.0,0.9111,8757,39,1138,13240,1.7481,0.00182,10
2,A,RomeCombined,0.9,1.1,10,Low Carb Diets Found to Feed Heart Disease,1.0,1.0,1.0,8570,39,1147,12154,1.7481,0.000366,9
2,A,RomeCombined,0.9,1.1,10,How Curry Can Kill Cancer Cells,1.0,1.0,0.9556,7977,36,1128,12827,1.8344,0.000653,9
2,A,RomeCombined,0.9,1.1,10,Testing Turmeric on Smokers,1.0,1.0,0.9556,9334,39,1137,13813,1.8867,0.003178,10
2,A,RomeCombined,0.9,1.1,10,Alkylphenol Endocrine Disruptors and Allergies,1.0,1.0,0.9556,8992,38,1143,12420,1.6094,0.007884,10
2,A,RomeCombined,0.9,1.1,10,Slowing Cognitive Decline with Berries,1.0,1.0,1.0,8263,39,1260,13552,2.164,0.002639,10
2,A,RomeCombined,0.9,1.1,10,What is ‘Meat Glue’?,1.0,1.0,0.9556,8734,39,1141,13884,1.8867,0.000937,10
2,A,RomeCombined,0.9,1.1,10,Is Liquid Smoke Safe?,1.0,1.0,1.0,8345,38,1136,13815,1.8344,0.001979,10
2,A,RomeCombined,0.9,1.1,10,Does Antioxidant Intake Matter for Stroke and Heart Disease?,1.0,1.0,0.9556,8105,39,1136,12573,1.8344,0.003234,10
2,A,RomeCombined,0.9,1.1,10,Does Antioxidant Intake Matter for Cancer?,1.0,1.0,0.9111,9368,41,1136,14091,1.6957,0.002699,10
2,A,RomeCombined,0.9,1.1,10,Is buying organic worth it? A review of the science in new DVD,1.0,0.9999,0.9111,8332,39,1137,12203,1.6957,0.003876,10
2,A,RomeCombined,0.9,1.1,10,Orange Aromatherapy for Anxiety,1.0,1.0,1.0,8020,38,1127,14169,1.8867,0.003171,10
2,A,RomeCombined,0.9,1.1,10,Food Manufacturers Get to Decide if Their Own Additives Are Safe,1.0,1.0,1.0,7902,40,1119,11554,1.6434,0.003617,10
2,A,RomeCombined,0.9,1.1,10,Meat Industry Wins Right to Sell Tainted Meat,0.9,0.9393,1.0,8860,36,1123,13461,1.8344,0.000275,10
2,A,RomeCombined,0.9,1.1,10,Chicken Salmonella Outbreaks Show Food Safety Systems Failure,1.0,1.0,1.0,7823,38,1130,12276,2.3026,0.000727,10
2,A,RomeCombined,0.9,1.1,10,Viral Food Poisoning from Pesticides?,1.0,0.9999,0.9111,7092,38,1132,11319,1.6094,0.001891,10
2,A,RomeCombined,0.9,1.1,10,The Reversal on Fish Oil,0.9,0.9426,0.9444,7617,35,1088,11329,1.8867,0.000992,10
2,A,RomeCombined,0.9,1.1,10,Are Multivitamins Just a Waste of Money?,1.0,1.0,0.9556,7905,38,1140,12242,2.0253,0.001753,10
2,A,Romm,1.0,1.0,10,Breast Cancer Cells Feed on Cholesterol,1.0,1.0,1.0,10814,37,1066,16933,2.0253,0.003559,10
2,A,Romm,1.0,1.0,10,Using Diet to Treat Asthma and Eczema,1.0,1.0,1.0,8938,26,1014,13964,1.8344,0.002109,10
2,A,Romm,1.0,1.0,10,Treating Asthma With Plants vs. Pills,1.0,1.0,1.0,9425,24,929,13626,2.0253,0.000406,10
2,A,Romm,1.0,1.0,10,How Fruits and Vegetables Can Treat Asthma,1.0,1.0,1.0,9048,25,852,13166,2.0253,0.001719,10
2,A,Romm,1.0,1.0,10,How Fruits and Vegetables Can Prevent Asthma,1.0,1.0,1.0,7927,23,859,12311,2.0253,0.001538,10
2,A,Romm,1.0,1.0,10,Our Tax Dollars Subsidize Unhealthy Foods,1.0,1.0,1.0,8168,24,845,11770,1.6094,0.003116,10
2,A,Romm,1.0,1.0,10,Reducing Arsenic in Chicken and Rice,1.0,1.0,1.0,6726,21,831,10307,2.0253,0.009455,10
2,A,Romm,1.0,1.0,10,How Contaminated Are Our Children?,1.0,1.0,1.0,7709,24,838,11898,2.3026,0.000587,10
2,A,Romm,1.0,1.0,10,"Blood Type Diet Perceived as ""Crass Fraud""",1.0,1.0,1.0,7929,23,842,11414,1.3592,0.003264,10
2,A,Romm,1.0,1.0,10,Why Do Heart Doctors Favor Surgery and Drugs Over Diet?,1.0,1.0,1.0,8398,22,833,12664,1.8344,0.000878,9
2,A,Romm,1.0,1.0,10,Phytates in Beans: Anti-Nutrient or Anti-Cancer?,1.0,1.0,1.0,7348,20,846,10914,2.164,0.000424,10
2,A,Romm,1.0,1.0,10,How Phytates Fight Cancer Cells,1.0,1.0,1.0,7585,24,848,12503,2.164,0.000335,9
2,A,Romm,1.0,1.0,10,Colon Cancer Prevention: Is it the Fiber or the Phytates?,1.0,1.0,1.0,7554,21,834,11667,1.6094,0.001848,10
2,A,Romm,1.0,1.0,10,Low Carb Diets Found to Feed Heart Disease,1.0,1.0,1.0,7597,20,838,11600,1.973,0.000362,9
2,A,Romm,1.0,1.0,10,How Curry Can Kill Cancer Cells,1.0,1.0,1.0,7020,24,850,11308,1.6094,0.000636,9
2,A,Romm,1.0,1.0,10,Testing Turmeric on Smokers,1.0,1.0,1.0,7197,22,833,11796,1.4185,0.003161,10
2,A,Romm,1.0,1.0,10,Alkylphenol Endocrine Disruptors and Allergies,1.0,1.0,1.0,7738,21,827,10949,1.4708,0.008035,10
2,A,Romm,1.0,1.0,10,Slowing Cognitive Decline with Berries,1.0,1.0,1.0,8389,23,835,11328,2.164,0.002724,10
2,A,Romm,1.0,1.0,10,What is ‘Meat Glue’?,1.0,1.0,1.0,7474,22,842,11946,1.8867,0.000914,10
2,A,Romm,1.0,1.0,10,Is Liquid Smoke Safe?,1.0,1.0,1.0,7882,25,835,11899,1.8344,0.002074,10
2,A,Romm,1.0,1.0,10,Does Antioxidant Intake Matter for Stroke and Heart Disease?,1.0,1.0,1.0,8818,22,838,12928,1.8344,0.003368,10
2,A,Romm,1.0,1.0,10,Does Antioxidant Intake Matter for Cancer?,1.0,1.0,1.0,8323,21,852,11457,1.6957,0.002813,10
2,A,Romm,1.0,1.0,10,Is buying organic worth it? A review of the science in new DVD,1.0,1.0,1.0,7850,20,840,11564,1.8867,0.003951,10
2,A,Romm,1.0,1.0,10,Orange Aromatherapy for Anxiety,1.0,1.0,1.0,7560,24,833,11601,1.8867,0.00319,10
2,A,Romm,1.0,1.0,10,Food Manufacturers Get to Decide if Their Own Additives Are Safe,1.0,1.0,1.0,7947,23,845,10683,1.8344,0.003727,10
2,A,Romm,1.0,1.0,10,Meat Industry Wins Right to Sell Tainted Meat,1.0,1.0,1.0,7201,21,833,11470,1.7481,0.00028,10
2,A,Romm,1.0,1.0,10,Chicken Salmonella Outbreaks Show Food Safety Systems Failure,1.0,1.0,1.0,8122,24,836,12162,2.3026,0.000682,10
2,A,Romm,1.0,1.0,10,Viral Food Poisoning from Pesticides?,1.0,1.0,1.0,8240,22,845,12527,2.0253,0.001973,10
2,A,Romm,1.0,1.0,10,The Reversal on Fish Oil,1.0,1.0,1.0,8025,24,855,12603,1.8867,0.001024,10
2,A,Romm,1.0,1.0,10,Are Multivitamins Just a Waste of Money?,1.0,1.0,1.0,7469,23,791,11487,1.8344,0.001774,10
2,A,RommCombined,0.9,1.1,10,Breast Cancer Cells Feed on Cholesterol,1.0,1.0,1.0,13876,49,1179,17701,1.973,0.003473,10
2,A,RommCombined,0.9,1.1,10,Using Diet to Treat Asthma and Eczema,1.0,0.9999,0.8667,9546,27,1024,12571,1.8867,0.002086,10
2,A,RommCombined,0.9,1.1,10,Treating Asthma With Plants vs. Pills,1.0,0.9998,0.9111,9745,25,927,12643,1.973,0.00042,10
2,A,RommCombined,0.9,1.1,10,How Fruits and Vegetables Can Treat Asthma,1.0,1.0,1.0,8320,26,876,11053,2.164,0.001686,10
2,A,RommCombined,0.9,1.1,10,How Fruits and Vegetables Can Prevent Asthma,1.0,1.0,1.0,8291,24,830,10976,2.164,0.001538,10
2,A,RommCombined,0.9,1.1,10,Our Tax Dollars Subsidize Unhealthy Foods,1.0,1.0,0.9556,7916,25,845,10704,1.8344,0.002957,10
2,A,RommCombined,0.9,1.1,10,Reducing Arsenic in Chicken and Rice,1.0,1.0,1.0,7818,22,846,10665,2.0253,0.009294,10
2,A,RommCombined,0.9,1.1,10,How Contaminated Are Our Children?,1.0,1.0,0.9556,8494,22,840,11542,2.164,0.000607,10
2,A,RommCombined,0.9,1.1,10,"Blood Type Diet Perceived as ""Crass Fraud""",1.0,1.0,1.0,7981,22,851,11326,1.4708,0.003164,10
2,A,RommCombined,0.9,1.1,10,Why Do Heart Doctors Favor Surgery and Drugs Over Diet?,1.0,1.0,0.9111,8223,22,846,11950,1.6957,0.000856,9
2,A,RommCombined,0.9,1.1,10,Phytates in Beans: Anti-Nutrient or Anti-Cancer?,1.0,0.9999,0.8667,8084,24,836,11351,1.8344,0.000455,10
2,A,RommCombined,0.9,1.1,10,How Phytates Fight Cancer Cells,0.9,0.9398,0.8889,8744,23,839,12983,2.0253,0.000315,10
2,A,RommCombined,0.9,1.1,10,Colon Cancer Prevention: Is it the Fiber or the Phytates?,1.0,1.0,0.9111,8514,24,849,12969,1.7481,0.001827,9
2,A,RommCombined,0.9,1.1,10,Low Carb Diets Found to Feed Heart Disease,1.0,0.9999,0.8222,9187,24,857,13337,1.8344,0.000351,8
2,A,RommCombined,0.9,1.1,10,How Curry Can Kill Cancer Cells,1.0,1.0,0.9556,8549,22,833,13489,1.7481,0.00065,9
2,A,RommCombined,0.9,1.1,10,Testing Turmeric on Smokers,1.0,1.0,1.0,6911,24,835,10988,1.6094,0.003146,10
2,A,RommCombined,0.9,1.1,10,Alkylphenol Endocrine Disruptors and Allergies,1.0,1.0,0.9111,8231,25,840,12728,1.4708,0.007684,10
2,A,RommCombined,0.9,1.1,10,Slowing Cognitive Decline with Berries,1.0,1.0,1.0,7917,23,848,11859,2.164,0.002534,10
2,A,RommCombined,0.9,1.1,10,What is ‘Meat Glue’?,1.0,0.9999,0.8667,7492,25,837,12438,2.0253,0.000917,10
2,A,RommCombined,0.9,1.1,10,Is Liquid Smoke Safe?,1.0,1.0,0.9556,11064,25,846,15193,1.973,0.002147,10
2,A,RommCombined,0.9,1.1,10,Does Antioxidant Intake Matter for Stroke and Heart Disease?,1.0,1.0,0.9556,7841,23,842,11615,1.8344,0.00318,10
2,A,RommCombined,0.9,1.1,10,Does Antioxidant Intake Matter for Cancer?,0.9,0.9411,0.9444,7942,24,847,11789,1.8867,0.002657,10
2,A,RommCombined,0.9,1.1,10,Is buying organic worth it? A review of the science in new DVD,1.0,1.0,0.9111,8109,23,837,13029,1.6957,0.00393,10
2,A,RommCombined,0.9,1.1,10,Orange Aromatherapy for Anxiety,1.0,1.0,1.0,8200,22,828,12353,2.0253,0.003117,10
2,A,RommCombined,0.9,1.1,10,Food Manufacturers Get to Decide if Their Own Additives Are Safe,1.0,1.0,1.0,6939,24,844,11459,1.8344,0.003818,10
2,A,RommCombined,0.9,1.1,10,Meat Industry Wins Right to Sell Tainted Meat,1.0,1.0,0.9111,7629,25,851,10917,1.8867,0.000248,10
2,A,RommCombined,0.9,1.1,10,Chicken Salmonella Outbreaks Show Food Safety Systems Failure,1.0,1.0,1.0,8095,24,838,12313,2.3026,0.000693,10
2,A,RommCombined,0.9,1.1,10,Viral Food Poisoning from Pesticides?,1.0,0.9999,0.9111,6558,24,844,10495,1.973,0.001855,10
2,A,RommCombined,0.9,1.1,10,The Reversal on Fish Oil,1.0,1.0,0.9556,7039,25,844,10831,2.0253,0.000988,10
2,A,RommCombined,0.9,1.1,10,Are Multivitamins Just a Waste of Money?,1.0,0.9999,0.9556,7669,25,835,11754,2.0253,0.001651,10
2,A,Diehard,1.0,1.0,10,Breast Cancer Cells Feed on Cholesterol,1.0,1.0,1.0,19473,64,1003,24495,2.0253,0.003559,10
2,A,Diehard,1.0,1.0,10,Using Diet to Treat Asthma and Eczema,1.0,1.0,1.0,12445,42,833,16743,1.8344,0.002109,10
2,A,Diehard,1.0,1.0,10,Treating Asthma With Plants vs. Pills,1.0,1.0,1.0,10638,34,727,14806,2.0253,0.000406,10
2,A,Diehard,1.0,1.0,10,How Fruits and Vegetables Can Treat Asthma,1.0,1.0,1.0,9159,32,664,11935,2.0253,0.001719,10
2,A,Diehard,1.0,1.0,10,How Fruits and Vegetables Can Prevent Asthma,1.0,1.0,1.0,8678,33,627,13047,2.0253,0.001538,10
2,A,Diehard,1.0,1.0,10,Our Tax Dollars Subsidize Unhealthy Foods,1.0,1.0,1.0,8206,28,617,11664,1.6094,0.003116,10
2,A,Diehard,1.0,1.0,10,Reducing Arsenic in Chicken and Rice,1.0,1.0,1.0,7519,29,606,11087,2.0253,0.009455,10
2,A,Diehard,1.0,1.0,10,How Contaminated Are Our Children?,1.0,1.0,1.0,7277,30,606,11753,2.3026,0.000587,10
2,A,Diehard,1.0,1.0,10,"Blood Type Diet Perceived as ""Crass Fraud""",1.0,1.0,1.0,7425,27,603,11469,1.3592,0.003264,10
2,A,Diehard,1.0,1.0,10,Why Do Heart Doctors Favor Surgery and Drugs Over Diet?,1.0,1.0,1.0,8975,29,628,12722,1.8344,0.000878,9
2,A,Diehard,1.0,1.0,10,Phytates in Beans: Anti-Nutrient or Anti-Cancer?,1.0,1.0,1.0,8247,31,607,11453,2.164,0.000424,10
2,A,Diehard,1.0,1.0,10,How Phytates Fight Cancer Cells,1.0,1.0,1.0,9053,27,624,13246,2.164,0.000335,9
2,A,Diehard,1.0,1.0,10,Colon Cancer Prevention: Is it the Fiber or the Phytates?,1.0,1.0,1.0,8352,28,576,12175,1.6094,0.001848,10
2,A,Diehard,1.0,1.0,10,Low Carb Diets Found to Feed Heart Disease,1.0,1.0,1.0,8395,29,624,10994,1.973,0.000362,9
2,A,Diehard,1.0,1.0,10,How Curry Can Kill Cancer Cells,1.0,1.0,1.0,7702,27,606,10363,1.6094,0.000636,9
2,A,Diehard,1.0,1.0,10,Testing Turmeric on Smokers,1.0,1.0,1.0,8351,28,604,10866,1.4185,0.003161,10
2,A,Diehard,1.0,1.0,10,Alkylphenol Endocrine Disruptors and Allergies,1.0,1.0,1.0,9023,27,621,11499,1.4708,0.008035,10
2,A,Diehard,1.0,1.0,10,Slowing Cognitive Decline with Berries,1.0,1.0,1.0,8291,28,599,11039,2.164,0.002724,10
2,A,Diehard,1.0,1.0,10,What is ‘Meat Glue’?,1.0,1.0,1.0,8338,26,600,10729,1.8867,0.000914,10
2,A,Diehard,1.0,1.0,10,Is Liquid Smoke Safe?,1.0,1.0,1.0,8175,28,607,10604,1.8344,0.002074,10
2,A,Diehard,1.0,1.0,10,Does Antioxidant Intake Matter for Stroke and Heart Disease?,1.0,1.0,1.0,8329,26,631,10774,1.8344,0.003368,10
2,A,Diehard,1.0,1.0,10,Does Antioxidant Intake Matter for Cancer?,1.0,1.0,1.0,8195,27,615,10601,1.6957,0.002813,10
2,A,Diehard,1.0,1.0,10,Is buying organic worth it? A review of the science in new DVD,1.0,1.0,1.0,8360,27,622,10746,1.8867,0.003951,10
2,A,Diehard,1.0,1.0,10,Orange Aromatherapy for Anxiety,1.0,1.0,1.0,9413,27,602,11859,1.8867,0.00319,10
2,A,Diehard,1.0,1.0,10,Food Manufacturers Get to Decide if Their Own Additives Are Safe,1.0,1.0,1.0,8543,31,635,12891,1.8344,0.003727,10
2,A,Diehard,1.0,1.0,10,Meat Industry Wins Right to Sell Tainted Meat,1.0,1.0,1.0,8370,30,612,11739,1.7481,0.00028,10
2,A,Diehard,1.0,1.0,10,Chicken Salmonella Outbreaks Show Food Safety Systems Failure,1.0,1.0,1.0,7318,30,617,12268,2.3026,0.000682,10
2,A,Diehard,1.0,1.0,10,Viral Food Poisoning from Pesticides?,1.0,1.0,1.0,6463,29,602,10191,2.0253,0.001973,10
2,A,Diehard,1.0,1.0,10,The Reversal on Fish Oil,1.0,1.0,1.0,7561,29,619,10678,1.8867,0.001024,10
2,A,Diehard,1.0,1.0,10,Are Multivitamins Just a Waste of Money?,1.0,1.0,1.0,9177,30,617,14023,1.8344,0.001774,10
2,A,DiehardCombined,0.9,1.1,10,Breast Cancer Cells Feed on Cholesterol,0.7,0.8045,0.9048,14969,60,905,18921,1.973,2.7e-05,9
2,A,DiehardCombined,0.9,1.1,10,Using Diet to Treat Asthma and Eczema,0.7,0.8156,0.8095,10904,39,771,15431,2.0253,1.4e-05,10
2,A,DiehardCombined,0.9,1.1,10,Treating Asthma With Plants vs. Pills,0.9,0.9336,0.2222,10173,38,706,14313,2.0253,6e-06,9
2,A,DiehardCombined,0.9,1.1,10,How Fruits and Vegetables Can Treat Asthma,0.9,0.9338,0.4444,9393,34,630,12108,1.8344,1.2e-05,10
2,A,DiehardCombined,0.9,1.1,10,How Fruits and Vegetables Can Prevent Asthma,0.8,0.8796,0.2143,8482,29,619,10990,2.0253,9e-06,10
2,A,DiehardCombined,0.9,1.1,10,Our Tax Dollars Subsidize Unhealthy Foods,0.8,0.8574,0.8571,8396,31,603,11293,2.0253,1.5e-05,10
2,A,DiehardCombined,0.9,1.1,10,Reducing Arsenic in Chicken and Rice,0.9,0.9506,0.7778,7844,27,598,10268,2.164,9.3e-05,10
2,A,DiehardCombined,0.9,1.1,10,How Contaminated Are Our Children?,0.8,0.8518,0.6429,8290,28,614,10733,1.6957,7e-06,10
2,A,DiehardCombined,0.9,1.1,10,"Blood Type Diet Perceived as ""Crass Fraud""",0.9,0.9243,0.7778,7677,28,611,10152,1.8867,4.3e-05,9
2,A,DiehardCombined,0.9,1.1,10,Why Do Heart Doctors Favor Surgery and Drugs Over Diet?,0.7,0.7905,0.3333,8479,30,604,11195,1.8344,1e-06,8
2,A,DiehardCombined,0.9,1.1,10,Phytates in Beans: Anti-Nutrient or Anti-Cancer?,0.8,0.8624,0.5,8040,32,652,10545,1.8344,4e-06,10
2,A,DiehardCombined,0.9,1.1,10,How Phytates Fight Cancer Cells,0.5,0.637,-0.2,7655,31,596,10525,2.0253,5e-06,10
2,A,DiehardCombined,0.9,1.1,10,Colon Cancer Prevention: Is it the Fiber or the Phytates?,0.8,0.8483,0.5714,8336,31,615,10831,1.5048,2e-05,9
2,A,DiehardCombined,0.9,1.1,10,Low Carb Diets Found to Feed Heart Disease,0.7,0.7789,0.5238,8346,28,601,11755,1.8344,1.2e-05,9
2,A,DiehardCombined,0.9,1.1,10,How Curry Can Kill Cancer Cells,0.7,0.7756,0.3333,8055,30,628,12473,1.6957,8e-06,10
2,A,DiehardCombined,0.9,1.1,10,Testing Turmeric on Smokers,0.7,0.8167,0.8095,9017,30,605,13269,1.6957,3.8e-05,10
2,A,DiehardCombined,0.9,1.1,10,Alkylphenol Endocrine Disruptors and Allergies,0.9,0.9482,0.9444,8785,30,615,12734,1.7481,7.9e-05,10
2,A,DiehardCombined,0.9,1.1,10,Slowing Cognitive Decline with Berries,1.0,0.9984,0.8667,6569,30,597,10236,1.8867,1.5e-05,8
2,A,DiehardCombined,0.9,1.1,10,What is ‘Meat Glue’?,0.8,0.8849,0.5714,7862,31,600,11700,2.164,7e-06,10
2,A,DiehardCombined,0.9,1.1,10,Is Liquid Smoke Safe?,0.9,0.9413,0.6667,7751,28,616,11531,1.8867,2.3e-05,10
2,A,DiehardCombined,0.9,1.1,10,Does Antioxidant Intake Matter for Stroke and Heart Disease?,0.5,0.6827,1.0,7568,30,610,10323,1.6094,3.4e-05,10
2,A,DiehardCombined,0.9,1.1,10,Does Antioxidant Intake Matter for Cancer?,0.5,0.6495,0.6,8527,30,602,12170,1.6957,3.7e-05,10
2,A,DiehardCombined,0.9,1.1,10,Is buying organic worth it? A review of the science in new DVD,0.9,0.9454,0.6667,8252,27,628,12138,2.164,3.3e-05,10
2,A,DiehardCombined,0.9,1.1,10,Orange Aromatherapy for Anxiety,1.0,0.997,0.7333,8680,29,610,12605,1.973,3.6e-05,10
2,A,DiehardCombined,0.9,1.1,10,Food Manufacturers Get to Decide if Their Own Additives Are Safe,0.8,0.8706,0.3571,7596,31,595,10709,1.973,2.8e-05,9
2,A,DiehardCombined,0.9,1.1,10,Meat Industry Wins Right to Sell Tainted Meat,0.7,0.7344,0.0476,8428,31,595,12353,2.0253,3e-06,10
2,A,DiehardCombined,0.9,1.1,10,Chicken Salmonella Outbreaks Show Food Safety Systems Failure,0.9,0.9319,0.5,8749,32,634,12545,2.164,9e-06,9
2,A,DiehardCombined,0.9,1.1,10,Viral Food Poisoning from Pesticides?,0.7,0.7879,0.4286,8297,34,611,11622,1.973,1.9e-05,10
2,A,DiehardCombined,0.9,1.1,10,The Reversal on Fish Oil,0.6,0.7413,0.7333,7753,30,601,12079,1.7481,9e-06,9
2,A,DiehardCombined,0.9,1.1,10,Are Multivitamins Just a Waste of Money?,0.9,0.9428,0.4444,8940,29,601,11929,2.164,1.2e-05,10
2,A,Ckks,1.0,1.0,10,Breast Cancer Cells Feed on Cholesterol,1.0,1.0,1.0,17637,7436,4181957,4211165,2.0253,0.003559,10
2,A,Ckks,1.0,1.0,10,Using Diet to Treat Asthma and Eczema,1.0,1.0,1.0,8418,4343,4189486,4206610,1.8344,0.002109,10
2,A,Ckks,1.0,1.0,10,Treating Asthma With Plants vs. Pills,1.0,1.0,1.0,9162,4374,4228682,4246171,2.0253,0.000406,10
2,A,Ckks,1.0,1.0,10,How Fruits and Vegetables Can Treat Asthma,1.0,1.0,1.0,8841,4348,4232302,4249316,2.0253,0.001719,10
2,A,Ckks,1.0,1.0,10,How Fruits and Vegetables Can Prevent Asthma,1.0,1.0,1.0,8340,4342,4250313,4266509,2.0253,0.001538,10
2,A,Ckks,1.0,1.0,10,Our Tax Dollars Subsidize Unhealthy Foods,1.0,1.0,1.0,8255,4142,4297953,4314181,1.6094,0.003116,10
2,A,Ckks,1.0,1.0,10,Reducing Arsenic in Chicken and Rice,1.0,1.0,1.0,8522,4329,4287163,4303866,2.0253,0.009455,10
2,A,Ckks,1.0,1.0,10,How Contaminated Are Our Children?,1.0,1.0,1.0,8621,4218,4267272,4284051,2.3026,0.000587,10
2,A,Ckks,1.0,1.0,10,"Blood Type Diet Perceived as ""Crass Fraud""",1.0,1.0,1.0,8880,4033,4310420,4328130,1.3592,0.003264,10
2,A,Ckks,1.0,1.0,10,Why Do Heart Doctors Favor Surgery and Drugs Over Diet?,1.0,1.0,1.0,9144,4331,4310454,4326066,1.8344,0.000878,9
2,A,Ckks,1.0,1.0,10,Phytates in Beans: Anti-Nutrient or Anti-Cancer?,1.0,1.0,1.0,9026,4137,4300974,4317868,2.164,0.000424,10
2,A,Ckks,1.0,1.0,10,How Phytates Fight Cancer Cells,0.9,0.9399,1.0,8657,4099,4306233,4322460,2.164,0.000335,9
2,A,Ckks,1.0,1.0,10,Colon Cancer Prevention: Is it the Fiber or the Phytates?,1.0,1.0,1.0,8303,4399,4320082,4336022,1.6094,0.001848,10
2,A,Ckks,1.0,1.0,10,Low Carb Diets Found to Feed Heart Disease,1.0,1.0,0.9556,8865,4018,4295434,4313017,1.973,0.000362,9
2,A,Ckks,1.0,1.0,10,How Curry Can Kill Cancer Cells,1.0,1.0,1.0,8528,4274,4335366,4351886,1.6094,0.000636,9
2,A,Ckks,1.0,1.0,10,Testing Turmeric on Smokers,1.0,1.0,1.0,9152,4235,4329384,4346654,1.4185,0.003161,10
2,A,Ckks,1.0,1.0,10,Alkylphenol Endocrine Disruptors and Allergies,1.0,1.0,1.0,7874,4312,4336639,4352188,1.4708,0.008035,10
2,A,Ckks,1.0,1.0,10,Slowing Cognitive Decline with Berries,1.0,1.0,1.0,8548,4256,4323226,4340330,2.164,0.002724,10
2,A,Ckks,1.0,1.0,10,What is ‘Meat Glue’?,1.0,1.0,1.0,9355,4321,4346108,4363643,1.8867,0.000914,10
2,A,Ckks,1.0,1.0,10,Is Liquid Smoke Safe?,1.0,1.0,1.0,8819,3662,4314997,4330424,1.8344,0.002074,10
2,A,Ckks,1.0,1.0,10,Does Antioxidant Intake Matter for Stroke and Heart Disease?,1.0,1.0,1.0,9172,4092,4343878,4360996,1.8344,0.003368,10
2,A,Ckks,1.0,1.0,10,Does Antioxidant Intake Matter for Cancer?,1.0,1.0,1.0,8696,4380,4343176,4362844,1.6957,0.002813,10
2,A,Ckks,1.0,1.0,10,Is buying organic worth it? A review of the science in new DVD,1.0,1.0,1.0,26073,5900,4330458,4366752,1.8867,0.003951,10
2,A,Ckks,1.0,1.0,10,Orange Aromatherapy for Anxiety,1.0,1.0,1.0,8899,4138,4325119,4342130,1.8867,0.00319,10
2,A,Ckks,1.0,1.0,10,Food Manufacturers Get to Decide if Their Own Additives Are Safe,1.0,1.0,1.0,8681,4269,4320661,4337476,1.8344,0.003727,10
2,A,Ckks,1.0,1.0,10,Meat Industry Wins Right to Sell Tainted Meat,1.0,1.0,1.0,7963,3215,4296277,4311383,1.7481,0.00028,10
2,A,Ckks,1.0,1.0,10,Chicken Salmonella Outbreaks Show Food Safety Systems Failure,1.0,1.0,1.0,8718,3891,4346245,4363097,2.3026,0.000682,10
2,A,Ckks,1.0,1.0,10,Viral Food Poisoning from Pesticides?,1.0,1.0,1.0,9550,3950,4323615,4341474,2.0253,0.001973,10
2,A,Ckks,1.0,1.0,10,The Reversal on Fish Oil,1.0,1.0,1.0,9264,4028,4310573,4327896,1.8867,0.001024,10
2,A,Ckks,1.0,1.0,10,Are Multivitamins Just a Waste of Money?,1.0,1.0,1.0,10456,4049,4300013,4316658,1.8344,0.001774,10
2,A,CkksCombined,0.9,1.1,10,Breast Cancer Cells Feed on Cholesterol,0.9,0.9457,1.0,12138,6183,4151257,4173121,2.0253,0.003538,10
2,A,CkksCombined,0.9,1.1,10,Using Diet to Treat Asthma and Eczema,1.0,1.0,0.9556,8671,4038,4172291,4188759,1.8344,0.002179,10
2,A,CkksCombined,0.9,1.1,10,Treating Asthma With Plants vs. Pills,1.0,1.0,0.9556,10411,4226,4192219,4211432,2.0253,0.000429,9
2,A,CkksCombined,0.9,1.1,10,How Fruits and Vegetables Can Treat Asthma,1.0,1.0,1.0,9401,3954,4158418,4175889,2.164,0.001753,10
2,A,CkksCombined,0.9,1.1,10,How Fruits and Vegetables Can Prevent Asthma,1.0,0.9998,0.9556,10526,4399,4202528,4221140,2.0253,0.001531,10
2,A,CkksCombined,0.9,1.1,10,Our Tax Dollars Subsidize Unhealthy Foods,1.0,1.0,0.9556,10093,4295,4190010,4208307,1.4708,0.003035,10
2,A,CkksCombined,0.9,1.1,10,Reducing Arsenic in Chicken and Rice,1.0,1.0,1.0,9467,4345,4159955,4177486,2.0253,0.009337,10
2,A,CkksCombined,0.9,1.1,10,How Contaminated Are Our Children?,1.0,1.0,1.0,10097,4028,4186755,4204754,2.164,0.000596,10
2,A,CkksCombined,0.9,1.1,10,"Blood Type Diet Perceived as ""Crass Fraud""",1.0,1.0,0.9556,8575,4261,4180784,4197851,1.3592,0.00308,10
2,A,CkksCombined,0.9,1.1,10,Why Do Heart Doctors Favor Surgery and Drugs Over Diet?,1.0,1.0,0.9556,9010,4060,4191985,4209354,1.6957,0.000943,9
2,A,CkksCombined,0.9,1.1,10,Phytates in Beans: Anti-Nutrient or Anti-Cancer?,1.0,0.9999,0.8667,8776,4303,4223815,4240651,2.164,0.000469,10
2,A,CkksCombined,0.9,1.1,10,How Phytates Fight Cancer Cells,1.0,0.9999,0.9111,10019,3956,4220838,4238881,1.8867,0.000318,10
2,A,CkksCombined,0.9,1.1,10,Colon Cancer Prevention: Is it the Fiber or the Phytates?,1.0,1.0,0.9556,8878,4347,4250496,4266947,1.7481,0.001762,10
2,A,CkksCombined,0.9,1.1,10,Low Carb Diets Found to Feed Heart Disease,1.0,1.0,0.9111,9689,4069,4240755,4258443,1.8344,0.000362,9
2,A,CkksCombined,0.9,1.1,10,How Curry Can Kill Cancer Cells,1.0,1.0,0.8667,8866,3934,4264703,4280823,1.4979,0.00057,9
2,A,CkksCombined,0.9,1.1,10,Testing Turmeric on Smokers,0.9,0.9455,1.0,9889,3913,4282860,4300289,1.973,0.003192,10
2,A,CkksCombined,0.9,1.1,10,Alkylphenol Endocrine Disruptors and Allergies,1.0,1.0,0.9556,9741,4018,4285768,4303326,1.4708,0.007756,10
2,A,CkksCombined,0.9,1.1,10,Slowing Cognitive Decline with Berries,1.0,1.0,1.0,9237,4255,4309836,4328008,2.3026,0.002855,10
2,A,CkksCombined,0.9,1.1,10,What is ‘Meat Glue’?,1.0,1.0,0.9556,10489,4023,4307334,4324642,2.0253,0.000903,10
2,A,CkksCombined,0.9,1.1,10,Is Liquid Smoke Safe?,1.0,0.9999,0.9111,9443,4288,4347235,4363104,1.8344,0.002078,10
2,A,CkksCombined,0.9,1.1,10,Does Antioxidant Intake Matter for Stroke and Heart Disease?,1.0,1.0,1.0,9765,4099,4351668,4369273,1.8344,0.00331,10
2,A,CkksCombined,0.9,1.1,10,Does Antioxidant Intake Matter for Cancer?,1.0,1.0,1.0,9965,4329,4345818,4363573,2.0253,0.002767,10
2,A,CkksCombined,0.9,1.1,10,Is buying organic worth it? A review of the science in new DVD,1.0,1.0,0.9556,9194,3996,4344250,4361775,1.8867,0.003999,10
2,A,CkksCombined,0.9,1.1,10,Orange Aromatherapy for Anxiety,1.0,1.0,1.0,9497,4602,4368814,4386730,2.0253,0.003114,10
2,A,CkksCombined,0.9,1.1,10,Food Manufacturers Get to Decide if Their Own Additives Are Safe,1.0,1.0,1.0,10259,4106,4366437,4384723,1.8867,0.003716,10
2,A,CkksCombined,0.9,1.1,10,Meat Industry Wins Right to Sell Tainted Meat,0.9,0.9393,0.8889,8431,4307,4373311,4388209,1.8344,0.000288,10
2,A,CkksCombined,0.9,1.1,10,Chicken Salmonella Outbreaks Show Food Safety Systems Failure,1.0,1.0,1.0,8417,4171,4376539,4392845,2.3026,0.000693,10
2,A,CkksCombined,0.9,1.1,10,Viral Food Poisoning from Pesticides?,0.9,0.9432,1.0,9423,4330,4377900,4396261,2.0253,0.001992,10
2,A,CkksCombined,0.9,1.1,10,The Reversal on Fish Oil,1.0,0.9996,0.9111,9589,4063,4366085,4381826,1.8867,0.001065,10
2,A,CkksCombined,0.9,1.1,10,Are Multivitamins Just a Waste of Money?,1.0,1.0,0.9556,8097,3917,4364594,4380301,2.164,0.001762,10
3,A,Scrambling,0.9,1.1,10,Breast Cancer Cells Feed on Cholesterol,1.0,1.0,1.0,10852,15,951,14085,2.0253,0.003559,10
3,A,Scrambling,0.9,1.1,10,Using Diet to Treat Asthma and Eczema,1.0,1.0,1.0,9565,2,884,13214,1.8344,0.002109,10
3,A,Scrambling,0.9,1.1,10,Treating Asthma With Plants vs. Pills,1.0,1.0,1.0,8129,1,828,12607,2.0253,0.000406,10
3,A,Scrambling,0.9,1.1,10,How Fruits and Vegetables Can Treat Asthma,1.0,1.0,1.0,8519,1,859,11813,2.0253,0.001719,10
3,A,Scrambling,0.9,1.1,10,How Fruits and Vegetables Can Prevent Asthma,1.0,1.0,1.0,8782,2,838,12514,2.0253,0.001538,10
3,A,Scrambling,0.9,1.1,10,Our Tax Dollars Subsidize Unhealthy Foods,1.0,1.0,1.0,8649,2,836,12013,1.6094,0.003116,10
3,A,Scrambling,0.9,1.1,10,Reducing Arsenic in Chicken and Rice,1.0,1.0,1.0,9105,1,896,13572,2.0253,0.009455,10
3,A,Scrambling,0.9,1.1,10,How Contaminated Are Our Children?,1.0,1.0,1.0,9153,2,814,13087,2.3026,0.000587,10
3,A,Scrambling,0.9,1.1,10,"Blood Type Diet Perceived as ""Crass Fraud""",1.0,1.0,1.0,8371,2,979,11610,1.3592,0.003264,10
3,A,Scrambling,0.9,1.1,10,Why Do Heart Doctors Favor Surgery and Drugs Over Diet?,1.0,1.0,0.9556,9020,2,835,12865,1.8344,0.000878,9
3,A,Scrambling,0.9,1.1,10,Phytates in Beans: Anti-Nutrient or Anti-Cancer?,1.0,1.0,1.0,8210,2,837,12680,2.164,0.000424,10
3,A,Scrambling,0.9,1.1,10,How Phytates Fight Cancer Cells,0.9,0.9399,1.0,8111,2,825,11809,2.164,0.000335,9
3,A,Scrambling,0.9,1.1,10,Colon Cancer Prevention: Is it the Fiber or the Phytates?,1.0,1.0,1.0,9038,2,812,12993,1.6094,0.001848,10
3,A,Scrambling,0.9,1.1,10,Low Carb Diets Found to Feed Heart Disease,1.0,1.0,0.9556,8976,2,828,13044,1.973,0.000362,9
3,A,Scrambling,0.9,1.1,10,How Curry Can Kill Cancer Cells,1.0,1.0,1.0,9069,2,815,14673,1.6094,0.000636,9
3,A,Scrambling,0.9,1.1,10,Testing Turmeric on Smokers,1.0,1.0,1.0,8841,2,845,13517,1.4185,0.003161,10
3,A,Scrambling,0.9,1.1,10,Alkylphenol Endocrine Disruptors and Allergies,1.0,1.0,1.0,8794,2,913,12813,1.4708,0.008035,10
3,A,Scrambling,0.9,1.1,10,Slowing Cognitive Decline with Berries,1.0,1.0,1.0,9357,2,825,13126,2.164,0.002724,10
3,A,Scrambling,0.9,1.1,10,What is ‘Meat Glue’?,1.0,1.0,1.0,9126,1,867,13225,1.8867,0.000914,10
3,A,Scrambling,0.9,1.1,10,Is Liquid Smoke Safe?,1.0,1.0,1.0,7970,1,835,11819,1.8344,0.002074,10
3,A,Scrambling,0.9,1.1,10,Does Antioxidant Intake Matter for Stroke and Heart Disease?,1.0,1.0,1.0,8596,1,801,12684,1.8344,0.003368,10
3,A,Scrambling,0.9,1.1,10,Does Antioxidant Intake Matter for Cancer?,1.0,1.0,1.0,8756,2,811,12662,1.6957,0.002813,10
3,A,Scrambling,0.9,1.1,10,Is buying organic worth it? A review of the science in new DVD,1.0,1.0,1.0,8799,2,863,12731,1.8867,0.003951,10
3,A,Scrambling,0.9,1.1,10,Orange Aromatherapy for Anxiety,1.0,1.0,1.0,8433,2,806,12615,1.8867,0.00319,10
3,A,Scrambling,0.9,1.1,10,Food Manufacturers Get to Decide if Their Own Additives Are Safe,1.0,1.0,1.0,7841,1,866,11872,1.8344,0.003727,10
3,A,Scrambling,0.9,1.1,10,Meat Industry Wins Right to Sell Tainted Meat,1.0,1.0,1.0,10218,2,818,14404,1.7481,0.00028,10
3,A,Scrambling,0.9,1.1,10,Chicken Salmonella Outbreaks Show Food Safety Systems Failure,1.0,1.0,1.0,8200,2,857,12430,2.3026,0.000682,10
3,A,Scrambling,0.9,1.1,10,Viral Food Poisoning from Pesticides?,1.0,1.0,1.0,8892,2,988,13055,2.0253,0.001973,10
3,A,Scrambling,0.9,1.1,10,The Reversal on Fish Oil,1.0,1.0,1.0,8262,2,804,15138,1.8867,0.001024,10
3,A,Scrambling,0.9,1.1,10,Are Multivitamins Just a Waste of Money?,1.0,1.0,1.0,8136,2,863,11425,1.8344,0.001774,10
3,A,Noise,0.9,1.1,10,Breast Cancer Cells Feed on Cholesterol,1.0,1.0,1.0,13007,13,856,16854,1.8344,0.003526,10
3,A,Noise,0.9,1.1,10,Using Diet to Treat Asthma and Eczema,1.0,1.0,0.9556,10056,3,841,13792,1.6957,0.002074,10
3,A,Noise,0.9,1.1,10,Treating Asthma With Plants vs. Pills,1.0,1.0,0.9111,9709,3,1059,13647,2.0253,0.000408,10
3,A,Noise,0.9,1.1,10,How Fruits and Vegetables Can Treat Asthma,0.9,0.9433,1.0,8232,2,973,11968,2.0253,0.00174,10
3,A,Noise,0.9,1.1,10,How Fruits and Vegetables Can Prevent Asthma,1.0,1.0,1.0,7722,2,929,11679,2.0253,0.001535,10
3,A,Noise,0.9,1.1,10,Our Tax Dollars Subsidize Unhealthy Foods,1.0,1.0,0.9111,8390,2,868,12217,1.6094,0.003175,9
3,A,Noise,0.9,1.1,10,Reducing Arsenic in Chicken and Rice,1.0,1.0,1.0,7527,2,868,11213,2.0253,0.009115,10
3,A,Noise,0.9,1.1,10,How Contaminated Are Our Children?,1.0,1.0,0.9556,6838,3,876,10305,2.164,0.000543,10
3,A,Noise,0.9,1.1,10,"Blood Type Diet Perceived as ""Crass Fraud""",1.0,1.0,1.0,8569,2,833,12290,1.4708,0.003218,10
3,A,Noise,0.9,1.1,10,Why Do Heart Doctors Favor Surgery and Drugs Over Diet?,1.0,1.0,0.9111,9690,3,879,13427,1.6434,0.000832,9
3,A,Noise,0.9,1.1,10,Phytates in Beans: Anti-Nutrient or Anti-Cancer?,1.0,0.9999,0.9111,8298,2,874,11127,2.0253,0.00043,10
3,A,Noise,0.9,1.1,10,How Phytates Fight Cancer Cells,0.9,0.9398,0.8889,7839,2,850,11428,2.0253,0.000332,10
3,A,Noise,0.9,1.1,10,Colon Cancer Prevention: Is it the Fiber or the Phytates?,1.0,1.0,0.9111,7782,2,852,11257,1.7481,0.001763,10
3,A,Noise,0.9,1.1,10,Low Carb Diets Found to Feed Heart Disease,1.0,1.0,0.8667,8705,3,815,11581,1.7481,0.000376,9
3,A,Noise,0.9,1.1,10,How Curry Can Kill Cancer Cells,1.0,0.9999,0.9111,8022,2,807,11617,1.6094,0.000668,9
3,A,Noise,0.9,1.1,10,Testing Turmeric on Smokers,1.0,1.0,0.9556,8099,2,853,11802,1.7481,0.003083,10
3,A,Noise,0.9,1.1,10,Alkylphenol Endocrine Disruptors and Allergies,0.9,0.9492,0.9444,7408,2,815,11115,1.4708,0.007983,10
3,A,Noise,0.9,1.1,10,Slowing Cognitive Decline with Berries,1.0,1.0,1.0,7565,2,835,11197,2.164,0.002665,10
3,A,Noise,0.9,1.1,10,What is ‘Meat Glue’?,1.0,1.0,0.9556,8044,2,852,11720,1.8867,0.000892,10
3,A,Noise,0.9,1.1,10,Is Liquid Smoke Safe?,1.0,0.9999,0.9111,7132,2,915,10810,1.8344,0.002114,9
3,A,Noise,0.9,1.1,10,Does Antioxidant Intake Matter for Stroke and Heart Disease?,1.0,1.0,0.9556,8399,2,825,12205,1.7481,0.003263,10
3,A,Noise,0.9,1.1,10,Does Antioxidant Intake Matter for Cancer?,1.0,1.0,1.0,7660,2,818,11253,1.8867,0.00282,10
3,A,Noise,0.9,1.1,10,Is buying organic worth it? A review of the science in new DVD,1.0,1.0,1.0,8069,3,842,11674,1.8867,0.003932,10
3,A,Noise,0.9,1.1,10,Orange Aromatherapy for Anxiety,1.0,1.0,1.0,8436,2,820,12303,1.8867,0.00304,10
3,A,Noise,0.9,1.1,10,Food Manufacturers Get to Decide if Their Own Additives Are Safe,1.0,1.0,1.0,8074,2,826,11502,1.6434,0.003566,10
3,A,Noise,0.9,1.1,10,Meat Industry Wins Right to Sell Tainted Meat,1.0,0.9999,0.8222,8237,3,878,11961,1.8344,0.00027,10
3,A,Noise,0.9,1.1,10,Chicken Salmonella Outbreaks Show Food Safety Systems Failure,1.0,1.0,1.0,7543,2,838,11118,2.3026,0.000665,10
3,A,Noise,0.9,1.1,10,Viral Food Poisoning from Pesticides?,1.0,0.9999,0.8667,7730,2,840,11217,1.973,0.001952,10
3,A,Noise,0.9,1.1,10,The Reversal on Fish Oil,0.9,0.9423,0.9444,9055,2,791,12704,1.8867,0.001051,10
3,A,Noise,0.9,1.1,10,Are Multivitamins Just a Waste of Money?,1.0,1.0,1.0,8559,2,846,11933,1.8344,0.001676,10
3,A,Combined,0.9,1.1,10,Breast Cancer Cells Feed on Cholesterol,1.0,1.0,1.0,13556,14,1329,18510,1.8344,0.003603,10
3,A,Combined,0.9,1.1,10,Using Diet to Treat Asthma and Eczema,1.0,1.0,1.0,9605,3,1134,13590,1.8344,0.002135,10
3,A,Combined,0.9,1.1,10,Treating Asthma With Plants vs. Pills,1.0,1.0,0.9556,9604,3,846,13278,2.164,0.000393,10
3,A,Combined,0.9,1.1,10,How Fruits and Vegetables Can Treat Asthma,1.0,1.0,1.0,8189,3,875,11928,2.164,0.001621,10
3,A,Combined,0.9,1.1,10,How Fruits and Vegetables Can Prevent Asthma,1.0,1.0,1.0,8851,2,825,12105,2.0253,0.001441,10
3,A,Combined,0.9,1.1,10,Our Tax Dollars Subsidize Unhealthy Foods,1.0,1.0,0.9556,7783,3,798,11293,1.4708,0.00313,10
3,A,Combined,0.9,1.1,10,Reducing Arsenic in Chicken and Rice,1.0,1.0,1.0,8524,3,805,12047,2.0253,0.009631,10
3,A,Combined,0.9,1.1,10,How Contaminated Are Our Children?,1.0,1.0,1.0,8123,3,810,10850,2.0253,0.000547,10
3,A,Combined,0.9,1.1,10,"Blood Type Diet Perceived as ""Crass Fraud""",1.0,1.0,0.9556,9194,3,807,12818,1.6094,0.003134,10
3,A,Combined,0.9,1.1,10,Why Do Heart Doctors Favor Surgery and Drugs Over Diet?,1.0,0.9999,0.8667,7488,3,824,11205,1.5048,0.000883,9
3,A,Combined,0.9,1.1,10,Phytates in Beans: Anti-Nutrient or Anti-Cancer?,1.0,1.0,0.9111,9154,3,883,12474,1.8867,0.000423,10
3,A,Combined,0.9,1.1,10,How Phytates Fight Cancer Cells,0.9,0.9399,0.9444,9154,2,790,13142,2.164,0.000339,10
3,A,Combined,0.9,1.1,10,Colon Cancer Prevention: Is it the Fiber or the Phytates?,1.0,1.0,0.8667,8306,3,851,11848,1.6094,0.001874,10
3,A,Combined,0.9,1.1,10,Low Carb Diets Found to Feed Heart Disease,1.0,1.0,0.8667,8831,3,844,12472,1.8344,0.000363,9
3,A,Combined,0.9,1.1,10,How Curry Can Kill Cancer Cells,1.0,1.0,0.9556,7138,3,808,10799,1.8344,0.000667,9
3,A,Combined,0.9,1.1,10,Testing Turmeric on Smokers,1.0,1.0,0.9111,8344,2,879,11989,1.4185,0.003136,10
3,A,Combined,0.9,1.1,10,Alkylphenol Endocrine Disruptors and Allergies,1.0,1.0,1.0,8597,3,835,11935,1.4708,0.007966,10
3,A,Combined,0.9,1.1,10,Slowing Cognitive Decline with Berries,1.0,1.0,1.0,7559,3,875,10228,2.164,0.002587,10
3,A,Combined,0.9,1.1,10,What is ‘Meat Glue’?,1.0,1.0,0.9556,7145,2,793,10145,2.0253,0.000925,10
3,A,Combined,0.9,1.1,10,Is Liquid Smoke Safe?,1.0,1.0,0.9111,9070,3,795,11636,1.8344,0.002125,10
3,A,Combined,0.9,1.1,10,Does Antioxidant Intake Matter for Stroke and Heart Disease?,0.9,0.9437,0.9444,8174,3,854,10800,1.8344,0.003288,10
3,A,Combined,0.9,1.1,10,Does Antioxidant Intake Matter for Cancer?,0.9,0.9435,1.0,8139,3,798,10648,2.0253,0.00277,10
3,A,Combined,0.9,1.1,10,Is buying organic worth it? A review of the science in new DVD,1.0,1.0,0.9556,8878,3,882,11395,1.6957,0.003984,10
3,A,Combined,0.9,1.1,10,Orange Aromatherapy for Anxiety,1.0,0.9999,0.9111,8807,3,1017,11416,2.164,0.00307,10
3,A,Combined,0.9,1.1,10,Food Manufacturers Get to Decide if Their Own Additives Are Safe,1.0,1.0,1.0,8753,2,869,11153,1.8867,0.003808,10
3,A,Combined,0.9,1.1,10,Meat Industry Wins Right to Sell Tainted Meat,1.0,1.0,0.9111,8464,3,850,10946,1.8344,0.000272,10
3,A,Combined,0.9,1.1,10,Chicken Salmonella Outbreaks Show Food Safety Systems Failure,1.0,1.0,1.0,8408,3,801,10991,2.3026,0.000737,10
3,A,Combined,0.9,1.1,10,Viral Food Poisoning from Pesticides?,1.0,1.0,1.0,7641,2,787,11374,1.973,0.001915,10
3,A,Combined,0.9,1.1,10,The Reversal on Fish Oil,0.9,0.9403,1.0,7173,3,816,10226,2.0253,0.001013,10
3,A,Combined,0.9,1.1,10,Are Multivitamins Just a Waste of Money?,1.0,0.9998,0.9111,8573,3,896,11190,1.8344,0.001773,10
3,A,Rome,1.0,1.0,10,Breast Cancer Cells Feed on Cholesterol,1.0,1.0,1.0,15716,46,1385,20551,2.0253,0.003559,10
3,A,Rome,1.0,1.0,10,Using Diet to Treat Asthma and Eczema,1.0,1.0,1.0,10139,35,1254,14387,1.8344,0.002109,10
3,A,Rome,1.0,1.0,10,Treating Asthma With Plants vs. Pills,1.0,1.0,1.0,9100,35,1355,13125,2.0253,0.000406,10
3,A,Rome,1.0,1.0,10,How Fruits and Vegetables Can Treat Asthma,1.0,1.0,1.0,9242,37,1215,13194,2.0253,0.001719,10
3,A,Rome,1.0,1.0,10,How Fruits and Vegetables Can Prevent Asthma,1.0,1.0,1.0,9915,36,1147,13919,2.0253,0.001538,10
3,A,Rome,1.0,1.0,10,Our Tax Dollars Subsidize Unhealthy Foods,1.0,1.0,1.0,8327,37,1256,12163,1.6094,0.003116,10
3,A,Rome,1.0,1.0,10,Reducing Arsenic in Chicken and Rice,1.0,1.0,1.0,9337,36,1131,13630,2.0253,0.009455,10
3,A,Rome,1.0,1.0,10,How Contaminated Are Our Children?,1.0,1.0,1.0,8321,42,1129,12241,2.3026,0.000587,10
3,A,Rome,1.0,1.0,10,"Blood Type Diet Perceived as ""Crass Fraud""",1.0,1.0,1.0,8819,36,1147,12893,1.3592,0.003264,10
3,A,Rome,1.0,1.0,10,Why Do Heart Doctors Favor Surgery and Drugs Over Diet?,1.0,1.0,1.0,8593,37,1145,12598,1.8344,0.000878,9
3,A,Rome,1.0,1.0,10,Phytates in Beans: Anti-Nutrient or Anti-Cancer?,1.0,1.0,1.0,7969,36,1134,12262,2.164,0.000424,10
3,A,Rome,1.0,1.0,10,How Phytates Fight Cancer Cells,1.0,1.0,1.0,9241,36,1130,12903,2.164,0.000335,9
3,A,Rome,1.0,1.0,10,Colon Cancer Prevention: Is it the Fiber or the Phytates?,1.0,1.0,1.0,9026,36,1147,13012,1.6094,0.001848,10
3,A,Rome,1.0,1.0,10,Low Carb Diets Found to Feed Heart Disease,1.0,1.0,1.0,8207,36,1184,12139,1.973,0.000362,9
3,A,Rome,1.0,1.0,10,How Curry Can Kill Cancer Cells,1.0,1.0,0.9556,8532,36,1104,12616,1.6094,0.000636,9
3,A,Rome,1.0,1.0,10,Testing Turmeric on Smokers,1.0,1.0,1.0,7535,35,1186,11451,1.4185,0.003161,10
3,A,Rome,1.0,1.0,10,Alkylphenol Endocrine Disruptors and Allergies,1.0,1.0,1.0,8460,36,1139,12503,1.4708,0.008035,10
3,A,Rome,1.0,1.0,10,Slowing Cognitive Decline with Berries,1.0,1.0,1.0,7799,36,1168,11773,2.164,0.002724,10
3,A,Rome,1.0,1.0,10,What is ‘Meat Glue’?,1.0,1.0,1.0,8132,36,1124,11945,1.8867,0.000914,10
3,A,Rome,1.0,1.0,10,Is Liquid Smoke Safe?,1.0,1.0,1.0,7749,35,1162,11778,1.8344,0.002074,10
3,A,Rome,1.0,1.0,10,Does Antioxidant Intake Matter for Stroke and Heart Disease?,1.0,1.0,1.0,8406,36,1142,12452,1.8344,0.003368,10
3,A,Rome,1.0,1.0,10,Does Antioxidant Intake Matter for Cancer?,1.0,1.0,1.0,8155,36,1090,12068,1.6957,0.002813,10
3,A,Rome,1.0,1.0,10,Is buying organic worth it? A review of the science in new DVD,1.0,1.0,1.0,8465,36,1209,12396,1.8867,0.003951,10
3,A,Rome,1.0,1.0,10,Orange Aromatherapy for Anxiety,1.0,1.0,1.0,9263,36,1202,13073,1.8867,0.00319,10
3,A,Rome,1.0,1.0,10,Food Manufacturers Get to Decide if Their Own Additives Are Safe,1.0,1.0,1.0,8992,35,1137,12921,1.8344,0.003727,10
3,A,Rome,1.0,1.0,10,Meat Industry Wins Right to Sell Tainted Meat,1.0,1.0,1.0,8275,36,1220,12560,1.7481,0.00028,10
3,A,Rome,1.0,1.0,10,Chicken Salmonella Outbreaks Show Food Safety Systems Failure,1.0,1.0,1.0,7744,36,1135,11669,2.3026,0.000682,10
3,A,Rome,1.0,1.0,10,Viral Food Poisoning from Pesticides?,1.0,1.0,1.0,7505,35,1129,11433,2.0253,0.001973,10
3,A,Rome,1.0,1.0,10,The Reversal on Fish Oil,1.0,1.0,1.0,7851,34,1115,11818,1.8867,0.001024,10
3,A,Rome,1.0,1.0,10,Are Multivitamins Just a Waste of Money?,1.0,1.0,1.0,8983,37,1240,13240,1.8344,0.001774,10
3,A,RomeCombined,0.9,1.1,10,Breast Cancer Cells Feed on Cholesterol,1.0,1.0,1.0,10496,45,1764,14852,2.0253,0.003557,10
3,A,RomeCombined,0.9,1.1,10,Using Diet to Treat Asthma and Eczema,1.0,1.0,0.9556,8360,37,1444,12359,1.7481,0.002034,10
3,A,RomeCombined,0.9,1.1,10,Treating Asthma With Plants vs. Pills,1.0,1.0,1.0,8605,53,1401,12606,2.164,0.000404,10
3,A,RomeCombined,0.9,1.1,10,How Fruits and Vegetables Can Treat Asthma,1.0,1.0,1.0,7905,37,1139,11782,2.0253,0.001734,10
3,A,RomeCombined,0.9,1.1,10,How Fruits and Vegetables Can Prevent Asthma,1.0,1.0,0.9556,7477,37,1180,11610,2.0253,0.001562,10
3,A,RomeCombined,0.9,1.1,10,Our Tax Dollars Subsidize Unhealthy Foods,1.0,1.0,1.0,9078,37,1139,13577,1.6094,0.003136,10
3,A,RomeCombined,0.9,1.1,10,Reducing Arsenic in Chicken and Rice,1.0,1.0,0.9556,7398,37,1125,11300,1.8867,0.00938,10
3,A,RomeCombined,0.9,1.1,10,How Contaminated Are Our Children?,1.0,1.0,0.9556,8540,40,1172,12292,1.973,0.000591,10
3,A,RomeCombined,0.9,1.1,10,"Blood Type Diet Perceived as ""Crass Fraud""",1.0,1.0,0.8667,7547,37,1129,11798,1.6094,0.003161,10
3,A,RomeCombined,0.9,1.1,10,Why Do Heart Doctors Favor Surgery and Drugs Over Diet?,1.0,1.0,0.9556,7284,37,1101,11142,1.4185,0.000865,9
3,A,RomeCombined,0.9,1.1,10,Phytates in Beans: Anti-Nutrient or Anti-Cancer?,1.0,0.9999,0.9111,7645,38,1100,11593,1.8867,0.00045,10
3,A,RomeCombined,0.9,1.1,10,How Phytates Fight Cancer Cells,0.9,0.9398,0.8889,7614,37,1118,11634,1.8867,0.000295,10
3,A,RomeCombined,0.9,1.1,10,Colon Cancer Prevention: Is it the Fiber or the Phytates?,1.0,1.0,0.9556,7722,36,1131,11660,1.6094,0.001746,10
3,A,RomeCombined,0.9,1.1,10,Low Carb Diets Found to Feed Heart Disease,1.0,1.0,0.8667,8420,38,1116,12349,1.973,0.000368,9
3,A,RomeCombined,0.9,1.1,10,How Curry Can Kill Cancer Cells,1.0,0.9999,0.9111,7405,37,1141,11494,1.7481,0.000644,9
3,A,RomeCombined,0.9,1.1,10,Testing Turmeric on Smokers,1.0,1.0,1.0,8171,37,1204,11351,1.6094,0.003202,10
3,A,RomeCombined,0.9,1.1,10,Alkylphenol Endocrine Disruptors and Allergies,1.0,1.0,0.9556,8275,36,1145,11091,1.4708,0.007898,10
3,A,RomeCombined,0.9,1.1,10,Slowing Cognitive Decline with Berries,1.0,1.0,1.0,8795,38,1130,12209,2.3026,0.002716,10
3,A,RomeCombined,0.9,1.1,10,What is ‘Meat Glue’?,1.0,0.9999,0.9111,8939,37,1178,11958,2.164,0.000977,10
3,A,RomeCombined,0.9,1.1,10,Is Liquid Smoke Safe?,1.0,1.0,1.0,7991,37,1103,10741,1.973,0.00204,10
3,A,RomeCombined,0.9,1.1,10,Does Antioxidant Intake Matter for Stroke and Heart Disease?,1.0,1.0,0.9556,7848,37,1197,11676,1.8344,0.003283,10
3,A,RomeCombined,0.9,1.1,10,Does Antioxidant Intake Matter for Cancer?,1.0,1.0,1.0,7858,38,1204,10824,1.8344,0.002736,10
3,A,RomeCombined,0.9,1.1,10,Is buying organic worth it? A review of the science in new DVD,1.0,1.0,1.0,9139,38,1153,11977,1.8867,0.003981,10
3,A,RomeCombined,0.9,1.1,10,Orange Aromatherapy for Anxiety,1.0,1.0,0.9556,8197,37,1134,11572,2.164,0.003213,10
3,A,RomeCombined,0.9,1.1,10,Food Manufacturers Get to Decide if Their Own Additives Are Safe,1.0,1.0,1.0,9071,37,1145,12775,1.8344,0.003727,10
3,A,RomeCombined,0.9,1.1,10,Meat Industry Wins Right to Sell Tainted Meat,1.0,1.0,0.8667,7909,37,1117,11569,1.6957,0.000275,9
3,A,RomeCombined,0.9,1.1,10,Chicken Salmonella Outbreaks Show Food Safety Systems Failure,1.0,1.0,1.0,8035,37,1074,11880,2.3026,0.00062,10
3,A,RomeCombined,0.9,1.1,10,Viral Food Poisoning from Pesticides?,1.0,1.0,0.9556,9297,37,1151,13235,1.8344,0.001854,10
3,A,RomeCombined,0.9,1.1,10,The Reversal on Fish Oil,1.0,1.0,1.0,8201,37,1127,12237,2.0253,0.000979,10
3,A,RomeCombined,0.9,1.1,10,Are Multivitamins Just a Waste of Money?,1.0,1.0,0.9556,8632,37,1221,12678,2.0253,0.001737,10
3,A,Romm,1.0,1.0,10,Breast Cancer Cells Feed on Cholesterol,1.0,1.0,1.0,10020,30,1094,13373,2.0253,0.003559,10
3,A,Romm,1.0,1.0,10,Using Diet to Treat Asthma and Eczema,1.0,1.0,1.0,9106,21,827,12674,1.8344,0.002109,10
3,A,Romm,1.0,1.0,10,Treating Asthma With Plants vs. Pills,1.0,1.0,1.0,9648,21,797,13247,2.0253,0.000406,10
3,A,Romm,1.0,1.0,10,How Fruits and Vegetables Can Treat Asthma,1.0,1.0,1.0,8898,20,818,12596,2.0253,0.001719,10
3,A,Romm,1.0,1.0,10,How Fruits and Vegetables Can Prevent Asthma,1.0,1.0,1.0,8374,22,839,11509,2.0253,0.001538,10
3,A,Romm,1.0,1.0,10,Our Tax Dollars Subsidize Unhealthy Foods,1.0,1.0,1.0,8611,21,875,11584,1.6094,0.003116,10
3,A,Romm,1.0,1.0,10,Reducing Arsenic in Chicken and Rice,1.0,1.0,1.0,8938,21,832,12440,2.0253,0.009455,10
3,A,Romm,1.0,1.0,10,How Contaminated Are Our Children?,1.0,1.0,1.0,9125,21,796,12694,2.3026,0.000587,10
3,A,Romm,1.0,1.0,10,"Blood Type Diet Perceived as ""Crass Fraud""",1.0,1.0,1.0,8488,21,874,11619,1.3592,0.003264,10
3,A,Romm,1.0,1.0,10,Why Do Heart Doctors Favor Surgery and Drugs Over Diet?,1.0,1.0,0.9556,9073,21,837,12492,1.8344,0.000878,9
3,A,Romm,1.0,1.0,10,Phytates in Beans: Anti-Nutrient or Anti-Cancer?,1.0,1.0,1.0,8410,22,842,11739,2.164,0.000424,10
3,A,Romm,1.0,1.0,10,How Phytates Fight Cancer Cells,1.0,1.0,1.0,8142,21,832,11245,2.164,0.000335,9
3,A,Romm,1.0,1.0,10,Colon Cancer Prevention: Is it the Fiber or the Phytates?,1.0,1.0,1.0,8184,21,865,11820,1.6094,0.001848,10
3,A,Romm,1.0,1.0,10,Low Carb Diets Found to Feed Heart Disease,1.0,1.0,0.9556,8922,21,838,12668,1.973,0.000362,9
3,A,Romm,1.0,1.0,10,How Curry Can Kill Cancer Cells,1.0,1.0,1.0,8852,20,860,12558,1.6094,0.000636,9
3,A,Romm,1.0,1.0,10,Testing Turmeric on Smokers,1.0,1.0,1.0,8507,21,837,12137,1.4185,0.003161,10
3,A,Romm,1.0,1.0,10,Alkylphenol Endocrine Disruptors and Allergies,1.0,1.0,1.0,8421,21,863,12068,1.4708,0.008035,10
3,A,Romm,1.0,1.0,10,Slowing Cognitive Decline with Berries,1.0,1.0,1.0,8849,21,844,12231,2.164,0.002724,10
3,A,Romm,1.0,1.0,10,What is ‘Meat Glue’?,1.0,1.0,1.0,8583,22,801,12244,1.8867,0.000914,10
3,A,Romm,1.0,1.0,10,Is Liquid Smoke Safe?,1.0,1.0,1.0,7462,21,850,10941,1.8344,0.002074,10
3,A,Romm,1.0,1.0,10,Does Antioxidant Intake Matter for Stroke and Heart Disease?,1.0,1.0,1.0,8871,21,869,12576,1.8344,0.003368,10
3,A,Romm,1.0,1.0,10,Does Antioxidant Intake Matter for Cancer?,1.0,1.0,1.0,8200,21,834,11802,1.6957,0.002813,10
3,A,Romm,1.0,1.0,10,Is buying organic worth it? A review of the science in new DVD,1.0,1.0,1.0,7923,23,878,11424,1.8867,0.003951,10
3,A,Romm,1.0,1.0,10,Orange Aromatherapy for Anxiety,1.0,1.0,1.0,8627,21,854,12154,1.8867,0.00319,10
3,A,Romm,1.0,1.0,10,Food Manufacturers Get to Decide if Their Own Additives Are Safe,1.0,1.0,1.0,9230,20,793,12922,1.8344,0.003727,10
3,A,Romm,1.0,1.0,10,Meat Industry Wins Right to Sell Tainted Meat,1.0,1.0,1.0,5668,21,853,9396,1.7481,0.00028,10
3,A,Romm,1.0,1.0,10,Chicken Salmonella Outbreaks Show Food Safety Systems Failure,1.0,1.0,1.0,7025,21,920,10232,2.3026,0.000682,10
3,A,Romm,1.0,1.0,10,Viral Food Poisoning from Pesticides?,1.0,1.0,1.0,8179,21,847,11472,2.0253,0.001973,10
3,A,Romm,1.0,1.0,10,The Reversal on Fish Oil,1.0,1.0,1.0,7528,21,852,10552,1.8867,0.001024,10
3,A,Romm,1.0,1.0,10,Are Multivitamins Just a Waste of Money?,1.0,1.0,1.0,8615,21,829,12101,1.8344,0.001774,10
3,A,RommCombined,0.9,1.1,10,Breast Cancer Cells Feed on Cholesterol,1.0,1.0,0.9556,16865,54,1440,23001,2.0253,0.003525,10
3,A,RommCombined,0.9,1.1,10,Using Diet to Treat Asthma and Eczema,1.0,0.9999,0.8667,13098,32,1174,17765,1.8344,0.001995,10
3,A,RommCombined,0.9,1.1,10,Treating Asthma With Plants vs. Pills,1.0,1.0,1.0,10157,27,1003,15140,2.164,0.000395,10
3,A,RommCombined,0.9,1.1,10,How Fruits and Vegetables Can Treat Asthma,1.0,0.9999,0.9556,9240,24,923,13466,2.0253,0.001675,10
3,A,RommCombined,0.9,1.1,10,How Fruits and Vegetables Can Prevent Asthma,1.0,1.0,0.9556,10041,23,863,14190,2.0253,0.001498,10
3,A,RommCombined,0.9,1.1,10,Our Tax Dollars Subsidize Unhealthy Foods,1.0,1.0,0.9556,9330,23,846,13426,1.7481,0.003048,10
3,A,RommCombined,0.9,1.1,10,Reducing Arsenic in Chicken and Rice,1.0,1.0,1.0,8026,23,845,12076,2.0253,0.009381,10
3,A,RommCombined,0.9,1.1,10,How Contaminated Are Our Children?,1.0,1.0,1.0,7971,24,833,13304,2.164,0.000549,10
3,A,RommCombined,0.9,1.1,10,"Blood Type Diet Perceived as ""Crass Fraud""",1.0,1.0,1.0,7890,22,863,11631,1.6094,0.003319,10
3,A,RommCombined,0.9,1.1,10,Why Do Heart Doctors Favor Surgery and Drugs Over Diet?,1.0,1.0,1.0,8994,24,828,12309,1.6957,0.000919,8
3,A,RommCombined,0.9,1.1,10,Phytates in Beans: Anti-Nutrient or Anti-Cancer?,1.0,1.0,1.0,9930,22,832,13067,1.8867,0.000416,10
3,A,RommCombined,0.9,1.1,10,How Phytates Fight Cancer Cells,0.9,0.9399,1.0,9373,25,826,12349,2.0253,0.000327,10
3,A,RommCombined,0.9,1.1,10,Colon Cancer Prevention: Is it the Fiber or the Phytates?,1.0,1.0,0.9556,9135,24,834,11860,1.973,0.001778,10
3,A,RommCombined,0.9,1.1,10,Low Carb Diets Found to Feed Heart Disease,1.0,0.9999,0.7778,8765,21,837,11546,1.8344,0.000359,9
3,A,RommCombined,0.9,1.1,10,How Curry Can Kill Cancer Cells,1.0,1.0,1.0,8625,24,848,11360,1.8344,0.000609,9
3,A,RommCombined,0.9,1.1,10,Testing Turmeric on Smokers,1.0,1.0,1.0,8791,22,870,11452,1.8344,0.003138,10
3,A,RommCombined,0.9,1.1,10,Alkylphenol Endocrine Disruptors and Allergies,1.0,1.0,0.9556,8272,23,837,10899,1.4708,0.00784,10
3,A,RommCombined,0.9,1.1,10,Slowing Cognitive Decline with Berries,1.0,1.0,1.0,7619,21,846,10307,2.164,0.002805,10
3,A,RommCombined,0.9,1.1,10,What is ‘Meat Glue’?,1.0,1.0,0.9111,8301,23,827,10921,2.0253,0.000859,10
3,A,RommCombined,0.9,1.1,10,Is Liquid Smoke Safe?,1.0,0.9999,0.9111,8336,22,846,11884,1.8344,0.002135,10
3,A,RommCombined,0.9,1.1,10,Does Antioxidant Intake Matter for Stroke and Heart Disease?,1.0,1.0,0.9556,8656,22,822,12340,1.8344,0.003391,10
3,A,RommCombined,0.9,1.1,10,Does Antioxidant Intake Matter for Cancer?,1.0,1.0,1.0,7766,24,842,11968,1.8344,0.002791,10
3,A,RommCombined,0.9,1.1,10,Is buying organic worth it? A review of the science in new DVD,1.0,1.0,0.9556,9307,25,838,13394,1.8867,0.003825,10
3,A,RommCombined,0.9,1.1,10,Orange Aromatherapy for Anxiety,1.0,1.0,0.9556,8264,24,839,11981,1.8867,0.003291,10
3,A,RommCombined,0.9,1.1,10,Food Manufacturers Get to Decide if Their Own Additives Are Safe,1.0,1.0,1.0,8029,24,836,13563,1.6434,0.003624,10
3,A,RommCombined,0.9,1.1,10,Meat Industry Wins Right to Sell Tainted Meat,1.0,0.9999,0.7333,9621,24,821,14765,1.6957,0.000289,9
3,A,RommCombined,0.9,1.1,10,Chicken Salmonella Outbreaks Show Food Safety Systems Failure,1.0,1.0,1.0,8282,25,824,11310,2.164,0.000658,10
3,A,RommCombined,0.9,1.1,10,Viral Food Poisoning from Pesticides?,1.0,1.0,1.0,8710,24,832,11407,1.8344,0.001924,10
3,A,RommCombined,0.9,1.1,10,The Reversal on Fish Oil,0.9,0.9423,0.9444,8767,23,855,11446,2.0253,0.000983,10
3,A,RommCombined,0.9,1.1,10,Are Multivitamins Just a Waste of Money?,1.0,1.0,1.0,7820,23,831,11060,1.8344,0.001785,10
3,A,Diehard,1.0,1.0,10,Breast Cancer Cells Feed on Cholesterol,1.0,1.0,1.0,18466,65,1002,23335,2.0253,0.003559,10
3,A,Diehard,1.0,1.0,10,Using Diet to Treat Asthma and Eczema,1.0,1.0,1.0,12505,41,834,16842,1.8344,0.002109,10
3,A,Diehard,1.0,1.0,10,Treating Asthma With Plants vs. Pills,1.0,1.0,1.0,11026,34,723,15130,2.0253,0.000406,10
3,A,Diehard,1.0,1.0,10,How Fruits and Vegetables Can Treat Asthma,1.0,1.0,1.0,9167,30,675,13077,2.0253,0.001719,10
3,A,Diehard,1.0,1.0,10,How Fruits and Vegetables Can Prevent Asthma,1.0,1.0,1.0,7763,31,624,12291,2.0253,0.001538,10
3,A,Diehard,1.0,1.0,10,Our Tax Dollars Subsidize Unhealthy Foods,1.0,1.0,1.0,8818,27,644,12547,1.6094,0.003116,10
3,A,Diehard,1.0,1.0,10,Reducing Arsenic in Chicken and Rice,1.0,1.0,1.0,7463,30,595,10912,2.0253,0.009455,10
3,A,Diehard,1.0,1.0,10,How Contaminated Are Our Children?,1.0,1.0,1.0,11198,28,613,14016,2.3026,0.000587,10
3,A,Diehard,1.0,1.0,10,"Blood Type Diet Perceived as ""Crass Fraud""",1.0,1.0,1.0,7505,30,622,20027,1.3592,0.003264,10
3,A,Diehard,1.0,1.0,10,Why Do Heart Doctors Favor Surgery and Drugs Over Diet?,1.0,1.0,1.0,10141,29,610,12683,1.8344,0.000878,9
3,A,Diehard,1.0,1.0,10,Phytates in Beans: Anti-Nutrient or Anti-Cancer?,1.0,1.0,1.0,7453,27,612,10061,2.164,0.000424,10
3,A,Diehard,1.0,1.0,10,How Phytates Fight Cancer Cells,1.0,1.0,1.0,9267,28,589,11974,2.164,0.000335,9
3,A,Diehard,1.0,1.0,10,Colon Cancer Prevention: Is it the Fiber or the Phytates?,1.0,1.0,1.0,8535,29,625,12859,1.6094,0.001848,10
3,A,Diehard,1.0,1.0,10,Low Carb Diets Found to Feed Heart Disease,1.0,1.0,1.0,8809,27,600,12053,1.973,0.000362,9
3,A,Diehard,1.0,1.0,10,How Curry Can Kill Cancer Cells,1.0,1.0,0.9556,7958,28,618,12067,1.6094,0.000636,9
3,A,Diehard,1.0,1.0,10,Testing Turmeric on Smokers,1.0,1.0,1.0,7604,29,609,10575,1.4185,0.003161,10
3,A,Diehard,1.0,1.0,10,Alkylphenol Endocrine Disruptors and Allergies,1.0,1.0,1.0,7286,30,641,9954,1.4708,0.008035,10
3,A,Diehard,1.0,1.0,10,Slowing Cognitive Decline with Berries,1.0,1.0,1.0,8175,27,605,10573,2.164,0.002724,10
3,A,Diehard,1.0,1.0,10,What is ‘Meat Glue’?,1.0,1.0,1.0,9560,28,614,12049,1.8867,0.000914,10
3,A,Diehard,1.0,1.0,10,Is Liquid Smoke Safe?,1.0,1.0,1.0,7913,27,614,10341,1.8344,0.002074,10
3,A,Diehard,1.0,1.0,10,Does Antioxidant Intake Matter for Stroke and Heart Disease?,1.0,1.0,1.0,8682,27,649,11142,1.8344,0.003368,10
3,A,Diehard,1.0,1.0,10,Does Antioxidant Intake Matter for Cancer?,1.0,1.0,1.0,7824,29,634,10231,1.6957,0.002813,10
3,A,Diehard,1.0,1.0,10,Is buying organic worth it? A review of the science in new DVD,1.0,1.0,1.0,7706,29,631,10403,1.8867,0.003951,10
3,A,Diehard,1.0,1.0,10,Orange Aromatherapy for Anxiety,1.0,1.0,1.0,7442,27,613,9842,1.8867,0.00319,10
3,A,Diehard,1.0,1.0,10,Food Manufacturers Get to Decide if Their Own Additives Are Safe,1.0,1.0,1.0,8715,27,634,12021,1.8344,0.003727,10
3,A,Diehard,1.0,1.0,10,Meat Industry Wins Right to Sell Tainted Meat,1.0,1.0,1.0,8116,28,605,11929,1.7481,0.00028,10
3,A,Diehard,1.0,1.0,10,Chicken Salmonella Outbreaks Show Food Safety Systems Failure,1.0,1.0,1.0,8472,29,617,11834,2.3026,0.000682,10
3,A,Diehard,1.0,1.0,10,Viral Food Poisoning from Pesticides?,1.0,1.0,1.0,8396,30,611,12316,2.0253,0.001973,10
3,A,Diehard,1.0,1.0,10,The Reversal on Fish Oil,1.0,1.0,1.0,8242,30,613,11554,1.8867,0.001024,10
3,A,Diehard,1.0,1.0,10,Are Multivitamins Just a Waste of Money?,1.0,1.0,1.0,8224,29,613,12215,1.8344,0.001774,10
3,A,DiehardCombined,0.9,1.1,10,Breast Cancer Cells Feed on Cholesterol,1.0,0.995,0.6,18888,65,1009,22423,2.0253,1.6e-05,9
3,A,DiehardCombined,0.9,1.1,10,Using Diet to Treat Asthma and Eczema,0.7,0.8043,0.4286,12701,39,774,16302,1.6957,2.4e-05,9
3,A,DiehardCombined,0.9,1.1,10,Treating Asthma With Plants vs. Pills,1.0,0.9987,0.4667,11419,36,710,14624,1.8867,4e-06,9
3,A,DiehardCombined,0.9,1.1,10,How Fruits and Vegetables Can Treat Asthma,0.5,0.6638,0.4,11434,30,660,14663,2.164,1.3e-05,9
3,A,DiehardCombined,0.9,1.1,10,How Fruits and Vegetables Can Prevent Asthma,0.7,0.776,0.4286,9982,30,610,13155,1.8344,1.3e-05,9
3,A,DiehardCombined,0.9,1.1,10,Our Tax Dollars Subsidize Unhealthy Foods,0.8,0.8346,0.5,8512,31,618,11471,2.0253,1.3e-05,10
3,A,DiehardCombined,0.9,1.1,10,Reducing Arsenic in Chicken and Rice,0.9,0.95,0.8889,7938,28,603,10807,2.0253,9.9e-05,10
3,A,DiehardCombined,0.9,1.1,10,How Contaminated Are Our Children?,0.6,0.6949,0.3333,7539,29,597,11200,1.8344,6e-06,10
3,A,DiehardCombined,0.9,1.1,10,"Blood Type Diet Perceived as ""Crass Fraud""",0.5,0.6749,0.8,8968,28,654,12065,1.4185,1.6e-05,10
3,A,DiehardCombined,0.9,1.1,10,Why Do Heart Doctors Favor Surgery and Drugs Over Diet?,0.8,0.846,0.2143,9402,30,581,11873,1.8867,4e-06,9
3,A,DiehardCombined,0.9,1.1,10,Phytates in Beans: Anti-Nutrient or Anti-Cancer?,0.6,0.7027,0.7333,8639,29,670,11689,1.8344,1.2e-05,10
3,A,DiehardCombined,0.9,1.1,10,How Phytates Fight Cancer Cells,0.8,0.8524,0.2857,9541,30,635,17379,1.8867,2e-06,8
3,A,DiehardCombined,0.9,1.1,10,Colon Cancer Prevention: Is it the Fiber or the Phytates?,0.8,0.8497,0.5714,9159,30,610,12718,1.973,9e-06,10
3,A,DiehardCombined,0.9,1.1,10,Low Carb Diets Found to Feed Heart Disease,0.4,0.563,0.0,8962,31,622,11968,1.8867,3e-06,7
3,A,DiehardCombined,0.9,1.1,10,How Curry Can Kill Cancer Cells,0.8,0.8387,0.5,9123,28,624,12060,1.8344,5e-06,8
3,A,DiehardCombined,0.9,1.1,10,Testing Turmeric on Smokers,0.8,0.8847,0.6429,7849,30,601,10880,1.973,2.2e-05,10
3,A,DiehardCombined,0.9,1.1,10,Alkylphenol Endocrine Disruptors and Allergies,0.8,0.8857,0.9286,8714,30,614,14775,1.973,6.3e-05,10
3,A,DiehardCombined,0.9,1.1,10,Slowing Cognitive Decline with Berries,0.9,0.9404,0.6667,8168,30,653,11219,2.0253,2.9e-05,10
3,A,DiehardCombined,0.9,1.1,10,What is ‘Meat Glue’?,0.9,0.9411,0.7222,8396,29,636,11678,2.0253,9e-06,10
3,A,DiehardCombined,0.9,1.1,10,Is Liquid Smoke Safe?,0.8,0.8818,0.6429,8172,30,611,13127,2.0253,1.7e-05,10
3,A,DiehardCombined,0.9,1.1,10,Does Antioxidant Intake Matter for Stroke and Heart Disease?,0.7,0.7473,0.5238,8610,28,615,11982,1.6434,7e-06,9
3,A,DiehardCombined,0.9,1.1,10,Does Antioxidant Intake Matter for Cancer?,0.8,0.8615,0.6429,10795,31,625,13720,2.0253,6e-06,9
3,A,DiehardCombined,0.9,1.1,10,Is buying organic worth it? A review of the science in new DVD,0.8,0.8916,0.7857,8922,29,619,11949,2.0253,3.6e-05,10
3,A,DiehardCombined,0.9,1.1,10,Orange Aromatherapy for Anxiety,0.9,0.943,0.6667,8306,28,617,12629,2.0253,4.3e-05,10
3,A,DiehardCombined,0.9,1.1,10,Food Manufacturers Get to Decide if Their Own Additives Are Safe,0.8,0.8857,0.6429,9077,28,615,12518,1.8867,2.3e-05,8
3,A,DiehardCombined,0.9,1.1,10,Meat Industry Wins Right to Sell Tainted Meat,0.7,0.8036,0.2381,7943,30,625,10638,1.973,2e-06,10
3,A,DiehardCombined,0.9,1.1,10,Chicken Salmonella Outbreaks Show Food Safety Systems Failure,0.9,0.9182,0.3333,9443,28,618,12416,2.164,4e-06,10
3,A,DiehardCombined,0.9,1.1,10,Viral Food Poisoning from Pesticides?,0.8,0.8621,0.5714,8104,30,616,11492,1.8344,1.4e-05,9
3,A,DiehardCombined,0.9,1.1,10,The Reversal on Fish Oil,0.7,0.7902,0.7143,8984,31,619,11890,1.6957,1.2e-05,10
3,A,DiehardCombined,0.9,1.1,10,Are Multivitamins Just a Waste of Money?,1.0,0.9949,0.6889,9097,30,625,13588,2.164,1.1e-05,9
3,A,Ckks,1.0,1.0,10,Breast Cancer Cells Feed on Cholesterol,1.0,1.0,1.0,15953,7267,4195456,4221962,2.0253,0.003559,10
3,A,Ckks,1.0,1.0,10,Using Diet to Treat Asthma and Eczema,1.0,1.0,1.0,9032,3946,4212311,4229215,1.8344,0.002109,10
3,A,Ckks,1.0,1.0,10,Treating Asthma With Plants vs. Pills,1.0,1.0,1.0,9843,3780,4226484,4243912,2.0253,0.000406,10
3,A,Ckks,1.0,1.0,10,How Fruits and Vegetables Can Treat Asthma,1.0,1.0,1.0,8943,4263,4250042,4266224,2.0253,0.001719,10
3,A,Ckks,1.0,1.0,10,How Fruits and Vegetables Can Prevent Asthma,1.0,1.0,1.0,8134,4219,4260928,4276872,2.0253,0.001538,10
3,A,Ckks,1.0,1.0,10,Our Tax Dollars Subsidize Unhealthy Foods,1.0,1.0,1.0,9375,3984,4269743,4287026,1.6094,0.003116,10
3,A,Ckks,1.0,1.0,10,Reducing Arsenic in Chicken and Rice,1.0,1.0,1.0,8584,4065,4282816,4299393,2.0253,0.009455,10
3,A,Ckks,1.0,1.0,10,How Contaminated Are Our Children?,1.0,1.0,1.0,9945,4183,4276630,4294385,2.3026,0.000587,10
3,A,Ckks,1.0,1.0,10,"Blood Type Diet Perceived as ""Crass Fraud""",1.0,1.0,1.0,8316,4182,4311922,4327325,1.3592,0.003264,10
3,A,Ckks,1.0,1.0,10,Why Do Heart Doctors Favor Surgery and Drugs Over Diet?,1.0,1.0,1.0,8897,4015,4274007,4290749,1.8344,0.000878,9
3,A,Ckks,1.0,1.0,10,Phytates in Beans: Anti-Nutrient or Anti-Cancer?,1.0,1.0,1.0,9851,4096,4305523,4323195,2.164,0.000424,10
3,A,Ckks,1.0,1.0,10,How Phytates Fight Cancer Cells,0.9,0.9399,1.0,8507,3914,4303413,4319522,2.164,0.000335,9
3,A,Ckks,1.0,1.0,10,Colon Cancer Prevention: Is it the Fiber or the Phytates?,1.0,1.0,1.0,8134,4102,4308329,4324404,1.6094,0.001848,10
3,A,Ckks,1.0,1.0,10,Low Carb Diets Found to Feed Heart Disease,1.0,1.0,0.9556,9750,4207,4308307,4325755,1.973,0.000362,9
3,A,Ckks,1.0,1.0,10,How Curry Can Kill Cancer Cells,1.0,1.0,1.0,8722,4453,4324066,4339484,1.6094,0.000636,9
3,A,Ckks,1.0,1.0,10,Testing Turmeric on Smokers,1.0,1.0,1.0,8877,4124,4306816,4323290,1.4185,0.003161,10
3,A,Ckks,1.0,1.0,10,Alkylphenol Endocrine Disruptors and Allergies,1.0,1.0,1.0,8728,4329,4323209,4340106,1.4708,0.008035,10
3,A,Ckks,1.0,1.0,10,Slowing Cognitive Decline with Berries,1.0,1.0,1.0,8560,4048,4310557,4327528,2.164,0.002724,10
3,A,Ckks,1.0,1.0,10,What is ‘Meat Glue’?,1.0,1.0,1.0,7900,4336,4335481,4351801,1.8867,0.000914,10
3,A,Ckks,1.0,1.0,10,Is Liquid Smoke Safe?,1.0,1.0,1.0,8993,4334,4306057,4322495,1.8344,0.002074,10
3,A,Ckks,1.0,1.0,10,Does Antioxidant Intake Matter for Stroke and Heart Disease?,1.0,1.0,1.0,7940,4387,4326814,4342857,1.8344,0.003368,10
3,A,Ckks,1.0,1.0,10,Does Antioxidant Intake Matter for Cancer?,1.0,1.0,1.0,9253,4211,4317225,4332837,1.6957,0.002813,10
3,A,Ckks,1.0,1.0,10,Is buying organic worth it? A review of the science in new DVD,1.0,1.0,1.0,9305,4386,4297476,4314456,1.8867,0.003951,10
3,A,Ckks,1.0,1.0,10,Orange Aromatherapy for Anxiety,1.0,1.0,1.0,8814,3535,4274822,4292004,1.8867,0.00319,10
3,A,Ckks,1.0,1.0,10,Food Manufacturers Get to Decide if Their Own Additives Are Safe,1.0,1.0,1.0,9858,3811,4310270,4327729,1.8344,0.003727,10
3,A,Ckks,1.0,1.0,10,Meat Industry Wins Right to Sell Tainted Meat,1.0,1.0,1.0,8116,4282,4330937,4346108,1.7481,0.00028,10
3,A,Ckks,1.0,1.0,10,Chicken Salmonella Outbreaks Show Food Safety Systems Failure,1.0,1.0,1.0,8015,4391,4298287,4314463,2.3026,0.000682,10
3,A,Ckks,1.0,1.0,10,Viral Food Poisoning from Pesticides?,1.0,1.0,1.0,8535,3227,4283776,4299204,2.0253,0.001973,10
3,A,Ckks,1.0,1.0,10,The Reversal on Fish Oil,1.0,1.0,1.0,9636,4078,4268439,4285387,1.8867,0.001024,10
3,A,Ckks,1.0,1.0,10,Are Multivitamins Just a Waste of Money?,1.0,1.0,1.0,9505,4221,4273392,4290847,1.8344,0.001774,10
3,A,CkksCombined,0.9,1.1,10,Breast Cancer Cells Feed on Cholesterol,1.0,1.0,0.9556,17114,8065,4180158,4209533,1.8867,0.003437,10
3,A,CkksCombined,0.9,1.1,10,Using Diet to Treat Asthma and Eczema,1.0,1.0,1.0,8814,4119,4156354,4171679,1.8344,0.002116,10
3,A,CkksCombined,0.9,1.1,10,Treating Asthma With Plants vs. Pills,1.0,1.0,1.0,8965,4058,4188164,4204776,2.0253,0.000396,10
3,A,CkksCombined,0.9,1.1,10,How Fruits and Vegetables Can Treat Asthma,1.0,1.0,1.0,9160,4151,4202031,4219000,2.164,0.001691,10
3,A,CkksCombined,0.9,1.1,10,How Fruits and Vegetables Can Prevent Asthma,1.0,0.9999,0.9556,9220,4285,4194670,4211981,1.6957,0.001492,10
3,A,CkksCombined,0.9,1.1,10,Our Tax Dollars Subsidize Unhealthy Foods,0.9,0.9445,1.0,9213,4282,4159834,4177800,1.6094,0.003081,10
3,A,CkksCombined,0.9,1.1,10,Reducing Arsenic in Chicken and Rice,1.0,1.0,1.0,9282,3857,4149305,4166270,2.0253,0.009523,10
3,A,CkksCombined,0.9,1.1,10,How Contaminated Are Our Children?,1.0,1.0,0.9556,9428,4283,4199268,4216968,2.0253,0.000561,10
3,A,CkksCombined,0.9,1.1,10,"Blood Type Diet Perceived as ""Crass Fraud""",1.0,1.0,0.9556,9797,4375,4203156,4220992,1.4708,0.003264,9
3,A,CkksCombined,0.9,1.1,10,Why Do Heart Doctors Favor Surgery and Drugs Over Diet?,1.0,1.0,0.9111,9495,4071,4212209,4229890,1.8867,0.000834,9
3,A,CkksCombined,0.9,1.1,10,Phytates in Beans: Anti-Nutrient or Anti-Cancer?,1.0,0.9998,0.8222,9929,4376,4226525,4244744,1.6957,0.000461,9
3,A,CkksCombined,0.9,1.1,10,How Phytates Fight Cancer Cells,0.9,0.9399,1.0,10181,4345,4249970,4268180,2.3026,0.000316,10
3,A,CkksCombined,0.9,1.1,10,Colon Cancer Prevention: Is it the Fiber or the Phytates?,1.0,1.0,1.0,9404,4369,4269564,4285505,1.8344,0.001756,10
3,A,CkksCombined,0.9,1.1,10,Low Carb Diets Found to Feed Heart Disease,0.9,0.9404,0.9444,9239,4361,4283763,4301170,2.0253,0.000365,9
3,A,CkksCombined,0.9,1.1,10,How Curry Can Kill Cancer Cells,1.0,1.0,0.8667,8566,3981,4275758,4291363,1.6957,0.000668,9
3,A,CkksCombined,0.9,1.1,10,Testing Turmeric on Smokers,0.9,0.9455,1.0,8967,3988,4280658,4297378,1.6094,0.003322,10
3,A,CkksCombined,0.9,1.1,10,Alkylphenol Endocrine Disruptors and Allergies,1.0,1.0,0.9556,9506,4212,4298387,4314310,1.4708,0.007934,10
3,A,CkksCombined,0.9,1.1,10,Slowing Cognitive Decline with Berries,1.0,1.0,1.0,9204,4241,4320275,4337892,2.164,0.002744,10
3,A,CkksCombined,0.9,1.1,10,What is ‘Meat Glue’?,1.0,0.9999,0.9111,9531,3571,4302523,4319414,1.8867,0.0009,10
3,A,CkksCombined,0.9,1.1,10,Is Liquid Smoke Safe?,1.0,1.0,1.0,7907,4344,4338992,4355701,2.0253,0.002049,10
3,A,CkksCombined,0.9,1.1,10,Does Antioxidant Intake Matter for Stroke and Heart Disease?,1.0,1.0,1.0,8909,4317,4355595,4372157,1.8344,0.003527,10
3,A,CkksCombined,0.9,1.1,10,Does Antioxidant Intake Matter for Cancer?,1.0,1.0,0.9556,9151,4001,4334062,4351639,1.6957,0.002881,10
3,A,CkksCombined,0.9,1.1,10,Is buying organic worth it? A review of the science in new DVD,1.0,1.0,0.9556,9281,4231,4345684,4362974,1.8867,0.003912,10
3,A,CkksCombined,0.9,1.1,10,Orange Aromatherapy for Anxiety,1.0,1.0,0.9556,9999,4314,4367958,4386032,2.164,0.003224,10
3,A,CkksCombined,0.9,1.1,10,Food Manufacturers Get to Decide if Their Own Additives Are Safe,1.0,1.0,0.9556,8916,4389,4367341,4384050,1.8867,0.003774,10
3,A,CkksCombined,0.9,1.1,10,Meat Industry Wins Right to Sell Tainted Meat,1.0,1.0,0.8667,9739,4041,4364128,4381164,1.8344,0.000259,9
3,A,CkksCombined,0.9,1.1,10,Chicken Salmonella Outbreaks Show Food Safety Systems Failure,1.0,1.0,1.0,8457,4440,4388150,4404961,2.3026,0.000695,10
3,A,CkksCombined,0.9,1.1,10,Viral Food Poisoning from Pesticides?,0.9,0.9432,1.0,8259,4374,4374354,4390797,1.8867,0.00203,10
3,A,CkksCombined,0.9,1.1,10,The Reversal on Fish Oil,0.9,0.9403,1.0,9655,4416,4368252,4384813,2.164,0.000996,10
3,A,CkksCombined,0.9,1.1,10,Are Multivitamins Just a Waste of Money?,1.0,1.0,1.0,9462,4466,4379986,4395934,1.8344,0.001759,10
4,A,Scrambling,0.9,1.1,10,Breast Cancer Cells Feed on Cholesterol,1.0,1.0,1.0,10614,13,1021,16333,2.0253,0.003559,10
4,A,Scrambling,0.9,1.1,10,Using Diet to Treat Asthma and Eczema,1.0,1.0,1.0,10061,2,964,14674,1.8344,0.002109,10
4,A,Scrambling,0.9,1.1,10,Treating Asthma With Plants vs. Pills,1.0,1.0,1.0,8769,2,917,12966,2.0253,0.000406,10
4,A,Scrambling,0.9,1.1,10,How Fruits and Vegetables Can Treat Asthma,1.0,1.0,1.0,8817,2,941,13081,2.0253,0.001719,10
4,A,Scrambling,0.9,1.1,10,How Fruits and Vegetables Can Prevent Asthma,1.0,1.0,1.0,8174,2,846,12352,2.0253,0.001538,10
4,A,Scrambling,0.9,1.1,10,Our Tax Dollars Subsidize Unhealthy Foods,1.0,1.0,1.0,8974,2,841,12369,1.6094,0.003116,10
4,A,Scrambling,0.9,1.1,10,Reducing Arsenic in Chicken and Rice,1.0,1.0,1.0,8234,1,830,12043,2.0253,0.009455,10
4,A,Scrambling,0.9,1.1,10,How Contaminated Are Our Children?,1.0,1.0,1.0,7371,2,836,11085,2.3026,0.000587,10
4,A,Scrambling,0.9,1.1,10,"Blood Type Diet Perceived as ""Crass Fraud""",1.0,1.0,1.0,8356,1,838,13018,1.3592,0.003264,10
4,A,Scrambling,0.9,1.1,10,Why Do Heart Doctors Favor Surgery and Drugs Over Diet?,1.0,1.0,0.9556,8575,2,845,13158,1.8344,0.000878,9
4,A,Scrambling,0.9,1.1,10,Phytates in Beans: Anti-Nutrient or Anti-Cancer?,1.0,1.0,1.0,8500,2,836,12660,2.164,0.000424,10
4,A,Scrambling,0.9,1.1,10,How Phytates Fight Cancer Cells,0.9,0.9399,1.0,7406,2,846,11532,2.164,0.000335,9
4,A,Scrambling,0.9,1.1,10,Colon Cancer Prevention: Is it the Fiber or the Phytates?,1.0,1.0,1.0,8100,1,846,11577,1.6094,0.001848,10
4,A,Scrambling,0.9,1.1,10,Low Carb Diets Found to Feed Heart Disease,1.0,1.0,0.9556,8113,1,836,12095,1.973,0.000362,9
4,A,Scrambling,0.9,1.1,10,How Curry Can Kill Cancer Cells,1.0,1.0,1.0,6731,2,845,10740,1.6094,0.000636,9
4,A,Scrambling,0.9,1.1,10,Testing Turmeric on Smokers,1.0,1.0,1.0,7502,1,840,12097,1.4185,0.003161,10
4,A,Scrambling,0.9,1.1,10,Alkylphenol Endocrine Disruptors and Allergies,1.0,1.0,1.0,7947,1,835,12047,1.4708,0.008035,10
4,A,Scrambling,0.9,1.1,10,Slowing Cognitive Decline with Berries,1.0,1.0,1.0,8704,1,836,12877,2.164,0.002724,10
4,A,Scrambling,0.9,1.1,10,What is ‘Meat Glue’?,1.0,1.0,1.0,8030,2,839,12122,1.8867,0.000914,10
4,A,Scrambling,0.9,1.1,10,Is Liquid Smoke Safe?,1.0,1.0,1.0,9149,1,845,13412,1.8344,0.002074,10
4,A,Scrambling,0.9,1.1,10,Does Antioxidant Intake Matter for Stroke and Heart Disease?,1.0,1.0,1.0,8715,1,836,13114,1.8344,0.003368,10
4,A,Scrambling,0.9,1.1,10,Does Antioxidant Intake Matter for Cancer?,1.0,1.0,1.0,7898,1,836,12068,1.6957,0.002813,10
4,A,Scrambling,0.9,1.1,10,Is buying organic worth it? A review of the science in new DVD,1.0,1.0,1.0,9320,2,833,12808,1.8867,0.003951,10
4,A,Scrambling,0.9,1.1,10,Orange Aromatherapy for Anxiety,1.0,1.0,1.0,8833,2,842,12900,1.8867,0.00319,10
4,A,Scrambling,0.9,1.1,10,Food Manufacturers Get to Decide if Their Own Additives Are Safe,1.0,1.0,1.0,7448,2,880,11904,1.8344,0.003727,10
4,A,Scrambling,0.9,1.1,10,Meat Industry Wins Right to Sell Tainted Meat,1.0,1.0,1.0,7669,1,839,11544,1.7481,0.00028,10
4,A,Scrambling,0.9,1.1,10,Chicken Salmonella Outbreaks Show Food Safety Systems Failure,1.0,1.0,1.0,8942,2,845,13037,2.3026,0.000682,10
4,A,Scrambling,0.9,1.1,10,Viral Food Poisoning from Pesticides?,1.0,1.0,1.0,8644,2,845,12848,2.0253,0.001973,10
4,A,Scrambling,0.9,1.1,10,The Reversal on Fish Oil,1.0,1.0,1.0,8037,1,828,12199,1.8867,0.001024,10
4,A,Scrambling,0.9,1.1,10,Are Multivitamins Just a Waste of Money?,1.0,1.0,1.0,8131,1,835,12231,1.8344,0.001774,10
4,A,Noise,0.9,1.1,10,Breast Cancer Cells Feed on Cholesterol,0.9,0.9457,1.0,10797,4,1083,14086,1.8867,0.003528,10
4,A,Noise,0.9,1.1,10,Using Diet to Treat Asthma and Eczema,1.0,1.0,0.9556,10216,2,975,13162,1.8344,0.002056,10
4,A,Noise,0.9,1.1,10,Treating Asthma With Plants vs. Pills,1.0,1.0,0.9556,9266,3,942,12786,1.973,0.000384,10
4,A,Noise,0.9,1.1,10,How Fruits and Vegetables Can Treat Asthma,0.9,0.9433,1.0,8989,2,843,12784,2.0253,0.001696,10
4,A,Noise,0.9,1.1,10,How Fruits and Vegetables Can Prevent Asthma,1.0,1.0,1.0,7647,2,846,10318,2.0253,0.001488,10
4,A,Noise,0.9,1.1,10,Our Tax Dollars Subsidize Unhealthy Foods,1.0,1.0,1.0,9178,2,848,11830,1.6094,0.003116,10
4,A,Noise,0.9,1.1,10,Reducing Arsenic in Chicken and Rice,1.0,1.0,0.9556,9026,2,831,11810,2.0253,0.009382,10
4,A,Noise,0.9,1.1,10,How Contaminated Are Our Children?,0.9,0.9408,0.9444,8248,2,807,11709,1.973,0.000576,10
4,A,Noise,0.9,1.1,10,"Blood Type Diet Perceived as ""Crass Fraud""",1.0,1.0,0.9111,9415,2,844,13838,1.4708,0.003223,9
4,A,Noise,0.9,1.1,10,Why Do Heart Doctors Favor Surgery and Drugs Over Diet?,1.0,1.0,0.9556,8442,3,848,12745,1.8867,0.000961,9
4,A,Noise,0.9,1.1,10,Phytates in Beans: Anti-Nutrient or Anti-Cancer?,1.0,1.0,0.9556,8416,2,836,13095,2.0253,0.000424,10
4,A,Noise,0.9,1.1,10,How Phytates Fight Cancer Cells,1.0,1.0,1.0,8547,2,836,12433,2.164,0.000367,10
4,A,Noise,0.9,1.1,10,Colon Cancer Prevention: Is it the Fiber or the Phytates?,1.0,1.0,0.9111,8724,3,845,12855,1.7481,0.00184,10
4,A,Noise,0.9,1.1,10,Low Carb Diets Found to Feed Heart Disease,1.0,1.0,0.9556,9316,3,848,13505,1.7481,0.000357,9
4,A,Noise,0.9,1.1,10,How Curry Can Kill Cancer Cells,1.0,1.0,0.9556,6352,3,850,11656,1.8344,0.000616,9
4,A,Noise,0.9,1.1,10,Testing Turmeric on Smokers,1.0,1.0,0.9556,8537,2,843,12679,1.6094,0.003081,10
4,A,Noise,0.9,1.1,10,Alkylphenol Endocrine Disruptors and Allergies,1.0,1.0,1.0,9357,2,849,13312,1.4708,0.008087,10
4,A,Noise,0.9,1.1,10,Slowing Cognitive Decline with Berries,1.0,1.0,1.0,9112,2,844,13230,2.164,0.002677,10
4,A,Noise,0.9,1.1,10,What is ‘Meat Glue’?,1.0,0.9992,0.9111,8199,2,841,12019,1.8867,0.000888,9
4,A,Noise,0.9,1.1,10,Is Liquid Smoke Safe?,1.0,1.0,0.9556,8050,2,840,12029,1.973,0.001978,10
4,A,Noise,0.9,1.1,10,Does Antioxidant Intake Matter for Stroke and Heart Disease?,1.0,1.0,1.0,9119,2,851,12648,1.8344,0.003475,10
4,A,Noise,0.9,1.1,10,Does Antioxidant Intake Matter for Cancer?,1.0,1.0,1.0,7969,2,862,12067,1.6434,0.002828,10
4,A,Noise,0.9,1.1,10,Is buying organic worth it? A review of the science in new DVD,1.0,0.9999,0.9111,8815,2,843,13641,1.8867,0.00394,10
4,A,Noise,0.9,1.1,10,Orange Aromatherapy for Anxiety,1.0,1.0,1.0,9074,3,831,13052,2.0253,0.003322,10
4,A,Noise,0.9,1.1,10,Food Manufacturers Get to Decide if Their Own Additives Are Safe,1.0,1.0,1.0,8307,2,841,12392,1.8867,0.003789,10
4,A,Noise,0.9,1.1,10,Meat Industry Wins Right to Sell Tainted Meat,1.0,1.0,0.9556,8809,2,852,12962,1.6434,0.000286,10
4,A,Noise,0.9,1.1,10,Chicken Salmonella Outbreaks Show Food Safety Systems Failure,1.0,1.0,0.9556,7687,2,840,11277,2.164,0.000626,10
4,A,Noise,0.9,1.1,10,Viral Food Poisoning from Pesticides?,1.0,1.0,0.9556,8835,2,832,12959,1.8344,0.001972,10
4,A,Noise,0.9,1.1,10,The Reversal on Fish Oil,1.0,1.0,1.0,8834,2,836,12697,1.8867,0.001001,10
4,A,Noise,0.9,1.1,10,Are Multivitamins Just a Waste of Money?,1.0,1.0,0.9556,7862,2,848,12010,2.0253,0.001704,10
4,A,Combined,0.9,1.1,10,Breast Cancer Cells Feed on Cholesterol,1.0,0.9999,0.9556,12169,14,1011,15413,2.0253,0.003583,10
4,A,Combined,0.9,1.1,10,Using Diet to Treat Asthma and Eczema,1.0,1.0,1.0,9693,4,937,12539,1.8344,0.002077,10
4,A,Combined,0.9,1.1,10,Treating Asthma With Plants vs. Pills,1.0,1.0,0.9556,9287,3,869,12175,1.8867,0.000435,10
4,A,Combined,0.9,1.1,10,How Fruits and Vegetables Can Treat Asthma,1.0,1.0,1.0,8508,3,826,11310,2.164,0.001733,10
4,A,Combined,0.9,1.1,10,How Fruits and Vegetables Can Prevent Asthma,1.0,0.9998,0.9556,8560,3,833,11153,1.8867,0.001564,10
4,A,Combined,0.9,1.1,10,Our Tax Dollars Subsidize Unhealthy Foods,1.0,1.0,0.9556,8937,3,836,12155,1.4708,0.0032,10
4,A,Combined,0.9,1.1,10,Reducing Arsenic in Chicken and Rice,1.0,1.0,0.9556,8281,3,838,12604,2.0253,0.009244,10
4,A,Combined,0.9,1.1,10,How Contaminated Are Our Children?,1.0,1.0,0.9556,8098,3,833,11679,2.164,0.000569,10
4,A,Combined,0.9,1.1,10,"Blood Type Diet Perceived as ""Crass Fraud""",1.0,1.0,0.9556,8891,3,840,13085,1.3592,0.003091,10
4,A,Combined,0.9,1.1,10,Why Do Heart Doctors Favor Surgery and Drugs Over Diet?,1.0,0.9998,0.9111,10002,3,812,14514,1.6434,0.000905,9
4,A,Combined,0.9,1.1,10,Phytates in Beans: Anti-Nutrient or Anti-Cancer?,1.0,1.0,1.0,8897,3,826,13090,1.8867,0.000385,10
4,A,Combined,0.9,1.1,10,How Phytates Fight Cancer Cells,0.9,0.9399,1.0,8102,2,829,12199,1.8867,0.00032,10
4,A,Combined,0.9,1.1,10,Colon Cancer Prevention: Is it the Fiber or the Phytates?,1.0,0.9999,0.8667,7984,3,841,11966,1.6957,0.001746,10
4,A,Combined,0.9,1.1,10,Low Carb Diets Found to Feed Heart Disease,1.0,1.0,0.9556,8271,2,843,13153,2.164,0.000357,9
4,A,Combined,0.9,1.1,10,How Curry Can Kill Cancer Cells,1.0,1.0,0.9556,9395,2,834,13797,1.7481,0.000613,9
4,A,Combined,0.9,1.1,10,Testing Turmeric on Smokers,1.0,1.0,0.9556,6993,2,827,10775,1.6094,0.003063,10
4,A,Combined,0.9,1.1,10,Alkylphenol Endocrine Disruptors and Allergies,1.0,1.0,1.0,7798,3,842,11911,1.4708,0.008025,10
4,A,Combined,0.9,1.1,10,Slowing Cognitive Decline with Berries,1.0,1.0,1.0,8550,2,836,12282,2.164,0.002753,10
4,A,Combined,0.9,1.1,10,What is ‘Meat Glue’?,1.0,1.0,0.9556,8163,2,823,11567,1.6957,0.000873,10
4,A,Combined,0.9,1.1,10,Is Liquid Smoke Safe?,1.0,1.0,1.0,7692,3,841,11141,2.164,0.002001,10
4,A,Combined,0.9,1.1,10,Does Antioxidant Intake Matter for Stroke and Heart Disease?,1.0,1.0,0.9556,8319,3,839,11880,1.8344,0.003305,10
4,A,Combined,0.9,1.1,10,Does Antioxidant Intake Matter for Cancer?,0.9,0.9411,0.9444,8323,2,835,12387,2.0253,0.002771,10
4,A,Combined,0.9,1.1,10,Is buying organic worth it? A review of the science in new DVD,1.0,0.9999,0.9111,8715,3,835,12582,1.8867,0.003971,10
4,A,Combined,0.9,1.1,10,Orange Aromatherapy for Anxiety,1.0,1.0,1.0,8352,3,838,12161,2.0253,0.003099,10
4,A,Combined,0.9,1.1,10,Food Manufacturers Get to Decide if Their Own Additives Are Safe,1.0,1.0,1.0,8360,2,837,12902,1.8344,0.00365,10
4,A,Combined,0.9,1.1,10,Meat Industry Wins Right to Sell Tainted Meat,1.0,0.9999,0.6444,9426,3,822,14254,1.6957,0.000269,10
4,A,Combined,0.9,1.1,10,Chicken Salmonella Outbreaks Show Food Safety Systems Failure,1.0,1.0,1.0,8210,2,823,12112,2.164,0.000693,10
4,A,Combined,0.9,1.1,10,Viral Food Poisoning from Pesticides?,1.0,1.0,1.0,7697,3,833,11583,2.0253,0.001887,10
4,A,Combined,0.9,1.1,10,The Reversal on Fish Oil,1.0,1.0,0.9556,9119,3,850,12976,2.0253,0.001066,10
4,A,Combined,0.9,1.1,10,Are Multivitamins Just a Waste of Money?,1.0,1.0,0.9556,7630,2,833,12010,1.8344,0.001766,10
4,A,Rome,1.0,1.0,10,Breast Cancer Cells Feed on Cholesterol,1.0,1.0,1.0,15112,71,1771,20841,2.0253,0.003559,10
4,A,Rome,1.0,1.0,10,Using Diet to Treat Asthma and Eczema,1.0,1.0,1.0,10815,48,1504,15821,1.8344,0.002109,10
4,A,Rome,1.0,1.0,10,Treating Asthma With Plants vs. Pills,1.0,1.0,1.0,9730,45,1327,13944,2.0253,0.000406,10
4,A,Rome,1.0,1.0,10,How Fruits and Vegetables Can Treat Asthma,1.0,1.0,1.0,9102,38,1223,13756,2.0253,0.001719,10
4,A,Rome,1.0,1.0,10,How Fruits and Vegetables Can Prevent Asthma,1.0,1.0,1.0,9128,37,1129,14357,2.0253,0.001538,10
4,A,Rome,1.0,1.0,10,Our Tax Dollars Subsidize Unhealthy Foods,1.0,1.0,1.0,7919,38,1131,12280,1.6094,0.003116,10
4,A,Rome,1.0,1.0,10,Reducing Arsenic in Chicken and Rice,1.0,1.0,1.0,8796,37,1152,13240,2.0253,0.009455,10
4,A,Rome,1.0,1.0,10,How Contaminated Are Our Children?,1.0,1.0,1.0,7602,37,1140,12068,2.3026,0.000587,10
4,A,Rome,1.0,1.0,10,"Blood Type Diet Perceived as ""Crass Fraud""",1.0,1.0,1.0,8391,39,1138,12187,1.3592,0.003264,10
4,A,Rome,1.0,1.0,10,Why Do Heart Doctors Favor Surgery and Drugs Over Diet?,1.0,1.0,1.0,9215,38,1134,13712,1.8344,0.000878,9
4,A,Rome,1.0,1.0,10,Phytates in Beans: Anti-Nutrient or Anti-Cancer?,1.0,1.0,1.0,8218,38,1142,12543,2.164,0.000424,10
4,A,Rome,1.0,1.0,10,How Phytates Fight Cancer Cells,0.9,0.9399,1.0,8272,36,1142,12662,2.164,0.000335,9
4,A,Rome,1.0,1.0,10,Colon Cancer Prevention: Is it the Fiber or the Phytates?,1.0,1.0,1.0,8335,37,1143,12993,1.6094,0.001848,10
4,A,Rome,1.0,1.0,10,Low Carb Diets Found to Feed Heart Disease,1.0,1.0,1.0,8071,38,1136,12695,1.973,0.000362,9
4,A,Rome,1.0,1.0,10,How Curry Can Kill Cancer Cells,1.0,1.0,0.9556,8736,54,1127,12563,1.6094,0.000636,9
4,A,Rome,1.0,1.0,10,Testing Turmeric on Smokers,1.0,1.0,1.0,8269,37,1136,11456,1.4185,0.003161,10
4,A,Rome,1.0,1.0,10,Alkylphenol Endocrine Disruptors and Allergies,1.0,1.0,1.0,8147,37,1139,12908,1.4708,0.008035,10
4,A,Rome,1.0,1.0,10,Slowing Cognitive Decline with Berries,1.0,1.0,1.0,7477,37,1131,11912,2.164,0.002724,10
4,A,Rome,1.0,1.0,10,What is ‘Meat Glue’?,1.0,1.0,1.0,8312,37,1139,12681,1.8867,0.000914,10
4,A,Rome,1.0,1.0,10,Is Liquid Smoke Safe?,1.0,1.0,1.0,8725,37,1141,13007,1.8344,0.002074,10
4,A,Rome,1.0,1.0,10,Does Antioxidant Intake Matter for Stroke and Heart Disease?,1.0,1.0,1.0,8508,39,1160,12621,1.8344,0.003368,10
4,A,Rome,1.0,1.0,10,Does Antioxidant Intake Matter for Cancer?,1.0,1.0,1.0,8170,39,1130,12707,1.6957,0.002813,10
4,A,Rome,1.0,1.0,10,Is buying organic worth it? A review of the science in new DVD,1.0,1.0,1.0,8746,39,1139,13258,1.8867,0.003951,10
4,A,Rome,1.0,1.0,10,Orange Aromatherapy for Anxiety,1.0,1.0,1.0,9347,37,1137,13711,1.8867,0.00319,10
4,A,Rome,1.0,1.0,10,Food Manufacturers Get to Decide if Their Own Additives Are Safe,1.0,1.0,1.0,8851,38,1142,13310,1.8344,0.003727,10
4,A,Rome,1.0,1.0,10,Meat Industry Wins Right to Sell Tainted Meat,1.0,1.0,1.0,8078,37,1132,12232,1.7481,0.00028,10
4,A,Rome,1.0,1.0,10,Chicken Salmonella Outbreaks Show Food Safety Systems Failure,1.0,1.0,1.0,8624,35,1096,13350,2.3026,0.000682,10
4,A,Rome,1.0,1.0,10,Viral Food Poisoning from Pesticides?,1.0,1.0,1.0,8321,38,1162,12745,2.0253,0.001973,10
4,A,Rome,1.0,1.0,10,The Reversal on Fish Oil,1.0,1.0,1.0,8895,37,1137,13293,1.8867,0.001024,10
4,A,Rome,1.0,1.0,10,Are Multivitamins Just a Waste of Money?,1.0,1.0,1.0,7971,37,1150,12501,1.8344,0.001774,10
4,A,RomeCombined,0.9,1.1,10,Breast Cancer Cells Feed on Cholesterol,0.9,0.9457,0.9444,15245,93,2006,21255,1.973,0.003503,10
4,A,RomeCombined,0.9,1.1,10,Using Diet to Treat Asthma and Eczema,1.0,1.0,0.9111,12195,57,1613,17245,1.8344,0.002065,10
4,A,RomeCombined,0.9,1.1,10,Treating Asthma With Plants vs. Pills,1.0,1.0,1.0,11174,46,1481,16281,2.3026,0.000396,10
4,A,RomeCombined,0.9,1.1,10,How Fruits and Vegetables Can Treat Asthma,1.0,1.0,1.0,9670,41,1274,14277,2.0253,0.001635,10
4,A,RomeCombined,0.9,1.1,10,How Fruits and Vegetables Can Prevent Asthma,1.0,1.0,0.9556,8010,37,1176,13568,2.0253,0.00149,10
4,A,RomeCombined,0.9,1.1,10,Our Tax Dollars Subsidize Unhealthy Foods,1.0,1.0,0.9556,8078,37,1163,12396,1.7481,0.002982,10
4,A,RomeCombined,0.9,1.1,10,Reducing Arsenic in Chicken and Rice,1.0,1.0,1.0,7973,39,1134,12385,2.0253,0.009515,10
4,A,RomeCombined,0.9,1.1,10,How Contaminated Are Our Children?,1.0,1.0,1.0,8319,39,1137,12857,2.164,0.000577,10
4,A,RomeCombined,0.9,1.1,10,"Blood Type Diet Perceived as ""Crass Fraud""",1.0,1.0,0.9111,8955,39,1131,13218,1.3592,0.003334,9
4,A,RomeCombined,0.9,1.1,10,Why Do Heart Doctors Favor Surgery and Drugs Over Diet?,1.0,1.0,0.9556,9649,38,1129,14509,1.6957,0.000867,9
4,A,RomeCombined,0.9,1.1,10,Phytates in Beans: Anti-Nutrient or Anti-Cancer?,1.0,1.0,0.9556,8663,38,1128,13096,2.0253,0.000417,10
4,A,RomeCombined,0.9,1.1,10,How Phytates Fight Cancer Cells,0.9,0.9398,0.9444,9611,40,1145,14087,2.164,0.000325,10
4,A,RomeCombined,0.9,1.1,10,Colon Cancer Prevention: Is it the Fiber or the Phytates?,1.0,1.0,1.0,9363,38,1145,13785,1.7481,0.001864,10
4,A,RomeCombined,0.9,1.1,10,Low Carb Diets Found to Feed Heart Disease,1.0,1.0,0.9111,8486,35,1139,12016,1.973,0.000341,9
4,A,RomeCombined,0.9,1.1,10,How Curry Can Kill Cancer Cells,1.0,1.0,1.0,7802,35,1135,12409,1.8344,0.000631,9
4,A,RomeCombined,0.9,1.1,10,Testing Turmeric on Smokers,1.0,1.0,1.0,8290,38,1122,12169,1.6094,0.003069,10
4,A,RomeCombined,0.9,1.1,10,Alkylphenol Endocrine Disruptors and Allergies,0.9,0.949,0.8889,9180,39,1136,13620,1.6094,0.007909,10
4,A,RomeCombined,0.9,1.1,10,Slowing Cognitive Decline with Berries,1.0,1.0,1.0,8751,39,1176,12814,2.3026,0.002656,10
4,A,RomeCombined,0.9,1.1,10,What is ‘Meat Glue’?,1.0,0.9992,0.8667,8362,38,1140,13114,1.6957,0.000889,10
4,A,RomeCombined,0.9,1.1,10,Is Liquid Smoke Safe?,1.0,1.0,1.0,8670,36,1078,12963,1.8344,0.002083,10
4,A,RomeCombined,0.9,1.1,10,Does Antioxidant Intake Matter for Stroke and Heart Disease?,1.0,1.0,1.0,8524,40,1160,12950,1.8344,0.003277,10
4,A,RomeCombined,0.9,1.1,10,Does Antioxidant Intake Matter for Cancer?,0.9,0.9435,0.9444,8514,39,1157,12382,1.6957,0.002663,10
4,A,RomeCombined,0.9,1.1,10,Is buying organic worth it? A review of the science in new DVD,1.0,1.0,1.0,9047,39,1144,13857,1.8344,0.003816,10
4,A,RomeCombined,0.9,1.1,10,Orange Aromatherapy for Anxiety,1.0,1.0,1.0,7036,38,1125,11265,1.7481,0.003129,10
4,A,RomeCombined,0.9,1.1,10,Food Manufacturers Get to Decide if Their Own Additives Are Safe,1.0,1.0,0.9556,9600,40,1138,14009,1.8344,0.003733,9
4,A,RomeCombined,0.9,1.1,10,Meat Industry Wins Right to Sell Tainted Meat,1.0,1.0,0.9111,7748,38,1146,12240,1.8344,0.000285,10
4,A,RomeCombined,0.9,1.1,10,Chicken Salmonella Outbreaks Show Food Safety Systems Failure,1.0,1.0,1.0,8724,37,1139,13835,2.164,0.000693,10
4,A,RomeCombined,0.9,1.1,10,Viral Food Poisoning from Pesticides?,0.9,0.9432,1.0,9190,39,1125,14678,2.0253,0.001974,10
4,A,RomeCombined,0.9,1.1,10,The Reversal on Fish Oil,1.0,1.0,0.9556,7944,38,1123,12266,1.8867,0.000998,10
4,A,RomeCombined,0.9,1.1,10,Are Multivitamins Just a Waste of Money?,1.0,1.0,0.9556,8197,39,1142,12410,1.8344,0.001795,10
4,A,Romm,1.0,1.0,10,Breast Cancer Cells Feed on Cholesterol,1.0,1.0,1.0,17850,49,1438,23077,2.0253,0.003559,10
4,A,Romm,1.0,1.0,10,Using Diet to Treat Asthma and Eczema,1.0,1.0,1.0,12496,31,1189,17271,1.8344,0.002109,10
4,A,Romm,1.0,1.0,10,Treating Asthma With Plants vs. Pills,1.0,1.0,1.0,10812,27,1017,15177,2.0253,0.000406,10
4,A,Romm,1.0,1.0,10,How Fruits and Vegetables Can Treat Asthma,1.0,1.0,1.0,9561,24,934,13883,2.0253,0.001719,10
4,A,Romm,1.0,1.0,10,How Fruits and Vegetables Can Prevent Asthma,1.0,1.0,1.0,8891,22,855,13803,2.0253,0.001538,10
4,A,Romm,1.0,1.0,10,Our Tax Dollars Subsidize Unhealthy Foods,1.0,1.0,1.0,9485,22,839,13620,1.6094,0.003116,10
4,A,Romm,1.0,1.0,10,Reducing Arsenic in Chicken and Rice,1.0,1.0,1.0,9590,24,831,13615,2.0253,0.009455,10
4,A,Romm,1.0,1.0,10,How Contaminated Are Our Children?,1.0,1.0,1.0,9423,23,837,13624,2.3026,0.000587,10
4,A,Romm,1.0,1.0,10,"Blood Type Diet Perceived as ""Crass Fraud""",1.0,1.0,1.0,8956,22,835,12985,1.3592,0.003264,10
4,A,Romm,1.0,1.0,10,Why Do Heart Doctors Favor Surgery and Drugs Over Diet?,1.0,1.0,1.0,8413,21,829,12901,1.8344,0.000878,9
4,A,Romm,1.0,1.0,10,Phytates in Beans: Anti-Nutrient or Anti-Cancer?,1.0,1.0,1.0,8339,23,827,12389,2.164,0.000424,10
4,A,Romm,1.0,1.0,10,How Phytates Fight Cancer Cells,1.0,1.0,1.0,8198,24,837,12324,2.164,0.000335,9
4,A,Romm,1.0,1.0,10,Colon Cancer Prevention: Is it the Fiber or the Phytates?,1.0,1.0,1.0,8045,23,875,12242,1.6094,0.001848,10
4,A,Romm,1.0,1.0,10,Low Carb Diets Found to Feed Heart Disease,1.0,1.0,1.0,8452,23,831,13041,1.973,0.000362,9
4,A,Romm,1.0,1.0,10,How Curry Can Kill Cancer Cells,1.0,1.0,1.0,8823,22,828,12814,1.6094,0.000636,9
4,A,Romm,1.0,1.0,10,Testing Turmeric on Smokers,1.0,1.0,1.0,7347,24,841,11428,1.4185,0.003161,10
4,A,Romm,1.0,1.0,10,Alkylphenol Endocrine Disruptors and Allergies,1.0,1.0,1.0,9265,21,798,12638,1.4708,0.008035,10
4,A,Romm,1.0,1.0,10,Slowing Cognitive Decline with Berries,1.0,1.0,1.0,8419,24,815,13064,2.164,0.002724,10
4,A,Romm,1.0,1.0,10,What is ‘Meat Glue’?,1.0,1.0,1.0,8245,26,844,12068,1.8867,0.000914,10
4,A,Romm,1.0,1.0,10,Is Liquid Smoke Safe?,1.0,1.0,1.0,8306,23,833,12551,1.8344,0.002074,10
4,A,Romm,1.0,1.0,10,Does Antioxidant Intake Matter for Stroke and Heart Disease?,1.0,1.0,1.0,9223,24,840,12102,1.8344,0.003368,10
4,A,Romm,1.0,1.0,10,Does Antioxidant Intake Matter for Cancer?,1.0,1.0,1.0,8068,23,839,12286,1.6957,0.002813,10
4,A,Romm,1.0,1.0,10,Is buying organic worth it? A review of the science in new DVD,1.0,1.0,1.0,9497,21,836,13473,1.8867,0.003951,10
4,A,Romm,1.0,1.0,10,Orange Aromatherapy for Anxiety,1.0,1.0,1.0,6680,24,850,10776,1.8867,0.00319,10
4,A,Romm,1.0,1.0,10,Food Manufacturers Get to Decide if Their Own Additives Are Safe,1.0,1.0,1.0,8962,23,866,12771,1.8344,0.003727,10
4,A,Romm,1.0,1.0,10,Meat Industry Wins Right to Sell Tainted Meat,1.0,1.0,1.0,8251,23,848,13305,1.7481,0.00028,10
4,A,Romm,1.0,1.0,10,Chicken Salmonella Outbreaks Show Food Safety Systems Failure,1.0,1.0,1.0,9453,23,837,13448,2.3026,0.000682,10
4,A,Romm,1.0,1.0,10,Viral Food Poisoning from Pesticides?,1.0,1.0,1.0,9215,24,836,13329,2.0253,0.001973,10
4,A,Romm,1.0,1.0,10,The Reversal on Fish Oil,1.0,1.0,1.0,8440,22,846,12537,1.8867,0.001024,10
4,A,Romm,1.0,1.0,10,Are Multivitamins Just a Waste of Money?,1.0,1.0,1.0,8788,23,833,12911,1.8344,0.001774,10
4,A,RommCombined,0.9,1.1,10,Breast Cancer Cells Feed on Cholesterol,1.0,1.0,1.0,18494,56,1441,24409,2.0253,0.003186,10
4,A,RommCombined,0.9,1.1,10,Using Diet to Treat Asthma and Eczema,1.0,1.0,0.9556,13185,32,1183,17917,1.8344,0.002038,10
4,A,RommCombined,0.9,1.1,10,Treating Asthma With Plants vs. Pills,1.0,0.9999,0.9111,10371,27,1016,14675,2.0253,0.000418,10
4,A,RommCombined,0.9,1.1,10,How Fruits and Vegetables Can Treat Asthma,1.0,1.0,1.0,9939,25,926,13937,2.0253,0.001782,10
4,A,RommCombined,0.9,1.1,10,How Fruits and Vegetables Can Prevent Asthma,1.0,1.0,1.0,8042,22,858,13023,1.8867,0.001544,10
4,A,RommCombined,0.9,1.1,10,Our Tax Dollars Subsidize Unhealthy Foods,1.0,1.0,0.9111,8987,23,824,13341,1.7481,0.003026,10
4,A,RommCombined,0.9,1.1,10,Reducing Arsenic in Chicken and Rice,1.0,1.0,1.0,9028,23,829,13111,2.0253,0.009369,10
4,A,RommCombined,0.9,1.1,10,How Contaminated Are Our Children?,0.9,0.9408,0.9444,8231,24,835,11807,1.8867,0.000513,10
4,A,RommCombined,0.9,1.1,10,"Blood Type Diet Perceived as ""Crass Fraud""",1.0,1.0,0.9556,8568,22,838,12745,1.4708,0.003176,10
4,A,RommCombined,0.9,1.1,10,Why Do Heart Doctors Favor Surgery and Drugs Over Diet?,1.0,1.0,0.9556,8443,22,827,12824,1.6434,0.000846,9
4,A,RommCombined,0.9,1.1,10,Phytates in Beans: Anti-Nutrient or Anti-Cancer?,1.0,1.0,0.9556,8792,23,832,12970,1.8867,0.000448,10
4,A,RommCombined,0.9,1.1,10,How Phytates Fight Cancer Cells,0.9,0.9399,1.0,9070,24,860,13099,2.164,0.00035,10
4,A,RommCombined,0.9,1.1,10,Colon Cancer Prevention: Is it the Fiber or the Phytates?,1.0,1.0,0.7778,9027,25,835,13108,1.6094,0.001974,9
4,A,RommCombined,0.9,1.1,10,Low Carb Diets Found to Feed Heart Disease,0.9,0.9404,0.8889,8528,24,835,12683,1.8344,0.000343,9
4,A,RommCombined,0.9,1.1,10,How Curry Can Kill Cancer Cells,1.0,1.0,0.8667,7722,21,824,11563,1.8344,0.000614,8
4,A,RommCombined,0.9,1.1,10,Testing Turmeric on Smokers,1.0,1.0,1.0,8619,25,829,12709,1.6094,0.003216,10
4,A,RommCombined,0.9,1.1,10,Alkylphenol Endocrine Disruptors and Allergies,1.0,1.0,0.9556,8774,24,848,12609,1.6094,0.007942,10
4,A,RommCombined,0.9,1.1,10,Slowing Cognitive Decline with Berries,1.0,1.0,1.0,8367,23,827,13207,2.164,0.002658,10
4,A,RommCombined,0.9,1.1,10,What is ‘Meat Glue’?,1.0,1.0,0.9111,9480,25,840,13776,1.8867,0.000906,10
4,A,RommCombined,0.9,1.1,10,Is Liquid Smoke Safe?,1.0,0.9999,0.9111,8843,25,828,13960,1.6434,0.002011,10
4,A,RommCombined,0.9,1.1,10,Does Antioxidant Intake Matter for Stroke and Heart Disease?,1.0,1.0,1.0,8743,25,845,12727,1.8344,0.003296,10
4,A,RommCombined,0.9,1.1,10,Does Antioxidant Intake Matter for Cancer?,1.0,1.0,1.0,8348,23,853,11878,1.6957,0.00282,10
4,A,RommCombined,0.9,1.1,10,Is buying organic worth it? A review of the science in new DVD,1.0,1.0,1.0,8812,22,838,13568,1.6094,0.003927,10
4,A,RommCombined,0.9,1.1,10,Orange Aromatherapy for Anxiety,1.0,0.9999,0.9111,9021,23,866,13176,1.8867,0.003188,10
4,A,RommCombined,0.9,1.1,10,Food Manufacturers Get to Decide if Their Own Additives Are Safe,1.0,1.0,0.9556,8886,25,840,13057,1.6434,0.003689,10
4,A,RommCombined,0.9,1.1,10,Meat Industry Wins Right to Sell Tainted Meat,1.0,0.9999,0.8667,8376,24,837,12190,1.8867,0.000286,10
4,A,RommCombined,0.9,1.1,10,Chicken Salmonella Outbreaks Show Food Safety Systems Failure,1.0,1.0,1.0,8616,24,831,12432,2.164,0.000636,10
4,A,RommCombined,0.9,1.1,10,Viral Food Poisoning from Pesticides?,0.9,0.9432,1.0,7767,24,818,11740,1.973,0.001885,10
4,A,RommCombined,0.9,1.1,10,The Reversal on Fish Oil,1.0,1.0,0.9556,8743,22,835,12825,2.164,0.001,10
4,A,RommCombined,0.9,1.1,10,Are Multivitamins Just a Waste of Money?,1.0,1.0,1.0,8159,24,834,11924,2.0253,0.001787,10
4,A,Diehard,1.0,1.0,10,Breast Cancer Cells Feed on Cholesterol,1.0,1.0,1.0,17924,64,1002,23620,2.0253,0.003559,10
4,A,Diehard,1.0,1.0,10,Using Diet to Treat Asthma and Eczema,1.0,1.0,1.0,12256,40,831,16669,1.8344,0.002109,10
4,A,Diehard,1.0,1.0,10,Treating Asthma With Plants vs. Pills,1.0,1.0,1.0,11191,33,721,14385,2.0253,0.000406,10
4,A,Diehard,1.0,1.0,10,How Fruits and Vegetables Can Treat Asthma,1.0,1.0,1.0,9108,30,643,13269,2.0253,0.001719,10
4,A,Diehard,1.0,1.0,10,How Fruits and Vegetables Can Prevent Asthma,1.0,1.0,1.0,8355,28,623,12087,2.0253,0.001538,10
4,A,Diehard,1.0,1.0,10,Our Tax Dollars Subsidize Unhealthy Foods,1.0,1.0,1.0,9246,28,610,12206,1.6094,0.003116,10
4,A,Diehard,1.0,1.0,10,Reducing Arsenic in Chicken and Rice,1.0,1.0,1.0,8432,30,606,12797,2.0253,0.009455,10
4,A,Diehard,1.0,1.0,10,How Contaminated Are Our Children?,1.0,1.0,1.0,8931,29,598,12699,2.3026,0.000587,10
4,A,Diehard,1.0,1.0,10,"Blood Type Diet Perceived as ""Crass Fraud""",1.0,1.0,1.0,8957,29,631,12896,1.3592,0.003264,10
4,A,Diehard,1.0,1.0,10,Why Do Heart Doctors Favor Surgery and Drugs Over Diet?,1.0,1.0,1.0,9180,26,623,12698,1.8344,0.000878,9
4,A,Diehard,1.0,1.0,10,Phytates in Beans: Anti-Nutrient or Anti-Cancer?,1.0,1.0,1.0,7935,29,596,12505,2.164,0.000424,10
4,A,Diehard,1.0,1.0,10,How Phytates Fight Cancer Cells,0.9,0.9399,1.0,7693,29,592,11418,2.164,0.000335,9
4,A,Diehard,1.0,1.0,10,Colon Cancer Prevention: Is it the Fiber or the Phytates?,1.0,1.0,1.0,8919,28,610,12247,1.6094,0.001848,10
4,A,Diehard,1.0,1.0,10,Low Carb Diets Found to Feed Heart Disease,1.0,1.0,1.0,8537,31,663,12361,1.973,0.000362,9
4,A,Diehard,1.0,1.0,10,How Curry Can Kill Cancer Cells,1.0,1.0,0.9556,9961,29,609,14682,1.6094,0.000636,9
4,A,Diehard,1.0,1.0,10,Testing Turmeric on Smokers,1.0,1.0,1.0,8468,29,598,12087,1.4185,0.003161,10
4,A,Diehard,1.0,1.0,10,Alkylphenol Endocrine Disruptors and Allergies,1.0,1.0,1.0,9505,28,625,12105,1.4708,0.008035,10
4,A,Diehard,1.0,1.0,10,Slowing Cognitive Decline with Berries,1.0,1.0,1.0,8343,31,614,10866,2.164,0.002724,10
4,A,Diehard,1.0,1.0,10,What is ‘Meat Glue’?,1.0,1.0,1.0,7779,29,601,10785,1.8867,0.000914,10
4,A,Diehard,1.0,1.0,10,Is Liquid Smoke Safe?,1.0,1.0,1.0,9090,30,614,11525,1.8344,0.002074,10
4,A,Diehard,1.0,1.0,10,Does Antioxidant Intake Matter for Stroke and Heart Disease?,1.0,1.0,1.0,8835,30,608,11205,1.8344,0.003368,10
4,A,Diehard,1.0,1.0,10,Does Antioxidant Intake Matter for Cancer?,1.0,1.0,1.0,8757,28,605,11389,1.6957,0.002813,10
4,A,Diehard,1.0,1.0,10,Is buying organic worth it? A review of the science in new DVD,1.0,1.0,1.0,7627,29,605,10051,1.8867,0.003951,10
4,A,Diehard,1.0,1.0,10,Orange Aromatherapy for Anxiety,1.0,1.0,1.0,9361,30,622,11828,1.8867,0.00319,10
4,A,Diehard,1.0,1.0,10,Food Manufacturers Get to Decide if Their Own Additives Are Safe,1.0,1.0,1.0,8456,28,626,12256,1.8344,0.003727,10
4,A,Diehard,1.0,1.0,10,Meat Industry Wins Right to Sell Tainted Meat,1.0,1.0,1.0,9528,30,613,12447,1.7481,0.00028,10
4,A,Diehard,1.0,1.0,10,Chicken Salmonella Outbreaks Show Food Safety Systems Failure,1.0,1.0,1.0,8451,30,623,11654,2.3026,0.000682,10
4,A,Diehard,1.0,1.0,10,Viral Food Poisoning from Pesticides?,1.0,1.0,1.0,9069,32,628,13823,2.0253,0.001973,10
4,A,Diehard,1.0,1.0,10,The Reversal on Fish Oil,1.0,1.0,1.0,9956,30,614,14858,1.8867,0.001024,10
4,A,Diehard,1.0,1.0,10,Are Multivitamins Just a Waste of Money?,1.0,1.0,1.0,8807,33,617,11605,1.8344,0.001774,10
4,A,DiehardCombined,0.9,1.1,10,Breast Cancer Cells Feed on Cholesterol,0.7,0.8157,0.7143,12244,46,911,17274,1.8867,1.5e-05,10
4,A,DiehardCombined,0.9,1.1,10,Using Diet to Treat Asthma and Eczema,0.8,0.8633,0.7857,10644,36,728,13581,1.4979,2.2e-05,8
4,A,DiehardCombined,0.9,1.1,10,Treating Asthma With Plants vs. Pills,0.9,0.9358,0.3333,10055,33,661,12652,1.8867,6e-06,10
4,A,DiehardCombined,0.9,1.1,10,How Fruits and Vegetables Can Treat Asthma,0.9,0.935,0.5556,10066,30,634,12630,1.6957,8e-06,10
4,A,DiehardCombined,0.9,1.1,10,How Fruits and Vegetables Can Prevent Asthma,1.0,0.9983,0.6,8657,31,608,11142,1.8867,8e-06,8
4,A,DiehardCombined,0.9,1.1,10,Our Tax Dollars Subsidize Unhealthy Foods,0.6,0.7481,0.8667,9204,31,622,11638,1.7481,2.6e-05,10
4,A,DiehardCombined,0.9,1.1,10,Reducing Arsenic in Chicken and Rice,0.9,0.9417,0.8333,7559,30,614,9982,1.8867,8e-05,10
4,A,DiehardCombined,0.9,1.1,10,How Contaminated Are Our Children?,0.8,0.8707,0.6429,7819,30,619,10291,1.8867,6e-06,9
4,A,DiehardCombined,0.9,1.1,10,"Blood Type Diet Perceived as ""Crass Fraud""",0.6,0.7395,0.8667,8309,31,620,10821,1.7481,1.1e-05,9
4,A,DiehardCombined,0.9,1.1,10,Why Do Heart Doctors Favor Surgery and Drugs Over Diet?,0.7,0.7698,0.9048,8545,29,647,11051,1.6957,8e-06,8
4,A,DiehardCombined,0.9,1.1,10,Phytates in Beans: Anti-Nutrient or Anti-Cancer?,0.8,0.7801,0.2857,9148,31,604,11509,2.0253,4e-06,10
4,A,DiehardCombined,0.9,1.1,10,How Phytates Fight Cancer Cells,0.6,0.7107,0.6,8094,30,624,10585,1.6957,4e-06,8
4,A,DiehardCombined,0.9,1.1,10,Colon Cancer Prevention: Is it the Fiber or the Phytates?,0.5,0.6684,0.6,8699,33,615,11826,1.3592,1.2e-05,8
4,A,DiehardCombined,0.9,1.1,10,Low Carb Diets Found to Feed Heart Disease,0.7,0.7731,0.4286,7745,28,593,11489,1.8867,5e-06,9
4,A,DiehardCombined,0.9,1.1,10,How Curry Can Kill Cancer Cells,0.8,0.8676,0.2857,8285,30,638,12155,1.8867,4e-06,9
4,A,DiehardCombined,0.9,1.1,10,Testing Turmeric on Smokers,0.8,0.8654,0.8571,6924,28,610,10318,1.8344,2.6e-05,10
4,A,DiehardCombined,0.9,1.1,10,Alkylphenol Endocrine Disruptors and Allergies,0.9,0.9396,0.6667,8391,30,615,11104,1.6957,5.3e-05,9
4,A,DiehardCombined,0.9,1.1,10,Slowing Cognitive Decline with Berries,0.9,0.9451,1.0,9050,32,604,12953,2.164,2.8e-05,10
4,A,DiehardCombined,0.9,1.1,10,What is ‘Meat Glue’?,0.9,0.9345,0.4444,6493,33,624,10350,2.0253,3e-06,10
4,A,DiehardCombined,0.9,1.1,10,Is Liquid Smoke Safe?,0.6,0.7562,0.6,8179,30,606,11624,1.8344,1.4e-05,10
4,A,DiehardCombined,0.9,1.1,10,Does Antioxidant Intake Matter for Stroke and Heart Disease?,0.7,0.8093,0.5238,8360,30,616,11680,1.8344,1.8e-05,9
4,A,DiehardCombined,0.9,1.1,10,Does Antioxidant Intake Matter for Cancer?,0.7,0.8027,0.7143,8206,30,613,12086,1.8344,1.4e-05,10
4,A,DiehardCombined,0.9,1.1,10,Is buying organic worth it? A review of the science in new DVD,0.9,0.9463,0.6667,8117,31,619,11428,1.6957,3.9e-05,9
4,A,DiehardCombined,0.9,1.1,10,Orange Aromatherapy for Anxiety,1.0,0.9893,0.6,9103,30,599,12990,2.0253,1.9e-05,10
4,A,DiehardCombined,0.9,1.1,10,Food Manufacturers Get to Decide if Their Own Additives Are Safe,0.7,0.8164,0.8095,8153,30,609,12084,1.8344,4.7e-05,10
4,A,DiehardCombined,0.9,1.1,10,Meat Industry Wins Right to Sell Tainted Meat,0.8,0.849,0.2857,8474,31,617,12488,2.164,2e-06,10
4,A,DiehardCombined,0.9,1.1,10,Chicken Salmonella Outbreaks Show Food Safety Systems Failure,0.8,0.8746,0.5,7604,30,601,12398,2.164,1e-05,10
4,A,DiehardCombined,0.9,1.1,10,Viral Food Poisoning from Pesticides?,0.7,0.8197,0.9048,7587,30,600,11341,1.8344,3.3e-05,10
4,A,DiehardCombined,0.9,1.1,10,The Reversal on Fish Oil,0.8,0.8739,0.8571,8639,28,601,11932,1.973,8e-06,9
4,A,DiehardCombined,0.9,1.1,10,Are Multivitamins Just a Waste of Money?,0.9,0.9438,0.6111,7218,32,627,10758,1.8867,2.3e-05,10
4,A,Ckks,1.0,1.0,10,Breast Cancer Cells Feed on Cholesterol,1.0,1.0,1.0,16899,7188,4170371,4197424,2.0253,0.003559,10
4,A,Ckks,1.0,1.0,10,Using Diet to Treat Asthma and Eczema,1.0,1.0,1.0,8752,4203,4173597,4190328,1.8344,0.002109,10
4,A,Ckks,1.0,1.0,10,Treating Asthma With Plants vs. Pills,1.0,1.0,1.0,8935,4378,4191275,4208479,2.0253,0.000406,10
4,A,Ckks,1.0,1.0,10,How Fruits and Vegetables Can Treat Asthma,1.0,1.0,1.0,9726,4331,4205062,4222684,2.0253,0.001719,10
4,A,Ckks,1.0,1.0,10,How Fruits and Vegetables Can Prevent Asthma,1.0,1.0,1.0,10266,4357,4219503,4238024,2.0253,0.001538,10
4,A,Ckks,1.0,1.0,10,Our Tax Dollars Subsidize Unhealthy Foods,1.0,1.0,1.0,8667,4240,4234321,4251027,1.6094,0.003116,10
4,A,Ckks,1.0,1.0,10,Reducing Arsenic in Chicken and Rice,1.0,1.0,1.0,8871,4340,4233378,4249973,2.0253,0.009455,10
4,A,Ckks,1.0,1.0,10,How Contaminated Are Our Children?,1.0,1.0,1.0,8817,4269,4224035,4241383,2.3026,0.000587,10
4,A,Ckks,1.0,1.0,10,"Blood Type Diet Perceived as ""Crass Fraud""",1.0,1.0,1.0,9426,4328,4252905,4270613,1.3592,0.003264,10
4,A,Ckks,1.0,1.0,10,Why Do Heart Doctors Favor Surgery and Drugs Over Diet?,1.0,1.0,1.0,9428,4426,4265962,4283492,1.8344,0.000878,9
4,A,Ckks,1.0,1.0,10,Phytates in Beans: Anti-Nutrient or Anti-Cancer?,1.0,1.0,1.0,8910,4344,4269199,4286126,2.164,0.000424,10
4,A,Ckks,1.0,1.0,10,How Phytates Fight Cancer Cells,0.9,0.9399,1.0,10313,4329,4277364,4296423,2.164,0.000335,9
4,A,Ckks,1.0,1.0,10,Colon Cancer Prevention: Is it the Fiber or the Phytates?,1.0,1.0,1.0,8823,4119,4290605,4307383,1.6094,0.001848,10
4,A,Ckks,1.0,1.0,10,Low Carb Diets Found to Feed Heart Disease,1.0,1.0,1.0,9280,4388,4274068,4291422,1.973,0.000362,9
4,A,Ckks,1.0,1.0,10,How Curry Can Kill Cancer Cells,1.0,1.0,1.0,9219,4378,4275058,4293041,1.6094,0.000636,9
4,A,Ckks,1.0,1.0,10,Testing Turmeric on Smokers,1.0,1.0,1.0,9343,4259,4283203,4300480,1.4185,0.003161,10
4,A,Ckks,1.0,1.0,10,Alkylphenol Endocrine Disruptors and Allergies,1.0,1.0,1.0,9584,4252,4282102,4298219,1.4708,0.008035,10
4,A,Ckks,1.0,1.0,10,Slowing Cognitive Decline with Berries,1.0,1.0,1.0,8638,4409,4289165,4306008,2.164,0.002724,10
4,A,Ckks,1.0,1.0,10,What is ‘Meat Glue’?,1.0,1.0,1.0,9293,4328,4279820,4297248,1.8867,0.000914,10
4,A,Ckks,1.0,1.0,10,Is Liquid Smoke Safe?,1.0,1.0,1.0,8450,4224,4277954,4294186,1.8344,0.002074,10
4,A,Ckks,1.0,1.0,10,Does Antioxidant Intake Matter for Stroke and Heart Disease?,1.0,1.0,1.0,8280,4376,4276304,4291482,1.8344,0.003368,10
4,A,Ckks,1.0,1.0,10,Does Antioxidant Intake Matter for Cancer?,1.0,1.0,1.0,9003,4175,4286256,4303454,1.6957,0.002813,10
4,A,Ckks,1.0,1.0,10,Is buying organic worth it? A review of the science in new DVD,1.0,1.0,1.0,9367,4037,4279994,4297031,1.8867,0.003951,10
4,A,Ckks,1.0,1.0,10,Orange Aromatherapy for Anxiety,1.0,1.0,1.0,10984,4087,4268646,4287534,1.8867,0.00319,10
4,A,Ckks,1.0,1.0,10,Food Manufacturers Get to Decide if Their Own Additives Are Safe,1.0,1.0,1.0,9060,4008,4274130,4290600,1.8344,0.003727,10
4,A,Ckks,1.0,1.0,10,Meat Industry Wins Right to Sell Tainted Meat,1.0,1.0,1.0,9493,4334,4277630,4294649,1.7481,0.00028,10
4,A,Ckks,1.0,1.0,10,Chicken Salmonella Outbreaks Show Food Safety Systems Failure,1.0,1.0,1.0,7835,4400,4280202,4296123,2.3026,0.000682,10
4,A,Ckks,1.0,1.0,10,Viral Food Poisoning from Pesticides?,1.0,1.0,1.0,9599,4319,4271617,4289993,2.0253,0.001973,10
4,A,Ckks,1.0,1.0,10,The Reversal on Fish Oil,1.0,1.0,1.0,8844,4354,4275802,4291115,1.8867,0.001024,10
4,A,Ckks,1.0,1.0,10,Are Multivitamins Just a Waste of Money?,1.0,1.0,1.0,7613,4076,4260855,4276301,1.8344,0.001774,10
4,A,CkksCombined,0.9,1.1,10,Breast Cancer Cells Feed on Cholesterol,1.0,1.0,1.0,16002,7988,4158164,4186205,1.8344,0.003591,10
4,A,CkksCombined,0.9,1.1,10,Using Diet to Treat Asthma and Eczema,1.0,1.0,1.0,13575,4451,4149286,4169570,1.8344,0.002083,10
4,A,CkksCombined,0.9,1.1,10,Treating Asthma With Plants vs. Pills,1.0,0.9999,0.9111,9960,4286,4144235,4161868,1.973,0.000392,10
4,A,CkksCombined,0.9,1.1,10,How Fruits and Vegetables Can Treat Asthma,1.0,1.0,1.0,9459,4259,4144905,4163049,2.0253,0.001736,10
4,A,CkksCombined,0.9,1.1,10,How Fruits and Vegetables Can Prevent Asthma,1.0,1.0,0.9556,9805,4059,4150617,4168300,2.0253,0.00152,10
4,A,CkksCombined,0.9,1.1,10,Our Tax Dollars Subsidize Unhealthy Foods,1.0,1.0,0.9556,9205,3994,4144469,4161542,1.6094,0.003048,10
4,A,CkksCombined,0.9,1.1,10,Reducing Arsenic in Chicken and Rice,1.0,1.0,1.0,9643,4065,4148684,4165706,2.0253,0.009309,10
4,A,CkksCombined,0.9,1.1,10,How Contaminated Are Our Children?,1.0,1.0,1.0,8012,3966,4155009,4170670,2.164,0.000537,10
4,A,CkksCombined,0.9,1.1,10,"Blood Type Diet Perceived as ""Crass Fraud""",1.0,1.0,1.0,7865,4315,4172320,4188810,1.6094,0.003231,10
4,A,CkksCombined,0.9,1.1,10,Why Do Heart Doctors Favor Surgery and Drugs Over Diet?,1.0,0.9998,0.8222,9052,4340,4174419,4189889,1.4185,0.000872,9
4,A,CkksCombined,0.9,1.1,10,Phytates in Beans: Anti-Nutrient or Anti-Cancer?,1.0,0.9999,0.9111,9776,4364,4201937,4219499,1.8867,0.00042,10
4,A,CkksCombined,0.9,1.1,10,How Phytates Fight Cancer Cells,0.9,0.9398,0.9444,10233,3853,4195679,4213805,2.0253,0.000295,10
4,A,CkksCombined,0.9,1.1,10,Colon Cancer Prevention: Is it the Fiber or the Phytates?,0.9,0.9416,0.9444,8673,4305,4216006,4232794,1.973,0.00181,10
4,A,CkksCombined,0.9,1.1,10,Low Carb Diets Found to Feed Heart Disease,1.0,1.0,1.0,9581,3860,4231303,4248335,1.973,0.000339,9
4,A,CkksCombined,0.9,1.1,10,How Curry Can Kill Cancer Cells,1.0,1.0,0.9111,9332,4293,4252330,4268113,1.7481,0.000596,9
4,A,CkksCombined,0.9,1.1,10,Testing Turmeric on Smokers,1.0,1.0,1.0,8944,4360,4268899,4286106,1.6094,0.003117,10
4,A,CkksCombined,0.9,1.1,10,Alkylphenol Endocrine Disruptors and Allergies,1.0,1.0,0.9556,7909,4386,4280306,4296359,1.4708,0.008008,10
4,A,CkksCombined,0.9,1.1,10,Slowing Cognitive Decline with Berries,1.0,1.0,0.9556,10011,4046,4281588,4299672,2.164,0.002657,10
4,A,CkksCombined,0.9,1.1,10,What is ‘Meat Glue’?,1.0,0.9987,0.8222,8928,4011,4294778,4310239,1.6957,0.00088,9
4,A,CkksCombined,0.9,1.1,10,Is Liquid Smoke Safe?,1.0,1.0,0.9556,8207,4365,4309372,4325767,1.8344,0.001991,10
4,A,CkksCombined,0.9,1.1,10,Does Antioxidant Intake Matter for Stroke and Heart Disease?,1.0,1.0,1.0,9351,4035,4326060,4343077,1.8344,0.003255,10
4,A,CkksCombined,0.9,1.1,10,Does Antioxidant Intake Matter for Cancer?,1.0,1.0,1.0,8763,4354,4324898,4342123,1.7481,0.002706,10
4,A,CkksCombined,0.9,1.1,10,Is buying organic worth it? A review of the science in new DVD,1.0,1.0,0.9556,8921,4150,4333552,4350382,1.8867,0.003891,10
4,A,CkksCombined,0.9,1.1,10,Orange Aromatherapy for Anxiety,1.0,1.0,0.9556,10127,3994,4326504,4343795,1.8867,0.003147,10
4,A,CkksCombined,0.9,1.1,10,Food Manufacturers Get to Decide if Their Own Additives Are Safe,1.0,0.9999,0.9111,9726,4348,4341052,4358582,1.6434,0.003746,10
4,A,CkksCombined,0.9,1.1,10,Meat Industry Wins Right to Sell Tainted Meat,1.0,0.9999,0.7778,9614,4204,4340447,4358160,1.7481,0.000291,10
4,A,CkksCombined,0.9,1.1,10,Chicken Salmonella Outbreaks Show Food Safety Systems Failure,1.0,1.0,1.0,8698,4260,4349051,4365767,2.0253,0.00066,10
4,A,CkksCombined,0.9,1.1,10,Viral Food Poisoning from Pesticides?,1.0,0.9999,0.9556,8693,4022,4348056,4364942,1.8344,0.001961,10
4,A,CkksCombined,0.9,1.1,10,The Reversal on Fish Oil,1.0,1.0,0.9556,8932,4197,4346980,4363870,1.8867,0.001002,10
4,A,CkksCombined,0.9,1.1,10,Are Multivitamins Just a Waste of Money?,1.0,1.0,1.0,9107,4278,4360402,4377562,2.0253,0.001675,10
5,A,Scrambling,0.9,1.1,10,Breast Cancer Cells Feed on Cholesterol,1.0,1.0,1.0,13565,13,1157,17218,2.0253,0.003559,10
5,A,Scrambling,0.9,1.1,10,Using Diet to Treat Asthma and Eczema,1.0,1.0,1.0,10857,2,1058,14287,1.8344,0.002109,10
5,A,Scrambling,0.9,1.1,10,Treating Asthma With Plants vs. Pills,1.0,1.0,1.0,9050,1,949,11763,2.0253,0.000406,10
5,A,Scrambling,0.9,1.1,10,How Fruits and Vegetables Can Treat Asthma,1.0,1.0,1.0,9240,2,865,12715,2.0253,0.001719,10
5,A,Scrambling,0.9,1.1,10,How Fruits and Vegetables Can Prevent Asthma,1.0,1.0,1.0,8817,1,839,12939,2.0253,0.001538,10
5,A,Scrambling,0.9,1.1,10,Our Tax Dollars Subsidize Unhealthy Foods,1.0,1.0,1.0,8240,1,830,11239,1.6094,0.003116,10
5,A,Scrambling,0.9,1.1,10,Reducing Arsenic in Chicken and Rice,1.0,1.0,1.0,7191,1,826,11270,2.0253,0.009455,10
5,A,Scrambling,0.9,1.1,10,How Contaminated Are Our Children?,1.0,1.0,1.0,8101,1,855,12056,2.3026,0.000587,10
5,A,Scrambling,0.9,1.1,10,"Blood Type Diet Perceived as ""Crass Fraud""",1.0,1.0,1.0,7245,1,839,11542,1.3592,0.003264,10
5,A,Scrambling,0.9,1.1,10,Why Do Heart Doctors Favor Surgery and Drugs Over Diet?,1.0,1.0,0.9556,8399,1,833,12792,1.8344,0.000878,9
5,A,Scrambling,0.9,1.1,10,Phytates in Beans: Anti-Nutrient or Anti-Cancer?,1.0,1.0,1.0,8636,1,835,12663,2.164,0.000424,10
5,A,Scrambling,0.9,1.1,10,How Phytates Fight Cancer Cells,1.0,1.0,1.0,8883,2,841,12615,2.164,0.000335,9
5,A,Scrambling,0.9,1.1,10,Colon Cancer Prevention: Is it the Fiber or the Phytates?,1.0,1.0,1.0,7971,1,848,12276,1.6094,0.001848,10
5,A,Scrambling,0.9,1.1,10,Low Carb Diets Found to Feed Heart Disease,1.0,1.0,0.9556,7971,2,828,12598,1.973,0.000362,9
5,A,Scrambling,0.9,1.1,10,How Curry Can Kill Cancer Cells,1.0,1.0,1.0,7381,1,825,11548,1.6094,0.000636,9
5,A,Scrambling,0.9,1.1,10,Testing Turmeric on Smokers,1.0,1.0,1.0,7642,2,836,11552,1.4185,0.003161,10
5,A,Scrambling,0.9,1.1,10,Alkylphenol Endocrine Disruptors and Allergies,1.0,1.0,1.0,7567,1,833,12367,1.4708,0.008035,10
5,A,Scrambling,0.9,1.1,10,Slowing Cognitive Decline with Berries,1.0,1.0,1.0,7693,1,830,11574,2.164,0.002724,10
5,A,Scrambling,0.9,1.1,10,What is ‘Meat Glue’?,1.0,1.0,1.0,8624,2,833,12727,1.8867,0.000914,10
5,A,Scrambling,0.9,1.1,10,Is Liquid Smoke Safe?,1.0,1.0,1.0,7319,2,848,11226,1.8344,0.002074,10
5,A,Scrambling,0.9,1.1,10,Does Antioxidant Intake Matter for Stroke and Heart Disease?,1.0,1.0,1.0,7642,1,830,12195,1.8344,0.003368,10
5,A,Scrambling,0.9,1.1,10,Does Antioxidant Intake Matter for Cancer?,1.0,1.0,1.0,8651,2,812,12745,1.6957,0.002813,10
5,A,Scrambling,0.9,1.1,10,Is buying organic worth it? A review of the science in new DVD,1.0,1.0,1.0,7960,2,855,11775,1.8867,0.003951,10
5,A,Scrambling,0.9,1.1,10,Orange Aromatherapy for Anxiety,1.0,1.0,1.0,8013,1,834,12316,1.8867,0.00319,10
5,A,Scrambling,0.9,1.1,10,Food Manufacturers Get to Decide if Their Own Additives Are Safe,1.0,1.0,1.0,8237,1,827,12740,1.8344,0.003727,10
5,A,Scrambling,0.9,1.1,10,Meat Industry Wins Right to Sell Tainted Meat,1.0,1.0,1.0,9470,2,827,13618,1.7481,0.00028,10
5,A,Scrambling,0.9,1.1,10,Chicken Salmonella Outbreaks Show Food Safety Systems Failure,1.0,1.0,1.0,8297,2,836,12322,2.3026,0.000682,10
5,A,Scrambling,0.9,1.1,10,Viral Food Poisoning from Pesticides?,1.0,1.0,1.0,6870,2,835,11215,2.0253,0.001973,10
5,A,Scrambling,0.9,1.1,10,The Reversal on Fish Oil,1.0,1.0,1.0,7319,1,846,11259,1.8867,0.001024,10
5,A,Scrambling,0.9,1.1,10,Are Multivitamins Just a Waste of Money?,1.0,1.0,1.0,8014,2,839,12080,1.8344,0.001774,10
5,A,Noise,0.9,1.1,10,Breast Cancer Cells Feed on Cholesterol,0.9,0.9457,0.9444,18226,4,1440,22185,1.8344,0.003746,10
5,A,Noise,0.9,1.1,10,Using Diet to Treat Asthma and Eczema,1.0,1.0,0.9111,12657,4,1189,16116,2.0253,0.0021,10
5,A,Noise,0.9,1.1,10,Treating Asthma With Plants vs. Pills,1.0,0.9999,0.9111,9337,2,1015,12523,2.164,0.000429,10
5,A,Noise,0.9,1.1,10,How Fruits and Vegetables Can Treat Asthma,1.0,1.0,1.0,9111,3,920,12027,2.164,0.001682,10
5,A,Noise,0.9,1.1,10,How Fruits and Vegetables Can Prevent Asthma,1.0,0.9997,0.9111,8799,2,871,11675,2.0253,0.001477,10
5,A,Noise,0.9,1.1,10,Our Tax Dollars Subsidize Unhealthy Foods,1.0,1.0,0.8667,8141,2,847,10955,1.4708,0.002997,10
5,A,Noise,0.9,1.1,10,Reducing Arsenic in Chicken and Rice,1.0,0.9992,0.9111,8500,3,830,11310,2.0253,0.009307,10
5,A,Noise,0.9,1.1,10,How Contaminated Are Our Children?,0.9,0.9408,0.8889,8404,3,839,11244,2.0253,0.000578,10
5,A,Noise,0.9,1.1,10,"Blood Type Diet Perceived as ""Crass Fraud""",1.0,1.0,0.9111,8420,2,855,11241,1.4708,0.00323,10
5,A,Noise,0.9,1.1,10,Why Do Heart Doctors Favor Surgery and Drugs Over Diet?,1.0,1.0,0.9111,8042,2,832,10851,1.8867,0.000891,9
5,A,Noise,0.9,1.1,10,Phytates in Beans: Anti-Nutrient or Anti-Cancer?,1.0,1.0,1.0,8826,3,845,11627,2.164,0.000395,10
5,A,Noise,0.9,1.1,10,How Phytates Fight Cancer Cells,0.9,0.9398,0.8333,7919,2,852,10696,2.0253,0.000344,9
5,A,Noise,0.9,1.1,10,Colon Cancer Prevention: Is it the Fiber or the Phytates?,0.9,0.9416,0.9444,8727,2,836,11801,1.6094,0.001896,9
5,A,Noise,0.9,1.1,10,Low Carb Diets Found to Feed Heart Disease,1.0,1.0,1.0,8441,2,829,11214,1.7481,0.000379,9
5,A,Noise,0.9,1.1,10,How Curry Can Kill Cancer Cells,1.0,1.0,0.8667,7435,2,843,10252,1.8344,0.000661,9
5,A,Noise,0.9,1.1,10,Testing Turmeric on Smokers,0.9,0.9452,0.9444,8212,2,829,10968,1.4185,0.003125,10
5,A,Noise,0.9,1.1,10,Alkylphenol Endocrine Disruptors and Allergies,1.0,1.0,0.9556,7869,2,846,10637,1.4708,0.007826,10
5,A,Noise,0.9,1.1,10,Slowing Cognitive Decline with Berries,1.0,1.0,1.0,7873,3,839,10670,2.164,0.002674,10
5,A,Noise,0.9,1.1,10,What is ‘Meat Glue’?,1.0,1.0,1.0,7721,2,830,10466,1.8867,0.000925,10
5,A,Noise,0.9,1.1,10,Is Liquid Smoke Safe?,1.0,1.0,1.0,8698,2,834,11487,2.164,0.001973,10
5,A,Noise,0.9,1.1,10,Does Antioxidant Intake Matter for Stroke and Heart Disease?,1.0,1.0,1.0,8346,2,852,11282,1.8344,0.003337,10
5,A,Noise,0.9,1.1,10,Does Antioxidant Intake Matter for Cancer?,1.0,1.0,0.9556,7657,2,829,10368,1.8344,0.00283,10
5,A,Noise,0.9,1.1,10,Is buying organic worth it? A review of the science in new DVD,1.0,1.0,1.0,8732,2,838,11526,1.8867,0.003974,10
5,A,Noise,0.9,1.1,10,Orange Aromatherapy for Anxiety,1.0,1.0,0.9556,8178,2,832,11184,2.0253,0.003229,10
5,A,Noise,0.9,1.1,10,Food Manufacturers Get to Decide if Their Own Additives Are Safe,1.0,1.0,1.0,8819,2,835,11631,1.8344,0.003713,10
5,A,Noise,0.9,1.1,10,Meat Industry Wins Right to Sell Tainted Meat,1.0,0.9999,0.8222,8475,2,840,11245,1.6094,0.000289,10
5,A,Noise,0.9,1.1,10,Chicken Salmonella Outbreaks Show Food Safety Systems Failure,1.0,1.0,1.0,7464,2,836,10676,2.164,0.000663,10
5,A,Noise,0.9,1.1,10,Viral Food Poisoning from Pesticides?,1.0,1.0,0.9556,8870,2,826,11603,1.8867,0.001904,10
5,A,Noise,0.9,1.1,10,The Reversal on Fish Oil,1.0,1.0,0.9111,7867,3,837,10680,1.8867,0.000961,10
5,A,Noise,0.9,1.1,10,Are Multivitamins Just a Waste of Money?,1.0,1.0,0.9556,7500,2,835,10672,1.8344,0.001784,10
5,A,Combined,0.9,1.1,10,Breast Cancer Cells Feed on Cholesterol,1.0,1.0,1.0,17643,20,1442,23126,2.0253,0.003435,10
5,A,Combined,0.9,1.1,10,Using Diet to Treat Asthma and Eczema,1.0,1.0,1.0,12281,4,1216,16885,1.6957,0.002047,10
5,A,Combined,0.9,1.1,10,Treating Asthma With Plants vs. Pills,1.0,1.0,1.0,11935,4,1006,16132,2.164,0.000395,10
5,A,Combined,0.9,1.1,10,How Fruits and Vegetables Can Treat Asthma,1.0,1.0,1.0,8828,2,923,13021,2.0253,0.00175,10
5,A,Combined,0.9,1.1,10,How Fruits and Vegetables Can Prevent Asthma,1.0,1.0,0.9556,9118,3,873,12974,2.0253,0.00154,10
5,A,Combined,0.9,1.1,10,Our Tax Dollars Subsidize Unhealthy Foods,1.0,1.0,0.9556,9142,2,835,14072,1.7481,0.003057,10
5,A,Combined,0.9,1.1,10,Reducing Arsenic in Chicken and Rice,1.0,1.0,1.0,6464,2,834,9581,2.0253,0.009352,10
5,A,Combined,0.9,1.1,10,How Contaminated Are Our Children?,1.0,1.0,1.0,8970,3,822,12040,2.164,0.000605,10
5,A,Combined,0.9,1.1,10,"Blood Type Diet Perceived as ""Crass Fraud""",0.9,0.9444,0.9444,8204,3,866,11158,1.3592,0.003295,10
5,A,Combined,0.9,1.1,10,Why Do Heart Doctors Favor Surgery and Drugs Over Diet?,0.9,0.9413,0.8889,7575,2,832,11653,1.8867,0.000914,9
5,A,Combined,0.9,1.1,10,Phytates in Beans: Anti-Nutrient or Anti-Cancer?,1.0,1.0,1.0,8468,3,837,12758,1.7481,0.000388,10
5,A,Combined,0.9,1.1,10,How Phytates Fight Cancer Cells,0.9,0.9399,0.8889,8796,3,838,12747,2.164,0.000326,10
5,A,Combined,0.9,1.1,10,Colon Cancer Prevention: Is it the Fiber or the Phytates?,0.9,0.9416,0.9444,7992,2,843,12296,1.7481,0.001899,10
5,A,Combined,0.9,1.1,10,Low Carb Diets Found to Feed Heart Disease,1.0,1.0,1.0,8336,3,848,11749,2.0253,0.000375,9
5,A,Combined,0.9,1.1,10,How Curry Can Kill Cancer Cells,1.0,1.0,0.8222,7737,3,847,11733,1.8344,0.000687,9
5,A,Combined,0.9,1.1,10,Testing Turmeric on Smokers,1.0,1.0,0.9111,7899,2,848,11422,1.8344,0.003075,10
5,A,Combined,0.9,1.1,10,Alkylphenol Endocrine Disruptors and Allergies,1.0,1.0,0.9556,8183,2,834,12366,1.4708,0.008029,10
5,A,Combined,0.9,1.1,10,Slowing Cognitive Decline with Berries,1.0,1.0,1.0,9545,3,825,13146,2.164,0.002531,10
5,A,Combined,0.9,1.1,10,What is ‘Meat Glue’?,1.0,1.0,0.9111,8861,3,832,13279,2.0253,0.000876,10
5,A,Combined,0.9,1.1,10,Is Liquid Smoke Safe?,1.0,0.9999,0.8667,8408,3,857,11485,1.6957,0.002151,10
5,A,Combined,0.9,1.1,10,Does Antioxidant Intake Matter for Stroke and Heart Disease?,1.0,1.0,1.0,8417,3,831,11085,1.7481,0.003299,10
5,A,Combined,0.9,1.1,10,Does Antioxidant Intake Matter for Cancer?,0.9,0.9411,0.9444,8512,3,837,11210,1.6957,0.002804,10
5,A,Combined,0.9,1.1,10,Is buying organic worth it? A review of the science in new DVD,1.0,1.0,1.0,8739,3,838,11429,1.6957,0.00384,10
5,A,Combined,0.9,1.1,10,Orange Aromatherapy for Anxiety,1.0,1.0,1.0,8359,2,837,10947,1.8867,0.003148,10
5,A,Combined,0.9,1.1,10,Food Manufacturers Get to Decide if Their Own Additives Are Safe,1.0,1.0,0.9556,8434,3,850,11045,1.8344,0.003682,10
5,A,Combined,0.9,1.1,10,Meat Industry Wins Right to Sell Tainted Meat,1.0,0.9999,0.7333,7942,3,847,10918,1.6094,0.000296,10
5,A,Combined,0.9,1.1,10,Chicken Salmonella Outbreaks Show Food Safety Systems Failure,1.0,1.0,1.0,8495,3,849,11185,2.3026,0.000702,10
5,A,Combined,0.9,1.1,10,Viral Food Poisoning from Pesticides?,1.0,1.0,0.9556,8040,3,845,11391,2.0253,0.001952,10
5,A,Combined,0.9,1.1,10,The Reversal on Fish Oil,1.0,0.9996,0.9111,7774,3,844,10476,2.0253,0.000994,10
5,A,Combined,0.9,1.1,10,Are Multivitamins Just a Waste of Money?,1.0,1.0,1.0,8584,3,813,12024,1.8344,0.00173,10
5,A,Rome,1.0,1.0,10,Breast Cancer Cells Feed on Cholesterol,1.0,1.0,1.0,11229,60,1486,16385,2.0253,0.003559,10
5,A,Rome,1.0,1.0,10,Using Diet to Treat Asthma and Eczema,1.0,1.0,1.0,9540,44,1323,14806,1.8344,0.002109,10
5,A,Rome,1.0,1.0,10,Treating Asthma With Plants vs. Pills,1.0,1.0,1.0,9329,40,1230,13878,2.0253,0.000406,10
5,A,Rome,1.0,1.0,10,How Fruits and Vegetables Can Treat Asthma,1.0,1.0,1.0,8604,39,1159,13115,2.0253,0.001719,10
5,A,Rome,1.0,1.0,10,How Fruits and Vegetables Can Prevent Asthma,1.0,1.0,1.0,8279,40,1143,12689,2.0253,0.001538,10
5,A,Rome,1.0,1.0,10,Our Tax Dollars Subsidize Unhealthy Foods,1.0,1.0,1.0,8311,37,1128,12714,1.6094,0.003116,10
5,A,Rome,1.0,1.0,10,Reducing Arsenic in Chicken and Rice,1.0,1.0,1.0,8588,37,1121,12874,2.0253,0.009455,10
5,A,Rome,1.0,1.0,10,How Contaminated Are Our Children?,1.0,1.0,1.0,9039,37,1135,13452,2.3026,0.000587,10
5,A,Rome,1.0,1.0,10,"Blood Type Diet Perceived as ""Crass Fraud""",1.0,1.0,1.0,7771,37,1137,12047,1.3592,0.003264,10
5,A,Rome,1.0,1.0,10,Why Do Heart Doctors Favor Surgery and Drugs Over Diet?,1.0,1.0,1.0,8285,42,1141,11873,1.8344,0.000878,9
5,A,Rome,1.0,1.0,10,Phytates in Beans: Anti-Nutrient or Anti-Cancer?,1.0,1.0,1.0,8219,37,1133,13083,2.164,0.000424,10
5,A,Rome,1.0,1.0,10,How Phytates Fight Cancer Cells,1.0,1.0,1.0,6439,37,1121,10739,2.164,0.000335,9
5,A,Rome,1.0,1.0,10,Colon Cancer Prevention: Is it the Fiber or the Phytates?,1.0,1.0,1.0,7482,39,1146,11583,1.6094,0.001848,10
5,A,Rome,1.0,1.0,10,Low Carb Diets Found to Feed Heart Disease,1.0,1.0,1.0,8497,37,1129,12220,1.973,0.000362,9
5,A,Rome,1.0,1.0,10,How Curry Can Kill Cancer Cells,1.0,1.0,0.9556,7916,39,1131,12264,1.6094,0.000636,9
5,A,Rome,1.0,1.0,10,Testing Turmeric on Smokers,1.0,1.0,1.0,8248,36,1127,12664,1.4185,0.003161,10
5,A,Rome,1.0,1.0,10,Alkylphenol Endocrine Disruptors and Allergies,1.0,1.0,1.0,8620,38,1158,14462,1.4708,0.008035,10
5,A,Rome,1.0,1.0,10,Slowing Cognitive Decline with Berries,1.0,1.0,1.0,7748,37,1121,12685,2.164,0.002724,10
5,A,Rome,1.0,1.0,10,What is ‘Meat Glue’?,1.0,1.0,1.0,8386,37,1127,12427,1.8867,0.000914,10
5,A,Rome,1.0,1.0,10,Is Liquid Smoke Safe?,1.0,1.0,1.0,7694,37,1131,11998,1.8344,0.002074,10
5,A,Rome,1.0,1.0,10,Does Antioxidant Intake Matter for Stroke and Heart Disease?,1.0,1.0,1.0,8967,38,1144,13454,1.8344,0.003368,10
5,A,Rome,1.0,1.0,10,Does Antioxidant Intake Matter for Cancer?,1.0,1.0,1.0,8158,39,1130,12234,1.6957,0.002813,10
5,A,Rome,1.0,1.0,10,Is buying organic worth it? A review of the science in new DVD,1.0,1.0,1.0,8240,37,1124,12600,1.8867,0.003951,10
5,A,Rome,1.0,1.0,10,Orange Aromatherapy for Anxiety,1.0,1.0,1.0,8795,37,1125,13110,1.8867,0.00319,10
5,A,Rome,1.0,1.0,10,Food Manufacturers Get to Decide if Their Own Additives Are Safe,1.0,1.0,1.0,9237,37,1133,13390,1.8344,0.003727,10
5,A,Rome,1.0,1.0,10,Meat Industry Wins Right to Sell Tainted Meat,1.0,1.0,1.0,8168,38,1126,11820,1.7481,0.00028,10
5,A,Rome,1.0,1.0,10,Chicken Salmonella Outbreaks Show Food Safety Systems Failure,1.0,1.0,1.0,8159,35,1125,12464,2.3026,0.000682,10
5,A,Rome,1.0,1.0,10,Viral Food Poisoning from Pesticides?,1.0,1.0,1.0,9465,34,1127,13815,2.0253,0.001973,10
5,A,Rome,1.0,1.0,10,The Reversal on Fish Oil,1.0,1.0,1.0,8052,37,1140,12513,1.8867,0.001024,10
5,A,Rome,1.0,1.0,10,Are Multivitamins Just a Waste of Money?,1.0,1.0,1.0,7773,39,1138,12285,1.8344,0.001774,10
5,A,RomeCombined,0.9,1.1,10,Breast Cancer Cells Feed on Cholesterol,0.9,0.9457,1.0,15461,81,1983,21435,2.0253,0.003738,10
5,A,RomeCombined,0.9,1.1,10,Using Diet to Treat Asthma and Eczema,1.0,1.0,0.9556,13228,54,1631,18205,1.6957,0.002121,9
5,A,RomeCombined,0.9,1.1,10,Treating Asthma With Plants vs. Pills,1.0,1.0,1.0,11237,46,1365,15910,2.0253,0.000401,10
5,A,RomeCombined,0.9,1.1,10,How Fruits and Vegetables Can Treat Asthma,1.0,1.0,1.0,9650,41,1263,14298,2.0253,0.00171,10
5,A,RomeCombined,0.9,1.1,10,How Fruits and Vegetables Can Prevent Asthma,1.0,0.9998,0.9556,8737,41,1175,13430,1.8867,0.001503,10
5,A,RomeCombined,0.9,1.1,10,Our Tax Dollars Subsidize Unhealthy Foods,1.0,1.0,0.9556,8875,38,1125,13659,1.6094,0.00309,10
5,A,RomeCombined,0.9,1.1,10,Reducing Arsenic in Chicken and Rice,1.0,1.0,1.0,8609,39,1118,12336,2.0253,0.009171,10
5,A,RomeCombined,0.9,1.1,10,How Contaminated Are Our Children?,1.0,1.0,1.0,8935,38,1134,12323,2.164,0.000567,10
5,A,RomeCombined,0.9,1.1,10,"Blood Type Diet Perceived as ""Crass Fraud""",1.0,1.0,0.9556,8180,40,1154,11413,1.4979,0.003201,10
5,A,RomeCombined,0.9,1.1,10,Why Do Heart Doctors Favor Surgery and Drugs Over Diet?,1.0,1.0,0.9111,8221,38,1129,13073,1.8867,0.000925,9
5,A,RomeCombined,0.9,1.1,10,Phytates in Beans: Anti-Nutrient or Anti-Cancer?,1.0,1.0,0.9111,8454,39,1132,12877,1.8867,0.000424,10
5,A,RomeCombined,0.9,1.1,10,How Phytates Fight Cancer Cells,0.9,0.9399,0.8889,8074,36,1125,12479,2.0253,0.000326,10
5,A,RomeCombined,0.9,1.1,10,Colon Cancer Prevention: Is it the Fiber or the Phytates?,0.9,0.9416,0.8889,8184,40,1154,12666,1.7481,0.001849,10
5,A,RomeCombined,0.9,1.1,10,Low Carb Diets Found to Feed Heart Disease,0.9,0.9404,0.8333,8006,40,1126,12566,1.8344,0.000351,9
5,A,RomeCombined,0.9,1.1,10,How Curry Can Kill Cancer Cells,1.0,1.0,0.8667,7627,39,1117,11546,1.4979,0.000697,9
5,A,RomeCombined,0.9,1.1,10,Testing Turmeric on Smokers,1.0,1.0,0.9556,8142,37,1122,11525,1.7481,0.003139,10
5,A,RomeCombined,0.9,1.1,10,Alkylphenol Endocrine Disruptors and Allergies,1.0,1.0,0.9556,9538,40,1132,13001,1.4708,0.008012,10
5,A,RomeCombined,0.9,1.1,10,Slowing Cognitive Decline with Berries,1.0,1.0,1.0,9533,37,1126,13174,2.164,0.002664,10
5,A,RomeCombined,0.9,1.1,10,What is ‘Meat Glue’?,1.0,1.0,1.0,8809,37,1131,11837,1.8867,0.000879,10
5,A,RomeCombined,0.9,1.1,10,Is Liquid Smoke Safe?,1.0,1.0,1.0,8622,39,1137,11669,1.8344,0.002142,10
5,A,RomeCombined,0.9,1.1,10,Does Antioxidant Intake Matter for Stroke and Heart Disease?,1.0,1.0,0.9556,8704,39,1137,11828,1.8344,0.003434,10
5,A,RomeCombined,0.9,1.1,10,Does Antioxidant Intake Matter for Cancer?,1.0,1.0,0.9556,8881,40,1126,11778,1.8867,0.002826,10
5,A,RomeCombined,0.9,1.1,10,Is buying organic worth it? A review of the science in new DVD,1.0,1.0,1.0,8337,37,1134,11251,1.6957,0.003845,10
5,A,RomeCombined,0.9,1.1,10,Orange Aromatherapy for Anxiety,1.0,1.0,1.0,8211,39,1135,11166,2.164,0.003102,10
5,A,RomeCombined,0.9,1.1,10,Food Manufacturers Get to Decide if Their Own Additives Are Safe,1.0,1.0,1.0,7980,38,1137,11162,1.6957,0.003719,10
5,A,RomeCombined,0.9,1.1,10,Meat Industry Wins Right to Sell Tainted Meat,1.0,1.0,1.0,8786,36,1126,12431,1.8344,0.000255,10
5,A,RomeCombined,0.9,1.1,10,Chicken Salmonella Outbreaks Show Food Safety Systems Failure,1.0,1.0,1.0,8765,37,1131,12257,2.164,0.000675,10
5,A,RomeCombined,0.9,1.1,10,Viral Food Poisoning from Pesticides?,1.0,1.0,0.9556,8482,36,1131,12934,1.8344,0.001974,10
5,A,RomeCombined,0.9,1.1,10,The Reversal on Fish Oil,1.0,1.0,0.9556,9422,40,1137,14071,2.0253,0.001005,10
5,A,RomeCombined,0.9,1.1,10,Are Multivitamins Just a Waste of Money?,1.0,1.0,0.9556,8536,36,1128,12527,2.0253,0.001776,10
5,A,Romm,1.0,1.0,10,Breast Cancer Cells Feed on Cholesterol,1.0,1.0,1.0,14965,45,1281,21242,2.0253,0.003559,10
5,A,Romm,1.0,1.0,10,Using Diet to Treat Asthma and Eczema,1.0,1.0,1.0,10953,29,1090,16448,1.8344,0.002109,10
5,A,Romm,1.0,1.0,10,Treating Asthma With Plants vs. Pills,1.0,1.0,1.0,10680,25,997,15559,2.0253,0.000406,10
5,A,Romm,1.0,1.0,10,How Fruits and Vegetables Can Treat Asthma,1.0,1.0,1.0,8519,23,921,12934,2.0253,0.001719,10
5,A,Romm,1.0,1.0,10,How Fruits and Vegetables Can Prevent Asthma,1.0,1.0,1.0,9011,24,866,12216,2.0253,0.001538,10
5,A,Romm,1.0,1.0,10,Our Tax Dollars Subsidize Unhealthy Foods,1.0,1.0,1.0,9566,21,814,12170,1.6094,0.003116,10
5,A,Romm,1.0,1.0,10,Reducing Arsenic in Chicken and Rice,1.0,1.0,1.0,7790,22,818,12243,2.0253,0.009455,10
5,A,Romm,1.0,1.0,10,How Contaminated Are Our Children?,1.0,1.0,1.0,7099,23,823,10964,2.3026,0.000587,10
5,A,Romm,1.0,1.0,10,"Blood Type Diet Perceived as ""Crass Fraud""",1.0,1.0,1.0,8004,22,830,11710,1.3592,0.003264,10
5,A,Romm,1.0,1.0,10,Why Do Heart Doctors Favor Surgery and Drugs Over Diet?,1.0,1.0,0.9556,8544,25,845,12416,1.8344,0.000878,9
5,A,Romm,1.0,1.0,10,Phytates in Beans: Anti-Nutrient or Anti-Cancer?,1.0,1.0,1.0,8111,20,827,12130,2.164,0.000424,10
5,A,Romm,1.0,1.0,10,How Phytates Fight Cancer Cells,0.9,0.9399,1.0,8324,23,832,12383,2.164,0.000335,9
5,A,Romm,1.0,1.0,10,Colon Cancer Prevention: Is it the Fiber or the Phytates?,1.0,1.0,1.0,7915,24,836,12070,1.6094,0.001848,10
5,A,Romm,1.0,1.0,10,Low Carb Diets Found to Feed Heart Disease,1.0,1.0,0.9556,7860,23,823,12774,1.973,0.000362,9
5,A,Romm,1.0,1.0,10,How Curry Can Kill Cancer Cells,1.0,1.0,1.0,8099,23,841,12149,1.6094,0.000636,9
5,A,Romm,1.0,1.0,10,Testing Turmeric on Smokers,1.0,1.0,1.0,8372,22,832,11910,1.4185,0.003161,10
5,A,Romm,1.0,1.0,10,Alkylphenol Endocrine Disruptors and Allergies,1.0,1.0,1.0,8060,21,837,11234,1.4708,0.008035,10
5,A,Romm,1.0,1.0,10,Slowing Cognitive Decline with Berries,1.0,1.0,1.0,9645,23,823,14641,2.164,0.002724,10
5,A,Romm,1.0,1.0,10,What is ‘Meat Glue’?,1.0,1.0,1.0,7291,23,818,11300,1.8867,0.000914,10
5,A,Romm,1.0,1.0,10,Is Liquid Smoke Safe?,1.0,1.0,1.0,7220,24,830,11304,1.8344,0.002074,10
5,A,Romm,1.0,1.0,10,Does Antioxidant Intake Matter for Stroke and Heart Disease?,1.0,1.0,1.0,8749,24,862,12335,1.8344,0.003368,10
5,A,Romm,1.0,1.0,10,Does Antioxidant Intake Matter for Cancer?,1.0,1.0,1.0,7638,24,824,11729,1.6957,0.002813,10
5,A,Romm,1.0,1.0,10,Is buying organic worth it? A review of the science in new DVD,1.0,1.0,1.0,7737,24,835,11529,1.8867,0.003951,10
5,A,Romm,1.0,1.0,10,Orange Aromatherapy for Anxiety,1.0,1.0,1.0,8185,22,833,11435,1.8867,0.00319,10
5,A,Romm,1.0,1.0,10,Food Manufacturers Get to Decide if Their Own Additives Are Safe,1.0,1.0,1.0,8197,20,807,12205,1.8344,0.003727,10
5,A,Romm,1.0,1.0,10,Meat Industry Wins Right to Sell Tainted Meat,1.0,1.0,1.0,7878,23,848,11482,1.7481,0.00028,10
5,A,Romm,1.0,1.0,10,Chicken Salmonella Outbreaks Show Food Safety Systems Failure,1.0,1.0,1.0,7546,23,834,11195,2.3026,0.000682,10
5,A,Romm,1.0,1.0,10,Viral Food Poisoning from Pesticides?,1.0,1.0,1.0,7092,22,823,11567,2.0253,0.001973,10
5,A,Romm,1.0,1.0,10,The Reversal on Fish Oil,1.0,1.0,1.0,8073,23,822,12105,1.8867,0.001024,10
5,A,Romm,1.0,1.0,10,Are Multivitamins Just a Waste of Money?,1.0,1.0,1.0,8163,22,835,12113,1.8344,0.001774,10
5,A,RommCombined,0.9,1.1,10,Breast Cancer Cells Feed on Cholesterol,0.9,0.9457,1.0,15967,53,1442,21512,2.164,0.003521,10
5,A,RommCombined,0.9,1.1,10,Using Diet to Treat Asthma and Eczema,1.0,1.0,1.0,12657,32,1192,17397,1.8344,0.002138,10
5,A,RommCombined,0.9,1.1,10,Treating Asthma With Plants vs. Pills,1.0,0.9997,0.8222,10374,27,1011,14719,1.8867,0.000397,10
5,A,RommCombined,0.9,1.1,10,How Fruits and Vegetables Can Treat Asthma,1.0,1.0,1.0,10197,26,1003,13753,1.8344,0.001644,10
5,A,RommCombined,0.9,1.1,10,How Fruits and Vegetables Can Prevent Asthma,1.0,1.0,1.0,10590,23,858,14800,1.8867,0.001493,10
5,A,RommCombined,0.9,1.1,10,Our Tax Dollars Subsidize Unhealthy Foods,1.0,1.0,1.0,8220,22,836,11767,1.7481,0.003147,10
5,A,RommCombined,0.9,1.1,10,Reducing Arsenic in Chicken and Rice,1.0,1.0,1.0,9373,23,836,12056,2.0253,0.009211,10
5,A,RommCombined,0.9,1.1,10,How Contaminated Are Our Children?,1.0,1.0,1.0,8944,25,832,11692,2.164,0.000565,10
5,A,RommCombined,0.9,1.1,10,"Blood Type Diet Perceived as ""Crass Fraud""",1.0,1.0,1.0,7877,22,851,10623,1.3592,0.003184,10
5,A,RommCombined,0.9,1.1,10,Why Do Heart Doctors Favor Surgery and Drugs Over Diet?,1.0,1.0,0.9111,9594,22,838,12484,1.6094,0.000881,9
5,A,RommCombined,0.9,1.1,10,Phytates in Beans: Anti-Nutrient or Anti-Cancer?,1.0,1.0,0.9556,8010,22,868,10732,2.164,0.000404,10
5,A,RommCombined,0.9,1.1,10,How Phytates Fight Cancer Cells,1.0,0.9999,0.9556,9195,24,832,12333,1.7481,0.000326,10
5,A,RommCombined,0.9,1.1,10,Colon Cancer Prevention: Is it the Fiber or the Phytates?,0.9,0.9416,1.0,8267,21,842,11419,1.7481,0.001818,10
5,A,RommCombined,0.9,1.1,10,Low Carb Diets Found to Feed Heart Disease,1.0,1.0,0.8667,8791,22,853,12697,1.8344,0.000326,9
5,A,RommCombined,0.9,1.1,10,How Curry Can Kill Cancer Cells,1.0,0.9999,0.8667,8022,22,832,10710,1.3592,0.000658,9
5,A,RommCombined,0.9,1.1,10,Testing Turmeric on Smokers,1.0,1.0,1.0,7355,21,845,10261,1.6094,0.00303,10
5,A,RommCombined,0.9,1.1,10,Alkylphenol Endocrine Disruptors and Allergies,1.0,1.0,0.9556,7042,24,842,11574,1.4708,0.008028,10
5,A,RommCombined,0.9,1.1,10,Slowing Cognitive Decline with Berries,1.0,1.0,1.0,7634,24,847,11704,2.164,0.002756,10
5,A,RommCombined,0.9,1.1,10,What is ‘Meat Glue’?,1.0,0.9999,0.9111,7794,23,837,12042,2.0253,0.000932,10
5,A,RommCombined,0.9,1.1,10,Is Liquid Smoke Safe?,1.0,1.0,0.9556,7817,24,824,11436,1.973,0.001994,10
5,A,RommCombined,0.9,1.1,10,Does Antioxidant Intake Matter for Stroke and Heart Disease?,1.0,1.0,1.0,8107,23,837,11439,1.8344,0.003375,10
5,A,RommCombined,0.9,1.1,10,Does Antioxidant Intake Matter for Cancer?,1.0,1.0,1.0,8110,24,842,11350,1.8867,0.002765,10
5,A,RommCombined,0.9,1.1,10,Is buying organic worth it? A review of the science in new DVD,1.0,1.0,1.0,8574,25,830,13238,1.8867,0.003902,10
5,A,RommCombined,0.9,1.1,10,Orange Aromatherapy for Anxiety,1.0,1.0,1.0,6635,23,833,10680,1.8867,0.003129,10
5,A,RommCombined,0.9,1.1,10,Food Manufacturers Get to Decide if Their Own Additives Are Safe,1.0,0.9999,0.9111,8655,22,838,12726,1.8344,0.003627,10
5,A,RommCombined,0.9,1.1,10,Meat Industry Wins Right to Sell Tainted Meat,1.0,1.0,0.7778,7854,23,830,12418,1.6957,0.000279,10
5,A,RommCombined,0.9,1.1,10,Chicken Salmonella Outbreaks Show Food Safety Systems Failure,1.0,1.0,1.0,7875,24,825,11211,2.164,0.000651,10
5,A,RommCombined,0.9,1.1,10,Viral Food Poisoning from Pesticides?,1.0,1.0,0.9556,7933,24,835,10786,1.8344,0.001973,10
5,A,RommCombined,0.9,1.1,10,The Reversal on Fish Oil,1.0,1.0,1.0,7721,24,832,11309,1.8867,0.001027,10
5,A,RommCombined,0.9,1.1,10,Are Multivitamins Just a Waste of Money?,1.0,1.0,1.0,8467,24,831,13003,2.0253,0.001753,10
5,A,Diehard,1.0,1.0,10,Breast Cancer Cells Feed on Cholesterol,1.0,1.0,1.0,16912,65,998,22879,2.0253,0.003559,10
5,A,Diehard,1.0,1.0,10,Using Diet to Treat Asthma and Eczema,1.0,1.0,1.0,11663,41,825,15495,1.8344,0.002109,10
5,A,Diehard,1.0,1.0,10,Treating Asthma With Plants vs. Pills,1.0,1.0,1.0,10841,36,729,15803,2.0253,0.000406,10
5,A,Diehard,1.0,1.0,10,How Fruits and Vegetables Can Treat Asthma,1.0,1.0,1.0,10651,32,697,15359,2.0253,0.001719,10
5,A,Diehard,1.0,1.0,10,How Fruits and Vegetables Can Prevent Asthma,1.0,1.0,1.0,8254,29,632,12037,2.0253,0.001538,10
5,A,Diehard,1.0,1.0,10,Our Tax Dollars Subsidize Unhealthy Foods,1.0,1.0,1.0,9145,31,611,13052,1.6094,0.003116,10
5,A,Diehard,1.0,1.0,10,Reducing Arsenic in Chicken and Rice,1.0,1.0,1.0,7532,28,634,11172,2.0253,0.009455,10
5,A,Diehard,1.0,1.0,10,How Contaminated Are Our Children?,1.0,1.0,1.0,8131,30,590,12209,2.3026,0.000587,10
5,A,Diehard,1.0,1.0,10,"Blood Type Diet Perceived as ""Crass Fraud""",1.0,1.0,1.0,8419,29,618,11702,1.3592,0.003264,10
5,A,Diehard,1.0,1.0,10,Why Do Heart Doctors Favor Surgery and Drugs Over Diet?,1.0,1.0,1.0,7914,26,611,12075,1.8344,0.000878,9
5,A,Diehard,1.0,1.0,10,Phytates in Beans: Anti-Nutrient or Anti-Cancer?,1.0,1.0,1.0,7714,29,623,12008,2.164,0.000424,10
5,A,Diehard,1.0,1.0,10,How Phytates Fight Cancer Cells,0.9,0.9399,1.0,8836,26,599,12332,2.164,0.000335,9
5,A,Diehard,1.0,1.0,10,Colon Cancer Prevention: Is it the Fiber or the Phytates?,1.0,1.0,1.0,8329,29,615,11653,1.6094,0.001848,10
5,A,Diehard,1.0,1.0,10,Low Carb Diets Found to Feed Heart Disease,1.0,1.0,1.0,9308,28,657,13171,1.973,0.000362,9
5,A,Diehard,1.0,1.0,10,How Curry Can Kill Cancer Cells,1.0,1.0,0.9556,9250,26,594,13141,1.6094,0.000636,9
5,A,Diehard,1.0,1.0,10,Testing Turmeric on Smokers,1.0,1.0,1.0,7674,30,597,11379,1.4185,0.003161,10
5,A,Diehard,1.0,1.0,10,Alkylphenol Endocrine Disruptors and Allergies,1.0,1.0,1.0,7929,30,617,11558,1.4708,0.008035,10
5,A,Diehard,1.0,1.0,10,Slowing Cognitive Decline with Berries,1.0,1.0,1.0,7154,29,604,11418,2.164,0.002724,10
5,A,Diehard,1.0,1.0,10,What is ‘Meat Glue’?,1.0,1.0,1.0,7956,26,579,11053,1.8867,0.000914,10
5,A,Diehard,1.0,1.0,10,Is Liquid Smoke Safe?,1.0,1.0,1.0,7652,29,633,11019,1.8344,0.002074,10
5,A,Diehard,1.0,1.0,10,Does Antioxidant Intake Matter for Stroke and Heart Disease?,1.0,1.0,1.0,8051,26,607,11174,1.8344,0.003368,10
5,A,Diehard,1.0,1.0,10,Does Antioxidant Intake Matter for Cancer?,1.0,1.0,1.0,7885,29,602,11802,1.6957,0.002813,10
5,A,Diehard,1.0,1.0,10,Is buying organic worth it? A review of the science in new DVD,1.0,1.0,1.0,8258,26,614,11981,1.8867,0.003951,10
5,A,Diehard,1.0,1.0,10,Orange Aromatherapy for Anxiety,1.0,1.0,1.0,7115,26,648,10054,1.8867,0.00319,10
5,A,Diehard,1.0,1.0,10,Food Manufacturers Get to Decide if Their Own Additives Are Safe,1.0,1.0,1.0,8795,30,607,12089,1.8344,0.003727,10
5,A,Diehard,1.0,1.0,10,Meat Industry Wins Right to Sell Tainted Meat,1.0,1.0,1.0,8267,30,599,12152,1.7481,0.00028,10
5,A,Diehard,1.0,1.0,10,Chicken Salmonella Outbreaks Show Food Safety Systems Failure,1.0,1.0,1.0,8780,29,621,12073,2.3026,0.000682,10
5,A,Diehard,1.0,1.0,10,Viral Food Poisoning from Pesticides?,1.0,1.0,1.0,8096,27,564,12922,2.0253,0.001973,10
5,A,Diehard,1.0,1.0,10,The Reversal on Fish Oil,1.0,1.0,1.0,7843,27,596,11515,1.8867,0.001024,10
5,A,Diehard,1.0,1.0,10,Are Multivitamins Just a Waste of Money?,1.0,1.0,1.0,8523,30,623,12621,1.8344,0.001774,10
5,A,DiehardCombined,0.9,1.1,10,Breast Cancer Cells Feed on Cholesterol,0.9,0.9453,0.7222,13550,59,909,18437,2.164,2.9e-05,10
5,A,DiehardCombined,0.9,1.1,10,Using Diet to Treat Asthma and Eczema,0.8,0.8795,0.8571,9865,38,761,15199,1.8867,1.4e-05,10
5,A,DiehardCombined,0.9,1.1,10,Treating Asthma With Plants vs. Pills,0.9,0.9311,0.6111,10643,35,669,14711,2.0253,6e-06,10
5,A,DiehardCombined,0.9,1.1,10,How Fruits and Vegetables Can Treat Asthma,1.0,0.9974,0.6889,8829,31,642,12069,1.6094,1.1e-05,10
5,A,DiehardCombined,0.9,1.1,10,How Fruits and Vegetables Can Prevent Asthma,0.9,0.9405,0.3333,7971,33,621,11902,1.7481,8e-06,8
5,A,DiehardCombined,0.9,1.1,10,Our Tax Dollars Subsidize Unhealthy Foods,0.8,0.8851,0.6429,7702,28,653,10901,1.6957,3.2e-05,10
5,A,DiehardCombined,0.9,1.1,10,Reducing Arsenic in Chicken and Rice,0.9,0.947,0.8333,8823,28,596,12422,1.8344,9.1e-05,10
5,A,DiehardCombined,0.9,1.1,10,How Contaminated Are Our Children?,0.7,0.7791,-0.2381,8203,28,609,12094,2.164,7e-06,10
5,A,DiehardCombined,0.9,1.1,10,"Blood Type Diet Perceived as ""Crass Fraud""",0.6,0.7374,0.7333,8256,30,623,11568,1.6957,2.1e-05,10
5,A,DiehardCombined,0.9,1.1,10,Why Do Heart Doctors Favor Surgery and Drugs Over Diet?,0.8,0.8641,0.4286,8095,30,604,12570,1.8867,6e-06,9
5,A,DiehardCombined,0.9,1.1,10,Phytates in Beans: Anti-Nutrient or Anti-Cancer?,0.6,0.7308,0.6,8905,30,603,12135,2.164,7e-06,10
5,A,DiehardCombined,0.9,1.1,10,How Phytates Fight Cancer Cells,0.6,0.6876,0.0667,8152,30,605,10844,1.4979,3e-06,8
5,A,DiehardCombined,0.9,1.1,10,Colon Cancer Prevention: Is it the Fiber or the Phytates?,0.6,0.7208,0.3333,8106,27,617,12241,2.0253,1.5e-05,10
5,A,DiehardCombined,0.9,1.1,10,Low Carb Diets Found to Feed Heart Disease,0.6,0.6788,0.6,8135,27,597,12145,1.6957,4e-06,7
5,A,DiehardCombined,0.9,1.1,10,How Curry Can Kill Cancer Cells,0.7,0.7614,0.9048,8158,30,598,11452,1.8344,1.1e-05,8
5,A,DiehardCombined,0.9,1.1,10,Testing Turmeric on Smokers,0.7,0.8277,1.0,7842,28,614,10676,1.8867,1.9e-05,10
5,A,DiehardCombined,0.9,1.1,10,Alkylphenol Endocrine Disruptors and Allergies,0.9,0.9394,0.7222,7763,27,576,10639,1.3592,7.8e-05,9
5,A,DiehardCombined,0.9,1.1,10,Slowing Cognitive Decline with Berries,0.9,0.9418,0.7222,7545,30,627,11396,1.8867,2.3e-05,9
5,A,DiehardCombined,0.9,1.1,10,What is ‘Meat Glue’?,0.9,0.9377,0.5556,6975,32,614,11118,2.0253,6e-06,10
5,A,DiehardCombined,0.9,1.1,10,Is Liquid Smoke Safe?,0.9,0.9384,0.6111,7723,30,596,11638,1.8867,1.4e-05,10
5,A,DiehardCombined,0.9,1.1,10,Does Antioxidant Intake Matter for Stroke and Heart Disease?,0.7,0.8146,1.0,7993,38,620,11861,1.8867,3e-05,10
5,A,DiehardCombined,0.9,1.1,10,Does Antioxidant Intake Matter for Cancer?,0.6,0.7406,0.3333,8330,30,605,12166,1.973,1.2e-05,10
5,A,DiehardCombined,0.9,1.1,10,Is buying organic worth it? A review of the science in new DVD,1.0,0.9975,0.7333,8519,27,607,12563,2.0253,3.5e-05,10
5,A,DiehardCombined,0.9,1.1,10,Orange Aromatherapy for Anxiety,1.0,0.9941,0.9111,7855,31,610,11576,2.0253,5.6e-05,10
5,A,DiehardCombined,0.9,1.1,10,Food Manufacturers Get to Decide if Their Own Additives Are Safe,0.7,0.8099,0.8095,9176,31,599,13088,1.6957,1.4e-05,9
5,A,DiehardCombined,0.9,1.1,10,Meat Industry Wins Right to Sell Tainted Meat,0.8,0.8664,0.2857,6625,31,606,10635,1.8867,1e-06,9
5,A,DiehardCombined,0.9,1.1,10,Chicken Salmonella Outbreaks Show Food Safety Systems Failure,0.8,0.8744,0.7143,7028,30,603,10678,1.973,1.2e-05,10
5,A,DiehardCombined,0.9,1.1,10,Viral Food Poisoning from Pesticides?,0.7,0.7975,0.8095,8934,31,600,12718,1.6957,2.4e-05,10
5,A,DiehardCombined,0.9,1.1,10,The Reversal on Fish Oil,0.8,0.8768,0.5,6640,31,630,9542,1.6957,1.6e-05,10
5,A,DiehardCombined,0.9,1.1,10,Are Multivitamins Just a Waste of Money?,0.9,0.9451,0.6111,7352,30,595,10194,1.8344,1.3e-05,9
5,A,Ckks,1.0,1.0,10,Breast Cancer Cells Feed on Cholesterol,1.0,1.0,1.0,18988,7588,4179939,4210431,2.0253,0.003559,10
5,A,Ckks,1.0,1.0,10,Using Diet to Treat Asthma and Eczema,1.0,1.0,1.0,8175,4367,4157782,4173017,1.8344,0.002109,10
5,A,Ckks,1.0,1.0,10,Treating Asthma With Plants vs. Pills,1.0,1.0,1.0,8747,4272,4175861,4192398,2.0253,0.000406,10
5,A,Ckks,1.0,1.0,10,How Fruits and Vegetables Can Treat Asthma,1.0,1.0,1.0,8969,4279,4190266,4208401,2.0253,0.001719,10
5,A,Ckks,1.0,1.0,10,How Fruits and Vegetables Can Prevent Asthma,1.0,1.0,1.0,8962,4298,4206418,4222968,2.0253,0.001538,10
5,A,Ckks,1.0,1.0,10,Our Tax Dollars Subsidize Unhealthy Foods,1.0,1.0,1.0,9296,4349,4216085,4232844,1.6094,0.003116,10
5,A,Ckks,1.0,1.0,10,Reducing Arsenic in Chicken and Rice,1.0,1.0,1.0,7256,4014,4223405,4239440,2.0253,0.009455,10
5,A,Ckks,1.0,1.0,10,How Contaminated Are Our Children?,1.0,1.0,1.0,8300,4059,4238142,4252799,2.3026,0.000587,10
5,A,Ckks,1.0,1.0,10,"Blood Type Diet Perceived as ""Crass Fraud""",1.0,1.0,1.0,8897,3977,4272918,4289662,1.3592,0.003264,10
5,A,Ckks,1.0,1.0,10,Why Do Heart Doctors Favor Surgery and Drugs Over Diet?,1.0,1.0,0.9556,9310,4353,4260985,4278498,1.8344,0.000878,9
5,A,Ckks,1.0,1.0,10,Phytates in Beans: Anti-Nutrient or Anti-Cancer?,1.0,1.0,1.0,8699,4383,4285876,4302768,2.164,0.000424,10
5,A,Ckks,1.0,1.0,10,How Phytates Fight Cancer Cells,1.0,1.0,1.0,9014,4300,4286945,4302300,2.164,0.000335,9
5,A,Ckks,1.0,1.0,10,Colon Cancer Prevention: Is it the Fiber or the Phytates?,1.0,1.0,1.0,8572,3580,4274253,4290135,1.6094,0.001848,10
5,A,Ckks,1.0,1.0,10,Low Carb Diets Found to Feed Heart Disease,1.0,1.0,1.0,9829,3822,4294243,4311527,1.973,0.000362,9
5,A,Ckks,1.0,1.0,10,How Curry Can Kill Cancer Cells,1.0,1.0,1.0,9018,4128,4293159,4310012,1.6094,0.000636,9
5,A,Ckks,1.0,1.0,10,Testing Turmeric on Smokers,1.0,1.0,1.0,9993,4324,4305785,4324598,1.4185,0.003161,10
5,A,Ckks,1.0,1.0,10,Alkylphenol Endocrine Disruptors and Allergies,1.0,1.0,1.0,9204,4152,4310835,4327910,1.4708,0.008035,10
5,A,Ckks,1.0,1.0,10,Slowing Cognitive Decline with Berries,1.0,1.0,1.0,8468,4327,4301809,4317964,2.164,0.002724,10
5,A,Ckks,1.0,1.0,10,What is ‘Meat Glue’?,1.0,1.0,1.0,8631,4350,4311108,4326320,1.8867,0.000914,10
5,A,Ckks,1.0,1.0,10,Is Liquid Smoke Safe?,1.0,1.0,1.0,8560,4261,4315970,4332574,1.8344,0.002074,10
5,A,Ckks,1.0,1.0,10,Does Antioxidant Intake Matter for Stroke and Heart Disease?,1.0,1.0,1.0,8793,4359,4325740,4342850,1.8344,0.003368,10
5,A,Ckks,1.0,1.0,10,Does Antioxidant Intake Matter for Cancer?,1.0,1.0,1.0,9472,4098,4312590,4329692,1.6957,0.002813,10
5,A,Ckks,1.0,1.0,10,Is buying organic worth it? A review of the science in new DVD,1.0,1.0,1.0,9009,4109,4308822,4325748,1.8867,0.003951,10
5,A,Ckks,1.0,1.0,10,Orange Aromatherapy for Anxiety,1.0,1.0,1.0,10239,4283,4318152,4336431,1.8867,0.00319,10
5,A,Ckks,1.0,1.0,10,Food Manufacturers Get to Decide if Their Own Additives Are Safe,1.0,1.0,1.0,9191,4289,4313605,4330161,1.8344,0.003727,10
5,A,Ckks,1.0,1.0,10,Meat Industry Wins Right to Sell Tainted Meat,1.0,1.0,1.0,8763,4441,4315960,4331212,1.7481,0.00028,10
5,A,Ckks,1.0,1.0,10,Chicken Salmonella Outbreaks Show Food Safety Systems Failure,1.0,1.0,1.0,8777,4404,4313050,4329552,2.3026,0.000682,10
5,A,Ckks,1.0,1.0,10,Viral Food Poisoning from Pesticides?,1.0,1.0,1.0,8558,4342,4313277,4330527,2.0253,0.001973,10
5,A,Ckks,1.0,1.0,10,The Reversal on Fish Oil,1.0,1.0,1.0,7999,4015,4300261,4316002,1.8867,0.001024,10
5,A,Ckks,1.0,1.0,10,Are Multivitamins Just a Waste of Money?,1.0,1.0,1.0,8259,4243,4308825,4325397,1.8344,0.001774,10
5,A,CkksCombined,0.9,1.1,10,Breast Cancer Cells Feed on Cholesterol,0.9,0.9457,1.0,10262,4750,4146226,4165749,2.0253,0.003392,10
5,A,CkksCombined,0.9,1.1,10,Using Diet to Treat Asthma and Eczema,1.0,1.0,1.0,9146,3793,4131244,4147941,2.0253,0.002072,10
5,A,CkksCombined,0.9,1.1,10,Treating Asthma With Plants vs. Pills,1.0,1.0,1.0,8827,4323,4148888,4165787,2.164,0.000399,10
5,A,CkksCombined,0.9,1.1,10,How Fruits and Vegetables Can Treat Asthma,1.0,1.0,1.0,9308,3997,4142611,4159901,2.0253,0.001662,10
5,A,CkksCombined,0.9,1.1,10,How Fruits and Vegetables Can Prevent Asthma,1.0,1.0,1.0,9169,4068,4141657,4159286,2.0253,0.001489,10
5,A,CkksCombined,0.9,1.1,10,Our Tax Dollars Subsidize Unhealthy Foods,1.0,1.0,0.9556,8914,4027,4138830,4155099,1.6094,0.003027,10
5,A,CkksCombined,0.9,1.1,10,Reducing Arsenic in Chicken and Rice,1.0,1.0,1.0,9389,4389,4154943,4172337,2.0253,0.009186,10
5,A,CkksCombined,0.9,1.1,10,How Contaminated Are Our Children?,1.0,1.0,1.0,8335,3476,4132246,4146154,2.0253,0.000595,10
5,A,CkksCombined,0.9,1.1,10,"Blood Type Diet Perceived as ""Crass Fraud""",1.0,1.0,1.0,8522,3771,4145879,4161600,1.3592,0.003414,10
5,A,CkksCombined,0.9,1.1,10,Why Do Heart Doctors Favor Surgery and Drugs Over Diet?,1.0,1.0,0.8667,8622,4040,4164518,4180284,1.8867,0.000896,9
5,A,CkksCombined,0.9,1.1,10,Phytates in Beans: Anti-Nutrient or Anti-Cancer?,1.0,1.0,0.9556,8274,4091,4180454,4196559,2.0253,0.000412,10
5,A,CkksCombined,0.9,1.1,10,How Phytates Fight Cancer Cells,0.9,0.9399,1.0,9578,4308,4196082,4213765,2.164,0.000347,10
5,A,CkksCombined,0.9,1.1,10,Colon Cancer Prevention: Is it the Fiber or the Phytates?,0.8,0.8806,0.9286,8283,4007,4200313,4215378,1.7481,0.001745,9
5,A,CkksCombined,0.9,1.1,10,Low Carb Diets Found to Feed Heart Disease,1.0,0.9999,0.8667,9491,3995,4221952,4237616,1.8344,0.000324,9
5,A,CkksCombined,0.9,1.1,10,How Curry Can Kill Cancer Cells,1.0,1.0,0.9111,9414,4406,4237523,4255740,1.8344,0.000666,9
5,A,CkksCombined,0.9,1.1,10,Testing Turmeric on Smokers,1.0,1.0,0.9111,8764,3981,4239748,4256232,1.6094,0.003294,10
5,A,CkksCombined,0.9,1.1,10,Alkylphenol Endocrine Disruptors and Allergies,1.0,1.0,1.0,9424,4302,4265442,4283881,1.3592,0.007933,10
5,A,CkksCombined,0.9,1.1,10,Slowing Cognitive Decline with Berries,1.0,1.0,1.0,8100,4265,4273317,4289425,2.164,0.002602,10
5,A,CkksCombined,0.9,1.1,10,What is ‘Meat Glue’?,1.0,0.9999,0.9111,8976,4440,4281211,4298550,1.8867,0.000907,10
5,A,CkksCombined,0.9,1.1,10,Is Liquid Smoke Safe?,1.0,1.0,0.9556,8409,3865,4280506,4296537,1.973,0.002003,10
5,A,CkksCombined,0.9,1.1,10,Does Antioxidant Intake Matter for Stroke and Heart Disease?,1.0,1.0,1.0,9119,3969,4309853,4327420,1.8344,0.003229,10
5,A,CkksCombined,0.9,1.1,10,Does Antioxidant Intake Matter for Cancer?,1.0,1.0,0.9556,8317,3210,4285139,4298843,2.0253,0.002824,10
5,A,CkksCombined,0.9,1.1,10,Is buying organic worth it? A review of the science in new DVD,1.0,0.9995,0.8667,8845,4330,4314385,4331342,1.8867,0.003867,10
5,A,CkksCombined,0.9,1.1,10,Orange Aromatherapy for Anxiety,1.0,1.0,1.0,8974,3987,4311805,4328918,2.164,0.003177,10
5,A,CkksCombined,0.9,1.1,10,Food Manufacturers Get to Decide if Their Own Additives Are Safe,1.0,1.0,0.9556,8804,4076,4323552,4339090,1.8344,0.003758,10
5,A,CkksCombined,0.9,1.1,10,Meat Industry Wins Right to Sell Tainted Meat,1.0,1.0,0.8667,9631,4248,4331957,4349336,1.4979,0.000271,10
5,A,CkksCombined,0.9,1.1,10,Chicken Salmonella Outbreaks Show Food Safety Systems Failure,1.0,1.0,1.0,8675,4081,4333127,4349650,2.164,0.000662,10
5,A,CkksCombined,0.9,1.1,10,Viral Food Poisoning from Pesticides?,1.0,1.0,0.9556,10046,4016,4336354,4354177,1.8344,0.001988,10
5,A,CkksCombined,0.9,1.1,10,The Reversal on Fish Oil,0.9,0.9427,0.9444,9388,4486,4348893,4366077,2.164,0.001028,10
5,A,CkksCombined,0.9,1.1,10,Are Multivitamins Just a Waste of Money?,1.0,1.0,1.0,7817,4300,4339243,4355071,1.8344,0.00176,10
6,A,Scrambling,0.9,1.1,10,Breast Cancer Cells Feed on Cholesterol,1.0,1.0,1.0,17252,15,1436,22778,2.0253,0.003559,10
6,A,Scrambling,0.9,1.1,10,Using Diet to Treat Asthma and Eczema,1.0,1.0,1.0,12356,3,1188,17470,1.8344,0.002109,10
6,A,Scrambling,0.9,1.1,10,Treating Asthma With Plants vs. Pills,1.0,1.0,1.0,9544,2,1029,14015,2.0253,0.000406,10
6,A,Scrambling,0.9,1.1,10,How Fruits and Vegetables Can Treat Asthma,1.0,1.0,1.0,9432,3,929,13674,2.0253,0.001719,10
6,A,Scrambling,0.9,1.1,10,How Fruits and Vegetables Can Prevent Asthma,1.0,1.0,1.0,8846,1,860,12628,2.0253,0.001538,10
6,A,Scrambling,0.9,1.1,10,Our Tax Dollars Subsidize Unhealthy Foods,1.0,1.0,1.0,9242,2,833,13358,1.6094,0.003116,10
6,A,Scrambling,0.9,1.1,10,Reducing Arsenic in Chicken and Rice,1.0,1.0,1.0,7246,1,837,11192,2.0253,0.009455,10
6,A,Scrambling,0.9,1.1,10,How Contaminated Are Our Children?,1.0,1.0,1.0,6925,1,858,11044,2.3026,0.000587,10
6,A,Scrambling,0.9,1.1,10,"Blood Type Diet Perceived as ""Crass Fraud""",1.0,1.0,1.0,7779,1,836,12155,1.3592,0.003264,10
6,A,Scrambling,0.9,1.1,10,Why Do Heart Doctors Favor Surgery and Drugs Over Diet?,1.0,1.0,0.9556,8704,2,839,12864,1.8344,0.000878,9
6,A,Scrambling,0.9,1.1,10,Phytates in Beans: Anti-Nutrient or Anti-Cancer?,1.0,1.0,1.0,8324,2,841,12342,2.164,0.000424,10
6,A,Scrambling,0.9,1.1,10,How Phytates Fight Cancer Cells,0.9,0.9399,1.0,7210,1,842,10718,2.164,0.000335,9
6,A,Scrambling,0.9,1.1,10,Colon Cancer Prevention: Is it the Fiber or the Phytates?,1.0,1.0,1.0,8256,1,835,11903,1.6094,0.001848,10
6,A,Scrambling,0.9,1.1,10,Low Carb Diets Found to Feed Heart Disease,1.0,1.0,0.9556,8011,1,838,12148,1.973,0.000362,9
6,A,Scrambling,0.9,1.1,10,How Curry Can Kill Cancer Cells,1.0,1.0,1.0,8557,2,843,12677,1.6094,0.000636,9
6,A,Scrambling,0.9,1.1,10,Testing Turmeric on Smokers,1.0,1.0,1.0,7919,1,834,12412,1.4185,0.003161,10
6,A,Scrambling,0.9,1.1,10,Alkylphenol Endocrine Disruptors and Allergies,1.0,1.0,1.0,7986,1,832,11415,1.4708,0.008035,10
6,A,Scrambling,0.9,1.1,10,Slowing Cognitive Decline with Berries,1.0,1.0,1.0,8301,2,840,12323,2.164,0.002724,10
6,A,Scrambling,0.9,1.1,10,What is ‘Meat Glue’?,1.0,1.0,1.0,7761,1,836,12011,1.8867,0.000914,10
6,A,Scrambling,0.9,1.1,10,Is Liquid Smoke Safe?,1.0,1.0,1.0,8433,1,828,13397,1.8344,0.002074,10
6,A,Scrambling,0.9,1.1,10,Does Antioxidant Intake Matter for Stroke and Heart Disease?,1.0,1.0,1.0,8114,1,831,12008,1.8344,0.003368,10
6,A,Scrambling,0.9,1.1,10,Does Antioxidant Intake Matter for Cancer?,1.0,1.0,1.0,7827,2,833,11519,1.6957,0.002813,10
6,A,Scrambling,0.9,1.1,10,Is buying organic worth it? A review of the science in new DVD,1.0,1.0,1.0,7605,1,839,12440,1.8867,0.003951,10
6,A,Scrambling,0.9,1.1,10,Orange Aromatherapy for Anxiety,1.0,1.0,1.0,7678,2,795,10760,1.8867,0.00319,10
6,A,Scrambling,0.9,1.1,10,Food Manufacturers Get to Decide if Their Own Additives Are Safe,1.0,1.0,1.0,8469,2,836,11524,1.8344,0.003727,10
6,A,Scrambling,0.9,1.1,10,Meat Industry Wins Right to Sell Tainted Meat,1.0,1.0,1.0,7475,2,840,11322,1.7481,0.00028,10
6,A,Scrambling,0.9,1.1,10,Chicken Salmonella Outbreaks Show Food Safety Systems Failure,1.0,1.0,1.0,8732,1,826,13356,2.3026,0.000682,10
6,A,Scrambling,0.9,1.1,10,Viral Food Poisoning from Pesticides?,1.0,1.0,1.0,8895,1,786,12944,2.0253,0.001973,10
6,A,Scrambling,0.9,1.1,10,The Reversal on Fish Oil,1.0,1.0,1.0,7929,2,856,12180,1.8867,0.001024,10
6,A,Scrambling,0.9,1.1,10,Are Multivitamins Just a Waste of Money?,1.0,1.0,1.0,8853,2,846,12923,1.8344,0.001774,10
6,A,Noise,0.9,1.1,10,Breast Cancer Cells Feed on Cholesterol,1.0,1.0,0.9556,17443,5,1438,22825,2.0253,0.003385,10
6,A,Noise,0.9,1.1,10,Using Diet to Treat Asthma and Eczema,1.0,1.0,0.9556,12581,4,1185,17329,1.8344,0.002116,10
6,A,Noise,0.9,1.1,10,Treating Asthma With Plants vs. Pills,1.0,1.0,0.9556,11256,2,1019,15694,2.0253,0.000389,10
6,A,Noise,0.9,1.1,10,How Fruits and Vegetables Can Treat Asthma,1.0,1.0,1.0,10160,2,929,14397,2.0253,0.001718,10
6,A,Noise,0.9,1.1,10,How Fruits and Vegetables Can Prevent Asthma,1.0,1.0,0.9556,8145,2,857,13008,1.8867,0.001561,10
6,A,Noise,0.9,1.1,10,Our Tax Dollars Subsidize Unhealthy Foods,0.9,0.9445,0.8889,8551,2,827,12262,1.4708,0.002994,10
6,A,Noise,0.9,1.1,10,Reducing Arsenic in Chicken and Rice,1.0,1.0,0.9556,7199,2,822,10983,2.0253,0.009328,10
6,A,Noise,0.9,1.1,10,How Contaminated Are Our Children?,1.0,1.0,0.9556,6709,2,842,9709,2.164,0.000563,10
6,A,Noise,0.9,1.1,10,"Blood Type Diet Perceived as ""Crass Fraud""",1.0,1.0,0.9111,7822,2,840,11722,1.4979,0.003203,10
6,A,Noise,0.9,1.1,10,Why Do Heart Doctors Favor Surgery and Drugs Over Diet?,1.0,1.0,0.8667,14243,2,835,18333,1.6957,0.000944,9
6,A,Noise,0.9,1.1,10,Phytates in Beans: Anti-Nutrient or Anti-Cancer?,1.0,1.0,1.0,8169,2,832,10978,2.0253,0.000366,10
6,A,Noise,0.9,1.1,10,How Phytates Fight Cancer Cells,1.0,1.0,1.0,8472,3,833,12560,2.164,0.000304,10
6,A,Noise,0.9,1.1,10,Colon Cancer Prevention: Is it the Fiber or the Phytates?,1.0,1.0,0.9111,7954,2,833,12739,1.7481,0.001857,10
6,A,Noise,0.9,1.1,10,Low Carb Diets Found to Feed Heart Disease,1.0,1.0,0.8667,8218,2,825,11150,1.973,0.000375,9
6,A,Noise,0.9,1.1,10,How Curry Can Kill Cancer Cells,1.0,1.0,0.9111,8139,2,834,10977,1.8344,0.000571,9
6,A,Noise,0.9,1.1,10,Testing Turmeric on Smokers,1.0,1.0,0.9556,7432,3,833,10180,1.6434,0.003086,10
6,A,Noise,0.9,1.1,10,Alkylphenol Endocrine Disruptors and Allergies,1.0,1.0,1.0,7606,2,837,10065,1.4708,0.007844,10
6,A,Noise,0.9,1.1,10,Slowing Cognitive Decline with Berries,1.0,1.0,1.0,7326,2,841,11450,2.164,0.002759,10
6,A,Noise,0.9,1.1,10,What is ‘Meat Glue’?,1.0,1.0,0.9556,7555,2,816,12432,2.0253,0.000882,10
6,A,Noise,0.9,1.1,10,Is Liquid Smoke Safe?,1.0,1.0,0.9556,7486,2,855,11427,1.8344,0.002169,10
6,A,Noise,0.9,1.1,10,Does Antioxidant Intake Matter for Stroke and Heart Disease?,1.0,1.0,0.9556,8861,3,838,12939,1.7481,0.003337,10
6,A,Noise,0.9,1.1,10,Does Antioxidant Intake Matter for Cancer?,1.0,0.9999,0.9111,7641,2,860,11722,1.8867,0.002749,10
6,A,Noise,0.9,1.1,10,Is buying organic worth it? A review of the science in new DVD,1.0,1.0,1.0,8485,2,832,13596,1.8867,0.003867,10
6,A,Noise,0.9,1.1,10,Orange Aromatherapy for Anxiety,1.0,1.0,0.9556,7054,2,830,11260,1.8867,0.003081,10
6,A,Noise,0.9,1.1,10,Food Manufacturers Get to Decide if Their Own Additives Are Safe,1.0,1.0,0.9556,8847,3,842,12511,1.6434,0.003623,10
6,A,Noise,0.9,1.1,10,Meat Industry Wins Right to Sell Tainted Meat,1.0,0.9999,0.7333,8925,2,839,13048,1.6957,0.000283,10
6,A,Noise,0.9,1.1,10,Chicken Salmonella Outbreaks Show Food Safety Systems Failure,1.0,1.0,0.9556,8148,2,830,12395,2.164,0.000659,10
6,A,Noise,0.9,1.1,10,Viral Food Poisoning from Pesticides?,1.0,1.0,1.0,8826,2,825,12808,1.973,0.001897,10
6,A,Noise,0.9,1.1,10,The Reversal on Fish Oil,1.0,1.0,0.9111,7889,2,836,12112,1.8867,0.000975,10
6,A,Noise,0.9,1.1,10,Are Multivitamins Just a Waste of Money?,1.0,1.0,0.9556,8269,3,844,12383,1.8344,0.001742,10
6,A,Combined,0.9,1.1,10,Breast Cancer Cells Feed on Cholesterol,1.0,1.0,1.0,9546,14,925,13230,1.8867,0.003605,10
6,A,Combined,0.9,1.1,10,Using Diet to Treat Asthma and Eczema,1.0,1.0,0.9556,9400,3,876,13923,1.8344,0.001992,10
6,A,Combined,0.9,1.1,10,Treating Asthma With Plants vs. Pills,1.0,0.9998,0.8667,10587,3,864,14532,1.8867,0.000397,9
6,A,Combined,0.9,1.1,10,How Fruits and Vegetables Can Treat Asthma,1.0,0.9999,0.9556,8730,3,839,12951,1.8344,0.001625,10
6,A,Combined,0.9,1.1,10,How Fruits and Vegetables Can Prevent Asthma,1.0,1.0,1.0,8108,3,850,12297,2.164,0.001535,10
6,A,Combined,0.9,1.1,10,Our Tax Dollars Subsidize Unhealthy Foods,1.0,1.0,0.9111,8295,2,839,13959,1.4708,0.003102,10
6,A,Combined,0.9,1.1,10,Reducing Arsenic in Chicken and Rice,1.0,1.0,1.0,7447,2,834,10682,2.0253,0.009381,10
6,A,Combined,0.9,1.1,10,How Contaminated Are Our Children?,1.0,1.0,1.0,8988,3,836,13102,2.164,0.000547,10
6,A,Combined,0.9,1.1,10,"Blood Type Diet Perceived as ""Crass Fraud""",1.0,1.0,0.9111,7988,3,849,11338,1.3592,0.003288,10
6,A,Combined,0.9,1.1,10,Why Do Heart Doctors Favor Surgery and Drugs Over Diet?,1.0,1.0,0.9556,8241,2,832,12723,1.5048,0.000869,9
6,A,Combined,0.9,1.1,10,Phytates in Beans: Anti-Nutrient or Anti-Cancer?,1.0,0.9999,0.8667,8648,2,836,12773,1.6094,0.000392,9
6,A,Combined,0.9,1.1,10,How Phytates Fight Cancer Cells,0.9,0.9399,0.9444,7624,3,839,11574,1.8867,0.000325,10
6,A,Combined,0.9,1.1,10,Colon Cancer Prevention: Is it the Fiber or the Phytates?,1.0,1.0,0.9111,8832,2,834,12693,1.7481,0.001793,10
6,A,Combined,0.9,1.1,10,Low Carb Diets Found to Feed Heart Disease,1.0,1.0,0.9556,8093,2,831,12007,1.7481,0.000348,9
6,A,Combined,0.9,1.1,10,How Curry Can Kill Cancer Cells,1.0,1.0,0.9111,7234,2,839,11255,1.8344,0.000649,9
6,A,Combined,0.9,1.1,10,Testing Turmeric on Smokers,1.0,1.0,0.9556,8067,3,850,11501,1.6094,0.003201,10
6,A,Combined,0.9,1.1,10,Alkylphenol Endocrine Disruptors and Allergies,1.0,1.0,1.0,7339,2,832,11969,1.4708,0.007886,10
6,A,Combined,0.9,1.1,10,Slowing Cognitive Decline with Berries,1.0,1.0,1.0,9188,3,839,12732,2.3026,0.002724,10
6,A,Combined,0.9,1.1,10,What is ‘Meat Glue’?,1.0,0.9999,0.9111,8730,2,837,12221,1.8867,0.000904,10
6,A,Combined,0.9,1.1,10,Is Liquid Smoke Safe?,1.0,1.0,0.9111,7868,2,841,12538,1.973,0.002072,10
6,A,Combined,0.9,1.1,10,Does Antioxidant Intake Matter for Stroke and Heart Disease?,1.0,1.0,1.0,8103,2,823,11174,1.8344,0.00331,10
6,A,Combined,0.9,1.1,10,Does Antioxidant Intake Matter for Cancer?,1.0,1.0,0.9556,8019,2,841,12180,1.8344,0.002701,10
6,A,Combined,0.9,1.1,10,Is buying organic worth it? A review of the science in new DVD,1.0,1.0,0.9556,7587,3,846,11105,1.8867,0.003838,10
6,A,Combined,0.9,1.1,10,Orange Aromatherapy for Anxiety,1.0,1.0,0.9556,7318,2,831,13148,2.164,0.00312,10
6,A,Combined,0.9,1.1,10,Food Manufacturers Get to Decide if Their Own Additives Are Safe,1.0,1.0,1.0,8308,2,836,11336,1.8344,0.00366,10
6,A,Combined,0.9,1.1,10,Meat Industry Wins Right to Sell Tainted Meat,1.0,1.0,0.9556,8664,2,834,11388,1.4708,0.000268,10
6,A,Combined,0.9,1.1,10,Chicken Salmonella Outbreaks Show Food Safety Systems Failure,1.0,1.0,1.0,7802,2,847,10604,2.3026,0.000754,10
6,A,Combined,0.9,1.1,10,Viral Food Poisoning from Pesticides?,1.0,1.0,1.0,7693,2,837,11666,1.6957,0.001986,10
6,A,Combined,0.9,1.1,10,The Reversal on Fish Oil,1.0,0.9996,0.8667,8410,3,838,12515,1.8867,0.001016,9
6,A,Combined,0.9,1.1,10,Are Multivitamins Just a Waste of Money?,1.0,1.0,0.9556,8721,2,856,12785,1.8344,0.001733,10
6,A,Rome,1.0,1.0,10,Breast Cancer Cells Feed on Cholesterol,1.0,1.0,1.0,10109,53,1248,15929,2.0253,0.003559,10
6,A,Rome,1.0,1.0,10,Using Diet to Treat Asthma and Eczema,1.0,1.0,1.0,8502,38,1215,13184,1.8344,0.002109,10
6,A,Rome,1.0,1.0,10,Treating Asthma With Plants vs. Pills,1.0,1.0,1.0,9005,38,1149,13604,2.0253,0.000406,10
6,A,Rome,1.0,1.0,10,How Fruits and Vegetables Can Treat Asthma,1.0,1.0,1.0,8019,37,1139,12497,2.0253,0.001719,10
6,A,Rome,1.0,1.0,10,How Fruits and Vegetables Can Prevent Asthma,1.0,1.0,1.0,8137,37,1144,12541,2.0253,0.001538,10
6,A,Rome,1.0,1.0,10,Our Tax Dollars Subsidize Unhealthy Foods,1.0,1.0,1.0,8084,38,1133,12847,1.6094,0.003116,10
6,A,Rome,1.0,1.0,10,Reducing Arsenic in Chicken and Rice,1.0,1.0,1.0,7930,35,1084,12132,2.0253,0.009455,10
6,A,Rome,1.0,1.0,10,How Contaminated Are Our Children?,1.0,1.0,1.0,7928,35,1166,12501,2.3026,0.000587,10
6,A,Rome,1.0,1.0,10,"Blood Type Diet Perceived as ""Crass Fraud""",1.0,1.0,1.0,7922,38,1147,11807,1.3592,0.003264,10
6,A,Rome,1.0,1.0,10,Why Do Heart Doctors Favor Surgery and Drugs Over Diet?,1.0,1.0,0.9556,7981,37,1141,12378,1.8344,0.000878,9
6,A,Rome,1.0,1.0,10,Phytates in Beans: Anti-Nutrient or Anti-Cancer?,1.0,1.0,1.0,8253,39,1136,12666,2.164,0.000424,10
6,A,Rome,1.0,1.0,10,How Phytates Fight Cancer Cells,0.9,0.9399,1.0,7991,39,1139,12910,2.164,0.000335,9
6,A,Rome,1.0,1.0,10,Colon Cancer Prevention: Is it the Fiber or the Phytates?,1.0,1.0,1.0,8163,37,1140,12031,1.6094,0.001848,10
6,A,Rome,1.0,1.0,10,Low Carb Diets Found to Feed Heart Disease,1.0,1.0,0.9556,8232,37,1134,12028,1.973,0.000362,9
6,A,Rome,1.0,1.0,10,How Curry Can Kill Cancer Cells,1.0,1.0,1.0,8354,38,1125,12774,1.6094,0.000636,9
6,A,Rome,1.0,1.0,10,Testing Turmeric on Smokers,1.0,1.0,1.0,9133,35,1139,13591,1.4185,0.003161,10
6,A,Rome,1.0,1.0,10,Alkylphenol Endocrine Disruptors and Allergies,1.0,1.0,1.0,7833,39,1155,12242,1.4708,0.008035,10
6,A,Rome,1.0,1.0,10,Slowing Cognitive Decline with Berries,1.0,1.0,1.0,8289,38,1131,12879,2.164,0.002724,10
6,A,Rome,1.0,1.0,10,What is ‘Meat Glue’?,1.0,1.0,1.0,8629,37,1123,12888,1.8867,0.000914,10
6,A,Rome,1.0,1.0,10,Is Liquid Smoke Safe?,1.0,1.0,1.0,8203,38,1138,12578,1.8344,0.002074,10
6,A,Rome,1.0,1.0,10,Does Antioxidant Intake Matter for Stroke and Heart Disease?,1.0,1.0,1.0,9161,38,1142,13163,1.8344,0.003368,10
6,A,Rome,1.0,1.0,10,Does Antioxidant Intake Matter for Cancer?,1.0,1.0,1.0,8287,38,1135,12483,1.6957,0.002813,10
6,A,Rome,1.0,1.0,10,Is buying organic worth it? A review of the science in new DVD,1.0,1.0,1.0,8081,39,1132,12421,1.8867,0.003951,10
6,A,Rome,1.0,1.0,10,Orange Aromatherapy for Anxiety,1.0,1.0,1.0,7723,38,1133,11794,1.8867,0.00319,10
6,A,Rome,1.0,1.0,10,Food Manufacturers Get to Decide if Their Own Additives Are Safe,1.0,1.0,1.0,7975,37,1134,12378,1.8344,0.003727,10
6,A,Rome,1.0,1.0,10,Meat Industry Wins Right to Sell Tainted Meat,1.0,1.0,1.0,8615,37,1132,13936,1.7481,0.00028,10
6,A,Rome,1.0,1.0,10,Chicken Salmonella Outbreaks Show Food Safety Systems Failure,1.0,1.0,1.0,8054,38,1137,12880,2.3026,0.000682,10
6,A,Rome,1.0,1.0,10,Viral Food Poisoning from Pesticides?,1.0,1.0,1.0,8256,38,1129,12624,2.0253,0.001973,10
6,A,Rome,1.0,1.0,10,The Reversal on Fish Oil,1.0,1.0,1.0,8249,38,1140,12655,1.8867,0.001024,10
6,A,Rome,1.0,1.0,10,Are Multivitamins Just a Waste of Money?,1.0,1.0,1.0,8015,35,1148,11852,1.8344,0.001774,10
6,A,RomeCombined,0.9,1.1,10,Breast Cancer Cells Feed on Cholesterol,0.9,0.9457,1.0,16447,81,1985,21903,1.973,0.003535,10
6,A,RomeCombined,0.9,1.1,10,Using Diet to Treat Asthma and Eczema,1.0,1.0,1.0,12265,55,1605,17477,1.8344,0.002107,10
6,A,RomeCombined,0.9,1.1,10,Treating Asthma With Plants vs. Pills,1.0,1.0,1.0,10792,46,1388,15630,1.8344,0.000419,10
6,A,RomeCombined,0.9,1.1,10,How Fruits and Vegetables Can Treat Asthma,1.0,1.0,1.0,8047,42,1265,12663,2.0253,0.001699,10
6,A,RomeCombined,0.9,1.1,10,How Fruits and Vegetables Can Prevent Asthma,1.0,0.9997,0.9111,8297,42,1182,12437,2.0253,0.00151,10
6,A,RomeCombined,0.9,1.1,10,Our Tax Dollars Subsidize Unhealthy Foods,1.0,1.0,0.8667,7660,38,1144,12043,1.7481,0.003182,10
6,A,RomeCombined,0.9,1.1,10,Reducing Arsenic in Chicken and Rice,1.0,1.0,0.9556,8069,39,1136,12401,2.0253,0.009278,10
6,A,RomeCombined,0.9,1.1,10,How Contaminated Are Our Children?,1.0,1.0,1.0,7129,38,1141,11706,2.0253,0.000552,10
6,A,RomeCombined,0.9,1.1,10,"Blood Type Diet Perceived as ""Crass Fraud""",1.0,1.0,0.9111,8422,41,1142,12730,1.3592,0.003287,10
6,A,RomeCombined,0.9,1.1,10,Why Do Heart Doctors Favor Surgery and Drugs Over Diet?,1.0,1.0,0.9111,8202,38,1137,13092,1.8344,0.000885,9
6,A,RomeCombined,0.9,1.1,10,Phytates in Beans: Anti-Nutrient or Anti-Cancer?,1.0,1.0,1.0,7632,39,1125,11907,2.0253,0.000415,10
6,A,RomeCombined,0.9,1.1,10,How Phytates Fight Cancer Cells,0.9,0.9393,1.0,8534,39,1149,12955,2.0253,0.000373,9
6,A,RomeCombined,0.9,1.1,10,Colon Cancer Prevention: Is it the Fiber or the Phytates?,1.0,1.0,0.9111,8508,39,1144,13010,1.7481,0.001863,10
6,A,RomeCombined,0.9,1.1,10,Low Carb Diets Found to Feed Heart Disease,1.0,0.9999,0.8222,7976,39,1143,13032,1.8344,0.000351,9
6,A,RomeCombined,0.9,1.1,10,How Curry Can Kill Cancer Cells,1.0,0.9999,0.8222,8391,35,1137,12221,1.7481,0.000634,9
6,A,RomeCombined,0.9,1.1,10,Testing Turmeric on Smokers,1.0,1.0,0.9556,8279,38,1138,11634,1.6094,0.00308,10
6,A,RomeCombined,0.9,1.1,10,Alkylphenol Endocrine Disruptors and Allergies,1.0,1.0,1.0,8170,40,1158,12628,1.4708,0.008021,10
6,A,RomeCombined,0.9,1.1,10,Slowing Cognitive Decline with Berries,1.0,1.0,1.0,8499,37,1136,13695,2.164,0.002709,10
6,A,RomeCombined,0.9,1.1,10,What is ‘Meat Glue’?,1.0,1.0,0.9111,8341,38,1128,13228,2.0253,0.000918,10
6,A,RomeCombined,0.9,1.1,10,Is Liquid Smoke Safe?,1.0,1.0,0.9556,8599,35,1126,12803,1.8344,0.002035,10
6,A,RomeCombined,0.9,1.1,10,Does Antioxidant Intake Matter for Stroke and Heart Disease?,0.9,0.9438,0.9444,8522,39,1140,12901,1.8344,0.003426,10
6,A,RomeCombined,0.9,1.1,10,Does Antioxidant Intake Matter for Cancer?,1.0,1.0,0.9556,7978,40,1154,12534,1.5048,0.002733,10
6,A,RomeCombined,0.9,1.1,10,Is buying organic worth it? A review of the science in new DVD,1.0,1.0,0.9556,8230,36,1136,12661,1.6434,0.003947,10
6,A,RomeCombined,0.9,1.1,10,Orange Aromatherapy for Anxiety,1.0,0.9999,0.9111,8007,39,1132,12311,1.8867,0.003128,10
6,A,RomeCombined,0.9,1.1,10,Food Manufacturers Get to Decide if Their Own Additives Are Safe,1.0,1.0,0.9556,7597,40,1140,11950,1.8344,0.003567,10
6,A,RomeCombined,0.9,1.1,10,Meat Industry Wins Right to Sell Tainted Meat,1.0,1.0,0.9556,8810,39,1151,12630,1.4708,0.000262,10
6,A,RomeCombined,0.9,1.1,10,Chicken Salmonella Outbreaks Show Food Safety Systems Failure,1.0,1.0,1.0,8285,39,1125,12892,2.3026,0.000639,10
6,A,RomeCombined,0.9,1.1,10,Viral Food Poisoning from Pesticides?,1.0,1.0,1.0,8194,38,1124,12354,1.973,0.002036,10
6,A,RomeCombined,0.9,1.1,10,The Reversal on Fish Oil,0.9,0.9427,1.0,8127,39,1142,12504,1.8867,0.001017,10
6,A,RomeCombined,0.9,1.1,10,Are Multivitamins Just a Waste of Money?,1.0,1.0,0.9556,9050,39,1141,13514,1.8344,0.001749,10
6,A,Romm,1.0,1.0,10,Breast Cancer Cells Feed on Cholesterol,1.0,1.0,1.0,17096,49,1443,22570,2.0253,0.003559,10
6,A,Romm,1.0,1.0,10,Using Diet to Treat Asthma and Eczema,1.0,1.0,1.0,12814,32,1194,17548,1.8344,0.002109,10
6,A,Romm,1.0,1.0,10,Treating Asthma With Plants vs. Pills,1.0,1.0,1.0,11277,26,1019,15726,2.0253,0.000406,10
6,A,Romm,1.0,1.0,10,How Fruits and Vegetables Can Treat Asthma,1.0,1.0,1.0,8807,23,928,13082,2.0253,0.001719,10
6,A,Romm,1.0,1.0,10,How Fruits and Vegetables Can Prevent Asthma,1.0,1.0,1.0,8670,24,887,12176,2.0253,0.001538,10
6,A,Romm,1.0,1.0,10,Our Tax Dollars Subsidize Unhealthy Foods,1.0,1.0,1.0,8853,20,833,13938,1.6094,0.003116,10
6,A,Romm,1.0,1.0,10,Reducing Arsenic in Chicken and Rice,1.0,1.0,1.0,7793,22,828,11739,2.0253,0.009455,10
6,A,Romm,1.0,1.0,10,How Contaminated Are Our Children?,1.0,1.0,1.0,7498,23,852,11764,2.3026,0.000587,10
6,A,Romm,1.0,1.0,10,"Blood Type Diet Perceived as ""Crass Fraud""",1.0,1.0,1.0,8052,21,843,12282,1.3592,0.003264,10
6,A,Romm,1.0,1.0,10,Why Do Heart Doctors Favor Surgery and Drugs Over Diet?,1.0,1.0,1.0,7962,23,828,12254,1.8344,0.000878,9
6,A,Romm,1.0,1.0,10,Phytates in Beans: Anti-Nutrient or Anti-Cancer?,1.0,1.0,1.0,8840,23,839,12358,2.164,0.000424,10
6,A,Romm,1.0,1.0,10,How Phytates Fight Cancer Cells,1.0,1.0,1.0,8130,23,836,12207,2.164,0.000335,9
6,A,Romm,1.0,1.0,10,Colon Cancer Prevention: Is it the Fiber or the Phytates?,1.0,1.0,1.0,7279,21,834,11257,1.6094,0.001848,10
6,A,Romm,1.0,1.0,10,Low Carb Diets Found to Feed Heart Disease,1.0,1.0,1.0,8232,24,826,12476,1.973,0.000362,9
6,A,Romm,1.0,1.0,10,How Curry Can Kill Cancer Cells,1.0,1.0,1.0,9247,23,837,13327,1.6094,0.000636,9
6,A,Romm,1.0,1.0,10,Testing Turmeric on Smokers,1.0,1.0,1.0,7548,23,838,11776,1.4185,0.003161,10
6,A,Romm,1.0,1.0,10,Alkylphenol Endocrine Disruptors and Allergies,1.0,1.0,1.0,7985,23,829,12139,1.4708,0.008035,10
6,A,Romm,1.0,1.0,10,Slowing Cognitive Decline with Berries,1.0,1.0,1.0,8690,24,833,13102,2.164,0.002724,10
6,A,Romm,1.0,1.0,10,What is ‘Meat Glue’?,1.0,1.0,1.0,8993,22,830,12655,1.8867,0.000914,10
6,A,Romm,1.0,1.0,10,Is Liquid Smoke Safe?,1.0,1.0,1.0,7739,23,845,10845,1.8344,0.002074,10
6,A,Romm,1.0,1.0,10,Does Antioxidant Intake Matter for Stroke and Heart Disease?,1.0,1.0,1.0,8188,23,829,12854,1.8344,0.003368,10
6,A,Romm,1.0,1.0,10,Does Antioxidant Intake Matter for Cancer?,1.0,1.0,1.0,7919,22,837,11729,1.6957,0.002813,10
6,A,Romm,1.0,1.0,10,Is buying organic worth it? A review of the science in new DVD,1.0,1.0,1.0,6984,24,842,11070,1.8867,0.003951,10
6,A,Romm,1.0,1.0,10,Orange Aromatherapy for Anxiety,1.0,1.0,1.0,7796,23,834,12182,1.8867,0.00319,10
6,A,Romm,1.0,1.0,10,Food Manufacturers Get to Decide if Their Own Additives Are Safe,1.0,1.0,1.0,8146,22,829,12896,1.8344,0.003727,10
6,A,Romm,1.0,1.0,10,Meat Industry Wins Right to Sell Tainted Meat,1.0,1.0,1.0,8208,23,824,12147,1.7481,0.00028,10
6,A,Romm,1.0,1.0,10,Chicken Salmonella Outbreaks Show Food Safety Systems Failure,1.0,1.0,1.0,8040,21,826,11528,2.3026,0.000682,10
6,A,Romm,1.0,1.0,10,Viral Food Poisoning from Pesticides?,1.0,1.0,1.0,9676,24,830,13554,2.0253,0.001973,10
6,A,Romm,1.0,1.0,10,The Reversal on Fish Oil,1.0,1.0,1.0,9420,22,836,13114,1.8867,0.001024,10
6,A,Romm,1.0,1.0,10,Are Multivitamins Just a Waste of Money?,1.0,1.0,1.0,8066,22,842,10822,1.8344,0.001774,10
6,A,RommCombined,0.9,1.1,10,Breast Cancer Cells Feed on Cholesterol,0.9,0.9457,0.9444,17098,58,1450,22536,2.0253,0.003467,10
6,A,RommCombined,0.9,1.1,10,Using Diet to Treat Asthma and Eczema,1.0,1.0,0.9556,11556,34,1192,16256,1.973,0.002145,10
6,A,RommCombined,0.9,1.1,10,Treating Asthma With Plants vs. Pills,1.0,0.9999,0.9556,10987,28,1089,14939,2.164,0.000402,10
6,A,RommCombined,0.9,1.1,10,How Fruits and Vegetables Can Treat Asthma,1.0,1.0,1.0,9280,24,923,14016,2.0253,0.00166,10
6,A,RommCombined,0.9,1.1,10,How Fruits and Vegetables Can Prevent Asthma,1.0,0.9998,0.9556,9014,23,877,12249,2.0253,0.001469,10
6,A,RommCombined,0.9,1.1,10,Our Tax Dollars Subsidize Unhealthy Foods,1.0,1.0,0.8667,8870,22,834,11578,1.6094,0.003071,10
6,A,RommCombined,0.9,1.1,10,Reducing Arsenic in Chicken and Rice,1.0,1.0,1.0,8671,22,837,11380,2.0253,0.009426,10
6,A,RommCombined,0.9,1.1,10,How Contaminated Are Our Children?,1.0,1.0,0.9556,8657,22,839,11381,1.8867,0.000635,10
6,A,RommCombined,0.9,1.1,10,"Blood Type Diet Perceived as ""Crass Fraud""",1.0,1.0,0.9556,7896,21,838,10497,1.3592,0.003274,10
6,A,RommCombined,0.9,1.1,10,Why Do Heart Doctors Favor Surgery and Drugs Over Diet?,1.0,1.0,0.9556,8442,22,858,11153,1.8344,0.000903,8
6,A,RommCombined,0.9,1.1,10,Phytates in Beans: Anti-Nutrient or Anti-Cancer?,1.0,0.9999,0.9111,8135,26,863,11580,1.8867,0.000424,10
6,A,RommCombined,0.9,1.1,10,How Phytates Fight Cancer Cells,0.9,0.9398,0.9444,7493,25,838,10359,2.0253,0.000384,10
6,A,RommCombined,0.9,1.1,10,Colon Cancer Prevention: Is it the Fiber or the Phytates?,1.0,1.0,0.9556,8544,25,835,11648,1.7481,0.001807,10
6,A,RommCombined,0.9,1.1,10,Low Carb Diets Found to Feed Heart Disease,1.0,1.0,0.8667,9085,23,838,12047,1.973,0.000375,9
6,A,RommCombined,0.9,1.1,10,How Curry Can Kill Cancer Cells,1.0,1.0,0.9111,7368,23,849,10615,2.0253,0.000623,9
6,A,RommCombined,0.9,1.1,10,Testing Turmeric on Smokers,1.0,1.0,0.9556,9476,22,818,13153,1.6094,0.003104,10
6,A,RommCombined,0.9,1.1,10,Alkylphenol Endocrine Disruptors and Allergies,1.0,1.0,1.0,9090,25,844,13305,1.4708,0.007937,10
6,A,RommCombined,0.9,1.1,10,Slowing Cognitive Decline with Berries,1.0,1.0,1.0,7468,24,850,11675,2.164,0.002705,10
6,A,RommCombined,0.9,1.1,10,What is ‘Meat Glue’?,1.0,1.0,1.0,7658,25,825,12380,2.164,0.000883,10
6,A,RommCombined,0.9,1.1,10,Is Liquid Smoke Safe?,1.0,1.0,1.0,8241,22,829,12390,1.973,0.002035,10
6,A,RommCombined,0.9,1.1,10,Does Antioxidant Intake Matter for Stroke and Heart Disease?,0.9,0.9438,0.9444,8948,21,836,13141,1.973,0.003382,10
6,A,RommCombined,0.9,1.1,10,Does Antioxidant Intake Matter for Cancer?,0.9,0.9435,0.9444,7200,24,840,11911,1.6957,0.00266,10
6,A,RommCombined,0.9,1.1,10,Is buying organic worth it? A review of the science in new DVD,1.0,1.0,0.9556,7848,24,832,12587,1.6957,0.003836,10
6,A,RommCombined,0.9,1.1,10,Orange Aromatherapy for Anxiety,1.0,1.0,0.9556,7500,23,824,11669,2.164,0.003219,10
6,A,RommCombined,0.9,1.1,10,Food Manufacturers Get to Decide if Their Own Additives Are Safe,1.0,1.0,0.9556,8101,24,838,11874,1.8344,0.003698,10
6,A,RommCombined,0.9,1.1,10,Meat Industry Wins Right to Sell Tainted Meat,1.0,1.0,0.8667,8235,21,810,13041,1.4979,0.000259,9
6,A,RommCombined,0.9,1.1,10,Chicken Salmonella Outbreaks Show Food Safety Systems Failure,1.0,1.0,1.0,7150,22,861,11225,2.0253,0.000688,10
6,A,RommCombined,0.9,1.1,10,Viral Food Poisoning from Pesticides?,1.0,1.0,0.9556,8038,24,832,11552,1.8344,0.001981,10
6,A,RommCombined,0.9,1.1,10,The Reversal on Fish Oil,1.0,0.9996,0.8667,7383,24,833,11063,1.8867,0.001054,10
6,A,RommCombined,0.9,1.1,10,Are Multivitamins Just a Waste of Money?,1.0,1.0,0.9556,6667,24,824,10167,2.0253,0.001894,10
6,A,Diehard,1.0,1.0,10,Breast Cancer Cells Feed on Cholesterol,1.0,1.0,1.0,11343,42,701,14166,2.0253,0.003559,10
6,A,Diehard,1.0,1.0,10,Using Diet to Treat Asthma and Eczema,1.0,1.0,1.0,9920,32,642,12523,1.8344,0.002109,10
6,A,Diehard,1.0,1.0,10,Treating Asthma With Plants vs. Pills,1.0,1.0,1.0,9859,29,627,12522,2.0253,0.000406,10
6,A,Diehard,1.0,1.0,10,How Fruits and Vegetables Can Treat Asthma,1.0,1.0,1.0,8135,27,633,10571,2.0253,0.001719,10
6,A,Diehard,1.0,1.0,10,How Fruits and Vegetables Can Prevent Asthma,1.0,1.0,1.0,8504,30,619,10946,2.0253,0.001538,10
6,A,Diehard,1.0,1.0,10,Our Tax Dollars Subsidize Unhealthy Foods,1.0,1.0,1.0,8262,27,604,11781,1.6094,0.003116,10
6,A,Diehard,1.0,1.0,10,Reducing Arsenic in Chicken and Rice,1.0,1.0,1.0,9634,29,632,13530,2.0253,0.009455,10
6,A,Diehard,1.0,1.0,10,How Contaminated Are Our Children?,1.0,1.0,1.0,8320,29,588,12136,2.3026,0.000587,10
6,A,Diehard,1.0,1.0,10,"Blood Type Diet Perceived as ""Crass Fraud""",1.0,1.0,1.0,8885,30,628,12815,1.3592,0.003264,10
6,A,Diehard,1.0,1.0,10,Why Do Heart Doctors Favor Surgery and Drugs Over Diet?,1.0,1.0,1.0,7545,30,604,11449,1.8344,0.000878,9
6,A,Diehard,1.0,1.0,10,Phytates in Beans: Anti-Nutrient or Anti-Cancer?,1.0,1.0,1.0,8476,30,608,12336,2.164,0.000424,10
6,A,Diehard,1.0,1.0,10,How Phytates Fight Cancer Cells,0.9,0.9399,1.0,7848,30,606,11745,2.164,0.000335,9
6,A,Diehard,1.0,1.0,10,Colon Cancer Prevention: Is it the Fiber or the Phytates?,1.0,1.0,1.0,7894,30,643,11284,1.6094,0.001848,10
6,A,Diehard,1.0,1.0,10,Low Carb Diets Found to Feed Heart Disease,1.0,1.0,1.0,8984,28,610,13836,1.973,0.000362,9
6,A,Diehard,1.0,1.0,10,How Curry Can Kill Cancer Cells,1.0,1.0,0.9556,8720,29,590,12424,1.6094,0.000636,9
6,A,Diehard,1.0,1.0,10,Testing Turmeric on Smokers,1.0,1.0,1.0,8337,30,610,12219,1.4185,0.003161,10
6,A,Diehard,1.0,1.0,10,Alkylphenol Endocrine Disruptors and Allergies,1.0,1.0,1.0,8838,29,636,12328,1.4708,0.008035,10
6,A,Diehard,1.0,1.0,10,Slowing Cognitive Decline with Berries,1.0,1.0,1.0,8498,29,601,12784,2.164,0.002724,10
6,A,Diehard,1.0,1.0,10,What is ‘Meat Glue’?,1.0,1.0,1.0,8304,28,597,12192,1.8867,0.000914,10
6,A,Diehard,1.0,1.0,10,Is Liquid Smoke Safe?,1.0,1.0,1.0,9128,29,608,12445,1.8344,0.002074,10
6,A,Diehard,1.0,1.0,10,Does Antioxidant Intake Matter for Stroke and Heart Disease?,1.0,1.0,1.0,7793,28,639,12024,1.8344,0.003368,10
6,A,Diehard,1.0,1.0,10,Does Antioxidant Intake Matter for Cancer?,1.0,1.0,1.0,9120,29,605,13859,1.6957,0.002813,10
6,A,Diehard,1.0,1.0,10,Is buying organic worth it? A review of the science in new DVD,1.0,1.0,1.0,9294,29,611,13062,1.8867,0.003951,10
6,A,Diehard,1.0,1.0,10,Orange Aromatherapy for Anxiety,1.0,1.0,1.0,8170,29,599,11876,1.8867,0.00319,10
6,A,Diehard,1.0,1.0,10,Food Manufacturers Get to Decide if Their Own Additives Are Safe,1.0,1.0,1.0,9167,30,608,12626,1.8344,0.003727,10
6,A,Diehard,1.0,1.0,10,Meat Industry Wins Right to Sell Tainted Meat,1.0,1.0,1.0,8249,29,599,12990,1.7481,0.00028,10
6,A,Diehard,1.0,1.0,10,Chicken Salmonella Outbreaks Show Food Safety Systems Failure,1.0,1.0,1.0,8566,29,591,12307,2.3026,0.000682,10
6,A,Diehard,1.0,1.0,10,Viral Food Poisoning from Pesticides?,1.0,1.0,1.0,7190,30,613,10874,2.0253,0.001973,10
6,A,Diehard,1.0,1.0,10,The Reversal on Fish Oil,1.0,1.0,1.0,7804,29,593,12428,1.8867,0.001024,10
6,A,Diehard,1.0,1.0,10,Are Multivitamins Just a Waste of Money?,1.0,1.0,1.0,8137,31,606,11078,1.8344,0.001774,10
6,A,DiehardCombined,0.9,1.1,10,Breast Cancer Cells Feed on Cholesterol,0.7,0.7807,0.7143,18100,67,999,23111,1.8344,1.2e-05,8
6,A,DiehardCombined,0.9,1.1,10,Using Diet to Treat Asthma and Eczema,0.5,0.6789,0.8,12927,37,767,17616,2.0253,1.2e-05,10
6,A,DiehardCombined,0.9,1.1,10,Treating Asthma With Plants vs. Pills,0.8,0.8705,0.5,10595,37,736,14806,2.0253,1e-05,9
6,A,DiehardCombined,0.9,1.1,10,How Fruits and Vegetables Can Treat Asthma,0.8,0.8688,0.7857,9131,36,652,13151,2.0253,1.8e-05,10
6,A,DiehardCombined,0.9,1.1,10,How Fruits and Vegetables Can Prevent Asthma,0.9,0.9264,0.5,9053,28,621,12842,2.164,1.1e-05,9
6,A,DiehardCombined,0.9,1.1,10,Our Tax Dollars Subsidize Unhealthy Foods,0.6,0.7513,1.0,7965,28,620,12330,1.4979,1.1e-05,7
6,A,DiehardCombined,0.9,1.1,10,Reducing Arsenic in Chicken and Rice,0.9,0.9515,0.8333,8435,30,598,11605,2.164,7.7e-05,10
6,A,DiehardCombined,0.9,1.1,10,How Contaminated Are Our Children?,0.9,0.9323,0.5,7730,30,606,11108,2.164,4e-06,10
6,A,DiehardCombined,0.9,1.1,10,"Blood Type Diet Perceived as ""Crass Fraud""",0.6,0.7462,0.2,8886,31,603,12022,1.4708,3.4e-05,10
6,A,DiehardCombined,0.9,1.1,10,Why Do Heart Doctors Favor Surgery and Drugs Over Diet?,0.8,0.8424,0.1429,8957,30,616,12855,1.4708,5e-06,9
6,A,DiehardCombined,0.9,1.1,10,Phytates in Beans: Anti-Nutrient or Anti-Cancer?,0.5,0.6357,0.2,8057,31,609,12057,1.6094,8e-06,10
6,A,DiehardCombined,0.9,1.1,10,How Phytates Fight Cancer Cells,0.8,0.8652,0.4286,8463,28,615,12479,1.8867,1e-06,7
6,A,DiehardCombined,0.9,1.1,10,Colon Cancer Prevention: Is it the Fiber or the Phytates?,0.6,0.7018,0.4667,7127,31,609,10989,1.973,9e-06,9
6,A,DiehardCombined,0.9,1.1,10,Low Carb Diets Found to Feed Heart Disease,0.7,0.7592,-0.1429,8304,28,611,11560,2.0253,8e-06,10
6,A,DiehardCombined,0.9,1.1,10,How Curry Can Kill Cancer Cells,0.6,0.7264,0.7333,8847,30,610,12588,1.8867,4e-06,10
6,A,DiehardCombined,0.9,1.1,10,Testing Turmeric on Smokers,0.8,0.8615,0.9286,7816,31,613,11969,2.0253,2.3e-05,10
6,A,DiehardCombined,0.9,1.1,10,Alkylphenol Endocrine Disruptors and Allergies,0.9,0.9366,0.7222,8946,29,593,13735,1.4979,8e-05,9
6,A,DiehardCombined,0.9,1.1,10,Slowing Cognitive Decline with Berries,0.9,0.9347,0.8889,6949,30,591,10511,1.6957,1.9e-05,9
6,A,DiehardCombined,0.9,1.1,10,What is ‘Meat Glue’?,0.9,0.9419,0.5556,9322,29,610,12551,2.0253,7e-06,9
6,A,DiehardCombined,0.9,1.1,10,Is Liquid Smoke Safe?,0.8,0.8857,0.7143,8279,30,597,11947,2.164,1.1e-05,10
6,A,DiehardCombined,0.9,1.1,10,Does Antioxidant Intake Matter for Stroke and Heart Disease?,0.7,0.7978,0.9048,8767,31,604,13202,1.973,2.1e-05,9
6,A,DiehardCombined,0.9,1.1,10,Does Antioxidant Intake Matter for Cancer?,0.7,0.8037,0.619,8114,30,602,12016,2.164,1.8e-05,10
6,A,DiehardCombined,0.9,1.1,10,Is buying organic worth it? A review of the science in new DVD,0.9,0.9445,0.6667,8964,31,612,12488,2.0253,3.3e-05,10
6,A,DiehardCombined,0.9,1.1,10,Orange Aromatherapy for Anxiety,1.0,0.9985,0.7778,7194,30,601,11083,2.164,3.6e-05,10
6,A,DiehardCombined,0.9,1.1,10,Food Manufacturers Get to Decide if Their Own Additives Are Safe,0.8,0.882,0.5714,8864,31,604,12173,2.164,4.8e-05,10
6,A,DiehardCombined,0.9,1.1,10,Meat Industry Wins Right to Sell Tainted Meat,0.5,0.6254,0.6,7940,31,608,11863,1.8344,4e-06,9
6,A,DiehardCombined,0.9,1.1,10,Chicken Salmonella Outbreaks Show Food Safety Systems Failure,0.7,0.7964,0.619,8896,31,625,12417,2.164,6e-06,10
6,A,DiehardCombined,0.9,1.1,10,Viral Food Poisoning from Pesticides?,0.8,0.8474,0.5714,8323,30,598,12131,1.6094,1.3e-05,8
6,A,DiehardCombined,0.9,1.1,10,The Reversal on Fish Oil,0.9,0.9383,0.1111,7930,29,577,11433,2.0253,8e-06,9
6,A,DiehardCombined,0.9,1.1,10,Are Multivitamins Just a Waste of Money?,1.0,0.9983,0.7333,9578,29,618,13454,1.6957,1.8e-05,8
6,A,Ckks,1.0,1.0,10,Breast Cancer Cells Feed on Cholesterol,1.0,1.0,1.0,18450,7779,4164875,4193271,2.0253,0.003559,10
6,A,Ckks,1.0,1.0,10,Using Diet to Treat Asthma and Eczema,1.0,1.0,1.0,7995,4452,4165103,4182114,1.8344,0.002109,10
6,A,Ckks,1.0,1.0,10,Treating Asthma With Plants vs. Pills,1.0,1.0,1.0,9684,4369,4181965,4199757,2.0253,0.000406,10
6,A,Ckks,1.0,1.0,10,How Fruits and Vegetables Can Treat Asthma,1.0,1.0,1.0,8239,3912,4176726,4191748,2.0253,0.001719,10
6,A,Ckks,1.0,1.0,10,How Fruits and Vegetables Can Prevent Asthma,1.0,1.0,1.0,9567,3956,4215279,4233550,2.0253,0.001538,10
6,A,Ckks,1.0,1.0,10,Our Tax Dollars Subsidize Unhealthy Foods,1.0,1.0,1.0,9322,4354,4237879,4255964,1.6094,0.003116,10
6,A,Ckks,1.0,1.0,10,Reducing Arsenic in Chicken and Rice,1.0,1.0,1.0,9836,3277,4209524,4224754,2.0253,0.009455,10
6,A,Ckks,1.0,1.0,10,How Contaminated Are Our Children?,1.0,1.0,1.0,8068,4382,4242036,4258267,2.3026,0.000587,10
6,A,Ckks,1.0,1.0,10,"Blood Type Diet Perceived as ""Crass Fraud""",1.0,1.0,1.0,10039,4040,4261170,4279574,1.3592,0.003264,10
6,A,Ckks,1.0,1.0,10,Why Do Heart Doctors Favor Surgery and Drugs Over Diet?,1.0,1.0,0.9556,9689,3716,4255726,4272864,1.8344,0.000878,9
6,A,Ckks,1.0,1.0,10,Phytates in Beans: Anti-Nutrient or Anti-Cancer?,1.0,1.0,1.0,9193,4051,4271952,4287642,2.164,0.000424,10
6,A,Ckks,1.0,1.0,10,How Phytates Fight Cancer Cells,0.9,0.9399,1.0,10091,4415,4283555,4302351,2.164,0.000335,9
6,A,Ckks,1.0,1.0,10,Colon Cancer Prevention: Is it the Fiber or the Phytates?,1.0,1.0,1.0,8941,4019,4285787,4302601,1.6094,0.001848,10
6,A,Ckks,1.0,1.0,10,Low Carb Diets Found to Feed Heart Disease,1.0,1.0,1.0,9421,4235,4291008,4308503,1.973,0.000362,9
6,A,Ckks,1.0,1.0,10,How Curry Can Kill Cancer Cells,1.0,1.0,0.9556,11830,3960,4288716,4307431,1.6094,0.000636,9
6,A,Ckks,1.0,1.0,10,Testing Turmeric on Smokers,1.0,1.0,1.0,9620,4377,4302260,4320009,1.4185,0.003161,10
6,A,Ckks,1.0,1.0,10,Alkylphenol Endocrine Disruptors and Allergies,1.0,1.0,1.0,9768,4350,4303550,4321394,1.4708,0.008035,10
6,A,Ckks,1.0,1.0,10,Slowing Cognitive Decline with Berries,1.0,1.0,1.0,9299,3956,4301484,4318438,2.164,0.002724,10
6,A,Ckks,1.0,1.0,10,What is ‘Meat Glue’?,1.0,1.0,1.0,8714,3800,4289729,4305998,1.8867,0.000914,10
6,A,Ckks,1.0,1.0,10,Is Liquid Smoke Safe?,1.0,1.0,1.0,9703,3964,4286771,4304440,1.8344,0.002074,10
6,A,Ckks,1.0,1.0,10,Does Antioxidant Intake Matter for Stroke and Heart Disease?,1.0,1.0,1.0,9075,4347,4313154,4330406,1.8344,0.003368,10
6,A,Ckks,1.0,1.0,10,Does Antioxidant Intake Matter for Cancer?,1.0,1.0,1.0,9767,4302,4307795,4324281,1.6957,0.002813,10
6,A,Ckks,1.0,1.0,10,Is buying organic worth it? A review of the science in new DVD,1.0,1.0,1.0,9401,4066,4312706,4329936,1.8867,0.003951,10
6,A,Ckks,1.0,1.0,10,Orange Aromatherapy for Anxiety,1.0,1.0,1.0,7455,4252,4266363,4281621,1.8867,0.00319,10
6,A,Ckks,1.0,1.0,10,Food Manufacturers Get to Decide if Their Own Additives Are Safe,1.0,1.0,1.0,9342,3993,4291139,4308460,1.8344,0.003727,10
6,A,Ckks,1.0,1.0,10,Meat Industry Wins Right to Sell Tainted Meat,1.0,1.0,1.0,8916,3289,4273923,4288323,1.7481,0.00028,10
6,A,Ckks,1.0,1.0,10,Chicken Salmonella Outbreaks Show Food Safety Systems Failure,1.0,1.0,1.0,8617,4540,4203650,4218907,2.3026,0.000682,10
6,A,Ckks,1.0,1.0,10,Viral Food Poisoning from Pesticides?,1.0,1.0,1.0,9120,4391,4231883,4247876,2.0253,0.001973,10
6,A,Ckks,1.0,1.0,10,The Reversal on Fish Oil,1.0,1.0,1.0,10749,4381,4231831,4250778,1.8867,0.001024,10
6,A,Ckks,1.0,1.0,10,Are Multivitamins Just a Waste of Money?,1.0,1.0,1.0,9317,4160,4262166,4278181,1.8344,0.001774,10
6,A,CkksCombined,0.9,1.1,10,Breast Cancer Cells Feed on Cholesterol,1.0,1.0,0.9556,18342,7495,4154343,4183954,1.8344,0.003445,10
6,A,CkksCombined,0.9,1.1,10,Using Diet to Treat Asthma and Eczema,1.0,1.0,0.9556,9130,3829,4134549,4151127,1.973,0.002016,10
6,A,CkksCombined,0.9,1.1,10,Treating Asthma With Plants vs. Pills,1.0,1.0,1.0,8977,4041,4142723,4158153,2.164,0.00039,10
6,A,CkksCombined,0.9,1.1,10,How Fruits and Vegetables Can Treat Asthma,1.0,1.0,1.0,9235,4300,4147974,4165313,2.0253,0.001686,10
6,A,CkksCombined,0.9,1.1,10,How Fruits and Vegetables Can Prevent Asthma,1.0,1.0,1.0,9583,4363,4149614,4167457,2.0253,0.001484,10
6,A,CkksCombined,0.9,1.1,10,Our Tax Dollars Subsidize Unhealthy Foods,1.0,1.0,0.9111,7351,4294,4146908,4163277,1.6094,0.003057,10
6,A,CkksCombined,0.9,1.1,10,Reducing Arsenic in Chicken and Rice,1.0,1.0,0.9556,9040,4311,4150023,4167772,2.0253,0.009338,10
6,A,CkksCombined,0.9,1.1,10,How Contaminated Are Our Children?,1.0,1.0,0.9556,9702,4346,4148654,4166604,2.0253,0.000572,10
6,A,CkksCombined,0.9,1.1,10,"Blood Type Diet Perceived as ""Crass Fraud""",1.0,1.0,0.9556,9936,4374,4154284,4172492,1.4708,0.00339,10
6,A,CkksCombined,0.9,1.1,10,Why Do Heart Doctors Favor Surgery and Drugs Over Diet?,1.0,1.0,0.8667,8987,4305,4151172,4168082,1.6094,0.000816,9
6,A,CkksCombined,0.9,1.1,10,Phytates in Beans: Anti-Nutrient or Anti-Cancer?,1.0,0.9999,0.9111,9785,4446,4173385,4192004,1.6434,0.000453,10
6,A,CkksCombined,0.9,1.1,10,How Phytates Fight Cancer Cells,1.0,1.0,0.9556,11181,3326,4134056,4153046,1.8867,0.000305,10
6,A,CkksCombined,0.9,1.1,10,Colon Cancer Prevention: Is it the Fiber or the Phytates?,1.0,1.0,0.9556,7851,4035,4156870,4171978,1.7481,0.001819,10
6,A,CkksCombined,0.9,1.1,10,Low Carb Diets Found to Feed Heart Disease,1.0,1.0,0.8667,8765,4202,4171123,4187831,1.973,0.000378,9
6,A,CkksCombined,0.9,1.1,10,How Curry Can Kill Cancer Cells,1.0,1.0,1.0,8593,4045,4173895,4190372,1.6957,0.000698,9
6,A,CkksCombined,0.9,1.1,10,Testing Turmeric on Smokers,0.9,0.9454,0.7778,8722,4305,4197331,4214843,1.6094,0.003118,9
6,A,CkksCombined,0.9,1.1,10,Alkylphenol Endocrine Disruptors and Allergies,1.0,1.0,0.9111,8447,3239,4184724,4200497,1.6094,0.007904,10
6,A,CkksCombined,0.9,1.1,10,Slowing Cognitive Decline with Berries,1.0,1.0,1.0,10151,4121,4216912,4234890,2.164,0.002714,10
6,A,CkksCombined,0.9,1.1,10,What is ‘Meat Glue’?,1.0,0.9999,0.8667,10174,4288,4237382,4256169,1.8867,0.000954,10
6,A,CkksCombined,0.9,1.1,10,Is Liquid Smoke Safe?,1.0,1.0,1.0,9181,4326,4250675,4267502,1.973,0.002022,10
6,A,CkksCombined,0.9,1.1,10,Does Antioxidant Intake Matter for Stroke and Heart Disease?,1.0,1.0,1.0,9663,4001,4263091,4280555,1.8344,0.003349,10
6,A,CkksCombined,0.9,1.1,10,Does Antioxidant Intake Matter for Cancer?,1.0,0.9999,0.9556,10398,3673,4259101,4275997,1.6957,0.002727,10
6,A,CkksCombined,0.9,1.1,10,Is buying organic worth it? A review of the science in new DVD,1.0,1.0,0.9556,9080,4131,4285109,4302066,1.8867,0.003916,10
6,A,CkksCombined,0.9,1.1,10,Orange Aromatherapy for Anxiety,1.0,1.0,1.0,10442,4217,4297764,4316157,2.0253,0.003117,10
6,A,CkksCombined,0.9,1.1,10,Food Manufacturers Get to Decide if Their Own Additives Are Safe,1.0,1.0,1.0,7948,4396,4307619,4323780,1.8344,0.003656,10
6,A,CkksCombined,0.9,1.1,10,Meat Industry Wins Right to Sell Tainted Meat,1.0,1.0,0.9111,10941,3988,4307826,4326324,1.8867,0.000272,9
6,A,CkksCombined,0.9,1.1,10,Chicken Salmonella Outbreaks Show Food Safety Systems Failure,1.0,1.0,1.0,9176,4388,4327383,4344803,2.164,0.00068,10
6,A,CkksCombined,0.9,1.1,10,Viral Food Poisoning from Pesticides?,1.0,1.0,0.9556,9537,4021,4326097,4343943,1.8867,0.002005,10
6,A,CkksCombined,0.9,1.1,10,The Reversal on Fish Oil,0.9,0.9402,0.9444,10005,4281,4325807,4342314,2.164,0.001074,10
6,A,CkksCombined,0.9,1.1,10,Are Multivitamins Just a Waste of Money?,1.0,0.9999,0.9111,9047,4372,4349679,4367774,1.973,0.001741,10
7,A,Scrambling,0.9,1.1,10,Breast Cancer Cells Feed on Cholesterol,1.0,1.0,1.0,16499,16,1442,22729,2.0253,0.003559,10
7,A,Scrambling,0.9,1.1,10,Using Diet to Treat Asthma and Eczema,1.0,1.0,1.0,12285,2,1181,17655,1.8344,0.002109,10
7,A,Scrambling,0.9,1.1,10,Treating Asthma With Plants vs. Pills,1.0,1.0,1.0,11607,2,1011,14786,2.0253,0.000406,10
7,A,Scrambling,0.9,1.1,10,How Fruits and Vegetables Can Treat Asthma,1.0,1.0,1.0,10449,2,931,15136,2.0253,0.001719,10
7,A,Scrambling,0.9,1.1,10,How Fruits and Vegetables Can Prevent Asthma,1.0,1.0,1.0,9868,2,868,13133,2.0253,0.001538,10
7,A,Scrambling,0.9,1.1,10,Our Tax Dollars Subsidize Unhealthy Foods,1.0,1.0,1.0,8867,1,841,13367,1.6094,0.003116,10
7,A,Scrambling,0.9,1.1,10,Reducing Arsenic in Chicken and Rice,1.0,1.0,1.0,8783,2,837,11932,2.0253,0.009455,10
7,A,Scrambling,0.9,1.1,10,How Contaminated Are Our Children?,1.0,1.0,1.0,8393,2,844,11408,2.3026,0.000587,10
7,A,Scrambling,0.9,1.1,10,"Blood Type Diet Perceived as ""Crass Fraud""",1.0,1.0,1.0,8456,1,840,11145,1.3592,0.003264,10
7,A,Scrambling,0.9,1.1,10,Why Do Heart Doctors Favor Surgery and Drugs Over Diet?,1.0,1.0,1.0,8543,2,843,11251,1.8344,0.000878,9
7,A,Scrambling,0.9,1.1,10,Phytates in Beans: Anti-Nutrient or Anti-Cancer?,1.0,1.0,1.0,8171,1,843,10888,2.164,0.000424,10
7,A,Scrambling,0.9,1.1,10,How Phytates Fight Cancer Cells,0.9,0.9399,1.0,8669,1,871,11294,2.164,0.000335,9
7,A,Scrambling,0.9,1.1,10,Colon Cancer Prevention: Is it the Fiber or the Phytates?,1.0,1.0,1.0,9433,1,855,12031,1.6094,0.001848,10
7,A,Scrambling,0.9,1.1,10,Low Carb Diets Found to Feed Heart Disease,1.0,1.0,1.0,9466,2,857,12154,1.973,0.000362,9
7,A,Scrambling,0.9,1.1,10,How Curry Can Kill Cancer Cells,1.0,1.0,0.9556,9034,2,875,11677,1.6094,0.000636,9
7,A,Scrambling,0.9,1.1,10,Testing Turmeric on Smokers,1.0,1.0,1.0,9417,2,837,13285,1.4185,0.003161,10
7,A,Scrambling,0.9,1.1,10,Alkylphenol Endocrine Disruptors and Allergies,1.0,1.0,1.0,8797,2,834,11530,1.4708,0.008035,10
7,A,Scrambling,0.9,1.1,10,Slowing Cognitive Decline with Berries,1.0,1.0,1.0,7680,1,835,12223,2.164,0.002724,10
7,A,Scrambling,0.9,1.1,10,What is ‘Meat Glue’?,1.0,1.0,1.0,9445,1,834,13764,1.8867,0.000914,10
7,A,Scrambling,0.9,1.1,10,Is Liquid Smoke Safe?,1.0,1.0,1.0,9523,1,834,13623,1.8344,0.002074,10
7,A,Scrambling,0.9,1.1,10,Does Antioxidant Intake Matter for Stroke and Heart Disease?,1.0,1.0,1.0,9970,2,834,13472,1.8344,0.003368,10
7,A,Scrambling,0.9,1.1,10,Does Antioxidant Intake Matter for Cancer?,1.0,1.0,1.0,9265,2,855,13031,1.6957,0.002813,10
7,A,Scrambling,0.9,1.1,10,Is buying organic worth it? A review of the science in new DVD,1.0,1.0,1.0,8743,2,825,13403,1.8867,0.003951,10
7,A,Scrambling,0.9,1.1,10,Orange Aromatherapy for Anxiety,1.0,1.0,1.0,8620,2,844,12622,1.8867,0.00319,10
7,A,Scrambling,0.9,1.1,10,Food Manufacturers Get to Decide if Their Own Additives Are Safe,1.0,1.0,1.0,8521,2,839,12595,1.8344,0.003727,10
7,A,Scrambling,0.9,1.1,10,Meat Industry Wins Right to Sell Tainted Meat,1.0,1.0,1.0,8542,2,836,12495,1.7481,0.00028,10
7,A,Scrambling,0.9,1.1,10,Chicken Salmonella Outbreaks Show Food Safety Systems Failure,1.0,1.0,1.0,8751,1,838,13241,2.3026,0.000682,10
7,A,Scrambling,0.9,1.1,10,Viral Food Poisoning from Pesticides?,1.0,1.0,1.0,8822,1,827,12940,2.0253,0.001973,10
7,A,Scrambling,0.9,1.1,10,The Reversal on Fish Oil,1.0,1.0,1.0,8067,1,828,12232,1.8867,0.001024,10
7,A,Scrambling,0.9,1.1,10,Are Multivitamins Just a Waste of Money?,1.0,1.0,1.0,9016,1,847,12715,1.8344,0.001774,10
7,A,Noise,0.9,1.1,10,Breast Cancer Cells Feed on Cholesterol,0.9,0.9457,1.0,17539,5,1447,23819,1.8867,0.003508,10
7,A,Noise,0.9,1.1,10,Using Diet to Treat Asthma and Eczema,1.0,1.0,1.0,13655,4,1172,18425,1.8344,0.002074,10
7,A,Noise,0.9,1.1,10,Treating Asthma With Plants vs. Pills,1.0,1.0,1.0,9769,2,1009,14731,2.0253,0.000379,10
7,A,Noise,0.9,1.1,10,How Fruits and Vegetables Can Treat Asthma,1.0,1.0,1.0,9256,2,909,13233,2.164,0.001728,10
7,A,Noise,0.9,1.1,10,How Fruits and Vegetables Can Prevent Asthma,1.0,1.0,0.9556,8594,3,879,12855,2.0253,0.001555,10
7,A,Noise,0.9,1.1,10,Our Tax Dollars Subsidize Unhealthy Foods,1.0,1.0,0.9556,8489,2,851,12214,1.6094,0.002986,10
7,A,Noise,0.9,1.1,10,Reducing Arsenic in Chicken and Rice,1.0,1.0,1.0,8690,2,829,13470,2.0253,0.009381,10
7,A,Noise,0.9,1.1,10,How Contaminated Are Our Children?,1.0,1.0,1.0,8460,2,824,12579,2.0253,0.00056,10
7,A,Noise,0.9,1.1,10,"Blood Type Diet Perceived as ""Crass Fraud""",1.0,1.0,0.8667,7722,2,844,11214,1.4708,0.003266,9
7,A,Noise,0.9,1.1,10,Why Do Heart Doctors Favor Surgery and Drugs Over Diet?,1.0,1.0,0.8667,9415,2,840,13530,1.6957,0.000871,9
7,A,Noise,0.9,1.1,10,Phytates in Beans: Anti-Nutrient or Anti-Cancer?,1.0,1.0,1.0,8511,2,831,13239,1.8867,0.000382,10
7,A,Noise,0.9,1.1,10,How Phytates Fight Cancer Cells,1.0,1.0,0.9111,8234,2,826,12148,2.164,0.000344,10
7,A,Noise,0.9,1.1,10,Colon Cancer Prevention: Is it the Fiber or the Phytates?,0.9,0.9415,0.9444,8097,3,833,12208,1.7481,0.001836,10
7,A,Noise,0.9,1.1,10,Low Carb Diets Found to Feed Heart Disease,1.0,1.0,0.9556,9186,2,838,12889,2.0253,0.000366,9
7,A,Noise,0.9,1.1,10,How Curry Can Kill Cancer Cells,1.0,0.9999,0.6889,8375,2,828,13172,1.4979,0.000627,9
7,A,Noise,0.9,1.1,10,Testing Turmeric on Smokers,1.0,1.0,0.9556,8690,2,824,12915,1.4185,0.003127,10
7,A,Noise,0.9,1.1,10,Alkylphenol Endocrine Disruptors and Allergies,1.0,1.0,0.9556,9121,2,832,13262,1.5048,0.007898,10
7,A,Noise,0.9,1.1,10,Slowing Cognitive Decline with Berries,1.0,1.0,1.0,9204,4,834,12999,1.973,0.002654,10
7,A,Noise,0.9,1.1,10,What is ‘Meat Glue’?,1.0,1.0,0.9556,8129,3,846,11294,1.8867,0.000923,10
7,A,Noise,0.9,1.1,10,Is Liquid Smoke Safe?,1.0,1.0,1.0,7535,2,828,11447,1.8867,0.001987,10
7,A,Noise,0.9,1.1,10,Does Antioxidant Intake Matter for Stroke and Heart Disease?,1.0,1.0,0.9556,8771,2,838,12756,1.7481,0.003315,10
7,A,Noise,0.9,1.1,10,Does Antioxidant Intake Matter for Cancer?,1.0,1.0,0.9111,8903,3,834,12612,1.6957,0.002729,10
7,A,Noise,0.9,1.1,10,Is buying organic worth it? A review of the science in new DVD,1.0,1.0,1.0,9031,2,832,13632,1.8867,0.003872,10
7,A,Noise,0.9,1.1,10,Orange Aromatherapy for Anxiety,1.0,1.0,1.0,8044,2,829,11412,1.8867,0.003108,10
7,A,Noise,0.9,1.1,10,Food Manufacturers Get to Decide if Their Own Additives Are Safe,1.0,1.0,1.0,7967,2,848,11992,1.6957,0.003632,10
7,A,Noise,0.9,1.1,10,Meat Industry Wins Right to Sell Tainted Meat,1.0,1.0,0.9556,7773,2,859,11258,1.973,0.000285,10
7,A,Noise,0.9,1.1,10,Chicken Salmonella Outbreaks Show Food Safety Systems Failure,1.0,1.0,1.0,7574,2,836,12362,2.3026,0.000706,10
7,A,Noise,0.9,1.1,10,Viral Food Poisoning from Pesticides?,1.0,1.0,0.9556,8736,2,834,12827,1.8344,0.001954,10
7,A,Noise,0.9,1.1,10,The Reversal on Fish Oil,0.9,0.9427,0.9444,8212,3,836,12320,2.0253,0.001047,10
7,A,Noise,0.9,1.1,10,Are Multivitamins Just a Waste of Money?,1.0,1.0,0.9556,7960,3,839,11593,2.0253,0.001799,10
7,A,Combined,0.9,1.1,10,Breast Cancer Cells Feed on Cholesterol,0.9,0.9457,0.9444,9886,13,917,14571,1.8344,0.003504,10
7,A,Combined,0.9,1.1,10,Using Diet to Treat Asthma and Eczema,1.0,1.0,1.0,9175,3,855,14126,1.8344,0.002079,10
7,A,Combined,0.9,1.1,10,Treating Asthma With Plants vs. Pills,1.0,1.0,0.9111,7959,3,833,11079,2.164,0.000419,10
7,A,Combined,0.9,1.1,10,How Fruits and Vegetables Can Treat Asthma,1.0,1.0,1.0,8017,3,840,10854,2.0253,0.001697,10
7,A,Combined,0.9,1.1,10,How Fruits and Vegetables Can Prevent Asthma,1.0,1.0,1.0,7829,2,847,10557,2.0253,0.001521,10
7,A,Combined,0.9,1.1,10,Our Tax Dollars Subsidize Unhealthy Foods,1.0,1.0,0.9556,8038,2,850,12542,1.7481,0.00303,10
7,A,Combined,0.9,1.1,10,Reducing Arsenic in Chicken and Rice,1.0,1.0,1.0,8868,3,831,12806,2.0253,0.009701,10
7,A,Combined,0.9,1.1,10,How Contaminated Are Our Children?,0.9,0.9409,1.0,7949,3,852,12098,2.0253,0.000612,10
7,A,Combined,0.9,1.1,10,"Blood Type Diet Perceived as ""Crass Fraud""",1.0,1.0,0.8667,8250,2,841,12084,1.4979,0.003155,10
7,A,Combined,0.9,1.1,10,Why Do Heart Doctors Favor Surgery and Drugs Over Diet?,1.0,1.0,1.0,8254,3,836,12318,1.6434,0.000859,9
7,A,Combined,0.9,1.1,10,Phytates in Beans: Anti-Nutrient or Anti-Cancer?,1.0,1.0,0.9111,8026,3,849,12175,2.0253,0.000441,10
7,A,Combined,0.9,1.1,10,How Phytates Fight Cancer Cells,0.9,0.9399,0.9444,9086,2,850,13151,2.0253,0.000327,10
7,A,Combined,0.9,1.1,10,Colon Cancer Prevention: Is it the Fiber or the Phytates?,1.0,1.0,0.9556,8642,2,846,11765,1.973,0.001774,10
7,A,Combined,0.9,1.1,10,Low Carb Diets Found to Feed Heart Disease,1.0,1.0,0.8667,7894,2,839,11534,1.7481,0.00034,9
7,A,Combined,0.9,1.1,10,How Curry Can Kill Cancer Cells,1.0,1.0,0.8667,8611,3,843,12683,1.7481,0.000664,9
7,A,Combined,0.9,1.1,10,Testing Turmeric on Smokers,0.9,0.9454,0.8889,9282,3,864,13319,1.6094,0.003087,10
7,A,Combined,0.9,1.1,10,Alkylphenol Endocrine Disruptors and Allergies,1.0,1.0,0.9556,7917,2,842,13206,1.4708,0.007948,10
7,A,Combined,0.9,1.1,10,Slowing Cognitive Decline with Berries,1.0,1.0,1.0,8438,3,826,12497,2.164,0.002608,10
7,A,Combined,0.9,1.1,10,What is ‘Meat Glue’?,1.0,1.0,0.9111,8022,3,859,12207,1.6957,0.00087,10
7,A,Combined,0.9,1.1,10,Is Liquid Smoke Safe?,1.0,1.0,0.9556,7792,3,865,11786,1.8344,0.002026,10
7,A,Combined,0.9,1.1,10,Does Antioxidant Intake Matter for Stroke and Heart Disease?,0.9,0.9438,1.0,9136,2,846,13391,1.7481,0.003301,10
7,A,Combined,0.9,1.1,10,Does Antioxidant Intake Matter for Cancer?,1.0,1.0,0.9556,7208,2,837,11048,2.0253,0.002709,10
7,A,Combined,0.9,1.1,10,Is buying organic worth it? A review of the science in new DVD,1.0,1.0,0.9556,9565,3,837,13652,1.8867,0.003852,10
7,A,Combined,0.9,1.1,10,Orange Aromatherapy for Anxiety,1.0,1.0,1.0,8652,3,844,12692,1.8867,0.003091,10
7,A,Combined,0.9,1.1,10,Food Manufacturers Get to Decide if Their Own Additives Are Safe,1.0,1.0,0.9556,7816,3,837,12501,1.8344,0.003804,10
7,A,Combined,0.9,1.1,10,Meat Industry Wins Right to Sell Tainted Meat,1.0,1.0,0.9111,7877,2,837,12002,1.7481,0.000282,10
7,A,Combined,0.9,1.1,10,Chicken Salmonella Outbreaks Show Food Safety Systems Failure,1.0,1.0,1.0,7852,3,843,11853,2.3026,0.000702,10
7,A,Combined,0.9,1.1,10,Viral Food Poisoning from Pesticides?,1.0,1.0,0.9556,9555,3,843,13612,1.8344,0.001833,10
7,A,Combined,0.9,1.1,10,The Reversal on Fish Oil,0.9,0.9426,0.9444,7997,2,842,11840,1.8867,0.000963,10
7,A,Combined,0.9,1.1,10,Are Multivitamins Just a Waste of Money?,1.0,1.0,1.0,7839,2,837,11711,1.6957,0.001692,10
7,A,Rome,1.0,1.0,10,Breast Cancer Cells Feed on Cholesterol,1.0,1.0,1.0,17830,86,1979,23804,2.0253,0.003559,10
7,A,Rome,1.0,1.0,10,Using Diet to Treat Asthma and Eczema,1.0,1.0,1.0,12928,53,1609,18206,1.8344,0.002109,10
7,A,Rome,1.0,1.0,10,Treating Asthma With Plants vs. Pills,1.0,1.0,1.0,10167,44,1388,15098,2.0253,0.000406,10
7,A,Rome,1.0,1.0,10,How Fruits and Vegetables Can Treat Asthma,1.0,1.0,1.0,10455,39,1227,14983,2.0253,0.001719,10
7,A,Rome,1.0,1.0,10,How Fruits and Vegetables Can Prevent Asthma,1.0,1.0,1.0,9066,38,1152,13687,2.0253,0.001538,10
7,A,Rome,1.0,1.0,10,Our Tax Dollars Subsidize Unhealthy Foods,1.0,1.0,1.0,9540,37,1120,14510,1.6094,0.003116,10
7,A,Rome,1.0,1.0,10,Reducing Arsenic in Chicken and Rice,1.0,1.0,1.0,9320,37,1131,13096,2.0253,0.009455,10
7,A,Rome,1.0,1.0,10,How Contaminated Are Our Children?,1.0,1.0,1.0,9201,38,1123,13578,2.3026,0.000587,10
7,A,Rome,1.0,1.0,10,"Blood Type Diet Perceived as ""Crass Fraud""",1.0,1.0,1.0,8970,38,1140,13204,1.3592,0.003264,10
7,A,Rome,1.0,1.0,10,Why Do Heart Doctors Favor Surgery and Drugs Over Diet?,1.0,1.0,1.0,8792,38,1277,13395,1.8344,0.000878,9
7,A,Rome,1.0,1.0,10,Phytates in Beans: Anti-Nutrient or Anti-Cancer?,1.0,1.0,1.0,9570,39,1138,13453,2.164,0.000424,10
7,A,Rome,1.0,1.0,10,How Phytates Fight Cancer Cells,0.9,0.9399,1.0,9589,37,1125,14294,2.164,0.000335,9
7,A,Rome,1.0,1.0,10,Colon Cancer Prevention: Is it the Fiber or the Phytates?,1.0,1.0,1.0,8865,38,1124,12671,1.6094,0.001848,10
7,A,Rome,1.0,1.0,10,Low Carb Diets Found to Feed Heart Disease,1.0,1.0,1.0,8619,38,1141,13011,1.973,0.000362,9
7,A,Rome,1.0,1.0,10,How Curry Can Kill Cancer Cells,1.0,1.0,0.9556,7686,39,1141,11456,1.6094,0.000636,9
7,A,Rome,1.0,1.0,10,Testing Turmeric on Smokers,1.0,1.0,1.0,9277,37,1122,14177,1.4185,0.003161,10
7,A,Rome,1.0,1.0,10,Alkylphenol Endocrine Disruptors and Allergies,1.0,1.0,1.0,8617,38,1126,13122,1.4708,0.008035,10
7,A,Rome,1.0,1.0,10,Slowing Cognitive Decline with Berries,1.0,1.0,1.0,8689,35,1132,13071,2.164,0.002724,10
7,A,Rome,1.0,1.0,10,What is ‘Meat Glue’?,1.0,1.0,1.0,8900,37,1135,13276,1.8867,0.000914,10
7,A,Rome,1.0,1.0,10,Is Liquid Smoke Safe?,1.0,1.0,1.0,7541,38,1129,12349,1.8344,0.002074,10
7,A,Rome,1.0,1.0,10,Does Antioxidant Intake Matter for Stroke and Heart Disease?,1.0,1.0,1.0,8900,38,1138,13191,1.8344,0.003368,10
7,A,Rome,1.0,1.0,10,Does Antioxidant Intake Matter for Cancer?,1.0,1.0,1.0,8668,37,1128,12477,1.6957,0.002813,10
7,A,Rome,1.0,1.0,10,Is buying organic worth it? A review of the science in new DVD,1.0,1.0,1.0,8285,38,1138,12713,1.8867,0.003951,10
7,A,Rome,1.0,1.0,10,Orange Aromatherapy for Anxiety,1.0,1.0,1.0,7768,38,1131,12316,1.8867,0.00319,10
7,A,Rome,1.0,1.0,10,Food Manufacturers Get to Decide if Their Own Additives Are Safe,1.0,1.0,1.0,8644,37,1137,13618,1.8344,0.003727,10
7,A,Rome,1.0,1.0,10,Meat Industry Wins Right to Sell Tainted Meat,1.0,1.0,1.0,8744,37,1123,13259,1.7481,0.00028,10
7,A,Rome,1.0,1.0,10,Chicken Salmonella Outbreaks Show Food Safety Systems Failure,1.0,1.0,1.0,9164,39,1139,13328,2.3026,0.000682,10
7,A,Rome,1.0,1.0,10,Viral Food Poisoning from Pesticides?,1.0,1.0,1.0,9158,38,1133,13530,2.0253,0.001973,10
7,A,Rome,1.0,1.0,10,The Reversal on Fish Oil,1.0,1.0,1.0,7498,38,1120,11540,1.8867,0.001024,10
7,A,Rome,1.0,1.0,10,Are Multivitamins Just a Waste of Money?,1.0,1.0,1.0,8169,37,1125,12513,1.8344,0.001774,10
7,A,RomeCombined,0.9,1.1,10,Breast Cancer Cells Feed on Cholesterol,0.9,0.9457,1.0,16954,67,1983,22925,1.973,0.003514,10
7,A,RomeCombined,0.9,1.1,10,Using Diet to Treat Asthma and Eczema,1.0,1.0,0.9556,11640,55,1627,16801,1.8344,0.002109,10
7,A,RomeCombined,0.9,1.1,10,Treating Asthma With Plants vs. Pills,1.0,0.9999,0.9111,10932,46,1398,15394,2.164,0.000421,10
7,A,RomeCombined,0.9,1.1,10,How Fruits and Vegetables Can Treat Asthma,1.0,1.0,1.0,9690,40,1266,14350,2.0253,0.00173,10
7,A,RomeCombined,0.9,1.1,10,How Fruits and Vegetables Can Prevent Asthma,1.0,1.0,1.0,8913,40,1170,13639,1.8867,0.001524,10
7,A,RomeCombined,0.9,1.1,10,Our Tax Dollars Subsidize Unhealthy Foods,1.0,1.0,1.0,8983,38,1131,13263,1.6094,0.003157,10
7,A,RomeCombined,0.9,1.1,10,Reducing Arsenic in Chicken and Rice,1.0,1.0,1.0,8022,35,1086,12332,2.0253,0.009282,10
7,A,RomeCombined,0.9,1.1,10,How Contaminated Are Our Children?,0.9,0.9409,1.0,8773,39,1163,13222,1.973,0.000597,10
7,A,RomeCombined,0.9,1.1,10,"Blood Type Diet Perceived as ""Crass Fraud""",1.0,1.0,1.0,8803,40,1153,13296,1.3592,0.003259,10
7,A,RomeCombined,0.9,1.1,10,Why Do Heart Doctors Favor Surgery and Drugs Over Diet?,1.0,1.0,1.0,8230,39,1130,12796,1.5048,0.0009,9
7,A,RomeCombined,0.9,1.1,10,Phytates in Beans: Anti-Nutrient or Anti-Cancer?,1.0,1.0,0.9556,8783,38,1132,12571,1.8344,0.000434,10
7,A,RomeCombined,0.9,1.1,10,How Phytates Fight Cancer Cells,0.9,0.9398,0.9444,8342,36,1138,11725,2.0253,0.000364,10
7,A,RomeCombined,0.9,1.1,10,Colon Cancer Prevention: Is it the Fiber or the Phytates?,0.9,0.9416,0.8333,8699,39,1138,13354,1.973,0.001856,10
7,A,RomeCombined,0.9,1.1,10,Low Carb Diets Found to Feed Heart Disease,0.9,0.9404,0.8889,8501,38,1132,12657,1.7481,0.000381,9
7,A,RomeCombined,0.9,1.1,10,How Curry Can Kill Cancer Cells,1.0,1.0,0.9111,9506,38,1130,14420,1.4979,0.000599,9
7,A,RomeCombined,0.9,1.1,10,Testing Turmeric on Smokers,1.0,1.0,0.9556,8477,38,1124,12838,1.6094,0.003023,10
7,A,RomeCombined,0.9,1.1,10,Alkylphenol Endocrine Disruptors and Allergies,1.0,1.0,0.9111,9142,39,1149,13587,1.4708,0.008029,9
7,A,RomeCombined,0.9,1.1,10,Slowing Cognitive Decline with Berries,1.0,1.0,1.0,8071,37,1160,12493,2.164,0.002641,10
7,A,RomeCombined,0.9,1.1,10,What is ‘Meat Glue’?,1.0,1.0,0.9556,7888,38,1126,12212,1.6957,0.000895,10
7,A,RomeCombined,0.9,1.1,10,Is Liquid Smoke Safe?,1.0,1.0,1.0,7863,38,1118,11546,1.8344,0.002003,10
7,A,RomeCombined,0.9,1.1,10,Does Antioxidant Intake Matter for Stroke and Heart Disease?,1.0,1.0,1.0,9130,39,1155,13548,1.8344,0.003207,10
7,A,RomeCombined,0.9,1.1,10,Does Antioxidant Intake Matter for Cancer?,1.0,1.0,0.9556,8612,38,1137,13012,1.6957,0.002885,10
7,A,RomeCombined,0.9,1.1,10,Is buying organic worth it? A review of the science in new DVD,1.0,1.0,1.0,8954,39,1136,12554,1.8867,0.00389,10
7,A,RomeCombined,0.9,1.1,10,Orange Aromatherapy for Anxiety,1.0,1.0,0.9556,9175,38,1129,14665,1.8867,0.003133,10
7,A,RomeCombined,0.9,1.1,10,Food Manufacturers Get to Decide if Their Own Additives Are Safe,1.0,1.0,1.0,9181,41,1130,13555,1.8867,0.003647,10
7,A,RomeCombined,0.9,1.1,10,Meat Industry Wins Right to Sell Tainted Meat,1.0,1.0,0.9556,9605,35,1120,14100,1.973,0.00028,10
7,A,RomeCombined,0.9,1.1,10,Chicken Salmonella Outbreaks Show Food Safety Systems Failure,1.0,1.0,1.0,8151,38,1139,12106,2.164,0.000699,10
7,A,RomeCombined,0.9,1.1,10,Viral Food Poisoning from Pesticides?,0.9,0.9432,0.9444,9406,38,1127,13067,1.973,0.001989,10
7,A,RomeCombined,0.9,1.1,10,The Reversal on Fish Oil,1.0,1.0,1.0,9321,37,1130,14248,1.8867,0.000999,10
7,A,RomeCombined,0.9,1.1,10,Are Multivitamins Just a Waste of Money?,1.0,1.0,0.9556,8666,38,1122,12984,1.8344,0.001724,10
7,A,Romm,1.0,1.0,10,Breast Cancer Cells Feed on Cholesterol,1.0,1.0,1.0,16709,50,1446,22111,2.0253,0.003559,10
7,A,Romm,1.0,1.0,10,Using Diet to Treat Asthma and Eczema,1.0,1.0,1.0,12371,31,1191,17198,1.8344,0.002109,10
7,A,Romm,1.0,1.0,10,Treating Asthma With Plants vs. Pills,1.0,1.0,1.0,10080,26,1015,14456,2.0253,0.000406,10
7,A,Romm,1.0,1.0,10,How Fruits and Vegetables Can Treat Asthma,1.0,1.0,1.0,8416,23,919,13696,2.0253,0.001719,10
7,A,Romm,1.0,1.0,10,How Fruits and Vegetables Can Prevent Asthma,1.0,1.0,1.0,9024,23,858,13214,2.0253,0.001538,10
7,A,Romm,1.0,1.0,10,Our Tax Dollars Subsidize Unhealthy Foods,1.0,1.0,1.0,8494,26,832,12204,1.6094,0.003116,10
7,A,Romm,1.0,1.0,10,Reducing Arsenic in Chicken and Rice,1.0,1.0,1.0,7854,21,834,11589,2.0253,0.009455,10
7,A,Romm,1.0,1.0,10,How Contaminated Are Our Children?,1.0,1.0,1.0,9080,23,832,12539,2.3026,0.000587,10
7,A,Romm,1.0,1.0,10,"Blood Type Diet Perceived as ""Crass Fraud""",1.0,1.0,1.0,8168,25,838,11755,1.3592,0.003264,10
7,A,Romm,1.0,1.0,10,Why Do Heart Doctors Favor Surgery and Drugs Over Diet?,1.0,1.0,0.9556,8787,21,848,11686,1.8344,0.000878,9
7,A,Romm,1.0,1.0,10,Phytates in Beans: Anti-Nutrient or Anti-Cancer?,1.0,1.0,1.0,9906,23,842,12618,2.164,0.000424,10
7,A,Romm,1.0,1.0,10,How Phytates Fight Cancer Cells,0.9,0.9399,1.0,8438,21,845,11138,2.164,0.000335,9
7,A,Romm,1.0,1.0,10,Colon Cancer Prevention: Is it the Fiber or the Phytates?,1.0,1.0,1.0,8622,23,844,11349,1.6094,0.001848,10
7,A,Romm,1.0,1.0,10,Low Carb Diets Found to Feed Heart Disease,1.0,1.0,0.9556,8699,24,844,11361,1.973,0.000362,9
7,A,Romm,1.0,1.0,10,How Curry Can Kill Cancer Cells,1.0,1.0,1.0,8224,23,843,11380,1.6094,0.000636,9
7,A,Romm,1.0,1.0,10,Testing Turmeric on Smokers,1.0,1.0,1.0,7894,20,833,10486,1.4185,0.003161,10
7,A,Romm,1.0,1.0,10,Alkylphenol Endocrine Disruptors and Allergies,1.0,1.0,1.0,10028,21,837,12751,1.4708,0.008035,10
7,A,Romm,1.0,1.0,10,Slowing Cognitive Decline with Berries,1.0,1.0,1.0,9588,23,858,13401,2.164,0.002724,10
7,A,Romm,1.0,1.0,10,What is ‘Meat Glue’?,1.0,1.0,1.0,9088,21,815,12567,1.8867,0.000914,10
7,A,Romm,1.0,1.0,10,Is Liquid Smoke Safe?,1.0,1.0,1.0,9934,23,844,14333,1.8344,0.002074,10
7,A,Romm,1.0,1.0,10,Does Antioxidant Intake Matter for Stroke and Heart Disease?,1.0,1.0,1.0,9529,23,848,13649,1.8344,0.003368,10
7,A,Romm,1.0,1.0,10,Does Antioxidant Intake Matter for Cancer?,1.0,1.0,1.0,8860,23,848,12718,1.6957,0.002813,10
7,A,Romm,1.0,1.0,10,Is buying organic worth it? A review of the science in new DVD,1.0,1.0,1.0,8722,21,806,12607,1.8867,0.003951,10
7,A,Romm,1.0,1.0,10,Orange Aromatherapy for Anxiety,1.0,1.0,1.0,8174,23,854,12223,1.8867,0.00319,10
7,A,Romm,1.0,1.0,10,Food Manufacturers Get to Decide if Their Own Additives Are Safe,1.0,1.0,1.0,9124,23,848,13258,1.8344,0.003727,10
7,A,Romm,1.0,1.0,10,Meat Industry Wins Right to Sell Tainted Meat,1.0,1.0,1.0,9480,23,861,13670,1.7481,0.00028,10
7,A,Romm,1.0,1.0,10,Chicken Salmonella Outbreaks Show Food Safety Systems Failure,1.0,1.0,1.0,9049,24,860,12465,2.3026,0.000682,10
7,A,Romm,1.0,1.0,10,Viral Food Poisoning from Pesticides?,1.0,1.0,1.0,9408,23,835,13923,2.0253,0.001973,10
7,A,Romm,1.0,1.0,10,The Reversal on Fish Oil,1.0,1.0,1.0,7886,23,832,11837,1.8867,0.001024,10
7,A,Romm,1.0,1.0,10,Are Multivitamins Just a Waste of Money?,1.0,1.0,1.0,8839,23,849,13123,1.8344,0.001774,10
7,A,RommCombined,0.9,1.1,10,Breast Cancer Cells Feed on Cholesterol,1.0,1.0,1.0,11010,38,1001,14458,1.8867,0.003476,10
7,A,RommCombined,0.9,1.1,10,Using Diet to Treat Asthma and Eczema,1.0,1.0,0.9556,10158,24,927,13301,1.6957,0.002142,10
7,A,RommCombined,0.9,1.1,10,Treating Asthma With Plants vs. Pills,1.0,0.9999,0.9111,10549,23,854,15448,2.164,0.0004,10
7,A,RommCombined,0.9,1.1,10,How Fruits and Vegetables Can Treat Asthma,1.0,0.9999,0.9111,7949,25,824,11987,2.0253,0.001689,10
7,A,RommCombined,0.9,1.1,10,How Fruits and Vegetables Can Prevent Asthma,1.0,1.0,1.0,9561,23,833,13669,2.0253,0.001561,10
7,A,RommCombined,0.9,1.1,10,Our Tax Dollars Subsidize Unhealthy Foods,1.0,1.0,0.9111,7808,24,841,12031,1.6094,0.003209,10
7,A,RommCombined,0.9,1.1,10,Reducing Arsenic in Chicken and Rice,1.0,1.0,1.0,8515,24,822,13183,2.0253,0.009314,10
7,A,RommCombined,0.9,1.1,10,How Contaminated Are Our Children?,1.0,1.0,1.0,6859,24,826,10633,1.973,0.000598,10
7,A,RommCombined,0.9,1.1,10,"Blood Type Diet Perceived as ""Crass Fraud""",0.9,0.9442,0.9444,8495,24,838,13090,1.4708,0.003368,10
7,A,RommCombined,0.9,1.1,10,Why Do Heart Doctors Favor Surgery and Drugs Over Diet?,1.0,1.0,0.9111,8160,21,853,11686,1.6957,0.000861,9
7,A,RommCombined,0.9,1.1,10,Phytates in Beans: Anti-Nutrient or Anti-Cancer?,1.0,1.0,0.9556,8983,24,828,13977,1.8344,0.000463,10
7,A,RommCombined,0.9,1.1,10,How Phytates Fight Cancer Cells,1.0,0.9999,0.9556,6878,21,829,10206,1.8867,0.000325,10
7,A,RommCombined,0.9,1.1,10,Colon Cancer Prevention: Is it the Fiber or the Phytates?,0.9,0.9416,0.8889,7963,22,845,10715,1.7481,0.00181,10
7,A,RommCombined,0.9,1.1,10,Low Carb Diets Found to Feed Heart Disease,0.9,0.9404,0.8333,8537,22,796,14557,1.7481,0.000401,9
7,A,RommCombined,0.9,1.1,10,How Curry Can Kill Cancer Cells,1.0,1.0,0.9556,8904,24,846,12267,1.6094,0.000591,9
7,A,RommCombined,0.9,1.1,10,Testing Turmeric on Smokers,1.0,1.0,0.9111,8518,22,829,12239,1.4185,0.003175,10
7,A,RommCombined,0.9,1.1,10,Alkylphenol Endocrine Disruptors and Allergies,1.0,1.0,0.9556,9508,25,837,13194,1.6094,0.007811,10
7,A,RommCombined,0.9,1.1,10,Slowing Cognitive Decline with Berries,1.0,1.0,1.0,9123,25,831,13675,2.164,0.002614,10
7,A,RommCombined,0.9,1.1,10,What is ‘Meat Glue’?,1.0,0.9999,0.9556,9550,24,835,12770,2.0253,0.000891,10
7,A,RommCombined,0.9,1.1,10,Is Liquid Smoke Safe?,1.0,1.0,1.0,7126,24,824,10109,2.0253,0.001945,10
7,A,RommCombined,0.9,1.1,10,Does Antioxidant Intake Matter for Stroke and Heart Disease?,1.0,1.0,0.9556,8839,25,832,12809,1.8344,0.003191,10
7,A,RommCombined,0.9,1.1,10,Does Antioxidant Intake Matter for Cancer?,0.9,0.9434,0.9444,8735,24,841,12339,1.6957,0.002754,10
7,A,RommCombined,0.9,1.1,10,Is buying organic worth it? A review of the science in new DVD,1.0,1.0,1.0,9368,21,811,13631,1.6957,0.003866,10
7,A,RommCombined,0.9,1.1,10,Orange Aromatherapy for Anxiety,1.0,1.0,1.0,8896,24,848,12944,2.0253,0.003091,10
7,A,RommCombined,0.9,1.1,10,Food Manufacturers Get to Decide if Their Own Additives Are Safe,1.0,1.0,1.0,8360,25,847,12522,1.8344,0.003607,10
7,A,RommCombined,0.9,1.1,10,Meat Industry Wins Right to Sell Tainted Meat,1.0,0.9995,0.7778,8089,21,836,11160,1.8867,0.00028,10
7,A,RommCombined,0.9,1.1,10,Chicken Salmonella Outbreaks Show Food Safety Systems Failure,1.0,1.0,1.0,8983,23,835,13933,2.164,0.00069,10
7,A,RommCombined,0.9,1.1,10,Viral Food Poisoning from Pesticides?,1.0,1.0,1.0,8245,23,828,11143,1.8867,0.002003,10
7,A,RommCombined,0.9,1.1,10,The Reversal on Fish Oil,0.9,0.9427,1.0,8817,21,836,12493,1.8867,0.001062,10
7,A,RommCombined,0.9,1.1,10,Are Multivitamins Just a Waste of Money?,1.0,1.0,0.9556,8517,25,840,12382,2.0253,0.001812,10
7,A,Diehard,1.0,1.0,10,Breast Cancer Cells Feed on Cholesterol,1.0,1.0,1.0,19239,65,1012,23969,2.0253,0.003559,10
7,A,Diehard,1.0,1.0,10,Using Diet to Treat Asthma and Eczema,1.0,1.0,1.0,12277,41,832,16624,1.8344,0.002109,10
7,A,Diehard,1.0,1.0,10,Treating Asthma With Plants vs. Pills,1.0,1.0,1.0,10780,34,722,14787,2.0253,0.000406,10
7,A,Diehard,1.0,1.0,10,How Fruits and Vegetables Can Treat Asthma,1.0,1.0,1.0,9290,30,672,12800,2.0253,0.001719,10
7,A,Diehard,1.0,1.0,10,How Fruits and Vegetables Can Prevent Asthma,1.0,1.0,1.0,8374,28,641,12973,2.0253,0.001538,10
7,A,Diehard,1.0,1.0,10,Our Tax Dollars Subsidize Unhealthy Foods,1.0,1.0,1.0,10332,29,633,13818,1.6094,0.003116,10
7,A,Diehard,1.0,1.0,10,Reducing Arsenic in Chicken and Rice,1.0,1.0,1.0,9807,27,614,12528,2.0253,0.009455,10
7,A,Diehard,1.0,1.0,10,How Contaminated Are Our Children?,1.0,1.0,1.0,9227,30,612,11733,2.3026,0.000587,10
7,A,Diehard,1.0,1.0,10,"Blood Type Diet Perceived as ""Crass Fraud""",1.0,1.0,1.0,7723,30,621,10784,1.3592,0.003264,10
7,A,Diehard,1.0,1.0,10,Why Do Heart Doctors Favor Surgery and Drugs Over Diet?,1.0,1.0,0.9556,8653,27,607,11093,1.8344,0.000878,9
7,A,Diehard,1.0,1.0,10,Phytates in Beans: Anti-Nutrient or Anti-Cancer?,1.0,1.0,1.0,8636,26,623,11058,2.164,0.000424,10
7,A,Diehard,1.0,1.0,10,How Phytates Fight Cancer Cells,1.0,1.0,1.0,8766,28,607,11603,2.164,0.000335,9
7,A,Diehard,1.0,1.0,10,Colon Cancer Prevention: Is it the Fiber or the Phytates?,1.0,1.0,1.0,9074,31,625,11511,1.6094,0.001848,10
7,A,Diehard,1.0,1.0,10,Low Carb Diets Found to Feed Heart Disease,1.0,1.0,0.9556,7646,30,640,10063,1.973,0.000362,9
7,A,Diehard,1.0,1.0,10,How Curry Can Kill Cancer Cells,1.0,1.0,0.9556,9969,27,655,14025,1.6094,0.000636,9
7,A,Diehard,1.0,1.0,10,Testing Turmeric on Smokers,1.0,1.0,1.0,8953,27,606,12483,1.4185,0.003161,10
7,A,Diehard,1.0,1.0,10,Alkylphenol Endocrine Disruptors and Allergies,1.0,1.0,1.0,9955,31,626,13436,1.4708,0.008035,10
7,A,Diehard,1.0,1.0,10,Slowing Cognitive Decline with Berries,1.0,1.0,1.0,8919,29,618,12821,2.164,0.002724,10
7,A,Diehard,1.0,1.0,10,What is ‘Meat Glue’?,1.0,1.0,1.0,8624,29,600,12266,1.8867,0.000914,10
7,A,Diehard,1.0,1.0,10,Is Liquid Smoke Safe?,1.0,1.0,1.0,8519,26,605,11688,1.8344,0.002074,10
7,A,Diehard,1.0,1.0,10,Does Antioxidant Intake Matter for Stroke and Heart Disease?,1.0,1.0,1.0,8405,29,625,11236,1.8344,0.003368,10
7,A,Diehard,1.0,1.0,10,Does Antioxidant Intake Matter for Cancer?,1.0,1.0,1.0,7672,29,622,10401,1.6957,0.002813,10
7,A,Diehard,1.0,1.0,10,Is buying organic worth it? A review of the science in new DVD,1.0,1.0,1.0,7857,28,591,11716,1.8867,0.003951,10
7,A,Diehard,1.0,1.0,10,Orange Aromatherapy for Anxiety,1.0,1.0,1.0,8742,29,602,12019,1.8867,0.00319,10
7,A,Diehard,1.0,1.0,10,Food Manufacturers Get to Decide if Their Own Additives Are Safe,1.0,1.0,1.0,9518,29,617,13523,1.8344,0.003727,10
7,A,Diehard,1.0,1.0,10,Meat Industry Wins Right to Sell Tainted Meat,1.0,1.0,1.0,8664,26,600,12099,1.7481,0.00028,10
7,A,Diehard,1.0,1.0,10,Chicken Salmonella Outbreaks Show Food Safety Systems Failure,1.0,1.0,1.0,9249,29,600,12916,2.3026,0.000682,10
7,A,Diehard,1.0,1.0,10,Viral Food Poisoning from Pesticides?,1.0,1.0,1.0,8457,29,599,11247,2.0253,0.001973,10
7,A,Diehard,1.0,1.0,10,The Reversal on Fish Oil,1.0,1.0,1.0,8722,30,641,12662,1.8867,0.001024,10
7,A,Diehard,1.0,1.0,10,Are Multivitamins Just a Waste of Money?,1.0,1.0,1.0,8588,29,607,11520,1.8344,0.001774,10
7,A,DiehardCombined,0.9,1.1,10,Breast Cancer Cells Feed on Cholesterol,0.9,0.9187,0.6111,15571,66,1009,20968,1.7481,4.4e-05,9
7,A,DiehardCombined,0.9,1.1,10,Using Diet to Treat Asthma and Eczema,0.7,0.8077,0.9048,12283,42,834,17280,2.0253,1.5e-05,10
7,A,DiehardCombined,0.9,1.1,10,Treating Asthma With Plants vs. Pills,1.0,0.9963,0.3778,10029,35,691,14076,2.0253,2e-06,9
7,A,DiehardCombined,0.9,1.1,10,How Fruits and Vegetables Can Treat Asthma,0.8,0.8699,0.5714,10477,32,685,14444,1.8344,8e-06,9
7,A,DiehardCombined,0.9,1.1,10,How Fruits and Vegetables Can Prevent Asthma,0.8,0.8671,0.6429,10603,29,619,13275,1.8344,9e-06,10
7,A,DiehardCombined,0.9,1.1,10,Our Tax Dollars Subsidize Unhealthy Foods,0.5,0.6587,0.8,8376,32,628,12903,1.8344,2.4e-05,10
7,A,DiehardCombined,0.9,1.1,10,Reducing Arsenic in Chicken and Rice,0.9,0.9444,0.9444,9842,31,622,13111,2.0253,5.3e-05,10
7,A,DiehardCombined,0.9,1.1,10,How Contaminated Are Our Children?,0.7,0.7798,0.619,8978,31,599,11458,1.8344,4e-06,9
7,A,DiehardCombined,0.9,1.1,10,"Blood Type Diet Perceived as ""Crass Fraud""",0.6,0.6907,0.6,9136,29,618,11602,1.6957,7e-06,8
7,A,DiehardCombined,0.9,1.1,10,Why Do Heart Doctors Favor Surgery and Drugs Over Diet?,0.7,0.776,0.8095,8643,27,623,11237,1.8867,6e-06,8
7,A,DiehardCombined,0.9,1.1,10,Phytates in Beans: Anti-Nutrient or Anti-Cancer?,0.7,0.6389,0.0476,8685,29,620,11090,1.973,4e-06,8
7,A,DiehardCombined,0.9,1.1,10,How Phytates Fight Cancer Cells,0.7,0.7801,0.619,8940,30,609,11332,1.8344,1e-05,9
7,A,DiehardCombined,0.9,1.1,10,Colon Cancer Prevention: Is it the Fiber or the Phytates?,0.7,0.791,0.3333,8932,29,647,11454,2.0253,9e-06,10
7,A,DiehardCombined,0.9,1.1,10,Low Carb Diets Found to Feed Heart Disease,0.7,0.7548,0.2381,8618,32,610,11069,1.8344,2e-06,8
7,A,DiehardCombined,0.9,1.1,10,How Curry Can Kill Cancer Cells,0.6,0.6613,0.2,9088,28,643,11539,1.8344,7e-06,9
7,A,DiehardCombined,0.9,1.1,10,Testing Turmeric on Smokers,1.0,0.9991,0.8222,8808,31,620,11623,1.8344,2.9e-05,9
7,A,DiehardCombined,0.9,1.1,10,Alkylphenol Endocrine Disruptors and Allergies,0.9,0.9415,0.6111,8900,32,612,11375,1.8867,6.4e-05,10
7,A,DiehardCombined,0.9,1.1,10,Slowing Cognitive Decline with Berries,1.0,0.9948,0.6889,7695,31,601,11750,2.0253,2e-05,10
7,A,DiehardCombined,0.9,1.1,10,What is ‘Meat Glue’?,0.8,0.8752,0.7143,8786,32,615,12674,2.0253,1e-05,9
7,A,DiehardCombined,0.9,1.1,10,Is Liquid Smoke Safe?,0.8,0.8804,0.5714,8680,30,597,12326,2.0253,1.6e-05,10
7,A,DiehardCombined,0.9,1.1,10,Does Antioxidant Intake Matter for Stroke and Heart Disease?,0.8,0.8474,0.4286,9072,31,603,12793,1.8344,1.4e-05,9
7,A,DiehardCombined,0.9,1.1,10,Does Antioxidant Intake Matter for Cancer?,0.6,0.7198,0.8667,8853,30,618,12778,2.0253,1.5e-05,10
7,A,DiehardCombined,0.9,1.1,10,Is buying organic worth it? A review of the science in new DVD,0.8,0.8811,0.8571,8326,30,610,11559,1.973,5.9e-05,10
7,A,DiehardCombined,0.9,1.1,10,Orange Aromatherapy for Anxiety,1.0,0.9987,0.6889,7804,30,604,11749,2.164,2.6e-05,10
7,A,DiehardCombined,0.9,1.1,10,Food Manufacturers Get to Decide if Their Own Additives Are Safe,0.8,0.854,0.3571,8819,31,601,12725,1.8344,2.1e-05,9
7,A,DiehardCombined,0.9,1.1,10,Meat Industry Wins Right to Sell Tainted Meat,0.6,0.7262,0.6,8171,32,604,12132,2.164,4e-06,10
7,A,DiehardCombined,0.9,1.1,10,Chicken Salmonella Outbreaks Show Food Safety Systems Failure,0.9,0.9362,0.3333,8845,31,614,11671,2.0253,1.1e-05,10
7,A,DiehardCombined,0.9,1.1,10,Viral Food Poisoning from Pesticides?,0.8,0.8822,0.5,8272,31,587,11628,1.8867,8e-06,10
7,A,DiehardCombined,0.9,1.1,10,The Reversal on Fish Oil,0.8,0.8786,0.7143,8084,31,589,10913,1.8867,5e-06,9
7,A,DiehardCombined,0.9,1.1,10,Are Multivitamins Just a Waste of Money?,0.9,0.9425,0.6667,9479,31,612,13226,2.164,1.9e-05,10
7,A,Ckks,1.0,1.0,10,Breast Cancer Cells Feed on Cholesterol,1.0,1.0,1.0,18690,7427,4169834,4199800,2.0253,0.003559,10
7,A,Ckks,1.0,1.0,10,Using Diet to Treat Asthma and Eczema,1.0,1.0,1.0,9813,3907,4152838,4170418,1.8344,0.002109,10
7,A,Ckks,1.0,1.0,10,Treating Asthma With Plants vs. Pills,1.0,1.0,1.0,11353,4059,4153067,4170686,2.0253,0.000406,10
7,A,Ckks,1.0,1.0,10,How Fruits and Vegetables Can Treat Asthma,1.0,1.0,1.0,8853,4011,4158907,4174198,2.0253,0.001719,10
7,A,Ckks,1.0,1.0,10,How Fruits and Vegetables Can Prevent Asthma,1.0,1.0,1.0,9616,4164,4183214,4200866,2.0253,0.001538,10
7,A,Ckks,1.0,1.0,10,Our Tax Dollars Subsidize Unhealthy Foods,1.0,1.0,1.0,9308,4516,4201408,4218646,1.6094,0.003116,10
7,A,Ckks,1.0,1.0,10,Reducing Arsenic in Chicken and Rice,1.0,1.0,1.0,8935,4604,4209715,4226997,2.0253,0.009455,10
7,A,Ckks,1.0,1.0,10,How Contaminated Are Our Children?,1.0,1.0,1.0,8720,4224,4217851,4234322,2.3026,0.000587,10
7,A,Ckks,1.0,1.0,10,"Blood Type Diet Perceived as ""Crass Fraud""",1.0,1.0,1.0,10016,4309,4233501,4251395,1.3592,0.003264,10
7,A,Ckks,1.0,1.0,10,Why Do Heart Doctors Favor Surgery and Drugs Over Diet?,1.0,1.0,0.9556,9448,4173,4235682,4252989,1.8344,0.000878,9
7,A,Ckks,1.0,1.0,10,Phytates in Beans: Anti-Nutrient or Anti-Cancer?,1.0,1.0,1.0,10119,3982,4233183,4249745,2.164,0.000424,10
7,A,Ckks,1.0,1.0,10,How Phytates Fight Cancer Cells,0.9,0.9399,1.0,10097,4360,4267283,4284831,2.164,0.000335,9
7,A,Ckks,1.0,1.0,10,Colon Cancer Prevention: Is it the Fiber or the Phytates?,1.0,1.0,1.0,8716,4220,4261111,4276500,1.6094,0.001848,10
7,A,Ckks,1.0,1.0,10,Low Carb Diets Found to Feed Heart Disease,1.0,1.0,0.9556,9502,4059,4263179,4280179,1.973,0.000362,9
7,A,Ckks,1.0,1.0,10,How Curry Can Kill Cancer Cells,1.0,1.0,0.9556,8437,4390,4273310,4290571,1.6094,0.000636,9
7,A,Ckks,1.0,1.0,10,Testing Turmeric on Smokers,1.0,1.0,1.0,9442,4189,4272550,4290089,1.4185,0.003161,10
7,A,Ckks,1.0,1.0,10,Alkylphenol Endocrine Disruptors and Allergies,1.0,1.0,1.0,9816,4338,4293943,4312195,1.4708,0.008035,10
7,A,Ckks,1.0,1.0,10,Slowing Cognitive Decline with Berries,1.0,1.0,1.0,9176,4369,4296185,4313524,2.164,0.002724,10
7,A,Ckks,1.0,1.0,10,What is ‘Meat Glue’?,1.0,1.0,1.0,9546,4044,4292848,4310992,1.8867,0.000914,10
7,A,Ckks,1.0,1.0,10,Is Liquid Smoke Safe?,1.0,1.0,1.0,8535,3969,4295412,4311598,1.8344,0.002074,10
7,A,Ckks,1.0,1.0,10,Does Antioxidant Intake Matter for Stroke and Heart Disease?,1.0,1.0,1.0,9566,4179,4304234,4321802,1.8344,0.003368,10
7,A,Ckks,1.0,1.0,10,Does Antioxidant Intake Matter for Cancer?,1.0,1.0,1.0,9595,4223,4308002,4326288,1.6957,0.002813,10
7,A,Ckks,1.0,1.0,10,Is buying organic worth it? A review of the science in new DVD,1.0,1.0,1.0,8693,4044,4304850,4322030,1.8867,0.003951,10
7,A,Ckks,1.0,1.0,10,Orange Aromatherapy for Anxiety,1.0,1.0,1.0,8808,4034,4305418,4320298,1.8867,0.00319,10
7,A,Ckks,1.0,1.0,10,Food Manufacturers Get to Decide if Their Own Additives Are Safe,1.0,1.0,1.0,7793,4396,4290027,4304971,1.8344,0.003727,10
7,A,Ckks,1.0,1.0,10,Meat Industry Wins Right to Sell Tainted Meat,1.0,1.0,1.0,10133,4133,4294928,4312942,1.7481,0.00028,10
7,A,Ckks,1.0,1.0,10,Chicken Salmonella Outbreaks Show Food Safety Systems Failure,1.0,1.0,1.0,8899,4057,4322471,4339205,2.3026,0.000682,10
7,A,Ckks,1.0,1.0,10,Viral Food Poisoning from Pesticides?,1.0,1.0,1.0,9757,4004,4330285,4348154,2.0253,0.001973,10
7,A,Ckks,1.0,1.0,10,The Reversal on Fish Oil,1.0,1.0,1.0,9672,4341,4317622,4335238,1.8867,0.001024,10
7,A,Ckks,1.0,1.0,10,Are Multivitamins Just a Waste of Money?,1.0,1.0,1.0,9996,4094,4309387,4327917,1.8344,0.001774,10
7,A,CkksCombined,0.9,1.1,10,Breast Cancer Cells Feed on Cholesterol,1.0,1.0,1.0,17581,8000,4171294,4201511,2.0253,0.003408,10
7,A,CkksCombined,0.9,1.1,10,Using Diet to Treat Asthma and Eczema,1.0,1.0,0.9556,8507,4256,4154792,4171315,1.8344,0.002135,10
7,A,CkksCombined,0.9,1.1,10,Treating Asthma With Plants vs. Pills,1.0,1.0,0.9556,9271,4258,4173519,4190364,1.8344,0.000412,10
7,A,CkksCombined,0.9,1.1,10,How Fruits and Vegetables Can Treat Asthma,1.0,1.0,1.0,9486,3977,4153897,4169561,2.164,0.001684,10
7,A,CkksCombined,0.9,1.1,10,How Fruits and Vegetables Can Prevent Asthma,1.0,1.0,0.9556,9110,4141,4158034,4175501,2.0253,0.001515,10
7,A,CkksCombined,0.9,1.1,10,Our Tax Dollars Subsidize Unhealthy Foods,1.0,1.0,0.9556,8718,4282,4163589,4180322,1.6094,0.003004,9
7,A,CkksCombined,0.9,1.1,10,Reducing Arsenic in Chicken and Rice,1.0,1.0,1.0,8923,3993,4159305,4176052,2.0253,0.009133,10
7,A,CkksCombined,0.9,1.1,10,How Contaminated Are Our Children?,0.9,0.9409,1.0,8974,4056,4168325,4184897,2.164,0.000607,10
7,A,CkksCombined,0.9,1.1,10,"Blood Type Diet Perceived as ""Crass Fraud""",1.0,1.0,1.0,9218,4114,4176690,4193934,1.4979,0.003181,10
7,A,CkksCombined,0.9,1.1,10,Why Do Heart Doctors Favor Surgery and Drugs Over Diet?,1.0,0.9998,0.8222,8775,4280,4196611,4213547,1.8344,0.000894,9
7,A,CkksCombined,0.9,1.1,10,Phytates in Beans: Anti-Nutrient or Anti-Cancer?,1.0,1.0,1.0,9619,4282,4208040,4224322,2.0253,0.000431,10
7,A,CkksCombined,0.9,1.1,10,How Phytates Fight Cancer Cells,1.0,0.9999,0.9556,9291,4325,4225396,4242123,2.164,0.000341,10
7,A,CkksCombined,0.9,1.1,10,Colon Cancer Prevention: Is it the Fiber or the Phytates?,1.0,1.0,0.9556,9040,3979,4208386,4225074,1.8867,0.001796,9
7,A,CkksCombined,0.9,1.1,10,Low Carb Diets Found to Feed Heart Disease,1.0,1.0,1.0,9465,3991,4230132,4246947,1.8344,0.000378,9
7,A,CkksCombined,0.9,1.1,10,How Curry Can Kill Cancer Cells,1.0,0.9999,0.9111,9703,4034,4245386,4262831,1.8344,0.000636,8
7,A,CkksCombined,0.9,1.1,10,Testing Turmeric on Smokers,1.0,1.0,0.9556,9272,3877,4248743,4265280,1.4185,0.003062,10
7,A,CkksCombined,0.9,1.1,10,Alkylphenol Endocrine Disruptors and Allergies,1.0,1.0,1.0,8942,4254,4266125,4283740,1.4708,0.007934,10
7,A,CkksCombined,0.9,1.1,10,Slowing Cognitive Decline with Berries,1.0,1.0,1.0,8366,4025,4267428,4283947,2.164,0.002651,10
7,A,CkksCombined,0.9,1.1,10,What is ‘Meat Glue’?,1.0,0.9999,0.9556,9022,4348,4292083,4308835,1.8867,0.000853,10
7,A,CkksCombined,0.9,1.1,10,Is Liquid Smoke Safe?,1.0,1.0,1.0,9796,4157,4280585,4299050,1.8344,0.002029,10
7,A,CkksCombined,0.9,1.1,10,Does Antioxidant Intake Matter for Stroke and Heart Disease?,1.0,1.0,0.9556,8974,4299,4285584,4303435,1.8344,0.003359,10
7,A,CkksCombined,0.9,1.1,10,Does Antioxidant Intake Matter for Cancer?,0.9,0.9435,0.9444,9593,4262,4314845,4332542,1.973,0.00272,10
7,A,CkksCombined,0.9,1.1,10,Is buying organic worth it? A review of the science in new DVD,1.0,1.0,1.0,9061,4121,4305274,4321052,1.8867,0.003884,10
7,A,CkksCombined,0.9,1.1,10,Orange Aromatherapy for Anxiety,1.0,1.0,1.0,8509,4343,4337086,4353609,2.164,0.003204,10
7,A,CkksCombined,0.9,1.1,10,Food Manufacturers Get to Decide if Their Own Additives Are Safe,1.0,1.0,1.0,9197,4255,4327259,4344511,1.8344,0.003654,10
7,A,CkksCombined,0.9,1.1,10,Meat Industry Wins Right to Sell Tainted Meat,1.0,1.0,0.9111,9665,4047,4321283,4338852,1.4708,0.000258,10
7,A,CkksCombined,0.9,1.1,10,Chicken Salmonella Outbreaks Show Food Safety Systems Failure,1.0,1.0,1.0,9560,4080,4335499,4352959,2.3026,0.000664,10
7,A,CkksCombined,0.9,1.1,10,Viral Food Poisoning from Pesticides?,1.0,1.0,1.0,10784,4366,4336818,4355936,2.0253,0.001852,10
7,A,CkksCombined,0.9,1.1,10,The Reversal on Fish Oil,0.9,0.9423,0.9444,9492,4359,4353082,4371300,2.0253,0.000984,10
7,A,CkksCombined,0.9,1.1,10,Are Multivitamins Just a Waste of Money?,1.0,1.0,1.0,10171,4010,4328637,4345845,2.0253,0.001677,10
8,A,Scrambling,0.9,1.1,10,Breast Cancer Cells Feed on Cholesterol,1.0,1.0,1.0,14135,13,1170,18087,2.0253,0.003559,10
8,A,Scrambling,0.9,1.1,10,Using Diet to Treat Asthma and Eczema,1.0,1.0,1.0,10661,3,1017,15120,1.8344,0.002109,10
8,A,Scrambling,0.9,1.1,10,Treating Asthma With Plants vs. Pills,1.0,1.0,1.0,10649,2,930,14913,2.0253,0.000406,10
8,A,Scrambling,0.9,1.1,10,How Fruits and Vegetables Can Treat Asthma,1.0,1.0,1.0,9017,1,854,14442,2.0253,0.001719,10
8,A,Scrambling,0.9,1.1,10,How Fruits and Vegetables Can Prevent Asthma,1.0,1.0,1.0,10214,2,833,15262,2.0253,0.001538,10
8,A,Scrambling,0.9,1.1,10,Our Tax Dollars Subsidize Unhealthy Foods,1.0,1.0,1.0,8515,1,830,12394,1.6094,0.003116,10
8,A,Scrambling,0.9,1.1,10,Reducing Arsenic in Chicken and Rice,1.0,1.0,1.0,8350,2,839,12439,2.0253,0.009455,10
8,A,Scrambling,0.9,1.1,10,How Contaminated Are Our Children?,1.0,1.0,1.0,9138,1,840,13233,2.3026,0.000587,10
8,A,Scrambling,0.9,1.1,10,"Blood Type Diet Perceived as ""Crass Fraud""",1.0,1.0,1.0,7767,1,839,11917,1.3592,0.003264,10
8,A,Scrambling,0.9,1.1,10,Why Do Heart Doctors Favor Surgery and Drugs Over Diet?,1.0,1.0,0.9556,9356,2,832,13609,1.8344,0.000878,9
8,A,Scrambling,0.9,1.1,10,Phytates in Beans: Anti-Nutrient or Anti-Cancer?,1.0,1.0,1.0,9492,2,834,13573,2.164,0.000424,10
8,A,Scrambling,0.9,1.1,10,How Phytates Fight Cancer Cells,1.0,1.0,1.0,8255,2,839,12361,2.164,0.000335,9
8,A,Scrambling,0.9,1.1,10,Colon Cancer Prevention: Is it the Fiber or the Phytates?,1.0,1.0,1.0,9502,2,851,13454,1.6094,0.001848,10
8,A,Scrambling,0.9,1.1,10,Low Carb Diets Found to Feed Heart Disease,1.0,1.0,0.9556,8745,2,832,12500,1.973,0.000362,9
8,A,Scrambling,0.9,1.1,10,How Curry Can Kill Cancer Cells,1.0,1.0,0.9556,7474,1,827,11288,1.6094,0.000636,9
8,A,Scrambling,0.9,1.1,10,Testing Turmeric on Smokers,1.0,1.0,1.0,8542,2,797,12626,1.4185,0.003161,10
8,A,Scrambling,0.9,1.1,10,Alkylphenol Endocrine Disruptors and Allergies,1.0,1.0,1.0,7655,1,859,11174,1.4708,0.008035,10
8,A,Scrambling,0.9,1.1,10,Slowing Cognitive Decline with Berries,1.0,1.0,1.0,8692,1,826,12639,2.164,0.002724,10
8,A,Scrambling,0.9,1.1,10,What is ‘Meat Glue’?,1.0,1.0,1.0,8218,2,838,12101,1.8867,0.000914,10
8,A,Scrambling,0.9,1.1,10,Is Liquid Smoke Safe?,1.0,1.0,1.0,9334,2,840,13285,1.8344,0.002074,10
8,A,Scrambling,0.9,1.1,10,Does Antioxidant Intake Matter for Stroke and Heart Disease?,1.0,1.0,1.0,8524,1,855,11992,1.8344,0.003368,10
8,A,Scrambling,0.9,1.1,10,Does Antioxidant Intake Matter for Cancer?,1.0,1.0,1.0,8324,1,827,12373,1.6957,0.002813,10
8,A,Scrambling,0.9,1.1,10,Is buying organic worth it? A review of the science in new DVD,1.0,1.0,1.0,8384,1,835,12447,1.8867,0.003951,10
8,A,Scrambling,0.9,1.1,10,Orange Aromatherapy for Anxiety,1.0,1.0,1.0,10109,2,836,14178,1.8867,0.00319,10
8,A,Scrambling,0.9,1.1,10,Food Manufacturers Get to Decide if Their Own Additives Are Safe,1.0,1.0,1.0,8284,1,839,11778,1.8344,0.003727,10
8,A,Scrambling,0.9,1.1,10,Meat Industry Wins Right to Sell Tainted Meat,1.0,1.0,1.0,8034,1,826,12002,1.7481,0.00028,10
8,A,Scrambling,0.9,1.1,10,Chicken Salmonella Outbreaks Show Food Safety Systems Failure,1.0,1.0,1.0,9025,2,842,13196,2.3026,0.000682,10
8,A,Scrambling,0.9,1.1,10,Viral Food Poisoning from Pesticides?,1.0,1.0,1.0,8926,2,832,12882,2.0253,0.001973,10
8,A,Scrambling,0.9,1.1,10,The Reversal on Fish Oil,1.0,1.0,1.0,9018,1,842,12170,1.8867,0.001024,10
8,A,Scrambling,0.9,1.1,10,Are Multivitamins Just a Waste of Money?,1.0,1.0,1.0,8536,1,831,13410,1.8344,0.001774,10
8,A,Noise,0.9,1.1,10,Breast Cancer Cells Feed on Cholesterol,0.9,0.9457,1.0,14008,15,1189,17496,2.0253,0.003534,10
8,A,Noise,0.9,1.1,10,Using Diet to Treat Asthma and Eczema,1.0,1.0,1.0,10395,3,1024,13822,1.973,0.002011,10
8,A,Noise,0.9,1.1,10,Treating Asthma With Plants vs. Pills,1.0,0.9998,0.8222,9680,2,921,12474,1.8867,0.000405,10
8,A,Noise,0.9,1.1,10,How Fruits and Vegetables Can Treat Asthma,1.0,1.0,0.9556,9410,3,870,12199,2.164,0.001707,10
8,A,Noise,0.9,1.1,10,How Fruits and Vegetables Can Prevent Asthma,1.0,1.0,1.0,9433,2,835,12177,1.6957,0.001513,10
8,A,Noise,0.9,1.1,10,Our Tax Dollars Subsidize Unhealthy Foods,1.0,1.0,0.9111,9254,2,833,12363,1.4708,0.003079,10
8,A,Noise,0.9,1.1,10,Reducing Arsenic in Chicken and Rice,1.0,1.0,1.0,10149,3,826,12808,2.0253,0.009014,10
8,A,Noise,0.9,1.1,10,How Contaminated Are Our Children?,1.0,1.0,0.9556,8861,2,841,11988,2.164,0.000559,10
8,A,Noise,0.9,1.1,10,"Blood Type Diet Perceived as ""Crass Fraud""",1.0,1.0,1.0,8405,2,805,11595,1.3592,0.003171,10
8,A,Noise,0.9,1.1,10,Why Do Heart Doctors Favor Surgery and Drugs Over Diet?,1.0,1.0,0.9556,8342,3,837,12278,1.5048,0.000911,9
8,A,Noise,0.9,1.1,10,Phytates in Beans: Anti-Nutrient or Anti-Cancer?,1.0,1.0,0.9111,10381,3,831,14322,2.0253,0.000381,10
8,A,Noise,0.9,1.1,10,How Phytates Fight Cancer Cells,0.9,0.9399,1.0,8895,3,844,12669,2.0253,0.000331,10
8,A,Noise,0.9,1.1,10,Colon Cancer Prevention: Is it the Fiber or the Phytates?,1.0,1.0,0.8222,8864,2,842,12827,1.6094,0.001742,10
8,A,Noise,0.9,1.1,10,Low Carb Diets Found to Feed Heart Disease,1.0,0.9999,0.7333,8868,2,836,13460,2.0253,0.000348,9
8,A,Noise,0.9,1.1,10,How Curry Can Kill Cancer Cells,1.0,1.0,0.9111,7479,2,825,11155,1.7481,0.000729,9
8,A,Noise,0.9,1.1,10,Testing Turmeric on Smokers,0.9,0.9454,0.7778,9265,2,847,13436,1.6094,0.003095,10
8,A,Noise,0.9,1.1,10,Alkylphenol Endocrine Disruptors and Allergies,1.0,1.0,0.9556,9235,3,842,12960,1.6094,0.007947,10
8,A,Noise,0.9,1.1,10,Slowing Cognitive Decline with Berries,1.0,1.0,1.0,9665,3,832,13002,2.164,0.002707,10
8,A,Noise,0.9,1.1,10,What is ‘Meat Glue’?,1.0,1.0,0.9556,8571,3,833,12918,2.0253,0.000947,10
8,A,Noise,0.9,1.1,10,Is Liquid Smoke Safe?,1.0,1.0,1.0,8150,2,835,11795,1.973,0.002003,10
8,A,Noise,0.9,1.1,10,Does Antioxidant Intake Matter for Stroke and Heart Disease?,1.0,1.0,1.0,9201,3,847,13160,1.8344,0.00338,10
8,A,Noise,0.9,1.1,10,Does Antioxidant Intake Matter for Cancer?,1.0,1.0,0.9556,8705,3,846,12447,1.6957,0.002721,10
8,A,Noise,0.9,1.1,10,Is buying organic worth it? A review of the science in new DVD,1.0,0.9999,0.9556,8213,2,839,12428,1.8867,0.003842,10
8,A,Noise,0.9,1.1,10,Orange Aromatherapy for Anxiety,1.0,1.0,1.0,9148,2,833,13223,1.8867,0.003105,10
8,A,Noise,0.9,1.1,10,Food Manufacturers Get to Decide if Their Own Additives Are Safe,1.0,1.0,1.0,9619,2,840,13718,1.8344,0.003664,10
8,A,Noise,0.9,1.1,10,Meat Industry Wins Right to Sell Tainted Meat,1.0,1.0,0.9111,10117,3,838,14334,1.8344,0.000301,10
8,A,Noise,0.9,1.1,10,Chicken Salmonella Outbreaks Show Food Safety Systems Failure,1.0,1.0,0.9556,8830,2,854,11840,2.0253,0.000641,10
8,A,Noise,0.9,1.1,10,Viral Food Poisoning from Pesticides?,1.0,1.0,1.0,8318,2,845,12209,2.0253,0.001922,10
8,A,Noise,0.9,1.1,10,The Reversal on Fish Oil,0.9,0.9426,1.0,9365,3,836,13463,2.0253,0.001015,10
8,A,Noise,0.9,1.1,10,Are Multivitamins Just a Waste of Money?,1.0,1.0,0.9556,8837,2,846,13021,1.8344,0.00168,10
8,A,Combined,0.9,1.1,10,Breast Cancer Cells Feed on Cholesterol,1.0,1.0,1.0,19456,23,1430,24762,1.973,0.003408,10
8,A,Combined,0.9,1.1,10,Using Diet to Treat Asthma and Eczema,1.0,1.0,1.0,11344,4,1187,16019,1.8344,0.002126,10
8,A,Combined,0.9,1.1,10,Treating Asthma With Plants vs. Pills,1.0,0.9998,0.9111,10819,3,1004,15123,2.164,0.000464,10
8,A,Combined,0.9,1.1,10,How Fruits and Vegetables Can Treat Asthma,1.0,1.0,0.9556,10334,3,925,14259,2.164,0.001805,10
8,A,Combined,0.9,1.1,10,How Fruits and Vegetables Can Prevent Asthma,1.0,0.9998,0.9556,8458,2,855,12796,1.8344,0.001597,9
8,A,Combined,0.9,1.1,10,Our Tax Dollars Subsidize Unhealthy Foods,1.0,1.0,0.8667,8099,2,825,12161,1.6094,0.00295,10
8,A,Combined,0.9,1.1,10,Reducing Arsenic in Chicken and Rice,1.0,1.0,1.0,7220,3,851,11206,2.0253,0.009291,10
8,A,Combined,0.9,1.1,10,How Contaminated Are Our Children?,1.0,1.0,1.0,6586,2,832,11347,2.3026,0.000552,10
8,A,Combined,0.9,1.1,10,"Blood Type Diet Perceived as ""Crass Fraud""",1.0,1.0,1.0,9544,2,828,13009,1.3592,0.003132,10
8,A,Combined,0.9,1.1,10,Why Do Heart Doctors Favor Surgery and Drugs Over Diet?,1.0,1.0,0.9111,8014,3,833,11054,1.6957,0.000876,9
8,A,Combined,0.9,1.1,10,Phytates in Beans: Anti-Nutrient or Anti-Cancer?,1.0,1.0,0.9556,8621,3,840,12619,1.8344,0.000472,10
8,A,Combined,0.9,1.1,10,How Phytates Fight Cancer Cells,0.9,0.9399,1.0,8638,2,828,13266,2.0253,0.000347,10
8,A,Combined,0.9,1.1,10,Colon Cancer Prevention: Is it the Fiber or the Phytates?,0.8,0.8806,1.0,8861,2,829,13062,1.7481,0.00178,9
8,A,Combined,0.9,1.1,10,Low Carb Diets Found to Feed Heart Disease,1.0,0.9999,0.7333,9120,3,829,13257,1.7481,0.000315,9
8,A,Combined,0.9,1.1,10,How Curry Can Kill Cancer Cells,1.0,1.0,0.8667,8415,2,838,12123,1.3592,0.00065,9
8,A,Combined,0.9,1.1,10,Testing Turmeric on Smokers,1.0,1.0,1.0,8434,3,842,12622,1.6094,0.003109,10
8,A,Combined,0.9,1.1,10,Alkylphenol Endocrine Disruptors and Allergies,1.0,1.0,0.9556,8794,3,825,12917,1.4708,0.007807,10
8,A,Combined,0.9,1.1,10,Slowing Cognitive Decline with Berries,1.0,1.0,1.0,9356,2,825,13215,2.3026,0.002789,10
8,A,Combined,0.9,1.1,10,What is ‘Meat Glue’?,1.0,1.0,1.0,9466,3,819,13452,1.8867,0.000916,10
8,A,Combined,0.9,1.1,10,Is Liquid Smoke Safe?,1.0,0.9999,0.9111,7748,2,836,11334,1.8344,0.002045,10
8,A,Combined,0.9,1.1,10,Does Antioxidant Intake Matter for Stroke and Heart Disease?,1.0,1.0,1.0,9125,3,827,12487,1.8344,0.003302,10
8,A,Combined,0.9,1.1,10,Does Antioxidant Intake Matter for Cancer?,1.0,1.0,0.9556,9174,2,831,11947,1.8344,0.002869,10
8,A,Combined,0.9,1.1,10,Is buying organic worth it? A review of the science in new DVD,1.0,0.9999,0.9556,8203,3,850,10891,1.8344,0.00393,10
8,A,Combined,0.9,1.1,10,Orange Aromatherapy for Anxiety,1.0,1.0,0.9556,7457,3,831,10509,1.8867,0.00312,10
8,A,Combined,0.9,1.1,10,Food Manufacturers Get to Decide if Their Own Additives Are Safe,1.0,1.0,1.0,8896,3,821,11491,1.6957,0.003606,10
8,A,Combined,0.9,1.1,10,Meat Industry Wins Right to Sell Tainted Meat,1.0,1.0,0.9111,9426,2,838,12019,1.6957,0.000295,10
8,A,Combined,0.9,1.1,10,Chicken Salmonella Outbreaks Show Food Safety Systems Failure,1.0,1.0,1.0,9021,3,858,11844,2.3026,0.000696,10
8,A,Combined,0.9,1.1,10,Viral Food Poisoning from Pesticides?,0.9,0.9432,0.9444,9570,3,821,13167,1.8344,0.002032,10
8,A,Combined,0.9,1.1,10,The Reversal on Fish Oil,0.9,0.9403,1.0,9158,3,828,12828,2.0253,0.001002,10
8,A,Combined,0.9,1.1,10,Are Multivitamins Just a Waste of Money?,1.0,1.0,1.0,8603,2,828,12092,2.0253,0.001714,10
8,A,Rome,1.0,1.0,10,Breast Cancer Cells Feed on Cholesterol,1.0,1.0,1.0,17567,80,1982,24020,2.0253,0.003559,10
8,A,Rome,1.0,1.0,10,Using Diet to Treat Asthma and Eczema,1.0,1.0,1.0,13641,53,1604,19665,1.8344,0.002109,10
8,A,Rome,1.0,1.0,10,Treating Asthma With Plants vs. Pills,1.0,1.0,1.0,11451,44,1343,17031,2.0253,0.000406,10
8,A,Rome,1.0,1.0,10,How Fruits and Vegetables Can Treat Asthma,1.0,1.0,1.0,10560,38,1208,16534,2.0253,0.001719,10
8,A,Rome,1.0,1.0,10,How Fruits and Vegetables Can Prevent Asthma,1.0,1.0,1.0,9430,41,1129,14231,2.0253,0.001538,10
8,A,Rome,1.0,1.0,10,Our Tax Dollars Subsidize Unhealthy Foods,1.0,1.0,1.0,9001,37,1134,12871,1.6094,0.003116,10
8,A,Rome,1.0,1.0,10,Reducing Arsenic in Chicken and Rice,1.0,1.0,1.0,10277,36,1131,15147,2.0253,0.009455,10
8,A,Rome,1.0,1.0,10,How Contaminated Are Our Children?,1.0,1.0,1.0,9413,38,1139,14133,2.3026,0.000587,10
8,A,Rome,1.0,1.0,10,"Blood Type Diet Perceived as ""Crass Fraud""",1.0,1.0,1.0,9159,38,1156,12720,1.3592,0.003264,10
8,A,Rome,1.0,1.0,10,Why Do Heart Doctors Favor Surgery and Drugs Over Diet?,1.0,1.0,0.9556,10386,38,1127,15431,1.8344,0.000878,9
8,A,Rome,1.0,1.0,10,Phytates in Beans: Anti-Nutrient or Anti-Cancer?,1.0,1.0,1.0,10717,38,1126,15718,2.164,0.000424,10
8,A,Rome,1.0,1.0,10,How Phytates Fight Cancer Cells,1.0,1.0,1.0,8894,38,1140,12844,2.164,0.000335,9
8,A,Rome,1.0,1.0,10,Colon Cancer Prevention: Is it the Fiber or the Phytates?,1.0,1.0,1.0,9218,38,1145,12876,1.6094,0.001848,10
8,A,Rome,1.0,1.0,10,Low Carb Diets Found to Feed Heart Disease,1.0,1.0,0.9556,9803,38,1149,14445,1.973,0.000362,9
8,A,Rome,1.0,1.0,10,How Curry Can Kill Cancer Cells,1.0,1.0,0.9556,10604,38,1132,15300,1.6094,0.000636,9
8,A,Rome,1.0,1.0,10,Testing Turmeric on Smokers,1.0,1.0,1.0,8783,37,1143,13091,1.4185,0.003161,10
8,A,Rome,1.0,1.0,10,Alkylphenol Endocrine Disruptors and Allergies,1.0,1.0,1.0,9250,38,1140,15192,1.4708,0.008035,10
8,A,Rome,1.0,1.0,10,Slowing Cognitive Decline with Berries,1.0,1.0,1.0,9780,38,1122,13000,2.164,0.002724,10
8,A,Rome,1.0,1.0,10,What is ‘Meat Glue’?,1.0,1.0,1.0,9308,37,1128,12422,1.8867,0.000914,10
8,A,Rome,1.0,1.0,10,Is Liquid Smoke Safe?,1.0,1.0,1.0,9969,39,1132,14028,1.8344,0.002074,10
8,A,Rome,1.0,1.0,10,Does Antioxidant Intake Matter for Stroke and Heart Disease?,1.0,1.0,1.0,9696,37,1132,14135,1.8344,0.003368,10
8,A,Rome,1.0,1.0,10,Does Antioxidant Intake Matter for Cancer?,1.0,1.0,1.0,9356,38,1126,13496,1.6957,0.002813,10
8,A,Rome,1.0,1.0,10,Is buying organic worth it? A review of the science in new DVD,1.0,1.0,1.0,9619,39,1125,14406,1.8867,0.003951,10
8,A,Rome,1.0,1.0,10,Orange Aromatherapy for Anxiety,1.0,1.0,1.0,9829,35,1131,13333,1.8867,0.00319,10
8,A,Rome,1.0,1.0,10,Food Manufacturers Get to Decide if Their Own Additives Are Safe,1.0,1.0,1.0,9044,37,1125,12249,1.8344,0.003727,10
8,A,Rome,1.0,1.0,10,Meat Industry Wins Right to Sell Tainted Meat,1.0,1.0,1.0,9440,37,1124,13853,1.7481,0.00028,10
8,A,Rome,1.0,1.0,10,Chicken Salmonella Outbreaks Show Food Safety Systems Failure,1.0,1.0,1.0,9146,38,1454,13045,2.3026,0.000682,10
8,A,Rome,1.0,1.0,10,Viral Food Poisoning from Pesticides?,1.0,1.0,1.0,10594,36,1118,16321,2.0253,0.001973,10
8,A,Rome,1.0,1.0,10,The Reversal on Fish Oil,1.0,1.0,1.0,9067,36,1129,13627,1.8867,0.001024,10
8,A,Rome,1.0,1.0,10,Are Multivitamins Just a Waste of Money?,1.0,1.0,1.0,7795,39,1137,11150,1.8344,0.001774,10
8,A,RomeCombined,0.9,1.1,10,Breast Cancer Cells Feed on Cholesterol,0.9,0.9457,0.9444,10523,43,1264,14009,1.973,0.003602,10
8,A,RomeCombined,0.9,1.1,10,Using Diet to Treat Asthma and Eczema,1.0,1.0,0.9111,10228,40,1163,13271,1.8344,0.002119,10
8,A,RomeCombined,0.9,1.1,10,Treating Asthma With Plants vs. Pills,1.0,1.0,0.9111,11370,39,1124,14341,1.8867,0.000393,10
8,A,RomeCombined,0.9,1.1,10,How Fruits and Vegetables Can Treat Asthma,1.0,0.9999,0.9556,8564,38,1148,11587,2.0253,0.001689,10
8,A,RomeCombined,0.9,1.1,10,How Fruits and Vegetables Can Prevent Asthma,1.0,1.0,0.9556,9236,37,1164,12389,2.0253,0.001541,10
8,A,RomeCombined,0.9,1.1,10,Our Tax Dollars Subsidize Unhealthy Foods,1.0,1.0,0.9111,10354,39,1127,14592,1.7481,0.003075,10
8,A,RomeCombined,0.9,1.1,10,Reducing Arsenic in Chicken and Rice,1.0,1.0,1.0,10244,40,1139,14724,2.0253,0.009417,10
8,A,RomeCombined,0.9,1.1,10,How Contaminated Are Our Children?,1.0,1.0,0.9556,9455,39,1140,13255,2.3026,0.000573,10
8,A,RomeCombined,0.9,1.1,10,"Blood Type Diet Perceived as ""Crass Fraud""",1.0,1.0,0.9556,8882,43,1142,12984,1.4708,0.003227,10
8,A,RomeCombined,0.9,1.1,10,Why Do Heart Doctors Favor Surgery and Drugs Over Diet?,1.0,0.9998,0.8222,9555,39,1130,13599,1.5048,0.000854,8
8,A,RomeCombined,0.9,1.1,10,Phytates in Beans: Anti-Nutrient or Anti-Cancer?,1.0,1.0,0.9111,9633,39,1135,13822,1.973,0.000432,10
8,A,RomeCombined,0.9,1.1,10,How Phytates Fight Cancer Cells,0.9,0.9398,0.8333,9740,40,1134,14213,1.7481,0.000346,10
8,A,RomeCombined,0.9,1.1,10,Colon Cancer Prevention: Is it the Fiber or the Phytates?,0.9,0.9415,0.8333,9490,39,1137,12871,1.6094,0.001786,10
8,A,RomeCombined,0.9,1.1,10,Low Carb Diets Found to Feed Heart Disease,1.0,1.0,0.9556,9308,39,1133,13459,2.0253,0.00034,9
8,A,RomeCombined,0.9,1.1,10,How Curry Can Kill Cancer Cells,1.0,0.9999,0.7778,9047,39,1126,13916,1.7481,0.000635,9
8,A,RomeCombined,0.9,1.1,10,Testing Turmeric on Smokers,1.0,1.0,1.0,9223,39,1127,13045,1.6094,0.003163,10
8,A,RomeCombined,0.9,1.1,10,Alkylphenol Endocrine Disruptors and Allergies,1.0,1.0,1.0,8907,39,1126,12262,1.6094,0.008053,10
8,A,RomeCombined,0.9,1.1,10,Slowing Cognitive Decline with Berries,1.0,1.0,1.0,9626,40,1135,13997,2.164,0.002753,10
8,A,RomeCombined,0.9,1.1,10,What is ‘Meat Glue’?,1.0,1.0,1.0,8788,39,1139,12709,1.8867,0.00086,10
8,A,RomeCombined,0.9,1.1,10,Is Liquid Smoke Safe?,1.0,0.9999,0.9111,8083,39,1119,12935,1.8344,0.002037,10
8,A,RomeCombined,0.9,1.1,10,Does Antioxidant Intake Matter for Stroke and Heart Disease?,1.0,1.0,1.0,8851,38,1117,13175,1.8344,0.003387,10
8,A,RomeCombined,0.9,1.1,10,Does Antioxidant Intake Matter for Cancer?,0.9,0.9435,1.0,9888,38,1142,14269,1.6957,0.002863,10
8,A,RomeCombined,0.9,1.1,10,Is buying organic worth it? A review of the science in new DVD,1.0,1.0,0.9556,9175,40,1149,13542,1.8867,0.003877,10
8,A,RomeCombined,0.9,1.1,10,Orange Aromatherapy for Anxiety,1.0,1.0,0.9556,8890,40,1148,12958,1.8867,0.003146,10
8,A,RomeCombined,0.9,1.1,10,Food Manufacturers Get to Decide if Their Own Additives Are Safe,1.0,0.9999,0.9111,9685,39,1130,14188,1.8344,0.003759,10
8,A,RomeCombined,0.9,1.1,10,Meat Industry Wins Right to Sell Tainted Meat,1.0,1.0,0.7778,9337,39,1122,14392,1.4979,0.000273,10
8,A,RomeCombined,0.9,1.1,10,Chicken Salmonella Outbreaks Show Food Safety Systems Failure,1.0,1.0,1.0,8738,37,1125,13145,2.3026,0.000685,10
8,A,RomeCombined,0.9,1.1,10,Viral Food Poisoning from Pesticides?,1.0,1.0,1.0,8492,38,1134,12909,1.8344,0.001939,10
8,A,RomeCombined,0.9,1.1,10,The Reversal on Fish Oil,0.9,0.9427,0.9444,9078,42,1133,13627,2.164,0.001057,10
8,A,RomeCombined,0.9,1.1,10,Are Multivitamins Just a Waste of Money?,1.0,1.0,1.0,9024,40,1152,13475,2.0253,0.001829,10
8,A,Romm,1.0,1.0,10,Breast Cancer Cells Feed on Cholesterol,1.0,1.0,1.0,19478,51,1443,24616,2.0253,0.003559,10
8,A,Romm,1.0,1.0,10,Using Diet to Treat Asthma and Eczema,1.0,1.0,1.0,14128,29,1097,18802,1.8344,0.002109,10
8,A,Romm,1.0,1.0,10,Treating Asthma With Plants vs. Pills,1.0,1.0,1.0,11193,27,1011,15545,2.0253,0.000406,10
8,A,Romm,1.0,1.0,10,How Fruits and Vegetables Can Treat Asthma,1.0,1.0,1.0,9931,23,896,14248,2.0253,0.001719,10
8,A,Romm,1.0,1.0,10,How Fruits and Vegetables Can Prevent Asthma,1.0,1.0,1.0,8519,21,850,13521,2.0253,0.001538,10
8,A,Romm,1.0,1.0,10,Our Tax Dollars Subsidize Unhealthy Foods,1.0,1.0,1.0,8796,23,832,13107,1.6094,0.003116,10
8,A,Romm,1.0,1.0,10,Reducing Arsenic in Chicken and Rice,1.0,1.0,1.0,9221,23,829,13524,2.0253,0.009455,10
8,A,Romm,1.0,1.0,10,How Contaminated Are Our Children?,1.0,1.0,1.0,10058,23,834,13567,2.3026,0.000587,10
8,A,Romm,1.0,1.0,10,"Blood Type Diet Perceived as ""Crass Fraud""",1.0,1.0,1.0,8274,23,845,11369,1.3592,0.003264,10
8,A,Romm,1.0,1.0,10,Why Do Heart Doctors Favor Surgery and Drugs Over Diet?,1.0,1.0,0.9556,8325,20,835,13254,1.8344,0.000878,9
8,A,Romm,1.0,1.0,10,Phytates in Beans: Anti-Nutrient or Anti-Cancer?,1.0,1.0,1.0,8351,24,830,12430,2.164,0.000424,10
8,A,Romm,1.0,1.0,10,How Phytates Fight Cancer Cells,0.9,0.9399,1.0,8499,23,839,12569,2.164,0.000335,9
8,A,Romm,1.0,1.0,10,Colon Cancer Prevention: Is it the Fiber or the Phytates?,1.0,1.0,1.0,8691,22,853,12794,1.6094,0.001848,10
8,A,Romm,1.0,1.0,10,Low Carb Diets Found to Feed Heart Disease,1.0,1.0,0.9556,9575,24,833,13341,1.973,0.000362,9
8,A,Romm,1.0,1.0,10,How Curry Can Kill Cancer Cells,1.0,1.0,0.9556,8990,22,829,13636,1.6094,0.000636,9
8,A,Romm,1.0,1.0,10,Testing Turmeric on Smokers,1.0,1.0,1.0,9026,22,824,13133,1.4185,0.003161,10
8,A,Romm,1.0,1.0,10,Alkylphenol Endocrine Disruptors and Allergies,1.0,1.0,1.0,9147,23,837,13349,1.4708,0.008035,10
8,A,Romm,1.0,1.0,10,Slowing Cognitive Decline with Berries,1.0,1.0,1.0,9594,24,839,13773,2.164,0.002724,10
8,A,Romm,1.0,1.0,10,What is ‘Meat Glue’?,1.0,1.0,1.0,8730,23,826,13685,1.8867,0.000914,10
8,A,Romm,1.0,1.0,10,Is Liquid Smoke Safe?,1.0,1.0,1.0,8775,23,822,12214,1.8344,0.002074,10
8,A,Romm,1.0,1.0,10,Does Antioxidant Intake Matter for Stroke and Heart Disease?,1.0,1.0,1.0,8484,22,840,11454,1.8344,0.003368,10
8,A,Romm,1.0,1.0,10,Does Antioxidant Intake Matter for Cancer?,1.0,1.0,1.0,9429,24,849,13571,1.6957,0.002813,10
8,A,Romm,1.0,1.0,10,Is buying organic worth it? A review of the science in new DVD,1.0,1.0,1.0,8811,23,831,12382,1.8867,0.003951,10
8,A,Romm,1.0,1.0,10,Orange Aromatherapy for Anxiety,1.0,1.0,1.0,9299,23,829,13344,1.8867,0.00319,10
8,A,Romm,1.0,1.0,10,Food Manufacturers Get to Decide if Their Own Additives Are Safe,1.0,1.0,1.0,9391,23,836,13479,1.8344,0.003727,10
8,A,Romm,1.0,1.0,10,Meat Industry Wins Right to Sell Tainted Meat,1.0,1.0,1.0,9451,23,838,13619,1.7481,0.00028,10
8,A,Romm,1.0,1.0,10,Chicken Salmonella Outbreaks Show Food Safety Systems Failure,1.0,1.0,1.0,9373,22,835,13147,2.3026,0.000682,10
8,A,Romm,1.0,1.0,10,Viral Food Poisoning from Pesticides?,1.0,1.0,1.0,7482,23,827,11696,2.0253,0.001973,10
8,A,Romm,1.0,1.0,10,The Reversal on Fish Oil,1.0,1.0,1.0,8937,22,830,12315,1.8867,0.001024,10
8,A,Romm,1.0,1.0,10,Are Multivitamins Just a Waste of Money?,1.0,1.0,1.0,9811,21,850,13828,1.8344,0.001774,10
8,A,RommCombined,0.9,1.1,10,Breast Cancer Cells Feed on Cholesterol,0.9,0.9457,0.9444,15969,48,1285,21666,1.8344,0.003464,10
8,A,RommCombined,0.9,1.1,10,Using Diet to Treat Asthma and Eczema,1.0,1.0,0.9556,12291,29,1106,16813,1.7481,0.002092,10
8,A,RommCombined,0.9,1.1,10,Treating Asthma With Plants vs. Pills,1.0,1.0,0.9111,11225,27,952,15034,1.973,0.000405,10
8,A,RommCombined,0.9,1.1,10,How Fruits and Vegetables Can Treat Asthma,0.9,0.9433,1.0,9949,23,888,14476,2.0253,0.001746,10
8,A,RommCombined,0.9,1.1,10,How Fruits and Vegetables Can Prevent Asthma,1.0,1.0,1.0,10547,24,837,14230,2.0253,0.001544,10
8,A,RommCombined,0.9,1.1,10,Our Tax Dollars Subsidize Unhealthy Foods,1.0,1.0,0.9556,8808,24,843,13107,1.6094,0.003018,10
8,A,RommCombined,0.9,1.1,10,Reducing Arsenic in Chicken and Rice,1.0,1.0,1.0,10185,24,835,14302,2.0253,0.009307,10
8,A,RommCombined,0.9,1.1,10,How Contaminated Are Our Children?,1.0,1.0,1.0,8314,25,841,12512,2.3026,0.000472,10
8,A,RommCombined,0.9,1.1,10,"Blood Type Diet Perceived as ""Crass Fraud""",1.0,1.0,0.9556,9508,23,823,14195,1.3592,0.003205,9
8,A,RommCombined,0.9,1.1,10,Why Do Heart Doctors Favor Surgery and Drugs Over Diet?,1.0,1.0,0.9556,9707,24,835,13699,1.6094,0.0009,9
8,A,RommCombined,0.9,1.1,10,Phytates in Beans: Anti-Nutrient or Anti-Cancer?,1.0,1.0,0.9556,9923,23,854,14042,1.6957,0.000397,10
8,A,RommCombined,0.9,1.1,10,How Phytates Fight Cancer Cells,0.9,0.9399,0.9444,9035,24,838,13120,2.0253,0.000363,10
8,A,RommCombined,0.9,1.1,10,Colon Cancer Prevention: Is it the Fiber or the Phytates?,0.9,0.9416,0.9444,9232,25,852,13308,1.973,0.001808,10
8,A,RommCombined,0.9,1.1,10,Low Carb Diets Found to Feed Heart Disease,1.0,1.0,0.8667,9100,23,831,13958,2.0253,0.000372,9
8,A,RommCombined,0.9,1.1,10,How Curry Can Kill Cancer Cells,1.0,1.0,1.0,8888,23,819,13652,1.8344,0.000599,9
8,A,RommCombined,0.9,1.1,10,Testing Turmeric on Smokers,1.0,1.0,1.0,9080,24,817,12559,1.4185,0.003077,10
8,A,RommCombined,0.9,1.1,10,Alkylphenol Endocrine Disruptors and Allergies,0.9,0.9492,1.0,9137,22,834,12201,1.4708,0.00815,10
8,A,RommCombined,0.9,1.1,10,Slowing Cognitive Decline with Berries,1.0,1.0,1.0,9348,24,833,12431,2.0253,0.002785,10
8,A,RommCombined,0.9,1.1,10,What is ‘Meat Glue’?,1.0,1.0,1.0,9141,24,829,13928,1.8867,0.000866,10
8,A,RommCombined,0.9,1.1,10,Is Liquid Smoke Safe?,1.0,1.0,0.9556,9009,24,826,13070,2.0253,0.002067,10
8,A,RommCombined,0.9,1.1,10,Does Antioxidant Intake Matter for Stroke and Heart Disease?,1.0,1.0,0.9556,9001,23,833,13059,1.7481,0.003426,10
8,A,RommCombined,0.9,1.1,10,Does Antioxidant Intake Matter for Cancer?,0.9,0.9434,0.9444,9345,23,835,13554,1.7481,0.002802,10
8,A,RommCombined,0.9,1.1,10,Is buying organic worth it? A review of the science in new DVD,1.0,1.0,0.9556,7755,23,834,11819,1.8867,0.004033,10
8,A,RommCombined,0.9,1.1,10,Orange Aromatherapy for Anxiety,1.0,1.0,0.9556,10224,23,828,14662,2.0253,0.003096,10
8,A,RommCombined,0.9,1.1,10,Food Manufacturers Get to Decide if Their Own Additives Are Safe,1.0,1.0,1.0,9866,25,830,13918,2.0253,0.003595,10
8,A,RommCombined,0.9,1.1,10,Meat Industry Wins Right to Sell Tainted Meat,1.0,1.0,0.9111,8968,23,826,13066,1.8344,0.00025,10
8,A,RommCombined,0.9,1.1,10,Chicken Salmonella Outbreaks Show Food Safety Systems Failure,1.0,1.0,1.0,8760,24,842,12763,2.164,0.000677,9
8,A,RommCombined,0.9,1.1,10,Viral Food Poisoning from Pesticides?,1.0,1.0,1.0,10858,24,831,14569,1.973,0.001938,10
8,A,RommCombined,0.9,1.1,10,The Reversal on Fish Oil,1.0,1.0,0.9556,8169,21,830,12834,2.0253,0.000932,10
8,A,RommCombined,0.9,1.1,10,Are Multivitamins Just a Waste of Money?,1.0,1.0,1.0,9707,23,824,13825,2.0253,0.0017,10
8,A,Diehard,1.0,1.0,10,Breast Cancer Cells Feed on Cholesterol,1.0,1.0,1.0,15151,185,890,19391,2.0253,0.003559,10
8,A,Diehard,1.0,1.0,10,Using Diet to Treat Asthma and Eczema,1.0,1.0,1.0,11903,41,865,15896,1.8344,0.002109,10
8,A,Diehard,1.0,1.0,10,Treating Asthma With Plants vs. Pills,1.0,1.0,1.0,11924,33,721,16085,2.0253,0.000406,10
8,A,Diehard,1.0,1.0,10,How Fruits and Vegetables Can Treat Asthma,1.0,1.0,1.0,10509,31,706,13686,2.0253,0.001719,10
8,A,Diehard,1.0,1.0,10,How Fruits and Vegetables Can Prevent Asthma,1.0,1.0,1.0,9950,28,614,14412,2.0253,0.001538,10
8,A,Diehard,1.0,1.0,10,Our Tax Dollars Subsidize Unhealthy Foods,1.0,1.0,1.0,9282,29,619,13018,1.6094,0.003116,10
8,A,Diehard,1.0,1.0,10,Reducing Arsenic in Chicken and Rice,1.0,1.0,1.0,9661,30,612,13613,2.0253,0.009455,10
8,A,Diehard,1.0,1.0,10,How Contaminated Are Our Children?,1.0,1.0,1.0,9651,29,611,13561,2.3026,0.000587,10
8,A,Diehard,1.0,1.0,10,"Blood Type Diet Perceived as ""Crass Fraud""",1.0,1.0,1.0,9448,29,607,13469,1.3592,0.003264,10
8,A,Diehard,1.0,1.0,10,Why Do Heart Doctors Favor Surgery and Drugs Over Diet?,1.0,1.0,1.0,9063,29,600,12853,1.8344,0.000878,9
8,A,Diehard,1.0,1.0,10,Phytates in Beans: Anti-Nutrient or Anti-Cancer?,1.0,1.0,1.0,9567,30,601,13352,2.164,0.000424,10
8,A,Diehard,1.0,1.0,10,How Phytates Fight Cancer Cells,1.0,1.0,1.0,9487,29,605,13353,2.164,0.000335,9
8,A,Diehard,1.0,1.0,10,Colon Cancer Prevention: Is it the Fiber or the Phytates?,1.0,1.0,1.0,9097,29,614,13098,1.6094,0.001848,10
8,A,Diehard,1.0,1.0,10,Low Carb Diets Found to Feed Heart Disease,1.0,1.0,1.0,9746,29,608,13123,1.973,0.000362,9
8,A,Diehard,1.0,1.0,10,How Curry Can Kill Cancer Cells,1.0,1.0,1.0,8867,29,597,13665,1.6094,0.000636,9
8,A,Diehard,1.0,1.0,10,Testing Turmeric on Smokers,1.0,1.0,1.0,9077,26,587,12945,1.4185,0.003161,10
8,A,Diehard,1.0,1.0,10,Alkylphenol Endocrine Disruptors and Allergies,1.0,1.0,1.0,8911,29,619,12877,1.4708,0.008035,10
8,A,Diehard,1.0,1.0,10,Slowing Cognitive Decline with Berries,1.0,1.0,1.0,8486,29,616,12379,2.164,0.002724,10
8,A,Diehard,1.0,1.0,10,What is ‘Meat Glue’?,1.0,1.0,1.0,9426,26,598,13076,1.8867,0.000914,10
8,A,Diehard,1.0,1.0,10,Is Liquid Smoke Safe?,1.0,1.0,1.0,8419,27,605,11453,1.8344,0.002074,10
8,A,Diehard,1.0,1.0,10,Does Antioxidant Intake Matter for Stroke and Heart Disease?,1.0,1.0,1.0,8520,28,603,12402,1.8344,0.003368,10
8,A,Diehard,1.0,1.0,10,Does Antioxidant Intake Matter for Cancer?,1.0,1.0,1.0,8996,29,615,12201,1.6957,0.002813,10
8,A,Diehard,1.0,1.0,10,Is buying organic worth it? A review of the science in new DVD,1.0,1.0,1.0,9060,29,601,12628,1.8867,0.003951,10
8,A,Diehard,1.0,1.0,10,Orange Aromatherapy for Anxiety,1.0,1.0,1.0,8365,28,604,11553,1.8867,0.00319,10
8,A,Diehard,1.0,1.0,10,Food Manufacturers Get to Decide if Their Own Additives Are Safe,1.0,1.0,1.0,9392,29,624,13222,1.8344,0.003727,10
8,A,Diehard,1.0,1.0,10,Meat Industry Wins Right to Sell Tainted Meat,1.0,1.0,1.0,8248,30,617,11488,1.7481,0.00028,10
8,A,Diehard,1.0,1.0,10,Chicken Salmonella Outbreaks Show Food Safety Systems Failure,1.0,1.0,1.0,8944,29,597,13329,2.3026,0.000682,10
8,A,Diehard,1.0,1.0,10,Viral Food Poisoning from Pesticides?,1.0,1.0,1.0,8549,27,592,11831,2.0253,0.001973,10
8,A,Diehard,1.0,1.0,10,The Reversal on Fish Oil,1.0,1.0,1.0,8648,26,603,12506,1.8867,0.001024,10
8,A,Diehard,1.0,1.0,10,Are Multivitamins Just a Waste of Money?,1.0,1.0,1.0,9336,27,637,12687,1.8344,0.001774,10
8,A,DiehardCombined,0.9,1.1,10,Breast Cancer Cells Feed on Cholesterol,0.9,0.9431,0.6667,11576,31,646,14444,1.6094,2.5e-05,9
8,A,DiehardCombined,0.9,1.1,10,Using Diet to Treat Asthma and Eczema,0.8,0.8562,0.7143,10413,31,609,14590,2.0253,1.2e-05,10
8,A,DiehardCombined,0.9,1.1,10,Treating Asthma With Plants vs. Pills,1.0,0.9905,0.3333,9392,31,616,12887,2.164,5e-06,10
8,A,DiehardCombined,0.9,1.1,10,How Fruits and Vegetables Can Treat Asthma,0.9,0.9385,0.5556,10454,30,608,13650,2.0253,1.2e-05,9
8,A,DiehardCombined,0.9,1.1,10,How Fruits and Vegetables Can Prevent Asthma,0.9,0.939,0.1667,9304,30,602,13542,1.6957,1e-05,8
8,A,DiehardCombined,0.9,1.1,10,Our Tax Dollars Subsidize Unhealthy Foods,0.8,0.8588,0.4286,9499,31,602,13346,1.4708,2.6e-05,10
8,A,DiehardCombined,0.9,1.1,10,Reducing Arsenic in Chicken and Rice,1.0,0.9989,0.8667,9865,31,611,13868,2.0253,5.3e-05,10
8,A,DiehardCombined,0.9,1.1,10,How Contaminated Are Our Children?,0.7,0.7591,0.7143,9633,30,616,13435,2.164,3e-06,10
8,A,DiehardCombined,0.9,1.1,10,"Blood Type Diet Perceived as ""Crass Fraud""",0.7,0.7666,0.619,9529,31,611,13113,1.3592,2.3e-05,9
8,A,DiehardCombined,0.9,1.1,10,Why Do Heart Doctors Favor Surgery and Drugs Over Diet?,0.6,0.7136,0.7333,9339,30,618,13581,1.8344,4e-06,8
8,A,DiehardCombined,0.9,1.1,10,Phytates in Beans: Anti-Nutrient or Anti-Cancer?,0.5,0.6466,0.6,9688,30,608,13551,1.8344,3e-06,10
8,A,DiehardCombined,0.9,1.1,10,How Phytates Fight Cancer Cells,0.4,0.5072,0.3333,8821,30,602,12855,1.973,3e-06,9
8,A,DiehardCombined,0.9,1.1,10,Colon Cancer Prevention: Is it the Fiber or the Phytates?,0.8,0.872,0.2857,9069,31,614,12851,2.0253,1.2e-05,10
8,A,DiehardCombined,0.9,1.1,10,Low Carb Diets Found to Feed Heart Disease,0.8,0.842,0.3571,8784,28,606,11973,2.0253,4e-06,9
8,A,DiehardCombined,0.9,1.1,10,How Curry Can Kill Cancer Cells,0.8,0.8304,0.5714,8979,30,600,12762,2.0253,3e-06,8
8,A,DiehardCombined,0.9,1.1,10,Testing Turmeric on Smokers,0.8,0.8701,0.7857,9791,31,617,13598,1.6094,2.6e-05,9
8,A,DiehardCombined,0.9,1.1,10,Alkylphenol Endocrine Disruptors and Allergies,0.7,0.8382,0.9048,9960,31,612,13768,1.4185,4.8e-05,10
8,A,DiehardCombined,0.9,1.1,10,Slowing Cognitive Decline with Berries,0.9,0.9446,0.8333,9424,30,607,13197,2.0253,2.7e-05,9
8,A,DiehardCombined,0.9,1.1,10,What is ‘Meat Glue’?,1.0,0.984,0.2889,9059,30,593,13126,1.8867,7e-06,10
8,A,DiehardCombined,0.9,1.1,10,Is Liquid Smoke Safe?,0.9,0.9395,0.6111,8636,31,599,12373,2.164,1.7e-05,10
8,A,DiehardCombined,0.9,1.1,10,Does Antioxidant Intake Matter for Stroke and Heart Disease?,0.5,0.6823,0.6,9198,31,600,12996,1.8344,2.3e-05,10
8,A,DiehardCombined,0.9,1.1,10,Does Antioxidant Intake Matter for Cancer?,0.4,0.5681,0.3333,9404,30,620,12839,1.973,1.1e-05,10
8,A,DiehardCombined,0.9,1.1,10,Is buying organic worth it? A review of the science in new DVD,0.9,0.9451,0.8333,8169,30,604,12029,2.0253,3.6e-05,10
8,A,DiehardCombined,0.9,1.1,10,Orange Aromatherapy for Anxiety,1.0,0.997,0.7778,9644,30,595,13431,1.8867,2.8e-05,10
8,A,DiehardCombined,0.9,1.1,10,Food Manufacturers Get to Decide if Their Own Additives Are Safe,0.6,0.7513,0.6,8875,27,612,12173,1.973,2.4e-05,10
8,A,DiehardCombined,0.9,1.1,10,Meat Industry Wins Right to Sell Tainted Meat,0.5,0.6389,-0.2,10016,31,616,13950,2.164,2e-06,10
8,A,DiehardCombined,0.9,1.1,10,Chicken Salmonella Outbreaks Show Food Safety Systems Failure,0.9,0.8877,0.3333,8510,30,617,11532,2.164,3e-06,10
8,A,DiehardCombined,0.9,1.1,10,Viral Food Poisoning from Pesticides?,0.8,0.8184,0.3571,9201,27,602,13685,1.8344,1.9e-05,10
8,A,DiehardCombined,0.9,1.1,10,The Reversal on Fish Oil,0.6,0.739,0.2,9171,28,594,12452,1.8867,7e-06,8
8,A,DiehardCombined,0.9,1.1,10,Are Multivitamins Just a Waste of Money?,0.9,0.9365,0.6667,9719,28,616,13623,2.164,1.7e-05,10
8,A,Ckks,1.0,1.0,10,Breast Cancer Cells Feed on Cholesterol,1.0,1.0,1.0,20774,7572,4165172,4197340,2.0253,0.003559,10
8,A,Ckks,1.0,1.0,10,Using Diet to Treat Asthma and Eczema,1.0,1.0,1.0,10045,4154,4172841,4190731,1.8344,0.002109,10
8,A,Ckks,1.0,1.0,10,Treating Asthma With Plants vs. Pills,1.0,1.0,1.0,10088,4014,4200456,4216616,2.0253,0.000406,10
8,A,Ckks,1.0,1.0,10,How Fruits and Vegetables Can Treat Asthma,1.0,1.0,1.0,9176,3991,4211886,4229494,2.0253,0.001719,10
8,A,Ckks,1.0,1.0,10,How Fruits and Vegetables Can Prevent Asthma,1.0,1.0,1.0,8937,4301,4234384,4251638,2.0253,0.001538,10
8,A,Ckks,1.0,1.0,10,Our Tax Dollars Subsidize Unhealthy Foods,1.0,1.0,1.0,9512,4529,4255624,4272979,1.6094,0.003116,10
8,A,Ckks,1.0,1.0,10,Reducing Arsenic in Chicken and Rice,1.0,1.0,1.0,9753,4374,4268279,4286180,2.0253,0.009455,10
8,A,Ckks,1.0,1.0,10,How Contaminated Are Our Children?,1.0,1.0,1.0,8679,3976,4260033,4276067,2.3026,0.000587,10
8,A,Ckks,1.0,1.0,10,"Blood Type Diet Perceived as ""Crass Fraud""",1.0,1.0,1.0,10128,3964,4280248,4298424,1.3592,0.003264,10
8,A,Ckks,1.0,1.0,10,Why Do Heart Doctors Favor Surgery and Drugs Over Diet?,1.0,1.0,1.0,9121,4349,4294086,4311313,1.8344,0.000878,9
8,A,Ckks,1.0,1.0,10,Phytates in Beans: Anti-Nutrient or Anti-Cancer?,1.0,1.0,1.0,9237,4370,4292261,4310453,2.164,0.000424,10
8,A,Ckks,1.0,1.0,10,How Phytates Fight Cancer Cells,1.0,1.0,1.0,10595,4107,4303545,4323048,2.164,0.000335,9
8,A,Ckks,1.0,1.0,10,Colon Cancer Prevention: Is it the Fiber or the Phytates?,1.0,1.0,1.0,8962,4369,4324999,4341755,1.6094,0.001848,10
8,A,Ckks,1.0,1.0,10,Low Carb Diets Found to Feed Heart Disease,1.0,1.0,0.9556,9041,4248,4309452,4326469,1.973,0.000362,9
8,A,Ckks,1.0,1.0,10,How Curry Can Kill Cancer Cells,1.0,1.0,0.9556,10439,3969,4294330,4311037,1.6094,0.000636,9
8,A,Ckks,1.0,1.0,10,Testing Turmeric on Smokers,1.0,1.0,1.0,8241,4351,4317138,4334371,1.4185,0.003161,10
8,A,Ckks,1.0,1.0,10,Alkylphenol Endocrine Disruptors and Allergies,1.0,1.0,1.0,9045,4081,4318720,4336471,1.4708,0.008035,10
8,A,Ckks,1.0,1.0,10,Slowing Cognitive Decline with Berries,1.0,1.0,1.0,10127,4251,4327642,4345419,2.164,0.002724,10
8,A,Ckks,1.0,1.0,10,What is ‘Meat Glue’?,1.0,1.0,1.0,9813,4252,4320866,4338716,1.8867,0.000914,10
8,A,Ckks,1.0,1.0,10,Is Liquid Smoke Safe?,1.0,1.0,1.0,9683,4382,4318153,4335962,1.8344,0.002074,10
8,A,Ckks,1.0,1.0,10,Does Antioxidant Intake Matter for Stroke and Heart Disease?,1.0,1.0,1.0,8500,4370,4328855,4346085,1.8344,0.003368,10
8,A,Ckks,1.0,1.0,10,Does Antioxidant Intake Matter for Cancer?,1.0,1.0,1.0,8821,4357,4313847,4331044,1.6957,0.002813,10
8,A,Ckks,1.0,1.0,10,Is buying organic worth it? A review of the science in new DVD,1.0,1.0,1.0,9660,4002,4311519,4328980,1.8867,0.003951,10
8,A,Ckks,1.0,1.0,10,Orange Aromatherapy for Anxiety,1.0,1.0,1.0,10151,4052,4317722,4335737,1.8867,0.00319,10
8,A,Ckks,1.0,1.0,10,Food Manufacturers Get to Decide if Their Own Additives Are Safe,1.0,1.0,1.0,10348,4354,4313853,4330694,1.8344,0.003727,10
8,A,Ckks,1.0,1.0,10,Meat Industry Wins Right to Sell Tainted Meat,1.0,1.0,1.0,8897,4413,4316418,4333484,1.7481,0.00028,10
8,A,Ckks,1.0,1.0,10,Chicken Salmonella Outbreaks Show Food Safety Systems Failure,1.0,1.0,1.0,9707,4270,4304959,4322671,2.3026,0.000682,10
8,A,Ckks,1.0,1.0,10,Viral Food Poisoning from Pesticides?,1.0,1.0,1.0,10428,4233,4297928,4316369,2.0253,0.001973,10
8,A,Ckks,1.0,1.0,10,The Reversal on Fish Oil,1.0,1.0,1.0,10106,4110,4296521,4314007,1.8867,0.001024,10
8,A,Ckks,1.0,1.0,10,Are Multivitamins Just a Waste of Money?,1.0,1.0,1.0,8798,4357,4305373,4322363,1.8344,0.001774,10
8,A,CkksCombined,0.9,1.1,10,Breast Cancer Cells Feed on Cholesterol,1.0,1.0,1.0,11973,5580,4149955,4172370,2.0253,0.003429,10
8,A,CkksCombined,0.9,1.1,10,Using Diet to Treat Asthma and Eczema,1.0,1.0,0.9556,10075,3997,4143166,4161038,1.8344,0.002122,10
8,A,CkksCombined,0.9,1.1,10,Treating Asthma With Plants vs. Pills,1.0,1.0,1.0,9528,4339,4147538,4164467,2.3026,0.000393,10
8,A,CkksCombined,0.9,1.1,10,How Fruits and Vegetables Can Treat Asthma,1.0,1.0,0.9556,9224,4110,4143185,4160006,2.0253,0.001704,10
8,A,CkksCombined,0.9,1.1,10,How Fruits and Vegetables Can Prevent Asthma,1.0,1.0,1.0,9486,4393,4149584,4167602,1.8867,0.001536,10
8,A,CkksCombined,0.9,1.1,10,Our Tax Dollars Subsidize Unhealthy Foods,1.0,1.0,0.9556,9467,4241,4142088,4159606,1.7481,0.003268,10
8,A,CkksCombined,0.9,1.1,10,Reducing Arsenic in Chicken and Rice,1.0,1.0,0.9556,10007,4285,4143234,4159700,2.0253,0.009371,10
8,A,CkksCombined,0.9,1.1,10,How Contaminated Are Our Children?,1.0,1.0,0.9556,9735,4190,4143945,4161513,2.164,0.00058,10
8,A,CkksCombined,0.9,1.1,10,"Blood Type Diet Perceived as ""Crass Fraud""",1.0,1.0,1.0,9051,4390,4183209,4199171,1.3592,0.003247,10
8,A,CkksCombined,0.9,1.1,10,Why Do Heart Doctors Favor Surgery and Drugs Over Diet?,1.0,1.0,0.9111,9459,4315,4169373,4186529,1.6957,0.000884,9
8,A,CkksCombined,0.9,1.1,10,Phytates in Beans: Anti-Nutrient or Anti-Cancer?,1.0,1.0,0.9111,9298,4004,4181354,4199332,1.8867,0.000478,10
8,A,CkksCombined,0.9,1.1,10,How Phytates Fight Cancer Cells,0.9,0.9399,1.0,9510,4315,4195653,4213266,2.164,0.000312,10
8,A,CkksCombined,0.9,1.1,10,Colon Cancer Prevention: Is it the Fiber or the Phytates?,0.9,0.9415,0.9444,9841,4330,4218186,4236051,1.7481,0.001837,10
8,A,CkksCombined,0.9,1.1,10,Low Carb Diets Found to Feed Heart Disease,1.0,1.0,0.9111,10691,4338,4224271,4242977,1.973,0.00035,9
8,A,CkksCombined,0.9,1.1,10,How Curry Can Kill Cancer Cells,1.0,1.0,0.9111,9885,4522,4248550,4266676,1.7481,0.000619,9
8,A,CkksCombined,0.9,1.1,10,Testing Turmeric on Smokers,1.0,1.0,1.0,10173,4323,4255005,4274056,1.4185,0.003176,10
8,A,CkksCombined,0.9,1.1,10,Alkylphenol Endocrine Disruptors and Allergies,1.0,1.0,0.9556,8272,4357,4260437,4276766,1.4708,0.007711,10
8,A,CkksCombined,0.9,1.1,10,Slowing Cognitive Decline with Berries,1.0,1.0,1.0,8425,4563,4284720,4300465,2.164,0.002781,10
8,A,CkksCombined,0.9,1.1,10,What is ‘Meat Glue’?,1.0,1.0,0.9556,9529,4030,4275477,4292813,1.8867,0.000892,10
8,A,CkksCombined,0.9,1.1,10,Is Liquid Smoke Safe?,1.0,1.0,0.9556,8493,3246,4272980,4288543,1.6957,0.002027,10
8,A,CkksCombined,0.9,1.1,10,Does Antioxidant Intake Matter for Stroke and Heart Disease?,1.0,1.0,1.0,10219,4141,4299586,4317620,1.7481,0.003338,10
8,A,CkksCombined,0.9,1.1,10,Does Antioxidant Intake Matter for Cancer?,0.9,0.9435,1.0,9553,3777,4293445,4310932,1.6957,0.002783,10
8,A,CkksCombined,0.9,1.1,10,Is buying organic worth it? A review of the science in new DVD,1.0,1.0,1.0,10977,4229,4284634,4304885,1.8344,0.003787,10
8,A,CkksCombined,0.9,1.1,10,Orange Aromatherapy for Anxiety,1.0,1.0,0.9556,10763,3922,4303093,4321498,2.0253,0.003094,10
8,A,CkksCombined,0.9,1.1,10,Food Manufacturers Get to Decide if Their Own Additives Are Safe,1.0,1.0,0.9556,9499,3222,4310018,4325910,1.8344,0.003771,10
8,A,CkksCombined,0.9,1.1,10,Meat Industry Wins Right to Sell Tainted Meat,0.9,0.9368,0.7778,10102,4456,4344587,4362889,1.8344,0.000285,10
8,A,CkksCombined,0.9,1.1,10,Chicken Salmonella Outbreaks Show Food Safety Systems Failure,1.0,1.0,1.0,9239,4373,4354554,4372686,2.164,0.000661,10
8,A,CkksCombined,0.9,1.1,10,Viral Food Poisoning from Pesticides?,0.9,0.9432,0.9444,10357,3971,4359530,4377615,1.8867,0.001882,10
8,A,CkksCombined,0.9,1.1,10,The Reversal on Fish Oil,0.9,0.9427,0.9444,10358,4092,4352563,4370810,1.8867,0.001012,10
8,A,CkksCombined,0.9,1.1,10,Are Multivitamins Just a Waste of Money?,1.0,1.0,1.0,8744,4101,4352197,4368695,2.0253,0.001689,10
9,A,Scrambling,0.9,1.1,10,Breast Cancer Cells Feed on Cholesterol,1.0,1.0,1.0,18573,16,1376,24611,2.0253,0.003559,10
9,A,Scrambling,0.9,1.1,10,Using Diet to Treat Asthma and Eczema,1.0,1.0,1.0,13476,2,1057,18002,1.8344,0.002109,10
9,A,Scrambling,0.9,1.1,10,Treating Asthma With Plants vs. Pills,1.0,1.0,1.0,10711,2,955,14369,2.0253,0.000406,10
9,A,Scrambling,0.9,1.1,10,How Fruits and Vegetables Can Treat Asthma,1.0,1.0,1.0,10435,1,884,13598,2.0253,0.001719,10
9,A,Scrambling,0.9,1.1,10,How Fruits and Vegetables Can Prevent Asthma,1.0,1.0,1.0,8818,2,828,11367,2.0253,0.001538,10
9,A,Scrambling,0.9,1.1,10,Our Tax Dollars Subsidize Unhealthy Foods,1.0,1.0,1.0,8465,1,838,11188,1.6094,0.003116,10
9,A,Scrambling,0.9,1.1,10,Reducing Arsenic in Chicken and Rice,1.0,1.0,1.0,7685,1,832,10335,2.0253,0.009455,10
9,A,Scrambling,0.9,1.1,10,How Contaminated Are Our Children?,1.0,1.0,1.0,9027,2,826,11611,2.3026,0.000587,10
9,A,Scrambling,0.9,1.1,10,"Blood Type Diet Perceived as ""Crass Fraud""",1.0,1.0,1.0,9150,1,834,12599,1.3592,0.003264,10
9,A,Scrambling,0.9,1.1,10,Why Do Heart Doctors Favor Surgery and Drugs Over Diet?,1.0,1.0,1.0,8987,2,826,11952,1.8344,0.000878,9
9,A,Scrambling,0.9,1.1,10,Phytates in Beans: Anti-Nutrient or Anti-Cancer?,1.0,1.0,1.0,9376,1,835,12850,2.164,0.000424,10
9,A,Scrambling,0.9,1.1,10,How Phytates Fight Cancer Cells,0.9,0.9399,1.0,8707,1,836,12908,2.164,0.000335,9
9,A,Scrambling,0.9,1.1,10,Colon Cancer Prevention: Is it the Fiber or the Phytates?,1.0,1.0,1.0,9825,2,829,12681,1.6094,0.001848,10
9,A,Scrambling,0.9,1.1,10,Low Carb Diets Found to Feed Heart Disease,1.0,1.0,1.0,8484,1,842,11710,1.973,0.000362,9
9,A,Scrambling,0.9,1.1,10,How Curry Can Kill Cancer Cells,1.0,1.0,1.0,9374,1,830,14310,1.6094,0.000636,9
9,A,Scrambling,0.9,1.1,10,Testing Turmeric on Smokers,1.0,1.0,1.0,9165,2,835,12663,1.4185,0.003161,10
9,A,Scrambling,0.9,1.1,10,Alkylphenol Endocrine Disruptors and Allergies,1.0,1.0,1.0,9428,2,836,12361,1.4708,0.008035,10
9,A,Scrambling,0.9,1.1,10,Slowing Cognitive Decline with Berries,1.0,1.0,1.0,16346,3,1822,20082,2.164,0.002724,10
9,A,Scrambling,0.9,1.1,10,What is ‘Meat Glue’?,1.0,1.0,1.0,14549,3,1297,19405,1.8867,0.000914,10
9,A,Scrambling,0.9,1.1,10,Is Liquid Smoke Safe?,1.0,1.0,1.0,9786,2,826,13843,1.8344,0.002074,10
9,A,Scrambling,0.9,1.1,10,Does Antioxidant Intake Matter for Stroke and Heart Disease?,1.0,1.0,1.0,8597,2,840,12741,1.8344,0.003368,10
9,A,Scrambling,0.9,1.1,10,Does Antioxidant Intake Matter for Cancer?,1.0,1.0,1.0,9338,1,831,13730,1.6957,0.002813,10
9,A,Scrambling,0.9,1.1,10,Is buying organic worth it? A review of the science in new DVD,1.0,1.0,1.0,8597,1,826,12064,1.8867,0.003951,10
9,A,Scrambling,0.9,1.1,10,Orange Aromatherapy for Anxiety,1.0,1.0,1.0,7625,1,826,11653,1.8867,0.00319,10
9,A,Scrambling,0.9,1.1,10,Food Manufacturers Get to Decide if Their Own Additives Are Safe,1.0,1.0,1.0,8040,2,837,12137,1.8344,0.003727,10
9,A,Scrambling,0.9,1.1,10,Meat Industry Wins Right to Sell Tainted Meat,1.0,1.0,1.0,8371,1,831,13115,1.7481,0.00028,10
9,A,Scrambling,0.9,1.1,10,Chicken Salmonella Outbreaks Show Food Safety Systems Failure,1.0,1.0,1.0,7293,2,831,11284,2.3026,0.000682,10
9,A,Scrambling,0.9,1.1,10,Viral Food Poisoning from Pesticides?,1.0,1.0,1.0,8006,2,830,12052,2.0253,0.001973,10
9,A,Scrambling,0.9,1.1,10,The Reversal on Fish Oil,1.0,1.0,1.0,8009,2,861,12123,1.8867,0.001024,10
9,A,Scrambling,0.9,1.1,10,Are Multivitamins Just a Waste of Money?,1.0,1.0,1.0,8128,2,831,13212,1.8344,0.001774,10
9,A,Noise,0.9,1.1,10,Breast Cancer Cells Feed on Cholesterol,0.9,0.9457,1.0,17354,20,1447,22672,2.0253,0.003435,10
9,A,Noise,0.9,1.1,10,Using Diet to Treat Asthma and Eczema,1.0,1.0,0.9556,14125,3,1093,18674,1.8344,0.002154,10
9,A,Noise,0.9,1.1,10,Treating Asthma With Plants vs. Pills,1.0,1.0,0.9556,12352,3,963,16703,1.8344,0.000418,10
9,A,Noise,0.9,1.1,10,How Fruits and Vegetables Can Treat Asthma,1.0,1.0,0.9556,10456,3,900,14714,2.0253,0.001741,10
9,A,Noise,0.9,1.1,10,How Fruits and Vegetables Can Prevent Asthma,1.0,0.9998,0.9556,9195,2,843,14956,1.8867,0.001563,10
9,A,Noise,0.9,1.1,10,Our Tax Dollars Subsidize Unhealthy Foods,1.0,1.0,0.9556,10134,2,835,14598,1.6094,0.003062,9
9,A,Noise,0.9,1.1,10,Reducing Arsenic in Chicken and Rice,1.0,1.0,1.0,9111,2,822,12564,2.0253,0.009491,10
9,A,Noise,0.9,1.1,10,How Contaminated Are Our Children?,1.0,1.0,1.0,8326,2,831,12454,2.164,0.000588,10
9,A,Noise,0.9,1.1,10,"Blood Type Diet Perceived as ""Crass Fraud""",1.0,1.0,0.9556,9297,3,845,12745,1.4708,0.003316,10
9,A,Noise,0.9,1.1,10,Why Do Heart Doctors Favor Surgery and Drugs Over Diet?,1.0,1.0,1.0,8923,2,847,13320,1.6957,0.000843,9
9,A,Noise,0.9,1.1,10,Phytates in Beans: Anti-Nutrient or Anti-Cancer?,1.0,0.9999,0.9111,9110,2,835,13908,2.0253,0.000382,10
9,A,Noise,0.9,1.1,10,How Phytates Fight Cancer Cells,0.9,0.9399,1.0,9575,2,827,13607,2.164,0.000315,10
9,A,Noise,0.9,1.1,10,Colon Cancer Prevention: Is it the Fiber or the Phytates?,1.0,1.0,0.8667,9678,2,838,13631,1.6094,0.001842,10
9,A,Noise,0.9,1.1,10,Low Carb Diets Found to Feed Heart Disease,1.0,1.0,0.9111,9367,2,845,13476,2.0253,0.00035,9
9,A,Noise,0.9,1.1,10,How Curry Can Kill Cancer Cells,1.0,0.9999,0.7778,8874,2,846,12573,1.4979,0.000661,9
9,A,Noise,0.9,1.1,10,Testing Turmeric on Smokers,1.0,1.0,1.0,8442,2,830,13840,1.6094,0.003236,10
9,A,Noise,0.9,1.1,10,Alkylphenol Endocrine Disruptors and Allergies,1.0,1.0,1.0,8824,2,832,12333,1.6094,0.007981,10
9,A,Noise,0.9,1.1,10,Slowing Cognitive Decline with Berries,1.0,1.0,1.0,9075,2,836,11892,2.164,0.002744,10
9,A,Noise,0.9,1.1,10,What is ‘Meat Glue’?,1.0,1.0,0.9556,8690,2,844,12950,1.8867,0.000883,10
9,A,Noise,0.9,1.1,10,Is Liquid Smoke Safe?,1.0,1.0,0.9556,8475,2,827,13172,1.6957,0.002004,10
9,A,Noise,0.9,1.1,10,Does Antioxidant Intake Matter for Stroke and Heart Disease?,1.0,1.0,0.9556,8752,2,827,12741,1.8344,0.003333,10
9,A,Noise,0.9,1.1,10,Does Antioxidant Intake Matter for Cancer?,1.0,1.0,0.9556,9441,2,840,13566,2.0253,0.002684,10
9,A,Noise,0.9,1.1,10,Is buying organic worth it? A review of the science in new DVD,1.0,0.9999,0.9556,10423,2,840,14493,1.8867,0.003931,10
9,A,Noise,0.9,1.1,10,Orange Aromatherapy for Anxiety,1.0,1.0,0.9556,9072,2,851,12427,1.8867,0.003185,10
9,A,Noise,0.9,1.1,10,Food Manufacturers Get to Decide if Their Own Additives Are Safe,1.0,0.9999,0.9111,9307,2,827,13150,1.8344,0.003782,9
9,A,Noise,0.9,1.1,10,Meat Industry Wins Right to Sell Tainted Meat,1.0,0.9998,0.6444,9675,2,833,15201,1.6434,0.000281,9
9,A,Noise,0.9,1.1,10,Chicken Salmonella Outbreaks Show Food Safety Systems Failure,1.0,1.0,1.0,9401,2,836,13531,2.3026,0.000737,10
9,A,Noise,0.9,1.1,10,Viral Food Poisoning from Pesticides?,1.0,1.0,1.0,8911,3,835,13071,1.8867,0.002032,10
9,A,Noise,0.9,1.1,10,The Reversal on Fish Oil,1.0,1.0,0.9111,9752,3,831,13909,1.8867,0.001007,10
9,A,Noise,0.9,1.1,10,Are Multivitamins Just a Waste of Money?,1.0,1.0,1.0,8757,2,830,12069,2.0253,0.001733,10
9,A,Combined,0.9,1.1,10,Breast Cancer Cells Feed on Cholesterol,0.9,0.9457,0.9444,18667,20,1440,23870,2.0253,0.003607,10
9,A,Combined,0.9,1.1,10,Using Diet to Treat Asthma and Eczema,1.0,1.0,1.0,13835,4,1095,18446,1.8344,0.002058,10
9,A,Combined,0.9,1.1,10,Treating Asthma With Plants vs. Pills,1.0,1.0,0.9556,11768,3,1012,16234,2.164,0.000378,10
9,A,Combined,0.9,1.1,10,How Fruits and Vegetables Can Treat Asthma,1.0,1.0,1.0,11263,3,876,15626,2.0253,0.001646,10
9,A,Combined,0.9,1.1,10,How Fruits and Vegetables Can Prevent Asthma,1.0,1.0,1.0,9978,2,850,13438,2.0253,0.00149,10
9,A,Combined,0.9,1.1,10,Our Tax Dollars Subsidize Unhealthy Foods,1.0,1.0,0.9111,9286,3,836,12047,1.4708,0.003058,10
9,A,Combined,0.9,1.1,10,Reducing Arsenic in Chicken and Rice,1.0,1.0,1.0,9659,3,826,12771,2.0253,0.009312,10
9,A,Combined,0.9,1.1,10,How Contaminated Are Our Children?,1.0,1.0,0.9556,9165,2,830,11820,2.164,0.000608,10
9,A,Combined,0.9,1.1,10,"Blood Type Diet Perceived as ""Crass Fraud""",1.0,1.0,0.9556,9599,3,839,12215,1.3592,0.003337,10
9,A,Combined,0.9,1.1,10,Why Do Heart Doctors Favor Surgery and Drugs Over Diet?,1.0,1.0,0.9556,8222,2,829,10968,1.8867,0.0009,9
9,A,Combined,0.9,1.1,10,Phytates in Beans: Anti-Nutrient or Anti-Cancer?,1.0,0.9999,0.9556,8993,3,847,11548,2.0253,0.000457,10
9,A,Combined,0.9,1.1,10,How Phytates Fight Cancer Cells,0.9,0.9399,0.8889,8859,2,832,11514,2.0253,0.000308,9
9,A,Combined,0.9,1.1,10,Colon Cancer Prevention: Is it the Fiber or the Phytates?,0.9,0.9416,0.8889,10038,3,883,12687,1.6094,0.001901,10
9,A,Combined,0.9,1.1,10,Low Carb Diets Found to Feed Heart Disease,0.9,0.9403,0.8333,8991,3,840,13559,2.164,0.000369,9
9,A,Combined,0.9,1.1,10,How Curry Can Kill Cancer Cells,1.0,1.0,0.8222,9127,3,829,12937,1.6957,0.000705,9
9,A,Combined,0.9,1.1,10,Testing Turmeric on Smokers,0.9,0.9455,0.9444,10607,3,839,14782,1.6094,0.003157,10
9,A,Combined,0.9,1.1,10,Alkylphenol Endocrine Disruptors and Allergies,1.0,1.0,0.9556,8888,3,837,12938,1.4708,0.008032,10
9,A,Combined,0.9,1.1,10,Slowing Cognitive Decline with Berries,1.0,1.0,1.0,9014,3,838,12183,2.164,0.002666,10
9,A,Combined,0.9,1.1,10,What is ‘Meat Glue’?,1.0,1.0,1.0,9331,2,827,14202,2.0253,0.000887,10
9,A,Combined,0.9,1.1,10,Is Liquid Smoke Safe?,1.0,1.0,0.9556,9571,2,825,13491,1.8344,0.002111,10
9,A,Combined,0.9,1.1,10,Does Antioxidant Intake Matter for Stroke and Heart Disease?,1.0,1.0,0.9556,9062,2,835,13304,1.8344,0.003322,10
9,A,Combined,0.9,1.1,10,Does Antioxidant Intake Matter for Cancer?,1.0,1.0,1.0,9096,3,837,13237,1.8344,0.002723,10
9,A,Combined,0.9,1.1,10,Is buying organic worth it? A review of the science in new DVD,1.0,1.0,0.9556,8570,2,845,12313,1.8867,0.003834,10
9,A,Combined,0.9,1.1,10,Orange Aromatherapy for Anxiety,1.0,1.0,1.0,10236,2,841,15237,2.0253,0.003163,10
9,A,Combined,0.9,1.1,10,Food Manufacturers Get to Decide if Their Own Additives Are Safe,1.0,1.0,0.9556,8391,2,830,12422,1.8344,0.003482,10
9,A,Combined,0.9,1.1,10,Meat Industry Wins Right to Sell Tainted Meat,1.0,1.0,0.8667,9866,3,833,13989,1.8867,0.000262,10
9,A,Combined,0.9,1.1,10,Chicken Salmonella Outbreaks Show Food Safety Systems Failure,1.0,1.0,1.0,9003,3,844,12922,2.3026,0.000634,10
9,A,Combined,0.9,1.1,10,Viral Food Poisoning from Pesticides?,1.0,1.0,0.9556,9585,3,853,13747,2.0253,0.002015,10
9,A,Combined,0.9,1.1,10,The Reversal on Fish Oil,1.0,0.9996,0.9111,9495,2,832,13396,2.0253,0.001,10
9,A,Combined,0.9,1.1,10,Are Multivitamins Just a Waste of Money?,1.0,1.0,0.9556,9288,3,825,13783,1.8344,0.001733,10
9,A,Rome,1.0,1.0,10,Breast Cancer Cells Feed on Cholesterol,1.0,1.0,1.0,13859,60,1498,17746,2.0253,0.003559,10
9,A,Rome,1.0,1.0,10,Using Diet to Treat Asthma and Eczema,1.0,1.0,1.0,11878,42,1312,15226,1.8344,0.002109,10
9,A,Rome,1.0,1.0,10,Treating Asthma With Plants vs. Pills,1.0,1.0,1.0,10210,38,1221,13351,2.0253,0.000406,10
9,A,Rome,1.0,1.0,10,How Fruits and Vegetables Can Treat Asthma,1.0,1.0,1.0,9660,37,1158,12821,2.0253,0.001719,10
9,A,Rome,1.0,1.0,10,How Fruits and Vegetables Can Prevent Asthma,1.0,1.0,1.0,9586,35,1126,12495,2.0253,0.001538,10
9,A,Rome,1.0,1.0,10,Our Tax Dollars Subsidize Unhealthy Foods,1.0,1.0,1.0,8660,37,1124,12230,1.6094,0.003116,10
9,A,Rome,1.0,1.0,10,Reducing Arsenic in Chicken and Rice,1.0,1.0,1.0,9404,38,1138,13342,2.0253,0.009455,10
9,A,Rome,1.0,1.0,10,How Contaminated Are Our Children?,1.0,1.0,1.0,9890,38,1131,12839,2.3026,0.000587,10
9,A,Rome,1.0,1.0,10,"Blood Type Diet Perceived as ""Crass Fraud""",1.0,1.0,1.0,9297,38,1144,12304,1.3592,0.003264,10
9,A,Rome,1.0,1.0,10,Why Do Heart Doctors Favor Surgery and Drugs Over Diet?,1.0,1.0,1.0,8939,38,1146,14435,1.8344,0.000878,9
9,A,Rome,1.0,1.0,10,Phytates in Beans: Anti-Nutrient or Anti-Cancer?,1.0,1.0,1.0,9039,37,1134,13465,2.164,0.000424,10
9,A,Rome,1.0,1.0,10,How Phytates Fight Cancer Cells,1.0,1.0,1.0,8454,37,1132,12850,2.164,0.000335,9
9,A,Rome,1.0,1.0,10,Colon Cancer Prevention: Is it the Fiber or the Phytates?,1.0,1.0,1.0,9260,39,1141,13572,1.6094,0.001848,10
9,A,Rome,1.0,1.0,10,Low Carb Diets Found to Feed Heart Disease,1.0,1.0,1.0,8788,37,1145,13337,1.973,0.000362,9
9,A,Rome,1.0,1.0,10,How Curry Can Kill Cancer Cells,1.0,1.0,0.9556,8488,37,1126,13162,1.6094,0.000636,9
9,A,Rome,1.0,1.0,10,Testing Turmeric on Smokers,1.0,1.0,1.0,9154,37,1156,12567,1.4185,0.003161,10
9,A,Rome,1.0,1.0,10,Alkylphenol Endocrine Disruptors and Allergies,1.0,1.0,1.0,9772,38,1133,13116,1.4708,0.008035,10
9,A,Rome,1.0,1.0,10,Slowing Cognitive Decline with Berries,1.0,1.0,1.0,8839,37,1135,13111,2.164,0.002724,10
9,A,Rome,1.0,1.0,10,What is ‘Meat Glue’?,1.0,1.0,1.0,9017,39,1128,13957,1.8867,0.000914,10
9,A,Rome,1.0,1.0,10,Is Liquid Smoke Safe?,1.0,1.0,1.0,7514,37,1125,10819,1.8344,0.002074,10
9,A,Rome,1.0,1.0,10,Does Antioxidant Intake Matter for Stroke and Heart Disease?,1.0,1.0,1.0,8162,37,1145,11335,1.8344,0.003368,10
9,A,Rome,1.0,1.0,10,Does Antioxidant Intake Matter for Cancer?,1.0,1.0,1.0,10434,37,1134,14852,1.6957,0.002813,10
9,A,Rome,1.0,1.0,10,Is buying organic worth it? A review of the science in new DVD,1.0,1.0,1.0,8379,38,1159,12152,1.8867,0.003951,10
9,A,Rome,1.0,1.0,10,Orange Aromatherapy for Anxiety,1.0,1.0,1.0,9611,37,1123,14635,1.8867,0.00319,10
9,A,Rome,1.0,1.0,10,Food Manufacturers Get to Decide if Their Own Additives Are Safe,1.0,1.0,1.0,7861,37,1132,12299,1.8344,0.003727,10
9,A,Rome,1.0,1.0,10,Meat Industry Wins Right to Sell Tainted Meat,1.0,1.0,1.0,9225,39,1137,13707,1.7481,0.00028,10
9,A,Rome,1.0,1.0,10,Chicken Salmonella Outbreaks Show Food Safety Systems Failure,1.0,1.0,1.0,9087,37,1144,13472,2.3026,0.000682,10
9,A,Rome,1.0,1.0,10,Viral Food Poisoning from Pesticides?,1.0,1.0,1.0,9544,35,1158,13029,2.0253,0.001973,10
9,A,Rome,1.0,1.0,10,The Reversal on Fish Oil,1.0,1.0,1.0,8636,37,1121,13242,1.8867,0.001024,10
9,A,Rome,1.0,1.0,10,Are Multivitamins Just a Waste of Money?,1.0,1.0,1.0,9069,38,1137,12891,1.8344,0.001774,10
9,A,RomeCombined,0.9,1.1,10,Breast Cancer Cells Feed on Cholesterol,1.0,1.0,1.0,19721,81,1974,25113,1.8867,0.003572,10
9,A,RomeCombined,0.9,1.1,10,Using Diet to Treat Asthma and Eczema,1.0,1.0,0.9556,11775,54,1560,16424,1.6957,0.00211,10
9,A,RomeCombined,0.9,1.1,10,Treating Asthma With Plants vs. Pills,1.0,0.9999,0.9111,11757,46,1380,16483,2.164,0.000396,10
9,A,RomeCombined,0.9,1.1,10,How Fruits and Vegetables Can Treat Asthma,1.0,1.0,0.9556,10201,39,1197,16989,2.0253,0.001648,10
9,A,RomeCombined,0.9,1.1,10,How Fruits and Vegetables Can Prevent Asthma,1.0,1.0,1.0,10622,38,1164,15161,1.8867,0.001503,10
9,A,RomeCombined,0.9,1.1,10,Our Tax Dollars Subsidize Unhealthy Foods,1.0,1.0,1.0,8905,38,1122,13298,1.7481,0.003069,10
9,A,RomeCombined,0.9,1.1,10,Reducing Arsenic in Chicken and Rice,1.0,1.0,0.9556,10367,39,1126,14806,2.0253,0.009061,10
9,A,RomeCombined,0.9,1.1,10,How Contaminated Are Our Children?,1.0,1.0,1.0,8342,38,1142,12790,2.164,0.000578,10
9,A,RomeCombined,0.9,1.1,10,"Blood Type Diet Perceived as ""Crass Fraud""",1.0,1.0,0.9111,8901,43,1167,13407,1.6094,0.003258,10
9,A,RomeCombined,0.9,1.1,10,Why Do Heart Doctors Favor Surgery and Drugs Over Diet?,1.0,1.0,0.9111,9855,38,1132,14657,1.4185,0.000843,9
9,A,RomeCombined,0.9,1.1,10,Phytates in Beans: Anti-Nutrient or Anti-Cancer?,1.0,0.9999,0.8667,9381,39,1119,14394,1.8344,0.000394,10
9,A,RomeCombined,0.9,1.1,10,How Phytates Fight Cancer Cells,1.0,0.9999,0.9556,8180,38,1120,12091,1.7481,0.000326,10
9,A,RomeCombined,0.9,1.1,10,Colon Cancer Prevention: Is it the Fiber or the Phytates?,0.9,0.9412,0.9444,9248,38,1136,13666,1.7481,0.001855,10
9,A,RomeCombined,0.9,1.1,10,Low Carb Diets Found to Feed Heart Disease,1.0,1.0,1.0,9679,36,1363,13414,1.973,0.000392,9
9,A,RomeCombined,0.9,1.1,10,How Curry Can Kill Cancer Cells,1.0,1.0,0.8222,9963,38,1109,14141,1.8344,0.000558,9
9,A,RomeCombined,0.9,1.1,10,Testing Turmeric on Smokers,1.0,1.0,0.9556,10730,36,1123,14583,1.4185,0.003157,10
9,A,RomeCombined,0.9,1.1,10,Alkylphenol Endocrine Disruptors and Allergies,1.0,1.0,0.9111,9245,36,1135,12294,1.6094,0.007938,10
9,A,RomeCombined,0.9,1.1,10,Slowing Cognitive Decline with Berries,1.0,1.0,1.0,10337,37,1125,13370,2.164,0.002674,10
9,A,RomeCombined,0.9,1.1,10,What is ‘Meat Glue’?,1.0,1.0,1.0,8765,39,1140,11816,1.8867,0.000879,10
9,A,RomeCombined,0.9,1.1,10,Is Liquid Smoke Safe?,1.0,1.0,1.0,9103,37,1129,12095,1.8344,0.001971,10
9,A,RomeCombined,0.9,1.1,10,Does Antioxidant Intake Matter for Stroke and Heart Disease?,1.0,1.0,0.9556,9724,39,1122,12545,1.973,0.003398,10
9,A,RomeCombined,0.9,1.1,10,Does Antioxidant Intake Matter for Cancer?,1.0,1.0,1.0,8932,39,1128,11903,1.8867,0.002725,10
9,A,RomeCombined,0.9,1.1,10,Is buying organic worth it? A review of the science in new DVD,1.0,0.9999,0.9556,9371,40,1118,12503,1.8867,0.003848,10
9,A,RomeCombined,0.9,1.1,10,Orange Aromatherapy for Anxiety,1.0,1.0,1.0,8244,37,1127,11806,2.0253,0.003056,10
9,A,RomeCombined,0.9,1.1,10,Food Manufacturers Get to Decide if Their Own Additives Are Safe,1.0,1.0,1.0,9338,37,1162,13108,1.8344,0.003597,10
9,A,RomeCombined,0.9,1.1,10,Meat Industry Wins Right to Sell Tainted Meat,1.0,1.0,0.8667,7958,39,1139,12683,1.6957,0.0003,10
9,A,RomeCombined,0.9,1.1,10,Chicken Salmonella Outbreaks Show Food Safety Systems Failure,1.0,1.0,1.0,10272,39,1125,14740,2.164,0.000685,10
9,A,RomeCombined,0.9,1.1,10,Viral Food Poisoning from Pesticides?,1.0,0.9999,0.9556,7833,38,1126,12210,1.8867,0.001913,10
9,A,RomeCombined,0.9,1.1,10,The Reversal on Fish Oil,0.9,0.9427,1.0,9031,38,1117,14518,2.164,0.000992,10
9,A,RomeCombined,0.9,1.1,10,Are Multivitamins Just a Waste of Money?,1.0,1.0,1.0,9828,37,1135,13695,2.0253,0.001747,10
9,A,Romm,1.0,1.0,10,Breast Cancer Cells Feed on Cholesterol,1.0,1.0,1.0,18246,52,1452,23367,2.0253,0.003559,10
9,A,Romm,1.0,1.0,10,Using Diet to Treat Asthma and Eczema,1.0,1.0,1.0,12562,32,1192,17137,1.8344,0.002109,10
9,A,Romm,1.0,1.0,10,Treating Asthma With Plants vs. Pills,1.0,1.0,1.0,11892,26,1012,16336,2.0253,0.000406,10
9,A,Romm,1.0,1.0,10,How Fruits and Vegetables Can Treat Asthma,1.0,1.0,1.0,10183,23,935,14473,2.0253,0.001719,10
9,A,Romm,1.0,1.0,10,How Fruits and Vegetables Can Prevent Asthma,1.0,1.0,1.0,9417,23,878,13613,2.0253,0.001538,10
9,A,Romm,1.0,1.0,10,Our Tax Dollars Subsidize Unhealthy Foods,1.0,1.0,1.0,9017,23,854,12451,1.6094,0.003116,10
9,A,Romm,1.0,1.0,10,Reducing Arsenic in Chicken and Rice,1.0,1.0,1.0,9208,23,829,13483,2.0253,0.009455,10
9,A,Romm,1.0,1.0,10,How Contaminated Are Our Children?,1.0,1.0,1.0,9487,22,833,13598,2.3026,0.000587,10
9,A,Romm,1.0,1.0,10,"Blood Type Diet Perceived as ""Crass Fraud""",1.0,1.0,1.0,9054,23,845,13207,1.3592,0.003264,10
9,A,Romm,1.0,1.0,10,Why Do Heart Doctors Favor Surgery and Drugs Over Diet?,1.0,1.0,1.0,9748,20,841,13967,1.8344,0.000878,9
9,A,Romm,1.0,1.0,10,Phytates in Beans: Anti-Nutrient or Anti-Cancer?,1.0,1.0,1.0,9214,24,840,12482,2.164,0.000424,10
9,A,Romm,1.0,1.0,10,How Phytates Fight Cancer Cells,1.0,1.0,1.0,10072,23,824,14450,2.164,0.000335,9
9,A,Romm,1.0,1.0,10,Colon Cancer Prevention: Is it the Fiber or the Phytates?,1.0,1.0,1.0,8624,21,829,12076,1.6094,0.001848,10
9,A,Romm,1.0,1.0,10,Low Carb Diets Found to Feed Heart Disease,1.0,1.0,1.0,9984,23,835,14128,1.973,0.000362,9
9,A,Romm,1.0,1.0,10,How Curry Can Kill Cancer Cells,1.0,1.0,0.9556,8701,20,840,12252,1.6094,0.000636,9
9,A,Romm,1.0,1.0,10,Testing Turmeric on Smokers,1.0,1.0,1.0,8873,23,831,13578,1.4185,0.003161,10
9,A,Romm,1.0,1.0,10,Alkylphenol Endocrine Disruptors and Allergies,1.0,1.0,1.0,8947,20,801,12947,1.4708,0.008035,10
9,A,Romm,1.0,1.0,10,Slowing Cognitive Decline with Berries,1.0,1.0,1.0,9615,24,843,13679,2.164,0.002724,10
9,A,Romm,1.0,1.0,10,What is ‘Meat Glue’?,1.0,1.0,1.0,8768,22,837,12560,1.8867,0.000914,10
9,A,Romm,1.0,1.0,10,Is Liquid Smoke Safe?,1.0,1.0,1.0,8270,24,836,12675,1.8344,0.002074,10
9,A,Romm,1.0,1.0,10,Does Antioxidant Intake Matter for Stroke and Heart Disease?,1.0,1.0,1.0,9632,23,834,14518,1.8344,0.003368,10
9,A,Romm,1.0,1.0,10,Does Antioxidant Intake Matter for Cancer?,1.0,1.0,1.0,8985,23,828,11947,1.6957,0.002813,10
9,A,Romm,1.0,1.0,10,Is buying organic worth it? A review of the science in new DVD,1.0,1.0,1.0,9675,23,836,13835,1.8867,0.003951,10
9,A,Romm,1.0,1.0,10,Orange Aromatherapy for Anxiety,1.0,1.0,1.0,9613,23,845,13666,1.8867,0.00319,10
9,A,Romm,1.0,1.0,10,Food Manufacturers Get to Decide if Their Own Additives Are Safe,1.0,1.0,1.0,8272,23,840,12802,1.8344,0.003727,10
9,A,Romm,1.0,1.0,10,Meat Industry Wins Right to Sell Tainted Meat,1.0,1.0,1.0,9286,23,836,13867,1.7481,0.00028,10
9,A,Romm,1.0,1.0,10,Chicken Salmonella Outbreaks Show Food Safety Systems Failure,1.0,1.0,1.0,9548,21,829,13629,2.3026,0.000682,10
9,A,Romm,1.0,1.0,10,Viral Food Poisoning from Pesticides?,1.0,1.0,1.0,9847,24,832,13998,2.0253,0.001973,10
9,A,Romm,1.0,1.0,10,The Reversal on Fish Oil,1.0,1.0,1.0,9044,24,839,13212,1.8867,0.001024,10
9,A,Romm,1.0,1.0,10,Are Multivitamins Just a Waste of Money?,1.0,1.0,1.0,8791,20,848,12495,1.8344,0.001774,10
9,A,RommCombined,0.9,1.1,10,Breast Cancer Cells Feed on Cholesterol,1.0,1.0,1.0,13530,45,1122,18546,2.0253,0.003491,10
9,A,RommCombined,0.9,1.1,10,Using Diet to Treat Asthma and Eczema,1.0,1.0,0.9556,11723,28,1019,16156,1.8344,0.002027,10
9,A,RommCombined,0.9,1.1,10,Treating Asthma With Plants vs. Pills,1.0,0.9998,0.8667,11083,25,929,15220,1.6957,0.000387,10
9,A,RommCombined,0.9,1.1,10,How Fruits and Vegetables Can Treat Asthma,1.0,1.0,1.0,9813,24,855,13990,2.0253,0.001709,10
9,A,RommCombined,0.9,1.1,10,How Fruits and Vegetables Can Prevent Asthma,1.0,1.0,1.0,9022,24,847,12655,1.8867,0.001534,10
9,A,RommCombined,0.9,1.1,10,Our Tax Dollars Subsidize Unhealthy Foods,1.0,1.0,0.8667,8661,23,837,13562,1.7481,0.003051,10
9,A,RommCombined,0.9,1.1,10,Reducing Arsenic in Chicken and Rice,1.0,1.0,1.0,10450,24,832,14638,2.0253,0.009406,10
9,A,RommCombined,0.9,1.1,10,How Contaminated Are Our Children?,1.0,0.9999,0.9111,8257,24,841,12364,1.973,0.000655,10
9,A,RommCombined,0.9,1.1,10,"Blood Type Diet Perceived as ""Crass Fraud""",1.0,1.0,0.9111,9631,25,843,13711,1.3592,0.003227,10
9,A,RommCombined,0.9,1.1,10,Why Do Heart Doctors Favor Surgery and Drugs Over Diet?,1.0,1.0,0.9111,8386,24,845,11624,1.8867,0.000858,9
9,A,RommCombined,0.9,1.1,10,Phytates in Beans: Anti-Nutrient or Anti-Cancer?,1.0,0.9998,0.7778,9523,21,835,14283,2.0253,0.000408,10
9,A,RommCombined,0.9,1.1,10,How Phytates Fight Cancer Cells,0.9,0.9398,0.8889,10295,24,853,14958,2.0253,0.000312,10
9,A,RommCombined,0.9,1.1,10,Colon Cancer Prevention: Is it the Fiber or the Phytates?,1.0,1.0,0.9556,9861,24,832,14009,1.7481,0.001769,10
9,A,RommCombined,0.9,1.1,10,Low Carb Diets Found to Feed Heart Disease,1.0,0.9999,0.8222,9547,25,840,13854,1.6094,0.000347,9
9,A,RommCombined,0.9,1.1,10,How Curry Can Kill Cancer Cells,1.0,1.0,0.9556,9701,24,844,13829,1.8867,0.000588,9
9,A,RommCombined,0.9,1.1,10,Testing Turmeric on Smokers,1.0,1.0,0.9111,9092,26,854,12648,1.4185,0.003046,10
9,A,RommCombined,0.9,1.1,10,Alkylphenol Endocrine Disruptors and Allergies,1.0,1.0,0.9111,9105,23,835,13934,1.6094,0.007663,10
9,A,RommCombined,0.9,1.1,10,Slowing Cognitive Decline with Berries,1.0,1.0,1.0,10148,24,826,14278,2.164,0.002759,10
9,A,RommCombined,0.9,1.1,10,What is ‘Meat Glue’?,1.0,1.0,1.0,10101,23,832,14146,1.8867,0.000909,10
9,A,RommCombined,0.9,1.1,10,Is Liquid Smoke Safe?,1.0,1.0,0.9556,8944,24,843,13205,2.0253,0.001985,10
9,A,RommCombined,0.9,1.1,10,Does Antioxidant Intake Matter for Stroke and Heart Disease?,1.0,1.0,0.9556,8914,23,866,13084,1.8344,0.003295,10
9,A,RommCombined,0.9,1.1,10,Does Antioxidant Intake Matter for Cancer?,1.0,0.9999,0.9111,9020,24,836,13020,1.6957,0.00278,10
9,A,RommCombined,0.9,1.1,10,Is buying organic worth it? A review of the science in new DVD,1.0,1.0,0.9556,9412,24,838,13519,1.6957,0.003893,10
9,A,RommCombined,0.9,1.1,10,Orange Aromatherapy for Anxiety,1.0,1.0,0.9556,10851,23,834,14936,2.0253,0.003211,10
9,A,RommCombined,0.9,1.1,10,Food Manufacturers Get to Decide if Their Own Additives Are Safe,1.0,1.0,0.9556,8869,24,834,13285,1.6434,0.00375,10
9,A,RommCombined,0.9,1.1,10,Meat Industry Wins Right to Sell Tainted Meat,1.0,0.9999,0.7333,10061,24,838,14200,1.8344,0.000263,9
9,A,RommCombined,0.9,1.1,10,Chicken Salmonella Outbreaks Show Food Safety Systems Failure,1.0,1.0,1.0,8763,23,838,13472,2.3026,0.00072,10
9,A,RommCombined,0.9,1.1,10,Viral Food Poisoning from Pesticides?,1.0,1.0,0.9556,8911,23,828,12461,1.8344,0.001931,10
9,A,RommCombined,0.9,1.1,10,The Reversal on Fish Oil,1.0,0.9996,0.9556,9355,21,801,12128,2.0253,0.001036,10
9,A,RommCombined,0.9,1.1,10,Are Multivitamins Just a Waste of Money?,1.0,1.0,1.0,9436,23,843,13641,1.8344,0.001689,10
9,A,Diehard,1.0,1.0,10,Breast Cancer Cells Feed on Cholesterol,1.0,1.0,1.0,13355,49,783,17199,2.0253,0.003559,10
9,A,Diehard,1.0,1.0,10,Using Diet to Treat Asthma and Eczema,1.0,1.0,1.0,10290,36,698,13059,1.8344,0.002109,10
9,A,Diehard,1.0,1.0,10,Treating Asthma With Plants vs. Pills,1.0,1.0,1.0,10364,30,651,12905,2.0253,0.000406,10
9,A,Diehard,1.0,1.0,10,How Fruits and Vegetables Can Treat Asthma,1.0,1.0,1.0,10093,34,612,13063,2.0253,0.001719,10
9,A,Diehard,1.0,1.0,10,How Fruits and Vegetables Can Prevent Asthma,1.0,1.0,1.0,10564,27,606,12978,2.0253,0.001538,10
9,A,Diehard,1.0,1.0,10,Our Tax Dollars Subsidize Unhealthy Foods,1.0,1.0,1.0,8455,28,614,10909,1.6094,0.003116,10
9,A,Diehard,1.0,1.0,10,Reducing Arsenic in Chicken and Rice,1.0,1.0,1.0,8106,31,633,10579,2.0253,0.009455,10
9,A,Diehard,1.0,1.0,10,How Contaminated Are Our Children?,1.0,1.0,1.0,9116,27,612,11554,2.3026,0.000587,10
9,A,Diehard,1.0,1.0,10,"Blood Type Diet Perceived as ""Crass Fraud""",1.0,1.0,1.0,9406,27,654,12743,1.3592,0.003264,10
9,A,Diehard,1.0,1.0,10,Why Do Heart Doctors Favor Surgery and Drugs Over Diet?,1.0,1.0,0.9556,9634,30,613,12461,1.8344,0.000878,9
9,A,Diehard,1.0,1.0,10,Phytates in Beans: Anti-Nutrient or Anti-Cancer?,1.0,1.0,1.0,9152,29,612,12490,2.164,0.000424,10
9,A,Diehard,1.0,1.0,10,How Phytates Fight Cancer Cells,0.9,0.9399,1.0,8582,31,605,12389,2.164,0.000335,9
9,A,Diehard,1.0,1.0,10,Colon Cancer Prevention: Is it the Fiber or the Phytates?,1.0,1.0,1.0,8727,29,630,12570,1.6094,0.001848,10
9,A,Diehard,1.0,1.0,10,Low Carb Diets Found to Feed Heart Disease,1.0,1.0,0.9556,8356,27,659,10825,1.973,0.000362,9
9,A,Diehard,1.0,1.0,10,How Curry Can Kill Cancer Cells,1.0,1.0,0.9556,9339,29,609,13779,1.6094,0.000636,9
9,A,Diehard,1.0,1.0,10,Testing Turmeric on Smokers,1.0,1.0,1.0,7857,30,604,11514,1.4185,0.003161,10
9,A,Diehard,1.0,1.0,10,Alkylphenol Endocrine Disruptors and Allergies,1.0,1.0,1.0,7633,29,614,11211,1.4708,0.008035,10
9,A,Diehard,1.0,1.0,10,Slowing Cognitive Decline with Berries,1.0,1.0,1.0,10500,29,608,14469,2.164,0.002724,10
9,A,Diehard,1.0,1.0,10,What is ‘Meat Glue’?,1.0,1.0,1.0,9465,29,622,13553,1.8867,0.000914,10
9,A,Diehard,1.0,1.0,10,Is Liquid Smoke Safe?,1.0,1.0,1.0,8565,30,597,12185,1.8344,0.002074,10
9,A,Diehard,1.0,1.0,10,Does Antioxidant Intake Matter for Stroke and Heart Disease?,1.0,1.0,1.0,9051,30,636,13023,1.8344,0.003368,10
9,A,Diehard,1.0,1.0,10,Does Antioxidant Intake Matter for Cancer?,1.0,1.0,1.0,8317,28,643,12186,1.6957,0.002813,10
9,A,Diehard,1.0,1.0,10,Is buying organic worth it? A review of the science in new DVD,1.0,1.0,1.0,9219,30,607,13365,1.8867,0.003951,10
9,A,Diehard,1.0,1.0,10,Orange Aromatherapy for Anxiety,1.0,1.0,1.0,9524,29,598,12688,1.8867,0.00319,10
9,A,Diehard,1.0,1.0,10,Food Manufacturers Get to Decide if Their Own Additives Are Safe,1.0,1.0,1.0,8763,31,616,11612,1.8344,0.003727,10
9,A,Diehard,1.0,1.0,10,Meat Industry Wins Right to Sell Tainted Meat,1.0,1.0,1.0,8581,29,622,11210,1.7481,0.00028,10
9,A,Diehard,1.0,1.0,10,Chicken Salmonella Outbreaks Show Food Safety Systems Failure,1.0,1.0,1.0,8089,29,607,11993,2.3026,0.000682,10
9,A,Diehard,1.0,1.0,10,Viral Food Poisoning from Pesticides?,1.0,1.0,1.0,8447,29,589,11805,2.0253,0.001973,10
9,A,Diehard,1.0,1.0,10,The Reversal on Fish Oil,1.0,1.0,1.0,10081,29,612,13994,1.8867,0.001024,10
9,A,Diehard,1.0,1.0,10,Are Multivitamins Just a Waste of Money?,1.0,1.0,1.0,9039,29,646,13030,1.8344,0.001774,10
9,A,DiehardCombined,0.9,1.1,10,Breast Cancer Cells Feed on Cholesterol,0.7,0.819,0.619,18075,66,993,23042,2.0253,3.1e-05,9
9,A,DiehardCombined,0.9,1.1,10,Using Diet to Treat Asthma and Eczema,0.7,0.7959,0.7143,12150,42,813,17573,1.8867,1.3e-05,10
9,A,DiehardCombined,0.9,1.1,10,Treating Asthma With Plants vs. Pills,0.9,0.9345,0.5556,11380,38,795,14694,2.0253,1e-05,10
9,A,DiehardCombined,0.9,1.1,10,How Fruits and Vegetables Can Treat Asthma,0.7,0.7975,0.8095,11203,35,655,15098,1.8867,2.3e-05,9
9,A,DiehardCombined,0.9,1.1,10,How Fruits and Vegetables Can Prevent Asthma,0.8,0.8653,0.3571,9636,32,627,12434,1.6957,1.9e-05,9
9,A,DiehardCombined,0.9,1.1,10,Our Tax Dollars Subsidize Unhealthy Foods,0.7,0.8105,0.7143,9496,27,617,11972,1.6094,3.8e-05,10
9,A,DiehardCombined,0.9,1.1,10,Reducing Arsenic in Chicken and Rice,0.9,0.9487,0.8333,9829,32,610,12378,2.0253,9.1e-05,10
9,A,DiehardCombined,0.9,1.1,10,How Contaminated Are Our Children?,0.8,0.8711,0.2143,9265,28,585,11691,2.0253,9e-06,10
9,A,DiehardCombined,0.9,1.1,10,"Blood Type Diet Perceived as ""Crass Fraud""",0.8,0.8847,0.5,9937,30,609,12382,1.6434,8e-06,8
9,A,DiehardCombined,0.9,1.1,10,Why Do Heart Doctors Favor Surgery and Drugs Over Diet?,0.5,0.6564,1.0,9460,28,607,11860,1.5048,9e-06,8
9,A,DiehardCombined,0.9,1.1,10,Phytates in Beans: Anti-Nutrient or Anti-Cancer?,0.8,0.7146,0.1429,10088,30,606,12913,2.164,1.2e-05,10
9,A,DiehardCombined,0.9,1.1,10,How Phytates Fight Cancer Cells,0.7,0.7893,-0.0476,9209,31,601,11547,1.4185,1.6e-05,10
9,A,DiehardCombined,0.9,1.1,10,Colon Cancer Prevention: Is it the Fiber or the Phytates?,0.7,0.7716,0.8095,9776,28,610,12664,1.8867,1.8e-05,10
9,A,DiehardCombined,0.9,1.1,10,Low Carb Diets Found to Feed Heart Disease,0.7,0.7762,0.1429,9289,30,612,12480,2.164,3e-06,10
9,A,DiehardCombined,0.9,1.1,10,How Curry Can Kill Cancer Cells,0.7,0.7601,0.619,8759,31,612,13763,2.0253,1.5e-05,10
9,A,DiehardCombined,0.9,1.1,10,Testing Turmeric on Smokers,0.7,0.8111,0.9048,8946,31,599,12789,1.6434,1.4e-05,9
9,A,DiehardCombined,0.9,1.1,10,Alkylphenol Endocrine Disruptors and Allergies,0.9,0.9435,0.6111,10007,30,611,13886,1.8344,5.9e-05,10
9,A,DiehardCombined,0.9,1.1,10,Slowing Cognitive Decline with Berries,0.9,0.9267,0.7222,9565,31,607,13586,2.0253,1e-05,10
9,A,DiehardCombined,0.9,1.1,10,What is ‘Meat Glue’?,0.7,0.8225,0.5238,8816,31,608,12239,2.0253,6e-06,9
9,A,DiehardCombined,0.9,1.1,10,Is Liquid Smoke Safe?,0.8,0.8755,0.7143,8215,28,564,12318,2.164,1.1e-05,10
9,A,DiehardCombined,0.9,1.1,10,Does Antioxidant Intake Matter for Stroke and Heart Disease?,0.8,0.8802,0.9286,10376,31,626,14595,1.6957,3.6e-05,9
9,A,DiehardCombined,0.9,1.1,10,Does Antioxidant Intake Matter for Cancer?,0.6,0.7171,0.8667,9701,30,611,13588,1.6094,1.7e-05,9
9,A,DiehardCombined,0.9,1.1,10,Is buying organic worth it? A review of the science in new DVD,0.9,0.9479,0.6111,10912,30,613,14798,1.6434,4e-05,10
9,A,DiehardCombined,0.9,1.1,10,Orange Aromatherapy for Anxiety,0.9,0.9452,0.7778,8789,30,644,12623,1.973,3.1e-05,10
9,A,DiehardCombined,0.9,1.1,10,Food Manufacturers Get to Decide if Their Own Additives Are Safe,0.7,0.7921,0.619,9531,29,614,13549,1.6094,3.9e-05,9
9,A,DiehardCombined,0.9,1.1,10,Meat Industry Wins Right to Sell Tainted Meat,0.7,0.7451,0.2381,7643,31,592,11298,1.8344,1e-05,9
9,A,DiehardCombined,0.9,1.1,10,Chicken Salmonella Outbreaks Show Food Safety Systems Failure,0.8,0.8719,0.4286,9146,31,613,13026,2.0253,9e-06,8
9,A,DiehardCombined,0.9,1.1,10,Viral Food Poisoning from Pesticides?,0.7,0.7084,0.3333,8846,30,606,12494,2.0253,1.4e-05,9
9,A,DiehardCombined,0.9,1.1,10,The Reversal on Fish Oil,0.7,0.8066,0.5238,7617,30,594,12013,1.8867,7e-06,8
9,A,DiehardCombined,0.9,1.1,10,Are Multivitamins Just a Waste of Money?,0.9,0.9454,0.7222,8562,28,607,12376,2.164,1e-05,9
9,A,Ckks,1.0,1.0,10,Breast Cancer Cells Feed on Cholesterol,1.0,1.0,1.0,17717,7250,4166451,4195251,2.0253,0.003559,10
9,A,Ckks,1.0,1.0,10,Using Diet to Treat Asthma and Eczema,1.0,1.0,1.0,9365,3995,4144624,4162008,1.8344,0.002109,10
9,A,Ckks,1.0,1.0,10,Treating Asthma With Plants vs. Pills,1.0,1.0,1.0,9881,4258,4155987,4173397,2.0253,0.000406,10
9,A,Ckks,1.0,1.0,10,How Fruits and Vegetables Can Treat Asthma,1.0,1.0,1.0,9657,4489,4160016,4177240,2.0253,0.001719,10
9,A,Ckks,1.0,1.0,10,How Fruits and Vegetables Can Prevent Asthma,1.0,1.0,1.0,9819,4314,4177484,4195618,2.0253,0.001538,10
9,A,Ckks,1.0,1.0,10,Our Tax Dollars Subsidize Unhealthy Foods,1.0,1.0,1.0,8595,4005,4183446,4200714,1.6094,0.003116,10
9,A,Ckks,1.0,1.0,10,Reducing Arsenic in Chicken and Rice,1.0,1.0,1.0,9043,4014,4200385,4217691,2.0253,0.009455,10
9,A,Ckks,1.0,1.0,10,How Contaminated Are Our Children?,1.0,1.0,1.0,8496,4025,4206004,4224875,2.3026,0.000587,10
9,A,Ckks,1.0,1.0,10,"Blood Type Diet Perceived as ""Crass Fraud""",1.0,1.0,1.0,11048,4317,4233284,4250908,1.3592,0.003264,10
9,A,Ckks,1.0,1.0,10,Why Do Heart Doctors Favor Surgery and Drugs Over Diet?,1.0,1.0,1.0,9707,3951,4225900,4243386,1.8344,0.000878,9
9,A,Ckks,1.0,1.0,10,Phytates in Beans: Anti-Nutrient or Anti-Cancer?,1.0,1.0,1.0,9442,4221,4250213,4267128,2.164,0.000424,10
9,A,Ckks,1.0,1.0,10,How Phytates Fight Cancer Cells,0.9,0.9399,1.0,8819,4021,4267356,4284759,2.164,0.000335,9
9,A,Ckks,1.0,1.0,10,Colon Cancer Prevention: Is it the Fiber or the Phytates?,1.0,1.0,1.0,10465,4212,4261869,4280414,1.6094,0.001848,10
9,A,Ckks,1.0,1.0,10,Low Carb Diets Found to Feed Heart Disease,1.0,1.0,0.9556,8966,4032,4271065,4287866,1.973,0.000362,9
9,A,Ckks,1.0,1.0,10,How Curry Can Kill Cancer Cells,1.0,1.0,1.0,9762,4241,4280536,4298182,1.6094,0.000636,9
9,A,Ckks,1.0,1.0,10,Testing Turmeric on Smokers,1.0,1.0,1.0,8888,4051,4276346,4293005,1.4185,0.003161,10
9,A,Ckks,1.0,1.0,10,Alkylphenol Endocrine Disruptors and Allergies,1.0,1.0,1.0,10037,4061,4293205,4310749,1.4708,0.008035,10
9,A,Ckks,1.0,1.0,10,Slowing Cognitive Decline with Berries,1.0,1.0,1.0,10027,4218,4298077,4316455,2.164,0.002724,10
9,A,Ckks,1.0,1.0,10,What is ‘Meat Glue’?,1.0,1.0,1.0,10154,4009,4293150,4311064,1.8867,0.000914,10
9,A,Ckks,1.0,1.0,10,Is Liquid Smoke Safe?,1.0,1.0,1.0,10230,4386,4313501,4332212,1.8344,0.002074,10
9,A,Ckks,1.0,1.0,10,Does Antioxidant Intake Matter for Stroke and Heart Disease?,1.0,1.0,1.0,9118,4313,4323130,4339563,1.8344,0.003368,10
9,A,Ckks,1.0,1.0,10,Does Antioxidant Intake Matter for Cancer?,1.0,1.0,1.0,9839,3934,4295240,4313400,1.6957,0.002813,10
9,A,Ckks,1.0,1.0,10,Is buying organic worth it? A review of the science in new DVD,1.0,1.0,1.0,10618,4026,4305117,4323935,1.8867,0.003951,10
9,A,Ckks,1.0,1.0,10,Orange Aromatherapy for Anxiety,1.0,1.0,1.0,8948,4334,4313732,4330773,1.8867,0.00319,10
9,A,Ckks,1.0,1.0,10,Food Manufacturers Get to Decide if Their Own Additives Are Safe,1.0,1.0,1.0,9896,4391,4316541,4334567,1.8344,0.003727,10
9,A,Ckks,1.0,1.0,10,Meat Industry Wins Right to Sell Tainted Meat,1.0,1.0,1.0,10349,4329,4314796,4333239,1.7481,0.00028,10
9,A,Ckks,1.0,1.0,10,Chicken Salmonella Outbreaks Show Food Safety Systems Failure,1.0,1.0,1.0,7723,4032,4304567,4319746,2.3026,0.000682,10
9,A,Ckks,1.0,1.0,10,Viral Food Poisoning from Pesticides?,1.0,1.0,1.0,10710,4276,4318515,4336552,2.0253,0.001973,10
9,A,Ckks,1.0,1.0,10,The Reversal on Fish Oil,1.0,1.0,1.0,9758,4369,4306005,4323981,1.8867,0.001024,10
9,A,Ckks,1.0,1.0,10,Are Multivitamins Just a Waste of Money?,1.0,1.0,1.0,9839,4178,4304594,4322344,1.8344,0.001774,10
9,A,CkksCombined,0.9,1.1,10,Breast Cancer Cells Feed on Cholesterol,1.0,0.9996,0.9111,18041,7864,4159926,4189872,1.8344,0.00363,10
9,A,CkksCombined,0.9,1.1,10,Using Diet to Treat Asthma and Eczema,1.0,1.0,1.0,9275,4311,4145825,4161923,1.8344,0.002062,10
9,A,CkksCombined,0.9,1.1,10,Treating Asthma With Plants vs. Pills,1.0,0.9998,0.9111,10613,4343,4147823,4166535,2.164,0.000379,10
9,A,CkksCombined,0.9,1.1,10,How Fruits and Vegetables Can Treat Asthma,1.0,1.0,1.0,8379,4015,4139098,4155472,2.0253,0.00165,10
9,A,CkksCombined,0.9,1.1,10,How Fruits and Vegetables Can Prevent Asthma,1.0,1.0,1.0,9751,3993,4138771,4157563,2.0253,0.001454,10
9,A,CkksCombined,0.9,1.1,10,Our Tax Dollars Subsidize Unhealthy Foods,1.0,1.0,1.0,8220,4222,4142024,4158201,1.7481,0.00315,10
9,A,CkksCombined,0.9,1.1,10,Reducing Arsenic in Chicken and Rice,1.0,1.0,0.9556,9102,4056,4144077,4160928,2.0253,0.009248,10
9,A,CkksCombined,0.9,1.1,10,How Contaminated Are Our Children?,1.0,1.0,1.0,9362,3971,4151215,4168347,2.0253,0.000605,10
9,A,CkksCombined,0.9,1.1,10,"Blood Type Diet Perceived as ""Crass Fraud""",1.0,1.0,1.0,9466,4001,4161687,4178613,1.3592,0.003282,10
9,A,CkksCombined,0.9,1.1,10,Why Do Heart Doctors Favor Surgery and Drugs Over Diet?,1.0,1.0,0.9556,9065,4318,4186982,4203889,1.8867,0.000849,9
9,A,CkksCombined,0.9,1.1,10,Phytates in Beans: Anti-Nutrient or Anti-Cancer?,1.0,0.9999,0.8222,8649,3272,4167709,4184152,2.0253,0.000445,10
9,A,CkksCombined,0.9,1.1,10,How Phytates Fight Cancer Cells,1.0,1.0,1.0,9587,4163,4198354,4215846,2.164,0.000323,10
9,A,CkksCombined,0.9,1.1,10,Colon Cancer Prevention: Is it the Fiber or the Phytates?,1.0,1.0,1.0,9454,4350,4225250,4242849,1.7481,0.0018,10
9,A,CkksCombined,0.9,1.1,10,Low Carb Diets Found to Feed Heart Disease,1.0,1.0,1.0,9679,4003,4222513,4239985,1.6094,0.000374,9
9,A,CkksCombined,0.9,1.1,10,How Curry Can Kill Cancer Cells,1.0,1.0,0.8667,9164,4207,4243996,4259631,2.0253,0.000618,9
9,A,CkksCombined,0.9,1.1,10,Testing Turmeric on Smokers,1.0,1.0,1.0,8847,4395,4256167,4274030,1.6094,0.003198,10
9,A,CkksCombined,0.9,1.1,10,Alkylphenol Endocrine Disruptors and Allergies,1.0,1.0,1.0,9256,4316,4271813,4288408,1.3592,0.00806,10
9,A,CkksCombined,0.9,1.1,10,Slowing Cognitive Decline with Berries,1.0,1.0,1.0,8918,3985,4265132,4281793,2.164,0.002705,10
9,A,CkksCombined,0.9,1.1,10,What is ‘Meat Glue’?,1.0,1.0,1.0,10194,4337,4285125,4303618,1.8867,0.000937,10
9,A,CkksCombined,0.9,1.1,10,Is Liquid Smoke Safe?,1.0,1.0,0.9556,8497,4461,4296896,4313736,1.973,0.002032,10
9,A,CkksCombined,0.9,1.1,10,Does Antioxidant Intake Matter for Stroke and Heart Disease?,1.0,1.0,0.9556,9040,4325,4305927,4323017,1.8344,0.003294,10
9,A,CkksCombined,0.9,1.1,10,Does Antioxidant Intake Matter for Cancer?,0.9,0.9435,0.9444,10166,4395,4320717,4339029,1.6957,0.002857,10
9,A,CkksCombined,0.9,1.1,10,Is buying organic worth it? A review of the science in new DVD,1.0,0.9999,0.9111,8686,4201,4326992,4345105,1.6957,0.003939,10
9,A,CkksCombined,0.9,1.1,10,Orange Aromatherapy for Anxiety,1.0,0.9999,0.9111,9482,4533,4318872,4337020,2.0253,0.003152,10
9,A,CkksCombined,0.9,1.1,10,Food Manufacturers Get to Decide if Their Own Additives Are Safe,1.0,1.0,0.9556,9990,4366,4331449,4350749,1.8344,0.003664,10
9,A,CkksCombined,0.9,1.1,10,Meat Industry Wins Right to Sell Tainted Meat,1.0,1.0,0.7778,9598,4175,4332222,4349053,1.6094,0.000253,10
9,A,CkksCombined,0.9,1.1,10,Chicken Salmonella Outbreaks Show Food Safety Systems Failure,1.0,1.0,1.0,9363,4093,4340937,4358990,2.0253,0.000733,10
9,A,CkksCombined,0.9,1.1,10,Viral Food Poisoning from Pesticides?,1.0,1.0,1.0,9769,4129,4335539,4354166,1.8344,0.001968,10
9,A,CkksCombined,0.9,1.1,10,The Reversal on Fish Oil,1.0,1.0,0.9556,9486,4067,4343224,4358954,2.0253,0.000971,9
9,A,CkksCombined,0.9,1.1,10,Are Multivitamins Just a Waste of Money?,1.0,1.0,1.0,9582,4141,4346283,4364532,2.0253,0.00179,10
10,A,Scrambling,0.9,1.1,10,Breast Cancer Cells Feed on Cholesterol,1.0,1.0,1.0,19628,15,1440,25182,2.0253,0.003559,10
10,A,Scrambling,0.9,1.1,10,Using Diet to Treat Asthma and Eczema,1.0,1.0,1.0,11396,3,1198,16352,1.8344,0.002109,10
10,A,Scrambling,0.9,1.1,10,Treating Asthma With Plants vs. Pills,1.0,1.0,1.0,9893,2,1023,13642,2.0253,0.000406,10
10,A,Scrambling,0.9,1.1,10,How Fruits and Vegetables Can Treat Asthma,1.0,1.0,1.0,8917,1,929,14408,2.0253,0.001719,10
10,A,Scrambling,0.9,1.1,10,How Fruits and Vegetables Can Prevent Asthma,1.0,1.0,1.0,7853,1,866,11758,2.0253,0.001538,10
10,A,Scrambling,0.9,1.1,10,Our Tax Dollars Subsidize Unhealthy Foods,1.0,1.0,1.0,8243,2,855,12716,1.6094,0.003116,10
10,A,Scrambling,0.9,1.1,10,Reducing Arsenic in Chicken and Rice,1.0,1.0,1.0,7787,2,866,11878,2.0253,0.009455,10
10,A,Scrambling,0.9,1.1,10,How Contaminated Are Our Children?,1.0,1.0,1.0,7808,2,837,13334,2.3026,0.000587,10
10,A,Scrambling,0.9,1.1,10,"Blood Type Diet Perceived as ""Crass Fraud""",1.0,1.0,1.0,7371,1,836,10987,1.3592,0.003264,10
10,A,Scrambling,0.9,1.1,10,Why Do Heart Doctors Favor Surgery and Drugs Over Diet?,1.0,1.0,0.9556,8404,1,842,12706,1.8344,0.000878,9
10,A,Scrambling,0.9,1.1,10,Phytates in Beans: Anti-Nutrient or Anti-Cancer?,1.0,1.0,1.0,8845,2,862,12867,2.164,0.000424,10
10,A,Scrambling,0.9,1.1,10,How Phytates Fight Cancer Cells,1.0,1.0,1.0,7243,2,846,11711,2.164,0.000335,9
10,A,Scrambling,0.9,1.1,10,Colon Cancer Prevention: Is it the Fiber or the Phytates?,1.0,1.0,1.0,7960,2,842,11675,1.6094,0.001848,10
10,A,Scrambling,0.9,1.1,10,Low Carb Diets Found to Feed Heart Disease,1.0,1.0,0.9556,8954,2,848,13315,1.973,0.000362,9
10,A,Scrambling,0.9,1.1,10,How Curry Can Kill Cancer Cells,1.0,1.0,0.9556,8155,1,859,12081,1.6094,0.000636,9
10,A,Scrambling,0.9,1.1,10,Testing Turmeric on Smokers,1.0,1.0,1.0,7499,1,840,12451,1.4185,0.003161,10
10,A,Scrambling,0.9,1.1,10,Alkylphenol Endocrine Disruptors and Allergies,1.0,1.0,1.0,7840,2,851,12166,1.4708,0.008035,10
10,A,Scrambling,0.9,1.1,10,Slowing Cognitive Decline with Berries,1.0,1.0,1.0,8702,2,844,12499,2.164,0.002724,10
10,A,Scrambling,0.9,1.1,10,What is ‘Meat Glue’?,1.0,1.0,1.0,7284,2,855,10464,1.8867,0.000914,10
10,A,Scrambling,0.9,1.1,10,Is Liquid Smoke Safe?,1.0,1.0,1.0,9408,1,839,13968,1.8344,0.002074,10
10,A,Scrambling,0.9,1.1,10,Does Antioxidant Intake Matter for Stroke and Heart Disease?,1.0,1.0,1.0,8347,2,841,11612,1.8344,0.003368,10
10,A,Scrambling,0.9,1.1,10,Does Antioxidant Intake Matter for Cancer?,1.0,1.0,1.0,8070,2,845,11272,1.6957,0.002813,10
10,A,Scrambling,0.9,1.1,10,Is buying organic worth it? A review of the science in new DVD,1.0,1.0,1.0,7979,2,854,12416,1.8867,0.003951,10
10,A,Scrambling,0.9,1.1,10,Orange Aromatherapy for Anxiety,1.0,1.0,1.0,9502,1,843,14063,1.8867,0.00319,10
10,A,Scrambling,0.9,1.1,10,Food Manufacturers Get to Decide if Their Own Additives Are Safe,1.0,1.0,1.0,8301,2,843,12605,1.8344,0.003727,10
10,A,Scrambling,0.9,1.1,10,Meat Industry Wins Right to Sell Tainted Meat,1.0,1.0,1.0,8969,2,848,13057,1.7481,0.00028,10
10,A,Scrambling,0.9,1.1,10,Chicken Salmonella Outbreaks Show Food Safety Systems Failure,1.0,1.0,1.0,8043,2,859,11843,2.3026,0.000682,10
10,A,Scrambling,0.9,1.1,10,Viral Food Poisoning from Pesticides?,1.0,1.0,1.0,7949,2,850,12623,2.0253,0.001973,10
10,A,Scrambling,0.9,1.1,10,The Reversal on Fish Oil,1.0,1.0,1.0,8548,2,809,12360,1.8867,0.001024,10
10,A,Scrambling,0.9,1.1,10,Are Multivitamins Just a Waste of Money?,1.0,1.0,1.0,8835,2,869,13280,1.8344,0.001774,10
10,A,Noise,0.9,1.1,10,Breast Cancer Cells Feed on Cholesterol,0.9,0.9457,1.0,18974,19,1421,23336,1.8867,0.003576,10
10,A,Noise,0.9,1.1,10,Using Diet to Treat Asthma and Eczema,1.0,1.0,1.0,12550,4,1200,16425,2.0253,0.002034,10
10,A,Noise,0.9,1.1,10,Treating Asthma With Plants vs. Pills,1.0,1.0,0.9556,10684,3,1021,13665,2.164,0.000393,10
10,A,Noise,0.9,1.1,10,How Fruits and Vegetables Can Treat Asthma,1.0,1.0,1.0,9263,3,935,12105,2.0253,0.001693,10
10,A,Noise,0.9,1.1,10,How Fruits and Vegetables Can Prevent Asthma,1.0,0.9998,0.9556,8695,3,900,11542,2.0253,0.001461,10
10,A,Noise,0.9,1.1,10,Our Tax Dollars Subsidize Unhealthy Foods,1.0,1.0,1.0,8530,3,849,11474,1.4708,0.003069,10
10,A,Noise,0.9,1.1,10,Reducing Arsenic in Chicken and Rice,1.0,1.0,1.0,8562,2,844,11324,2.0253,0.009196,10
10,A,Noise,0.9,1.1,10,How Contaminated Are Our Children?,1.0,1.0,0.9556,9424,2,849,12188,2.0253,0.000543,10
10,A,Noise,0.9,1.1,10,"Blood Type Diet Perceived as ""Crass Fraud""",1.0,1.0,0.9556,8111,2,847,11448,1.6094,0.003324,10
10,A,Noise,0.9,1.1,10,Why Do Heart Doctors Favor Surgery and Drugs Over Diet?,1.0,0.9999,0.8667,8888,2,839,11709,1.6094,0.000892,9
10,A,Noise,0.9,1.1,10,Phytates in Beans: Anti-Nutrient or Anti-Cancer?,1.0,0.9999,0.9111,8712,2,861,11505,1.8344,0.000378,10
10,A,Noise,0.9,1.1,10,How Phytates Fight Cancer Cells,0.9,0.9399,1.0,7455,2,862,10344,2.164,0.000369,10
10,A,Noise,0.9,1.1,10,Colon Cancer Prevention: Is it the Fiber or the Phytates?,1.0,1.0,0.9556,7963,3,834,10687,1.7481,0.001818,10
10,A,Noise,0.9,1.1,10,Low Carb Diets Found to Feed Heart Disease,1.0,1.0,1.0,8282,2,841,11007,1.6094,0.000355,9
10,A,Noise,0.9,1.1,10,How Curry Can Kill Cancer Cells,1.0,0.9999,0.8222,8218,2,834,11325,1.7481,0.000674,9
10,A,Noise,0.9,1.1,10,Testing Turmeric on Smokers,1.0,1.0,1.0,8191,2,827,10795,1.6094,0.00305,10
10,A,Noise,0.9,1.1,10,Alkylphenol Endocrine Disruptors and Allergies,1.0,1.0,0.9556,9595,3,887,12408,1.4708,0.007999,10
10,A,Noise,0.9,1.1,10,Slowing Cognitive Decline with Berries,1.0,1.0,1.0,8680,3,839,11622,2.164,0.002694,10
10,A,Noise,0.9,1.1,10,What is ‘Meat Glue’?,1.0,1.0,0.9111,7485,2,841,10399,1.8867,0.00092,10
10,A,Noise,0.9,1.1,10,Is Liquid Smoke Safe?,1.0,1.0,1.0,8258,2,838,11326,1.8344,0.002088,10
10,A,Noise,0.9,1.1,10,Does Antioxidant Intake Matter for Stroke and Heart Disease?,1.0,1.0,0.9556,7576,2,847,10947,1.8344,0.003379,10
10,A,Noise,0.9,1.1,10,Does Antioxidant Intake Matter for Cancer?,1.0,1.0,0.9111,9728,3,835,12645,1.6957,0.002855,10
10,A,Noise,0.9,1.1,10,Is buying organic worth it? A review of the science in new DVD,1.0,1.0,1.0,8064,2,839,10831,1.8867,0.003906,10
10,A,Noise,0.9,1.1,10,Orange Aromatherapy for Anxiety,1.0,1.0,0.9556,9067,3,832,11762,2.3026,0.003026,10
10,A,Noise,0.9,1.1,10,Food Manufacturers Get to Decide if Their Own Additives Are Safe,1.0,1.0,0.9556,9728,2,831,12725,1.8344,0.003795,10
10,A,Noise,0.9,1.1,10,Meat Industry Wins Right to Sell Tainted Meat,1.0,0.9999,0.7333,7389,2,842,10228,1.6094,0.000289,10
10,A,Noise,0.9,1.1,10,Chicken Salmonella Outbreaks Show Food Safety Systems Failure,1.0,1.0,1.0,8229,2,841,10900,1.8344,0.000629,10
10,A,Noise,0.9,1.1,10,Viral Food Poisoning from Pesticides?,1.0,1.0,1.0,8586,2,834,11811,1.8867,0.002021,10
10,A,Noise,0.9,1.1,10,The Reversal on Fish Oil,1.0,1.0,0.9111,9530,2,829,12217,2.0253,0.000995,10
10,A,Noise,0.9,1.1,10,Are Multivitamins Just a Waste of Money?,1.0,1.0,0.9556,8446,2,844,11392,2.164,0.00181,10
10,A,Combined,0.9,1.1,10,Breast Cancer Cells Feed on Cholesterol,1.0,1.0,0.9556,17013,21,1437,20854,2.0253,0.003565,10
10,A,Combined,0.9,1.1,10,Using Diet to Treat Asthma and Eczema,1.0,1.0,0.9556,12542,4,1190,15863,1.6957,0.002037,10
10,A,Combined,0.9,1.1,10,Treating Asthma With Plants vs. Pills,1.0,1.0,0.9556,10217,4,1020,13335,2.164,0.000392,10
10,A,Combined,0.9,1.1,10,How Fruits and Vegetables Can Treat Asthma,0.9,0.9433,1.0,8200,3,928,11151,2.164,0.001653,10
10,A,Combined,0.9,1.1,10,How Fruits and Vegetables Can Prevent Asthma,1.0,1.0,0.9556,8138,2,886,11148,1.8867,0.001452,10
10,A,Combined,0.9,1.1,10,Our Tax Dollars Subsidize Unhealthy Foods,1.0,1.0,0.9556,8074,4,864,11054,1.4708,0.002978,10
10,A,Combined,0.9,1.1,10,Reducing Arsenic in Chicken and Rice,1.0,1.0,1.0,8653,3,841,11516,1.8867,0.009306,10
10,A,Combined,0.9,1.1,10,How Contaminated Are Our Children?,0.9,0.9409,1.0,9295,3,846,12157,2.0253,0.000599,10
10,A,Combined,0.9,1.1,10,"Blood Type Diet Perceived as ""Crass Fraud""",1.0,1.0,0.9111,9006,3,851,11952,1.4708,0.00321,10
10,A,Combined,0.9,1.1,10,Why Do Heart Doctors Favor Surgery and Drugs Over Diet?,1.0,1.0,0.9556,8457,2,848,11716,1.6957,0.000842,9
10,A,Combined,0.9,1.1,10,Phytates in Beans: Anti-Nutrient or Anti-Cancer?,1.0,0.9999,0.8667,8589,3,847,11502,1.6957,0.000469,10
10,A,Combined,0.9,1.1,10,How Phytates Fight Cancer Cells,0.9,0.9398,0.8889,9055,3,850,11969,2.0253,0.000308,10
10,A,Combined,0.9,1.1,10,Colon Cancer Prevention: Is it the Fiber or the Phytates?,1.0,1.0,1.0,8667,3,851,11837,1.7481,0.001748,10
10,A,Combined,0.9,1.1,10,Low Carb Diets Found to Feed Heart Disease,1.0,1.0,0.9556,8463,3,833,11202,1.7481,0.000411,9
10,A,Combined,0.9,1.1,10,How Curry Can Kill Cancer Cells,1.0,0.9999,0.8667,7864,2,841,10647,2.0253,0.000605,9
10,A,Combined,0.9,1.1,10,Testing Turmeric on Smokers,1.0,0.9999,0.9111,7356,3,829,10770,1.6094,0.003062,10
10,A,Combined,0.9,1.1,10,Alkylphenol Endocrine Disruptors and Allergies,1.0,1.0,0.9556,9067,3,833,11852,1.4708,0.008292,10
10,A,Combined,0.9,1.1,10,Slowing Cognitive Decline with Berries,1.0,1.0,1.0,8540,3,838,11266,2.164,0.002754,10
10,A,Combined,0.9,1.1,10,What is ‘Meat Glue’?,1.0,0.9999,0.9556,7110,3,836,10517,2.0253,0.000858,10
10,A,Combined,0.9,1.1,10,Is Liquid Smoke Safe?,1.0,1.0,1.0,7789,2,831,10501,1.973,0.001984,10
10,A,Combined,0.9,1.1,10,Does Antioxidant Intake Matter for Stroke and Heart Disease?,1.0,1.0,1.0,8232,3,840,11026,1.8344,0.003361,10
10,A,Combined,0.9,1.1,10,Does Antioxidant Intake Matter for Cancer?,0.9,0.9435,0.9444,7860,3,838,11279,1.8867,0.00271,10
10,A,Combined,0.9,1.1,10,Is buying organic worth it? A review of the science in new DVD,1.0,1.0,1.0,8244,2,831,10932,1.8867,0.00379,10
10,A,Combined,0.9,1.1,10,Orange Aromatherapy for Anxiety,1.0,0.9992,0.9556,7527,2,837,10330,2.0253,0.003114,10
10,A,Combined,0.9,1.1,10,Food Manufacturers Get to Decide if Their Own Additives Are Safe,1.0,1.0,0.9556,7401,3,837,10121,1.973,0.003751,10
10,A,Combined,0.9,1.1,10,Meat Industry Wins Right to Sell Tainted Meat,1.0,0.9995,0.7778,9187,3,835,12116,1.6957,0.000229,10
10,A,Combined,0.9,1.1,10,Chicken Salmonella Outbreaks Show Food Safety Systems Failure,1.0,1.0,1.0,7830,3,838,10550,2.164,0.000724,10
10,A,Combined,0.9,1.1,10,Viral Food Poisoning from Pesticides?,1.0,1.0,1.0,8154,3,833,11067,1.8344,0.001934,9
10,A,Combined,0.9,1.1,10,The Reversal on Fish Oil,1.0,1.0,0.9556,7595,3,831,10395,2.0253,0.00099,10
10,A,Combined,0.9,1.1,10,Are Multivitamins Just a Waste of Money?,1.0,1.0,0.9556,8149,3,842,10908,2.0253,0.001691,10
10,A,Rome,1.0,1.0,10,Breast Cancer Cells Feed on Cholesterol,1.0,1.0,1.0,16830,80,1987,22831,2.0253,0.003559,10
10,A,Rome,1.0,1.0,10,Using Diet to Treat Asthma and Eczema,1.0,1.0,1.0,11816,54,1632,17011,1.8344,0.002109,10
10,A,Rome,1.0,1.0,10,Treating Asthma With Plants vs. Pills,1.0,1.0,1.0,9788,44,1392,14619,2.0253,0.000406,10
10,A,Rome,1.0,1.0,10,How Fruits and Vegetables Can Treat Asthma,1.0,1.0,1.0,9314,39,1268,14225,2.0253,0.001719,10
10,A,Rome,1.0,1.0,10,How Fruits and Vegetables Can Prevent Asthma,1.0,1.0,1.0,9287,40,1191,13372,2.0253,0.001538,10
10,A,Rome,1.0,1.0,10,Our Tax Dollars Subsidize Unhealthy Foods,1.0,1.0,1.0,8826,37,1136,13933,1.6094,0.003116,10
10,A,Rome,1.0,1.0,10,Reducing Arsenic in Chicken and Rice,1.0,1.0,1.0,9032,38,1128,14237,2.0253,0.009455,10
10,A,Rome,1.0,1.0,10,How Contaminated Are Our Children?,1.0,1.0,1.0,8840,38,1129,13224,2.3026,0.000587,10
10,A,Rome,1.0,1.0,10,"Blood Type Diet Perceived as ""Crass Fraud""",1.0,1.0,1.0,9973,38,1129,14555,1.3592,0.003264,10
10,A,Rome,1.0,1.0,10,Why Do Heart Doctors Favor Surgery and Drugs Over Diet?,1.0,1.0,0.9556,9165,38,1155,13744,1.8344,0.000878,9
10,A,Rome,1.0,1.0,10,Phytates in Beans: Anti-Nutrient or Anti-Cancer?,1.0,1.0,1.0,8020,37,1147,11692,2.164,0.000424,10
10,A,Rome,1.0,1.0,10,How Phytates Fight Cancer Cells,1.0,1.0,1.0,8432,38,1138,12221,2.164,0.000335,9
10,A,Rome,1.0,1.0,10,Colon Cancer Prevention: Is it the Fiber or the Phytates?,1.0,1.0,1.0,8461,36,1143,11573,1.6094,0.001848,10
10,A,Rome,1.0,1.0,10,Low Carb Diets Found to Feed Heart Disease,1.0,1.0,0.9556,9300,38,1143,12414,1.973,0.000362,9
10,A,Rome,1.0,1.0,10,How Curry Can Kill Cancer Cells,1.0,1.0,0.9556,8004,35,1135,11292,1.6094,0.000636,9
10,A,Rome,1.0,1.0,10,Testing Turmeric on Smokers,1.0,1.0,1.0,7607,35,1145,10507,1.4185,0.003161,10
10,A,Rome,1.0,1.0,10,Alkylphenol Endocrine Disruptors and Allergies,1.0,1.0,1.0,8080,37,1139,11156,1.4708,0.008035,10
10,A,Rome,1.0,1.0,10,Slowing Cognitive Decline with Berries,1.0,1.0,1.0,8919,36,1129,12145,2.164,0.002724,10
10,A,Rome,1.0,1.0,10,What is ‘Meat Glue’?,1.0,1.0,1.0,9486,38,1140,14022,1.8867,0.000914,10
10,A,Rome,1.0,1.0,10,Is Liquid Smoke Safe?,1.0,1.0,1.0,8762,35,1125,11809,1.8344,0.002074,10
10,A,Rome,1.0,1.0,10,Does Antioxidant Intake Matter for Stroke and Heart Disease?,1.0,1.0,1.0,8335,38,1170,11268,1.8344,0.003368,10
10,A,Rome,1.0,1.0,10,Does Antioxidant Intake Matter for Cancer?,1.0,1.0,1.0,8043,39,1134,13761,1.6957,0.002813,10
10,A,Rome,1.0,1.0,10,Is buying organic worth it? A review of the science in new DVD,1.0,1.0,1.0,8490,40,1139,14136,1.8867,0.003951,10
10,A,Rome,1.0,1.0,10,Orange Aromatherapy for Anxiety,1.0,1.0,1.0,9705,38,1133,14312,1.8867,0.00319,10
10,A,Rome,1.0,1.0,10,Food Manufacturers Get to Decide if Their Own Additives Are Safe,1.0,1.0,1.0,8042,36,1191,11366,1.8344,0.003727,10
10,A,Rome,1.0,1.0,10,Meat Industry Wins Right to Sell Tainted Meat,1.0,1.0,1.0,10568,37,1116,15166,1.7481,0.00028,10
10,A,Rome,1.0,1.0,10,Chicken Salmonella Outbreaks Show Food Safety Systems Failure,1.0,1.0,1.0,7825,36,1120,12193,2.3026,0.000682,10
10,A,Rome,1.0,1.0,10,Viral Food Poisoning from Pesticides?,1.0,1.0,1.0,7759,39,1160,12247,2.0253,0.001973,10
10,A,Rome,1.0,1.0,10,The Reversal on Fish Oil,1.0,1.0,1.0,7487,38,1131,12082,1.8867,0.001024,10
10,A,Rome,1.0,1.0,10,Are Multivitamins Just a Waste of Money?,1.0,1.0,1.0,8504,37,1137,12914,1.8344,0.001774,10
10,A,RomeCombined,0.9,1.1,10,Breast Cancer Cells Feed on Cholesterol,1.0,1.0,1.0,18363,81,1974,24403,2.0253,0.003598,10
10,A,RomeCombined,0.9,1.1,10,Using Diet to Treat Asthma and Eczema,1.0,1.0,0.9556,12395,55,1532,17747,1.6957,0.002043,10
10,A,RomeCombined,0.9,1.1,10,Treating Asthma With Plants vs. Pills,1.0,0.9999,0.9111,10531,46,1384,15593,1.8867,0.000405,10
10,A,RomeCombined,0.9,1.1,10,How Fruits and Vegetables Can Treat Asthma,1.0,0.9999,0.9111,9516,43,1266,14174,2.0253,0.00173,10
10,A,RomeCombined,0.9,1.1,10,How Fruits and Vegetables Can Prevent Asthma,1.0,1.0,0.9556,9269,40,1177,13922,2.0253,0.001585,10
10,A,RomeCombined,0.9,1.1,10,Our Tax Dollars Subsidize Unhealthy Foods,1.0,1.0,0.8667,8680,38,1160,12530,1.4708,0.003135,10
10,A,RomeCombined,0.9,1.1,10,Reducing Arsenic in Chicken and Rice,1.0,1.0,1.0,8916,38,1129,13915,2.0253,0.009049,10
10,A,RomeCombined,0.9,1.1,10,How Contaminated Are Our Children?,0.9,0.9408,0.9444,8197,37,1124,13714,2.164,0.000585,10
10,A,RomeCombined,0.9,1.1,10,"Blood Type Diet Perceived as ""Crass Fraud""",1.0,1.0,0.8667,8109,38,1139,11579,1.4979,0.0032,10
10,A,RomeCombined,0.9,1.1,10,Why Do Heart Doctors Favor Surgery and Drugs Over Diet?,1.0,1.0,0.9556,8923,38,1139,12052,1.8344,0.00086,9
10,A,RomeCombined,0.9,1.1,10,Phytates in Beans: Anti-Nutrient or Anti-Cancer?,1.0,1.0,0.9111,9089,36,1133,14516,1.8867,0.000397,10
10,A,RomeCombined,0.9,1.1,10,How Phytates Fight Cancer Cells,0.9,0.9399,0.9444,8891,38,1137,13432,2.0253,0.000293,10
10,A,RomeCombined,0.9,1.1,10,Colon Cancer Prevention: Is it the Fiber or the Phytates?,0.9,0.9415,0.9444,8136,38,1135,12714,1.7481,0.001711,10
10,A,RomeCombined,0.9,1.1,10,Low Carb Diets Found to Feed Heart Disease,1.0,1.0,0.9111,8542,39,1137,13242,1.8344,0.000353,9
10,A,RomeCombined,0.9,1.1,10,How Curry Can Kill Cancer Cells,1.0,0.9999,0.8222,7129,40,1148,11677,1.7481,0.000639,9
10,A,RomeCombined,0.9,1.1,10,Testing Turmeric on Smokers,0.9,0.9454,0.9444,8525,39,1131,13687,1.4185,0.003077,10
10,A,RomeCombined,0.9,1.1,10,Alkylphenol Endocrine Disruptors and Allergies,0.9,0.9492,0.9444,8209,39,1125,12187,1.4708,0.007974,10
10,A,RomeCombined,0.9,1.1,10,Slowing Cognitive Decline with Berries,1.0,1.0,1.0,9015,39,1137,13373,2.0253,0.002743,10
10,A,RomeCombined,0.9,1.1,10,What is ‘Meat Glue’?,1.0,1.0,0.9556,9268,39,1146,13895,1.8344,0.000926,10
10,A,RomeCombined,0.9,1.1,10,Is Liquid Smoke Safe?,1.0,1.0,1.0,7366,39,1139,12640,1.973,0.002074,10
10,A,RomeCombined,0.9,1.1,10,Does Antioxidant Intake Matter for Stroke and Heart Disease?,1.0,1.0,0.9556,7636,41,1137,11219,1.8344,0.003344,10
10,A,RomeCombined,0.9,1.1,10,Does Antioxidant Intake Matter for Cancer?,1.0,1.0,1.0,8249,36,1136,11737,1.8344,0.002746,10
10,A,RomeCombined,0.9,1.1,10,Is buying organic worth it? A review of the science in new DVD,1.0,1.0,1.0,8431,40,1139,13420,1.6957,0.003924,10
10,A,RomeCombined,0.9,1.1,10,Orange Aromatherapy for Anxiety,1.0,1.0,1.0,8351,39,1135,13526,1.7481,0.003144,10
10,A,RomeCombined,0.9,1.1,10,Food Manufacturers Get to Decide if Their Own Additives Are Safe,1.0,1.0,1.0,8614,39,1135,14160,1.8867,0.003665,10
10,A,RomeCombined,0.9,1.1,10,Meat Industry Wins Right to Sell Tainted Meat,1.0,1.0,0.8667,7561,39,1128,12199,1.8344,0.000259,10
10,A,RomeCombined,0.9,1.1,10,Chicken Salmonella Outbreaks Show Food Safety Systems Failure,1.0,1.0,1.0,8480,39,1135,13059,2.3026,0.000673,10
10,A,RomeCombined,0.9,1.1,10,Viral Food Poisoning from Pesticides?,1.0,1.0,1.0,8678,36,1138,13389,1.973,0.001873,10
10,A,RomeCombined,0.9,1.1,10,The Reversal on Fish Oil,1.0,0.9996,0.9556,8385,38,1138,12995,2.0253,0.00105,10
10,A,RomeCombined,0.9,1.1,10,Are Multivitamins Just a Waste of Money?,1.0,1.0,1.0,8197,36,1077,14328,2.164,0.001695,10
10,A,Romm,1.0,1.0,10,Breast Cancer Cells Feed on Cholesterol,1.0,1.0,1.0,17665,50,1443,22938,2.0253,0.003559,10
10,A,Romm,1.0,1.0,10,Using Diet to Treat Asthma and Eczema,1.0,1.0,1.0,12593,32,1193,17360,1.8344,0.002109,10
10,A,Romm,1.0,1.0,10,Treating Asthma With Plants vs. Pills,1.0,1.0,1.0,10025,26,1031,14636,2.0253,0.000406,10
10,A,Romm,1.0,1.0,10,How Fruits and Vegetables Can Treat Asthma,1.0,1.0,1.0,10757,23,943,14168,2.0253,0.001719,10
10,A,Romm,1.0,1.0,10,How Fruits and Vegetables Can Prevent Asthma,1.0,1.0,1.0,9235,22,880,14197,2.0253,0.001538,10
10,A,Romm,1.0,1.0,10,Our Tax Dollars Subsidize Unhealthy Foods,1.0,1.0,1.0,9851,22,893,13454,1.6094,0.003116,10
10,A,Romm,1.0,1.0,10,Reducing Arsenic in Chicken and Rice,1.0,1.0,1.0,8729,21,843,12752,2.0253,0.009455,10
10,A,Romm,1.0,1.0,10,How Contaminated Are Our Children?,1.0,1.0,1.0,8770,23,840,12185,2.3026,0.000587,10
10,A,Romm,1.0,1.0,10,"Blood Type Diet Perceived as ""Crass Fraud""",1.0,1.0,1.0,8218,20,844,11953,1.3592,0.003264,10
10,A,Romm,1.0,1.0,10,Why Do Heart Doctors Favor Surgery and Drugs Over Diet?,1.0,1.0,1.0,8912,24,836,13091,1.8344,0.000878,9
10,A,Romm,1.0,1.0,10,Phytates in Beans: Anti-Nutrient or Anti-Cancer?,1.0,1.0,1.0,8791,24,844,12791,2.164,0.000424,10
10,A,Romm,1.0,1.0,10,How Phytates Fight Cancer Cells,0.9,0.9399,1.0,8421,24,853,12582,2.164,0.000335,9
10,A,Romm,1.0,1.0,10,Colon Cancer Prevention: Is it the Fiber or the Phytates?,1.0,1.0,1.0,7576,23,838,13130,1.6094,0.001848,10
10,A,Romm,1.0,1.0,10,Low Carb Diets Found to Feed Heart Disease,1.0,1.0,1.0,9295,24,848,15679,1.973,0.000362,9
10,A,Romm,1.0,1.0,10,How Curry Can Kill Cancer Cells,1.0,1.0,1.0,8201,23,834,11138,1.6094,0.000636,9
10,A,Romm,1.0,1.0,10,Testing Turmeric on Smokers,1.0,1.0,1.0,9491,20,840,12057,1.4185,0.003161,10
10,A,Romm,1.0,1.0,10,Alkylphenol Endocrine Disruptors and Allergies,1.0,1.0,1.0,8693,23,845,11443,1.4708,0.008035,10
10,A,Romm,1.0,1.0,10,Slowing Cognitive Decline with Berries,1.0,1.0,1.0,8921,23,842,13003,2.164,0.002724,10
10,A,Romm,1.0,1.0,10,What is ‘Meat Glue’?,1.0,1.0,1.0,7820,23,833,11985,1.8867,0.000914,10
10,A,Romm,1.0,1.0,10,Is Liquid Smoke Safe?,1.0,1.0,1.0,8048,21,838,11723,1.8344,0.002074,10
10,A,Romm,1.0,1.0,10,Does Antioxidant Intake Matter for Stroke and Heart Disease?,1.0,1.0,1.0,8139,22,835,12161,1.8344,0.003368,10
10,A,Romm,1.0,1.0,10,Does Antioxidant Intake Matter for Cancer?,1.0,1.0,1.0,9158,23,834,16612,1.6957,0.002813,10
10,A,Romm,1.0,1.0,10,Is buying organic worth it? A review of the science in new DVD,1.0,1.0,1.0,8533,21,893,11993,1.8867,0.003951,10
10,A,Romm,1.0,1.0,10,Orange Aromatherapy for Anxiety,1.0,1.0,1.0,7409,20,837,10099,1.8867,0.00319,10
10,A,Romm,1.0,1.0,10,Food Manufacturers Get to Decide if Their Own Additives Are Safe,1.0,1.0,1.0,7414,22,843,11266,1.8344,0.003727,10
10,A,Romm,1.0,1.0,10,Meat Industry Wins Right to Sell Tainted Meat,1.0,1.0,1.0,7856,21,820,10937,1.7481,0.00028,10
10,A,Romm,1.0,1.0,10,Chicken Salmonella Outbreaks Show Food Safety Systems Failure,1.0,1.0,1.0,9969,23,811,13372,2.3026,0.000682,10
10,A,Romm,1.0,1.0,10,Viral Food Poisoning from Pesticides?,1.0,1.0,1.0,9121,23,840,13237,2.0253,0.001973,10
10,A,Romm,1.0,1.0,10,The Reversal on Fish Oil,1.0,1.0,1.0,8172,23,836,13766,1.8867,0.001024,10
10,A,Romm,1.0,1.0,10,Are Multivitamins Just a Waste of Money?,1.0,1.0,1.0,8861,20,825,13842,1.8344,0.001774,10
10,A,RommCombined,0.9,1.1,10,Breast Cancer Cells Feed on Cholesterol,1.0,1.0,1.0,16545,53,1440,21902,1.973,0.003583,10
10,A,RommCombined,0.9,1.1,10,Using Diet to Treat Asthma and Eczema,1.0,1.0,1.0,11714,32,1196,16425,1.8344,0.002132,10
10,A,RommCombined,0.9,1.1,10,Treating Asthma With Plants vs. Pills,1.0,0.9999,0.9111,10227,27,1018,14710,2.0253,0.000394,10
10,A,RommCombined,0.9,1.1,10,How Fruits and Vegetables Can Treat Asthma,1.0,1.0,1.0,8734,25,908,13678,2.0253,0.001668,10
10,A,RommCombined,0.9,1.1,10,How Fruits and Vegetables Can Prevent Asthma,1.0,1.0,1.0,11334,25,853,16238,1.8867,0.001546,10
10,A,RommCombined,0.9,1.1,10,Our Tax Dollars Subsidize Unhealthy Foods,1.0,1.0,0.9556,8499,24,839,12175,1.7481,0.003101,10
10,A,RommCombined,0.9,1.1,10,Reducing Arsenic in Chicken and Rice,1.0,1.0,1.0,8725,24,848,11552,2.0253,0.009432,10
10,A,RommCombined,0.9,1.1,10,How Contaminated Are Our Children?,1.0,1.0,1.0,7974,25,851,10720,2.164,0.00056,10
10,A,RommCombined,0.9,1.1,10,"Blood Type Diet Perceived as ""Crass Fraud""",0.9,0.9444,1.0,7833,20,843,10982,1.6094,0.003145,10
10,A,RommCombined,0.9,1.1,10,Why Do Heart Doctors Favor Surgery and Drugs Over Diet?,1.0,1.0,0.9111,8780,23,846,11497,1.8344,0.000864,9
10,A,RommCombined,0.9,1.1,10,Phytates in Beans: Anti-Nutrient or Anti-Cancer?,1.0,1.0,0.9111,9033,21,835,11647,2.0253,0.000424,10
10,A,RommCombined,0.9,1.1,10,How Phytates Fight Cancer Cells,1.0,0.9999,0.9111,8011,22,834,10508,1.8867,0.000293,9
10,A,RommCombined,0.9,1.1,10,Colon Cancer Prevention: Is it the Fiber or the Phytates?,1.0,1.0,0.9111,8113,23,838,10733,1.7481,0.001821,10
10,A,RommCombined,0.9,1.1,10,Low Carb Diets Found to Feed Heart Disease,1.0,1.0,0.8667,7771,22,841,10817,1.7481,0.000383,9
10,A,RommCombined,0.9,1.1,10,How Curry Can Kill Cancer Cells,1.0,0.9999,0.9111,9516,22,878,13060,1.7481,0.0006,9
10,A,RommCombined,0.9,1.1,10,Testing Turmeric on Smokers,1.0,1.0,1.0,8587,21,827,11861,1.4185,0.003026,10
10,A,RommCombined,0.9,1.1,10,Alkylphenol Endocrine Disruptors and Allergies,1.0,1.0,1.0,8998,25,832,11711,1.4708,0.00798,9
10,A,RommCombined,0.9,1.1,10,Slowing Cognitive Decline with Berries,1.0,1.0,1.0,7894,25,842,12661,2.164,0.002659,10
10,A,RommCombined,0.9,1.1,10,What is ‘Meat Glue’?,1.0,1.0,0.9556,8368,21,781,12366,1.8867,0.000966,10
10,A,RommCombined,0.9,1.1,10,Is Liquid Smoke Safe?,1.0,1.0,1.0,7944,24,867,11436,1.8344,0.002053,10
10,A,RommCombined,0.9,1.1,10,Does Antioxidant Intake Matter for Stroke and Heart Disease?,1.0,1.0,1.0,8136,24,853,11692,1.973,0.003466,9
10,A,RommCombined,0.9,1.1,10,Does Antioxidant Intake Matter for Cancer?,1.0,1.0,1.0,8049,22,828,12252,1.8344,0.002679,10
10,A,RommCombined,0.9,1.1,10,Is buying organic worth it? A review of the science in new DVD,1.0,0.9999,0.9111,8726,24,840,12616,1.8867,0.003982,10
10,A,RommCombined,0.9,1.1,10,Orange Aromatherapy for Anxiety,1.0,1.0,1.0,8111,24,839,12225,2.0253,0.003103,10
10,A,RommCombined,0.9,1.1,10,Food Manufacturers Get to Decide if Their Own Additives Are Safe,1.0,1.0,0.9556,8057,26,840,12092,1.8344,0.003762,10
10,A,RommCombined,0.9,1.1,10,Meat Industry Wins Right to Sell Tainted Meat,1.0,1.0,1.0,7654,23,827,11634,1.973,0.000318,10
10,A,RommCombined,0.9,1.1,10,Chicken Salmonella Outbreaks Show Food Safety Systems Failure,1.0,1.0,1.0,7812,27,845,11891,2.164,0.000673,10
10,A,RommCombined,0.9,1.1,10,Viral Food Poisoning from Pesticides?,1.0,1.0,1.0,9291,36,842,12362,1.8867,0.002027,10
10,A,RommCombined,0.9,1.1,10,The Reversal on Fish Oil,0.9,0.9403,1.0,7190,19,811,10598,2.164,0.000986,10
10,A,RommCombined,0.9,1.1,10,Are Multivitamins Just a Waste of Money?,1.0,1.0,1.0,7939,27,864,11031,2.0253,0.001846,10
10,A,Diehard,1.0,1.0,10,Breast Cancer Cells Feed on Cholesterol,1.0,1.0,1.0,10740,42,667,14215,2.0253,0.003559,10
10,A,Diehard,1.0,1.0,10,Using Diet to Treat Asthma and Eczema,1.0,1.0,1.0,9418,28,599,13077,1.8344,0.002109,10
10,A,Diehard,1.0,1.0,10,Treating Asthma With Plants vs. Pills,1.0,1.0,1.0,10835,34,694,15087,2.0253,0.000406,10
10,A,Diehard,1.0,1.0,10,How Fruits and Vegetables Can Treat Asthma,1.0,1.0,1.0,8997,30,705,12270,2.0253,0.001719,10
10,A,Diehard,1.0,1.0,10,How Fruits and Vegetables Can Prevent Asthma,1.0,1.0,1.0,8807,28,622,12314,2.0253,0.001538,10
10,A,Diehard,1.0,1.0,10,Our Tax Dollars Subsidize Unhealthy Foods,1.0,1.0,1.0,6970,28,610,10869,1.6094,0.003116,10
10,A,Diehard,1.0,1.0,10,Reducing Arsenic in Chicken and Rice,1.0,1.0,1.0,9503,28,601,12835,2.0253,0.009455,10
10,A,Diehard,1.0,1.0,10,How Contaminated Are Our Children?,1.0,1.0,1.0,7827,29,624,11028,2.3026,0.000587,10
10,A,Diehard,1.0,1.0,10,"Blood Type Diet Perceived as ""Crass Fraud""",1.0,1.0,1.0,7981,28,618,11501,1.3592,0.003264,10
10,A,Diehard,1.0,1.0,10,Why Do Heart Doctors Favor Surgery and Drugs Over Diet?,1.0,1.0,1.0,8040,27,703,11416,1.8344,0.000878,9
10,A,Diehard,1.0,1.0,10,Phytates in Beans: Anti-Nutrient or Anti-Cancer?,1.0,1.0,1.0,8979,28,574,12259,2.164,0.000424,10
10,A,Diehard,1.0,1.0,10,How Phytates Fight Cancer Cells,1.0,1.0,1.0,9591,27,614,12985,2.164,0.000335,9
10,A,Diehard,1.0,1.0,10,Colon Cancer Prevention: Is it the Fiber or the Phytates?,1.0,1.0,1.0,8919,28,624,12036,1.6094,0.001848,10
10,A,Diehard,1.0,1.0,10,Low Carb Diets Found to Feed Heart Disease,1.0,1.0,1.0,8303,27,593,11555,1.973,0.000362,9
10,A,Diehard,1.0,1.0,10,How Curry Can Kill Cancer Cells,1.0,1.0,1.0,8694,28,665,12254,1.6094,0.000636,9
10,A,Diehard,1.0,1.0,10,Testing Turmeric on Smokers,1.0,1.0,1.0,8205,27,605,11676,1.4185,0.003161,10
10,A,Diehard,1.0,1.0,10,Alkylphenol Endocrine Disruptors and Allergies,1.0,1.0,1.0,9043,27,569,12509,1.4708,0.008035,10
10,A,Diehard,1.0,1.0,10,Slowing Cognitive Decline with Berries,1.0,1.0,1.0,7299,28,636,10536,2.164,0.002724,10
10,A,Diehard,1.0,1.0,10,What is ‘Meat Glue’?,1.0,1.0,1.0,8245,28,619,11822,1.8867,0.000914,10
10,A,Diehard,1.0,1.0,10,Is Liquid Smoke Safe?,1.0,1.0,1.0,7994,27,581,11735,1.8344,0.002074,10
10,A,Diehard,1.0,1.0,10,Does Antioxidant Intake Matter for Stroke and Heart Disease?,1.0,1.0,1.0,9374,28,683,12779,1.8344,0.003368,10
10,A,Diehard,1.0,1.0,10,Does Antioxidant Intake Matter for Cancer?,1.0,1.0,1.0,8766,28,588,11975,1.6957,0.002813,10
10,A,Diehard,1.0,1.0,10,Is buying organic worth it? A review of the science in new DVD,1.0,1.0,1.0,9345,29,613,12815,1.8867,0.003951,10
10,A,Diehard,1.0,1.0,10,Orange Aromatherapy for Anxiety,1.0,1.0,1.0,8665,27,628,12461,1.8867,0.00319,10
10,A,Diehard,1.0,1.0,10,Food Manufacturers Get to Decide if Their Own Additives Are Safe,1.0,1.0,1.0,7928,28,604,11310,1.8344,0.003727,10
10,A,Diehard,1.0,1.0,10,Meat Industry Wins Right to Sell Tainted Meat,1.0,1.0,1.0,8232,28,622,11729,1.7481,0.00028,10
10,A,Diehard,1.0,1.0,10,Chicken Salmonella Outbreaks Show Food Safety Systems Failure,1.0,1.0,1.0,8678,27,612,12305,2.3026,0.000682,10
10,A,Diehard,1.0,1.0,10,Viral Food Poisoning from Pesticides?,1.0,1.0,1.0,8191,27,590,11518,2.0253,0.001973,10
10,A,Diehard,1.0,1.0,10,The Reversal on Fish Oil,1.0,1.0,1.0,7764,27,602,11225,1.8867,0.001024,10
10,A,Diehard,1.0,1.0,10,Are Multivitamins Just a Waste of Money?,1.0,1.0,1.0,7803,28,636,10498,1.8344,0.001774,10
10,A,DiehardCombined,0.9,1.1,10,Breast Cancer Cells Feed on Cholesterol,0.9,0.928,0.6111,11856,130,610,15481,1.6957,4.8e-05,9
10,A,DiehardCombined,0.9,1.1,10,Using Diet to Treat Asthma and Eczema,0.8,0.8696,0.7857,9939,32,695,13595,1.6094,1.7e-05,9
10,A,DiehardCombined,0.9,1.1,10,Treating Asthma With Plants vs. Pills,0.9,0.9369,0.7222,9175,29,673,12931,2.164,3e-06,10
10,A,DiehardCombined,0.9,1.1,10,How Fruits and Vegetables Can Treat Asthma,0.9,0.9314,0.6667,8443,30,620,11662,1.7481,1.3e-05,9
10,A,DiehardCombined,0.9,1.1,10,How Fruits and Vegetables Can Prevent Asthma,1.0,0.9969,0.2889,7929,37,648,11351,2.0253,9e-06,8
10,A,DiehardCombined,0.9,1.1,10,Our Tax Dollars Subsidize Unhealthy Foods,0.7,0.8171,0.7143,7556,29,613,11361,1.7481,5.7e-05,10
10,A,DiehardCombined,0.9,1.1,10,Reducing Arsenic in Chicken and Rice,1.0,0.9993,0.8667,9195,29,596,12672,2.164,3.9e-05,10
10,A,DiehardCombined,0.9,1.1,10,How Contaminated Are Our Children?,0.8,0.8297,0.0714,7688,29,606,11073,1.6094,9e-06,10
10,A,DiehardCombined,0.9,1.1,10,"Blood Type Diet Perceived as ""Crass Fraud""",0.7,0.8071,0.8095,8559,32,619,12071,1.5048,2.1e-05,10
10,A,DiehardCombined,0.9,1.1,10,Why Do Heart Doctors Favor Surgery and Drugs Over Diet?,0.9,0.9322,0.7222,7783,28,656,11238,1.6957,9e-06,9
10,A,DiehardCombined,0.9,1.1,10,Phytates in Beans: Anti-Nutrient or Anti-Cancer?,0.8,0.8525,0.5,7958,28,642,11388,2.0253,4e-06,10
10,A,DiehardCombined,0.9,1.1,10,How Phytates Fight Cancer Cells,0.6,0.7131,0.3333,6654,34,636,9624,2.0253,7e-06,10
10,A,DiehardCombined,0.9,1.1,10,Colon Cancer Prevention: Is it the Fiber or the Phytates?,0.8,0.8491,0.5714,8209,28,613,12393,2.0253,2.1e-05,9
10,A,DiehardCombined,0.9,1.1,10,Low Carb Diets Found to Feed Heart Disease,0.7,0.7864,0.9048,7553,29,616,10932,2.0253,9e-06,10
10,A,DiehardCombined,0.9,1.1,10,How Curry Can Kill Cancer Cells,0.8,0.853,0.3571,7403,29,680,10694,1.8867,9e-06,10
10,A,DiehardCombined,0.9,1.1,10,Testing Turmeric on Smokers,0.7,0.7937,0.7143,8282,29,600,12121,1.8344,3.7e-05,9
10,A,DiehardCombined,0.9,1.1,10,Alkylphenol Endocrine Disruptors and Allergies,0.9,0.9453,0.4444,8003,28,599,11388,1.6957,5.9e-05,9
10,A,DiehardCombined,0.9,1.1,10,Slowing Cognitive Decline with Berries,0.9,0.9403,0.5556,7811,29,610,11230,1.8867,2.2e-05,10
10,A,DiehardCombined,0.9,1.1,10,What is ‘Meat Glue’?,0.9,0.9385,0.6667,7487,28,607,11298,2.164,1.1e-05,10
10,A,DiehardCombined,0.9,1.1,10,Is Liquid Smoke Safe?,0.9,0.9311,0.3889,8059,28,618,10828,1.8344,2.2e-05,10
10,A,DiehardCombined,0.9,1.1,10,Does Antioxidant Intake Matter for Stroke and Heart Disease?,0.7,0.7995,0.9048,8162,29,581,10374,1.4979,4.7e-05,8
10,A,DiehardCombined,0.9,1.1,10,Does Antioxidant Intake Matter for Cancer?,0.7,0.8029,0.619,7727,29,623,11622,1.7481,3.3e-05,9
10,A,DiehardCombined,0.9,1.1,10,Is buying organic worth it? A review of the science in new DVD,1.0,0.9995,0.7778,8854,29,691,12150,1.6957,3.4e-05,9
10,A,DiehardCombined,0.9,1.1,10,Orange Aromatherapy for Anxiety,1.0,0.9988,0.9111,8468,29,608,11725,2.0253,3.2e-05,10
10,A,DiehardCombined,0.9,1.1,10,Food Manufacturers Get to Decide if Their Own Additives Are Safe,0.8,0.8666,0.6429,8170,28,604,11943,1.6957,3.4e-05,10
10,A,DiehardCombined,0.9,1.1,10,Meat Industry Wins Right to Sell Tainted Meat,0.7,0.7792,0.619,7959,29,612,11220,1.973,3e-06,9
10,A,DiehardCombined,0.9,1.1,10,Chicken Salmonella Outbreaks Show Food Safety Systems Failure,0.9,0.9271,0.3333,8881,29,672,12157,1.973,8e-06,9
10,A,DiehardCombined,0.9,1.1,10,Viral Food Poisoning from Pesticides?,0.5,0.6631,0.4,8691,28,614,12146,1.8344,2e-05,9
10,A,DiehardCombined,0.9,1.1,10,The Reversal on Fish Oil,0.8,0.8533,0.5,6829,28,606,10086,1.8867,3e-06,8
10,A,DiehardCombined,0.9,1.1,10,Are Multivitamins Just a Waste of Money?,1.0,0.998,0.7778,7940,29,601,11342,2.0253,7e-06,9
10,A,Ckks,1.0,1.0,10,Breast Cancer Cells Feed on Cholesterol,1.0,1.0,1.0,18737,7863,4187310,4218495,2.0253,0.003559,10
10,A,Ckks,1.0,1.0,10,Using Diet to Treat Asthma and Eczema,1.0,1.0,1.0,9298,4288,4191538,4207886,1.8344,0.002109,10
10,A,Ckks,1.0,1.0,10,Treating Asthma With Plants vs. Pills,1.0,1.0,1.0,10130,3245,4192632,4209664,2.0253,0.000406,10
10,A,Ckks,1.0,1.0,10,How Fruits and Vegetables Can Treat Asthma,1.0,1.0,1.0,9483,4245,4237807,4253693,2.0253,0.001719,10
10,A,Ckks,1.0,1.0,10,How Fruits and Vegetables Can Prevent Asthma,1.0,1.0,1.0,9644,4341,4265629,4283009,2.0253,0.001538,10
10,A,Ckks,1.0,1.0,10,Our Tax Dollars Subsidize Unhealthy Foods,1.0,1.0,1.0,8453,3855,4267571,4284327,1.6094,0.003116,10
10,A,Ckks,1.0,1.0,10,Reducing Arsenic in Chicken and Rice,1.0,1.0,1.0,8744,4084,4290223,4306722,2.0253,0.009455,10
10,A,Ckks,1.0,1.0,10,How Contaminated Are Our Children?,1.0,1.0,1.0,8418,3987,4272459,4288276,2.3026,0.000587,10
10,A,Ckks,1.0,1.0,10,"Blood Type Diet Perceived as ""Crass Fraud""",1.0,1.0,1.0,10241,4230,4315724,4334241,1.3592,0.003264,10
10,A,Ckks,1.0,1.0,10,Why Do Heart Doctors Favor Surgery and Drugs Over Diet?,1.0,1.0,1.0,10147,4316,4331932,4351185,1.8344,0.000878,9
10,A,Ckks,1.0,1.0,10,Phytates in Beans: Anti-Nutrient or Anti-Cancer?,1.0,1.0,1.0,8018,4012,4332599,4347824,2.164,0.000424,10
10,A,Ckks,1.0,1.0,10,How Phytates Fight Cancer Cells,1.0,1.0,1.0,10000,4051,4345059,4362774,2.164,0.000335,9
10,A,Ckks,1.0,1.0,10,Colon Cancer Prevention: Is it the Fiber or the Phytates?,1.0,1.0,1.0,8345,4400,4349919,4367143,1.6094,0.001848,10
10,A,Ckks,1.0,1.0,10,Low Carb Diets Found to Feed Heart Disease,1.0,1.0,1.0,7901,4356,4371585,4386604,1.973,0.000362,9
10,A,Ckks,1.0,1.0,10,How Curry Can Kill Cancer Cells,1.0,1.0,1.0,9268,4231,4356469,4373774,1.6094,0.000636,9
10,A,Ckks,1.0,1.0,10,Testing Turmeric on Smokers,1.0,1.0,1.0,8762,4325,4359308,4376236,1.4185,0.003161,10
10,A,Ckks,1.0,1.0,10,Alkylphenol Endocrine Disruptors and Allergies,1.0,1.0,1.0,8750,4000,4356092,4372665,1.4708,0.008035,10
10,A,Ckks,1.0,1.0,10,Slowing Cognitive Decline with Berries,1.0,1.0,1.0,9980,4327,4351964,4369915,2.164,0.002724,10
10,A,Ckks,1.0,1.0,10,What is ‘Meat Glue’?,1.0,1.0,1.0,9525,4522,4363825,4381658,1.8867,0.000914,10
10,A,Ckks,1.0,1.0,10,Is Liquid Smoke Safe?,1.0,1.0,1.0,8431,4372,4360875,4377672,1.8344,0.002074,10
10,A,Ckks,1.0,1.0,10,Does Antioxidant Intake Matter for Stroke and Heart Disease?,1.0,1.0,1.0,9350,4326,4360523,4378047,1.8344,0.003368,10
10,A,Ckks,1.0,1.0,10,Does Antioxidant Intake Matter for Cancer?,1.0,1.0,1.0,9161,3865,4328759,4345874,1.6957,0.002813,10
10,A,Ckks,1.0,1.0,10,Is buying organic worth it? A review of the science in new DVD,1.0,1.0,1.0,8843,4099,4341705,4358143,1.8867,0.003951,10
10,A,Ckks,1.0,1.0,10,Orange Aromatherapy for Anxiety,1.0,1.0,1.0,9036,4314,4340058,4357294,1.8867,0.00319,10
10,A,Ckks,1.0,1.0,10,Food Manufacturers Get to Decide if Their Own Additives Are Safe,1.0,1.0,1.0,8569,4067,4329858,4346725,1.8344,0.003727,10
10,A,Ckks,1.0,1.0,10,Meat Industry Wins Right to Sell Tainted Meat,1.0,1.0,1.0,9401,4044,4321453,4339141,1.7481,0.00028,10
10,A,Ckks,1.0,1.0,10,Chicken Salmonella Outbreaks Show Food Safety Systems Failure,1.0,1.0,1.0,8423,4357,4326022,4342266,2.3026,0.000682,10
10,A,Ckks,1.0,1.0,10,Viral Food Poisoning from Pesticides?,1.0,1.0,1.0,9542,4289,4315614,4332675,2.0253,0.001973,10
10,A,Ckks,1.0,1.0,10,The Reversal on Fish Oil,1.0,1.0,1.0,8793,4157,4321817,4338233,1.8867,0.001024,10
10,A,Ckks,1.0,1.0,10,Are Multivitamins Just a Waste of Money?,1.0,1.0,1.0,8949,4301,4303884,4319450,1.8344,0.001774,10
10,A,CkksCombined,0.9,1.1,10,Breast Cancer Cells Feed on Cholesterol,1.0,1.0,1.0,19138,7608,4154146,4183237,2.0253,0.003464,10
10,A,CkksCombined,0.9,1.1,10,Using Diet to Treat Asthma and Eczema,1.0,1.0,0.9111,8540,4372,4170673,4187676,1.973,0.002098,10
10,A,CkksCombined,0.9,1.1,10,Treating Asthma With Plants vs. Pills,1.0,1.0,0.9111,9733,4324,4150416,4167831,2.0253,0.000372,10
10,A,CkksCombined,0.9,1.1,10,How Fruits and Vegetables Can Treat Asthma,1.0,1.0,1.0,10023,4388,4152902,4171043,2.0253,0.001717,10
10,A,CkksCombined,0.9,1.1,10,How Fruits and Vegetables Can Prevent Asthma,1.0,0.9997,0.9111,10001,4299,4148052,4165802,2.0253,0.001527,10
10,A,CkksCombined,0.9,1.1,10,Our Tax Dollars Subsidize Unhealthy Foods,1.0,1.0,0.9556,9659,4332,4148323,4165777,1.7481,0.003108,10
10,A,CkksCombined,0.9,1.1,10,Reducing Arsenic in Chicken and Rice,1.0,1.0,1.0,8401,4339,4148514,4164771,2.0253,0.009452,10
10,A,CkksCombined,0.9,1.1,10,How Contaminated Are Our Children?,1.0,1.0,1.0,8757,4317,4149338,4166065,2.0253,0.000607,10
10,A,CkksCombined,0.9,1.1,10,"Blood Type Diet Perceived as ""Crass Fraud""",1.0,1.0,1.0,9415,3993,4146312,4162717,1.4708,0.003234,10
10,A,CkksCombined,0.9,1.1,10,Why Do Heart Doctors Favor Surgery and Drugs Over Diet?,1.0,1.0,0.9556,8514,4232,4154760,4171243,1.8344,0.000795,9
10,A,CkksCombined,0.9,1.1,10,Phytates in Beans: Anti-Nutrient or Anti-Cancer?,1.0,1.0,1.0,9755,4046,4186760,4203959,1.973,0.000463,10
10,A,CkksCombined,0.9,1.1,10,How Phytates Fight Cancer Cells,0.9,0.9399,1.0,9088,4301,4196030,4213288,2.3026,0.000301,10
10,A,CkksCombined,0.9,1.1,10,Colon Cancer Prevention: Is it the Fiber or the Phytates?,1.0,1.0,0.7778,8857,4136,4207134,4223993,1.7481,0.001945,10
10,A,CkksCombined,0.9,1.1,10,Low Carb Diets Found to Feed Heart Disease,1.0,0.9999,0.8222,9820,4138,4217263,4234055,1.8344,0.000349,9
10,A,CkksCombined,0.9,1.1,10,How Curry Can Kill Cancer Cells,1.0,1.0,0.9111,9921,4307,4247401,4265302,1.8344,0.000638,9
10,A,CkksCombined,0.9,1.1,10,Testing Turmeric on Smokers,1.0,1.0,0.9556,9175,4248,4259352,4276998,1.6094,0.003139,10
10,A,CkksCombined,0.9,1.1,10,Alkylphenol Endocrine Disruptors and Allergies,1.0,0.9999,0.9556,8653,4287,4264749,4283338,1.4708,0.007763,10
10,A,CkksCombined,0.9,1.1,10,Slowing Cognitive Decline with Berries,1.0,1.0,1.0,8513,4304,4287120,4304595,2.164,0.002721,10
10,A,CkksCombined,0.9,1.1,10,What is ‘Meat Glue’?,1.0,1.0,0.9556,10009,4153,4290268,4308143,1.8867,0.000933,10
10,A,CkksCombined,0.9,1.1,10,Is Liquid Smoke Safe?,1.0,1.0,1.0,8424,4357,4302434,4318247,2.164,0.001995,10
10,A,CkksCombined,0.9,1.1,10,Does Antioxidant Intake Matter for Stroke and Heart Disease?,1.0,1.0,0.9556,8581,4234,4315045,4331674,1.8344,0.003352,10
10,A,CkksCombined,0.9,1.1,10,Does Antioxidant Intake Matter for Cancer?,0.9,0.941,0.8889,9491,4130,4319771,4335554,1.6957,0.002921,10
10,A,CkksCombined,0.9,1.1,10,Is buying organic worth it? A review of the science in new DVD,1.0,1.0,1.0,9404,4454,4340103,4358119,1.8867,0.003906,10
10,A,CkksCombined,0.9,1.1,10,Orange Aromatherapy for Anxiety,1.0,1.0,0.9556,8838,4378,4349512,4366508,1.8867,0.00329,10
10,A,CkksCombined,0.9,1.1,10,Food Manufacturers Get to Decide if Their Own Additives Are Safe,1.0,1.0,0.9556,8553,4344,4343378,4360060,1.8344,0.003821,10
10,A,CkksCombined,0.9,1.1,10,Meat Industry Wins Right to Sell Tainted Meat,1.0,1.0,0.9556,8602,4064,4345617,4362030,1.8344,0.00028,10
10,A,CkksCombined,0.9,1.1,10,Chicken Salmonella Outbreaks Show Food Safety Systems Failure,1.0,1.0,1.0,8991,4350,4356503,4373790,2.164,0.000643,10
10,A,CkksCombined,0.9,1.1,10,Viral Food Poisoning from Pesticides?,1.0,1.0,1.0,10045,4013,4356092,4373255,1.8867,0.001981,10
10,A,CkksCombined,0.9,1.1,10,The Reversal on Fish Oil,0.9,0.9403,0.9444,8942,4431,4361232,4378373,2.0253,0.000989,10
10,A,CkksCombined,0.9,1.1,10,Are Multivitamins Just a Waste of Money?,1.0,1.0,1.0,9765,4177,4333277,4350275,1.8344,0.001786,10
